0
SECTION
2
HEADER
9
$ACADVER
1
AC1006
9
$INSBASE
10
0.0
20
0.0
30
0.0
9
$EXTMIN
10
-104.25365853658536
20
-104.25365853658536
9
$EXTMAX
10
104.25365853658536
20
116.93658536585366
0
ENDSEC
0
SECTION
2
TABLES
0
TABLE
2
LTYPE
70
1
0
LTYPE
2
CONTINUOUS
70
64
3
Solid line
72
65
73
0
40
0.0
0
ENDTAB
0
TABLE
2
LAYER
70
3
0
LAYER
2
0
70
0
62
255
6
continuous
0
LAYER
2
0
70
0
62
7
6
continuous
0
LAYER
2
L2
70
0
62
7
6
continuous
0
ENDTAB
0
TABLE
2
STYLE
70
2
0
STYLE
2
STANDARD
70
0
40
0
41
1
50
0
71
0
42
1
3
ARIAL.TTF
4

0
STYLE
2
STANDARD
70
0
40
0
41
1
50
0
71
0
42
1
3
ARIAL.TTF
4

0
ENDTAB
0
TABLE
2
VIEW
70
1
0
VIEW
2
Normal
70
0
40
1
10
0.5
20
0.5
41
1
11
0
21
0
31
1
12
0
22
0
32
0
42
50
43
0
44
0
50
0
71
0
0
ENDTAB
0
ENDSEC
0
SECTION
2
BLOCKS
0
BLOCK
8
0
2
cutlineendpoint
70
0
10
0
20
0
30
0
3
cutlineendpoint
0
POLYLINE
8
0
66
1
70
1
40
0.04
41
0.04
0
VERTEX
8
0
10
-0.02
20
0
30
0
42
1.0
0
VERTEX
8
0
10
0.02
20
0
30
0
42
1.0
0
SEQEND
0
ENDBLK
0
BLOCK
8
L2
2
LDI_XFB44-1600-011_L2_B1
70
0
10
0
20
0
30
0
3
LDI_XFB44-1600-011_L2_B1
0
POLYLINE
8
L2
66
1
70
1
0
VERTEX
8
L2
10
-57.00815354569746
20
-55.87552804210398
0
VERTEX
8
L2
10
-57.27800184915087
20
-55.87552804210398
0
VERTEX
8
L2
10
-57.27800184915087
20
-55.097560975609746
0
VERTEX
8
L2
10
-57.14019579494998
20
-55.097560975609746
0
VERTEX
8
L2
10
-57.14019579494998
20
-55.1219512195122
0
VERTEX
8
L2
10
-57.018244575437784
20
-55.1219512195122
0
VERTEX
8
L2
10
-57.018244575437784
20
-54.99999999999999
0
VERTEX
8
L2
10
-57.37556282476063
20
-54.99999999999999
0
VERTEX
8
L2
10
-57.37556282476063
20
-55.97308901771374
0
VERTEX
8
L2
10
-56.9105925700877
20
-55.97308901771374
0
VERTEX
8
L2
10
-56.9105925700877
20
-55.243902439024396
0
VERTEX
8
L2
10
-57.0325437895999
20
-55.243902439024396
0
VERTEX
8
L2
10
-57.0325437895999
20
-55.365853658536594
0
VERTEX
8
L2
10
-57.00815354569746
20
-55.365853658536594
0
VERTEX
8
L2
10
-57.00815354569746
20
-55.87552804210398
0
SEQEND
0
POLYLINE
8
L2
66
1
70
1
0
VERTEX
8
L2
10
-54.262243229440244
20
-57.6829268292683
0
VERTEX
8
L2
10
-53.84394937036131
20
-57.6829268292683
0
VERTEX
8
L2
10
-53.84394937036131
20
-56.52475264795704
0
VERTEX
8
L2
10
-54.369895234790334
20
-56.52475264795704
0
VERTEX
8
L2
10
-54.369895234790334
20
-57.4390243902439
0
VERTEX
8
L2
10
-54.24794401527814
20
-57.4390243902439
0
VERTEX
8
L2
10
-54.24794401527814
20
-57.31707317073171
0
VERTEX
8
L2
10
-54.27233425918058
20
-57.31707317073171
0
VERTEX
8
L2
10
-54.27233425918058
20
-56.62231362356679
0
VERTEX
8
L2
10
-53.94151034597107
20
-56.62231362356679
0
VERTEX
8
L2
10
-53.94151034597107
20
-57.58536585365854
0
VERTEX
8
L2
10
-54.140292009928054
20
-57.58536585365854
0
VERTEX
8
L2
10
-54.140292009928054
20
-57.5609756097561
0
VERTEX
8
L2
10
-54.262243229440244
20
-57.5609756097561
0
VERTEX
8
L2
10
-54.262243229440244
20
-57.6829268292683
0
SEQEND
0
POLYLINE
8
L2
66
1
70
1
0
VERTEX
8
L2
10
-57.37428576992985
20
-56.376771725657036
0
VERTEX
8
L2
10
-57.338977458906975
20
-56.39139690694721
0
VERTEX
8
L2
10
-57.303669147884094
20
-56.376771725657036
0
VERTEX
8
L2
10
-57.28904396659392
20
-56.341463414634156
0
VERTEX
8
L2
10
-57.30366914788408
20
-56.30615510361126
0
VERTEX
8
L2
10
-57.338977458906975
20
-56.291529922321104
0
VERTEX
8
L2
10
-57.37428576992985
20
-56.30615510361126
0
VERTEX
8
L2
10
-57.38891095122002
20
-56.341463414634156
0
VERTEX
8
L2
10
-57.37428576992985
20
-56.376771725657036
0
SEQEND
0
POLYLINE
8
L2
66
1
70
1
0
VERTEX
8
L2
10
-56.69693861338668
20
-56.10723535917715
0
VERTEX
8
L2
10
-55.69244717051393
20
-56.10723535917715
0
VERTEX
8
L2
10
-55.69244717051393
20
-55.243902439024396
0
VERTEX
8
L2
10
-55.81439839002613
20
-55.243902439024396
0
VERTEX
8
L2
10
-55.81439839002613
20
-55.365853658536594
0
VERTEX
8
L2
10
-55.79000814612369
20
-55.365853658536594
0
VERTEX
8
L2
10
-55.79000814612369
20
-56.0096743835674
0
VERTEX
8
L2
10
-56.59937763777692
20
-56.0096743835674
0
VERTEX
8
L2
10
-56.59937763777691
20
-55.097560975609746
0
VERTEX
8
L2
10
-56.14156259049817
20
-55.097560975609746
0
VERTEX
8
L2
10
-56.14156259049817
20
-55.1219512195122
0
VERTEX
8
L2
10
-56.01961137098597
20
-55.1219512195122
0
VERTEX
8
L2
10
-56.01961137098597
20
-54.99999999999999
0
VERTEX
8
L2
10
-56.69693861338666
20
-54.99999999999999
0
VERTEX
8
L2
10
-56.69693861338668
20
-56.10723535917715
0
SEQEND
0
POLYLINE
8
L2
66
1
70
1
0
VERTEX
8
L2
10
-53.84522642519209
20
-56.30615510361126
0
VERTEX
8
L2
10
-53.88053473621497
20
-56.291529922321104
0
VERTEX
8
L2
10
-53.91584304723786
20
-56.30615510361126
0
VERTEX
8
L2
10
-53.930468228528014
20
-56.341463414634156
0
VERTEX
8
L2
10
-53.91584304723785
20
-56.376771725657036
0
VERTEX
8
L2
10
-53.88053473621497
20
-56.39139690694721
0
VERTEX
8
L2
10
-53.84522642519209
20
-56.376771725657036
0
VERTEX
8
L2
10
-53.83060124390192
20
-56.341463414634156
0
VERTEX
8
L2
10
-53.84522642519209
20
-56.30615510361126
0
SEQEND
0
POLYLINE
8
L2
66
1
70
1
0
VERTEX
8
L2
10
-56.620798215004065
20
-57.439024390243915
0
VERTEX
8
L2
10
-56.62079821500405
20
-56.804878048780495
0
VERTEX
8
L2
10
-57.17339130038503
20
-56.804878048780495
0
VERTEX
8
L2
10
-57.17339130038503
20
-57.6829268292683
0
VERTEX
8
L2
10
-56.678815480310114
20
-57.6829268292683
0
VERTEX
8
L2
10
-56.678815480310114
20
-57.5609756097561
0
VERTEX
8
L2
10
-56.80076669982231
20
-57.5609756097561
0
VERTEX
8
L2
10
-56.80076669982231
20
-57.58536585365854
0
VERTEX
8
L2
10
-57.075830324775275
20
-57.58536585365854
0
VERTEX
8
L2
10
-57.075830324775275
20
-56.902439024390254
0
VERTEX
8
L2
10
-56.71835919061381
20
-56.902439024390254
0
VERTEX
8
L2
10
-56.71835919061381
20
-57.31707317073172
0
VERTEX
8
L2
10
-56.74274943451625
20
-57.31707317073172
0
VERTEX
8
L2
10
-56.74274943451626
20
-57.439024390243915
0
VERTEX
8
L2
10
-56.620798215004065
20
-57.439024390243915
0
SEQEND
0
POLYLINE
8
L2
66
1
70
1
0
VERTEX
8
L2
10
-54.59871398011789
20
-56.40243902439024
0
VERTEX
8
L2
10
-54.47676276060569
20
-56.40243902439024
0
VERTEX
8
L2
10
-54.47676276060569
20
-56.28048780487804
0
VERTEX
8
L2
10
-54.59871398011789
20
-56.28048780487804
0
VERTEX
8
L2
10
-54.59871398011789
20
-56.40243902439024
0
SEQEND
0
POLYLINE
8
L2
66
1
70
1
0
VERTEX
8
L2
10
-54.37013455734495
20
-54.99999999999999
0
VERTEX
8
L2
10
-54.62379427008242
20
-54.99999999999999
0
VERTEX
8
L2
10
-54.62379427008242
20
-55.121951219512184
0
VERTEX
8
L2
10
-54.50184305057022
20
-55.121951219512184
0
VERTEX
8
L2
10
-54.50184305057022
20
-55.097560975609746
0
VERTEX
8
L2
10
-54.4676955329547
20
-55.097560975609746
0
VERTEX
8
L2
10
-54.4676955329547
20
-55.765771944543005
0
VERTEX
8
L2
10
-54.633885299822765
20
-55.765771944543005
0
VERTEX
8
L2
10
-54.633885299822765
20
-55.36585365853658
0
VERTEX
8
L2
10
-54.60949505592032
20
-55.36585365853658
0
VERTEX
8
L2
10
-54.60949505592032
20
-55.24390243902438
0
VERTEX
8
L2
10
-54.73144627543252
20
-55.24390243902438
0
VERTEX
8
L2
10
-54.73144627543252
20
-55.863332920152764
0
VERTEX
8
L2
10
-54.37013455734495
20
-55.863332920152764
0
VERTEX
8
L2
10
-54.37013455734495
20
-54.99999999999999
0
SEQEND
0
POLYLINE
8
L2
66
1
70
1
0
VERTEX
8
L2
10
-54.94627495572765
20
-56.28048780487804
0
VERTEX
8
L2
10
-54.94627495572765
20
-56.40243902439024
0
VERTEX
8
L2
10
-54.82432373621545
20
-56.40243902439024
0
VERTEX
8
L2
10
-54.82432373621545
20
-56.28048780487804
0
VERTEX
8
L2
10
-54.94627495572765
20
-56.28048780487804
0
SEQEND
0
POLYLINE
8
L2
66
1
70
1
0
VERTEX
8
L2
10
-54.99587732881657
20
-54.99999999999999
0
VERTEX
8
L2
10
-55.45685411472476
20
-54.99999999999999
0
VERTEX
8
L2
10
-55.45685411472476
20
-55.121951219512184
0
VERTEX
8
L2
10
-55.334902895212565
20
-55.121951219512184
0
VERTEX
8
L2
10
-55.334902895212565
20
-55.097560975609746
0
VERTEX
8
L2
10
-55.09343830442632
20
-55.097560975609746
0
VERTEX
8
L2
10
-55.09343830442632
20
-56.0096743835674
0
VERTEX
8
L2
10
-55.4669451444651
20
-56.0096743835674
0
VERTEX
8
L2
10
-55.4669451444651
20
-55.36585365853658
0
VERTEX
8
L2
10
-55.44255490056266
20
-55.36585365853658
0
VERTEX
8
L2
10
-55.44255490056266
20
-55.24390243902438
0
VERTEX
8
L2
10
-55.56450612007486
20
-55.24390243902438
0
VERTEX
8
L2
10
-55.56450612007486
20
-56.10723535917715
0
VERTEX
8
L2
10
-54.99587732881657
20
-56.10723535917715
0
VERTEX
8
L2
10
-54.99587732881657
20
-54.99999999999999
0
SEQEND
0
POLYLINE
8
L2
66
1
70
1
0
VERTEX
8
L2
10
-55.37079821500406
20
-56.28048780487804
0
VERTEX
8
L2
10
-55.49274943451626
20
-56.28048780487804
0
VERTEX
8
L2
10
-55.49274943451626
20
-56.40243902439024
0
VERTEX
8
L2
10
-55.37079821500406
20
-56.40243902439024
0
VERTEX
8
L2
10
-55.37079821500406
20
-56.28048780487804
0
SEQEND
0
POLYLINE
8
L2
66
1
70
1
0
VERTEX
8
L2
10
-55.42059297385083
20
-57.707317073170735
0
VERTEX
8
L2
10
-55.66336976949025
20
-57.707317073170735
0
VERTEX
8
L2
10
-55.66336976949025
20
-56.795203665213094
0
VERTEX
8
L2
10
-55.39620272994839
20
-56.795203665213094
0
VERTEX
8
L2
10
-55.39620272994839
20
-57.10008171399358
0
VERTEX
8
L2
10
-55.42059297385083
20
-57.10008171399358
0
VERTEX
8
L2
10
-55.42059297385083
20
-57.22203293350578
0
VERTEX
8
L2
10
-55.29864175433864
20
-57.22203293350578
0
VERTEX
8
L2
10
-55.29864175433864
20
-56.69764268960334
0
VERTEX
8
L2
10
-55.760930745100005
20
-56.69764268960334
0
VERTEX
8
L2
10
-55.760930745100005
20
-57.804878048780495
0
VERTEX
8
L2
10
-55.29864175433864
20
-57.804878048780495
0
VERTEX
8
L2
10
-55.29864175433864
20
-57.40495976277407
0
VERTEX
8
L2
10
-55.42059297385083
20
-57.40495976277407
0
VERTEX
8
L2
10
-55.42059297385083
20
-57.707317073170735
0
SEQEND
0
POLYLINE
8
L2
66
1
70
1
0
VERTEX
8
L2
10
-56.16957870280895
20
-56.28048780487804
0
VERTEX
8
L2
10
-56.169578702808934
20
-56.50000000000001
0
VERTEX
8
L2
10
-56.44810338882142
20
-56.50000000000001
0
VERTEX
8
L2
10
-56.44810338882142
20
-57.14642019007227
0
VERTEX
8
L2
10
-56.326152169309225
20
-57.14642019007227
0
VERTEX
8
L2
10
-56.326152169309225
20
-57.02446897056007
0
VERTEX
8
L2
10
-56.35054241321166
20
-57.02446897056007
0
VERTEX
8
L2
10
-56.35054241321166
20
-56.59756097560977
0
VERTEX
8
L2
10
-56.047627483296736
20
-56.59756097560977
0
VERTEX
8
L2
10
-56.047627483296736
20
-56.28048780487804
0
VERTEX
8
L2
10
-56.16957870280895
20
-56.28048780487804
0
SEQEND
0
POLYLINE
8
L2
66
1
70
1
0
VERTEX
8
L2
10
-54.99376370555815
20
-57.6829268292683
0
VERTEX
8
L2
10
-54.613040300325736
20
-57.6829268292683
0
VERTEX
8
L2
10
-54.613040300325736
20
-57.5609756097561
0
VERTEX
8
L2
10
-54.73499151983793
20
-57.5609756097561
0
VERTEX
8
L2
10
-54.73499151983793
20
-57.58536585365854
0
VERTEX
8
L2
10
-54.89620272994839
20
-57.58536585365854
0
VERTEX
8
L2
10
-54.89620272994839
20
-56.673252445700896
0
VERTEX
8
L2
10
-54.602949270585405
20
-56.673252445700896
0
VERTEX
8
L2
10
-54.602949270585405
20
-57.31707317073172
0
VERTEX
8
L2
10
-54.62733951448785
20
-57.31707317073172
0
VERTEX
8
L2
10
-54.62733951448785
20
-57.4390243902439
0
VERTEX
8
L2
10
-54.50538829497565
20
-57.4390243902439
0
VERTEX
8
L2
10
-54.50538829497565
20
-56.575691470091144
0
VERTEX
8
L2
10
-54.99376370555815
20
-56.575691470091144
0
VERTEX
8
L2
10
-54.99376370555815
20
-57.6829268292683
0
SEQEND
0
POLYLINE
8
L2
66
1
70
1
0
VERTEX
8
L2
10
-56.62079821500405
20
-56.40243902439024
0
VERTEX
8
L2
10
-56.62079821500405
20
-56.28048780487804
0
VERTEX
8
L2
10
-56.74274943451626
20
-56.28048780487804
0
VERTEX
8
L2
10
-56.74274943451626
20
-56.40243902439024
0
VERTEX
8
L2
10
-56.62079821500405
20
-56.40243902439024
0
SEQEND
0
POLYLINE
8
L2
66
1
70
1
0
VERTEX
8
L2
10
-51.1544950091121
20
-55.87552804210398
0
VERTEX
8
L2
10
-51.424343312565505
20
-55.87552804210398
0
VERTEX
8
L2
10
-51.424343312565505
20
-55.097560975609746
0
VERTEX
8
L2
10
-51.28653725836462
20
-55.097560975609746
0
VERTEX
8
L2
10
-51.28653725836462
20
-55.1219512195122
0
VERTEX
8
L2
10
-51.16458603885242
20
-55.1219512195122
0
VERTEX
8
L2
10
-51.16458603885242
20
-54.99999999999999
0
VERTEX
8
L2
10
-51.521904288175264
20
-54.99999999999999
0
VERTEX
8
L2
10
-51.521904288175264
20
-55.97308901771374
0
VERTEX
8
L2
10
-51.05693403350234
20
-55.97308901771374
0
VERTEX
8
L2
10
-51.05693403350234
20
-55.243902439024396
0
VERTEX
8
L2
10
-51.178885253014535
20
-55.243902439024396
0
VERTEX
8
L2
10
-51.178885253014535
20
-55.365853658536594
0
VERTEX
8
L2
10
-51.1544950091121
20
-55.365853658536594
0
VERTEX
8
L2
10
-51.1544950091121
20
-55.87552804210398
0
SEQEND
0
POLYLINE
8
L2
66
1
70
1
0
VERTEX
8
L2
10
-48.40858469285488
20
-57.6829268292683
0
VERTEX
8
L2
10
-47.990290833775944
20
-57.6829268292683
0
VERTEX
8
L2
10
-47.990290833775944
20
-56.52475264795704
0
VERTEX
8
L2
10
-48.51623669820497
20
-56.52475264795704
0
VERTEX
8
L2
10
-48.51623669820497
20
-57.4390243902439
0
VERTEX
8
L2
10
-48.39428547869277
20
-57.4390243902439
0
VERTEX
8
L2
10
-48.39428547869277
20
-57.31707317073171
0
VERTEX
8
L2
10
-48.41867572259522
20
-57.31707317073171
0
VERTEX
8
L2
10
-48.41867572259522
20
-56.62231362356679
0
VERTEX
8
L2
10
-48.087851809385704
20
-56.62231362356679
0
VERTEX
8
L2
10
-48.087851809385704
20
-57.58536585365854
0
VERTEX
8
L2
10
-48.28663347334269
20
-57.58536585365854
0
VERTEX
8
L2
10
-48.28663347334269
20
-57.5609756097561
0
VERTEX
8
L2
10
-48.40858469285488
20
-57.5609756097561
0
VERTEX
8
L2
10
-48.40858469285488
20
-57.6829268292683
0
SEQEND
0
POLYLINE
8
L2
66
1
70
1
0
VERTEX
8
L2
10
-51.520627233344484
20
-56.376771725657036
0
VERTEX
8
L2
10
-51.48531892232161
20
-56.39139690694721
0
VERTEX
8
L2
10
-51.45001061129873
20
-56.376771725657036
0
VERTEX
8
L2
10
-51.43538543000856
20
-56.341463414634156
0
VERTEX
8
L2
10
-51.450010611298715
20
-56.30615510361126
0
VERTEX
8
L2
10
-51.48531892232161
20
-56.291529922321104
0
VERTEX
8
L2
10
-51.520627233344484
20
-56.30615510361126
0
VERTEX
8
L2
10
-51.535252414634655
20
-56.341463414634156
0
VERTEX
8
L2
10
-51.520627233344484
20
-56.376771725657036
0
SEQEND
0
POLYLINE
8
L2
66
1
70
1
0
VERTEX
8
L2
10
-50.843280076801314
20
-56.10723535917715
0
VERTEX
8
L2
10
-49.838788633928566
20
-56.10723535917715
0
VERTEX
8
L2
10
-49.838788633928566
20
-55.243902439024396
0
VERTEX
8
L2
10
-49.960739853440764
20
-55.243902439024396
0
VERTEX
8
L2
10
-49.960739853440764
20
-55.365853658536594
0
VERTEX
8
L2
10
-49.936349609538325
20
-55.365853658536594
0
VERTEX
8
L2
10
-49.936349609538325
20
-56.0096743835674
0
VERTEX
8
L2
10
-50.745719101191554
20
-56.0096743835674
0
VERTEX
8
L2
10
-50.74571910119155
20
-55.097560975609746
0
VERTEX
8
L2
10
-50.287904053912804
20
-55.097560975609746
0
VERTEX
8
L2
10
-50.287904053912804
20
-55.1219512195122
0
VERTEX
8
L2
10
-50.165952834400606
20
-55.1219512195122
0
VERTEX
8
L2
10
-50.165952834400606
20
-54.99999999999999
0
VERTEX
8
L2
10
-50.8432800768013
20
-54.99999999999999
0
VERTEX
8
L2
10
-50.843280076801314
20
-56.10723535917715
0
SEQEND
0
POLYLINE
8
L2
66
1
70
1
0
VERTEX
8
L2
10
-47.991567888606724
20
-56.30615510361126
0
VERTEX
8
L2
10
-48.026876199629605
20
-56.291529922321104
0
VERTEX
8
L2
10
-48.06218451065249
20
-56.30615510361126
0
VERTEX
8
L2
10
-48.07680969194265
20
-56.341463414634156
0
VERTEX
8
L2
10
-48.062184510652486
20
-56.376771725657036
0
VERTEX
8
L2
10
-48.026876199629605
20
-56.39139690694721
0
VERTEX
8
L2
10
-47.991567888606724
20
-56.376771725657036
0
VERTEX
8
L2
10
-47.97694270731655
20
-56.341463414634156
0
VERTEX
8
L2
10
-47.991567888606724
20
-56.30615510361126
0
SEQEND
0
POLYLINE
8
L2
66
1
70
1
0
VERTEX
8
L2
10
-50.7671396784187
20
-57.439024390243915
0
VERTEX
8
L2
10
-50.76713967841869
20
-56.804878048780495
0
VERTEX
8
L2
10
-51.319732763799664
20
-56.804878048780495
0
VERTEX
8
L2
10
-51.319732763799664
20
-57.6829268292683
0
VERTEX
8
L2
10
-50.82515694372475
20
-57.6829268292683
0
VERTEX
8
L2
10
-50.82515694372475
20
-57.5609756097561
0
VERTEX
8
L2
10
-50.94710816323695
20
-57.5609756097561
0
VERTEX
8
L2
10
-50.94710816323695
20
-57.58536585365854
0
VERTEX
8
L2
10
-51.22217178818991
20
-57.58536585365854
0
VERTEX
8
L2
10
-51.22217178818991
20
-56.902439024390254
0
VERTEX
8
L2
10
-50.86470065402845
20
-56.902439024390254
0
VERTEX
8
L2
10
-50.86470065402845
20
-57.31707317073172
0
VERTEX
8
L2
10
-50.889090897930885
20
-57.31707317073172
0
VERTEX
8
L2
10
-50.8890908979309
20
-57.439024390243915
0
VERTEX
8
L2
10
-50.7671396784187
20
-57.439024390243915
0
SEQEND
0
POLYLINE
8
L2
66
1
70
1
0
VERTEX
8
L2
10
-48.74505544353253
20
-56.40243902439024
0
VERTEX
8
L2
10
-48.623104224020324
20
-56.40243902439024
0
VERTEX
8
L2
10
-48.623104224020324
20
-56.28048780487804
0
VERTEX
8
L2
10
-48.74505544353253
20
-56.28048780487804
0
VERTEX
8
L2
10
-48.74505544353253
20
-56.40243902439024
0
SEQEND
0
POLYLINE
8
L2
66
1
70
1
0
VERTEX
8
L2
10
-48.51647602075958
20
-54.99999999999999
0
VERTEX
8
L2
10
-48.77013573349706
20
-54.99999999999999
0
VERTEX
8
L2
10
-48.77013573349706
20
-55.121951219512184
0
VERTEX
8
L2
10
-48.64818451398486
20
-55.121951219512184
0
VERTEX
8
L2
10
-48.64818451398486
20
-55.097560975609746
0
VERTEX
8
L2
10
-48.614036996369336
20
-55.097560975609746
0
VERTEX
8
L2
10
-48.614036996369336
20
-55.765771944543005
0
VERTEX
8
L2
10
-48.7802267632374
20
-55.765771944543005
0
VERTEX
8
L2
10
-48.7802267632374
20
-55.36585365853658
0
VERTEX
8
L2
10
-48.755836519334956
20
-55.36585365853658
0
VERTEX
8
L2
10
-48.755836519334956
20
-55.24390243902438
0
VERTEX
8
L2
10
-48.877787738847154
20
-55.24390243902438
0
VERTEX
8
L2
10
-48.877787738847154
20
-55.863332920152764
0
VERTEX
8
L2
10
-48.51647602075958
20
-55.863332920152764
0
VERTEX
8
L2
10
-48.51647602075958
20
-54.99999999999999
0
SEQEND
0
POLYLINE
8
L2
66
1
70
1
0
VERTEX
8
L2
10
-49.09261641914229
20
-56.28048780487804
0
VERTEX
8
L2
10
-49.09261641914229
20
-56.40243902439024
0
VERTEX
8
L2
10
-48.97066519963008
20
-56.40243902439024
0
VERTEX
8
L2
10
-48.97066519963008
20
-56.28048780487804
0
VERTEX
8
L2
10
-49.09261641914229
20
-56.28048780487804
0
SEQEND
0
POLYLINE
8
L2
66
1
70
1
0
VERTEX
8
L2
10
-49.142218792231205
20
-54.99999999999999
0
VERTEX
8
L2
10
-49.6031955781394
20
-54.99999999999999
0
VERTEX
8
L2
10
-49.6031955781394
20
-55.121951219512184
0
VERTEX
8
L2
10
-49.4812443586272
20
-55.121951219512184
0
VERTEX
8
L2
10
-49.4812443586272
20
-55.097560975609746
0
VERTEX
8
L2
10
-49.23977976784096
20
-55.097560975609746
0
VERTEX
8
L2
10
-49.23977976784096
20
-56.0096743835674
0
VERTEX
8
L2
10
-49.613286607879736
20
-56.0096743835674
0
VERTEX
8
L2
10
-49.613286607879736
20
-55.36585365853658
0
VERTEX
8
L2
10
-49.5888963639773
20
-55.36585365853658
0
VERTEX
8
L2
10
-49.5888963639773
20
-55.24390243902438
0
VERTEX
8
L2
10
-49.710847583489496
20
-55.24390243902438
0
VERTEX
8
L2
10
-49.710847583489496
20
-56.10723535917715
0
VERTEX
8
L2
10
-49.142218792231205
20
-56.10723535917715
0
VERTEX
8
L2
10
-49.142218792231205
20
-54.99999999999999
0
SEQEND
0
POLYLINE
8
L2
66
1
70
1
0
VERTEX
8
L2
10
-49.517139678418694
20
-56.28048780487804
0
VERTEX
8
L2
10
-49.6390908979309
20
-56.28048780487804
0
VERTEX
8
L2
10
-49.6390908979309
20
-56.40243902439024
0
VERTEX
8
L2
10
-49.517139678418694
20
-56.40243902439024
0
VERTEX
8
L2
10
-49.517139678418694
20
-56.28048780487804
0
SEQEND
0
POLYLINE
8
L2
66
1
70
1
0
VERTEX
8
L2
10
-49.56693443726547
20
-57.707317073170735
0
VERTEX
8
L2
10
-49.80971123290489
20
-57.707317073170735
0
VERTEX
8
L2
10
-49.80971123290489
20
-56.795203665213094
0
VERTEX
8
L2
10
-49.54254419336303
20
-56.795203665213094
0
VERTEX
8
L2
10
-49.54254419336303
20
-57.10008171399358
0
VERTEX
8
L2
10
-49.56693443726547
20
-57.10008171399358
0
VERTEX
8
L2
10
-49.56693443726547
20
-57.22203293350578
0
VERTEX
8
L2
10
-49.444983217753276
20
-57.22203293350578
0
VERTEX
8
L2
10
-49.444983217753276
20
-56.69764268960334
0
VERTEX
8
L2
10
-49.90727220851464
20
-56.69764268960334
0
VERTEX
8
L2
10
-49.90727220851464
20
-57.804878048780495
0
VERTEX
8
L2
10
-49.444983217753276
20
-57.804878048780495
0
VERTEX
8
L2
10
-49.444983217753276
20
-57.40495976277407
0
VERTEX
8
L2
10
-49.56693443726547
20
-57.40495976277407
0
VERTEX
8
L2
10
-49.56693443726547
20
-57.707317073170735
0
SEQEND
0
POLYLINE
8
L2
66
1
70
1
0
VERTEX
8
L2
10
-50.315920166223584
20
-56.28048780487804
0
VERTEX
8
L2
10
-50.31592016622357
20
-56.50000000000001
0
VERTEX
8
L2
10
-50.59444485223606
20
-56.50000000000001
0
VERTEX
8
L2
10
-50.59444485223606
20
-57.14642019007227
0
VERTEX
8
L2
10
-50.47249363272386
20
-57.14642019007227
0
VERTEX
8
L2
10
-50.47249363272386
20
-57.02446897056007
0
VERTEX
8
L2
10
-50.4968838766263
20
-57.02446897056007
0
VERTEX
8
L2
10
-50.4968838766263
20
-56.59756097560977
0
VERTEX
8
L2
10
-50.19396894671137
20
-56.59756097560977
0
VERTEX
8
L2
10
-50.19396894671137
20
-56.28048780487804
0
VERTEX
8
L2
10
-50.315920166223584
20
-56.28048780487804
0
SEQEND
0
POLYLINE
8
L2
66
1
70
1
0
VERTEX
8
L2
10
-49.14010516897279
20
-57.6829268292683
0
VERTEX
8
L2
10
-48.75938176374037
20
-57.6829268292683
0
VERTEX
8
L2
10
-48.75938176374037
20
-57.5609756097561
0
VERTEX
8
L2
10
-48.88133298325257
20
-57.5609756097561
0
VERTEX
8
L2
10
-48.88133298325257
20
-57.58536585365854
0
VERTEX
8
L2
10
-49.04254419336303
20
-57.58536585365854
0
VERTEX
8
L2
10
-49.04254419336303
20
-56.673252445700896
0
VERTEX
8
L2
10
-48.74929073400004
20
-56.673252445700896
0
VERTEX
8
L2
10
-48.74929073400004
20
-57.31707317073172
0
VERTEX
8
L2
10
-48.77368097790249
20
-57.31707317073172
0
VERTEX
8
L2
10
-48.77368097790249
20
-57.4390243902439
0
VERTEX
8
L2
10
-48.65172975839029
20
-57.4390243902439
0
VERTEX
8
L2
10
-48.65172975839029
20
-56.575691470091144
0
VERTEX
8
L2
10
-49.14010516897279
20
-56.575691470091144
0
VERTEX
8
L2
10
-49.14010516897279
20
-57.6829268292683
0
SEQEND
0
POLYLINE
8
L2
66
1
70
1
0
VERTEX
8
L2
10
-50.76713967841869
20
-56.40243902439024
0
VERTEX
8
L2
10
-50.76713967841869
20
-56.28048780487804
0
VERTEX
8
L2
10
-50.8890908979309
20
-56.28048780487804
0
VERTEX
8
L2
10
-50.8890908979309
20
-56.40243902439024
0
VERTEX
8
L2
10
-50.76713967841869
20
-56.40243902439024
0
SEQEND
0
POLYLINE
8
L2
66
1
70
1
0
VERTEX
8
L2
10
-45.300836472526726
20
-55.87552804210398
0
VERTEX
8
L2
10
-45.57068477598014
20
-55.87552804210398
0
VERTEX
8
L2
10
-45.57068477598014
20
-55.097560975609746
0
VERTEX
8
L2
10
-45.43287872177925
20
-55.097560975609746
0
VERTEX
8
L2
10
-45.43287872177925
20
-55.1219512195122
0
VERTEX
8
L2
10
-45.31092750226705
20
-55.1219512195122
0
VERTEX
8
L2
10
-45.31092750226705
20
-54.99999999999999
0
VERTEX
8
L2
10
-45.66824575158989
20
-54.99999999999999
0
VERTEX
8
L2
10
-45.66824575158989
20
-55.97308901771374
0
VERTEX
8
L2
10
-45.20327549691697
20
-55.97308901771374
0
VERTEX
8
L2
10
-45.20327549691697
20
-55.243902439024396
0
VERTEX
8
L2
10
-45.32522671642916
20
-55.243902439024396
0
VERTEX
8
L2
10
-45.32522671642916
20
-55.365853658536594
0
VERTEX
8
L2
10
-45.300836472526726
20
-55.365853658536594
0
VERTEX
8
L2
10
-45.300836472526726
20
-55.87552804210398
0
SEQEND
0
POLYLINE
8
L2
66
1
70
1
0
VERTEX
8
L2
10
-42.55492615626952
20
-57.6829268292683
0
VERTEX
8
L2
10
-42.13663229719057
20
-57.6829268292683
0
VERTEX
8
L2
10
-42.13663229719057
20
-56.52475264795704
0
VERTEX
8
L2
10
-42.66257816161961
20
-56.52475264795704
0
VERTEX
8
L2
10
-42.66257816161961
20
-57.4390243902439
0
VERTEX
8
L2
10
-42.54062694210741
20
-57.4390243902439
0
VERTEX
8
L2
10
-42.54062694210741
20
-57.31707317073171
0
VERTEX
8
L2
10
-42.56501718600984
20
-57.31707317073171
0
VERTEX
8
L2
10
-42.56501718600984
20
-56.62231362356679
0
VERTEX
8
L2
10
-42.234193272800326
20
-56.62231362356679
0
VERTEX
8
L2
10
-42.234193272800326
20
-57.58536585365854
0
VERTEX
8
L2
10
-42.43297493675732
20
-57.58536585365854
0
VERTEX
8
L2
10
-42.43297493675732
20
-57.5609756097561
0
VERTEX
8
L2
10
-42.55492615626952
20
-57.5609756097561
0
VERTEX
8
L2
10
-42.55492615626952
20
-57.6829268292683
0
SEQEND
0
POLYLINE
8
L2
66
1
70
1
0
VERTEX
8
L2
10
-45.66696869675911
20
-56.376771725657036
0
VERTEX
8
L2
10
-45.63166038573624
20
-56.39139690694721
0
VERTEX
8
L2
10
-45.59635207471335
20
-56.376771725657036
0
VERTEX
8
L2
10
-45.58172689342318
20
-56.341463414634156
0
VERTEX
8
L2
10
-45.59635207471334
20
-56.30615510361126
0
VERTEX
8
L2
10
-45.63166038573624
20
-56.291529922321104
0
VERTEX
8
L2
10
-45.66696869675911
20
-56.30615510361126
0
VERTEX
8
L2
10
-45.681593878049284
20
-56.341463414634156
0
VERTEX
8
L2
10
-45.66696869675911
20
-56.376771725657036
0
SEQEND
0
POLYLINE
8
L2
66
1
70
1
0
VERTEX
8
L2
10
-44.989621540215936
20
-56.10723535917715
0
VERTEX
8
L2
10
-43.9851300973432
20
-56.10723535917715
0
VERTEX
8
L2
10
-43.9851300973432
20
-55.243902439024396
0
VERTEX
8
L2
10
-44.107081316855385
20
-55.243902439024396
0
VERTEX
8
L2
10
-44.107081316855385
20
-55.365853658536594
0
VERTEX
8
L2
10
-44.082691072952954
20
-55.365853658536594
0
VERTEX
8
L2
10
-44.082691072952954
20
-56.0096743835674
0
VERTEX
8
L2
10
-44.89206056460618
20
-56.0096743835674
0
VERTEX
8
L2
10
-44.89206056460617
20
-55.097560975609746
0
VERTEX
8
L2
10
-44.434245517327426
20
-55.097560975609746
0
VERTEX
8
L2
10
-44.434245517327426
20
-55.1219512195122
0
VERTEX
8
L2
10
-44.31229429781523
20
-55.1219512195122
0
VERTEX
8
L2
10
-44.31229429781523
20
-54.99999999999999
0
VERTEX
8
L2
10
-44.989621540215936
20
-54.99999999999999
0
VERTEX
8
L2
10
-44.989621540215936
20
-56.10723535917715
0
SEQEND
0
POLYLINE
8
L2
66
1
70
1
0
VERTEX
8
L2
10
-42.13790935202135
20
-56.30615510361126
0
VERTEX
8
L2
10
-42.17321766304423
20
-56.291529922321104
0
VERTEX
8
L2
10
-42.20852597406713
20
-56.30615510361126
0
VERTEX
8
L2
10
-42.223151155357286
20
-56.341463414634156
0
VERTEX
8
L2
10
-42.208525974067115
20
-56.376771725657036
0
VERTEX
8
L2
10
-42.17321766304423
20
-56.39139690694721
0
VERTEX
8
L2
10
-42.13790935202135
20
-56.376771725657036
0
VERTEX
8
L2
10
-42.12328417073118
20
-56.341463414634156
0
VERTEX
8
L2
10
-42.13790935202135
20
-56.30615510361126
0
SEQEND
0
POLYLINE
8
L2
66
1
70
1
0
VERTEX
8
L2
10
-44.91348114183333
20
-57.439024390243915
0
VERTEX
8
L2
10
-44.913481141833316
20
-56.804878048780495
0
VERTEX
8
L2
10
-45.46607422721429
20
-56.804878048780495
0
VERTEX
8
L2
10
-45.46607422721429
20
-57.6829268292683
0
VERTEX
8
L2
10
-44.97149840713938
20
-57.6829268292683
0
VERTEX
8
L2
10
-44.97149840713938
20
-57.5609756097561
0
VERTEX
8
L2
10
-45.09344962665158
20
-57.5609756097561
0
VERTEX
8
L2
10
-45.09344962665158
20
-57.58536585365854
0
VERTEX
8
L2
10
-45.36851325160454
20
-57.58536585365854
0
VERTEX
8
L2
10
-45.36851325160454
20
-56.902439024390254
0
VERTEX
8
L2
10
-45.01104211744307
20
-56.902439024390254
0
VERTEX
8
L2
10
-45.01104211744307
20
-57.31707317073172
0
VERTEX
8
L2
10
-45.035432361345514
20
-57.31707317073172
0
VERTEX
8
L2
10
-45.03543236134553
20
-57.439024390243915
0
VERTEX
8
L2
10
-44.91348114183333
20
-57.439024390243915
0
SEQEND
0
POLYLINE
8
L2
66
1
70
1
0
VERTEX
8
L2
10
-42.891396906947165
20
-56.40243902439024
0
VERTEX
8
L2
10
-42.76944568743495
20
-56.40243902439024
0
VERTEX
8
L2
10
-42.76944568743495
20
-56.28048780487804
0
VERTEX
8
L2
10
-42.891396906947165
20
-56.28048780487804
0
VERTEX
8
L2
10
-42.891396906947165
20
-56.40243902439024
0
SEQEND
0
POLYLINE
8
L2
66
1
70
1
0
VERTEX
8
L2
10
-42.66281748417421
20
-54.99999999999999
0
VERTEX
8
L2
10
-42.916477196911686
20
-54.99999999999999
0
VERTEX
8
L2
10
-42.916477196911686
20
-55.121951219512184
0
VERTEX
8
L2
10
-42.79452597739949
20
-55.121951219512184
0
VERTEX
8
L2
10
-42.79452597739949
20
-55.097560975609746
0
VERTEX
8
L2
10
-42.760378459783965
20
-55.097560975609746
0
VERTEX
8
L2
10
-42.760378459783965
20
-55.765771944543005
0
VERTEX
8
L2
10
-42.92656822665202
20
-55.765771944543005
0
VERTEX
8
L2
10
-42.92656822665202
20
-55.36585365853658
0
VERTEX
8
L2
10
-42.90217798274959
20
-55.36585365853658
0
VERTEX
8
L2
10
-42.90217798274959
20
-55.24390243902438
0
VERTEX
8
L2
10
-43.024129202261776
20
-55.24390243902438
0
VERTEX
8
L2
10
-43.024129202261776
20
-55.863332920152764
0
VERTEX
8
L2
10
-42.66281748417421
20
-55.863332920152764
0
VERTEX
8
L2
10
-42.66281748417421
20
-54.99999999999999
0
SEQEND
0
POLYLINE
8
L2
66
1
70
1
0
VERTEX
8
L2
10
-43.23895788255692
20
-56.28048780487804
0
VERTEX
8
L2
10
-43.23895788255692
20
-56.40243902439024
0
VERTEX
8
L2
10
-43.117006663044705
20
-56.40243902439024
0
VERTEX
8
L2
10
-43.117006663044705
20
-56.28048780487804
0
VERTEX
8
L2
10
-43.23895788255692
20
-56.28048780487804
0
SEQEND
0
POLYLINE
8
L2
66
1
70
1
0
VERTEX
8
L2
10
-43.288560255645834
20
-54.99999999999999
0
VERTEX
8
L2
10
-43.74953704155402
20
-54.99999999999999
0
VERTEX
8
L2
10
-43.74953704155402
20
-55.121951219512184
0
VERTEX
8
L2
10
-43.62758582204184
20
-55.121951219512184
0
VERTEX
8
L2
10
-43.62758582204184
20
-55.097560975609746
0
VERTEX
8
L2
10
-43.386121231255586
20
-55.097560975609746
0
VERTEX
8
L2
10
-43.386121231255586
20
-56.0096743835674
0
VERTEX
8
L2
10
-43.75962807129437
20
-56.0096743835674
0
VERTEX
8
L2
10
-43.75962807129437
20
-55.36585365853658
0
VERTEX
8
L2
10
-43.73523782739193
20
-55.36585365853658
0
VERTEX
8
L2
10
-43.73523782739193
20
-55.24390243902438
0
VERTEX
8
L2
10
-43.857189046904125
20
-55.24390243902438
0
VERTEX
8
L2
10
-43.857189046904125
20
-56.10723535917715
0
VERTEX
8
L2
10
-43.288560255645834
20
-56.10723535917715
0
VERTEX
8
L2
10
-43.288560255645834
20
-54.99999999999999
0
SEQEND
0
POLYLINE
8
L2
66
1
70
1
0
VERTEX
8
L2
10
-43.663481141833316
20
-56.28048780487804
0
VERTEX
8
L2
10
-43.78543236134553
20
-56.28048780487804
0
VERTEX
8
L2
10
-43.78543236134553
20
-56.40243902439024
0
VERTEX
8
L2
10
-43.663481141833316
20
-56.40243902439024
0
VERTEX
8
L2
10
-43.663481141833316
20
-56.28048780487804
0
SEQEND
0
POLYLINE
8
L2
66
1
70
1
0
VERTEX
8
L2
10
-43.7132759006801
20
-57.707317073170735
0
VERTEX
8
L2
10
-43.95605269631952
20
-57.707317073170735
0
VERTEX
8
L2
10
-43.95605269631952
20
-56.795203665213094
0
VERTEX
8
L2
10
-43.68888565677766
20
-56.795203665213094
0
VERTEX
8
L2
10
-43.68888565677766
20
-57.10008171399358
0
VERTEX
8
L2
10
-43.7132759006801
20
-57.10008171399358
0
VERTEX
8
L2
10
-43.7132759006801
20
-57.22203293350578
0
VERTEX
8
L2
10
-43.591324681167904
20
-57.22203293350578
0
VERTEX
8
L2
10
-43.591324681167904
20
-56.69764268960334
0
VERTEX
8
L2
10
-44.05361367192927
20
-56.69764268960334
0
VERTEX
8
L2
10
-44.05361367192927
20
-57.804878048780495
0
VERTEX
8
L2
10
-43.591324681167904
20
-57.804878048780495
0
VERTEX
8
L2
10
-43.591324681167904
20
-57.40495976277407
0
VERTEX
8
L2
10
-43.7132759006801
20
-57.40495976277407
0
VERTEX
8
L2
10
-43.7132759006801
20
-57.707317073170735
0
SEQEND
0
POLYLINE
8
L2
66
1
70
1
0
VERTEX
8
L2
10
-44.462261629638206
20
-56.28048780487804
0
VERTEX
8
L2
10
-44.46226162963819
20
-56.50000000000001
0
VERTEX
8
L2
10
-44.74078631565068
20
-56.50000000000001
0
VERTEX
8
L2
10
-44.74078631565068
20
-57.14642019007227
0
VERTEX
8
L2
10
-44.6188350961385
20
-57.14642019007227
0
VERTEX
8
L2
10
-44.6188350961385
20
-57.02446897056007
0
VERTEX
8
L2
10
-44.64322534004093
20
-57.02446897056007
0
VERTEX
8
L2
10
-44.64322534004093
20
-56.59756097560977
0
VERTEX
8
L2
10
-44.34031041012601
20
-56.59756097560977
0
VERTEX
8
L2
10
-44.34031041012601
20
-56.28048780487804
0
VERTEX
8
L2
10
-44.462261629638206
20
-56.28048780487804
0
SEQEND
0
POLYLINE
8
L2
66
1
70
1
0
VERTEX
8
L2
10
-43.28644663238741
20
-57.6829268292683
0
VERTEX
8
L2
10
-42.90572322715501
20
-57.6829268292683
0
VERTEX
8
L2
10
-42.90572322715501
20
-57.5609756097561
0
VERTEX
8
L2
10
-43.02767444666719
20
-57.5609756097561
0
VERTEX
8
L2
10
-43.02767444666719
20
-57.58536585365854
0
VERTEX
8
L2
10
-43.18888565677766
20
-57.58536585365854
0
VERTEX
8
L2
10
-43.18888565677766
20
-56.673252445700896
0
VERTEX
8
L2
10
-42.89563219741467
20
-56.673252445700896
0
VERTEX
8
L2
10
-42.89563219741467
20
-57.31707317073172
0
VERTEX
8
L2
10
-42.920022441317116
20
-57.31707317073172
0
VERTEX
8
L2
10
-42.920022441317116
20
-57.4390243902439
0
VERTEX
8
L2
10
-42.79807122180492
20
-57.4390243902439
0
VERTEX
8
L2
10
-42.79807122180492
20
-56.575691470091144
0
VERTEX
8
L2
10
-43.28644663238741
20
-56.575691470091144
0
VERTEX
8
L2
10
-43.28644663238741
20
-57.6829268292683
0
SEQEND
0
POLYLINE
8
L2
66
1
70
1
0
VERTEX
8
L2
10
-44.913481141833316
20
-56.40243902439024
0
VERTEX
8
L2
10
-44.913481141833316
20
-56.28048780487804
0
VERTEX
8
L2
10
-45.03543236134553
20
-56.28048780487804
0
VERTEX
8
L2
10
-45.03543236134553
20
-56.40243902439024
0
VERTEX
8
L2
10
-44.913481141833316
20
-56.40243902439024
0
SEQEND
0
POLYLINE
8
L2
66
1
70
1
0
VERTEX
8
L2
10
-39.44717793594137
20
-55.87552804210398
0
VERTEX
8
L2
10
-39.717026239394784
20
-55.87552804210398
0
VERTEX
8
L2
10
-39.717026239394784
20
-55.097560975609746
0
VERTEX
8
L2
10
-39.57922018519389
20
-55.097560975609746
0
VERTEX
8
L2
10
-39.57922018519389
20
-55.1219512195122
0
VERTEX
8
L2
10
-39.45726896568169
20
-55.1219512195122
0
VERTEX
8
L2
10
-39.45726896568169
20
-54.99999999999999
0
VERTEX
8
L2
10
-39.814587215004536
20
-54.99999999999999
0
VERTEX
8
L2
10
-39.814587215004536
20
-55.97308901771374
0
VERTEX
8
L2
10
-39.349616960331616
20
-55.97308901771374
0
VERTEX
8
L2
10
-39.349616960331616
20
-55.243902439024396
0
VERTEX
8
L2
10
-39.4715681798438
20
-55.243902439024396
0
VERTEX
8
L2
10
-39.4715681798438
20
-55.365853658536594
0
VERTEX
8
L2
10
-39.44717793594137
20
-55.365853658536594
0
VERTEX
8
L2
10
-39.44717793594137
20
-55.87552804210398
0
SEQEND
0
POLYLINE
8
L2
66
1
70
1
0
VERTEX
8
L2
10
-36.70126761968416
20
-57.6829268292683
0
VERTEX
8
L2
10
-36.282973760605216
20
-57.6829268292683
0
VERTEX
8
L2
10
-36.282973760605216
20
-56.52475264795704
0
VERTEX
8
L2
10
-36.80891962503425
20
-56.52475264795704
0
VERTEX
8
L2
10
-36.80891962503425
20
-57.4390243902439
0
VERTEX
8
L2
10
-36.68696840552205
20
-57.4390243902439
0
VERTEX
8
L2
10
-36.68696840552205
20
-57.31707317073171
0
VERTEX
8
L2
10
-36.71135864942448
20
-57.31707317073171
0
VERTEX
8
L2
10
-36.71135864942448
20
-56.62231362356679
0
VERTEX
8
L2
10
-36.38053473621497
20
-56.62231362356679
0
VERTEX
8
L2
10
-36.38053473621497
20
-57.58536585365854
0
VERTEX
8
L2
10
-36.57931640017196
20
-57.58536585365854
0
VERTEX
8
L2
10
-36.57931640017196
20
-57.5609756097561
0
VERTEX
8
L2
10
-36.70126761968416
20
-57.5609756097561
0
VERTEX
8
L2
10
-36.70126761968416
20
-57.6829268292683
0
SEQEND
0
POLYLINE
8
L2
66
1
70
1
0
VERTEX
8
L2
10
-39.81331016017376
20
-56.376771725657036
0
VERTEX
8
L2
10
-39.77800184915088
20
-56.39139690694721
0
VERTEX
8
L2
10
-39.742693538127995
20
-56.376771725657036
0
VERTEX
8
L2
10
-39.728068356837824
20
-56.341463414634156
0
VERTEX
8
L2
10
-39.74269353812798
20
-56.30615510361126
0
VERTEX
8
L2
10
-39.77800184915088
20
-56.291529922321104
0
VERTEX
8
L2
10
-39.81331016017376
20
-56.30615510361126
0
VERTEX
8
L2
10
-39.82793534146393
20
-56.341463414634156
0
VERTEX
8
L2
10
-39.81331016017376
20
-56.376771725657036
0
SEQEND
0
POLYLINE
8
L2
66
1
70
1
0
VERTEX
8
L2
10
-39.13596300363058
20
-56.10723535917715
0
VERTEX
8
L2
10
-38.131471560757845
20
-56.10723535917715
0
VERTEX
8
L2
10
-38.131471560757845
20
-55.243902439024396
0
VERTEX
8
L2
10
-38.25342278027003
20
-55.243902439024396
0
VERTEX
8
L2
10
-38.25342278027003
20
-55.365853658536594
0
VERTEX
8
L2
10
-38.2290325363676
20
-55.365853658536594
0
VERTEX
8
L2
10
-38.2290325363676
20
-56.0096743835674
0
VERTEX
8
L2
10
-39.038402028020826
20
-56.0096743835674
0
VERTEX
8
L2
10
-39.03840202802081
20
-55.097560975609746
0
VERTEX
8
L2
10
-38.58058698074207
20
-55.097560975609746
0
VERTEX
8
L2
10
-38.58058698074207
20
-55.1219512195122
0
VERTEX
8
L2
10
-38.45863576122987
20
-55.1219512195122
0
VERTEX
8
L2
10
-38.45863576122987
20
-54.99999999999999
0
VERTEX
8
L2
10
-39.13596300363058
20
-54.99999999999999
0
VERTEX
8
L2
10
-39.13596300363058
20
-56.10723535917715
0
SEQEND
0
POLYLINE
8
L2
66
1
70
1
0
VERTEX
8
L2
10
-36.284250815435996
20
-56.30615510361126
0
VERTEX
8
L2
10
-36.31955912645887
20
-56.291529922321104
0
VERTEX
8
L2
10
-36.35486743748177
20
-56.30615510361126
0
VERTEX
8
L2
10
-36.36949261877193
20
-56.341463414634156
0
VERTEX
8
L2
10
-36.35486743748176
20
-56.376771725657036
0
VERTEX
8
L2
10
-36.31955912645887
20
-56.39139690694721
0
VERTEX
8
L2
10
-36.284250815435996
20
-56.376771725657036
0
VERTEX
8
L2
10
-36.269625634145825
20
-56.341463414634156
0
VERTEX
8
L2
10
-36.284250815435996
20
-56.30615510361126
0
SEQEND
0
POLYLINE
8
L2
66
1
70
1
0
VERTEX
8
L2
10
-39.05982260524797
20
-57.439024390243915
0
VERTEX
8
L2
10
-39.05982260524796
20
-56.804878048780495
0
VERTEX
8
L2
10
-39.612415690628936
20
-56.804878048780495
0
VERTEX
8
L2
10
-39.612415690628936
20
-57.6829268292683
0
VERTEX
8
L2
10
-39.11783987055402
20
-57.6829268292683
0
VERTEX
8
L2
10
-39.11783987055402
20
-57.5609756097561
0
VERTEX
8
L2
10
-39.23979109006622
20
-57.5609756097561
0
VERTEX
8
L2
10
-39.23979109006622
20
-57.58536585365854
0
VERTEX
8
L2
10
-39.51485471501918
20
-57.58536585365854
0
VERTEX
8
L2
10
-39.51485471501918
20
-56.902439024390254
0
VERTEX
8
L2
10
-39.15738358085771
20
-56.902439024390254
0
VERTEX
8
L2
10
-39.15738358085771
20
-57.31707317073172
0
VERTEX
8
L2
10
-39.18177382476016
20
-57.31707317073172
0
VERTEX
8
L2
10
-39.18177382476017
20
-57.439024390243915
0
VERTEX
8
L2
10
-39.05982260524797
20
-57.439024390243915
0
SEQEND
0
POLYLINE
8
L2
66
1
70
1
0
VERTEX
8
L2
10
-37.03773837036181
20
-56.40243902439024
0
VERTEX
8
L2
10
-36.915787150849596
20
-56.40243902439024
0
VERTEX
8
L2
10
-36.915787150849596
20
-56.28048780487804
0
VERTEX
8
L2
10
-37.03773837036181
20
-56.28048780487804
0
VERTEX
8
L2
10
-37.03773837036181
20
-56.40243902439024
0
SEQEND
0
POLYLINE
8
L2
66
1
70
1
0
VERTEX
8
L2
10
-36.809158947588855
20
-54.99999999999999
0
VERTEX
8
L2
10
-37.06281866032633
20
-54.99999999999999
0
VERTEX
8
L2
10
-37.06281866032633
20
-55.121951219512184
0
VERTEX
8
L2
10
-36.94086744081413
20
-55.121951219512184
0
VERTEX
8
L2
10
-36.94086744081413
20
-55.097560975609746
0
VERTEX
8
L2
10
-36.90671992319861
20
-55.097560975609746
0
VERTEX
8
L2
10
-36.90671992319861
20
-55.765771944543005
0
VERTEX
8
L2
10
-37.072909690066666
20
-55.765771944543005
0
VERTEX
8
L2
10
-37.072909690066666
20
-55.36585365853658
0
VERTEX
8
L2
10
-37.048519446164235
20
-55.36585365853658
0
VERTEX
8
L2
10
-37.048519446164235
20
-55.24390243902438
0
VERTEX
8
L2
10
-37.17047066567642
20
-55.24390243902438
0
VERTEX
8
L2
10
-37.17047066567642
20
-55.863332920152764
0
VERTEX
8
L2
10
-36.809158947588855
20
-55.863332920152764
0
VERTEX
8
L2
10
-36.809158947588855
20
-54.99999999999999
0
SEQEND
0
POLYLINE
8
L2
66
1
70
1
0
VERTEX
8
L2
10
-37.38529934597156
20
-56.28048780487804
0
VERTEX
8
L2
10
-37.38529934597156
20
-56.40243902439024
0
VERTEX
8
L2
10
-37.26334812645935
20
-56.40243902439024
0
VERTEX
8
L2
10
-37.26334812645935
20
-56.28048780487804
0
VERTEX
8
L2
10
-37.38529934597156
20
-56.28048780487804
0
SEQEND
0
POLYLINE
8
L2
66
1
70
1
0
VERTEX
8
L2
10
-37.43490171906048
20
-54.99999999999999
0
VERTEX
8
L2
10
-37.895878504968664
20
-54.99999999999999
0
VERTEX
8
L2
10
-37.895878504968664
20
-55.121951219512184
0
VERTEX
8
L2
10
-37.77392728545648
20
-55.121951219512184
0
VERTEX
8
L2
10
-37.77392728545648
20
-55.097560975609746
0
VERTEX
8
L2
10
-37.53246269467023
20
-55.097560975609746
0
VERTEX
8
L2
10
-37.53246269467023
20
-56.0096743835674
0
VERTEX
8
L2
10
-37.905969534709016
20
-56.0096743835674
0
VERTEX
8
L2
10
-37.905969534709016
20
-55.36585365853658
0
VERTEX
8
L2
10
-37.88157929080657
20
-55.36585365853658
0
VERTEX
8
L2
10
-37.88157929080657
20
-55.24390243902438
0
VERTEX
8
L2
10
-38.00353051031877
20
-55.24390243902438
0
VERTEX
8
L2
10
-38.00353051031877
20
-56.10723535917715
0
VERTEX
8
L2
10
-37.43490171906048
20
-56.10723535917715
0
VERTEX
8
L2
10
-37.43490171906048
20
-54.99999999999999
0
SEQEND
0
POLYLINE
8
L2
66
1
70
1
0
VERTEX
8
L2
10
-37.80982260524796
20
-56.28048780487804
0
VERTEX
8
L2
10
-37.93177382476017
20
-56.28048780487804
0
VERTEX
8
L2
10
-37.93177382476017
20
-56.40243902439024
0
VERTEX
8
L2
10
-37.80982260524796
20
-56.40243902439024
0
VERTEX
8
L2
10
-37.80982260524796
20
-56.28048780487804
0
SEQEND
0
POLYLINE
8
L2
66
1
70
1
0
VERTEX
8
L2
10
-37.859617364094746
20
-57.707317073170735
0
VERTEX
8
L2
10
-38.10239415973416
20
-57.707317073170735
0
VERTEX
8
L2
10
-38.10239415973416
20
-56.795203665213094
0
VERTEX
8
L2
10
-37.8352271201923
20
-56.795203665213094
0
VERTEX
8
L2
10
-37.8352271201923
20
-57.10008171399358
0
VERTEX
8
L2
10
-37.859617364094746
20
-57.10008171399358
0
VERTEX
8
L2
10
-37.859617364094746
20
-57.22203293350578
0
VERTEX
8
L2
10
-37.73766614458255
20
-57.22203293350578
0
VERTEX
8
L2
10
-37.73766614458255
20
-56.69764268960334
0
VERTEX
8
L2
10
-38.19995513534391
20
-56.69764268960334
0
VERTEX
8
L2
10
-38.19995513534391
20
-57.804878048780495
0
VERTEX
8
L2
10
-37.73766614458255
20
-57.804878048780495
0
VERTEX
8
L2
10
-37.73766614458255
20
-57.40495976277407
0
VERTEX
8
L2
10
-37.859617364094746
20
-57.40495976277407
0
VERTEX
8
L2
10
-37.859617364094746
20
-57.707317073170735
0
SEQEND
0
POLYLINE
8
L2
66
1
70
1
0
VERTEX
8
L2
10
-38.60860309305285
20
-56.28048780487804
0
VERTEX
8
L2
10
-38.608603093052835
20
-56.50000000000001
0
VERTEX
8
L2
10
-38.887127779065324
20
-56.50000000000001
0
VERTEX
8
L2
10
-38.887127779065324
20
-57.14642019007227
0
VERTEX
8
L2
10
-38.76517655955314
20
-57.14642019007227
0
VERTEX
8
L2
10
-38.76517655955314
20
-57.02446897056007
0
VERTEX
8
L2
10
-38.78956680345557
20
-57.02446897056007
0
VERTEX
8
L2
10
-38.78956680345557
20
-56.59756097560977
0
VERTEX
8
L2
10
-38.48665187354065
20
-56.59756097560977
0
VERTEX
8
L2
10
-38.48665187354065
20
-56.28048780487804
0
VERTEX
8
L2
10
-38.60860309305285
20
-56.28048780487804
0
SEQEND
0
POLYLINE
8
L2
66
1
70
1
0
VERTEX
8
L2
10
-37.43278809580205
20
-57.6829268292683
0
VERTEX
8
L2
10
-37.05206469056965
20
-57.6829268292683
0
VERTEX
8
L2
10
-37.05206469056965
20
-57.5609756097561
0
VERTEX
8
L2
10
-37.174015910081835
20
-57.5609756097561
0
VERTEX
8
L2
10
-37.174015910081835
20
-57.58536585365854
0
VERTEX
8
L2
10
-37.3352271201923
20
-57.58536585365854
0
VERTEX
8
L2
10
-37.3352271201923
20
-56.673252445700896
0
VERTEX
8
L2
10
-37.04197366082931
20
-56.673252445700896
0
VERTEX
8
L2
10
-37.04197366082931
20
-57.31707317073172
0
VERTEX
8
L2
10
-37.06636390473176
20
-57.31707317073172
0
VERTEX
8
L2
10
-37.06636390473176
20
-57.4390243902439
0
VERTEX
8
L2
10
-36.94441268521956
20
-57.4390243902439
0
VERTEX
8
L2
10
-36.94441268521956
20
-56.575691470091144
0
VERTEX
8
L2
10
-37.43278809580205
20
-56.575691470091144
0
VERTEX
8
L2
10
-37.43278809580205
20
-57.6829268292683
0
SEQEND
0
POLYLINE
8
L2
66
1
70
1
0
VERTEX
8
L2
10
-39.05982260524796
20
-56.40243902439024
0
VERTEX
8
L2
10
-39.05982260524796
20
-56.28048780487804
0
VERTEX
8
L2
10
-39.18177382476017
20
-56.28048780487804
0
VERTEX
8
L2
10
-39.18177382476017
20
-56.40243902439024
0
VERTEX
8
L2
10
-39.05982260524796
20
-56.40243902439024
0
SEQEND
0
POLYLINE
8
L2
66
1
70
1
0
VERTEX
8
L2
10
-33.593519399356
20
-55.87552804210398
0
VERTEX
8
L2
10
-33.86336770280941
20
-55.87552804210398
0
VERTEX
8
L2
10
-33.86336770280941
20
-55.097560975609746
0
VERTEX
8
L2
10
-33.72556164860852
20
-55.097560975609746
0
VERTEX
8
L2
10
-33.72556164860852
20
-55.1219512195122
0
VERTEX
8
L2
10
-33.60361042909632
20
-55.1219512195122
0
VERTEX
8
L2
10
-33.60361042909632
20
-54.99999999999999
0
VERTEX
8
L2
10
-33.960928678419165
20
-54.99999999999999
0
VERTEX
8
L2
10
-33.960928678419165
20
-55.97308901771374
0
VERTEX
8
L2
10
-33.495958423746245
20
-55.97308901771374
0
VERTEX
8
L2
10
-33.495958423746245
20
-55.243902439024396
0
VERTEX
8
L2
10
-33.61790964325843
20
-55.243902439024396
0
VERTEX
8
L2
10
-33.61790964325843
20
-55.365853658536594
0
VERTEX
8
L2
10
-33.593519399356
20
-55.365853658536594
0
VERTEX
8
L2
10
-33.593519399356
20
-55.87552804210398
0
SEQEND
0
POLYLINE
8
L2
66
1
70
1
0
VERTEX
8
L2
10
-30.84760908309879
20
-57.6829268292683
0
VERTEX
8
L2
10
-30.429315224019845
20
-57.6829268292683
0
VERTEX
8
L2
10
-30.429315224019845
20
-56.52475264795704
0
VERTEX
8
L2
10
-30.95526108844888
20
-56.52475264795704
0
VERTEX
8
L2
10
-30.95526108844888
20
-57.4390243902439
0
VERTEX
8
L2
10
-30.83330986893668
20
-57.4390243902439
0
VERTEX
8
L2
10
-30.83330986893668
20
-57.31707317073171
0
VERTEX
8
L2
10
-30.85770011283911
20
-57.31707317073171
0
VERTEX
8
L2
10
-30.85770011283911
20
-56.62231362356679
0
VERTEX
8
L2
10
-30.526876199629598
20
-56.62231362356679
0
VERTEX
8
L2
10
-30.526876199629598
20
-57.58536585365854
0
VERTEX
8
L2
10
-30.72565786358659
20
-57.58536585365854
0
VERTEX
8
L2
10
-30.72565786358659
20
-57.5609756097561
0
VERTEX
8
L2
10
-30.84760908309879
20
-57.5609756097561
0
VERTEX
8
L2
10
-30.84760908309879
20
-57.6829268292683
0
SEQEND
0
POLYLINE
8
L2
66
1
70
1
0
VERTEX
8
L2
10
-33.959651623588385
20
-56.376771725657036
0
VERTEX
8
L2
10
-33.92434331256551
20
-56.39139690694721
0
VERTEX
8
L2
10
-33.889035001542624
20
-56.376771725657036
0
VERTEX
8
L2
10
-33.87440982025245
20
-56.341463414634156
0
VERTEX
8
L2
10
-33.88903500154261
20
-56.30615510361126
0
VERTEX
8
L2
10
-33.92434331256551
20
-56.291529922321104
0
VERTEX
8
L2
10
-33.959651623588385
20
-56.30615510361126
0
VERTEX
8
L2
10
-33.974276804878556
20
-56.341463414634156
0
VERTEX
8
L2
10
-33.959651623588385
20
-56.376771725657036
0
SEQEND
0
POLYLINE
8
L2
66
1
70
1
0
VERTEX
8
L2
10
-33.28230446704521
20
-56.10723535917715
0
VERTEX
8
L2
10
-32.277813024172474
20
-56.10723535917715
0
VERTEX
8
L2
10
-32.277813024172474
20
-55.243902439024396
0
VERTEX
8
L2
10
-32.39976424368466
20
-55.243902439024396
0
VERTEX
8
L2
10
-32.39976424368466
20
-55.365853658536594
0
VERTEX
8
L2
10
-32.37537399978223
20
-55.365853658536594
0
VERTEX
8
L2
10
-32.37537399978223
20
-56.0096743835674
0
VERTEX
8
L2
10
-33.184743491435455
20
-56.0096743835674
0
VERTEX
8
L2
10
-33.18474349143544
20
-55.097560975609746
0
VERTEX
8
L2
10
-32.7269284441567
20
-55.097560975609746
0
VERTEX
8
L2
10
-32.7269284441567
20
-55.1219512195122
0
VERTEX
8
L2
10
-32.6049772246445
20
-55.1219512195122
0
VERTEX
8
L2
10
-32.6049772246445
20
-54.99999999999999
0
VERTEX
8
L2
10
-33.28230446704521
20
-54.99999999999999
0
VERTEX
8
L2
10
-33.28230446704521
20
-56.10723535917715
0
SEQEND
0
POLYLINE
8
L2
66
1
70
1
0
VERTEX
8
L2
10
-30.430592278850625
20
-56.30615510361126
0
VERTEX
8
L2
10
-30.4659005898735
20
-56.291529922321104
0
VERTEX
8
L2
10
-30.5012089008964
20
-56.30615510361126
0
VERTEX
8
L2
10
-30.515834082186558
20
-56.341463414634156
0
VERTEX
8
L2
10
-30.501208900896387
20
-56.376771725657036
0
VERTEX
8
L2
10
-30.4659005898735
20
-56.39139690694721
0
VERTEX
8
L2
10
-30.430592278850625
20
-56.376771725657036
0
VERTEX
8
L2
10
-30.415967097560454
20
-56.341463414634156
0
VERTEX
8
L2
10
-30.430592278850625
20
-56.30615510361126
0
SEQEND
0
POLYLINE
8
L2
66
1
70
1
0
VERTEX
8
L2
10
-33.2061640686626
20
-57.439024390243915
0
VERTEX
8
L2
10
-33.20616406866259
20
-56.804878048780495
0
VERTEX
8
L2
10
-33.758757154043565
20
-56.804878048780495
0
VERTEX
8
L2
10
-33.758757154043565
20
-57.6829268292683
0
VERTEX
8
L2
10
-33.26418133396865
20
-57.6829268292683
0
VERTEX
8
L2
10
-33.26418133396865
20
-57.5609756097561
0
VERTEX
8
L2
10
-33.38613255348085
20
-57.5609756097561
0
VERTEX
8
L2
10
-33.38613255348085
20
-57.58536585365854
0
VERTEX
8
L2
10
-33.66119617843381
20
-57.58536585365854
0
VERTEX
8
L2
10
-33.66119617843381
20
-56.902439024390254
0
VERTEX
8
L2
10
-33.30372504427234
20
-56.902439024390254
0
VERTEX
8
L2
10
-33.30372504427234
20
-57.31707317073172
0
VERTEX
8
L2
10
-33.328115288174786
20
-57.31707317073172
0
VERTEX
8
L2
10
-33.3281152881748
20
-57.439024390243915
0
VERTEX
8
L2
10
-33.2061640686626
20
-57.439024390243915
0
SEQEND
0
POLYLINE
8
L2
66
1
70
1
0
VERTEX
8
L2
10
-31.184079833776437
20
-56.40243902439024
0
VERTEX
8
L2
10
-31.062128614264225
20
-56.40243902439024
0
VERTEX
8
L2
10
-31.062128614264225
20
-56.28048780487804
0
VERTEX
8
L2
10
-31.184079833776437
20
-56.28048780487804
0
VERTEX
8
L2
10
-31.184079833776437
20
-56.40243902439024
0
SEQEND
0
POLYLINE
8
L2
66
1
70
1
0
VERTEX
8
L2
10
-30.955500411003484
20
-54.99999999999999
0
VERTEX
8
L2
10
-31.209160123740958
20
-54.99999999999999
0
VERTEX
8
L2
10
-31.209160123740958
20
-55.121951219512184
0
VERTEX
8
L2
10
-31.08720890422876
20
-55.121951219512184
0
VERTEX
8
L2
10
-31.08720890422876
20
-55.097560975609746
0
VERTEX
8
L2
10
-31.053061386613237
20
-55.097560975609746
0
VERTEX
8
L2
10
-31.053061386613237
20
-55.765771944543005
0
VERTEX
8
L2
10
-31.219251153481295
20
-55.765771944543005
0
VERTEX
8
L2
10
-31.219251153481295
20
-55.36585365853658
0
VERTEX
8
L2
10
-31.194860909578864
20
-55.36585365853658
0
VERTEX
8
L2
10
-31.194860909578864
20
-55.24390243902438
0
VERTEX
8
L2
10
-31.316812129091048
20
-55.24390243902438
0
VERTEX
8
L2
10
-31.316812129091048
20
-55.863332920152764
0
VERTEX
8
L2
10
-30.955500411003484
20
-55.863332920152764
0
VERTEX
8
L2
10
-30.955500411003484
20
-54.99999999999999
0
SEQEND
0
POLYLINE
8
L2
66
1
70
1
0
VERTEX
8
L2
10
-31.53164080938619
20
-56.28048780487804
0
VERTEX
8
L2
10
-31.53164080938619
20
-56.40243902439024
0
VERTEX
8
L2
10
-31.409689589873977
20
-56.40243902439024
0
VERTEX
8
L2
10
-31.409689589873977
20
-56.28048780487804
0
VERTEX
8
L2
10
-31.53164080938619
20
-56.28048780487804
0
SEQEND
0
POLYLINE
8
L2
66
1
70
1
0
VERTEX
8
L2
10
-31.581243182475106
20
-54.99999999999999
0
VERTEX
8
L2
10
-32.04221996838329
20
-54.99999999999999
0
VERTEX
8
L2
10
-32.04221996838329
20
-55.121951219512184
0
VERTEX
8
L2
10
-31.92026874887111
20
-55.121951219512184
0
VERTEX
8
L2
10
-31.92026874887111
20
-55.097560975609746
0
VERTEX
8
L2
10
-31.67880415808486
20
-55.097560975609746
0
VERTEX
8
L2
10
-31.67880415808486
20
-56.0096743835674
0
VERTEX
8
L2
10
-32.052310998123644
20
-56.0096743835674
0
VERTEX
8
L2
10
-32.052310998123644
20
-55.36585365853658
0
VERTEX
8
L2
10
-32.0279207542212
20
-55.36585365853658
0
VERTEX
8
L2
10
-32.0279207542212
20
-55.24390243902438
0
VERTEX
8
L2
10
-32.1498719737334
20
-55.24390243902438
0
VERTEX
8
L2
10
-32.1498719737334
20
-56.10723535917715
0
VERTEX
8
L2
10
-31.581243182475106
20
-56.10723535917715
0
VERTEX
8
L2
10
-31.581243182475106
20
-54.99999999999999
0
SEQEND
0
POLYLINE
8
L2
66
1
70
1
0
VERTEX
8
L2
10
-31.956164068662588
20
-56.28048780487804
0
VERTEX
8
L2
10
-32.0781152881748
20
-56.28048780487804
0
VERTEX
8
L2
10
-32.0781152881748
20
-56.40243902439024
0
VERTEX
8
L2
10
-31.956164068662588
20
-56.40243902439024
0
VERTEX
8
L2
10
-31.956164068662588
20
-56.28048780487804
0
SEQEND
0
POLYLINE
8
L2
66
1
70
1
0
VERTEX
8
L2
10
-32.005958827509374
20
-57.707317073170735
0
VERTEX
8
L2
10
-32.24873562314879
20
-57.707317073170735
0
VERTEX
8
L2
10
-32.24873562314879
20
-56.795203665213094
0
VERTEX
8
L2
10
-31.98156858360693
20
-56.795203665213094
0
VERTEX
8
L2
10
-31.98156858360693
20
-57.10008171399358
0
VERTEX
8
L2
10
-32.005958827509374
20
-57.10008171399358
0
VERTEX
8
L2
10
-32.005958827509374
20
-57.22203293350578
0
VERTEX
8
L2
10
-31.884007607997177
20
-57.22203293350578
0
VERTEX
8
L2
10
-31.884007607997177
20
-56.69764268960334
0
VERTEX
8
L2
10
-32.34629659875854
20
-56.69764268960334
0
VERTEX
8
L2
10
-32.34629659875854
20
-57.804878048780495
0
VERTEX
8
L2
10
-31.884007607997177
20
-57.804878048780495
0
VERTEX
8
L2
10
-31.884007607997177
20
-57.40495976277407
0
VERTEX
8
L2
10
-32.005958827509374
20
-57.40495976277407
0
VERTEX
8
L2
10
-32.005958827509374
20
-57.707317073170735
0
SEQEND
0
POLYLINE
8
L2
66
1
70
1
0
VERTEX
8
L2
10
-32.75494455646748
20
-56.28048780487804
0
VERTEX
8
L2
10
-32.754944556467464
20
-56.50000000000001
0
VERTEX
8
L2
10
-33.03346924247995
20
-56.50000000000001
0
VERTEX
8
L2
10
-33.03346924247995
20
-57.14642019007227
0
VERTEX
8
L2
10
-32.91151802296777
20
-57.14642019007227
0
VERTEX
8
L2
10
-32.91151802296777
20
-57.02446897056007
0
VERTEX
8
L2
10
-32.9359082668702
20
-57.02446897056007
0
VERTEX
8
L2
10
-32.9359082668702
20
-56.59756097560977
0
VERTEX
8
L2
10
-32.63299333695528
20
-56.59756097560977
0
VERTEX
8
L2
10
-32.63299333695528
20
-56.28048780487804
0
VERTEX
8
L2
10
-32.75494455646748
20
-56.28048780487804
0
SEQEND
0
POLYLINE
8
L2
66
1
70
1
0
VERTEX
8
L2
10
-31.579129559216682
20
-57.6829268292683
0
VERTEX
8
L2
10
-31.19840615398428
20
-57.6829268292683
0
VERTEX
8
L2
10
-31.19840615398428
20
-57.5609756097561
0
VERTEX
8
L2
10
-31.320357373496464
20
-57.5609756097561
0
VERTEX
8
L2
10
-31.320357373496464
20
-57.58536585365854
0
VERTEX
8
L2
10
-31.48156858360693
20
-57.58536585365854
0
VERTEX
8
L2
10
-31.48156858360693
20
-56.673252445700896
0
VERTEX
8
L2
10
-31.188315124243942
20
-56.673252445700896
0
VERTEX
8
L2
10
-31.188315124243942
20
-57.31707317073172
0
VERTEX
8
L2
10
-31.212705368146388
20
-57.31707317073172
0
VERTEX
8
L2
10
-31.212705368146388
20
-57.4390243902439
0
VERTEX
8
L2
10
-31.09075414863419
20
-57.4390243902439
0
VERTEX
8
L2
10
-31.09075414863419
20
-56.575691470091144
0
VERTEX
8
L2
10
-31.579129559216682
20
-56.575691470091144
0
VERTEX
8
L2
10
-31.579129559216682
20
-57.6829268292683
0
SEQEND
0
POLYLINE
8
L2
66
1
70
1
0
VERTEX
8
L2
10
-33.20616406866259
20
-56.40243902439024
0
VERTEX
8
L2
10
-33.20616406866259
20
-56.28048780487804
0
VERTEX
8
L2
10
-33.3281152881748
20
-56.28048780487804
0
VERTEX
8
L2
10
-33.3281152881748
20
-56.40243902439024
0
VERTEX
8
L2
10
-33.20616406866259
20
-56.40243902439024
0
SEQEND
0
POLYLINE
8
L2
66
1
70
1
0
VERTEX
8
L2
10
-27.739860862770627
20
-55.87552804210398
0
VERTEX
8
L2
10
-28.00970916622404
20
-55.87552804210398
0
VERTEX
8
L2
10
-28.00970916622404
20
-55.097560975609746
0
VERTEX
8
L2
10
-27.871903112023148
20
-55.097560975609746
0
VERTEX
8
L2
10
-27.871903112023148
20
-55.1219512195122
0
VERTEX
8
L2
10
-27.74995189251095
20
-55.1219512195122
0
VERTEX
8
L2
10
-27.74995189251095
20
-54.99999999999999
0
VERTEX
8
L2
10
-28.107270141833794
20
-54.99999999999999
0
VERTEX
8
L2
10
-28.107270141833794
20
-55.97308901771374
0
VERTEX
8
L2
10
-27.642299887160874
20
-55.97308901771374
0
VERTEX
8
L2
10
-27.642299887160874
20
-55.243902439024396
0
VERTEX
8
L2
10
-27.764251106673058
20
-55.243902439024396
0
VERTEX
8
L2
10
-27.764251106673058
20
-55.365853658536594
0
VERTEX
8
L2
10
-27.739860862770627
20
-55.365853658536594
0
VERTEX
8
L2
10
-27.739860862770627
20
-55.87552804210398
0
SEQEND
0
POLYLINE
8
L2
66
1
70
1
0
VERTEX
8
L2
10
-24.993950546513418
20
-57.6829268292683
0
VERTEX
8
L2
10
-24.575656687434474
20
-57.6829268292683
0
VERTEX
8
L2
10
-24.575656687434474
20
-56.52475264795704
0
VERTEX
8
L2
10
-25.101602551863508
20
-56.52475264795704
0
VERTEX
8
L2
10
-25.101602551863508
20
-57.4390243902439
0
VERTEX
8
L2
10
-24.97965133235131
20
-57.4390243902439
0
VERTEX
8
L2
10
-24.97965133235131
20
-57.31707317073171
0
VERTEX
8
L2
10
-25.00404157625374
20
-57.31707317073171
0
VERTEX
8
L2
10
-25.00404157625374
20
-56.62231362356679
0
VERTEX
8
L2
10
-24.673217663044227
20
-56.62231362356679
0
VERTEX
8
L2
10
-24.673217663044227
20
-57.58536585365854
0
VERTEX
8
L2
10
-24.87199932700122
20
-57.58536585365854
0
VERTEX
8
L2
10
-24.87199932700122
20
-57.5609756097561
0
VERTEX
8
L2
10
-24.993950546513418
20
-57.5609756097561
0
VERTEX
8
L2
10
-24.993950546513418
20
-57.6829268292683
0
SEQEND
0
POLYLINE
8
L2
66
1
70
1
0
VERTEX
8
L2
10
-28.105993087003014
20
-56.376771725657036
0
VERTEX
8
L2
10
-28.07068477598014
20
-56.39139690694721
0
VERTEX
8
L2
10
-28.035376464957253
20
-56.376771725657036
0
VERTEX
8
L2
10
-28.02075128366708
20
-56.341463414634156
0
VERTEX
8
L2
10
-28.03537646495724
20
-56.30615510361126
0
VERTEX
8
L2
10
-28.07068477598014
20
-56.291529922321104
0
VERTEX
8
L2
10
-28.105993087003014
20
-56.30615510361126
0
VERTEX
8
L2
10
-28.120618268293185
20
-56.341463414634156
0
VERTEX
8
L2
10
-28.105993087003014
20
-56.376771725657036
0
SEQEND
0
POLYLINE
8
L2
66
1
70
1
0
VERTEX
8
L2
10
-27.428645930459837
20
-56.10723535917715
0
VERTEX
8
L2
10
-26.424154487587103
20
-56.10723535917715
0
VERTEX
8
L2
10
-26.424154487587103
20
-55.243902439024396
0
VERTEX
8
L2
10
-26.546105707099287
20
-55.243902439024396
0
VERTEX
8
L2
10
-26.546105707099287
20
-55.365853658536594
0
VERTEX
8
L2
10
-26.521715463196855
20
-55.365853658536594
0
VERTEX
8
L2
10
-26.521715463196855
20
-56.0096743835674
0
VERTEX
8
L2
10
-27.331084954850084
20
-56.0096743835674
0
VERTEX
8
L2
10
-27.33108495485007
20
-55.097560975609746
0
VERTEX
8
L2
10
-26.873269907571327
20
-55.097560975609746
0
VERTEX
8
L2
10
-26.873269907571327
20
-55.1219512195122
0
VERTEX
8
L2
10
-26.75131868805913
20
-55.1219512195122
0
VERTEX
8
L2
10
-26.75131868805913
20
-54.99999999999999
0
VERTEX
8
L2
10
-27.428645930459837
20
-54.99999999999999
0
VERTEX
8
L2
10
-27.428645930459837
20
-56.10723535917715
0
SEQEND
0
POLYLINE
8
L2
66
1
70
1
0
VERTEX
8
L2
10
-24.576933742265254
20
-56.30615510361126
0
VERTEX
8
L2
10
-24.612242053288128
20
-56.291529922321104
0
VERTEX
8
L2
10
-24.64755036431103
20
-56.30615510361126
0
VERTEX
8
L2
10
-24.662175545601187
20
-56.341463414634156
0
VERTEX
8
L2
10
-24.647550364311016
20
-56.376771725657036
0
VERTEX
8
L2
10
-24.612242053288128
20
-56.39139690694721
0
VERTEX
8
L2
10
-24.576933742265254
20
-56.376771725657036
0
VERTEX
8
L2
10
-24.562308560975083
20
-56.341463414634156
0
VERTEX
8
L2
10
-24.576933742265254
20
-56.30615510361126
0
SEQEND
0
POLYLINE
8
L2
66
1
70
1
0
VERTEX
8
L2
10
-27.35250553207723
20
-57.439024390243915
0
VERTEX
8
L2
10
-27.352505532077217
20
-56.804878048780495
0
VERTEX
8
L2
10
-27.905098617458194
20
-56.804878048780495
0
VERTEX
8
L2
10
-27.905098617458194
20
-57.6829268292683
0
VERTEX
8
L2
10
-27.41052279738328
20
-57.6829268292683
0
VERTEX
8
L2
10
-27.41052279738328
20
-57.5609756097561
0
VERTEX
8
L2
10
-27.532474016895478
20
-57.5609756097561
0
VERTEX
8
L2
10
-27.532474016895478
20
-57.58536585365854
0
VERTEX
8
L2
10
-27.80753764184844
20
-57.58536585365854
0
VERTEX
8
L2
10
-27.80753764184844
20
-56.902439024390254
0
VERTEX
8
L2
10
-27.45006650768697
20
-56.902439024390254
0
VERTEX
8
L2
10
-27.45006650768697
20
-57.31707317073172
0
VERTEX
8
L2
10
-27.474456751589415
20
-57.31707317073172
0
VERTEX
8
L2
10
-27.47445675158943
20
-57.439024390243915
0
VERTEX
8
L2
10
-27.35250553207723
20
-57.439024390243915
0
SEQEND
0
POLYLINE
8
L2
66
1
70
1
0
VERTEX
8
L2
10
-25.330421297191066
20
-56.40243902439024
0
VERTEX
8
L2
10
-25.208470077678854
20
-56.40243902439024
0
VERTEX
8
L2
10
-25.208470077678854
20
-56.28048780487804
0
VERTEX
8
L2
10
-25.330421297191066
20
-56.28048780487804
0
VERTEX
8
L2
10
-25.330421297191066
20
-56.40243902439024
0
SEQEND
0
POLYLINE
8
L2
66
1
70
1
0
VERTEX
8
L2
10
-25.101841874418113
20
-54.99999999999999
0
VERTEX
8
L2
10
-25.355501587155587
20
-54.99999999999999
0
VERTEX
8
L2
10
-25.355501587155587
20
-55.121951219512184
0
VERTEX
8
L2
10
-25.23355036764339
20
-55.121951219512184
0
VERTEX
8
L2
10
-25.23355036764339
20
-55.097560975609746
0
VERTEX
8
L2
10
-25.199402850027866
20
-55.097560975609746
0
VERTEX
8
L2
10
-25.199402850027866
20
-55.765771944543005
0
VERTEX
8
L2
10
-25.365592616895924
20
-55.765771944543005
0
VERTEX
8
L2
10
-25.365592616895924
20
-55.36585365853658
0
VERTEX
8
L2
10
-25.341202372993493
20
-55.36585365853658
0
VERTEX
8
L2
10
-25.341202372993493
20
-55.24390243902438
0
VERTEX
8
L2
10
-25.463153592505677
20
-55.24390243902438
0
VERTEX
8
L2
10
-25.463153592505677
20
-55.863332920152764
0
VERTEX
8
L2
10
-25.101841874418113
20
-55.863332920152764
0
VERTEX
8
L2
10
-25.101841874418113
20
-54.99999999999999
0
SEQEND
0
POLYLINE
8
L2
66
1
70
1
0
VERTEX
8
L2
10
-25.67798227280082
20
-56.28048780487804
0
VERTEX
8
L2
10
-25.67798227280082
20
-56.40243902439024
0
VERTEX
8
L2
10
-25.556031053288606
20
-56.40243902439024
0
VERTEX
8
L2
10
-25.556031053288606
20
-56.28048780487804
0
VERTEX
8
L2
10
-25.67798227280082
20
-56.28048780487804
0
SEQEND
0
POLYLINE
8
L2
66
1
70
1
0
VERTEX
8
L2
10
-25.727584645889735
20
-54.99999999999999
0
VERTEX
8
L2
10
-26.188561431797922
20
-54.99999999999999
0
VERTEX
8
L2
10
-26.188561431797922
20
-55.121951219512184
0
VERTEX
8
L2
10
-26.066610212285738
20
-55.121951219512184
0
VERTEX
8
L2
10
-26.066610212285738
20
-55.097560975609746
0
VERTEX
8
L2
10
-25.825145621499487
20
-55.097560975609746
0
VERTEX
8
L2
10
-25.825145621499487
20
-56.0096743835674
0
VERTEX
8
L2
10
-26.198652461538273
20
-56.0096743835674
0
VERTEX
8
L2
10
-26.198652461538273
20
-55.36585365853658
0
VERTEX
8
L2
10
-26.174262217635828
20
-55.36585365853658
0
VERTEX
8
L2
10
-26.174262217635828
20
-55.24390243902438
0
VERTEX
8
L2
10
-26.296213437148026
20
-55.24390243902438
0
VERTEX
8
L2
10
-26.296213437148026
20
-56.10723535917715
0
VERTEX
8
L2
10
-25.727584645889735
20
-56.10723535917715
0
VERTEX
8
L2
10
-25.727584645889735
20
-54.99999999999999
0
SEQEND
0
POLYLINE
8
L2
66
1
70
1
0
VERTEX
8
L2
10
-26.102505532077217
20
-56.28048780487804
0
VERTEX
8
L2
10
-26.22445675158943
20
-56.28048780487804
0
VERTEX
8
L2
10
-26.22445675158943
20
-56.40243902439024
0
VERTEX
8
L2
10
-26.102505532077217
20
-56.40243902439024
0
VERTEX
8
L2
10
-26.102505532077217
20
-56.28048780487804
0
SEQEND
0
POLYLINE
8
L2
66
1
70
1
0
VERTEX
8
L2
10
-26.152300290924003
20
-57.707317073170735
0
VERTEX
8
L2
10
-26.39507708656342
20
-57.707317073170735
0
VERTEX
8
L2
10
-26.39507708656342
20
-56.795203665213094
0
VERTEX
8
L2
10
-26.127910047021558
20
-56.795203665213094
0
VERTEX
8
L2
10
-26.127910047021558
20
-57.10008171399358
0
VERTEX
8
L2
10
-26.152300290924003
20
-57.10008171399358
0
VERTEX
8
L2
10
-26.152300290924003
20
-57.22203293350578
0
VERTEX
8
L2
10
-26.030349071411806
20
-57.22203293350578
0
VERTEX
8
L2
10
-26.030349071411806
20
-56.69764268960334
0
VERTEX
8
L2
10
-26.49263806217317
20
-56.69764268960334
0
VERTEX
8
L2
10
-26.49263806217317
20
-57.804878048780495
0
VERTEX
8
L2
10
-26.030349071411806
20
-57.804878048780495
0
VERTEX
8
L2
10
-26.030349071411806
20
-57.40495976277407
0
VERTEX
8
L2
10
-26.152300290924003
20
-57.40495976277407
0
VERTEX
8
L2
10
-26.152300290924003
20
-57.707317073170735
0
SEQEND
0
POLYLINE
8
L2
66
1
70
1
0
VERTEX
8
L2
10
-26.901286019882107
20
-56.28048780487804
0
VERTEX
8
L2
10
-26.901286019882093
20
-56.50000000000001
0
VERTEX
8
L2
10
-27.17981070589458
20
-56.50000000000001
0
VERTEX
8
L2
10
-27.17981070589458
20
-57.14642019007227
0
VERTEX
8
L2
10
-27.057859486382398
20
-57.14642019007227
0
VERTEX
8
L2
10
-27.057859486382398
20
-57.02446897056007
0
VERTEX
8
L2
10
-27.08224973028483
20
-57.02446897056007
0
VERTEX
8
L2
10
-27.08224973028483
20
-56.59756097560977
0
VERTEX
8
L2
10
-26.77933480036991
20
-56.59756097560977
0
VERTEX
8
L2
10
-26.77933480036991
20
-56.28048780487804
0
VERTEX
8
L2
10
-26.901286019882107
20
-56.28048780487804
0
SEQEND
0
POLYLINE
8
L2
66
1
70
1
0
VERTEX
8
L2
10
-25.72547102263131
20
-57.6829268292683
0
VERTEX
8
L2
10
-25.34474761739891
20
-57.6829268292683
0
VERTEX
8
L2
10
-25.34474761739891
20
-57.5609756097561
0
VERTEX
8
L2
10
-25.466698836911092
20
-57.5609756097561
0
VERTEX
8
L2
10
-25.466698836911092
20
-57.58536585365854
0
VERTEX
8
L2
10
-25.627910047021558
20
-57.58536585365854
0
VERTEX
8
L2
10
-25.627910047021558
20
-56.673252445700896
0
VERTEX
8
L2
10
-25.33465658765857
20
-56.673252445700896
0
VERTEX
8
L2
10
-25.33465658765857
20
-57.31707317073172
0
VERTEX
8
L2
10
-25.359046831561017
20
-57.31707317073172
0
VERTEX
8
L2
10
-25.359046831561017
20
-57.4390243902439
0
VERTEX
8
L2
10
-25.23709561204882
20
-57.4390243902439
0
VERTEX
8
L2
10
-25.23709561204882
20
-56.575691470091144
0
VERTEX
8
L2
10
-25.72547102263131
20
-56.575691470091144
0
VERTEX
8
L2
10
-25.72547102263131
20
-57.6829268292683
0
SEQEND
0
POLYLINE
8
L2
66
1
70
1
0
VERTEX
8
L2
10
-27.352505532077217
20
-56.40243902439024
0
VERTEX
8
L2
10
-27.352505532077217
20
-56.28048780487804
0
VERTEX
8
L2
10
-27.47445675158943
20
-56.28048780487804
0
VERTEX
8
L2
10
-27.47445675158943
20
-56.40243902439024
0
VERTEX
8
L2
10
-27.352505532077217
20
-56.40243902439024
0
SEQEND
0
POLYLINE
8
L2
66
1
70
1
0
VERTEX
8
L2
10
-21.88620232618527
20
-55.87552804210398
0
VERTEX
8
L2
10
-22.156050629638685
20
-55.87552804210398
0
VERTEX
8
L2
10
-22.156050629638685
20
-55.097560975609746
0
VERTEX
8
L2
10
-22.01824457543779
20
-55.097560975609746
0
VERTEX
8
L2
10
-22.01824457543779
20
-55.1219512195122
0
VERTEX
8
L2
10
-21.896293355925593
20
-55.1219512195122
0
VERTEX
8
L2
10
-21.896293355925593
20
-54.99999999999999
0
VERTEX
8
L2
10
-22.253611605248437
20
-54.99999999999999
0
VERTEX
8
L2
10
-22.253611605248437
20
-55.97308901771374
0
VERTEX
8
L2
10
-21.788641350575517
20
-55.97308901771374
0
VERTEX
8
L2
10
-21.788641350575517
20
-55.243902439024396
0
VERTEX
8
L2
10
-21.9105925700877
20
-55.243902439024396
0
VERTEX
8
L2
10
-21.9105925700877
20
-55.365853658536594
0
VERTEX
8
L2
10
-21.88620232618527
20
-55.365853658536594
0
VERTEX
8
L2
10
-21.88620232618527
20
-55.87552804210398
0
SEQEND
0
POLYLINE
8
L2
66
1
70
1
0
VERTEX
8
L2
10
-19.14029200992806
20
-57.6829268292683
0
VERTEX
8
L2
10
-18.721998150849117
20
-57.6829268292683
0
VERTEX
8
L2
10
-18.721998150849117
20
-56.52475264795704
0
VERTEX
8
L2
10
-19.24794401527815
20
-56.52475264795704
0
VERTEX
8
L2
10
-19.24794401527815
20
-57.4390243902439
0
VERTEX
8
L2
10
-19.125992795765953
20
-57.4390243902439
0
VERTEX
8
L2
10
-19.125992795765953
20
-57.31707317073171
0
VERTEX
8
L2
10
-19.150383039668384
20
-57.31707317073171
0
VERTEX
8
L2
10
-19.150383039668384
20
-56.62231362356679
0
VERTEX
8
L2
10
-18.81955912645887
20
-56.62231362356679
0
VERTEX
8
L2
10
-18.81955912645887
20
-57.58536585365854
0
VERTEX
8
L2
10
-19.018340790415863
20
-57.58536585365854
0
VERTEX
8
L2
10
-19.018340790415863
20
-57.5609756097561
0
VERTEX
8
L2
10
-19.14029200992806
20
-57.5609756097561
0
VERTEX
8
L2
10
-19.14029200992806
20
-57.6829268292683
0
SEQEND
0
POLYLINE
8
L2
66
1
70
1
0
VERTEX
8
L2
10
-22.252334550417658
20
-56.376771725657036
0
VERTEX
8
L2
10
-22.217026239394784
20
-56.39139690694721
0
VERTEX
8
L2
10
-22.181717928371896
20
-56.376771725657036
0
VERTEX
8
L2
10
-22.167092747081725
20
-56.341463414634156
0
VERTEX
8
L2
10
-22.18171792837188
20
-56.30615510361126
0
VERTEX
8
L2
10
-22.217026239394784
20
-56.291529922321104
0
VERTEX
8
L2
10
-22.252334550417658
20
-56.30615510361126
0
VERTEX
8
L2
10
-22.26695973170783
20
-56.341463414634156
0
VERTEX
8
L2
10
-22.252334550417658
20
-56.376771725657036
0
SEQEND
0
POLYLINE
8
L2
66
1
70
1
0
VERTEX
8
L2
10
-21.57498739387448
20
-56.10723535917715
0
VERTEX
8
L2
10
-20.570495951001746
20
-56.10723535917715
0
VERTEX
8
L2
10
-20.570495951001746
20
-55.243902439024396
0
VERTEX
8
L2
10
-20.69244717051393
20
-55.243902439024396
0
VERTEX
8
L2
10
-20.69244717051393
20
-55.365853658536594
0
VERTEX
8
L2
10
-20.6680569266115
20
-55.365853658536594
0
VERTEX
8
L2
10
-20.6680569266115
20
-56.0096743835674
0
VERTEX
8
L2
10
-21.477426418264727
20
-56.0096743835674
0
VERTEX
8
L2
10
-21.477426418264713
20
-55.097560975609746
0
VERTEX
8
L2
10
-21.01961137098597
20
-55.097560975609746
0
VERTEX
8
L2
10
-21.01961137098597
20
-55.1219512195122
0
VERTEX
8
L2
10
-20.897660151473772
20
-55.1219512195122
0
VERTEX
8
L2
10
-20.897660151473772
20
-54.99999999999999
0
VERTEX
8
L2
10
-21.57498739387448
20
-54.99999999999999
0
VERTEX
8
L2
10
-21.57498739387448
20
-56.10723535917715
0
SEQEND
0
POLYLINE
8
L2
66
1
70
1
0
VERTEX
8
L2
10
-18.723275205679897
20
-56.30615510361126
0
VERTEX
8
L2
10
-18.75858351670277
20
-56.291529922321104
0
VERTEX
8
L2
10
-18.793891827725673
20
-56.30615510361126
0
VERTEX
8
L2
10
-18.80851700901583
20
-56.341463414634156
0
VERTEX
8
L2
10
-18.79389182772566
20
-56.376771725657036
0
VERTEX
8
L2
10
-18.75858351670277
20
-56.39139690694721
0
VERTEX
8
L2
10
-18.723275205679897
20
-56.376771725657036
0
VERTEX
8
L2
10
-18.708650024389726
20
-56.341463414634156
0
VERTEX
8
L2
10
-18.723275205679897
20
-56.30615510361126
0
SEQEND
0
POLYLINE
8
L2
66
1
70
1
0
VERTEX
8
L2
10
-21.498846995491874
20
-57.439024390243915
0
VERTEX
8
L2
10
-21.49884699549186
20
-56.804878048780495
0
VERTEX
8
L2
10
-22.051440080872837
20
-56.804878048780495
0
VERTEX
8
L2
10
-22.051440080872837
20
-57.6829268292683
0
VERTEX
8
L2
10
-21.556864260797923
20
-57.6829268292683
0
VERTEX
8
L2
10
-21.556864260797923
20
-57.5609756097561
0
VERTEX
8
L2
10
-21.67881548031012
20
-57.5609756097561
0
VERTEX
8
L2
10
-21.67881548031012
20
-57.58536585365854
0
VERTEX
8
L2
10
-21.953879105263084
20
-57.58536585365854
0
VERTEX
8
L2
10
-21.953879105263084
20
-56.902439024390254
0
VERTEX
8
L2
10
-21.596407971101613
20
-56.902439024390254
0
VERTEX
8
L2
10
-21.596407971101613
20
-57.31707317073172
0
VERTEX
8
L2
10
-21.620798215004058
20
-57.31707317073172
0
VERTEX
8
L2
10
-21.620798215004072
20
-57.439024390243915
0
VERTEX
8
L2
10
-21.498846995491874
20
-57.439024390243915
0
SEQEND
0
POLYLINE
8
L2
66
1
70
1
0
VERTEX
8
L2
10
-19.47676276060571
20
-56.40243902439024
0
VERTEX
8
L2
10
-19.354811541093497
20
-56.40243902439024
0
VERTEX
8
L2
10
-19.354811541093497
20
-56.28048780487804
0
VERTEX
8
L2
10
-19.47676276060571
20
-56.28048780487804
0
VERTEX
8
L2
10
-19.47676276060571
20
-56.40243902439024
0
SEQEND
0
POLYLINE
8
L2
66
1
70
1
0
VERTEX
8
L2
10
-19.248183337832756
20
-54.99999999999999
0
VERTEX
8
L2
10
-19.50184305057023
20
-54.99999999999999
0
VERTEX
8
L2
10
-19.50184305057023
20
-55.121951219512184
0
VERTEX
8
L2
10
-19.379891831058032
20
-55.121951219512184
0
VERTEX
8
L2
10
-19.379891831058032
20
-55.097560975609746
0
VERTEX
8
L2
10
-19.34574431344251
20
-55.097560975609746
0
VERTEX
8
L2
10
-19.34574431344251
20
-55.765771944543005
0
VERTEX
8
L2
10
-19.511934080310567
20
-55.765771944543005
0
VERTEX
8
L2
10
-19.511934080310567
20
-55.36585365853658
0
VERTEX
8
L2
10
-19.487543836408136
20
-55.36585365853658
0
VERTEX
8
L2
10
-19.487543836408136
20
-55.24390243902438
0
VERTEX
8
L2
10
-19.60949505592032
20
-55.24390243902438
0
VERTEX
8
L2
10
-19.60949505592032
20
-55.863332920152764
0
VERTEX
8
L2
10
-19.248183337832756
20
-55.863332920152764
0
VERTEX
8
L2
10
-19.248183337832756
20
-54.99999999999999
0
SEQEND
0
POLYLINE
8
L2
66
1
70
1
0
VERTEX
8
L2
10
-19.82432373621546
20
-56.28048780487804
0
VERTEX
8
L2
10
-19.82432373621546
20
-56.40243902439024
0
VERTEX
8
L2
10
-19.70237251670325
20
-56.40243902439024
0
VERTEX
8
L2
10
-19.70237251670325
20
-56.28048780487804
0
VERTEX
8
L2
10
-19.82432373621546
20
-56.28048780487804
0
SEQEND
0
POLYLINE
8
L2
66
1
70
1
0
VERTEX
8
L2
10
-19.873926109304378
20
-54.99999999999999
0
VERTEX
8
L2
10
-20.334902895212565
20
-54.99999999999999
0
VERTEX
8
L2
10
-20.334902895212565
20
-55.121951219512184
0
VERTEX
8
L2
10
-20.21295167570038
20
-55.121951219512184
0
VERTEX
8
L2
10
-20.21295167570038
20
-55.097560975609746
0
VERTEX
8
L2
10
-19.97148708491413
20
-55.097560975609746
0
VERTEX
8
L2
10
-19.97148708491413
20
-56.0096743835674
0
VERTEX
8
L2
10
-20.344993924952917
20
-56.0096743835674
0
VERTEX
8
L2
10
-20.344993924952917
20
-55.36585365853658
0
VERTEX
8
L2
10
-20.32060368105047
20
-55.36585365853658
0
VERTEX
8
L2
10
-20.32060368105047
20
-55.24390243902438
0
VERTEX
8
L2
10
-20.44255490056267
20
-55.24390243902438
0
VERTEX
8
L2
10
-20.44255490056267
20
-56.10723535917715
0
VERTEX
8
L2
10
-19.873926109304378
20
-56.10723535917715
0
VERTEX
8
L2
10
-19.873926109304378
20
-54.99999999999999
0
SEQEND
0
POLYLINE
8
L2
66
1
70
1
0
VERTEX
8
L2
10
-20.24884699549186
20
-56.28048780487804
0
VERTEX
8
L2
10
-20.370798215004072
20
-56.28048780487804
0
VERTEX
8
L2
10
-20.370798215004072
20
-56.40243902439024
0
VERTEX
8
L2
10
-20.24884699549186
20
-56.40243902439024
0
VERTEX
8
L2
10
-20.24884699549186
20
-56.28048780487804
0
SEQEND
0
POLYLINE
8
L2
66
1
70
1
0
VERTEX
8
L2
10
-20.298641754338647
20
-57.707317073170735
0
VERTEX
8
L2
10
-20.54141854997806
20
-57.707317073170735
0
VERTEX
8
L2
10
-20.54141854997806
20
-56.795203665213094
0
VERTEX
8
L2
10
-20.2742515104362
20
-56.795203665213094
0
VERTEX
8
L2
10
-20.2742515104362
20
-57.10008171399358
0
VERTEX
8
L2
10
-20.298641754338647
20
-57.10008171399358
0
VERTEX
8
L2
10
-20.298641754338647
20
-57.22203293350578
0
VERTEX
8
L2
10
-20.17669053482645
20
-57.22203293350578
0
VERTEX
8
L2
10
-20.17669053482645
20
-56.69764268960334
0
VERTEX
8
L2
10
-20.638979525587814
20
-56.69764268960334
0
VERTEX
8
L2
10
-20.638979525587814
20
-57.804878048780495
0
VERTEX
8
L2
10
-20.17669053482645
20
-57.804878048780495
0
VERTEX
8
L2
10
-20.17669053482645
20
-57.40495976277407
0
VERTEX
8
L2
10
-20.298641754338647
20
-57.40495976277407
0
VERTEX
8
L2
10
-20.298641754338647
20
-57.707317073170735
0
SEQEND
0
POLYLINE
8
L2
66
1
70
1
0
VERTEX
8
L2
10
-21.04762748329675
20
-56.28048780487804
0
VERTEX
8
L2
10
-21.047627483296736
20
-56.50000000000001
0
VERTEX
8
L2
10
-21.326152169309225
20
-56.50000000000001
0
VERTEX
8
L2
10
-21.326152169309225
20
-57.14642019007227
0
VERTEX
8
L2
10
-21.20420094979704
20
-57.14642019007227
0
VERTEX
8
L2
10
-21.20420094979704
20
-57.02446897056007
0
VERTEX
8
L2
10
-21.228591193699472
20
-57.02446897056007
0
VERTEX
8
L2
10
-21.228591193699472
20
-56.59756097560977
0
VERTEX
8
L2
10
-20.925676263784553
20
-56.59756097560977
0
VERTEX
8
L2
10
-20.925676263784553
20
-56.28048780487804
0
VERTEX
8
L2
10
-21.04762748329675
20
-56.28048780487804
0
SEQEND
0
POLYLINE
8
L2
66
1
70
1
0
VERTEX
8
L2
10
-19.871812486045954
20
-57.6829268292683
0
VERTEX
8
L2
10
-19.491089080813552
20
-57.6829268292683
0
VERTEX
8
L2
10
-19.491089080813552
20
-57.5609756097561
0
VERTEX
8
L2
10
-19.613040300325736
20
-57.5609756097561
0
VERTEX
8
L2
10
-19.613040300325736
20
-57.58536585365854
0
VERTEX
8
L2
10
-19.7742515104362
20
-57.58536585365854
0
VERTEX
8
L2
10
-19.7742515104362
20
-56.673252445700896
0
VERTEX
8
L2
10
-19.480998051073215
20
-56.673252445700896
0
VERTEX
8
L2
10
-19.480998051073215
20
-57.31707317073172
0
VERTEX
8
L2
10
-19.50538829497566
20
-57.31707317073172
0
VERTEX
8
L2
10
-19.50538829497566
20
-57.4390243902439
0
VERTEX
8
L2
10
-19.383437075463462
20
-57.4390243902439
0
VERTEX
8
L2
10
-19.383437075463462
20
-56.575691470091144
0
VERTEX
8
L2
10
-19.871812486045954
20
-56.575691470091144
0
VERTEX
8
L2
10
-19.871812486045954
20
-57.6829268292683
0
SEQEND
0
POLYLINE
8
L2
66
1
70
1
0
VERTEX
8
L2
10
-21.49884699549186
20
-56.40243902439024
0
VERTEX
8
L2
10
-21.49884699549186
20
-56.28048780487804
0
VERTEX
8
L2
10
-21.620798215004072
20
-56.28048780487804
0
VERTEX
8
L2
10
-21.620798215004072
20
-56.40243902439024
0
VERTEX
8
L2
10
-21.49884699549186
20
-56.40243902439024
0
SEQEND
0
POLYLINE
8
L2
66
1
70
1
0
VERTEX
8
L2
10
-16.0325437895999
20
-55.87552804210398
0
VERTEX
8
L2
10
-16.302392093053314
20
-55.87552804210398
0
VERTEX
8
L2
10
-16.302392093053314
20
-55.097560975609746
0
VERTEX
8
L2
10
-16.16458603885242
20
-55.097560975609746
0
VERTEX
8
L2
10
-16.16458603885242
20
-55.1219512195122
0
VERTEX
8
L2
10
-16.042634819340222
20
-55.1219512195122
0
VERTEX
8
L2
10
-16.042634819340222
20
-54.99999999999999
0
VERTEX
8
L2
10
-16.399953068663066
20
-54.99999999999999
0
VERTEX
8
L2
10
-16.399953068663066
20
-55.97308901771374
0
VERTEX
8
L2
10
-15.934982813990146
20
-55.97308901771374
0
VERTEX
8
L2
10
-15.934982813990146
20
-55.243902439024396
0
VERTEX
8
L2
10
-16.05693403350233
20
-55.243902439024396
0
VERTEX
8
L2
10
-16.05693403350233
20
-55.365853658536594
0
VERTEX
8
L2
10
-16.0325437895999
20
-55.365853658536594
0
VERTEX
8
L2
10
-16.0325437895999
20
-55.87552804210398
0
SEQEND
0
POLYLINE
8
L2
66
1
70
1
0
VERTEX
8
L2
10
-13.28663347334269
20
-57.6829268292683
0
VERTEX
8
L2
10
-12.868339614263746
20
-57.6829268292683
0
VERTEX
8
L2
10
-12.868339614263746
20
-56.52475264795704
0
VERTEX
8
L2
10
-13.39428547869278
20
-56.52475264795704
0
VERTEX
8
L2
10
-13.39428547869278
20
-57.4390243902439
0
VERTEX
8
L2
10
-13.272334259180582
20
-57.4390243902439
0
VERTEX
8
L2
10
-13.272334259180582
20
-57.31707317073171
0
VERTEX
8
L2
10
-13.296724503083013
20
-57.31707317073171
0
VERTEX
8
L2
10
-13.296724503083013
20
-56.62231362356679
0
VERTEX
8
L2
10
-12.965900589873499
20
-56.62231362356679
0
VERTEX
8
L2
10
-12.965900589873499
20
-57.58536585365854
0
VERTEX
8
L2
10
-13.164682253830492
20
-57.58536585365854
0
VERTEX
8
L2
10
-13.164682253830492
20
-57.5609756097561
0
VERTEX
8
L2
10
-13.28663347334269
20
-57.5609756097561
0
VERTEX
8
L2
10
-13.28663347334269
20
-57.6829268292683
0
SEQEND
0
POLYLINE
8
L2
66
1
70
1
0
VERTEX
8
L2
10
-16.398676013832286
20
-56.376771725657036
0
VERTEX
8
L2
10
-16.363367702809413
20
-56.39139690694721
0
VERTEX
8
L2
10
-16.328059391786525
20
-56.376771725657036
0
VERTEX
8
L2
10
-16.313434210496354
20
-56.341463414634156
0
VERTEX
8
L2
10
-16.32805939178651
20
-56.30615510361126
0
VERTEX
8
L2
10
-16.363367702809413
20
-56.291529922321104
0
VERTEX
8
L2
10
-16.398676013832286
20
-56.30615510361126
0
VERTEX
8
L2
10
-16.413301195122457
20
-56.341463414634156
0
VERTEX
8
L2
10
-16.398676013832286
20
-56.376771725657036
0
SEQEND
0
POLYLINE
8
L2
66
1
70
1
0
VERTEX
8
L2
10
-15.721328857289109
20
-56.10723535917715
0
VERTEX
8
L2
10
-14.716837414416375
20
-56.10723535917715
0
VERTEX
8
L2
10
-14.716837414416375
20
-55.243902439024396
0
VERTEX
8
L2
10
-14.838788633928559
20
-55.243902439024396
0
VERTEX
8
L2
10
-14.838788633928559
20
-55.365853658536594
0
VERTEX
8
L2
10
-14.814398390026128
20
-55.365853658536594
0
VERTEX
8
L2
10
-14.814398390026128
20
-56.0096743835674
0
VERTEX
8
L2
10
-15.623767881679356
20
-56.0096743835674
0
VERTEX
8
L2
10
-15.623767881679342
20
-55.097560975609746
0
VERTEX
8
L2
10
-15.1659528344006
20
-55.097560975609746
0
VERTEX
8
L2
10
-15.1659528344006
20
-55.1219512195122
0
VERTEX
8
L2
10
-15.044001614888401
20
-55.1219512195122
0
VERTEX
8
L2
10
-15.044001614888401
20
-54.99999999999999
0
VERTEX
8
L2
10
-15.721328857289109
20
-54.99999999999999
0
VERTEX
8
L2
10
-15.721328857289109
20
-56.10723535917715
0
SEQEND
0
POLYLINE
8
L2
66
1
70
1
0
VERTEX
8
L2
10
-12.869616669094526
20
-56.30615510361126
0
VERTEX
8
L2
10
-12.9049249801174
20
-56.291529922321104
0
VERTEX
8
L2
10
-12.940233291140302
20
-56.30615510361126
0
VERTEX
8
L2
10
-12.954858472430459
20
-56.341463414634156
0
VERTEX
8
L2
10
-12.940233291140288
20
-56.376771725657036
0
VERTEX
8
L2
10
-12.9049249801174
20
-56.39139690694721
0
VERTEX
8
L2
10
-12.869616669094526
20
-56.376771725657036
0
VERTEX
8
L2
10
-12.854991487804355
20
-56.341463414634156
0
VERTEX
8
L2
10
-12.869616669094526
20
-56.30615510361126
0
SEQEND
0
POLYLINE
8
L2
66
1
70
1
0
VERTEX
8
L2
10
-15.645188458906503
20
-57.439024390243915
0
VERTEX
8
L2
10
-15.645188458906489
20
-56.804878048780495
0
VERTEX
8
L2
10
-16.197781544287466
20
-56.804878048780495
0
VERTEX
8
L2
10
-16.197781544287466
20
-57.6829268292683
0
VERTEX
8
L2
10
-15.703205724212552
20
-57.6829268292683
0
VERTEX
8
L2
10
-15.703205724212552
20
-57.5609756097561
0
VERTEX
8
L2
10
-15.82515694372475
20
-57.5609756097561
0
VERTEX
8
L2
10
-15.82515694372475
20
-57.58536585365854
0
VERTEX
8
L2
10
-16.100220568677713
20
-57.58536585365854
0
VERTEX
8
L2
10
-16.100220568677713
20
-56.902439024390254
0
VERTEX
8
L2
10
-15.742749434516242
20
-56.902439024390254
0
VERTEX
8
L2
10
-15.742749434516242
20
-57.31707317073172
0
VERTEX
8
L2
10
-15.767139678418687
20
-57.31707317073172
0
VERTEX
8
L2
10
-15.767139678418701
20
-57.439024390243915
0
VERTEX
8
L2
10
-15.645188458906503
20
-57.439024390243915
0
SEQEND
0
POLYLINE
8
L2
66
1
70
1
0
VERTEX
8
L2
10
-13.623104224020338
20
-56.40243902439024
0
VERTEX
8
L2
10
-13.501153004508126
20
-56.40243902439024
0
VERTEX
8
L2
10
-13.501153004508126
20
-56.28048780487804
0
VERTEX
8
L2
10
-13.623104224020338
20
-56.28048780487804
0
VERTEX
8
L2
10
-13.623104224020338
20
-56.40243902439024
0
SEQEND
0
POLYLINE
8
L2
66
1
70
1
0
VERTEX
8
L2
10
-13.394524801247385
20
-54.99999999999999
0
VERTEX
8
L2
10
-13.648184513984859
20
-54.99999999999999
0
VERTEX
8
L2
10
-13.648184513984859
20
-55.121951219512184
0
VERTEX
8
L2
10
-13.52623329447266
20
-55.121951219512184
0
VERTEX
8
L2
10
-13.52623329447266
20
-55.097560975609746
0
VERTEX
8
L2
10
-13.492085776857138
20
-55.097560975609746
0
VERTEX
8
L2
10
-13.492085776857138
20
-55.765771944543005
0
VERTEX
8
L2
10
-13.658275543725196
20
-55.765771944543005
0
VERTEX
8
L2
10
-13.658275543725196
20
-55.36585365853658
0
VERTEX
8
L2
10
-13.633885299822765
20
-55.36585365853658
0
VERTEX
8
L2
10
-13.633885299822765
20
-55.24390243902438
0
VERTEX
8
L2
10
-13.755836519334949
20
-55.24390243902438
0
VERTEX
8
L2
10
-13.755836519334949
20
-55.863332920152764
0
VERTEX
8
L2
10
-13.394524801247385
20
-55.863332920152764
0
VERTEX
8
L2
10
-13.394524801247385
20
-54.99999999999999
0
SEQEND
0
POLYLINE
8
L2
66
1
70
1
0
VERTEX
8
L2
10
-13.97066519963009
20
-56.28048780487804
0
VERTEX
8
L2
10
-13.97066519963009
20
-56.40243902439024
0
VERTEX
8
L2
10
-13.848713980117878
20
-56.40243902439024
0
VERTEX
8
L2
10
-13.848713980117878
20
-56.28048780487804
0
VERTEX
8
L2
10
-13.97066519963009
20
-56.28048780487804
0
SEQEND
0
POLYLINE
8
L2
66
1
70
1
0
VERTEX
8
L2
10
-14.020267572719007
20
-54.99999999999999
0
VERTEX
8
L2
10
-14.481244358627194
20
-54.99999999999999
0
VERTEX
8
L2
10
-14.481244358627194
20
-55.121951219512184
0
VERTEX
8
L2
10
-14.35929313911501
20
-55.121951219512184
0
VERTEX
8
L2
10
-14.35929313911501
20
-55.097560975609746
0
VERTEX
8
L2
10
-14.11782854832876
20
-55.097560975609746
0
VERTEX
8
L2
10
-14.11782854832876
20
-56.0096743835674
0
VERTEX
8
L2
10
-14.491335388367546
20
-56.0096743835674
0
VERTEX
8
L2
10
-14.491335388367546
20
-55.36585365853658
0
VERTEX
8
L2
10
-14.4669451444651
20
-55.36585365853658
0
VERTEX
8
L2
10
-14.4669451444651
20
-55.24390243902438
0
VERTEX
8
L2
10
-14.588896363977298
20
-55.24390243902438
0
VERTEX
8
L2
10
-14.588896363977298
20
-56.10723535917715
0
VERTEX
8
L2
10
-14.020267572719007
20
-56.10723535917715
0
VERTEX
8
L2
10
-14.020267572719007
20
-54.99999999999999
0
SEQEND
0
POLYLINE
8
L2
66
1
70
1
0
VERTEX
8
L2
10
-14.395188458906489
20
-56.28048780487804
0
VERTEX
8
L2
10
-14.517139678418701
20
-56.28048780487804
0
VERTEX
8
L2
10
-14.517139678418701
20
-56.40243902439024
0
VERTEX
8
L2
10
-14.395188458906489
20
-56.40243902439024
0
VERTEX
8
L2
10
-14.395188458906489
20
-56.28048780487804
0
SEQEND
0
POLYLINE
8
L2
66
1
70
1
0
VERTEX
8
L2
10
-14.444983217753276
20
-57.707317073170735
0
VERTEX
8
L2
10
-14.68776001339269
20
-57.707317073170735
0
VERTEX
8
L2
10
-14.68776001339269
20
-56.795203665213094
0
VERTEX
8
L2
10
-14.42059297385083
20
-56.795203665213094
0
VERTEX
8
L2
10
-14.42059297385083
20
-57.10008171399358
0
VERTEX
8
L2
10
-14.444983217753276
20
-57.10008171399358
0
VERTEX
8
L2
10
-14.444983217753276
20
-57.22203293350578
0
VERTEX
8
L2
10
-14.323031998241078
20
-57.22203293350578
0
VERTEX
8
L2
10
-14.323031998241078
20
-56.69764268960334
0
VERTEX
8
L2
10
-14.785320989002443
20
-56.69764268960334
0
VERTEX
8
L2
10
-14.785320989002443
20
-57.804878048780495
0
VERTEX
8
L2
10
-14.323031998241078
20
-57.804878048780495
0
VERTEX
8
L2
10
-14.323031998241078
20
-57.40495976277407
0
VERTEX
8
L2
10
-14.444983217753276
20
-57.40495976277407
0
VERTEX
8
L2
10
-14.444983217753276
20
-57.707317073170735
0
SEQEND
0
POLYLINE
8
L2
66
1
70
1
0
VERTEX
8
L2
10
-15.19396894671138
20
-56.28048780487804
0
VERTEX
8
L2
10
-15.193968946711365
20
-56.50000000000001
0
VERTEX
8
L2
10
-15.472493632723854
20
-56.50000000000001
0
VERTEX
8
L2
10
-15.472493632723854
20
-57.14642019007227
0
VERTEX
8
L2
10
-15.35054241321167
20
-57.14642019007227
0
VERTEX
8
L2
10
-15.35054241321167
20
-57.02446897056007
0
VERTEX
8
L2
10
-15.374932657114101
20
-57.02446897056007
0
VERTEX
8
L2
10
-15.374932657114101
20
-56.59756097560977
0
VERTEX
8
L2
10
-15.072017727199182
20
-56.59756097560977
0
VERTEX
8
L2
10
-15.072017727199182
20
-56.28048780487804
0
VERTEX
8
L2
10
-15.19396894671138
20
-56.28048780487804
0
SEQEND
0
POLYLINE
8
L2
66
1
70
1
0
VERTEX
8
L2
10
-14.018153949460583
20
-57.6829268292683
0
VERTEX
8
L2
10
-13.637430544228181
20
-57.6829268292683
0
VERTEX
8
L2
10
-13.637430544228181
20
-57.5609756097561
0
VERTEX
8
L2
10
-13.759381763740365
20
-57.5609756097561
0
VERTEX
8
L2
10
-13.759381763740365
20
-57.58536585365854
0
VERTEX
8
L2
10
-13.92059297385083
20
-57.58536585365854
0
VERTEX
8
L2
10
-13.92059297385083
20
-56.673252445700896
0
VERTEX
8
L2
10
-13.627339514487844
20
-56.673252445700896
0
VERTEX
8
L2
10
-13.627339514487844
20
-57.31707317073172
0
VERTEX
8
L2
10
-13.651729758390289
20
-57.31707317073172
0
VERTEX
8
L2
10
-13.651729758390289
20
-57.4390243902439
0
VERTEX
8
L2
10
-13.529778538878091
20
-57.4390243902439
0
VERTEX
8
L2
10
-13.529778538878091
20
-56.575691470091144
0
VERTEX
8
L2
10
-14.018153949460583
20
-56.575691470091144
0
VERTEX
8
L2
10
-14.018153949460583
20
-57.6829268292683
0
SEQEND
0
POLYLINE
8
L2
66
1
70
1
0
VERTEX
8
L2
10
-15.645188458906489
20
-56.40243902439024
0
VERTEX
8
L2
10
-15.645188458906489
20
-56.28048780487804
0
VERTEX
8
L2
10
-15.767139678418701
20
-56.28048780487804
0
VERTEX
8
L2
10
-15.767139678418701
20
-56.40243902439024
0
VERTEX
8
L2
10
-15.645188458906489
20
-56.40243902439024
0
SEQEND
0
POLYLINE
8
L2
66
1
70
1
0
VERTEX
8
L2
10
-10.178885253014528
20
-55.87552804210398
0
VERTEX
8
L2
10
-10.448733556467943
20
-55.87552804210398
0
VERTEX
8
L2
10
-10.448733556467943
20
-55.097560975609746
0
VERTEX
8
L2
10
-10.310927502267049
20
-55.097560975609746
0
VERTEX
8
L2
10
-10.310927502267049
20
-55.1219512195122
0
VERTEX
8
L2
10
-10.188976282754851
20
-55.1219512195122
0
VERTEX
8
L2
10
-10.188976282754851
20
-54.99999999999999
0
VERTEX
8
L2
10
-10.546294532077695
20
-54.99999999999999
0
VERTEX
8
L2
10
-10.546294532077695
20
-55.97308901771374
0
VERTEX
8
L2
10
-10.081324277404775
20
-55.97308901771374
0
VERTEX
8
L2
10
-10.081324277404775
20
-55.243902439024396
0
VERTEX
8
L2
10
-10.203275496916959
20
-55.243902439024396
0
VERTEX
8
L2
10
-10.203275496916959
20
-55.365853658536594
0
VERTEX
8
L2
10
-10.178885253014528
20
-55.365853658536594
0
VERTEX
8
L2
10
-10.178885253014528
20
-55.87552804210398
0
SEQEND
0
POLYLINE
8
L2
66
1
70
1
0
VERTEX
8
L2
10
-7.432974936757319
20
-57.6829268292683
0
VERTEX
8
L2
10
-7.014681077678375
20
-57.6829268292683
0
VERTEX
8
L2
10
-7.014681077678375
20
-56.52475264795704
0
VERTEX
8
L2
10
-7.540626942107409
20
-56.52475264795704
0
VERTEX
8
L2
10
-7.540626942107409
20
-57.4390243902439
0
VERTEX
8
L2
10
-7.418675722595211
20
-57.4390243902439
0
VERTEX
8
L2
10
-7.418675722595211
20
-57.31707317073171
0
VERTEX
8
L2
10
-7.443065966497642
20
-57.31707317073171
0
VERTEX
8
L2
10
-7.443065966497642
20
-56.62231362356679
0
VERTEX
8
L2
10
-7.112242053288128
20
-56.62231362356679
0
VERTEX
8
L2
10
-7.112242053288128
20
-57.58536585365854
0
VERTEX
8
L2
10
-7.311023717245121
20
-57.58536585365854
0
VERTEX
8
L2
10
-7.311023717245121
20
-57.5609756097561
0
VERTEX
8
L2
10
-7.432974936757319
20
-57.5609756097561
0
VERTEX
8
L2
10
-7.432974936757319
20
-57.6829268292683
0
SEQEND
0
POLYLINE
8
L2
66
1
70
1
0
VERTEX
8
L2
10
-10.545017477246915
20
-56.376771725657036
0
VERTEX
8
L2
10
-10.509709166224042
20
-56.39139690694721
0
VERTEX
8
L2
10
-10.474400855201154
20
-56.376771725657036
0
VERTEX
8
L2
10
-10.459775673910983
20
-56.341463414634156
0
VERTEX
8
L2
10
-10.47440085520114
20
-56.30615510361126
0
VERTEX
8
L2
10
-10.509709166224042
20
-56.291529922321104
0
VERTEX
8
L2
10
-10.545017477246915
20
-56.30615510361126
0
VERTEX
8
L2
10
-10.559642658537086
20
-56.341463414634156
0
VERTEX
8
L2
10
-10.545017477246915
20
-56.376771725657036
0
SEQEND
0
POLYLINE
8
L2
66
1
70
1
0
VERTEX
8
L2
10
-9.867670320703738
20
-56.10723535917715
0
VERTEX
8
L2
10
-8.863178877831004
20
-56.10723535917715
0
VERTEX
8
L2
10
-8.863178877831004
20
-55.243902439024396
0
VERTEX
8
L2
10
-8.985130097343188
20
-55.243902439024396
0
VERTEX
8
L2
10
-8.985130097343188
20
-55.365853658536594
0
VERTEX
8
L2
10
-8.960739853440757
20
-55.365853658536594
0
VERTEX
8
L2
10
-8.960739853440757
20
-56.0096743835674
0
VERTEX
8
L2
10
-9.770109345093985
20
-56.0096743835674
0
VERTEX
8
L2
10
-9.77010934509397
20
-55.097560975609746
0
VERTEX
8
L2
10
-9.312294297815228
20
-55.097560975609746
0
VERTEX
8
L2
10
-9.312294297815228
20
-55.1219512195122
0
VERTEX
8
L2
10
-9.19034307830303
20
-55.1219512195122
0
VERTEX
8
L2
10
-9.19034307830303
20
-54.99999999999999
0
VERTEX
8
L2
10
-9.867670320703738
20
-54.99999999999999
0
VERTEX
8
L2
10
-9.867670320703738
20
-56.10723535917715
0
SEQEND
0
POLYLINE
8
L2
66
1
70
1
0
VERTEX
8
L2
10
-7.015958132509155
20
-56.30615510361126
0
VERTEX
8
L2
10
-7.051266443532029
20
-56.291529922321104
0
VERTEX
8
L2
10
-7.086574754554931
20
-56.30615510361126
0
VERTEX
8
L2
10
-7.101199935845088
20
-56.341463414634156
0
VERTEX
8
L2
10
-7.086574754554917
20
-56.376771725657036
0
VERTEX
8
L2
10
-7.051266443532029
20
-56.39139690694721
0
VERTEX
8
L2
10
-7.015958132509155
20
-56.376771725657036
0
VERTEX
8
L2
10
-7.001332951218984
20
-56.341463414634156
0
VERTEX
8
L2
10
-7.015958132509155
20
-56.30615510361126
0
SEQEND
0
POLYLINE
8
L2
66
1
70
1
0
VERTEX
8
L2
10
-9.791529922321132
20
-57.439024390243915
0
VERTEX
8
L2
10
-9.791529922321118
20
-56.804878048780495
0
VERTEX
8
L2
10
-10.344123007702095
20
-56.804878048780495
0
VERTEX
8
L2
10
-10.344123007702095
20
-57.6829268292683
0
VERTEX
8
L2
10
-9.84954718762718
20
-57.6829268292683
0
VERTEX
8
L2
10
-9.84954718762718
20
-57.5609756097561
0
VERTEX
8
L2
10
-9.971498407139379
20
-57.5609756097561
0
VERTEX
8
L2
10
-9.971498407139379
20
-57.58536585365854
0
VERTEX
8
L2
10
-10.246562032092342
20
-57.58536585365854
0
VERTEX
8
L2
10
-10.246562032092342
20
-56.902439024390254
0
VERTEX
8
L2
10
-9.88909089793087
20
-56.902439024390254
0
VERTEX
8
L2
10
-9.88909089793087
20
-57.31707317073172
0
VERTEX
8
L2
10
-9.913481141833316
20
-57.31707317073172
0
VERTEX
8
L2
10
-9.91348114183333
20
-57.439024390243915
0
VERTEX
8
L2
10
-9.791529922321132
20
-57.439024390243915
0
SEQEND
0
POLYLINE
8
L2
66
1
70
1
0
VERTEX
8
L2
10
-7.769445687434967
20
-56.40243902439024
0
VERTEX
8
L2
10
-7.647494467922755
20
-56.40243902439024
0
VERTEX
8
L2
10
-7.647494467922755
20
-56.28048780487804
0
VERTEX
8
L2
10
-7.769445687434967
20
-56.28048780487804
0
VERTEX
8
L2
10
-7.769445687434967
20
-56.40243902439024
0
SEQEND
0
POLYLINE
8
L2
66
1
70
1
0
VERTEX
8
L2
10
-7.540866264662014
20
-54.99999999999999
0
VERTEX
8
L2
10
-7.794525977399488
20
-54.99999999999999
0
VERTEX
8
L2
10
-7.794525977399488
20
-55.121951219512184
0
VERTEX
8
L2
10
-7.67257475788729
20
-55.121951219512184
0
VERTEX
8
L2
10
-7.67257475788729
20
-55.097560975609746
0
VERTEX
8
L2
10
-7.638427240271767
20
-55.097560975609746
0
VERTEX
8
L2
10
-7.638427240271767
20
-55.765771944543005
0
VERTEX
8
L2
10
-7.804617007139825
20
-55.765771944543005
0
VERTEX
8
L2
10
-7.804617007139825
20
-55.36585365853658
0
VERTEX
8
L2
10
-7.780226763237394
20
-55.36585365853658
0
VERTEX
8
L2
10
-7.780226763237394
20
-55.24390243902438
0
VERTEX
8
L2
10
-7.902177982749578
20
-55.24390243902438
0
VERTEX
8
L2
10
-7.902177982749578
20
-55.863332920152764
0
VERTEX
8
L2
10
-7.540866264662014
20
-55.863332920152764
0
VERTEX
8
L2
10
-7.540866264662014
20
-54.99999999999999
0
SEQEND
0
POLYLINE
8
L2
66
1
70
1
0
VERTEX
8
L2
10
-8.11700666304472
20
-56.28048780487804
0
VERTEX
8
L2
10
-8.11700666304472
20
-56.40243902439024
0
VERTEX
8
L2
10
-7.995055443532507
20
-56.40243902439024
0
VERTEX
8
L2
10
-7.995055443532507
20
-56.28048780487804
0
VERTEX
8
L2
10
-8.11700666304472
20
-56.28048780487804
0
SEQEND
0
POLYLINE
8
L2
66
1
70
1
0
VERTEX
8
L2
10
-8.166609036133636
20
-54.99999999999999
0
VERTEX
8
L2
10
-8.627585822041823
20
-54.99999999999999
0
VERTEX
8
L2
10
-8.627585822041823
20
-55.121951219512184
0
VERTEX
8
L2
10
-8.50563460252964
20
-55.121951219512184
0
VERTEX
8
L2
10
-8.50563460252964
20
-55.097560975609746
0
VERTEX
8
L2
10
-8.264170011743388
20
-55.097560975609746
0
VERTEX
8
L2
10
-8.264170011743388
20
-56.0096743835674
0
VERTEX
8
L2
10
-8.637676851782174
20
-56.0096743835674
0
VERTEX
8
L2
10
-8.637676851782174
20
-55.36585365853658
0
VERTEX
8
L2
10
-8.61328660787973
20
-55.36585365853658
0
VERTEX
8
L2
10
-8.61328660787973
20
-55.24390243902438
0
VERTEX
8
L2
10
-8.735237827391927
20
-55.24390243902438
0
VERTEX
8
L2
10
-8.735237827391927
20
-56.10723535917715
0
VERTEX
8
L2
10
-8.166609036133636
20
-56.10723535917715
0
VERTEX
8
L2
10
-8.166609036133636
20
-54.99999999999999
0
SEQEND
0
POLYLINE
8
L2
66
1
70
1
0
VERTEX
8
L2
10
-8.541529922321118
20
-56.28048780487804
0
VERTEX
8
L2
10
-8.66348114183333
20
-56.28048780487804
0
VERTEX
8
L2
10
-8.66348114183333
20
-56.40243902439024
0
VERTEX
8
L2
10
-8.541529922321118
20
-56.40243902439024
0
VERTEX
8
L2
10
-8.541529922321118
20
-56.28048780487804
0
SEQEND
0
POLYLINE
8
L2
66
1
70
1
0
VERTEX
8
L2
10
-8.591324681167904
20
-57.707317073170735
0
VERTEX
8
L2
10
-8.83410147680732
20
-57.707317073170735
0
VERTEX
8
L2
10
-8.83410147680732
20
-56.795203665213094
0
VERTEX
8
L2
10
-8.56693443726546
20
-56.795203665213094
0
VERTEX
8
L2
10
-8.56693443726546
20
-57.10008171399358
0
VERTEX
8
L2
10
-8.591324681167904
20
-57.10008171399358
0
VERTEX
8
L2
10
-8.591324681167904
20
-57.22203293350578
0
VERTEX
8
L2
10
-8.469373461655707
20
-57.22203293350578
0
VERTEX
8
L2
10
-8.469373461655707
20
-56.69764268960334
0
VERTEX
8
L2
10
-8.931662452417072
20
-56.69764268960334
0
VERTEX
8
L2
10
-8.931662452417072
20
-57.804878048780495
0
VERTEX
8
L2
10
-8.469373461655707
20
-57.804878048780495
0
VERTEX
8
L2
10
-8.469373461655707
20
-57.40495976277407
0
VERTEX
8
L2
10
-8.591324681167904
20
-57.40495976277407
0
VERTEX
8
L2
10
-8.591324681167904
20
-57.707317073170735
0
SEQEND
0
POLYLINE
8
L2
66
1
70
1
0
VERTEX
8
L2
10
-9.340310410126008
20
-56.28048780487804
0
VERTEX
8
L2
10
-9.340310410125994
20
-56.50000000000001
0
VERTEX
8
L2
10
-9.618835096138483
20
-56.50000000000001
0
VERTEX
8
L2
10
-9.618835096138483
20
-57.14642019007227
0
VERTEX
8
L2
10
-9.496883876626299
20
-57.14642019007227
0
VERTEX
8
L2
10
-9.496883876626299
20
-57.02446897056007
0
VERTEX
8
L2
10
-9.52127412052873
20
-57.02446897056007
0
VERTEX
8
L2
10
-9.52127412052873
20
-56.59756097560977
0
VERTEX
8
L2
10
-9.21835919061381
20
-56.59756097560977
0
VERTEX
8
L2
10
-9.21835919061381
20
-56.28048780487804
0
VERTEX
8
L2
10
-9.340310410126008
20
-56.28048780487804
0
SEQEND
0
POLYLINE
8
L2
66
1
70
1
0
VERTEX
8
L2
10
-8.164495412875212
20
-57.6829268292683
0
VERTEX
8
L2
10
-7.78377200764281
20
-57.6829268292683
0
VERTEX
8
L2
10
-7.78377200764281
20
-57.5609756097561
0
VERTEX
8
L2
10
-7.9057232271549935
20
-57.5609756097561
0
VERTEX
8
L2
10
-7.9057232271549935
20
-57.58536585365854
0
VERTEX
8
L2
10
-8.06693443726546
20
-57.58536585365854
0
VERTEX
8
L2
10
-8.06693443726546
20
-56.673252445700896
0
VERTEX
8
L2
10
-7.7736809779024725
20
-56.673252445700896
0
VERTEX
8
L2
10
-7.7736809779024725
20
-57.31707317073172
0
VERTEX
8
L2
10
-7.798071221804918
20
-57.31707317073172
0
VERTEX
8
L2
10
-7.798071221804918
20
-57.4390243902439
0
VERTEX
8
L2
10
-7.67612000229272
20
-57.4390243902439
0
VERTEX
8
L2
10
-7.67612000229272
20
-56.575691470091144
0
VERTEX
8
L2
10
-8.164495412875212
20
-56.575691470091144
0
VERTEX
8
L2
10
-8.164495412875212
20
-57.6829268292683
0
SEQEND
0
POLYLINE
8
L2
66
1
70
1
0
VERTEX
8
L2
10
-9.791529922321118
20
-56.40243902439024
0
VERTEX
8
L2
10
-9.791529922321118
20
-56.28048780487804
0
VERTEX
8
L2
10
-9.91348114183333
20
-56.28048780487804
0
VERTEX
8
L2
10
-9.91348114183333
20
-56.40243902439024
0
VERTEX
8
L2
10
-9.791529922321118
20
-56.40243902439024
0
SEQEND
0
POLYLINE
8
L2
66
1
70
1
0
VERTEX
8
L2
10
-4.325226716429171
20
-55.87552804210398
0
VERTEX
8
L2
10
-4.595075019882586
20
-55.87552804210398
0
VERTEX
8
L2
10
-4.595075019882586
20
-55.097560975609746
0
VERTEX
8
L2
10
-4.457268965681692
20
-55.097560975609746
0
VERTEX
8
L2
10
-4.457268965681692
20
-55.1219512195122
0
VERTEX
8
L2
10
-4.335317746169494
20
-55.1219512195122
0
VERTEX
8
L2
10
-4.335317746169494
20
-54.99999999999999
0
VERTEX
8
L2
10
-4.6926359954923385
20
-54.99999999999999
0
VERTEX
8
L2
10
-4.6926359954923385
20
-55.97308901771374
0
VERTEX
8
L2
10
-4.227665740819418
20
-55.97308901771374
0
VERTEX
8
L2
10
-4.227665740819418
20
-55.243902439024396
0
VERTEX
8
L2
10
-4.349616960331602
20
-55.243902439024396
0
VERTEX
8
L2
10
-4.349616960331602
20
-55.365853658536594
0
VERTEX
8
L2
10
-4.325226716429171
20
-55.365853658536594
0
VERTEX
8
L2
10
-4.325226716429171
20
-55.87552804210398
0
SEQEND
0
POLYLINE
8
L2
66
1
70
1
0
VERTEX
8
L2
10
-1.5793164001719617
20
-57.6829268292683
0
VERTEX
8
L2
10
-1.1610225410930184
20
-57.6829268292683
0
VERTEX
8
L2
10
-1.1610225410930184
20
-56.52475264795704
0
VERTEX
8
L2
10
-1.6869684055220517
20
-56.52475264795704
0
VERTEX
8
L2
10
-1.6869684055220517
20
-57.4390243902439
0
VERTEX
8
L2
10
-1.5650171860098538
20
-57.4390243902439
0
VERTEX
8
L2
10
-1.5650171860098538
20
-57.31707317073171
0
VERTEX
8
L2
10
-1.589407429912285
20
-57.31707317073171
0
VERTEX
8
L2
10
-1.589407429912285
20
-56.62231362356679
0
VERTEX
8
L2
10
-1.258583516702771
20
-56.62231362356679
0
VERTEX
8
L2
10
-1.258583516702771
20
-57.58536585365854
0
VERTEX
8
L2
10
-1.4573651806597638
20
-57.58536585365854
0
VERTEX
8
L2
10
-1.4573651806597638
20
-57.5609756097561
0
VERTEX
8
L2
10
-1.5793164001719617
20
-57.5609756097561
0
VERTEX
8
L2
10
-1.5793164001719617
20
-57.6829268292683
0
SEQEND
0
POLYLINE
8
L2
66
1
70
1
0
VERTEX
8
L2
10
-4.691358940661559
20
-56.376771725657036
0
VERTEX
8
L2
10
-4.656050629638685
20
-56.39139690694721
0
VERTEX
8
L2
10
-4.620742318615797
20
-56.376771725657036
0
VERTEX
8
L2
10
-4.606117137325626
20
-56.341463414634156
0
VERTEX
8
L2
10
-4.6207423186157826
20
-56.30615510361126
0
VERTEX
8
L2
10
-4.656050629638685
20
-56.291529922321104
0
VERTEX
8
L2
10
-4.691358940661559
20
-56.30615510361126
0
VERTEX
8
L2
10
-4.7059841219517295
20
-56.341463414634156
0
VERTEX
8
L2
10
-4.691358940661559
20
-56.376771725657036
0
SEQEND
0
POLYLINE
8
L2
66
1
70
1
0
VERTEX
8
L2
10
-4.014011784118381
20
-56.10723535917715
0
VERTEX
8
L2
10
-3.009520341245647
20
-56.10723535917715
0
VERTEX
8
L2
10
-3.009520341245647
20
-55.243902439024396
0
VERTEX
8
L2
10
-3.1314715607578307
20
-55.243902439024396
0
VERTEX
8
L2
10
-3.1314715607578307
20
-55.365853658536594
0
VERTEX
8
L2
10
-3.1070813168553997
20
-55.365853658536594
0
VERTEX
8
L2
10
-3.1070813168553997
20
-56.0096743835674
0
VERTEX
8
L2
10
-3.9164508085086283
20
-56.0096743835674
0
VERTEX
8
L2
10
-3.916450808508614
20
-55.097560975609746
0
VERTEX
8
L2
10
-3.4586357612298713
20
-55.097560975609746
0
VERTEX
8
L2
10
-3.4586357612298713
20
-55.1219512195122
0
VERTEX
8
L2
10
-3.3366845417176734
20
-55.1219512195122
0
VERTEX
8
L2
10
-3.3366845417176734
20
-54.99999999999999
0
VERTEX
8
L2
10
-4.014011784118381
20
-54.99999999999999
0
VERTEX
8
L2
10
-4.014011784118381
20
-56.10723535917715
0
SEQEND
0
POLYLINE
8
L2
66
1
70
1
0
VERTEX
8
L2
10
-1.1622995959237983
20
-56.30615510361126
0
VERTEX
8
L2
10
-1.197607906946672
20
-56.291529922321104
0
VERTEX
8
L2
10
-1.2329162179695743
20
-56.30615510361126
0
VERTEX
8
L2
10
-1.247541399259731
20
-56.341463414634156
0
VERTEX
8
L2
10
-1.23291621796956
20
-56.376771725657036
0
VERTEX
8
L2
10
-1.197607906946672
20
-56.39139690694721
0
VERTEX
8
L2
10
-1.1622995959237983
20
-56.376771725657036
0
VERTEX
8
L2
10
-1.1476744146336273
20
-56.341463414634156
0
VERTEX
8
L2
10
-1.1622995959237983
20
-56.30615510361126
0
SEQEND
0
POLYLINE
8
L2
66
1
70
1
0
VERTEX
8
L2
10
-3.937871385735775
20
-57.439024390243915
0
VERTEX
8
L2
10
-3.937871385735761
20
-56.804878048780495
0
VERTEX
8
L2
10
-4.490464471116738
20
-56.804878048780495
0
VERTEX
8
L2
10
-4.490464471116738
20
-57.6829268292683
0
VERTEX
8
L2
10
-3.995888651041824
20
-57.6829268292683
0
VERTEX
8
L2
10
-3.995888651041824
20
-57.5609756097561
0
VERTEX
8
L2
10
-4.117839870554022
20
-57.5609756097561
0
VERTEX
8
L2
10
-4.117839870554022
20
-57.58536585365854
0
VERTEX
8
L2
10
-4.392903495506985
20
-57.58536585365854
0
VERTEX
8
L2
10
-4.392903495506985
20
-56.902439024390254
0
VERTEX
8
L2
10
-4.035432361345514
20
-56.902439024390254
0
VERTEX
8
L2
10
-4.035432361345514
20
-57.31707317073172
0
VERTEX
8
L2
10
-4.059822605247959
20
-57.31707317073172
0
VERTEX
8
L2
10
-4.059822605247973
20
-57.439024390243915
0
VERTEX
8
L2
10
-3.937871385735775
20
-57.439024390243915
0
SEQEND
0
POLYLINE
8
L2
66
1
70
1
0
VERTEX
8
L2
10
-1.91578715084961
20
-56.40243902439024
0
VERTEX
8
L2
10
-1.793835931337398
20
-56.40243902439024
0
VERTEX
8
L2
10
-1.793835931337398
20
-56.28048780487804
0
VERTEX
8
L2
10
-1.91578715084961
20
-56.28048780487804
0
VERTEX
8
L2
10
-1.91578715084961
20
-56.40243902439024
0
SEQEND
0
POLYLINE
8
L2
66
1
70
1
0
VERTEX
8
L2
10
-1.6872077280766575
20
-54.99999999999999
0
VERTEX
8
L2
10
-1.9408674408141309
20
-54.99999999999999
0
VERTEX
8
L2
10
-1.9408674408141309
20
-55.121951219512184
0
VERTEX
8
L2
10
-1.818916221301933
20
-55.121951219512184
0
VERTEX
8
L2
10
-1.818916221301933
20
-55.097560975609746
0
VERTEX
8
L2
10
-1.7847687036864102
20
-55.097560975609746
0
VERTEX
8
L2
10
-1.7847687036864102
20
-55.765771944543005
0
VERTEX
8
L2
10
-1.9509584705544682
20
-55.765771944543005
0
VERTEX
8
L2
10
-1.9509584705544682
20
-55.36585365853658
0
VERTEX
8
L2
10
-1.9265682266520372
20
-55.36585365853658
0
VERTEX
8
L2
10
-1.9265682266520372
20
-55.24390243902438
0
VERTEX
8
L2
10
-2.048519446164221
20
-55.24390243902438
0
VERTEX
8
L2
10
-2.048519446164221
20
-55.863332920152764
0
VERTEX
8
L2
10
-1.6872077280766575
20
-55.863332920152764
0
VERTEX
8
L2
10
-1.6872077280766575
20
-54.99999999999999
0
SEQEND
0
POLYLINE
8
L2
66
1
70
1
0
VERTEX
8
L2
10
-2.2633481264593627
20
-56.28048780487804
0
VERTEX
8
L2
10
-2.2633481264593627
20
-56.40243902439024
0
VERTEX
8
L2
10
-2.1413969069471506
20
-56.40243902439024
0
VERTEX
8
L2
10
-2.1413969069471506
20
-56.28048780487804
0
VERTEX
8
L2
10
-2.2633481264593627
20
-56.28048780487804
0
SEQEND
0
POLYLINE
8
L2
66
1
70
1
0
VERTEX
8
L2
10
-2.312950499548279
20
-54.99999999999999
0
VERTEX
8
L2
10
-2.773927285456466
20
-54.99999999999999
0
VERTEX
8
L2
10
-2.773927285456466
20
-55.121951219512184
0
VERTEX
8
L2
10
-2.6519760659442824
20
-55.121951219512184
0
VERTEX
8
L2
10
-2.6519760659442824
20
-55.097560975609746
0
VERTEX
8
L2
10
-2.4105114751580317
20
-55.097560975609746
0
VERTEX
8
L2
10
-2.4105114751580317
20
-56.0096743835674
0
VERTEX
8
L2
10
-2.7840183151968176
20
-56.0096743835674
0
VERTEX
8
L2
10
-2.7840183151968176
20
-55.36585365853658
0
VERTEX
8
L2
10
-2.7596280712943724
20
-55.36585365853658
0
VERTEX
8
L2
10
-2.7596280712943724
20
-55.24390243902438
0
VERTEX
8
L2
10
-2.8815792908065703
20
-55.24390243902438
0
VERTEX
8
L2
10
-2.8815792908065703
20
-56.10723535917715
0
VERTEX
8
L2
10
-2.312950499548279
20
-56.10723535917715
0
VERTEX
8
L2
10
-2.312950499548279
20
-54.99999999999999
0
SEQEND
0
POLYLINE
8
L2
66
1
70
1
0
VERTEX
8
L2
10
-2.687871385735761
20
-56.28048780487804
0
VERTEX
8
L2
10
-2.809822605247973
20
-56.28048780487804
0
VERTEX
8
L2
10
-2.809822605247973
20
-56.40243902439024
0
VERTEX
8
L2
10
-2.687871385735761
20
-56.40243902439024
0
VERTEX
8
L2
10
-2.687871385735761
20
-56.28048780487804
0
SEQEND
0
POLYLINE
8
L2
66
1
70
1
0
VERTEX
8
L2
10
-2.7376661445825476
20
-57.707317073170735
0
VERTEX
8
L2
10
-2.9804429402219625
20
-57.707317073170735
0
VERTEX
8
L2
10
-2.9804429402219625
20
-56.795203665213094
0
VERTEX
8
L2
10
-2.7132759006801024
20
-56.795203665213094
0
VERTEX
8
L2
10
-2.7132759006801024
20
-57.10008171399358
0
VERTEX
8
L2
10
-2.7376661445825476
20
-57.10008171399358
0
VERTEX
8
L2
10
-2.7376661445825476
20
-57.22203293350578
0
VERTEX
8
L2
10
-2.6157149250703498
20
-57.22203293350578
0
VERTEX
8
L2
10
-2.6157149250703498
20
-56.69764268960334
0
VERTEX
8
L2
10
-3.078003915831715
20
-56.69764268960334
0
VERTEX
8
L2
10
-3.078003915831715
20
-57.804878048780495
0
VERTEX
8
L2
10
-2.6157149250703498
20
-57.804878048780495
0
VERTEX
8
L2
10
-2.6157149250703498
20
-57.40495976277407
0
VERTEX
8
L2
10
-2.7376661445825476
20
-57.40495976277407
0
VERTEX
8
L2
10
-2.7376661445825476
20
-57.707317073170735
0
SEQEND
0
POLYLINE
8
L2
66
1
70
1
0
VERTEX
8
L2
10
-3.4866518735406515
20
-56.28048780487804
0
VERTEX
8
L2
10
-3.4866518735406373
20
-56.50000000000001
0
VERTEX
8
L2
10
-3.765176559553126
20
-56.50000000000001
0
VERTEX
8
L2
10
-3.765176559553126
20
-57.14642019007227
0
VERTEX
8
L2
10
-3.6432253400409422
20
-57.14642019007227
0
VERTEX
8
L2
10
-3.6432253400409422
20
-57.02446897056007
0
VERTEX
8
L2
10
-3.6676155839433733
20
-57.02446897056007
0
VERTEX
8
L2
10
-3.6676155839433733
20
-56.59756097560977
0
VERTEX
8
L2
10
-3.3647006540284536
20
-56.59756097560977
0
VERTEX
8
L2
10
-3.3647006540284536
20
-56.28048780487804
0
VERTEX
8
L2
10
-3.4866518735406515
20
-56.28048780487804
0
SEQEND
0
POLYLINE
8
L2
66
1
70
1
0
VERTEX
8
L2
10
-2.310836876289855
20
-57.6829268292683
0
VERTEX
8
L2
10
-1.930113471057453
20
-57.6829268292683
0
VERTEX
8
L2
10
-1.930113471057453
20
-57.5609756097561
0
VERTEX
8
L2
10
-2.0520646905696367
20
-57.5609756097561
0
VERTEX
8
L2
10
-2.0520646905696367
20
-57.58536585365854
0
VERTEX
8
L2
10
-2.2132759006801024
20
-57.58536585365854
0
VERTEX
8
L2
10
-2.2132759006801024
20
-56.673252445700896
0
VERTEX
8
L2
10
-1.9200224413171156
20
-56.673252445700896
0
VERTEX
8
L2
10
-1.9200224413171156
20
-57.31707317073172
0
VERTEX
8
L2
10
-1.944412685219561
20
-57.31707317073172
0
VERTEX
8
L2
10
-1.944412685219561
20
-57.4390243902439
0
VERTEX
8
L2
10
-1.822461465707363
20
-57.4390243902439
0
VERTEX
8
L2
10
-1.822461465707363
20
-56.575691470091144
0
VERTEX
8
L2
10
-2.310836876289855
20
-56.575691470091144
0
VERTEX
8
L2
10
-2.310836876289855
20
-57.6829268292683
0
SEQEND
0
POLYLINE
8
L2
66
1
70
1
0
VERTEX
8
L2
10
-3.937871385735761
20
-56.40243902439024
0
VERTEX
8
L2
10
-3.937871385735761
20
-56.28048780487804
0
VERTEX
8
L2
10
-4.059822605247973
20
-56.28048780487804
0
VERTEX
8
L2
10
-4.059822605247973
20
-56.40243902439024
0
VERTEX
8
L2
10
-3.937871385735761
20
-56.40243902439024
0
SEQEND
0
POLYLINE
8
L2
66
1
70
1
0
VERTEX
8
L2
10
1.5284318201562002
20
-55.87552804210398
0
VERTEX
8
L2
10
1.2585835167027852
20
-55.87552804210398
0
VERTEX
8
L2
10
1.2585835167027852
20
-55.097560975609746
0
VERTEX
8
L2
10
1.396389570903679
20
-55.097560975609746
0
VERTEX
8
L2
10
1.396389570903679
20
-55.1219512195122
0
VERTEX
8
L2
10
1.518340790415877
20
-55.1219512195122
0
VERTEX
8
L2
10
1.518340790415877
20
-54.99999999999999
0
VERTEX
8
L2
10
1.1610225410930326
20
-54.99999999999999
0
VERTEX
8
L2
10
1.1610225410930326
20
-55.97308901771374
0
VERTEX
8
L2
10
1.6259927957659528
20
-55.97308901771374
0
VERTEX
8
L2
10
1.6259927957659528
20
-55.243902439024396
0
VERTEX
8
L2
10
1.504041576253769
20
-55.243902439024396
0
VERTEX
8
L2
10
1.504041576253769
20
-55.365853658536594
0
VERTEX
8
L2
10
1.5284318201562002
20
-55.365853658536594
0
VERTEX
8
L2
10
1.5284318201562002
20
-55.87552804210398
0
SEQEND
0
POLYLINE
8
L2
66
1
70
1
0
VERTEX
8
L2
10
4.274342136413409
20
-57.6829268292683
0
VERTEX
8
L2
10
4.692635995492353
20
-57.6829268292683
0
VERTEX
8
L2
10
4.692635995492353
20
-56.52475264795704
0
VERTEX
8
L2
10
4.166690131063319
20
-56.52475264795704
0
VERTEX
8
L2
10
4.166690131063319
20
-57.4390243902439
0
VERTEX
8
L2
10
4.288641350575517
20
-57.4390243902439
0
VERTEX
8
L2
10
4.288641350575517
20
-57.31707317073171
0
VERTEX
8
L2
10
4.264251106673086
20
-57.31707317073171
0
VERTEX
8
L2
10
4.264251106673086
20
-56.62231362356679
0
VERTEX
8
L2
10
4.5950750198826
20
-56.62231362356679
0
VERTEX
8
L2
10
4.5950750198826
20
-57.58536585365854
0
VERTEX
8
L2
10
4.396293355925607
20
-57.58536585365854
0
VERTEX
8
L2
10
4.396293355925607
20
-57.5609756097561
0
VERTEX
8
L2
10
4.274342136413409
20
-57.5609756097561
0
VERTEX
8
L2
10
4.274342136413409
20
-57.6829268292683
0
SEQEND
0
POLYLINE
8
L2
66
1
70
1
0
VERTEX
8
L2
10
1.1622995959238125
20
-56.376771725657036
0
VERTEX
8
L2
10
1.1976079069466863
20
-56.39139690694721
0
VERTEX
8
L2
10
1.2329162179695743
20
-56.376771725657036
0
VERTEX
8
L2
10
1.2475413992597453
20
-56.341463414634156
0
VERTEX
8
L2
10
1.2329162179695885
20
-56.30615510361126
0
VERTEX
8
L2
10
1.1976079069466863
20
-56.291529922321104
0
VERTEX
8
L2
10
1.1622995959238125
20
-56.30615510361126
0
VERTEX
8
L2
10
1.1476744146336415
20
-56.341463414634156
0
VERTEX
8
L2
10
1.1622995959238125
20
-56.376771725657036
0
SEQEND
0
POLYLINE
8
L2
66
1
70
1
0
VERTEX
8
L2
10
1.8396467524669902
20
-56.10723535917715
0
VERTEX
8
L2
10
2.844138195339724
20
-56.10723535917715
0
VERTEX
8
L2
10
2.844138195339724
20
-55.243902439024396
0
VERTEX
8
L2
10
2.7221869758275403
20
-55.243902439024396
0
VERTEX
8
L2
10
2.7221869758275403
20
-55.365853658536594
0
VERTEX
8
L2
10
2.7465772197299714
20
-55.365853658536594
0
VERTEX
8
L2
10
2.7465772197299714
20
-56.0096743835674
0
VERTEX
8
L2
10
1.9372077280767428
20
-56.0096743835674
0
VERTEX
8
L2
10
1.937207728076757
20
-55.097560975609746
0
VERTEX
8
L2
10
2.3950227753555
20
-55.097560975609746
0
VERTEX
8
L2
10
2.3950227753555
20
-55.1219512195122
0
VERTEX
8
L2
10
2.5169739948676977
20
-55.1219512195122
0
VERTEX
8
L2
10
2.5169739948676977
20
-54.99999999999999
0
VERTEX
8
L2
10
1.8396467524669902
20
-54.99999999999999
0
VERTEX
8
L2
10
1.8396467524669902
20
-56.10723535917715
0
SEQEND
0
POLYLINE
8
L2
66
1
70
1
0
VERTEX
8
L2
10
4.691358940661573
20
-56.30615510361126
0
VERTEX
8
L2
10
4.656050629638699
20
-56.291529922321104
0
VERTEX
8
L2
10
4.620742318615797
20
-56.30615510361126
0
VERTEX
8
L2
10
4.60611713732564
20
-56.341463414634156
0
VERTEX
8
L2
10
4.620742318615811
20
-56.376771725657036
0
VERTEX
8
L2
10
4.656050629638699
20
-56.39139690694721
0
VERTEX
8
L2
10
4.691358940661573
20
-56.376771725657036
0
VERTEX
8
L2
10
4.705984121951744
20
-56.341463414634156
0
VERTEX
8
L2
10
4.691358940661573
20
-56.30615510361126
0
SEQEND
0
POLYLINE
8
L2
66
1
70
1
0
VERTEX
8
L2
10
1.9157871508495958
20
-57.439024390243915
0
VERTEX
8
L2
10
1.91578715084961
20
-56.804878048780495
0
VERTEX
8
L2
10
1.3631940654686332
20
-56.804878048780495
0
VERTEX
8
L2
10
1.3631940654686332
20
-57.6829268292683
0
VERTEX
8
L2
10
1.8577698855435472
20
-57.6829268292683
0
VERTEX
8
L2
10
1.8577698855435472
20
-57.5609756097561
0
VERTEX
8
L2
10
1.7358186660313493
20
-57.5609756097561
0
VERTEX
8
L2
10
1.7358186660313493
20
-57.58536585365854
0
VERTEX
8
L2
10
1.4607550410783858
20
-57.58536585365854
0
VERTEX
8
L2
10
1.4607550410783858
20
-56.902439024390254
0
VERTEX
8
L2
10
1.8182261752398574
20
-56.902439024390254
0
VERTEX
8
L2
10
1.8182261752398574
20
-57.31707317073172
0
VERTEX
8
L2
10
1.7938359313374121
20
-57.31707317073172
0
VERTEX
8
L2
10
1.793835931337398
20
-57.439024390243915
0
VERTEX
8
L2
10
1.9157871508495958
20
-57.439024390243915
0
SEQEND
0
POLYLINE
8
L2
66
1
70
1
0
VERTEX
8
L2
10
3.937871385735761
20
-56.40243902439024
0
VERTEX
8
L2
10
4.059822605247973
20
-56.40243902439024
0
VERTEX
8
L2
10
4.059822605247973
20
-56.28048780487804
0
VERTEX
8
L2
10
3.937871385735761
20
-56.28048780487804
0
VERTEX
8
L2
10
3.937871385735761
20
-56.40243902439024
0
SEQEND
0
POLYLINE
8
L2
66
1
70
1
0
VERTEX
8
L2
10
4.1664508085087135
20
-54.99999999999999
0
VERTEX
8
L2
10
3.91279109577124
20
-54.99999999999999
0
VERTEX
8
L2
10
3.91279109577124
20
-55.121951219512184
0
VERTEX
8
L2
10
4.034742315283438
20
-55.121951219512184
0
VERTEX
8
L2
10
4.034742315283438
20
-55.097560975609746
0
VERTEX
8
L2
10
4.068889832898961
20
-55.097560975609746
0
VERTEX
8
L2
10
4.068889832898961
20
-55.765771944543005
0
VERTEX
8
L2
10
3.902700066030903
20
-55.765771944543005
0
VERTEX
8
L2
10
3.902700066030903
20
-55.36585365853658
0
VERTEX
8
L2
10
3.927090309933334
20
-55.36585365853658
0
VERTEX
8
L2
10
3.927090309933334
20
-55.24390243902438
0
VERTEX
8
L2
10
3.80513909042115
20
-55.24390243902438
0
VERTEX
8
L2
10
3.80513909042115
20
-55.863332920152764
0
VERTEX
8
L2
10
4.1664508085087135
20
-55.863332920152764
0
VERTEX
8
L2
10
4.1664508085087135
20
-54.99999999999999
0
SEQEND
0
POLYLINE
8
L2
66
1
70
1
0
VERTEX
8
L2
10
3.5903104101260084
20
-56.28048780487804
0
VERTEX
8
L2
10
3.5903104101260084
20
-56.40243902439024
0
VERTEX
8
L2
10
3.7122616296382205
20
-56.40243902439024
0
VERTEX
8
L2
10
3.7122616296382205
20
-56.28048780487804
0
VERTEX
8
L2
10
3.5903104101260084
20
-56.28048780487804
0
SEQEND
0
POLYLINE
8
L2
66
1
70
1
0
VERTEX
8
L2
10
3.540708037037092
20
-54.99999999999999
0
VERTEX
8
L2
10
3.079731251128905
20
-54.99999999999999
0
VERTEX
8
L2
10
3.079731251128905
20
-55.121951219512184
0
VERTEX
8
L2
10
3.2016824706410887
20
-55.121951219512184
0
VERTEX
8
L2
10
3.2016824706410887
20
-55.097560975609746
0
VERTEX
8
L2
10
3.4431470614273394
20
-55.097560975609746
0
VERTEX
8
L2
10
3.4431470614273394
20
-56.0096743835674
0
VERTEX
8
L2
10
3.0696402213885534
20
-56.0096743835674
0
VERTEX
8
L2
10
3.0696402213885534
20
-55.36585365853658
0
VERTEX
8
L2
10
3.0940304652909987
20
-55.36585365853658
0
VERTEX
8
L2
10
3.0940304652909987
20
-55.24390243902438
0
VERTEX
8
L2
10
2.972079245778801
20
-55.24390243902438
0
VERTEX
8
L2
10
2.972079245778801
20
-56.10723535917715
0
VERTEX
8
L2
10
3.540708037037092
20
-56.10723535917715
0
VERTEX
8
L2
10
3.540708037037092
20
-54.99999999999999
0
SEQEND
0
POLYLINE
8
L2
66
1
70
1
0
VERTEX
8
L2
10
3.16578715084961
20
-56.28048780487804
0
VERTEX
8
L2
10
3.043835931337398
20
-56.28048780487804
0
VERTEX
8
L2
10
3.043835931337398
20
-56.40243902439024
0
VERTEX
8
L2
10
3.16578715084961
20
-56.40243902439024
0
VERTEX
8
L2
10
3.16578715084961
20
-56.28048780487804
0
SEQEND
0
POLYLINE
8
L2
66
1
70
1
0
VERTEX
8
L2
10
3.1159923920028234
20
-57.707317073170735
0
VERTEX
8
L2
10
2.8732155963634085
20
-57.707317073170735
0
VERTEX
8
L2
10
2.8732155963634085
20
-56.795203665213094
0
VERTEX
8
L2
10
3.1403826359052687
20
-56.795203665213094
0
VERTEX
8
L2
10
3.1403826359052687
20
-57.10008171399358
0
VERTEX
8
L2
10
3.1159923920028234
20
-57.10008171399358
0
VERTEX
8
L2
10
3.1159923920028234
20
-57.22203293350578
0
VERTEX
8
L2
10
3.2379436115150213
20
-57.22203293350578
0
VERTEX
8
L2
10
3.2379436115150213
20
-56.69764268960334
0
VERTEX
8
L2
10
2.775654620753656
20
-56.69764268960334
0
VERTEX
8
L2
10
2.775654620753656
20
-57.804878048780495
0
VERTEX
8
L2
10
3.2379436115150213
20
-57.804878048780495
0
VERTEX
8
L2
10
3.2379436115150213
20
-57.40495976277407
0
VERTEX
8
L2
10
3.1159923920028234
20
-57.40495976277407
0
VERTEX
8
L2
10
3.1159923920028234
20
-57.707317073170735
0
SEQEND
0
POLYLINE
8
L2
66
1
70
1
0
VERTEX
8
L2
10
2.3670066630447195
20
-56.28048780487804
0
VERTEX
8
L2
10
2.3670066630447337
20
-56.50000000000001
0
VERTEX
8
L2
10
2.088481977032245
20
-56.50000000000001
0
VERTEX
8
L2
10
2.088481977032245
20
-57.14642019007227
0
VERTEX
8
L2
10
2.210433196544429
20
-57.14642019007227
0
VERTEX
8
L2
10
2.210433196544429
20
-57.02446897056007
0
VERTEX
8
L2
10
2.1860429526419978
20
-57.02446897056007
0
VERTEX
8
L2
10
2.1860429526419978
20
-56.59756097560977
0
VERTEX
8
L2
10
2.4889578825569174
20
-56.59756097560977
0
VERTEX
8
L2
10
2.4889578825569174
20
-56.28048780487804
0
VERTEX
8
L2
10
2.3670066630447195
20
-56.28048780487804
0
SEQEND
0
POLYLINE
8
L2
66
1
70
1
0
VERTEX
8
L2
10
3.542821660295516
20
-57.6829268292683
0
VERTEX
8
L2
10
3.923545065527918
20
-57.6829268292683
0
VERTEX
8
L2
10
3.923545065527918
20
-57.5609756097561
0
VERTEX
8
L2
10
3.8015938460157344
20
-57.5609756097561
0
VERTEX
8
L2
10
3.8015938460157344
20
-57.58536585365854
0
VERTEX
8
L2
10
3.6403826359052687
20
-57.58536585365854
0
VERTEX
8
L2
10
3.6403826359052687
20
-56.673252445700896
0
VERTEX
8
L2
10
3.9336360952682554
20
-56.673252445700896
0
VERTEX
8
L2
10
3.9336360952682554
20
-57.31707317073172
0
VERTEX
8
L2
10
3.90924585136581
20
-57.31707317073172
0
VERTEX
8
L2
10
3.90924585136581
20
-57.4390243902439
0
VERTEX
8
L2
10
4.031197070878008
20
-57.4390243902439
0
VERTEX
8
L2
10
4.031197070878008
20
-56.575691470091144
0
VERTEX
8
L2
10
3.542821660295516
20
-56.575691470091144
0
VERTEX
8
L2
10
3.542821660295516
20
-57.6829268292683
0
SEQEND
0
POLYLINE
8
L2
66
1
70
1
0
VERTEX
8
L2
10
1.91578715084961
20
-56.40243902439024
0
VERTEX
8
L2
10
1.91578715084961
20
-56.28048780487804
0
VERTEX
8
L2
10
1.793835931337398
20
-56.28048780487804
0
VERTEX
8
L2
10
1.793835931337398
20
-56.40243902439024
0
VERTEX
8
L2
10
1.91578715084961
20
-56.40243902439024
0
SEQEND
0
POLYLINE
8
L2
66
1
70
1
0
VERTEX
8
L2
10
7.382090356741557
20
-55.87552804210398
0
VERTEX
8
L2
10
7.112242053288142
20
-55.87552804210398
0
VERTEX
8
L2
10
7.112242053288142
20
-55.097560975609746
0
VERTEX
8
L2
10
7.250048107489036
20
-55.097560975609746
0
VERTEX
8
L2
10
7.250048107489036
20
-55.1219512195122
0
VERTEX
8
L2
10
7.371999327001234
20
-55.1219512195122
0
VERTEX
8
L2
10
7.371999327001234
20
-54.99999999999999
0
VERTEX
8
L2
10
7.014681077678389
20
-54.99999999999999
0
VERTEX
8
L2
10
7.014681077678389
20
-55.97308901771374
0
VERTEX
8
L2
10
7.47965133235131
20
-55.97308901771374
0
VERTEX
8
L2
10
7.47965133235131
20
-55.243902439024396
0
VERTEX
8
L2
10
7.357700112839126
20
-55.243902439024396
0
VERTEX
8
L2
10
7.357700112839126
20
-55.365853658536594
0
VERTEX
8
L2
10
7.382090356741557
20
-55.365853658536594
0
VERTEX
8
L2
10
7.382090356741557
20
-55.87552804210398
0
SEQEND
0
POLYLINE
8
L2
66
1
70
1
0
VERTEX
8
L2
10
10.128000672998766
20
-57.6829268292683
0
VERTEX
8
L2
10
10.54629453207771
20
-57.6829268292683
0
VERTEX
8
L2
10
10.54629453207771
20
-56.52475264795704
0
VERTEX
8
L2
10
10.020348667648676
20
-56.52475264795704
0
VERTEX
8
L2
10
10.020348667648676
20
-57.4390243902439
0
VERTEX
8
L2
10
10.142299887160874
20
-57.4390243902439
0
VERTEX
8
L2
10
10.142299887160874
20
-57.31707317073171
0
VERTEX
8
L2
10
10.117909643258443
20
-57.31707317073171
0
VERTEX
8
L2
10
10.117909643258443
20
-56.62231362356679
0
VERTEX
8
L2
10
10.448733556467957
20
-56.62231362356679
0
VERTEX
8
L2
10
10.448733556467957
20
-57.58536585365854
0
VERTEX
8
L2
10
10.249951892510964
20
-57.58536585365854
0
VERTEX
8
L2
10
10.249951892510964
20
-57.5609756097561
0
VERTEX
8
L2
10
10.128000672998766
20
-57.5609756097561
0
VERTEX
8
L2
10
10.128000672998766
20
-57.6829268292683
0
SEQEND
0
POLYLINE
8
L2
66
1
70
1
0
VERTEX
8
L2
10
7.015958132509169
20
-56.376771725657036
0
VERTEX
8
L2
10
7.051266443532043
20
-56.39139690694721
0
VERTEX
8
L2
10
7.086574754554931
20
-56.376771725657036
0
VERTEX
8
L2
10
7.101199935845102
20
-56.341463414634156
0
VERTEX
8
L2
10
7.086574754554945
20
-56.30615510361126
0
VERTEX
8
L2
10
7.051266443532043
20
-56.291529922321104
0
VERTEX
8
L2
10
7.015958132509169
20
-56.30615510361126
0
VERTEX
8
L2
10
7.001332951218998
20
-56.341463414634156
0
VERTEX
8
L2
10
7.015958132509169
20
-56.376771725657036
0
SEQEND
0
POLYLINE
8
L2
66
1
70
1
0
VERTEX
8
L2
10
7.693305289052347
20
-56.10723535917715
0
VERTEX
8
L2
10
8.69779673192508
20
-56.10723535917715
0
VERTEX
8
L2
10
8.69779673192508
20
-55.243902439024396
0
VERTEX
8
L2
10
8.575845512412897
20
-55.243902439024396
0
VERTEX
8
L2
10
8.575845512412897
20
-55.365853658536594
0
VERTEX
8
L2
10
8.600235756315328
20
-55.365853658536594
0
VERTEX
8
L2
10
8.600235756315328
20
-56.0096743835674
0
VERTEX
8
L2
10
7.7908662646621
20
-56.0096743835674
0
VERTEX
8
L2
10
7.790866264662114
20
-55.097560975609746
0
VERTEX
8
L2
10
8.248681311940857
20
-55.097560975609746
0
VERTEX
8
L2
10
8.248681311940857
20
-55.1219512195122
0
VERTEX
8
L2
10
8.370632531453055
20
-55.1219512195122
0
VERTEX
8
L2
10
8.370632531453055
20
-54.99999999999999
0
VERTEX
8
L2
10
7.693305289052347
20
-54.99999999999999
0
VERTEX
8
L2
10
7.693305289052347
20
-56.10723535917715
0
SEQEND
0
POLYLINE
8
L2
66
1
70
1
0
VERTEX
8
L2
10
10.54501747724693
20
-56.30615510361126
0
VERTEX
8
L2
10
10.509709166224056
20
-56.291529922321104
0
VERTEX
8
L2
10
10.474400855201154
20
-56.30615510361126
0
VERTEX
8
L2
10
10.459775673910997
20
-56.341463414634156
0
VERTEX
8
L2
10
10.474400855201168
20
-56.376771725657036
0
VERTEX
8
L2
10
10.509709166224056
20
-56.39139690694721
0
VERTEX
8
L2
10
10.54501747724693
20
-56.376771725657036
0
VERTEX
8
L2
10
10.5596426585371
20
-56.341463414634156
0
VERTEX
8
L2
10
10.54501747724693
20
-56.30615510361126
0
SEQEND
0
POLYLINE
8
L2
66
1
70
1
0
VERTEX
8
L2
10
7.769445687434953
20
-57.439024390243915
0
VERTEX
8
L2
10
7.769445687434967
20
-56.804878048780495
0
VERTEX
8
L2
10
7.21685260205399
20
-56.804878048780495
0
VERTEX
8
L2
10
7.21685260205399
20
-57.6829268292683
0
VERTEX
8
L2
10
7.711428422128904
20
-57.6829268292683
0
VERTEX
8
L2
10
7.711428422128904
20
-57.5609756097561
0
VERTEX
8
L2
10
7.589477202616706
20
-57.5609756097561
0
VERTEX
8
L2
10
7.589477202616706
20
-57.58536585365854
0
VERTEX
8
L2
10
7.314413577663743
20
-57.58536585365854
0
VERTEX
8
L2
10
7.314413577663743
20
-56.902439024390254
0
VERTEX
8
L2
10
7.671884711825214
20
-56.902439024390254
0
VERTEX
8
L2
10
7.671884711825214
20
-57.31707317073172
0
VERTEX
8
L2
10
7.647494467922769
20
-57.31707317073172
0
VERTEX
8
L2
10
7.647494467922755
20
-57.439024390243915
0
VERTEX
8
L2
10
7.769445687434953
20
-57.439024390243915
0
SEQEND
0
POLYLINE
8
L2
66
1
70
1
0
VERTEX
8
L2
10
9.791529922321118
20
-56.40243902439024
0
VERTEX
8
L2
10
9.91348114183333
20
-56.40243902439024
0
VERTEX
8
L2
10
9.91348114183333
20
-56.28048780487804
0
VERTEX
8
L2
10
9.791529922321118
20
-56.28048780487804
0
VERTEX
8
L2
10
9.791529922321118
20
-56.40243902439024
0
SEQEND
0
POLYLINE
8
L2
66
1
70
1
0
VERTEX
8
L2
10
10.02010934509407
20
-54.99999999999999
0
VERTEX
8
L2
10
9.766449632356597
20
-54.99999999999999
0
VERTEX
8
L2
10
9.766449632356597
20
-55.121951219512184
0
VERTEX
8
L2
10
9.888400851868795
20
-55.121951219512184
0
VERTEX
8
L2
10
9.888400851868795
20
-55.097560975609746
0
VERTEX
8
L2
10
9.922548369484318
20
-55.097560975609746
0
VERTEX
8
L2
10
9.922548369484318
20
-55.765771944543005
0
VERTEX
8
L2
10
9.75635860261626
20
-55.765771944543005
0
VERTEX
8
L2
10
9.75635860261626
20
-55.36585365853658
0
VERTEX
8
L2
10
9.78074884651869
20
-55.36585365853658
0
VERTEX
8
L2
10
9.78074884651869
20
-55.24390243902438
0
VERTEX
8
L2
10
9.658797627006507
20
-55.24390243902438
0
VERTEX
8
L2
10
9.658797627006507
20
-55.863332920152764
0
VERTEX
8
L2
10
10.02010934509407
20
-55.863332920152764
0
VERTEX
8
L2
10
10.02010934509407
20
-54.99999999999999
0
SEQEND
0
POLYLINE
8
L2
66
1
70
1
0
VERTEX
8
L2
10
9.443968946711365
20
-56.28048780487804
0
VERTEX
8
L2
10
9.443968946711365
20
-56.40243902439024
0
VERTEX
8
L2
10
9.565920166223577
20
-56.40243902439024
0
VERTEX
8
L2
10
9.565920166223577
20
-56.28048780487804
0
VERTEX
8
L2
10
9.443968946711365
20
-56.28048780487804
0
SEQEND
0
POLYLINE
8
L2
66
1
70
1
0
VERTEX
8
L2
10
9.394366573622449
20
-54.99999999999999
0
VERTEX
8
L2
10
8.933389787714262
20
-54.99999999999999
0
VERTEX
8
L2
10
8.933389787714262
20
-55.121951219512184
0
VERTEX
8
L2
10
9.055341007226446
20
-55.121951219512184
0
VERTEX
8
L2
10
9.055341007226446
20
-55.097560975609746
0
VERTEX
8
L2
10
9.296805598012696
20
-55.097560975609746
0
VERTEX
8
L2
10
9.296805598012696
20
-56.0096743835674
0
VERTEX
8
L2
10
8.92329875797391
20
-56.0096743835674
0
VERTEX
8
L2
10
8.92329875797391
20
-55.36585365853658
0
VERTEX
8
L2
10
8.947689001876356
20
-55.36585365853658
0
VERTEX
8
L2
10
8.947689001876356
20
-55.24390243902438
0
VERTEX
8
L2
10
8.825737782364158
20
-55.24390243902438
0
VERTEX
8
L2
10
8.825737782364158
20
-56.10723535917715
0
VERTEX
8
L2
10
9.394366573622449
20
-56.10723535917715
0
VERTEX
8
L2
10
9.394366573622449
20
-54.99999999999999
0
SEQEND
0
POLYLINE
8
L2
66
1
70
1
0
VERTEX
8
L2
10
9.019445687434967
20
-56.28048780487804
0
VERTEX
8
L2
10
8.897494467922755
20
-56.28048780487804
0
VERTEX
8
L2
10
8.897494467922755
20
-56.40243902439024
0
VERTEX
8
L2
10
9.019445687434967
20
-56.40243902439024
0
VERTEX
8
L2
10
9.019445687434967
20
-56.28048780487804
0
SEQEND
0
POLYLINE
8
L2
66
1
70
1
0
VERTEX
8
L2
10
8.96965092858818
20
-57.707317073170735
0
VERTEX
8
L2
10
8.726874132948765
20
-57.707317073170735
0
VERTEX
8
L2
10
8.726874132948765
20
-56.795203665213094
0
VERTEX
8
L2
10
8.994041172490626
20
-56.795203665213094
0
VERTEX
8
L2
10
8.994041172490626
20
-57.10008171399358
0
VERTEX
8
L2
10
8.96965092858818
20
-57.10008171399358
0
VERTEX
8
L2
10
8.96965092858818
20
-57.22203293350578
0
VERTEX
8
L2
10
9.091602148100378
20
-57.22203293350578
0
VERTEX
8
L2
10
9.091602148100378
20
-56.69764268960334
0
VERTEX
8
L2
10
8.629313157339013
20
-56.69764268960334
0
VERTEX
8
L2
10
8.629313157339013
20
-57.804878048780495
0
VERTEX
8
L2
10
9.091602148100378
20
-57.804878048780495
0
VERTEX
8
L2
10
9.091602148100378
20
-57.40495976277407
0
VERTEX
8
L2
10
8.96965092858818
20
-57.40495976277407
0
VERTEX
8
L2
10
8.96965092858818
20
-57.707317073170735
0
SEQEND
0
POLYLINE
8
L2
66
1
70
1
0
VERTEX
8
L2
10
8.220665199630076
20
-56.28048780487804
0
VERTEX
8
L2
10
8.22066519963009
20
-56.50000000000001
0
VERTEX
8
L2
10
7.942140513617602
20
-56.50000000000001
0
VERTEX
8
L2
10
7.942140513617602
20
-57.14642019007227
0
VERTEX
8
L2
10
8.064091733129786
20
-57.14642019007227
0
VERTEX
8
L2
10
8.064091733129786
20
-57.02446897056007
0
VERTEX
8
L2
10
8.039701489227355
20
-57.02446897056007
0
VERTEX
8
L2
10
8.039701489227355
20
-56.59756097560977
0
VERTEX
8
L2
10
8.342616419142274
20
-56.59756097560977
0
VERTEX
8
L2
10
8.342616419142274
20
-56.28048780487804
0
VERTEX
8
L2
10
8.220665199630076
20
-56.28048780487804
0
SEQEND
0
POLYLINE
8
L2
66
1
70
1
0
VERTEX
8
L2
10
9.396480196880873
20
-57.6829268292683
0
VERTEX
8
L2
10
9.777203602113275
20
-57.6829268292683
0
VERTEX
8
L2
10
9.777203602113275
20
-57.5609756097561
0
VERTEX
8
L2
10
9.655252382601091
20
-57.5609756097561
0
VERTEX
8
L2
10
9.655252382601091
20
-57.58536585365854
0
VERTEX
8
L2
10
9.494041172490626
20
-57.58536585365854
0
VERTEX
8
L2
10
9.494041172490626
20
-56.673252445700896
0
VERTEX
8
L2
10
9.787294631853612
20
-56.673252445700896
0
VERTEX
8
L2
10
9.787294631853612
20
-57.31707317073172
0
VERTEX
8
L2
10
9.762904387951167
20
-57.31707317073172
0
VERTEX
8
L2
10
9.762904387951167
20
-57.4390243902439
0
VERTEX
8
L2
10
9.884855607463365
20
-57.4390243902439
0
VERTEX
8
L2
10
9.884855607463365
20
-56.575691470091144
0
VERTEX
8
L2
10
9.396480196880873
20
-56.575691470091144
0
VERTEX
8
L2
10
9.396480196880873
20
-57.6829268292683
0
SEQEND
0
POLYLINE
8
L2
66
1
70
1
0
VERTEX
8
L2
10
7.769445687434967
20
-56.40243902439024
0
VERTEX
8
L2
10
7.769445687434967
20
-56.28048780487804
0
VERTEX
8
L2
10
7.647494467922755
20
-56.28048780487804
0
VERTEX
8
L2
10
7.647494467922755
20
-56.40243902439024
0
VERTEX
8
L2
10
7.769445687434967
20
-56.40243902439024
0
SEQEND
0
POLYLINE
8
L2
66
1
70
1
0
VERTEX
8
L2
10
13.235748893326928
20
-55.87552804210398
0
VERTEX
8
L2
10
12.965900589873513
20
-55.87552804210398
0
VERTEX
8
L2
10
12.965900589873513
20
-55.097560975609746
0
VERTEX
8
L2
10
13.103706644074407
20
-55.097560975609746
0
VERTEX
8
L2
10
13.103706644074407
20
-55.1219512195122
0
VERTEX
8
L2
10
13.225657863586605
20
-55.1219512195122
0
VERTEX
8
L2
10
13.225657863586605
20
-54.99999999999999
0
VERTEX
8
L2
10
12.86833961426376
20
-54.99999999999999
0
VERTEX
8
L2
10
12.86833961426376
20
-55.97308901771374
0
VERTEX
8
L2
10
13.33330986893668
20
-55.97308901771374
0
VERTEX
8
L2
10
13.33330986893668
20
-55.243902439024396
0
VERTEX
8
L2
10
13.211358649424497
20
-55.243902439024396
0
VERTEX
8
L2
10
13.211358649424497
20
-55.365853658536594
0
VERTEX
8
L2
10
13.235748893326928
20
-55.365853658536594
0
VERTEX
8
L2
10
13.235748893326928
20
-55.87552804210398
0
SEQEND
0
POLYLINE
8
L2
66
1
70
1
0
VERTEX
8
L2
10
15.981659209584137
20
-57.6829268292683
0
VERTEX
8
L2
10
16.39995306866308
20
-57.6829268292683
0
VERTEX
8
L2
10
16.39995306866308
20
-56.52475264795704
0
VERTEX
8
L2
10
15.874007204234047
20
-56.52475264795704
0
VERTEX
8
L2
10
15.874007204234047
20
-57.4390243902439
0
VERTEX
8
L2
10
15.995958423746245
20
-57.4390243902439
0
VERTEX
8
L2
10
15.995958423746245
20
-57.31707317073171
0
VERTEX
8
L2
10
15.971568179843814
20
-57.31707317073171
0
VERTEX
8
L2
10
15.971568179843814
20
-56.62231362356679
0
VERTEX
8
L2
10
16.302392093053328
20
-56.62231362356679
0
VERTEX
8
L2
10
16.302392093053328
20
-57.58536585365854
0
VERTEX
8
L2
10
16.103610429096335
20
-57.58536585365854
0
VERTEX
8
L2
10
16.103610429096335
20
-57.5609756097561
0
VERTEX
8
L2
10
15.981659209584137
20
-57.5609756097561
0
VERTEX
8
L2
10
15.981659209584137
20
-57.6829268292683
0
SEQEND
0
POLYLINE
8
L2
66
1
70
1
0
VERTEX
8
L2
10
12.86961666909454
20
-56.376771725657036
0
VERTEX
8
L2
10
12.904924980117414
20
-56.39139690694721
0
VERTEX
8
L2
10
12.940233291140302
20
-56.376771725657036
0
VERTEX
8
L2
10
12.954858472430473
20
-56.341463414634156
0
VERTEX
8
L2
10
12.940233291140316
20
-56.30615510361126
0
VERTEX
8
L2
10
12.904924980117414
20
-56.291529922321104
0
VERTEX
8
L2
10
12.86961666909454
20
-56.30615510361126
0
VERTEX
8
L2
10
12.85499148780437
20
-56.341463414634156
0
VERTEX
8
L2
10
12.86961666909454
20
-56.376771725657036
0
SEQEND
0
POLYLINE
8
L2
66
1
70
1
0
VERTEX
8
L2
10
13.546963825637718
20
-56.10723535917715
0
VERTEX
8
L2
10
14.551455268510452
20
-56.10723535917715
0
VERTEX
8
L2
10
14.551455268510452
20
-55.243902439024396
0
VERTEX
8
L2
10
14.429504048998268
20
-55.243902439024396
0
VERTEX
8
L2
10
14.429504048998268
20
-55.365853658536594
0
VERTEX
8
L2
10
14.4538942929007
20
-55.365853658536594
0
VERTEX
8
L2
10
14.4538942929007
20
-56.0096743835674
0
VERTEX
8
L2
10
13.64452480124747
20
-56.0096743835674
0
VERTEX
8
L2
10
13.644524801247485
20
-55.097560975609746
0
VERTEX
8
L2
10
14.102339848526228
20
-55.097560975609746
0
VERTEX
8
L2
10
14.102339848526228
20
-55.1219512195122
0
VERTEX
8
L2
10
14.224291068038426
20
-55.1219512195122
0
VERTEX
8
L2
10
14.224291068038426
20
-54.99999999999999
0
VERTEX
8
L2
10
13.546963825637718
20
-54.99999999999999
0
VERTEX
8
L2
10
13.546963825637718
20
-56.10723535917715
0
SEQEND
0
POLYLINE
8
L2
66
1
70
1
0
VERTEX
8
L2
10
16.3986760138323
20
-56.30615510361126
0
VERTEX
8
L2
10
16.363367702809427
20
-56.291529922321104
0
VERTEX
8
L2
10
16.328059391786525
20
-56.30615510361126
0
VERTEX
8
L2
10
16.313434210496368
20
-56.341463414634156
0
VERTEX
8
L2
10
16.32805939178654
20
-56.376771725657036
0
VERTEX
8
L2
10
16.363367702809427
20
-56.39139690694721
0
VERTEX
8
L2
10
16.3986760138323
20
-56.376771725657036
0
VERTEX
8
L2
10
16.41330119512247
20
-56.341463414634156
0
VERTEX
8
L2
10
16.3986760138323
20
-56.30615510361126
0
SEQEND
0
POLYLINE
8
L2
66
1
70
1
0
VERTEX
8
L2
10
13.623104224020324
20
-57.439024390243915
0
VERTEX
8
L2
10
13.623104224020338
20
-56.804878048780495
0
VERTEX
8
L2
10
13.070511138639361
20
-56.804878048780495
0
VERTEX
8
L2
10
13.070511138639361
20
-57.6829268292683
0
VERTEX
8
L2
10
13.565086958714275
20
-57.6829268292683
0
VERTEX
8
L2
10
13.565086958714275
20
-57.5609756097561
0
VERTEX
8
L2
10
13.443135739202077
20
-57.5609756097561
0
VERTEX
8
L2
10
13.443135739202077
20
-57.58536585365854
0
VERTEX
8
L2
10
13.168072114249114
20
-57.58536585365854
0
VERTEX
8
L2
10
13.168072114249114
20
-56.902439024390254
0
VERTEX
8
L2
10
13.525543248410585
20
-56.902439024390254
0
VERTEX
8
L2
10
13.525543248410585
20
-57.31707317073172
0
VERTEX
8
L2
10
13.50115300450814
20
-57.31707317073172
0
VERTEX
8
L2
10
13.501153004508126
20
-57.439024390243915
0
VERTEX
8
L2
10
13.623104224020324
20
-57.439024390243915
0
SEQEND
0
POLYLINE
8
L2
66
1
70
1
0
VERTEX
8
L2
10
15.645188458906489
20
-56.40243902439024
0
VERTEX
8
L2
10
15.767139678418701
20
-56.40243902439024
0
VERTEX
8
L2
10
15.767139678418701
20
-56.28048780487804
0
VERTEX
8
L2
10
15.645188458906489
20
-56.28048780487804
0
VERTEX
8
L2
10
15.645188458906489
20
-56.40243902439024
0
SEQEND
0
POLYLINE
8
L2
66
1
70
1
0
VERTEX
8
L2
10
15.873767881679441
20
-54.99999999999999
0
VERTEX
8
L2
10
15.620108168941968
20
-54.99999999999999
0
VERTEX
8
L2
10
15.620108168941968
20
-55.121951219512184
0
VERTEX
8
L2
10
15.742059388454166
20
-55.121951219512184
0
VERTEX
8
L2
10
15.742059388454166
20
-55.097560975609746
0
VERTEX
8
L2
10
15.776206906069689
20
-55.097560975609746
0
VERTEX
8
L2
10
15.776206906069689
20
-55.765771944543005
0
VERTEX
8
L2
10
15.61001713920163
20
-55.765771944543005
0
VERTEX
8
L2
10
15.61001713920163
20
-55.36585365853658
0
VERTEX
8
L2
10
15.634407383104062
20
-55.36585365853658
0
VERTEX
8
L2
10
15.634407383104062
20
-55.24390243902438
0
VERTEX
8
L2
10
15.512456163591878
20
-55.24390243902438
0
VERTEX
8
L2
10
15.512456163591878
20
-55.863332920152764
0
VERTEX
8
L2
10
15.873767881679441
20
-55.863332920152764
0
VERTEX
8
L2
10
15.873767881679441
20
-54.99999999999999
0
SEQEND
0
POLYLINE
8
L2
66
1
70
1
0
VERTEX
8
L2
10
15.297627483296736
20
-56.28048780487804
0
VERTEX
8
L2
10
15.297627483296736
20
-56.40243902439024
0
VERTEX
8
L2
10
15.419578702808948
20
-56.40243902439024
0
VERTEX
8
L2
10
15.419578702808948
20
-56.28048780487804
0
VERTEX
8
L2
10
15.297627483296736
20
-56.28048780487804
0
SEQEND
0
POLYLINE
8
L2
66
1
70
1
0
VERTEX
8
L2
10
15.24802511020782
20
-54.99999999999999
0
VERTEX
8
L2
10
14.787048324299633
20
-54.99999999999999
0
VERTEX
8
L2
10
14.787048324299633
20
-55.121951219512184
0
VERTEX
8
L2
10
14.908999543811817
20
-55.121951219512184
0
VERTEX
8
L2
10
14.908999543811817
20
-55.097560975609746
0
VERTEX
8
L2
10
15.150464134598067
20
-55.097560975609746
0
VERTEX
8
L2
10
15.150464134598067
20
-56.0096743835674
0
VERTEX
8
L2
10
14.776957294559281
20
-56.0096743835674
0
VERTEX
8
L2
10
14.776957294559281
20
-55.36585365853658
0
VERTEX
8
L2
10
14.801347538461727
20
-55.36585365853658
0
VERTEX
8
L2
10
14.801347538461727
20
-55.24390243902438
0
VERTEX
8
L2
10
14.679396318949529
20
-55.24390243902438
0
VERTEX
8
L2
10
14.679396318949529
20
-56.10723535917715
0
VERTEX
8
L2
10
15.24802511020782
20
-56.10723535917715
0
VERTEX
8
L2
10
15.24802511020782
20
-54.99999999999999
0
SEQEND
0
POLYLINE
8
L2
66
1
70
1
0
VERTEX
8
L2
10
14.873104224020338
20
-56.28048780487804
0
VERTEX
8
L2
10
14.751153004508126
20
-56.28048780487804
0
VERTEX
8
L2
10
14.751153004508126
20
-56.40243902439024
0
VERTEX
8
L2
10
14.873104224020338
20
-56.40243902439024
0
VERTEX
8
L2
10
14.873104224020338
20
-56.28048780487804
0
SEQEND
0
POLYLINE
8
L2
66
1
70
1
0
VERTEX
8
L2
10
14.823309465173551
20
-57.707317073170735
0
VERTEX
8
L2
10
14.580532669534136
20
-57.707317073170735
0
VERTEX
8
L2
10
14.580532669534136
20
-56.795203665213094
0
VERTEX
8
L2
10
14.847699709075997
20
-56.795203665213094
0
VERTEX
8
L2
10
14.847699709075997
20
-57.10008171399358
0
VERTEX
8
L2
10
14.823309465173551
20
-57.10008171399358
0
VERTEX
8
L2
10
14.823309465173551
20
-57.22203293350578
0
VERTEX
8
L2
10
14.94526068468575
20
-57.22203293350578
0
VERTEX
8
L2
10
14.94526068468575
20
-56.69764268960334
0
VERTEX
8
L2
10
14.482971693924384
20
-56.69764268960334
0
VERTEX
8
L2
10
14.482971693924384
20
-57.804878048780495
0
VERTEX
8
L2
10
14.94526068468575
20
-57.804878048780495
0
VERTEX
8
L2
10
14.94526068468575
20
-57.40495976277407
0
VERTEX
8
L2
10
14.823309465173551
20
-57.40495976277407
0
VERTEX
8
L2
10
14.823309465173551
20
-57.707317073170735
0
SEQEND
0
POLYLINE
8
L2
66
1
70
1
0
VERTEX
8
L2
10
14.074323736215447
20
-56.28048780487804
0
VERTEX
8
L2
10
14.074323736215462
20
-56.50000000000001
0
VERTEX
8
L2
10
13.795799050202973
20
-56.50000000000001
0
VERTEX
8
L2
10
13.795799050202973
20
-57.14642019007227
0
VERTEX
8
L2
10
13.917750269715157
20
-57.14642019007227
0
VERTEX
8
L2
10
13.917750269715157
20
-57.02446897056007
0
VERTEX
8
L2
10
13.893360025812726
20
-57.02446897056007
0
VERTEX
8
L2
10
13.893360025812726
20
-56.59756097560977
0
VERTEX
8
L2
10
14.196274955727645
20
-56.59756097560977
0
VERTEX
8
L2
10
14.196274955727645
20
-56.28048780487804
0
VERTEX
8
L2
10
14.074323736215447
20
-56.28048780487804
0
SEQEND
0
POLYLINE
8
L2
66
1
70
1
0
VERTEX
8
L2
10
15.250138733466244
20
-57.6829268292683
0
VERTEX
8
L2
10
15.630862138698646
20
-57.6829268292683
0
VERTEX
8
L2
10
15.630862138698646
20
-57.5609756097561
0
VERTEX
8
L2
10
15.508910919186462
20
-57.5609756097561
0
VERTEX
8
L2
10
15.508910919186462
20
-57.58536585365854
0
VERTEX
8
L2
10
15.347699709075997
20
-57.58536585365854
0
VERTEX
8
L2
10
15.347699709075997
20
-56.673252445700896
0
VERTEX
8
L2
10
15.640953168438983
20
-56.673252445700896
0
VERTEX
8
L2
10
15.640953168438983
20
-57.31707317073172
0
VERTEX
8
L2
10
15.616562924536538
20
-57.31707317073172
0
VERTEX
8
L2
10
15.616562924536538
20
-57.4390243902439
0
VERTEX
8
L2
10
15.738514144048736
20
-57.4390243902439
0
VERTEX
8
L2
10
15.738514144048736
20
-56.575691470091144
0
VERTEX
8
L2
10
15.250138733466244
20
-56.575691470091144
0
VERTEX
8
L2
10
15.250138733466244
20
-57.6829268292683
0
SEQEND
0
POLYLINE
8
L2
66
1
70
1
0
VERTEX
8
L2
10
13.623104224020338
20
-56.40243902439024
0
VERTEX
8
L2
10
13.623104224020338
20
-56.28048780487804
0
VERTEX
8
L2
10
13.501153004508126
20
-56.28048780487804
0
VERTEX
8
L2
10
13.501153004508126
20
-56.40243902439024
0
VERTEX
8
L2
10
13.623104224020338
20
-56.40243902439024
0
SEQEND
0
POLYLINE
8
L2
66
1
70
1
0
VERTEX
8
L2
10
19.0894074299123
20
-55.87552804210398
0
VERTEX
8
L2
10
18.819559126458884
20
-55.87552804210398
0
VERTEX
8
L2
10
18.819559126458884
20
-55.097560975609746
0
VERTEX
8
L2
10
18.957365180659778
20
-55.097560975609746
0
VERTEX
8
L2
10
18.957365180659778
20
-55.1219512195122
0
VERTEX
8
L2
10
19.079316400171948
20
-55.1219512195122
0
VERTEX
8
L2
10
19.079316400171948
20
-54.99999999999999
0
VERTEX
8
L2
10
18.721998150849103
20
-54.99999999999999
0
VERTEX
8
L2
10
18.721998150849103
20
-55.97308901771374
0
VERTEX
8
L2
10
19.18696840552205
20
-55.97308901771374
0
VERTEX
8
L2
10
19.18696840552205
20
-55.243902439024396
0
VERTEX
8
L2
10
19.065017186009854
20
-55.243902439024396
0
VERTEX
8
L2
10
19.065017186009854
20
-55.365853658536594
0
VERTEX
8
L2
10
19.0894074299123
20
-55.365853658536594
0
VERTEX
8
L2
10
19.0894074299123
20
-55.87552804210398
0
SEQEND
0
POLYLINE
8
L2
66
1
70
1
0
VERTEX
8
L2
10
21.83531774616951
20
-57.6829268292683
0
VERTEX
8
L2
10
22.253611605248423
20
-57.6829268292683
0
VERTEX
8
L2
10
22.253611605248423
20
-56.52475264795704
0
VERTEX
8
L2
10
21.727665740819404
20
-56.52475264795704
0
VERTEX
8
L2
10
21.727665740819404
20
-57.4390243902439
0
VERTEX
8
L2
10
21.849616960331602
20
-57.4390243902439
0
VERTEX
8
L2
10
21.849616960331602
20
-57.31707317073171
0
VERTEX
8
L2
10
21.825226716429157
20
-57.31707317073171
0
VERTEX
8
L2
10
21.825226716429157
20
-56.62231362356679
0
VERTEX
8
L2
10
22.15605062963867
20
-56.62231362356679
0
VERTEX
8
L2
10
22.15605062963867
20
-57.58536585365854
0
VERTEX
8
L2
10
21.957268965681706
20
-57.58536585365854
0
VERTEX
8
L2
10
21.957268965681706
20
-57.5609756097561
0
VERTEX
8
L2
10
21.83531774616951
20
-57.5609756097561
0
VERTEX
8
L2
10
21.83531774616951
20
-57.6829268292683
0
SEQEND
0
POLYLINE
8
L2
66
1
70
1
0
VERTEX
8
L2
10
18.723275205679883
20
-56.376771725657036
0
VERTEX
8
L2
10
18.758583516702785
20
-56.39139690694721
0
VERTEX
8
L2
10
18.79389182772566
20
-56.376771725657036
0
VERTEX
8
L2
10
18.80851700901583
20
-56.341463414634156
0
VERTEX
8
L2
10
18.79389182772566
20
-56.30615510361126
0
VERTEX
8
L2
10
18.758583516702785
20
-56.291529922321104
0
VERTEX
8
L2
10
18.723275205679883
20
-56.30615510361126
0
VERTEX
8
L2
10
18.708650024389712
20
-56.341463414634156
0
VERTEX
8
L2
10
18.723275205679883
20
-56.376771725657036
0
SEQEND
0
POLYLINE
8
L2
66
1
70
1
0
VERTEX
8
L2
10
19.400622362223075
20
-56.10723535917715
0
VERTEX
8
L2
10
20.40511380509581
20
-56.10723535917715
0
VERTEX
8
L2
10
20.40511380509581
20
-55.243902439024396
0
VERTEX
8
L2
10
20.28316258558361
20
-55.243902439024396
0
VERTEX
8
L2
10
20.28316258558361
20
-55.365853658536594
0
VERTEX
8
L2
10
20.307552829486056
20
-55.365853658536594
0
VERTEX
8
L2
10
20.307552829486056
20
-56.0096743835674
0
VERTEX
8
L2
10
19.498183337832828
20
-56.0096743835674
0
VERTEX
8
L2
10
19.498183337832828
20
-55.097560975609746
0
VERTEX
8
L2
10
19.955998385111585
20
-55.097560975609746
0
VERTEX
8
L2
10
19.955998385111585
20
-55.1219512195122
0
VERTEX
8
L2
10
20.077949604623782
20
-55.1219512195122
0
VERTEX
8
L2
10
20.077949604623782
20
-54.99999999999999
0
VERTEX
8
L2
10
19.400622362223075
20
-54.99999999999999
0
VERTEX
8
L2
10
19.400622362223075
20
-56.10723535917715
0
SEQEND
0
POLYLINE
8
L2
66
1
70
1
0
VERTEX
8
L2
10
22.252334550417643
20
-56.30615510361126
0
VERTEX
8
L2
10
22.21702623939477
20
-56.291529922321104
0
VERTEX
8
L2
10
22.181717928371896
20
-56.30615510361126
0
VERTEX
8
L2
10
22.167092747081725
20
-56.341463414634156
0
VERTEX
8
L2
10
22.181717928371896
20
-56.376771725657036
0
VERTEX
8
L2
10
22.21702623939477
20
-56.39139690694721
0
VERTEX
8
L2
10
22.252334550417643
20
-56.376771725657036
0
VERTEX
8
L2
10
22.266959731707814
20
-56.341463414634156
0
VERTEX
8
L2
10
22.252334550417643
20
-56.30615510361126
0
SEQEND
0
POLYLINE
8
L2
66
1
70
1
0
VERTEX
8
L2
10
19.476762760605666
20
-57.439024390243915
0
VERTEX
8
L2
10
19.476762760605695
20
-56.804878048780495
0
VERTEX
8
L2
10
18.924169675224718
20
-56.804878048780495
0
VERTEX
8
L2
10
18.924169675224718
20
-57.6829268292683
0
VERTEX
8
L2
10
19.418745495299632
20
-57.6829268292683
0
VERTEX
8
L2
10
19.418745495299632
20
-57.5609756097561
0
VERTEX
8
L2
10
19.296794275787434
20
-57.5609756097561
0
VERTEX
8
L2
10
19.296794275787434
20
-57.58536585365854
0
VERTEX
8
L2
10
19.02173065083447
20
-57.58536585365854
0
VERTEX
8
L2
10
19.02173065083447
20
-56.902439024390254
0
VERTEX
8
L2
10
19.379201784995942
20
-56.902439024390254
0
VERTEX
8
L2
10
19.379201784995942
20
-57.31707317073172
0
VERTEX
8
L2
10
19.354811541093497
20
-57.31707317073172
0
VERTEX
8
L2
10
19.354811541093497
20
-57.439024390243915
0
VERTEX
8
L2
10
19.476762760605666
20
-57.439024390243915
0
SEQEND
0
POLYLINE
8
L2
66
1
70
1
0
VERTEX
8
L2
10
21.49884699549186
20
-56.40243902439024
0
VERTEX
8
L2
10
21.620798215004058
20
-56.40243902439024
0
VERTEX
8
L2
10
21.620798215004058
20
-56.28048780487804
0
VERTEX
8
L2
10
21.49884699549186
20
-56.28048780487804
0
VERTEX
8
L2
10
21.49884699549186
20
-56.40243902439024
0
SEQEND
0
POLYLINE
8
L2
66
1
70
1
0
VERTEX
8
L2
10
21.727426418264812
20
-54.99999999999999
0
VERTEX
8
L2
10
21.473766705527325
20
-54.99999999999999
0
VERTEX
8
L2
10
21.473766705527325
20
-55.121951219512184
0
VERTEX
8
L2
10
21.595717925039523
20
-55.121951219512184
0
VERTEX
8
L2
10
21.595717925039523
20
-55.097560975609746
0
VERTEX
8
L2
10
21.62986544265503
20
-55.097560975609746
0
VERTEX
8
L2
10
21.62986544265503
20
-55.765771944543005
0
VERTEX
8
L2
10
21.463675675786973
20
-55.765771944543005
0
VERTEX
8
L2
10
21.463675675786973
20
-55.36585365853658
0
VERTEX
8
L2
10
21.48806591968942
20
-55.36585365853658
0
VERTEX
8
L2
10
21.48806591968942
20
-55.24390243902438
0
VERTEX
8
L2
10
21.36611470017722
20
-55.24390243902438
0
VERTEX
8
L2
10
21.36611470017722
20
-55.863332920152764
0
VERTEX
8
L2
10
21.727426418264812
20
-55.863332920152764
0
VERTEX
8
L2
10
21.727426418264812
20
-54.99999999999999
0
SEQEND
0
POLYLINE
8
L2
66
1
70
1
0
VERTEX
8
L2
10
21.151286019882107
20
-56.28048780487804
0
VERTEX
8
L2
10
21.151286019882107
20
-56.40243902439024
0
VERTEX
8
L2
10
21.273237239394305
20
-56.40243902439024
0
VERTEX
8
L2
10
21.273237239394305
20
-56.28048780487804
0
VERTEX
8
L2
10
21.151286019882107
20
-56.28048780487804
0
SEQEND
0
POLYLINE
8
L2
66
1
70
1
0
VERTEX
8
L2
10
21.101683646793177
20
-54.99999999999999
0
VERTEX
8
L2
10
20.640706860884976
20
-54.99999999999999
0
VERTEX
8
L2
10
20.640706860884976
20
-55.121951219512184
0
VERTEX
8
L2
10
20.762658080397173
20
-55.121951219512184
0
VERTEX
8
L2
10
20.762658080397173
20
-55.097560975609746
0
VERTEX
8
L2
10
21.004122671183424
20
-55.097560975609746
0
VERTEX
8
L2
10
21.004122671183424
20
-56.0096743835674
0
VERTEX
8
L2
10
20.630615831144652
20
-56.0096743835674
0
VERTEX
8
L2
10
20.630615831144652
20
-55.36585365853658
0
VERTEX
8
L2
10
20.65500607504707
20
-55.36585365853658
0
VERTEX
8
L2
10
20.65500607504707
20
-55.24390243902438
0
VERTEX
8
L2
10
20.5330548555349
20
-55.24390243902438
0
VERTEX
8
L2
10
20.5330548555349
20
-56.10723535917715
0
VERTEX
8
L2
10
21.101683646793177
20
-56.10723535917715
0
VERTEX
8
L2
10
21.101683646793177
20
-54.99999999999999
0
SEQEND
0
POLYLINE
8
L2
66
1
70
1
0
VERTEX
8
L2
10
20.726762760605695
20
-56.28048780487804
0
VERTEX
8
L2
10
20.604811541093497
20
-56.28048780487804
0
VERTEX
8
L2
10
20.604811541093497
20
-56.40243902439024
0
VERTEX
8
L2
10
20.726762760605695
20
-56.40243902439024
0
VERTEX
8
L2
10
20.726762760605695
20
-56.28048780487804
0
SEQEND
0
POLYLINE
8
L2
66
1
70
1
0
VERTEX
8
L2
10
20.676968001758908
20
-57.707317073170735
0
VERTEX
8
L2
10
20.434191206119507
20
-57.707317073170735
0
VERTEX
8
L2
10
20.434191206119507
20
-56.795203665213094
0
VERTEX
8
L2
10
20.701358245661353
20
-56.795203665213094
0
VERTEX
8
L2
10
20.701358245661353
20
-57.10008171399358
0
VERTEX
8
L2
10
20.676968001758908
20
-57.10008171399358
0
VERTEX
8
L2
10
20.676968001758908
20
-57.22203293350578
0
VERTEX
8
L2
10
20.798919221271106
20
-57.22203293350578
0
VERTEX
8
L2
10
20.798919221271106
20
-56.69764268960334
0
VERTEX
8
L2
10
20.336630230509726
20
-56.69764268960334
0
VERTEX
8
L2
10
20.336630230509726
20
-57.804878048780495
0
VERTEX
8
L2
10
20.798919221271106
20
-57.804878048780495
0
VERTEX
8
L2
10
20.798919221271106
20
-57.40495976277407
0
VERTEX
8
L2
10
20.676968001758908
20
-57.40495976277407
0
VERTEX
8
L2
10
20.676968001758908
20
-57.707317073170735
0
SEQEND
0
POLYLINE
8
L2
66
1
70
1
0
VERTEX
8
L2
10
19.927982272800804
20
-56.28048780487804
0
VERTEX
8
L2
10
19.927982272800804
20
-56.50000000000001
0
VERTEX
8
L2
10
19.64945758678833
20
-56.50000000000001
0
VERTEX
8
L2
10
19.64945758678833
20
-57.14642019007227
0
VERTEX
8
L2
10
19.771408806300528
20
-57.14642019007227
0
VERTEX
8
L2
10
19.771408806300528
20
-57.02446897056007
0
VERTEX
8
L2
10
19.747018562398083
20
-57.02446897056007
0
VERTEX
8
L2
10
19.747018562398083
20
-56.59756097560977
0
VERTEX
8
L2
10
20.049933492313002
20
-56.59756097560977
0
VERTEX
8
L2
10
20.049933492313002
20
-56.28048780487804
0
VERTEX
8
L2
10
19.927982272800804
20
-56.28048780487804
0
SEQEND
0
POLYLINE
8
L2
66
1
70
1
0
VERTEX
8
L2
10
21.1037972700516
20
-57.6829268292683
0
VERTEX
8
L2
10
21.484520675284003
20
-57.6829268292683
0
VERTEX
8
L2
10
21.484520675284003
20
-57.5609756097561
0
VERTEX
8
L2
10
21.362569455771805
20
-57.5609756097561
0
VERTEX
8
L2
10
21.362569455771805
20
-57.58536585365854
0
VERTEX
8
L2
10
21.201358245661353
20
-57.58536585365854
0
VERTEX
8
L2
10
21.201358245661353
20
-56.673252445700896
0
VERTEX
8
L2
10
21.494611705024326
20
-56.673252445700896
0
VERTEX
8
L2
10
21.494611705024326
20
-57.31707317073172
0
VERTEX
8
L2
10
21.47022146112191
20
-57.31707317073172
0
VERTEX
8
L2
10
21.47022146112191
20
-57.4390243902439
0
VERTEX
8
L2
10
21.592172680634107
20
-57.4390243902439
0
VERTEX
8
L2
10
21.592172680634107
20
-56.575691470091144
0
VERTEX
8
L2
10
21.1037972700516
20
-56.575691470091144
0
VERTEX
8
L2
10
21.1037972700516
20
-57.6829268292683
0
SEQEND
0
POLYLINE
8
L2
66
1
70
1
0
VERTEX
8
L2
10
19.476762760605695
20
-56.40243902439024
0
VERTEX
8
L2
10
19.476762760605695
20
-56.28048780487804
0
VERTEX
8
L2
10
19.354811541093497
20
-56.28048780487804
0
VERTEX
8
L2
10
19.354811541093497
20
-56.40243902439024
0
VERTEX
8
L2
10
19.476762760605695
20
-56.40243902439024
0
SEQEND
0
POLYLINE
8
L2
66
1
70
1
0
VERTEX
8
L2
10
24.943065966497684
20
-55.87552804210398
0
VERTEX
8
L2
10
24.67321766304427
20
-55.87552804210398
0
VERTEX
8
L2
10
24.67321766304427
20
-55.097560975609746
0
VERTEX
8
L2
10
24.811023717245163
20
-55.097560975609746
0
VERTEX
8
L2
10
24.811023717245163
20
-55.1219512195122
0
VERTEX
8
L2
10
24.932974936757333
20
-55.1219512195122
0
VERTEX
8
L2
10
24.932974936757333
20
-54.99999999999999
0
VERTEX
8
L2
10
24.57565668743449
20
-54.99999999999999
0
VERTEX
8
L2
10
24.57565668743449
20
-55.97308901771374
0
VERTEX
8
L2
10
25.040626942107437
20
-55.97308901771374
0
VERTEX
8
L2
10
25.040626942107437
20
-55.243902439024396
0
VERTEX
8
L2
10
24.91867572259524
20
-55.243902439024396
0
VERTEX
8
L2
10
24.91867572259524
20
-55.365853658536594
0
VERTEX
8
L2
10
24.943065966497684
20
-55.365853658536594
0
VERTEX
8
L2
10
24.943065966497684
20
-55.87552804210398
0
SEQEND
0
POLYLINE
8
L2
66
1
70
1
0
VERTEX
8
L2
10
27.688976282754894
20
-57.6829268292683
0
VERTEX
8
L2
10
28.10727014183381
20
-57.6829268292683
0
VERTEX
8
L2
10
28.10727014183381
20
-56.52475264795704
0
VERTEX
8
L2
10
27.58132427740479
20
-56.52475264795704
0
VERTEX
8
L2
10
27.58132427740479
20
-57.4390243902439
0
VERTEX
8
L2
10
27.703275496916987
20
-57.4390243902439
0
VERTEX
8
L2
10
27.703275496916987
20
-57.31707317073171
0
VERTEX
8
L2
10
27.678885253014542
20
-57.31707317073171
0
VERTEX
8
L2
10
27.678885253014542
20
-56.62231362356679
0
VERTEX
8
L2
10
28.009709166224056
20
-56.62231362356679
0
VERTEX
8
L2
10
28.009709166224056
20
-57.58536585365854
0
VERTEX
8
L2
10
27.81092750226709
20
-57.58536585365854
0
VERTEX
8
L2
10
27.81092750226709
20
-57.5609756097561
0
VERTEX
8
L2
10
27.688976282754894
20
-57.5609756097561
0
VERTEX
8
L2
10
27.688976282754894
20
-57.6829268292683
0
SEQEND
0
POLYLINE
8
L2
66
1
70
1
0
VERTEX
8
L2
10
24.57693374226527
20
-56.376771725657036
0
VERTEX
8
L2
10
24.61224205328817
20
-56.39139690694721
0
VERTEX
8
L2
10
24.647550364311044
20
-56.376771725657036
0
VERTEX
8
L2
10
24.662175545601215
20
-56.341463414634156
0
VERTEX
8
L2
10
24.647550364311044
20
-56.30615510361126
0
VERTEX
8
L2
10
24.61224205328817
20
-56.291529922321104
0
VERTEX
8
L2
10
24.57693374226527
20
-56.30615510361126
0
VERTEX
8
L2
10
24.562308560975097
20
-56.341463414634156
0
VERTEX
8
L2
10
24.57693374226527
20
-56.376771725657036
0
SEQEND
0
POLYLINE
8
L2
66
1
70
1
0
VERTEX
8
L2
10
25.25428089880846
20
-56.10723535917715
0
VERTEX
8
L2
10
26.258772341681194
20
-56.10723535917715
0
VERTEX
8
L2
10
26.258772341681194
20
-55.243902439024396
0
VERTEX
8
L2
10
26.136821122168996
20
-55.243902439024396
0
VERTEX
8
L2
10
26.136821122168996
20
-55.365853658536594
0
VERTEX
8
L2
10
26.16121136607144
20
-55.365853658536594
0
VERTEX
8
L2
10
26.16121136607144
20
-56.0096743835674
0
VERTEX
8
L2
10
25.351841874418213
20
-56.0096743835674
0
VERTEX
8
L2
10
25.351841874418213
20
-55.097560975609746
0
VERTEX
8
L2
10
25.80965692169697
20
-55.097560975609746
0
VERTEX
8
L2
10
25.80965692169697
20
-55.1219512195122
0
VERTEX
8
L2
10
25.931608141209168
20
-55.1219512195122
0
VERTEX
8
L2
10
25.931608141209168
20
-54.99999999999999
0
VERTEX
8
L2
10
25.25428089880846
20
-54.99999999999999
0
VERTEX
8
L2
10
25.25428089880846
20
-56.10723535917715
0
SEQEND
0
POLYLINE
8
L2
66
1
70
1
0
VERTEX
8
L2
10
28.10599308700303
20
-56.30615510361126
0
VERTEX
8
L2
10
28.070684775980155
20
-56.291529922321104
0
VERTEX
8
L2
10
28.03537646495728
20
-56.30615510361126
0
VERTEX
8
L2
10
28.02075128366711
20
-56.341463414634156
0
VERTEX
8
L2
10
28.03537646495728
20
-56.376771725657036
0
VERTEX
8
L2
10
28.070684775980155
20
-56.39139690694721
0
VERTEX
8
L2
10
28.10599308700303
20
-56.376771725657036
0
VERTEX
8
L2
10
28.1206182682932
20
-56.341463414634156
0
VERTEX
8
L2
10
28.10599308700303
20
-56.30615510361126
0
SEQEND
0
POLYLINE
8
L2
66
1
70
1
0
VERTEX
8
L2
10
25.33042129719105
20
-57.439024390243915
0
VERTEX
8
L2
10
25.33042129719108
20
-56.804878048780495
0
VERTEX
8
L2
10
24.777828211810103
20
-56.804878048780495
0
VERTEX
8
L2
10
24.777828211810103
20
-57.6829268292683
0
VERTEX
8
L2
10
25.272404031885017
20
-57.6829268292683
0
VERTEX
8
L2
10
25.272404031885017
20
-57.5609756097561
0
VERTEX
8
L2
10
25.15045281237282
20
-57.5609756097561
0
VERTEX
8
L2
10
25.15045281237282
20
-57.58536585365854
0
VERTEX
8
L2
10
24.875389187419856
20
-57.58536585365854
0
VERTEX
8
L2
10
24.875389187419856
20
-56.902439024390254
0
VERTEX
8
L2
10
25.232860321581327
20
-56.902439024390254
0
VERTEX
8
L2
10
25.232860321581327
20
-57.31707317073172
0
VERTEX
8
L2
10
25.208470077678882
20
-57.31707317073172
0
VERTEX
8
L2
10
25.208470077678882
20
-57.439024390243915
0
VERTEX
8
L2
10
25.33042129719105
20
-57.439024390243915
0
SEQEND
0
POLYLINE
8
L2
66
1
70
1
0
VERTEX
8
L2
10
27.352505532077245
20
-56.40243902439024
0
VERTEX
8
L2
10
27.474456751589443
20
-56.40243902439024
0
VERTEX
8
L2
10
27.474456751589443
20
-56.28048780487804
0
VERTEX
8
L2
10
27.352505532077245
20
-56.28048780487804
0
VERTEX
8
L2
10
27.352505532077245
20
-56.40243902439024
0
SEQEND
0
POLYLINE
8
L2
66
1
70
1
0
VERTEX
8
L2
10
27.581084954850198
20
-54.99999999999999
0
VERTEX
8
L2
10
27.32742524211271
20
-54.99999999999999
0
VERTEX
8
L2
10
27.32742524211271
20
-55.121951219512184
0
VERTEX
8
L2
10
27.449376461624908
20
-55.121951219512184
0
VERTEX
8
L2
10
27.449376461624908
20
-55.097560975609746
0
VERTEX
8
L2
10
27.483523979240417
20
-55.097560975609746
0
VERTEX
8
L2
10
27.483523979240417
20
-55.765771944543005
0
VERTEX
8
L2
10
27.31733421237236
20
-55.765771944543005
0
VERTEX
8
L2
10
27.31733421237236
20
-55.36585365853658
0
VERTEX
8
L2
10
27.341724456274804
20
-55.36585365853658
0
VERTEX
8
L2
10
27.341724456274804
20
-55.24390243902438
0
VERTEX
8
L2
10
27.219773236762606
20
-55.24390243902438
0
VERTEX
8
L2
10
27.219773236762606
20
-55.863332920152764
0
VERTEX
8
L2
10
27.581084954850198
20
-55.863332920152764
0
VERTEX
8
L2
10
27.581084954850198
20
-54.99999999999999
0
SEQEND
0
POLYLINE
8
L2
66
1
70
1
0
VERTEX
8
L2
10
27.004944556467493
20
-56.28048780487804
0
VERTEX
8
L2
10
27.004944556467493
20
-56.40243902439024
0
VERTEX
8
L2
10
27.12689577597969
20
-56.40243902439024
0
VERTEX
8
L2
10
27.12689577597969
20
-56.28048780487804
0
VERTEX
8
L2
10
27.004944556467493
20
-56.28048780487804
0
SEQEND
0
POLYLINE
8
L2
66
1
70
1
0
VERTEX
8
L2
10
26.955342183378562
20
-54.99999999999999
0
VERTEX
8
L2
10
26.49436539747036
20
-54.99999999999999
0
VERTEX
8
L2
10
26.49436539747036
20
-55.121951219512184
0
VERTEX
8
L2
10
26.61631661698256
20
-55.121951219512184
0
VERTEX
8
L2
10
26.61631661698256
20
-55.097560975609746
0
VERTEX
8
L2
10
26.85778120776881
20
-55.097560975609746
0
VERTEX
8
L2
10
26.85778120776881
20
-56.0096743835674
0
VERTEX
8
L2
10
26.484274367730038
20
-56.0096743835674
0
VERTEX
8
L2
10
26.484274367730038
20
-55.36585365853658
0
VERTEX
8
L2
10
26.508664611632454
20
-55.36585365853658
0
VERTEX
8
L2
10
26.508664611632454
20
-55.24390243902438
0
VERTEX
8
L2
10
26.386713392120285
20
-55.24390243902438
0
VERTEX
8
L2
10
26.386713392120285
20
-56.10723535917715
0
VERTEX
8
L2
10
26.955342183378562
20
-56.10723535917715
0
VERTEX
8
L2
10
26.955342183378562
20
-54.99999999999999
0
SEQEND
0
POLYLINE
8
L2
66
1
70
1
0
VERTEX
8
L2
10
26.58042129719108
20
-56.28048780487804
0
VERTEX
8
L2
10
26.458470077678882
20
-56.28048780487804
0
VERTEX
8
L2
10
26.458470077678882
20
-56.40243902439024
0
VERTEX
8
L2
10
26.58042129719108
20
-56.40243902439024
0
VERTEX
8
L2
10
26.58042129719108
20
-56.28048780487804
0
SEQEND
0
POLYLINE
8
L2
66
1
70
1
0
VERTEX
8
L2
10
26.530626538344293
20
-57.707317073170735
0
VERTEX
8
L2
10
26.287849742704893
20
-57.707317073170735
0
VERTEX
8
L2
10
26.287849742704893
20
-56.795203665213094
0
VERTEX
8
L2
10
26.55501678224674
20
-56.795203665213094
0
VERTEX
8
L2
10
26.55501678224674
20
-57.10008171399358
0
VERTEX
8
L2
10
26.530626538344293
20
-57.10008171399358
0
VERTEX
8
L2
10
26.530626538344293
20
-57.22203293350578
0
VERTEX
8
L2
10
26.65257775785649
20
-57.22203293350578
0
VERTEX
8
L2
10
26.65257775785649
20
-56.69764268960334
0
VERTEX
8
L2
10
26.19028876709511
20
-56.69764268960334
0
VERTEX
8
L2
10
26.19028876709511
20
-57.804878048780495
0
VERTEX
8
L2
10
26.65257775785649
20
-57.804878048780495
0
VERTEX
8
L2
10
26.65257775785649
20
-57.40495976277407
0
VERTEX
8
L2
10
26.530626538344293
20
-57.40495976277407
0
VERTEX
8
L2
10
26.530626538344293
20
-57.707317073170735
0
SEQEND
0
POLYLINE
8
L2
66
1
70
1
0
VERTEX
8
L2
10
25.78164080938619
20
-56.28048780487804
0
VERTEX
8
L2
10
25.78164080938619
20
-56.50000000000001
0
VERTEX
8
L2
10
25.503116123373715
20
-56.50000000000001
0
VERTEX
8
L2
10
25.503116123373715
20
-57.14642019007227
0
VERTEX
8
L2
10
25.625067342885913
20
-57.14642019007227
0
VERTEX
8
L2
10
25.625067342885913
20
-57.02446897056007
0
VERTEX
8
L2
10
25.600677098983468
20
-57.02446897056007
0
VERTEX
8
L2
10
25.600677098983468
20
-56.59756097560977
0
VERTEX
8
L2
10
25.903592028898387
20
-56.59756097560977
0
VERTEX
8
L2
10
25.903592028898387
20
-56.28048780487804
0
VERTEX
8
L2
10
25.78164080938619
20
-56.28048780487804
0
SEQEND
0
POLYLINE
8
L2
66
1
70
1
0
VERTEX
8
L2
10
26.957455806636986
20
-57.6829268292683
0
VERTEX
8
L2
10
27.338179211869388
20
-57.6829268292683
0
VERTEX
8
L2
10
27.338179211869388
20
-57.5609756097561
0
VERTEX
8
L2
10
27.21622799235719
20
-57.5609756097561
0
VERTEX
8
L2
10
27.21622799235719
20
-57.58536585365854
0
VERTEX
8
L2
10
27.05501678224674
20
-57.58536585365854
0
VERTEX
8
L2
10
27.05501678224674
20
-56.673252445700896
0
VERTEX
8
L2
10
27.34827024160971
20
-56.673252445700896
0
VERTEX
8
L2
10
27.34827024160971
20
-57.31707317073172
0
VERTEX
8
L2
10
27.323879997707294
20
-57.31707317073172
0
VERTEX
8
L2
10
27.323879997707294
20
-57.4390243902439
0
VERTEX
8
L2
10
27.445831217219492
20
-57.4390243902439
0
VERTEX
8
L2
10
27.445831217219492
20
-56.575691470091144
0
VERTEX
8
L2
10
26.957455806636986
20
-56.575691470091144
0
VERTEX
8
L2
10
26.957455806636986
20
-57.6829268292683
0
SEQEND
0
POLYLINE
8
L2
66
1
70
1
0
VERTEX
8
L2
10
25.33042129719108
20
-56.40243902439024
0
VERTEX
8
L2
10
25.33042129719108
20
-56.28048780487804
0
VERTEX
8
L2
10
25.208470077678882
20
-56.28048780487804
0
VERTEX
8
L2
10
25.208470077678882
20
-56.40243902439024
0
VERTEX
8
L2
10
25.33042129719108
20
-56.40243902439024
0
SEQEND
0
POLYLINE
8
L2
66
1
70
1
0
VERTEX
8
L2
10
30.796724503083013
20
-55.87552804210398
0
VERTEX
8
L2
10
30.526876199629598
20
-55.87552804210398
0
VERTEX
8
L2
10
30.526876199629598
20
-55.097560975609746
0
VERTEX
8
L2
10
30.66468225383049
20
-55.097560975609746
0
VERTEX
8
L2
10
30.66468225383049
20
-55.1219512195122
0
VERTEX
8
L2
10
30.78663347334266
20
-55.1219512195122
0
VERTEX
8
L2
10
30.78663347334266
20
-54.99999999999999
0
VERTEX
8
L2
10
30.429315224019817
20
-54.99999999999999
0
VERTEX
8
L2
10
30.429315224019817
20
-55.97308901771374
0
VERTEX
8
L2
10
30.894285478692765
20
-55.97308901771374
0
VERTEX
8
L2
10
30.894285478692765
20
-55.243902439024396
0
VERTEX
8
L2
10
30.772334259180568
20
-55.243902439024396
0
VERTEX
8
L2
10
30.772334259180568
20
-55.365853658536594
0
VERTEX
8
L2
10
30.796724503083013
20
-55.365853658536594
0
VERTEX
8
L2
10
30.796724503083013
20
-55.87552804210398
0
SEQEND
0
POLYLINE
8
L2
66
1
70
1
0
VERTEX
8
L2
10
33.54263481934022
20
-57.6829268292683
0
VERTEX
8
L2
10
33.96092867841914
20
-57.6829268292683
0
VERTEX
8
L2
10
33.96092867841914
20
-56.52475264795704
0
VERTEX
8
L2
10
33.43498281399012
20
-56.52475264795704
0
VERTEX
8
L2
10
33.43498281399012
20
-57.4390243902439
0
VERTEX
8
L2
10
33.556934033502316
20
-57.4390243902439
0
VERTEX
8
L2
10
33.556934033502316
20
-57.31707317073171
0
VERTEX
8
L2
10
33.53254378959987
20
-57.31707317073171
0
VERTEX
8
L2
10
33.53254378959987
20
-56.62231362356679
0
VERTEX
8
L2
10
33.863367702809384
20
-56.62231362356679
0
VERTEX
8
L2
10
33.863367702809384
20
-57.58536585365854
0
VERTEX
8
L2
10
33.66458603885242
20
-57.58536585365854
0
VERTEX
8
L2
10
33.66458603885242
20
-57.5609756097561
0
VERTEX
8
L2
10
33.54263481934022
20
-57.5609756097561
0
VERTEX
8
L2
10
33.54263481934022
20
-57.6829268292683
0
SEQEND
0
POLYLINE
8
L2
66
1
70
1
0
VERTEX
8
L2
10
30.430592278850597
20
-56.376771725657036
0
VERTEX
8
L2
10
30.4659005898735
20
-56.39139690694721
0
VERTEX
8
L2
10
30.501208900896373
20
-56.376771725657036
0
VERTEX
8
L2
10
30.515834082186544
20
-56.341463414634156
0
VERTEX
8
L2
10
30.501208900896373
20
-56.30615510361126
0
VERTEX
8
L2
10
30.4659005898735
20
-56.291529922321104
0
VERTEX
8
L2
10
30.430592278850597
20
-56.30615510361126
0
VERTEX
8
L2
10
30.415967097560426
20
-56.341463414634156
0
VERTEX
8
L2
10
30.430592278850597
20
-56.376771725657036
0
SEQEND
0
POLYLINE
8
L2
66
1
70
1
0
VERTEX
8
L2
10
31.10793943539379
20
-56.10723535917715
0
VERTEX
8
L2
10
32.11243087826652
20
-56.10723535917715
0
VERTEX
8
L2
10
32.11243087826652
20
-55.243902439024396
0
VERTEX
8
L2
10
31.990479658754325
20
-55.243902439024396
0
VERTEX
8
L2
10
31.990479658754325
20
-55.365853658536594
0
VERTEX
8
L2
10
32.01486990265677
20
-55.365853658536594
0
VERTEX
8
L2
10
32.01486990265677
20
-56.0096743835674
0
VERTEX
8
L2
10
31.20550041100354
20
-56.0096743835674
0
VERTEX
8
L2
10
31.20550041100354
20
-55.097560975609746
0
VERTEX
8
L2
10
31.663315458282298
20
-55.097560975609746
0
VERTEX
8
L2
10
31.663315458282298
20
-55.1219512195122
0
VERTEX
8
L2
10
31.785266677794496
20
-55.1219512195122
0
VERTEX
8
L2
10
31.785266677794496
20
-54.99999999999999
0
VERTEX
8
L2
10
31.10793943539379
20
-54.99999999999999
0
VERTEX
8
L2
10
31.10793943539379
20
-56.10723535917715
0
SEQEND
0
POLYLINE
8
L2
66
1
70
1
0
VERTEX
8
L2
10
33.95965162358836
20
-56.30615510361126
0
VERTEX
8
L2
10
33.92434331256548
20
-56.291529922321104
0
VERTEX
8
L2
10
33.88903500154261
20
-56.30615510361126
0
VERTEX
8
L2
10
33.87440982025244
20
-56.341463414634156
0
VERTEX
8
L2
10
33.88903500154261
20
-56.376771725657036
0
VERTEX
8
L2
10
33.92434331256548
20
-56.39139690694721
0
VERTEX
8
L2
10
33.95965162358836
20
-56.376771725657036
0
VERTEX
8
L2
10
33.97427680487853
20
-56.341463414634156
0
VERTEX
8
L2
10
33.95965162358836
20
-56.30615510361126
0
SEQEND
0
POLYLINE
8
L2
66
1
70
1
0
VERTEX
8
L2
10
31.18407983377638
20
-57.439024390243915
0
VERTEX
8
L2
10
31.18407983377641
20
-56.804878048780495
0
VERTEX
8
L2
10
30.63148674839543
20
-56.804878048780495
0
VERTEX
8
L2
10
30.63148674839543
20
-57.6829268292683
0
VERTEX
8
L2
10
31.126062568470346
20
-57.6829268292683
0
VERTEX
8
L2
10
31.126062568470346
20
-57.5609756097561
0
VERTEX
8
L2
10
31.004111348958148
20
-57.5609756097561
0
VERTEX
8
L2
10
31.004111348958148
20
-57.58536585365854
0
VERTEX
8
L2
10
30.729047724005184
20
-57.58536585365854
0
VERTEX
8
L2
10
30.729047724005184
20
-56.902439024390254
0
VERTEX
8
L2
10
31.086518858166656
20
-56.902439024390254
0
VERTEX
8
L2
10
31.086518858166656
20
-57.31707317073172
0
VERTEX
8
L2
10
31.06212861426421
20
-57.31707317073172
0
VERTEX
8
L2
10
31.06212861426421
20
-57.439024390243915
0
VERTEX
8
L2
10
31.18407983377638
20
-57.439024390243915
0
SEQEND
0
POLYLINE
8
L2
66
1
70
1
0
VERTEX
8
L2
10
33.206164068662574
20
-56.40243902439024
0
VERTEX
8
L2
10
33.32811528817477
20
-56.40243902439024
0
VERTEX
8
L2
10
33.32811528817477
20
-56.28048780487804
0
VERTEX
8
L2
10
33.206164068662574
20
-56.28048780487804
0
VERTEX
8
L2
10
33.206164068662574
20
-56.40243902439024
0
SEQEND
0
POLYLINE
8
L2
66
1
70
1
0
VERTEX
8
L2
10
33.434743491435526
20
-54.99999999999999
0
VERTEX
8
L2
10
33.18108377869804
20
-54.99999999999999
0
VERTEX
8
L2
10
33.18108377869804
20
-55.121951219512184
0
VERTEX
8
L2
10
33.30303499821024
20
-55.121951219512184
0
VERTEX
8
L2
10
33.30303499821024
20
-55.097560975609746
0
VERTEX
8
L2
10
33.337182515825745
20
-55.097560975609746
0
VERTEX
8
L2
10
33.337182515825745
20
-55.765771944543005
0
VERTEX
8
L2
10
33.17099274895769
20
-55.765771944543005
0
VERTEX
8
L2
10
33.17099274895769
20
-55.36585365853658
0
VERTEX
8
L2
10
33.19538299286013
20
-55.36585365853658
0
VERTEX
8
L2
10
33.19538299286013
20
-55.24390243902438
0
VERTEX
8
L2
10
33.073431773347934
20
-55.24390243902438
0
VERTEX
8
L2
10
33.073431773347934
20
-55.863332920152764
0
VERTEX
8
L2
10
33.434743491435526
20
-55.863332920152764
0
VERTEX
8
L2
10
33.434743491435526
20
-54.99999999999999
0
SEQEND
0
POLYLINE
8
L2
66
1
70
1
0
VERTEX
8
L2
10
32.85860309305282
20
-56.28048780487804
0
VERTEX
8
L2
10
32.85860309305282
20
-56.40243902439024
0
VERTEX
8
L2
10
32.98055431256502
20
-56.40243902439024
0
VERTEX
8
L2
10
32.98055431256502
20
-56.28048780487804
0
VERTEX
8
L2
10
32.85860309305282
20
-56.28048780487804
0
SEQEND
0
POLYLINE
8
L2
66
1
70
1
0
VERTEX
8
L2
10
32.80900071996389
20
-54.99999999999999
0
VERTEX
8
L2
10
32.34802393405569
20
-54.99999999999999
0
VERTEX
8
L2
10
32.34802393405569
20
-55.121951219512184
0
VERTEX
8
L2
10
32.46997515356789
20
-55.121951219512184
0
VERTEX
8
L2
10
32.46997515356789
20
-55.097560975609746
0
VERTEX
8
L2
10
32.71143974435414
20
-55.097560975609746
0
VERTEX
8
L2
10
32.71143974435414
20
-56.0096743835674
0
VERTEX
8
L2
10
32.337932904315366
20
-56.0096743835674
0
VERTEX
8
L2
10
32.337932904315366
20
-55.36585365853658
0
VERTEX
8
L2
10
32.36232314821778
20
-55.36585365853658
0
VERTEX
8
L2
10
32.36232314821778
20
-55.24390243902438
0
VERTEX
8
L2
10
32.24037192870561
20
-55.24390243902438
0
VERTEX
8
L2
10
32.24037192870561
20
-56.10723535917715
0
VERTEX
8
L2
10
32.80900071996389
20
-56.10723535917715
0
VERTEX
8
L2
10
32.80900071996389
20
-54.99999999999999
0
SEQEND
0
POLYLINE
8
L2
66
1
70
1
0
VERTEX
8
L2
10
32.43407983377641
20
-56.28048780487804
0
VERTEX
8
L2
10
32.31212861426421
20
-56.28048780487804
0
VERTEX
8
L2
10
32.31212861426421
20
-56.40243902439024
0
VERTEX
8
L2
10
32.43407983377641
20
-56.40243902439024
0
VERTEX
8
L2
10
32.43407983377641
20
-56.28048780487804
0
SEQEND
0
POLYLINE
8
L2
66
1
70
1
0
VERTEX
8
L2
10
32.38428507492962
20
-57.707317073170735
0
VERTEX
8
L2
10
32.14150827929022
20
-57.707317073170735
0
VERTEX
8
L2
10
32.14150827929022
20
-56.795203665213094
0
VERTEX
8
L2
10
32.40867531883207
20
-56.795203665213094
0
VERTEX
8
L2
10
32.40867531883207
20
-57.10008171399358
0
VERTEX
8
L2
10
32.38428507492962
20
-57.10008171399358
0
VERTEX
8
L2
10
32.38428507492962
20
-57.22203293350578
0
VERTEX
8
L2
10
32.50623629444182
20
-57.22203293350578
0
VERTEX
8
L2
10
32.50623629444182
20
-56.69764268960334
0
VERTEX
8
L2
10
32.04394730368044
20
-56.69764268960334
0
VERTEX
8
L2
10
32.04394730368044
20
-57.804878048780495
0
VERTEX
8
L2
10
32.50623629444182
20
-57.804878048780495
0
VERTEX
8
L2
10
32.50623629444182
20
-57.40495976277407
0
VERTEX
8
L2
10
32.38428507492962
20
-57.40495976277407
0
VERTEX
8
L2
10
32.38428507492962
20
-57.707317073170735
0
SEQEND
0
POLYLINE
8
L2
66
1
70
1
0
VERTEX
8
L2
10
31.635299345971518
20
-56.28048780487804
0
VERTEX
8
L2
10
31.635299345971518
20
-56.50000000000001
0
VERTEX
8
L2
10
31.356774659959044
20
-56.50000000000001
0
VERTEX
8
L2
10
31.356774659959044
20
-57.14642019007227
0
VERTEX
8
L2
10
31.47872587947124
20
-57.14642019007227
0
VERTEX
8
L2
10
31.47872587947124
20
-57.02446897056007
0
VERTEX
8
L2
10
31.454335635568796
20
-57.02446897056007
0
VERTEX
8
L2
10
31.454335635568796
20
-56.59756097560977
0
VERTEX
8
L2
10
31.757250565483716
20
-56.59756097560977
0
VERTEX
8
L2
10
31.757250565483716
20
-56.28048780487804
0
VERTEX
8
L2
10
31.635299345971518
20
-56.28048780487804
0
SEQEND
0
POLYLINE
8
L2
66
1
70
1
0
VERTEX
8
L2
10
32.811114343222314
20
-57.6829268292683
0
VERTEX
8
L2
10
33.19183774845472
20
-57.6829268292683
0
VERTEX
8
L2
10
33.19183774845472
20
-57.5609756097561
0
VERTEX
8
L2
10
33.06988652894252
20
-57.5609756097561
0
VERTEX
8
L2
10
33.06988652894252
20
-57.58536585365854
0
VERTEX
8
L2
10
32.90867531883207
20
-57.58536585365854
0
VERTEX
8
L2
10
32.90867531883207
20
-56.673252445700896
0
VERTEX
8
L2
10
33.20192877819504
20
-56.673252445700896
0
VERTEX
8
L2
10
33.20192877819504
20
-57.31707317073172
0
VERTEX
8
L2
10
33.17753853429262
20
-57.31707317073172
0
VERTEX
8
L2
10
33.17753853429262
20
-57.4390243902439
0
VERTEX
8
L2
10
33.29948975380482
20
-57.4390243902439
0
VERTEX
8
L2
10
33.29948975380482
20
-56.575691470091144
0
VERTEX
8
L2
10
32.811114343222314
20
-56.575691470091144
0
VERTEX
8
L2
10
32.811114343222314
20
-57.6829268292683
0
SEQEND
0
POLYLINE
8
L2
66
1
70
1
0
VERTEX
8
L2
10
31.18407983377641
20
-56.40243902439024
0
VERTEX
8
L2
10
31.18407983377641
20
-56.28048780487804
0
VERTEX
8
L2
10
31.06212861426421
20
-56.28048780487804
0
VERTEX
8
L2
10
31.06212861426421
20
-56.40243902439024
0
VERTEX
8
L2
10
31.18407983377641
20
-56.40243902439024
0
SEQEND
0
POLYLINE
8
L2
66
1
70
1
0
VERTEX
8
L2
10
36.6503830396684
20
-55.87552804210398
0
VERTEX
8
L2
10
36.38053473621498
20
-55.87552804210398
0
VERTEX
8
L2
10
36.38053473621498
20
-55.097560975609746
0
VERTEX
8
L2
10
36.51834079041588
20
-55.097560975609746
0
VERTEX
8
L2
10
36.51834079041588
20
-55.1219512195122
0
VERTEX
8
L2
10
36.64029200992805
20
-55.1219512195122
0
VERTEX
8
L2
10
36.64029200992805
20
-54.99999999999999
0
VERTEX
8
L2
10
36.2829737606052
20
-54.99999999999999
0
VERTEX
8
L2
10
36.2829737606052
20
-55.97308901771374
0
VERTEX
8
L2
10
36.74794401527815
20
-55.97308901771374
0
VERTEX
8
L2
10
36.74794401527815
20
-55.243902439024396
0
VERTEX
8
L2
10
36.62599279576595
20
-55.243902439024396
0
VERTEX
8
L2
10
36.62599279576595
20
-55.365853658536594
0
VERTEX
8
L2
10
36.6503830396684
20
-55.365853658536594
0
VERTEX
8
L2
10
36.6503830396684
20
-55.87552804210398
0
SEQEND
0
POLYLINE
8
L2
66
1
70
1
0
VERTEX
8
L2
10
39.39629335592561
20
-57.6829268292683
0
VERTEX
8
L2
10
39.81458721500452
20
-57.6829268292683
0
VERTEX
8
L2
10
39.81458721500452
20
-56.52475264795704
0
VERTEX
8
L2
10
39.2886413505755
20
-56.52475264795704
0
VERTEX
8
L2
10
39.2886413505755
20
-57.4390243902439
0
VERTEX
8
L2
10
39.4105925700877
20
-57.4390243902439
0
VERTEX
8
L2
10
39.4105925700877
20
-57.31707317073171
0
VERTEX
8
L2
10
39.386202326185256
20
-57.31707317073171
0
VERTEX
8
L2
10
39.386202326185256
20
-56.62231362356679
0
VERTEX
8
L2
10
39.71702623939477
20
-56.62231362356679
0
VERTEX
8
L2
10
39.71702623939477
20
-57.58536585365854
0
VERTEX
8
L2
10
39.518244575437805
20
-57.58536585365854
0
VERTEX
8
L2
10
39.518244575437805
20
-57.5609756097561
0
VERTEX
8
L2
10
39.39629335592561
20
-57.5609756097561
0
VERTEX
8
L2
10
39.39629335592561
20
-57.6829268292683
0
SEQEND
0
POLYLINE
8
L2
66
1
70
1
0
VERTEX
8
L2
10
36.28425081543598
20
-56.376771725657036
0
VERTEX
8
L2
10
36.319559126458884
20
-56.39139690694721
0
VERTEX
8
L2
10
36.35486743748176
20
-56.376771725657036
0
VERTEX
8
L2
10
36.36949261877193
20
-56.341463414634156
0
VERTEX
8
L2
10
36.35486743748176
20
-56.30615510361126
0
VERTEX
8
L2
10
36.319559126458884
20
-56.291529922321104
0
VERTEX
8
L2
10
36.28425081543598
20
-56.30615510361126
0
VERTEX
8
L2
10
36.26962563414581
20
-56.341463414634156
0
VERTEX
8
L2
10
36.28425081543598
20
-56.376771725657036
0
SEQEND
0
POLYLINE
8
L2
66
1
70
1
0
VERTEX
8
L2
10
36.961597971979174
20
-56.10723535917715
0
VERTEX
8
L2
10
37.96608941485191
20
-56.10723535917715
0
VERTEX
8
L2
10
37.96608941485191
20
-55.243902439024396
0
VERTEX
8
L2
10
37.84413819533971
20
-55.243902439024396
0
VERTEX
8
L2
10
37.84413819533971
20
-55.365853658536594
0
VERTEX
8
L2
10
37.868528439242155
20
-55.365853658536594
0
VERTEX
8
L2
10
37.868528439242155
20
-56.0096743835674
0
VERTEX
8
L2
10
37.05915894758893
20
-56.0096743835674
0
VERTEX
8
L2
10
37.05915894758893
20
-55.097560975609746
0
VERTEX
8
L2
10
37.51697399486768
20
-55.097560975609746
0
VERTEX
8
L2
10
37.51697399486768
20
-55.1219512195122
0
VERTEX
8
L2
10
37.63892521437988
20
-55.1219512195122
0
VERTEX
8
L2
10
37.63892521437988
20
-54.99999999999999
0
VERTEX
8
L2
10
36.961597971979174
20
-54.99999999999999
0
VERTEX
8
L2
10
36.961597971979174
20
-56.10723535917715
0
SEQEND
0
POLYLINE
8
L2
66
1
70
1
0
VERTEX
8
L2
10
39.81331016017374
20
-56.30615510361126
0
VERTEX
8
L2
10
39.77800184915087
20
-56.291529922321104
0
VERTEX
8
L2
10
39.742693538127995
20
-56.30615510361126
0
VERTEX
8
L2
10
39.728068356837824
20
-56.341463414634156
0
VERTEX
8
L2
10
39.742693538127995
20
-56.376771725657036
0
VERTEX
8
L2
10
39.77800184915087
20
-56.39139690694721
0
VERTEX
8
L2
10
39.81331016017374
20
-56.376771725657036
0
VERTEX
8
L2
10
39.82793534146391
20
-56.341463414634156
0
VERTEX
8
L2
10
39.81331016017374
20
-56.30615510361126
0
SEQEND
0
POLYLINE
8
L2
66
1
70
1
0
VERTEX
8
L2
10
37.037738370361765
20
-57.439024390243915
0
VERTEX
8
L2
10
37.037738370361794
20
-56.804878048780495
0
VERTEX
8
L2
10
36.48514528498082
20
-56.804878048780495
0
VERTEX
8
L2
10
36.48514528498082
20
-57.6829268292683
0
VERTEX
8
L2
10
36.97972110505573
20
-57.6829268292683
0
VERTEX
8
L2
10
36.97972110505573
20
-57.5609756097561
0
VERTEX
8
L2
10
36.85776988554353
20
-57.5609756097561
0
VERTEX
8
L2
10
36.85776988554353
20
-57.58536585365854
0
VERTEX
8
L2
10
36.58270626059057
20
-57.58536585365854
0
VERTEX
8
L2
10
36.58270626059057
20
-56.902439024390254
0
VERTEX
8
L2
10
36.94017739475204
20
-56.902439024390254
0
VERTEX
8
L2
10
36.94017739475204
20
-57.31707317073172
0
VERTEX
8
L2
10
36.915787150849596
20
-57.31707317073172
0
VERTEX
8
L2
10
36.915787150849596
20
-57.439024390243915
0
VERTEX
8
L2
10
37.037738370361765
20
-57.439024390243915
0
SEQEND
0
POLYLINE
8
L2
66
1
70
1
0
VERTEX
8
L2
10
39.05982260524796
20
-56.40243902439024
0
VERTEX
8
L2
10
39.18177382476016
20
-56.40243902439024
0
VERTEX
8
L2
10
39.18177382476016
20
-56.28048780487804
0
VERTEX
8
L2
10
39.05982260524796
20
-56.28048780487804
0
VERTEX
8
L2
10
39.05982260524796
20
-56.40243902439024
0
SEQEND
0
POLYLINE
8
L2
66
1
70
1
0
VERTEX
8
L2
10
39.28840202802091
20
-54.99999999999999
0
VERTEX
8
L2
10
39.034742315283424
20
-54.99999999999999
0
VERTEX
8
L2
10
39.034742315283424
20
-55.121951219512184
0
VERTEX
8
L2
10
39.15669353479562
20
-55.121951219512184
0
VERTEX
8
L2
10
39.15669353479562
20
-55.097560975609746
0
VERTEX
8
L2
10
39.19084105241113
20
-55.097560975609746
0
VERTEX
8
L2
10
39.19084105241113
20
-55.765771944543005
0
VERTEX
8
L2
10
39.02465128554307
20
-55.765771944543005
0
VERTEX
8
L2
10
39.02465128554307
20
-55.36585365853658
0
VERTEX
8
L2
10
39.04904152944552
20
-55.36585365853658
0
VERTEX
8
L2
10
39.04904152944552
20
-55.24390243902438
0
VERTEX
8
L2
10
38.92709030993332
20
-55.24390243902438
0
VERTEX
8
L2
10
38.92709030993332
20
-55.863332920152764
0
VERTEX
8
L2
10
39.28840202802091
20
-55.863332920152764
0
VERTEX
8
L2
10
39.28840202802091
20
-54.99999999999999
0
SEQEND
0
POLYLINE
8
L2
66
1
70
1
0
VERTEX
8
L2
10
38.712261629638206
20
-56.28048780487804
0
VERTEX
8
L2
10
38.712261629638206
20
-56.40243902439024
0
VERTEX
8
L2
10
38.834212849150404
20
-56.40243902439024
0
VERTEX
8
L2
10
38.834212849150404
20
-56.28048780487804
0
VERTEX
8
L2
10
38.712261629638206
20
-56.28048780487804
0
SEQEND
0
POLYLINE
8
L2
66
1
70
1
0
VERTEX
8
L2
10
38.662659256549276
20
-54.99999999999999
0
VERTEX
8
L2
10
38.201682470641074
20
-54.99999999999999
0
VERTEX
8
L2
10
38.201682470641074
20
-55.121951219512184
0
VERTEX
8
L2
10
38.32363369015327
20
-55.121951219512184
0
VERTEX
8
L2
10
38.32363369015327
20
-55.097560975609746
0
VERTEX
8
L2
10
38.56509828093952
20
-55.097560975609746
0
VERTEX
8
L2
10
38.56509828093952
20
-56.0096743835674
0
VERTEX
8
L2
10
38.19159144090075
20
-56.0096743835674
0
VERTEX
8
L2
10
38.19159144090075
20
-55.36585365853658
0
VERTEX
8
L2
10
38.21598168480317
20
-55.36585365853658
0
VERTEX
8
L2
10
38.21598168480317
20
-55.24390243902438
0
VERTEX
8
L2
10
38.094030465291
20
-55.24390243902438
0
VERTEX
8
L2
10
38.094030465291
20
-56.10723535917715
0
VERTEX
8
L2
10
38.662659256549276
20
-56.10723535917715
0
VERTEX
8
L2
10
38.662659256549276
20
-54.99999999999999
0
SEQEND
0
POLYLINE
8
L2
66
1
70
1
0
VERTEX
8
L2
10
38.287738370361794
20
-56.28048780487804
0
VERTEX
8
L2
10
38.165787150849596
20
-56.28048780487804
0
VERTEX
8
L2
10
38.165787150849596
20
-56.40243902439024
0
VERTEX
8
L2
10
38.287738370361794
20
-56.40243902439024
0
VERTEX
8
L2
10
38.287738370361794
20
-56.28048780487804
0
SEQEND
0
POLYLINE
8
L2
66
1
70
1
0
VERTEX
8
L2
10
38.23794361151501
20
-57.707317073170735
0
VERTEX
8
L2
10
37.995166815875606
20
-57.707317073170735
0
VERTEX
8
L2
10
37.995166815875606
20
-56.795203665213094
0
VERTEX
8
L2
10
38.26233385541745
20
-56.795203665213094
0
VERTEX
8
L2
10
38.26233385541745
20
-57.10008171399358
0
VERTEX
8
L2
10
38.23794361151501
20
-57.10008171399358
0
VERTEX
8
L2
10
38.23794361151501
20
-57.22203293350578
0
VERTEX
8
L2
10
38.359894831027205
20
-57.22203293350578
0
VERTEX
8
L2
10
38.359894831027205
20
-56.69764268960334
0
VERTEX
8
L2
10
37.897605840265825
20
-56.69764268960334
0
VERTEX
8
L2
10
37.897605840265825
20
-57.804878048780495
0
VERTEX
8
L2
10
38.359894831027205
20
-57.804878048780495
0
VERTEX
8
L2
10
38.359894831027205
20
-57.40495976277407
0
VERTEX
8
L2
10
38.23794361151501
20
-57.40495976277407
0
VERTEX
8
L2
10
38.23794361151501
20
-57.707317073170735
0
SEQEND
0
POLYLINE
8
L2
66
1
70
1
0
VERTEX
8
L2
10
37.4889578825569
20
-56.28048780487804
0
VERTEX
8
L2
10
37.4889578825569
20
-56.50000000000001
0
VERTEX
8
L2
10
37.21043319654443
20
-56.50000000000001
0
VERTEX
8
L2
10
37.21043319654443
20
-57.14642019007227
0
VERTEX
8
L2
10
37.33238441605663
20
-57.14642019007227
0
VERTEX
8
L2
10
37.33238441605663
20
-57.02446897056007
0
VERTEX
8
L2
10
37.30799417215418
20
-57.02446897056007
0
VERTEX
8
L2
10
37.30799417215418
20
-56.59756097560977
0
VERTEX
8
L2
10
37.6109091020691
20
-56.59756097560977
0
VERTEX
8
L2
10
37.6109091020691
20
-56.28048780487804
0
VERTEX
8
L2
10
37.4889578825569
20
-56.28048780487804
0
SEQEND
0
POLYLINE
8
L2
66
1
70
1
0
VERTEX
8
L2
10
38.6647728798077
20
-57.6829268292683
0
VERTEX
8
L2
10
39.0454962850401
20
-57.6829268292683
0
VERTEX
8
L2
10
39.0454962850401
20
-57.5609756097561
0
VERTEX
8
L2
10
38.923545065527904
20
-57.5609756097561
0
VERTEX
8
L2
10
38.923545065527904
20
-57.58536585365854
0
VERTEX
8
L2
10
38.76233385541745
20
-57.58536585365854
0
VERTEX
8
L2
10
38.76233385541745
20
-56.673252445700896
0
VERTEX
8
L2
10
39.055587314780425
20
-56.673252445700896
0
VERTEX
8
L2
10
39.055587314780425
20
-57.31707317073172
0
VERTEX
8
L2
10
39.03119707087801
20
-57.31707317073172
0
VERTEX
8
L2
10
39.03119707087801
20
-57.4390243902439
0
VERTEX
8
L2
10
39.153148290390206
20
-57.4390243902439
0
VERTEX
8
L2
10
39.153148290390206
20
-56.575691470091144
0
VERTEX
8
L2
10
38.6647728798077
20
-56.575691470091144
0
VERTEX
8
L2
10
38.6647728798077
20
-57.6829268292683
0
SEQEND
0
POLYLINE
8
L2
66
1
70
1
0
VERTEX
8
L2
10
37.037738370361794
20
-56.40243902439024
0
VERTEX
8
L2
10
37.037738370361794
20
-56.28048780487804
0
VERTEX
8
L2
10
36.915787150849596
20
-56.28048780487804
0
VERTEX
8
L2
10
36.915787150849596
20
-56.40243902439024
0
VERTEX
8
L2
10
37.037738370361794
20
-56.40243902439024
0
SEQEND
0
POLYLINE
8
L2
66
1
70
1
0
VERTEX
8
L2
10
42.50404157625378
20
-55.87552804210398
0
VERTEX
8
L2
10
42.23419327280037
20
-55.87552804210398
0
VERTEX
8
L2
10
42.23419327280037
20
-55.097560975609746
0
VERTEX
8
L2
10
42.37199932700126
20
-55.097560975609746
0
VERTEX
8
L2
10
42.37199932700126
20
-55.1219512195122
0
VERTEX
8
L2
10
42.49395054651343
20
-55.1219512195122
0
VERTEX
8
L2
10
42.49395054651343
20
-54.99999999999999
0
VERTEX
8
L2
10
42.13663229719059
20
-54.99999999999999
0
VERTEX
8
L2
10
42.13663229719059
20
-55.97308901771374
0
VERTEX
8
L2
10
42.601602551863536
20
-55.97308901771374
0
VERTEX
8
L2
10
42.601602551863536
20
-55.243902439024396
0
VERTEX
8
L2
10
42.47965133235134
20
-55.243902439024396
0
VERTEX
8
L2
10
42.47965133235134
20
-55.365853658536594
0
VERTEX
8
L2
10
42.50404157625378
20
-55.365853658536594
0
VERTEX
8
L2
10
42.50404157625378
20
-55.87552804210398
0
SEQEND
0
POLYLINE
8
L2
66
1
70
1
0
VERTEX
8
L2
10
45.24995189251099
20
-57.6829268292683
0
VERTEX
8
L2
10
45.66824575158991
20
-57.6829268292683
0
VERTEX
8
L2
10
45.66824575158991
20
-56.52475264795704
0
VERTEX
8
L2
10
45.14229988716089
20
-56.52475264795704
0
VERTEX
8
L2
10
45.14229988716089
20
-57.4390243902439
0
VERTEX
8
L2
10
45.264251106673086
20
-57.4390243902439
0
VERTEX
8
L2
10
45.264251106673086
20
-57.31707317073171
0
VERTEX
8
L2
10
45.23986086277064
20
-57.31707317073171
0
VERTEX
8
L2
10
45.23986086277064
20
-56.62231362356679
0
VERTEX
8
L2
10
45.570684775980155
20
-56.62231362356679
0
VERTEX
8
L2
10
45.570684775980155
20
-57.58536585365854
0
VERTEX
8
L2
10
45.37190311202319
20
-57.58536585365854
0
VERTEX
8
L2
10
45.37190311202319
20
-57.5609756097561
0
VERTEX
8
L2
10
45.24995189251099
20
-57.5609756097561
0
VERTEX
8
L2
10
45.24995189251099
20
-57.6829268292683
0
SEQEND
0
POLYLINE
8
L2
66
1
70
1
0
VERTEX
8
L2
10
42.13790935202137
20
-56.376771725657036
0
VERTEX
8
L2
10
42.17321766304427
20
-56.39139690694721
0
VERTEX
8
L2
10
42.20852597406714
20
-56.376771725657036
0
VERTEX
8
L2
10
42.223151155357314
20
-56.341463414634156
0
VERTEX
8
L2
10
42.20852597406714
20
-56.30615510361126
0
VERTEX
8
L2
10
42.17321766304427
20
-56.291529922321104
0
VERTEX
8
L2
10
42.13790935202137
20
-56.30615510361126
0
VERTEX
8
L2
10
42.123284170731196
20
-56.341463414634156
0
VERTEX
8
L2
10
42.13790935202137
20
-56.376771725657036
0
SEQEND
0
POLYLINE
8
L2
66
1
70
1
0
VERTEX
8
L2
10
42.81525650856456
20
-56.10723535917715
0
VERTEX
8
L2
10
43.81974795143729
20
-56.10723535917715
0
VERTEX
8
L2
10
43.81974795143729
20
-55.243902439024396
0
VERTEX
8
L2
10
43.697796731925095
20
-55.243902439024396
0
VERTEX
8
L2
10
43.697796731925095
20
-55.365853658536594
0
VERTEX
8
L2
10
43.72218697582754
20
-55.365853658536594
0
VERTEX
8
L2
10
43.72218697582754
20
-56.0096743835674
0
VERTEX
8
L2
10
42.91281748417431
20
-56.0096743835674
0
VERTEX
8
L2
10
42.91281748417431
20
-55.097560975609746
0
VERTEX
8
L2
10
43.37063253145307
20
-55.097560975609746
0
VERTEX
8
L2
10
43.37063253145307
20
-55.1219512195122
0
VERTEX
8
L2
10
43.49258375096527
20
-55.1219512195122
0
VERTEX
8
L2
10
43.49258375096527
20
-54.99999999999999
0
VERTEX
8
L2
10
42.81525650856456
20
-54.99999999999999
0
VERTEX
8
L2
10
42.81525650856456
20
-56.10723535917715
0
SEQEND
0
POLYLINE
8
L2
66
1
70
1
0
VERTEX
8
L2
10
45.66696869675913
20
-56.30615510361126
0
VERTEX
8
L2
10
45.631660385736254
20
-56.291529922321104
0
VERTEX
8
L2
10
45.59635207471338
20
-56.30615510361126
0
VERTEX
8
L2
10
45.58172689342321
20
-56.341463414634156
0
VERTEX
8
L2
10
45.59635207471338
20
-56.376771725657036
0
VERTEX
8
L2
10
45.631660385736254
20
-56.39139690694721
0
VERTEX
8
L2
10
45.66696869675913
20
-56.376771725657036
0
VERTEX
8
L2
10
45.6815938780493
20
-56.341463414634156
0
VERTEX
8
L2
10
45.66696869675913
20
-56.30615510361126
0
SEQEND
0
POLYLINE
8
L2
66
1
70
1
0
VERTEX
8
L2
10
42.89139690694715
20
-57.439024390243915
0
VERTEX
8
L2
10
42.89139690694718
20
-56.804878048780495
0
VERTEX
8
L2
10
42.3388038215662
20
-56.804878048780495
0
VERTEX
8
L2
10
42.3388038215662
20
-57.6829268292683
0
VERTEX
8
L2
10
42.833379641641116
20
-57.6829268292683
0
VERTEX
8
L2
10
42.833379641641116
20
-57.5609756097561
0
VERTEX
8
L2
10
42.71142842212892
20
-57.5609756097561
0
VERTEX
8
L2
10
42.71142842212892
20
-57.58536585365854
0
VERTEX
8
L2
10
42.436364797175955
20
-57.58536585365854
0
VERTEX
8
L2
10
42.436364797175955
20
-56.902439024390254
0
VERTEX
8
L2
10
42.793835931337426
20
-56.902439024390254
0
VERTEX
8
L2
10
42.793835931337426
20
-57.31707317073172
0
VERTEX
8
L2
10
42.76944568743498
20
-57.31707317073172
0
VERTEX
8
L2
10
42.76944568743498
20
-57.439024390243915
0
VERTEX
8
L2
10
42.89139690694715
20
-57.439024390243915
0
SEQEND
0
POLYLINE
8
L2
66
1
70
1
0
VERTEX
8
L2
10
44.913481141833344
20
-56.40243902439024
0
VERTEX
8
L2
10
45.03543236134554
20
-56.40243902439024
0
VERTEX
8
L2
10
45.03543236134554
20
-56.28048780487804
0
VERTEX
8
L2
10
44.913481141833344
20
-56.28048780487804
0
VERTEX
8
L2
10
44.913481141833344
20
-56.40243902439024
0
SEQEND
0
POLYLINE
8
L2
66
1
70
1
0
VERTEX
8
L2
10
45.1420605646063
20
-54.99999999999999
0
VERTEX
8
L2
10
44.88840085186881
20
-54.99999999999999
0
VERTEX
8
L2
10
44.88840085186881
20
-55.121951219512184
0
VERTEX
8
L2
10
45.01035207138101
20
-55.121951219512184
0
VERTEX
8
L2
10
45.01035207138101
20
-55.097560975609746
0
VERTEX
8
L2
10
45.044499588996516
20
-55.097560975609746
0
VERTEX
8
L2
10
45.044499588996516
20
-55.765771944543005
0
VERTEX
8
L2
10
44.87830982212846
20
-55.765771944543005
0
VERTEX
8
L2
10
44.87830982212846
20
-55.36585365853658
0
VERTEX
8
L2
10
44.9027000660309
20
-55.36585365853658
0
VERTEX
8
L2
10
44.9027000660309
20
-55.24390243902438
0
VERTEX
8
L2
10
44.780748846518705
20
-55.24390243902438
0
VERTEX
8
L2
10
44.780748846518705
20
-55.863332920152764
0
VERTEX
8
L2
10
45.1420605646063
20
-55.863332920152764
0
VERTEX
8
L2
10
45.1420605646063
20
-54.99999999999999
0
SEQEND
0
POLYLINE
8
L2
66
1
70
1
0
VERTEX
8
L2
10
44.56592016622359
20
-56.28048780487804
0
VERTEX
8
L2
10
44.56592016622359
20
-56.40243902439024
0
VERTEX
8
L2
10
44.68787138573579
20
-56.40243902439024
0
VERTEX
8
L2
10
44.68787138573579
20
-56.28048780487804
0
VERTEX
8
L2
10
44.56592016622359
20
-56.28048780487804
0
SEQEND
0
POLYLINE
8
L2
66
1
70
1
0
VERTEX
8
L2
10
44.51631779313466
20
-54.99999999999999
0
VERTEX
8
L2
10
44.05534100722646
20
-54.99999999999999
0
VERTEX
8
L2
10
44.05534100722646
20
-55.121951219512184
0
VERTEX
8
L2
10
44.17729222673866
20
-55.121951219512184
0
VERTEX
8
L2
10
44.17729222673866
20
-55.097560975609746
0
VERTEX
8
L2
10
44.41875681752491
20
-55.097560975609746
0
VERTEX
8
L2
10
44.41875681752491
20
-56.0096743835674
0
VERTEX
8
L2
10
44.04524997748614
20
-56.0096743835674
0
VERTEX
8
L2
10
44.04524997748614
20
-55.36585365853658
0
VERTEX
8
L2
10
44.06964022138855
20
-55.36585365853658
0
VERTEX
8
L2
10
44.06964022138855
20
-55.24390243902438
0
VERTEX
8
L2
10
43.947689001876384
20
-55.24390243902438
0
VERTEX
8
L2
10
43.947689001876384
20
-56.10723535917715
0
VERTEX
8
L2
10
44.51631779313466
20
-56.10723535917715
0
VERTEX
8
L2
10
44.51631779313466
20
-54.99999999999999
0
SEQEND
0
POLYLINE
8
L2
66
1
70
1
0
VERTEX
8
L2
10
44.14139690694718
20
-56.28048780487804
0
VERTEX
8
L2
10
44.01944568743498
20
-56.28048780487804
0
VERTEX
8
L2
10
44.01944568743498
20
-56.40243902439024
0
VERTEX
8
L2
10
44.14139690694718
20
-56.40243902439024
0
VERTEX
8
L2
10
44.14139690694718
20
-56.28048780487804
0
SEQEND
0
POLYLINE
8
L2
66
1
70
1
0
VERTEX
8
L2
10
44.09160214810039
20
-57.707317073170735
0
VERTEX
8
L2
10
43.84882535246099
20
-57.707317073170735
0
VERTEX
8
L2
10
43.84882535246099
20
-56.795203665213094
0
VERTEX
8
L2
10
44.11599239200284
20
-56.795203665213094
0
VERTEX
8
L2
10
44.11599239200284
20
-57.10008171399358
0
VERTEX
8
L2
10
44.09160214810039
20
-57.10008171399358
0
VERTEX
8
L2
10
44.09160214810039
20
-57.22203293350578
0
VERTEX
8
L2
10
44.21355336761259
20
-57.22203293350578
0
VERTEX
8
L2
10
44.21355336761259
20
-56.69764268960334
0
VERTEX
8
L2
10
43.75126437685121
20
-56.69764268960334
0
VERTEX
8
L2
10
43.75126437685121
20
-57.804878048780495
0
VERTEX
8
L2
10
44.21355336761259
20
-57.804878048780495
0
VERTEX
8
L2
10
44.21355336761259
20
-57.40495976277407
0
VERTEX
8
L2
10
44.09160214810039
20
-57.40495976277407
0
VERTEX
8
L2
10
44.09160214810039
20
-57.707317073170735
0
SEQEND
0
POLYLINE
8
L2
66
1
70
1
0
VERTEX
8
L2
10
43.34261641914229
20
-56.28048780487804
0
VERTEX
8
L2
10
43.34261641914229
20
-56.50000000000001
0
VERTEX
8
L2
10
43.064091733129814
20
-56.50000000000001
0
VERTEX
8
L2
10
43.064091733129814
20
-57.14642019007227
0
VERTEX
8
L2
10
43.18604295264201
20
-57.14642019007227
0
VERTEX
8
L2
10
43.18604295264201
20
-57.02446897056007
0
VERTEX
8
L2
10
43.16165270873957
20
-57.02446897056007
0
VERTEX
8
L2
10
43.16165270873957
20
-56.59756097560977
0
VERTEX
8
L2
10
43.464567638654486
20
-56.59756097560977
0
VERTEX
8
L2
10
43.464567638654486
20
-56.28048780487804
0
VERTEX
8
L2
10
43.34261641914229
20
-56.28048780487804
0
SEQEND
0
POLYLINE
8
L2
66
1
70
1
0
VERTEX
8
L2
10
44.518431416393085
20
-57.6829268292683
0
VERTEX
8
L2
10
44.89915482162549
20
-57.6829268292683
0
VERTEX
8
L2
10
44.89915482162549
20
-57.5609756097561
0
VERTEX
8
L2
10
44.77720360211329
20
-57.5609756097561
0
VERTEX
8
L2
10
44.77720360211329
20
-57.58536585365854
0
VERTEX
8
L2
10
44.61599239200284
20
-57.58536585365854
0
VERTEX
8
L2
10
44.61599239200284
20
-56.673252445700896
0
VERTEX
8
L2
10
44.90924585136581
20
-56.673252445700896
0
VERTEX
8
L2
10
44.90924585136581
20
-57.31707317073172
0
VERTEX
8
L2
10
44.88485560746339
20
-57.31707317073172
0
VERTEX
8
L2
10
44.88485560746339
20
-57.4390243902439
0
VERTEX
8
L2
10
45.00680682697559
20
-57.4390243902439
0
VERTEX
8
L2
10
45.00680682697559
20
-56.575691470091144
0
VERTEX
8
L2
10
44.518431416393085
20
-56.575691470091144
0
VERTEX
8
L2
10
44.518431416393085
20
-57.6829268292683
0
SEQEND
0
POLYLINE
8
L2
66
1
70
1
0
VERTEX
8
L2
10
42.89139690694718
20
-56.40243902439024
0
VERTEX
8
L2
10
42.89139690694718
20
-56.28048780487804
0
VERTEX
8
L2
10
42.76944568743498
20
-56.28048780487804
0
VERTEX
8
L2
10
42.76944568743498
20
-56.40243902439024
0
VERTEX
8
L2
10
42.89139690694718
20
-56.40243902439024
0
SEQEND
0
POLYLINE
8
L2
66
1
70
1
0
VERTEX
8
L2
10
48.35770011283914
20
-55.87552804210398
0
VERTEX
8
L2
10
48.087851809385725
20
-55.87552804210398
0
VERTEX
8
L2
10
48.087851809385725
20
-55.097560975609746
0
VERTEX
8
L2
10
48.22565786358659
20
-55.097560975609746
0
VERTEX
8
L2
10
48.22565786358659
20
-55.1219512195122
0
VERTEX
8
L2
10
48.34760908309879
20
-55.1219512195122
0
VERTEX
8
L2
10
48.34760908309879
20
-54.99999999999999
0
VERTEX
8
L2
10
47.990290833775944
20
-54.99999999999999
0
VERTEX
8
L2
10
47.990290833775944
20
-55.97308901771374
0
VERTEX
8
L2
10
48.45526108844889
20
-55.97308901771374
0
VERTEX
8
L2
10
48.45526108844889
20
-55.243902439024396
0
VERTEX
8
L2
10
48.333309868936695
20
-55.243902439024396
0
VERTEX
8
L2
10
48.333309868936695
20
-55.365853658536594
0
VERTEX
8
L2
10
48.35770011283914
20
-55.365853658536594
0
VERTEX
8
L2
10
48.35770011283914
20
-55.87552804210398
0
SEQEND
0
POLYLINE
8
L2
66
1
70
1
0
VERTEX
8
L2
10
51.10361042909635
20
-57.6829268292683
0
VERTEX
8
L2
10
51.521904288175264
20
-57.6829268292683
0
VERTEX
8
L2
10
51.521904288175264
20
-56.52475264795704
0
VERTEX
8
L2
10
50.995958423746245
20
-56.52475264795704
0
VERTEX
8
L2
10
50.995958423746245
20
-57.4390243902439
0
VERTEX
8
L2
10
51.11790964325844
20
-57.4390243902439
0
VERTEX
8
L2
10
51.11790964325844
20
-57.31707317073171
0
VERTEX
8
L2
10
51.093519399356
20
-57.31707317073171
0
VERTEX
8
L2
10
51.093519399356
20
-56.62231362356679
0
VERTEX
8
L2
10
51.42434331256551
20
-56.62231362356679
0
VERTEX
8
L2
10
51.42434331256551
20
-57.58536585365854
0
VERTEX
8
L2
10
51.22556164860855
20
-57.58536585365854
0
VERTEX
8
L2
10
51.22556164860855
20
-57.5609756097561
0
VERTEX
8
L2
10
51.10361042909635
20
-57.5609756097561
0
VERTEX
8
L2
10
51.10361042909635
20
-57.6829268292683
0
SEQEND
0
POLYLINE
8
L2
66
1
70
1
0
VERTEX
8
L2
10
47.991567888606724
20
-56.376771725657036
0
VERTEX
8
L2
10
48.026876199629626
20
-56.39139690694721
0
VERTEX
8
L2
10
48.0621845106525
20
-56.376771725657036
0
VERTEX
8
L2
10
48.07680969194267
20
-56.341463414634156
0
VERTEX
8
L2
10
48.0621845106525
20
-56.30615510361126
0
VERTEX
8
L2
10
48.026876199629626
20
-56.291529922321104
0
VERTEX
8
L2
10
47.991567888606724
20
-56.30615510361126
0
VERTEX
8
L2
10
47.97694270731655
20
-56.341463414634156
0
VERTEX
8
L2
10
47.991567888606724
20
-56.376771725657036
0
SEQEND
0
POLYLINE
8
L2
66
1
70
1
0
VERTEX
8
L2
10
48.668915045149916
20
-56.10723535917715
0
VERTEX
8
L2
10
49.67340648802265
20
-56.10723535917715
0
VERTEX
8
L2
10
49.67340648802265
20
-55.243902439024396
0
VERTEX
8
L2
10
49.55145526851045
20
-55.243902439024396
0
VERTEX
8
L2
10
49.55145526851045
20
-55.365853658536594
0
VERTEX
8
L2
10
49.5758455124129
20
-55.365853658536594
0
VERTEX
8
L2
10
49.5758455124129
20
-56.0096743835674
0
VERTEX
8
L2
10
48.76647602075967
20
-56.0096743835674
0
VERTEX
8
L2
10
48.76647602075967
20
-55.097560975609746
0
VERTEX
8
L2
10
49.224291068038426
20
-55.097560975609746
0
VERTEX
8
L2
10
49.224291068038426
20
-55.1219512195122
0
VERTEX
8
L2
10
49.34624228755062
20
-55.1219512195122
0
VERTEX
8
L2
10
49.34624228755062
20
-54.99999999999999
0
VERTEX
8
L2
10
48.668915045149916
20
-54.99999999999999
0
VERTEX
8
L2
10
48.668915045149916
20
-56.10723535917715
0
SEQEND
0
POLYLINE
8
L2
66
1
70
1
0
VERTEX
8
L2
10
51.520627233344484
20
-56.30615510361126
0
VERTEX
8
L2
10
51.48531892232161
20
-56.291529922321104
0
VERTEX
8
L2
10
51.45001061129874
20
-56.30615510361126
0
VERTEX
8
L2
10
51.435385430008566
20
-56.341463414634156
0
VERTEX
8
L2
10
51.45001061129874
20
-56.376771725657036
0
VERTEX
8
L2
10
51.48531892232161
20
-56.39139690694721
0
VERTEX
8
L2
10
51.520627233344484
20
-56.376771725657036
0
VERTEX
8
L2
10
51.535252414634655
20
-56.341463414634156
0
VERTEX
8
L2
10
51.520627233344484
20
-56.30615510361126
0
SEQEND
0
POLYLINE
8
L2
66
1
70
1
0
VERTEX
8
L2
10
48.74505544353251
20
-57.439024390243915
0
VERTEX
8
L2
10
48.745055443532536
20
-56.804878048780495
0
VERTEX
8
L2
10
48.19246235815156
20
-56.804878048780495
0
VERTEX
8
L2
10
48.19246235815156
20
-57.6829268292683
0
VERTEX
8
L2
10
48.68703817822647
20
-57.6829268292683
0
VERTEX
8
L2
10
48.68703817822647
20
-57.5609756097561
0
VERTEX
8
L2
10
48.565086958714275
20
-57.5609756097561
0
VERTEX
8
L2
10
48.565086958714275
20
-57.58536585365854
0
VERTEX
8
L2
10
48.29002333376131
20
-57.58536585365854
0
VERTEX
8
L2
10
48.29002333376131
20
-56.902439024390254
0
VERTEX
8
L2
10
48.64749446792278
20
-56.902439024390254
0
VERTEX
8
L2
10
48.64749446792278
20
-57.31707317073172
0
VERTEX
8
L2
10
48.62310422402034
20
-57.31707317073172
0
VERTEX
8
L2
10
48.62310422402034
20
-57.439024390243915
0
VERTEX
8
L2
10
48.74505544353251
20
-57.439024390243915
0
SEQEND
0
POLYLINE
8
L2
66
1
70
1
0
VERTEX
8
L2
10
50.7671396784187
20
-56.40243902439024
0
VERTEX
8
L2
10
50.8890908979309
20
-56.40243902439024
0
VERTEX
8
L2
10
50.8890908979309
20
-56.28048780487804
0
VERTEX
8
L2
10
50.7671396784187
20
-56.28048780487804
0
VERTEX
8
L2
10
50.7671396784187
20
-56.40243902439024
0
SEQEND
0
POLYLINE
8
L2
66
1
70
1
0
VERTEX
8
L2
10
50.99571910119165
20
-54.99999999999999
0
VERTEX
8
L2
10
50.742059388454166
20
-54.99999999999999
0
VERTEX
8
L2
10
50.742059388454166
20
-55.121951219512184
0
VERTEX
8
L2
10
50.864010607966364
20
-55.121951219512184
0
VERTEX
8
L2
10
50.864010607966364
20
-55.097560975609746
0
VERTEX
8
L2
10
50.89815812558187
20
-55.097560975609746
0
VERTEX
8
L2
10
50.89815812558187
20
-55.765771944543005
0
VERTEX
8
L2
10
50.731968358713814
20
-55.765771944543005
0
VERTEX
8
L2
10
50.731968358713814
20
-55.36585365853658
0
VERTEX
8
L2
10
50.75635860261626
20
-55.36585365853658
0
VERTEX
8
L2
10
50.75635860261626
20
-55.24390243902438
0
VERTEX
8
L2
10
50.63440738310406
20
-55.24390243902438
0
VERTEX
8
L2
10
50.63440738310406
20
-55.863332920152764
0
VERTEX
8
L2
10
50.99571910119165
20
-55.863332920152764
0
VERTEX
8
L2
10
50.99571910119165
20
-54.99999999999999
0
SEQEND
0
POLYLINE
8
L2
66
1
70
1
0
VERTEX
8
L2
10
50.41957870280895
20
-56.28048780487804
0
VERTEX
8
L2
10
50.41957870280895
20
-56.40243902439024
0
VERTEX
8
L2
10
50.541529922321146
20
-56.40243902439024
0
VERTEX
8
L2
10
50.541529922321146
20
-56.28048780487804
0
VERTEX
8
L2
10
50.41957870280895
20
-56.28048780487804
0
SEQEND
0
POLYLINE
8
L2
66
1
70
1
0
VERTEX
8
L2
10
50.36997632972002
20
-54.99999999999999
0
VERTEX
8
L2
10
49.90899954381182
20
-54.99999999999999
0
VERTEX
8
L2
10
49.90899954381182
20
-55.121951219512184
0
VERTEX
8
L2
10
50.030950763324014
20
-55.121951219512184
0
VERTEX
8
L2
10
50.030950763324014
20
-55.097560975609746
0
VERTEX
8
L2
10
50.272415354110265
20
-55.097560975609746
0
VERTEX
8
L2
10
50.272415354110265
20
-56.0096743835674
0
VERTEX
8
L2
10
49.89890851407149
20
-56.0096743835674
0
VERTEX
8
L2
10
49.89890851407149
20
-55.36585365853658
0
VERTEX
8
L2
10
49.92329875797391
20
-55.36585365853658
0
VERTEX
8
L2
10
49.92329875797391
20
-55.24390243902438
0
VERTEX
8
L2
10
49.80134753846174
20
-55.24390243902438
0
VERTEX
8
L2
10
49.80134753846174
20
-56.10723535917715
0
VERTEX
8
L2
10
50.36997632972002
20
-56.10723535917715
0
VERTEX
8
L2
10
50.36997632972002
20
-54.99999999999999
0
SEQEND
0
POLYLINE
8
L2
66
1
70
1
0
VERTEX
8
L2
10
49.995055443532536
20
-56.28048780487804
0
VERTEX
8
L2
10
49.87310422402034
20
-56.28048780487804
0
VERTEX
8
L2
10
49.87310422402034
20
-56.40243902439024
0
VERTEX
8
L2
10
49.995055443532536
20
-56.40243902439024
0
VERTEX
8
L2
10
49.995055443532536
20
-56.28048780487804
0
SEQEND
0
POLYLINE
8
L2
66
1
70
1
0
VERTEX
8
L2
10
49.94526068468575
20
-57.707317073170735
0
VERTEX
8
L2
10
49.70248388904635
20
-57.707317073170735
0
VERTEX
8
L2
10
49.70248388904635
20
-56.795203665213094
0
VERTEX
8
L2
10
49.969650928588194
20
-56.795203665213094
0
VERTEX
8
L2
10
49.969650928588194
20
-57.10008171399358
0
VERTEX
8
L2
10
49.94526068468575
20
-57.10008171399358
0
VERTEX
8
L2
10
49.94526068468575
20
-57.22203293350578
0
VERTEX
8
L2
10
50.06721190419795
20
-57.22203293350578
0
VERTEX
8
L2
10
50.06721190419795
20
-56.69764268960334
0
VERTEX
8
L2
10
49.60492291343657
20
-56.69764268960334
0
VERTEX
8
L2
10
49.60492291343657
20
-57.804878048780495
0
VERTEX
8
L2
10
50.06721190419795
20
-57.804878048780495
0
VERTEX
8
L2
10
50.06721190419795
20
-57.40495976277407
0
VERTEX
8
L2
10
49.94526068468575
20
-57.40495976277407
0
VERTEX
8
L2
10
49.94526068468575
20
-57.707317073170735
0
SEQEND
0
POLYLINE
8
L2
66
1
70
1
0
VERTEX
8
L2
10
49.196274955727645
20
-56.28048780487804
0
VERTEX
8
L2
10
49.196274955727645
20
-56.50000000000001
0
VERTEX
8
L2
10
48.91775026971517
20
-56.50000000000001
0
VERTEX
8
L2
10
48.91775026971517
20
-57.14642019007227
0
VERTEX
8
L2
10
49.03970148922737
20
-57.14642019007227
0
VERTEX
8
L2
10
49.03970148922737
20
-57.02446897056007
0
VERTEX
8
L2
10
49.015311245324924
20
-57.02446897056007
0
VERTEX
8
L2
10
49.015311245324924
20
-56.59756097560977
0
VERTEX
8
L2
10
49.31822617523984
20
-56.59756097560977
0
VERTEX
8
L2
10
49.31822617523984
20
-56.28048780487804
0
VERTEX
8
L2
10
49.196274955727645
20
-56.28048780487804
0
SEQEND
0
POLYLINE
8
L2
66
1
70
1
0
VERTEX
8
L2
10
50.37208995297844
20
-57.6829268292683
0
VERTEX
8
L2
10
50.752813358210844
20
-57.6829268292683
0
VERTEX
8
L2
10
50.752813358210844
20
-57.5609756097561
0
VERTEX
8
L2
10
50.630862138698646
20
-57.5609756097561
0
VERTEX
8
L2
10
50.630862138698646
20
-57.58536585365854
0
VERTEX
8
L2
10
50.469650928588194
20
-57.58536585365854
0
VERTEX
8
L2
10
50.469650928588194
20
-56.673252445700896
0
VERTEX
8
L2
10
50.76290438795117
20
-56.673252445700896
0
VERTEX
8
L2
10
50.76290438795117
20
-57.31707317073172
0
VERTEX
8
L2
10
50.73851414404875
20
-57.31707317073172
0
VERTEX
8
L2
10
50.73851414404875
20
-57.4390243902439
0
VERTEX
8
L2
10
50.86046536356095
20
-57.4390243902439
0
VERTEX
8
L2
10
50.86046536356095
20
-56.575691470091144
0
VERTEX
8
L2
10
50.37208995297844
20
-56.575691470091144
0
VERTEX
8
L2
10
50.37208995297844
20
-57.6829268292683
0
SEQEND
0
POLYLINE
8
L2
66
1
70
1
0
VERTEX
8
L2
10
48.745055443532536
20
-56.40243902439024
0
VERTEX
8
L2
10
48.745055443532536
20
-56.28048780487804
0
VERTEX
8
L2
10
48.62310422402034
20
-56.28048780487804
0
VERTEX
8
L2
10
48.62310422402034
20
-56.40243902439024
0
VERTEX
8
L2
10
48.745055443532536
20
-56.40243902439024
0
SEQEND
0
POLYLINE
8
L2
66
1
70
1
0
VERTEX
8
L2
10
54.2113586494245
20
-55.87552804210398
0
VERTEX
8
L2
10
53.94151034597108
20
-55.87552804210398
0
VERTEX
8
L2
10
53.94151034597108
20
-55.097560975609746
0
VERTEX
8
L2
10
54.079316400171976
20
-55.097560975609746
0
VERTEX
8
L2
10
54.079316400171976
20
-55.1219512195122
0
VERTEX
8
L2
10
54.201267619684145
20
-55.1219512195122
0
VERTEX
8
L2
10
54.201267619684145
20
-54.99999999999999
0
VERTEX
8
L2
10
53.8439493703613
20
-54.99999999999999
0
VERTEX
8
L2
10
53.8439493703613
20
-55.97308901771374
0
VERTEX
8
L2
10
54.30891962503425
20
-55.97308901771374
0
VERTEX
8
L2
10
54.30891962503425
20
-55.243902439024396
0
VERTEX
8
L2
10
54.18696840552205
20
-55.243902439024396
0
VERTEX
8
L2
10
54.18696840552205
20
-55.365853658536594
0
VERTEX
8
L2
10
54.2113586494245
20
-55.365853658536594
0
VERTEX
8
L2
10
54.2113586494245
20
-55.87552804210398
0
SEQEND
0
POLYLINE
8
L2
66
1
70
1
0
VERTEX
8
L2
10
56.957268965681706
20
-57.6829268292683
0
VERTEX
8
L2
10
57.37556282476062
20
-57.6829268292683
0
VERTEX
8
L2
10
57.37556282476062
20
-56.52475264795704
0
VERTEX
8
L2
10
56.8496169603316
20
-56.52475264795704
0
VERTEX
8
L2
10
56.8496169603316
20
-57.4390243902439
0
VERTEX
8
L2
10
56.9715681798438
20
-57.4390243902439
0
VERTEX
8
L2
10
56.9715681798438
20
-57.31707317073171
0
VERTEX
8
L2
10
56.947177935941355
20
-57.31707317073171
0
VERTEX
8
L2
10
56.947177935941355
20
-56.62231362356679
0
VERTEX
8
L2
10
57.27800184915087
20
-56.62231362356679
0
VERTEX
8
L2
10
57.27800184915087
20
-57.58536585365854
0
VERTEX
8
L2
10
57.079220185193904
20
-57.58536585365854
0
VERTEX
8
L2
10
57.079220185193904
20
-57.5609756097561
0
VERTEX
8
L2
10
56.957268965681706
20
-57.5609756097561
0
VERTEX
8
L2
10
56.957268965681706
20
-57.6829268292683
0
SEQEND
0
POLYLINE
8
L2
66
1
70
1
0
VERTEX
8
L2
10
53.84522642519208
20
-56.376771725657036
0
VERTEX
8
L2
10
53.88053473621498
20
-56.39139690694721
0
VERTEX
8
L2
10
53.91584304723786
20
-56.376771725657036
0
VERTEX
8
L2
10
53.93046822852803
20
-56.341463414634156
0
VERTEX
8
L2
10
53.91584304723786
20
-56.30615510361126
0
VERTEX
8
L2
10
53.88053473621498
20
-56.291529922321104
0
VERTEX
8
L2
10
53.84522642519208
20
-56.30615510361126
0
VERTEX
8
L2
10
53.83060124390191
20
-56.341463414634156
0
VERTEX
8
L2
10
53.84522642519208
20
-56.376771725657036
0
SEQEND
0
POLYLINE
8
L2
66
1
70
1
0
VERTEX
8
L2
10
54.52257358173527
20
-56.10723535917715
0
VERTEX
8
L2
10
55.52706502460801
20
-56.10723535917715
0
VERTEX
8
L2
10
55.52706502460801
20
-55.243902439024396
0
VERTEX
8
L2
10
55.40511380509581
20
-55.243902439024396
0
VERTEX
8
L2
10
55.40511380509581
20
-55.365853658536594
0
VERTEX
8
L2
10
55.429504048998254
20
-55.365853658536594
0
VERTEX
8
L2
10
55.429504048998254
20
-56.0096743835674
0
VERTEX
8
L2
10
54.620134557345025
20
-56.0096743835674
0
VERTEX
8
L2
10
54.620134557345025
20
-55.097560975609746
0
VERTEX
8
L2
10
55.07794960462378
20
-55.097560975609746
0
VERTEX
8
L2
10
55.07794960462378
20
-55.1219512195122
0
VERTEX
8
L2
10
55.19990082413598
20
-55.1219512195122
0
VERTEX
8
L2
10
55.19990082413598
20
-54.99999999999999
0
VERTEX
8
L2
10
54.52257358173527
20
-54.99999999999999
0
VERTEX
8
L2
10
54.52257358173527
20
-56.10723535917715
0
SEQEND
0
POLYLINE
8
L2
66
1
70
1
0
VERTEX
8
L2
10
57.37428576992984
20
-56.30615510361126
0
VERTEX
8
L2
10
57.33897745890697
20
-56.291529922321104
0
VERTEX
8
L2
10
57.303669147884094
20
-56.30615510361126
0
VERTEX
8
L2
10
57.28904396659392
20
-56.341463414634156
0
VERTEX
8
L2
10
57.303669147884094
20
-56.376771725657036
0
VERTEX
8
L2
10
57.33897745890697
20
-56.39139690694721
0
VERTEX
8
L2
10
57.37428576992984
20
-56.376771725657036
0
VERTEX
8
L2
10
57.38891095122001
20
-56.341463414634156
0
VERTEX
8
L2
10
57.37428576992984
20
-56.30615510361126
0
SEQEND
0
POLYLINE
8
L2
66
1
70
1
0
VERTEX
8
L2
10
54.598713980117864
20
-57.439024390243915
0
VERTEX
8
L2
10
54.59871398011789
20
-56.804878048780495
0
VERTEX
8
L2
10
54.046120894736916
20
-56.804878048780495
0
VERTEX
8
L2
10
54.046120894736916
20
-57.6829268292683
0
VERTEX
8
L2
10
54.54069671481183
20
-57.6829268292683
0
VERTEX
8
L2
10
54.54069671481183
20
-57.5609756097561
0
VERTEX
8
L2
10
54.41874549529963
20
-57.5609756097561
0
VERTEX
8
L2
10
54.41874549529963
20
-57.58536585365854
0
VERTEX
8
L2
10
54.14368187034667
20
-57.58536585365854
0
VERTEX
8
L2
10
54.14368187034667
20
-56.902439024390254
0
VERTEX
8
L2
10
54.50115300450814
20
-56.902439024390254
0
VERTEX
8
L2
10
54.50115300450814
20
-57.31707317073172
0
VERTEX
8
L2
10
54.476762760605695
20
-57.31707317073172
0
VERTEX
8
L2
10
54.476762760605695
20
-57.439024390243915
0
VERTEX
8
L2
10
54.598713980117864
20
-57.439024390243915
0
SEQEND
0
POLYLINE
8
L2
66
1
70
1
0
VERTEX
8
L2
10
56.62079821500406
20
-56.40243902439024
0
VERTEX
8
L2
10
56.742749434516256
20
-56.40243902439024
0
VERTEX
8
L2
10
56.742749434516256
20
-56.28048780487804
0
VERTEX
8
L2
10
56.62079821500406
20
-56.28048780487804
0
VERTEX
8
L2
10
56.62079821500406
20
-56.40243902439024
0
SEQEND
0
POLYLINE
8
L2
66
1
70
1
0
VERTEX
8
L2
10
56.84937763777701
20
-54.99999999999999
0
VERTEX
8
L2
10
56.59571792503952
20
-54.99999999999999
0
VERTEX
8
L2
10
56.59571792503952
20
-55.121951219512184
0
VERTEX
8
L2
10
56.71766914455172
20
-55.121951219512184
0
VERTEX
8
L2
10
56.71766914455172
20
-55.097560975609746
0
VERTEX
8
L2
10
56.75181666216723
20
-55.097560975609746
0
VERTEX
8
L2
10
56.75181666216723
20
-55.765771944543005
0
VERTEX
8
L2
10
56.58562689529917
20
-55.765771944543005
0
VERTEX
8
L2
10
56.58562689529917
20
-55.36585365853658
0
VERTEX
8
L2
10
56.61001713920162
20
-55.36585365853658
0
VERTEX
8
L2
10
56.61001713920162
20
-55.24390243902438
0
VERTEX
8
L2
10
56.48806591968942
20
-55.24390243902438
0
VERTEX
8
L2
10
56.48806591968942
20
-55.863332920152764
0
VERTEX
8
L2
10
56.84937763777701
20
-55.863332920152764
0
VERTEX
8
L2
10
56.84937763777701
20
-54.99999999999999
0
SEQEND
0
POLYLINE
8
L2
66
1
70
1
0
VERTEX
8
L2
10
56.273237239394305
20
-56.28048780487804
0
VERTEX
8
L2
10
56.273237239394305
20
-56.40243902439024
0
VERTEX
8
L2
10
56.3951884589065
20
-56.40243902439024
0
VERTEX
8
L2
10
56.3951884589065
20
-56.28048780487804
0
VERTEX
8
L2
10
56.273237239394305
20
-56.28048780487804
0
SEQEND
0
POLYLINE
8
L2
66
1
70
1
0
VERTEX
8
L2
10
56.223634866305375
20
-54.99999999999999
0
VERTEX
8
L2
10
55.76265808039717
20
-54.99999999999999
0
VERTEX
8
L2
10
55.76265808039717
20
-55.121951219512184
0
VERTEX
8
L2
10
55.88460929990937
20
-55.121951219512184
0
VERTEX
8
L2
10
55.88460929990937
20
-55.097560975609746
0
VERTEX
8
L2
10
56.12607389069562
20
-55.097560975609746
0
VERTEX
8
L2
10
56.12607389069562
20
-56.0096743835674
0
VERTEX
8
L2
10
55.75256705065685
20
-56.0096743835674
0
VERTEX
8
L2
10
55.75256705065685
20
-55.36585365853658
0
VERTEX
8
L2
10
55.77695729455927
20
-55.36585365853658
0
VERTEX
8
L2
10
55.77695729455927
20
-55.24390243902438
0
VERTEX
8
L2
10
55.6550060750471
20
-55.24390243902438
0
VERTEX
8
L2
10
55.6550060750471
20
-56.10723535917715
0
VERTEX
8
L2
10
56.223634866305375
20
-56.10723535917715
0
VERTEX
8
L2
10
56.223634866305375
20
-54.99999999999999
0
SEQEND
0
POLYLINE
8
L2
66
1
70
1
0
VERTEX
8
L2
10
55.84871398011789
20
-56.28048780487804
0
VERTEX
8
L2
10
55.726762760605695
20
-56.28048780487804
0
VERTEX
8
L2
10
55.726762760605695
20
-56.40243902439024
0
VERTEX
8
L2
10
55.84871398011789
20
-56.40243902439024
0
VERTEX
8
L2
10
55.84871398011789
20
-56.28048780487804
0
SEQEND
0
POLYLINE
8
L2
66
1
70
1
0
VERTEX
8
L2
10
55.798919221271106
20
-57.707317073170735
0
VERTEX
8
L2
10
55.556142425631705
20
-57.707317073170735
0
VERTEX
8
L2
10
55.556142425631705
20
-56.795203665213094
0
VERTEX
8
L2
10
55.82330946517355
20
-56.795203665213094
0
VERTEX
8
L2
10
55.82330946517355
20
-57.10008171399358
0
VERTEX
8
L2
10
55.798919221271106
20
-57.10008171399358
0
VERTEX
8
L2
10
55.798919221271106
20
-57.22203293350578
0
VERTEX
8
L2
10
55.920870440783304
20
-57.22203293350578
0
VERTEX
8
L2
10
55.920870440783304
20
-56.69764268960334
0
VERTEX
8
L2
10
55.458581450021924
20
-56.69764268960334
0
VERTEX
8
L2
10
55.458581450021924
20
-57.804878048780495
0
VERTEX
8
L2
10
55.920870440783304
20
-57.804878048780495
0
VERTEX
8
L2
10
55.920870440783304
20
-57.40495976277407
0
VERTEX
8
L2
10
55.798919221271106
20
-57.40495976277407
0
VERTEX
8
L2
10
55.798919221271106
20
-57.707317073170735
0
SEQEND
0
POLYLINE
8
L2
66
1
70
1
0
VERTEX
8
L2
10
55.049933492313
20
-56.28048780487804
0
VERTEX
8
L2
10
55.049933492313
20
-56.50000000000001
0
VERTEX
8
L2
10
54.77140880630053
20
-56.50000000000001
0
VERTEX
8
L2
10
54.77140880630053
20
-57.14642019007227
0
VERTEX
8
L2
10
54.893360025812726
20
-57.14642019007227
0
VERTEX
8
L2
10
54.893360025812726
20
-57.02446897056007
0
VERTEX
8
L2
10
54.86896978191028
20
-57.02446897056007
0
VERTEX
8
L2
10
54.86896978191028
20
-56.59756097560977
0
VERTEX
8
L2
10
55.1718847118252
20
-56.59756097560977
0
VERTEX
8
L2
10
55.1718847118252
20
-56.28048780487804
0
VERTEX
8
L2
10
55.049933492313
20
-56.28048780487804
0
SEQEND
0
POLYLINE
8
L2
66
1
70
1
0
VERTEX
8
L2
10
56.2257484895638
20
-57.6829268292683
0
VERTEX
8
L2
10
56.6064718947962
20
-57.6829268292683
0
VERTEX
8
L2
10
56.6064718947962
20
-57.5609756097561
0
VERTEX
8
L2
10
56.484520675284
20
-57.5609756097561
0
VERTEX
8
L2
10
56.484520675284
20
-57.58536585365854
0
VERTEX
8
L2
10
56.32330946517355
20
-57.58536585365854
0
VERTEX
8
L2
10
56.32330946517355
20
-56.673252445700896
0
VERTEX
8
L2
10
56.616562924536524
20
-56.673252445700896
0
VERTEX
8
L2
10
56.616562924536524
20
-57.31707317073172
0
VERTEX
8
L2
10
56.59217268063411
20
-57.31707317073172
0
VERTEX
8
L2
10
56.59217268063411
20
-57.4390243902439
0
VERTEX
8
L2
10
56.714123900146305
20
-57.4390243902439
0
VERTEX
8
L2
10
56.714123900146305
20
-56.575691470091144
0
VERTEX
8
L2
10
56.2257484895638
20
-56.575691470091144
0
VERTEX
8
L2
10
56.2257484895638
20
-57.6829268292683
0
SEQEND
0
POLYLINE
8
L2
66
1
70
1
0
VERTEX
8
L2
10
54.59871398011789
20
-56.40243902439024
0
VERTEX
8
L2
10
54.59871398011789
20
-56.28048780487804
0
VERTEX
8
L2
10
54.476762760605695
20
-56.28048780487804
0
VERTEX
8
L2
10
54.476762760605695
20
-56.40243902439024
0
VERTEX
8
L2
10
54.59871398011789
20
-56.40243902439024
0
SEQEND
0
ENDBLK
0
ENDSEC
0
SECTION
2
ENTITIES
0
INSERT
2
LDI_XFB44-1600-011_L2_B1
8
L2
10
0
20
0.0
30
0
0
INSERT
2
LDI_XFB44-1600-011_L2_B1
8
L2
10
0
20
5.121951219512195
30
0
0
INSERT
2
LDI_XFB44-1600-011_L2_B1
8
L2
10
0
20
10.24390243902439
30
0
0
INSERT
2
LDI_XFB44-1600-011_L2_B1
8
L2
10
0
20
15.365853658536587
30
0
0
INSERT
2
LDI_XFB44-1600-011_L2_B1
8
L2
10
0
20
20.48780487804878
30
0
0
INSERT
2
LDI_XFB44-1600-011_L2_B1
8
L2
10
0
20
25.609756097560975
30
0
0
INSERT
2
LDI_XFB44-1600-011_L2_B1
8
L2
10
0
20
30.731707317073173
30
0
0
INSERT
2
LDI_XFB44-1600-011_L2_B1
8
L2
10
0
20
35.853658536585364
30
0
0
INSERT
2
LDI_XFB44-1600-011_L2_B1
8
L2
10
0
20
40.97560975609756
30
0
0
INSERT
2
LDI_XFB44-1600-011_L2_B1
8
L2
10
0
20
46.09756097560976
30
0
0
INSERT
2
LDI_XFB44-1600-011_L2_B1
8
L2
10
0
20
51.21951219512195
30
0
0
INSERT
2
LDI_XFB44-1600-011_L2_B1
8
L2
10
0
20
56.34146341463415
30
0
0
INSERT
2
LDI_XFB44-1600-011_L2_B1
8
L2
10
0
20
61.463414634146346
30
0
0
INSERT
2
LDI_XFB44-1600-011_L2_B1
8
L2
10
0
20
66.58536585365854
30
0
0
INSERT
2
LDI_XFB44-1600-011_L2_B1
8
L2
10
0
20
71.70731707317073
30
0
0
INSERT
2
LDI_XFB44-1600-011_L2_B1
8
L2
10
0
20
76.82926829268293
30
0
0
INSERT
2
LDI_XFB44-1600-011_L2_B1
8
L2
10
0
20
81.95121951219512
30
0
0
INSERT
2
LDI_XFB44-1600-011_L2_B1
8
L2
10
0
20
87.07317073170732
30
0
0
INSERT
2
LDI_XFB44-1600-011_L2_B1
8
L2
10
0
20
92.19512195121952
30
0
0
INSERT
2
LDI_XFB44-1600-011_L2_B1
8
L2
10
0
20
97.3170731707317
30
0
0
INSERT
2
LDI_XFB44-1600-011_L2_B1
8
L2
10
0
20
102.4390243902439
30
0
0
INSERT
2
LDI_XFB44-1600-011_L2_B1
8
L2
10
0
20
107.5609756097561
30
0
0
INSERT
2
LDI_XFB44-1600-011_L2_B1
8
L2
10
0
20
112.6829268292683
30
0
0
POLYLINE
8
L2
66
1
70
1
40
0.1
41
0.1
0
VERTEX
8
L2
10
-61.5
20
-61.2
42
1.0
0
VERTEX
8
L2
10
-60.900000000000006
20
-61.2
42
1.0
0
SEQEND
0
POLYLINE
8
L2
66
1
70
1
40
0.1
41
0.1
0
VERTEX
8
L2
10
-61.5
20
61.2
42
1.0
0
VERTEX
8
L2
10
-60.900000000000006
20
61.2
42
1.0
0
SEQEND
0
POLYLINE
8
L2
66
1
70
1
40
0.1
41
0.1
0
VERTEX
8
L2
10
60.90000000000002
20
-61.2
42
1.0
0
VERTEX
8
L2
10
61.499999999999986
20
-61.2
42
1.0
0
SEQEND
0
POLYLINE
8
L2
66
1
70
1
40
0.1
41
0.1
0
VERTEX
8
L2
10
60.90000000000002
20
61.2
42
1.0
0
VERTEX
8
L2
10
61.499999999999986
20
61.2
42
1.0
0
SEQEND
0
POLYLINE
8
L2
66
1
70
1
0
VERTEX
8
L2
10
-64.46966991411009
20
-64.46966991411009
40
0.08
41
0.08
0
VERTEX
8
L2
10
-65.53033008588991
20
-65.53033008588991
40
0.08
41
0.08
0
SEQEND
0
POLYLINE
8
L2
66
1
70
1
0
VERTEX
8
L2
10
-64.46966991411009
20
-65.53033008588991
40
0.08
41
0.08
0
VERTEX
8
L2
10
-65.53033008588991
20
-64.46966991411009
40
0.08
41
0.08
0
SEQEND
0
POLYLINE
8
L2
66
1
70
1
0
VERTEX
8
L2
10
-64.46966991411009
20
65.53033008588993
40
0.08
41
0.08
0
VERTEX
8
L2
10
-65.53033008588991
20
64.4696699141101
40
0.08
41
0.08
0
SEQEND
0
POLYLINE
8
L2
66
1
70
1
0
VERTEX
8
L2
10
-64.46966991411009
20
64.4696699141101
40
0.08
41
0.08
0
VERTEX
8
L2
10
-65.53033008588991
20
65.53033008588993
40
0.08
41
0.08
0
SEQEND
0
POLYLINE
8
L2
66
1
70
1
0
VERTEX
8
L2
10
65.53033008588993
20
65.53033008588993
40
0.08
41
0.08
0
VERTEX
8
L2
10
64.4696699141101
20
64.4696699141101
40
0.08
41
0.08
0
SEQEND
0
POLYLINE
8
L2
66
1
70
1
0
VERTEX
8
L2
10
65.53033008588993
20
64.4696699141101
40
0.08
41
0.08
0
VERTEX
8
L2
10
64.4696699141101
20
65.53033008588993
40
0.08
41
0.08
0
SEQEND
0
POLYLINE
8
L2
66
1
70
1
0
VERTEX
8
L2
10
65.74999999999999
20
-65.0
40
0.08
41
0.08
0
VERTEX
8
L2
10
64.24999999999999
20
-65.0
40
0.08
41
0.08
0
SEQEND
0
POLYLINE
8
L2
66
1
70
1
0
VERTEX
8
L2
10
64.99999999999999
20
-64.25
40
0.08
41
0.08
0
VERTEX
8
L2
10
64.99999999999999
20
-65.75
40
0.08
41
0.08
0
SEQEND
0
POLYLINE
8
L2
66
1
70
1
0
VERTEX
8
L2
10
-58.536585365853654
20
-61.2
40
0.08
41
0.08
0
VERTEX
8
L2
10
-58.536585365853654
20
-64.2
40
0.08
41
0.08
0
SEQEND
0
POLYLINE
8
L2
66
1
70
1
0
VERTEX
8
L2
10
-58.536585365853654
20
61.2
40
0.08
41
0.08
0
VERTEX
8
L2
10
-58.536585365853654
20
64.2
40
0.08
41
0.08
0
SEQEND
0
POLYLINE
8
L2
66
1
70
1
0
VERTEX
8
L2
10
-52.68292682926829
20
-61.2
40
0.08
41
0.08
0
VERTEX
8
L2
10
-52.68292682926829
20
-64.2
40
0.08
41
0.08
0
SEQEND
0
POLYLINE
8
L2
66
1
70
1
0
VERTEX
8
L2
10
-52.68292682926829
20
61.2
40
0.08
41
0.08
0
VERTEX
8
L2
10
-52.68292682926829
20
64.2
40
0.08
41
0.08
0
SEQEND
0
POLYLINE
8
L2
66
1
70
1
0
VERTEX
8
L2
10
-46.829268292682926
20
-61.2
40
0.08
41
0.08
0
VERTEX
8
L2
10
-46.829268292682926
20
-64.2
40
0.08
41
0.08
0
SEQEND
0
POLYLINE
8
L2
66
1
70
1
0
VERTEX
8
L2
10
-46.829268292682926
20
61.2
40
0.08
41
0.08
0
VERTEX
8
L2
10
-46.829268292682926
20
64.2
40
0.08
41
0.08
0
SEQEND
0
POLYLINE
8
L2
66
1
70
1
0
VERTEX
8
L2
10
-40.975609756097555
20
-61.2
40
0.08
41
0.08
0
VERTEX
8
L2
10
-40.975609756097555
20
-64.2
40
0.08
41
0.08
0
SEQEND
0
POLYLINE
8
L2
66
1
70
1
0
VERTEX
8
L2
10
-40.975609756097555
20
61.2
40
0.08
41
0.08
0
VERTEX
8
L2
10
-40.975609756097555
20
64.2
40
0.08
41
0.08
0
SEQEND
0
POLYLINE
8
L2
66
1
70
1
0
VERTEX
8
L2
10
-35.121951219512184
20
-61.2
40
0.08
41
0.08
0
VERTEX
8
L2
10
-35.121951219512184
20
-64.2
40
0.08
41
0.08
0
SEQEND
0
POLYLINE
8
L2
66
1
70
1
0
VERTEX
8
L2
10
-35.121951219512184
20
61.2
40
0.08
41
0.08
0
VERTEX
8
L2
10
-35.121951219512184
20
64.2
40
0.08
41
0.08
0
SEQEND
0
POLYLINE
8
L2
66
1
70
1
0
VERTEX
8
L2
10
-29.268292682926827
20
-61.2
40
0.08
41
0.08
0
VERTEX
8
L2
10
-29.268292682926827
20
-64.2
40
0.08
41
0.08
0
SEQEND
0
POLYLINE
8
L2
66
1
70
1
0
VERTEX
8
L2
10
-29.268292682926827
20
61.2
40
0.08
41
0.08
0
VERTEX
8
L2
10
-29.268292682926827
20
64.2
40
0.08
41
0.08
0
SEQEND
0
POLYLINE
8
L2
66
1
70
1
0
VERTEX
8
L2
10
-23.414634146341456
20
-61.2
40
0.08
41
0.08
0
VERTEX
8
L2
10
-23.414634146341456
20
-64.2
40
0.08
41
0.08
0
SEQEND
0
POLYLINE
8
L2
66
1
70
1
0
VERTEX
8
L2
10
-23.414634146341456
20
61.2
40
0.08
41
0.08
0
VERTEX
8
L2
10
-23.414634146341456
20
64.2
40
0.08
41
0.08
0
SEQEND
0
POLYLINE
8
L2
66
1
70
1
0
VERTEX
8
L2
10
-17.560975609756085
20
-61.2
40
0.08
41
0.08
0
VERTEX
8
L2
10
-17.560975609756085
20
-64.2
40
0.08
41
0.08
0
SEQEND
0
POLYLINE
8
L2
66
1
70
1
0
VERTEX
8
L2
10
-17.560975609756085
20
61.2
40
0.08
41
0.08
0
VERTEX
8
L2
10
-17.560975609756085
20
64.2
40
0.08
41
0.08
0
SEQEND
0
POLYLINE
8
L2
66
1
70
1
0
VERTEX
8
L2
10
-11.707317073170728
20
-61.2
40
0.08
41
0.08
0
VERTEX
8
L2
10
-11.707317073170728
20
-64.2
40
0.08
41
0.08
0
SEQEND
0
POLYLINE
8
L2
66
1
70
1
0
VERTEX
8
L2
10
-11.707317073170728
20
61.2
40
0.08
41
0.08
0
VERTEX
8
L2
10
-11.707317073170728
20
64.2
40
0.08
41
0.08
0
SEQEND
0
POLYLINE
8
L2
66
1
70
1
0
VERTEX
8
L2
10
-5.853658536585371
20
-61.2
40
0.08
41
0.08
0
VERTEX
8
L2
10
-5.853658536585371
20
-64.2
40
0.08
41
0.08
0
SEQEND
0
POLYLINE
8
L2
66
1
70
1
0
VERTEX
8
L2
10
-5.853658536585371
20
61.2
40
0.08
41
0.08
0
VERTEX
8
L2
10
-5.853658536585371
20
64.2
40
0.08
41
0.08
0
SEQEND
0
POLYLINE
8
L2
66
1
70
1
0
VERTEX
8
L2
10
0.0
20
-61.2
40
0.08
41
0.08
0
VERTEX
8
L2
10
0.0
20
-64.2
40
0.08
41
0.08
0
SEQEND
0
POLYLINE
8
L2
66
1
70
1
0
VERTEX
8
L2
10
0.0
20
61.2
40
0.08
41
0.08
0
VERTEX
8
L2
10
0.0
20
64.2
40
0.08
41
0.08
0
SEQEND
0
POLYLINE
8
L2
66
1
70
1
0
VERTEX
8
L2
10
5.853658536585371
20
-61.2
40
0.08
41
0.08
0
VERTEX
8
L2
10
5.853658536585371
20
-64.2
40
0.08
41
0.08
0
SEQEND
0
POLYLINE
8
L2
66
1
70
1
0
VERTEX
8
L2
10
5.853658536585371
20
61.2
40
0.08
41
0.08
0
VERTEX
8
L2
10
5.853658536585371
20
64.2
40
0.08
41
0.08
0
SEQEND
0
POLYLINE
8
L2
66
1
70
1
0
VERTEX
8
L2
10
11.707317073170742
20
-61.2
40
0.08
41
0.08
0
VERTEX
8
L2
10
11.707317073170742
20
-64.2
40
0.08
41
0.08
0
SEQEND
0
POLYLINE
8
L2
66
1
70
1
0
VERTEX
8
L2
10
11.707317073170742
20
61.2
40
0.08
41
0.08
0
VERTEX
8
L2
10
11.707317073170742
20
64.2
40
0.08
41
0.08
0
SEQEND
0
POLYLINE
8
L2
66
1
70
1
0
VERTEX
8
L2
10
17.560975609756085
20
-61.2
40
0.08
41
0.08
0
VERTEX
8
L2
10
17.560975609756085
20
-64.2
40
0.08
41
0.08
0
SEQEND
0
POLYLINE
8
L2
66
1
70
1
0
VERTEX
8
L2
10
17.560975609756085
20
61.2
40
0.08
41
0.08
0
VERTEX
8
L2
10
17.560975609756085
20
64.2
40
0.08
41
0.08
0
SEQEND
0
POLYLINE
8
L2
66
1
70
1
0
VERTEX
8
L2
10
23.41463414634147
20
-61.2
40
0.08
41
0.08
0
VERTEX
8
L2
10
23.41463414634147
20
-64.2
40
0.08
41
0.08
0
SEQEND
0
POLYLINE
8
L2
66
1
70
1
0
VERTEX
8
L2
10
23.41463414634147
20
61.2
40
0.08
41
0.08
0
VERTEX
8
L2
10
23.41463414634147
20
64.2
40
0.08
41
0.08
0
SEQEND
0
POLYLINE
8
L2
66
1
70
1
0
VERTEX
8
L2
10
29.268292682926827
20
-61.2
40
0.08
41
0.08
0
VERTEX
8
L2
10
29.268292682926827
20
-64.2
40
0.08
41
0.08
0
SEQEND
0
POLYLINE
8
L2
66
1
70
1
0
VERTEX
8
L2
10
29.268292682926827
20
61.2
40
0.08
41
0.08
0
VERTEX
8
L2
10
29.268292682926827
20
64.2
40
0.08
41
0.08
0
SEQEND
0
POLYLINE
8
L2
66
1
70
1
0
VERTEX
8
L2
10
35.121951219512184
20
-61.2
40
0.08
41
0.08
0
VERTEX
8
L2
10
35.121951219512184
20
-64.2
40
0.08
41
0.08
0
SEQEND
0
POLYLINE
8
L2
66
1
70
1
0
VERTEX
8
L2
10
35.121951219512184
20
61.2
40
0.08
41
0.08
0
VERTEX
8
L2
10
35.121951219512184
20
64.2
40
0.08
41
0.08
0
SEQEND
0
POLYLINE
8
L2
66
1
70
1
0
VERTEX
8
L2
10
40.97560975609757
20
-61.2
40
0.08
41
0.08
0
VERTEX
8
L2
10
40.97560975609757
20
-64.2
40
0.08
41
0.08
0
SEQEND
0
POLYLINE
8
L2
66
1
70
1
0
VERTEX
8
L2
10
40.97560975609757
20
61.2
40
0.08
41
0.08
0
VERTEX
8
L2
10
40.97560975609757
20
64.2
40
0.08
41
0.08
0
SEQEND
0
POLYLINE
8
L2
66
1
70
1
0
VERTEX
8
L2
10
46.829268292682926
20
-61.2
40
0.08
41
0.08
0
VERTEX
8
L2
10
46.829268292682926
20
-64.2
40
0.08
41
0.08
0
SEQEND
0
POLYLINE
8
L2
66
1
70
1
0
VERTEX
8
L2
10
46.829268292682926
20
61.2
40
0.08
41
0.08
0
VERTEX
8
L2
10
46.829268292682926
20
64.2
40
0.08
41
0.08
0
SEQEND
0
POLYLINE
8
L2
66
1
70
1
0
VERTEX
8
L2
10
52.68292682926828
20
-61.2
40
0.08
41
0.08
0
VERTEX
8
L2
10
52.68292682926828
20
-64.2
40
0.08
41
0.08
0
SEQEND
0
POLYLINE
8
L2
66
1
70
1
0
VERTEX
8
L2
10
52.68292682926828
20
61.2
40
0.08
41
0.08
0
VERTEX
8
L2
10
52.68292682926828
20
64.2
40
0.08
41
0.08
0
SEQEND
0
POLYLINE
8
L2
66
1
70
1
0
VERTEX
8
L2
10
58.53658536585367
20
-61.2
40
0.08
41
0.08
0
VERTEX
8
L2
10
58.53658536585367
20
-64.2
40
0.08
41
0.08
0
SEQEND
0
POLYLINE
8
L2
66
1
70
1
0
VERTEX
8
L2
10
58.53658536585367
20
61.2
40
0.08
41
0.08
0
VERTEX
8
L2
10
58.53658536585367
20
64.2
40
0.08
41
0.08
0
SEQEND
0
POLYLINE
8
L2
66
1
70
1
0
VERTEX
8
L2
10
-61.2
20
-58.90243902439025
40
0.08
41
0.08
0
VERTEX
8
L2
10
-64.2
20
-58.90243902439025
40
0.08
41
0.08
0
SEQEND
0
POLYLINE
8
L2
66
1
70
1
0
VERTEX
8
L2
10
61.2
20
-58.90243902439025
40
0.08
41
0.08
0
VERTEX
8
L2
10
64.2
20
-58.90243902439025
40
0.08
41
0.08
0
SEQEND
0
POLYLINE
8
L2
66
1
70
1
0
VERTEX
8
L2
10
-61.2
20
-53.78048780487805
40
0.08
41
0.08
0
VERTEX
8
L2
10
-64.2
20
-53.78048780487805
40
0.08
41
0.08
0
SEQEND
0
POLYLINE
8
L2
66
1
70
1
0
VERTEX
8
L2
10
61.2
20
-53.78048780487805
40
0.08
41
0.08
0
VERTEX
8
L2
10
64.2
20
-53.78048780487805
40
0.08
41
0.08
0
SEQEND
0
POLYLINE
8
L2
66
1
70
1
0
VERTEX
8
L2
10
-61.2
20
-48.65853658536586
40
0.08
41
0.08
0
VERTEX
8
L2
10
-64.2
20
-48.65853658536586
40
0.08
41
0.08
0
SEQEND
0
POLYLINE
8
L2
66
1
70
1
0
VERTEX
8
L2
10
61.2
20
-48.65853658536586
40
0.08
41
0.08
0
VERTEX
8
L2
10
64.2
20
-48.65853658536586
40
0.08
41
0.08
0
SEQEND
0
POLYLINE
8
L2
66
1
70
1
0
VERTEX
8
L2
10
-61.2
20
-43.53658536585367
40
0.08
41
0.08
0
VERTEX
8
L2
10
-64.2
20
-43.53658536585367
40
0.08
41
0.08
0
SEQEND
0
POLYLINE
8
L2
66
1
70
1
0
VERTEX
8
L2
10
61.2
20
-43.53658536585367
40
0.08
41
0.08
0
VERTEX
8
L2
10
64.2
20
-43.53658536585367
40
0.08
41
0.08
0
SEQEND
0
POLYLINE
8
L2
66
1
70
1
0
VERTEX
8
L2
10
-61.2
20
-38.41463414634147
40
0.08
41
0.08
0
VERTEX
8
L2
10
-64.2
20
-38.41463414634147
40
0.08
41
0.08
0
SEQEND
0
POLYLINE
8
L2
66
1
70
1
0
VERTEX
8
L2
10
61.2
20
-38.41463414634147
40
0.08
41
0.08
0
VERTEX
8
L2
10
64.2
20
-38.41463414634147
40
0.08
41
0.08
0
SEQEND
0
POLYLINE
8
L2
66
1
70
1
0
VERTEX
8
L2
10
-61.2
20
-33.29268292682927
40
0.08
41
0.08
0
VERTEX
8
L2
10
-64.2
20
-33.29268292682927
40
0.08
41
0.08
0
SEQEND
0
POLYLINE
8
L2
66
1
70
1
0
VERTEX
8
L2
10
61.2
20
-33.29268292682927
40
0.08
41
0.08
0
VERTEX
8
L2
10
64.2
20
-33.29268292682927
40
0.08
41
0.08
0
SEQEND
0
POLYLINE
8
L2
66
1
70
1
0
VERTEX
8
L2
10
-61.2
20
-28.170731707317074
40
0.08
41
0.08
0
VERTEX
8
L2
10
-64.2
20
-28.170731707317074
40
0.08
41
0.08
0
SEQEND
0
POLYLINE
8
L2
66
1
70
1
0
VERTEX
8
L2
10
61.2
20
-28.170731707317074
40
0.08
41
0.08
0
VERTEX
8
L2
10
64.2
20
-28.170731707317074
40
0.08
41
0.08
0
SEQEND
0
POLYLINE
8
L2
66
1
70
1
0
VERTEX
8
L2
10
-61.2
20
-23.048780487804876
40
0.08
41
0.08
0
VERTEX
8
L2
10
-64.2
20
-23.048780487804876
40
0.08
41
0.08
0
SEQEND
0
POLYLINE
8
L2
66
1
70
1
0
VERTEX
8
L2
10
61.2
20
-23.048780487804876
40
0.08
41
0.08
0
VERTEX
8
L2
10
64.2
20
-23.048780487804876
40
0.08
41
0.08
0
SEQEND
0
POLYLINE
8
L2
66
1
70
1
0
VERTEX
8
L2
10
-61.2
20
-17.92682926829268
40
0.08
41
0.08
0
VERTEX
8
L2
10
-64.2
20
-17.92682926829268
40
0.08
41
0.08
0
SEQEND
0
POLYLINE
8
L2
66
1
70
1
0
VERTEX
8
L2
10
61.2
20
-17.92682926829268
40
0.08
41
0.08
0
VERTEX
8
L2
10
64.2
20
-17.92682926829268
40
0.08
41
0.08
0
SEQEND
0
POLYLINE
8
L2
66
1
70
1
0
VERTEX
8
L2
10
-61.2
20
-12.80487804878048
40
0.08
41
0.08
0
VERTEX
8
L2
10
-64.2
20
-12.80487804878048
40
0.08
41
0.08
0
SEQEND
0
POLYLINE
8
L2
66
1
70
1
0
VERTEX
8
L2
10
61.2
20
-12.80487804878048
40
0.08
41
0.08
0
VERTEX
8
L2
10
64.2
20
-12.80487804878048
40
0.08
41
0.08
0
SEQEND
0
POLYLINE
8
L2
66
1
70
1
0
VERTEX
8
L2
10
-61.2
20
-7.682926829268297
40
0.08
41
0.08
0
VERTEX
8
L2
10
-64.2
20
-7.682926829268297
40
0.08
41
0.08
0
SEQEND
0
POLYLINE
8
L2
66
1
70
1
0
VERTEX
8
L2
10
61.2
20
-7.682926829268297
40
0.08
41
0.08
0
VERTEX
8
L2
10
64.2
20
-7.682926829268297
40
0.08
41
0.08
0
SEQEND
0
POLYLINE
8
L2
66
1
70
1
0
VERTEX
8
L2
10
-61.2
20
-2.560975609756099
40
0.08
41
0.08
0
VERTEX
8
L2
10
-64.2
20
-2.560975609756099
40
0.08
41
0.08
0
SEQEND
0
POLYLINE
8
L2
66
1
70
1
0
VERTEX
8
L2
10
61.2
20
-2.560975609756099
40
0.08
41
0.08
0
VERTEX
8
L2
10
64.2
20
-2.560975609756099
40
0.08
41
0.08
0
SEQEND
0
POLYLINE
8
L2
66
1
70
1
0
VERTEX
8
L2
10
-61.2
20
2.560975609756099
40
0.08
41
0.08
0
VERTEX
8
L2
10
-64.2
20
2.560975609756099
40
0.08
41
0.08
0
SEQEND
0
POLYLINE
8
L2
66
1
70
1
0
VERTEX
8
L2
10
61.2
20
2.560975609756099
40
0.08
41
0.08
0
VERTEX
8
L2
10
64.2
20
2.560975609756099
40
0.08
41
0.08
0
SEQEND
0
POLYLINE
8
L2
66
1
70
1
0
VERTEX
8
L2
10
-61.2
20
7.682926829268297
40
0.08
41
0.08
0
VERTEX
8
L2
10
-64.2
20
7.682926829268297
40
0.08
41
0.08
0
SEQEND
0
POLYLINE
8
L2
66
1
70
1
0
VERTEX
8
L2
10
61.2
20
7.682926829268297
40
0.08
41
0.08
0
VERTEX
8
L2
10
64.2
20
7.682926829268297
40
0.08
41
0.08
0
SEQEND
0
POLYLINE
8
L2
66
1
70
1
0
VERTEX
8
L2
10
-61.2
20
12.80487804878048
40
0.08
41
0.08
0
VERTEX
8
L2
10
-64.2
20
12.80487804878048
40
0.08
41
0.08
0
SEQEND
0
POLYLINE
8
L2
66
1
70
1
0
VERTEX
8
L2
10
61.2
20
12.80487804878048
40
0.08
41
0.08
0
VERTEX
8
L2
10
64.2
20
12.80487804878048
40
0.08
41
0.08
0
SEQEND
0
POLYLINE
8
L2
66
1
70
1
0
VERTEX
8
L2
10
-61.2
20
17.92682926829268
40
0.08
41
0.08
0
VERTEX
8
L2
10
-64.2
20
17.92682926829268
40
0.08
41
0.08
0
SEQEND
0
POLYLINE
8
L2
66
1
70
1
0
VERTEX
8
L2
10
61.2
20
17.92682926829268
40
0.08
41
0.08
0
VERTEX
8
L2
10
64.2
20
17.92682926829268
40
0.08
41
0.08
0
SEQEND
0
POLYLINE
8
L2
66
1
70
1
0
VERTEX
8
L2
10
-61.2
20
23.048780487804876
40
0.08
41
0.08
0
VERTEX
8
L2
10
-64.2
20
23.048780487804876
40
0.08
41
0.08
0
SEQEND
0
POLYLINE
8
L2
66
1
70
1
0
VERTEX
8
L2
10
61.2
20
23.048780487804876
40
0.08
41
0.08
0
VERTEX
8
L2
10
64.2
20
23.048780487804876
40
0.08
41
0.08
0
SEQEND
0
POLYLINE
8
L2
66
1
70
1
0
VERTEX
8
L2
10
-61.2
20
28.170731707317074
40
0.08
41
0.08
0
VERTEX
8
L2
10
-64.2
20
28.170731707317074
40
0.08
41
0.08
0
SEQEND
0
POLYLINE
8
L2
66
1
70
1
0
VERTEX
8
L2
10
61.2
20
28.170731707317074
40
0.08
41
0.08
0
VERTEX
8
L2
10
64.2
20
28.170731707317074
40
0.08
41
0.08
0
SEQEND
0
POLYLINE
8
L2
66
1
70
1
0
VERTEX
8
L2
10
-61.2
20
33.29268292682927
40
0.08
41
0.08
0
VERTEX
8
L2
10
-64.2
20
33.29268292682927
40
0.08
41
0.08
0
SEQEND
0
POLYLINE
8
L2
66
1
70
1
0
VERTEX
8
L2
10
61.2
20
33.29268292682927
40
0.08
41
0.08
0
VERTEX
8
L2
10
64.2
20
33.29268292682927
40
0.08
41
0.08
0
SEQEND
0
POLYLINE
8
L2
66
1
70
1
0
VERTEX
8
L2
10
-61.2
20
38.41463414634147
40
0.08
41
0.08
0
VERTEX
8
L2
10
-64.2
20
38.41463414634147
40
0.08
41
0.08
0
SEQEND
0
POLYLINE
8
L2
66
1
70
1
0
VERTEX
8
L2
10
61.2
20
38.41463414634147
40
0.08
41
0.08
0
VERTEX
8
L2
10
64.2
20
38.41463414634147
40
0.08
41
0.08
0
SEQEND
0
POLYLINE
8
L2
66
1
70
1
0
VERTEX
8
L2
10
-61.2
20
43.53658536585367
40
0.08
41
0.08
0
VERTEX
8
L2
10
-64.2
20
43.53658536585367
40
0.08
41
0.08
0
SEQEND
0
POLYLINE
8
L2
66
1
70
1
0
VERTEX
8
L2
10
61.2
20
43.53658536585367
40
0.08
41
0.08
0
VERTEX
8
L2
10
64.2
20
43.53658536585367
40
0.08
41
0.08
0
SEQEND
0
POLYLINE
8
L2
66
1
70
1
0
VERTEX
8
L2
10
-61.2
20
48.658536585365866
40
0.08
41
0.08
0
VERTEX
8
L2
10
-64.2
20
48.658536585365866
40
0.08
41
0.08
0
SEQEND
0
POLYLINE
8
L2
66
1
70
1
0
VERTEX
8
L2
10
61.2
20
48.658536585365866
40
0.08
41
0.08
0
VERTEX
8
L2
10
64.2
20
48.658536585365866
40
0.08
41
0.08
0
SEQEND
0
POLYLINE
8
L2
66
1
70
1
0
VERTEX
8
L2
10
-61.2
20
53.780487804878064
40
0.08
41
0.08
0
VERTEX
8
L2
10
-64.2
20
53.780487804878064
40
0.08
41
0.08
0
SEQEND
0
POLYLINE
8
L2
66
1
70
1
0
VERTEX
8
L2
10
61.2
20
53.780487804878064
40
0.08
41
0.08
0
VERTEX
8
L2
10
64.2
20
53.780487804878064
40
0.08
41
0.08
0
SEQEND
0
POLYLINE
8
L2
66
1
70
1
0
VERTEX
8
L2
10
-61.2
20
58.90243902439026
40
0.08
41
0.08
0
VERTEX
8
L2
10
-64.2
20
58.90243902439026
40
0.08
41
0.08
0
SEQEND
0
POLYLINE
8
L2
66
1
70
1
0
VERTEX
8
L2
10
61.2
20
58.90243902439026
40
0.08
41
0.08
0
VERTEX
8
L2
10
64.2
20
58.90243902439026
40
0.08
41
0.08
0
SEQEND
0
INSERT
2
cutlineendpoint
8
L2
10
-64.46966991411009
20
-64.46966991411009
0
INSERT
2
cutlineendpoint
8
L2
10
-65.53033008588991
20
-65.53033008588991
0
INSERT
2
cutlineendpoint
8
L2
10
-64.46966991411009
20
-65.53033008588991
0
INSERT
2
cutlineendpoint
8
L2
10
-65.53033008588991
20
-64.46966991411009
0
INSERT
2
cutlineendpoint
8
L2
10
-64.46966991411009
20
65.53033008588993
0
INSERT
2
cutlineendpoint
8
L2
10
-65.53033008588991
20
64.4696699141101
0
INSERT
2
cutlineendpoint
8
L2
10
-64.46966991411009
20
64.4696699141101
0
INSERT
2
cutlineendpoint
8
L2
10
-65.53033008588991
20
65.53033008588993
0
INSERT
2
cutlineendpoint
8
L2
10
65.53033008588993
20
65.53033008588993
0
INSERT
2
cutlineendpoint
8
L2
10
64.4696699141101
20
64.4696699141101
0
INSERT
2
cutlineendpoint
8
L2
10
65.53033008588993
20
64.4696699141101
0
INSERT
2
cutlineendpoint
8
L2
10
64.4696699141101
20
65.53033008588993
0
INSERT
2
cutlineendpoint
8
L2
10
65.74999999999999
20
-65.0
0
INSERT
2
cutlineendpoint
8
L2
10
64.24999999999999
20
-65.0
0
INSERT
2
cutlineendpoint
8
L2
10
64.99999999999999
20
-64.25
0
INSERT
2
cutlineendpoint
8
L2
10
64.99999999999999
20
-65.75
0
INSERT
2
cutlineendpoint
8
L2
10
-58.536585365853654
20
-61.2
0
INSERT
2
cutlineendpoint
8
L2
10
-58.536585365853654
20
61.2
0
INSERT
2
cutlineendpoint
8
L2
10
-58.536585365853654
20
-64.2
0
INSERT
2
cutlineendpoint
8
L2
10
-58.536585365853654
20
64.2
0
INSERT
2
cutlineendpoint
8
L2
10
-52.68292682926829
20
-61.2
0
INSERT
2
cutlineendpoint
8
L2
10
-52.68292682926829
20
61.2
0
INSERT
2
cutlineendpoint
8
L2
10
-52.68292682926829
20
-64.2
0
INSERT
2
cutlineendpoint
8
L2
10
-52.68292682926829
20
64.2
0
INSERT
2
cutlineendpoint
8
L2
10
-46.829268292682926
20
-61.2
0
INSERT
2
cutlineendpoint
8
L2
10
-46.829268292682926
20
61.2
0
INSERT
2
cutlineendpoint
8
L2
10
-46.829268292682926
20
-64.2
0
INSERT
2
cutlineendpoint
8
L2
10
-46.829268292682926
20
64.2
0
INSERT
2
cutlineendpoint
8
L2
10
-40.975609756097555
20
-61.2
0
INSERT
2
cutlineendpoint
8
L2
10
-40.975609756097555
20
61.2
0
INSERT
2
cutlineendpoint
8
L2
10
-40.975609756097555
20
-64.2
0
INSERT
2
cutlineendpoint
8
L2
10
-40.975609756097555
20
64.2
0
INSERT
2
cutlineendpoint
8
L2
10
-35.121951219512184
20
-61.2
0
INSERT
2
cutlineendpoint
8
L2
10
-35.121951219512184
20
61.2
0
INSERT
2
cutlineendpoint
8
L2
10
-35.121951219512184
20
-64.2
0
INSERT
2
cutlineendpoint
8
L2
10
-35.121951219512184
20
64.2
0
INSERT
2
cutlineendpoint
8
L2
10
-29.268292682926827
20
-61.2
0
INSERT
2
cutlineendpoint
8
L2
10
-29.268292682926827
20
61.2
0
INSERT
2
cutlineendpoint
8
L2
10
-29.268292682926827
20
-64.2
0
INSERT
2
cutlineendpoint
8
L2
10
-29.268292682926827
20
64.2
0
INSERT
2
cutlineendpoint
8
L2
10
-23.414634146341456
20
-61.2
0
INSERT
2
cutlineendpoint
8
L2
10
-23.414634146341456
20
61.2
0
INSERT
2
cutlineendpoint
8
L2
10
-23.414634146341456
20
-64.2
0
INSERT
2
cutlineendpoint
8
L2
10
-23.414634146341456
20
64.2
0
INSERT
2
cutlineendpoint
8
L2
10
-17.560975609756085
20
-61.2
0
INSERT
2
cutlineendpoint
8
L2
10
-17.560975609756085
20
61.2
0
INSERT
2
cutlineendpoint
8
L2
10
-17.560975609756085
20
-64.2
0
INSERT
2
cutlineendpoint
8
L2
10
-17.560975609756085
20
64.2
0
INSERT
2
cutlineendpoint
8
L2
10
-11.707317073170728
20
-61.2
0
INSERT
2
cutlineendpoint
8
L2
10
-11.707317073170728
20
61.2
0
INSERT
2
cutlineendpoint
8
L2
10
-11.707317073170728
20
-64.2
0
INSERT
2
cutlineendpoint
8
L2
10
-11.707317073170728
20
64.2
0
INSERT
2
cutlineendpoint
8
L2
10
-5.853658536585371
20
-61.2
0
INSERT
2
cutlineendpoint
8
L2
10
-5.853658536585371
20
61.2
0
INSERT
2
cutlineendpoint
8
L2
10
-5.853658536585371
20
-64.2
0
INSERT
2
cutlineendpoint
8
L2
10
-5.853658536585371
20
64.2
0
INSERT
2
cutlineendpoint
8
L2
10
0.0
20
-61.2
0
INSERT
2
cutlineendpoint
8
L2
10
0.0
20
61.2
0
INSERT
2
cutlineendpoint
8
L2
10
0.0
20
-64.2
0
INSERT
2
cutlineendpoint
8
L2
10
0.0
20
64.2
0
INSERT
2
cutlineendpoint
8
L2
10
5.853658536585371
20
-61.2
0
INSERT
2
cutlineendpoint
8
L2
10
5.853658536585371
20
61.2
0
INSERT
2
cutlineendpoint
8
L2
10
5.853658536585371
20
-64.2
0
INSERT
2
cutlineendpoint
8
L2
10
5.853658536585371
20
64.2
0
INSERT
2
cutlineendpoint
8
L2
10
11.707317073170742
20
-61.2
0
INSERT
2
cutlineendpoint
8
L2
10
11.707317073170742
20
61.2
0
INSERT
2
cutlineendpoint
8
L2
10
11.707317073170742
20
-64.2
0
INSERT
2
cutlineendpoint
8
L2
10
11.707317073170742
20
64.2
0
INSERT
2
cutlineendpoint
8
L2
10
17.560975609756085
20
-61.2
0
INSERT
2
cutlineendpoint
8
L2
10
17.560975609756085
20
61.2
0
INSERT
2
cutlineendpoint
8
L2
10
17.560975609756085
20
-64.2
0
INSERT
2
cutlineendpoint
8
L2
10
17.560975609756085
20
64.2
0
INSERT
2
cutlineendpoint
8
L2
10
23.41463414634147
20
-61.2
0
INSERT
2
cutlineendpoint
8
L2
10
23.41463414634147
20
61.2
0
INSERT
2
cutlineendpoint
8
L2
10
23.41463414634147
20
-64.2
0
INSERT
2
cutlineendpoint
8
L2
10
23.41463414634147
20
64.2
0
INSERT
2
cutlineendpoint
8
L2
10
29.268292682926827
20
-61.2
0
INSERT
2
cutlineendpoint
8
L2
10
29.268292682926827
20
61.2
0
INSERT
2
cutlineendpoint
8
L2
10
29.268292682926827
20
-64.2
0
INSERT
2
cutlineendpoint
8
L2
10
29.268292682926827
20
64.2
0
INSERT
2
cutlineendpoint
8
L2
10
35.121951219512184
20
-61.2
0
INSERT
2
cutlineendpoint
8
L2
10
35.121951219512184
20
61.2
0
INSERT
2
cutlineendpoint
8
L2
10
35.121951219512184
20
-64.2
0
INSERT
2
cutlineendpoint
8
L2
10
35.121951219512184
20
64.2
0
INSERT
2
cutlineendpoint
8
L2
10
40.97560975609757
20
-61.2
0
INSERT
2
cutlineendpoint
8
L2
10
40.97560975609757
20
61.2
0
INSERT
2
cutlineendpoint
8
L2
10
40.97560975609757
20
-64.2
0
INSERT
2
cutlineendpoint
8
L2
10
40.97560975609757
20
64.2
0
INSERT
2
cutlineendpoint
8
L2
10
46.829268292682926
20
-61.2
0
INSERT
2
cutlineendpoint
8
L2
10
46.829268292682926
20
61.2
0
INSERT
2
cutlineendpoint
8
L2
10
46.829268292682926
20
-64.2
0
INSERT
2
cutlineendpoint
8
L2
10
46.829268292682926
20
64.2
0
INSERT
2
cutlineendpoint
8
L2
10
52.68292682926828
20
-61.2
0
INSERT
2
cutlineendpoint
8
L2
10
52.68292682926828
20
61.2
0
INSERT
2
cutlineendpoint
8
L2
10
52.68292682926828
20
-64.2
0
INSERT
2
cutlineendpoint
8
L2
10
52.68292682926828
20
64.2
0
INSERT
2
cutlineendpoint
8
L2
10
58.53658536585367
20
-61.2
0
INSERT
2
cutlineendpoint
8
L2
10
58.53658536585367
20
61.2
0
INSERT
2
cutlineendpoint
8
L2
10
58.53658536585367
20
-64.2
0
INSERT
2
cutlineendpoint
8
L2
10
58.53658536585367
20
64.2
0
INSERT
2
cutlineendpoint
8
L2
10
-61.2
20
-58.90243902439025
0
INSERT
2
cutlineendpoint
8
L2
10
61.2
20
-58.90243902439025
0
INSERT
2
cutlineendpoint
8
L2
10
-64.2
20
-58.90243902439025
0
INSERT
2
cutlineendpoint
8
L2
10
64.2
20
-58.90243902439025
0
INSERT
2
cutlineendpoint
8
L2
10
-61.2
20
-53.78048780487805
0
INSERT
2
cutlineendpoint
8
L2
10
61.2
20
-53.78048780487805
0
INSERT
2
cutlineendpoint
8
L2
10
-64.2
20
-53.78048780487805
0
INSERT
2
cutlineendpoint
8
L2
10
64.2
20
-53.78048780487805
0
INSERT
2
cutlineendpoint
8
L2
10
-61.2
20
-48.65853658536586
0
INSERT
2
cutlineendpoint
8
L2
10
61.2
20
-48.65853658536586
0
INSERT
2
cutlineendpoint
8
L2
10
-64.2
20
-48.65853658536586
0
INSERT
2
cutlineendpoint
8
L2
10
64.2
20
-48.65853658536586
0
INSERT
2
cutlineendpoint
8
L2
10
-61.2
20
-43.53658536585367
0
INSERT
2
cutlineendpoint
8
L2
10
61.2
20
-43.53658536585367
0
INSERT
2
cutlineendpoint
8
L2
10
-64.2
20
-43.53658536585367
0
INSERT
2
cutlineendpoint
8
L2
10
64.2
20
-43.53658536585367
0
INSERT
2
cutlineendpoint
8
L2
10
-61.2
20
-38.41463414634147
0
INSERT
2
cutlineendpoint
8
L2
10
61.2
20
-38.41463414634147
0
INSERT
2
cutlineendpoint
8
L2
10
-64.2
20
-38.41463414634147
0
INSERT
2
cutlineendpoint
8
L2
10
64.2
20
-38.41463414634147
0
INSERT
2
cutlineendpoint
8
L2
10
-61.2
20
-33.29268292682927
0
INSERT
2
cutlineendpoint
8
L2
10
61.2
20
-33.29268292682927
0
INSERT
2
cutlineendpoint
8
L2
10
-64.2
20
-33.29268292682927
0
INSERT
2
cutlineendpoint
8
L2
10
64.2
20
-33.29268292682927
0
INSERT
2
cutlineendpoint
8
L2
10
-61.2
20
-28.170731707317074
0
INSERT
2
cutlineendpoint
8
L2
10
61.2
20
-28.170731707317074
0
INSERT
2
cutlineendpoint
8
L2
10
-64.2
20
-28.170731707317074
0
INSERT
2
cutlineendpoint
8
L2
10
64.2
20
-28.170731707317074
0
INSERT
2
cutlineendpoint
8
L2
10
-61.2
20
-23.048780487804876
0
INSERT
2
cutlineendpoint
8
L2
10
61.2
20
-23.048780487804876
0
INSERT
2
cutlineendpoint
8
L2
10
-64.2
20
-23.048780487804876
0
INSERT
2
cutlineendpoint
8
L2
10
64.2
20
-23.048780487804876
0
INSERT
2
cutlineendpoint
8
L2
10
-61.2
20
-17.92682926829268
0
INSERT
2
cutlineendpoint
8
L2
10
61.2
20
-17.92682926829268
0
INSERT
2
cutlineendpoint
8
L2
10
-64.2
20
-17.92682926829268
0
INSERT
2
cutlineendpoint
8
L2
10
64.2
20
-17.92682926829268
0
INSERT
2
cutlineendpoint
8
L2
10
-61.2
20
-12.80487804878048
0
INSERT
2
cutlineendpoint
8
L2
10
61.2
20
-12.80487804878048
0
INSERT
2
cutlineendpoint
8
L2
10
-64.2
20
-12.80487804878048
0
INSERT
2
cutlineendpoint
8
L2
10
64.2
20
-12.80487804878048
0
INSERT
2
cutlineendpoint
8
L2
10
-61.2
20
-7.682926829268297
0
INSERT
2
cutlineendpoint
8
L2
10
61.2
20
-7.682926829268297
0
INSERT
2
cutlineendpoint
8
L2
10
-64.2
20
-7.682926829268297
0
INSERT
2
cutlineendpoint
8
L2
10
64.2
20
-7.682926829268297
0
INSERT
2
cutlineendpoint
8
L2
10
-61.2
20
-2.560975609756099
0
INSERT
2
cutlineendpoint
8
L2
10
61.2
20
-2.560975609756099
0
INSERT
2
cutlineendpoint
8
L2
10
-64.2
20
-2.560975609756099
0
INSERT
2
cutlineendpoint
8
L2
10
64.2
20
-2.560975609756099
0
INSERT
2
cutlineendpoint
8
L2
10
-61.2
20
2.560975609756099
0
INSERT
2
cutlineendpoint
8
L2
10
61.2
20
2.560975609756099
0
INSERT
2
cutlineendpoint
8
L2
10
-64.2
20
2.560975609756099
0
INSERT
2
cutlineendpoint
8
L2
10
64.2
20
2.560975609756099
0
INSERT
2
cutlineendpoint
8
L2
10
-61.2
20
7.682926829268297
0
INSERT
2
cutlineendpoint
8
L2
10
61.2
20
7.682926829268297
0
INSERT
2
cutlineendpoint
8
L2
10
-64.2
20
7.682926829268297
0
INSERT
2
cutlineendpoint
8
L2
10
64.2
20
7.682926829268297
0
INSERT
2
cutlineendpoint
8
L2
10
-61.2
20
12.80487804878048
0
INSERT
2
cutlineendpoint
8
L2
10
61.2
20
12.80487804878048
0
INSERT
2
cutlineendpoint
8
L2
10
-64.2
20
12.80487804878048
0
INSERT
2
cutlineendpoint
8
L2
10
64.2
20
12.80487804878048
0
INSERT
2
cutlineendpoint
8
L2
10
-61.2
20
17.92682926829268
0
INSERT
2
cutlineendpoint
8
L2
10
61.2
20
17.92682926829268
0
INSERT
2
cutlineendpoint
8
L2
10
-64.2
20
17.92682926829268
0
INSERT
2
cutlineendpoint
8
L2
10
64.2
20
17.92682926829268
0
INSERT
2
cutlineendpoint
8
L2
10
-61.2
20
23.048780487804876
0
INSERT
2
cutlineendpoint
8
L2
10
61.2
20
23.048780487804876
0
INSERT
2
cutlineendpoint
8
L2
10
-64.2
20
23.048780487804876
0
INSERT
2
cutlineendpoint
8
L2
10
64.2
20
23.048780487804876
0
INSERT
2
cutlineendpoint
8
L2
10
-61.2
20
28.170731707317074
0
INSERT
2
cutlineendpoint
8
L2
10
61.2
20
28.170731707317074
0
INSERT
2
cutlineendpoint
8
L2
10
-64.2
20
28.170731707317074
0
INSERT
2
cutlineendpoint
8
L2
10
64.2
20
28.170731707317074
0
INSERT
2
cutlineendpoint
8
L2
10
-61.2
20
33.29268292682927
0
INSERT
2
cutlineendpoint
8
L2
10
61.2
20
33.29268292682927
0
INSERT
2
cutlineendpoint
8
L2
10
-64.2
20
33.29268292682927
0
INSERT
2
cutlineendpoint
8
L2
10
64.2
20
33.29268292682927
0
INSERT
2
cutlineendpoint
8
L2
10
-61.2
20
38.41463414634147
0
INSERT
2
cutlineendpoint
8
L2
10
61.2
20
38.41463414634147
0
INSERT
2
cutlineendpoint
8
L2
10
-64.2
20
38.41463414634147
0
INSERT
2
cutlineendpoint
8
L2
10
64.2
20
38.41463414634147
0
INSERT
2
cutlineendpoint
8
L2
10
-61.2
20
43.53658536585367
0
INSERT
2
cutlineendpoint
8
L2
10
61.2
20
43.53658536585367
0
INSERT
2
cutlineendpoint
8
L2
10
-64.2
20
43.53658536585367
0
INSERT
2
cutlineendpoint
8
L2
10
64.2
20
43.53658536585367
0
INSERT
2
cutlineendpoint
8
L2
10
-61.2
20
48.658536585365866
0
INSERT
2
cutlineendpoint
8
L2
10
61.2
20
48.658536585365866
0
INSERT
2
cutlineendpoint
8
L2
10
-64.2
20
48.658536585365866
0
INSERT
2
cutlineendpoint
8
L2
10
64.2
20
48.658536585365866
0
INSERT
2
cutlineendpoint
8
L2
10
-61.2
20
53.780487804878064
0
INSERT
2
cutlineendpoint
8
L2
10
61.2
20
53.780487804878064
0
INSERT
2
cutlineendpoint
8
L2
10
-64.2
20
53.780487804878064
0
INSERT
2
cutlineendpoint
8
L2
10
64.2
20
53.780487804878064
0
INSERT
2
cutlineendpoint
8
L2
10
-61.2
20
58.90243902439026
0
INSERT
2
cutlineendpoint
8
L2
10
61.2
20
58.90243902439026
0
INSERT
2
cutlineendpoint
8
L2
10
-64.2
20
58.90243902439026
0
INSERT
2
cutlineendpoint
8
L2
10
64.2
20
58.90243902439026
0
TEXT
8
L2
10
-10.5
20
69.7
40
1.5
1
XFB44-1600-011-L2
0
POLYLINE
8
L2
66
1
70
1
0
VERTEX
8
L2
10
-100.0
20
100.0
30
0
40
1
41
1
0
VERTEX
8
L2
10
100.0
20
100.0
30
0
40
1
41
1
0
VERTEX
8
L2
10
100.0
20
-100.0
30
0
40
1
41
1
0
VERTEX
8
L2
10
-100.0
20
-100.0
30
0
40
1
41
1
0
SEQEND
0
ENDSEC
0
EOF
