0
SECTION
2
HEADER
9
$ACADVER
1
AC1006
9
$INSBASE
10
0.0
20
0.0
30
0.0
9
$EXTMIN
10
-104.20359281437126
20
-104.20359281437126
9
$EXTMAX
10
104.20359281437126
20
114.38323353293414
0
ENDSEC
0
SECTION
2
TABLES
0
TABLE
2
LTYPE
70
1
0
LTYPE
2
CONTINUOUS
70
64
3
Solid line
72
65
73
0
40
0.0
0
ENDTAB
0
TABLE
2
LAYER
70
3
0
LAYER
2
0
70
0
62
255
6
continuous
0
LAYER
2
0
70
0
62
7
6
continuous
0
LAYER
2
L12
70
0
62
7
6
continuous
0
ENDTAB
0
TABLE
2
STYLE
70
2
0
STYLE
2
STANDARD
70
0
40
0
41
1
50
0
71
0
42
1
3
ARIAL.TTF
4

0
STYLE
2
STANDARD
70
0
40
0
41
1
50
0
71
0
42
1
3
ARIAL.TTF
4

0
ENDTAB
0
TABLE
2
VIEW
70
1
0
VIEW
2
Normal
70
0
40
1
10
0.5
20
0.5
41
1
11
0
21
0
31
1
12
0
22
0
32
0
42
50
43
0
44
0
50
0
71
0
0
ENDTAB
0
ENDSEC
0
SECTION
2
BLOCKS
0
BLOCK
8
0
2
cutlineendpoint
70
0
10
0
20
0
30
0
3
cutlineendpoint
0
POLYLINE
8
0
66
1
70
1
40
0.04
41
0.04
0
VERTEX
8
0
10
-0.02
20
0
30
0
42
1.0
0
VERTEX
8
0
10
0.02
20
0
30
0
42
1.0
0
SEQEND
0
ENDBLK
0
BLOCK
8
L12
2
LDI_XFL94-0512-011_L12_B1
70
0
10
0
20
0
30
0
3
LDI_XFL94-0512-011_L12_B1
0
POLYLINE
8
L12
66
1
70
1
0
VERTEX
8
L12
10
-44.065826297526726
20
-56.04198137543736
0
VERTEX
8
L12
10
-44.08598444491291
20
-56.03057104507028
0
VERTEX
8
L12
10
-44.10829188000331
20
-56.02433206399831
0
VERTEX
8
L12
10
-44.28200447882489
20
-55.72345301692451
0
VERTEX
8
L12
10
-44.275643772640336
20
-55.69472720376204
0
VERTEX
8
L12
10
-44.27829973118121
20
-55.66542572241315
0
VERTEX
8
L12
10
-44.289721889455706
20
-55.638311791946265
0
VERTEX
8
L12
10
-44.30883310309797
20
-55.615942338709075
0
VERTEX
8
L12
10
-44.33383112636727
20
-55.6004268703746
0
VERTEX
8
L12
10
-44.362358569418745
20
-55.59322854293304
0
VERTEX
8
L12
10
-44.3917252073564
20
-55.59502618061895
0
VERTEX
8
L12
10
-44.419161676646695
20
-55.605650260715265
0
VERTEX
8
L12
10
-44.44208063454711
20
-55.62409890006266
0
VERTEX
8
L12
10
-44.45832075341873
20
-55.64863233569746
0
VERTEX
8
L12
10
-44.46635054051531
20
-55.67693698980582
0
VERTEX
8
L12
10
-44.4654127624207
20
-55.70634364716867
0
VERTEX
8
L12
10
-44.45559585446965
20
-55.734079170298614
0
VERTEX
8
L12
10
-44.437825581026146
20
-55.75752801476383
0
VERTEX
8
L12
10
-44.41377773307991
20
-55.77447888300607
0
VERTEX
8
L12
10
-44.38572009604458
20
-55.78333325644547
0
VERTEX
8
L12
10
-44.212007497223
20
-56.084212303519266
0
VERTEX
8
L12
10
-44.21826401030253
20
-56.11148095079102
0
VERTEX
8
L12
10
-44.216376335648874
20
-56.1393943841941
0
VERTEX
8
L12
10
-44.206505437078775
20
-56.16557239865976
0
VERTEX
8
L12
10
-44.1894930155206
20
-56.187782769946004
0
VERTEX
8
L12
10
-44.16678973637403
20
-56.20413159852602
0
VERTEX
8
L12
10
-44.14033152988887
20
-56.213224804205794
0
VERTEX
8
L12
10
-44.11237451254769
20
-56.2142870006709
0
VERTEX
8
L12
10
-44.085302605863134
20
-56.207227613416435
0
VERTEX
8
L12
10
-44.06142425711863
20
-56.19264860312143
0
VERTEX
8
L12
10
-44.042775595868505
20
-56.171793135888024
0
VERTEX
8
L12
10
-44.03094681123035
20
-56.14643957728316
0
VERTEX
8
L12
10
-44.02694655494348
20
-56.11874984941189
0
VERTEX
8
L12
10
-44.031115932673885
20
-56.09108508175902
0
VERTEX
8
L12
10
-43.98074658452609
20
-56.04242133715754
0
VERTEX
8
L12
10
-43.937275824992824
20
-55.987507547112855
0
VERTEX
8
L12
10
-43.90147158881392
20
-55.927313793756575
0
VERTEX
8
L12
10
-43.87396637740157
20
-55.86290343265967
0
VERTEX
8
L12
10
-43.85524608535708
20
-55.79541430807474
0
VERTEX
8
L12
10
-43.84564141687687
20
-55.72603865229509
0
VERTEX
8
L12
10
-43.845322043682145
20
-55.65600202421925
0
VERTEX
8
L12
10
-43.854293607675004
20
-55.58654165918282
0
VERTEX
8
L12
10
-43.872397621271304
20
-55.5188846125197
0
VERTEX
8
L12
10
-43.89931426717037
20
-55.454226082958506
0
VERTEX
8
L12
10
-43.93456804810262
20
-55.3937082987835
0
VERTEX
8
L12
10
-43.97753618674878
20
-55.338400339747245
0
VERTEX
8
L12
10
-44.02745962744184
20
-55.28927925119216
0
VERTEX
8
L12
10
-44.08345644530057
20
-55.24721278401022
0
VERTEX
8
L12
10
-44.14453742591469
20
-55.21294406534892
0
VERTEX
8
L12
10
-44.20962354035858
20
-55.1870784708638
0
VERTEX
8
L12
10
-44.27756500682719
20
-55.17007293042646
0
VERTEX
8
L12
10
-44.34716160216048
20
-55.16222785620847
0
VERTEX
8
L12
10
-44.41718386444187
20
-55.16368183573609
0
VERTEX
8
L12
10
-44.48639481211538
20
-55.174409183665844
0
VERTEX
8
L12
10
-44.55357179594124
20
-55.194220395530124
0
VERTEX
8
L12
10
-44.617528097763355
20
-55.22276549543728
0
VERTEX
8
L12
10
-44.67713389453452
20
-55.2595402185871
0
VERTEX
8
L12
10
-44.73133621725839
20
-55.3038949193843
0
VERTEX
8
L12
10
-44.77917755226264
20
-55.35504604778322
0
VERTEX
8
L12
10
-44.819812756201614
20
-55.41208999112788
0
VERTEX
8
L12
10
-44.852523985975736
20
-55.4740190369637
0
VERTEX
8
L12
10
-44.87673337982238
20
-55.53973917482912
0
VERTEX
8
L12
10
-44.89201326555994
20
-55.60808942254863
0
VERTEX
8
L12
10
-44.89809371565083
20
-55.677862335617846
0
VERTEX
8
L12
10
-44.894867315618995
20
-55.747825337370955
0
VERTEX
8
L12
10
-44.88239106158541
20
-55.816742493121616
0
VERTEX
8
L12
10
-44.860885353400406
20
-55.88339634362504
0
VERTEX
8
L12
10
-44.83073010115983
20
-55.946609412161365
0
VERTEX
8
L12
10
-44.792458013885366
20
-56.00526500530582
0
VERTEX
8
L12
10
-44.74674518892844
20
-56.05832693992876
0
VERTEX
8
L12
10
-44.69439916834071
20
-56.1048578479373
0
VERTEX
8
L12
10
-44.6363446732021
20
-56.14403573539531
0
VERTEX
8
L12
10
-44.635291114140884
20
-56.17393951127925
0
VERTEX
8
L12
10
-44.62506413344738
20
-56.20205987160246
0
VERTEX
8
L12
10
-44.60666127317474
20
-56.225653949939996
0
VERTEX
8
L12
10
-44.58187755255403
20
-56.24242037445469
0
VERTEX
8
L12
10
-44.55313038140483
20
-56.25072374423634
0
VERTEX
8
L12
10
-44.52322376542446
20
-56.24975414668334
0
VERTEX
8
L12
10
-44.495074802826196
20
-56.23960615656439
0
VERTEX
8
L12
10
-44.47142914990748
20
-56.22126961117383
0
VERTEX
8
L12
10
-44.45459320910203
20
-56.196533061373835
0
VERTEX
8
L12
10
-44.44620916195504
20
-56.167809315931265
0
VERTEX
8
L12
10
-44.44709479035694
20
-56.137900095594624
0
VERTEX
8
L12
10
-44.457163709909366
20
-56.1097227526067
0
VERTEX
8
L12
10
-44.475433795879255
20
-56.08602571149467
0
VERTEX
8
L12
10
-44.500122979871634
20
-56.06912038710847
0
VERTEX
8
L12
10
-44.52882307319143
20
-56.06065572868375
0
VERTEX
8
L12
10
-44.55873466212367
20
-56.06145738095355
0
VERTEX
8
L12
10
-44.58694016339216
20
-56.07144715057076
0
VERTEX
8
L12
10
-44.61068840590458
20
-56.08965063310525
0
VERTEX
8
L12
10
-44.66422735624836
20
-56.05237978858792
0
VERTEX
8
L12
10
-44.712051245602396
20
-56.00801301428552
0
VERTEX
8
L12
10
-44.753227157406755
20
-55.95741578766164
0
VERTEX
8
L12
10
-44.78695185941679
20
-55.90157512569133
0
VERTEX
8
L12
10
-44.812567472622476
20
-55.84158033079173
0
VERTEX
8
L12
10
-44.82957430471363
20
-55.778601741436525
0
VERTEX
8
L12
10
-44.837640597744496
20
-55.71386790197301
0
VERTEX
8
L12
10
-44.836608999846646
20
-55.64864159699775
0
VERTEX
8
L12
10
-44.82649963474434
20
-55.58419521779631
0
VERTEX
8
L12
10
-44.80750970919429
20
-55.52178594138204
0
VERTEX
8
L12
10
-44.7800096660078
20
-55.46263120632483
0
VERTEX
8
L12
10
-44.74453595769914
20
-55.40788496377083
0
VERTEX
8
L12
10
-44.701780581727576
20
-55.35861516693263
0
VERTEX
8
L12
10
-44.65257758147203
20
-55.31578293816969
0
VERTEX
8
L12
10
-44.597886776268766
20
-55.280223820054
0
VERTEX
8
L12
10
-44.53877503789546
20
-55.252631476162364
0
VERTEX
8
L12
10
-44.47639547874762
20
-55.23354415954974
0
VERTEX
8
L12
10
-44.411964957690515
20
-55.22333421286733
0
VERTEX
8
L12
10
-44.34674034238738
20
-55.22220080495031
0
VERTEX
8
L12
10
-44.28199399116278
20
-55.23016604556493
0
VERTEX
8
L12
10
-44.21898893268438
20
-55.24707455410594
0
VERTEX
8
L12
10
-44.15895422764149
20
-55.272596490657875
0
VERTEX
8
L12
10
-44.10306099304826
20
-55.306233990292284
0
VERTEX
8
L12
10
-44.05239955687354
20
-55.34733087508496
0
VERTEX
8
L12
10
-44.00795818864947
20
-55.39508545439754
0
VERTEX
8
L12
10
-43.97060382096818
20
-55.448566163724166
0
VERTEX
8
L12
10
-43.94106513793854
20
-55.50672973703102
0
VERTEX
8
L12
10
-43.91991836050218
20
-55.568441558094776
0
VERTEX
8
L12
10
-43.907576005899486
20
-55.632497793839704
0
VERTEX
8
L12
10
-43.904278840558135
20
-55.697648877910964
0
VERTEX
8
L12
10
-43.91009118338211
20
-55.76262388638226
0
VERTEX
8
L12
10
-43.92489965106141
20
-55.826155330092746
0
VERTEX
8
L12
10
-43.94841536987806
20
-55.887003879980846
0
VERTEX
8
L12
10
-43.98017961086211
20
-55.943982543089554
0
VERTEX
8
L12
10
-44.019572738370584
20
-55.99597981763398
0
VERTEX
8
L12
10
-44.065826297526726
20
-56.04198137543736
0
SEQEND
0
POLYLINE
8
L12
66
1
70
1
0
VERTEX
8
L12
10
-52.39529961804752
20
-56.08965063310525
0
VERTEX
8
L12
10
-52.419047860559935
20
-56.07144715057076
0
VERTEX
8
L12
10
-52.44725336182844
20
-56.06145738095355
0
VERTEX
8
L12
10
-52.47716495076067
20
-56.060655728683756
0
VERTEX
8
L12
10
-52.505865044080466
20
-56.06912038710847
0
VERTEX
8
L12
10
-52.53055422807284
20
-56.08602571149467
0
VERTEX
8
L12
10
-52.548824314042726
20
-56.1097227526067
0
VERTEX
8
L12
10
-52.55889323359515
20
-56.137900095594624
0
VERTEX
8
L12
10
-52.55977886199705
20
-56.16780931593127
0
VERTEX
8
L12
10
-52.55139481485006
20
-56.196533061373835
0
VERTEX
8
L12
10
-52.534558874044606
20
-56.221269611173824
0
VERTEX
8
L12
10
-52.5109132211259
20
-56.239606156564385
0
VERTEX
8
L12
10
-52.482764258527645
20
-56.24975414668334
0
VERTEX
8
L12
10
-52.45285764254727
20
-56.25072374423634
0
VERTEX
8
L12
10
-52.42411047139807
20
-56.24242037445468
0
VERTEX
8
L12
10
-52.39932675077736
20
-56.225653949939996
0
VERTEX
8
L12
10
-52.38092389050472
20
-56.20205987160246
0
VERTEX
8
L12
10
-52.37069690981121
20
-56.17393951127925
0
VERTEX
8
L12
10
-52.369643350749996
20
-56.14403573539531
0
VERTEX
8
L12
10
-52.31158885561138
20
-56.1048578479373
0
VERTEX
8
L12
10
-52.25924283502365
20
-56.05832693992876
0
VERTEX
8
L12
10
-52.21353001006673
20
-56.00526500530582
0
VERTEX
8
L12
10
-52.17525792279228
20
-55.946609412161365
0
VERTEX
8
L12
10
-52.145102670551694
20
-55.88339634362504
0
VERTEX
8
L12
10
-52.12359696236669
20
-55.816742493121616
0
VERTEX
8
L12
10
-52.111120708333104
20
-55.747825337370955
0
VERTEX
8
L12
10
-52.10789430830127
20
-55.677862335617846
0
VERTEX
8
L12
10
-52.11397475839215
20
-55.60808942254863
0
VERTEX
8
L12
10
-52.12925464412972
20
-55.53973917482912
0
VERTEX
8
L12
10
-52.15346403797636
20
-55.4740190369637
0
VERTEX
8
L12
10
-52.18617526775048
20
-55.41208999112788
0
VERTEX
8
L12
10
-52.22681047168946
20
-55.35504604778322
0
VERTEX
8
L12
10
-52.274651806693704
20
-55.3038949193843
0
VERTEX
8
L12
10
-52.32885412941757
20
-55.2595402185871
0
VERTEX
8
L12
10
-52.38845992618874
20
-55.22276549543728
0
VERTEX
8
L12
10
-52.452416228010854
20
-55.194220395530124
0
VERTEX
8
L12
10
-52.519593211836714
20
-55.174409183665844
0
VERTEX
8
L12
10
-52.588804159510225
20
-55.16368183573609
0
VERTEX
8
L12
10
-52.65882642179162
20
-55.16222785620847
0
VERTEX
8
L12
10
-52.72842301712491
20
-55.17007293042646
0
VERTEX
8
L12
10
-52.79636448359352
20
-55.1870784708638
0
VERTEX
8
L12
10
-52.86145059803741
20
-55.21294406534892
0
VERTEX
8
L12
10
-52.92253157865154
20
-55.24721278401022
0
VERTEX
8
L12
10
-52.97852839651025
20
-55.28927925119216
0
VERTEX
8
L12
10
-53.02845183720333
20
-55.338400339747245
0
VERTEX
8
L12
10
-53.07141997584949
20
-55.3937082987835
0
VERTEX
8
L12
10
-53.10667375678173
20
-55.454226082958506
0
VERTEX
8
L12
10
-53.1335904026808
20
-55.5188846125197
0
VERTEX
8
L12
10
-53.151694416277095
20
-55.58654165918282
0
VERTEX
8
L12
10
-53.16066598026996
20
-55.65600202421925
0
VERTEX
8
L12
10
-53.16034660707522
20
-55.72603865229509
0
VERTEX
8
L12
10
-53.15074193859502
20
-55.79541430807474
0
VERTEX
8
L12
10
-53.13202164655052
20
-55.86290343265967
0
VERTEX
8
L12
10
-53.10451643513819
20
-55.927313793756575
0
VERTEX
8
L12
10
-53.068712198959275
20
-55.987507547112855
0
VERTEX
8
L12
10
-53.02524143942601
20
-56.04242133715754
0
VERTEX
8
L12
10
-52.97487209127822
20
-56.09108508175902
0
VERTEX
8
L12
10
-52.979041469008614
20
-56.11874984941189
0
VERTEX
8
L12
10
-52.975041212721756
20
-56.14643957728316
0
VERTEX
8
L12
10
-52.963212428083594
20
-56.17179313588802
0
VERTEX
8
L12
10
-52.94456376683347
20
-56.19264860312143
0
VERTEX
8
L12
10
-52.92068541808897
20
-56.207227613416435
0
VERTEX
8
L12
10
-52.89361351140442
20
-56.2142870006709
0
VERTEX
8
L12
10
-52.86565649406323
20
-56.213224804205794
0
VERTEX
8
L12
10
-52.83919828757808
20
-56.20413159852601
0
VERTEX
8
L12
10
-52.8164950084315
20
-56.187782769946004
0
VERTEX
8
L12
10
-52.79948258687333
20
-56.16557239865976
0
VERTEX
8
L12
10
-52.78961168830323
20
-56.13939438419409
0
VERTEX
8
L12
10
-52.78772401364957
20
-56.11148095079102
0
VERTEX
8
L12
10
-52.793980526729094
20
-56.084212303519266
0
VERTEX
8
L12
10
-52.62026792790752
20
-55.78333325644547
0
VERTEX
8
L12
10
-52.59221029087219
20
-55.77447888300607
0
VERTEX
8
L12
10
-52.56816244292595
20
-55.75752801476383
0
VERTEX
8
L12
10
-52.55039216948244
20
-55.734079170298614
0
VERTEX
8
L12
10
-52.5405752615314
20
-55.70634364716867
0
VERTEX
8
L12
10
-52.539637483436785
20
-55.67693698980582
0
VERTEX
8
L12
10
-52.547667270533374
20
-55.64863233569746
0
VERTEX
8
L12
10
-52.563907389404996
20
-55.62409890006266
0
VERTEX
8
L12
10
-52.5868263473054
20
-55.605650260715265
0
VERTEX
8
L12
10
-52.614262816595705
20
-55.595026180618945
0
VERTEX
8
L12
10
-52.643629454533354
20
-55.59322854293304
0
VERTEX
8
L12
10
-52.67215689758483
20
-55.6004268703746
0
VERTEX
8
L12
10
-52.697154920854125
20
-55.615942338709075
0
VERTEX
8
L12
10
-52.71626613449639
20
-55.638311791946265
0
VERTEX
8
L12
10
-52.7276882927709
20
-55.66542572241315
0
VERTEX
8
L12
10
-52.73034425131176
20
-55.69472720376204
0
VERTEX
8
L12
10
-52.72398354512721
20
-55.72345301692451
0
VERTEX
8
L12
10
-52.89769614394879
20
-56.02433206399831
0
VERTEX
8
L12
10
-52.92000357903919
20
-56.03057104507028
0
VERTEX
8
L12
10
-52.940161726425366
20
-56.04198137543736
0
VERTEX
8
L12
10
-52.98641528558151
20
-55.99597981763398
0
VERTEX
8
L12
10
-53.02580841308999
20
-55.943982543089554
0
VERTEX
8
L12
10
-53.05757265407403
20
-55.887003879980846
0
VERTEX
8
L12
10
-53.08108837289068
20
-55.826155330092746
0
VERTEX
8
L12
10
-53.095896840569985
20
-55.76262388638226
0
VERTEX
8
L12
10
-53.101709183393965
20
-55.697648877910964
0
VERTEX
8
L12
10
-53.09841201805261
20
-55.632497793839704
0
VERTEX
8
L12
10
-53.08606966344992
20
-55.568441558094776
0
VERTEX
8
L12
10
-53.06492288601356
20
-55.50672973703102
0
VERTEX
8
L12
10
-53.03538420298391
20
-55.448566163724166
0
VERTEX
8
L12
10
-52.99802983530263
20
-55.39508545439754
0
VERTEX
8
L12
10
-52.95358846707856
20
-55.34733087508496
0
VERTEX
8
L12
10
-52.90292703090384
20
-55.306233990292284
0
VERTEX
8
L12
10
-52.84703379631061
20
-55.272596490657875
0
VERTEX
8
L12
10
-52.78699909126772
20
-55.24707455410594
0
VERTEX
8
L12
10
-52.723994032789314
20
-55.23016604556493
0
VERTEX
8
L12
10
-52.659247681564715
20
-55.22220080495031
0
VERTEX
8
L12
10
-52.594023066261585
20
-55.22333421286733
0
VERTEX
8
L12
10
-52.52959254520447
20
-55.23354415954974
0
VERTEX
8
L12
10
-52.467212986056644
20
-55.252631476162364
0
VERTEX
8
L12
10
-52.40810124768334
20
-55.280223820054
0
VERTEX
8
L12
10
-52.35341044248007
20
-55.31578293816969
0
VERTEX
8
L12
10
-52.30420744222452
20
-55.35861516693263
0
VERTEX
8
L12
10
-52.26145206625295
20
-55.40788496377083
0
VERTEX
8
L12
10
-52.2259783579443
20
-55.46263120632483
0
VERTEX
8
L12
10
-52.19847831475781
20
-55.52178594138204
0
VERTEX
8
L12
10
-52.17948838920777
20
-55.58419521779631
0
VERTEX
8
L12
10
-52.16937902410545
20
-55.64864159699775
0
VERTEX
8
L12
10
-52.1683474262076
20
-55.71386790197301
0
VERTEX
8
L12
10
-52.176413719238475
20
-55.778601741436525
0
VERTEX
8
L12
10
-52.19342055132963
20
-55.84158033079173
0
VERTEX
8
L12
10
-52.21903616453531
20
-55.90157512569133
0
VERTEX
8
L12
10
-52.25276086654535
20
-55.95741578766164
0
VERTEX
8
L12
10
-52.2939367783497
20
-56.00801301428552
0
VERTEX
8
L12
10
-52.341760667703745
20
-56.05237978858792
0
VERTEX
8
L12
10
-52.39529961804752
20
-56.08965063310525
0
SEQEND
0
POLYLINE
8
L12
66
1
70
1
0
VERTEX
8
L12
10
-48.50299401197605
20
-53.817215568862274
0
VERTEX
8
L12
10
-48.512783476392556
20
-53.81785720425924
0
VERTEX
8
L12
10
-48.52240544035874
20
-53.8197711318906
0
VERTEX
8
L12
10
-48.53169526940343
20
-53.82292460392393
0
VERTEX
8
L12
10
-48.54049401197605
20
-53.82726366357844
0
VERTEX
8
L12
10
-48.5486511191517
20
-53.83271406834044
0
VERTEX
8
L12
10
-48.55602702056504
20
-53.83918256027329
0
VERTEX
8
L12
10
-48.56249551249789
20
-53.84655846168663
0
VERTEX
8
L12
10
-48.567945917259884
20
-53.854715568862275
0
VERTEX
8
L12
10
-48.572284976914396
20
-53.8635143114349
0
VERTEX
8
L12
10
-48.57543844894773
20
-53.87280414047959
0
VERTEX
8
L12
10
-48.577352376579086
20
-53.88242610444577
0
VERTEX
8
L12
10
-48.57799401197605
20
-53.89221556886228
0
VERTEX
8
L12
10
-48.577352376579086
20
-53.90200503327878
0
VERTEX
8
L12
10
-48.57543844894773
20
-53.911626997244966
0
VERTEX
8
L12
10
-48.572284976914396
20
-53.920916826289655
0
VERTEX
8
L12
10
-48.567945917259884
20
-53.92971556886228
0
VERTEX
8
L12
10
-48.56249551249789
20
-53.937872676037934
0
VERTEX
8
L12
10
-48.55602702056504
20
-53.94524857745127
0
VERTEX
8
L12
10
-48.54865111915171
20
-53.95171706938412
0
VERTEX
8
L12
10
-48.54049401197605
20
-53.95716747414611
0
VERTEX
8
L12
10
-48.53169526940343
20
-53.96150653380062
0
VERTEX
8
L12
10
-48.52240544035874
20
-53.964660005833956
0
VERTEX
8
L12
10
-48.512783476392556
20
-53.96657393346531
0
VERTEX
8
L12
10
-48.50299401197605
20
-53.96721556886228
0
VERTEX
8
L12
10
-48.49320454755954
20
-53.96657393346531
0
VERTEX
8
L12
10
-48.48358258359336
20
-53.964660005833956
0
VERTEX
8
L12
10
-48.47429275454867
20
-53.96150653380062
0
VERTEX
8
L12
10
-48.46549401197605
20
-53.95716747414611
0
VERTEX
8
L12
10
-48.45733690480039
20
-53.95171706938412
0
VERTEX
8
L12
10
-48.44996100338706
20
-53.94524857745127
0
VERTEX
8
L12
10
-48.44349251145421
20
-53.937872676037934
0
VERTEX
8
L12
10
-48.438042106692215
20
-53.92971556886228
0
VERTEX
8
L12
10
-48.4337030470377
20
-53.920916826289655
0
VERTEX
8
L12
10
-48.43054957500437
20
-53.911626997244966
0
VERTEX
8
L12
10
-48.428635647373014
20
-53.90200503327878
0
VERTEX
8
L12
10
-48.42799401197605
20
-53.89221556886228
0
VERTEX
8
L12
10
-48.428635647373014
20
-53.88242610444577
0
VERTEX
8
L12
10
-48.43054957500437
20
-53.87280414047959
0
VERTEX
8
L12
10
-48.4337030470377
20
-53.8635143114349
0
VERTEX
8
L12
10
-48.438042106692215
20
-53.854715568862275
0
VERTEX
8
L12
10
-48.44349251145421
20
-53.84655846168663
0
VERTEX
8
L12
10
-48.44996100338706
20
-53.83918256027329
0
VERTEX
8
L12
10
-48.45733690480039
20
-53.83271406834044
0
VERTEX
8
L12
10
-48.46549401197605
20
-53.82726366357844
0
VERTEX
8
L12
10
-48.47429275454867
20
-53.82292460392393
0
VERTEX
8
L12
10
-48.48358258359336
20
-53.8197711318906
0
VERTEX
8
L12
10
-48.49320454755954
20
-53.81785720425924
0
VERTEX
8
L12
10
-48.50299401197605
20
-53.817215568862274
0
SEQEND
0
POLYLINE
8
L12
66
1
70
1
0
VERTEX
8
L12
10
-48.50299401197605
20
-54.77529940119761
0
VERTEX
8
L12
10
-48.512783476392556
20
-54.775941036594574
0
VERTEX
8
L12
10
-48.52240544035874
20
-54.77785496422593
0
VERTEX
8
L12
10
-48.53169526940343
20
-54.78100843625926
0
VERTEX
8
L12
10
-48.54049401197605
20
-54.785347495913776
0
VERTEX
8
L12
10
-48.5486511191517
20
-54.79079790067576
0
VERTEX
8
L12
10
-48.55602702056504
20
-54.79726639260861
0
VERTEX
8
L12
10
-48.56249551249789
20
-54.80464229402195
0
VERTEX
8
L12
10
-48.567945917259884
20
-54.81279940119761
0
VERTEX
8
L12
10
-48.572284976914396
20
-54.821598143770224
0
VERTEX
8
L12
10
-48.57543844894773
20
-54.83088797281492
0
VERTEX
8
L12
10
-48.577352376579086
20
-54.8405099367811
0
VERTEX
8
L12
10
-48.57799401197605
20
-54.85029940119761
0
VERTEX
8
L12
10
-48.577352376579086
20
-54.86008886561411
0
VERTEX
8
L12
10
-48.57543844894773
20
-54.8697108295803
0
VERTEX
8
L12
10
-48.572284976914396
20
-54.87900065862499
0
VERTEX
8
L12
10
-48.567945917259884
20
-54.887799401197604
0
VERTEX
8
L12
10
-48.56249551249789
20
-54.89595650837326
0
VERTEX
8
L12
10
-48.55602702056504
20
-54.9033324097866
0
VERTEX
8
L12
10
-48.54865111915171
20
-54.90980090171945
0
VERTEX
8
L12
10
-48.54049401197605
20
-54.91525130648144
0
VERTEX
8
L12
10
-48.53169526940343
20
-54.91959036613596
0
VERTEX
8
L12
10
-48.52240544035874
20
-54.92274383816929
0
VERTEX
8
L12
10
-48.512783476392556
20
-54.924657765800646
0
VERTEX
8
L12
10
-48.50299401197605
20
-54.925299401197606
0
VERTEX
8
L12
10
-48.49320454755954
20
-54.924657765800646
0
VERTEX
8
L12
10
-48.48358258359336
20
-54.92274383816929
0
VERTEX
8
L12
10
-48.47429275454867
20
-54.91959036613596
0
VERTEX
8
L12
10
-48.46549401197605
20
-54.91525130648144
0
VERTEX
8
L12
10
-48.45733690480039
20
-54.90980090171945
0
VERTEX
8
L12
10
-48.44996100338706
20
-54.9033324097866
0
VERTEX
8
L12
10
-48.44349251145421
20
-54.89595650837326
0
VERTEX
8
L12
10
-48.438042106692215
20
-54.887799401197604
0
VERTEX
8
L12
10
-48.4337030470377
20
-54.87900065862499
0
VERTEX
8
L12
10
-48.43054957500437
20
-54.8697108295803
0
VERTEX
8
L12
10
-48.428635647373014
20
-54.86008886561411
0
VERTEX
8
L12
10
-48.42799401197605
20
-54.85029940119761
0
VERTEX
8
L12
10
-48.428635647373014
20
-54.8405099367811
0
VERTEX
8
L12
10
-48.43054957500437
20
-54.83088797281492
0
VERTEX
8
L12
10
-48.4337030470377
20
-54.821598143770224
0
VERTEX
8
L12
10
-48.438042106692215
20
-54.81279940119761
0
VERTEX
8
L12
10
-48.44349251145421
20
-54.80464229402195
0
VERTEX
8
L12
10
-48.44996100338706
20
-54.79726639260861
0
VERTEX
8
L12
10
-48.45733690480039
20
-54.79079790067576
0
VERTEX
8
L12
10
-48.46549401197605
20
-54.785347495913776
0
VERTEX
8
L12
10
-48.47429275454867
20
-54.78100843625926
0
VERTEX
8
L12
10
-48.48358258359336
20
-54.77785496422593
0
VERTEX
8
L12
10
-48.49320454755954
20
-54.775941036594574
0
VERTEX
8
L12
10
-48.50299401197605
20
-54.77529940119761
0
SEQEND
0
POLYLINE
8
L12
66
1
70
1
0
VERTEX
8
L12
10
-48.50299401197605
20
-53.338173652694614
0
VERTEX
8
L12
10
-48.512783476392556
20
-53.338815288091574
0
VERTEX
8
L12
10
-48.52240544035874
20
-53.34072921572293
0
VERTEX
8
L12
10
-48.53169526940343
20
-53.34388268775626
0
VERTEX
8
L12
10
-48.54049401197605
20
-53.348221747410776
0
VERTEX
8
L12
10
-48.5486511191517
20
-53.35367215217277
0
VERTEX
8
L12
10
-48.55602702056504
20
-53.36014064410562
0
VERTEX
8
L12
10
-48.56249551249789
20
-53.36751654551896
0
VERTEX
8
L12
10
-48.567945917259884
20
-53.37567365269461
0
VERTEX
8
L12
10
-48.572284976914396
20
-53.38447239526723
0
VERTEX
8
L12
10
-48.57543844894773
20
-53.39376222431192
0
VERTEX
8
L12
10
-48.577352376579086
20
-53.40338418827811
0
VERTEX
8
L12
10
-48.57799401197605
20
-53.41317365269461
0
VERTEX
8
L12
10
-48.577352376579086
20
-53.42296311711112
0
VERTEX
8
L12
10
-48.57543844894773
20
-53.4325850810773
0
VERTEX
8
L12
10
-48.572284976914396
20
-53.441874910121996
0
VERTEX
8
L12
10
-48.567945917259884
20
-53.45067365269461
0
VERTEX
8
L12
10
-48.56249551249789
20
-53.45883075987027
0
VERTEX
8
L12
10
-48.55602702056504
20
-53.4662066612836
0
VERTEX
8
L12
10
-48.54865111915171
20
-53.47267515321646
0
VERTEX
8
L12
10
-48.54049401197605
20
-53.478125557978444
0
VERTEX
8
L12
10
-48.53169526940343
20
-53.48246461763296
0
VERTEX
8
L12
10
-48.52240544035874
20
-53.48561808966629
0
VERTEX
8
L12
10
-48.512783476392556
20
-53.487532017297646
0
VERTEX
8
L12
10
-48.50299401197605
20
-53.48817365269461
0
VERTEX
8
L12
10
-48.49320454755954
20
-53.487532017297646
0
VERTEX
8
L12
10
-48.48358258359336
20
-53.48561808966629
0
VERTEX
8
L12
10
-48.47429275454867
20
-53.48246461763296
0
VERTEX
8
L12
10
-48.46549401197605
20
-53.478125557978444
0
VERTEX
8
L12
10
-48.45733690480039
20
-53.47267515321646
0
VERTEX
8
L12
10
-48.44996100338706
20
-53.4662066612836
0
VERTEX
8
L12
10
-48.44349251145421
20
-53.45883075987027
0
VERTEX
8
L12
10
-48.438042106692215
20
-53.45067365269461
0
VERTEX
8
L12
10
-48.4337030470377
20
-53.441874910121996
0
VERTEX
8
L12
10
-48.43054957500437
20
-53.4325850810773
0
VERTEX
8
L12
10
-48.428635647373014
20
-53.42296311711112
0
VERTEX
8
L12
10
-48.42799401197605
20
-53.41317365269461
0
VERTEX
8
L12
10
-48.428635647373014
20
-53.40338418827811
0
VERTEX
8
L12
10
-48.43054957500437
20
-53.39376222431192
0
VERTEX
8
L12
10
-48.4337030470377
20
-53.38447239526723
0
VERTEX
8
L12
10
-48.438042106692215
20
-53.37567365269461
0
VERTEX
8
L12
10
-48.44349251145421
20
-53.36751654551896
0
VERTEX
8
L12
10
-48.44996100338706
20
-53.36014064410562
0
VERTEX
8
L12
10
-48.45733690480039
20
-53.35367215217277
0
VERTEX
8
L12
10
-48.46549401197605
20
-53.348221747410776
0
VERTEX
8
L12
10
-48.47429275454867
20
-53.34388268775626
0
VERTEX
8
L12
10
-48.48358258359336
20
-53.34072921572293
0
VERTEX
8
L12
10
-48.49320454755954
20
-53.338815288091574
0
VERTEX
8
L12
10
-48.50299401197605
20
-53.338173652694614
0
SEQEND
0
POLYLINE
8
L12
66
1
70
1
0
VERTEX
8
L12
10
-48.50299401197605
20
-55.73338323353294
0
VERTEX
8
L12
10
-48.512783476392556
20
-55.7340248689299
0
VERTEX
8
L12
10
-48.52240544035874
20
-55.73593879656126
0
VERTEX
8
L12
10
-48.53169526940343
20
-55.73909226859459
0
VERTEX
8
L12
10
-48.54049401197605
20
-55.7434313282491
0
VERTEX
8
L12
10
-48.5486511191517
20
-55.748881733011096
0
VERTEX
8
L12
10
-48.55602702056504
20
-55.755350224943946
0
VERTEX
8
L12
10
-48.56249551249789
20
-55.762726126357286
0
VERTEX
8
L12
10
-48.567945917259884
20
-55.770883233532935
0
VERTEX
8
L12
10
-48.572284976914396
20
-55.77968197610556
0
VERTEX
8
L12
10
-48.57543844894773
20
-55.78897180515025
0
VERTEX
8
L12
10
-48.577352376579086
20
-55.79859376911644
0
VERTEX
8
L12
10
-48.57799401197605
20
-55.808383233532936
0
VERTEX
8
L12
10
-48.577352376579086
20
-55.81817269794944
0
VERTEX
8
L12
10
-48.57543844894773
20
-55.827794661915625
0
VERTEX
8
L12
10
-48.572284976914396
20
-55.83708449096032
0
VERTEX
8
L12
10
-48.567945917259884
20
-55.84588323353294
0
VERTEX
8
L12
10
-48.56249551249789
20
-55.85404034070859
0
VERTEX
8
L12
10
-48.55602702056504
20
-55.861416242121926
0
VERTEX
8
L12
10
-48.54865111915171
20
-55.86788473405478
0
VERTEX
8
L12
10
-48.54049401197605
20
-55.87333513881677
0
VERTEX
8
L12
10
-48.53169526940343
20
-55.87767419847128
0
VERTEX
8
L12
10
-48.52240544035874
20
-55.880827670504615
0
VERTEX
8
L12
10
-48.512783476392556
20
-55.88274159813597
0
VERTEX
8
L12
10
-48.50299401197605
20
-55.88338323353294
0
VERTEX
8
L12
10
-48.49320454755954
20
-55.88274159813597
0
VERTEX
8
L12
10
-48.48358258359336
20
-55.880827670504615
0
VERTEX
8
L12
10
-48.47429275454867
20
-55.87767419847128
0
VERTEX
8
L12
10
-48.46549401197605
20
-55.87333513881677
0
VERTEX
8
L12
10
-48.45733690480039
20
-55.86788473405478
0
VERTEX
8
L12
10
-48.44996100338706
20
-55.861416242121926
0
VERTEX
8
L12
10
-48.44349251145421
20
-55.85404034070859
0
VERTEX
8
L12
10
-48.438042106692215
20
-55.84588323353294
0
VERTEX
8
L12
10
-48.4337030470377
20
-55.83708449096032
0
VERTEX
8
L12
10
-48.43054957500437
20
-55.827794661915625
0
VERTEX
8
L12
10
-48.428635647373014
20
-55.81817269794944
0
VERTEX
8
L12
10
-48.42799401197605
20
-55.808383233532936
0
VERTEX
8
L12
10
-48.428635647373014
20
-55.79859376911644
0
VERTEX
8
L12
10
-48.43054957500437
20
-55.78897180515025
0
VERTEX
8
L12
10
-48.4337030470377
20
-55.77968197610556
0
VERTEX
8
L12
10
-48.438042106692215
20
-55.770883233532935
0
VERTEX
8
L12
10
-48.44349251145421
20
-55.762726126357286
0
VERTEX
8
L12
10
-48.44996100338706
20
-55.755350224943946
0
VERTEX
8
L12
10
-48.45733690480039
20
-55.748881733011096
0
VERTEX
8
L12
10
-48.46549401197605
20
-55.7434313282491
0
VERTEX
8
L12
10
-48.47429275454867
20
-55.73909226859459
0
VERTEX
8
L12
10
-48.48358258359336
20
-55.73593879656126
0
VERTEX
8
L12
10
-48.49320454755954
20
-55.7340248689299
0
VERTEX
8
L12
10
-48.50299401197605
20
-55.73338323353294
0
SEQEND
0
POLYLINE
8
L12
66
1
70
1
0
VERTEX
8
L12
10
-48.50299401197605
20
-54.29625748502994
0
VERTEX
8
L12
10
-48.512783476392556
20
-54.29689912042691
0
VERTEX
8
L12
10
-48.52240544035874
20
-54.298813048058264
0
VERTEX
8
L12
10
-48.53169526940343
20
-54.3019665200916
0
VERTEX
8
L12
10
-48.54049401197605
20
-54.30630557974611
0
VERTEX
8
L12
10
-48.5486511191517
20
-54.3117559845081
0
VERTEX
8
L12
10
-48.55602702056504
20
-54.31822447644095
0
VERTEX
8
L12
10
-48.56249551249789
20
-54.325600377854286
0
VERTEX
8
L12
10
-48.567945917259884
20
-54.33375748502994
0
VERTEX
8
L12
10
-48.572284976914396
20
-54.342556227602564
0
VERTEX
8
L12
10
-48.57543844894773
20
-54.351846056647254
0
VERTEX
8
L12
10
-48.577352376579086
20
-54.36146802061344
0
VERTEX
8
L12
10
-48.57799401197605
20
-54.37125748502994
0
VERTEX
8
L12
10
-48.577352376579086
20
-54.38104694944645
0
VERTEX
8
L12
10
-48.57543844894773
20
-54.39066891341263
0
VERTEX
8
L12
10
-48.572284976914396
20
-54.39995874245732
0
VERTEX
8
L12
10
-48.567945917259884
20
-54.408757485029945
0
VERTEX
8
L12
10
-48.56249551249789
20
-54.4169145922056
0
VERTEX
8
L12
10
-48.55602702056504
20
-54.42429049361893
0
VERTEX
8
L12
10
-48.54865111915171
20
-54.43075898555178
0
VERTEX
8
L12
10
-48.54049401197605
20
-54.43620939031378
0
VERTEX
8
L12
10
-48.53169526940343
20
-54.44054844996829
0
VERTEX
8
L12
10
-48.52240544035874
20
-54.44370192200162
0
VERTEX
8
L12
10
-48.512783476392556
20
-54.44561584963298
0
VERTEX
8
L12
10
-48.50299401197605
20
-54.446257485029946
0
VERTEX
8
L12
10
-48.49320454755954
20
-54.44561584963298
0
VERTEX
8
L12
10
-48.48358258359336
20
-54.44370192200162
0
VERTEX
8
L12
10
-48.47429275454867
20
-54.44054844996829
0
VERTEX
8
L12
10
-48.46549401197605
20
-54.43620939031378
0
VERTEX
8
L12
10
-48.45733690480039
20
-54.43075898555178
0
VERTEX
8
L12
10
-48.44996100338706
20
-54.42429049361893
0
VERTEX
8
L12
10
-48.44349251145421
20
-54.4169145922056
0
VERTEX
8
L12
10
-48.438042106692215
20
-54.408757485029945
0
VERTEX
8
L12
10
-48.4337030470377
20
-54.39995874245732
0
VERTEX
8
L12
10
-48.43054957500437
20
-54.39066891341263
0
VERTEX
8
L12
10
-48.428635647373014
20
-54.38104694944645
0
VERTEX
8
L12
10
-48.42799401197605
20
-54.37125748502994
0
VERTEX
8
L12
10
-48.428635647373014
20
-54.36146802061344
0
VERTEX
8
L12
10
-48.43054957500437
20
-54.351846056647254
0
VERTEX
8
L12
10
-48.4337030470377
20
-54.342556227602564
0
VERTEX
8
L12
10
-48.438042106692215
20
-54.33375748502994
0
VERTEX
8
L12
10
-48.44349251145421
20
-54.325600377854286
0
VERTEX
8
L12
10
-48.44996100338706
20
-54.31822447644095
0
VERTEX
8
L12
10
-48.45733690480039
20
-54.3117559845081
0
VERTEX
8
L12
10
-48.46549401197605
20
-54.30630557974611
0
VERTEX
8
L12
10
-48.47429275454867
20
-54.3019665200916
0
VERTEX
8
L12
10
-48.48358258359336
20
-54.298813048058264
0
VERTEX
8
L12
10
-48.49320454755954
20
-54.29689912042691
0
VERTEX
8
L12
10
-48.50299401197605
20
-54.29625748502994
0
SEQEND
0
POLYLINE
8
L12
66
1
70
1
0
VERTEX
8
L12
10
-48.50299401197605
20
-56.69146706586827
0
VERTEX
8
L12
10
-48.512783476392556
20
-56.692108701265234
0
VERTEX
8
L12
10
-48.52240544035874
20
-56.69402262889659
0
VERTEX
8
L12
10
-48.53169526940343
20
-56.69717610092992
0
VERTEX
8
L12
10
-48.54049401197605
20
-56.701515160584435
0
VERTEX
8
L12
10
-48.5486511191517
20
-56.70696556534642
0
VERTEX
8
L12
10
-48.55602702056504
20
-56.71343405727928
0
VERTEX
8
L12
10
-48.56249551249789
20
-56.72080995869261
0
VERTEX
8
L12
10
-48.567945917259884
20
-56.72896706586827
0
VERTEX
8
L12
10
-48.572284976914396
20
-56.737765808440884
0
VERTEX
8
L12
10
-48.57543844894773
20
-56.74705563748558
0
VERTEX
8
L12
10
-48.577352376579086
20
-56.75667760145176
0
VERTEX
8
L12
10
-48.57799401197605
20
-56.76646706586827
0
VERTEX
8
L12
10
-48.577352376579086
20
-56.77625653028477
0
VERTEX
8
L12
10
-48.57543844894773
20
-56.78587849425096
0
VERTEX
8
L12
10
-48.572284976914396
20
-56.79516832329565
0
VERTEX
8
L12
10
-48.567945917259884
20
-56.80396706586827
0
VERTEX
8
L12
10
-48.56249551249789
20
-56.81212417304392
0
VERTEX
8
L12
10
-48.55602702056504
20
-56.81950007445726
0
VERTEX
8
L12
10
-48.54865111915171
20
-56.82596856639011
0
VERTEX
8
L12
10
-48.54049401197605
20
-56.831418971152104
0
VERTEX
8
L12
10
-48.53169526940343
20
-56.835758030806616
0
VERTEX
8
L12
10
-48.52240544035874
20
-56.83891150283995
0
VERTEX
8
L12
10
-48.512783476392556
20
-56.840825430471305
0
VERTEX
8
L12
10
-48.50299401197605
20
-56.841467065868265
0
VERTEX
8
L12
10
-48.49320454755954
20
-56.840825430471305
0
VERTEX
8
L12
10
-48.48358258359336
20
-56.83891150283995
0
VERTEX
8
L12
10
-48.47429275454867
20
-56.835758030806616
0
VERTEX
8
L12
10
-48.46549401197605
20
-56.831418971152104
0
VERTEX
8
L12
10
-48.45733690480039
20
-56.82596856639011
0
VERTEX
8
L12
10
-48.44996100338706
20
-56.81950007445726
0
VERTEX
8
L12
10
-48.44349251145421
20
-56.81212417304392
0
VERTEX
8
L12
10
-48.438042106692215
20
-56.80396706586827
0
VERTEX
8
L12
10
-48.4337030470377
20
-56.79516832329565
0
VERTEX
8
L12
10
-48.43054957500437
20
-56.78587849425096
0
VERTEX
8
L12
10
-48.428635647373014
20
-56.77625653028477
0
VERTEX
8
L12
10
-48.42799401197605
20
-56.76646706586827
0
VERTEX
8
L12
10
-48.428635647373014
20
-56.75667760145176
0
VERTEX
8
L12
10
-48.43054957500437
20
-56.74705563748558
0
VERTEX
8
L12
10
-48.4337030470377
20
-56.737765808440884
0
VERTEX
8
L12
10
-48.438042106692215
20
-56.72896706586827
0
VERTEX
8
L12
10
-48.44349251145421
20
-56.72080995869261
0
VERTEX
8
L12
10
-48.44996100338706
20
-56.71343405727928
0
VERTEX
8
L12
10
-48.45733690480039
20
-56.70696556534642
0
VERTEX
8
L12
10
-48.46549401197605
20
-56.701515160584435
0
VERTEX
8
L12
10
-48.47429275454867
20
-56.69717610092992
0
VERTEX
8
L12
10
-48.48358258359336
20
-56.69402262889659
0
VERTEX
8
L12
10
-48.49320454755954
20
-56.692108701265234
0
VERTEX
8
L12
10
-48.50299401197605
20
-56.69146706586827
0
SEQEND
0
POLYLINE
8
L12
66
1
70
1
0
VERTEX
8
L12
10
-48.50299401197605
20
-55.254341317365274
0
VERTEX
8
L12
10
-48.512783476392556
20
-55.254982952762234
0
VERTEX
8
L12
10
-48.52240544035874
20
-55.25689688039359
0
VERTEX
8
L12
10
-48.53169526940343
20
-55.26005035242692
0
VERTEX
8
L12
10
-48.54049401197605
20
-55.26438941208144
0
VERTEX
8
L12
10
-48.5486511191517
20
-55.26983981684343
0
VERTEX
8
L12
10
-48.55602702056504
20
-55.27630830877628
0
VERTEX
8
L12
10
-48.56249551249789
20
-55.28368421018962
0
VERTEX
8
L12
10
-48.567945917259884
20
-55.291841317365275
0
VERTEX
8
L12
10
-48.572284976914396
20
-55.30064005993789
0
VERTEX
8
L12
10
-48.57543844894773
20
-55.30992988898258
0
VERTEX
8
L12
10
-48.577352376579086
20
-55.31955185294877
0
VERTEX
8
L12
10
-48.57799401197605
20
-55.32934131736527
0
VERTEX
8
L12
10
-48.577352376579086
20
-55.339130781781776
0
VERTEX
8
L12
10
-48.57543844894773
20
-55.34875274574796
0
VERTEX
8
L12
10
-48.572284976914396
20
-55.358042574792655
0
VERTEX
8
L12
10
-48.567945917259884
20
-55.36684131736527
0
VERTEX
8
L12
10
-48.56249551249789
20
-55.37499842454093
0
VERTEX
8
L12
10
-48.55602702056504
20
-55.38237432595427
0
VERTEX
8
L12
10
-48.54865111915171
20
-55.38884281788712
0
VERTEX
8
L12
10
-48.54049401197605
20
-55.394293222649104
0
VERTEX
8
L12
10
-48.53169526940343
20
-55.398632282303616
0
VERTEX
8
L12
10
-48.52240544035874
20
-55.401785754336956
0
VERTEX
8
L12
10
-48.512783476392556
20
-55.403699681968305
0
VERTEX
8
L12
10
-48.50299401197605
20
-55.40434131736527
0
VERTEX
8
L12
10
-48.49320454755954
20
-55.403699681968305
0
VERTEX
8
L12
10
-48.48358258359336
20
-55.401785754336956
0
VERTEX
8
L12
10
-48.47429275454867
20
-55.398632282303616
0
VERTEX
8
L12
10
-48.46549401197605
20
-55.394293222649104
0
VERTEX
8
L12
10
-48.45733690480039
20
-55.38884281788712
0
VERTEX
8
L12
10
-48.44996100338706
20
-55.38237432595427
0
VERTEX
8
L12
10
-48.44349251145421
20
-55.37499842454093
0
VERTEX
8
L12
10
-48.438042106692215
20
-55.36684131736527
0
VERTEX
8
L12
10
-48.4337030470377
20
-55.358042574792655
0
VERTEX
8
L12
10
-48.43054957500437
20
-55.34875274574796
0
VERTEX
8
L12
10
-48.428635647373014
20
-55.339130781781776
0
VERTEX
8
L12
10
-48.42799401197605
20
-55.32934131736527
0
VERTEX
8
L12
10
-48.428635647373014
20
-55.31955185294877
0
VERTEX
8
L12
10
-48.43054957500437
20
-55.30992988898258
0
VERTEX
8
L12
10
-48.4337030470377
20
-55.30064005993789
0
VERTEX
8
L12
10
-48.438042106692215
20
-55.291841317365275
0
VERTEX
8
L12
10
-48.44349251145421
20
-55.28368421018962
0
VERTEX
8
L12
10
-48.44996100338706
20
-55.27630830877628
0
VERTEX
8
L12
10
-48.45733690480039
20
-55.26983981684343
0
VERTEX
8
L12
10
-48.46549401197605
20
-55.26438941208144
0
VERTEX
8
L12
10
-48.47429275454867
20
-55.26005035242692
0
VERTEX
8
L12
10
-48.48358258359336
20
-55.25689688039359
0
VERTEX
8
L12
10
-48.49320454755954
20
-55.254982952762234
0
VERTEX
8
L12
10
-48.50299401197605
20
-55.254341317365274
0
SEQEND
0
POLYLINE
8
L12
66
1
70
1
0
VERTEX
8
L12
10
-48.50299401197605
20
-56.2124251497006
0
VERTEX
8
L12
10
-48.512783476392556
20
-56.21306678509757
0
VERTEX
8
L12
10
-48.52240544035874
20
-56.214980712728924
0
VERTEX
8
L12
10
-48.53169526940343
20
-56.218134184762256
0
VERTEX
8
L12
10
-48.54049401197605
20
-56.22247324441677
0
VERTEX
8
L12
10
-48.5486511191517
20
-56.22792364917876
0
VERTEX
8
L12
10
-48.55602702056504
20
-56.23439214111161
0
VERTEX
8
L12
10
-48.56249551249789
20
-56.241768042524946
0
VERTEX
8
L12
10
-48.567945917259884
20
-56.2499251497006
0
VERTEX
8
L12
10
-48.572284976914396
20
-56.258723892273224
0
VERTEX
8
L12
10
-48.57543844894773
20
-56.268013721317914
0
VERTEX
8
L12
10
-48.577352376579086
20
-56.277635685284096
0
VERTEX
8
L12
10
-48.57799401197605
20
-56.2874251497006
0
VERTEX
8
L12
10
-48.577352376579086
20
-56.29721461411711
0
VERTEX
8
L12
10
-48.57543844894773
20
-56.30683657808329
0
VERTEX
8
L12
10
-48.572284976914396
20
-56.31612640712798
0
VERTEX
8
L12
10
-48.567945917259884
20
-56.324925149700604
0
VERTEX
8
L12
10
-48.56249551249789
20
-56.33308225687626
0
VERTEX
8
L12
10
-48.55602702056504
20
-56.34045815828959
0
VERTEX
8
L12
10
-48.54865111915171
20
-56.34692665022244
0
VERTEX
8
L12
10
-48.54049401197605
20
-56.35237705498444
0
VERTEX
8
L12
10
-48.53169526940343
20
-56.35671611463895
0
VERTEX
8
L12
10
-48.52240544035874
20
-56.35986958667228
0
VERTEX
8
L12
10
-48.512783476392556
20
-56.36178351430364
0
VERTEX
8
L12
10
-48.50299401197605
20
-56.362425149700606
0
VERTEX
8
L12
10
-48.49320454755954
20
-56.36178351430364
0
VERTEX
8
L12
10
-48.48358258359336
20
-56.35986958667228
0
VERTEX
8
L12
10
-48.47429275454867
20
-56.35671611463895
0
VERTEX
8
L12
10
-48.46549401197605
20
-56.35237705498444
0
VERTEX
8
L12
10
-48.45733690480039
20
-56.34692665022244
0
VERTEX
8
L12
10
-48.44996100338706
20
-56.34045815828959
0
VERTEX
8
L12
10
-48.44349251145421
20
-56.33308225687626
0
VERTEX
8
L12
10
-48.438042106692215
20
-56.324925149700604
0
VERTEX
8
L12
10
-48.4337030470377
20
-56.31612640712798
0
VERTEX
8
L12
10
-48.43054957500437
20
-56.30683657808329
0
VERTEX
8
L12
10
-48.428635647373014
20
-56.29721461411711
0
VERTEX
8
L12
10
-48.42799401197605
20
-56.2874251497006
0
VERTEX
8
L12
10
-48.428635647373014
20
-56.277635685284096
0
VERTEX
8
L12
10
-48.43054957500437
20
-56.268013721317914
0
VERTEX
8
L12
10
-48.4337030470377
20
-56.258723892273224
0
VERTEX
8
L12
10
-48.438042106692215
20
-56.2499251497006
0
VERTEX
8
L12
10
-48.44349251145421
20
-56.241768042524946
0
VERTEX
8
L12
10
-48.44996100338706
20
-56.23439214111161
0
VERTEX
8
L12
10
-48.45733690480039
20
-56.22792364917876
0
VERTEX
8
L12
10
-48.46549401197605
20
-56.22247324441677
0
VERTEX
8
L12
10
-48.47429275454867
20
-56.218134184762256
0
VERTEX
8
L12
10
-48.48358258359336
20
-56.214980712728924
0
VERTEX
8
L12
10
-48.49320454755954
20
-56.21306678509757
0
VERTEX
8
L12
10
-48.50299401197605
20
-56.2124251497006
0
SEQEND
0
POLYLINE
8
L12
66
1
70
1
0
VERTEX
8
L12
10
-33.28738318375427
20
-56.04198137543736
0
VERTEX
8
L12
10
-33.307541331140456
20
-56.03057104507028
0
VERTEX
8
L12
10
-33.32984876623085
20
-56.02433206399831
0
VERTEX
8
L12
10
-33.50356136505242
20
-55.72345301692451
0
VERTEX
8
L12
10
-33.49720065886787
20
-55.69472720376204
0
VERTEX
8
L12
10
-33.49985661740874
20
-55.66542572241315
0
VERTEX
8
L12
10
-33.51127877568325
20
-55.638311791946265
0
VERTEX
8
L12
10
-33.53038998932551
20
-55.615942338709075
0
VERTEX
8
L12
10
-33.55538801259482
20
-55.6004268703746
0
VERTEX
8
L12
10
-33.58391545564629
20
-55.59322854293304
0
VERTEX
8
L12
10
-33.61328209358393
20
-55.59502618061895
0
VERTEX
8
L12
10
-33.64071856287424
20
-55.605650260715265
0
VERTEX
8
L12
10
-33.66363752077464
20
-55.62409890006266
0
VERTEX
8
L12
10
-33.679877639646264
20
-55.64863233569746
0
VERTEX
8
L12
10
-33.68790742674285
20
-55.67693698980582
0
VERTEX
8
L12
10
-33.68696964864823
20
-55.70634364716867
0
VERTEX
8
L12
10
-33.677152740697196
20
-55.734079170298614
0
VERTEX
8
L12
10
-33.65938246725368
20
-55.75752801476383
0
VERTEX
8
L12
10
-33.63533461930746
20
-55.77447888300607
0
VERTEX
8
L12
10
-33.607276982272126
20
-55.78333325644547
0
VERTEX
8
L12
10
-33.433564383450545
20
-56.084212303519266
0
VERTEX
8
L12
10
-33.439820896530065
20
-56.11148095079102
0
VERTEX
8
L12
10
-33.437933221876406
20
-56.1393943841941
0
VERTEX
8
L12
10
-33.42806232330631
20
-56.16557239865976
0
VERTEX
8
L12
10
-33.41104990174813
20
-56.187782769946004
0
VERTEX
8
L12
10
-33.38834662260156
20
-56.20413159852602
0
VERTEX
8
L12
10
-33.361888416116415
20
-56.213224804205794
0
VERTEX
8
L12
10
-33.33393139877522
20
-56.2142870006709
0
VERTEX
8
L12
10
-33.306859492090666
20
-56.207227613416435
0
VERTEX
8
L12
10
-33.28298114334616
20
-56.19264860312143
0
VERTEX
8
L12
10
-33.26433248209604
20
-56.171793135888024
0
VERTEX
8
L12
10
-33.25250369745788
20
-56.14643957728316
0
VERTEX
8
L12
10
-33.248503441171025
20
-56.11874984941189
0
VERTEX
8
L12
10
-33.25267281890142
20
-56.09108508175902
0
VERTEX
8
L12
10
-33.202303470753634
20
-56.04242133715754
0
VERTEX
8
L12
10
-33.158832711220356
20
-55.987507547112855
0
VERTEX
8
L12
10
-33.12302847504145
20
-55.927313793756575
0
VERTEX
8
L12
10
-33.09552326362912
20
-55.86290343265967
0
VERTEX
8
L12
10
-33.07680297158463
20
-55.79541430807474
0
VERTEX
8
L12
10
-33.06719830310442
20
-55.72603865229509
0
VERTEX
8
L12
10
-33.06687892990968
20
-55.65600202421925
0
VERTEX
8
L12
10
-33.07585049390255
20
-55.58654165918282
0
VERTEX
8
L12
10
-33.093954507498836
20
-55.5188846125197
0
VERTEX
8
L12
10
-33.120871153397914
20
-55.454226082958506
0
VERTEX
8
L12
10
-33.15612493433015
20
-55.3937082987835
0
VERTEX
8
L12
10
-33.19909307297631
20
-55.338400339747245
0
VERTEX
8
L12
10
-33.24901651366939
20
-55.28927925119216
0
VERTEX
8
L12
10
-33.3050133315281
20
-55.24721278401022
0
VERTEX
8
L12
10
-33.36609431214224
20
-55.21294406534892
0
VERTEX
8
L12
10
-33.431180426586124
20
-55.1870784708638
0
VERTEX
8
L12
10
-33.499121893054735
20
-55.17007293042646
0
VERTEX
8
L12
10
-33.568718488388015
20
-55.16222785620847
0
VERTEX
8
L12
10
-33.63874075066941
20
-55.16368183573609
0
VERTEX
8
L12
10
-33.707951698342924
20
-55.174409183665844
0
VERTEX
8
L12
10
-33.775128682168784
20
-55.194220395530124
0
VERTEX
8
L12
10
-33.8390849839909
20
-55.22276549543728
0
VERTEX
8
L12
10
-33.89869078076207
20
-55.2595402185871
0
VERTEX
8
L12
10
-33.952893103485934
20
-55.3038949193843
0
VERTEX
8
L12
10
-34.000734438490184
20
-55.35504604778322
0
VERTEX
8
L12
10
-34.04136964242916
20
-55.41208999112788
0
VERTEX
8
L12
10
-34.07408087220328
20
-55.4740190369637
0
VERTEX
8
L12
10
-34.098290266049915
20
-55.53973917482912
0
VERTEX
8
L12
10
-34.113570151787485
20
-55.60808942254863
0
VERTEX
8
L12
10
-34.11965060187838
20
-55.677862335617846
0
VERTEX
8
L12
10
-34.11642420184654
20
-55.747825337370955
0
VERTEX
8
L12
10
-34.10394794781294
20
-55.816742493121616
0
VERTEX
8
L12
10
-34.08244223962795
20
-55.88339634362504
0
VERTEX
8
L12
10
-34.05228698738736
20
-55.946609412161365
0
VERTEX
8
L12
10
-34.01401490011291
20
-56.00526500530582
0
VERTEX
8
L12
10
-33.96830207515599
20
-56.05832693992876
0
VERTEX
8
L12
10
-33.915956054568255
20
-56.1048578479373
0
VERTEX
8
L12
10
-33.85790155942965
20
-56.14403573539531
0
VERTEX
8
L12
10
-33.85684800036843
20
-56.17393951127925
0
VERTEX
8
L12
10
-33.84662101967491
20
-56.20205987160246
0
VERTEX
8
L12
10
-33.82821815940228
20
-56.225653949939996
0
VERTEX
8
L12
10
-33.803434438781565
20
-56.24242037445469
0
VERTEX
8
L12
10
-33.77468726763236
20
-56.25072374423634
0
VERTEX
8
L12
10
-33.74478065165199
20
-56.24975414668334
0
VERTEX
8
L12
10
-33.71663168905374
20
-56.23960615656439
0
VERTEX
8
L12
10
-33.692986036135025
20
-56.22126961117383
0
VERTEX
8
L12
10
-33.676150095329575
20
-56.196533061373835
0
VERTEX
8
L12
10
-33.667766048182585
20
-56.167809315931265
0
VERTEX
8
L12
10
-33.66865167658449
20
-56.137900095594624
0
VERTEX
8
L12
10
-33.67872059613691
20
-56.1097227526067
0
VERTEX
8
L12
10
-33.6969906821068
20
-56.08602571149467
0
VERTEX
8
L12
10
-33.72167986609918
20
-56.06912038710847
0
VERTEX
8
L12
10
-33.75037995941898
20
-56.06065572868375
0
VERTEX
8
L12
10
-33.7802915483512
20
-56.06145738095355
0
VERTEX
8
L12
10
-33.8084970496197
20
-56.07144715057076
0
VERTEX
8
L12
10
-33.832245292132114
20
-56.08965063310525
0
VERTEX
8
L12
10
-33.88578424247589
20
-56.05237978858792
0
VERTEX
8
L12
10
-33.93360813182993
20
-56.00801301428552
0
VERTEX
8
L12
10
-33.97478404363429
20
-55.95741578766164
0
VERTEX
8
L12
10
-34.008508745644335
20
-55.90157512569133
0
VERTEX
8
L12
10
-34.03412435885001
20
-55.84158033079173
0
VERTEX
8
L12
10
-34.05113119094116
20
-55.778601741436525
0
VERTEX
8
L12
10
-34.05919748397204
20
-55.71386790197301
0
VERTEX
8
L12
10
-34.05816588607419
20
-55.64864159699775
0
VERTEX
8
L12
10
-34.04805652097187
20
-55.58419521779631
0
VERTEX
8
L12
10
-34.02906659542184
20
-55.52178594138204
0
VERTEX
8
L12
10
-34.00156655223533
20
-55.46263120632483
0
VERTEX
8
L12
10
-33.96609284392669
20
-55.40788496377083
0
VERTEX
8
L12
10
-33.92333746795512
20
-55.35861516693263
0
VERTEX
8
L12
10
-33.87413446769956
20
-55.31578293816969
0
VERTEX
8
L12
10
-33.8194436624963
20
-55.280223820054
0
VERTEX
8
L12
10
-33.760331924122994
20
-55.252631476162364
0
VERTEX
8
L12
10
-33.697952364975166
20
-55.23354415954974
0
VERTEX
8
L12
10
-33.63352184391806
20
-55.22333421286733
0
VERTEX
8
L12
10
-33.568297228614924
20
-55.22220080495031
0
VERTEX
8
L12
10
-33.503550877390325
20
-55.23016604556493
0
VERTEX
8
L12
10
-33.440545818911914
20
-55.24707455410594
0
VERTEX
8
L12
10
-33.38051111386902
20
-55.272596490657875
0
VERTEX
8
L12
10
-33.324617879275806
20
-55.306233990292284
0
VERTEX
8
L12
10
-33.27395644310107
20
-55.34733087508496
0
VERTEX
8
L12
10
-33.229515074877014
20
-55.39508545439754
0
VERTEX
8
L12
10
-33.192160707195725
20
-55.448566163724166
0
VERTEX
8
L12
10
-33.16262202416607
20
-55.50672973703102
0
VERTEX
8
L12
10
-33.14147524672971
20
-55.568441558094776
0
VERTEX
8
L12
10
-33.12913289212703
20
-55.632497793839704
0
VERTEX
8
L12
10
-33.12583572678567
20
-55.697648877910964
0
VERTEX
8
L12
10
-33.13164806960965
20
-55.76262388638226
0
VERTEX
8
L12
10
-33.146456537288955
20
-55.826155330092746
0
VERTEX
8
L12
10
-33.16997225610561
20
-55.887003879980846
0
VERTEX
8
L12
10
-33.20173649708964
20
-55.943982543089554
0
VERTEX
8
L12
10
-33.24112962459813
20
-55.99597981763398
0
VERTEX
8
L12
10
-33.28738318375427
20
-56.04198137543736
0
SEQEND
0
POLYLINE
8
L12
66
1
70
1
0
VERTEX
8
L12
10
-41.61685650427506
20
-56.08965063310525
0
VERTEX
8
L12
10
-41.640604746787474
20
-56.07144715057076
0
VERTEX
8
L12
10
-41.668810248055976
20
-56.06145738095355
0
VERTEX
8
L12
10
-41.6987218369882
20
-56.060655728683756
0
VERTEX
8
L12
10
-41.727421930308
20
-56.06912038710847
0
VERTEX
8
L12
10
-41.75211111430038
20
-56.08602571149467
0
VERTEX
8
L12
10
-41.770381200270265
20
-56.1097227526067
0
VERTEX
8
L12
10
-41.78045011982269
20
-56.137900095594624
0
VERTEX
8
L12
10
-41.78133574822459
20
-56.16780931593127
0
VERTEX
8
L12
10
-41.7729517010776
20
-56.196533061373835
0
VERTEX
8
L12
10
-41.75611576027215
20
-56.221269611173824
0
VERTEX
8
L12
10
-41.732470107353436
20
-56.239606156564385
0
VERTEX
8
L12
10
-41.704321144755184
20
-56.24975414668334
0
VERTEX
8
L12
10
-41.674414528774804
20
-56.25072374423634
0
VERTEX
8
L12
10
-41.64566735762561
20
-56.24242037445468
0
VERTEX
8
L12
10
-41.620883637004894
20
-56.225653949939996
0
VERTEX
8
L12
10
-41.602480776732264
20
-56.20205987160246
0
VERTEX
8
L12
10
-41.59225379603875
20
-56.17393951127925
0
VERTEX
8
L12
10
-41.59120023697753
20
-56.14403573539531
0
VERTEX
8
L12
10
-41.53314574183892
20
-56.1048578479373
0
VERTEX
8
L12
10
-41.48079972125119
20
-56.05832693992876
0
VERTEX
8
L12
10
-41.435086896294266
20
-56.00526500530582
0
VERTEX
8
L12
10
-41.396814809019816
20
-55.946609412161365
0
VERTEX
8
L12
10
-41.366659556779226
20
-55.88339634362504
0
VERTEX
8
L12
10
-41.34515384859424
20
-55.816742493121616
0
VERTEX
8
L12
10
-41.332677594560636
20
-55.747825337370955
0
VERTEX
8
L12
10
-41.3294511945288
20
-55.677862335617846
0
VERTEX
8
L12
10
-41.33553164461969
20
-55.60808942254863
0
VERTEX
8
L12
10
-41.35081153035726
20
-55.53973917482912
0
VERTEX
8
L12
10
-41.375020924203895
20
-55.4740190369637
0
VERTEX
8
L12
10
-41.40773215397802
20
-55.41208999112788
0
VERTEX
8
L12
10
-41.44836735791699
20
-55.35504604778322
0
VERTEX
8
L12
10
-41.49620869292124
20
-55.3038949193843
0
VERTEX
8
L12
10
-41.55041101564511
20
-55.2595402185871
0
VERTEX
8
L12
10
-41.610016812416276
20
-55.22276549543728
0
VERTEX
8
L12
10
-41.67397311423839
20
-55.194220395530124
0
VERTEX
8
L12
10
-41.74115009806425
20
-55.174409183665844
0
VERTEX
8
L12
10
-41.810361045737764
20
-55.16368183573609
0
VERTEX
8
L12
10
-41.88038330801916
20
-55.16222785620847
0
VERTEX
8
L12
10
-41.94997990335244
20
-55.17007293042646
0
VERTEX
8
L12
10
-42.01792136982105
20
-55.1870784708638
0
VERTEX
8
L12
10
-42.08300748426494
20
-55.21294406534892
0
VERTEX
8
L12
10
-42.144088464879076
20
-55.24721278401022
0
VERTEX
8
L12
10
-42.20008528273779
20
-55.28927925119216
0
VERTEX
8
L12
10
-42.25000872343087
20
-55.338400339747245
0
VERTEX
8
L12
10
-42.292976862077026
20
-55.3937082987835
0
VERTEX
8
L12
10
-42.32823064300926
20
-55.454226082958506
0
VERTEX
8
L12
10
-42.35514728890834
20
-55.5188846125197
0
VERTEX
8
L12
10
-42.37325130250463
20
-55.58654165918282
0
VERTEX
8
L12
10
-42.3822228664975
20
-55.65600202421925
0
VERTEX
8
L12
10
-42.38190349330276
20
-55.72603865229509
0
VERTEX
8
L12
10
-42.37229882482255
20
-55.79541430807474
0
VERTEX
8
L12
10
-42.35357853277806
20
-55.86290343265967
0
VERTEX
8
L12
10
-42.326073321365726
20
-55.927313793756575
0
VERTEX
8
L12
10
-42.29026908518682
20
-55.987507547112855
0
VERTEX
8
L12
10
-42.24679832565354
20
-56.04242133715754
0
VERTEX
8
L12
10
-42.19642897750576
20
-56.09108508175902
0
VERTEX
8
L12
10
-42.20059835523615
20
-56.11874984941189
0
VERTEX
8
L12
10
-42.196598098949295
20
-56.14643957728316
0
VERTEX
8
L12
10
-42.18476931431114
20
-56.17179313588802
0
VERTEX
8
L12
10
-42.166120653061014
20
-56.19264860312143
0
VERTEX
8
L12
10
-42.14224230431651
20
-56.207227613416435
0
VERTEX
8
L12
10
-42.11517039763196
20
-56.2142870006709
0
VERTEX
8
L12
10
-42.08721338029076
20
-56.213224804205794
0
VERTEX
8
L12
10
-42.06075517380562
20
-56.20413159852601
0
VERTEX
8
L12
10
-42.03805189465905
20
-56.187782769946004
0
VERTEX
8
L12
10
-42.02103947310087
20
-56.16557239865976
0
VERTEX
8
L12
10
-42.01116857453077
20
-56.13939438419409
0
VERTEX
8
L12
10
-42.00928089987711
20
-56.11148095079102
0
VERTEX
8
L12
10
-42.01553741295663
20
-56.084212303519266
0
VERTEX
8
L12
10
-41.84182481413505
20
-55.78333325644547
0
VERTEX
8
L12
10
-41.81376717709972
20
-55.77447888300607
0
VERTEX
8
L12
10
-41.7897193291535
20
-55.75752801476383
0
VERTEX
8
L12
10
-41.77194905570998
20
-55.734079170298614
0
VERTEX
8
L12
10
-41.76213214775895
20
-55.70634364716867
0
VERTEX
8
L12
10
-41.761194369664324
20
-55.67693698980582
0
VERTEX
8
L12
10
-41.76922415676091
20
-55.64863233569746
0
VERTEX
8
L12
10
-41.785464275632535
20
-55.62409890006266
0
VERTEX
8
L12
10
-41.808383233532936
20
-55.605650260715265
0
VERTEX
8
L12
10
-41.835819702823244
20
-55.595026180618945
0
VERTEX
8
L12
10
-41.865186340760886
20
-55.59322854293304
0
VERTEX
8
L12
10
-41.89371378381236
20
-55.6004268703746
0
VERTEX
8
L12
10
-41.918711807081664
20
-55.615942338709075
0
VERTEX
8
L12
10
-41.937823020723926
20
-55.638311791946265
0
VERTEX
8
L12
10
-41.94924517899844
20
-55.66542572241315
0
VERTEX
8
L12
10
-41.95190113753931
20
-55.69472720376204
0
VERTEX
8
L12
10
-41.94554043135474
20
-55.72345301692451
0
VERTEX
8
L12
10
-42.119253030176324
20
-56.02433206399831
0
VERTEX
8
L12
10
-42.14156046526672
20
-56.03057104507028
0
VERTEX
8
L12
10
-42.161718612652905
20
-56.04198137543736
0
VERTEX
8
L12
10
-42.20797217180905
20
-55.99597981763398
0
VERTEX
8
L12
10
-42.247365299317536
20
-55.943982543089554
0
VERTEX
8
L12
10
-42.27912954030157
20
-55.887003879980846
0
VERTEX
8
L12
10
-42.30264525911822
20
-55.826155330092746
0
VERTEX
8
L12
10
-42.317453726797524
20
-55.76262388638226
0
VERTEX
8
L12
10
-42.32326606962151
20
-55.697648877910964
0
VERTEX
8
L12
10
-42.319968904280145
20
-55.632497793839704
0
VERTEX
8
L12
10
-42.307626549677465
20
-55.568441558094776
0
VERTEX
8
L12
10
-42.28647977224111
20
-55.50672973703102
0
VERTEX
8
L12
10
-42.25694108921145
20
-55.448566163724166
0
VERTEX
8
L12
10
-42.21958672153016
20
-55.39508545439754
0
VERTEX
8
L12
10
-42.17514535330611
20
-55.34733087508496
0
VERTEX
8
L12
10
-42.12448391713137
20
-55.306233990292284
0
VERTEX
8
L12
10
-42.06859068253816
20
-55.272596490657875
0
VERTEX
8
L12
10
-42.00855597749526
20
-55.24707455410594
0
VERTEX
8
L12
10
-41.94555091901685
20
-55.23016604556493
0
VERTEX
8
L12
10
-41.880804567792254
20
-55.22220080495031
0
VERTEX
8
L12
10
-41.81557995248912
20
-55.22333421286733
0
VERTEX
8
L12
10
-41.75114943143201
20
-55.23354415954974
0
VERTEX
8
L12
10
-41.68876987228418
20
-55.252631476162364
0
VERTEX
8
L12
10
-41.62965813391088
20
-55.280223820054
0
VERTEX
8
L12
10
-41.574967328707615
20
-55.31578293816969
0
VERTEX
8
L12
10
-41.525764328452055
20
-55.35861516693263
0
VERTEX
8
L12
10
-41.48300895248049
20
-55.40788496377083
0
VERTEX
8
L12
10
-41.447535244171846
20
-55.46263120632483
0
VERTEX
8
L12
10
-41.42003520098534
20
-55.52178594138204
0
VERTEX
8
L12
10
-41.40104527543531
20
-55.58419521779631
0
VERTEX
8
L12
10
-41.390935910332985
20
-55.64864159699775
0
VERTEX
8
L12
10
-41.389904312435135
20
-55.71386790197301
0
VERTEX
8
L12
10
-41.397970605466014
20
-55.778601741436525
0
VERTEX
8
L12
10
-41.41497743755717
20
-55.84158033079173
0
VERTEX
8
L12
10
-41.44059305076284
20
-55.90157512569133
0
VERTEX
8
L12
10
-41.47431775277289
20
-55.95741578766164
0
VERTEX
8
L12
10
-41.51549366457725
20
-56.00801301428552
0
VERTEX
8
L12
10
-41.563317553931284
20
-56.05237978858792
0
VERTEX
8
L12
10
-41.61685650427506
20
-56.08965063310525
0
SEQEND
0
POLYLINE
8
L12
66
1
70
1
0
VERTEX
8
L12
10
-37.72455089820359
20
-53.817215568862274
0
VERTEX
8
L12
10
-37.73434036262009
20
-53.81785720425924
0
VERTEX
8
L12
10
-37.74396232658627
20
-53.8197711318906
0
VERTEX
8
L12
10
-37.753252155630975
20
-53.82292460392393
0
VERTEX
8
L12
10
-37.76205089820358
20
-53.82726366357844
0
VERTEX
8
L12
10
-37.770208005379246
20
-53.83271406834044
0
VERTEX
8
L12
10
-37.777583906792586
20
-53.83918256027329
0
VERTEX
8
L12
10
-37.784052398725436
20
-53.84655846168663
0
VERTEX
8
L12
10
-37.78950280348742
20
-53.854715568862275
0
VERTEX
8
L12
10
-37.793841863141935
20
-53.8635143114349
0
VERTEX
8
L12
10
-37.79699533517527
20
-53.87280414047959
0
VERTEX
8
L12
10
-37.79890926280662
20
-53.88242610444577
0
VERTEX
8
L12
10
-37.79955089820359
20
-53.89221556886228
0
VERTEX
8
L12
10
-37.79890926280662
20
-53.90200503327878
0
VERTEX
8
L12
10
-37.79699533517527
20
-53.911626997244966
0
VERTEX
8
L12
10
-37.793841863141935
20
-53.920916826289655
0
VERTEX
8
L12
10
-37.78950280348742
20
-53.92971556886228
0
VERTEX
8
L12
10
-37.784052398725436
20
-53.937872676037934
0
VERTEX
8
L12
10
-37.777583906792586
20
-53.94524857745127
0
VERTEX
8
L12
10
-37.770208005379246
20
-53.95171706938412
0
VERTEX
8
L12
10
-37.76205089820358
20
-53.95716747414611
0
VERTEX
8
L12
10
-37.753252155630975
20
-53.96150653380062
0
VERTEX
8
L12
10
-37.74396232658627
20
-53.964660005833956
0
VERTEX
8
L12
10
-37.73434036262009
20
-53.96657393346531
0
VERTEX
8
L12
10
-37.72455089820359
20
-53.96721556886228
0
VERTEX
8
L12
10
-37.71476143378709
20
-53.96657393346531
0
VERTEX
8
L12
10
-37.70513946982089
20
-53.964660005833956
0
VERTEX
8
L12
10
-37.6958496407762
20
-53.96150653380062
0
VERTEX
8
L12
10
-37.687050898203594
20
-53.95716747414611
0
VERTEX
8
L12
10
-37.67889379102793
20
-53.95171706938412
0
VERTEX
8
L12
10
-37.67151788961459
20
-53.94524857745127
0
VERTEX
8
L12
10
-37.66504939768174
20
-53.937872676037934
0
VERTEX
8
L12
10
-37.659598992919754
20
-53.92971556886228
0
VERTEX
8
L12
10
-37.65525993326524
20
-53.920916826289655
0
VERTEX
8
L12
10
-37.65210646123191
20
-53.911626997244966
0
VERTEX
8
L12
10
-37.650192533600546
20
-53.90200503327878
0
VERTEX
8
L12
10
-37.649550898203586
20
-53.89221556886228
0
VERTEX
8
L12
10
-37.650192533600546
20
-53.88242610444577
0
VERTEX
8
L12
10
-37.65210646123191
20
-53.87280414047959
0
VERTEX
8
L12
10
-37.65525993326524
20
-53.8635143114349
0
VERTEX
8
L12
10
-37.659598992919754
20
-53.854715568862275
0
VERTEX
8
L12
10
-37.66504939768174
20
-53.84655846168663
0
VERTEX
8
L12
10
-37.67151788961459
20
-53.83918256027329
0
VERTEX
8
L12
10
-37.67889379102793
20
-53.83271406834044
0
VERTEX
8
L12
10
-37.687050898203594
20
-53.82726366357844
0
VERTEX
8
L12
10
-37.6958496407762
20
-53.82292460392393
0
VERTEX
8
L12
10
-37.70513946982089
20
-53.8197711318906
0
VERTEX
8
L12
10
-37.71476143378709
20
-53.81785720425924
0
VERTEX
8
L12
10
-37.72455089820359
20
-53.817215568862274
0
SEQEND
0
POLYLINE
8
L12
66
1
70
1
0
VERTEX
8
L12
10
-37.72455089820359
20
-54.77529940119761
0
VERTEX
8
L12
10
-37.73434036262009
20
-54.775941036594574
0
VERTEX
8
L12
10
-37.74396232658627
20
-54.77785496422593
0
VERTEX
8
L12
10
-37.753252155630975
20
-54.78100843625926
0
VERTEX
8
L12
10
-37.76205089820358
20
-54.785347495913776
0
VERTEX
8
L12
10
-37.770208005379246
20
-54.79079790067576
0
VERTEX
8
L12
10
-37.777583906792586
20
-54.79726639260861
0
VERTEX
8
L12
10
-37.784052398725436
20
-54.80464229402195
0
VERTEX
8
L12
10
-37.78950280348742
20
-54.81279940119761
0
VERTEX
8
L12
10
-37.793841863141935
20
-54.821598143770224
0
VERTEX
8
L12
10
-37.79699533517527
20
-54.83088797281492
0
VERTEX
8
L12
10
-37.79890926280662
20
-54.8405099367811
0
VERTEX
8
L12
10
-37.79955089820359
20
-54.85029940119761
0
VERTEX
8
L12
10
-37.79890926280662
20
-54.86008886561411
0
VERTEX
8
L12
10
-37.79699533517527
20
-54.8697108295803
0
VERTEX
8
L12
10
-37.793841863141935
20
-54.87900065862499
0
VERTEX
8
L12
10
-37.78950280348742
20
-54.887799401197604
0
VERTEX
8
L12
10
-37.784052398725436
20
-54.89595650837326
0
VERTEX
8
L12
10
-37.777583906792586
20
-54.9033324097866
0
VERTEX
8
L12
10
-37.770208005379246
20
-54.90980090171945
0
VERTEX
8
L12
10
-37.76205089820358
20
-54.91525130648144
0
VERTEX
8
L12
10
-37.753252155630975
20
-54.91959036613596
0
VERTEX
8
L12
10
-37.74396232658627
20
-54.92274383816929
0
VERTEX
8
L12
10
-37.73434036262009
20
-54.924657765800646
0
VERTEX
8
L12
10
-37.72455089820359
20
-54.925299401197606
0
VERTEX
8
L12
10
-37.71476143378709
20
-54.924657765800646
0
VERTEX
8
L12
10
-37.70513946982089
20
-54.92274383816929
0
VERTEX
8
L12
10
-37.6958496407762
20
-54.91959036613596
0
VERTEX
8
L12
10
-37.687050898203594
20
-54.91525130648144
0
VERTEX
8
L12
10
-37.67889379102793
20
-54.90980090171945
0
VERTEX
8
L12
10
-37.67151788961459
20
-54.9033324097866
0
VERTEX
8
L12
10
-37.66504939768174
20
-54.89595650837326
0
VERTEX
8
L12
10
-37.659598992919754
20
-54.887799401197604
0
VERTEX
8
L12
10
-37.65525993326524
20
-54.87900065862499
0
VERTEX
8
L12
10
-37.65210646123191
20
-54.8697108295803
0
VERTEX
8
L12
10
-37.650192533600546
20
-54.86008886561411
0
VERTEX
8
L12
10
-37.649550898203586
20
-54.85029940119761
0
VERTEX
8
L12
10
-37.650192533600546
20
-54.8405099367811
0
VERTEX
8
L12
10
-37.65210646123191
20
-54.83088797281492
0
VERTEX
8
L12
10
-37.65525993326524
20
-54.821598143770224
0
VERTEX
8
L12
10
-37.659598992919754
20
-54.81279940119761
0
VERTEX
8
L12
10
-37.66504939768174
20
-54.80464229402195
0
VERTEX
8
L12
10
-37.67151788961459
20
-54.79726639260861
0
VERTEX
8
L12
10
-37.67889379102793
20
-54.79079790067576
0
VERTEX
8
L12
10
-37.687050898203594
20
-54.785347495913776
0
VERTEX
8
L12
10
-37.6958496407762
20
-54.78100843625926
0
VERTEX
8
L12
10
-37.70513946982089
20
-54.77785496422593
0
VERTEX
8
L12
10
-37.71476143378709
20
-54.775941036594574
0
VERTEX
8
L12
10
-37.72455089820359
20
-54.77529940119761
0
SEQEND
0
POLYLINE
8
L12
66
1
70
1
0
VERTEX
8
L12
10
-37.72455089820359
20
-53.338173652694614
0
VERTEX
8
L12
10
-37.73434036262009
20
-53.338815288091574
0
VERTEX
8
L12
10
-37.74396232658627
20
-53.34072921572293
0
VERTEX
8
L12
10
-37.753252155630975
20
-53.34388268775626
0
VERTEX
8
L12
10
-37.76205089820358
20
-53.348221747410776
0
VERTEX
8
L12
10
-37.770208005379246
20
-53.35367215217277
0
VERTEX
8
L12
10
-37.777583906792586
20
-53.36014064410562
0
VERTEX
8
L12
10
-37.784052398725436
20
-53.36751654551896
0
VERTEX
8
L12
10
-37.78950280348742
20
-53.37567365269461
0
VERTEX
8
L12
10
-37.793841863141935
20
-53.38447239526723
0
VERTEX
8
L12
10
-37.79699533517527
20
-53.39376222431192
0
VERTEX
8
L12
10
-37.79890926280662
20
-53.40338418827811
0
VERTEX
8
L12
10
-37.79955089820359
20
-53.41317365269461
0
VERTEX
8
L12
10
-37.79890926280662
20
-53.42296311711112
0
VERTEX
8
L12
10
-37.79699533517527
20
-53.4325850810773
0
VERTEX
8
L12
10
-37.793841863141935
20
-53.441874910121996
0
VERTEX
8
L12
10
-37.78950280348742
20
-53.45067365269461
0
VERTEX
8
L12
10
-37.784052398725436
20
-53.45883075987027
0
VERTEX
8
L12
10
-37.777583906792586
20
-53.4662066612836
0
VERTEX
8
L12
10
-37.770208005379246
20
-53.47267515321646
0
VERTEX
8
L12
10
-37.76205089820358
20
-53.478125557978444
0
VERTEX
8
L12
10
-37.753252155630975
20
-53.48246461763296
0
VERTEX
8
L12
10
-37.74396232658627
20
-53.48561808966629
0
VERTEX
8
L12
10
-37.73434036262009
20
-53.487532017297646
0
VERTEX
8
L12
10
-37.72455089820359
20
-53.48817365269461
0
VERTEX
8
L12
10
-37.71476143378709
20
-53.487532017297646
0
VERTEX
8
L12
10
-37.70513946982089
20
-53.48561808966629
0
VERTEX
8
L12
10
-37.6958496407762
20
-53.48246461763296
0
VERTEX
8
L12
10
-37.687050898203594
20
-53.478125557978444
0
VERTEX
8
L12
10
-37.67889379102793
20
-53.47267515321646
0
VERTEX
8
L12
10
-37.67151788961459
20
-53.4662066612836
0
VERTEX
8
L12
10
-37.66504939768174
20
-53.45883075987027
0
VERTEX
8
L12
10
-37.659598992919754
20
-53.45067365269461
0
VERTEX
8
L12
10
-37.65525993326524
20
-53.441874910121996
0
VERTEX
8
L12
10
-37.65210646123191
20
-53.4325850810773
0
VERTEX
8
L12
10
-37.650192533600546
20
-53.42296311711112
0
VERTEX
8
L12
10
-37.649550898203586
20
-53.41317365269461
0
VERTEX
8
L12
10
-37.650192533600546
20
-53.40338418827811
0
VERTEX
8
L12
10
-37.65210646123191
20
-53.39376222431192
0
VERTEX
8
L12
10
-37.65525993326524
20
-53.38447239526723
0
VERTEX
8
L12
10
-37.659598992919754
20
-53.37567365269461
0
VERTEX
8
L12
10
-37.66504939768174
20
-53.36751654551896
0
VERTEX
8
L12
10
-37.67151788961459
20
-53.36014064410562
0
VERTEX
8
L12
10
-37.67889379102793
20
-53.35367215217277
0
VERTEX
8
L12
10
-37.687050898203594
20
-53.348221747410776
0
VERTEX
8
L12
10
-37.6958496407762
20
-53.34388268775626
0
VERTEX
8
L12
10
-37.70513946982089
20
-53.34072921572293
0
VERTEX
8
L12
10
-37.71476143378709
20
-53.338815288091574
0
VERTEX
8
L12
10
-37.72455089820359
20
-53.338173652694614
0
SEQEND
0
POLYLINE
8
L12
66
1
70
1
0
VERTEX
8
L12
10
-37.72455089820359
20
-55.73338323353294
0
VERTEX
8
L12
10
-37.73434036262009
20
-55.7340248689299
0
VERTEX
8
L12
10
-37.74396232658627
20
-55.73593879656126
0
VERTEX
8
L12
10
-37.753252155630975
20
-55.73909226859459
0
VERTEX
8
L12
10
-37.76205089820358
20
-55.7434313282491
0
VERTEX
8
L12
10
-37.770208005379246
20
-55.748881733011096
0
VERTEX
8
L12
10
-37.777583906792586
20
-55.755350224943946
0
VERTEX
8
L12
10
-37.784052398725436
20
-55.762726126357286
0
VERTEX
8
L12
10
-37.78950280348742
20
-55.770883233532935
0
VERTEX
8
L12
10
-37.793841863141935
20
-55.77968197610556
0
VERTEX
8
L12
10
-37.79699533517527
20
-55.78897180515025
0
VERTEX
8
L12
10
-37.79890926280662
20
-55.79859376911644
0
VERTEX
8
L12
10
-37.79955089820359
20
-55.808383233532936
0
VERTEX
8
L12
10
-37.79890926280662
20
-55.81817269794944
0
VERTEX
8
L12
10
-37.79699533517527
20
-55.827794661915625
0
VERTEX
8
L12
10
-37.793841863141935
20
-55.83708449096032
0
VERTEX
8
L12
10
-37.78950280348742
20
-55.84588323353294
0
VERTEX
8
L12
10
-37.784052398725436
20
-55.85404034070859
0
VERTEX
8
L12
10
-37.777583906792586
20
-55.861416242121926
0
VERTEX
8
L12
10
-37.770208005379246
20
-55.86788473405478
0
VERTEX
8
L12
10
-37.76205089820358
20
-55.87333513881677
0
VERTEX
8
L12
10
-37.753252155630975
20
-55.87767419847128
0
VERTEX
8
L12
10
-37.74396232658627
20
-55.880827670504615
0
VERTEX
8
L12
10
-37.73434036262009
20
-55.88274159813597
0
VERTEX
8
L12
10
-37.72455089820359
20
-55.88338323353294
0
VERTEX
8
L12
10
-37.71476143378709
20
-55.88274159813597
0
VERTEX
8
L12
10
-37.70513946982089
20
-55.880827670504615
0
VERTEX
8
L12
10
-37.6958496407762
20
-55.87767419847128
0
VERTEX
8
L12
10
-37.687050898203594
20
-55.87333513881677
0
VERTEX
8
L12
10
-37.67889379102793
20
-55.86788473405478
0
VERTEX
8
L12
10
-37.67151788961459
20
-55.861416242121926
0
VERTEX
8
L12
10
-37.66504939768174
20
-55.85404034070859
0
VERTEX
8
L12
10
-37.659598992919754
20
-55.84588323353294
0
VERTEX
8
L12
10
-37.65525993326524
20
-55.83708449096032
0
VERTEX
8
L12
10
-37.65210646123191
20
-55.827794661915625
0
VERTEX
8
L12
10
-37.650192533600546
20
-55.81817269794944
0
VERTEX
8
L12
10
-37.649550898203586
20
-55.808383233532936
0
VERTEX
8
L12
10
-37.650192533600546
20
-55.79859376911644
0
VERTEX
8
L12
10
-37.65210646123191
20
-55.78897180515025
0
VERTEX
8
L12
10
-37.65525993326524
20
-55.77968197610556
0
VERTEX
8
L12
10
-37.659598992919754
20
-55.770883233532935
0
VERTEX
8
L12
10
-37.66504939768174
20
-55.762726126357286
0
VERTEX
8
L12
10
-37.67151788961459
20
-55.755350224943946
0
VERTEX
8
L12
10
-37.67889379102793
20
-55.748881733011096
0
VERTEX
8
L12
10
-37.687050898203594
20
-55.7434313282491
0
VERTEX
8
L12
10
-37.6958496407762
20
-55.73909226859459
0
VERTEX
8
L12
10
-37.70513946982089
20
-55.73593879656126
0
VERTEX
8
L12
10
-37.71476143378709
20
-55.7340248689299
0
VERTEX
8
L12
10
-37.72455089820359
20
-55.73338323353294
0
SEQEND
0
POLYLINE
8
L12
66
1
70
1
0
VERTEX
8
L12
10
-37.72455089820359
20
-54.29625748502994
0
VERTEX
8
L12
10
-37.73434036262009
20
-54.29689912042691
0
VERTEX
8
L12
10
-37.74396232658627
20
-54.298813048058264
0
VERTEX
8
L12
10
-37.753252155630975
20
-54.3019665200916
0
VERTEX
8
L12
10
-37.76205089820358
20
-54.30630557974611
0
VERTEX
8
L12
10
-37.770208005379246
20
-54.3117559845081
0
VERTEX
8
L12
10
-37.777583906792586
20
-54.31822447644095
0
VERTEX
8
L12
10
-37.784052398725436
20
-54.325600377854286
0
VERTEX
8
L12
10
-37.78950280348742
20
-54.33375748502994
0
VERTEX
8
L12
10
-37.793841863141935
20
-54.342556227602564
0
VERTEX
8
L12
10
-37.79699533517527
20
-54.351846056647254
0
VERTEX
8
L12
10
-37.79890926280662
20
-54.36146802061344
0
VERTEX
8
L12
10
-37.79955089820359
20
-54.37125748502994
0
VERTEX
8
L12
10
-37.79890926280662
20
-54.38104694944645
0
VERTEX
8
L12
10
-37.79699533517527
20
-54.39066891341263
0
VERTEX
8
L12
10
-37.793841863141935
20
-54.39995874245732
0
VERTEX
8
L12
10
-37.78950280348742
20
-54.408757485029945
0
VERTEX
8
L12
10
-37.784052398725436
20
-54.4169145922056
0
VERTEX
8
L12
10
-37.777583906792586
20
-54.42429049361893
0
VERTEX
8
L12
10
-37.770208005379246
20
-54.43075898555178
0
VERTEX
8
L12
10
-37.76205089820358
20
-54.43620939031378
0
VERTEX
8
L12
10
-37.753252155630975
20
-54.44054844996829
0
VERTEX
8
L12
10
-37.74396232658627
20
-54.44370192200162
0
VERTEX
8
L12
10
-37.73434036262009
20
-54.44561584963298
0
VERTEX
8
L12
10
-37.72455089820359
20
-54.446257485029946
0
VERTEX
8
L12
10
-37.71476143378709
20
-54.44561584963298
0
VERTEX
8
L12
10
-37.70513946982089
20
-54.44370192200162
0
VERTEX
8
L12
10
-37.6958496407762
20
-54.44054844996829
0
VERTEX
8
L12
10
-37.687050898203594
20
-54.43620939031378
0
VERTEX
8
L12
10
-37.67889379102793
20
-54.43075898555178
0
VERTEX
8
L12
10
-37.67151788961459
20
-54.42429049361893
0
VERTEX
8
L12
10
-37.66504939768174
20
-54.4169145922056
0
VERTEX
8
L12
10
-37.659598992919754
20
-54.408757485029945
0
VERTEX
8
L12
10
-37.65525993326524
20
-54.39995874245732
0
VERTEX
8
L12
10
-37.65210646123191
20
-54.39066891341263
0
VERTEX
8
L12
10
-37.650192533600546
20
-54.38104694944645
0
VERTEX
8
L12
10
-37.649550898203586
20
-54.37125748502994
0
VERTEX
8
L12
10
-37.650192533600546
20
-54.36146802061344
0
VERTEX
8
L12
10
-37.65210646123191
20
-54.351846056647254
0
VERTEX
8
L12
10
-37.65525993326524
20
-54.342556227602564
0
VERTEX
8
L12
10
-37.659598992919754
20
-54.33375748502994
0
VERTEX
8
L12
10
-37.66504939768174
20
-54.325600377854286
0
VERTEX
8
L12
10
-37.67151788961459
20
-54.31822447644095
0
VERTEX
8
L12
10
-37.67889379102793
20
-54.3117559845081
0
VERTEX
8
L12
10
-37.687050898203594
20
-54.30630557974611
0
VERTEX
8
L12
10
-37.6958496407762
20
-54.3019665200916
0
VERTEX
8
L12
10
-37.70513946982089
20
-54.298813048058264
0
VERTEX
8
L12
10
-37.71476143378709
20
-54.29689912042691
0
VERTEX
8
L12
10
-37.72455089820359
20
-54.29625748502994
0
SEQEND
0
POLYLINE
8
L12
66
1
70
1
0
VERTEX
8
L12
10
-37.72455089820359
20
-56.69146706586827
0
VERTEX
8
L12
10
-37.73434036262009
20
-56.692108701265234
0
VERTEX
8
L12
10
-37.74396232658627
20
-56.69402262889659
0
VERTEX
8
L12
10
-37.753252155630975
20
-56.69717610092992
0
VERTEX
8
L12
10
-37.76205089820358
20
-56.701515160584435
0
VERTEX
8
L12
10
-37.770208005379246
20
-56.70696556534642
0
VERTEX
8
L12
10
-37.777583906792586
20
-56.71343405727928
0
VERTEX
8
L12
10
-37.784052398725436
20
-56.72080995869261
0
VERTEX
8
L12
10
-37.78950280348742
20
-56.72896706586827
0
VERTEX
8
L12
10
-37.793841863141935
20
-56.737765808440884
0
VERTEX
8
L12
10
-37.79699533517527
20
-56.74705563748558
0
VERTEX
8
L12
10
-37.79890926280662
20
-56.75667760145176
0
VERTEX
8
L12
10
-37.79955089820359
20
-56.76646706586827
0
VERTEX
8
L12
10
-37.79890926280662
20
-56.77625653028477
0
VERTEX
8
L12
10
-37.79699533517527
20
-56.78587849425096
0
VERTEX
8
L12
10
-37.793841863141935
20
-56.79516832329565
0
VERTEX
8
L12
10
-37.78950280348742
20
-56.80396706586827
0
VERTEX
8
L12
10
-37.784052398725436
20
-56.81212417304392
0
VERTEX
8
L12
10
-37.777583906792586
20
-56.81950007445726
0
VERTEX
8
L12
10
-37.770208005379246
20
-56.82596856639011
0
VERTEX
8
L12
10
-37.76205089820358
20
-56.831418971152104
0
VERTEX
8
L12
10
-37.753252155630975
20
-56.835758030806616
0
VERTEX
8
L12
10
-37.74396232658627
20
-56.83891150283995
0
VERTEX
8
L12
10
-37.73434036262009
20
-56.840825430471305
0
VERTEX
8
L12
10
-37.72455089820359
20
-56.841467065868265
0
VERTEX
8
L12
10
-37.71476143378709
20
-56.840825430471305
0
VERTEX
8
L12
10
-37.70513946982089
20
-56.83891150283995
0
VERTEX
8
L12
10
-37.6958496407762
20
-56.835758030806616
0
VERTEX
8
L12
10
-37.687050898203594
20
-56.831418971152104
0
VERTEX
8
L12
10
-37.67889379102793
20
-56.82596856639011
0
VERTEX
8
L12
10
-37.67151788961459
20
-56.81950007445726
0
VERTEX
8
L12
10
-37.66504939768174
20
-56.81212417304392
0
VERTEX
8
L12
10
-37.659598992919754
20
-56.80396706586827
0
VERTEX
8
L12
10
-37.65525993326524
20
-56.79516832329565
0
VERTEX
8
L12
10
-37.65210646123191
20
-56.78587849425096
0
VERTEX
8
L12
10
-37.650192533600546
20
-56.77625653028477
0
VERTEX
8
L12
10
-37.649550898203586
20
-56.76646706586827
0
VERTEX
8
L12
10
-37.650192533600546
20
-56.75667760145176
0
VERTEX
8
L12
10
-37.65210646123191
20
-56.74705563748558
0
VERTEX
8
L12
10
-37.65525993326524
20
-56.737765808440884
0
VERTEX
8
L12
10
-37.659598992919754
20
-56.72896706586827
0
VERTEX
8
L12
10
-37.66504939768174
20
-56.72080995869261
0
VERTEX
8
L12
10
-37.67151788961459
20
-56.71343405727928
0
VERTEX
8
L12
10
-37.67889379102793
20
-56.70696556534642
0
VERTEX
8
L12
10
-37.687050898203594
20
-56.701515160584435
0
VERTEX
8
L12
10
-37.6958496407762
20
-56.69717610092992
0
VERTEX
8
L12
10
-37.70513946982089
20
-56.69402262889659
0
VERTEX
8
L12
10
-37.71476143378709
20
-56.692108701265234
0
VERTEX
8
L12
10
-37.72455089820359
20
-56.69146706586827
0
SEQEND
0
POLYLINE
8
L12
66
1
70
1
0
VERTEX
8
L12
10
-37.72455089820359
20
-55.254341317365274
0
VERTEX
8
L12
10
-37.73434036262009
20
-55.254982952762234
0
VERTEX
8
L12
10
-37.74396232658627
20
-55.25689688039359
0
VERTEX
8
L12
10
-37.753252155630975
20
-55.26005035242692
0
VERTEX
8
L12
10
-37.76205089820358
20
-55.26438941208144
0
VERTEX
8
L12
10
-37.770208005379246
20
-55.26983981684343
0
VERTEX
8
L12
10
-37.777583906792586
20
-55.27630830877628
0
VERTEX
8
L12
10
-37.784052398725436
20
-55.28368421018962
0
VERTEX
8
L12
10
-37.78950280348742
20
-55.291841317365275
0
VERTEX
8
L12
10
-37.793841863141935
20
-55.30064005993789
0
VERTEX
8
L12
10
-37.79699533517527
20
-55.30992988898258
0
VERTEX
8
L12
10
-37.79890926280662
20
-55.31955185294877
0
VERTEX
8
L12
10
-37.79955089820359
20
-55.32934131736527
0
VERTEX
8
L12
10
-37.79890926280662
20
-55.339130781781776
0
VERTEX
8
L12
10
-37.79699533517527
20
-55.34875274574796
0
VERTEX
8
L12
10
-37.793841863141935
20
-55.358042574792655
0
VERTEX
8
L12
10
-37.78950280348742
20
-55.36684131736527
0
VERTEX
8
L12
10
-37.784052398725436
20
-55.37499842454093
0
VERTEX
8
L12
10
-37.777583906792586
20
-55.38237432595427
0
VERTEX
8
L12
10
-37.770208005379246
20
-55.38884281788712
0
VERTEX
8
L12
10
-37.76205089820358
20
-55.394293222649104
0
VERTEX
8
L12
10
-37.753252155630975
20
-55.398632282303616
0
VERTEX
8
L12
10
-37.74396232658627
20
-55.401785754336956
0
VERTEX
8
L12
10
-37.73434036262009
20
-55.403699681968305
0
VERTEX
8
L12
10
-37.72455089820359
20
-55.40434131736527
0
VERTEX
8
L12
10
-37.71476143378709
20
-55.403699681968305
0
VERTEX
8
L12
10
-37.70513946982089
20
-55.401785754336956
0
VERTEX
8
L12
10
-37.6958496407762
20
-55.398632282303616
0
VERTEX
8
L12
10
-37.687050898203594
20
-55.394293222649104
0
VERTEX
8
L12
10
-37.67889379102793
20
-55.38884281788712
0
VERTEX
8
L12
10
-37.67151788961459
20
-55.38237432595427
0
VERTEX
8
L12
10
-37.66504939768174
20
-55.37499842454093
0
VERTEX
8
L12
10
-37.659598992919754
20
-55.36684131736527
0
VERTEX
8
L12
10
-37.65525993326524
20
-55.358042574792655
0
VERTEX
8
L12
10
-37.65210646123191
20
-55.34875274574796
0
VERTEX
8
L12
10
-37.650192533600546
20
-55.339130781781776
0
VERTEX
8
L12
10
-37.649550898203586
20
-55.32934131736527
0
VERTEX
8
L12
10
-37.650192533600546
20
-55.31955185294877
0
VERTEX
8
L12
10
-37.65210646123191
20
-55.30992988898258
0
VERTEX
8
L12
10
-37.65525993326524
20
-55.30064005993789
0
VERTEX
8
L12
10
-37.659598992919754
20
-55.291841317365275
0
VERTEX
8
L12
10
-37.66504939768174
20
-55.28368421018962
0
VERTEX
8
L12
10
-37.67151788961459
20
-55.27630830877628
0
VERTEX
8
L12
10
-37.67889379102793
20
-55.26983981684343
0
VERTEX
8
L12
10
-37.687050898203594
20
-55.26438941208144
0
VERTEX
8
L12
10
-37.6958496407762
20
-55.26005035242692
0
VERTEX
8
L12
10
-37.70513946982089
20
-55.25689688039359
0
VERTEX
8
L12
10
-37.71476143378709
20
-55.254982952762234
0
VERTEX
8
L12
10
-37.72455089820359
20
-55.254341317365274
0
SEQEND
0
POLYLINE
8
L12
66
1
70
1
0
VERTEX
8
L12
10
-37.72455089820359
20
-56.2124251497006
0
VERTEX
8
L12
10
-37.73434036262009
20
-56.21306678509757
0
VERTEX
8
L12
10
-37.74396232658627
20
-56.214980712728924
0
VERTEX
8
L12
10
-37.753252155630975
20
-56.218134184762256
0
VERTEX
8
L12
10
-37.76205089820358
20
-56.22247324441677
0
VERTEX
8
L12
10
-37.770208005379246
20
-56.22792364917876
0
VERTEX
8
L12
10
-37.777583906792586
20
-56.23439214111161
0
VERTEX
8
L12
10
-37.784052398725436
20
-56.241768042524946
0
VERTEX
8
L12
10
-37.78950280348742
20
-56.2499251497006
0
VERTEX
8
L12
10
-37.793841863141935
20
-56.258723892273224
0
VERTEX
8
L12
10
-37.79699533517527
20
-56.268013721317914
0
VERTEX
8
L12
10
-37.79890926280662
20
-56.277635685284096
0
VERTEX
8
L12
10
-37.79955089820359
20
-56.2874251497006
0
VERTEX
8
L12
10
-37.79890926280662
20
-56.29721461411711
0
VERTEX
8
L12
10
-37.79699533517527
20
-56.30683657808329
0
VERTEX
8
L12
10
-37.793841863141935
20
-56.31612640712798
0
VERTEX
8
L12
10
-37.78950280348742
20
-56.324925149700604
0
VERTEX
8
L12
10
-37.784052398725436
20
-56.33308225687626
0
VERTEX
8
L12
10
-37.777583906792586
20
-56.34045815828959
0
VERTEX
8
L12
10
-37.770208005379246
20
-56.34692665022244
0
VERTEX
8
L12
10
-37.76205089820358
20
-56.35237705498444
0
VERTEX
8
L12
10
-37.753252155630975
20
-56.35671611463895
0
VERTEX
8
L12
10
-37.74396232658627
20
-56.35986958667228
0
VERTEX
8
L12
10
-37.73434036262009
20
-56.36178351430364
0
VERTEX
8
L12
10
-37.72455089820359
20
-56.362425149700606
0
VERTEX
8
L12
10
-37.71476143378709
20
-56.36178351430364
0
VERTEX
8
L12
10
-37.70513946982089
20
-56.35986958667228
0
VERTEX
8
L12
10
-37.6958496407762
20
-56.35671611463895
0
VERTEX
8
L12
10
-37.687050898203594
20
-56.35237705498444
0
VERTEX
8
L12
10
-37.67889379102793
20
-56.34692665022244
0
VERTEX
8
L12
10
-37.67151788961459
20
-56.34045815828959
0
VERTEX
8
L12
10
-37.66504939768174
20
-56.33308225687626
0
VERTEX
8
L12
10
-37.659598992919754
20
-56.324925149700604
0
VERTEX
8
L12
10
-37.65525993326524
20
-56.31612640712798
0
VERTEX
8
L12
10
-37.65210646123191
20
-56.30683657808329
0
VERTEX
8
L12
10
-37.650192533600546
20
-56.29721461411711
0
VERTEX
8
L12
10
-37.649550898203586
20
-56.2874251497006
0
VERTEX
8
L12
10
-37.650192533600546
20
-56.277635685284096
0
VERTEX
8
L12
10
-37.65210646123191
20
-56.268013721317914
0
VERTEX
8
L12
10
-37.65525993326524
20
-56.258723892273224
0
VERTEX
8
L12
10
-37.659598992919754
20
-56.2499251497006
0
VERTEX
8
L12
10
-37.66504939768174
20
-56.241768042524946
0
VERTEX
8
L12
10
-37.67151788961459
20
-56.23439214111161
0
VERTEX
8
L12
10
-37.67889379102793
20
-56.22792364917876
0
VERTEX
8
L12
10
-37.687050898203594
20
-56.22247324441677
0
VERTEX
8
L12
10
-37.6958496407762
20
-56.218134184762256
0
VERTEX
8
L12
10
-37.70513946982089
20
-56.214980712728924
0
VERTEX
8
L12
10
-37.71476143378709
20
-56.21306678509757
0
VERTEX
8
L12
10
-37.72455089820359
20
-56.2124251497006
0
SEQEND
0
POLYLINE
8
L12
66
1
70
1
0
VERTEX
8
L12
10
-22.50894006998182
20
-56.04198137543736
0
VERTEX
8
L12
10
-22.529098217368002
20
-56.03057104507028
0
VERTEX
8
L12
10
-22.5514056524584
20
-56.02433206399831
0
VERTEX
8
L12
10
-22.725118251279966
20
-55.72345301692451
0
VERTEX
8
L12
10
-22.718757545095414
20
-55.69472720376204
0
VERTEX
8
L12
10
-22.721413503636285
20
-55.66542572241315
0
VERTEX
8
L12
10
-22.732835661910798
20
-55.638311791946265
0
VERTEX
8
L12
10
-22.75194687555306
20
-55.615942338709075
0
VERTEX
8
L12
10
-22.776944898822364
20
-55.6004268703746
0
VERTEX
8
L12
10
-22.805472341873838
20
-55.59322854293304
0
VERTEX
8
L12
10
-22.83483897981148
20
-55.59502618061895
0
VERTEX
8
L12
10
-22.862275449101787
20
-55.605650260715265
0
VERTEX
8
L12
10
-22.88519440700219
20
-55.62409890006266
0
VERTEX
8
L12
10
-22.90143452587381
20
-55.64863233569746
0
VERTEX
8
L12
10
-22.9094643129704
20
-55.67693698980582
0
VERTEX
8
L12
10
-22.908526534875776
20
-55.70634364716867
0
VERTEX
8
L12
10
-22.89870962692474
20
-55.734079170298614
0
VERTEX
8
L12
10
-22.880939353481224
20
-55.75752801476383
0
VERTEX
8
L12
10
-22.856891505535003
20
-55.77447888300607
0
VERTEX
8
L12
10
-22.82883386849967
20
-55.78333325644547
0
VERTEX
8
L12
10
-22.65512126967809
20
-56.084212303519266
0
VERTEX
8
L12
10
-22.66137778275761
20
-56.11148095079102
0
VERTEX
8
L12
10
-22.659490108103952
20
-56.1393943841941
0
VERTEX
8
L12
10
-22.649619209533853
20
-56.16557239865976
0
VERTEX
8
L12
10
-22.632606787975675
20
-56.187782769946004
0
VERTEX
8
L12
10
-22.609903508829106
20
-56.20413159852602
0
VERTEX
8
L12
10
-22.58344530234396
20
-56.213224804205794
0
VERTEX
8
L12
10
-22.555488285002767
20
-56.2142870006709
0
VERTEX
8
L12
10
-22.528416378318212
20
-56.207227613416435
0
VERTEX
8
L12
10
-22.50453802957371
20
-56.19264860312143
0
VERTEX
8
L12
10
-22.485889368323583
20
-56.171793135888024
0
VERTEX
8
L12
10
-22.47406058368543
20
-56.14643957728316
0
VERTEX
8
L12
10
-22.47006032739857
20
-56.11874984941189
0
VERTEX
8
L12
10
-22.474229705128963
20
-56.09108508175902
0
VERTEX
8
L12
10
-22.42386035698118
20
-56.04242133715754
0
VERTEX
8
L12
10
-22.380389597447902
20
-55.987507547112855
0
VERTEX
8
L12
10
-22.344585361268997
20
-55.927313793756575
0
VERTEX
8
L12
10
-22.317080149856665
20
-55.86290343265967
0
VERTEX
8
L12
10
-22.298359857812173
20
-55.79541430807474
0
VERTEX
8
L12
10
-22.288755189331965
20
-55.72603865229509
0
VERTEX
8
L12
10
-22.288435816137223
20
-55.65600202421925
0
VERTEX
8
L12
10
-22.297407380130096
20
-55.58654165918282
0
VERTEX
8
L12
10
-22.315511393726382
20
-55.5188846125197
0
VERTEX
8
L12
10
-22.34242803962546
20
-55.454226082958506
0
VERTEX
8
L12
10
-22.377681820557697
20
-55.3937082987835
0
VERTEX
8
L12
10
-22.420649959203857
20
-55.338400339747245
0
VERTEX
8
L12
10
-22.470573399896935
20
-55.28927925119216
0
VERTEX
8
L12
10
-22.526570217755648
20
-55.24721278401022
0
VERTEX
8
L12
10
-22.587651198369784
20
-55.21294406534892
0
VERTEX
8
L12
10
-22.65273731281367
20
-55.1870784708638
0
VERTEX
8
L12
10
-22.72067877928228
20
-55.17007293042646
0
VERTEX
8
L12
10
-22.79027537461556
20
-55.16222785620847
0
VERTEX
8
L12
10
-22.86029763689696
20
-55.16368183573609
0
VERTEX
8
L12
10
-22.92950858457047
20
-55.174409183665844
0
VERTEX
8
L12
10
-22.99668556839633
20
-55.194220395530124
0
VERTEX
8
L12
10
-23.060641870218447
20
-55.22276549543728
0
VERTEX
8
L12
10
-23.120247666989613
20
-55.2595402185871
0
VERTEX
8
L12
10
-23.17444998971348
20
-55.3038949193843
0
VERTEX
8
L12
10
-23.22229132471773
20
-55.35504604778322
0
VERTEX
8
L12
10
-23.262926528656706
20
-55.41208999112788
0
VERTEX
8
L12
10
-23.29563775843083
20
-55.4740190369637
0
VERTEX
8
L12
10
-23.31984715227746
20
-55.53973917482912
0
VERTEX
8
L12
10
-23.33512703801503
20
-55.60808942254863
0
VERTEX
8
L12
10
-23.341207488105923
20
-55.677862335617846
0
VERTEX
8
L12
10
-23.337981088074088
20
-55.747825337370955
0
VERTEX
8
L12
10
-23.325504834040487
20
-55.816742493121616
0
VERTEX
8
L12
10
-23.303999125855498
20
-55.88339634362504
0
VERTEX
8
L12
10
-23.273843873614908
20
-55.946609412161365
0
VERTEX
8
L12
10
-23.235571786340458
20
-56.00526500530582
0
VERTEX
8
L12
10
-23.189858961383536
20
-56.05832693992876
0
VERTEX
8
L12
10
-23.1375129407958
20
-56.1048578479373
0
VERTEX
8
L12
10
-23.079458445657195
20
-56.14403573539531
0
VERTEX
8
L12
10
-23.078404886595976
20
-56.17393951127925
0
VERTEX
8
L12
10
-23.06817790590246
20
-56.20205987160246
0
VERTEX
8
L12
10
-23.04977504562983
20
-56.225653949939996
0
VERTEX
8
L12
10
-23.02499132500911
20
-56.24242037445469
0
VERTEX
8
L12
10
-22.996244153859905
20
-56.25072374423634
0
VERTEX
8
L12
10
-22.96633753787954
20
-56.24975414668334
0
VERTEX
8
L12
10
-22.938188575281288
20
-56.23960615656439
0
VERTEX
8
L12
10
-22.91454292236257
20
-56.22126961117383
0
VERTEX
8
L12
10
-22.89770698155712
20
-56.196533061373835
0
VERTEX
8
L12
10
-22.88932293441013
20
-56.167809315931265
0
VERTEX
8
L12
10
-22.890208562812035
20
-56.137900095594624
0
VERTEX
8
L12
10
-22.90027748236446
20
-56.1097227526067
0
VERTEX
8
L12
10
-22.918547568334347
20
-56.08602571149467
0
VERTEX
8
L12
10
-22.943236752326726
20
-56.06912038710847
0
VERTEX
8
L12
10
-22.971936845646525
20
-56.06065572868375
0
VERTEX
8
L12
10
-23.001848434578747
20
-56.06145738095355
0
VERTEX
8
L12
10
-23.03005393584725
20
-56.07144715057076
0
VERTEX
8
L12
10
-23.05380217835966
20
-56.08965063310525
0
VERTEX
8
L12
10
-23.10734112870344
20
-56.05237978858792
0
VERTEX
8
L12
10
-23.155165018057474
20
-56.00801301428552
0
VERTEX
8
L12
10
-23.196340929861833
20
-55.95741578766164
0
VERTEX
8
L12
10
-23.23006563187188
20
-55.90157512569133
0
VERTEX
8
L12
10
-23.255681245077554
20
-55.84158033079173
0
VERTEX
8
L12
10
-23.27268807716871
20
-55.778601741436525
0
VERTEX
8
L12
10
-23.28075437019959
20
-55.71386790197301
0
VERTEX
8
L12
10
-23.27972277230174
20
-55.64864159699775
0
VERTEX
8
L12
10
-23.269613407199415
20
-55.58419521779631
0
VERTEX
8
L12
10
-23.250623481649384
20
-55.52178594138204
0
VERTEX
8
L12
10
-23.223123438462878
20
-55.46263120632483
0
VERTEX
8
L12
10
-23.187649730154234
20
-55.40788496377083
0
VERTEX
8
L12
10
-23.144894354182668
20
-55.35861516693263
0
VERTEX
8
L12
10
-23.09569135392711
20
-55.31578293816969
0
VERTEX
8
L12
10
-23.041000548723844
20
-55.280223820054
0
VERTEX
8
L12
10
-22.98188881035054
20
-55.252631476162364
0
VERTEX
8
L12
10
-22.91950925120271
20
-55.23354415954974
0
VERTEX
8
L12
10
-22.855078730145607
20
-55.22333421286733
0
VERTEX
8
L12
10
-22.78985411484247
20
-55.22220080495031
0
VERTEX
8
L12
10
-22.72510776361787
20
-55.23016604556493
0
VERTEX
8
L12
10
-22.66210270513946
20
-55.24707455410594
0
VERTEX
8
L12
10
-22.602068000096565
20
-55.272596490657875
0
VERTEX
8
L12
10
-22.546174765503352
20
-55.306233990292284
0
VERTEX
8
L12
10
-22.495513329328617
20
-55.34733087508496
0
VERTEX
8
L12
10
-22.45107196110456
20
-55.39508545439754
0
VERTEX
8
L12
10
-22.41371759342327
20
-55.448566163724166
0
VERTEX
8
L12
10
-22.384178910393615
20
-55.50672973703102
0
VERTEX
8
L12
10
-22.363032132957258
20
-55.568441558094776
0
VERTEX
8
L12
10
-22.350689778354578
20
-55.632497793839704
0
VERTEX
8
L12
10
-22.347392613013213
20
-55.697648877910964
0
VERTEX
8
L12
10
-22.3532049558372
20
-55.76262388638226
0
VERTEX
8
L12
10
-22.3680134235165
20
-55.826155330092746
0
VERTEX
8
L12
10
-22.391529142333155
20
-55.887003879980846
0
VERTEX
8
L12
10
-22.423293383317187
20
-55.943982543089554
0
VERTEX
8
L12
10
-22.462686510825677
20
-55.99597981763398
0
VERTEX
8
L12
10
-22.50894006998182
20
-56.04198137543736
0
SEQEND
0
POLYLINE
8
L12
66
1
70
1
0
VERTEX
8
L12
10
-30.83841339050261
20
-56.08965063310525
0
VERTEX
8
L12
10
-30.86216163301502
20
-56.07144715057076
0
VERTEX
8
L12
10
-30.890367134283522
20
-56.06145738095355
0
VERTEX
8
L12
10
-30.920278723215745
20
-56.060655728683756
0
VERTEX
8
L12
10
-30.948978816535544
20
-56.06912038710847
0
VERTEX
8
L12
10
-30.973668000527923
20
-56.08602571149467
0
VERTEX
8
L12
10
-30.99193808649781
20
-56.1097227526067
0
VERTEX
8
L12
10
-31.002007006050235
20
-56.137900095594624
0
VERTEX
8
L12
10
-31.002892634452138
20
-56.16780931593127
0
VERTEX
8
L12
10
-30.99450858730515
20
-56.196533061373835
0
VERTEX
8
L12
10
-30.9776726464997
20
-56.221269611173824
0
VERTEX
8
L12
10
-30.95402699358098
20
-56.239606156564385
0
VERTEX
8
L12
10
-30.92587803098273
20
-56.24975414668334
0
VERTEX
8
L12
10
-30.89597141500235
20
-56.25072374423634
0
VERTEX
8
L12
10
-30.86722424385316
20
-56.24242037445468
0
VERTEX
8
L12
10
-30.84244052323244
20
-56.225653949939996
0
VERTEX
8
L12
10
-30.82403766295981
20
-56.20205987160246
0
VERTEX
8
L12
10
-30.813810682266293
20
-56.17393951127925
0
VERTEX
8
L12
10
-30.812757123205074
20
-56.14403573539531
0
VERTEX
8
L12
10
-30.754702628066468
20
-56.1048578479373
0
VERTEX
8
L12
10
-30.702356607478734
20
-56.05832693992876
0
VERTEX
8
L12
10
-30.65664378252181
20
-56.00526500530582
0
VERTEX
8
L12
10
-30.61837169524736
20
-55.946609412161365
0
VERTEX
8
L12
10
-30.588216443006772
20
-55.88339634362504
0
VERTEX
8
L12
10
-30.566710734821783
20
-55.816742493121616
0
VERTEX
8
L12
10
-30.554234480788182
20
-55.747825337370955
0
VERTEX
8
L12
10
-30.551008080756347
20
-55.677862335617846
0
VERTEX
8
L12
10
-30.55708853084724
20
-55.60808942254863
0
VERTEX
8
L12
10
-30.57236841658481
20
-55.53973917482912
0
VERTEX
8
L12
10
-30.59657781043144
20
-55.4740190369637
0
VERTEX
8
L12
10
-30.629289040205563
20
-55.41208999112788
0
VERTEX
8
L12
10
-30.66992424414454
20
-55.35504604778322
0
VERTEX
8
L12
10
-30.71776557914879
20
-55.3038949193843
0
VERTEX
8
L12
10
-30.771967901872657
20
-55.2595402185871
0
VERTEX
8
L12
10
-30.831573698643822
20
-55.22276549543728
0
VERTEX
8
L12
10
-30.89553000046594
20
-55.194220395530124
0
VERTEX
8
L12
10
-30.9627069842918
20
-55.174409183665844
0
VERTEX
8
L12
10
-31.03191793196531
20
-55.16368183573609
0
VERTEX
8
L12
10
-31.10194019424671
20
-55.16222785620847
0
VERTEX
8
L12
10
-31.17153678957999
20
-55.17007293042646
0
VERTEX
8
L12
10
-31.2394782560486
20
-55.1870784708638
0
VERTEX
8
L12
10
-31.304564370492486
20
-55.21294406534892
0
VERTEX
8
L12
10
-31.36564535110662
20
-55.24721278401022
0
VERTEX
8
L12
10
-31.421642168965334
20
-55.28927925119216
0
VERTEX
8
L12
10
-31.471565609658413
20
-55.338400339747245
0
VERTEX
8
L12
10
-31.514533748304572
20
-55.3937082987835
0
VERTEX
8
L12
10
-31.54978752923681
20
-55.454226082958506
0
VERTEX
8
L12
10
-31.576704175135887
20
-55.5188846125197
0
VERTEX
8
L12
10
-31.594808188732173
20
-55.58654165918282
0
VERTEX
8
L12
10
-31.603779752725046
20
-55.65600202421925
0
VERTEX
8
L12
10
-31.603460379530304
20
-55.72603865229509
0
VERTEX
8
L12
10
-31.593855711050097
20
-55.79541430807474
0
VERTEX
8
L12
10
-31.575135419005605
20
-55.86290343265967
0
VERTEX
8
L12
10
-31.547630207593272
20
-55.927313793756575
0
VERTEX
8
L12
10
-31.511825971414368
20
-55.987507547112855
0
VERTEX
8
L12
10
-31.46835521188109
20
-56.04242133715754
0
VERTEX
8
L12
10
-31.417985863733307
20
-56.09108508175902
0
VERTEX
8
L12
10
-31.4221552414637
20
-56.11874984941189
0
VERTEX
8
L12
10
-31.41815498517684
20
-56.14643957728316
0
VERTEX
8
L12
10
-31.406326200538686
20
-56.17179313588802
0
VERTEX
8
L12
10
-31.38767753928856
20
-56.19264860312143
0
VERTEX
8
L12
10
-31.363799190544057
20
-56.207227613416435
0
VERTEX
8
L12
10
-31.336727283859503
20
-56.2142870006709
0
VERTEX
8
L12
10
-31.30877026651831
20
-56.213224804205794
0
VERTEX
8
L12
10
-31.282312060033163
20
-56.20413159852601
0
VERTEX
8
L12
10
-31.259608780886595
20
-56.187782769946004
0
VERTEX
8
L12
10
-31.242596359328417
20
-56.16557239865976
0
VERTEX
8
L12
10
-31.232725460758317
20
-56.13939438419409
0
VERTEX
8
L12
10
-31.230837786104658
20
-56.11148095079102
0
VERTEX
8
L12
10
-31.23709429918418
20
-56.084212303519266
0
VERTEX
8
L12
10
-31.063381700362598
20
-55.78333325644547
0
VERTEX
8
L12
10
-31.035324063327266
20
-55.77447888300607
0
VERTEX
8
L12
10
-31.011276215381045
20
-55.75752801476383
0
VERTEX
8
L12
10
-30.993505941937528
20
-55.734079170298614
0
VERTEX
8
L12
10
-30.983689033986494
20
-55.70634364716867
0
VERTEX
8
L12
10
-30.98275125589187
20
-55.67693698980582
0
VERTEX
8
L12
10
-30.99078104298846
20
-55.64863233569746
0
VERTEX
8
L12
10
-31.00702116186008
20
-55.62409890006266
0
VERTEX
8
L12
10
-31.029940119760482
20
-55.605650260715265
0
VERTEX
8
L12
10
-31.05737658905079
20
-55.595026180618945
0
VERTEX
8
L12
10
-31.086743226988432
20
-55.59322854293304
0
VERTEX
8
L12
10
-31.115270670039905
20
-55.6004268703746
0
VERTEX
8
L12
10
-31.14026869330921
20
-55.615942338709075
0
VERTEX
8
L12
10
-31.15937990695147
20
-55.638311791946265
0
VERTEX
8
L12
10
-31.170802065225985
20
-55.66542572241315
0
VERTEX
8
L12
10
-31.173458023766855
20
-55.69472720376204
0
VERTEX
8
L12
10
-31.16709731758229
20
-55.72345301692451
0
VERTEX
8
L12
10
-31.34080991640387
20
-56.02433206399831
0
VERTEX
8
L12
10
-31.363117351494267
20
-56.03057104507028
0
VERTEX
8
L12
10
-31.38327549888045
20
-56.04198137543736
0
VERTEX
8
L12
10
-31.429529058036593
20
-55.99597981763398
0
VERTEX
8
L12
10
-31.468922185545082
20
-55.943982543089554
0
VERTEX
8
L12
10
-31.500686426529114
20
-55.887003879980846
0
VERTEX
8
L12
10
-31.524202145345768
20
-55.826155330092746
0
VERTEX
8
L12
10
-31.53901061302507
20
-55.76262388638226
0
VERTEX
8
L12
10
-31.544822955849057
20
-55.697648877910964
0
VERTEX
8
L12
10
-31.54152579050769
20
-55.632497793839704
0
VERTEX
8
L12
10
-31.52918343590501
20
-55.568441558094776
0
VERTEX
8
L12
10
-31.508036658468654
20
-55.50672973703102
0
VERTEX
8
L12
10
-31.478497975438998
20
-55.448566163724166
0
VERTEX
8
L12
10
-31.44114360775771
20
-55.39508545439754
0
VERTEX
8
L12
10
-31.396702239533653
20
-55.34733087508496
0
VERTEX
8
L12
10
-31.346040803358918
20
-55.306233990292284
0
VERTEX
8
L12
10
-31.290147568765704
20
-55.272596490657875
0
VERTEX
8
L12
10
-31.23011286372281
20
-55.24707455410594
0
VERTEX
8
L12
10
-31.1671078052444
20
-55.23016604556493
0
VERTEX
8
L12
10
-31.1023614540198
20
-55.22220080495031
0
VERTEX
8
L12
10
-31.037136838716663
20
-55.22333421286733
0
VERTEX
8
L12
10
-30.972706317659558
20
-55.23354415954974
0
VERTEX
8
L12
10
-30.91032675851173
20
-55.252631476162364
0
VERTEX
8
L12
10
-30.851215020138426
20
-55.280223820054
0
VERTEX
8
L12
10
-30.79652421493516
20
-55.31578293816969
0
VERTEX
8
L12
10
-30.7473212146796
20
-55.35861516693263
0
VERTEX
8
L12
10
-30.704565838708035
20
-55.40788496377083
0
VERTEX
8
L12
10
-30.66909213039939
20
-55.46263120632483
0
VERTEX
8
L12
10
-30.641592087212885
20
-55.52178594138204
0
VERTEX
8
L12
10
-30.622602161662854
20
-55.58419521779631
0
VERTEX
8
L12
10
-30.61249279656053
20
-55.64864159699775
0
VERTEX
8
L12
10
-30.61146119866268
20
-55.71386790197301
0
VERTEX
8
L12
10
-30.61952749169356
20
-55.778601741436525
0
VERTEX
8
L12
10
-30.636534323784716
20
-55.84158033079173
0
VERTEX
8
L12
10
-30.66214993699039
20
-55.90157512569133
0
VERTEX
8
L12
10
-30.695874639000436
20
-55.95741578766164
0
VERTEX
8
L12
10
-30.737050550804796
20
-56.00801301428552
0
VERTEX
8
L12
10
-30.78487444015883
20
-56.05237978858792
0
VERTEX
8
L12
10
-30.83841339050261
20
-56.08965063310525
0
SEQEND
0
POLYLINE
8
L12
66
1
70
1
0
VERTEX
8
L12
10
-26.946107784431135
20
-53.817215568862274
0
VERTEX
8
L12
10
-26.955897248847634
20
-53.81785720425924
0
VERTEX
8
L12
10
-26.965519212813817
20
-53.8197711318906
0
VERTEX
8
L12
10
-26.97480904185852
20
-53.82292460392393
0
VERTEX
8
L12
10
-26.98360778443113
20
-53.82726366357844
0
VERTEX
8
L12
10
-26.991764891606792
20
-53.83271406834044
0
VERTEX
8
L12
10
-26.999140793020132
20
-53.83918256027329
0
VERTEX
8
L12
10
-27.005609284952982
20
-53.84655846168663
0
VERTEX
8
L12
10
-27.01105968971497
20
-53.854715568862275
0
VERTEX
8
L12
10
-27.01539874936948
20
-53.8635143114349
0
VERTEX
8
L12
10
-27.018552221402814
20
-53.87280414047959
0
VERTEX
8
L12
10
-27.020466149034164
20
-53.88242610444577
0
VERTEX
8
L12
10
-27.021107784431138
20
-53.89221556886228
0
VERTEX
8
L12
10
-27.020466149034164
20
-53.90200503327878
0
VERTEX
8
L12
10
-27.018552221402814
20
-53.911626997244966
0
VERTEX
8
L12
10
-27.01539874936948
20
-53.920916826289655
0
VERTEX
8
L12
10
-27.01105968971497
20
-53.92971556886228
0
VERTEX
8
L12
10
-27.005609284952982
20
-53.937872676037934
0
VERTEX
8
L12
10
-26.999140793020132
20
-53.94524857745127
0
VERTEX
8
L12
10
-26.991764891606792
20
-53.95171706938412
0
VERTEX
8
L12
10
-26.98360778443113
20
-53.95716747414611
0
VERTEX
8
L12
10
-26.97480904185852
20
-53.96150653380062
0
VERTEX
8
L12
10
-26.965519212813817
20
-53.964660005833956
0
VERTEX
8
L12
10
-26.955897248847634
20
-53.96657393346531
0
VERTEX
8
L12
10
-26.946107784431135
20
-53.96721556886228
0
VERTEX
8
L12
10
-26.936318320014635
20
-53.96657393346531
0
VERTEX
8
L12
10
-26.92669635604844
20
-53.964660005833956
0
VERTEX
8
L12
10
-26.91740652700375
20
-53.96150653380062
0
VERTEX
8
L12
10
-26.90860778443114
20
-53.95716747414611
0
VERTEX
8
L12
10
-26.900450677255478
20
-53.95171706938412
0
VERTEX
8
L12
10
-26.893074775842138
20
-53.94524857745127
0
VERTEX
8
L12
10
-26.886606283909288
20
-53.937872676037934
0
VERTEX
8
L12
10
-26.8811558791473
20
-53.92971556886228
0
VERTEX
8
L12
10
-26.876816819492788
20
-53.920916826289655
0
VERTEX
8
L12
10
-26.873663347459456
20
-53.911626997244966
0
VERTEX
8
L12
10
-26.87174941982809
20
-53.90200503327878
0
VERTEX
8
L12
10
-26.871107784431132
20
-53.89221556886228
0
VERTEX
8
L12
10
-26.87174941982809
20
-53.88242610444577
0
VERTEX
8
L12
10
-26.873663347459456
20
-53.87280414047959
0
VERTEX
8
L12
10
-26.876816819492788
20
-53.8635143114349
0
VERTEX
8
L12
10
-26.8811558791473
20
-53.854715568862275
0
VERTEX
8
L12
10
-26.886606283909288
20
-53.84655846168663
0
VERTEX
8
L12
10
-26.893074775842138
20
-53.83918256027329
0
VERTEX
8
L12
10
-26.900450677255478
20
-53.83271406834044
0
VERTEX
8
L12
10
-26.90860778443114
20
-53.82726366357844
0
VERTEX
8
L12
10
-26.91740652700375
20
-53.82292460392393
0
VERTEX
8
L12
10
-26.92669635604844
20
-53.8197711318906
0
VERTEX
8
L12
10
-26.936318320014635
20
-53.81785720425924
0
VERTEX
8
L12
10
-26.946107784431135
20
-53.817215568862274
0
SEQEND
0
POLYLINE
8
L12
66
1
70
1
0
VERTEX
8
L12
10
-26.946107784431135
20
-54.77529940119761
0
VERTEX
8
L12
10
-26.955897248847634
20
-54.775941036594574
0
VERTEX
8
L12
10
-26.965519212813817
20
-54.77785496422593
0
VERTEX
8
L12
10
-26.97480904185852
20
-54.78100843625926
0
VERTEX
8
L12
10
-26.98360778443113
20
-54.785347495913776
0
VERTEX
8
L12
10
-26.991764891606792
20
-54.79079790067576
0
VERTEX
8
L12
10
-26.999140793020132
20
-54.79726639260861
0
VERTEX
8
L12
10
-27.005609284952982
20
-54.80464229402195
0
VERTEX
8
L12
10
-27.01105968971497
20
-54.81279940119761
0
VERTEX
8
L12
10
-27.01539874936948
20
-54.821598143770224
0
VERTEX
8
L12
10
-27.018552221402814
20
-54.83088797281492
0
VERTEX
8
L12
10
-27.020466149034164
20
-54.8405099367811
0
VERTEX
8
L12
10
-27.021107784431138
20
-54.85029940119761
0
VERTEX
8
L12
10
-27.020466149034164
20
-54.86008886561411
0
VERTEX
8
L12
10
-27.018552221402814
20
-54.8697108295803
0
VERTEX
8
L12
10
-27.01539874936948
20
-54.87900065862499
0
VERTEX
8
L12
10
-27.01105968971497
20
-54.887799401197604
0
VERTEX
8
L12
10
-27.005609284952982
20
-54.89595650837326
0
VERTEX
8
L12
10
-26.999140793020132
20
-54.9033324097866
0
VERTEX
8
L12
10
-26.991764891606792
20
-54.90980090171945
0
VERTEX
8
L12
10
-26.98360778443113
20
-54.91525130648144
0
VERTEX
8
L12
10
-26.97480904185852
20
-54.91959036613596
0
VERTEX
8
L12
10
-26.965519212813817
20
-54.92274383816929
0
VERTEX
8
L12
10
-26.955897248847634
20
-54.924657765800646
0
VERTEX
8
L12
10
-26.946107784431135
20
-54.925299401197606
0
VERTEX
8
L12
10
-26.936318320014635
20
-54.924657765800646
0
VERTEX
8
L12
10
-26.92669635604844
20
-54.92274383816929
0
VERTEX
8
L12
10
-26.91740652700375
20
-54.91959036613596
0
VERTEX
8
L12
10
-26.90860778443114
20
-54.91525130648144
0
VERTEX
8
L12
10
-26.900450677255478
20
-54.90980090171945
0
VERTEX
8
L12
10
-26.893074775842138
20
-54.9033324097866
0
VERTEX
8
L12
10
-26.886606283909288
20
-54.89595650837326
0
VERTEX
8
L12
10
-26.8811558791473
20
-54.887799401197604
0
VERTEX
8
L12
10
-26.876816819492788
20
-54.87900065862499
0
VERTEX
8
L12
10
-26.873663347459456
20
-54.8697108295803
0
VERTEX
8
L12
10
-26.87174941982809
20
-54.86008886561411
0
VERTEX
8
L12
10
-26.871107784431132
20
-54.85029940119761
0
VERTEX
8
L12
10
-26.87174941982809
20
-54.8405099367811
0
VERTEX
8
L12
10
-26.873663347459456
20
-54.83088797281492
0
VERTEX
8
L12
10
-26.876816819492788
20
-54.821598143770224
0
VERTEX
8
L12
10
-26.8811558791473
20
-54.81279940119761
0
VERTEX
8
L12
10
-26.886606283909288
20
-54.80464229402195
0
VERTEX
8
L12
10
-26.893074775842138
20
-54.79726639260861
0
VERTEX
8
L12
10
-26.900450677255478
20
-54.79079790067576
0
VERTEX
8
L12
10
-26.90860778443114
20
-54.785347495913776
0
VERTEX
8
L12
10
-26.91740652700375
20
-54.78100843625926
0
VERTEX
8
L12
10
-26.92669635604844
20
-54.77785496422593
0
VERTEX
8
L12
10
-26.936318320014635
20
-54.775941036594574
0
VERTEX
8
L12
10
-26.946107784431135
20
-54.77529940119761
0
SEQEND
0
POLYLINE
8
L12
66
1
70
1
0
VERTEX
8
L12
10
-26.946107784431135
20
-53.338173652694614
0
VERTEX
8
L12
10
-26.955897248847634
20
-53.338815288091574
0
VERTEX
8
L12
10
-26.965519212813817
20
-53.34072921572293
0
VERTEX
8
L12
10
-26.97480904185852
20
-53.34388268775626
0
VERTEX
8
L12
10
-26.98360778443113
20
-53.348221747410776
0
VERTEX
8
L12
10
-26.991764891606792
20
-53.35367215217277
0
VERTEX
8
L12
10
-26.999140793020132
20
-53.36014064410562
0
VERTEX
8
L12
10
-27.005609284952982
20
-53.36751654551896
0
VERTEX
8
L12
10
-27.01105968971497
20
-53.37567365269461
0
VERTEX
8
L12
10
-27.01539874936948
20
-53.38447239526723
0
VERTEX
8
L12
10
-27.018552221402814
20
-53.39376222431192
0
VERTEX
8
L12
10
-27.020466149034164
20
-53.40338418827811
0
VERTEX
8
L12
10
-27.021107784431138
20
-53.41317365269461
0
VERTEX
8
L12
10
-27.020466149034164
20
-53.42296311711112
0
VERTEX
8
L12
10
-27.018552221402814
20
-53.4325850810773
0
VERTEX
8
L12
10
-27.01539874936948
20
-53.441874910121996
0
VERTEX
8
L12
10
-27.01105968971497
20
-53.45067365269461
0
VERTEX
8
L12
10
-27.005609284952982
20
-53.45883075987027
0
VERTEX
8
L12
10
-26.999140793020132
20
-53.4662066612836
0
VERTEX
8
L12
10
-26.991764891606792
20
-53.47267515321646
0
VERTEX
8
L12
10
-26.98360778443113
20
-53.478125557978444
0
VERTEX
8
L12
10
-26.97480904185852
20
-53.48246461763296
0
VERTEX
8
L12
10
-26.965519212813817
20
-53.48561808966629
0
VERTEX
8
L12
10
-26.955897248847634
20
-53.487532017297646
0
VERTEX
8
L12
10
-26.946107784431135
20
-53.48817365269461
0
VERTEX
8
L12
10
-26.936318320014635
20
-53.487532017297646
0
VERTEX
8
L12
10
-26.92669635604844
20
-53.48561808966629
0
VERTEX
8
L12
10
-26.91740652700375
20
-53.48246461763296
0
VERTEX
8
L12
10
-26.90860778443114
20
-53.478125557978444
0
VERTEX
8
L12
10
-26.900450677255478
20
-53.47267515321646
0
VERTEX
8
L12
10
-26.893074775842138
20
-53.4662066612836
0
VERTEX
8
L12
10
-26.886606283909288
20
-53.45883075987027
0
VERTEX
8
L12
10
-26.8811558791473
20
-53.45067365269461
0
VERTEX
8
L12
10
-26.876816819492788
20
-53.441874910121996
0
VERTEX
8
L12
10
-26.873663347459456
20
-53.4325850810773
0
VERTEX
8
L12
10
-26.87174941982809
20
-53.42296311711112
0
VERTEX
8
L12
10
-26.871107784431132
20
-53.41317365269461
0
VERTEX
8
L12
10
-26.87174941982809
20
-53.40338418827811
0
VERTEX
8
L12
10
-26.873663347459456
20
-53.39376222431192
0
VERTEX
8
L12
10
-26.876816819492788
20
-53.38447239526723
0
VERTEX
8
L12
10
-26.8811558791473
20
-53.37567365269461
0
VERTEX
8
L12
10
-26.886606283909288
20
-53.36751654551896
0
VERTEX
8
L12
10
-26.893074775842138
20
-53.36014064410562
0
VERTEX
8
L12
10
-26.900450677255478
20
-53.35367215217277
0
VERTEX
8
L12
10
-26.90860778443114
20
-53.348221747410776
0
VERTEX
8
L12
10
-26.91740652700375
20
-53.34388268775626
0
VERTEX
8
L12
10
-26.92669635604844
20
-53.34072921572293
0
VERTEX
8
L12
10
-26.936318320014635
20
-53.338815288091574
0
VERTEX
8
L12
10
-26.946107784431135
20
-53.338173652694614
0
SEQEND
0
POLYLINE
8
L12
66
1
70
1
0
VERTEX
8
L12
10
-26.946107784431135
20
-55.73338323353294
0
VERTEX
8
L12
10
-26.955897248847634
20
-55.7340248689299
0
VERTEX
8
L12
10
-26.965519212813817
20
-55.73593879656126
0
VERTEX
8
L12
10
-26.97480904185852
20
-55.73909226859459
0
VERTEX
8
L12
10
-26.98360778443113
20
-55.7434313282491
0
VERTEX
8
L12
10
-26.991764891606792
20
-55.748881733011096
0
VERTEX
8
L12
10
-26.999140793020132
20
-55.755350224943946
0
VERTEX
8
L12
10
-27.005609284952982
20
-55.762726126357286
0
VERTEX
8
L12
10
-27.01105968971497
20
-55.770883233532935
0
VERTEX
8
L12
10
-27.01539874936948
20
-55.77968197610556
0
VERTEX
8
L12
10
-27.018552221402814
20
-55.78897180515025
0
VERTEX
8
L12
10
-27.020466149034164
20
-55.79859376911644
0
VERTEX
8
L12
10
-27.021107784431138
20
-55.808383233532936
0
VERTEX
8
L12
10
-27.020466149034164
20
-55.81817269794944
0
VERTEX
8
L12
10
-27.018552221402814
20
-55.827794661915625
0
VERTEX
8
L12
10
-27.01539874936948
20
-55.83708449096032
0
VERTEX
8
L12
10
-27.01105968971497
20
-55.84588323353294
0
VERTEX
8
L12
10
-27.005609284952982
20
-55.85404034070859
0
VERTEX
8
L12
10
-26.999140793020132
20
-55.861416242121926
0
VERTEX
8
L12
10
-26.991764891606792
20
-55.86788473405478
0
VERTEX
8
L12
10
-26.98360778443113
20
-55.87333513881677
0
VERTEX
8
L12
10
-26.97480904185852
20
-55.87767419847128
0
VERTEX
8
L12
10
-26.965519212813817
20
-55.880827670504615
0
VERTEX
8
L12
10
-26.955897248847634
20
-55.88274159813597
0
VERTEX
8
L12
10
-26.946107784431135
20
-55.88338323353294
0
VERTEX
8
L12
10
-26.936318320014635
20
-55.88274159813597
0
VERTEX
8
L12
10
-26.92669635604844
20
-55.880827670504615
0
VERTEX
8
L12
10
-26.91740652700375
20
-55.87767419847128
0
VERTEX
8
L12
10
-26.90860778443114
20
-55.87333513881677
0
VERTEX
8
L12
10
-26.900450677255478
20
-55.86788473405478
0
VERTEX
8
L12
10
-26.893074775842138
20
-55.861416242121926
0
VERTEX
8
L12
10
-26.886606283909288
20
-55.85404034070859
0
VERTEX
8
L12
10
-26.8811558791473
20
-55.84588323353294
0
VERTEX
8
L12
10
-26.876816819492788
20
-55.83708449096032
0
VERTEX
8
L12
10
-26.873663347459456
20
-55.827794661915625
0
VERTEX
8
L12
10
-26.87174941982809
20
-55.81817269794944
0
VERTEX
8
L12
10
-26.871107784431132
20
-55.808383233532936
0
VERTEX
8
L12
10
-26.87174941982809
20
-55.79859376911644
0
VERTEX
8
L12
10
-26.873663347459456
20
-55.78897180515025
0
VERTEX
8
L12
10
-26.876816819492788
20
-55.77968197610556
0
VERTEX
8
L12
10
-26.8811558791473
20
-55.770883233532935
0
VERTEX
8
L12
10
-26.886606283909288
20
-55.762726126357286
0
VERTEX
8
L12
10
-26.893074775842138
20
-55.755350224943946
0
VERTEX
8
L12
10
-26.900450677255478
20
-55.748881733011096
0
VERTEX
8
L12
10
-26.90860778443114
20
-55.7434313282491
0
VERTEX
8
L12
10
-26.91740652700375
20
-55.73909226859459
0
VERTEX
8
L12
10
-26.92669635604844
20
-55.73593879656126
0
VERTEX
8
L12
10
-26.936318320014635
20
-55.7340248689299
0
VERTEX
8
L12
10
-26.946107784431135
20
-55.73338323353294
0
SEQEND
0
POLYLINE
8
L12
66
1
70
1
0
VERTEX
8
L12
10
-26.946107784431135
20
-54.29625748502994
0
VERTEX
8
L12
10
-26.955897248847634
20
-54.29689912042691
0
VERTEX
8
L12
10
-26.965519212813817
20
-54.298813048058264
0
VERTEX
8
L12
10
-26.97480904185852
20
-54.3019665200916
0
VERTEX
8
L12
10
-26.98360778443113
20
-54.30630557974611
0
VERTEX
8
L12
10
-26.991764891606792
20
-54.3117559845081
0
VERTEX
8
L12
10
-26.999140793020132
20
-54.31822447644095
0
VERTEX
8
L12
10
-27.005609284952982
20
-54.325600377854286
0
VERTEX
8
L12
10
-27.01105968971497
20
-54.33375748502994
0
VERTEX
8
L12
10
-27.01539874936948
20
-54.342556227602564
0
VERTEX
8
L12
10
-27.018552221402814
20
-54.351846056647254
0
VERTEX
8
L12
10
-27.020466149034164
20
-54.36146802061344
0
VERTEX
8
L12
10
-27.021107784431138
20
-54.37125748502994
0
VERTEX
8
L12
10
-27.020466149034164
20
-54.38104694944645
0
VERTEX
8
L12
10
-27.018552221402814
20
-54.39066891341263
0
VERTEX
8
L12
10
-27.01539874936948
20
-54.39995874245732
0
VERTEX
8
L12
10
-27.01105968971497
20
-54.408757485029945
0
VERTEX
8
L12
10
-27.005609284952982
20
-54.4169145922056
0
VERTEX
8
L12
10
-26.999140793020132
20
-54.42429049361893
0
VERTEX
8
L12
10
-26.991764891606792
20
-54.43075898555178
0
VERTEX
8
L12
10
-26.98360778443113
20
-54.43620939031378
0
VERTEX
8
L12
10
-26.97480904185852
20
-54.44054844996829
0
VERTEX
8
L12
10
-26.965519212813817
20
-54.44370192200162
0
VERTEX
8
L12
10
-26.955897248847634
20
-54.44561584963298
0
VERTEX
8
L12
10
-26.946107784431135
20
-54.446257485029946
0
VERTEX
8
L12
10
-26.936318320014635
20
-54.44561584963298
0
VERTEX
8
L12
10
-26.92669635604844
20
-54.44370192200162
0
VERTEX
8
L12
10
-26.91740652700375
20
-54.44054844996829
0
VERTEX
8
L12
10
-26.90860778443114
20
-54.43620939031378
0
VERTEX
8
L12
10
-26.900450677255478
20
-54.43075898555178
0
VERTEX
8
L12
10
-26.893074775842138
20
-54.42429049361893
0
VERTEX
8
L12
10
-26.886606283909288
20
-54.4169145922056
0
VERTEX
8
L12
10
-26.8811558791473
20
-54.408757485029945
0
VERTEX
8
L12
10
-26.876816819492788
20
-54.39995874245732
0
VERTEX
8
L12
10
-26.873663347459456
20
-54.39066891341263
0
VERTEX
8
L12
10
-26.87174941982809
20
-54.38104694944645
0
VERTEX
8
L12
10
-26.871107784431132
20
-54.37125748502994
0
VERTEX
8
L12
10
-26.87174941982809
20
-54.36146802061344
0
VERTEX
8
L12
10
-26.873663347459456
20
-54.351846056647254
0
VERTEX
8
L12
10
-26.876816819492788
20
-54.342556227602564
0
VERTEX
8
L12
10
-26.8811558791473
20
-54.33375748502994
0
VERTEX
8
L12
10
-26.886606283909288
20
-54.325600377854286
0
VERTEX
8
L12
10
-26.893074775842138
20
-54.31822447644095
0
VERTEX
8
L12
10
-26.900450677255478
20
-54.3117559845081
0
VERTEX
8
L12
10
-26.90860778443114
20
-54.30630557974611
0
VERTEX
8
L12
10
-26.91740652700375
20
-54.3019665200916
0
VERTEX
8
L12
10
-26.92669635604844
20
-54.298813048058264
0
VERTEX
8
L12
10
-26.936318320014635
20
-54.29689912042691
0
VERTEX
8
L12
10
-26.946107784431135
20
-54.29625748502994
0
SEQEND
0
POLYLINE
8
L12
66
1
70
1
0
VERTEX
8
L12
10
-26.946107784431135
20
-56.69146706586827
0
VERTEX
8
L12
10
-26.955897248847634
20
-56.692108701265234
0
VERTEX
8
L12
10
-26.965519212813817
20
-56.69402262889659
0
VERTEX
8
L12
10
-26.97480904185852
20
-56.69717610092992
0
VERTEX
8
L12
10
-26.98360778443113
20
-56.701515160584435
0
VERTEX
8
L12
10
-26.991764891606792
20
-56.70696556534642
0
VERTEX
8
L12
10
-26.999140793020132
20
-56.71343405727928
0
VERTEX
8
L12
10
-27.005609284952982
20
-56.72080995869261
0
VERTEX
8
L12
10
-27.01105968971497
20
-56.72896706586827
0
VERTEX
8
L12
10
-27.01539874936948
20
-56.737765808440884
0
VERTEX
8
L12
10
-27.018552221402814
20
-56.74705563748558
0
VERTEX
8
L12
10
-27.020466149034164
20
-56.75667760145176
0
VERTEX
8
L12
10
-27.021107784431138
20
-56.76646706586827
0
VERTEX
8
L12
10
-27.020466149034164
20
-56.77625653028477
0
VERTEX
8
L12
10
-27.018552221402814
20
-56.78587849425096
0
VERTEX
8
L12
10
-27.01539874936948
20
-56.79516832329565
0
VERTEX
8
L12
10
-27.01105968971497
20
-56.80396706586827
0
VERTEX
8
L12
10
-27.005609284952982
20
-56.81212417304392
0
VERTEX
8
L12
10
-26.999140793020132
20
-56.81950007445726
0
VERTEX
8
L12
10
-26.991764891606792
20
-56.82596856639011
0
VERTEX
8
L12
10
-26.98360778443113
20
-56.831418971152104
0
VERTEX
8
L12
10
-26.97480904185852
20
-56.835758030806616
0
VERTEX
8
L12
10
-26.965519212813817
20
-56.83891150283995
0
VERTEX
8
L12
10
-26.955897248847634
20
-56.840825430471305
0
VERTEX
8
L12
10
-26.946107784431135
20
-56.841467065868265
0
VERTEX
8
L12
10
-26.936318320014635
20
-56.840825430471305
0
VERTEX
8
L12
10
-26.92669635604844
20
-56.83891150283995
0
VERTEX
8
L12
10
-26.91740652700375
20
-56.835758030806616
0
VERTEX
8
L12
10
-26.90860778443114
20
-56.831418971152104
0
VERTEX
8
L12
10
-26.900450677255478
20
-56.82596856639011
0
VERTEX
8
L12
10
-26.893074775842138
20
-56.81950007445726
0
VERTEX
8
L12
10
-26.886606283909288
20
-56.81212417304392
0
VERTEX
8
L12
10
-26.8811558791473
20
-56.80396706586827
0
VERTEX
8
L12
10
-26.876816819492788
20
-56.79516832329565
0
VERTEX
8
L12
10
-26.873663347459456
20
-56.78587849425096
0
VERTEX
8
L12
10
-26.87174941982809
20
-56.77625653028477
0
VERTEX
8
L12
10
-26.871107784431132
20
-56.76646706586827
0
VERTEX
8
L12
10
-26.87174941982809
20
-56.75667760145176
0
VERTEX
8
L12
10
-26.873663347459456
20
-56.74705563748558
0
VERTEX
8
L12
10
-26.876816819492788
20
-56.737765808440884
0
VERTEX
8
L12
10
-26.8811558791473
20
-56.72896706586827
0
VERTEX
8
L12
10
-26.886606283909288
20
-56.72080995869261
0
VERTEX
8
L12
10
-26.893074775842138
20
-56.71343405727928
0
VERTEX
8
L12
10
-26.900450677255478
20
-56.70696556534642
0
VERTEX
8
L12
10
-26.90860778443114
20
-56.701515160584435
0
VERTEX
8
L12
10
-26.91740652700375
20
-56.69717610092992
0
VERTEX
8
L12
10
-26.92669635604844
20
-56.69402262889659
0
VERTEX
8
L12
10
-26.936318320014635
20
-56.692108701265234
0
VERTEX
8
L12
10
-26.946107784431135
20
-56.69146706586827
0
SEQEND
0
POLYLINE
8
L12
66
1
70
1
0
VERTEX
8
L12
10
-26.946107784431135
20
-55.254341317365274
0
VERTEX
8
L12
10
-26.955897248847634
20
-55.254982952762234
0
VERTEX
8
L12
10
-26.965519212813817
20
-55.25689688039359
0
VERTEX
8
L12
10
-26.97480904185852
20
-55.26005035242692
0
VERTEX
8
L12
10
-26.98360778443113
20
-55.26438941208144
0
VERTEX
8
L12
10
-26.991764891606792
20
-55.26983981684343
0
VERTEX
8
L12
10
-26.999140793020132
20
-55.27630830877628
0
VERTEX
8
L12
10
-27.005609284952982
20
-55.28368421018962
0
VERTEX
8
L12
10
-27.01105968971497
20
-55.291841317365275
0
VERTEX
8
L12
10
-27.01539874936948
20
-55.30064005993789
0
VERTEX
8
L12
10
-27.018552221402814
20
-55.30992988898258
0
VERTEX
8
L12
10
-27.020466149034164
20
-55.31955185294877
0
VERTEX
8
L12
10
-27.021107784431138
20
-55.32934131736527
0
VERTEX
8
L12
10
-27.020466149034164
20
-55.339130781781776
0
VERTEX
8
L12
10
-27.018552221402814
20
-55.34875274574796
0
VERTEX
8
L12
10
-27.01539874936948
20
-55.358042574792655
0
VERTEX
8
L12
10
-27.01105968971497
20
-55.36684131736527
0
VERTEX
8
L12
10
-27.005609284952982
20
-55.37499842454093
0
VERTEX
8
L12
10
-26.999140793020132
20
-55.38237432595427
0
VERTEX
8
L12
10
-26.991764891606792
20
-55.38884281788712
0
VERTEX
8
L12
10
-26.98360778443113
20
-55.394293222649104
0
VERTEX
8
L12
10
-26.97480904185852
20
-55.398632282303616
0
VERTEX
8
L12
10
-26.965519212813817
20
-55.401785754336956
0
VERTEX
8
L12
10
-26.955897248847634
20
-55.403699681968305
0
VERTEX
8
L12
10
-26.946107784431135
20
-55.40434131736527
0
VERTEX
8
L12
10
-26.936318320014635
20
-55.403699681968305
0
VERTEX
8
L12
10
-26.92669635604844
20
-55.401785754336956
0
VERTEX
8
L12
10
-26.91740652700375
20
-55.398632282303616
0
VERTEX
8
L12
10
-26.90860778443114
20
-55.394293222649104
0
VERTEX
8
L12
10
-26.900450677255478
20
-55.38884281788712
0
VERTEX
8
L12
10
-26.893074775842138
20
-55.38237432595427
0
VERTEX
8
L12
10
-26.886606283909288
20
-55.37499842454093
0
VERTEX
8
L12
10
-26.8811558791473
20
-55.36684131736527
0
VERTEX
8
L12
10
-26.876816819492788
20
-55.358042574792655
0
VERTEX
8
L12
10
-26.873663347459456
20
-55.34875274574796
0
VERTEX
8
L12
10
-26.87174941982809
20
-55.339130781781776
0
VERTEX
8
L12
10
-26.871107784431132
20
-55.32934131736527
0
VERTEX
8
L12
10
-26.87174941982809
20
-55.31955185294877
0
VERTEX
8
L12
10
-26.873663347459456
20
-55.30992988898258
0
VERTEX
8
L12
10
-26.876816819492788
20
-55.30064005993789
0
VERTEX
8
L12
10
-26.8811558791473
20
-55.291841317365275
0
VERTEX
8
L12
10
-26.886606283909288
20
-55.28368421018962
0
VERTEX
8
L12
10
-26.893074775842138
20
-55.27630830877628
0
VERTEX
8
L12
10
-26.900450677255478
20
-55.26983981684343
0
VERTEX
8
L12
10
-26.90860778443114
20
-55.26438941208144
0
VERTEX
8
L12
10
-26.91740652700375
20
-55.26005035242692
0
VERTEX
8
L12
10
-26.92669635604844
20
-55.25689688039359
0
VERTEX
8
L12
10
-26.936318320014635
20
-55.254982952762234
0
VERTEX
8
L12
10
-26.946107784431135
20
-55.254341317365274
0
SEQEND
0
POLYLINE
8
L12
66
1
70
1
0
VERTEX
8
L12
10
-26.946107784431135
20
-56.2124251497006
0
VERTEX
8
L12
10
-26.955897248847634
20
-56.21306678509757
0
VERTEX
8
L12
10
-26.965519212813817
20
-56.214980712728924
0
VERTEX
8
L12
10
-26.97480904185852
20
-56.218134184762256
0
VERTEX
8
L12
10
-26.98360778443113
20
-56.22247324441677
0
VERTEX
8
L12
10
-26.991764891606792
20
-56.22792364917876
0
VERTEX
8
L12
10
-26.999140793020132
20
-56.23439214111161
0
VERTEX
8
L12
10
-27.005609284952982
20
-56.241768042524946
0
VERTEX
8
L12
10
-27.01105968971497
20
-56.2499251497006
0
VERTEX
8
L12
10
-27.01539874936948
20
-56.258723892273224
0
VERTEX
8
L12
10
-27.018552221402814
20
-56.268013721317914
0
VERTEX
8
L12
10
-27.020466149034164
20
-56.277635685284096
0
VERTEX
8
L12
10
-27.021107784431138
20
-56.2874251497006
0
VERTEX
8
L12
10
-27.020466149034164
20
-56.29721461411711
0
VERTEX
8
L12
10
-27.018552221402814
20
-56.30683657808329
0
VERTEX
8
L12
10
-27.01539874936948
20
-56.31612640712798
0
VERTEX
8
L12
10
-27.01105968971497
20
-56.324925149700604
0
VERTEX
8
L12
10
-27.005609284952982
20
-56.33308225687626
0
VERTEX
8
L12
10
-26.999140793020132
20
-56.34045815828959
0
VERTEX
8
L12
10
-26.991764891606792
20
-56.34692665022244
0
VERTEX
8
L12
10
-26.98360778443113
20
-56.35237705498444
0
VERTEX
8
L12
10
-26.97480904185852
20
-56.35671611463895
0
VERTEX
8
L12
10
-26.965519212813817
20
-56.35986958667228
0
VERTEX
8
L12
10
-26.955897248847634
20
-56.36178351430364
0
VERTEX
8
L12
10
-26.946107784431135
20
-56.362425149700606
0
VERTEX
8
L12
10
-26.936318320014635
20
-56.36178351430364
0
VERTEX
8
L12
10
-26.92669635604844
20
-56.35986958667228
0
VERTEX
8
L12
10
-26.91740652700375
20
-56.35671611463895
0
VERTEX
8
L12
10
-26.90860778443114
20
-56.35237705498444
0
VERTEX
8
L12
10
-26.900450677255478
20
-56.34692665022244
0
VERTEX
8
L12
10
-26.893074775842138
20
-56.34045815828959
0
VERTEX
8
L12
10
-26.886606283909288
20
-56.33308225687626
0
VERTEX
8
L12
10
-26.8811558791473
20
-56.324925149700604
0
VERTEX
8
L12
10
-26.876816819492788
20
-56.31612640712798
0
VERTEX
8
L12
10
-26.873663347459456
20
-56.30683657808329
0
VERTEX
8
L12
10
-26.87174941982809
20
-56.29721461411711
0
VERTEX
8
L12
10
-26.871107784431132
20
-56.2874251497006
0
VERTEX
8
L12
10
-26.87174941982809
20
-56.277635685284096
0
VERTEX
8
L12
10
-26.873663347459456
20
-56.268013721317914
0
VERTEX
8
L12
10
-26.876816819492788
20
-56.258723892273224
0
VERTEX
8
L12
10
-26.8811558791473
20
-56.2499251497006
0
VERTEX
8
L12
10
-26.886606283909288
20
-56.241768042524946
0
VERTEX
8
L12
10
-26.893074775842138
20
-56.23439214111161
0
VERTEX
8
L12
10
-26.900450677255478
20
-56.22792364917876
0
VERTEX
8
L12
10
-26.90860778443114
20
-56.22247324441677
0
VERTEX
8
L12
10
-26.91740652700375
20
-56.218134184762256
0
VERTEX
8
L12
10
-26.92669635604844
20
-56.214980712728924
0
VERTEX
8
L12
10
-26.936318320014635
20
-56.21306678509757
0
VERTEX
8
L12
10
-26.946107784431135
20
-56.2124251497006
0
SEQEND
0
POLYLINE
8
L12
66
1
70
1
0
VERTEX
8
L12
10
-11.730496956209365
20
-56.04198137543736
0
VERTEX
8
L12
10
-11.750655103595548
20
-56.03057104507028
0
VERTEX
8
L12
10
-11.772962538685945
20
-56.02433206399831
0
VERTEX
8
L12
10
-11.946675137507512
20
-55.72345301692451
0
VERTEX
8
L12
10
-11.94031443132296
20
-55.69472720376204
0
VERTEX
8
L12
10
-11.94297038986383
20
-55.66542572241315
0
VERTEX
8
L12
10
-11.954392548138344
20
-55.638311791946265
0
VERTEX
8
L12
10
-11.973503761780606
20
-55.615942338709075
0
VERTEX
8
L12
10
-11.99850178504991
20
-55.6004268703746
0
VERTEX
8
L12
10
-12.027029228101384
20
-55.59322854293304
0
VERTEX
8
L12
10
-12.056395866039026
20
-55.59502618061895
0
VERTEX
8
L12
10
-12.083832335329333
20
-55.605650260715265
0
VERTEX
8
L12
10
-12.106751293229735
20
-55.62409890006266
0
VERTEX
8
L12
10
-12.122991412101356
20
-55.64863233569746
0
VERTEX
8
L12
10
-12.131021199197946
20
-55.67693698980582
0
VERTEX
8
L12
10
-12.130083421103322
20
-55.70634364716867
0
VERTEX
8
L12
10
-12.120266513152288
20
-55.734079170298614
0
VERTEX
8
L12
10
-12.10249623970877
20
-55.75752801476383
0
VERTEX
8
L12
10
-12.07844839176255
20
-55.77447888300607
0
VERTEX
8
L12
10
-12.050390754727218
20
-55.78333325644547
0
VERTEX
8
L12
10
-11.876678155905637
20
-56.084212303519266
0
VERTEX
8
L12
10
-11.882934668985158
20
-56.11148095079102
0
VERTEX
8
L12
10
-11.881046994331498
20
-56.1393943841941
0
VERTEX
8
L12
10
-11.871176095761399
20
-56.16557239865976
0
VERTEX
8
L12
10
-11.854163674203221
20
-56.187782769946004
0
VERTEX
8
L12
10
-11.831460395056652
20
-56.20413159852602
0
VERTEX
8
L12
10
-11.805002188571507
20
-56.213224804205794
0
VERTEX
8
L12
10
-11.777045171230313
20
-56.2142870006709
0
VERTEX
8
L12
10
-11.749973264545758
20
-56.207227613416435
0
VERTEX
8
L12
10
-11.726094915801255
20
-56.19264860312143
0
VERTEX
8
L12
10
-11.70744625455113
20
-56.171793135888024
0
VERTEX
8
L12
10
-11.695617469912975
20
-56.14643957728316
0
VERTEX
8
L12
10
-11.691617213626117
20
-56.11874984941189
0
VERTEX
8
L12
10
-11.695786591356509
20
-56.09108508175902
0
VERTEX
8
L12
10
-11.645417243208726
20
-56.04242133715754
0
VERTEX
8
L12
10
-11.601946483675448
20
-55.987507547112855
0
VERTEX
8
L12
10
-11.566142247496543
20
-55.927313793756575
0
VERTEX
8
L12
10
-11.53863703608421
20
-55.86290343265967
0
VERTEX
8
L12
10
-11.519916744039719
20
-55.79541430807474
0
VERTEX
8
L12
10
-11.510312075559511
20
-55.72603865229509
0
VERTEX
8
L12
10
-11.50999270236477
20
-55.65600202421925
0
VERTEX
8
L12
10
-11.518964266357642
20
-55.58654165918282
0
VERTEX
8
L12
10
-11.537068279953928
20
-55.5188846125197
0
VERTEX
8
L12
10
-11.563984925853006
20
-55.454226082958506
0
VERTEX
8
L12
10
-11.599238706785243
20
-55.3937082987835
0
VERTEX
8
L12
10
-11.642206845431403
20
-55.338400339747245
0
VERTEX
8
L12
10
-11.692130286124481
20
-55.28927925119216
0
VERTEX
8
L12
10
-11.748127103983194
20
-55.24721278401022
0
VERTEX
8
L12
10
-11.80920808459733
20
-55.21294406534892
0
VERTEX
8
L12
10
-11.874294199041216
20
-55.1870784708638
0
VERTEX
8
L12
10
-11.942235665509827
20
-55.17007293042646
0
VERTEX
8
L12
10
-12.011832260843107
20
-55.16222785620847
0
VERTEX
8
L12
10
-12.081854523124505
20
-55.16368183573609
0
VERTEX
8
L12
10
-12.151065470798017
20
-55.174409183665844
0
VERTEX
8
L12
10
-12.218242454623876
20
-55.194220395530124
0
VERTEX
8
L12
10
-12.282198756445993
20
-55.22276549543728
0
VERTEX
8
L12
10
-12.341804553217159
20
-55.2595402185871
0
VERTEX
8
L12
10
-12.396006875941026
20
-55.3038949193843
0
VERTEX
8
L12
10
-12.443848210945276
20
-55.35504604778322
0
VERTEX
8
L12
10
-12.484483414884252
20
-55.41208999112788
0
VERTEX
8
L12
10
-12.517194644658375
20
-55.4740190369637
0
VERTEX
8
L12
10
-12.541404038505007
20
-55.53973917482912
0
VERTEX
8
L12
10
-12.556683924242577
20
-55.60808942254863
0
VERTEX
8
L12
10
-12.562764374333469
20
-55.677862335617846
0
VERTEX
8
L12
10
-12.559537974301634
20
-55.747825337370955
0
VERTEX
8
L12
10
-12.547061720268033
20
-55.816742493121616
0
VERTEX
8
L12
10
-12.525556012083044
20
-55.88339634362504
0
VERTEX
8
L12
10
-12.495400759842454
20
-55.946609412161365
0
VERTEX
8
L12
10
-12.457128672568004
20
-56.00526500530582
0
VERTEX
8
L12
10
-12.411415847611082
20
-56.05832693992876
0
VERTEX
8
L12
10
-12.359069827023347
20
-56.1048578479373
0
VERTEX
8
L12
10
-12.301015331884741
20
-56.14403573539531
0
VERTEX
8
L12
10
-12.299961772823522
20
-56.17393951127925
0
VERTEX
8
L12
10
-12.289734792130005
20
-56.20205987160246
0
VERTEX
8
L12
10
-12.271331931857375
20
-56.225653949939996
0
VERTEX
8
L12
10
-12.246548211236657
20
-56.24242037445469
0
VERTEX
8
L12
10
-12.217801040087451
20
-56.25072374423634
0
VERTEX
8
L12
10
-12.187894424107085
20
-56.24975414668334
0
VERTEX
8
L12
10
-12.159745461508834
20
-56.23960615656439
0
VERTEX
8
L12
10
-12.136099808590117
20
-56.22126961117383
0
VERTEX
8
L12
10
-12.119263867784667
20
-56.196533061373835
0
VERTEX
8
L12
10
-12.110879820637678
20
-56.167809315931265
0
VERTEX
8
L12
10
-12.11176544903958
20
-56.137900095594624
0
VERTEX
8
L12
10
-12.121834368592005
20
-56.1097227526067
0
VERTEX
8
L12
10
-12.140104454561893
20
-56.08602571149467
0
VERTEX
8
L12
10
-12.164793638554272
20
-56.06912038710847
0
VERTEX
8
L12
10
-12.19349373187407
20
-56.06065572868375
0
VERTEX
8
L12
10
-12.223405320806293
20
-56.06145738095355
0
VERTEX
8
L12
10
-12.251610822074795
20
-56.07144715057076
0
VERTEX
8
L12
10
-12.275359064587207
20
-56.08965063310525
0
VERTEX
8
L12
10
-12.328898014930985
20
-56.05237978858792
0
VERTEX
8
L12
10
-12.37672190428502
20
-56.00801301428552
0
VERTEX
8
L12
10
-12.41789781608938
20
-55.95741578766164
0
VERTEX
8
L12
10
-12.451622518099427
20
-55.90157512569133
0
VERTEX
8
L12
10
-12.4772381313051
20
-55.84158033079173
0
VERTEX
8
L12
10
-12.494244963396255
20
-55.778601741436525
0
VERTEX
8
L12
10
-12.502311256427134
20
-55.71386790197301
0
VERTEX
8
L12
10
-12.501279658529285
20
-55.64864159699775
0
VERTEX
8
L12
10
-12.491170293426961
20
-55.58419521779631
0
VERTEX
8
L12
10
-12.47218036787693
20
-55.52178594138204
0
VERTEX
8
L12
10
-12.444680324690424
20
-55.46263120632483
0
VERTEX
8
L12
10
-12.40920661638178
20
-55.40788496377083
0
VERTEX
8
L12
10
-12.366451240410214
20
-55.35861516693263
0
VERTEX
8
L12
10
-12.317248240154655
20
-55.31578293816969
0
VERTEX
8
L12
10
-12.26255743495139
20
-55.280223820054
0
VERTEX
8
L12
10
-12.203445696578086
20
-55.252631476162364
0
VERTEX
8
L12
10
-12.141066137430258
20
-55.23354415954974
0
VERTEX
8
L12
10
-12.076635616373153
20
-55.22333421286733
0
VERTEX
8
L12
10
-12.011411001070016
20
-55.22220080495031
0
VERTEX
8
L12
10
-11.946664649845417
20
-55.23016604556493
0
VERTEX
8
L12
10
-11.883659591367007
20
-55.24707455410594
0
VERTEX
8
L12
10
-11.823624886324112
20
-55.272596490657875
0
VERTEX
8
L12
10
-11.767731651730898
20
-55.306233990292284
0
VERTEX
8
L12
10
-11.717070215556163
20
-55.34733087508496
0
VERTEX
8
L12
10
-11.672628847332106
20
-55.39508545439754
0
VERTEX
8
L12
10
-11.635274479650818
20
-55.448566163724166
0
VERTEX
8
L12
10
-11.605735796621161
20
-55.50672973703102
0
VERTEX
8
L12
10
-11.584589019184804
20
-55.568441558094776
0
VERTEX
8
L12
10
-11.572246664582124
20
-55.632497793839704
0
VERTEX
8
L12
10
-11.568949499240759
20
-55.697648877910964
0
VERTEX
8
L12
10
-11.574761842064746
20
-55.76262388638226
0
VERTEX
8
L12
10
-11.589570309744047
20
-55.826155330092746
0
VERTEX
8
L12
10
-11.613086028560701
20
-55.887003879980846
0
VERTEX
8
L12
10
-11.644850269544733
20
-55.943982543089554
0
VERTEX
8
L12
10
-11.684243397053223
20
-55.99597981763398
0
VERTEX
8
L12
10
-11.730496956209365
20
-56.04198137543736
0
SEQEND
0
POLYLINE
8
L12
66
1
70
1
0
VERTEX
8
L12
10
-20.059970276730155
20
-56.08965063310525
0
VERTEX
8
L12
10
-20.083718519242566
20
-56.07144715057076
0
VERTEX
8
L12
10
-20.11192402051107
20
-56.06145738095355
0
VERTEX
8
L12
10
-20.14183560944329
20
-56.060655728683756
0
VERTEX
8
L12
10
-20.17053570276309
20
-56.06912038710847
0
VERTEX
8
L12
10
-20.19522488675547
20
-56.08602571149467
0
VERTEX
8
L12
10
-20.213494972725357
20
-56.1097227526067
0
VERTEX
8
L12
10
-20.22356389227778
20
-56.137900095594624
0
VERTEX
8
L12
10
-20.224449520679684
20
-56.16780931593127
0
VERTEX
8
L12
10
-20.216065473532694
20
-56.196533061373835
0
VERTEX
8
L12
10
-20.199229532727244
20
-56.221269611173824
0
VERTEX
8
L12
10
-20.175583879808528
20
-56.239606156564385
0
VERTEX
8
L12
10
-20.147434917210276
20
-56.24975414668334
0
VERTEX
8
L12
10
-20.117528301229896
20
-56.25072374423634
0
VERTEX
8
L12
10
-20.088781130080704
20
-56.24242037445468
0
VERTEX
8
L12
10
-20.063997409459986
20
-56.225653949939996
0
VERTEX
8
L12
10
-20.045594549187356
20
-56.20205987160246
0
VERTEX
8
L12
10
-20.03536756849384
20
-56.17393951127925
0
VERTEX
8
L12
10
-20.03431400943262
20
-56.14403573539531
0
VERTEX
8
L12
10
-19.976259514294014
20
-56.1048578479373
0
VERTEX
8
L12
10
-19.92391349370628
20
-56.05832693992876
0
VERTEX
8
L12
10
-19.878200668749358
20
-56.00526500530582
0
VERTEX
8
L12
10
-19.839928581474908
20
-55.946609412161365
0
VERTEX
8
L12
10
-19.809773329234318
20
-55.88339634362504
0
VERTEX
8
L12
10
-19.78826762104933
20
-55.816742493121616
0
VERTEX
8
L12
10
-19.775791367015728
20
-55.747825337370955
0
VERTEX
8
L12
10
-19.772564966983893
20
-55.677862335617846
0
VERTEX
8
L12
10
-19.778645417074785
20
-55.60808942254863
0
VERTEX
8
L12
10
-19.793925302812355
20
-55.53973917482912
0
VERTEX
8
L12
10
-19.818134696658987
20
-55.4740190369637
0
VERTEX
8
L12
10
-19.85084592643311
20
-55.41208999112788
0
VERTEX
8
L12
10
-19.891481130372085
20
-55.35504604778322
0
VERTEX
8
L12
10
-19.939322465376335
20
-55.3038949193843
0
VERTEX
8
L12
10
-19.993524788100203
20
-55.2595402185871
0
VERTEX
8
L12
10
-20.05313058487137
20
-55.22276549543728
0
VERTEX
8
L12
10
-20.117086886693485
20
-55.194220395530124
0
VERTEX
8
L12
10
-20.184263870519345
20
-55.174409183665844
0
VERTEX
8
L12
10
-20.253474818192856
20
-55.16368183573609
0
VERTEX
8
L12
10
-20.323497080474255
20
-55.16222785620847
0
VERTEX
8
L12
10
-20.393093675807535
20
-55.17007293042646
0
VERTEX
8
L12
10
-20.461035142276145
20
-55.1870784708638
0
VERTEX
8
L12
10
-20.52612125672003
20
-55.21294406534892
0
VERTEX
8
L12
10
-20.587202237334168
20
-55.24721278401022
0
VERTEX
8
L12
10
-20.64319905519288
20
-55.28927925119216
0
VERTEX
8
L12
10
-20.69312249588596
20
-55.338400339747245
0
VERTEX
8
L12
10
-20.73609063453212
20
-55.3937082987835
0
VERTEX
8
L12
10
-20.771344415464355
20
-55.454226082958506
0
VERTEX
8
L12
10
-20.798261061363434
20
-55.5188846125197
0
VERTEX
8
L12
10
-20.81636507495972
20
-55.58654165918282
0
VERTEX
8
L12
10
-20.825336638952592
20
-55.65600202421925
0
VERTEX
8
L12
10
-20.82501726575785
20
-55.72603865229509
0
VERTEX
8
L12
10
-20.815412597277643
20
-55.79541430807474
0
VERTEX
8
L12
10
-20.79669230523315
20
-55.86290343265967
0
VERTEX
8
L12
10
-20.76918709382082
20
-55.927313793756575
0
VERTEX
8
L12
10
-20.733382857641914
20
-55.987507547112855
0
VERTEX
8
L12
10
-20.689912098108636
20
-56.04242133715754
0
VERTEX
8
L12
10
-20.639542749960853
20
-56.09108508175902
0
VERTEX
8
L12
10
-20.643712127691245
20
-56.11874984941189
0
VERTEX
8
L12
10
-20.639711871404387
20
-56.14643957728316
0
VERTEX
8
L12
10
-20.627883086766232
20
-56.17179313588802
0
VERTEX
8
L12
10
-20.609234425516107
20
-56.19264860312143
0
VERTEX
8
L12
10
-20.585356076771603
20
-56.207227613416435
0
VERTEX
8
L12
10
-20.55828417008705
20
-56.2142870006709
0
VERTEX
8
L12
10
-20.530327152745855
20
-56.213224804205794
0
VERTEX
8
L12
10
-20.50386894626071
20
-56.20413159852601
0
VERTEX
8
L12
10
-20.48116566711414
20
-56.187782769946004
0
VERTEX
8
L12
10
-20.464153245555963
20
-56.16557239865976
0
VERTEX
8
L12
10
-20.454282346985863
20
-56.13939438419409
0
VERTEX
8
L12
10
-20.452394672332204
20
-56.11148095079102
0
VERTEX
8
L12
10
-20.458651185411725
20
-56.084212303519266
0
VERTEX
8
L12
10
-20.284938586590144
20
-55.78333325644547
0
VERTEX
8
L12
10
-20.256880949554812
20
-55.77447888300607
0
VERTEX
8
L12
10
-20.23283310160859
20
-55.75752801476383
0
VERTEX
8
L12
10
-20.215062828165074
20
-55.734079170298614
0
VERTEX
8
L12
10
-20.20524592021404
20
-55.70634364716867
0
VERTEX
8
L12
10
-20.204308142119416
20
-55.67693698980582
0
VERTEX
8
L12
10
-20.212337929216005
20
-55.64863233569746
0
VERTEX
8
L12
10
-20.228578048087627
20
-55.62409890006266
0
VERTEX
8
L12
10
-20.25149700598803
20
-55.605650260715265
0
VERTEX
8
L12
10
-20.278933475278336
20
-55.595026180618945
0
VERTEX
8
L12
10
-20.308300113215978
20
-55.59322854293304
0
VERTEX
8
L12
10
-20.33682755626745
20
-55.6004268703746
0
VERTEX
8
L12
10
-20.361825579536756
20
-55.615942338709075
0
VERTEX
8
L12
10
-20.380936793179018
20
-55.638311791946265
0
VERTEX
8
L12
10
-20.39235895145353
20
-55.66542572241315
0
VERTEX
8
L12
10
-20.3950149099944
20
-55.69472720376204
0
VERTEX
8
L12
10
-20.388654203809836
20
-55.72345301692451
0
VERTEX
8
L12
10
-20.562366802631416
20
-56.02433206399831
0
VERTEX
8
L12
10
-20.584674237721813
20
-56.03057104507028
0
VERTEX
8
L12
10
-20.604832385107997
20
-56.04198137543736
0
VERTEX
8
L12
10
-20.65108594426414
20
-55.99597981763398
0
VERTEX
8
L12
10
-20.69047907177263
20
-55.943982543089554
0
VERTEX
8
L12
10
-20.72224331275666
20
-55.887003879980846
0
VERTEX
8
L12
10
-20.745759031573314
20
-55.826155330092746
0
VERTEX
8
L12
10
-20.760567499252616
20
-55.76262388638226
0
VERTEX
8
L12
10
-20.766379842076603
20
-55.697648877910964
0
VERTEX
8
L12
10
-20.763082676735237
20
-55.632497793839704
0
VERTEX
8
L12
10
-20.750740322132557
20
-55.568441558094776
0
VERTEX
8
L12
10
-20.7295935446962
20
-55.50672973703102
0
VERTEX
8
L12
10
-20.700054861666544
20
-55.448566163724166
0
VERTEX
8
L12
10
-20.662700493985255
20
-55.39508545439754
0
VERTEX
8
L12
10
-20.6182591257612
20
-55.34733087508496
0
VERTEX
8
L12
10
-20.567597689586464
20
-55.306233990292284
0
VERTEX
8
L12
10
-20.51170445499325
20
-55.272596490657875
0
VERTEX
8
L12
10
-20.451669749950355
20
-55.24707455410594
0
VERTEX
8
L12
10
-20.388664691471945
20
-55.23016604556493
0
VERTEX
8
L12
10
-20.323918340247346
20
-55.22220080495031
0
VERTEX
8
L12
10
-20.25869372494421
20
-55.22333421286733
0
VERTEX
8
L12
10
-20.194263203887104
20
-55.23354415954974
0
VERTEX
8
L12
10
-20.131883644739275
20
-55.252631476162364
0
VERTEX
8
L12
10
-20.072771906365972
20
-55.280223820054
0
VERTEX
8
L12
10
-20.018081101162707
20
-55.31578293816969
0
VERTEX
8
L12
10
-19.968878100907148
20
-55.35861516693263
0
VERTEX
8
L12
10
-19.92612272493558
20
-55.40788496377083
0
VERTEX
8
L12
10
-19.890649016626938
20
-55.46263120632483
0
VERTEX
8
L12
10
-19.86314897344043
20
-55.52178594138204
0
VERTEX
8
L12
10
-19.8441590478904
20
-55.58419521779631
0
VERTEX
8
L12
10
-19.834049682788077
20
-55.64864159699775
0
VERTEX
8
L12
10
-19.833018084890227
20
-55.71386790197301
0
VERTEX
8
L12
10
-19.841084377921106
20
-55.778601741436525
0
VERTEX
8
L12
10
-19.85809121001226
20
-55.84158033079173
0
VERTEX
8
L12
10
-19.883706823217935
20
-55.90157512569133
0
VERTEX
8
L12
10
-19.917431525227983
20
-55.95741578766164
0
VERTEX
8
L12
10
-19.95860743703234
20
-56.00801301428552
0
VERTEX
8
L12
10
-20.006431326386377
20
-56.05237978858792
0
VERTEX
8
L12
10
-20.059970276730155
20
-56.08965063310525
0
SEQEND
0
POLYLINE
8
L12
66
1
70
1
0
VERTEX
8
L12
10
-16.16766467065868
20
-53.817215568862274
0
VERTEX
8
L12
10
-16.17745413507518
20
-53.81785720425924
0
VERTEX
8
L12
10
-16.187076099041363
20
-53.8197711318906
0
VERTEX
8
L12
10
-16.196365928086067
20
-53.82292460392393
0
VERTEX
8
L12
10
-16.205164670658675
20
-53.82726366357844
0
VERTEX
8
L12
10
-16.213321777834338
20
-53.83271406834044
0
VERTEX
8
L12
10
-16.220697679247678
20
-53.83918256027329
0
VERTEX
8
L12
10
-16.227166171180528
20
-53.84655846168663
0
VERTEX
8
L12
10
-16.232616575942515
20
-53.854715568862275
0
VERTEX
8
L12
10
-16.236955635597027
20
-53.8635143114349
0
VERTEX
8
L12
10
-16.24010910763036
20
-53.87280414047959
0
VERTEX
8
L12
10
-16.24202303526171
20
-53.88242610444577
0
VERTEX
8
L12
10
-16.242664670658684
20
-53.89221556886228
0
VERTEX
8
L12
10
-16.24202303526171
20
-53.90200503327878
0
VERTEX
8
L12
10
-16.24010910763036
20
-53.911626997244966
0
VERTEX
8
L12
10
-16.236955635597027
20
-53.920916826289655
0
VERTEX
8
L12
10
-16.232616575942515
20
-53.92971556886228
0
VERTEX
8
L12
10
-16.227166171180528
20
-53.937872676037934
0
VERTEX
8
L12
10
-16.220697679247678
20
-53.94524857745127
0
VERTEX
8
L12
10
-16.213321777834338
20
-53.95171706938412
0
VERTEX
8
L12
10
-16.205164670658675
20
-53.95716747414611
0
VERTEX
8
L12
10
-16.196365928086067
20
-53.96150653380062
0
VERTEX
8
L12
10
-16.187076099041363
20
-53.964660005833956
0
VERTEX
8
L12
10
-16.17745413507518
20
-53.96657393346531
0
VERTEX
8
L12
10
-16.16766467065868
20
-53.96721556886228
0
VERTEX
8
L12
10
-16.15787520624218
20
-53.96657393346531
0
VERTEX
8
L12
10
-16.148253242275985
20
-53.964660005833956
0
VERTEX
8
L12
10
-16.138963413231295
20
-53.96150653380062
0
VERTEX
8
L12
10
-16.130164670658687
20
-53.95716747414611
0
VERTEX
8
L12
10
-16.122007563483024
20
-53.95171706938412
0
VERTEX
8
L12
10
-16.114631662069684
20
-53.94524857745127
0
VERTEX
8
L12
10
-16.108163170136834
20
-53.937872676037934
0
VERTEX
8
L12
10
-16.102712765374847
20
-53.92971556886228
0
VERTEX
8
L12
10
-16.098373705720334
20
-53.920916826289655
0
VERTEX
8
L12
10
-16.095220233687
20
-53.911626997244966
0
VERTEX
8
L12
10
-16.093306306055638
20
-53.90200503327878
0
VERTEX
8
L12
10
-16.092664670658678
20
-53.89221556886228
0
VERTEX
8
L12
10
-16.093306306055638
20
-53.88242610444577
0
VERTEX
8
L12
10
-16.095220233687
20
-53.87280414047959
0
VERTEX
8
L12
10
-16.098373705720334
20
-53.8635143114349
0
VERTEX
8
L12
10
-16.102712765374847
20
-53.854715568862275
0
VERTEX
8
L12
10
-16.108163170136834
20
-53.84655846168663
0
VERTEX
8
L12
10
-16.114631662069684
20
-53.83918256027329
0
VERTEX
8
L12
10
-16.122007563483024
20
-53.83271406834044
0
VERTEX
8
L12
10
-16.130164670658687
20
-53.82726366357844
0
VERTEX
8
L12
10
-16.138963413231295
20
-53.82292460392393
0
VERTEX
8
L12
10
-16.148253242275985
20
-53.8197711318906
0
VERTEX
8
L12
10
-16.15787520624218
20
-53.81785720425924
0
VERTEX
8
L12
10
-16.16766467065868
20
-53.817215568862274
0
SEQEND
0
POLYLINE
8
L12
66
1
70
1
0
VERTEX
8
L12
10
-16.16766467065868
20
-54.77529940119761
0
VERTEX
8
L12
10
-16.17745413507518
20
-54.775941036594574
0
VERTEX
8
L12
10
-16.187076099041363
20
-54.77785496422593
0
VERTEX
8
L12
10
-16.196365928086067
20
-54.78100843625926
0
VERTEX
8
L12
10
-16.205164670658675
20
-54.785347495913776
0
VERTEX
8
L12
10
-16.213321777834338
20
-54.79079790067576
0
VERTEX
8
L12
10
-16.220697679247678
20
-54.79726639260861
0
VERTEX
8
L12
10
-16.227166171180528
20
-54.80464229402195
0
VERTEX
8
L12
10
-16.232616575942515
20
-54.81279940119761
0
VERTEX
8
L12
10
-16.236955635597027
20
-54.821598143770224
0
VERTEX
8
L12
10
-16.24010910763036
20
-54.83088797281492
0
VERTEX
8
L12
10
-16.24202303526171
20
-54.8405099367811
0
VERTEX
8
L12
10
-16.242664670658684
20
-54.85029940119761
0
VERTEX
8
L12
10
-16.24202303526171
20
-54.86008886561411
0
VERTEX
8
L12
10
-16.24010910763036
20
-54.8697108295803
0
VERTEX
8
L12
10
-16.236955635597027
20
-54.87900065862499
0
VERTEX
8
L12
10
-16.232616575942515
20
-54.887799401197604
0
VERTEX
8
L12
10
-16.227166171180528
20
-54.89595650837326
0
VERTEX
8
L12
10
-16.220697679247678
20
-54.9033324097866
0
VERTEX
8
L12
10
-16.213321777834338
20
-54.90980090171945
0
VERTEX
8
L12
10
-16.205164670658675
20
-54.91525130648144
0
VERTEX
8
L12
10
-16.196365928086067
20
-54.91959036613596
0
VERTEX
8
L12
10
-16.187076099041363
20
-54.92274383816929
0
VERTEX
8
L12
10
-16.17745413507518
20
-54.924657765800646
0
VERTEX
8
L12
10
-16.16766467065868
20
-54.925299401197606
0
VERTEX
8
L12
10
-16.15787520624218
20
-54.924657765800646
0
VERTEX
8
L12
10
-16.148253242275985
20
-54.92274383816929
0
VERTEX
8
L12
10
-16.138963413231295
20
-54.91959036613596
0
VERTEX
8
L12
10
-16.130164670658687
20
-54.91525130648144
0
VERTEX
8
L12
10
-16.122007563483024
20
-54.90980090171945
0
VERTEX
8
L12
10
-16.114631662069684
20
-54.9033324097866
0
VERTEX
8
L12
10
-16.108163170136834
20
-54.89595650837326
0
VERTEX
8
L12
10
-16.102712765374847
20
-54.887799401197604
0
VERTEX
8
L12
10
-16.098373705720334
20
-54.87900065862499
0
VERTEX
8
L12
10
-16.095220233687
20
-54.8697108295803
0
VERTEX
8
L12
10
-16.093306306055638
20
-54.86008886561411
0
VERTEX
8
L12
10
-16.092664670658678
20
-54.85029940119761
0
VERTEX
8
L12
10
-16.093306306055638
20
-54.8405099367811
0
VERTEX
8
L12
10
-16.095220233687
20
-54.83088797281492
0
VERTEX
8
L12
10
-16.098373705720334
20
-54.821598143770224
0
VERTEX
8
L12
10
-16.102712765374847
20
-54.81279940119761
0
VERTEX
8
L12
10
-16.108163170136834
20
-54.80464229402195
0
VERTEX
8
L12
10
-16.114631662069684
20
-54.79726639260861
0
VERTEX
8
L12
10
-16.122007563483024
20
-54.79079790067576
0
VERTEX
8
L12
10
-16.130164670658687
20
-54.785347495913776
0
VERTEX
8
L12
10
-16.138963413231295
20
-54.78100843625926
0
VERTEX
8
L12
10
-16.148253242275985
20
-54.77785496422593
0
VERTEX
8
L12
10
-16.15787520624218
20
-54.775941036594574
0
VERTEX
8
L12
10
-16.16766467065868
20
-54.77529940119761
0
SEQEND
0
POLYLINE
8
L12
66
1
70
1
0
VERTEX
8
L12
10
-16.16766467065868
20
-53.338173652694614
0
VERTEX
8
L12
10
-16.17745413507518
20
-53.338815288091574
0
VERTEX
8
L12
10
-16.187076099041363
20
-53.34072921572293
0
VERTEX
8
L12
10
-16.196365928086067
20
-53.34388268775626
0
VERTEX
8
L12
10
-16.205164670658675
20
-53.348221747410776
0
VERTEX
8
L12
10
-16.213321777834338
20
-53.35367215217277
0
VERTEX
8
L12
10
-16.220697679247678
20
-53.36014064410562
0
VERTEX
8
L12
10
-16.227166171180528
20
-53.36751654551896
0
VERTEX
8
L12
10
-16.232616575942515
20
-53.37567365269461
0
VERTEX
8
L12
10
-16.236955635597027
20
-53.38447239526723
0
VERTEX
8
L12
10
-16.24010910763036
20
-53.39376222431192
0
VERTEX
8
L12
10
-16.24202303526171
20
-53.40338418827811
0
VERTEX
8
L12
10
-16.242664670658684
20
-53.41317365269461
0
VERTEX
8
L12
10
-16.24202303526171
20
-53.42296311711112
0
VERTEX
8
L12
10
-16.24010910763036
20
-53.4325850810773
0
VERTEX
8
L12
10
-16.236955635597027
20
-53.441874910121996
0
VERTEX
8
L12
10
-16.232616575942515
20
-53.45067365269461
0
VERTEX
8
L12
10
-16.227166171180528
20
-53.45883075987027
0
VERTEX
8
L12
10
-16.220697679247678
20
-53.4662066612836
0
VERTEX
8
L12
10
-16.213321777834338
20
-53.47267515321646
0
VERTEX
8
L12
10
-16.205164670658675
20
-53.478125557978444
0
VERTEX
8
L12
10
-16.196365928086067
20
-53.48246461763296
0
VERTEX
8
L12
10
-16.187076099041363
20
-53.48561808966629
0
VERTEX
8
L12
10
-16.17745413507518
20
-53.487532017297646
0
VERTEX
8
L12
10
-16.16766467065868
20
-53.48817365269461
0
VERTEX
8
L12
10
-16.15787520624218
20
-53.487532017297646
0
VERTEX
8
L12
10
-16.148253242275985
20
-53.48561808966629
0
VERTEX
8
L12
10
-16.138963413231295
20
-53.48246461763296
0
VERTEX
8
L12
10
-16.130164670658687
20
-53.478125557978444
0
VERTEX
8
L12
10
-16.122007563483024
20
-53.47267515321646
0
VERTEX
8
L12
10
-16.114631662069684
20
-53.4662066612836
0
VERTEX
8
L12
10
-16.108163170136834
20
-53.45883075987027
0
VERTEX
8
L12
10
-16.102712765374847
20
-53.45067365269461
0
VERTEX
8
L12
10
-16.098373705720334
20
-53.441874910121996
0
VERTEX
8
L12
10
-16.095220233687
20
-53.4325850810773
0
VERTEX
8
L12
10
-16.093306306055638
20
-53.42296311711112
0
VERTEX
8
L12
10
-16.092664670658678
20
-53.41317365269461
0
VERTEX
8
L12
10
-16.093306306055638
20
-53.40338418827811
0
VERTEX
8
L12
10
-16.095220233687
20
-53.39376222431192
0
VERTEX
8
L12
10
-16.098373705720334
20
-53.38447239526723
0
VERTEX
8
L12
10
-16.102712765374847
20
-53.37567365269461
0
VERTEX
8
L12
10
-16.108163170136834
20
-53.36751654551896
0
VERTEX
8
L12
10
-16.114631662069684
20
-53.36014064410562
0
VERTEX
8
L12
10
-16.122007563483024
20
-53.35367215217277
0
VERTEX
8
L12
10
-16.130164670658687
20
-53.348221747410776
0
VERTEX
8
L12
10
-16.138963413231295
20
-53.34388268775626
0
VERTEX
8
L12
10
-16.148253242275985
20
-53.34072921572293
0
VERTEX
8
L12
10
-16.15787520624218
20
-53.338815288091574
0
VERTEX
8
L12
10
-16.16766467065868
20
-53.338173652694614
0
SEQEND
0
POLYLINE
8
L12
66
1
70
1
0
VERTEX
8
L12
10
-16.16766467065868
20
-55.73338323353294
0
VERTEX
8
L12
10
-16.17745413507518
20
-55.7340248689299
0
VERTEX
8
L12
10
-16.187076099041363
20
-55.73593879656126
0
VERTEX
8
L12
10
-16.196365928086067
20
-55.73909226859459
0
VERTEX
8
L12
10
-16.205164670658675
20
-55.7434313282491
0
VERTEX
8
L12
10
-16.213321777834338
20
-55.748881733011096
0
VERTEX
8
L12
10
-16.220697679247678
20
-55.755350224943946
0
VERTEX
8
L12
10
-16.227166171180528
20
-55.762726126357286
0
VERTEX
8
L12
10
-16.232616575942515
20
-55.770883233532935
0
VERTEX
8
L12
10
-16.236955635597027
20
-55.77968197610556
0
VERTEX
8
L12
10
-16.24010910763036
20
-55.78897180515025
0
VERTEX
8
L12
10
-16.24202303526171
20
-55.79859376911644
0
VERTEX
8
L12
10
-16.242664670658684
20
-55.808383233532936
0
VERTEX
8
L12
10
-16.24202303526171
20
-55.81817269794944
0
VERTEX
8
L12
10
-16.24010910763036
20
-55.827794661915625
0
VERTEX
8
L12
10
-16.236955635597027
20
-55.83708449096032
0
VERTEX
8
L12
10
-16.232616575942515
20
-55.84588323353294
0
VERTEX
8
L12
10
-16.227166171180528
20
-55.85404034070859
0
VERTEX
8
L12
10
-16.220697679247678
20
-55.861416242121926
0
VERTEX
8
L12
10
-16.213321777834338
20
-55.86788473405478
0
VERTEX
8
L12
10
-16.205164670658675
20
-55.87333513881677
0
VERTEX
8
L12
10
-16.196365928086067
20
-55.87767419847128
0
VERTEX
8
L12
10
-16.187076099041363
20
-55.880827670504615
0
VERTEX
8
L12
10
-16.17745413507518
20
-55.88274159813597
0
VERTEX
8
L12
10
-16.16766467065868
20
-55.88338323353294
0
VERTEX
8
L12
10
-16.15787520624218
20
-55.88274159813597
0
VERTEX
8
L12
10
-16.148253242275985
20
-55.880827670504615
0
VERTEX
8
L12
10
-16.138963413231295
20
-55.87767419847128
0
VERTEX
8
L12
10
-16.130164670658687
20
-55.87333513881677
0
VERTEX
8
L12
10
-16.122007563483024
20
-55.86788473405478
0
VERTEX
8
L12
10
-16.114631662069684
20
-55.861416242121926
0
VERTEX
8
L12
10
-16.108163170136834
20
-55.85404034070859
0
VERTEX
8
L12
10
-16.102712765374847
20
-55.84588323353294
0
VERTEX
8
L12
10
-16.098373705720334
20
-55.83708449096032
0
VERTEX
8
L12
10
-16.095220233687
20
-55.827794661915625
0
VERTEX
8
L12
10
-16.093306306055638
20
-55.81817269794944
0
VERTEX
8
L12
10
-16.092664670658678
20
-55.808383233532936
0
VERTEX
8
L12
10
-16.093306306055638
20
-55.79859376911644
0
VERTEX
8
L12
10
-16.095220233687
20
-55.78897180515025
0
VERTEX
8
L12
10
-16.098373705720334
20
-55.77968197610556
0
VERTEX
8
L12
10
-16.102712765374847
20
-55.770883233532935
0
VERTEX
8
L12
10
-16.108163170136834
20
-55.762726126357286
0
VERTEX
8
L12
10
-16.114631662069684
20
-55.755350224943946
0
VERTEX
8
L12
10
-16.122007563483024
20
-55.748881733011096
0
VERTEX
8
L12
10
-16.130164670658687
20
-55.7434313282491
0
VERTEX
8
L12
10
-16.138963413231295
20
-55.73909226859459
0
VERTEX
8
L12
10
-16.148253242275985
20
-55.73593879656126
0
VERTEX
8
L12
10
-16.15787520624218
20
-55.7340248689299
0
VERTEX
8
L12
10
-16.16766467065868
20
-55.73338323353294
0
SEQEND
0
POLYLINE
8
L12
66
1
70
1
0
VERTEX
8
L12
10
-16.16766467065868
20
-54.29625748502994
0
VERTEX
8
L12
10
-16.17745413507518
20
-54.29689912042691
0
VERTEX
8
L12
10
-16.187076099041363
20
-54.298813048058264
0
VERTEX
8
L12
10
-16.196365928086067
20
-54.3019665200916
0
VERTEX
8
L12
10
-16.205164670658675
20
-54.30630557974611
0
VERTEX
8
L12
10
-16.213321777834338
20
-54.3117559845081
0
VERTEX
8
L12
10
-16.220697679247678
20
-54.31822447644095
0
VERTEX
8
L12
10
-16.227166171180528
20
-54.325600377854286
0
VERTEX
8
L12
10
-16.232616575942515
20
-54.33375748502994
0
VERTEX
8
L12
10
-16.236955635597027
20
-54.342556227602564
0
VERTEX
8
L12
10
-16.24010910763036
20
-54.351846056647254
0
VERTEX
8
L12
10
-16.24202303526171
20
-54.36146802061344
0
VERTEX
8
L12
10
-16.242664670658684
20
-54.37125748502994
0
VERTEX
8
L12
10
-16.24202303526171
20
-54.38104694944645
0
VERTEX
8
L12
10
-16.24010910763036
20
-54.39066891341263
0
VERTEX
8
L12
10
-16.236955635597027
20
-54.39995874245732
0
VERTEX
8
L12
10
-16.232616575942515
20
-54.408757485029945
0
VERTEX
8
L12
10
-16.227166171180528
20
-54.4169145922056
0
VERTEX
8
L12
10
-16.220697679247678
20
-54.42429049361893
0
VERTEX
8
L12
10
-16.213321777834338
20
-54.43075898555178
0
VERTEX
8
L12
10
-16.205164670658675
20
-54.43620939031378
0
VERTEX
8
L12
10
-16.196365928086067
20
-54.44054844996829
0
VERTEX
8
L12
10
-16.187076099041363
20
-54.44370192200162
0
VERTEX
8
L12
10
-16.17745413507518
20
-54.44561584963298
0
VERTEX
8
L12
10
-16.16766467065868
20
-54.446257485029946
0
VERTEX
8
L12
10
-16.15787520624218
20
-54.44561584963298
0
VERTEX
8
L12
10
-16.148253242275985
20
-54.44370192200162
0
VERTEX
8
L12
10
-16.138963413231295
20
-54.44054844996829
0
VERTEX
8
L12
10
-16.130164670658687
20
-54.43620939031378
0
VERTEX
8
L12
10
-16.122007563483024
20
-54.43075898555178
0
VERTEX
8
L12
10
-16.114631662069684
20
-54.42429049361893
0
VERTEX
8
L12
10
-16.108163170136834
20
-54.4169145922056
0
VERTEX
8
L12
10
-16.102712765374847
20
-54.408757485029945
0
VERTEX
8
L12
10
-16.098373705720334
20
-54.39995874245732
0
VERTEX
8
L12
10
-16.095220233687
20
-54.39066891341263
0
VERTEX
8
L12
10
-16.093306306055638
20
-54.38104694944645
0
VERTEX
8
L12
10
-16.092664670658678
20
-54.37125748502994
0
VERTEX
8
L12
10
-16.093306306055638
20
-54.36146802061344
0
VERTEX
8
L12
10
-16.095220233687
20
-54.351846056647254
0
VERTEX
8
L12
10
-16.098373705720334
20
-54.342556227602564
0
VERTEX
8
L12
10
-16.102712765374847
20
-54.33375748502994
0
VERTEX
8
L12
10
-16.108163170136834
20
-54.325600377854286
0
VERTEX
8
L12
10
-16.114631662069684
20
-54.31822447644095
0
VERTEX
8
L12
10
-16.122007563483024
20
-54.3117559845081
0
VERTEX
8
L12
10
-16.130164670658687
20
-54.30630557974611
0
VERTEX
8
L12
10
-16.138963413231295
20
-54.3019665200916
0
VERTEX
8
L12
10
-16.148253242275985
20
-54.298813048058264
0
VERTEX
8
L12
10
-16.15787520624218
20
-54.29689912042691
0
VERTEX
8
L12
10
-16.16766467065868
20
-54.29625748502994
0
SEQEND
0
POLYLINE
8
L12
66
1
70
1
0
VERTEX
8
L12
10
-16.16766467065868
20
-56.69146706586827
0
VERTEX
8
L12
10
-16.17745413507518
20
-56.692108701265234
0
VERTEX
8
L12
10
-16.187076099041363
20
-56.69402262889659
0
VERTEX
8
L12
10
-16.196365928086067
20
-56.69717610092992
0
VERTEX
8
L12
10
-16.205164670658675
20
-56.701515160584435
0
VERTEX
8
L12
10
-16.213321777834338
20
-56.70696556534642
0
VERTEX
8
L12
10
-16.220697679247678
20
-56.71343405727928
0
VERTEX
8
L12
10
-16.227166171180528
20
-56.72080995869261
0
VERTEX
8
L12
10
-16.232616575942515
20
-56.72896706586827
0
VERTEX
8
L12
10
-16.236955635597027
20
-56.737765808440884
0
VERTEX
8
L12
10
-16.24010910763036
20
-56.74705563748558
0
VERTEX
8
L12
10
-16.24202303526171
20
-56.75667760145176
0
VERTEX
8
L12
10
-16.242664670658684
20
-56.76646706586827
0
VERTEX
8
L12
10
-16.24202303526171
20
-56.77625653028477
0
VERTEX
8
L12
10
-16.24010910763036
20
-56.78587849425096
0
VERTEX
8
L12
10
-16.236955635597027
20
-56.79516832329565
0
VERTEX
8
L12
10
-16.232616575942515
20
-56.80396706586827
0
VERTEX
8
L12
10
-16.227166171180528
20
-56.81212417304392
0
VERTEX
8
L12
10
-16.220697679247678
20
-56.81950007445726
0
VERTEX
8
L12
10
-16.213321777834338
20
-56.82596856639011
0
VERTEX
8
L12
10
-16.205164670658675
20
-56.831418971152104
0
VERTEX
8
L12
10
-16.196365928086067
20
-56.835758030806616
0
VERTEX
8
L12
10
-16.187076099041363
20
-56.83891150283995
0
VERTEX
8
L12
10
-16.17745413507518
20
-56.840825430471305
0
VERTEX
8
L12
10
-16.16766467065868
20
-56.841467065868265
0
VERTEX
8
L12
10
-16.15787520624218
20
-56.840825430471305
0
VERTEX
8
L12
10
-16.148253242275985
20
-56.83891150283995
0
VERTEX
8
L12
10
-16.138963413231295
20
-56.835758030806616
0
VERTEX
8
L12
10
-16.130164670658687
20
-56.831418971152104
0
VERTEX
8
L12
10
-16.122007563483024
20
-56.82596856639011
0
VERTEX
8
L12
10
-16.114631662069684
20
-56.81950007445726
0
VERTEX
8
L12
10
-16.108163170136834
20
-56.81212417304392
0
VERTEX
8
L12
10
-16.102712765374847
20
-56.80396706586827
0
VERTEX
8
L12
10
-16.098373705720334
20
-56.79516832329565
0
VERTEX
8
L12
10
-16.095220233687
20
-56.78587849425096
0
VERTEX
8
L12
10
-16.093306306055638
20
-56.77625653028477
0
VERTEX
8
L12
10
-16.092664670658678
20
-56.76646706586827
0
VERTEX
8
L12
10
-16.093306306055638
20
-56.75667760145176
0
VERTEX
8
L12
10
-16.095220233687
20
-56.74705563748558
0
VERTEX
8
L12
10
-16.098373705720334
20
-56.737765808440884
0
VERTEX
8
L12
10
-16.102712765374847
20
-56.72896706586827
0
VERTEX
8
L12
10
-16.108163170136834
20
-56.72080995869261
0
VERTEX
8
L12
10
-16.114631662069684
20
-56.71343405727928
0
VERTEX
8
L12
10
-16.122007563483024
20
-56.70696556534642
0
VERTEX
8
L12
10
-16.130164670658687
20
-56.701515160584435
0
VERTEX
8
L12
10
-16.138963413231295
20
-56.69717610092992
0
VERTEX
8
L12
10
-16.148253242275985
20
-56.69402262889659
0
VERTEX
8
L12
10
-16.15787520624218
20
-56.692108701265234
0
VERTEX
8
L12
10
-16.16766467065868
20
-56.69146706586827
0
SEQEND
0
POLYLINE
8
L12
66
1
70
1
0
VERTEX
8
L12
10
-16.16766467065868
20
-55.254341317365274
0
VERTEX
8
L12
10
-16.17745413507518
20
-55.254982952762234
0
VERTEX
8
L12
10
-16.187076099041363
20
-55.25689688039359
0
VERTEX
8
L12
10
-16.196365928086067
20
-55.26005035242692
0
VERTEX
8
L12
10
-16.205164670658675
20
-55.26438941208144
0
VERTEX
8
L12
10
-16.213321777834338
20
-55.26983981684343
0
VERTEX
8
L12
10
-16.220697679247678
20
-55.27630830877628
0
VERTEX
8
L12
10
-16.227166171180528
20
-55.28368421018962
0
VERTEX
8
L12
10
-16.232616575942515
20
-55.291841317365275
0
VERTEX
8
L12
10
-16.236955635597027
20
-55.30064005993789
0
VERTEX
8
L12
10
-16.24010910763036
20
-55.30992988898258
0
VERTEX
8
L12
10
-16.24202303526171
20
-55.31955185294877
0
VERTEX
8
L12
10
-16.242664670658684
20
-55.32934131736527
0
VERTEX
8
L12
10
-16.24202303526171
20
-55.339130781781776
0
VERTEX
8
L12
10
-16.24010910763036
20
-55.34875274574796
0
VERTEX
8
L12
10
-16.236955635597027
20
-55.358042574792655
0
VERTEX
8
L12
10
-16.232616575942515
20
-55.36684131736527
0
VERTEX
8
L12
10
-16.227166171180528
20
-55.37499842454093
0
VERTEX
8
L12
10
-16.220697679247678
20
-55.38237432595427
0
VERTEX
8
L12
10
-16.213321777834338
20
-55.38884281788712
0
VERTEX
8
L12
10
-16.205164670658675
20
-55.394293222649104
0
VERTEX
8
L12
10
-16.196365928086067
20
-55.398632282303616
0
VERTEX
8
L12
10
-16.187076099041363
20
-55.401785754336956
0
VERTEX
8
L12
10
-16.17745413507518
20
-55.403699681968305
0
VERTEX
8
L12
10
-16.16766467065868
20
-55.40434131736527
0
VERTEX
8
L12
10
-16.15787520624218
20
-55.403699681968305
0
VERTEX
8
L12
10
-16.148253242275985
20
-55.401785754336956
0
VERTEX
8
L12
10
-16.138963413231295
20
-55.398632282303616
0
VERTEX
8
L12
10
-16.130164670658687
20
-55.394293222649104
0
VERTEX
8
L12
10
-16.122007563483024
20
-55.38884281788712
0
VERTEX
8
L12
10
-16.114631662069684
20
-55.38237432595427
0
VERTEX
8
L12
10
-16.108163170136834
20
-55.37499842454093
0
VERTEX
8
L12
10
-16.102712765374847
20
-55.36684131736527
0
VERTEX
8
L12
10
-16.098373705720334
20
-55.358042574792655
0
VERTEX
8
L12
10
-16.095220233687
20
-55.34875274574796
0
VERTEX
8
L12
10
-16.093306306055638
20
-55.339130781781776
0
VERTEX
8
L12
10
-16.092664670658678
20
-55.32934131736527
0
VERTEX
8
L12
10
-16.093306306055638
20
-55.31955185294877
0
VERTEX
8
L12
10
-16.095220233687
20
-55.30992988898258
0
VERTEX
8
L12
10
-16.098373705720334
20
-55.30064005993789
0
VERTEX
8
L12
10
-16.102712765374847
20
-55.291841317365275
0
VERTEX
8
L12
10
-16.108163170136834
20
-55.28368421018962
0
VERTEX
8
L12
10
-16.114631662069684
20
-55.27630830877628
0
VERTEX
8
L12
10
-16.122007563483024
20
-55.26983981684343
0
VERTEX
8
L12
10
-16.130164670658687
20
-55.26438941208144
0
VERTEX
8
L12
10
-16.138963413231295
20
-55.26005035242692
0
VERTEX
8
L12
10
-16.148253242275985
20
-55.25689688039359
0
VERTEX
8
L12
10
-16.15787520624218
20
-55.254982952762234
0
VERTEX
8
L12
10
-16.16766467065868
20
-55.254341317365274
0
SEQEND
0
POLYLINE
8
L12
66
1
70
1
0
VERTEX
8
L12
10
-16.16766467065868
20
-56.2124251497006
0
VERTEX
8
L12
10
-16.17745413507518
20
-56.21306678509757
0
VERTEX
8
L12
10
-16.187076099041363
20
-56.214980712728924
0
VERTEX
8
L12
10
-16.196365928086067
20
-56.218134184762256
0
VERTEX
8
L12
10
-16.205164670658675
20
-56.22247324441677
0
VERTEX
8
L12
10
-16.213321777834338
20
-56.22792364917876
0
VERTEX
8
L12
10
-16.220697679247678
20
-56.23439214111161
0
VERTEX
8
L12
10
-16.227166171180528
20
-56.241768042524946
0
VERTEX
8
L12
10
-16.232616575942515
20
-56.2499251497006
0
VERTEX
8
L12
10
-16.236955635597027
20
-56.258723892273224
0
VERTEX
8
L12
10
-16.24010910763036
20
-56.268013721317914
0
VERTEX
8
L12
10
-16.24202303526171
20
-56.277635685284096
0
VERTEX
8
L12
10
-16.242664670658684
20
-56.2874251497006
0
VERTEX
8
L12
10
-16.24202303526171
20
-56.29721461411711
0
VERTEX
8
L12
10
-16.24010910763036
20
-56.30683657808329
0
VERTEX
8
L12
10
-16.236955635597027
20
-56.31612640712798
0
VERTEX
8
L12
10
-16.232616575942515
20
-56.324925149700604
0
VERTEX
8
L12
10
-16.227166171180528
20
-56.33308225687626
0
VERTEX
8
L12
10
-16.220697679247678
20
-56.34045815828959
0
VERTEX
8
L12
10
-16.213321777834338
20
-56.34692665022244
0
VERTEX
8
L12
10
-16.205164670658675
20
-56.35237705498444
0
VERTEX
8
L12
10
-16.196365928086067
20
-56.35671611463895
0
VERTEX
8
L12
10
-16.187076099041363
20
-56.35986958667228
0
VERTEX
8
L12
10
-16.17745413507518
20
-56.36178351430364
0
VERTEX
8
L12
10
-16.16766467065868
20
-56.362425149700606
0
VERTEX
8
L12
10
-16.15787520624218
20
-56.36178351430364
0
VERTEX
8
L12
10
-16.148253242275985
20
-56.35986958667228
0
VERTEX
8
L12
10
-16.138963413231295
20
-56.35671611463895
0
VERTEX
8
L12
10
-16.130164670658687
20
-56.35237705498444
0
VERTEX
8
L12
10
-16.122007563483024
20
-56.34692665022244
0
VERTEX
8
L12
10
-16.114631662069684
20
-56.34045815828959
0
VERTEX
8
L12
10
-16.108163170136834
20
-56.33308225687626
0
VERTEX
8
L12
10
-16.102712765374847
20
-56.324925149700604
0
VERTEX
8
L12
10
-16.098373705720334
20
-56.31612640712798
0
VERTEX
8
L12
10
-16.095220233687
20
-56.30683657808329
0
VERTEX
8
L12
10
-16.093306306055638
20
-56.29721461411711
0
VERTEX
8
L12
10
-16.092664670658678
20
-56.2874251497006
0
VERTEX
8
L12
10
-16.093306306055638
20
-56.277635685284096
0
VERTEX
8
L12
10
-16.095220233687
20
-56.268013721317914
0
VERTEX
8
L12
10
-16.098373705720334
20
-56.258723892273224
0
VERTEX
8
L12
10
-16.102712765374847
20
-56.2499251497006
0
VERTEX
8
L12
10
-16.108163170136834
20
-56.241768042524946
0
VERTEX
8
L12
10
-16.114631662069684
20
-56.23439214111161
0
VERTEX
8
L12
10
-16.122007563483024
20
-56.22792364917876
0
VERTEX
8
L12
10
-16.130164670658687
20
-56.22247324441677
0
VERTEX
8
L12
10
-16.138963413231295
20
-56.218134184762256
0
VERTEX
8
L12
10
-16.148253242275985
20
-56.214980712728924
0
VERTEX
8
L12
10
-16.15787520624218
20
-56.21306678509757
0
VERTEX
8
L12
10
-16.16766467065868
20
-56.2124251497006
0
SEQEND
0
POLYLINE
8
L12
66
1
70
1
0
VERTEX
8
L12
10
-0.9520538424369107
20
-56.04198137543736
0
VERTEX
8
L12
10
-0.9722119898230943
20
-56.03057104507028
0
VERTEX
8
L12
10
-0.9945194249134914
20
-56.02433206399831
0
VERTEX
8
L12
10
-1.168232023735058
20
-55.72345301692451
0
VERTEX
8
L12
10
-1.1618713175505064
20
-55.69472720376204
0
VERTEX
8
L12
10
-1.164527276091377
20
-55.66542572241315
0
VERTEX
8
L12
10
-1.17594943436589
20
-55.638311791946265
0
VERTEX
8
L12
10
-1.1950606480081518
20
-55.615942338709075
0
VERTEX
8
L12
10
-1.2200586712774566
20
-55.6004268703746
0
VERTEX
8
L12
10
-1.2485861143289299
20
-55.59322854293304
0
VERTEX
8
L12
10
-1.2779527522665717
20
-55.59502618061895
0
VERTEX
8
L12
10
-1.3053892215568794
20
-55.605650260715265
0
VERTEX
8
L12
10
-1.3283081794572809
20
-55.62409890006266
0
VERTEX
8
L12
10
-1.3445482983289025
20
-55.64863233569746
0
VERTEX
8
L12
10
-1.3525780854254918
20
-55.67693698980582
0
VERTEX
8
L12
10
-1.351640307330868
20
-55.70634364716867
0
VERTEX
8
L12
10
-1.3418233993798339
20
-55.734079170298614
0
VERTEX
8
L12
10
-1.3240531259363166
20
-55.75752801476383
0
VERTEX
8
L12
10
-1.3000052779900955
20
-55.77447888300607
0
VERTEX
8
L12
10
-1.2719476409547639
20
-55.78333325644547
0
VERTEX
8
L12
10
-1.098235042133183
20
-56.084212303519266
0
VERTEX
8
L12
10
-1.1044915552127037
20
-56.11148095079102
0
VERTEX
8
L12
10
-1.1026038805590446
20
-56.1393943841941
0
VERTEX
8
L12
10
-1.092732981988945
20
-56.16557239865976
0
VERTEX
8
L12
10
-1.0757205604307671
20
-56.187782769946004
0
VERTEX
8
L12
10
-1.0530172812841982
20
-56.20413159852602
0
VERTEX
8
L12
10
-1.026559074799053
20
-56.213224804205794
0
VERTEX
8
L12
10
-0.9986020574578589
20
-56.2142870006709
0
VERTEX
8
L12
10
-0.9715301507733045
20
-56.207227613416435
0
VERTEX
8
L12
10
-0.9476518020288012
20
-56.19264860312143
0
VERTEX
8
L12
10
-0.9290031407786756
20
-56.171793135888024
0
VERTEX
8
L12
10
-0.9171743561405208
20
-56.14643957728316
0
VERTEX
8
L12
10
-0.9131740998536628
20
-56.11874984941189
0
VERTEX
8
L12
10
-0.9173434775840548
20
-56.09108508175902
0
VERTEX
8
L12
10
-0.8669741294362723
20
-56.04242133715754
0
VERTEX
8
L12
10
-0.8235033699029941
20
-55.987507547112855
0
VERTEX
8
L12
10
-0.7876991337240895
20
-55.927313793756575
0
VERTEX
8
L12
10
-0.7601939223117569
20
-55.86290343265967
0
VERTEX
8
L12
10
-0.7414736302672651
20
-55.79541430807474
0
VERTEX
8
L12
10
-0.7318689617870575
20
-55.72603865229509
0
VERTEX
8
L12
10
-0.7315495885923156
20
-55.65600202421925
0
VERTEX
8
L12
10
-0.7405211525851882
20
-55.58654165918282
0
VERTEX
8
L12
10
-0.7586251661814742
20
-55.5188846125197
0
VERTEX
8
L12
10
-0.7855418120805524
20
-55.454226082958506
0
VERTEX
8
L12
10
-0.8207955930127895
20
-55.3937082987835
0
VERTEX
8
L12
10
-0.863763731658949
20
-55.338400339747245
0
VERTEX
8
L12
10
-0.9136871723520272
20
-55.28927925119216
0
VERTEX
8
L12
10
-0.9696839902107399
20
-55.24721278401022
0
VERTEX
8
L12
10
-1.030764970824876
20
-55.21294406534892
0
VERTEX
8
L12
10
-1.0958510852687624
20
-55.1870784708638
0
VERTEX
8
L12
10
-1.163792551737373
20
-55.17007293042646
0
VERTEX
8
L12
10
-1.2333891470706533
20
-55.16222785620847
0
VERTEX
8
L12
10
-1.3034114093520515
20
-55.16368183573609
0
VERTEX
8
L12
10
-1.3726223570255627
20
-55.174409183665844
0
VERTEX
8
L12
10
-1.4397993408514225
20
-55.194220395530124
0
VERTEX
8
L12
10
-1.5037556426735392
20
-55.22276549543728
0
VERTEX
8
L12
10
-1.563361439444705
20
-55.2595402185871
0
VERTEX
8
L12
10
-1.6175637621685723
20
-55.3038949193843
0
VERTEX
8
L12
10
-1.6654050971728225
20
-55.35504604778322
0
VERTEX
8
L12
10
-1.7060403011117984
20
-55.41208999112788
0
VERTEX
8
L12
10
-1.7387515308859207
20
-55.4740190369637
0
VERTEX
8
L12
10
-1.7629609247325533
20
-55.53973917482912
0
VERTEX
8
L12
10
-1.7782408104701233
20
-55.60808942254863
0
VERTEX
8
L12
10
-1.7843212605610148
20
-55.677862335617846
0
VERTEX
8
L12
10
-1.7810948605291799
20
-55.747825337370955
0
VERTEX
8
L12
10
-1.7686186064955791
20
-55.816742493121616
0
VERTEX
8
L12
10
-1.74711289831059
20
-55.88339634362504
0
VERTEX
8
L12
10
-1.71695764607
20
-55.946609412161365
0
VERTEX
8
L12
10
-1.67868555879555
20
-56.00526500530582
0
VERTEX
8
L12
10
-1.6329727338386277
20
-56.05832693992876
0
VERTEX
8
L12
10
-1.5806267132508935
20
-56.1048578479373
0
VERTEX
8
L12
10
-1.5225722181122876
20
-56.14403573539531
0
VERTEX
8
L12
10
-1.5215186590510683
20
-56.17393951127925
0
VERTEX
8
L12
10
-1.5112916783575514
20
-56.20205987160246
0
VERTEX
8
L12
10
-1.4928888180849214
20
-56.225653949939996
0
VERTEX
8
L12
10
-1.4681050974642034
20
-56.24242037445469
0
VERTEX
8
L12
10
-1.4393579263149974
20
-56.25072374423634
0
VERTEX
8
L12
10
-1.4094513103346316
20
-56.24975414668334
0
VERTEX
8
L12
10
-1.38130234773638
20
-56.23960615656439
0
VERTEX
8
L12
10
-1.3576566948176634
20
-56.22126961117383
0
VERTEX
8
L12
10
-1.3408207540122135
20
-56.196533061373835
0
VERTEX
8
L12
10
-1.3324367068652236
20
-56.167809315931265
0
VERTEX
8
L12
10
-1.3333223352671268
20
-56.137900095594624
0
VERTEX
8
L12
10
-1.3433912548195508
20
-56.1097227526067
0
VERTEX
8
L12
10
-1.3616613407894391
20
-56.08602571149467
0
VERTEX
8
L12
10
-1.3863505247818182
20
-56.06912038710847
0
VERTEX
8
L12
10
-1.415050618101617
20
-56.06065572868375
0
VERTEX
8
L12
10
-1.4449622070338393
20
-56.06145738095355
0
VERTEX
8
L12
10
-1.4731677083023413
20
-56.07144715057076
0
VERTEX
8
L12
10
-1.4969159508147527
20
-56.08965063310525
0
VERTEX
8
L12
10
-1.5504549011585311
20
-56.05237978858792
0
VERTEX
8
L12
10
-1.5982787905125662
20
-56.00801301428552
0
VERTEX
8
L12
10
-1.6394547023169252
20
-55.95741578766164
0
VERTEX
8
L12
10
-1.673179404326973
20
-55.90157512569133
0
VERTEX
8
L12
10
-1.698795017532646
20
-55.84158033079173
0
VERTEX
8
L12
10
-1.7158018496238014
20
-55.778601741436525
0
VERTEX
8
L12
10
-1.7238681426546805
20
-55.71386790197301
0
VERTEX
8
L12
10
-1.7228365447568308
20
-55.64864159699775
0
VERTEX
8
L12
10
-1.7127271796545074
20
-55.58419521779631
0
VERTEX
8
L12
10
-1.6937372541044766
20
-55.52178594138204
0
VERTEX
8
L12
10
-1.66623721091797
20
-55.46263120632483
0
VERTEX
8
L12
10
-1.6307635026093266
20
-55.40788496377083
0
VERTEX
8
L12
10
-1.5880081266377601
20
-55.35861516693263
0
VERTEX
8
L12
10
-1.5388051263822007
20
-55.31578293816969
0
VERTEX
8
L12
10
-1.4841143211789358
20
-55.280223820054
0
VERTEX
8
L12
10
-1.4250025828056323
20
-55.252631476162364
0
VERTEX
8
L12
10
-1.3626230236578039
20
-55.23354415954974
0
VERTEX
8
L12
10
-1.298192502600699
20
-55.22333421286733
0
VERTEX
8
L12
10
-1.232967887297562
20
-55.22220080495031
0
VERTEX
8
L12
10
-1.1682215360729629
20
-55.23016604556493
0
VERTEX
8
L12
10
-1.1052164775945528
20
-55.24707455410594
0
VERTEX
8
L12
10
-1.0451817725516577
20
-55.272596490657875
0
VERTEX
8
L12
10
-0.9892885379584442
20
-55.306233990292284
0
VERTEX
8
L12
10
-0.9386271017837089
20
-55.34733087508496
0
VERTEX
8
L12
10
-0.8941857335596524
20
-55.39508545439754
0
VERTEX
8
L12
10
-0.8568313658783637
20
-55.448566163724166
0
VERTEX
8
L12
10
-0.8272926828487073
20
-55.50672973703102
0
VERTEX
8
L12
10
-0.8061459054123503
20
-55.568441558094776
0
VERTEX
8
L12
10
-0.7938035508096704
20
-55.632497793839704
0
VERTEX
8
L12
10
-0.790506385468305
20
-55.697648877910964
0
VERTEX
8
L12
10
-0.7963187282922917
20
-55.76262388638226
0
VERTEX
8
L12
10
-0.8111271959715936
20
-55.826155330092746
0
VERTEX
8
L12
10
-0.8346429147882475
20
-55.887003879980846
0
VERTEX
8
L12
10
-0.8664071557722792
20
-55.943982543089554
0
VERTEX
8
L12
10
-0.9058002832807688
20
-55.99597981763398
0
VERTEX
8
L12
10
-0.9520538424369107
20
-56.04198137543736
0
SEQEND
0
POLYLINE
8
L12
66
1
70
1
0
VERTEX
8
L12
10
-9.281527162957701
20
-56.08965063310525
0
VERTEX
8
L12
10
-9.305275405470113
20
-56.07144715057076
0
VERTEX
8
L12
10
-9.333480906738615
20
-56.06145738095355
0
VERTEX
8
L12
10
-9.363392495670837
20
-56.060655728683756
0
VERTEX
8
L12
10
-9.392092588990636
20
-56.06912038710847
0
VERTEX
8
L12
10
-9.416781772983015
20
-56.08602571149467
0
VERTEX
8
L12
10
-9.435051858952903
20
-56.1097227526067
0
VERTEX
8
L12
10
-9.445120778505327
20
-56.137900095594624
0
VERTEX
8
L12
10
-9.44600640690723
20
-56.16780931593127
0
VERTEX
8
L12
10
-9.43762235976024
20
-56.196533061373835
0
VERTEX
8
L12
10
-9.42078641895479
20
-56.221269611173824
0
VERTEX
8
L12
10
-9.397140766036074
20
-56.239606156564385
0
VERTEX
8
L12
10
-9.368991803437822
20
-56.24975414668334
0
VERTEX
8
L12
10
-9.339085187457442
20
-56.25072374423634
0
VERTEX
8
L12
10
-9.31033801630825
20
-56.24242037445468
0
VERTEX
8
L12
10
-9.285554295687533
20
-56.225653949939996
0
VERTEX
8
L12
10
-9.267151435414902
20
-56.20205987160246
0
VERTEX
8
L12
10
-9.256924454721386
20
-56.17393951127925
0
VERTEX
8
L12
10
-9.255870895660166
20
-56.14403573539531
0
VERTEX
8
L12
10
-9.19781640052156
20
-56.1048578479373
0
VERTEX
8
L12
10
-9.145470379933826
20
-56.05832693992876
0
VERTEX
8
L12
10
-9.099757554976904
20
-56.00526500530582
0
VERTEX
8
L12
10
-9.061485467702454
20
-55.946609412161365
0
VERTEX
8
L12
10
-9.031330215461864
20
-55.88339634362504
0
VERTEX
8
L12
10
-9.009824507276875
20
-55.816742493121616
0
VERTEX
8
L12
10
-8.997348253243274
20
-55.747825337370955
0
VERTEX
8
L12
10
-8.994121853211439
20
-55.677862335617846
0
VERTEX
8
L12
10
-9.00020230330233
20
-55.60808942254863
0
VERTEX
8
L12
10
-9.0154821890399
20
-55.53973917482912
0
VERTEX
8
L12
10
-9.039691582886533
20
-55.4740190369637
0
VERTEX
8
L12
10
-9.072402812660656
20
-55.41208999112788
0
VERTEX
8
L12
10
-9.113038016599631
20
-55.35504604778322
0
VERTEX
8
L12
10
-9.160879351603882
20
-55.3038949193843
0
VERTEX
8
L12
10
-9.215081674327749
20
-55.2595402185871
0
VERTEX
8
L12
10
-9.274687471098915
20
-55.22276549543728
0
VERTEX
8
L12
10
-9.338643772921031
20
-55.194220395530124
0
VERTEX
8
L12
10
-9.405820756746891
20
-55.174409183665844
0
VERTEX
8
L12
10
-9.475031704420402
20
-55.16368183573609
0
VERTEX
8
L12
10
-9.5450539667018
20
-55.16222785620847
0
VERTEX
8
L12
10
-9.61465056203508
20
-55.17007293042646
0
VERTEX
8
L12
10
-9.682592028503691
20
-55.1870784708638
0
VERTEX
8
L12
10
-9.747678142947578
20
-55.21294406534892
0
VERTEX
8
L12
10
-9.808759123561714
20
-55.24721278401022
0
VERTEX
8
L12
10
-9.864755941420427
20
-55.28927925119216
0
VERTEX
8
L12
10
-9.914679382113505
20
-55.338400339747245
0
VERTEX
8
L12
10
-9.957647520759664
20
-55.3937082987835
0
VERTEX
8
L12
10
-9.992901301691901
20
-55.454226082958506
0
VERTEX
8
L12
10
-10.01981794759098
20
-55.5188846125197
0
VERTEX
8
L12
10
-10.037921961187266
20
-55.58654165918282
0
VERTEX
8
L12
10
-10.046893525180138
20
-55.65600202421925
0
VERTEX
8
L12
10
-10.046574151985396
20
-55.72603865229509
0
VERTEX
8
L12
10
-10.036969483505189
20
-55.79541430807474
0
VERTEX
8
L12
10
-10.018249191460697
20
-55.86290343265967
0
VERTEX
8
L12
10
-9.990743980048364
20
-55.927313793756575
0
VERTEX
8
L12
10
-9.95493974386946
20
-55.987507547112855
0
VERTEX
8
L12
10
-9.911468984336182
20
-56.04242133715754
0
VERTEX
8
L12
10
-9.8610996361884
20
-56.09108508175902
0
VERTEX
8
L12
10
-9.865269013918791
20
-56.11874984941189
0
VERTEX
8
L12
10
-9.861268757631933
20
-56.14643957728316
0
VERTEX
8
L12
10
-9.849439972993778
20
-56.17179313588802
0
VERTEX
8
L12
10
-9.830791311743653
20
-56.19264860312143
0
VERTEX
8
L12
10
-9.80691296299915
20
-56.207227613416435
0
VERTEX
8
L12
10
-9.779841056314595
20
-56.2142870006709
0
VERTEX
8
L12
10
-9.751884038973401
20
-56.213224804205794
0
VERTEX
8
L12
10
-9.725425832488256
20
-56.20413159852601
0
VERTEX
8
L12
10
-9.702722553341687
20
-56.187782769946004
0
VERTEX
8
L12
10
-9.685710131783509
20
-56.16557239865976
0
VERTEX
8
L12
10
-9.67583923321341
20
-56.13939438419409
0
VERTEX
8
L12
10
-9.67395155855975
20
-56.11148095079102
0
VERTEX
8
L12
10
-9.68020807163927
20
-56.084212303519266
0
VERTEX
8
L12
10
-9.50649547281769
20
-55.78333325644547
0
VERTEX
8
L12
10
-9.478437835782358
20
-55.77447888300607
0
VERTEX
8
L12
10
-9.454389987836137
20
-55.75752801476383
0
VERTEX
8
L12
10
-9.43661971439262
20
-55.734079170298614
0
VERTEX
8
L12
10
-9.426802806441586
20
-55.70634364716867
0
VERTEX
8
L12
10
-9.425865028346962
20
-55.67693698980582
0
VERTEX
8
L12
10
-9.433894815443551
20
-55.64863233569746
0
VERTEX
8
L12
10
-9.450134934315173
20
-55.62409890006266
0
VERTEX
8
L12
10
-9.473053892215574
20
-55.605650260715265
0
VERTEX
8
L12
10
-9.500490361505882
20
-55.595026180618945
0
VERTEX
8
L12
10
-9.529856999443524
20
-55.59322854293304
0
VERTEX
8
L12
10
-9.558384442494997
20
-55.6004268703746
0
VERTEX
8
L12
10
-9.583382465764302
20
-55.615942338709075
0
VERTEX
8
L12
10
-9.602493679406564
20
-55.638311791946265
0
VERTEX
8
L12
10
-9.613915837681077
20
-55.66542572241315
0
VERTEX
8
L12
10
-9.616571796221947
20
-55.69472720376204
0
VERTEX
8
L12
10
-9.610211090037382
20
-55.72345301692451
0
VERTEX
8
L12
10
-9.783923688858962
20
-56.02433206399831
0
VERTEX
8
L12
10
-9.80623112394936
20
-56.03057104507028
0
VERTEX
8
L12
10
-9.826389271335543
20
-56.04198137543736
0
VERTEX
8
L12
10
-9.872642830491685
20
-55.99597981763398
0
VERTEX
8
L12
10
-9.912035958000175
20
-55.943982543089554
0
VERTEX
8
L12
10
-9.943800198984206
20
-55.887003879980846
0
VERTEX
8
L12
10
-9.96731591780086
20
-55.826155330092746
0
VERTEX
8
L12
10
-9.982124385480162
20
-55.76262388638226
0
VERTEX
8
L12
10
-9.987936728304149
20
-55.697648877910964
0
VERTEX
8
L12
10
-9.984639562962784
20
-55.632497793839704
0
VERTEX
8
L12
10
-9.972297208360104
20
-55.568441558094776
0
VERTEX
8
L12
10
-9.951150430923747
20
-55.50672973703102
0
VERTEX
8
L12
10
-9.92161174789409
20
-55.448566163724166
0
VERTEX
8
L12
10
-9.884257380212802
20
-55.39508545439754
0
VERTEX
8
L12
10
-9.839816011988745
20
-55.34733087508496
0
VERTEX
8
L12
10
-9.78915457581401
20
-55.306233990292284
0
VERTEX
8
L12
10
-9.733261341220796
20
-55.272596490657875
0
VERTEX
8
L12
10
-9.673226636177901
20
-55.24707455410594
0
VERTEX
8
L12
10
-9.610221577699491
20
-55.23016604556493
0
VERTEX
8
L12
10
-9.545475226474892
20
-55.22220080495031
0
VERTEX
8
L12
10
-9.480250611171755
20
-55.22333421286733
0
VERTEX
8
L12
10
-9.41582009011465
20
-55.23354415954974
0
VERTEX
8
L12
10
-9.353440530966822
20
-55.252631476162364
0
VERTEX
8
L12
10
-9.294328792593518
20
-55.280223820054
0
VERTEX
8
L12
10
-9.239637987390253
20
-55.31578293816969
0
VERTEX
8
L12
10
-9.190434987134694
20
-55.35861516693263
0
VERTEX
8
L12
10
-9.147679611163127
20
-55.40788496377083
0
VERTEX
8
L12
10
-9.112205902854484
20
-55.46263120632483
0
VERTEX
8
L12
10
-9.084705859667977
20
-55.52178594138204
0
VERTEX
8
L12
10
-9.065715934117947
20
-55.58419521779631
0
VERTEX
8
L12
10
-9.055606569015623
20
-55.64864159699775
0
VERTEX
8
L12
10
-9.054574971117773
20
-55.71386790197301
0
VERTEX
8
L12
10
-9.062641264148652
20
-55.778601741436525
0
VERTEX
8
L12
10
-9.079648096239808
20
-55.84158033079173
0
VERTEX
8
L12
10
-9.105263709445481
20
-55.90157512569133
0
VERTEX
8
L12
10
-9.138988411455529
20
-55.95741578766164
0
VERTEX
8
L12
10
-9.180164323259888
20
-56.00801301428552
0
VERTEX
8
L12
10
-9.227988212613923
20
-56.05237978858792
0
VERTEX
8
L12
10
-9.281527162957701
20
-56.08965063310525
0
SEQEND
0
POLYLINE
8
L12
66
1
70
1
0
VERTEX
8
L12
10
-5.389221556886227
20
-53.817215568862274
0
VERTEX
8
L12
10
-5.3990110213027265
20
-53.81785720425924
0
VERTEX
8
L12
10
-5.408632985268909
20
-53.8197711318906
0
VERTEX
8
L12
10
-5.417922814313613
20
-53.82292460392393
0
VERTEX
8
L12
10
-5.426721556886221
20
-53.82726366357844
0
VERTEX
8
L12
10
-5.434878664061884
20
-53.83271406834044
0
VERTEX
8
L12
10
-5.442254565475224
20
-53.83918256027329
0
VERTEX
8
L12
10
-5.448723057408074
20
-53.84655846168663
0
VERTEX
8
L12
10
-5.454173462170061
20
-53.854715568862275
0
VERTEX
8
L12
10
-5.458512521824574
20
-53.8635143114349
0
VERTEX
8
L12
10
-5.461665993857906
20
-53.87280414047959
0
VERTEX
8
L12
10
-5.463579921489256
20
-53.88242610444577
0
VERTEX
8
L12
10
-5.46422155688623
20
-53.89221556886228
0
VERTEX
8
L12
10
-5.463579921489256
20
-53.90200503327878
0
VERTEX
8
L12
10
-5.461665993857906
20
-53.911626997244966
0
VERTEX
8
L12
10
-5.458512521824574
20
-53.920916826289655
0
VERTEX
8
L12
10
-5.454173462170061
20
-53.92971556886228
0
VERTEX
8
L12
10
-5.448723057408074
20
-53.937872676037934
0
VERTEX
8
L12
10
-5.442254565475224
20
-53.94524857745127
0
VERTEX
8
L12
10
-5.434878664061884
20
-53.95171706938412
0
VERTEX
8
L12
10
-5.426721556886221
20
-53.95716747414611
0
VERTEX
8
L12
10
-5.417922814313613
20
-53.96150653380062
0
VERTEX
8
L12
10
-5.408632985268909
20
-53.964660005833956
0
VERTEX
8
L12
10
-5.3990110213027265
20
-53.96657393346531
0
VERTEX
8
L12
10
-5.389221556886227
20
-53.96721556886228
0
VERTEX
8
L12
10
-5.379432092469727
20
-53.96657393346531
0
VERTEX
8
L12
10
-5.369810128503531
20
-53.964660005833956
0
VERTEX
8
L12
10
-5.360520299458841
20
-53.96150653380062
0
VERTEX
8
L12
10
-5.351721556886233
20
-53.95716747414611
0
VERTEX
8
L12
10
-5.34356444971057
20
-53.95171706938412
0
VERTEX
8
L12
10
-5.33618854829723
20
-53.94524857745127
0
VERTEX
8
L12
10
-5.32972005636438
20
-53.937872676037934
0
VERTEX
8
L12
10
-5.324269651602393
20
-53.92971556886228
0
VERTEX
8
L12
10
-5.31993059194788
20
-53.920916826289655
0
VERTEX
8
L12
10
-5.316777119914548
20
-53.911626997244966
0
VERTEX
8
L12
10
-5.314863192283184
20
-53.90200503327878
0
VERTEX
8
L12
10
-5.314221556886224
20
-53.89221556886228
0
VERTEX
8
L12
10
-5.314863192283184
20
-53.88242610444577
0
VERTEX
8
L12
10
-5.316777119914548
20
-53.87280414047959
0
VERTEX
8
L12
10
-5.31993059194788
20
-53.8635143114349
0
VERTEX
8
L12
10
-5.324269651602393
20
-53.854715568862275
0
VERTEX
8
L12
10
-5.32972005636438
20
-53.84655846168663
0
VERTEX
8
L12
10
-5.33618854829723
20
-53.83918256027329
0
VERTEX
8
L12
10
-5.34356444971057
20
-53.83271406834044
0
VERTEX
8
L12
10
-5.351721556886233
20
-53.82726366357844
0
VERTEX
8
L12
10
-5.360520299458841
20
-53.82292460392393
0
VERTEX
8
L12
10
-5.369810128503531
20
-53.8197711318906
0
VERTEX
8
L12
10
-5.379432092469727
20
-53.81785720425924
0
VERTEX
8
L12
10
-5.389221556886227
20
-53.817215568862274
0
SEQEND
0
POLYLINE
8
L12
66
1
70
1
0
VERTEX
8
L12
10
-5.389221556886227
20
-54.77529940119761
0
VERTEX
8
L12
10
-5.3990110213027265
20
-54.775941036594574
0
VERTEX
8
L12
10
-5.408632985268909
20
-54.77785496422593
0
VERTEX
8
L12
10
-5.417922814313613
20
-54.78100843625926
0
VERTEX
8
L12
10
-5.426721556886221
20
-54.785347495913776
0
VERTEX
8
L12
10
-5.434878664061884
20
-54.79079790067576
0
VERTEX
8
L12
10
-5.442254565475224
20
-54.79726639260861
0
VERTEX
8
L12
10
-5.448723057408074
20
-54.80464229402195
0
VERTEX
8
L12
10
-5.454173462170061
20
-54.81279940119761
0
VERTEX
8
L12
10
-5.458512521824574
20
-54.821598143770224
0
VERTEX
8
L12
10
-5.461665993857906
20
-54.83088797281492
0
VERTEX
8
L12
10
-5.463579921489256
20
-54.8405099367811
0
VERTEX
8
L12
10
-5.46422155688623
20
-54.85029940119761
0
VERTEX
8
L12
10
-5.463579921489256
20
-54.86008886561411
0
VERTEX
8
L12
10
-5.461665993857906
20
-54.8697108295803
0
VERTEX
8
L12
10
-5.458512521824574
20
-54.87900065862499
0
VERTEX
8
L12
10
-5.454173462170061
20
-54.887799401197604
0
VERTEX
8
L12
10
-5.448723057408074
20
-54.89595650837326
0
VERTEX
8
L12
10
-5.442254565475224
20
-54.9033324097866
0
VERTEX
8
L12
10
-5.434878664061884
20
-54.90980090171945
0
VERTEX
8
L12
10
-5.426721556886221
20
-54.91525130648144
0
VERTEX
8
L12
10
-5.417922814313613
20
-54.91959036613596
0
VERTEX
8
L12
10
-5.408632985268909
20
-54.92274383816929
0
VERTEX
8
L12
10
-5.3990110213027265
20
-54.924657765800646
0
VERTEX
8
L12
10
-5.389221556886227
20
-54.925299401197606
0
VERTEX
8
L12
10
-5.379432092469727
20
-54.924657765800646
0
VERTEX
8
L12
10
-5.369810128503531
20
-54.92274383816929
0
VERTEX
8
L12
10
-5.360520299458841
20
-54.91959036613596
0
VERTEX
8
L12
10
-5.351721556886233
20
-54.91525130648144
0
VERTEX
8
L12
10
-5.34356444971057
20
-54.90980090171945
0
VERTEX
8
L12
10
-5.33618854829723
20
-54.9033324097866
0
VERTEX
8
L12
10
-5.32972005636438
20
-54.89595650837326
0
VERTEX
8
L12
10
-5.324269651602393
20
-54.887799401197604
0
VERTEX
8
L12
10
-5.31993059194788
20
-54.87900065862499
0
VERTEX
8
L12
10
-5.316777119914548
20
-54.8697108295803
0
VERTEX
8
L12
10
-5.314863192283184
20
-54.86008886561411
0
VERTEX
8
L12
10
-5.314221556886224
20
-54.85029940119761
0
VERTEX
8
L12
10
-5.314863192283184
20
-54.8405099367811
0
VERTEX
8
L12
10
-5.316777119914548
20
-54.83088797281492
0
VERTEX
8
L12
10
-5.31993059194788
20
-54.821598143770224
0
VERTEX
8
L12
10
-5.324269651602393
20
-54.81279940119761
0
VERTEX
8
L12
10
-5.32972005636438
20
-54.80464229402195
0
VERTEX
8
L12
10
-5.33618854829723
20
-54.79726639260861
0
VERTEX
8
L12
10
-5.34356444971057
20
-54.79079790067576
0
VERTEX
8
L12
10
-5.351721556886233
20
-54.785347495913776
0
VERTEX
8
L12
10
-5.360520299458841
20
-54.78100843625926
0
VERTEX
8
L12
10
-5.369810128503531
20
-54.77785496422593
0
VERTEX
8
L12
10
-5.379432092469727
20
-54.775941036594574
0
VERTEX
8
L12
10
-5.389221556886227
20
-54.77529940119761
0
SEQEND
0
POLYLINE
8
L12
66
1
70
1
0
VERTEX
8
L12
10
-5.389221556886227
20
-53.338173652694614
0
VERTEX
8
L12
10
-5.3990110213027265
20
-53.338815288091574
0
VERTEX
8
L12
10
-5.408632985268909
20
-53.34072921572293
0
VERTEX
8
L12
10
-5.417922814313613
20
-53.34388268775626
0
VERTEX
8
L12
10
-5.426721556886221
20
-53.348221747410776
0
VERTEX
8
L12
10
-5.434878664061884
20
-53.35367215217277
0
VERTEX
8
L12
10
-5.442254565475224
20
-53.36014064410562
0
VERTEX
8
L12
10
-5.448723057408074
20
-53.36751654551896
0
VERTEX
8
L12
10
-5.454173462170061
20
-53.37567365269461
0
VERTEX
8
L12
10
-5.458512521824574
20
-53.38447239526723
0
VERTEX
8
L12
10
-5.461665993857906
20
-53.39376222431192
0
VERTEX
8
L12
10
-5.463579921489256
20
-53.40338418827811
0
VERTEX
8
L12
10
-5.46422155688623
20
-53.41317365269461
0
VERTEX
8
L12
10
-5.463579921489256
20
-53.42296311711112
0
VERTEX
8
L12
10
-5.461665993857906
20
-53.4325850810773
0
VERTEX
8
L12
10
-5.458512521824574
20
-53.441874910121996
0
VERTEX
8
L12
10
-5.454173462170061
20
-53.45067365269461
0
VERTEX
8
L12
10
-5.448723057408074
20
-53.45883075987027
0
VERTEX
8
L12
10
-5.442254565475224
20
-53.4662066612836
0
VERTEX
8
L12
10
-5.434878664061884
20
-53.47267515321646
0
VERTEX
8
L12
10
-5.426721556886221
20
-53.478125557978444
0
VERTEX
8
L12
10
-5.417922814313613
20
-53.48246461763296
0
VERTEX
8
L12
10
-5.408632985268909
20
-53.48561808966629
0
VERTEX
8
L12
10
-5.3990110213027265
20
-53.487532017297646
0
VERTEX
8
L12
10
-5.389221556886227
20
-53.48817365269461
0
VERTEX
8
L12
10
-5.379432092469727
20
-53.487532017297646
0
VERTEX
8
L12
10
-5.369810128503531
20
-53.48561808966629
0
VERTEX
8
L12
10
-5.360520299458841
20
-53.48246461763296
0
VERTEX
8
L12
10
-5.351721556886233
20
-53.478125557978444
0
VERTEX
8
L12
10
-5.34356444971057
20
-53.47267515321646
0
VERTEX
8
L12
10
-5.33618854829723
20
-53.4662066612836
0
VERTEX
8
L12
10
-5.32972005636438
20
-53.45883075987027
0
VERTEX
8
L12
10
-5.324269651602393
20
-53.45067365269461
0
VERTEX
8
L12
10
-5.31993059194788
20
-53.441874910121996
0
VERTEX
8
L12
10
-5.316777119914548
20
-53.4325850810773
0
VERTEX
8
L12
10
-5.314863192283184
20
-53.42296311711112
0
VERTEX
8
L12
10
-5.314221556886224
20
-53.41317365269461
0
VERTEX
8
L12
10
-5.314863192283184
20
-53.40338418827811
0
VERTEX
8
L12
10
-5.316777119914548
20
-53.39376222431192
0
VERTEX
8
L12
10
-5.31993059194788
20
-53.38447239526723
0
VERTEX
8
L12
10
-5.324269651602393
20
-53.37567365269461
0
VERTEX
8
L12
10
-5.32972005636438
20
-53.36751654551896
0
VERTEX
8
L12
10
-5.33618854829723
20
-53.36014064410562
0
VERTEX
8
L12
10
-5.34356444971057
20
-53.35367215217277
0
VERTEX
8
L12
10
-5.351721556886233
20
-53.348221747410776
0
VERTEX
8
L12
10
-5.360520299458841
20
-53.34388268775626
0
VERTEX
8
L12
10
-5.369810128503531
20
-53.34072921572293
0
VERTEX
8
L12
10
-5.379432092469727
20
-53.338815288091574
0
VERTEX
8
L12
10
-5.389221556886227
20
-53.338173652694614
0
SEQEND
0
POLYLINE
8
L12
66
1
70
1
0
VERTEX
8
L12
10
-5.389221556886227
20
-55.73338323353294
0
VERTEX
8
L12
10
-5.3990110213027265
20
-55.7340248689299
0
VERTEX
8
L12
10
-5.408632985268909
20
-55.73593879656126
0
VERTEX
8
L12
10
-5.417922814313613
20
-55.73909226859459
0
VERTEX
8
L12
10
-5.426721556886221
20
-55.7434313282491
0
VERTEX
8
L12
10
-5.434878664061884
20
-55.748881733011096
0
VERTEX
8
L12
10
-5.442254565475224
20
-55.755350224943946
0
VERTEX
8
L12
10
-5.448723057408074
20
-55.762726126357286
0
VERTEX
8
L12
10
-5.454173462170061
20
-55.770883233532935
0
VERTEX
8
L12
10
-5.458512521824574
20
-55.77968197610556
0
VERTEX
8
L12
10
-5.461665993857906
20
-55.78897180515025
0
VERTEX
8
L12
10
-5.463579921489256
20
-55.79859376911644
0
VERTEX
8
L12
10
-5.46422155688623
20
-55.808383233532936
0
VERTEX
8
L12
10
-5.463579921489256
20
-55.81817269794944
0
VERTEX
8
L12
10
-5.461665993857906
20
-55.827794661915625
0
VERTEX
8
L12
10
-5.458512521824574
20
-55.83708449096032
0
VERTEX
8
L12
10
-5.454173462170061
20
-55.84588323353294
0
VERTEX
8
L12
10
-5.448723057408074
20
-55.85404034070859
0
VERTEX
8
L12
10
-5.442254565475224
20
-55.861416242121926
0
VERTEX
8
L12
10
-5.434878664061884
20
-55.86788473405478
0
VERTEX
8
L12
10
-5.426721556886221
20
-55.87333513881677
0
VERTEX
8
L12
10
-5.417922814313613
20
-55.87767419847128
0
VERTEX
8
L12
10
-5.408632985268909
20
-55.880827670504615
0
VERTEX
8
L12
10
-5.3990110213027265
20
-55.88274159813597
0
VERTEX
8
L12
10
-5.389221556886227
20
-55.88338323353294
0
VERTEX
8
L12
10
-5.379432092469727
20
-55.88274159813597
0
VERTEX
8
L12
10
-5.369810128503531
20
-55.880827670504615
0
VERTEX
8
L12
10
-5.360520299458841
20
-55.87767419847128
0
VERTEX
8
L12
10
-5.351721556886233
20
-55.87333513881677
0
VERTEX
8
L12
10
-5.34356444971057
20
-55.86788473405478
0
VERTEX
8
L12
10
-5.33618854829723
20
-55.861416242121926
0
VERTEX
8
L12
10
-5.32972005636438
20
-55.85404034070859
0
VERTEX
8
L12
10
-5.324269651602393
20
-55.84588323353294
0
VERTEX
8
L12
10
-5.31993059194788
20
-55.83708449096032
0
VERTEX
8
L12
10
-5.316777119914548
20
-55.827794661915625
0
VERTEX
8
L12
10
-5.314863192283184
20
-55.81817269794944
0
VERTEX
8
L12
10
-5.314221556886224
20
-55.808383233532936
0
VERTEX
8
L12
10
-5.314863192283184
20
-55.79859376911644
0
VERTEX
8
L12
10
-5.316777119914548
20
-55.78897180515025
0
VERTEX
8
L12
10
-5.31993059194788
20
-55.77968197610556
0
VERTEX
8
L12
10
-5.324269651602393
20
-55.770883233532935
0
VERTEX
8
L12
10
-5.32972005636438
20
-55.762726126357286
0
VERTEX
8
L12
10
-5.33618854829723
20
-55.755350224943946
0
VERTEX
8
L12
10
-5.34356444971057
20
-55.748881733011096
0
VERTEX
8
L12
10
-5.351721556886233
20
-55.7434313282491
0
VERTEX
8
L12
10
-5.360520299458841
20
-55.73909226859459
0
VERTEX
8
L12
10
-5.369810128503531
20
-55.73593879656126
0
VERTEX
8
L12
10
-5.379432092469727
20
-55.7340248689299
0
VERTEX
8
L12
10
-5.389221556886227
20
-55.73338323353294
0
SEQEND
0
POLYLINE
8
L12
66
1
70
1
0
VERTEX
8
L12
10
-5.389221556886227
20
-54.29625748502994
0
VERTEX
8
L12
10
-5.3990110213027265
20
-54.29689912042691
0
VERTEX
8
L12
10
-5.408632985268909
20
-54.298813048058264
0
VERTEX
8
L12
10
-5.417922814313613
20
-54.3019665200916
0
VERTEX
8
L12
10
-5.426721556886221
20
-54.30630557974611
0
VERTEX
8
L12
10
-5.434878664061884
20
-54.3117559845081
0
VERTEX
8
L12
10
-5.442254565475224
20
-54.31822447644095
0
VERTEX
8
L12
10
-5.448723057408074
20
-54.325600377854286
0
VERTEX
8
L12
10
-5.454173462170061
20
-54.33375748502994
0
VERTEX
8
L12
10
-5.458512521824574
20
-54.342556227602564
0
VERTEX
8
L12
10
-5.461665993857906
20
-54.351846056647254
0
VERTEX
8
L12
10
-5.463579921489256
20
-54.36146802061344
0
VERTEX
8
L12
10
-5.46422155688623
20
-54.37125748502994
0
VERTEX
8
L12
10
-5.463579921489256
20
-54.38104694944645
0
VERTEX
8
L12
10
-5.461665993857906
20
-54.39066891341263
0
VERTEX
8
L12
10
-5.458512521824574
20
-54.39995874245732
0
VERTEX
8
L12
10
-5.454173462170061
20
-54.408757485029945
0
VERTEX
8
L12
10
-5.448723057408074
20
-54.4169145922056
0
VERTEX
8
L12
10
-5.442254565475224
20
-54.42429049361893
0
VERTEX
8
L12
10
-5.434878664061884
20
-54.43075898555178
0
VERTEX
8
L12
10
-5.426721556886221
20
-54.43620939031378
0
VERTEX
8
L12
10
-5.417922814313613
20
-54.44054844996829
0
VERTEX
8
L12
10
-5.408632985268909
20
-54.44370192200162
0
VERTEX
8
L12
10
-5.3990110213027265
20
-54.44561584963298
0
VERTEX
8
L12
10
-5.389221556886227
20
-54.446257485029946
0
VERTEX
8
L12
10
-5.379432092469727
20
-54.44561584963298
0
VERTEX
8
L12
10
-5.369810128503531
20
-54.44370192200162
0
VERTEX
8
L12
10
-5.360520299458841
20
-54.44054844996829
0
VERTEX
8
L12
10
-5.351721556886233
20
-54.43620939031378
0
VERTEX
8
L12
10
-5.34356444971057
20
-54.43075898555178
0
VERTEX
8
L12
10
-5.33618854829723
20
-54.42429049361893
0
VERTEX
8
L12
10
-5.32972005636438
20
-54.4169145922056
0
VERTEX
8
L12
10
-5.324269651602393
20
-54.408757485029945
0
VERTEX
8
L12
10
-5.31993059194788
20
-54.39995874245732
0
VERTEX
8
L12
10
-5.316777119914548
20
-54.39066891341263
0
VERTEX
8
L12
10
-5.314863192283184
20
-54.38104694944645
0
VERTEX
8
L12
10
-5.314221556886224
20
-54.37125748502994
0
VERTEX
8
L12
10
-5.314863192283184
20
-54.36146802061344
0
VERTEX
8
L12
10
-5.316777119914548
20
-54.351846056647254
0
VERTEX
8
L12
10
-5.31993059194788
20
-54.342556227602564
0
VERTEX
8
L12
10
-5.324269651602393
20
-54.33375748502994
0
VERTEX
8
L12
10
-5.32972005636438
20
-54.325600377854286
0
VERTEX
8
L12
10
-5.33618854829723
20
-54.31822447644095
0
VERTEX
8
L12
10
-5.34356444971057
20
-54.3117559845081
0
VERTEX
8
L12
10
-5.351721556886233
20
-54.30630557974611
0
VERTEX
8
L12
10
-5.360520299458841
20
-54.3019665200916
0
VERTEX
8
L12
10
-5.369810128503531
20
-54.298813048058264
0
VERTEX
8
L12
10
-5.379432092469727
20
-54.29689912042691
0
VERTEX
8
L12
10
-5.389221556886227
20
-54.29625748502994
0
SEQEND
0
POLYLINE
8
L12
66
1
70
1
0
VERTEX
8
L12
10
-5.389221556886227
20
-56.69146706586827
0
VERTEX
8
L12
10
-5.3990110213027265
20
-56.692108701265234
0
VERTEX
8
L12
10
-5.408632985268909
20
-56.69402262889659
0
VERTEX
8
L12
10
-5.417922814313613
20
-56.69717610092992
0
VERTEX
8
L12
10
-5.426721556886221
20
-56.701515160584435
0
VERTEX
8
L12
10
-5.434878664061884
20
-56.70696556534642
0
VERTEX
8
L12
10
-5.442254565475224
20
-56.71343405727928
0
VERTEX
8
L12
10
-5.448723057408074
20
-56.72080995869261
0
VERTEX
8
L12
10
-5.454173462170061
20
-56.72896706586827
0
VERTEX
8
L12
10
-5.458512521824574
20
-56.737765808440884
0
VERTEX
8
L12
10
-5.461665993857906
20
-56.74705563748558
0
VERTEX
8
L12
10
-5.463579921489256
20
-56.75667760145176
0
VERTEX
8
L12
10
-5.46422155688623
20
-56.76646706586827
0
VERTEX
8
L12
10
-5.463579921489256
20
-56.77625653028477
0
VERTEX
8
L12
10
-5.461665993857906
20
-56.78587849425096
0
VERTEX
8
L12
10
-5.458512521824574
20
-56.79516832329565
0
VERTEX
8
L12
10
-5.454173462170061
20
-56.80396706586827
0
VERTEX
8
L12
10
-5.448723057408074
20
-56.81212417304392
0
VERTEX
8
L12
10
-5.442254565475224
20
-56.81950007445726
0
VERTEX
8
L12
10
-5.434878664061884
20
-56.82596856639011
0
VERTEX
8
L12
10
-5.426721556886221
20
-56.831418971152104
0
VERTEX
8
L12
10
-5.417922814313613
20
-56.835758030806616
0
VERTEX
8
L12
10
-5.408632985268909
20
-56.83891150283995
0
VERTEX
8
L12
10
-5.3990110213027265
20
-56.840825430471305
0
VERTEX
8
L12
10
-5.389221556886227
20
-56.841467065868265
0
VERTEX
8
L12
10
-5.379432092469727
20
-56.840825430471305
0
VERTEX
8
L12
10
-5.369810128503531
20
-56.83891150283995
0
VERTEX
8
L12
10
-5.360520299458841
20
-56.835758030806616
0
VERTEX
8
L12
10
-5.351721556886233
20
-56.831418971152104
0
VERTEX
8
L12
10
-5.34356444971057
20
-56.82596856639011
0
VERTEX
8
L12
10
-5.33618854829723
20
-56.81950007445726
0
VERTEX
8
L12
10
-5.32972005636438
20
-56.81212417304392
0
VERTEX
8
L12
10
-5.324269651602393
20
-56.80396706586827
0
VERTEX
8
L12
10
-5.31993059194788
20
-56.79516832329565
0
VERTEX
8
L12
10
-5.316777119914548
20
-56.78587849425096
0
VERTEX
8
L12
10
-5.314863192283184
20
-56.77625653028477
0
VERTEX
8
L12
10
-5.314221556886224
20
-56.76646706586827
0
VERTEX
8
L12
10
-5.314863192283184
20
-56.75667760145176
0
VERTEX
8
L12
10
-5.316777119914548
20
-56.74705563748558
0
VERTEX
8
L12
10
-5.31993059194788
20
-56.737765808440884
0
VERTEX
8
L12
10
-5.324269651602393
20
-56.72896706586827
0
VERTEX
8
L12
10
-5.32972005636438
20
-56.72080995869261
0
VERTEX
8
L12
10
-5.33618854829723
20
-56.71343405727928
0
VERTEX
8
L12
10
-5.34356444971057
20
-56.70696556534642
0
VERTEX
8
L12
10
-5.351721556886233
20
-56.701515160584435
0
VERTEX
8
L12
10
-5.360520299458841
20
-56.69717610092992
0
VERTEX
8
L12
10
-5.369810128503531
20
-56.69402262889659
0
VERTEX
8
L12
10
-5.379432092469727
20
-56.692108701265234
0
VERTEX
8
L12
10
-5.389221556886227
20
-56.69146706586827
0
SEQEND
0
POLYLINE
8
L12
66
1
70
1
0
VERTEX
8
L12
10
-5.389221556886227
20
-55.254341317365274
0
VERTEX
8
L12
10
-5.3990110213027265
20
-55.254982952762234
0
VERTEX
8
L12
10
-5.408632985268909
20
-55.25689688039359
0
VERTEX
8
L12
10
-5.417922814313613
20
-55.26005035242692
0
VERTEX
8
L12
10
-5.426721556886221
20
-55.26438941208144
0
VERTEX
8
L12
10
-5.434878664061884
20
-55.26983981684343
0
VERTEX
8
L12
10
-5.442254565475224
20
-55.27630830877628
0
VERTEX
8
L12
10
-5.448723057408074
20
-55.28368421018962
0
VERTEX
8
L12
10
-5.454173462170061
20
-55.291841317365275
0
VERTEX
8
L12
10
-5.458512521824574
20
-55.30064005993789
0
VERTEX
8
L12
10
-5.461665993857906
20
-55.30992988898258
0
VERTEX
8
L12
10
-5.463579921489256
20
-55.31955185294877
0
VERTEX
8
L12
10
-5.46422155688623
20
-55.32934131736527
0
VERTEX
8
L12
10
-5.463579921489256
20
-55.339130781781776
0
VERTEX
8
L12
10
-5.461665993857906
20
-55.34875274574796
0
VERTEX
8
L12
10
-5.458512521824574
20
-55.358042574792655
0
VERTEX
8
L12
10
-5.454173462170061
20
-55.36684131736527
0
VERTEX
8
L12
10
-5.448723057408074
20
-55.37499842454093
0
VERTEX
8
L12
10
-5.442254565475224
20
-55.38237432595427
0
VERTEX
8
L12
10
-5.434878664061884
20
-55.38884281788712
0
VERTEX
8
L12
10
-5.426721556886221
20
-55.394293222649104
0
VERTEX
8
L12
10
-5.417922814313613
20
-55.398632282303616
0
VERTEX
8
L12
10
-5.408632985268909
20
-55.401785754336956
0
VERTEX
8
L12
10
-5.3990110213027265
20
-55.403699681968305
0
VERTEX
8
L12
10
-5.389221556886227
20
-55.40434131736527
0
VERTEX
8
L12
10
-5.379432092469727
20
-55.403699681968305
0
VERTEX
8
L12
10
-5.369810128503531
20
-55.401785754336956
0
VERTEX
8
L12
10
-5.360520299458841
20
-55.398632282303616
0
VERTEX
8
L12
10
-5.351721556886233
20
-55.394293222649104
0
VERTEX
8
L12
10
-5.34356444971057
20
-55.38884281788712
0
VERTEX
8
L12
10
-5.33618854829723
20
-55.38237432595427
0
VERTEX
8
L12
10
-5.32972005636438
20
-55.37499842454093
0
VERTEX
8
L12
10
-5.324269651602393
20
-55.36684131736527
0
VERTEX
8
L12
10
-5.31993059194788
20
-55.358042574792655
0
VERTEX
8
L12
10
-5.316777119914548
20
-55.34875274574796
0
VERTEX
8
L12
10
-5.314863192283184
20
-55.339130781781776
0
VERTEX
8
L12
10
-5.314221556886224
20
-55.32934131736527
0
VERTEX
8
L12
10
-5.314863192283184
20
-55.31955185294877
0
VERTEX
8
L12
10
-5.316777119914548
20
-55.30992988898258
0
VERTEX
8
L12
10
-5.31993059194788
20
-55.30064005993789
0
VERTEX
8
L12
10
-5.324269651602393
20
-55.291841317365275
0
VERTEX
8
L12
10
-5.32972005636438
20
-55.28368421018962
0
VERTEX
8
L12
10
-5.33618854829723
20
-55.27630830877628
0
VERTEX
8
L12
10
-5.34356444971057
20
-55.26983981684343
0
VERTEX
8
L12
10
-5.351721556886233
20
-55.26438941208144
0
VERTEX
8
L12
10
-5.360520299458841
20
-55.26005035242692
0
VERTEX
8
L12
10
-5.369810128503531
20
-55.25689688039359
0
VERTEX
8
L12
10
-5.379432092469727
20
-55.254982952762234
0
VERTEX
8
L12
10
-5.389221556886227
20
-55.254341317365274
0
SEQEND
0
POLYLINE
8
L12
66
1
70
1
0
VERTEX
8
L12
10
-5.389221556886227
20
-56.2124251497006
0
VERTEX
8
L12
10
-5.3990110213027265
20
-56.21306678509757
0
VERTEX
8
L12
10
-5.408632985268909
20
-56.214980712728924
0
VERTEX
8
L12
10
-5.417922814313613
20
-56.218134184762256
0
VERTEX
8
L12
10
-5.426721556886221
20
-56.22247324441677
0
VERTEX
8
L12
10
-5.434878664061884
20
-56.22792364917876
0
VERTEX
8
L12
10
-5.442254565475224
20
-56.23439214111161
0
VERTEX
8
L12
10
-5.448723057408074
20
-56.241768042524946
0
VERTEX
8
L12
10
-5.454173462170061
20
-56.2499251497006
0
VERTEX
8
L12
10
-5.458512521824574
20
-56.258723892273224
0
VERTEX
8
L12
10
-5.461665993857906
20
-56.268013721317914
0
VERTEX
8
L12
10
-5.463579921489256
20
-56.277635685284096
0
VERTEX
8
L12
10
-5.46422155688623
20
-56.2874251497006
0
VERTEX
8
L12
10
-5.463579921489256
20
-56.29721461411711
0
VERTEX
8
L12
10
-5.461665993857906
20
-56.30683657808329
0
VERTEX
8
L12
10
-5.458512521824574
20
-56.31612640712798
0
VERTEX
8
L12
10
-5.454173462170061
20
-56.324925149700604
0
VERTEX
8
L12
10
-5.448723057408074
20
-56.33308225687626
0
VERTEX
8
L12
10
-5.442254565475224
20
-56.34045815828959
0
VERTEX
8
L12
10
-5.434878664061884
20
-56.34692665022244
0
VERTEX
8
L12
10
-5.426721556886221
20
-56.35237705498444
0
VERTEX
8
L12
10
-5.417922814313613
20
-56.35671611463895
0
VERTEX
8
L12
10
-5.408632985268909
20
-56.35986958667228
0
VERTEX
8
L12
10
-5.3990110213027265
20
-56.36178351430364
0
VERTEX
8
L12
10
-5.389221556886227
20
-56.362425149700606
0
VERTEX
8
L12
10
-5.379432092469727
20
-56.36178351430364
0
VERTEX
8
L12
10
-5.369810128503531
20
-56.35986958667228
0
VERTEX
8
L12
10
-5.360520299458841
20
-56.35671611463895
0
VERTEX
8
L12
10
-5.351721556886233
20
-56.35237705498444
0
VERTEX
8
L12
10
-5.34356444971057
20
-56.34692665022244
0
VERTEX
8
L12
10
-5.33618854829723
20
-56.34045815828959
0
VERTEX
8
L12
10
-5.32972005636438
20
-56.33308225687626
0
VERTEX
8
L12
10
-5.324269651602393
20
-56.324925149700604
0
VERTEX
8
L12
10
-5.31993059194788
20
-56.31612640712798
0
VERTEX
8
L12
10
-5.316777119914548
20
-56.30683657808329
0
VERTEX
8
L12
10
-5.314863192283184
20
-56.29721461411711
0
VERTEX
8
L12
10
-5.314221556886224
20
-56.2874251497006
0
VERTEX
8
L12
10
-5.314863192283184
20
-56.277635685284096
0
VERTEX
8
L12
10
-5.316777119914548
20
-56.268013721317914
0
VERTEX
8
L12
10
-5.31993059194788
20
-56.258723892273224
0
VERTEX
8
L12
10
-5.324269651602393
20
-56.2499251497006
0
VERTEX
8
L12
10
-5.32972005636438
20
-56.241768042524946
0
VERTEX
8
L12
10
-5.33618854829723
20
-56.23439214111161
0
VERTEX
8
L12
10
-5.34356444971057
20
-56.22792364917876
0
VERTEX
8
L12
10
-5.351721556886233
20
-56.22247324441677
0
VERTEX
8
L12
10
-5.360520299458841
20
-56.218134184762256
0
VERTEX
8
L12
10
-5.369810128503531
20
-56.214980712728924
0
VERTEX
8
L12
10
-5.379432092469727
20
-56.21306678509757
0
VERTEX
8
L12
10
-5.389221556886227
20
-56.2124251497006
0
SEQEND
0
POLYLINE
8
L12
66
1
70
1
0
VERTEX
8
L12
10
9.826389271335543
20
-56.04198137543736
0
VERTEX
8
L12
10
9.80623112394936
20
-56.03057104507028
0
VERTEX
8
L12
10
9.783923688858962
20
-56.02433206399831
0
VERTEX
8
L12
10
9.610211090037396
20
-55.72345301692451
0
VERTEX
8
L12
10
9.616571796221947
20
-55.69472720376204
0
VERTEX
8
L12
10
9.613915837681077
20
-55.66542572241315
0
VERTEX
8
L12
10
9.602493679406564
20
-55.638311791946265
0
VERTEX
8
L12
10
9.583382465764302
20
-55.615942338709075
0
VERTEX
8
L12
10
9.558384442494997
20
-55.6004268703746
0
VERTEX
8
L12
10
9.529856999443524
20
-55.59322854293304
0
VERTEX
8
L12
10
9.500490361505882
20
-55.59502618061895
0
VERTEX
8
L12
10
9.473053892215574
20
-55.605650260715265
0
VERTEX
8
L12
10
9.450134934315173
20
-55.62409890006266
0
VERTEX
8
L12
10
9.433894815443551
20
-55.64863233569746
0
VERTEX
8
L12
10
9.425865028346962
20
-55.67693698980582
0
VERTEX
8
L12
10
9.426802806441586
20
-55.70634364716867
0
VERTEX
8
L12
10
9.43661971439262
20
-55.734079170298614
0
VERTEX
8
L12
10
9.454389987836137
20
-55.75752801476383
0
VERTEX
8
L12
10
9.478437835782358
20
-55.77447888300607
0
VERTEX
8
L12
10
9.50649547281769
20
-55.78333325644547
0
VERTEX
8
L12
10
9.68020807163927
20
-56.084212303519266
0
VERTEX
8
L12
10
9.67395155855975
20
-56.11148095079102
0
VERTEX
8
L12
10
9.67583923321341
20
-56.1393943841941
0
VERTEX
8
L12
10
9.685710131783509
20
-56.16557239865976
0
VERTEX
8
L12
10
9.702722553341687
20
-56.187782769946004
0
VERTEX
8
L12
10
9.725425832488256
20
-56.20413159852602
0
VERTEX
8
L12
10
9.751884038973401
20
-56.213224804205794
0
VERTEX
8
L12
10
9.779841056314595
20
-56.2142870006709
0
VERTEX
8
L12
10
9.80691296299915
20
-56.207227613416435
0
VERTEX
8
L12
10
9.830791311743653
20
-56.19264860312143
0
VERTEX
8
L12
10
9.849439972993778
20
-56.171793135888024
0
VERTEX
8
L12
10
9.861268757631933
20
-56.14643957728316
0
VERTEX
8
L12
10
9.865269013918791
20
-56.11874984941189
0
VERTEX
8
L12
10
9.8610996361884
20
-56.09108508175902
0
VERTEX
8
L12
10
9.911468984336182
20
-56.04242133715754
0
VERTEX
8
L12
10
9.95493974386946
20
-55.987507547112855
0
VERTEX
8
L12
10
9.990743980048364
20
-55.927313793756575
0
VERTEX
8
L12
10
10.018249191460697
20
-55.86290343265967
0
VERTEX
8
L12
10
10.036969483505189
20
-55.79541430807474
0
VERTEX
8
L12
10
10.046574151985396
20
-55.72603865229509
0
VERTEX
8
L12
10
10.046893525180138
20
-55.65600202421925
0
VERTEX
8
L12
10
10.037921961187266
20
-55.58654165918282
0
VERTEX
8
L12
10
10.01981794759098
20
-55.5188846125197
0
VERTEX
8
L12
10
9.992901301691901
20
-55.454226082958506
0
VERTEX
8
L12
10
9.957647520759664
20
-55.3937082987835
0
VERTEX
8
L12
10
9.914679382113505
20
-55.338400339747245
0
VERTEX
8
L12
10
9.864755941420427
20
-55.28927925119216
0
VERTEX
8
L12
10
9.808759123561714
20
-55.24721278401022
0
VERTEX
8
L12
10
9.747678142947578
20
-55.21294406534892
0
VERTEX
8
L12
10
9.682592028503691
20
-55.1870784708638
0
VERTEX
8
L12
10
9.61465056203508
20
-55.17007293042646
0
VERTEX
8
L12
10
9.5450539667018
20
-55.16222785620847
0
VERTEX
8
L12
10
9.475031704420402
20
-55.16368183573609
0
VERTEX
8
L12
10
9.405820756746891
20
-55.174409183665844
0
VERTEX
8
L12
10
9.338643772921031
20
-55.194220395530124
0
VERTEX
8
L12
10
9.274687471098915
20
-55.22276549543728
0
VERTEX
8
L12
10
9.215081674327749
20
-55.2595402185871
0
VERTEX
8
L12
10
9.160879351603882
20
-55.3038949193843
0
VERTEX
8
L12
10
9.113038016599631
20
-55.35504604778322
0
VERTEX
8
L12
10
9.072402812660656
20
-55.41208999112788
0
VERTEX
8
L12
10
9.039691582886533
20
-55.4740190369637
0
VERTEX
8
L12
10
9.0154821890399
20
-55.53973917482912
0
VERTEX
8
L12
10
9.00020230330233
20
-55.60808942254863
0
VERTEX
8
L12
10
8.994121853211439
20
-55.677862335617846
0
VERTEX
8
L12
10
8.997348253243274
20
-55.747825337370955
0
VERTEX
8
L12
10
9.009824507276875
20
-55.816742493121616
0
VERTEX
8
L12
10
9.031330215461864
20
-55.88339634362504
0
VERTEX
8
L12
10
9.061485467702454
20
-55.946609412161365
0
VERTEX
8
L12
10
9.099757554976904
20
-56.00526500530582
0
VERTEX
8
L12
10
9.145470379933826
20
-56.05832693992876
0
VERTEX
8
L12
10
9.19781640052156
20
-56.1048578479373
0
VERTEX
8
L12
10
9.255870895660166
20
-56.14403573539531
0
VERTEX
8
L12
10
9.256924454721386
20
-56.17393951127925
0
VERTEX
8
L12
10
9.267151435414902
20
-56.20205987160246
0
VERTEX
8
L12
10
9.285554295687533
20
-56.225653949939996
0
VERTEX
8
L12
10
9.31033801630825
20
-56.24242037445469
0
VERTEX
8
L12
10
9.339085187457457
20
-56.25072374423634
0
VERTEX
8
L12
10
9.368991803437822
20
-56.24975414668334
0
VERTEX
8
L12
10
9.397140766036074
20
-56.23960615656439
0
VERTEX
8
L12
10
9.42078641895479
20
-56.22126961117383
0
VERTEX
8
L12
10
9.43762235976024
20
-56.196533061373835
0
VERTEX
8
L12
10
9.44600640690723
20
-56.167809315931265
0
VERTEX
8
L12
10
9.445120778505327
20
-56.137900095594624
0
VERTEX
8
L12
10
9.435051858952903
20
-56.1097227526067
0
VERTEX
8
L12
10
9.416781772983015
20
-56.08602571149467
0
VERTEX
8
L12
10
9.392092588990636
20
-56.06912038710847
0
VERTEX
8
L12
10
9.363392495670837
20
-56.06065572868375
0
VERTEX
8
L12
10
9.333480906738615
20
-56.06145738095355
0
VERTEX
8
L12
10
9.305275405470113
20
-56.07144715057076
0
VERTEX
8
L12
10
9.281527162957701
20
-56.08965063310525
0
VERTEX
8
L12
10
9.227988212613923
20
-56.05237978858792
0
VERTEX
8
L12
10
9.180164323259888
20
-56.00801301428552
0
VERTEX
8
L12
10
9.138988411455529
20
-55.95741578766164
0
VERTEX
8
L12
10
9.105263709445481
20
-55.90157512569133
0
VERTEX
8
L12
10
9.079648096239808
20
-55.84158033079173
0
VERTEX
8
L12
10
9.062641264148652
20
-55.778601741436525
0
VERTEX
8
L12
10
9.054574971117773
20
-55.71386790197301
0
VERTEX
8
L12
10
9.055606569015623
20
-55.64864159699775
0
VERTEX
8
L12
10
9.065715934117947
20
-55.58419521779631
0
VERTEX
8
L12
10
9.084705859667977
20
-55.52178594138204
0
VERTEX
8
L12
10
9.112205902854484
20
-55.46263120632483
0
VERTEX
8
L12
10
9.147679611163127
20
-55.40788496377083
0
VERTEX
8
L12
10
9.190434987134694
20
-55.35861516693263
0
VERTEX
8
L12
10
9.239637987390253
20
-55.31578293816969
0
VERTEX
8
L12
10
9.294328792593518
20
-55.280223820054
0
VERTEX
8
L12
10
9.353440530966822
20
-55.252631476162364
0
VERTEX
8
L12
10
9.41582009011465
20
-55.23354415954974
0
VERTEX
8
L12
10
9.480250611171755
20
-55.22333421286733
0
VERTEX
8
L12
10
9.545475226474892
20
-55.22220080495031
0
VERTEX
8
L12
10
9.610221577699491
20
-55.23016604556493
0
VERTEX
8
L12
10
9.673226636177901
20
-55.24707455410594
0
VERTEX
8
L12
10
9.733261341220796
20
-55.272596490657875
0
VERTEX
8
L12
10
9.78915457581401
20
-55.306233990292284
0
VERTEX
8
L12
10
9.839816011988745
20
-55.34733087508496
0
VERTEX
8
L12
10
9.884257380212802
20
-55.39508545439754
0
VERTEX
8
L12
10
9.92161174789409
20
-55.448566163724166
0
VERTEX
8
L12
10
9.951150430923747
20
-55.50672973703102
0
VERTEX
8
L12
10
9.972297208360104
20
-55.568441558094776
0
VERTEX
8
L12
10
9.984639562962784
20
-55.632497793839704
0
VERTEX
8
L12
10
9.987936728304149
20
-55.697648877910964
0
VERTEX
8
L12
10
9.982124385480162
20
-55.76262388638226
0
VERTEX
8
L12
10
9.96731591780086
20
-55.826155330092746
0
VERTEX
8
L12
10
9.943800198984206
20
-55.887003879980846
0
VERTEX
8
L12
10
9.912035958000175
20
-55.943982543089554
0
VERTEX
8
L12
10
9.872642830491685
20
-55.99597981763398
0
VERTEX
8
L12
10
9.826389271335543
20
-56.04198137543736
0
SEQEND
0
POLYLINE
8
L12
66
1
70
1
0
VERTEX
8
L12
10
1.4969159508147527
20
-56.08965063310525
0
VERTEX
8
L12
10
1.4731677083023413
20
-56.07144715057076
0
VERTEX
8
L12
10
1.4449622070338393
20
-56.06145738095355
0
VERTEX
8
L12
10
1.415050618101617
20
-56.060655728683756
0
VERTEX
8
L12
10
1.3863505247818182
20
-56.06912038710847
0
VERTEX
8
L12
10
1.3616613407894391
20
-56.08602571149467
0
VERTEX
8
L12
10
1.3433912548195508
20
-56.1097227526067
0
VERTEX
8
L12
10
1.3333223352671268
20
-56.137900095594624
0
VERTEX
8
L12
10
1.3324367068652236
20
-56.16780931593127
0
VERTEX
8
L12
10
1.3408207540122135
20
-56.196533061373835
0
VERTEX
8
L12
10
1.3576566948176634
20
-56.221269611173824
0
VERTEX
8
L12
10
1.38130234773638
20
-56.239606156564385
0
VERTEX
8
L12
10
1.4094513103346316
20
-56.24975414668334
0
VERTEX
8
L12
10
1.4393579263150116
20
-56.25072374423634
0
VERTEX
8
L12
10
1.4681050974642034
20
-56.24242037445468
0
VERTEX
8
L12
10
1.4928888180849214
20
-56.225653949939996
0
VERTEX
8
L12
10
1.5112916783575514
20
-56.20205987160246
0
VERTEX
8
L12
10
1.5215186590510683
20
-56.17393951127925
0
VERTEX
8
L12
10
1.5225722181122876
20
-56.14403573539531
0
VERTEX
8
L12
10
1.5806267132508935
20
-56.1048578479373
0
VERTEX
8
L12
10
1.6329727338386277
20
-56.05832693992876
0
VERTEX
8
L12
10
1.67868555879555
20
-56.00526500530582
0
VERTEX
8
L12
10
1.71695764607
20
-55.946609412161365
0
VERTEX
8
L12
10
1.74711289831059
20
-55.88339634362504
0
VERTEX
8
L12
10
1.7686186064955791
20
-55.816742493121616
0
VERTEX
8
L12
10
1.7810948605291799
20
-55.747825337370955
0
VERTEX
8
L12
10
1.7843212605610148
20
-55.677862335617846
0
VERTEX
8
L12
10
1.7782408104701233
20
-55.60808942254863
0
VERTEX
8
L12
10
1.7629609247325533
20
-55.53973917482912
0
VERTEX
8
L12
10
1.7387515308859207
20
-55.4740190369637
0
VERTEX
8
L12
10
1.7060403011117984
20
-55.41208999112788
0
VERTEX
8
L12
10
1.6654050971728225
20
-55.35504604778322
0
VERTEX
8
L12
10
1.6175637621685723
20
-55.3038949193843
0
VERTEX
8
L12
10
1.563361439444705
20
-55.2595402185871
0
VERTEX
8
L12
10
1.5037556426735392
20
-55.22276549543728
0
VERTEX
8
L12
10
1.4397993408514225
20
-55.194220395530124
0
VERTEX
8
L12
10
1.3726223570255627
20
-55.174409183665844
0
VERTEX
8
L12
10
1.3034114093520515
20
-55.16368183573609
0
VERTEX
8
L12
10
1.2333891470706533
20
-55.16222785620847
0
VERTEX
8
L12
10
1.163792551737373
20
-55.17007293042646
0
VERTEX
8
L12
10
1.0958510852687624
20
-55.1870784708638
0
VERTEX
8
L12
10
1.030764970824876
20
-55.21294406534892
0
VERTEX
8
L12
10
0.9696839902107399
20
-55.24721278401022
0
VERTEX
8
L12
10
0.9136871723520272
20
-55.28927925119216
0
VERTEX
8
L12
10
0.863763731658949
20
-55.338400339747245
0
VERTEX
8
L12
10
0.8207955930127895
20
-55.3937082987835
0
VERTEX
8
L12
10
0.7855418120805524
20
-55.454226082958506
0
VERTEX
8
L12
10
0.7586251661814742
20
-55.5188846125197
0
VERTEX
8
L12
10
0.7405211525851882
20
-55.58654165918282
0
VERTEX
8
L12
10
0.7315495885923156
20
-55.65600202421925
0
VERTEX
8
L12
10
0.7318689617870575
20
-55.72603865229509
0
VERTEX
8
L12
10
0.7414736302672651
20
-55.79541430807474
0
VERTEX
8
L12
10
0.7601939223117569
20
-55.86290343265967
0
VERTEX
8
L12
10
0.7876991337240895
20
-55.927313793756575
0
VERTEX
8
L12
10
0.8235033699029941
20
-55.987507547112855
0
VERTEX
8
L12
10
0.8669741294362723
20
-56.04242133715754
0
VERTEX
8
L12
10
0.9173434775840548
20
-56.09108508175902
0
VERTEX
8
L12
10
0.9131740998536628
20
-56.11874984941189
0
VERTEX
8
L12
10
0.9171743561405208
20
-56.14643957728316
0
VERTEX
8
L12
10
0.9290031407786756
20
-56.17179313588802
0
VERTEX
8
L12
10
0.9476518020288012
20
-56.19264860312143
0
VERTEX
8
L12
10
0.9715301507733045
20
-56.207227613416435
0
VERTEX
8
L12
10
0.9986020574578589
20
-56.2142870006709
0
VERTEX
8
L12
10
1.026559074799053
20
-56.213224804205794
0
VERTEX
8
L12
10
1.0530172812841982
20
-56.20413159852601
0
VERTEX
8
L12
10
1.0757205604307671
20
-56.187782769946004
0
VERTEX
8
L12
10
1.092732981988945
20
-56.16557239865976
0
VERTEX
8
L12
10
1.1026038805590446
20
-56.13939438419409
0
VERTEX
8
L12
10
1.1044915552127037
20
-56.11148095079102
0
VERTEX
8
L12
10
1.098235042133183
20
-56.084212303519266
0
VERTEX
8
L12
10
1.2719476409547639
20
-55.78333325644547
0
VERTEX
8
L12
10
1.3000052779900955
20
-55.77447888300607
0
VERTEX
8
L12
10
1.3240531259363166
20
-55.75752801476383
0
VERTEX
8
L12
10
1.3418233993798339
20
-55.734079170298614
0
VERTEX
8
L12
10
1.351640307330868
20
-55.70634364716867
0
VERTEX
8
L12
10
1.3525780854254918
20
-55.67693698980582
0
VERTEX
8
L12
10
1.3445482983289025
20
-55.64863233569746
0
VERTEX
8
L12
10
1.3283081794572809
20
-55.62409890006266
0
VERTEX
8
L12
10
1.3053892215568794
20
-55.605650260715265
0
VERTEX
8
L12
10
1.2779527522665717
20
-55.595026180618945
0
VERTEX
8
L12
10
1.2485861143289299
20
-55.59322854293304
0
VERTEX
8
L12
10
1.2200586712774566
20
-55.6004268703746
0
VERTEX
8
L12
10
1.1950606480081518
20
-55.615942338709075
0
VERTEX
8
L12
10
1.17594943436589
20
-55.638311791946265
0
VERTEX
8
L12
10
1.164527276091377
20
-55.66542572241315
0
VERTEX
8
L12
10
1.1618713175505064
20
-55.69472720376204
0
VERTEX
8
L12
10
1.1682320237350723
20
-55.72345301692451
0
VERTEX
8
L12
10
0.9945194249134914
20
-56.02433206399831
0
VERTEX
8
L12
10
0.9722119898230943
20
-56.03057104507028
0
VERTEX
8
L12
10
0.9520538424369107
20
-56.04198137543736
0
VERTEX
8
L12
10
0.9058002832807688
20
-55.99597981763398
0
VERTEX
8
L12
10
0.8664071557722792
20
-55.943982543089554
0
VERTEX
8
L12
10
0.8346429147882475
20
-55.887003879980846
0
VERTEX
8
L12
10
0.8111271959715936
20
-55.826155330092746
0
VERTEX
8
L12
10
0.7963187282922917
20
-55.76262388638226
0
VERTEX
8
L12
10
0.790506385468305
20
-55.697648877910964
0
VERTEX
8
L12
10
0.7938035508096704
20
-55.632497793839704
0
VERTEX
8
L12
10
0.8061459054123503
20
-55.568441558094776
0
VERTEX
8
L12
10
0.8272926828487073
20
-55.50672973703102
0
VERTEX
8
L12
10
0.8568313658783637
20
-55.448566163724166
0
VERTEX
8
L12
10
0.8941857335596524
20
-55.39508545439754
0
VERTEX
8
L12
10
0.9386271017837089
20
-55.34733087508496
0
VERTEX
8
L12
10
0.9892885379584442
20
-55.306233990292284
0
VERTEX
8
L12
10
1.0451817725516577
20
-55.272596490657875
0
VERTEX
8
L12
10
1.1052164775945528
20
-55.24707455410594
0
VERTEX
8
L12
10
1.1682215360729629
20
-55.23016604556493
0
VERTEX
8
L12
10
1.232967887297562
20
-55.22220080495031
0
VERTEX
8
L12
10
1.298192502600699
20
-55.22333421286733
0
VERTEX
8
L12
10
1.3626230236578039
20
-55.23354415954974
0
VERTEX
8
L12
10
1.4250025828056323
20
-55.252631476162364
0
VERTEX
8
L12
10
1.4841143211789358
20
-55.280223820054
0
VERTEX
8
L12
10
1.5388051263822007
20
-55.31578293816969
0
VERTEX
8
L12
10
1.5880081266377601
20
-55.35861516693263
0
VERTEX
8
L12
10
1.6307635026093266
20
-55.40788496377083
0
VERTEX
8
L12
10
1.66623721091797
20
-55.46263120632483
0
VERTEX
8
L12
10
1.6937372541044766
20
-55.52178594138204
0
VERTEX
8
L12
10
1.7127271796545074
20
-55.58419521779631
0
VERTEX
8
L12
10
1.7228365447568308
20
-55.64864159699775
0
VERTEX
8
L12
10
1.7238681426546805
20
-55.71386790197301
0
VERTEX
8
L12
10
1.7158018496238014
20
-55.778601741436525
0
VERTEX
8
L12
10
1.698795017532646
20
-55.84158033079173
0
VERTEX
8
L12
10
1.673179404326973
20
-55.90157512569133
0
VERTEX
8
L12
10
1.6394547023169252
20
-55.95741578766164
0
VERTEX
8
L12
10
1.5982787905125662
20
-56.00801301428552
0
VERTEX
8
L12
10
1.5504549011585311
20
-56.05237978858792
0
VERTEX
8
L12
10
1.4969159508147527
20
-56.08965063310525
0
SEQEND
0
POLYLINE
8
L12
66
1
70
1
0
VERTEX
8
L12
10
5.389221556886227
20
-53.817215568862274
0
VERTEX
8
L12
10
5.379432092469727
20
-53.81785720425924
0
VERTEX
8
L12
10
5.369810128503545
20
-53.8197711318906
0
VERTEX
8
L12
10
5.360520299458841
20
-53.82292460392393
0
VERTEX
8
L12
10
5.351721556886233
20
-53.82726366357844
0
VERTEX
8
L12
10
5.34356444971057
20
-53.83271406834044
0
VERTEX
8
L12
10
5.33618854829723
20
-53.83918256027329
0
VERTEX
8
L12
10
5.32972005636438
20
-53.84655846168663
0
VERTEX
8
L12
10
5.324269651602393
20
-53.854715568862275
0
VERTEX
8
L12
10
5.31993059194788
20
-53.8635143114349
0
VERTEX
8
L12
10
5.316777119914548
20
-53.87280414047959
0
VERTEX
8
L12
10
5.314863192283198
20
-53.88242610444577
0
VERTEX
8
L12
10
5.314221556886224
20
-53.89221556886228
0
VERTEX
8
L12
10
5.314863192283198
20
-53.90200503327878
0
VERTEX
8
L12
10
5.316777119914548
20
-53.911626997244966
0
VERTEX
8
L12
10
5.31993059194788
20
-53.920916826289655
0
VERTEX
8
L12
10
5.324269651602393
20
-53.92971556886228
0
VERTEX
8
L12
10
5.32972005636438
20
-53.937872676037934
0
VERTEX
8
L12
10
5.33618854829723
20
-53.94524857745127
0
VERTEX
8
L12
10
5.34356444971057
20
-53.95171706938412
0
VERTEX
8
L12
10
5.351721556886233
20
-53.95716747414611
0
VERTEX
8
L12
10
5.360520299458841
20
-53.96150653380062
0
VERTEX
8
L12
10
5.369810128503545
20
-53.964660005833956
0
VERTEX
8
L12
10
5.379432092469727
20
-53.96657393346531
0
VERTEX
8
L12
10
5.389221556886227
20
-53.96721556886228
0
VERTEX
8
L12
10
5.3990110213027265
20
-53.96657393346531
0
VERTEX
8
L12
10
5.408632985268923
20
-53.964660005833956
0
VERTEX
8
L12
10
5.417922814313613
20
-53.96150653380062
0
VERTEX
8
L12
10
5.426721556886221
20
-53.95716747414611
0
VERTEX
8
L12
10
5.434878664061884
20
-53.95171706938412
0
VERTEX
8
L12
10
5.442254565475224
20
-53.94524857745127
0
VERTEX
8
L12
10
5.448723057408074
20
-53.937872676037934
0
VERTEX
8
L12
10
5.454173462170061
20
-53.92971556886228
0
VERTEX
8
L12
10
5.458512521824574
20
-53.920916826289655
0
VERTEX
8
L12
10
5.461665993857906
20
-53.911626997244966
0
VERTEX
8
L12
10
5.46357992148927
20
-53.90200503327878
0
VERTEX
8
L12
10
5.46422155688623
20
-53.89221556886228
0
VERTEX
8
L12
10
5.46357992148927
20
-53.88242610444577
0
VERTEX
8
L12
10
5.461665993857906
20
-53.87280414047959
0
VERTEX
8
L12
10
5.458512521824574
20
-53.8635143114349
0
VERTEX
8
L12
10
5.454173462170061
20
-53.854715568862275
0
VERTEX
8
L12
10
5.448723057408074
20
-53.84655846168663
0
VERTEX
8
L12
10
5.442254565475224
20
-53.83918256027329
0
VERTEX
8
L12
10
5.434878664061884
20
-53.83271406834044
0
VERTEX
8
L12
10
5.426721556886221
20
-53.82726366357844
0
VERTEX
8
L12
10
5.417922814313613
20
-53.82292460392393
0
VERTEX
8
L12
10
5.408632985268923
20
-53.8197711318906
0
VERTEX
8
L12
10
5.3990110213027265
20
-53.81785720425924
0
VERTEX
8
L12
10
5.389221556886227
20
-53.817215568862274
0
SEQEND
0
POLYLINE
8
L12
66
1
70
1
0
VERTEX
8
L12
10
5.389221556886227
20
-54.77529940119761
0
VERTEX
8
L12
10
5.379432092469727
20
-54.775941036594574
0
VERTEX
8
L12
10
5.369810128503545
20
-54.77785496422593
0
VERTEX
8
L12
10
5.360520299458841
20
-54.78100843625926
0
VERTEX
8
L12
10
5.351721556886233
20
-54.785347495913776
0
VERTEX
8
L12
10
5.34356444971057
20
-54.79079790067576
0
VERTEX
8
L12
10
5.33618854829723
20
-54.79726639260861
0
VERTEX
8
L12
10
5.32972005636438
20
-54.80464229402195
0
VERTEX
8
L12
10
5.324269651602393
20
-54.81279940119761
0
VERTEX
8
L12
10
5.31993059194788
20
-54.821598143770224
0
VERTEX
8
L12
10
5.316777119914548
20
-54.83088797281492
0
VERTEX
8
L12
10
5.314863192283198
20
-54.8405099367811
0
VERTEX
8
L12
10
5.314221556886224
20
-54.85029940119761
0
VERTEX
8
L12
10
5.314863192283198
20
-54.86008886561411
0
VERTEX
8
L12
10
5.316777119914548
20
-54.8697108295803
0
VERTEX
8
L12
10
5.31993059194788
20
-54.87900065862499
0
VERTEX
8
L12
10
5.324269651602393
20
-54.887799401197604
0
VERTEX
8
L12
10
5.32972005636438
20
-54.89595650837326
0
VERTEX
8
L12
10
5.33618854829723
20
-54.9033324097866
0
VERTEX
8
L12
10
5.34356444971057
20
-54.90980090171945
0
VERTEX
8
L12
10
5.351721556886233
20
-54.91525130648144
0
VERTEX
8
L12
10
5.360520299458841
20
-54.91959036613596
0
VERTEX
8
L12
10
5.369810128503545
20
-54.92274383816929
0
VERTEX
8
L12
10
5.379432092469727
20
-54.924657765800646
0
VERTEX
8
L12
10
5.389221556886227
20
-54.925299401197606
0
VERTEX
8
L12
10
5.3990110213027265
20
-54.924657765800646
0
VERTEX
8
L12
10
5.408632985268923
20
-54.92274383816929
0
VERTEX
8
L12
10
5.417922814313613
20
-54.91959036613596
0
VERTEX
8
L12
10
5.426721556886221
20
-54.91525130648144
0
VERTEX
8
L12
10
5.434878664061884
20
-54.90980090171945
0
VERTEX
8
L12
10
5.442254565475224
20
-54.9033324097866
0
VERTEX
8
L12
10
5.448723057408074
20
-54.89595650837326
0
VERTEX
8
L12
10
5.454173462170061
20
-54.887799401197604
0
VERTEX
8
L12
10
5.458512521824574
20
-54.87900065862499
0
VERTEX
8
L12
10
5.461665993857906
20
-54.8697108295803
0
VERTEX
8
L12
10
5.46357992148927
20
-54.86008886561411
0
VERTEX
8
L12
10
5.46422155688623
20
-54.85029940119761
0
VERTEX
8
L12
10
5.46357992148927
20
-54.8405099367811
0
VERTEX
8
L12
10
5.461665993857906
20
-54.83088797281492
0
VERTEX
8
L12
10
5.458512521824574
20
-54.821598143770224
0
VERTEX
8
L12
10
5.454173462170061
20
-54.81279940119761
0
VERTEX
8
L12
10
5.448723057408074
20
-54.80464229402195
0
VERTEX
8
L12
10
5.442254565475224
20
-54.79726639260861
0
VERTEX
8
L12
10
5.434878664061884
20
-54.79079790067576
0
VERTEX
8
L12
10
5.426721556886221
20
-54.785347495913776
0
VERTEX
8
L12
10
5.417922814313613
20
-54.78100843625926
0
VERTEX
8
L12
10
5.408632985268923
20
-54.77785496422593
0
VERTEX
8
L12
10
5.3990110213027265
20
-54.775941036594574
0
VERTEX
8
L12
10
5.389221556886227
20
-54.77529940119761
0
SEQEND
0
POLYLINE
8
L12
66
1
70
1
0
VERTEX
8
L12
10
5.389221556886227
20
-53.338173652694614
0
VERTEX
8
L12
10
5.379432092469727
20
-53.338815288091574
0
VERTEX
8
L12
10
5.369810128503545
20
-53.34072921572293
0
VERTEX
8
L12
10
5.360520299458841
20
-53.34388268775626
0
VERTEX
8
L12
10
5.351721556886233
20
-53.348221747410776
0
VERTEX
8
L12
10
5.34356444971057
20
-53.35367215217277
0
VERTEX
8
L12
10
5.33618854829723
20
-53.36014064410562
0
VERTEX
8
L12
10
5.32972005636438
20
-53.36751654551896
0
VERTEX
8
L12
10
5.324269651602393
20
-53.37567365269461
0
VERTEX
8
L12
10
5.31993059194788
20
-53.38447239526723
0
VERTEX
8
L12
10
5.316777119914548
20
-53.39376222431192
0
VERTEX
8
L12
10
5.314863192283198
20
-53.40338418827811
0
VERTEX
8
L12
10
5.314221556886224
20
-53.41317365269461
0
VERTEX
8
L12
10
5.314863192283198
20
-53.42296311711112
0
VERTEX
8
L12
10
5.316777119914548
20
-53.4325850810773
0
VERTEX
8
L12
10
5.31993059194788
20
-53.441874910121996
0
VERTEX
8
L12
10
5.324269651602393
20
-53.45067365269461
0
VERTEX
8
L12
10
5.32972005636438
20
-53.45883075987027
0
VERTEX
8
L12
10
5.33618854829723
20
-53.4662066612836
0
VERTEX
8
L12
10
5.34356444971057
20
-53.47267515321646
0
VERTEX
8
L12
10
5.351721556886233
20
-53.478125557978444
0
VERTEX
8
L12
10
5.360520299458841
20
-53.48246461763296
0
VERTEX
8
L12
10
5.369810128503545
20
-53.48561808966629
0
VERTEX
8
L12
10
5.379432092469727
20
-53.487532017297646
0
VERTEX
8
L12
10
5.389221556886227
20
-53.48817365269461
0
VERTEX
8
L12
10
5.3990110213027265
20
-53.487532017297646
0
VERTEX
8
L12
10
5.408632985268923
20
-53.48561808966629
0
VERTEX
8
L12
10
5.417922814313613
20
-53.48246461763296
0
VERTEX
8
L12
10
5.426721556886221
20
-53.478125557978444
0
VERTEX
8
L12
10
5.434878664061884
20
-53.47267515321646
0
VERTEX
8
L12
10
5.442254565475224
20
-53.4662066612836
0
VERTEX
8
L12
10
5.448723057408074
20
-53.45883075987027
0
VERTEX
8
L12
10
5.454173462170061
20
-53.45067365269461
0
VERTEX
8
L12
10
5.458512521824574
20
-53.441874910121996
0
VERTEX
8
L12
10
5.461665993857906
20
-53.4325850810773
0
VERTEX
8
L12
10
5.46357992148927
20
-53.42296311711112
0
VERTEX
8
L12
10
5.46422155688623
20
-53.41317365269461
0
VERTEX
8
L12
10
5.46357992148927
20
-53.40338418827811
0
VERTEX
8
L12
10
5.461665993857906
20
-53.39376222431192
0
VERTEX
8
L12
10
5.458512521824574
20
-53.38447239526723
0
VERTEX
8
L12
10
5.454173462170061
20
-53.37567365269461
0
VERTEX
8
L12
10
5.448723057408074
20
-53.36751654551896
0
VERTEX
8
L12
10
5.442254565475224
20
-53.36014064410562
0
VERTEX
8
L12
10
5.434878664061884
20
-53.35367215217277
0
VERTEX
8
L12
10
5.426721556886221
20
-53.348221747410776
0
VERTEX
8
L12
10
5.417922814313613
20
-53.34388268775626
0
VERTEX
8
L12
10
5.408632985268923
20
-53.34072921572293
0
VERTEX
8
L12
10
5.3990110213027265
20
-53.338815288091574
0
VERTEX
8
L12
10
5.389221556886227
20
-53.338173652694614
0
SEQEND
0
POLYLINE
8
L12
66
1
70
1
0
VERTEX
8
L12
10
5.389221556886227
20
-55.73338323353294
0
VERTEX
8
L12
10
5.379432092469727
20
-55.7340248689299
0
VERTEX
8
L12
10
5.369810128503545
20
-55.73593879656126
0
VERTEX
8
L12
10
5.360520299458841
20
-55.73909226859459
0
VERTEX
8
L12
10
5.351721556886233
20
-55.7434313282491
0
VERTEX
8
L12
10
5.34356444971057
20
-55.748881733011096
0
VERTEX
8
L12
10
5.33618854829723
20
-55.755350224943946
0
VERTEX
8
L12
10
5.32972005636438
20
-55.762726126357286
0
VERTEX
8
L12
10
5.324269651602393
20
-55.770883233532935
0
VERTEX
8
L12
10
5.31993059194788
20
-55.77968197610556
0
VERTEX
8
L12
10
5.316777119914548
20
-55.78897180515025
0
VERTEX
8
L12
10
5.314863192283198
20
-55.79859376911644
0
VERTEX
8
L12
10
5.314221556886224
20
-55.808383233532936
0
VERTEX
8
L12
10
5.314863192283198
20
-55.81817269794944
0
VERTEX
8
L12
10
5.316777119914548
20
-55.827794661915625
0
VERTEX
8
L12
10
5.31993059194788
20
-55.83708449096032
0
VERTEX
8
L12
10
5.324269651602393
20
-55.84588323353294
0
VERTEX
8
L12
10
5.32972005636438
20
-55.85404034070859
0
VERTEX
8
L12
10
5.33618854829723
20
-55.861416242121926
0
VERTEX
8
L12
10
5.34356444971057
20
-55.86788473405478
0
VERTEX
8
L12
10
5.351721556886233
20
-55.87333513881677
0
VERTEX
8
L12
10
5.360520299458841
20
-55.87767419847128
0
VERTEX
8
L12
10
5.369810128503545
20
-55.880827670504615
0
VERTEX
8
L12
10
5.379432092469727
20
-55.88274159813597
0
VERTEX
8
L12
10
5.389221556886227
20
-55.88338323353294
0
VERTEX
8
L12
10
5.3990110213027265
20
-55.88274159813597
0
VERTEX
8
L12
10
5.408632985268923
20
-55.880827670504615
0
VERTEX
8
L12
10
5.417922814313613
20
-55.87767419847128
0
VERTEX
8
L12
10
5.426721556886221
20
-55.87333513881677
0
VERTEX
8
L12
10
5.434878664061884
20
-55.86788473405478
0
VERTEX
8
L12
10
5.442254565475224
20
-55.861416242121926
0
VERTEX
8
L12
10
5.448723057408074
20
-55.85404034070859
0
VERTEX
8
L12
10
5.454173462170061
20
-55.84588323353294
0
VERTEX
8
L12
10
5.458512521824574
20
-55.83708449096032
0
VERTEX
8
L12
10
5.461665993857906
20
-55.827794661915625
0
VERTEX
8
L12
10
5.46357992148927
20
-55.81817269794944
0
VERTEX
8
L12
10
5.46422155688623
20
-55.808383233532936
0
VERTEX
8
L12
10
5.46357992148927
20
-55.79859376911644
0
VERTEX
8
L12
10
5.461665993857906
20
-55.78897180515025
0
VERTEX
8
L12
10
5.458512521824574
20
-55.77968197610556
0
VERTEX
8
L12
10
5.454173462170061
20
-55.770883233532935
0
VERTEX
8
L12
10
5.448723057408074
20
-55.762726126357286
0
VERTEX
8
L12
10
5.442254565475224
20
-55.755350224943946
0
VERTEX
8
L12
10
5.434878664061884
20
-55.748881733011096
0
VERTEX
8
L12
10
5.426721556886221
20
-55.7434313282491
0
VERTEX
8
L12
10
5.417922814313613
20
-55.73909226859459
0
VERTEX
8
L12
10
5.408632985268923
20
-55.73593879656126
0
VERTEX
8
L12
10
5.3990110213027265
20
-55.7340248689299
0
VERTEX
8
L12
10
5.389221556886227
20
-55.73338323353294
0
SEQEND
0
POLYLINE
8
L12
66
1
70
1
0
VERTEX
8
L12
10
5.389221556886227
20
-54.29625748502994
0
VERTEX
8
L12
10
5.379432092469727
20
-54.29689912042691
0
VERTEX
8
L12
10
5.369810128503545
20
-54.298813048058264
0
VERTEX
8
L12
10
5.360520299458841
20
-54.3019665200916
0
VERTEX
8
L12
10
5.351721556886233
20
-54.30630557974611
0
VERTEX
8
L12
10
5.34356444971057
20
-54.3117559845081
0
VERTEX
8
L12
10
5.33618854829723
20
-54.31822447644095
0
VERTEX
8
L12
10
5.32972005636438
20
-54.325600377854286
0
VERTEX
8
L12
10
5.324269651602393
20
-54.33375748502994
0
VERTEX
8
L12
10
5.31993059194788
20
-54.342556227602564
0
VERTEX
8
L12
10
5.316777119914548
20
-54.351846056647254
0
VERTEX
8
L12
10
5.314863192283198
20
-54.36146802061344
0
VERTEX
8
L12
10
5.314221556886224
20
-54.37125748502994
0
VERTEX
8
L12
10
5.314863192283198
20
-54.38104694944645
0
VERTEX
8
L12
10
5.316777119914548
20
-54.39066891341263
0
VERTEX
8
L12
10
5.31993059194788
20
-54.39995874245732
0
VERTEX
8
L12
10
5.324269651602393
20
-54.408757485029945
0
VERTEX
8
L12
10
5.32972005636438
20
-54.4169145922056
0
VERTEX
8
L12
10
5.33618854829723
20
-54.42429049361893
0
VERTEX
8
L12
10
5.34356444971057
20
-54.43075898555178
0
VERTEX
8
L12
10
5.351721556886233
20
-54.43620939031378
0
VERTEX
8
L12
10
5.360520299458841
20
-54.44054844996829
0
VERTEX
8
L12
10
5.369810128503545
20
-54.44370192200162
0
VERTEX
8
L12
10
5.379432092469727
20
-54.44561584963298
0
VERTEX
8
L12
10
5.389221556886227
20
-54.446257485029946
0
VERTEX
8
L12
10
5.3990110213027265
20
-54.44561584963298
0
VERTEX
8
L12
10
5.408632985268923
20
-54.44370192200162
0
VERTEX
8
L12
10
5.417922814313613
20
-54.44054844996829
0
VERTEX
8
L12
10
5.426721556886221
20
-54.43620939031378
0
VERTEX
8
L12
10
5.434878664061884
20
-54.43075898555178
0
VERTEX
8
L12
10
5.442254565475224
20
-54.42429049361893
0
VERTEX
8
L12
10
5.448723057408074
20
-54.4169145922056
0
VERTEX
8
L12
10
5.454173462170061
20
-54.408757485029945
0
VERTEX
8
L12
10
5.458512521824574
20
-54.39995874245732
0
VERTEX
8
L12
10
5.461665993857906
20
-54.39066891341263
0
VERTEX
8
L12
10
5.46357992148927
20
-54.38104694944645
0
VERTEX
8
L12
10
5.46422155688623
20
-54.37125748502994
0
VERTEX
8
L12
10
5.46357992148927
20
-54.36146802061344
0
VERTEX
8
L12
10
5.461665993857906
20
-54.351846056647254
0
VERTEX
8
L12
10
5.458512521824574
20
-54.342556227602564
0
VERTEX
8
L12
10
5.454173462170061
20
-54.33375748502994
0
VERTEX
8
L12
10
5.448723057408074
20
-54.325600377854286
0
VERTEX
8
L12
10
5.442254565475224
20
-54.31822447644095
0
VERTEX
8
L12
10
5.434878664061884
20
-54.3117559845081
0
VERTEX
8
L12
10
5.426721556886221
20
-54.30630557974611
0
VERTEX
8
L12
10
5.417922814313613
20
-54.3019665200916
0
VERTEX
8
L12
10
5.408632985268923
20
-54.298813048058264
0
VERTEX
8
L12
10
5.3990110213027265
20
-54.29689912042691
0
VERTEX
8
L12
10
5.389221556886227
20
-54.29625748502994
0
SEQEND
0
POLYLINE
8
L12
66
1
70
1
0
VERTEX
8
L12
10
5.389221556886227
20
-56.69146706586827
0
VERTEX
8
L12
10
5.379432092469727
20
-56.692108701265234
0
VERTEX
8
L12
10
5.369810128503545
20
-56.69402262889659
0
VERTEX
8
L12
10
5.360520299458841
20
-56.69717610092992
0
VERTEX
8
L12
10
5.351721556886233
20
-56.701515160584435
0
VERTEX
8
L12
10
5.34356444971057
20
-56.70696556534642
0
VERTEX
8
L12
10
5.33618854829723
20
-56.71343405727928
0
VERTEX
8
L12
10
5.32972005636438
20
-56.72080995869261
0
VERTEX
8
L12
10
5.324269651602393
20
-56.72896706586827
0
VERTEX
8
L12
10
5.31993059194788
20
-56.737765808440884
0
VERTEX
8
L12
10
5.316777119914548
20
-56.74705563748558
0
VERTEX
8
L12
10
5.314863192283198
20
-56.75667760145176
0
VERTEX
8
L12
10
5.314221556886224
20
-56.76646706586827
0
VERTEX
8
L12
10
5.314863192283198
20
-56.77625653028477
0
VERTEX
8
L12
10
5.316777119914548
20
-56.78587849425096
0
VERTEX
8
L12
10
5.31993059194788
20
-56.79516832329565
0
VERTEX
8
L12
10
5.324269651602393
20
-56.80396706586827
0
VERTEX
8
L12
10
5.32972005636438
20
-56.81212417304392
0
VERTEX
8
L12
10
5.33618854829723
20
-56.81950007445726
0
VERTEX
8
L12
10
5.34356444971057
20
-56.82596856639011
0
VERTEX
8
L12
10
5.351721556886233
20
-56.831418971152104
0
VERTEX
8
L12
10
5.360520299458841
20
-56.835758030806616
0
VERTEX
8
L12
10
5.369810128503545
20
-56.83891150283995
0
VERTEX
8
L12
10
5.379432092469727
20
-56.840825430471305
0
VERTEX
8
L12
10
5.389221556886227
20
-56.841467065868265
0
VERTEX
8
L12
10
5.3990110213027265
20
-56.840825430471305
0
VERTEX
8
L12
10
5.408632985268923
20
-56.83891150283995
0
VERTEX
8
L12
10
5.417922814313613
20
-56.835758030806616
0
VERTEX
8
L12
10
5.426721556886221
20
-56.831418971152104
0
VERTEX
8
L12
10
5.434878664061884
20
-56.82596856639011
0
VERTEX
8
L12
10
5.442254565475224
20
-56.81950007445726
0
VERTEX
8
L12
10
5.448723057408074
20
-56.81212417304392
0
VERTEX
8
L12
10
5.454173462170061
20
-56.80396706586827
0
VERTEX
8
L12
10
5.458512521824574
20
-56.79516832329565
0
VERTEX
8
L12
10
5.461665993857906
20
-56.78587849425096
0
VERTEX
8
L12
10
5.46357992148927
20
-56.77625653028477
0
VERTEX
8
L12
10
5.46422155688623
20
-56.76646706586827
0
VERTEX
8
L12
10
5.46357992148927
20
-56.75667760145176
0
VERTEX
8
L12
10
5.461665993857906
20
-56.74705563748558
0
VERTEX
8
L12
10
5.458512521824574
20
-56.737765808440884
0
VERTEX
8
L12
10
5.454173462170061
20
-56.72896706586827
0
VERTEX
8
L12
10
5.448723057408074
20
-56.72080995869261
0
VERTEX
8
L12
10
5.442254565475224
20
-56.71343405727928
0
VERTEX
8
L12
10
5.434878664061884
20
-56.70696556534642
0
VERTEX
8
L12
10
5.426721556886221
20
-56.701515160584435
0
VERTEX
8
L12
10
5.417922814313613
20
-56.69717610092992
0
VERTEX
8
L12
10
5.408632985268923
20
-56.69402262889659
0
VERTEX
8
L12
10
5.3990110213027265
20
-56.692108701265234
0
VERTEX
8
L12
10
5.389221556886227
20
-56.69146706586827
0
SEQEND
0
POLYLINE
8
L12
66
1
70
1
0
VERTEX
8
L12
10
5.389221556886227
20
-55.254341317365274
0
VERTEX
8
L12
10
5.379432092469727
20
-55.254982952762234
0
VERTEX
8
L12
10
5.369810128503545
20
-55.25689688039359
0
VERTEX
8
L12
10
5.360520299458841
20
-55.26005035242692
0
VERTEX
8
L12
10
5.351721556886233
20
-55.26438941208144
0
VERTEX
8
L12
10
5.34356444971057
20
-55.26983981684343
0
VERTEX
8
L12
10
5.33618854829723
20
-55.27630830877628
0
VERTEX
8
L12
10
5.32972005636438
20
-55.28368421018962
0
VERTEX
8
L12
10
5.324269651602393
20
-55.291841317365275
0
VERTEX
8
L12
10
5.31993059194788
20
-55.30064005993789
0
VERTEX
8
L12
10
5.316777119914548
20
-55.30992988898258
0
VERTEX
8
L12
10
5.314863192283198
20
-55.31955185294877
0
VERTEX
8
L12
10
5.314221556886224
20
-55.32934131736527
0
VERTEX
8
L12
10
5.314863192283198
20
-55.339130781781776
0
VERTEX
8
L12
10
5.316777119914548
20
-55.34875274574796
0
VERTEX
8
L12
10
5.31993059194788
20
-55.358042574792655
0
VERTEX
8
L12
10
5.324269651602393
20
-55.36684131736527
0
VERTEX
8
L12
10
5.32972005636438
20
-55.37499842454093
0
VERTEX
8
L12
10
5.33618854829723
20
-55.38237432595427
0
VERTEX
8
L12
10
5.34356444971057
20
-55.38884281788712
0
VERTEX
8
L12
10
5.351721556886233
20
-55.394293222649104
0
VERTEX
8
L12
10
5.360520299458841
20
-55.398632282303616
0
VERTEX
8
L12
10
5.369810128503545
20
-55.401785754336956
0
VERTEX
8
L12
10
5.379432092469727
20
-55.403699681968305
0
VERTEX
8
L12
10
5.389221556886227
20
-55.40434131736527
0
VERTEX
8
L12
10
5.3990110213027265
20
-55.403699681968305
0
VERTEX
8
L12
10
5.408632985268923
20
-55.401785754336956
0
VERTEX
8
L12
10
5.417922814313613
20
-55.398632282303616
0
VERTEX
8
L12
10
5.426721556886221
20
-55.394293222649104
0
VERTEX
8
L12
10
5.434878664061884
20
-55.38884281788712
0
VERTEX
8
L12
10
5.442254565475224
20
-55.38237432595427
0
VERTEX
8
L12
10
5.448723057408074
20
-55.37499842454093
0
VERTEX
8
L12
10
5.454173462170061
20
-55.36684131736527
0
VERTEX
8
L12
10
5.458512521824574
20
-55.358042574792655
0
VERTEX
8
L12
10
5.461665993857906
20
-55.34875274574796
0
VERTEX
8
L12
10
5.46357992148927
20
-55.339130781781776
0
VERTEX
8
L12
10
5.46422155688623
20
-55.32934131736527
0
VERTEX
8
L12
10
5.46357992148927
20
-55.31955185294877
0
VERTEX
8
L12
10
5.461665993857906
20
-55.30992988898258
0
VERTEX
8
L12
10
5.458512521824574
20
-55.30064005993789
0
VERTEX
8
L12
10
5.454173462170061
20
-55.291841317365275
0
VERTEX
8
L12
10
5.448723057408074
20
-55.28368421018962
0
VERTEX
8
L12
10
5.442254565475224
20
-55.27630830877628
0
VERTEX
8
L12
10
5.434878664061884
20
-55.26983981684343
0
VERTEX
8
L12
10
5.426721556886221
20
-55.26438941208144
0
VERTEX
8
L12
10
5.417922814313613
20
-55.26005035242692
0
VERTEX
8
L12
10
5.408632985268923
20
-55.25689688039359
0
VERTEX
8
L12
10
5.3990110213027265
20
-55.254982952762234
0
VERTEX
8
L12
10
5.389221556886227
20
-55.254341317365274
0
SEQEND
0
POLYLINE
8
L12
66
1
70
1
0
VERTEX
8
L12
10
5.389221556886227
20
-56.2124251497006
0
VERTEX
8
L12
10
5.379432092469727
20
-56.21306678509757
0
VERTEX
8
L12
10
5.369810128503545
20
-56.214980712728924
0
VERTEX
8
L12
10
5.360520299458841
20
-56.218134184762256
0
VERTEX
8
L12
10
5.351721556886233
20
-56.22247324441677
0
VERTEX
8
L12
10
5.34356444971057
20
-56.22792364917876
0
VERTEX
8
L12
10
5.33618854829723
20
-56.23439214111161
0
VERTEX
8
L12
10
5.32972005636438
20
-56.241768042524946
0
VERTEX
8
L12
10
5.324269651602393
20
-56.2499251497006
0
VERTEX
8
L12
10
5.31993059194788
20
-56.258723892273224
0
VERTEX
8
L12
10
5.316777119914548
20
-56.268013721317914
0
VERTEX
8
L12
10
5.314863192283198
20
-56.277635685284096
0
VERTEX
8
L12
10
5.314221556886224
20
-56.2874251497006
0
VERTEX
8
L12
10
5.314863192283198
20
-56.29721461411711
0
VERTEX
8
L12
10
5.316777119914548
20
-56.30683657808329
0
VERTEX
8
L12
10
5.31993059194788
20
-56.31612640712798
0
VERTEX
8
L12
10
5.324269651602393
20
-56.324925149700604
0
VERTEX
8
L12
10
5.32972005636438
20
-56.33308225687626
0
VERTEX
8
L12
10
5.33618854829723
20
-56.34045815828959
0
VERTEX
8
L12
10
5.34356444971057
20
-56.34692665022244
0
VERTEX
8
L12
10
5.351721556886233
20
-56.35237705498444
0
VERTEX
8
L12
10
5.360520299458841
20
-56.35671611463895
0
VERTEX
8
L12
10
5.369810128503545
20
-56.35986958667228
0
VERTEX
8
L12
10
5.379432092469727
20
-56.36178351430364
0
VERTEX
8
L12
10
5.389221556886227
20
-56.362425149700606
0
VERTEX
8
L12
10
5.3990110213027265
20
-56.36178351430364
0
VERTEX
8
L12
10
5.408632985268923
20
-56.35986958667228
0
VERTEX
8
L12
10
5.417922814313613
20
-56.35671611463895
0
VERTEX
8
L12
10
5.426721556886221
20
-56.35237705498444
0
VERTEX
8
L12
10
5.434878664061884
20
-56.34692665022244
0
VERTEX
8
L12
10
5.442254565475224
20
-56.34045815828959
0
VERTEX
8
L12
10
5.448723057408074
20
-56.33308225687626
0
VERTEX
8
L12
10
5.454173462170061
20
-56.324925149700604
0
VERTEX
8
L12
10
5.458512521824574
20
-56.31612640712798
0
VERTEX
8
L12
10
5.461665993857906
20
-56.30683657808329
0
VERTEX
8
L12
10
5.46357992148927
20
-56.29721461411711
0
VERTEX
8
L12
10
5.46422155688623
20
-56.2874251497006
0
VERTEX
8
L12
10
5.46357992148927
20
-56.277635685284096
0
VERTEX
8
L12
10
5.461665993857906
20
-56.268013721317914
0
VERTEX
8
L12
10
5.458512521824574
20
-56.258723892273224
0
VERTEX
8
L12
10
5.454173462170061
20
-56.2499251497006
0
VERTEX
8
L12
10
5.448723057408074
20
-56.241768042524946
0
VERTEX
8
L12
10
5.442254565475224
20
-56.23439214111161
0
VERTEX
8
L12
10
5.434878664061884
20
-56.22792364917876
0
VERTEX
8
L12
10
5.426721556886221
20
-56.22247324441677
0
VERTEX
8
L12
10
5.417922814313613
20
-56.218134184762256
0
VERTEX
8
L12
10
5.408632985268923
20
-56.214980712728924
0
VERTEX
8
L12
10
5.3990110213027265
20
-56.21306678509757
0
VERTEX
8
L12
10
5.389221556886227
20
-56.2124251497006
0
SEQEND
0
POLYLINE
8
L12
66
1
70
1
0
VERTEX
8
L12
10
20.604832385107997
20
-56.04198137543736
0
VERTEX
8
L12
10
20.584674237721813
20
-56.03057104507028
0
VERTEX
8
L12
10
20.562366802631416
20
-56.02433206399831
0
VERTEX
8
L12
10
20.38865420380985
20
-55.72345301692451
0
VERTEX
8
L12
10
20.3950149099944
20
-55.69472720376204
0
VERTEX
8
L12
10
20.392358951453517
20
-55.66542572241315
0
VERTEX
8
L12
10
20.380936793179032
20
-55.638311791946265
0
VERTEX
8
L12
10
20.361825579536756
20
-55.615942338709075
0
VERTEX
8
L12
10
20.336827556267465
20
-55.6004268703746
0
VERTEX
8
L12
10
20.308300113215992
20
-55.59322854293304
0
VERTEX
8
L12
10
20.278933475278322
20
-55.59502618061895
0
VERTEX
8
L12
10
20.251497005988043
20
-55.605650260715265
0
VERTEX
8
L12
10
20.228578048087613
20
-55.62409890006266
0
VERTEX
8
L12
10
20.21233792921599
20
-55.64863233569746
0
VERTEX
8
L12
10
20.204308142119416
20
-55.67693698980582
0
VERTEX
8
L12
10
20.20524592021404
20
-55.70634364716867
0
VERTEX
8
L12
10
20.215062828165074
20
-55.734079170298614
0
VERTEX
8
L12
10
20.23283310160859
20
-55.75752801476383
0
VERTEX
8
L12
10
20.256880949554827
20
-55.77447888300607
0
VERTEX
8
L12
10
20.284938586590144
20
-55.78333325644547
0
VERTEX
8
L12
10
20.45865118541174
20
-56.084212303519266
0
VERTEX
8
L12
10
20.452394672332204
20
-56.11148095079102
0
VERTEX
8
L12
10
20.454282346985863
20
-56.1393943841941
0
VERTEX
8
L12
10
20.46415324555595
20
-56.16557239865976
0
VERTEX
8
L12
10
20.481165667114126
20
-56.187782769946004
0
VERTEX
8
L12
10
20.50386894626071
20
-56.20413159852602
0
VERTEX
8
L12
10
20.53032715274587
20
-56.213224804205794
0
VERTEX
8
L12
10
20.55828417008705
20
-56.2142870006709
0
VERTEX
8
L12
10
20.585356076771617
20
-56.207227613416435
0
VERTEX
8
L12
10
20.609234425516107
20
-56.19264860312143
0
VERTEX
8
L12
10
20.627883086766232
20
-56.171793135888024
0
VERTEX
8
L12
10
20.639711871404373
20
-56.14643957728316
0
VERTEX
8
L12
10
20.643712127691245
20
-56.11874984941189
0
VERTEX
8
L12
10
20.639542749960853
20
-56.09108508175902
0
VERTEX
8
L12
10
20.68991209810865
20
-56.04242133715754
0
VERTEX
8
L12
10
20.7333828576419
20
-55.987507547112855
0
VERTEX
8
L12
10
20.769187093820804
20
-55.927313793756575
0
VERTEX
8
L12
10
20.79669230523315
20
-55.86290343265967
0
VERTEX
8
L12
10
20.815412597277643
20
-55.79541430807474
0
VERTEX
8
L12
10
20.825017265757864
20
-55.72603865229509
0
VERTEX
8
L12
10
20.825336638952578
20
-55.65600202421925
0
VERTEX
8
L12
10
20.816365074959734
20
-55.58654165918282
0
VERTEX
8
L12
10
20.79826106136342
20
-55.5188846125197
0
VERTEX
8
L12
10
20.771344415464355
20
-55.454226082958506
0
VERTEX
8
L12
10
20.73609063453212
20
-55.3937082987835
0
VERTEX
8
L12
10
20.69312249588596
20
-55.338400339747245
0
VERTEX
8
L12
10
20.64319905519288
20
-55.28927925119216
0
VERTEX
8
L12
10
20.587202237334154
20
-55.24721278401022
0
VERTEX
8
L12
10
20.52612125672003
20
-55.21294406534892
0
VERTEX
8
L12
10
20.461035142276145
20
-55.1870784708638
0
VERTEX
8
L12
10
20.39309367580755
20
-55.17007293042646
0
VERTEX
8
L12
10
20.32349708047424
20
-55.16222785620847
0
VERTEX
8
L12
10
20.253474818192856
20
-55.16368183573609
0
VERTEX
8
L12
10
20.18426387051936
20
-55.174409183665844
0
VERTEX
8
L12
10
20.117086886693485
20
-55.194220395530124
0
VERTEX
8
L12
10
20.05313058487137
20
-55.22276549543728
0
VERTEX
8
L12
10
19.993524788100203
20
-55.2595402185871
0
VERTEX
8
L12
10
19.93932246537635
20
-55.3038949193843
0
VERTEX
8
L12
10
19.8914811303721
20
-55.35504604778322
0
VERTEX
8
L12
10
19.85084592643311
20
-55.41208999112788
0
VERTEX
8
L12
10
19.818134696658987
20
-55.4740190369637
0
VERTEX
8
L12
10
19.793925302812355
20
-55.53973917482912
0
VERTEX
8
L12
10
19.7786454170748
20
-55.60808942254863
0
VERTEX
8
L12
10
19.772564966983893
20
-55.677862335617846
0
VERTEX
8
L12
10
19.775791367015742
20
-55.747825337370955
0
VERTEX
8
L12
10
19.788267621049314
20
-55.816742493121616
0
VERTEX
8
L12
10
19.809773329234318
20
-55.88339634362504
0
VERTEX
8
L12
10
19.839928581474894
20
-55.946609412161365
0
VERTEX
8
L12
10
19.878200668749358
20
-56.00526500530582
0
VERTEX
8
L12
10
19.92391349370628
20
-56.05832693992876
0
VERTEX
8
L12
10
19.97625951429403
20
-56.1048578479373
0
VERTEX
8
L12
10
20.034314009432634
20
-56.14403573539531
0
VERTEX
8
L12
10
20.03536756849384
20
-56.17393951127925
0
VERTEX
8
L12
10
20.045594549187356
20
-56.20205987160246
0
VERTEX
8
L12
10
20.063997409459986
20
-56.225653949939996
0
VERTEX
8
L12
10
20.088781130080704
20
-56.24242037445469
0
VERTEX
8
L12
10
20.11752830122991
20
-56.25072374423634
0
VERTEX
8
L12
10
20.147434917210276
20
-56.24975414668334
0
VERTEX
8
L12
10
20.175583879808542
20
-56.23960615656439
0
VERTEX
8
L12
10
20.199229532727244
20
-56.22126961117383
0
VERTEX
8
L12
10
20.21606547353271
20
-56.196533061373835
0
VERTEX
8
L12
10
20.2244495206797
20
-56.167809315931265
0
VERTEX
8
L12
10
20.223563892277795
20
-56.137900095594624
0
VERTEX
8
L12
10
20.21349497272537
20
-56.1097227526067
0
VERTEX
8
L12
10
20.19522488675547
20
-56.08602571149467
0
VERTEX
8
L12
10
20.170535702763104
20
-56.06912038710847
0
VERTEX
8
L12
10
20.141835609443305
20
-56.06065572868375
0
VERTEX
8
L12
10
20.11192402051107
20
-56.06145738095355
0
VERTEX
8
L12
10
20.083718519242566
20
-56.07144715057076
0
VERTEX
8
L12
10
20.05997027673014
20
-56.08965063310525
0
VERTEX
8
L12
10
20.006431326386362
20
-56.05237978858792
0
VERTEX
8
L12
10
19.95860743703234
20
-56.00801301428552
0
VERTEX
8
L12
10
19.91743152522797
20
-55.95741578766164
0
VERTEX
8
L12
10
19.883706823217935
20
-55.90157512569133
0
VERTEX
8
L12
10
19.85809121001226
20
-55.84158033079173
0
VERTEX
8
L12
10
19.841084377921092
20
-55.778601741436525
0
VERTEX
8
L12
10
19.83301808489024
20
-55.71386790197301
0
VERTEX
8
L12
10
19.83404968278809
20
-55.64864159699775
0
VERTEX
8
L12
10
19.844159047890386
20
-55.58419521779631
0
VERTEX
8
L12
10
19.86314897344043
20
-55.52178594138204
0
VERTEX
8
L12
10
19.890649016626938
20
-55.46263120632483
0
VERTEX
8
L12
10
19.92612272493558
20
-55.40788496377083
0
VERTEX
8
L12
10
19.968878100907162
20
-55.35861516693263
0
VERTEX
8
L12
10
20.018081101162707
20
-55.31578293816969
0
VERTEX
8
L12
10
20.072771906365958
20
-55.280223820054
0
VERTEX
8
L12
10
20.13188364473926
20
-55.252631476162364
0
VERTEX
8
L12
10
20.194263203887104
20
-55.23354415954974
0
VERTEX
8
L12
10
20.258693724944223
20
-55.22333421286733
0
VERTEX
8
L12
10
20.323918340247346
20
-55.22220080495031
0
VERTEX
8
L12
10
20.38866469147196
20
-55.23016604556493
0
VERTEX
8
L12
10
20.45166974995034
20
-55.24707455410594
0
VERTEX
8
L12
10
20.51170445499325
20
-55.272596490657875
0
VERTEX
8
L12
10
20.567597689586464
20
-55.306233990292284
0
VERTEX
8
L12
10
20.618259125761185
20
-55.34733087508496
0
VERTEX
8
L12
10
20.66270049398527
20
-55.39508545439754
0
VERTEX
8
L12
10
20.700054861666544
20
-55.448566163724166
0
VERTEX
8
L12
10
20.729593544696186
20
-55.50672973703102
0
VERTEX
8
L12
10
20.750740322132557
20
-55.568441558094776
0
VERTEX
8
L12
10
20.763082676735237
20
-55.632497793839704
0
VERTEX
8
L12
10
20.766379842076603
20
-55.697648877910964
0
VERTEX
8
L12
10
20.760567499252616
20
-55.76262388638226
0
VERTEX
8
L12
10
20.745759031573314
20
-55.826155330092746
0
VERTEX
8
L12
10
20.722243312756675
20
-55.887003879980846
0
VERTEX
8
L12
10
20.69047907177263
20
-55.943982543089554
0
VERTEX
8
L12
10
20.651085944264153
20
-55.99597981763398
0
VERTEX
8
L12
10
20.604832385107997
20
-56.04198137543736
0
SEQEND
0
POLYLINE
8
L12
66
1
70
1
0
VERTEX
8
L12
10
12.275359064587207
20
-56.08965063310525
0
VERTEX
8
L12
10
12.251610822074795
20
-56.07144715057076
0
VERTEX
8
L12
10
12.223405320806293
20
-56.06145738095355
0
VERTEX
8
L12
10
12.19349373187407
20
-56.060655728683756
0
VERTEX
8
L12
10
12.164793638554272
20
-56.06912038710847
0
VERTEX
8
L12
10
12.140104454561893
20
-56.08602571149467
0
VERTEX
8
L12
10
12.121834368592005
20
-56.1097227526067
0
VERTEX
8
L12
10
12.11176544903958
20
-56.137900095594624
0
VERTEX
8
L12
10
12.110879820637678
20
-56.16780931593127
0
VERTEX
8
L12
10
12.119263867784667
20
-56.196533061373835
0
VERTEX
8
L12
10
12.136099808590117
20
-56.221269611173824
0
VERTEX
8
L12
10
12.159745461508834
20
-56.239606156564385
0
VERTEX
8
L12
10
12.187894424107085
20
-56.24975414668334
0
VERTEX
8
L12
10
12.217801040087465
20
-56.25072374423634
0
VERTEX
8
L12
10
12.246548211236657
20
-56.24242037445468
0
VERTEX
8
L12
10
12.271331931857375
20
-56.225653949939996
0
VERTEX
8
L12
10
12.289734792130005
20
-56.20205987160246
0
VERTEX
8
L12
10
12.299961772823522
20
-56.17393951127925
0
VERTEX
8
L12
10
12.301015331884741
20
-56.14403573539531
0
VERTEX
8
L12
10
12.359069827023347
20
-56.1048578479373
0
VERTEX
8
L12
10
12.411415847611082
20
-56.05832693992876
0
VERTEX
8
L12
10
12.457128672568004
20
-56.00526500530582
0
VERTEX
8
L12
10
12.495400759842454
20
-55.946609412161365
0
VERTEX
8
L12
10
12.525556012083044
20
-55.88339634362504
0
VERTEX
8
L12
10
12.547061720268033
20
-55.816742493121616
0
VERTEX
8
L12
10
12.559537974301634
20
-55.747825337370955
0
VERTEX
8
L12
10
12.562764374333469
20
-55.677862335617846
0
VERTEX
8
L12
10
12.556683924242577
20
-55.60808942254863
0
VERTEX
8
L12
10
12.541404038505007
20
-55.53973917482912
0
VERTEX
8
L12
10
12.517194644658375
20
-55.4740190369637
0
VERTEX
8
L12
10
12.484483414884252
20
-55.41208999112788
0
VERTEX
8
L12
10
12.443848210945276
20
-55.35504604778322
0
VERTEX
8
L12
10
12.396006875941026
20
-55.3038949193843
0
VERTEX
8
L12
10
12.341804553217159
20
-55.2595402185871
0
VERTEX
8
L12
10
12.282198756445993
20
-55.22276549543728
0
VERTEX
8
L12
10
12.218242454623876
20
-55.194220395530124
0
VERTEX
8
L12
10
12.151065470798017
20
-55.174409183665844
0
VERTEX
8
L12
10
12.081854523124505
20
-55.16368183573609
0
VERTEX
8
L12
10
12.011832260843107
20
-55.16222785620847
0
VERTEX
8
L12
10
11.942235665509827
20
-55.17007293042646
0
VERTEX
8
L12
10
11.874294199041216
20
-55.1870784708638
0
VERTEX
8
L12
10
11.80920808459733
20
-55.21294406534892
0
VERTEX
8
L12
10
11.748127103983194
20
-55.24721278401022
0
VERTEX
8
L12
10
11.692130286124481
20
-55.28927925119216
0
VERTEX
8
L12
10
11.642206845431403
20
-55.338400339747245
0
VERTEX
8
L12
10
11.599238706785243
20
-55.3937082987835
0
VERTEX
8
L12
10
11.563984925853006
20
-55.454226082958506
0
VERTEX
8
L12
10
11.537068279953928
20
-55.5188846125197
0
VERTEX
8
L12
10
11.518964266357642
20
-55.58654165918282
0
VERTEX
8
L12
10
11.50999270236477
20
-55.65600202421925
0
VERTEX
8
L12
10
11.510312075559511
20
-55.72603865229509
0
VERTEX
8
L12
10
11.519916744039719
20
-55.79541430807474
0
VERTEX
8
L12
10
11.53863703608421
20
-55.86290343265967
0
VERTEX
8
L12
10
11.566142247496543
20
-55.927313793756575
0
VERTEX
8
L12
10
11.601946483675448
20
-55.987507547112855
0
VERTEX
8
L12
10
11.645417243208726
20
-56.04242133715754
0
VERTEX
8
L12
10
11.695786591356509
20
-56.09108508175902
0
VERTEX
8
L12
10
11.691617213626117
20
-56.11874984941189
0
VERTEX
8
L12
10
11.695617469912975
20
-56.14643957728316
0
VERTEX
8
L12
10
11.70744625455113
20
-56.17179313588802
0
VERTEX
8
L12
10
11.726094915801255
20
-56.19264860312143
0
VERTEX
8
L12
10
11.749973264545758
20
-56.207227613416435
0
VERTEX
8
L12
10
11.777045171230313
20
-56.2142870006709
0
VERTEX
8
L12
10
11.805002188571507
20
-56.213224804205794
0
VERTEX
8
L12
10
11.831460395056652
20
-56.20413159852601
0
VERTEX
8
L12
10
11.854163674203221
20
-56.187782769946004
0
VERTEX
8
L12
10
11.871176095761399
20
-56.16557239865976
0
VERTEX
8
L12
10
11.881046994331498
20
-56.13939438419409
0
VERTEX
8
L12
10
11.882934668985158
20
-56.11148095079102
0
VERTEX
8
L12
10
11.876678155905637
20
-56.084212303519266
0
VERTEX
8
L12
10
12.050390754727218
20
-55.78333325644547
0
VERTEX
8
L12
10
12.07844839176255
20
-55.77447888300607
0
VERTEX
8
L12
10
12.10249623970877
20
-55.75752801476383
0
VERTEX
8
L12
10
12.120266513152288
20
-55.734079170298614
0
VERTEX
8
L12
10
12.130083421103322
20
-55.70634364716867
0
VERTEX
8
L12
10
12.131021199197946
20
-55.67693698980582
0
VERTEX
8
L12
10
12.122991412101356
20
-55.64863233569746
0
VERTEX
8
L12
10
12.106751293229735
20
-55.62409890006266
0
VERTEX
8
L12
10
12.083832335329333
20
-55.605650260715265
0
VERTEX
8
L12
10
12.056395866039026
20
-55.595026180618945
0
VERTEX
8
L12
10
12.027029228101384
20
-55.59322854293304
0
VERTEX
8
L12
10
11.99850178504991
20
-55.6004268703746
0
VERTEX
8
L12
10
11.973503761780606
20
-55.615942338709075
0
VERTEX
8
L12
10
11.954392548138344
20
-55.638311791946265
0
VERTEX
8
L12
10
11.94297038986383
20
-55.66542572241315
0
VERTEX
8
L12
10
11.94031443132296
20
-55.69472720376204
0
VERTEX
8
L12
10
11.946675137507526
20
-55.72345301692451
0
VERTEX
8
L12
10
11.772962538685945
20
-56.02433206399831
0
VERTEX
8
L12
10
11.750655103595548
20
-56.03057104507028
0
VERTEX
8
L12
10
11.730496956209365
20
-56.04198137543736
0
VERTEX
8
L12
10
11.684243397053223
20
-55.99597981763398
0
VERTEX
8
L12
10
11.644850269544733
20
-55.943982543089554
0
VERTEX
8
L12
10
11.613086028560701
20
-55.887003879980846
0
VERTEX
8
L12
10
11.589570309744047
20
-55.826155330092746
0
VERTEX
8
L12
10
11.574761842064746
20
-55.76262388638226
0
VERTEX
8
L12
10
11.568949499240759
20
-55.697648877910964
0
VERTEX
8
L12
10
11.572246664582124
20
-55.632497793839704
0
VERTEX
8
L12
10
11.584589019184804
20
-55.568441558094776
0
VERTEX
8
L12
10
11.605735796621161
20
-55.50672973703102
0
VERTEX
8
L12
10
11.635274479650818
20
-55.448566163724166
0
VERTEX
8
L12
10
11.672628847332106
20
-55.39508545439754
0
VERTEX
8
L12
10
11.717070215556163
20
-55.34733087508496
0
VERTEX
8
L12
10
11.767731651730898
20
-55.306233990292284
0
VERTEX
8
L12
10
11.823624886324112
20
-55.272596490657875
0
VERTEX
8
L12
10
11.883659591367007
20
-55.24707455410594
0
VERTEX
8
L12
10
11.946664649845417
20
-55.23016604556493
0
VERTEX
8
L12
10
12.011411001070016
20
-55.22220080495031
0
VERTEX
8
L12
10
12.076635616373153
20
-55.22333421286733
0
VERTEX
8
L12
10
12.141066137430258
20
-55.23354415954974
0
VERTEX
8
L12
10
12.203445696578086
20
-55.252631476162364
0
VERTEX
8
L12
10
12.26255743495139
20
-55.280223820054
0
VERTEX
8
L12
10
12.317248240154655
20
-55.31578293816969
0
VERTEX
8
L12
10
12.366451240410214
20
-55.35861516693263
0
VERTEX
8
L12
10
12.40920661638178
20
-55.40788496377083
0
VERTEX
8
L12
10
12.444680324690424
20
-55.46263120632483
0
VERTEX
8
L12
10
12.47218036787693
20
-55.52178594138204
0
VERTEX
8
L12
10
12.491170293426961
20
-55.58419521779631
0
VERTEX
8
L12
10
12.501279658529285
20
-55.64864159699775
0
VERTEX
8
L12
10
12.502311256427134
20
-55.71386790197301
0
VERTEX
8
L12
10
12.494244963396255
20
-55.778601741436525
0
VERTEX
8
L12
10
12.4772381313051
20
-55.84158033079173
0
VERTEX
8
L12
10
12.451622518099427
20
-55.90157512569133
0
VERTEX
8
L12
10
12.41789781608938
20
-55.95741578766164
0
VERTEX
8
L12
10
12.37672190428502
20
-56.00801301428552
0
VERTEX
8
L12
10
12.328898014930985
20
-56.05237978858792
0
VERTEX
8
L12
10
12.275359064587207
20
-56.08965063310525
0
SEQEND
0
POLYLINE
8
L12
66
1
70
1
0
VERTEX
8
L12
10
16.16766467065868
20
-53.817215568862274
0
VERTEX
8
L12
10
16.15787520624218
20
-53.81785720425924
0
VERTEX
8
L12
10
16.148253242276
20
-53.8197711318906
0
VERTEX
8
L12
10
16.138963413231295
20
-53.82292460392393
0
VERTEX
8
L12
10
16.130164670658687
20
-53.82726366357844
0
VERTEX
8
L12
10
16.122007563483024
20
-53.83271406834044
0
VERTEX
8
L12
10
16.114631662069684
20
-53.83918256027329
0
VERTEX
8
L12
10
16.108163170136834
20
-53.84655846168663
0
VERTEX
8
L12
10
16.102712765374847
20
-53.854715568862275
0
VERTEX
8
L12
10
16.098373705720334
20
-53.8635143114349
0
VERTEX
8
L12
10
16.095220233687
20
-53.87280414047959
0
VERTEX
8
L12
10
16.093306306055652
20
-53.88242610444577
0
VERTEX
8
L12
10
16.092664670658678
20
-53.89221556886228
0
VERTEX
8
L12
10
16.093306306055652
20
-53.90200503327878
0
VERTEX
8
L12
10
16.095220233687
20
-53.911626997244966
0
VERTEX
8
L12
10
16.098373705720334
20
-53.920916826289655
0
VERTEX
8
L12
10
16.102712765374847
20
-53.92971556886228
0
VERTEX
8
L12
10
16.108163170136834
20
-53.937872676037934
0
VERTEX
8
L12
10
16.114631662069684
20
-53.94524857745127
0
VERTEX
8
L12
10
16.122007563483024
20
-53.95171706938412
0
VERTEX
8
L12
10
16.130164670658687
20
-53.95716747414611
0
VERTEX
8
L12
10
16.138963413231295
20
-53.96150653380062
0
VERTEX
8
L12
10
16.148253242276
20
-53.964660005833956
0
VERTEX
8
L12
10
16.15787520624218
20
-53.96657393346531
0
VERTEX
8
L12
10
16.16766467065868
20
-53.96721556886228
0
VERTEX
8
L12
10
16.17745413507518
20
-53.96657393346531
0
VERTEX
8
L12
10
16.187076099041377
20
-53.964660005833956
0
VERTEX
8
L12
10
16.196365928086067
20
-53.96150653380062
0
VERTEX
8
L12
10
16.205164670658675
20
-53.95716747414611
0
VERTEX
8
L12
10
16.213321777834338
20
-53.95171706938412
0
VERTEX
8
L12
10
16.220697679247678
20
-53.94524857745127
0
VERTEX
8
L12
10
16.227166171180528
20
-53.937872676037934
0
VERTEX
8
L12
10
16.232616575942515
20
-53.92971556886228
0
VERTEX
8
L12
10
16.236955635597027
20
-53.920916826289655
0
VERTEX
8
L12
10
16.24010910763036
20
-53.911626997244966
0
VERTEX
8
L12
10
16.242023035261724
20
-53.90200503327878
0
VERTEX
8
L12
10
16.242664670658684
20
-53.89221556886228
0
VERTEX
8
L12
10
16.242023035261724
20
-53.88242610444577
0
VERTEX
8
L12
10
16.24010910763036
20
-53.87280414047959
0
VERTEX
8
L12
10
16.236955635597027
20
-53.8635143114349
0
VERTEX
8
L12
10
16.232616575942515
20
-53.854715568862275
0
VERTEX
8
L12
10
16.227166171180528
20
-53.84655846168663
0
VERTEX
8
L12
10
16.220697679247678
20
-53.83918256027329
0
VERTEX
8
L12
10
16.213321777834338
20
-53.83271406834044
0
VERTEX
8
L12
10
16.205164670658675
20
-53.82726366357844
0
VERTEX
8
L12
10
16.196365928086067
20
-53.82292460392393
0
VERTEX
8
L12
10
16.187076099041377
20
-53.8197711318906
0
VERTEX
8
L12
10
16.17745413507518
20
-53.81785720425924
0
VERTEX
8
L12
10
16.16766467065868
20
-53.817215568862274
0
SEQEND
0
POLYLINE
8
L12
66
1
70
1
0
VERTEX
8
L12
10
16.16766467065868
20
-54.77529940119761
0
VERTEX
8
L12
10
16.15787520624218
20
-54.775941036594574
0
VERTEX
8
L12
10
16.148253242276
20
-54.77785496422593
0
VERTEX
8
L12
10
16.138963413231295
20
-54.78100843625926
0
VERTEX
8
L12
10
16.130164670658687
20
-54.785347495913776
0
VERTEX
8
L12
10
16.122007563483024
20
-54.79079790067576
0
VERTEX
8
L12
10
16.114631662069684
20
-54.79726639260861
0
VERTEX
8
L12
10
16.108163170136834
20
-54.80464229402195
0
VERTEX
8
L12
10
16.102712765374847
20
-54.81279940119761
0
VERTEX
8
L12
10
16.098373705720334
20
-54.821598143770224
0
VERTEX
8
L12
10
16.095220233687
20
-54.83088797281492
0
VERTEX
8
L12
10
16.093306306055652
20
-54.8405099367811
0
VERTEX
8
L12
10
16.092664670658678
20
-54.85029940119761
0
VERTEX
8
L12
10
16.093306306055652
20
-54.86008886561411
0
VERTEX
8
L12
10
16.095220233687
20
-54.8697108295803
0
VERTEX
8
L12
10
16.098373705720334
20
-54.87900065862499
0
VERTEX
8
L12
10
16.102712765374847
20
-54.887799401197604
0
VERTEX
8
L12
10
16.108163170136834
20
-54.89595650837326
0
VERTEX
8
L12
10
16.114631662069684
20
-54.9033324097866
0
VERTEX
8
L12
10
16.122007563483024
20
-54.90980090171945
0
VERTEX
8
L12
10
16.130164670658687
20
-54.91525130648144
0
VERTEX
8
L12
10
16.138963413231295
20
-54.91959036613596
0
VERTEX
8
L12
10
16.148253242276
20
-54.92274383816929
0
VERTEX
8
L12
10
16.15787520624218
20
-54.924657765800646
0
VERTEX
8
L12
10
16.16766467065868
20
-54.925299401197606
0
VERTEX
8
L12
10
16.17745413507518
20
-54.924657765800646
0
VERTEX
8
L12
10
16.187076099041377
20
-54.92274383816929
0
VERTEX
8
L12
10
16.196365928086067
20
-54.91959036613596
0
VERTEX
8
L12
10
16.205164670658675
20
-54.91525130648144
0
VERTEX
8
L12
10
16.213321777834338
20
-54.90980090171945
0
VERTEX
8
L12
10
16.220697679247678
20
-54.9033324097866
0
VERTEX
8
L12
10
16.227166171180528
20
-54.89595650837326
0
VERTEX
8
L12
10
16.232616575942515
20
-54.887799401197604
0
VERTEX
8
L12
10
16.236955635597027
20
-54.87900065862499
0
VERTEX
8
L12
10
16.24010910763036
20
-54.8697108295803
0
VERTEX
8
L12
10
16.242023035261724
20
-54.86008886561411
0
VERTEX
8
L12
10
16.242664670658684
20
-54.85029940119761
0
VERTEX
8
L12
10
16.242023035261724
20
-54.8405099367811
0
VERTEX
8
L12
10
16.24010910763036
20
-54.83088797281492
0
VERTEX
8
L12
10
16.236955635597027
20
-54.821598143770224
0
VERTEX
8
L12
10
16.232616575942515
20
-54.81279940119761
0
VERTEX
8
L12
10
16.227166171180528
20
-54.80464229402195
0
VERTEX
8
L12
10
16.220697679247678
20
-54.79726639260861
0
VERTEX
8
L12
10
16.213321777834338
20
-54.79079790067576
0
VERTEX
8
L12
10
16.205164670658675
20
-54.785347495913776
0
VERTEX
8
L12
10
16.196365928086067
20
-54.78100843625926
0
VERTEX
8
L12
10
16.187076099041377
20
-54.77785496422593
0
VERTEX
8
L12
10
16.17745413507518
20
-54.775941036594574
0
VERTEX
8
L12
10
16.16766467065868
20
-54.77529940119761
0
SEQEND
0
POLYLINE
8
L12
66
1
70
1
0
VERTEX
8
L12
10
16.16766467065868
20
-53.338173652694614
0
VERTEX
8
L12
10
16.15787520624218
20
-53.338815288091574
0
VERTEX
8
L12
10
16.148253242276
20
-53.34072921572293
0
VERTEX
8
L12
10
16.138963413231295
20
-53.34388268775626
0
VERTEX
8
L12
10
16.130164670658687
20
-53.348221747410776
0
VERTEX
8
L12
10
16.122007563483024
20
-53.35367215217277
0
VERTEX
8
L12
10
16.114631662069684
20
-53.36014064410562
0
VERTEX
8
L12
10
16.108163170136834
20
-53.36751654551896
0
VERTEX
8
L12
10
16.102712765374847
20
-53.37567365269461
0
VERTEX
8
L12
10
16.098373705720334
20
-53.38447239526723
0
VERTEX
8
L12
10
16.095220233687
20
-53.39376222431192
0
VERTEX
8
L12
10
16.093306306055652
20
-53.40338418827811
0
VERTEX
8
L12
10
16.092664670658678
20
-53.41317365269461
0
VERTEX
8
L12
10
16.093306306055652
20
-53.42296311711112
0
VERTEX
8
L12
10
16.095220233687
20
-53.4325850810773
0
VERTEX
8
L12
10
16.098373705720334
20
-53.441874910121996
0
VERTEX
8
L12
10
16.102712765374847
20
-53.45067365269461
0
VERTEX
8
L12
10
16.108163170136834
20
-53.45883075987027
0
VERTEX
8
L12
10
16.114631662069684
20
-53.4662066612836
0
VERTEX
8
L12
10
16.122007563483024
20
-53.47267515321646
0
VERTEX
8
L12
10
16.130164670658687
20
-53.478125557978444
0
VERTEX
8
L12
10
16.138963413231295
20
-53.48246461763296
0
VERTEX
8
L12
10
16.148253242276
20
-53.48561808966629
0
VERTEX
8
L12
10
16.15787520624218
20
-53.487532017297646
0
VERTEX
8
L12
10
16.16766467065868
20
-53.48817365269461
0
VERTEX
8
L12
10
16.17745413507518
20
-53.487532017297646
0
VERTEX
8
L12
10
16.187076099041377
20
-53.48561808966629
0
VERTEX
8
L12
10
16.196365928086067
20
-53.48246461763296
0
VERTEX
8
L12
10
16.205164670658675
20
-53.478125557978444
0
VERTEX
8
L12
10
16.213321777834338
20
-53.47267515321646
0
VERTEX
8
L12
10
16.220697679247678
20
-53.4662066612836
0
VERTEX
8
L12
10
16.227166171180528
20
-53.45883075987027
0
VERTEX
8
L12
10
16.232616575942515
20
-53.45067365269461
0
VERTEX
8
L12
10
16.236955635597027
20
-53.441874910121996
0
VERTEX
8
L12
10
16.24010910763036
20
-53.4325850810773
0
VERTEX
8
L12
10
16.242023035261724
20
-53.42296311711112
0
VERTEX
8
L12
10
16.242664670658684
20
-53.41317365269461
0
VERTEX
8
L12
10
16.242023035261724
20
-53.40338418827811
0
VERTEX
8
L12
10
16.24010910763036
20
-53.39376222431192
0
VERTEX
8
L12
10
16.236955635597027
20
-53.38447239526723
0
VERTEX
8
L12
10
16.232616575942515
20
-53.37567365269461
0
VERTEX
8
L12
10
16.227166171180528
20
-53.36751654551896
0
VERTEX
8
L12
10
16.220697679247678
20
-53.36014064410562
0
VERTEX
8
L12
10
16.213321777834338
20
-53.35367215217277
0
VERTEX
8
L12
10
16.205164670658675
20
-53.348221747410776
0
VERTEX
8
L12
10
16.196365928086067
20
-53.34388268775626
0
VERTEX
8
L12
10
16.187076099041377
20
-53.34072921572293
0
VERTEX
8
L12
10
16.17745413507518
20
-53.338815288091574
0
VERTEX
8
L12
10
16.16766467065868
20
-53.338173652694614
0
SEQEND
0
POLYLINE
8
L12
66
1
70
1
0
VERTEX
8
L12
10
16.16766467065868
20
-55.73338323353294
0
VERTEX
8
L12
10
16.15787520624218
20
-55.7340248689299
0
VERTEX
8
L12
10
16.148253242276
20
-55.73593879656126
0
VERTEX
8
L12
10
16.138963413231295
20
-55.73909226859459
0
VERTEX
8
L12
10
16.130164670658687
20
-55.7434313282491
0
VERTEX
8
L12
10
16.122007563483024
20
-55.748881733011096
0
VERTEX
8
L12
10
16.114631662069684
20
-55.755350224943946
0
VERTEX
8
L12
10
16.108163170136834
20
-55.762726126357286
0
VERTEX
8
L12
10
16.102712765374847
20
-55.770883233532935
0
VERTEX
8
L12
10
16.098373705720334
20
-55.77968197610556
0
VERTEX
8
L12
10
16.095220233687
20
-55.78897180515025
0
VERTEX
8
L12
10
16.093306306055652
20
-55.79859376911644
0
VERTEX
8
L12
10
16.092664670658678
20
-55.808383233532936
0
VERTEX
8
L12
10
16.093306306055652
20
-55.81817269794944
0
VERTEX
8
L12
10
16.095220233687
20
-55.827794661915625
0
VERTEX
8
L12
10
16.098373705720334
20
-55.83708449096032
0
VERTEX
8
L12
10
16.102712765374847
20
-55.84588323353294
0
VERTEX
8
L12
10
16.108163170136834
20
-55.85404034070859
0
VERTEX
8
L12
10
16.114631662069684
20
-55.861416242121926
0
VERTEX
8
L12
10
16.122007563483024
20
-55.86788473405478
0
VERTEX
8
L12
10
16.130164670658687
20
-55.87333513881677
0
VERTEX
8
L12
10
16.138963413231295
20
-55.87767419847128
0
VERTEX
8
L12
10
16.148253242276
20
-55.880827670504615
0
VERTEX
8
L12
10
16.15787520624218
20
-55.88274159813597
0
VERTEX
8
L12
10
16.16766467065868
20
-55.88338323353294
0
VERTEX
8
L12
10
16.17745413507518
20
-55.88274159813597
0
VERTEX
8
L12
10
16.187076099041377
20
-55.880827670504615
0
VERTEX
8
L12
10
16.196365928086067
20
-55.87767419847128
0
VERTEX
8
L12
10
16.205164670658675
20
-55.87333513881677
0
VERTEX
8
L12
10
16.213321777834338
20
-55.86788473405478
0
VERTEX
8
L12
10
16.220697679247678
20
-55.861416242121926
0
VERTEX
8
L12
10
16.227166171180528
20
-55.85404034070859
0
VERTEX
8
L12
10
16.232616575942515
20
-55.84588323353294
0
VERTEX
8
L12
10
16.236955635597027
20
-55.83708449096032
0
VERTEX
8
L12
10
16.24010910763036
20
-55.827794661915625
0
VERTEX
8
L12
10
16.242023035261724
20
-55.81817269794944
0
VERTEX
8
L12
10
16.242664670658684
20
-55.808383233532936
0
VERTEX
8
L12
10
16.242023035261724
20
-55.79859376911644
0
VERTEX
8
L12
10
16.24010910763036
20
-55.78897180515025
0
VERTEX
8
L12
10
16.236955635597027
20
-55.77968197610556
0
VERTEX
8
L12
10
16.232616575942515
20
-55.770883233532935
0
VERTEX
8
L12
10
16.227166171180528
20
-55.762726126357286
0
VERTEX
8
L12
10
16.220697679247678
20
-55.755350224943946
0
VERTEX
8
L12
10
16.213321777834338
20
-55.748881733011096
0
VERTEX
8
L12
10
16.205164670658675
20
-55.7434313282491
0
VERTEX
8
L12
10
16.196365928086067
20
-55.73909226859459
0
VERTEX
8
L12
10
16.187076099041377
20
-55.73593879656126
0
VERTEX
8
L12
10
16.17745413507518
20
-55.7340248689299
0
VERTEX
8
L12
10
16.16766467065868
20
-55.73338323353294
0
SEQEND
0
POLYLINE
8
L12
66
1
70
1
0
VERTEX
8
L12
10
16.16766467065868
20
-54.29625748502994
0
VERTEX
8
L12
10
16.15787520624218
20
-54.29689912042691
0
VERTEX
8
L12
10
16.148253242276
20
-54.298813048058264
0
VERTEX
8
L12
10
16.138963413231295
20
-54.3019665200916
0
VERTEX
8
L12
10
16.130164670658687
20
-54.30630557974611
0
VERTEX
8
L12
10
16.122007563483024
20
-54.3117559845081
0
VERTEX
8
L12
10
16.114631662069684
20
-54.31822447644095
0
VERTEX
8
L12
10
16.108163170136834
20
-54.325600377854286
0
VERTEX
8
L12
10
16.102712765374847
20
-54.33375748502994
0
VERTEX
8
L12
10
16.098373705720334
20
-54.342556227602564
0
VERTEX
8
L12
10
16.095220233687
20
-54.351846056647254
0
VERTEX
8
L12
10
16.093306306055652
20
-54.36146802061344
0
VERTEX
8
L12
10
16.092664670658678
20
-54.37125748502994
0
VERTEX
8
L12
10
16.093306306055652
20
-54.38104694944645
0
VERTEX
8
L12
10
16.095220233687
20
-54.39066891341263
0
VERTEX
8
L12
10
16.098373705720334
20
-54.39995874245732
0
VERTEX
8
L12
10
16.102712765374847
20
-54.408757485029945
0
VERTEX
8
L12
10
16.108163170136834
20
-54.4169145922056
0
VERTEX
8
L12
10
16.114631662069684
20
-54.42429049361893
0
VERTEX
8
L12
10
16.122007563483024
20
-54.43075898555178
0
VERTEX
8
L12
10
16.130164670658687
20
-54.43620939031378
0
VERTEX
8
L12
10
16.138963413231295
20
-54.44054844996829
0
VERTEX
8
L12
10
16.148253242276
20
-54.44370192200162
0
VERTEX
8
L12
10
16.15787520624218
20
-54.44561584963298
0
VERTEX
8
L12
10
16.16766467065868
20
-54.446257485029946
0
VERTEX
8
L12
10
16.17745413507518
20
-54.44561584963298
0
VERTEX
8
L12
10
16.187076099041377
20
-54.44370192200162
0
VERTEX
8
L12
10
16.196365928086067
20
-54.44054844996829
0
VERTEX
8
L12
10
16.205164670658675
20
-54.43620939031378
0
VERTEX
8
L12
10
16.213321777834338
20
-54.43075898555178
0
VERTEX
8
L12
10
16.220697679247678
20
-54.42429049361893
0
VERTEX
8
L12
10
16.227166171180528
20
-54.4169145922056
0
VERTEX
8
L12
10
16.232616575942515
20
-54.408757485029945
0
VERTEX
8
L12
10
16.236955635597027
20
-54.39995874245732
0
VERTEX
8
L12
10
16.24010910763036
20
-54.39066891341263
0
VERTEX
8
L12
10
16.242023035261724
20
-54.38104694944645
0
VERTEX
8
L12
10
16.242664670658684
20
-54.37125748502994
0
VERTEX
8
L12
10
16.242023035261724
20
-54.36146802061344
0
VERTEX
8
L12
10
16.24010910763036
20
-54.351846056647254
0
VERTEX
8
L12
10
16.236955635597027
20
-54.342556227602564
0
VERTEX
8
L12
10
16.232616575942515
20
-54.33375748502994
0
VERTEX
8
L12
10
16.227166171180528
20
-54.325600377854286
0
VERTEX
8
L12
10
16.220697679247678
20
-54.31822447644095
0
VERTEX
8
L12
10
16.213321777834338
20
-54.3117559845081
0
VERTEX
8
L12
10
16.205164670658675
20
-54.30630557974611
0
VERTEX
8
L12
10
16.196365928086067
20
-54.3019665200916
0
VERTEX
8
L12
10
16.187076099041377
20
-54.298813048058264
0
VERTEX
8
L12
10
16.17745413507518
20
-54.29689912042691
0
VERTEX
8
L12
10
16.16766467065868
20
-54.29625748502994
0
SEQEND
0
POLYLINE
8
L12
66
1
70
1
0
VERTEX
8
L12
10
16.16766467065868
20
-56.69146706586827
0
VERTEX
8
L12
10
16.15787520624218
20
-56.692108701265234
0
VERTEX
8
L12
10
16.148253242276
20
-56.69402262889659
0
VERTEX
8
L12
10
16.138963413231295
20
-56.69717610092992
0
VERTEX
8
L12
10
16.130164670658687
20
-56.701515160584435
0
VERTEX
8
L12
10
16.122007563483024
20
-56.70696556534642
0
VERTEX
8
L12
10
16.114631662069684
20
-56.71343405727928
0
VERTEX
8
L12
10
16.108163170136834
20
-56.72080995869261
0
VERTEX
8
L12
10
16.102712765374847
20
-56.72896706586827
0
VERTEX
8
L12
10
16.098373705720334
20
-56.737765808440884
0
VERTEX
8
L12
10
16.095220233687
20
-56.74705563748558
0
VERTEX
8
L12
10
16.093306306055652
20
-56.75667760145176
0
VERTEX
8
L12
10
16.092664670658678
20
-56.76646706586827
0
VERTEX
8
L12
10
16.093306306055652
20
-56.77625653028477
0
VERTEX
8
L12
10
16.095220233687
20
-56.78587849425096
0
VERTEX
8
L12
10
16.098373705720334
20
-56.79516832329565
0
VERTEX
8
L12
10
16.102712765374847
20
-56.80396706586827
0
VERTEX
8
L12
10
16.108163170136834
20
-56.81212417304392
0
VERTEX
8
L12
10
16.114631662069684
20
-56.81950007445726
0
VERTEX
8
L12
10
16.122007563483024
20
-56.82596856639011
0
VERTEX
8
L12
10
16.130164670658687
20
-56.831418971152104
0
VERTEX
8
L12
10
16.138963413231295
20
-56.835758030806616
0
VERTEX
8
L12
10
16.148253242276
20
-56.83891150283995
0
VERTEX
8
L12
10
16.15787520624218
20
-56.840825430471305
0
VERTEX
8
L12
10
16.16766467065868
20
-56.841467065868265
0
VERTEX
8
L12
10
16.17745413507518
20
-56.840825430471305
0
VERTEX
8
L12
10
16.187076099041377
20
-56.83891150283995
0
VERTEX
8
L12
10
16.196365928086067
20
-56.835758030806616
0
VERTEX
8
L12
10
16.205164670658675
20
-56.831418971152104
0
VERTEX
8
L12
10
16.213321777834338
20
-56.82596856639011
0
VERTEX
8
L12
10
16.220697679247678
20
-56.81950007445726
0
VERTEX
8
L12
10
16.227166171180528
20
-56.81212417304392
0
VERTEX
8
L12
10
16.232616575942515
20
-56.80396706586827
0
VERTEX
8
L12
10
16.236955635597027
20
-56.79516832329565
0
VERTEX
8
L12
10
16.24010910763036
20
-56.78587849425096
0
VERTEX
8
L12
10
16.242023035261724
20
-56.77625653028477
0
VERTEX
8
L12
10
16.242664670658684
20
-56.76646706586827
0
VERTEX
8
L12
10
16.242023035261724
20
-56.75667760145176
0
VERTEX
8
L12
10
16.24010910763036
20
-56.74705563748558
0
VERTEX
8
L12
10
16.236955635597027
20
-56.737765808440884
0
VERTEX
8
L12
10
16.232616575942515
20
-56.72896706586827
0
VERTEX
8
L12
10
16.227166171180528
20
-56.72080995869261
0
VERTEX
8
L12
10
16.220697679247678
20
-56.71343405727928
0
VERTEX
8
L12
10
16.213321777834338
20
-56.70696556534642
0
VERTEX
8
L12
10
16.205164670658675
20
-56.701515160584435
0
VERTEX
8
L12
10
16.196365928086067
20
-56.69717610092992
0
VERTEX
8
L12
10
16.187076099041377
20
-56.69402262889659
0
VERTEX
8
L12
10
16.17745413507518
20
-56.692108701265234
0
VERTEX
8
L12
10
16.16766467065868
20
-56.69146706586827
0
SEQEND
0
POLYLINE
8
L12
66
1
70
1
0
VERTEX
8
L12
10
16.16766467065868
20
-55.254341317365274
0
VERTEX
8
L12
10
16.15787520624218
20
-55.254982952762234
0
VERTEX
8
L12
10
16.148253242276
20
-55.25689688039359
0
VERTEX
8
L12
10
16.138963413231295
20
-55.26005035242692
0
VERTEX
8
L12
10
16.130164670658687
20
-55.26438941208144
0
VERTEX
8
L12
10
16.122007563483024
20
-55.26983981684343
0
VERTEX
8
L12
10
16.114631662069684
20
-55.27630830877628
0
VERTEX
8
L12
10
16.108163170136834
20
-55.28368421018962
0
VERTEX
8
L12
10
16.102712765374847
20
-55.291841317365275
0
VERTEX
8
L12
10
16.098373705720334
20
-55.30064005993789
0
VERTEX
8
L12
10
16.095220233687
20
-55.30992988898258
0
VERTEX
8
L12
10
16.093306306055652
20
-55.31955185294877
0
VERTEX
8
L12
10
16.092664670658678
20
-55.32934131736527
0
VERTEX
8
L12
10
16.093306306055652
20
-55.339130781781776
0
VERTEX
8
L12
10
16.095220233687
20
-55.34875274574796
0
VERTEX
8
L12
10
16.098373705720334
20
-55.358042574792655
0
VERTEX
8
L12
10
16.102712765374847
20
-55.36684131736527
0
VERTEX
8
L12
10
16.108163170136834
20
-55.37499842454093
0
VERTEX
8
L12
10
16.114631662069684
20
-55.38237432595427
0
VERTEX
8
L12
10
16.122007563483024
20
-55.38884281788712
0
VERTEX
8
L12
10
16.130164670658687
20
-55.394293222649104
0
VERTEX
8
L12
10
16.138963413231295
20
-55.398632282303616
0
VERTEX
8
L12
10
16.148253242276
20
-55.401785754336956
0
VERTEX
8
L12
10
16.15787520624218
20
-55.403699681968305
0
VERTEX
8
L12
10
16.16766467065868
20
-55.40434131736527
0
VERTEX
8
L12
10
16.17745413507518
20
-55.403699681968305
0
VERTEX
8
L12
10
16.187076099041377
20
-55.401785754336956
0
VERTEX
8
L12
10
16.196365928086067
20
-55.398632282303616
0
VERTEX
8
L12
10
16.205164670658675
20
-55.394293222649104
0
VERTEX
8
L12
10
16.213321777834338
20
-55.38884281788712
0
VERTEX
8
L12
10
16.220697679247678
20
-55.38237432595427
0
VERTEX
8
L12
10
16.227166171180528
20
-55.37499842454093
0
VERTEX
8
L12
10
16.232616575942515
20
-55.36684131736527
0
VERTEX
8
L12
10
16.236955635597027
20
-55.358042574792655
0
VERTEX
8
L12
10
16.24010910763036
20
-55.34875274574796
0
VERTEX
8
L12
10
16.242023035261724
20
-55.339130781781776
0
VERTEX
8
L12
10
16.242664670658684
20
-55.32934131736527
0
VERTEX
8
L12
10
16.242023035261724
20
-55.31955185294877
0
VERTEX
8
L12
10
16.24010910763036
20
-55.30992988898258
0
VERTEX
8
L12
10
16.236955635597027
20
-55.30064005993789
0
VERTEX
8
L12
10
16.232616575942515
20
-55.291841317365275
0
VERTEX
8
L12
10
16.227166171180528
20
-55.28368421018962
0
VERTEX
8
L12
10
16.220697679247678
20
-55.27630830877628
0
VERTEX
8
L12
10
16.213321777834338
20
-55.26983981684343
0
VERTEX
8
L12
10
16.205164670658675
20
-55.26438941208144
0
VERTEX
8
L12
10
16.196365928086067
20
-55.26005035242692
0
VERTEX
8
L12
10
16.187076099041377
20
-55.25689688039359
0
VERTEX
8
L12
10
16.17745413507518
20
-55.254982952762234
0
VERTEX
8
L12
10
16.16766467065868
20
-55.254341317365274
0
SEQEND
0
POLYLINE
8
L12
66
1
70
1
0
VERTEX
8
L12
10
16.16766467065868
20
-56.2124251497006
0
VERTEX
8
L12
10
16.15787520624218
20
-56.21306678509757
0
VERTEX
8
L12
10
16.148253242276
20
-56.214980712728924
0
VERTEX
8
L12
10
16.138963413231295
20
-56.218134184762256
0
VERTEX
8
L12
10
16.130164670658687
20
-56.22247324441677
0
VERTEX
8
L12
10
16.122007563483024
20
-56.22792364917876
0
VERTEX
8
L12
10
16.114631662069684
20
-56.23439214111161
0
VERTEX
8
L12
10
16.108163170136834
20
-56.241768042524946
0
VERTEX
8
L12
10
16.102712765374847
20
-56.2499251497006
0
VERTEX
8
L12
10
16.098373705720334
20
-56.258723892273224
0
VERTEX
8
L12
10
16.095220233687
20
-56.268013721317914
0
VERTEX
8
L12
10
16.093306306055652
20
-56.277635685284096
0
VERTEX
8
L12
10
16.092664670658678
20
-56.2874251497006
0
VERTEX
8
L12
10
16.093306306055652
20
-56.29721461411711
0
VERTEX
8
L12
10
16.095220233687
20
-56.30683657808329
0
VERTEX
8
L12
10
16.098373705720334
20
-56.31612640712798
0
VERTEX
8
L12
10
16.102712765374847
20
-56.324925149700604
0
VERTEX
8
L12
10
16.108163170136834
20
-56.33308225687626
0
VERTEX
8
L12
10
16.114631662069684
20
-56.34045815828959
0
VERTEX
8
L12
10
16.122007563483024
20
-56.34692665022244
0
VERTEX
8
L12
10
16.130164670658687
20
-56.35237705498444
0
VERTEX
8
L12
10
16.138963413231295
20
-56.35671611463895
0
VERTEX
8
L12
10
16.148253242276
20
-56.35986958667228
0
VERTEX
8
L12
10
16.15787520624218
20
-56.36178351430364
0
VERTEX
8
L12
10
16.16766467065868
20
-56.362425149700606
0
VERTEX
8
L12
10
16.17745413507518
20
-56.36178351430364
0
VERTEX
8
L12
10
16.187076099041377
20
-56.35986958667228
0
VERTEX
8
L12
10
16.196365928086067
20
-56.35671611463895
0
VERTEX
8
L12
10
16.205164670658675
20
-56.35237705498444
0
VERTEX
8
L12
10
16.213321777834338
20
-56.34692665022244
0
VERTEX
8
L12
10
16.220697679247678
20
-56.34045815828959
0
VERTEX
8
L12
10
16.227166171180528
20
-56.33308225687626
0
VERTEX
8
L12
10
16.232616575942515
20
-56.324925149700604
0
VERTEX
8
L12
10
16.236955635597027
20
-56.31612640712798
0
VERTEX
8
L12
10
16.24010910763036
20
-56.30683657808329
0
VERTEX
8
L12
10
16.242023035261724
20
-56.29721461411711
0
VERTEX
8
L12
10
16.242664670658684
20
-56.2874251497006
0
VERTEX
8
L12
10
16.242023035261724
20
-56.277635685284096
0
VERTEX
8
L12
10
16.24010910763036
20
-56.268013721317914
0
VERTEX
8
L12
10
16.236955635597027
20
-56.258723892273224
0
VERTEX
8
L12
10
16.232616575942515
20
-56.2499251497006
0
VERTEX
8
L12
10
16.227166171180528
20
-56.241768042524946
0
VERTEX
8
L12
10
16.220697679247678
20
-56.23439214111161
0
VERTEX
8
L12
10
16.213321777834338
20
-56.22792364917876
0
VERTEX
8
L12
10
16.205164670658675
20
-56.22247324441677
0
VERTEX
8
L12
10
16.196365928086067
20
-56.218134184762256
0
VERTEX
8
L12
10
16.187076099041377
20
-56.214980712728924
0
VERTEX
8
L12
10
16.17745413507518
20
-56.21306678509757
0
VERTEX
8
L12
10
16.16766467065868
20
-56.2124251497006
0
SEQEND
0
POLYLINE
8
L12
66
1
70
1
0
VERTEX
8
L12
10
31.38327549888045
20
-56.04198137543736
0
VERTEX
8
L12
10
31.363117351494267
20
-56.03057104507028
0
VERTEX
8
L12
10
31.34080991640387
20
-56.02433206399831
0
VERTEX
8
L12
10
31.167097317582304
20
-55.72345301692451
0
VERTEX
8
L12
10
31.173458023766855
20
-55.69472720376204
0
VERTEX
8
L12
10
31.17080206522597
20
-55.66542572241315
0
VERTEX
8
L12
10
31.159379906951486
20
-55.638311791946265
0
VERTEX
8
L12
10
31.14026869330921
20
-55.615942338709075
0
VERTEX
8
L12
10
31.11527067003992
20
-55.6004268703746
0
VERTEX
8
L12
10
31.086743226988446
20
-55.59322854293304
0
VERTEX
8
L12
10
31.057376589050776
20
-55.59502618061895
0
VERTEX
8
L12
10
31.029940119760496
20
-55.605650260715265
0
VERTEX
8
L12
10
31.007021161860067
20
-55.62409890006266
0
VERTEX
8
L12
10
30.990781042988473
20
-55.64863233569746
0
VERTEX
8
L12
10
30.98275125589187
20
-55.67693698980582
0
VERTEX
8
L12
10
30.983689033986494
20
-55.70634364716867
0
VERTEX
8
L12
10
30.993505941937528
20
-55.734079170298614
0
VERTEX
8
L12
10
31.011276215381045
20
-55.75752801476383
0
VERTEX
8
L12
10
31.03532406332728
20
-55.77447888300607
0
VERTEX
8
L12
10
31.063381700362598
20
-55.78333325644547
0
VERTEX
8
L12
10
31.237094299184193
20
-56.084212303519266
0
VERTEX
8
L12
10
31.230837786104658
20
-56.11148095079102
0
VERTEX
8
L12
10
31.232725460758317
20
-56.1393943841941
0
VERTEX
8
L12
10
31.242596359328402
20
-56.16557239865976
0
VERTEX
8
L12
10
31.25960878088658
20
-56.187782769946004
0
VERTEX
8
L12
10
31.282312060033163
20
-56.20413159852602
0
VERTEX
8
L12
10
31.308770266518323
20
-56.213224804205794
0
VERTEX
8
L12
10
31.336727283859503
20
-56.2142870006709
0
VERTEX
8
L12
10
31.363799190544043
20
-56.207227613416435
0
VERTEX
8
L12
10
31.38767753928856
20
-56.19264860312143
0
VERTEX
8
L12
10
31.406326200538686
20
-56.171793135888024
0
VERTEX
8
L12
10
31.418154985176827
20
-56.14643957728316
0
VERTEX
8
L12
10
31.4221552414637
20
-56.11874984941189
0
VERTEX
8
L12
10
31.417985863733307
20
-56.09108508175902
0
VERTEX
8
L12
10
31.468355211881104
20
-56.04242133715754
0
VERTEX
8
L12
10
31.511825971414353
20
-55.987507547112855
0
VERTEX
8
L12
10
31.547630207593258
20
-55.927313793756575
0
VERTEX
8
L12
10
31.575135419005605
20
-55.86290343265967
0
VERTEX
8
L12
10
31.593855711050097
20
-55.79541430807474
0
VERTEX
8
L12
10
31.60346037953032
20
-55.72603865229509
0
VERTEX
8
L12
10
31.603779752725032
20
-55.65600202421925
0
VERTEX
8
L12
10
31.594808188732188
20
-55.58654165918282
0
VERTEX
8
L12
10
31.576704175135873
20
-55.5188846125197
0
VERTEX
8
L12
10
31.54978752923681
20
-55.454226082958506
0
VERTEX
8
L12
10
31.514533748304572
20
-55.3937082987835
0
VERTEX
8
L12
10
31.471565609658413
20
-55.338400339747245
0
VERTEX
8
L12
10
31.421642168965334
20
-55.28927925119216
0
VERTEX
8
L12
10
31.365645351106608
20
-55.24721278401022
0
VERTEX
8
L12
10
31.304564370492486
20
-55.21294406534892
0
VERTEX
8
L12
10
31.2394782560486
20
-55.1870784708638
0
VERTEX
8
L12
10
31.171536789580003
20
-55.17007293042646
0
VERTEX
8
L12
10
31.101940194246694
20
-55.16222785620847
0
VERTEX
8
L12
10
31.03191793196531
20
-55.16368183573609
0
VERTEX
8
L12
10
30.962706984291813
20
-55.174409183665844
0
VERTEX
8
L12
10
30.89553000046594
20
-55.194220395530124
0
VERTEX
8
L12
10
30.831573698643822
20
-55.22276549543728
0
VERTEX
8
L12
10
30.771967901872657
20
-55.2595402185871
0
VERTEX
8
L12
10
30.717765579148804
20
-55.3038949193843
0
VERTEX
8
L12
10
30.669924244144553
20
-55.35504604778322
0
VERTEX
8
L12
10
30.629289040205563
20
-55.41208999112788
0
VERTEX
8
L12
10
30.59657781043144
20
-55.4740190369637
0
VERTEX
8
L12
10
30.57236841658481
20
-55.53973917482912
0
VERTEX
8
L12
10
30.557088530847253
20
-55.60808942254863
0
VERTEX
8
L12
10
30.551008080756347
20
-55.677862335617846
0
VERTEX
8
L12
10
30.554234480788196
20
-55.747825337370955
0
VERTEX
8
L12
10
30.56671073482177
20
-55.816742493121616
0
VERTEX
8
L12
10
30.588216443006772
20
-55.88339634362504
0
VERTEX
8
L12
10
30.618371695247347
20
-55.946609412161365
0
VERTEX
8
L12
10
30.65664378252181
20
-56.00526500530582
0
VERTEX
8
L12
10
30.702356607478734
20
-56.05832693992876
0
VERTEX
8
L12
10
30.754702628066482
20
-56.1048578479373
0
VERTEX
8
L12
10
30.81275712320509
20
-56.14403573539531
0
VERTEX
8
L12
10
30.813810682266293
20
-56.17393951127925
0
VERTEX
8
L12
10
30.82403766295981
20
-56.20205987160246
0
VERTEX
8
L12
10
30.84244052323244
20
-56.225653949939996
0
VERTEX
8
L12
10
30.86722424385316
20
-56.24242037445469
0
VERTEX
8
L12
10
30.895971415002364
20
-56.25072374423634
0
VERTEX
8
L12
10
30.92587803098273
20
-56.24975414668334
0
VERTEX
8
L12
10
30.954026993580996
20
-56.23960615656439
0
VERTEX
8
L12
10
30.9776726464997
20
-56.22126961117383
0
VERTEX
8
L12
10
30.994508587305162
20
-56.196533061373835
0
VERTEX
8
L12
10
31.002892634452152
20
-56.167809315931265
0
VERTEX
8
L12
10
31.00200700605025
20
-56.137900095594624
0
VERTEX
8
L12
10
30.991938086497825
20
-56.1097227526067
0
VERTEX
8
L12
10
30.973668000527923
20
-56.08602571149467
0
VERTEX
8
L12
10
30.948978816535558
20
-56.06912038710847
0
VERTEX
8
L12
10
30.92027872321576
20
-56.06065572868375
0
VERTEX
8
L12
10
30.890367134283522
20
-56.06145738095355
0
VERTEX
8
L12
10
30.86216163301502
20
-56.07144715057076
0
VERTEX
8
L12
10
30.838413390502595
20
-56.08965063310525
0
VERTEX
8
L12
10
30.784874440158816
20
-56.05237978858792
0
VERTEX
8
L12
10
30.737050550804796
20
-56.00801301428552
0
VERTEX
8
L12
10
30.695874639000422
20
-55.95741578766164
0
VERTEX
8
L12
10
30.66214993699039
20
-55.90157512569133
0
VERTEX
8
L12
10
30.636534323784716
20
-55.84158033079173
0
VERTEX
8
L12
10
30.619527491693546
20
-55.778601741436525
0
VERTEX
8
L12
10
30.611461198662695
20
-55.71386790197301
0
VERTEX
8
L12
10
30.612492796560545
20
-55.64864159699775
0
VERTEX
8
L12
10
30.62260216166284
20
-55.58419521779631
0
VERTEX
8
L12
10
30.641592087212885
20
-55.52178594138204
0
VERTEX
8
L12
10
30.66909213039939
20
-55.46263120632483
0
VERTEX
8
L12
10
30.704565838708035
20
-55.40788496377083
0
VERTEX
8
L12
10
30.747321214679616
20
-55.35861516693263
0
VERTEX
8
L12
10
30.79652421493516
20
-55.31578293816969
0
VERTEX
8
L12
10
30.85121502013841
20
-55.280223820054
0
VERTEX
8
L12
10
30.910326758511715
20
-55.252631476162364
0
VERTEX
8
L12
10
30.972706317659558
20
-55.23354415954974
0
VERTEX
8
L12
10
31.037136838716677
20
-55.22333421286733
0
VERTEX
8
L12
10
31.1023614540198
20
-55.22220080495031
0
VERTEX
8
L12
10
31.167107805244413
20
-55.23016604556493
0
VERTEX
8
L12
10
31.230112863722795
20
-55.24707455410594
0
VERTEX
8
L12
10
31.290147568765704
20
-55.272596490657875
0
VERTEX
8
L12
10
31.346040803358918
20
-55.306233990292284
0
VERTEX
8
L12
10
31.39670223953364
20
-55.34733087508496
0
VERTEX
8
L12
10
31.441143607757724
20
-55.39508545439754
0
VERTEX
8
L12
10
31.478497975438998
20
-55.448566163724166
0
VERTEX
8
L12
10
31.50803665846864
20
-55.50672973703102
0
VERTEX
8
L12
10
31.52918343590501
20
-55.568441558094776
0
VERTEX
8
L12
10
31.54152579050769
20
-55.632497793839704
0
VERTEX
8
L12
10
31.544822955849057
20
-55.697648877910964
0
VERTEX
8
L12
10
31.53901061302507
20
-55.76262388638226
0
VERTEX
8
L12
10
31.524202145345768
20
-55.826155330092746
0
VERTEX
8
L12
10
31.50068642652913
20
-55.887003879980846
0
VERTEX
8
L12
10
31.468922185545082
20
-55.943982543089554
0
VERTEX
8
L12
10
31.429529058036607
20
-55.99597981763398
0
VERTEX
8
L12
10
31.38327549888045
20
-56.04198137543736
0
SEQEND
0
POLYLINE
8
L12
66
1
70
1
0
VERTEX
8
L12
10
23.053802178359675
20
-56.08965063310525
0
VERTEX
8
L12
10
23.03005393584725
20
-56.07144715057076
0
VERTEX
8
L12
10
23.001848434578747
20
-56.06145738095355
0
VERTEX
8
L12
10
22.97193684564651
20
-56.060655728683756
0
VERTEX
8
L12
10
22.943236752326712
20
-56.06912038710847
0
VERTEX
8
L12
10
22.918547568334347
20
-56.08602571149467
0
VERTEX
8
L12
10
22.900277482364444
20
-56.1097227526067
0
VERTEX
8
L12
10
22.89020856281205
20
-56.137900095594624
0
VERTEX
8
L12
10
22.889322934410146
20
-56.16780931593127
0
VERTEX
8
L12
10
22.897706981557107
20
-56.196533061373835
0
VERTEX
8
L12
10
22.91454292236257
20
-56.221269611173824
0
VERTEX
8
L12
10
22.938188575281274
20
-56.239606156564385
0
VERTEX
8
L12
10
22.96633753787954
20
-56.24975414668334
0
VERTEX
8
L12
10
22.996244153859905
20
-56.25072374423634
0
VERTEX
8
L12
10
23.02499132500911
20
-56.24242037445468
0
VERTEX
8
L12
10
23.04977504562983
20
-56.225653949939996
0
VERTEX
8
L12
10
23.06817790590246
20
-56.20205987160246
0
VERTEX
8
L12
10
23.078404886595976
20
-56.17393951127925
0
VERTEX
8
L12
10
23.07945844565718
20
-56.14403573539531
0
VERTEX
8
L12
10
23.137512940795787
20
-56.1048578479373
0
VERTEX
8
L12
10
23.189858961383536
20
-56.05832693992876
0
VERTEX
8
L12
10
23.235571786340458
20
-56.00526500530582
0
VERTEX
8
L12
10
23.273843873614922
20
-55.946609412161365
0
VERTEX
8
L12
10
23.303999125855498
20
-55.88339634362504
0
VERTEX
8
L12
10
23.3255048340405
20
-55.816742493121616
0
VERTEX
8
L12
10
23.337981088074073
20
-55.747825337370955
0
VERTEX
8
L12
10
23.341207488105923
20
-55.677862335617846
0
VERTEX
8
L12
10
23.335127038015017
20
-55.60808942254863
0
VERTEX
8
L12
10
23.31984715227746
20
-55.53973917482912
0
VERTEX
8
L12
10
23.29563775843083
20
-55.4740190369637
0
VERTEX
8
L12
10
23.262926528656706
20
-55.41208999112788
0
VERTEX
8
L12
10
23.222291324717716
20
-55.35504604778322
0
VERTEX
8
L12
10
23.174449989713466
20
-55.3038949193843
0
VERTEX
8
L12
10
23.120247666989613
20
-55.2595402185871
0
VERTEX
8
L12
10
23.060641870218447
20
-55.22276549543728
0
VERTEX
8
L12
10
22.99668556839633
20
-55.194220395530124
0
VERTEX
8
L12
10
22.929508584570456
20
-55.174409183665844
0
VERTEX
8
L12
10
22.86029763689696
20
-55.16368183573609
0
VERTEX
8
L12
10
22.790275374615575
20
-55.16222785620847
0
VERTEX
8
L12
10
22.720678779282267
20
-55.17007293042646
0
VERTEX
8
L12
10
22.65273731281367
20
-55.1870784708638
0
VERTEX
8
L12
10
22.587651198369784
20
-55.21294406534892
0
VERTEX
8
L12
10
22.526570217755662
20
-55.24721278401022
0
VERTEX
8
L12
10
22.470573399896935
20
-55.28927925119216
0
VERTEX
8
L12
10
22.420649959203857
20
-55.338400339747245
0
VERTEX
8
L12
10
22.377681820557697
20
-55.3937082987835
0
VERTEX
8
L12
10
22.34242803962546
20
-55.454226082958506
0
VERTEX
8
L12
10
22.315511393726396
20
-55.5188846125197
0
VERTEX
8
L12
10
22.297407380130082
20
-55.58654165918282
0
VERTEX
8
L12
10
22.288435816137238
20
-55.65600202421925
0
VERTEX
8
L12
10
22.28875518933195
20
-55.72603865229509
0
VERTEX
8
L12
10
22.298359857812173
20
-55.79541430807474
0
VERTEX
8
L12
10
22.317080149856665
20
-55.86290343265967
0
VERTEX
8
L12
10
22.34458536126901
20
-55.927313793756575
0
VERTEX
8
L12
10
22.380389597447916
20
-55.987507547112855
0
VERTEX
8
L12
10
22.423860356981166
20
-56.04242133715754
0
VERTEX
8
L12
10
22.474229705128963
20
-56.09108508175902
0
VERTEX
8
L12
10
22.47006032739857
20
-56.11874984941189
0
VERTEX
8
L12
10
22.474060583685443
20
-56.14643957728316
0
VERTEX
8
L12
10
22.485889368323583
20
-56.17179313588802
0
VERTEX
8
L12
10
22.50453802957371
20
-56.19264860312143
0
VERTEX
8
L12
10
22.528416378318227
20
-56.207227613416435
0
VERTEX
8
L12
10
22.555488285002767
20
-56.2142870006709
0
VERTEX
8
L12
10
22.583445302343947
20
-56.213224804205794
0
VERTEX
8
L12
10
22.609903508829106
20
-56.20413159852601
0
VERTEX
8
L12
10
22.63260678797569
20
-56.187782769946004
0
VERTEX
8
L12
10
22.649619209533867
20
-56.16557239865976
0
VERTEX
8
L12
10
22.659490108103952
20
-56.13939438419409
0
VERTEX
8
L12
10
22.66137778275761
20
-56.11148095079102
0
VERTEX
8
L12
10
22.655121269678077
20
-56.084212303519266
0
VERTEX
8
L12
10
22.82883386849967
20
-55.78333325644547
0
VERTEX
8
L12
10
22.85689150553499
20
-55.77447888300607
0
VERTEX
8
L12
10
22.880939353481224
20
-55.75752801476383
0
VERTEX
8
L12
10
22.89870962692474
20
-55.734079170298614
0
VERTEX
8
L12
10
22.908526534875776
20
-55.70634364716867
0
VERTEX
8
L12
10
22.9094643129704
20
-55.67693698980582
0
VERTEX
8
L12
10
22.901434525873825
20
-55.64863233569746
0
VERTEX
8
L12
10
22.885194407002203
20
-55.62409890006266
0
VERTEX
8
L12
10
22.862275449101773
20
-55.605650260715265
0
VERTEX
8
L12
10
22.834838979811494
20
-55.595026180618945
0
VERTEX
8
L12
10
22.805472341873823
20
-55.59322854293304
0
VERTEX
8
L12
10
22.77694489882235
20
-55.6004268703746
0
VERTEX
8
L12
10
22.75194687555306
20
-55.615942338709075
0
VERTEX
8
L12
10
22.732835661910784
20
-55.638311791946265
0
VERTEX
8
L12
10
22.7214135036363
20
-55.66542572241315
0
VERTEX
8
L12
10
22.718757545095414
20
-55.69472720376204
0
VERTEX
8
L12
10
22.725118251279966
20
-55.72345301692451
0
VERTEX
8
L12
10
22.5514056524584
20
-56.02433206399831
0
VERTEX
8
L12
10
22.529098217368002
20
-56.03057104507028
0
VERTEX
8
L12
10
22.50894006998182
20
-56.04198137543736
0
VERTEX
8
L12
10
22.462686510825662
20
-55.99597981763398
0
VERTEX
8
L12
10
22.423293383317187
20
-55.943982543089554
0
VERTEX
8
L12
10
22.39152914233314
20
-55.887003879980846
0
VERTEX
8
L12
10
22.3680134235165
20
-55.826155330092746
0
VERTEX
8
L12
10
22.3532049558372
20
-55.76262388638226
0
VERTEX
8
L12
10
22.347392613013213
20
-55.697648877910964
0
VERTEX
8
L12
10
22.350689778354578
20
-55.632497793839704
0
VERTEX
8
L12
10
22.363032132957258
20
-55.568441558094776
0
VERTEX
8
L12
10
22.38417891039363
20
-55.50672973703102
0
VERTEX
8
L12
10
22.41371759342327
20
-55.448566163724166
0
VERTEX
8
L12
10
22.451071961104546
20
-55.39508545439754
0
VERTEX
8
L12
10
22.49551332932863
20
-55.34733087508496
0
VERTEX
8
L12
10
22.546174765503352
20
-55.306233990292284
0
VERTEX
8
L12
10
22.602068000096565
20
-55.272596490657875
0
VERTEX
8
L12
10
22.662102705139475
20
-55.24707455410594
0
VERTEX
8
L12
10
22.725107763617856
20
-55.23016604556493
0
VERTEX
8
L12
10
22.78985411484247
20
-55.22220080495031
0
VERTEX
8
L12
10
22.855078730145593
20
-55.22333421286733
0
VERTEX
8
L12
10
22.91950925120271
20
-55.23354415954974
0
VERTEX
8
L12
10
22.981888810350554
20
-55.252631476162364
0
VERTEX
8
L12
10
23.041000548723858
20
-55.280223820054
0
VERTEX
8
L12
10
23.09569135392711
20
-55.31578293816969
0
VERTEX
8
L12
10
23.144894354182654
20
-55.35861516693263
0
VERTEX
8
L12
10
23.187649730154234
20
-55.40788496377083
0
VERTEX
8
L12
10
23.223123438462878
20
-55.46263120632483
0
VERTEX
8
L12
10
23.250623481649384
20
-55.52178594138204
0
VERTEX
8
L12
10
23.26961340719943
20
-55.58419521779631
0
VERTEX
8
L12
10
23.279722772301724
20
-55.64864159699775
0
VERTEX
8
L12
10
23.280754370199574
20
-55.71386790197301
0
VERTEX
8
L12
10
23.272688077168723
20
-55.778601741436525
0
VERTEX
8
L12
10
23.255681245077554
20
-55.84158033079173
0
VERTEX
8
L12
10
23.23006563187188
20
-55.90157512569133
0
VERTEX
8
L12
10
23.196340929861847
20
-55.95741578766164
0
VERTEX
8
L12
10
23.155165018057474
20
-56.00801301428552
0
VERTEX
8
L12
10
23.107341128703453
20
-56.05237978858792
0
VERTEX
8
L12
10
23.053802178359675
20
-56.08965063310525
0
SEQEND
0
POLYLINE
8
L12
66
1
70
1
0
VERTEX
8
L12
10
26.946107784431135
20
-53.817215568862274
0
VERTEX
8
L12
10
26.93631832001462
20
-53.81785720425924
0
VERTEX
8
L12
10
26.926696356048453
20
-53.8197711318906
0
VERTEX
8
L12
10
26.917406527003763
20
-53.82292460392393
0
VERTEX
8
L12
10
26.90860778443114
20
-53.82726366357844
0
VERTEX
8
L12
10
26.900450677255478
20
-53.83271406834044
0
VERTEX
8
L12
10
26.893074775842152
20
-53.83918256027329
0
VERTEX
8
L12
10
26.886606283909302
20
-53.84655846168663
0
VERTEX
8
L12
10
26.8811558791473
20
-53.854715568862275
0
VERTEX
8
L12
10
26.876816819492788
20
-53.8635143114349
0
VERTEX
8
L12
10
26.87366334745944
20
-53.87280414047959
0
VERTEX
8
L12
10
26.871749419828106
20
-53.88242610444577
0
VERTEX
8
L12
10
26.871107784431146
20
-53.89221556886228
0
VERTEX
8
L12
10
26.871749419828106
20
-53.90200503327878
0
VERTEX
8
L12
10
26.87366334745944
20
-53.911626997244966
0
VERTEX
8
L12
10
26.876816819492788
20
-53.920916826289655
0
VERTEX
8
L12
10
26.8811558791473
20
-53.92971556886228
0
VERTEX
8
L12
10
26.886606283909302
20
-53.937872676037934
0
VERTEX
8
L12
10
26.893074775842152
20
-53.94524857745127
0
VERTEX
8
L12
10
26.900450677255478
20
-53.95171706938412
0
VERTEX
8
L12
10
26.90860778443114
20
-53.95716747414611
0
VERTEX
8
L12
10
26.917406527003763
20
-53.96150653380062
0
VERTEX
8
L12
10
26.926696356048453
20
-53.964660005833956
0
VERTEX
8
L12
10
26.93631832001462
20
-53.96657393346531
0
VERTEX
8
L12
10
26.946107784431135
20
-53.96721556886228
0
VERTEX
8
L12
10
26.95589724884765
20
-53.96657393346531
0
VERTEX
8
L12
10
26.965519212813817
20
-53.964660005833956
0
VERTEX
8
L12
10
26.974809041858506
20
-53.96150653380062
0
VERTEX
8
L12
10
26.98360778443113
20
-53.95716747414611
0
VERTEX
8
L12
10
26.991764891606792
20
-53.95171706938412
0
VERTEX
8
L12
10
26.999140793020118
20
-53.94524857745127
0
VERTEX
8
L12
10
27.005609284952968
20
-53.937872676037934
0
VERTEX
8
L12
10
27.01105968971497
20
-53.92971556886228
0
VERTEX
8
L12
10
27.01539874936948
20
-53.920916826289655
0
VERTEX
8
L12
10
27.018552221402828
20
-53.911626997244966
0
VERTEX
8
L12
10
27.020466149034164
20
-53.90200503327878
0
VERTEX
8
L12
10
27.021107784431123
20
-53.89221556886228
0
VERTEX
8
L12
10
27.020466149034164
20
-53.88242610444577
0
VERTEX
8
L12
10
27.018552221402828
20
-53.87280414047959
0
VERTEX
8
L12
10
27.01539874936948
20
-53.8635143114349
0
VERTEX
8
L12
10
27.01105968971497
20
-53.854715568862275
0
VERTEX
8
L12
10
27.005609284952968
20
-53.84655846168663
0
VERTEX
8
L12
10
26.999140793020118
20
-53.83918256027329
0
VERTEX
8
L12
10
26.991764891606792
20
-53.83271406834044
0
VERTEX
8
L12
10
26.98360778443113
20
-53.82726366357844
0
VERTEX
8
L12
10
26.974809041858506
20
-53.82292460392393
0
VERTEX
8
L12
10
26.965519212813817
20
-53.8197711318906
0
VERTEX
8
L12
10
26.95589724884765
20
-53.81785720425924
0
VERTEX
8
L12
10
26.946107784431135
20
-53.817215568862274
0
SEQEND
0
POLYLINE
8
L12
66
1
70
1
0
VERTEX
8
L12
10
26.946107784431135
20
-54.77529940119761
0
VERTEX
8
L12
10
26.93631832001462
20
-54.775941036594574
0
VERTEX
8
L12
10
26.926696356048453
20
-54.77785496422593
0
VERTEX
8
L12
10
26.917406527003763
20
-54.78100843625926
0
VERTEX
8
L12
10
26.90860778443114
20
-54.785347495913776
0
VERTEX
8
L12
10
26.900450677255478
20
-54.79079790067576
0
VERTEX
8
L12
10
26.893074775842152
20
-54.79726639260861
0
VERTEX
8
L12
10
26.886606283909302
20
-54.80464229402195
0
VERTEX
8
L12
10
26.8811558791473
20
-54.81279940119761
0
VERTEX
8
L12
10
26.876816819492788
20
-54.821598143770224
0
VERTEX
8
L12
10
26.87366334745944
20
-54.83088797281492
0
VERTEX
8
L12
10
26.871749419828106
20
-54.8405099367811
0
VERTEX
8
L12
10
26.871107784431146
20
-54.85029940119761
0
VERTEX
8
L12
10
26.871749419828106
20
-54.86008886561411
0
VERTEX
8
L12
10
26.87366334745944
20
-54.8697108295803
0
VERTEX
8
L12
10
26.876816819492788
20
-54.87900065862499
0
VERTEX
8
L12
10
26.8811558791473
20
-54.887799401197604
0
VERTEX
8
L12
10
26.886606283909302
20
-54.89595650837326
0
VERTEX
8
L12
10
26.893074775842152
20
-54.9033324097866
0
VERTEX
8
L12
10
26.900450677255478
20
-54.90980090171945
0
VERTEX
8
L12
10
26.90860778443114
20
-54.91525130648144
0
VERTEX
8
L12
10
26.917406527003763
20
-54.91959036613596
0
VERTEX
8
L12
10
26.926696356048453
20
-54.92274383816929
0
VERTEX
8
L12
10
26.93631832001462
20
-54.924657765800646
0
VERTEX
8
L12
10
26.946107784431135
20
-54.925299401197606
0
VERTEX
8
L12
10
26.95589724884765
20
-54.924657765800646
0
VERTEX
8
L12
10
26.965519212813817
20
-54.92274383816929
0
VERTEX
8
L12
10
26.974809041858506
20
-54.91959036613596
0
VERTEX
8
L12
10
26.98360778443113
20
-54.91525130648144
0
VERTEX
8
L12
10
26.991764891606792
20
-54.90980090171945
0
VERTEX
8
L12
10
26.999140793020118
20
-54.9033324097866
0
VERTEX
8
L12
10
27.005609284952968
20
-54.89595650837326
0
VERTEX
8
L12
10
27.01105968971497
20
-54.887799401197604
0
VERTEX
8
L12
10
27.01539874936948
20
-54.87900065862499
0
VERTEX
8
L12
10
27.018552221402828
20
-54.8697108295803
0
VERTEX
8
L12
10
27.020466149034164
20
-54.86008886561411
0
VERTEX
8
L12
10
27.021107784431123
20
-54.85029940119761
0
VERTEX
8
L12
10
27.020466149034164
20
-54.8405099367811
0
VERTEX
8
L12
10
27.018552221402828
20
-54.83088797281492
0
VERTEX
8
L12
10
27.01539874936948
20
-54.821598143770224
0
VERTEX
8
L12
10
27.01105968971497
20
-54.81279940119761
0
VERTEX
8
L12
10
27.005609284952968
20
-54.80464229402195
0
VERTEX
8
L12
10
26.999140793020118
20
-54.79726639260861
0
VERTEX
8
L12
10
26.991764891606792
20
-54.79079790067576
0
VERTEX
8
L12
10
26.98360778443113
20
-54.785347495913776
0
VERTEX
8
L12
10
26.974809041858506
20
-54.78100843625926
0
VERTEX
8
L12
10
26.965519212813817
20
-54.77785496422593
0
VERTEX
8
L12
10
26.95589724884765
20
-54.775941036594574
0
VERTEX
8
L12
10
26.946107784431135
20
-54.77529940119761
0
SEQEND
0
POLYLINE
8
L12
66
1
70
1
0
VERTEX
8
L12
10
26.946107784431135
20
-53.338173652694614
0
VERTEX
8
L12
10
26.93631832001462
20
-53.338815288091574
0
VERTEX
8
L12
10
26.926696356048453
20
-53.34072921572293
0
VERTEX
8
L12
10
26.917406527003763
20
-53.34388268775626
0
VERTEX
8
L12
10
26.90860778443114
20
-53.348221747410776
0
VERTEX
8
L12
10
26.900450677255478
20
-53.35367215217277
0
VERTEX
8
L12
10
26.893074775842152
20
-53.36014064410562
0
VERTEX
8
L12
10
26.886606283909302
20
-53.36751654551896
0
VERTEX
8
L12
10
26.8811558791473
20
-53.37567365269461
0
VERTEX
8
L12
10
26.876816819492788
20
-53.38447239526723
0
VERTEX
8
L12
10
26.87366334745944
20
-53.39376222431192
0
VERTEX
8
L12
10
26.871749419828106
20
-53.40338418827811
0
VERTEX
8
L12
10
26.871107784431146
20
-53.41317365269461
0
VERTEX
8
L12
10
26.871749419828106
20
-53.42296311711112
0
VERTEX
8
L12
10
26.87366334745944
20
-53.4325850810773
0
VERTEX
8
L12
10
26.876816819492788
20
-53.441874910121996
0
VERTEX
8
L12
10
26.8811558791473
20
-53.45067365269461
0
VERTEX
8
L12
10
26.886606283909302
20
-53.45883075987027
0
VERTEX
8
L12
10
26.893074775842152
20
-53.4662066612836
0
VERTEX
8
L12
10
26.900450677255478
20
-53.47267515321646
0
VERTEX
8
L12
10
26.90860778443114
20
-53.478125557978444
0
VERTEX
8
L12
10
26.917406527003763
20
-53.48246461763296
0
VERTEX
8
L12
10
26.926696356048453
20
-53.48561808966629
0
VERTEX
8
L12
10
26.93631832001462
20
-53.487532017297646
0
VERTEX
8
L12
10
26.946107784431135
20
-53.48817365269461
0
VERTEX
8
L12
10
26.95589724884765
20
-53.487532017297646
0
VERTEX
8
L12
10
26.965519212813817
20
-53.48561808966629
0
VERTEX
8
L12
10
26.974809041858506
20
-53.48246461763296
0
VERTEX
8
L12
10
26.98360778443113
20
-53.478125557978444
0
VERTEX
8
L12
10
26.991764891606792
20
-53.47267515321646
0
VERTEX
8
L12
10
26.999140793020118
20
-53.4662066612836
0
VERTEX
8
L12
10
27.005609284952968
20
-53.45883075987027
0
VERTEX
8
L12
10
27.01105968971497
20
-53.45067365269461
0
VERTEX
8
L12
10
27.01539874936948
20
-53.441874910121996
0
VERTEX
8
L12
10
27.018552221402828
20
-53.4325850810773
0
VERTEX
8
L12
10
27.020466149034164
20
-53.42296311711112
0
VERTEX
8
L12
10
27.021107784431123
20
-53.41317365269461
0
VERTEX
8
L12
10
27.020466149034164
20
-53.40338418827811
0
VERTEX
8
L12
10
27.018552221402828
20
-53.39376222431192
0
VERTEX
8
L12
10
27.01539874936948
20
-53.38447239526723
0
VERTEX
8
L12
10
27.01105968971497
20
-53.37567365269461
0
VERTEX
8
L12
10
27.005609284952968
20
-53.36751654551896
0
VERTEX
8
L12
10
26.999140793020118
20
-53.36014064410562
0
VERTEX
8
L12
10
26.991764891606792
20
-53.35367215217277
0
VERTEX
8
L12
10
26.98360778443113
20
-53.348221747410776
0
VERTEX
8
L12
10
26.974809041858506
20
-53.34388268775626
0
VERTEX
8
L12
10
26.965519212813817
20
-53.34072921572293
0
VERTEX
8
L12
10
26.95589724884765
20
-53.338815288091574
0
VERTEX
8
L12
10
26.946107784431135
20
-53.338173652694614
0
SEQEND
0
POLYLINE
8
L12
66
1
70
1
0
VERTEX
8
L12
10
26.946107784431135
20
-55.73338323353294
0
VERTEX
8
L12
10
26.93631832001462
20
-55.7340248689299
0
VERTEX
8
L12
10
26.926696356048453
20
-55.73593879656126
0
VERTEX
8
L12
10
26.917406527003763
20
-55.73909226859459
0
VERTEX
8
L12
10
26.90860778443114
20
-55.7434313282491
0
VERTEX
8
L12
10
26.900450677255478
20
-55.748881733011096
0
VERTEX
8
L12
10
26.893074775842152
20
-55.755350224943946
0
VERTEX
8
L12
10
26.886606283909302
20
-55.762726126357286
0
VERTEX
8
L12
10
26.8811558791473
20
-55.770883233532935
0
VERTEX
8
L12
10
26.876816819492788
20
-55.77968197610556
0
VERTEX
8
L12
10
26.87366334745944
20
-55.78897180515025
0
VERTEX
8
L12
10
26.871749419828106
20
-55.79859376911644
0
VERTEX
8
L12
10
26.871107784431146
20
-55.808383233532936
0
VERTEX
8
L12
10
26.871749419828106
20
-55.81817269794944
0
VERTEX
8
L12
10
26.87366334745944
20
-55.827794661915625
0
VERTEX
8
L12
10
26.876816819492788
20
-55.83708449096032
0
VERTEX
8
L12
10
26.8811558791473
20
-55.84588323353294
0
VERTEX
8
L12
10
26.886606283909302
20
-55.85404034070859
0
VERTEX
8
L12
10
26.893074775842152
20
-55.861416242121926
0
VERTEX
8
L12
10
26.900450677255478
20
-55.86788473405478
0
VERTEX
8
L12
10
26.90860778443114
20
-55.87333513881677
0
VERTEX
8
L12
10
26.917406527003763
20
-55.87767419847128
0
VERTEX
8
L12
10
26.926696356048453
20
-55.880827670504615
0
VERTEX
8
L12
10
26.93631832001462
20
-55.88274159813597
0
VERTEX
8
L12
10
26.946107784431135
20
-55.88338323353294
0
VERTEX
8
L12
10
26.95589724884765
20
-55.88274159813597
0
VERTEX
8
L12
10
26.965519212813817
20
-55.880827670504615
0
VERTEX
8
L12
10
26.974809041858506
20
-55.87767419847128
0
VERTEX
8
L12
10
26.98360778443113
20
-55.87333513881677
0
VERTEX
8
L12
10
26.991764891606792
20
-55.86788473405478
0
VERTEX
8
L12
10
26.999140793020118
20
-55.861416242121926
0
VERTEX
8
L12
10
27.005609284952968
20
-55.85404034070859
0
VERTEX
8
L12
10
27.01105968971497
20
-55.84588323353294
0
VERTEX
8
L12
10
27.01539874936948
20
-55.83708449096032
0
VERTEX
8
L12
10
27.018552221402828
20
-55.827794661915625
0
VERTEX
8
L12
10
27.020466149034164
20
-55.81817269794944
0
VERTEX
8
L12
10
27.021107784431123
20
-55.808383233532936
0
VERTEX
8
L12
10
27.020466149034164
20
-55.79859376911644
0
VERTEX
8
L12
10
27.018552221402828
20
-55.78897180515025
0
VERTEX
8
L12
10
27.01539874936948
20
-55.77968197610556
0
VERTEX
8
L12
10
27.01105968971497
20
-55.770883233532935
0
VERTEX
8
L12
10
27.005609284952968
20
-55.762726126357286
0
VERTEX
8
L12
10
26.999140793020118
20
-55.755350224943946
0
VERTEX
8
L12
10
26.991764891606792
20
-55.748881733011096
0
VERTEX
8
L12
10
26.98360778443113
20
-55.7434313282491
0
VERTEX
8
L12
10
26.974809041858506
20
-55.73909226859459
0
VERTEX
8
L12
10
26.965519212813817
20
-55.73593879656126
0
VERTEX
8
L12
10
26.95589724884765
20
-55.7340248689299
0
VERTEX
8
L12
10
26.946107784431135
20
-55.73338323353294
0
SEQEND
0
POLYLINE
8
L12
66
1
70
1
0
VERTEX
8
L12
10
26.946107784431135
20
-54.29625748502994
0
VERTEX
8
L12
10
26.93631832001462
20
-54.29689912042691
0
VERTEX
8
L12
10
26.926696356048453
20
-54.298813048058264
0
VERTEX
8
L12
10
26.917406527003763
20
-54.3019665200916
0
VERTEX
8
L12
10
26.90860778443114
20
-54.30630557974611
0
VERTEX
8
L12
10
26.900450677255478
20
-54.3117559845081
0
VERTEX
8
L12
10
26.893074775842152
20
-54.31822447644095
0
VERTEX
8
L12
10
26.886606283909302
20
-54.325600377854286
0
VERTEX
8
L12
10
26.8811558791473
20
-54.33375748502994
0
VERTEX
8
L12
10
26.876816819492788
20
-54.342556227602564
0
VERTEX
8
L12
10
26.87366334745944
20
-54.351846056647254
0
VERTEX
8
L12
10
26.871749419828106
20
-54.36146802061344
0
VERTEX
8
L12
10
26.871107784431146
20
-54.37125748502994
0
VERTEX
8
L12
10
26.871749419828106
20
-54.38104694944645
0
VERTEX
8
L12
10
26.87366334745944
20
-54.39066891341263
0
VERTEX
8
L12
10
26.876816819492788
20
-54.39995874245732
0
VERTEX
8
L12
10
26.8811558791473
20
-54.408757485029945
0
VERTEX
8
L12
10
26.886606283909302
20
-54.4169145922056
0
VERTEX
8
L12
10
26.893074775842152
20
-54.42429049361893
0
VERTEX
8
L12
10
26.900450677255478
20
-54.43075898555178
0
VERTEX
8
L12
10
26.90860778443114
20
-54.43620939031378
0
VERTEX
8
L12
10
26.917406527003763
20
-54.44054844996829
0
VERTEX
8
L12
10
26.926696356048453
20
-54.44370192200162
0
VERTEX
8
L12
10
26.93631832001462
20
-54.44561584963298
0
VERTEX
8
L12
10
26.946107784431135
20
-54.446257485029946
0
VERTEX
8
L12
10
26.95589724884765
20
-54.44561584963298
0
VERTEX
8
L12
10
26.965519212813817
20
-54.44370192200162
0
VERTEX
8
L12
10
26.974809041858506
20
-54.44054844996829
0
VERTEX
8
L12
10
26.98360778443113
20
-54.43620939031378
0
VERTEX
8
L12
10
26.991764891606792
20
-54.43075898555178
0
VERTEX
8
L12
10
26.999140793020118
20
-54.42429049361893
0
VERTEX
8
L12
10
27.005609284952968
20
-54.4169145922056
0
VERTEX
8
L12
10
27.01105968971497
20
-54.408757485029945
0
VERTEX
8
L12
10
27.01539874936948
20
-54.39995874245732
0
VERTEX
8
L12
10
27.018552221402828
20
-54.39066891341263
0
VERTEX
8
L12
10
27.020466149034164
20
-54.38104694944645
0
VERTEX
8
L12
10
27.021107784431123
20
-54.37125748502994
0
VERTEX
8
L12
10
27.020466149034164
20
-54.36146802061344
0
VERTEX
8
L12
10
27.018552221402828
20
-54.351846056647254
0
VERTEX
8
L12
10
27.01539874936948
20
-54.342556227602564
0
VERTEX
8
L12
10
27.01105968971497
20
-54.33375748502994
0
VERTEX
8
L12
10
27.005609284952968
20
-54.325600377854286
0
VERTEX
8
L12
10
26.999140793020118
20
-54.31822447644095
0
VERTEX
8
L12
10
26.991764891606792
20
-54.3117559845081
0
VERTEX
8
L12
10
26.98360778443113
20
-54.30630557974611
0
VERTEX
8
L12
10
26.974809041858506
20
-54.3019665200916
0
VERTEX
8
L12
10
26.965519212813817
20
-54.298813048058264
0
VERTEX
8
L12
10
26.95589724884765
20
-54.29689912042691
0
VERTEX
8
L12
10
26.946107784431135
20
-54.29625748502994
0
SEQEND
0
POLYLINE
8
L12
66
1
70
1
0
VERTEX
8
L12
10
26.946107784431135
20
-56.69146706586827
0
VERTEX
8
L12
10
26.93631832001462
20
-56.692108701265234
0
VERTEX
8
L12
10
26.926696356048453
20
-56.69402262889659
0
VERTEX
8
L12
10
26.917406527003763
20
-56.69717610092992
0
VERTEX
8
L12
10
26.90860778443114
20
-56.701515160584435
0
VERTEX
8
L12
10
26.900450677255478
20
-56.70696556534642
0
VERTEX
8
L12
10
26.893074775842152
20
-56.71343405727928
0
VERTEX
8
L12
10
26.886606283909302
20
-56.72080995869261
0
VERTEX
8
L12
10
26.8811558791473
20
-56.72896706586827
0
VERTEX
8
L12
10
26.876816819492788
20
-56.737765808440884
0
VERTEX
8
L12
10
26.87366334745944
20
-56.74705563748558
0
VERTEX
8
L12
10
26.871749419828106
20
-56.75667760145176
0
VERTEX
8
L12
10
26.871107784431146
20
-56.76646706586827
0
VERTEX
8
L12
10
26.871749419828106
20
-56.77625653028477
0
VERTEX
8
L12
10
26.87366334745944
20
-56.78587849425096
0
VERTEX
8
L12
10
26.876816819492788
20
-56.79516832329565
0
VERTEX
8
L12
10
26.8811558791473
20
-56.80396706586827
0
VERTEX
8
L12
10
26.886606283909302
20
-56.81212417304392
0
VERTEX
8
L12
10
26.893074775842152
20
-56.81950007445726
0
VERTEX
8
L12
10
26.900450677255478
20
-56.82596856639011
0
VERTEX
8
L12
10
26.90860778443114
20
-56.831418971152104
0
VERTEX
8
L12
10
26.917406527003763
20
-56.835758030806616
0
VERTEX
8
L12
10
26.926696356048453
20
-56.83891150283995
0
VERTEX
8
L12
10
26.93631832001462
20
-56.840825430471305
0
VERTEX
8
L12
10
26.946107784431135
20
-56.841467065868265
0
VERTEX
8
L12
10
26.95589724884765
20
-56.840825430471305
0
VERTEX
8
L12
10
26.965519212813817
20
-56.83891150283995
0
VERTEX
8
L12
10
26.974809041858506
20
-56.835758030806616
0
VERTEX
8
L12
10
26.98360778443113
20
-56.831418971152104
0
VERTEX
8
L12
10
26.991764891606792
20
-56.82596856639011
0
VERTEX
8
L12
10
26.999140793020118
20
-56.81950007445726
0
VERTEX
8
L12
10
27.005609284952968
20
-56.81212417304392
0
VERTEX
8
L12
10
27.01105968971497
20
-56.80396706586827
0
VERTEX
8
L12
10
27.01539874936948
20
-56.79516832329565
0
VERTEX
8
L12
10
27.018552221402828
20
-56.78587849425096
0
VERTEX
8
L12
10
27.020466149034164
20
-56.77625653028477
0
VERTEX
8
L12
10
27.021107784431123
20
-56.76646706586827
0
VERTEX
8
L12
10
27.020466149034164
20
-56.75667760145176
0
VERTEX
8
L12
10
27.018552221402828
20
-56.74705563748558
0
VERTEX
8
L12
10
27.01539874936948
20
-56.737765808440884
0
VERTEX
8
L12
10
27.01105968971497
20
-56.72896706586827
0
VERTEX
8
L12
10
27.005609284952968
20
-56.72080995869261
0
VERTEX
8
L12
10
26.999140793020118
20
-56.71343405727928
0
VERTEX
8
L12
10
26.991764891606792
20
-56.70696556534642
0
VERTEX
8
L12
10
26.98360778443113
20
-56.701515160584435
0
VERTEX
8
L12
10
26.974809041858506
20
-56.69717610092992
0
VERTEX
8
L12
10
26.965519212813817
20
-56.69402262889659
0
VERTEX
8
L12
10
26.95589724884765
20
-56.692108701265234
0
VERTEX
8
L12
10
26.946107784431135
20
-56.69146706586827
0
SEQEND
0
POLYLINE
8
L12
66
1
70
1
0
VERTEX
8
L12
10
26.946107784431135
20
-55.254341317365274
0
VERTEX
8
L12
10
26.93631832001462
20
-55.254982952762234
0
VERTEX
8
L12
10
26.926696356048453
20
-55.25689688039359
0
VERTEX
8
L12
10
26.917406527003763
20
-55.26005035242692
0
VERTEX
8
L12
10
26.90860778443114
20
-55.26438941208144
0
VERTEX
8
L12
10
26.900450677255478
20
-55.26983981684343
0
VERTEX
8
L12
10
26.893074775842152
20
-55.27630830877628
0
VERTEX
8
L12
10
26.886606283909302
20
-55.28368421018962
0
VERTEX
8
L12
10
26.8811558791473
20
-55.291841317365275
0
VERTEX
8
L12
10
26.876816819492788
20
-55.30064005993789
0
VERTEX
8
L12
10
26.87366334745944
20
-55.30992988898258
0
VERTEX
8
L12
10
26.871749419828106
20
-55.31955185294877
0
VERTEX
8
L12
10
26.871107784431146
20
-55.32934131736527
0
VERTEX
8
L12
10
26.871749419828106
20
-55.339130781781776
0
VERTEX
8
L12
10
26.87366334745944
20
-55.34875274574796
0
VERTEX
8
L12
10
26.876816819492788
20
-55.358042574792655
0
VERTEX
8
L12
10
26.8811558791473
20
-55.36684131736527
0
VERTEX
8
L12
10
26.886606283909302
20
-55.37499842454093
0
VERTEX
8
L12
10
26.893074775842152
20
-55.38237432595427
0
VERTEX
8
L12
10
26.900450677255478
20
-55.38884281788712
0
VERTEX
8
L12
10
26.90860778443114
20
-55.394293222649104
0
VERTEX
8
L12
10
26.917406527003763
20
-55.398632282303616
0
VERTEX
8
L12
10
26.926696356048453
20
-55.401785754336956
0
VERTEX
8
L12
10
26.93631832001462
20
-55.403699681968305
0
VERTEX
8
L12
10
26.946107784431135
20
-55.40434131736527
0
VERTEX
8
L12
10
26.95589724884765
20
-55.403699681968305
0
VERTEX
8
L12
10
26.965519212813817
20
-55.401785754336956
0
VERTEX
8
L12
10
26.974809041858506
20
-55.398632282303616
0
VERTEX
8
L12
10
26.98360778443113
20
-55.394293222649104
0
VERTEX
8
L12
10
26.991764891606792
20
-55.38884281788712
0
VERTEX
8
L12
10
26.999140793020118
20
-55.38237432595427
0
VERTEX
8
L12
10
27.005609284952968
20
-55.37499842454093
0
VERTEX
8
L12
10
27.01105968971497
20
-55.36684131736527
0
VERTEX
8
L12
10
27.01539874936948
20
-55.358042574792655
0
VERTEX
8
L12
10
27.018552221402828
20
-55.34875274574796
0
VERTEX
8
L12
10
27.020466149034164
20
-55.339130781781776
0
VERTEX
8
L12
10
27.021107784431123
20
-55.32934131736527
0
VERTEX
8
L12
10
27.020466149034164
20
-55.31955185294877
0
VERTEX
8
L12
10
27.018552221402828
20
-55.30992988898258
0
VERTEX
8
L12
10
27.01539874936948
20
-55.30064005993789
0
VERTEX
8
L12
10
27.01105968971497
20
-55.291841317365275
0
VERTEX
8
L12
10
27.005609284952968
20
-55.28368421018962
0
VERTEX
8
L12
10
26.999140793020118
20
-55.27630830877628
0
VERTEX
8
L12
10
26.991764891606792
20
-55.26983981684343
0
VERTEX
8
L12
10
26.98360778443113
20
-55.26438941208144
0
VERTEX
8
L12
10
26.974809041858506
20
-55.26005035242692
0
VERTEX
8
L12
10
26.965519212813817
20
-55.25689688039359
0
VERTEX
8
L12
10
26.95589724884765
20
-55.254982952762234
0
VERTEX
8
L12
10
26.946107784431135
20
-55.254341317365274
0
SEQEND
0
POLYLINE
8
L12
66
1
70
1
0
VERTEX
8
L12
10
26.946107784431135
20
-56.2124251497006
0
VERTEX
8
L12
10
26.93631832001462
20
-56.21306678509757
0
VERTEX
8
L12
10
26.926696356048453
20
-56.214980712728924
0
VERTEX
8
L12
10
26.917406527003763
20
-56.218134184762256
0
VERTEX
8
L12
10
26.90860778443114
20
-56.22247324441677
0
VERTEX
8
L12
10
26.900450677255478
20
-56.22792364917876
0
VERTEX
8
L12
10
26.893074775842152
20
-56.23439214111161
0
VERTEX
8
L12
10
26.886606283909302
20
-56.241768042524946
0
VERTEX
8
L12
10
26.8811558791473
20
-56.2499251497006
0
VERTEX
8
L12
10
26.876816819492788
20
-56.258723892273224
0
VERTEX
8
L12
10
26.87366334745944
20
-56.268013721317914
0
VERTEX
8
L12
10
26.871749419828106
20
-56.277635685284096
0
VERTEX
8
L12
10
26.871107784431146
20
-56.2874251497006
0
VERTEX
8
L12
10
26.871749419828106
20
-56.29721461411711
0
VERTEX
8
L12
10
26.87366334745944
20
-56.30683657808329
0
VERTEX
8
L12
10
26.876816819492788
20
-56.31612640712798
0
VERTEX
8
L12
10
26.8811558791473
20
-56.324925149700604
0
VERTEX
8
L12
10
26.886606283909302
20
-56.33308225687626
0
VERTEX
8
L12
10
26.893074775842152
20
-56.34045815828959
0
VERTEX
8
L12
10
26.900450677255478
20
-56.34692665022244
0
VERTEX
8
L12
10
26.90860778443114
20
-56.35237705498444
0
VERTEX
8
L12
10
26.917406527003763
20
-56.35671611463895
0
VERTEX
8
L12
10
26.926696356048453
20
-56.35986958667228
0
VERTEX
8
L12
10
26.93631832001462
20
-56.36178351430364
0
VERTEX
8
L12
10
26.946107784431135
20
-56.362425149700606
0
VERTEX
8
L12
10
26.95589724884765
20
-56.36178351430364
0
VERTEX
8
L12
10
26.965519212813817
20
-56.35986958667228
0
VERTEX
8
L12
10
26.974809041858506
20
-56.35671611463895
0
VERTEX
8
L12
10
26.98360778443113
20
-56.35237705498444
0
VERTEX
8
L12
10
26.991764891606792
20
-56.34692665022244
0
VERTEX
8
L12
10
26.999140793020118
20
-56.34045815828959
0
VERTEX
8
L12
10
27.005609284952968
20
-56.33308225687626
0
VERTEX
8
L12
10
27.01105968971497
20
-56.324925149700604
0
VERTEX
8
L12
10
27.01539874936948
20
-56.31612640712798
0
VERTEX
8
L12
10
27.018552221402828
20
-56.30683657808329
0
VERTEX
8
L12
10
27.020466149034164
20
-56.29721461411711
0
VERTEX
8
L12
10
27.021107784431123
20
-56.2874251497006
0
VERTEX
8
L12
10
27.020466149034164
20
-56.277635685284096
0
VERTEX
8
L12
10
27.018552221402828
20
-56.268013721317914
0
VERTEX
8
L12
10
27.01539874936948
20
-56.258723892273224
0
VERTEX
8
L12
10
27.01105968971497
20
-56.2499251497006
0
VERTEX
8
L12
10
27.005609284952968
20
-56.241768042524946
0
VERTEX
8
L12
10
26.999140793020118
20
-56.23439214111161
0
VERTEX
8
L12
10
26.991764891606792
20
-56.22792364917876
0
VERTEX
8
L12
10
26.98360778443113
20
-56.22247324441677
0
VERTEX
8
L12
10
26.974809041858506
20
-56.218134184762256
0
VERTEX
8
L12
10
26.965519212813817
20
-56.214980712728924
0
VERTEX
8
L12
10
26.95589724884765
20
-56.21306678509757
0
VERTEX
8
L12
10
26.946107784431135
20
-56.2124251497006
0
SEQEND
0
POLYLINE
8
L12
66
1
70
1
0
VERTEX
8
L12
10
42.161718612652905
20
-56.04198137543736
0
VERTEX
8
L12
10
42.14156046526672
20
-56.03057104507028
0
VERTEX
8
L12
10
42.119253030176324
20
-56.02433206399831
0
VERTEX
8
L12
10
41.94554043135476
20
-55.72345301692451
0
VERTEX
8
L12
10
41.95190113753931
20
-55.69472720376204
0
VERTEX
8
L12
10
41.949245178998424
20
-55.66542572241315
0
VERTEX
8
L12
10
41.93782302072394
20
-55.638311791946265
0
VERTEX
8
L12
10
41.918711807081664
20
-55.615942338709075
0
VERTEX
8
L12
10
41.89371378381237
20
-55.6004268703746
0
VERTEX
8
L12
10
41.8651863407609
20
-55.59322854293304
0
VERTEX
8
L12
10
41.83581970282323
20
-55.59502618061895
0
VERTEX
8
L12
10
41.80838323353295
20
-55.605650260715265
0
VERTEX
8
L12
10
41.78546427563252
20
-55.62409890006266
0
VERTEX
8
L12
10
41.7692241567609
20
-55.64863233569746
0
VERTEX
8
L12
10
41.761194369664324
20
-55.67693698980582
0
VERTEX
8
L12
10
41.76213214775895
20
-55.70634364716867
0
VERTEX
8
L12
10
41.77194905570998
20
-55.734079170298614
0
VERTEX
8
L12
10
41.7897193291535
20
-55.75752801476383
0
VERTEX
8
L12
10
41.813767177099734
20
-55.77447888300607
0
VERTEX
8
L12
10
41.84182481413505
20
-55.78333325644547
0
VERTEX
8
L12
10
42.01553741295665
20
-56.084212303519266
0
VERTEX
8
L12
10
42.00928089987711
20
-56.11148095079102
0
VERTEX
8
L12
10
42.01116857453077
20
-56.1393943841941
0
VERTEX
8
L12
10
42.021039473100856
20
-56.16557239865976
0
VERTEX
8
L12
10
42.038051894659034
20
-56.187782769946004
0
VERTEX
8
L12
10
42.06075517380562
20
-56.20413159852602
0
VERTEX
8
L12
10
42.08721338029078
20
-56.213224804205794
0
VERTEX
8
L12
10
42.11517039763196
20
-56.2142870006709
0
VERTEX
8
L12
10
42.142242304316525
20
-56.207227613416435
0
VERTEX
8
L12
10
42.166120653061014
20
-56.19264860312143
0
VERTEX
8
L12
10
42.18476931431114
20
-56.171793135888024
0
VERTEX
8
L12
10
42.19659809894928
20
-56.14643957728316
0
VERTEX
8
L12
10
42.20059835523615
20
-56.11874984941189
0
VERTEX
8
L12
10
42.19642897750576
20
-56.09108508175902
0
VERTEX
8
L12
10
42.24679832565356
20
-56.04242133715754
0
VERTEX
8
L12
10
42.29026908518681
20
-55.987507547112855
0
VERTEX
8
L12
10
42.32607332136571
20
-55.927313793756575
0
VERTEX
8
L12
10
42.35357853277806
20
-55.86290343265967
0
VERTEX
8
L12
10
42.37229882482255
20
-55.79541430807474
0
VERTEX
8
L12
10
42.38190349330277
20
-55.72603865229509
0
VERTEX
8
L12
10
42.382222866497486
20
-55.65600202421925
0
VERTEX
8
L12
10
42.37325130250464
20
-55.58654165918282
0
VERTEX
8
L12
10
42.35514728890833
20
-55.5188846125197
0
VERTEX
8
L12
10
42.32823064300926
20
-55.454226082958506
0
VERTEX
8
L12
10
42.292976862077026
20
-55.3937082987835
0
VERTEX
8
L12
10
42.25000872343087
20
-55.338400339747245
0
VERTEX
8
L12
10
42.20008528273779
20
-55.28927925119216
0
VERTEX
8
L12
10
42.14408846487906
20
-55.24721278401022
0
VERTEX
8
L12
10
42.08300748426494
20
-55.21294406534892
0
VERTEX
8
L12
10
42.01792136982105
20
-55.1870784708638
0
VERTEX
8
L12
10
41.94997990335246
20
-55.17007293042646
0
VERTEX
8
L12
10
41.88038330801915
20
-55.16222785620847
0
VERTEX
8
L12
10
41.810361045737764
20
-55.16368183573609
0
VERTEX
8
L12
10
41.74115009806427
20
-55.174409183665844
0
VERTEX
8
L12
10
41.67397311423839
20
-55.194220395530124
0
VERTEX
8
L12
10
41.610016812416276
20
-55.22276549543728
0
VERTEX
8
L12
10
41.55041101564511
20
-55.2595402185871
0
VERTEX
8
L12
10
41.49620869292126
20
-55.3038949193843
0
VERTEX
8
L12
10
41.44836735791701
20
-55.35504604778322
0
VERTEX
8
L12
10
41.40773215397802
20
-55.41208999112788
0
VERTEX
8
L12
10
41.375020924203895
20
-55.4740190369637
0
VERTEX
8
L12
10
41.35081153035726
20
-55.53973917482912
0
VERTEX
8
L12
10
41.33553164461971
20
-55.60808942254863
0
VERTEX
8
L12
10
41.3294511945288
20
-55.677862335617846
0
VERTEX
8
L12
10
41.33267759456065
20
-55.747825337370955
0
VERTEX
8
L12
10
41.34515384859422
20
-55.816742493121616
0
VERTEX
8
L12
10
41.366659556779226
20
-55.88339634362504
0
VERTEX
8
L12
10
41.3968148090198
20
-55.946609412161365
0
VERTEX
8
L12
10
41.435086896294266
20
-56.00526500530582
0
VERTEX
8
L12
10
41.48079972125119
20
-56.05832693992876
0
VERTEX
8
L12
10
41.533145741838936
20
-56.1048578479373
0
VERTEX
8
L12
10
41.59120023697754
20
-56.14403573539531
0
VERTEX
8
L12
10
41.59225379603875
20
-56.17393951127925
0
VERTEX
8
L12
10
41.602480776732264
20
-56.20205987160246
0
VERTEX
8
L12
10
41.620883637004894
20
-56.225653949939996
0
VERTEX
8
L12
10
41.64566735762561
20
-56.24242037445469
0
VERTEX
8
L12
10
41.67441452877482
20
-56.25072374423634
0
VERTEX
8
L12
10
41.704321144755184
20
-56.24975414668334
0
VERTEX
8
L12
10
41.73247010735345
20
-56.23960615656439
0
VERTEX
8
L12
10
41.75611576027215
20
-56.22126961117383
0
VERTEX
8
L12
10
41.772951701077616
20
-56.196533061373835
0
VERTEX
8
L12
10
41.781335748224606
20
-56.167809315931265
0
VERTEX
8
L12
10
41.7804501198227
20
-56.137900095594624
0
VERTEX
8
L12
10
41.77038120027028
20
-56.1097227526067
0
VERTEX
8
L12
10
41.75211111430038
20
-56.08602571149467
0
VERTEX
8
L12
10
41.72742193030801
20
-56.06912038710847
0
VERTEX
8
L12
10
41.69872183698821
20
-56.06065572868375
0
VERTEX
8
L12
10
41.668810248055976
20
-56.06145738095355
0
VERTEX
8
L12
10
41.640604746787474
20
-56.07144715057076
0
VERTEX
8
L12
10
41.61685650427505
20
-56.08965063310525
0
VERTEX
8
L12
10
41.56331755393127
20
-56.05237978858792
0
VERTEX
8
L12
10
41.51549366457725
20
-56.00801301428552
0
VERTEX
8
L12
10
41.474317752772876
20
-55.95741578766164
0
VERTEX
8
L12
10
41.44059305076284
20
-55.90157512569133
0
VERTEX
8
L12
10
41.41497743755717
20
-55.84158033079173
0
VERTEX
8
L12
10
41.397970605466
20
-55.778601741436525
0
VERTEX
8
L12
10
41.38990431243515
20
-55.71386790197301
0
VERTEX
8
L12
10
41.390935910333
20
-55.64864159699775
0
VERTEX
8
L12
10
41.401045275435294
20
-55.58419521779631
0
VERTEX
8
L12
10
41.42003520098534
20
-55.52178594138204
0
VERTEX
8
L12
10
41.447535244171846
20
-55.46263120632483
0
VERTEX
8
L12
10
41.48300895248049
20
-55.40788496377083
0
VERTEX
8
L12
10
41.52576432845207
20
-55.35861516693263
0
VERTEX
8
L12
10
41.574967328707615
20
-55.31578293816969
0
VERTEX
8
L12
10
41.629658133910866
20
-55.280223820054
0
VERTEX
8
L12
10
41.68876987228417
20
-55.252631476162364
0
VERTEX
8
L12
10
41.75114943143201
20
-55.23354415954974
0
VERTEX
8
L12
10
41.81557995248913
20
-55.22333421286733
0
VERTEX
8
L12
10
41.880804567792254
20
-55.22220080495031
0
VERTEX
8
L12
10
41.94555091901687
20
-55.23016604556493
0
VERTEX
8
L12
10
42.00855597749525
20
-55.24707455410594
0
VERTEX
8
L12
10
42.06859068253816
20
-55.272596490657875
0
VERTEX
8
L12
10
42.12448391713137
20
-55.306233990292284
0
VERTEX
8
L12
10
42.17514535330609
20
-55.34733087508496
0
VERTEX
8
L12
10
42.21958672153018
20
-55.39508545439754
0
VERTEX
8
L12
10
42.25694108921145
20
-55.448566163724166
0
VERTEX
8
L12
10
42.286479772241094
20
-55.50672973703102
0
VERTEX
8
L12
10
42.307626549677465
20
-55.568441558094776
0
VERTEX
8
L12
10
42.319968904280145
20
-55.632497793839704
0
VERTEX
8
L12
10
42.32326606962151
20
-55.697648877910964
0
VERTEX
8
L12
10
42.317453726797524
20
-55.76262388638226
0
VERTEX
8
L12
10
42.30264525911822
20
-55.826155330092746
0
VERTEX
8
L12
10
42.27912954030158
20
-55.887003879980846
0
VERTEX
8
L12
10
42.247365299317536
20
-55.943982543089554
0
VERTEX
8
L12
10
42.20797217180906
20
-55.99597981763398
0
VERTEX
8
L12
10
42.161718612652905
20
-56.04198137543736
0
SEQEND
0
POLYLINE
8
L12
66
1
70
1
0
VERTEX
8
L12
10
33.83224529213213
20
-56.08965063310525
0
VERTEX
8
L12
10
33.8084970496197
20
-56.07144715057076
0
VERTEX
8
L12
10
33.7802915483512
20
-56.06145738095355
0
VERTEX
8
L12
10
33.750379959418964
20
-56.060655728683756
0
VERTEX
8
L12
10
33.721679866099166
20
-56.06912038710847
0
VERTEX
8
L12
10
33.6969906821068
20
-56.08602571149467
0
VERTEX
8
L12
10
33.6787205961369
20
-56.1097227526067
0
VERTEX
8
L12
10
33.6686516765845
20
-56.137900095594624
0
VERTEX
8
L12
10
33.6677660481826
20
-56.16780931593127
0
VERTEX
8
L12
10
33.67615009532959
20
-56.196533061373835
0
VERTEX
8
L12
10
33.692986036135025
20
-56.221269611173824
0
VERTEX
8
L12
10
33.71663168905373
20
-56.239606156564385
0
VERTEX
8
L12
10
33.74478065165199
20
-56.24975414668334
0
VERTEX
8
L12
10
33.77468726763236
20
-56.25072374423634
0
VERTEX
8
L12
10
33.803434438781565
20
-56.24242037445468
0
VERTEX
8
L12
10
33.82821815940228
20
-56.225653949939996
0
VERTEX
8
L12
10
33.84662101967491
20
-56.20205987160246
0
VERTEX
8
L12
10
33.85684800036843
20
-56.17393951127925
0
VERTEX
8
L12
10
33.857901559429635
20
-56.14403573539531
0
VERTEX
8
L12
10
33.91595605456824
20
-56.1048578479373
0
VERTEX
8
L12
10
33.96830207515599
20
-56.05832693992876
0
VERTEX
8
L12
10
34.01401490011291
20
-56.00526500530582
0
VERTEX
8
L12
10
34.052286987387376
20
-55.946609412161365
0
VERTEX
8
L12
10
34.08244223962795
20
-55.88339634362504
0
VERTEX
8
L12
10
34.103947947812955
20
-55.816742493121616
0
VERTEX
8
L12
10
34.11642420184653
20
-55.747825337370955
0
VERTEX
8
L12
10
34.11965060187838
20
-55.677862335617846
0
VERTEX
8
L12
10
34.11357015178747
20
-55.60808942254863
0
VERTEX
8
L12
10
34.098290266049915
20
-55.53973917482912
0
VERTEX
8
L12
10
34.07408087220328
20
-55.4740190369637
0
VERTEX
8
L12
10
34.04136964242916
20
-55.41208999112788
0
VERTEX
8
L12
10
34.00073443849017
20
-55.35504604778322
0
VERTEX
8
L12
10
33.95289310348592
20
-55.3038949193843
0
VERTEX
8
L12
10
33.89869078076207
20
-55.2595402185871
0
VERTEX
8
L12
10
33.8390849839909
20
-55.22276549543728
0
VERTEX
8
L12
10
33.775128682168784
20
-55.194220395530124
0
VERTEX
8
L12
10
33.70795169834291
20
-55.174409183665844
0
VERTEX
8
L12
10
33.63874075066941
20
-55.16368183573609
0
VERTEX
8
L12
10
33.56871848838803
20
-55.16222785620847
0
VERTEX
8
L12
10
33.49912189305472
20
-55.17007293042646
0
VERTEX
8
L12
10
33.431180426586124
20
-55.1870784708638
0
VERTEX
8
L12
10
33.36609431214224
20
-55.21294406534892
0
VERTEX
8
L12
10
33.305013331528116
20
-55.24721278401022
0
VERTEX
8
L12
10
33.24901651366939
20
-55.28927925119216
0
VERTEX
8
L12
10
33.19909307297631
20
-55.338400339747245
0
VERTEX
8
L12
10
33.15612493433015
20
-55.3937082987835
0
VERTEX
8
L12
10
33.120871153397914
20
-55.454226082958506
0
VERTEX
8
L12
10
33.09395450749885
20
-55.5188846125197
0
VERTEX
8
L12
10
33.075850493902536
20
-55.58654165918282
0
VERTEX
8
L12
10
33.06687892990969
20
-55.65600202421925
0
VERTEX
8
L12
10
33.067198303104405
20
-55.72603865229509
0
VERTEX
8
L12
10
33.07680297158463
20
-55.79541430807474
0
VERTEX
8
L12
10
33.09552326362912
20
-55.86290343265967
0
VERTEX
8
L12
10
33.12302847504144
20
-55.927313793756575
0
VERTEX
8
L12
10
33.15883271122037
20
-55.987507547112855
0
VERTEX
8
L12
10
33.20230347075362
20
-56.04242133715754
0
VERTEX
8
L12
10
33.25267281890142
20
-56.09108508175902
0
VERTEX
8
L12
10
33.248503441171025
20
-56.11874984941189
0
VERTEX
8
L12
10
33.2525036974579
20
-56.14643957728316
0
VERTEX
8
L12
10
33.26433248209604
20
-56.17179313588802
0
VERTEX
8
L12
10
33.28298114334616
20
-56.19264860312143
0
VERTEX
8
L12
10
33.30685949209068
20
-56.207227613416435
0
VERTEX
8
L12
10
33.33393139877522
20
-56.2142870006709
0
VERTEX
8
L12
10
33.3618884161164
20
-56.213224804205794
0
VERTEX
8
L12
10
33.38834662260156
20
-56.20413159852601
0
VERTEX
8
L12
10
33.41104990174814
20
-56.187782769946004
0
VERTEX
8
L12
10
33.42806232330632
20
-56.16557239865976
0
VERTEX
8
L12
10
33.437933221876406
20
-56.13939438419409
0
VERTEX
8
L12
10
33.439820896530065
20
-56.11148095079102
0
VERTEX
8
L12
10
33.43356438345053
20
-56.084212303519266
0
VERTEX
8
L12
10
33.607276982272126
20
-55.78333325644547
0
VERTEX
8
L12
10
33.63533461930744
20
-55.77447888300607
0
VERTEX
8
L12
10
33.65938246725368
20
-55.75752801476383
0
VERTEX
8
L12
10
33.677152740697196
20
-55.734079170298614
0
VERTEX
8
L12
10
33.68696964864823
20
-55.70634364716867
0
VERTEX
8
L12
10
33.68790742674285
20
-55.67693698980582
0
VERTEX
8
L12
10
33.67987763964628
20
-55.64863233569746
0
VERTEX
8
L12
10
33.66363752077466
20
-55.62409890006266
0
VERTEX
8
L12
10
33.64071856287423
20
-55.605650260715265
0
VERTEX
8
L12
10
33.61328209358395
20
-55.595026180618945
0
VERTEX
8
L12
10
33.58391545564628
20
-55.59322854293304
0
VERTEX
8
L12
10
33.555388012594804
20
-55.6004268703746
0
VERTEX
8
L12
10
33.53038998932551
20
-55.615942338709075
0
VERTEX
8
L12
10
33.51127877568324
20
-55.638311791946265
0
VERTEX
8
L12
10
33.49985661740875
20
-55.66542572241315
0
VERTEX
8
L12
10
33.49720065886787
20
-55.69472720376204
0
VERTEX
8
L12
10
33.50356136505242
20
-55.72345301692451
0
VERTEX
8
L12
10
33.32984876623085
20
-56.02433206399831
0
VERTEX
8
L12
10
33.307541331140456
20
-56.03057104507028
0
VERTEX
8
L12
10
33.28738318375427
20
-56.04198137543736
0
VERTEX
8
L12
10
33.241129624598116
20
-55.99597981763398
0
VERTEX
8
L12
10
33.20173649708964
20
-55.943982543089554
0
VERTEX
8
L12
10
33.169972256105595
20
-55.887003879980846
0
VERTEX
8
L12
10
33.146456537288955
20
-55.826155330092746
0
VERTEX
8
L12
10
33.13164806960965
20
-55.76262388638226
0
VERTEX
8
L12
10
33.12583572678567
20
-55.697648877910964
0
VERTEX
8
L12
10
33.12913289212703
20
-55.632497793839704
0
VERTEX
8
L12
10
33.14147524672971
20
-55.568441558094776
0
VERTEX
8
L12
10
33.16262202416608
20
-55.50672973703102
0
VERTEX
8
L12
10
33.192160707195725
20
-55.448566163724166
0
VERTEX
8
L12
10
33.229515074877
20
-55.39508545439754
0
VERTEX
8
L12
10
33.273956443101085
20
-55.34733087508496
0
VERTEX
8
L12
10
33.324617879275806
20
-55.306233990292284
0
VERTEX
8
L12
10
33.38051111386902
20
-55.272596490657875
0
VERTEX
8
L12
10
33.44054581891193
20
-55.24707455410594
0
VERTEX
8
L12
10
33.50355087739031
20
-55.23016604556493
0
VERTEX
8
L12
10
33.568297228614924
20
-55.22220080495031
0
VERTEX
8
L12
10
33.63352184391805
20
-55.22333421286733
0
VERTEX
8
L12
10
33.697952364975166
20
-55.23354415954974
0
VERTEX
8
L12
10
33.76033192412301
20
-55.252631476162364
0
VERTEX
8
L12
10
33.81944366249631
20
-55.280223820054
0
VERTEX
8
L12
10
33.87413446769956
20
-55.31578293816969
0
VERTEX
8
L12
10
33.92333746795511
20
-55.35861516693263
0
VERTEX
8
L12
10
33.96609284392669
20
-55.40788496377083
0
VERTEX
8
L12
10
34.00156655223533
20
-55.46263120632483
0
VERTEX
8
L12
10
34.02906659542184
20
-55.52178594138204
0
VERTEX
8
L12
10
34.04805652097188
20
-55.58419521779631
0
VERTEX
8
L12
10
34.05816588607418
20
-55.64864159699775
0
VERTEX
8
L12
10
34.05919748397203
20
-55.71386790197301
0
VERTEX
8
L12
10
34.05113119094118
20
-55.778601741436525
0
VERTEX
8
L12
10
34.03412435885001
20
-55.84158033079173
0
VERTEX
8
L12
10
34.008508745644335
20
-55.90157512569133
0
VERTEX
8
L12
10
33.9747840436343
20
-55.95741578766164
0
VERTEX
8
L12
10
33.93360813182993
20
-56.00801301428552
0
VERTEX
8
L12
10
33.88578424247591
20
-56.05237978858792
0
VERTEX
8
L12
10
33.83224529213213
20
-56.08965063310525
0
SEQEND
0
POLYLINE
8
L12
66
1
70
1
0
VERTEX
8
L12
10
37.72455089820359
20
-53.817215568862274
0
VERTEX
8
L12
10
37.714761433787075
20
-53.81785720425924
0
VERTEX
8
L12
10
37.70513946982091
20
-53.8197711318906
0
VERTEX
8
L12
10
37.69584964077622
20
-53.82292460392393
0
VERTEX
8
L12
10
37.687050898203594
20
-53.82726366357844
0
VERTEX
8
L12
10
37.67889379102793
20
-53.83271406834044
0
VERTEX
8
L12
10
37.671517889614606
20
-53.83918256027329
0
VERTEX
8
L12
10
37.665049397681756
20
-53.84655846168663
0
VERTEX
8
L12
10
37.659598992919754
20
-53.854715568862275
0
VERTEX
8
L12
10
37.65525993326524
20
-53.8635143114349
0
VERTEX
8
L12
10
37.652106461231895
20
-53.87280414047959
0
VERTEX
8
L12
10
37.65019253360056
20
-53.88242610444577
0
VERTEX
8
L12
10
37.6495508982036
20
-53.89221556886228
0
VERTEX
8
L12
10
37.65019253360056
20
-53.90200503327878
0
VERTEX
8
L12
10
37.652106461231895
20
-53.911626997244966
0
VERTEX
8
L12
10
37.65525993326524
20
-53.920916826289655
0
VERTEX
8
L12
10
37.659598992919754
20
-53.92971556886228
0
VERTEX
8
L12
10
37.665049397681756
20
-53.937872676037934
0
VERTEX
8
L12
10
37.671517889614606
20
-53.94524857745127
0
VERTEX
8
L12
10
37.67889379102793
20
-53.95171706938412
0
VERTEX
8
L12
10
37.687050898203594
20
-53.95716747414611
0
VERTEX
8
L12
10
37.69584964077622
20
-53.96150653380062
0
VERTEX
8
L12
10
37.70513946982091
20
-53.964660005833956
0
VERTEX
8
L12
10
37.714761433787075
20
-53.96657393346531
0
VERTEX
8
L12
10
37.72455089820359
20
-53.96721556886228
0
VERTEX
8
L12
10
37.7343403626201
20
-53.96657393346531
0
VERTEX
8
L12
10
37.74396232658627
20
-53.964660005833956
0
VERTEX
8
L12
10
37.75325215563096
20
-53.96150653380062
0
VERTEX
8
L12
10
37.76205089820358
20
-53.95716747414611
0
VERTEX
8
L12
10
37.770208005379246
20
-53.95171706938412
0
VERTEX
8
L12
10
37.77758390679257
20
-53.94524857745127
0
VERTEX
8
L12
10
37.78405239872542
20
-53.937872676037934
0
VERTEX
8
L12
10
37.78950280348742
20
-53.92971556886228
0
VERTEX
8
L12
10
37.793841863141935
20
-53.920916826289655
0
VERTEX
8
L12
10
37.79699533517528
20
-53.911626997244966
0
VERTEX
8
L12
10
37.79890926280662
20
-53.90200503327878
0
VERTEX
8
L12
10
37.79955089820358
20
-53.89221556886228
0
VERTEX
8
L12
10
37.79890926280662
20
-53.88242610444577
0
VERTEX
8
L12
10
37.79699533517528
20
-53.87280414047959
0
VERTEX
8
L12
10
37.793841863141935
20
-53.8635143114349
0
VERTEX
8
L12
10
37.78950280348742
20
-53.854715568862275
0
VERTEX
8
L12
10
37.78405239872542
20
-53.84655846168663
0
VERTEX
8
L12
10
37.77758390679257
20
-53.83918256027329
0
VERTEX
8
L12
10
37.770208005379246
20
-53.83271406834044
0
VERTEX
8
L12
10
37.76205089820358
20
-53.82726366357844
0
VERTEX
8
L12
10
37.75325215563096
20
-53.82292460392393
0
VERTEX
8
L12
10
37.74396232658627
20
-53.8197711318906
0
VERTEX
8
L12
10
37.7343403626201
20
-53.81785720425924
0
VERTEX
8
L12
10
37.72455089820359
20
-53.817215568862274
0
SEQEND
0
POLYLINE
8
L12
66
1
70
1
0
VERTEX
8
L12
10
37.72455089820359
20
-54.77529940119761
0
VERTEX
8
L12
10
37.714761433787075
20
-54.775941036594574
0
VERTEX
8
L12
10
37.70513946982091
20
-54.77785496422593
0
VERTEX
8
L12
10
37.69584964077622
20
-54.78100843625926
0
VERTEX
8
L12
10
37.687050898203594
20
-54.785347495913776
0
VERTEX
8
L12
10
37.67889379102793
20
-54.79079790067576
0
VERTEX
8
L12
10
37.671517889614606
20
-54.79726639260861
0
VERTEX
8
L12
10
37.665049397681756
20
-54.80464229402195
0
VERTEX
8
L12
10
37.659598992919754
20
-54.81279940119761
0
VERTEX
8
L12
10
37.65525993326524
20
-54.821598143770224
0
VERTEX
8
L12
10
37.652106461231895
20
-54.83088797281492
0
VERTEX
8
L12
10
37.65019253360056
20
-54.8405099367811
0
VERTEX
8
L12
10
37.6495508982036
20
-54.85029940119761
0
VERTEX
8
L12
10
37.65019253360056
20
-54.86008886561411
0
VERTEX
8
L12
10
37.652106461231895
20
-54.8697108295803
0
VERTEX
8
L12
10
37.65525993326524
20
-54.87900065862499
0
VERTEX
8
L12
10
37.659598992919754
20
-54.887799401197604
0
VERTEX
8
L12
10
37.665049397681756
20
-54.89595650837326
0
VERTEX
8
L12
10
37.671517889614606
20
-54.9033324097866
0
VERTEX
8
L12
10
37.67889379102793
20
-54.90980090171945
0
VERTEX
8
L12
10
37.687050898203594
20
-54.91525130648144
0
VERTEX
8
L12
10
37.69584964077622
20
-54.91959036613596
0
VERTEX
8
L12
10
37.70513946982091
20
-54.92274383816929
0
VERTEX
8
L12
10
37.714761433787075
20
-54.924657765800646
0
VERTEX
8
L12
10
37.72455089820359
20
-54.925299401197606
0
VERTEX
8
L12
10
37.7343403626201
20
-54.924657765800646
0
VERTEX
8
L12
10
37.74396232658627
20
-54.92274383816929
0
VERTEX
8
L12
10
37.75325215563096
20
-54.91959036613596
0
VERTEX
8
L12
10
37.76205089820358
20
-54.91525130648144
0
VERTEX
8
L12
10
37.770208005379246
20
-54.90980090171945
0
VERTEX
8
L12
10
37.77758390679257
20
-54.9033324097866
0
VERTEX
8
L12
10
37.78405239872542
20
-54.89595650837326
0
VERTEX
8
L12
10
37.78950280348742
20
-54.887799401197604
0
VERTEX
8
L12
10
37.793841863141935
20
-54.87900065862499
0
VERTEX
8
L12
10
37.79699533517528
20
-54.8697108295803
0
VERTEX
8
L12
10
37.79890926280662
20
-54.86008886561411
0
VERTEX
8
L12
10
37.79955089820358
20
-54.85029940119761
0
VERTEX
8
L12
10
37.79890926280662
20
-54.8405099367811
0
VERTEX
8
L12
10
37.79699533517528
20
-54.83088797281492
0
VERTEX
8
L12
10
37.793841863141935
20
-54.821598143770224
0
VERTEX
8
L12
10
37.78950280348742
20
-54.81279940119761
0
VERTEX
8
L12
10
37.78405239872542
20
-54.80464229402195
0
VERTEX
8
L12
10
37.77758390679257
20
-54.79726639260861
0
VERTEX
8
L12
10
37.770208005379246
20
-54.79079790067576
0
VERTEX
8
L12
10
37.76205089820358
20
-54.785347495913776
0
VERTEX
8
L12
10
37.75325215563096
20
-54.78100843625926
0
VERTEX
8
L12
10
37.74396232658627
20
-54.77785496422593
0
VERTEX
8
L12
10
37.7343403626201
20
-54.775941036594574
0
VERTEX
8
L12
10
37.72455089820359
20
-54.77529940119761
0
SEQEND
0
POLYLINE
8
L12
66
1
70
1
0
VERTEX
8
L12
10
37.72455089820359
20
-53.338173652694614
0
VERTEX
8
L12
10
37.714761433787075
20
-53.338815288091574
0
VERTEX
8
L12
10
37.70513946982091
20
-53.34072921572293
0
VERTEX
8
L12
10
37.69584964077622
20
-53.34388268775626
0
VERTEX
8
L12
10
37.687050898203594
20
-53.348221747410776
0
VERTEX
8
L12
10
37.67889379102793
20
-53.35367215217277
0
VERTEX
8
L12
10
37.671517889614606
20
-53.36014064410562
0
VERTEX
8
L12
10
37.665049397681756
20
-53.36751654551896
0
VERTEX
8
L12
10
37.659598992919754
20
-53.37567365269461
0
VERTEX
8
L12
10
37.65525993326524
20
-53.38447239526723
0
VERTEX
8
L12
10
37.652106461231895
20
-53.39376222431192
0
VERTEX
8
L12
10
37.65019253360056
20
-53.40338418827811
0
VERTEX
8
L12
10
37.6495508982036
20
-53.41317365269461
0
VERTEX
8
L12
10
37.65019253360056
20
-53.42296311711112
0
VERTEX
8
L12
10
37.652106461231895
20
-53.4325850810773
0
VERTEX
8
L12
10
37.65525993326524
20
-53.441874910121996
0
VERTEX
8
L12
10
37.659598992919754
20
-53.45067365269461
0
VERTEX
8
L12
10
37.665049397681756
20
-53.45883075987027
0
VERTEX
8
L12
10
37.671517889614606
20
-53.4662066612836
0
VERTEX
8
L12
10
37.67889379102793
20
-53.47267515321646
0
VERTEX
8
L12
10
37.687050898203594
20
-53.478125557978444
0
VERTEX
8
L12
10
37.69584964077622
20
-53.48246461763296
0
VERTEX
8
L12
10
37.70513946982091
20
-53.48561808966629
0
VERTEX
8
L12
10
37.714761433787075
20
-53.487532017297646
0
VERTEX
8
L12
10
37.72455089820359
20
-53.48817365269461
0
VERTEX
8
L12
10
37.7343403626201
20
-53.487532017297646
0
VERTEX
8
L12
10
37.74396232658627
20
-53.48561808966629
0
VERTEX
8
L12
10
37.75325215563096
20
-53.48246461763296
0
VERTEX
8
L12
10
37.76205089820358
20
-53.478125557978444
0
VERTEX
8
L12
10
37.770208005379246
20
-53.47267515321646
0
VERTEX
8
L12
10
37.77758390679257
20
-53.4662066612836
0
VERTEX
8
L12
10
37.78405239872542
20
-53.45883075987027
0
VERTEX
8
L12
10
37.78950280348742
20
-53.45067365269461
0
VERTEX
8
L12
10
37.793841863141935
20
-53.441874910121996
0
VERTEX
8
L12
10
37.79699533517528
20
-53.4325850810773
0
VERTEX
8
L12
10
37.79890926280662
20
-53.42296311711112
0
VERTEX
8
L12
10
37.79955089820358
20
-53.41317365269461
0
VERTEX
8
L12
10
37.79890926280662
20
-53.40338418827811
0
VERTEX
8
L12
10
37.79699533517528
20
-53.39376222431192
0
VERTEX
8
L12
10
37.793841863141935
20
-53.38447239526723
0
VERTEX
8
L12
10
37.78950280348742
20
-53.37567365269461
0
VERTEX
8
L12
10
37.78405239872542
20
-53.36751654551896
0
VERTEX
8
L12
10
37.77758390679257
20
-53.36014064410562
0
VERTEX
8
L12
10
37.770208005379246
20
-53.35367215217277
0
VERTEX
8
L12
10
37.76205089820358
20
-53.348221747410776
0
VERTEX
8
L12
10
37.75325215563096
20
-53.34388268775626
0
VERTEX
8
L12
10
37.74396232658627
20
-53.34072921572293
0
VERTEX
8
L12
10
37.7343403626201
20
-53.338815288091574
0
VERTEX
8
L12
10
37.72455089820359
20
-53.338173652694614
0
SEQEND
0
POLYLINE
8
L12
66
1
70
1
0
VERTEX
8
L12
10
37.72455089820359
20
-55.73338323353294
0
VERTEX
8
L12
10
37.714761433787075
20
-55.7340248689299
0
VERTEX
8
L12
10
37.70513946982091
20
-55.73593879656126
0
VERTEX
8
L12
10
37.69584964077622
20
-55.73909226859459
0
VERTEX
8
L12
10
37.687050898203594
20
-55.7434313282491
0
VERTEX
8
L12
10
37.67889379102793
20
-55.748881733011096
0
VERTEX
8
L12
10
37.671517889614606
20
-55.755350224943946
0
VERTEX
8
L12
10
37.665049397681756
20
-55.762726126357286
0
VERTEX
8
L12
10
37.659598992919754
20
-55.770883233532935
0
VERTEX
8
L12
10
37.65525993326524
20
-55.77968197610556
0
VERTEX
8
L12
10
37.652106461231895
20
-55.78897180515025
0
VERTEX
8
L12
10
37.65019253360056
20
-55.79859376911644
0
VERTEX
8
L12
10
37.6495508982036
20
-55.808383233532936
0
VERTEX
8
L12
10
37.65019253360056
20
-55.81817269794944
0
VERTEX
8
L12
10
37.652106461231895
20
-55.827794661915625
0
VERTEX
8
L12
10
37.65525993326524
20
-55.83708449096032
0
VERTEX
8
L12
10
37.659598992919754
20
-55.84588323353294
0
VERTEX
8
L12
10
37.665049397681756
20
-55.85404034070859
0
VERTEX
8
L12
10
37.671517889614606
20
-55.861416242121926
0
VERTEX
8
L12
10
37.67889379102793
20
-55.86788473405478
0
VERTEX
8
L12
10
37.687050898203594
20
-55.87333513881677
0
VERTEX
8
L12
10
37.69584964077622
20
-55.87767419847128
0
VERTEX
8
L12
10
37.70513946982091
20
-55.880827670504615
0
VERTEX
8
L12
10
37.714761433787075
20
-55.88274159813597
0
VERTEX
8
L12
10
37.72455089820359
20
-55.88338323353294
0
VERTEX
8
L12
10
37.7343403626201
20
-55.88274159813597
0
VERTEX
8
L12
10
37.74396232658627
20
-55.880827670504615
0
VERTEX
8
L12
10
37.75325215563096
20
-55.87767419847128
0
VERTEX
8
L12
10
37.76205089820358
20
-55.87333513881677
0
VERTEX
8
L12
10
37.770208005379246
20
-55.86788473405478
0
VERTEX
8
L12
10
37.77758390679257
20
-55.861416242121926
0
VERTEX
8
L12
10
37.78405239872542
20
-55.85404034070859
0
VERTEX
8
L12
10
37.78950280348742
20
-55.84588323353294
0
VERTEX
8
L12
10
37.793841863141935
20
-55.83708449096032
0
VERTEX
8
L12
10
37.79699533517528
20
-55.827794661915625
0
VERTEX
8
L12
10
37.79890926280662
20
-55.81817269794944
0
VERTEX
8
L12
10
37.79955089820358
20
-55.808383233532936
0
VERTEX
8
L12
10
37.79890926280662
20
-55.79859376911644
0
VERTEX
8
L12
10
37.79699533517528
20
-55.78897180515025
0
VERTEX
8
L12
10
37.793841863141935
20
-55.77968197610556
0
VERTEX
8
L12
10
37.78950280348742
20
-55.770883233532935
0
VERTEX
8
L12
10
37.78405239872542
20
-55.762726126357286
0
VERTEX
8
L12
10
37.77758390679257
20
-55.755350224943946
0
VERTEX
8
L12
10
37.770208005379246
20
-55.748881733011096
0
VERTEX
8
L12
10
37.76205089820358
20
-55.7434313282491
0
VERTEX
8
L12
10
37.75325215563096
20
-55.73909226859459
0
VERTEX
8
L12
10
37.74396232658627
20
-55.73593879656126
0
VERTEX
8
L12
10
37.7343403626201
20
-55.7340248689299
0
VERTEX
8
L12
10
37.72455089820359
20
-55.73338323353294
0
SEQEND
0
POLYLINE
8
L12
66
1
70
1
0
VERTEX
8
L12
10
37.72455089820359
20
-54.29625748502994
0
VERTEX
8
L12
10
37.714761433787075
20
-54.29689912042691
0
VERTEX
8
L12
10
37.70513946982091
20
-54.298813048058264
0
VERTEX
8
L12
10
37.69584964077622
20
-54.3019665200916
0
VERTEX
8
L12
10
37.687050898203594
20
-54.30630557974611
0
VERTEX
8
L12
10
37.67889379102793
20
-54.3117559845081
0
VERTEX
8
L12
10
37.671517889614606
20
-54.31822447644095
0
VERTEX
8
L12
10
37.665049397681756
20
-54.325600377854286
0
VERTEX
8
L12
10
37.659598992919754
20
-54.33375748502994
0
VERTEX
8
L12
10
37.65525993326524
20
-54.342556227602564
0
VERTEX
8
L12
10
37.652106461231895
20
-54.351846056647254
0
VERTEX
8
L12
10
37.65019253360056
20
-54.36146802061344
0
VERTEX
8
L12
10
37.6495508982036
20
-54.37125748502994
0
VERTEX
8
L12
10
37.65019253360056
20
-54.38104694944645
0
VERTEX
8
L12
10
37.652106461231895
20
-54.39066891341263
0
VERTEX
8
L12
10
37.65525993326524
20
-54.39995874245732
0
VERTEX
8
L12
10
37.659598992919754
20
-54.408757485029945
0
VERTEX
8
L12
10
37.665049397681756
20
-54.4169145922056
0
VERTEX
8
L12
10
37.671517889614606
20
-54.42429049361893
0
VERTEX
8
L12
10
37.67889379102793
20
-54.43075898555178
0
VERTEX
8
L12
10
37.687050898203594
20
-54.43620939031378
0
VERTEX
8
L12
10
37.69584964077622
20
-54.44054844996829
0
VERTEX
8
L12
10
37.70513946982091
20
-54.44370192200162
0
VERTEX
8
L12
10
37.714761433787075
20
-54.44561584963298
0
VERTEX
8
L12
10
37.72455089820359
20
-54.446257485029946
0
VERTEX
8
L12
10
37.7343403626201
20
-54.44561584963298
0
VERTEX
8
L12
10
37.74396232658627
20
-54.44370192200162
0
VERTEX
8
L12
10
37.75325215563096
20
-54.44054844996829
0
VERTEX
8
L12
10
37.76205089820358
20
-54.43620939031378
0
VERTEX
8
L12
10
37.770208005379246
20
-54.43075898555178
0
VERTEX
8
L12
10
37.77758390679257
20
-54.42429049361893
0
VERTEX
8
L12
10
37.78405239872542
20
-54.4169145922056
0
VERTEX
8
L12
10
37.78950280348742
20
-54.408757485029945
0
VERTEX
8
L12
10
37.793841863141935
20
-54.39995874245732
0
VERTEX
8
L12
10
37.79699533517528
20
-54.39066891341263
0
VERTEX
8
L12
10
37.79890926280662
20
-54.38104694944645
0
VERTEX
8
L12
10
37.79955089820358
20
-54.37125748502994
0
VERTEX
8
L12
10
37.79890926280662
20
-54.36146802061344
0
VERTEX
8
L12
10
37.79699533517528
20
-54.351846056647254
0
VERTEX
8
L12
10
37.793841863141935
20
-54.342556227602564
0
VERTEX
8
L12
10
37.78950280348742
20
-54.33375748502994
0
VERTEX
8
L12
10
37.78405239872542
20
-54.325600377854286
0
VERTEX
8
L12
10
37.77758390679257
20
-54.31822447644095
0
VERTEX
8
L12
10
37.770208005379246
20
-54.3117559845081
0
VERTEX
8
L12
10
37.76205089820358
20
-54.30630557974611
0
VERTEX
8
L12
10
37.75325215563096
20
-54.3019665200916
0
VERTEX
8
L12
10
37.74396232658627
20
-54.298813048058264
0
VERTEX
8
L12
10
37.7343403626201
20
-54.29689912042691
0
VERTEX
8
L12
10
37.72455089820359
20
-54.29625748502994
0
SEQEND
0
POLYLINE
8
L12
66
1
70
1
0
VERTEX
8
L12
10
37.72455089820359
20
-56.69146706586827
0
VERTEX
8
L12
10
37.714761433787075
20
-56.692108701265234
0
VERTEX
8
L12
10
37.70513946982091
20
-56.69402262889659
0
VERTEX
8
L12
10
37.69584964077622
20
-56.69717610092992
0
VERTEX
8
L12
10
37.687050898203594
20
-56.701515160584435
0
VERTEX
8
L12
10
37.67889379102793
20
-56.70696556534642
0
VERTEX
8
L12
10
37.671517889614606
20
-56.71343405727928
0
VERTEX
8
L12
10
37.665049397681756
20
-56.72080995869261
0
VERTEX
8
L12
10
37.659598992919754
20
-56.72896706586827
0
VERTEX
8
L12
10
37.65525993326524
20
-56.737765808440884
0
VERTEX
8
L12
10
37.652106461231895
20
-56.74705563748558
0
VERTEX
8
L12
10
37.65019253360056
20
-56.75667760145176
0
VERTEX
8
L12
10
37.6495508982036
20
-56.76646706586827
0
VERTEX
8
L12
10
37.65019253360056
20
-56.77625653028477
0
VERTEX
8
L12
10
37.652106461231895
20
-56.78587849425096
0
VERTEX
8
L12
10
37.65525993326524
20
-56.79516832329565
0
VERTEX
8
L12
10
37.659598992919754
20
-56.80396706586827
0
VERTEX
8
L12
10
37.665049397681756
20
-56.81212417304392
0
VERTEX
8
L12
10
37.671517889614606
20
-56.81950007445726
0
VERTEX
8
L12
10
37.67889379102793
20
-56.82596856639011
0
VERTEX
8
L12
10
37.687050898203594
20
-56.831418971152104
0
VERTEX
8
L12
10
37.69584964077622
20
-56.835758030806616
0
VERTEX
8
L12
10
37.70513946982091
20
-56.83891150283995
0
VERTEX
8
L12
10
37.714761433787075
20
-56.840825430471305
0
VERTEX
8
L12
10
37.72455089820359
20
-56.841467065868265
0
VERTEX
8
L12
10
37.7343403626201
20
-56.840825430471305
0
VERTEX
8
L12
10
37.74396232658627
20
-56.83891150283995
0
VERTEX
8
L12
10
37.75325215563096
20
-56.835758030806616
0
VERTEX
8
L12
10
37.76205089820358
20
-56.831418971152104
0
VERTEX
8
L12
10
37.770208005379246
20
-56.82596856639011
0
VERTEX
8
L12
10
37.77758390679257
20
-56.81950007445726
0
VERTEX
8
L12
10
37.78405239872542
20
-56.81212417304392
0
VERTEX
8
L12
10
37.78950280348742
20
-56.80396706586827
0
VERTEX
8
L12
10
37.793841863141935
20
-56.79516832329565
0
VERTEX
8
L12
10
37.79699533517528
20
-56.78587849425096
0
VERTEX
8
L12
10
37.79890926280662
20
-56.77625653028477
0
VERTEX
8
L12
10
37.79955089820358
20
-56.76646706586827
0
VERTEX
8
L12
10
37.79890926280662
20
-56.75667760145176
0
VERTEX
8
L12
10
37.79699533517528
20
-56.74705563748558
0
VERTEX
8
L12
10
37.793841863141935
20
-56.737765808440884
0
VERTEX
8
L12
10
37.78950280348742
20
-56.72896706586827
0
VERTEX
8
L12
10
37.78405239872542
20
-56.72080995869261
0
VERTEX
8
L12
10
37.77758390679257
20
-56.71343405727928
0
VERTEX
8
L12
10
37.770208005379246
20
-56.70696556534642
0
VERTEX
8
L12
10
37.76205089820358
20
-56.701515160584435
0
VERTEX
8
L12
10
37.75325215563096
20
-56.69717610092992
0
VERTEX
8
L12
10
37.74396232658627
20
-56.69402262889659
0
VERTEX
8
L12
10
37.7343403626201
20
-56.692108701265234
0
VERTEX
8
L12
10
37.72455089820359
20
-56.69146706586827
0
SEQEND
0
POLYLINE
8
L12
66
1
70
1
0
VERTEX
8
L12
10
37.72455089820359
20
-55.254341317365274
0
VERTEX
8
L12
10
37.714761433787075
20
-55.254982952762234
0
VERTEX
8
L12
10
37.70513946982091
20
-55.25689688039359
0
VERTEX
8
L12
10
37.69584964077622
20
-55.26005035242692
0
VERTEX
8
L12
10
37.687050898203594
20
-55.26438941208144
0
VERTEX
8
L12
10
37.67889379102793
20
-55.26983981684343
0
VERTEX
8
L12
10
37.671517889614606
20
-55.27630830877628
0
VERTEX
8
L12
10
37.665049397681756
20
-55.28368421018962
0
VERTEX
8
L12
10
37.659598992919754
20
-55.291841317365275
0
VERTEX
8
L12
10
37.65525993326524
20
-55.30064005993789
0
VERTEX
8
L12
10
37.652106461231895
20
-55.30992988898258
0
VERTEX
8
L12
10
37.65019253360056
20
-55.31955185294877
0
VERTEX
8
L12
10
37.6495508982036
20
-55.32934131736527
0
VERTEX
8
L12
10
37.65019253360056
20
-55.339130781781776
0
VERTEX
8
L12
10
37.652106461231895
20
-55.34875274574796
0
VERTEX
8
L12
10
37.65525993326524
20
-55.358042574792655
0
VERTEX
8
L12
10
37.659598992919754
20
-55.36684131736527
0
VERTEX
8
L12
10
37.665049397681756
20
-55.37499842454093
0
VERTEX
8
L12
10
37.671517889614606
20
-55.38237432595427
0
VERTEX
8
L12
10
37.67889379102793
20
-55.38884281788712
0
VERTEX
8
L12
10
37.687050898203594
20
-55.394293222649104
0
VERTEX
8
L12
10
37.69584964077622
20
-55.398632282303616
0
VERTEX
8
L12
10
37.70513946982091
20
-55.401785754336956
0
VERTEX
8
L12
10
37.714761433787075
20
-55.403699681968305
0
VERTEX
8
L12
10
37.72455089820359
20
-55.40434131736527
0
VERTEX
8
L12
10
37.7343403626201
20
-55.403699681968305
0
VERTEX
8
L12
10
37.74396232658627
20
-55.401785754336956
0
VERTEX
8
L12
10
37.75325215563096
20
-55.398632282303616
0
VERTEX
8
L12
10
37.76205089820358
20
-55.394293222649104
0
VERTEX
8
L12
10
37.770208005379246
20
-55.38884281788712
0
VERTEX
8
L12
10
37.77758390679257
20
-55.38237432595427
0
VERTEX
8
L12
10
37.78405239872542
20
-55.37499842454093
0
VERTEX
8
L12
10
37.78950280348742
20
-55.36684131736527
0
VERTEX
8
L12
10
37.793841863141935
20
-55.358042574792655
0
VERTEX
8
L12
10
37.79699533517528
20
-55.34875274574796
0
VERTEX
8
L12
10
37.79890926280662
20
-55.339130781781776
0
VERTEX
8
L12
10
37.79955089820358
20
-55.32934131736527
0
VERTEX
8
L12
10
37.79890926280662
20
-55.31955185294877
0
VERTEX
8
L12
10
37.79699533517528
20
-55.30992988898258
0
VERTEX
8
L12
10
37.793841863141935
20
-55.30064005993789
0
VERTEX
8
L12
10
37.78950280348742
20
-55.291841317365275
0
VERTEX
8
L12
10
37.78405239872542
20
-55.28368421018962
0
VERTEX
8
L12
10
37.77758390679257
20
-55.27630830877628
0
VERTEX
8
L12
10
37.770208005379246
20
-55.26983981684343
0
VERTEX
8
L12
10
37.76205089820358
20
-55.26438941208144
0
VERTEX
8
L12
10
37.75325215563096
20
-55.26005035242692
0
VERTEX
8
L12
10
37.74396232658627
20
-55.25689688039359
0
VERTEX
8
L12
10
37.7343403626201
20
-55.254982952762234
0
VERTEX
8
L12
10
37.72455089820359
20
-55.254341317365274
0
SEQEND
0
POLYLINE
8
L12
66
1
70
1
0
VERTEX
8
L12
10
37.72455089820359
20
-56.2124251497006
0
VERTEX
8
L12
10
37.714761433787075
20
-56.21306678509757
0
VERTEX
8
L12
10
37.70513946982091
20
-56.214980712728924
0
VERTEX
8
L12
10
37.69584964077622
20
-56.218134184762256
0
VERTEX
8
L12
10
37.687050898203594
20
-56.22247324441677
0
VERTEX
8
L12
10
37.67889379102793
20
-56.22792364917876
0
VERTEX
8
L12
10
37.671517889614606
20
-56.23439214111161
0
VERTEX
8
L12
10
37.665049397681756
20
-56.241768042524946
0
VERTEX
8
L12
10
37.659598992919754
20
-56.2499251497006
0
VERTEX
8
L12
10
37.65525993326524
20
-56.258723892273224
0
VERTEX
8
L12
10
37.652106461231895
20
-56.268013721317914
0
VERTEX
8
L12
10
37.65019253360056
20
-56.277635685284096
0
VERTEX
8
L12
10
37.6495508982036
20
-56.2874251497006
0
VERTEX
8
L12
10
37.65019253360056
20
-56.29721461411711
0
VERTEX
8
L12
10
37.652106461231895
20
-56.30683657808329
0
VERTEX
8
L12
10
37.65525993326524
20
-56.31612640712798
0
VERTEX
8
L12
10
37.659598992919754
20
-56.324925149700604
0
VERTEX
8
L12
10
37.665049397681756
20
-56.33308225687626
0
VERTEX
8
L12
10
37.671517889614606
20
-56.34045815828959
0
VERTEX
8
L12
10
37.67889379102793
20
-56.34692665022244
0
VERTEX
8
L12
10
37.687050898203594
20
-56.35237705498444
0
VERTEX
8
L12
10
37.69584964077622
20
-56.35671611463895
0
VERTEX
8
L12
10
37.70513946982091
20
-56.35986958667228
0
VERTEX
8
L12
10
37.714761433787075
20
-56.36178351430364
0
VERTEX
8
L12
10
37.72455089820359
20
-56.362425149700606
0
VERTEX
8
L12
10
37.7343403626201
20
-56.36178351430364
0
VERTEX
8
L12
10
37.74396232658627
20
-56.35986958667228
0
VERTEX
8
L12
10
37.75325215563096
20
-56.35671611463895
0
VERTEX
8
L12
10
37.76205089820358
20
-56.35237705498444
0
VERTEX
8
L12
10
37.770208005379246
20
-56.34692665022244
0
VERTEX
8
L12
10
37.77758390679257
20
-56.34045815828959
0
VERTEX
8
L12
10
37.78405239872542
20
-56.33308225687626
0
VERTEX
8
L12
10
37.78950280348742
20
-56.324925149700604
0
VERTEX
8
L12
10
37.793841863141935
20
-56.31612640712798
0
VERTEX
8
L12
10
37.79699533517528
20
-56.30683657808329
0
VERTEX
8
L12
10
37.79890926280662
20
-56.29721461411711
0
VERTEX
8
L12
10
37.79955089820358
20
-56.2874251497006
0
VERTEX
8
L12
10
37.79890926280662
20
-56.277635685284096
0
VERTEX
8
L12
10
37.79699533517528
20
-56.268013721317914
0
VERTEX
8
L12
10
37.793841863141935
20
-56.258723892273224
0
VERTEX
8
L12
10
37.78950280348742
20
-56.2499251497006
0
VERTEX
8
L12
10
37.78405239872542
20
-56.241768042524946
0
VERTEX
8
L12
10
37.77758390679257
20
-56.23439214111161
0
VERTEX
8
L12
10
37.770208005379246
20
-56.22792364917876
0
VERTEX
8
L12
10
37.76205089820358
20
-56.22247324441677
0
VERTEX
8
L12
10
37.75325215563096
20
-56.218134184762256
0
VERTEX
8
L12
10
37.74396232658627
20
-56.214980712728924
0
VERTEX
8
L12
10
37.7343403626201
20
-56.21306678509757
0
VERTEX
8
L12
10
37.72455089820359
20
-56.2124251497006
0
SEQEND
0
POLYLINE
8
L12
66
1
70
1
0
VERTEX
8
L12
10
52.94016172642536
20
-56.04198137543736
0
VERTEX
8
L12
10
52.920003579039175
20
-56.03057104507028
0
VERTEX
8
L12
10
52.89769614394878
20
-56.02433206399831
0
VERTEX
8
L12
10
52.72398354512721
20
-55.72345301692451
0
VERTEX
8
L12
10
52.73034425131176
20
-55.69472720376204
0
VERTEX
8
L12
10
52.72768829277088
20
-55.66542572241315
0
VERTEX
8
L12
10
52.716266134496394
20
-55.638311791946265
0
VERTEX
8
L12
10
52.69715492085412
20
-55.615942338709075
0
VERTEX
8
L12
10
52.67215689758483
20
-55.6004268703746
0
VERTEX
8
L12
10
52.643629454533354
20
-55.59322854293304
0
VERTEX
8
L12
10
52.614262816595684
20
-55.59502618061895
0
VERTEX
8
L12
10
52.586826347305404
20
-55.605650260715265
0
VERTEX
8
L12
10
52.563907389404974
20
-55.62409890006266
0
VERTEX
8
L12
10
52.54766727053338
20
-55.64863233569746
0
VERTEX
8
L12
10
52.53963748343678
20
-55.67693698980582
0
VERTEX
8
L12
10
52.5405752615314
20
-55.70634364716867
0
VERTEX
8
L12
10
52.550392169482436
20
-55.734079170298614
0
VERTEX
8
L12
10
52.56816244292595
20
-55.75752801476383
0
VERTEX
8
L12
10
52.59221029087219
20
-55.77447888300607
0
VERTEX
8
L12
10
52.620267927907506
20
-55.78333325644547
0
VERTEX
8
L12
10
52.7939805267291
20
-56.084212303519266
0
VERTEX
8
L12
10
52.787724013649566
20
-56.11148095079102
0
VERTEX
8
L12
10
52.789611688303225
20
-56.1393943841941
0
VERTEX
8
L12
10
52.79948258687331
20
-56.16557239865976
0
VERTEX
8
L12
10
52.81649500843149
20
-56.187782769946004
0
VERTEX
8
L12
10
52.83919828757807
20
-56.20413159852602
0
VERTEX
8
L12
10
52.86565649406323
20
-56.213224804205794
0
VERTEX
8
L12
10
52.89361351140441
20
-56.2142870006709
0
VERTEX
8
L12
10
52.92068541808895
20
-56.207227613416435
0
VERTEX
8
L12
10
52.94456376683347
20
-56.19264860312143
0
VERTEX
8
L12
10
52.963212428083594
20
-56.171793135888024
0
VERTEX
8
L12
10
52.975041212721734
20
-56.14643957728316
0
VERTEX
8
L12
10
52.97904146900861
20
-56.11874984941189
0
VERTEX
8
L12
10
52.974872091278215
20
-56.09108508175902
0
VERTEX
8
L12
10
53.02524143942601
20
-56.04242133715754
0
VERTEX
8
L12
10
53.06871219895926
20
-55.987507547112855
0
VERTEX
8
L12
10
53.104516435138166
20
-55.927313793756575
0
VERTEX
8
L12
10
53.13202164655051
20
-55.86290343265967
0
VERTEX
8
L12
10
53.150741938595004
20
-55.79541430807474
0
VERTEX
8
L12
10
53.160346607075226
20
-55.72603865229509
0
VERTEX
8
L12
10
53.16066598026994
20
-55.65600202421925
0
VERTEX
8
L12
10
53.151694416277095
20
-55.58654165918282
0
VERTEX
8
L12
10
53.13359040268078
20
-55.5188846125197
0
VERTEX
8
L12
10
53.10667375678172
20
-55.454226082958506
0
VERTEX
8
L12
10
53.07141997584948
20
-55.3937082987835
0
VERTEX
8
L12
10
53.02845183720332
20
-55.338400339747245
0
VERTEX
8
L12
10
52.97852839651024
20
-55.28927925119216
0
VERTEX
8
L12
10
52.922531578651515
20
-55.24721278401022
0
VERTEX
8
L12
10
52.86145059803739
20
-55.21294406534892
0
VERTEX
8
L12
10
52.79636448359351
20
-55.1870784708638
0
VERTEX
8
L12
10
52.72842301712491
20
-55.17007293042646
0
VERTEX
8
L12
10
52.6588264217916
20
-55.16222785620847
0
VERTEX
8
L12
10
52.58880415951022
20
-55.16368183573609
0
VERTEX
8
L12
10
52.51959321183672
20
-55.174409183665844
0
VERTEX
8
L12
10
52.45241622801085
20
-55.194220395530124
0
VERTEX
8
L12
10
52.38845992618873
20
-55.22276549543728
0
VERTEX
8
L12
10
52.328854129417564
20
-55.2595402185871
0
VERTEX
8
L12
10
52.27465180669371
20
-55.3038949193843
0
VERTEX
8
L12
10
52.22681047168946
20
-55.35504604778322
0
VERTEX
8
L12
10
52.18617526775047
20
-55.41208999112788
0
VERTEX
8
L12
10
52.15346403797635
20
-55.4740190369637
0
VERTEX
8
L12
10
52.129254644129716
20
-55.53973917482912
0
VERTEX
8
L12
10
52.11397475839216
20
-55.60808942254863
0
VERTEX
8
L12
10
52.107894308301255
20
-55.677862335617846
0
VERTEX
8
L12
10
52.111120708333104
20
-55.747825337370955
0
VERTEX
8
L12
10
52.123596962366676
20
-55.816742493121616
0
VERTEX
8
L12
10
52.14510267055168
20
-55.88339634362504
0
VERTEX
8
L12
10
52.175257922792255
20
-55.946609412161365
0
VERTEX
8
L12
10
52.21353001006672
20
-56.00526500530582
0
VERTEX
8
L12
10
52.25924283502364
20
-56.05832693992876
0
VERTEX
8
L12
10
52.31158885561139
20
-56.1048578479373
0
VERTEX
8
L12
10
52.369643350749996
20
-56.14403573539531
0
VERTEX
8
L12
10
52.3706969098112
20
-56.17393951127925
0
VERTEX
8
L12
10
52.38092389050472
20
-56.20205987160246
0
VERTEX
8
L12
10
52.39932675077735
20
-56.225653949939996
0
VERTEX
8
L12
10
52.424110471398066
20
-56.24242037445469
0
VERTEX
8
L12
10
52.45285764254727
20
-56.25072374423634
0
VERTEX
8
L12
10
52.48276425852764
20
-56.24975414668334
0
VERTEX
8
L12
10
52.510913221125904
20
-56.23960615656439
0
VERTEX
8
L12
10
52.534558874044606
20
-56.22126961117383
0
VERTEX
8
L12
10
52.55139481485007
20
-56.196533061373835
0
VERTEX
8
L12
10
52.55977886199706
20
-56.167809315931265
0
VERTEX
8
L12
10
52.55889323359516
20
-56.137900095594624
0
VERTEX
8
L12
10
52.54882431404273
20
-56.1097227526067
0
VERTEX
8
L12
10
52.53055422807283
20
-56.08602571149467
0
VERTEX
8
L12
10
52.505865044080466
20
-56.06912038710847
0
VERTEX
8
L12
10
52.47716495076067
20
-56.06065572868375
0
VERTEX
8
L12
10
52.44725336182843
20
-56.06145738095355
0
VERTEX
8
L12
10
52.41904786055993
20
-56.07144715057076
0
VERTEX
8
L12
10
52.3952996180475
20
-56.08965063310525
0
VERTEX
8
L12
10
52.341760667703724
20
-56.05237978858792
0
VERTEX
8
L12
10
52.2939367783497
20
-56.00801301428552
0
VERTEX
8
L12
10
52.25276086654533
20
-55.95741578766164
0
VERTEX
8
L12
10
52.2190361645353
20
-55.90157512569133
0
VERTEX
8
L12
10
52.19342055132962
20
-55.84158033079173
0
VERTEX
8
L12
10
52.176413719238454
20
-55.778601741436525
0
VERTEX
8
L12
10
52.1683474262076
20
-55.71386790197301
0
VERTEX
8
L12
10
52.16937902410545
20
-55.64864159699775
0
VERTEX
8
L12
10
52.17948838920775
20
-55.58419521779631
0
VERTEX
8
L12
10
52.19847831475779
20
-55.52178594138204
0
VERTEX
8
L12
10
52.2259783579443
20
-55.46263120632483
0
VERTEX
8
L12
10
52.26145206625294
20
-55.40788496377083
0
VERTEX
8
L12
10
52.304207442224524
20
-55.35861516693263
0
VERTEX
8
L12
10
52.35341044248007
20
-55.31578293816969
0
VERTEX
8
L12
10
52.40810124768332
20
-55.280223820054
0
VERTEX
8
L12
10
52.46721298605662
20
-55.252631476162364
0
VERTEX
8
L12
10
52.529592545204466
20
-55.23354415954974
0
VERTEX
8
L12
10
52.594023066261585
20
-55.22333421286733
0
VERTEX
8
L12
10
52.65924768156471
20
-55.22220080495031
0
VERTEX
8
L12
10
52.72399403278932
20
-55.23016604556493
0
VERTEX
8
L12
10
52.7869990912677
20
-55.24707455410594
0
VERTEX
8
L12
10
52.84703379631061
20
-55.272596490657875
0
VERTEX
8
L12
10
52.902927030903825
20
-55.306233990292284
0
VERTEX
8
L12
10
52.953588467078546
20
-55.34733087508496
0
VERTEX
8
L12
10
52.99802983530263
20
-55.39508545439754
0
VERTEX
8
L12
10
53.035384202983906
20
-55.448566163724166
0
VERTEX
8
L12
10
53.06492288601355
20
-55.50672973703102
0
VERTEX
8
L12
10
53.08606966344992
20
-55.568441558094776
0
VERTEX
8
L12
10
53.0984120180526
20
-55.632497793839704
0
VERTEX
8
L12
10
53.101709183393965
20
-55.697648877910964
0
VERTEX
8
L12
10
53.09589684056998
20
-55.76262388638226
0
VERTEX
8
L12
10
53.081088372890676
20
-55.826155330092746
0
VERTEX
8
L12
10
53.057572654074036
20
-55.887003879980846
0
VERTEX
8
L12
10
53.02580841308999
20
-55.943982543089554
0
VERTEX
8
L12
10
52.986415285581515
20
-55.99597981763398
0
VERTEX
8
L12
10
52.94016172642536
20
-56.04198137543736
0
SEQEND
0
POLYLINE
8
L12
66
1
70
1
0
VERTEX
8
L12
10
44.61068840590458
20
-56.08965063310525
0
VERTEX
8
L12
10
44.58694016339216
20
-56.07144715057076
0
VERTEX
8
L12
10
44.558734662123655
20
-56.06145738095355
0
VERTEX
8
L12
10
44.52882307319142
20
-56.060655728683756
0
VERTEX
8
L12
10
44.50012297987162
20
-56.06912038710847
0
VERTEX
8
L12
10
44.475433795879255
20
-56.08602571149467
0
VERTEX
8
L12
10
44.45716370990935
20
-56.1097227526067
0
VERTEX
8
L12
10
44.44709479035696
20
-56.137900095594624
0
VERTEX
8
L12
10
44.44620916195505
20
-56.16780931593127
0
VERTEX
8
L12
10
44.454593209102015
20
-56.196533061373835
0
VERTEX
8
L12
10
44.47142914990748
20
-56.221269611173824
0
VERTEX
8
L12
10
44.49507480282618
20
-56.239606156564385
0
VERTEX
8
L12
10
44.52322376542445
20
-56.24975414668334
0
VERTEX
8
L12
10
44.55313038140481
20
-56.25072374423634
0
VERTEX
8
L12
10
44.58187755255402
20
-56.24242037445468
0
VERTEX
8
L12
10
44.60666127317474
20
-56.225653949939996
0
VERTEX
8
L12
10
44.62506413344737
20
-56.20205987160246
0
VERTEX
8
L12
10
44.635291114140884
20
-56.17393951127925
0
VERTEX
8
L12
10
44.63634467320209
20
-56.14403573539531
0
VERTEX
8
L12
10
44.694399168340695
20
-56.1048578479373
0
VERTEX
8
L12
10
44.74674518892844
20
-56.05832693992876
0
VERTEX
8
L12
10
44.792458013885366
20
-56.00526500530582
0
VERTEX
8
L12
10
44.83073010115983
20
-55.946609412161365
0
VERTEX
8
L12
10
44.860885353400406
20
-55.88339634362504
0
VERTEX
8
L12
10
44.88239106158541
20
-55.816742493121616
0
VERTEX
8
L12
10
44.89486731561898
20
-55.747825337370955
0
VERTEX
8
L12
10
44.89809371565083
20
-55.677862335617846
0
VERTEX
8
L12
10
44.892013265559925
20
-55.60808942254863
0
VERTEX
8
L12
10
44.87673337982237
20
-55.53973917482912
0
VERTEX
8
L12
10
44.852523985975736
20
-55.4740190369637
0
VERTEX
8
L12
10
44.819812756201614
20
-55.41208999112788
0
VERTEX
8
L12
10
44.779177552262624
20
-55.35504604778322
0
VERTEX
8
L12
10
44.731336217258374
20
-55.3038949193843
0
VERTEX
8
L12
10
44.67713389453452
20
-55.2595402185871
0
VERTEX
8
L12
10
44.617528097763355
20
-55.22276549543728
0
VERTEX
8
L12
10
44.55357179594124
20
-55.194220395530124
0
VERTEX
8
L12
10
44.486394812115364
20
-55.174409183665844
0
VERTEX
8
L12
10
44.41718386444187
20
-55.16368183573609
0
VERTEX
8
L12
10
44.34716160216048
20
-55.16222785620847
0
VERTEX
8
L12
10
44.277565006827174
20
-55.17007293042646
0
VERTEX
8
L12
10
44.20962354035858
20
-55.1870784708638
0
VERTEX
8
L12
10
44.14453742591469
20
-55.21294406534892
0
VERTEX
8
L12
10
44.08345644530057
20
-55.24721278401022
0
VERTEX
8
L12
10
44.02745962744184
20
-55.28927925119216
0
VERTEX
8
L12
10
43.977536186748765
20
-55.338400339747245
0
VERTEX
8
L12
10
43.934568048102605
20
-55.3937082987835
0
VERTEX
8
L12
10
43.89931426717037
20
-55.454226082958506
0
VERTEX
8
L12
10
43.872397621271304
20
-55.5188846125197
0
VERTEX
8
L12
10
43.85429360767499
20
-55.58654165918282
0
VERTEX
8
L12
10
43.845322043682145
20
-55.65600202421925
0
VERTEX
8
L12
10
43.84564141687686
20
-55.72603865229509
0
VERTEX
8
L12
10
43.85524608535708
20
-55.79541430807474
0
VERTEX
8
L12
10
43.87396637740157
20
-55.86290343265967
0
VERTEX
8
L12
10
43.90147158881392
20
-55.927313793756575
0
VERTEX
8
L12
10
43.937275824992824
20
-55.987507547112855
0
VERTEX
8
L12
10
43.980746584526074
20
-56.04242133715754
0
VERTEX
8
L12
10
44.03111593267387
20
-56.09108508175902
0
VERTEX
8
L12
10
44.02694655494348
20
-56.11874984941189
0
VERTEX
8
L12
10
44.03094681123035
20
-56.14643957728316
0
VERTEX
8
L12
10
44.04277559586849
20
-56.17179313588802
0
VERTEX
8
L12
10
44.06142425711862
20
-56.19264860312143
0
VERTEX
8
L12
10
44.085302605863134
20
-56.207227613416435
0
VERTEX
8
L12
10
44.112374512547674
20
-56.2142870006709
0
VERTEX
8
L12
10
44.140331529888854
20
-56.213224804205794
0
VERTEX
8
L12
10
44.166789736374014
20
-56.20413159852601
0
VERTEX
8
L12
10
44.1894930155206
20
-56.187782769946004
0
VERTEX
8
L12
10
44.206505437078775
20
-56.16557239865976
0
VERTEX
8
L12
10
44.21637633564886
20
-56.13939438419409
0
VERTEX
8
L12
10
44.21826401030252
20
-56.11148095079102
0
VERTEX
8
L12
10
44.212007497222984
20
-56.084212303519266
0
VERTEX
8
L12
10
44.38572009604458
20
-55.78333325644547
0
VERTEX
8
L12
10
44.4137777330799
20
-55.77447888300607
0
VERTEX
8
L12
10
44.43782558102613
20
-55.75752801476383
0
VERTEX
8
L12
10
44.45559585446965
20
-55.734079170298614
0
VERTEX
8
L12
10
44.465412762420684
20
-55.70634364716867
0
VERTEX
8
L12
10
44.46635054051531
20
-55.67693698980582
0
VERTEX
8
L12
10
44.45832075341873
20
-55.64863233569746
0
VERTEX
8
L12
10
44.44208063454711
20
-55.62409890006266
0
VERTEX
8
L12
10
44.41916167664668
20
-55.605650260715265
0
VERTEX
8
L12
10
44.3917252073564
20
-55.595026180618945
0
VERTEX
8
L12
10
44.36235856941873
20
-55.59322854293304
0
VERTEX
8
L12
10
44.33383112636726
20
-55.6004268703746
0
VERTEX
8
L12
10
44.30883310309797
20
-55.615942338709075
0
VERTEX
8
L12
10
44.28972188945569
20
-55.638311791946265
0
VERTEX
8
L12
10
44.27829973118121
20
-55.66542572241315
0
VERTEX
8
L12
10
44.27564377264032
20
-55.69472720376204
0
VERTEX
8
L12
10
44.282004478824874
20
-55.72345301692451
0
VERTEX
8
L12
10
44.10829188000331
20
-56.02433206399831
0
VERTEX
8
L12
10
44.08598444491291
20
-56.03057104507028
0
VERTEX
8
L12
10
44.065826297526726
20
-56.04198137543736
0
VERTEX
8
L12
10
44.01957273837057
20
-55.99597981763398
0
VERTEX
8
L12
10
43.980179610862095
20
-55.943982543089554
0
VERTEX
8
L12
10
43.94841536987805
20
-55.887003879980846
0
VERTEX
8
L12
10
43.92489965106141
20
-55.826155330092746
0
VERTEX
8
L12
10
43.91009118338211
20
-55.76262388638226
0
VERTEX
8
L12
10
43.90427884055812
20
-55.697648877910964
0
VERTEX
8
L12
10
43.907576005899486
20
-55.632497793839704
0
VERTEX
8
L12
10
43.919918360502166
20
-55.568441558094776
0
VERTEX
8
L12
10
43.94106513793854
20
-55.50672973703102
0
VERTEX
8
L12
10
43.97060382096818
20
-55.448566163724166
0
VERTEX
8
L12
10
44.007958188649454
20
-55.39508545439754
0
VERTEX
8
L12
10
44.05239955687354
20
-55.34733087508496
0
VERTEX
8
L12
10
44.10306099304826
20
-55.306233990292284
0
VERTEX
8
L12
10
44.15895422764147
20
-55.272596490657875
0
VERTEX
8
L12
10
44.21898893268438
20
-55.24707455410594
0
VERTEX
8
L12
10
44.281993991162764
20
-55.23016604556493
0
VERTEX
8
L12
10
44.34674034238738
20
-55.22220080495031
0
VERTEX
8
L12
10
44.4119649576905
20
-55.22333421286733
0
VERTEX
8
L12
10
44.47639547874762
20
-55.23354415954974
0
VERTEX
8
L12
10
44.53877503789546
20
-55.252631476162364
0
VERTEX
8
L12
10
44.597886776268766
20
-55.280223820054
0
VERTEX
8
L12
10
44.652577581472016
20
-55.31578293816969
0
VERTEX
8
L12
10
44.70178058172756
20
-55.35861516693263
0
VERTEX
8
L12
10
44.74453595769914
20
-55.40788496377083
0
VERTEX
8
L12
10
44.780009666007786
20
-55.46263120632483
0
VERTEX
8
L12
10
44.80750970919429
20
-55.52178594138204
0
VERTEX
8
L12
10
44.82649963474434
20
-55.58419521779631
0
VERTEX
8
L12
10
44.83660899984663
20
-55.64864159699775
0
VERTEX
8
L12
10
44.83764059774448
20
-55.71386790197301
0
VERTEX
8
L12
10
44.82957430471363
20
-55.778601741436525
0
VERTEX
8
L12
10
44.81256747262246
20
-55.84158033079173
0
VERTEX
8
L12
10
44.78695185941679
20
-55.90157512569133
0
VERTEX
8
L12
10
44.753227157406755
20
-55.95741578766164
0
VERTEX
8
L12
10
44.71205124560238
20
-56.00801301428552
0
VERTEX
8
L12
10
44.66422735624836
20
-56.05237978858792
0
VERTEX
8
L12
10
44.61068840590458
20
-56.08965063310525
0
SEQEND
0
POLYLINE
8
L12
66
1
70
1
0
VERTEX
8
L12
10
48.50299401197604
20
-53.817215568862274
0
VERTEX
8
L12
10
48.49320454755953
20
-53.81785720425924
0
VERTEX
8
L12
10
48.48358258359336
20
-53.8197711318906
0
VERTEX
8
L12
10
48.47429275454867
20
-53.82292460392393
0
VERTEX
8
L12
10
48.46549401197605
20
-53.82726366357844
0
VERTEX
8
L12
10
48.457336904800385
20
-53.83271406834044
0
VERTEX
8
L12
10
48.44996100338706
20
-53.83918256027329
0
VERTEX
8
L12
10
48.44349251145421
20
-53.84655846168663
0
VERTEX
8
L12
10
48.43804210669221
20
-53.854715568862275
0
VERTEX
8
L12
10
48.433703047037696
20
-53.8635143114349
0
VERTEX
8
L12
10
48.43054957500435
20
-53.87280414047959
0
VERTEX
8
L12
10
48.428635647373014
20
-53.88242610444577
0
VERTEX
8
L12
10
48.427994011976054
20
-53.89221556886228
0
VERTEX
8
L12
10
48.428635647373014
20
-53.90200503327878
0
VERTEX
8
L12
10
48.43054957500435
20
-53.911626997244966
0
VERTEX
8
L12
10
48.433703047037696
20
-53.920916826289655
0
VERTEX
8
L12
10
48.43804210669221
20
-53.92971556886228
0
VERTEX
8
L12
10
48.44349251145421
20
-53.937872676037934
0
VERTEX
8
L12
10
48.44996100338706
20
-53.94524857745127
0
VERTEX
8
L12
10
48.457336904800385
20
-53.95171706938412
0
VERTEX
8
L12
10
48.46549401197605
20
-53.95716747414611
0
VERTEX
8
L12
10
48.47429275454867
20
-53.96150653380062
0
VERTEX
8
L12
10
48.48358258359336
20
-53.964660005833956
0
VERTEX
8
L12
10
48.49320454755953
20
-53.96657393346531
0
VERTEX
8
L12
10
48.50299401197604
20
-53.96721556886228
0
VERTEX
8
L12
10
48.512783476392556
20
-53.96657393346531
0
VERTEX
8
L12
10
48.522405440358725
20
-53.964660005833956
0
VERTEX
8
L12
10
48.531695269403414
20
-53.96150653380062
0
VERTEX
8
L12
10
48.54049401197604
20
-53.95716747414611
0
VERTEX
8
L12
10
48.5486511191517
20
-53.95171706938412
0
VERTEX
8
L12
10
48.556027020565026
20
-53.94524857745127
0
VERTEX
8
L12
10
48.562495512497875
20
-53.937872676037934
0
VERTEX
8
L12
10
48.56794591725988
20
-53.92971556886228
0
VERTEX
8
L12
10
48.57228497691439
20
-53.920916826289655
0
VERTEX
8
L12
10
48.575438448947736
20
-53.911626997244966
0
VERTEX
8
L12
10
48.57735237657907
20
-53.90200503327878
0
VERTEX
8
L12
10
48.57799401197603
20
-53.89221556886228
0
VERTEX
8
L12
10
48.57735237657907
20
-53.88242610444577
0
VERTEX
8
L12
10
48.575438448947736
20
-53.87280414047959
0
VERTEX
8
L12
10
48.57228497691439
20
-53.8635143114349
0
VERTEX
8
L12
10
48.56794591725988
20
-53.854715568862275
0
VERTEX
8
L12
10
48.562495512497875
20
-53.84655846168663
0
VERTEX
8
L12
10
48.556027020565026
20
-53.83918256027329
0
VERTEX
8
L12
10
48.5486511191517
20
-53.83271406834044
0
VERTEX
8
L12
10
48.54049401197604
20
-53.82726366357844
0
VERTEX
8
L12
10
48.531695269403414
20
-53.82292460392393
0
VERTEX
8
L12
10
48.522405440358725
20
-53.8197711318906
0
VERTEX
8
L12
10
48.512783476392556
20
-53.81785720425924
0
VERTEX
8
L12
10
48.50299401197604
20
-53.817215568862274
0
SEQEND
0
POLYLINE
8
L12
66
1
70
1
0
VERTEX
8
L12
10
48.50299401197604
20
-54.77529940119761
0
VERTEX
8
L12
10
48.49320454755953
20
-54.775941036594574
0
VERTEX
8
L12
10
48.48358258359336
20
-54.77785496422593
0
VERTEX
8
L12
10
48.47429275454867
20
-54.78100843625926
0
VERTEX
8
L12
10
48.46549401197605
20
-54.785347495913776
0
VERTEX
8
L12
10
48.457336904800385
20
-54.79079790067576
0
VERTEX
8
L12
10
48.44996100338706
20
-54.79726639260861
0
VERTEX
8
L12
10
48.44349251145421
20
-54.80464229402195
0
VERTEX
8
L12
10
48.43804210669221
20
-54.81279940119761
0
VERTEX
8
L12
10
48.433703047037696
20
-54.821598143770224
0
VERTEX
8
L12
10
48.43054957500435
20
-54.83088797281492
0
VERTEX
8
L12
10
48.428635647373014
20
-54.8405099367811
0
VERTEX
8
L12
10
48.427994011976054
20
-54.85029940119761
0
VERTEX
8
L12
10
48.428635647373014
20
-54.86008886561411
0
VERTEX
8
L12
10
48.43054957500435
20
-54.8697108295803
0
VERTEX
8
L12
10
48.433703047037696
20
-54.87900065862499
0
VERTEX
8
L12
10
48.43804210669221
20
-54.887799401197604
0
VERTEX
8
L12
10
48.44349251145421
20
-54.89595650837326
0
VERTEX
8
L12
10
48.44996100338706
20
-54.9033324097866
0
VERTEX
8
L12
10
48.457336904800385
20
-54.90980090171945
0
VERTEX
8
L12
10
48.46549401197605
20
-54.91525130648144
0
VERTEX
8
L12
10
48.47429275454867
20
-54.91959036613596
0
VERTEX
8
L12
10
48.48358258359336
20
-54.92274383816929
0
VERTEX
8
L12
10
48.49320454755953
20
-54.924657765800646
0
VERTEX
8
L12
10
48.50299401197604
20
-54.925299401197606
0
VERTEX
8
L12
10
48.512783476392556
20
-54.924657765800646
0
VERTEX
8
L12
10
48.522405440358725
20
-54.92274383816929
0
VERTEX
8
L12
10
48.531695269403414
20
-54.91959036613596
0
VERTEX
8
L12
10
48.54049401197604
20
-54.91525130648144
0
VERTEX
8
L12
10
48.5486511191517
20
-54.90980090171945
0
VERTEX
8
L12
10
48.556027020565026
20
-54.9033324097866
0
VERTEX
8
L12
10
48.562495512497875
20
-54.89595650837326
0
VERTEX
8
L12
10
48.56794591725988
20
-54.887799401197604
0
VERTEX
8
L12
10
48.57228497691439
20
-54.87900065862499
0
VERTEX
8
L12
10
48.575438448947736
20
-54.8697108295803
0
VERTEX
8
L12
10
48.57735237657907
20
-54.86008886561411
0
VERTEX
8
L12
10
48.57799401197603
20
-54.85029940119761
0
VERTEX
8
L12
10
48.57735237657907
20
-54.8405099367811
0
VERTEX
8
L12
10
48.575438448947736
20
-54.83088797281492
0
VERTEX
8
L12
10
48.57228497691439
20
-54.821598143770224
0
VERTEX
8
L12
10
48.56794591725988
20
-54.81279940119761
0
VERTEX
8
L12
10
48.562495512497875
20
-54.80464229402195
0
VERTEX
8
L12
10
48.556027020565026
20
-54.79726639260861
0
VERTEX
8
L12
10
48.5486511191517
20
-54.79079790067576
0
VERTEX
8
L12
10
48.54049401197604
20
-54.785347495913776
0
VERTEX
8
L12
10
48.531695269403414
20
-54.78100843625926
0
VERTEX
8
L12
10
48.522405440358725
20
-54.77785496422593
0
VERTEX
8
L12
10
48.512783476392556
20
-54.775941036594574
0
VERTEX
8
L12
10
48.50299401197604
20
-54.77529940119761
0
SEQEND
0
POLYLINE
8
L12
66
1
70
1
0
VERTEX
8
L12
10
48.50299401197604
20
-53.338173652694614
0
VERTEX
8
L12
10
48.49320454755953
20
-53.338815288091574
0
VERTEX
8
L12
10
48.48358258359336
20
-53.34072921572293
0
VERTEX
8
L12
10
48.47429275454867
20
-53.34388268775626
0
VERTEX
8
L12
10
48.46549401197605
20
-53.348221747410776
0
VERTEX
8
L12
10
48.457336904800385
20
-53.35367215217277
0
VERTEX
8
L12
10
48.44996100338706
20
-53.36014064410562
0
VERTEX
8
L12
10
48.44349251145421
20
-53.36751654551896
0
VERTEX
8
L12
10
48.43804210669221
20
-53.37567365269461
0
VERTEX
8
L12
10
48.433703047037696
20
-53.38447239526723
0
VERTEX
8
L12
10
48.43054957500435
20
-53.39376222431192
0
VERTEX
8
L12
10
48.428635647373014
20
-53.40338418827811
0
VERTEX
8
L12
10
48.427994011976054
20
-53.41317365269461
0
VERTEX
8
L12
10
48.428635647373014
20
-53.42296311711112
0
VERTEX
8
L12
10
48.43054957500435
20
-53.4325850810773
0
VERTEX
8
L12
10
48.433703047037696
20
-53.441874910121996
0
VERTEX
8
L12
10
48.43804210669221
20
-53.45067365269461
0
VERTEX
8
L12
10
48.44349251145421
20
-53.45883075987027
0
VERTEX
8
L12
10
48.44996100338706
20
-53.4662066612836
0
VERTEX
8
L12
10
48.457336904800385
20
-53.47267515321646
0
VERTEX
8
L12
10
48.46549401197605
20
-53.478125557978444
0
VERTEX
8
L12
10
48.47429275454867
20
-53.48246461763296
0
VERTEX
8
L12
10
48.48358258359336
20
-53.48561808966629
0
VERTEX
8
L12
10
48.49320454755953
20
-53.487532017297646
0
VERTEX
8
L12
10
48.50299401197604
20
-53.48817365269461
0
VERTEX
8
L12
10
48.512783476392556
20
-53.487532017297646
0
VERTEX
8
L12
10
48.522405440358725
20
-53.48561808966629
0
VERTEX
8
L12
10
48.531695269403414
20
-53.48246461763296
0
VERTEX
8
L12
10
48.54049401197604
20
-53.478125557978444
0
VERTEX
8
L12
10
48.5486511191517
20
-53.47267515321646
0
VERTEX
8
L12
10
48.556027020565026
20
-53.4662066612836
0
VERTEX
8
L12
10
48.562495512497875
20
-53.45883075987027
0
VERTEX
8
L12
10
48.56794591725988
20
-53.45067365269461
0
VERTEX
8
L12
10
48.57228497691439
20
-53.441874910121996
0
VERTEX
8
L12
10
48.575438448947736
20
-53.4325850810773
0
VERTEX
8
L12
10
48.57735237657907
20
-53.42296311711112
0
VERTEX
8
L12
10
48.57799401197603
20
-53.41317365269461
0
VERTEX
8
L12
10
48.57735237657907
20
-53.40338418827811
0
VERTEX
8
L12
10
48.575438448947736
20
-53.39376222431192
0
VERTEX
8
L12
10
48.57228497691439
20
-53.38447239526723
0
VERTEX
8
L12
10
48.56794591725988
20
-53.37567365269461
0
VERTEX
8
L12
10
48.562495512497875
20
-53.36751654551896
0
VERTEX
8
L12
10
48.556027020565026
20
-53.36014064410562
0
VERTEX
8
L12
10
48.5486511191517
20
-53.35367215217277
0
VERTEX
8
L12
10
48.54049401197604
20
-53.348221747410776
0
VERTEX
8
L12
10
48.531695269403414
20
-53.34388268775626
0
VERTEX
8
L12
10
48.522405440358725
20
-53.34072921572293
0
VERTEX
8
L12
10
48.512783476392556
20
-53.338815288091574
0
VERTEX
8
L12
10
48.50299401197604
20
-53.338173652694614
0
SEQEND
0
POLYLINE
8
L12
66
1
70
1
0
VERTEX
8
L12
10
48.50299401197604
20
-55.73338323353294
0
VERTEX
8
L12
10
48.49320454755953
20
-55.7340248689299
0
VERTEX
8
L12
10
48.48358258359336
20
-55.73593879656126
0
VERTEX
8
L12
10
48.47429275454867
20
-55.73909226859459
0
VERTEX
8
L12
10
48.46549401197605
20
-55.7434313282491
0
VERTEX
8
L12
10
48.457336904800385
20
-55.748881733011096
0
VERTEX
8
L12
10
48.44996100338706
20
-55.755350224943946
0
VERTEX
8
L12
10
48.44349251145421
20
-55.762726126357286
0
VERTEX
8
L12
10
48.43804210669221
20
-55.770883233532935
0
VERTEX
8
L12
10
48.433703047037696
20
-55.77968197610556
0
VERTEX
8
L12
10
48.43054957500435
20
-55.78897180515025
0
VERTEX
8
L12
10
48.428635647373014
20
-55.79859376911644
0
VERTEX
8
L12
10
48.427994011976054
20
-55.808383233532936
0
VERTEX
8
L12
10
48.428635647373014
20
-55.81817269794944
0
VERTEX
8
L12
10
48.43054957500435
20
-55.827794661915625
0
VERTEX
8
L12
10
48.433703047037696
20
-55.83708449096032
0
VERTEX
8
L12
10
48.43804210669221
20
-55.84588323353294
0
VERTEX
8
L12
10
48.44349251145421
20
-55.85404034070859
0
VERTEX
8
L12
10
48.44996100338706
20
-55.861416242121926
0
VERTEX
8
L12
10
48.457336904800385
20
-55.86788473405478
0
VERTEX
8
L12
10
48.46549401197605
20
-55.87333513881677
0
VERTEX
8
L12
10
48.47429275454867
20
-55.87767419847128
0
VERTEX
8
L12
10
48.48358258359336
20
-55.880827670504615
0
VERTEX
8
L12
10
48.49320454755953
20
-55.88274159813597
0
VERTEX
8
L12
10
48.50299401197604
20
-55.88338323353294
0
VERTEX
8
L12
10
48.512783476392556
20
-55.88274159813597
0
VERTEX
8
L12
10
48.522405440358725
20
-55.880827670504615
0
VERTEX
8
L12
10
48.531695269403414
20
-55.87767419847128
0
VERTEX
8
L12
10
48.54049401197604
20
-55.87333513881677
0
VERTEX
8
L12
10
48.5486511191517
20
-55.86788473405478
0
VERTEX
8
L12
10
48.556027020565026
20
-55.861416242121926
0
VERTEX
8
L12
10
48.562495512497875
20
-55.85404034070859
0
VERTEX
8
L12
10
48.56794591725988
20
-55.84588323353294
0
VERTEX
8
L12
10
48.57228497691439
20
-55.83708449096032
0
VERTEX
8
L12
10
48.575438448947736
20
-55.827794661915625
0
VERTEX
8
L12
10
48.57735237657907
20
-55.81817269794944
0
VERTEX
8
L12
10
48.57799401197603
20
-55.808383233532936
0
VERTEX
8
L12
10
48.57735237657907
20
-55.79859376911644
0
VERTEX
8
L12
10
48.575438448947736
20
-55.78897180515025
0
VERTEX
8
L12
10
48.57228497691439
20
-55.77968197610556
0
VERTEX
8
L12
10
48.56794591725988
20
-55.770883233532935
0
VERTEX
8
L12
10
48.562495512497875
20
-55.762726126357286
0
VERTEX
8
L12
10
48.556027020565026
20
-55.755350224943946
0
VERTEX
8
L12
10
48.5486511191517
20
-55.748881733011096
0
VERTEX
8
L12
10
48.54049401197604
20
-55.7434313282491
0
VERTEX
8
L12
10
48.531695269403414
20
-55.73909226859459
0
VERTEX
8
L12
10
48.522405440358725
20
-55.73593879656126
0
VERTEX
8
L12
10
48.512783476392556
20
-55.7340248689299
0
VERTEX
8
L12
10
48.50299401197604
20
-55.73338323353294
0
SEQEND
0
POLYLINE
8
L12
66
1
70
1
0
VERTEX
8
L12
10
48.50299401197604
20
-54.29625748502994
0
VERTEX
8
L12
10
48.49320454755953
20
-54.29689912042691
0
VERTEX
8
L12
10
48.48358258359336
20
-54.298813048058264
0
VERTEX
8
L12
10
48.47429275454867
20
-54.3019665200916
0
VERTEX
8
L12
10
48.46549401197605
20
-54.30630557974611
0
VERTEX
8
L12
10
48.457336904800385
20
-54.3117559845081
0
VERTEX
8
L12
10
48.44996100338706
20
-54.31822447644095
0
VERTEX
8
L12
10
48.44349251145421
20
-54.325600377854286
0
VERTEX
8
L12
10
48.43804210669221
20
-54.33375748502994
0
VERTEX
8
L12
10
48.433703047037696
20
-54.342556227602564
0
VERTEX
8
L12
10
48.43054957500435
20
-54.351846056647254
0
VERTEX
8
L12
10
48.428635647373014
20
-54.36146802061344
0
VERTEX
8
L12
10
48.427994011976054
20
-54.37125748502994
0
VERTEX
8
L12
10
48.428635647373014
20
-54.38104694944645
0
VERTEX
8
L12
10
48.43054957500435
20
-54.39066891341263
0
VERTEX
8
L12
10
48.433703047037696
20
-54.39995874245732
0
VERTEX
8
L12
10
48.43804210669221
20
-54.408757485029945
0
VERTEX
8
L12
10
48.44349251145421
20
-54.4169145922056
0
VERTEX
8
L12
10
48.44996100338706
20
-54.42429049361893
0
VERTEX
8
L12
10
48.457336904800385
20
-54.43075898555178
0
VERTEX
8
L12
10
48.46549401197605
20
-54.43620939031378
0
VERTEX
8
L12
10
48.47429275454867
20
-54.44054844996829
0
VERTEX
8
L12
10
48.48358258359336
20
-54.44370192200162
0
VERTEX
8
L12
10
48.49320454755953
20
-54.44561584963298
0
VERTEX
8
L12
10
48.50299401197604
20
-54.446257485029946
0
VERTEX
8
L12
10
48.512783476392556
20
-54.44561584963298
0
VERTEX
8
L12
10
48.522405440358725
20
-54.44370192200162
0
VERTEX
8
L12
10
48.531695269403414
20
-54.44054844996829
0
VERTEX
8
L12
10
48.54049401197604
20
-54.43620939031378
0
VERTEX
8
L12
10
48.5486511191517
20
-54.43075898555178
0
VERTEX
8
L12
10
48.556027020565026
20
-54.42429049361893
0
VERTEX
8
L12
10
48.562495512497875
20
-54.4169145922056
0
VERTEX
8
L12
10
48.56794591725988
20
-54.408757485029945
0
VERTEX
8
L12
10
48.57228497691439
20
-54.39995874245732
0
VERTEX
8
L12
10
48.575438448947736
20
-54.39066891341263
0
VERTEX
8
L12
10
48.57735237657907
20
-54.38104694944645
0
VERTEX
8
L12
10
48.57799401197603
20
-54.37125748502994
0
VERTEX
8
L12
10
48.57735237657907
20
-54.36146802061344
0
VERTEX
8
L12
10
48.575438448947736
20
-54.351846056647254
0
VERTEX
8
L12
10
48.57228497691439
20
-54.342556227602564
0
VERTEX
8
L12
10
48.56794591725988
20
-54.33375748502994
0
VERTEX
8
L12
10
48.562495512497875
20
-54.325600377854286
0
VERTEX
8
L12
10
48.556027020565026
20
-54.31822447644095
0
VERTEX
8
L12
10
48.5486511191517
20
-54.3117559845081
0
VERTEX
8
L12
10
48.54049401197604
20
-54.30630557974611
0
VERTEX
8
L12
10
48.531695269403414
20
-54.3019665200916
0
VERTEX
8
L12
10
48.522405440358725
20
-54.298813048058264
0
VERTEX
8
L12
10
48.512783476392556
20
-54.29689912042691
0
VERTEX
8
L12
10
48.50299401197604
20
-54.29625748502994
0
SEQEND
0
POLYLINE
8
L12
66
1
70
1
0
VERTEX
8
L12
10
48.50299401197604
20
-56.69146706586827
0
VERTEX
8
L12
10
48.49320454755953
20
-56.692108701265234
0
VERTEX
8
L12
10
48.48358258359336
20
-56.69402262889659
0
VERTEX
8
L12
10
48.47429275454867
20
-56.69717610092992
0
VERTEX
8
L12
10
48.46549401197605
20
-56.701515160584435
0
VERTEX
8
L12
10
48.457336904800385
20
-56.70696556534642
0
VERTEX
8
L12
10
48.44996100338706
20
-56.71343405727928
0
VERTEX
8
L12
10
48.44349251145421
20
-56.72080995869261
0
VERTEX
8
L12
10
48.43804210669221
20
-56.72896706586827
0
VERTEX
8
L12
10
48.433703047037696
20
-56.737765808440884
0
VERTEX
8
L12
10
48.43054957500435
20
-56.74705563748558
0
VERTEX
8
L12
10
48.428635647373014
20
-56.75667760145176
0
VERTEX
8
L12
10
48.427994011976054
20
-56.76646706586827
0
VERTEX
8
L12
10
48.428635647373014
20
-56.77625653028477
0
VERTEX
8
L12
10
48.43054957500435
20
-56.78587849425096
0
VERTEX
8
L12
10
48.433703047037696
20
-56.79516832329565
0
VERTEX
8
L12
10
48.43804210669221
20
-56.80396706586827
0
VERTEX
8
L12
10
48.44349251145421
20
-56.81212417304392
0
VERTEX
8
L12
10
48.44996100338706
20
-56.81950007445726
0
VERTEX
8
L12
10
48.457336904800385
20
-56.82596856639011
0
VERTEX
8
L12
10
48.46549401197605
20
-56.831418971152104
0
VERTEX
8
L12
10
48.47429275454867
20
-56.835758030806616
0
VERTEX
8
L12
10
48.48358258359336
20
-56.83891150283995
0
VERTEX
8
L12
10
48.49320454755953
20
-56.840825430471305
0
VERTEX
8
L12
10
48.50299401197604
20
-56.841467065868265
0
VERTEX
8
L12
10
48.512783476392556
20
-56.840825430471305
0
VERTEX
8
L12
10
48.522405440358725
20
-56.83891150283995
0
VERTEX
8
L12
10
48.531695269403414
20
-56.835758030806616
0
VERTEX
8
L12
10
48.54049401197604
20
-56.831418971152104
0
VERTEX
8
L12
10
48.5486511191517
20
-56.82596856639011
0
VERTEX
8
L12
10
48.556027020565026
20
-56.81950007445726
0
VERTEX
8
L12
10
48.562495512497875
20
-56.81212417304392
0
VERTEX
8
L12
10
48.56794591725988
20
-56.80396706586827
0
VERTEX
8
L12
10
48.57228497691439
20
-56.79516832329565
0
VERTEX
8
L12
10
48.575438448947736
20
-56.78587849425096
0
VERTEX
8
L12
10
48.57735237657907
20
-56.77625653028477
0
VERTEX
8
L12
10
48.57799401197603
20
-56.76646706586827
0
VERTEX
8
L12
10
48.57735237657907
20
-56.75667760145176
0
VERTEX
8
L12
10
48.575438448947736
20
-56.74705563748558
0
VERTEX
8
L12
10
48.57228497691439
20
-56.737765808440884
0
VERTEX
8
L12
10
48.56794591725988
20
-56.72896706586827
0
VERTEX
8
L12
10
48.562495512497875
20
-56.72080995869261
0
VERTEX
8
L12
10
48.556027020565026
20
-56.71343405727928
0
VERTEX
8
L12
10
48.5486511191517
20
-56.70696556534642
0
VERTEX
8
L12
10
48.54049401197604
20
-56.701515160584435
0
VERTEX
8
L12
10
48.531695269403414
20
-56.69717610092992
0
VERTEX
8
L12
10
48.522405440358725
20
-56.69402262889659
0
VERTEX
8
L12
10
48.512783476392556
20
-56.692108701265234
0
VERTEX
8
L12
10
48.50299401197604
20
-56.69146706586827
0
SEQEND
0
POLYLINE
8
L12
66
1
70
1
0
VERTEX
8
L12
10
48.50299401197604
20
-55.254341317365274
0
VERTEX
8
L12
10
48.49320454755953
20
-55.254982952762234
0
VERTEX
8
L12
10
48.48358258359336
20
-55.25689688039359
0
VERTEX
8
L12
10
48.47429275454867
20
-55.26005035242692
0
VERTEX
8
L12
10
48.46549401197605
20
-55.26438941208144
0
VERTEX
8
L12
10
48.457336904800385
20
-55.26983981684343
0
VERTEX
8
L12
10
48.44996100338706
20
-55.27630830877628
0
VERTEX
8
L12
10
48.44349251145421
20
-55.28368421018962
0
VERTEX
8
L12
10
48.43804210669221
20
-55.291841317365275
0
VERTEX
8
L12
10
48.433703047037696
20
-55.30064005993789
0
VERTEX
8
L12
10
48.43054957500435
20
-55.30992988898258
0
VERTEX
8
L12
10
48.428635647373014
20
-55.31955185294877
0
VERTEX
8
L12
10
48.427994011976054
20
-55.32934131736527
0
VERTEX
8
L12
10
48.428635647373014
20
-55.339130781781776
0
VERTEX
8
L12
10
48.43054957500435
20
-55.34875274574796
0
VERTEX
8
L12
10
48.433703047037696
20
-55.358042574792655
0
VERTEX
8
L12
10
48.43804210669221
20
-55.36684131736527
0
VERTEX
8
L12
10
48.44349251145421
20
-55.37499842454093
0
VERTEX
8
L12
10
48.44996100338706
20
-55.38237432595427
0
VERTEX
8
L12
10
48.457336904800385
20
-55.38884281788712
0
VERTEX
8
L12
10
48.46549401197605
20
-55.394293222649104
0
VERTEX
8
L12
10
48.47429275454867
20
-55.398632282303616
0
VERTEX
8
L12
10
48.48358258359336
20
-55.401785754336956
0
VERTEX
8
L12
10
48.49320454755953
20
-55.403699681968305
0
VERTEX
8
L12
10
48.50299401197604
20
-55.40434131736527
0
VERTEX
8
L12
10
48.512783476392556
20
-55.403699681968305
0
VERTEX
8
L12
10
48.522405440358725
20
-55.401785754336956
0
VERTEX
8
L12
10
48.531695269403414
20
-55.398632282303616
0
VERTEX
8
L12
10
48.54049401197604
20
-55.394293222649104
0
VERTEX
8
L12
10
48.5486511191517
20
-55.38884281788712
0
VERTEX
8
L12
10
48.556027020565026
20
-55.38237432595427
0
VERTEX
8
L12
10
48.562495512497875
20
-55.37499842454093
0
VERTEX
8
L12
10
48.56794591725988
20
-55.36684131736527
0
VERTEX
8
L12
10
48.57228497691439
20
-55.358042574792655
0
VERTEX
8
L12
10
48.575438448947736
20
-55.34875274574796
0
VERTEX
8
L12
10
48.57735237657907
20
-55.339130781781776
0
VERTEX
8
L12
10
48.57799401197603
20
-55.32934131736527
0
VERTEX
8
L12
10
48.57735237657907
20
-55.31955185294877
0
VERTEX
8
L12
10
48.575438448947736
20
-55.30992988898258
0
VERTEX
8
L12
10
48.57228497691439
20
-55.30064005993789
0
VERTEX
8
L12
10
48.56794591725988
20
-55.291841317365275
0
VERTEX
8
L12
10
48.562495512497875
20
-55.28368421018962
0
VERTEX
8
L12
10
48.556027020565026
20
-55.27630830877628
0
VERTEX
8
L12
10
48.5486511191517
20
-55.26983981684343
0
VERTEX
8
L12
10
48.54049401197604
20
-55.26438941208144
0
VERTEX
8
L12
10
48.531695269403414
20
-55.26005035242692
0
VERTEX
8
L12
10
48.522405440358725
20
-55.25689688039359
0
VERTEX
8
L12
10
48.512783476392556
20
-55.254982952762234
0
VERTEX
8
L12
10
48.50299401197604
20
-55.254341317365274
0
SEQEND
0
POLYLINE
8
L12
66
1
70
1
0
VERTEX
8
L12
10
48.50299401197604
20
-56.2124251497006
0
VERTEX
8
L12
10
48.49320454755953
20
-56.21306678509757
0
VERTEX
8
L12
10
48.48358258359336
20
-56.214980712728924
0
VERTEX
8
L12
10
48.47429275454867
20
-56.218134184762256
0
VERTEX
8
L12
10
48.46549401197605
20
-56.22247324441677
0
VERTEX
8
L12
10
48.457336904800385
20
-56.22792364917876
0
VERTEX
8
L12
10
48.44996100338706
20
-56.23439214111161
0
VERTEX
8
L12
10
48.44349251145421
20
-56.241768042524946
0
VERTEX
8
L12
10
48.43804210669221
20
-56.2499251497006
0
VERTEX
8
L12
10
48.433703047037696
20
-56.258723892273224
0
VERTEX
8
L12
10
48.43054957500435
20
-56.268013721317914
0
VERTEX
8
L12
10
48.428635647373014
20
-56.277635685284096
0
VERTEX
8
L12
10
48.427994011976054
20
-56.2874251497006
0
VERTEX
8
L12
10
48.428635647373014
20
-56.29721461411711
0
VERTEX
8
L12
10
48.43054957500435
20
-56.30683657808329
0
VERTEX
8
L12
10
48.433703047037696
20
-56.31612640712798
0
VERTEX
8
L12
10
48.43804210669221
20
-56.324925149700604
0
VERTEX
8
L12
10
48.44349251145421
20
-56.33308225687626
0
VERTEX
8
L12
10
48.44996100338706
20
-56.34045815828959
0
VERTEX
8
L12
10
48.457336904800385
20
-56.34692665022244
0
VERTEX
8
L12
10
48.46549401197605
20
-56.35237705498444
0
VERTEX
8
L12
10
48.47429275454867
20
-56.35671611463895
0
VERTEX
8
L12
10
48.48358258359336
20
-56.35986958667228
0
VERTEX
8
L12
10
48.49320454755953
20
-56.36178351430364
0
VERTEX
8
L12
10
48.50299401197604
20
-56.362425149700606
0
VERTEX
8
L12
10
48.512783476392556
20
-56.36178351430364
0
VERTEX
8
L12
10
48.522405440358725
20
-56.35986958667228
0
VERTEX
8
L12
10
48.531695269403414
20
-56.35671611463895
0
VERTEX
8
L12
10
48.54049401197604
20
-56.35237705498444
0
VERTEX
8
L12
10
48.5486511191517
20
-56.34692665022244
0
VERTEX
8
L12
10
48.556027020565026
20
-56.34045815828959
0
VERTEX
8
L12
10
48.562495512497875
20
-56.33308225687626
0
VERTEX
8
L12
10
48.56794591725988
20
-56.324925149700604
0
VERTEX
8
L12
10
48.57228497691439
20
-56.31612640712798
0
VERTEX
8
L12
10
48.575438448947736
20
-56.30683657808329
0
VERTEX
8
L12
10
48.57735237657907
20
-56.29721461411711
0
VERTEX
8
L12
10
48.57799401197603
20
-56.2874251497006
0
VERTEX
8
L12
10
48.57735237657907
20
-56.277635685284096
0
VERTEX
8
L12
10
48.575438448947736
20
-56.268013721317914
0
VERTEX
8
L12
10
48.57228497691439
20
-56.258723892273224
0
VERTEX
8
L12
10
48.56794591725988
20
-56.2499251497006
0
VERTEX
8
L12
10
48.562495512497875
20
-56.241768042524946
0
VERTEX
8
L12
10
48.556027020565026
20
-56.23439214111161
0
VERTEX
8
L12
10
48.5486511191517
20
-56.22792364917876
0
VERTEX
8
L12
10
48.54049401197604
20
-56.22247324441677
0
VERTEX
8
L12
10
48.531695269403414
20
-56.218134184762256
0
VERTEX
8
L12
10
48.522405440358725
20
-56.214980712728924
0
VERTEX
8
L12
10
48.512783476392556
20
-56.21306678509757
0
VERTEX
8
L12
10
48.50299401197604
20
-56.2124251497006
0
SEQEND
0
ENDBLK
0
ENDSEC
0
SECTION
2
ENTITIES
0
INSERT
2
LDI_XFL94-0512-011_L12_B1
8
L12
10
0
20
0.0
30
0
0
INSERT
2
LDI_XFL94-0512-011_L12_B1
8
L12
10
0
20
4.790419161676647
30
0
0
INSERT
2
LDI_XFL94-0512-011_L12_B1
8
L12
10
0
20
9.580838323353294
30
0
0
INSERT
2
LDI_XFL94-0512-011_L12_B1
8
L12
10
0
20
14.371257485029941
30
0
0
INSERT
2
LDI_XFL94-0512-011_L12_B1
8
L12
10
0
20
19.16167664670659
30
0
0
INSERT
2
LDI_XFL94-0512-011_L12_B1
8
L12
10
0
20
23.952095808383234
30
0
0
INSERT
2
LDI_XFL94-0512-011_L12_B1
8
L12
10
0
20
28.742514970059883
30
0
0
INSERT
2
LDI_XFL94-0512-011_L12_B1
8
L12
10
0
20
33.53293413173653
30
0
0
INSERT
2
LDI_XFL94-0512-011_L12_B1
8
L12
10
0
20
38.32335329341318
30
0
0
INSERT
2
LDI_XFL94-0512-011_L12_B1
8
L12
10
0
20
43.11377245508982
30
0
0
INSERT
2
LDI_XFL94-0512-011_L12_B1
8
L12
10
0
20
47.90419161676647
30
0
0
INSERT
2
LDI_XFL94-0512-011_L12_B1
8
L12
10
0
20
52.69461077844312
30
0
0
INSERT
2
LDI_XFL94-0512-011_L12_B1
8
L12
10
0
20
57.485029940119766
30
0
0
INSERT
2
LDI_XFL94-0512-011_L12_B1
8
L12
10
0
20
62.27544910179641
30
0
0
INSERT
2
LDI_XFL94-0512-011_L12_B1
8
L12
10
0
20
67.06586826347306
30
0
0
INSERT
2
LDI_XFL94-0512-011_L12_B1
8
L12
10
0
20
71.8562874251497
30
0
0
INSERT
2
LDI_XFL94-0512-011_L12_B1
8
L12
10
0
20
76.64670658682635
30
0
0
INSERT
2
LDI_XFL94-0512-011_L12_B1
8
L12
10
0
20
81.43712574850301
30
0
0
INSERT
2
LDI_XFL94-0512-011_L12_B1
8
L12
10
0
20
86.22754491017965
30
0
0
INSERT
2
LDI_XFL94-0512-011_L12_B1
8
L12
10
0
20
91.0179640718563
30
0
0
INSERT
2
LDI_XFL94-0512-011_L12_B1
8
L12
10
0
20
95.80838323353294
30
0
0
INSERT
2
LDI_XFL94-0512-011_L12_B1
8
L12
10
0
20
100.59880239520959
30
0
0
INSERT
2
LDI_XFL94-0512-011_L12_B1
8
L12
10
0
20
105.38922155688624
30
0
0
INSERT
2
LDI_XFL94-0512-011_L12_B1
8
L12
10
0
20
110.17964071856288
30
0
0
POLYLINE
8
L12
66
1
70
1
40
0.1
41
0.1
0
VERTEX
8
L12
10
-61.5
20
-61.2
42
1.0
0
VERTEX
8
L12
10
-60.900000000000006
20
-61.2
42
1.0
0
SEQEND
0
POLYLINE
8
L12
66
1
70
1
40
0.1
41
0.1
0
VERTEX
8
L12
10
-61.5
20
61.2
42
1.0
0
VERTEX
8
L12
10
-60.900000000000006
20
61.2
42
1.0
0
SEQEND
0
POLYLINE
8
L12
66
1
70
1
40
0.1
41
0.1
0
VERTEX
8
L12
10
60.90000000000002
20
-61.2
42
1.0
0
VERTEX
8
L12
10
61.499999999999986
20
-61.2
42
1.0
0
SEQEND
0
POLYLINE
8
L12
66
1
70
1
40
0.1
41
0.1
0
VERTEX
8
L12
10
60.90000000000002
20
61.2
42
1.0
0
VERTEX
8
L12
10
61.499999999999986
20
61.2
42
1.0
0
SEQEND
0
POLYLINE
8
L12
66
1
70
1
0
VERTEX
8
L12
10
-64.46966991411009
20
-64.46966991411009
40
0.08
41
0.08
0
VERTEX
8
L12
10
-65.53033008588991
20
-65.53033008588991
40
0.08
41
0.08
0
SEQEND
0
POLYLINE
8
L12
66
1
70
1
0
VERTEX
8
L12
10
-64.46966991411009
20
-65.53033008588991
40
0.08
41
0.08
0
VERTEX
8
L12
10
-65.53033008588991
20
-64.46966991411009
40
0.08
41
0.08
0
SEQEND
0
POLYLINE
8
L12
66
1
70
1
0
VERTEX
8
L12
10
-64.46966991411009
20
65.53033008588993
40
0.08
41
0.08
0
VERTEX
8
L12
10
-65.53033008588991
20
64.4696699141101
40
0.08
41
0.08
0
SEQEND
0
POLYLINE
8
L12
66
1
70
1
0
VERTEX
8
L12
10
-64.46966991411009
20
64.4696699141101
40
0.08
41
0.08
0
VERTEX
8
L12
10
-65.53033008588991
20
65.53033008588993
40
0.08
41
0.08
0
SEQEND
0
POLYLINE
8
L12
66
1
70
1
0
VERTEX
8
L12
10
65.53033008588993
20
65.53033008588993
40
0.08
41
0.08
0
VERTEX
8
L12
10
64.4696699141101
20
64.4696699141101
40
0.08
41
0.08
0
SEQEND
0
POLYLINE
8
L12
66
1
70
1
0
VERTEX
8
L12
10
65.53033008588993
20
64.4696699141101
40
0.08
41
0.08
0
VERTEX
8
L12
10
64.4696699141101
20
65.53033008588993
40
0.08
41
0.08
0
SEQEND
0
POLYLINE
8
L12
66
1
70
1
0
VERTEX
8
L12
10
65.74999999999999
20
-65.0
40
0.08
41
0.08
0
VERTEX
8
L12
10
64.24999999999999
20
-65.0
40
0.08
41
0.08
0
SEQEND
0
POLYLINE
8
L12
66
1
70
1
0
VERTEX
8
L12
10
64.99999999999999
20
-64.25
40
0.08
41
0.08
0
VERTEX
8
L12
10
64.99999999999999
20
-65.75
40
0.08
41
0.08
0
SEQEND
0
POLYLINE
8
L12
66
1
70
1
0
VERTEX
8
L12
10
-53.89221556886228
20
-61.2
40
0.08
41
0.08
0
VERTEX
8
L12
10
-53.89221556886228
20
-64.2
40
0.08
41
0.08
0
SEQEND
0
POLYLINE
8
L12
66
1
70
1
0
VERTEX
8
L12
10
-53.89221556886228
20
61.2
40
0.08
41
0.08
0
VERTEX
8
L12
10
-53.89221556886228
20
64.2
40
0.08
41
0.08
0
SEQEND
0
POLYLINE
8
L12
66
1
70
1
0
VERTEX
8
L12
10
-43.11377245508983
20
-61.2
40
0.08
41
0.08
0
VERTEX
8
L12
10
-43.11377245508983
20
-64.2
40
0.08
41
0.08
0
SEQEND
0
POLYLINE
8
L12
66
1
70
1
0
VERTEX
8
L12
10
-43.11377245508983
20
61.2
40
0.08
41
0.08
0
VERTEX
8
L12
10
-43.11377245508983
20
64.2
40
0.08
41
0.08
0
SEQEND
0
POLYLINE
8
L12
66
1
70
1
0
VERTEX
8
L12
10
-32.33532934131736
20
-61.2
40
0.08
41
0.08
0
VERTEX
8
L12
10
-32.33532934131736
20
-64.2
40
0.08
41
0.08
0
SEQEND
0
POLYLINE
8
L12
66
1
70
1
0
VERTEX
8
L12
10
-32.33532934131736
20
61.2
40
0.08
41
0.08
0
VERTEX
8
L12
10
-32.33532934131736
20
64.2
40
0.08
41
0.08
0
SEQEND
0
POLYLINE
8
L12
66
1
70
1
0
VERTEX
8
L12
10
-21.556886227544908
20
-61.2
40
0.08
41
0.08
0
VERTEX
8
L12
10
-21.556886227544908
20
-64.2
40
0.08
41
0.08
0
SEQEND
0
POLYLINE
8
L12
66
1
70
1
0
VERTEX
8
L12
10
-21.556886227544908
20
61.2
40
0.08
41
0.08
0
VERTEX
8
L12
10
-21.556886227544908
20
64.2
40
0.08
41
0.08
0
SEQEND
0
POLYLINE
8
L12
66
1
70
1
0
VERTEX
8
L12
10
-10.778443113772454
20
-61.2
40
0.08
41
0.08
0
VERTEX
8
L12
10
-10.778443113772454
20
-64.2
40
0.08
41
0.08
0
SEQEND
0
POLYLINE
8
L12
66
1
70
1
0
VERTEX
8
L12
10
-10.778443113772454
20
61.2
40
0.08
41
0.08
0
VERTEX
8
L12
10
-10.778443113772454
20
64.2
40
0.08
41
0.08
0
SEQEND
0
POLYLINE
8
L12
66
1
70
1
0
VERTEX
8
L12
10
0.0
20
-61.2
40
0.08
41
0.08
0
VERTEX
8
L12
10
0.0
20
-64.2
40
0.08
41
0.08
0
SEQEND
0
POLYLINE
8
L12
66
1
70
1
0
VERTEX
8
L12
10
0.0
20
61.2
40
0.08
41
0.08
0
VERTEX
8
L12
10
0.0
20
64.2
40
0.08
41
0.08
0
SEQEND
0
POLYLINE
8
L12
66
1
70
1
0
VERTEX
8
L12
10
10.778443113772468
20
-61.2
40
0.08
41
0.08
0
VERTEX
8
L12
10
10.778443113772468
20
-64.2
40
0.08
41
0.08
0
SEQEND
0
POLYLINE
8
L12
66
1
70
1
0
VERTEX
8
L12
10
10.778443113772468
20
61.2
40
0.08
41
0.08
0
VERTEX
8
L12
10
10.778443113772468
20
64.2
40
0.08
41
0.08
0
SEQEND
0
POLYLINE
8
L12
66
1
70
1
0
VERTEX
8
L12
10
21.556886227544922
20
-61.2
40
0.08
41
0.08
0
VERTEX
8
L12
10
21.556886227544922
20
-64.2
40
0.08
41
0.08
0
SEQEND
0
POLYLINE
8
L12
66
1
70
1
0
VERTEX
8
L12
10
21.556886227544922
20
61.2
40
0.08
41
0.08
0
VERTEX
8
L12
10
21.556886227544922
20
64.2
40
0.08
41
0.08
0
SEQEND
0
POLYLINE
8
L12
66
1
70
1
0
VERTEX
8
L12
10
32.335329341317376
20
-61.2
40
0.08
41
0.08
0
VERTEX
8
L12
10
32.335329341317376
20
-64.2
40
0.08
41
0.08
0
SEQEND
0
POLYLINE
8
L12
66
1
70
1
0
VERTEX
8
L12
10
32.335329341317376
20
61.2
40
0.08
41
0.08
0
VERTEX
8
L12
10
32.335329341317376
20
64.2
40
0.08
41
0.08
0
SEQEND
0
POLYLINE
8
L12
66
1
70
1
0
VERTEX
8
L12
10
43.11377245508983
20
-61.2
40
0.08
41
0.08
0
VERTEX
8
L12
10
43.11377245508983
20
-64.2
40
0.08
41
0.08
0
SEQEND
0
POLYLINE
8
L12
66
1
70
1
0
VERTEX
8
L12
10
43.11377245508983
20
61.2
40
0.08
41
0.08
0
VERTEX
8
L12
10
43.11377245508983
20
64.2
40
0.08
41
0.08
0
SEQEND
0
POLYLINE
8
L12
66
1
70
1
0
VERTEX
8
L12
10
53.892215568862284
20
-61.2
40
0.08
41
0.08
0
VERTEX
8
L12
10
53.892215568862284
20
-64.2
40
0.08
41
0.08
0
SEQEND
0
POLYLINE
8
L12
66
1
70
1
0
VERTEX
8
L12
10
53.892215568862284
20
61.2
40
0.08
41
0.08
0
VERTEX
8
L12
10
53.892215568862284
20
64.2
40
0.08
41
0.08
0
SEQEND
0
POLYLINE
8
L12
66
1
70
1
0
VERTEX
8
L12
10
-61.2
20
-57.485029940119766
40
0.08
41
0.08
0
VERTEX
8
L12
10
-64.2
20
-57.485029940119766
40
0.08
41
0.08
0
SEQEND
0
POLYLINE
8
L12
66
1
70
1
0
VERTEX
8
L12
10
61.2
20
-57.485029940119766
40
0.08
41
0.08
0
VERTEX
8
L12
10
64.2
20
-57.485029940119766
40
0.08
41
0.08
0
SEQEND
0
POLYLINE
8
L12
66
1
70
1
0
VERTEX
8
L12
10
-61.2
20
-52.69461077844312
40
0.08
41
0.08
0
VERTEX
8
L12
10
-64.2
20
-52.69461077844312
40
0.08
41
0.08
0
SEQEND
0
POLYLINE
8
L12
66
1
70
1
0
VERTEX
8
L12
10
61.2
20
-52.69461077844312
40
0.08
41
0.08
0
VERTEX
8
L12
10
64.2
20
-52.69461077844312
40
0.08
41
0.08
0
SEQEND
0
POLYLINE
8
L12
66
1
70
1
0
VERTEX
8
L12
10
-61.2
20
-47.90419161676647
40
0.08
41
0.08
0
VERTEX
8
L12
10
-64.2
20
-47.90419161676647
40
0.08
41
0.08
0
SEQEND
0
POLYLINE
8
L12
66
1
70
1
0
VERTEX
8
L12
10
61.2
20
-47.90419161676647
40
0.08
41
0.08
0
VERTEX
8
L12
10
64.2
20
-47.90419161676647
40
0.08
41
0.08
0
SEQEND
0
POLYLINE
8
L12
66
1
70
1
0
VERTEX
8
L12
10
-61.2
20
-43.11377245508983
40
0.08
41
0.08
0
VERTEX
8
L12
10
-64.2
20
-43.11377245508983
40
0.08
41
0.08
0
SEQEND
0
POLYLINE
8
L12
66
1
70
1
0
VERTEX
8
L12
10
61.2
20
-43.11377245508983
40
0.08
41
0.08
0
VERTEX
8
L12
10
64.2
20
-43.11377245508983
40
0.08
41
0.08
0
SEQEND
0
POLYLINE
8
L12
66
1
70
1
0
VERTEX
8
L12
10
-61.2
20
-38.32335329341318
40
0.08
41
0.08
0
VERTEX
8
L12
10
-64.2
20
-38.32335329341318
40
0.08
41
0.08
0
SEQEND
0
POLYLINE
8
L12
66
1
70
1
0
VERTEX
8
L12
10
61.2
20
-38.32335329341318
40
0.08
41
0.08
0
VERTEX
8
L12
10
64.2
20
-38.32335329341318
40
0.08
41
0.08
0
SEQEND
0
POLYLINE
8
L12
66
1
70
1
0
VERTEX
8
L12
10
-61.2
20
-33.532934131736525
40
0.08
41
0.08
0
VERTEX
8
L12
10
-64.2
20
-33.532934131736525
40
0.08
41
0.08
0
SEQEND
0
POLYLINE
8
L12
66
1
70
1
0
VERTEX
8
L12
10
61.2
20
-33.532934131736525
40
0.08
41
0.08
0
VERTEX
8
L12
10
64.2
20
-33.532934131736525
40
0.08
41
0.08
0
SEQEND
0
POLYLINE
8
L12
66
1
70
1
0
VERTEX
8
L12
10
-61.2
20
-28.742514970059887
40
0.08
41
0.08
0
VERTEX
8
L12
10
-64.2
20
-28.742514970059887
40
0.08
41
0.08
0
SEQEND
0
POLYLINE
8
L12
66
1
70
1
0
VERTEX
8
L12
10
61.2
20
-28.742514970059887
40
0.08
41
0.08
0
VERTEX
8
L12
10
64.2
20
-28.742514970059887
40
0.08
41
0.08
0
SEQEND
0
POLYLINE
8
L12
66
1
70
1
0
VERTEX
8
L12
10
-61.2
20
-23.952095808383234
40
0.08
41
0.08
0
VERTEX
8
L12
10
-64.2
20
-23.952095808383234
40
0.08
41
0.08
0
SEQEND
0
POLYLINE
8
L12
66
1
70
1
0
VERTEX
8
L12
10
61.2
20
-23.952095808383234
40
0.08
41
0.08
0
VERTEX
8
L12
10
64.2
20
-23.952095808383234
40
0.08
41
0.08
0
SEQEND
0
POLYLINE
8
L12
66
1
70
1
0
VERTEX
8
L12
10
-61.2
20
-19.161676646706596
40
0.08
41
0.08
0
VERTEX
8
L12
10
-64.2
20
-19.161676646706596
40
0.08
41
0.08
0
SEQEND
0
POLYLINE
8
L12
66
1
70
1
0
VERTEX
8
L12
10
61.2
20
-19.161676646706596
40
0.08
41
0.08
0
VERTEX
8
L12
10
64.2
20
-19.161676646706596
40
0.08
41
0.08
0
SEQEND
0
POLYLINE
8
L12
66
1
70
1
0
VERTEX
8
L12
10
-61.2
20
-14.371257485029943
40
0.08
41
0.08
0
VERTEX
8
L12
10
-64.2
20
-14.371257485029943
40
0.08
41
0.08
0
SEQEND
0
POLYLINE
8
L12
66
1
70
1
0
VERTEX
8
L12
10
61.2
20
-14.371257485029943
40
0.08
41
0.08
0
VERTEX
8
L12
10
64.2
20
-14.371257485029943
40
0.08
41
0.08
0
SEQEND
0
POLYLINE
8
L12
66
1
70
1
0
VERTEX
8
L12
10
-61.2
20
-9.58083832335329
40
0.08
41
0.08
0
VERTEX
8
L12
10
-64.2
20
-9.58083832335329
40
0.08
41
0.08
0
SEQEND
0
POLYLINE
8
L12
66
1
70
1
0
VERTEX
8
L12
10
61.2
20
-9.58083832335329
40
0.08
41
0.08
0
VERTEX
8
L12
10
64.2
20
-9.58083832335329
40
0.08
41
0.08
0
SEQEND
0
POLYLINE
8
L12
66
1
70
1
0
VERTEX
8
L12
10
-61.2
20
-4.790419161676638
40
0.08
41
0.08
0
VERTEX
8
L12
10
-64.2
20
-4.790419161676638
40
0.08
41
0.08
0
SEQEND
0
POLYLINE
8
L12
66
1
70
1
0
VERTEX
8
L12
10
61.2
20
-4.790419161676638
40
0.08
41
0.08
0
VERTEX
8
L12
10
64.2
20
-4.790419161676638
40
0.08
41
0.08
0
SEQEND
0
POLYLINE
8
L12
66
1
70
1
0
VERTEX
8
L12
10
-61.2
20
0.0
40
0.08
41
0.08
0
VERTEX
8
L12
10
-64.2
20
0.0
40
0.08
41
0.08
0
SEQEND
0
POLYLINE
8
L12
66
1
70
1
0
VERTEX
8
L12
10
61.2
20
0.0
40
0.08
41
0.08
0
VERTEX
8
L12
10
64.2
20
0.0
40
0.08
41
0.08
0
SEQEND
0
POLYLINE
8
L12
66
1
70
1
0
VERTEX
8
L12
10
-61.2
20
4.790419161676638
40
0.08
41
0.08
0
VERTEX
8
L12
10
-64.2
20
4.790419161676638
40
0.08
41
0.08
0
SEQEND
0
POLYLINE
8
L12
66
1
70
1
0
VERTEX
8
L12
10
61.2
20
4.790419161676638
40
0.08
41
0.08
0
VERTEX
8
L12
10
64.2
20
4.790419161676638
40
0.08
41
0.08
0
SEQEND
0
POLYLINE
8
L12
66
1
70
1
0
VERTEX
8
L12
10
-61.2
20
9.58083832335329
40
0.08
41
0.08
0
VERTEX
8
L12
10
-64.2
20
9.58083832335329
40
0.08
41
0.08
0
SEQEND
0
POLYLINE
8
L12
66
1
70
1
0
VERTEX
8
L12
10
61.2
20
9.58083832335329
40
0.08
41
0.08
0
VERTEX
8
L12
10
64.2
20
9.58083832335329
40
0.08
41
0.08
0
SEQEND
0
POLYLINE
8
L12
66
1
70
1
0
VERTEX
8
L12
10
-61.2
20
14.371257485029943
40
0.08
41
0.08
0
VERTEX
8
L12
10
-64.2
20
14.371257485029943
40
0.08
41
0.08
0
SEQEND
0
POLYLINE
8
L12
66
1
70
1
0
VERTEX
8
L12
10
61.2
20
14.371257485029943
40
0.08
41
0.08
0
VERTEX
8
L12
10
64.2
20
14.371257485029943
40
0.08
41
0.08
0
SEQEND
0
POLYLINE
8
L12
66
1
70
1
0
VERTEX
8
L12
10
-61.2
20
19.161676646706596
40
0.08
41
0.08
0
VERTEX
8
L12
10
-64.2
20
19.161676646706596
40
0.08
41
0.08
0
SEQEND
0
POLYLINE
8
L12
66
1
70
1
0
VERTEX
8
L12
10
61.2
20
19.161676646706596
40
0.08
41
0.08
0
VERTEX
8
L12
10
64.2
20
19.161676646706596
40
0.08
41
0.08
0
SEQEND
0
POLYLINE
8
L12
66
1
70
1
0
VERTEX
8
L12
10
-61.2
20
23.95209580838325
40
0.08
41
0.08
0
VERTEX
8
L12
10
-64.2
20
23.95209580838325
40
0.08
41
0.08
0
SEQEND
0
POLYLINE
8
L12
66
1
70
1
0
VERTEX
8
L12
10
61.2
20
23.95209580838325
40
0.08
41
0.08
0
VERTEX
8
L12
10
64.2
20
23.95209580838325
40
0.08
41
0.08
0
SEQEND
0
POLYLINE
8
L12
66
1
70
1
0
VERTEX
8
L12
10
-61.2
20
28.742514970059872
40
0.08
41
0.08
0
VERTEX
8
L12
10
-64.2
20
28.742514970059872
40
0.08
41
0.08
0
SEQEND
0
POLYLINE
8
L12
66
1
70
1
0
VERTEX
8
L12
10
61.2
20
28.742514970059872
40
0.08
41
0.08
0
VERTEX
8
L12
10
64.2
20
28.742514970059872
40
0.08
41
0.08
0
SEQEND
0
POLYLINE
8
L12
66
1
70
1
0
VERTEX
8
L12
10
-61.2
20
33.532934131736525
40
0.08
41
0.08
0
VERTEX
8
L12
10
-64.2
20
33.532934131736525
40
0.08
41
0.08
0
SEQEND
0
POLYLINE
8
L12
66
1
70
1
0
VERTEX
8
L12
10
61.2
20
33.532934131736525
40
0.08
41
0.08
0
VERTEX
8
L12
10
64.2
20
33.532934131736525
40
0.08
41
0.08
0
SEQEND
0
POLYLINE
8
L12
66
1
70
1
0
VERTEX
8
L12
10
-61.2
20
38.32335329341318
40
0.08
41
0.08
0
VERTEX
8
L12
10
-64.2
20
38.32335329341318
40
0.08
41
0.08
0
SEQEND
0
POLYLINE
8
L12
66
1
70
1
0
VERTEX
8
L12
10
61.2
20
38.32335329341318
40
0.08
41
0.08
0
VERTEX
8
L12
10
64.2
20
38.32335329341318
40
0.08
41
0.08
0
SEQEND
0
POLYLINE
8
L12
66
1
70
1
0
VERTEX
8
L12
10
-61.2
20
43.11377245508983
40
0.08
41
0.08
0
VERTEX
8
L12
10
-64.2
20
43.11377245508983
40
0.08
41
0.08
0
SEQEND
0
POLYLINE
8
L12
66
1
70
1
0
VERTEX
8
L12
10
61.2
20
43.11377245508983
40
0.08
41
0.08
0
VERTEX
8
L12
10
64.2
20
43.11377245508983
40
0.08
41
0.08
0
SEQEND
0
POLYLINE
8
L12
66
1
70
1
0
VERTEX
8
L12
10
-61.2
20
47.90419161676648
40
0.08
41
0.08
0
VERTEX
8
L12
10
-64.2
20
47.90419161676648
40
0.08
41
0.08
0
SEQEND
0
POLYLINE
8
L12
66
1
70
1
0
VERTEX
8
L12
10
61.2
20
47.90419161676648
40
0.08
41
0.08
0
VERTEX
8
L12
10
64.2
20
47.90419161676648
40
0.08
41
0.08
0
SEQEND
0
POLYLINE
8
L12
66
1
70
1
0
VERTEX
8
L12
10
-61.2
20
52.694610778443106
40
0.08
41
0.08
0
VERTEX
8
L12
10
-64.2
20
52.694610778443106
40
0.08
41
0.08
0
SEQEND
0
POLYLINE
8
L12
66
1
70
1
0
VERTEX
8
L12
10
61.2
20
52.694610778443106
40
0.08
41
0.08
0
VERTEX
8
L12
10
64.2
20
52.694610778443106
40
0.08
41
0.08
0
SEQEND
0
POLYLINE
8
L12
66
1
70
1
0
VERTEX
8
L12
10
-61.2
20
57.48502994011976
40
0.08
41
0.08
0
VERTEX
8
L12
10
-64.2
20
57.48502994011976
40
0.08
41
0.08
0
SEQEND
0
POLYLINE
8
L12
66
1
70
1
0
VERTEX
8
L12
10
61.2
20
57.48502994011976
40
0.08
41
0.08
0
VERTEX
8
L12
10
64.2
20
57.48502994011976
40
0.08
41
0.08
0
SEQEND
0
INSERT
2
cutlineendpoint
8
L12
10
-64.46966991411009
20
-64.46966991411009
0
INSERT
2
cutlineendpoint
8
L12
10
-65.53033008588991
20
-65.53033008588991
0
INSERT
2
cutlineendpoint
8
L12
10
-64.46966991411009
20
-65.53033008588991
0
INSERT
2
cutlineendpoint
8
L12
10
-65.53033008588991
20
-64.46966991411009
0
INSERT
2
cutlineendpoint
8
L12
10
-64.46966991411009
20
65.53033008588993
0
INSERT
2
cutlineendpoint
8
L12
10
-65.53033008588991
20
64.4696699141101
0
INSERT
2
cutlineendpoint
8
L12
10
-64.46966991411009
20
64.4696699141101
0
INSERT
2
cutlineendpoint
8
L12
10
-65.53033008588991
20
65.53033008588993
0
INSERT
2
cutlineendpoint
8
L12
10
65.53033008588993
20
65.53033008588993
0
INSERT
2
cutlineendpoint
8
L12
10
64.4696699141101
20
64.4696699141101
0
INSERT
2
cutlineendpoint
8
L12
10
65.53033008588993
20
64.4696699141101
0
INSERT
2
cutlineendpoint
8
L12
10
64.4696699141101
20
65.53033008588993
0
INSERT
2
cutlineendpoint
8
L12
10
65.74999999999999
20
-65.0
0
INSERT
2
cutlineendpoint
8
L12
10
64.24999999999999
20
-65.0
0
INSERT
2
cutlineendpoint
8
L12
10
64.99999999999999
20
-64.25
0
INSERT
2
cutlineendpoint
8
L12
10
64.99999999999999
20
-65.75
0
INSERT
2
cutlineendpoint
8
L12
10
-53.89221556886228
20
-61.2
0
INSERT
2
cutlineendpoint
8
L12
10
-53.89221556886228
20
61.2
0
INSERT
2
cutlineendpoint
8
L12
10
-53.89221556886228
20
-64.2
0
INSERT
2
cutlineendpoint
8
L12
10
-53.89221556886228
20
64.2
0
INSERT
2
cutlineendpoint
8
L12
10
-43.11377245508983
20
-61.2
0
INSERT
2
cutlineendpoint
8
L12
10
-43.11377245508983
20
61.2
0
INSERT
2
cutlineendpoint
8
L12
10
-43.11377245508983
20
-64.2
0
INSERT
2
cutlineendpoint
8
L12
10
-43.11377245508983
20
64.2
0
INSERT
2
cutlineendpoint
8
L12
10
-32.33532934131736
20
-61.2
0
INSERT
2
cutlineendpoint
8
L12
10
-32.33532934131736
20
61.2
0
INSERT
2
cutlineendpoint
8
L12
10
-32.33532934131736
20
-64.2
0
INSERT
2
cutlineendpoint
8
L12
10
-32.33532934131736
20
64.2
0
INSERT
2
cutlineendpoint
8
L12
10
-21.556886227544908
20
-61.2
0
INSERT
2
cutlineendpoint
8
L12
10
-21.556886227544908
20
61.2
0
INSERT
2
cutlineendpoint
8
L12
10
-21.556886227544908
20
-64.2
0
INSERT
2
cutlineendpoint
8
L12
10
-21.556886227544908
20
64.2
0
INSERT
2
cutlineendpoint
8
L12
10
-10.778443113772454
20
-61.2
0
INSERT
2
cutlineendpoint
8
L12
10
-10.778443113772454
20
61.2
0
INSERT
2
cutlineendpoint
8
L12
10
-10.778443113772454
20
-64.2
0
INSERT
2
cutlineendpoint
8
L12
10
-10.778443113772454
20
64.2
0
INSERT
2
cutlineendpoint
8
L12
10
0.0
20
-61.2
0
INSERT
2
cutlineendpoint
8
L12
10
0.0
20
61.2
0
INSERT
2
cutlineendpoint
8
L12
10
0.0
20
-64.2
0
INSERT
2
cutlineendpoint
8
L12
10
0.0
20
64.2
0
INSERT
2
cutlineendpoint
8
L12
10
10.778443113772468
20
-61.2
0
INSERT
2
cutlineendpoint
8
L12
10
10.778443113772468
20
61.2
0
INSERT
2
cutlineendpoint
8
L12
10
10.778443113772468
20
-64.2
0
INSERT
2
cutlineendpoint
8
L12
10
10.778443113772468
20
64.2
0
INSERT
2
cutlineendpoint
8
L12
10
21.556886227544922
20
-61.2
0
INSERT
2
cutlineendpoint
8
L12
10
21.556886227544922
20
61.2
0
INSERT
2
cutlineendpoint
8
L12
10
21.556886227544922
20
-64.2
0
INSERT
2
cutlineendpoint
8
L12
10
21.556886227544922
20
64.2
0
INSERT
2
cutlineendpoint
8
L12
10
32.335329341317376
20
-61.2
0
INSERT
2
cutlineendpoint
8
L12
10
32.335329341317376
20
61.2
0
INSERT
2
cutlineendpoint
8
L12
10
32.335329341317376
20
-64.2
0
INSERT
2
cutlineendpoint
8
L12
10
32.335329341317376
20
64.2
0
INSERT
2
cutlineendpoint
8
L12
10
43.11377245508983
20
-61.2
0
INSERT
2
cutlineendpoint
8
L12
10
43.11377245508983
20
61.2
0
INSERT
2
cutlineendpoint
8
L12
10
43.11377245508983
20
-64.2
0
INSERT
2
cutlineendpoint
8
L12
10
43.11377245508983
20
64.2
0
INSERT
2
cutlineendpoint
8
L12
10
53.892215568862284
20
-61.2
0
INSERT
2
cutlineendpoint
8
L12
10
53.892215568862284
20
61.2
0
INSERT
2
cutlineendpoint
8
L12
10
53.892215568862284
20
-64.2
0
INSERT
2
cutlineendpoint
8
L12
10
53.892215568862284
20
64.2
0
INSERT
2
cutlineendpoint
8
L12
10
-61.2
20
-57.485029940119766
0
INSERT
2
cutlineendpoint
8
L12
10
61.2
20
-57.485029940119766
0
INSERT
2
cutlineendpoint
8
L12
10
-64.2
20
-57.485029940119766
0
INSERT
2
cutlineendpoint
8
L12
10
64.2
20
-57.485029940119766
0
INSERT
2
cutlineendpoint
8
L12
10
-61.2
20
-52.69461077844312
0
INSERT
2
cutlineendpoint
8
L12
10
61.2
20
-52.69461077844312
0
INSERT
2
cutlineendpoint
8
L12
10
-64.2
20
-52.69461077844312
0
INSERT
2
cutlineendpoint
8
L12
10
64.2
20
-52.69461077844312
0
INSERT
2
cutlineendpoint
8
L12
10
-61.2
20
-47.90419161676647
0
INSERT
2
cutlineendpoint
8
L12
10
61.2
20
-47.90419161676647
0
INSERT
2
cutlineendpoint
8
L12
10
-64.2
20
-47.90419161676647
0
INSERT
2
cutlineendpoint
8
L12
10
64.2
20
-47.90419161676647
0
INSERT
2
cutlineendpoint
8
L12
10
-61.2
20
-43.11377245508983
0
INSERT
2
cutlineendpoint
8
L12
10
61.2
20
-43.11377245508983
0
INSERT
2
cutlineendpoint
8
L12
10
-64.2
20
-43.11377245508983
0
INSERT
2
cutlineendpoint
8
L12
10
64.2
20
-43.11377245508983
0
INSERT
2
cutlineendpoint
8
L12
10
-61.2
20
-38.32335329341318
0
INSERT
2
cutlineendpoint
8
L12
10
61.2
20
-38.32335329341318
0
INSERT
2
cutlineendpoint
8
L12
10
-64.2
20
-38.32335329341318
0
INSERT
2
cutlineendpoint
8
L12
10
64.2
20
-38.32335329341318
0
INSERT
2
cutlineendpoint
8
L12
10
-61.2
20
-33.532934131736525
0
INSERT
2
cutlineendpoint
8
L12
10
61.2
20
-33.532934131736525
0
INSERT
2
cutlineendpoint
8
L12
10
-64.2
20
-33.532934131736525
0
INSERT
2
cutlineendpoint
8
L12
10
64.2
20
-33.532934131736525
0
INSERT
2
cutlineendpoint
8
L12
10
-61.2
20
-28.742514970059887
0
INSERT
2
cutlineendpoint
8
L12
10
61.2
20
-28.742514970059887
0
INSERT
2
cutlineendpoint
8
L12
10
-64.2
20
-28.742514970059887
0
INSERT
2
cutlineendpoint
8
L12
10
64.2
20
-28.742514970059887
0
INSERT
2
cutlineendpoint
8
L12
10
-61.2
20
-23.952095808383234
0
INSERT
2
cutlineendpoint
8
L12
10
61.2
20
-23.952095808383234
0
INSERT
2
cutlineendpoint
8
L12
10
-64.2
20
-23.952095808383234
0
INSERT
2
cutlineendpoint
8
L12
10
64.2
20
-23.952095808383234
0
INSERT
2
cutlineendpoint
8
L12
10
-61.2
20
-19.161676646706596
0
INSERT
2
cutlineendpoint
8
L12
10
61.2
20
-19.161676646706596
0
INSERT
2
cutlineendpoint
8
L12
10
-64.2
20
-19.161676646706596
0
INSERT
2
cutlineendpoint
8
L12
10
64.2
20
-19.161676646706596
0
INSERT
2
cutlineendpoint
8
L12
10
-61.2
20
-14.371257485029943
0
INSERT
2
cutlineendpoint
8
L12
10
61.2
20
-14.371257485029943
0
INSERT
2
cutlineendpoint
8
L12
10
-64.2
20
-14.371257485029943
0
INSERT
2
cutlineendpoint
8
L12
10
64.2
20
-14.371257485029943
0
INSERT
2
cutlineendpoint
8
L12
10
-61.2
20
-9.58083832335329
0
INSERT
2
cutlineendpoint
8
L12
10
61.2
20
-9.58083832335329
0
INSERT
2
cutlineendpoint
8
L12
10
-64.2
20
-9.58083832335329
0
INSERT
2
cutlineendpoint
8
L12
10
64.2
20
-9.58083832335329
0
INSERT
2
cutlineendpoint
8
L12
10
-61.2
20
-4.790419161676638
0
INSERT
2
cutlineendpoint
8
L12
10
61.2
20
-4.790419161676638
0
INSERT
2
cutlineendpoint
8
L12
10
-64.2
20
-4.790419161676638
0
INSERT
2
cutlineendpoint
8
L12
10
64.2
20
-4.790419161676638
0
INSERT
2
cutlineendpoint
8
L12
10
-61.2
20
0.0
0
INSERT
2
cutlineendpoint
8
L12
10
61.2
20
0.0
0
INSERT
2
cutlineendpoint
8
L12
10
-64.2
20
0.0
0
INSERT
2
cutlineendpoint
8
L12
10
64.2
20
0.0
0
INSERT
2
cutlineendpoint
8
L12
10
-61.2
20
4.790419161676638
0
INSERT
2
cutlineendpoint
8
L12
10
61.2
20
4.790419161676638
0
INSERT
2
cutlineendpoint
8
L12
10
-64.2
20
4.790419161676638
0
INSERT
2
cutlineendpoint
8
L12
10
64.2
20
4.790419161676638
0
INSERT
2
cutlineendpoint
8
L12
10
-61.2
20
9.58083832335329
0
INSERT
2
cutlineendpoint
8
L12
10
61.2
20
9.58083832335329
0
INSERT
2
cutlineendpoint
8
L12
10
-64.2
20
9.58083832335329
0
INSERT
2
cutlineendpoint
8
L12
10
64.2
20
9.58083832335329
0
INSERT
2
cutlineendpoint
8
L12
10
-61.2
20
14.371257485029943
0
INSERT
2
cutlineendpoint
8
L12
10
61.2
20
14.371257485029943
0
INSERT
2
cutlineendpoint
8
L12
10
-64.2
20
14.371257485029943
0
INSERT
2
cutlineendpoint
8
L12
10
64.2
20
14.371257485029943
0
INSERT
2
cutlineendpoint
8
L12
10
-61.2
20
19.161676646706596
0
INSERT
2
cutlineendpoint
8
L12
10
61.2
20
19.161676646706596
0
INSERT
2
cutlineendpoint
8
L12
10
-64.2
20
19.161676646706596
0
INSERT
2
cutlineendpoint
8
L12
10
64.2
20
19.161676646706596
0
INSERT
2
cutlineendpoint
8
L12
10
-61.2
20
23.95209580838325
0
INSERT
2
cutlineendpoint
8
L12
10
61.2
20
23.95209580838325
0
INSERT
2
cutlineendpoint
8
L12
10
-64.2
20
23.95209580838325
0
INSERT
2
cutlineendpoint
8
L12
10
64.2
20
23.95209580838325
0
INSERT
2
cutlineendpoint
8
L12
10
-61.2
20
28.742514970059872
0
INSERT
2
cutlineendpoint
8
L12
10
61.2
20
28.742514970059872
0
INSERT
2
cutlineendpoint
8
L12
10
-64.2
20
28.742514970059872
0
INSERT
2
cutlineendpoint
8
L12
10
64.2
20
28.742514970059872
0
INSERT
2
cutlineendpoint
8
L12
10
-61.2
20
33.532934131736525
0
INSERT
2
cutlineendpoint
8
L12
10
61.2
20
33.532934131736525
0
INSERT
2
cutlineendpoint
8
L12
10
-64.2
20
33.532934131736525
0
INSERT
2
cutlineendpoint
8
L12
10
64.2
20
33.532934131736525
0
INSERT
2
cutlineendpoint
8
L12
10
-61.2
20
38.32335329341318
0
INSERT
2
cutlineendpoint
8
L12
10
61.2
20
38.32335329341318
0
INSERT
2
cutlineendpoint
8
L12
10
-64.2
20
38.32335329341318
0
INSERT
2
cutlineendpoint
8
L12
10
64.2
20
38.32335329341318
0
INSERT
2
cutlineendpoint
8
L12
10
-61.2
20
43.11377245508983
0
INSERT
2
cutlineendpoint
8
L12
10
61.2
20
43.11377245508983
0
INSERT
2
cutlineendpoint
8
L12
10
-64.2
20
43.11377245508983
0
INSERT
2
cutlineendpoint
8
L12
10
64.2
20
43.11377245508983
0
INSERT
2
cutlineendpoint
8
L12
10
-61.2
20
47.90419161676648
0
INSERT
2
cutlineendpoint
8
L12
10
61.2
20
47.90419161676648
0
INSERT
2
cutlineendpoint
8
L12
10
-64.2
20
47.90419161676648
0
INSERT
2
cutlineendpoint
8
L12
10
64.2
20
47.90419161676648
0
INSERT
2
cutlineendpoint
8
L12
10
-61.2
20
52.694610778443106
0
INSERT
2
cutlineendpoint
8
L12
10
61.2
20
52.694610778443106
0
INSERT
2
cutlineendpoint
8
L12
10
-64.2
20
52.694610778443106
0
INSERT
2
cutlineendpoint
8
L12
10
64.2
20
52.694610778443106
0
INSERT
2
cutlineendpoint
8
L12
10
-61.2
20
57.48502994011976
0
INSERT
2
cutlineendpoint
8
L12
10
61.2
20
57.48502994011976
0
INSERT
2
cutlineendpoint
8
L12
10
-64.2
20
57.48502994011976
0
INSERT
2
cutlineendpoint
8
L12
10
64.2
20
57.48502994011976
0
TEXT
8
L12
10
-10.5
20
69.7
40
1.5
1
XFL94-0512-011-L12
0
POLYLINE
8
L12
66
1
70
1
0
VERTEX
8
L12
10
-100.0
20
100.0
30
0
40
1
41
1
0
VERTEX
8
L12
10
100.0
20
100.0
30
0
40
1
41
1
0
VERTEX
8
L12
10
100.0
20
-100.0
30
0
40
1
41
1
0
VERTEX
8
L12
10
-100.0
20
-100.0
30
0
40
1
41
1
0
SEQEND
0
ENDSEC
0
EOF
