0
SECTION
2
HEADER
9
$ACADVER
1
AC1006
9
$INSBASE
10
0.0
20
0.0
30
0.0
9
$EXTMIN
10
-104.20359281437126
20
-104.20359281437126
9
$EXTMAX
10
104.20359281437126
20
114.38323353293414
0
ENDSEC
0
SECTION
2
TABLES
0
TABLE
2
LTYPE
70
1
0
LTYPE
2
CONTINUOUS
70
64
3
Solid line
72
65
73
0
40
0.0
0
ENDTAB
0
TABLE
2
LAYER
70
3
0
LAYER
2
0
70
0
62
255
6
continuous
0
LAYER
2
0
70
0
62
7
6
continuous
0
LAYER
2
L9
70
0
62
7
6
continuous
0
ENDTAB
0
TABLE
2
STYLE
70
2
0
STYLE
2
STANDARD
70
0
40
0
41
1
50
0
71
0
42
1
3
ARIAL.TTF
4

0
STYLE
2
STANDARD
70
0
40
0
41
1
50
0
71
0
42
1
3
ARIAL.TTF
4

0
ENDTAB
0
TABLE
2
VIEW
70
1
0
VIEW
2
Normal
70
0
40
1
10
0.5
20
0.5
41
1
11
0
21
0
31
1
12
0
22
0
32
0
42
50
43
0
44
0
50
0
71
0
0
ENDTAB
0
ENDSEC
0
SECTION
2
BLOCKS
0
BLOCK
8
0
2
cutlineendpoint
70
0
10
0
20
0
30
0
3
cutlineendpoint
0
POLYLINE
8
0
66
1
70
1
40
0.04
41
0.04
0
VERTEX
8
0
10
-0.02
20
0
30
0
42
1.0
0
VERTEX
8
0
10
0.02
20
0
30
0
42
1.0
0
SEQEND
0
ENDBLK
0
BLOCK
8
L9
2
LDI_XFL94-0512-011_L9_B1
70
0
10
0
20
0
30
0
3
LDI_XFL94-0512-011_L9_B1
0
POLYLINE
8
L9
66
1
70
1
0
VERTEX
8
L9
10
-47.12055830947976
20
-56.29871330966362
0
VERTEX
8
L9
10
-47.0993520064072
20
-56.31882209831538
0
VERTEX
8
L9
10
-47.07307022232072
20
-56.33160249331235
0
VERTEX
8
L9
10
-47.0441583106015
20
-56.33586535992852
0
VERTEX
8
L9
10
-47.015306341331794
20
-56.33121406545208
0
VERTEX
8
L9
10
-46.98919880732895
20
-56.318081383344584
0
VERTEX
8
L9
10
-46.96826484910859
20
-56.29768922641415
0
VERTEX
8
L9
10
-46.954452238760624
20
-56.27193495557567
0
VERTEX
8
L9
10
-46.94904615210514
20
-56.24321484244705
0
VERTEX
8
L9
10
-46.95254959123052
20
-56.21420111146771
0
VERTEX
8
L9
10
-46.96463658333816
20
-56.18759330635649
0
VERTEX
8
L9
10
-46.9841825104447
20
-56.165867114683934
0
VERTEX
8
L9
10
-47.00936874795521
20
-56.15104402083983
0
VERTEX
8
L9
10
-47.037851876151564
20
-56.14450321972706
0
VERTEX
8
L9
10
-47.06698172053983
20
-56.14685329142013
0
VERTEX
8
L9
10
-47.09404793378461
20
-56.15787557664758
0
VERTEX
8
L9
10
-47.11653217634486
20
-56.17654452165093
0
VERTEX
8
L9
10
-47.132342432001806
20
-56.20112309945985
0
VERTEX
8
L9
10
-47.14000765670451
20
-56.229324429238844
0
VERTEX
8
L9
10
-47.211383008469674
20
-56.23846295732267
0
VERTEX
8
L9
10
-47.28334059815458
20
-56.23822042510439
0
VERTEX
8
L9
10
-47.35465272635758
20
-56.22860097053055
0
VERTEX
8
L9
10
-47.42410270617309
20
-56.209768715254995
0
VERTEX
8
L9
10
-47.49050562161048
20
-56.18204496448867
0
VERTEX
8
L9
10
-47.55272854395565
20
-56.1459027250732
0
VERTEX
8
L9
10
-47.60970986115535
20
-56.10195863530761
0
VERTEX
8
L9
10
-47.66047739043721
20
-56.05096244421696
0
VERTEX
8
L9
10
-47.704164965138396
20
-55.9937842197616
0
VERTEX
8
L9
10
-47.74002721274775
20
-55.931399504233326
0
VERTEX
8
L9
10
-47.767452272026915
20
-55.86487267010849
0
VERTEX
8
L9
10
-47.78597223223828
20
-55.79533876033126
0
VERTEX
8
L9
10
-47.795271116371346
20
-55.72398412285745
0
VERTEX
8
L9
10
-47.79519027216253
20
-55.65202616986161
0
VERTEX
8
L9
10
-47.78573107892966
20
-55.580692606943984
0
VERTEX
8
L9
10
-47.76705492403887
20
-55.51120048671706
0
VERTEX
8
L9
10
-47.739480449405264
20
-55.44473544414715
0
VERTEX
8
L9
10
-47.703478115006156
20
-55.3824314679261
0
VERTEX
8
L9
10
-47.65966217216087
20
-55.32535155300222
0
VERTEX
8
L9
10
-47.60878018352472
20
-55.274469564366065
0
VERTEX
8
L9
10
-47.55170026860084
20
-55.23065362152078
0
VERTEX
8
L9
10
-47.48939629237979
20
-55.19465128712167
0
VERTEX
8
L9
10
-47.42293124980988
20
-55.16707681248808
0
VERTEX
8
L9
10
-47.35343912958295
20
-55.148400657597286
0
VERTEX
8
L9
10
-47.28210556666534
20
-55.138941464364414
0
VERTEX
8
L9
10
-47.210147613669484
20
-55.13886062015559
0
VERTEX
8
L9
10
-47.138792976195674
20
-55.148159504288664
0
VERTEX
8
L9
10
-47.069259066418454
20
-55.16667946450003
0
VERTEX
8
L9
10
-47.002732232293624
20
-55.194104523779195
0
VERTEX
8
L9
10
-46.94034751676534
20
-55.22996677138854
0
VERTEX
8
L9
10
-46.88316929230999
20
-55.27365434608973
0
VERTEX
8
L9
10
-46.83217310121934
20
-55.32442187537159
0
VERTEX
8
L9
10
-46.78822901145374
20
-55.38140319257129
0
VERTEX
8
L9
10
-46.75208677203827
20
-55.44362611491646
0
VERTEX
8
L9
10
-46.72436302127194
20
-55.510029030353856
0
VERTEX
8
L9
10
-46.705530765996386
20
-55.579479010169365
0
VERTEX
8
L9
10
-46.69591131142255
20
-55.65079113837236
0
VERTEX
8
L9
10
-46.69566877920428
20
-55.72274872805727
0
VERTEX
8
L9
10
-46.70480730728809
20
-55.794124079822424
0
VERTEX
8
L9
10
-46.7330086370671
20
-55.80178930452514
0
VERTEX
8
L9
10
-46.75758721487601
20
-55.81759956018208
0
VERTEX
8
L9
10
-46.77625615987937
20
-55.84008380274234
0
VERTEX
8
L9
10
-46.78727844510681
20
-55.867150015987114
0
VERTEX
8
L9
10
-46.78962851679988
20
-55.89627986037538
0
VERTEX
8
L9
10
-46.78308771568712
20
-55.924762988571736
0
VERTEX
8
L9
10
-46.768264621843
20
-55.94994922608224
0
VERTEX
8
L9
10
-46.746538430170446
20
-55.96949515318878
0
VERTEX
8
L9
10
-46.719930625059234
20
-55.98158214529643
0
VERTEX
8
L9
10
-46.69091689407989
20
-55.98508558442181
0
VERTEX
8
L9
10
-46.66219678095128
20
-55.97967949776632
0
VERTEX
8
L9
10
-46.636442510112786
20
-55.96586688741834
0
VERTEX
8
L9
10
-46.61605035318236
20
-55.944932929197996
0
VERTEX
8
L9
10
-46.60291767107486
20
-55.91882539519514
0
VERTEX
8
L9
10
-46.59826637659842
20
-55.88997342592543
0
VERTEX
8
L9
10
-46.60252924321459
20
-55.86106151420622
0
VERTEX
8
L9
10
-46.615309638211556
20
-55.83477973011974
0
VERTEX
8
L9
10
-46.635418426863325
20
-55.813573427047174
0
VERTEX
8
L9
10
-46.62475589613999
20
-55.7385102522607
0
VERTEX
8
L9
10
-46.6232939354891
20
-55.66270766364062
0
VERTEX
8
L9
10
-46.63105421354466
20
-55.58728917880467
0
VERTEX
8
L9
10
-46.6479217103677
20
-55.51337262232795
0
VERTEX
8
L9
10
-46.67364642222891
20
-55.442053557765185
0
VERTEX
8
L9
10
-46.70784706707035
20
-55.37438904961741
0
VERTEX
8
L9
10
-46.75001673572547
20
-55.31138199591731
0
VERTEX
8
L9
10
-46.79953040513729
20
-55.25396626364968
0
VERTEX
8
L9
10
-46.85565420221627
20
-55.20299284732424
0
VERTEX
8
L9
10
-46.9175562810329
20
-55.15921725585329
0
VERTEX
8
L9
10
-46.9843191521268
20
-55.12328831468119
0
VERTEX
8
L9
10
-47.05495328119251
20
-55.09573854913628
0
VERTEX
8
L9
10
-47.12841175558674
20
-55.07697629153962
0
VERTEX
8
L9
10
-47.20360580127608
20
-55.06727962905609
0
VERTEX
8
L9
10
-47.279420920238515
20
-55.06679228199037
0
VERTEX
8
L9
10
-47.35473340913625
20
-55.0755214736184
0
VERTEX
8
L9
10
-47.428427014426326
20
-55.09333782312666
0
VERTEX
8
L9
10
-47.49940947705315
20
-55.119977263246206
0
VERTEX
8
L9
10
-47.56662872150367
20
-55.155044954158946
0
VERTEX
8
L9
10
-47.62908844927719
20
-55.198021135665776
0
VERTEX
8
L9
10
-47.6858629056491
20
-55.24826883087784
0
VERTEX
8
L9
10
-47.73611060086117
20
-55.30504328724975
0
VERTEX
8
L9
10
-47.77908678236799
20
-55.367503015023274
0
VERTEX
8
L9
10
-47.81415447328073
20
-55.434722259473794
0
VERTEX
8
L9
10
-47.840793913400276
20
-55.50570472210061
0
VERTEX
8
L9
10
-47.85861026290854
20
-55.57939832739069
0
VERTEX
8
L9
10
-47.86733945453658
20
-55.65471081628843
0
VERTEX
8
L9
10
-47.866852107470855
20
-55.73052593525086
0
VERTEX
8
L9
10
-47.85715544498731
20
-55.805719980940204
0
VERTEX
8
L9
10
-47.838393187390665
20
-55.879178455334426
0
VERTEX
8
L9
10
-47.810843421845746
20
-55.949812584400135
0
VERTEX
8
L9
10
-47.77491448067365
20
-56.01657545549405
0
VERTEX
8
L9
10
-47.731138889202704
20
-56.078477534310665
0
VERTEX
8
L9
10
-47.68016547287726
20
-56.13460133138966
0
VERTEX
8
L9
10
-47.622749740609635
20
-56.18411500080147
0
VERTEX
8
L9
10
-47.55974268690953
20
-56.2262846694566
0
VERTEX
8
L9
10
-47.49207817876175
20
-56.26048531429802
0
VERTEX
8
L9
10
-47.42075911419899
20
-56.28621002615924
0
VERTEX
8
L9
10
-47.346842557722276
20
-56.30307752298229
0
VERTEX
8
L9
10
-47.271424072886326
20
-56.310837801037835
0
VERTEX
8
L9
10
-47.19562148426624
20
-56.30937584038695
0
VERTEX
8
L9
10
-47.12055830947976
20
-56.29871330966362
0
SEQEND
0
POLYLINE
8
L9
66
1
70
1
0
VERTEX
8
L9
10
-50.37056959708876
20
-55.813573427047174
0
VERTEX
8
L9
10
-50.39067838574052
20
-55.83477973011974
0
VERTEX
8
L9
10
-50.403458780737495
20
-55.86106151420622
0
VERTEX
8
L9
10
-50.40772164735367
20
-55.88997342592543
0
VERTEX
8
L9
10
-50.40307035287723
20
-55.91882539519514
0
VERTEX
8
L9
10
-50.389937670769726
20
-55.944932929198
0
VERTEX
8
L9
10
-50.36954551383929
20
-55.96586688741835
0
VERTEX
8
L9
10
-50.34379124300081
20
-55.97967949776632
0
VERTEX
8
L9
10
-50.315071129872194
20
-55.98508558442181
0
VERTEX
8
L9
10
-50.28605739889285
20
-55.98158214529643
0
VERTEX
8
L9
10
-50.25944959378163
20
-55.96949515318878
0
VERTEX
8
L9
10
-50.237723402109076
20
-55.949949226082246
0
VERTEX
8
L9
10
-50.22290030826496
20
-55.924762988571736
0
VERTEX
8
L9
10
-50.216359507152205
20
-55.89627986037538
0
VERTEX
8
L9
10
-50.21870957884527
20
-55.867150015987114
0
VERTEX
8
L9
10
-50.22973186407272
20
-55.84008380274234
0
VERTEX
8
L9
10
-50.248400809076074
20
-55.81759956018208
0
VERTEX
8
L9
10
-50.272979386884984
20
-55.80178930452514
0
VERTEX
8
L9
10
-50.301180716663985
20
-55.794124079822424
0
VERTEX
8
L9
10
-50.3103192447478
20
-55.72274872805727
0
VERTEX
8
L9
10
-50.31007671252953
20
-55.65079113837236
0
VERTEX
8
L9
10
-50.30045725795569
20
-55.579479010169365
0
VERTEX
8
L9
10
-50.28162500268014
20
-55.510029030353856
0
VERTEX
8
L9
10
-50.25390125191381
20
-55.44362611491646
0
VERTEX
8
L9
10
-50.21775901249834
20
-55.38140319257129
0
VERTEX
8
L9
10
-50.173814922732745
20
-55.32442187537159
0
VERTEX
8
L9
10
-50.1228187316421
20
-55.27365434608973
0
VERTEX
8
L9
10
-50.06564050718674
20
-55.22996677138855
0
VERTEX
8
L9
10
-50.00325579165846
20
-55.194104523779195
0
VERTEX
8
L9
10
-49.93672895753363
20
-55.16667946450003
0
VERTEX
8
L9
10
-49.867195047756404
20
-55.148159504288664
0
VERTEX
8
L9
10
-49.795840410282594
20
-55.1388606201556
0
VERTEX
8
L9
10
-49.72388245728675
20
-55.138941464364414
0
VERTEX
8
L9
10
-49.652548894369126
20
-55.148400657597286
0
VERTEX
8
L9
10
-49.5830567741422
20
-55.16707681248808
0
VERTEX
8
L9
10
-49.51659173157229
20
-55.19465128712167
0
VERTEX
8
L9
10
-49.45428775535124
20
-55.23065362152079
0
VERTEX
8
L9
10
-49.39720784042736
20
-55.27446956436607
0
VERTEX
8
L9
10
-49.34632585179121
20
-55.32535155300222
0
VERTEX
8
L9
10
-49.30250990894592
20
-55.382431467926104
0
VERTEX
8
L9
10
-49.266507574546814
20
-55.44473544414715
0
VERTEX
8
L9
10
-49.23893309991322
20
-55.51120048671706
0
VERTEX
8
L9
10
-49.22025694502242
20
-55.58069260694399
0
VERTEX
8
L9
10
-49.21079775178955
20
-55.65202616986161
0
VERTEX
8
L9
10
-49.21071690758073
20
-55.72398412285745
0
VERTEX
8
L9
10
-49.220015791713806
20
-55.79533876033126
0
VERTEX
8
L9
10
-49.23853575192516
20
-55.8648726701085
0
VERTEX
8
L9
10
-49.26596081120434
20
-55.931399504233326
0
VERTEX
8
L9
10
-49.30182305881368
20
-55.99378421976161
0
VERTEX
8
L9
10
-49.34551063351487
20
-56.05096244421696
0
VERTEX
8
L9
10
-49.39627816279673
20
-56.10195863530761
0
VERTEX
8
L9
10
-49.453259479996426
20
-56.1459027250732
0
VERTEX
8
L9
10
-49.515482402341604
20
-56.18204496448867
0
VERTEX
8
L9
10
-49.581885317779
20
-56.209768715254995
0
VERTEX
8
L9
10
-49.65133529759451
20
-56.22860097053056
0
VERTEX
8
L9
10
-49.722647425797504
20
-56.23822042510439
0
VERTEX
8
L9
10
-49.79460501548241
20
-56.23846295732267
0
VERTEX
8
L9
10
-49.865980367247566
20
-56.229324429238844
0
VERTEX
8
L9
10
-49.87364559195027
20
-56.20112309945985
0
VERTEX
8
L9
10
-49.889455847607216
20
-56.17654452165093
0
VERTEX
8
L9
10
-49.91194009016748
20
-56.15787557664758
0
VERTEX
8
L9
10
-49.939006303412256
20
-56.14685329142013
0
VERTEX
8
L9
10
-49.96813614780052
20
-56.14450321972706
0
VERTEX
8
L9
10
-49.99661927599688
20
-56.15104402083982
0
VERTEX
8
L9
10
-50.02180551350738
20
-56.165867114683934
0
VERTEX
8
L9
10
-50.04135144061392
20
-56.18759330635649
0
VERTEX
8
L9
10
-50.05343843272157
20
-56.21420111146771
0
VERTEX
8
L9
10
-50.05694187184695
20
-56.24321484244705
0
VERTEX
8
L9
10
-50.05153578519146
20
-56.27193495557566
0
VERTEX
8
L9
10
-50.03772317484349
20
-56.29768922641414
0
VERTEX
8
L9
10
-50.01678921662314
20
-56.318081383344584
0
VERTEX
8
L9
10
-49.990681682620284
20
-56.33121406545208
0
VERTEX
8
L9
10
-49.961829713350575
20
-56.33586535992852
0
VERTEX
8
L9
10
-49.93291780163136
20
-56.33160249331235
0
VERTEX
8
L9
10
-49.90663601754488
20
-56.31882209831538
0
VERTEX
8
L9
10
-49.885429714472316
20
-56.29871330966362
0
VERTEX
8
L9
10
-49.810366539685845
20
-56.30937584038695
0
VERTEX
8
L9
10
-49.73456395106576
20
-56.310837801037835
0
VERTEX
8
L9
10
-49.65914546622981
20
-56.30307752298229
0
VERTEX
8
L9
10
-49.58522890975309
20
-56.286210026159246
0
VERTEX
8
L9
10
-49.51390984519033
20
-56.26048531429802
0
VERTEX
8
L9
10
-49.446245337042555
20
-56.2262846694566
0
VERTEX
8
L9
10
-49.38323828334245
20
-56.18411500080147
0
VERTEX
8
L9
10
-49.32582255107482
20
-56.13460133138966
0
VERTEX
8
L9
10
-49.27484913474938
20
-56.078477534310665
0
VERTEX
8
L9
10
-49.231073543278434
20
-56.01657545549405
0
VERTEX
8
L9
10
-49.19514460210633
20
-55.949812584400135
0
VERTEX
8
L9
10
-49.16759483656142
20
-55.879178455334426
0
VERTEX
8
L9
10
-49.148832578964765
20
-55.805719980940204
0
VERTEX
8
L9
10
-49.13913591648123
20
-55.73052593525086
0
VERTEX
8
L9
10
-49.13864856941551
20
-55.65471081628843
0
VERTEX
8
L9
10
-49.147377761043536
20
-55.57939832739069
0
VERTEX
8
L9
10
-49.1651941105518
20
-55.50570472210062
0
VERTEX
8
L9
10
-49.19183355067135
20
-55.434722259473794
0
VERTEX
8
L9
10
-49.22690124158409
20
-55.367503015023274
0
VERTEX
8
L9
10
-49.26987742309092
20
-55.30504328724975
0
VERTEX
8
L9
10
-49.32012511830298
20
-55.24826883087784
0
VERTEX
8
L9
10
-49.376899574674894
20
-55.198021135665776
0
VERTEX
8
L9
10
-49.439359302448416
20
-55.155044954158946
0
VERTEX
8
L9
10
-49.506578546898936
20
-55.119977263246206
0
VERTEX
8
L9
10
-49.57756100952575
20
-55.09333782312666
0
VERTEX
8
L9
10
-49.651254614815834
20
-55.075521473618394
0
VERTEX
8
L9
10
-49.72656710371356
20
-55.06679228199037
0
VERTEX
8
L9
10
-49.802382222676
20
-55.06727962905609
0
VERTEX
8
L9
10
-49.877576268365345
20
-55.07697629153962
0
VERTEX
8
L9
10
-49.95103474275957
20
-55.09573854913628
0
VERTEX
8
L9
10
-50.02166887182528
20
-55.12328831468119
0
VERTEX
8
L9
10
-50.088431742919184
20
-55.15921725585329
0
VERTEX
8
L9
10
-50.150333821735806
20
-55.20299284732424
0
VERTEX
8
L9
10
-50.206457618814795
20
-55.25396626364968
0
VERTEX
8
L9
10
-50.25597128822661
20
-55.31138199591731
0
VERTEX
8
L9
10
-50.29814095688174
20
-55.37438904961741
0
VERTEX
8
L9
10
-50.332341601723165
20
-55.442053557765185
0
VERTEX
8
L9
10
-50.35806631358438
20
-55.51337262232795
0
VERTEX
8
L9
10
-50.374933810407434
20
-55.58728917880466
0
VERTEX
8
L9
10
-50.382694088462976
20
-55.66270766364062
0
VERTEX
8
L9
10
-50.38123212781209
20
-55.7385102522607
0
VERTEX
8
L9
10
-50.37056959708876
20
-55.813573427047174
0
SEQEND
0
POLYLINE
8
L9
66
1
70
1
0
VERTEX
8
L9
10
-48.50299401197604
20
-56.69146706586827
0
VERTEX
8
L9
10
-48.51278347639254
20
-56.69210870126523
0
VERTEX
8
L9
10
-48.52240544035873
20
-56.69402262889658
0
VERTEX
8
L9
10
-48.53169526940342
20
-56.697176100929916
0
VERTEX
8
L9
10
-48.540494011976044
20
-56.701515160584435
0
VERTEX
8
L9
10
-48.54865111915169
20
-56.70696556534642
0
VERTEX
8
L9
10
-48.55602702056503
20
-56.71343405727927
0
VERTEX
8
L9
10
-48.56249551249788
20
-56.72080995869261
0
VERTEX
8
L9
10
-48.56794591725988
20
-56.72896706586826
0
VERTEX
8
L9
10
-48.57228497691439
20
-56.737765808440884
0
VERTEX
8
L9
10
-48.57543844894772
20
-56.74705563748557
0
VERTEX
8
L9
10
-48.57735237657908
20
-56.75667760145176
0
VERTEX
8
L9
10
-48.57799401197604
20
-56.76646706586826
0
VERTEX
8
L9
10
-48.57735237657908
20
-56.77625653028477
0
VERTEX
8
L9
10
-48.57543844894772
20
-56.78587849425095
0
VERTEX
8
L9
10
-48.57228497691439
20
-56.79516832329565
0
VERTEX
8
L9
10
-48.56794591725988
20
-56.803967065868264
0
VERTEX
8
L9
10
-48.56249551249788
20
-56.81212417304392
0
VERTEX
8
L9
10
-48.55602702056503
20
-56.81950007445725
0
VERTEX
8
L9
10
-48.54865111915169
20
-56.82596856639011
0
VERTEX
8
L9
10
-48.540494011976044
20
-56.8314189711521
0
VERTEX
8
L9
10
-48.53169526940342
20
-56.83575803080661
0
VERTEX
8
L9
10
-48.52240544035873
20
-56.83891150283994
0
VERTEX
8
L9
10
-48.51278347639254
20
-56.8408254304713
0
VERTEX
8
L9
10
-48.50299401197604
20
-56.841467065868265
0
VERTEX
8
L9
10
-48.493204547559536
20
-56.8408254304713
0
VERTEX
8
L9
10
-48.48358258359335
20
-56.83891150283994
0
VERTEX
8
L9
10
-48.47429275454866
20
-56.83575803080661
0
VERTEX
8
L9
10
-48.46549401197604
20
-56.8314189711521
0
VERTEX
8
L9
10
-48.457336904800385
20
-56.82596856639011
0
VERTEX
8
L9
10
-48.44996100338705
20
-56.81950007445725
0
VERTEX
8
L9
10
-48.443492511454195
20
-56.81212417304392
0
VERTEX
8
L9
10
-48.43804210669221
20
-56.803967065868264
0
VERTEX
8
L9
10
-48.433703047037696
20
-56.79516832329565
0
VERTEX
8
L9
10
-48.43054957500436
20
-56.78587849425095
0
VERTEX
8
L9
10
-48.42863564737301
20
-56.77625653028477
0
VERTEX
8
L9
10
-48.42799401197604
20
-56.76646706586826
0
VERTEX
8
L9
10
-48.42863564737301
20
-56.75667760145176
0
VERTEX
8
L9
10
-48.43054957500436
20
-56.74705563748557
0
VERTEX
8
L9
10
-48.433703047037696
20
-56.737765808440884
0
VERTEX
8
L9
10
-48.43804210669221
20
-56.72896706586826
0
VERTEX
8
L9
10
-48.443492511454195
20
-56.72080995869261
0
VERTEX
8
L9
10
-48.44996100338705
20
-56.71343405727927
0
VERTEX
8
L9
10
-48.457336904800385
20
-56.70696556534642
0
VERTEX
8
L9
10
-48.46549401197604
20
-56.701515160584435
0
VERTEX
8
L9
10
-48.47429275454866
20
-56.697176100929916
0
VERTEX
8
L9
10
-48.48358258359335
20
-56.69402262889658
0
VERTEX
8
L9
10
-48.493204547559536
20
-56.69210870126523
0
VERTEX
8
L9
10
-48.50299401197604
20
-56.69146706586827
0
SEQEND
0
POLYLINE
8
L9
66
1
70
1
0
VERTEX
8
L9
10
-52.63473053892214
20
-55.61362275449102
0
VERTEX
8
L9
10
-52.64452000333865
20
-55.614264389887985
0
VERTEX
8
L9
10
-52.65414196730484
20
-55.61617831751934
0
VERTEX
8
L9
10
-52.66343179634953
20
-55.619331789552675
0
VERTEX
8
L9
10
-52.67223053892214
20
-55.62367084920719
0
VERTEX
8
L9
10
-52.6803876460978
20
-55.629121253969174
0
VERTEX
8
L9
10
-52.68776354751114
20
-55.63558974590203
0
VERTEX
8
L9
10
-52.69423203944399
20
-55.642965647315364
0
VERTEX
8
L9
10
-52.699682444205976
20
-55.65112275449102
0
VERTEX
8
L9
10
-52.70402150386049
20
-55.659921497063635
0
VERTEX
8
L9
10
-52.70717497589383
20
-55.66921132610833
0
VERTEX
8
L9
10
-52.709088903525185
20
-55.678833290074515
0
VERTEX
8
L9
10
-52.709730538922145
20
-55.68862275449102
0
VERTEX
8
L9
10
-52.709088903525185
20
-55.69841221890752
0
VERTEX
8
L9
10
-52.70717497589383
20
-55.70803418287371
0
VERTEX
8
L9
10
-52.70402150386049
20
-55.7173240119184
0
VERTEX
8
L9
10
-52.699682444205976
20
-55.726122754491016
0
VERTEX
8
L9
10
-52.69423203944399
20
-55.73427986166667
0
VERTEX
8
L9
10
-52.68776354751114
20
-55.74165576308001
0
VERTEX
8
L9
10
-52.6803876460978
20
-55.74812425501286
0
VERTEX
8
L9
10
-52.67223053892214
20
-55.75357465977485
0
VERTEX
8
L9
10
-52.66343179634953
20
-55.75791371942937
0
VERTEX
8
L9
10
-52.65414196730484
20
-55.7610671914627
0
VERTEX
8
L9
10
-52.64452000333865
20
-55.76298111909406
0
VERTEX
8
L9
10
-52.63473053892214
20
-55.76362275449102
0
VERTEX
8
L9
10
-52.62494107450564
20
-55.76298111909406
0
VERTEX
8
L9
10
-52.61531911053946
20
-55.7610671914627
0
VERTEX
8
L9
10
-52.60602928149476
20
-55.75791371942937
0
VERTEX
8
L9
10
-52.59723053892215
20
-55.75357465977485
0
VERTEX
8
L9
10
-52.58907343174649
20
-55.74812425501286
0
VERTEX
8
L9
10
-52.58169753033315
20
-55.74165576308001
0
VERTEX
8
L9
10
-52.5752290384003
20
-55.73427986166667
0
VERTEX
8
L9
10
-52.569778633638315
20
-55.726122754491016
0
VERTEX
8
L9
10
-52.565439573983795
20
-55.7173240119184
0
VERTEX
8
L9
10
-52.56228610195046
20
-55.70803418287371
0
VERTEX
8
L9
10
-52.56037217431911
20
-55.69841221890752
0
VERTEX
8
L9
10
-52.559730538922146
20
-55.68862275449102
0
VERTEX
8
L9
10
-52.56037217431911
20
-55.678833290074515
0
VERTEX
8
L9
10
-52.56228610195046
20
-55.66921132610833
0
VERTEX
8
L9
10
-52.565439573983795
20
-55.659921497063635
0
VERTEX
8
L9
10
-52.569778633638315
20
-55.65112275449102
0
VERTEX
8
L9
10
-52.5752290384003
20
-55.642965647315364
0
VERTEX
8
L9
10
-52.58169753033315
20
-55.63558974590203
0
VERTEX
8
L9
10
-52.58907343174649
20
-55.629121253969174
0
VERTEX
8
L9
10
-52.59723053892215
20
-55.62367084920719
0
VERTEX
8
L9
10
-52.60602928149476
20
-55.619331789552675
0
VERTEX
8
L9
10
-52.61531911053946
20
-55.61617831751934
0
VERTEX
8
L9
10
-52.62494107450564
20
-55.614264389887985
0
VERTEX
8
L9
10
-52.63473053892214
20
-55.61362275449102
0
SEQEND
0
POLYLINE
8
L9
66
1
70
1
0
VERTEX
8
L9
10
-48.50299401197604
20
-55.73338323353293
0
VERTEX
8
L9
10
-48.51278347639254
20
-55.7340248689299
0
VERTEX
8
L9
10
-48.52240544035873
20
-55.73593879656126
0
VERTEX
8
L9
10
-48.53169526940342
20
-55.73909226859459
0
VERTEX
8
L9
10
-48.540494011976044
20
-55.7434313282491
0
VERTEX
8
L9
10
-48.54865111915169
20
-55.74888173301109
0
VERTEX
8
L9
10
-48.55602702056503
20
-55.755350224943946
0
VERTEX
8
L9
10
-48.56249551249788
20
-55.76272612635728
0
VERTEX
8
L9
10
-48.56794591725988
20
-55.770883233532935
0
VERTEX
8
L9
10
-48.57228497691439
20
-55.77968197610555
0
VERTEX
8
L9
10
-48.57543844894772
20
-55.78897180515025
0
VERTEX
8
L9
10
-48.57735237657908
20
-55.79859376911643
0
VERTEX
8
L9
10
-48.57799401197604
20
-55.808383233532936
0
VERTEX
8
L9
10
-48.57735237657908
20
-55.818172697949436
0
VERTEX
8
L9
10
-48.57543844894772
20
-55.827794661915625
0
VERTEX
8
L9
10
-48.57228497691439
20
-55.837084490960315
0
VERTEX
8
L9
10
-48.56794591725988
20
-55.84588323353294
0
VERTEX
8
L9
10
-48.56249551249788
20
-55.854040340708586
0
VERTEX
8
L9
10
-48.55602702056503
20
-55.861416242121926
0
VERTEX
8
L9
10
-48.54865111915169
20
-55.867884734054776
0
VERTEX
8
L9
10
-48.540494011976044
20
-55.87333513881677
0
VERTEX
8
L9
10
-48.53169526940342
20
-55.87767419847128
0
VERTEX
8
L9
10
-48.52240544035873
20
-55.880827670504615
0
VERTEX
8
L9
10
-48.51278347639254
20
-55.88274159813597
0
VERTEX
8
L9
10
-48.50299401197604
20
-55.88338323353293
0
VERTEX
8
L9
10
-48.493204547559536
20
-55.88274159813597
0
VERTEX
8
L9
10
-48.48358258359335
20
-55.880827670504615
0
VERTEX
8
L9
10
-48.47429275454866
20
-55.87767419847128
0
VERTEX
8
L9
10
-48.46549401197604
20
-55.87333513881677
0
VERTEX
8
L9
10
-48.457336904800385
20
-55.867884734054776
0
VERTEX
8
L9
10
-48.44996100338705
20
-55.861416242121926
0
VERTEX
8
L9
10
-48.443492511454195
20
-55.854040340708586
0
VERTEX
8
L9
10
-48.43804210669221
20
-55.84588323353294
0
VERTEX
8
L9
10
-48.433703047037696
20
-55.837084490960315
0
VERTEX
8
L9
10
-48.43054957500436
20
-55.827794661915625
0
VERTEX
8
L9
10
-48.42863564737301
20
-55.818172697949436
0
VERTEX
8
L9
10
-48.42799401197604
20
-55.808383233532936
0
VERTEX
8
L9
10
-48.42863564737301
20
-55.79859376911643
0
VERTEX
8
L9
10
-48.43054957500436
20
-55.78897180515025
0
VERTEX
8
L9
10
-48.433703047037696
20
-55.77968197610555
0
VERTEX
8
L9
10
-48.43804210669221
20
-55.770883233532935
0
VERTEX
8
L9
10
-48.443492511454195
20
-55.76272612635728
0
VERTEX
8
L9
10
-48.44996100338705
20
-55.755350224943946
0
VERTEX
8
L9
10
-48.457336904800385
20
-55.74888173301109
0
VERTEX
8
L9
10
-48.46549401197604
20
-55.7434313282491
0
VERTEX
8
L9
10
-48.47429275454866
20
-55.73909226859459
0
VERTEX
8
L9
10
-48.48358258359335
20
-55.73593879656126
0
VERTEX
8
L9
10
-48.493204547559536
20
-55.7340248689299
0
VERTEX
8
L9
10
-48.50299401197604
20
-55.73338323353293
0
SEQEND
0
POLYLINE
8
L9
66
1
70
1
0
VERTEX
8
L9
10
-52.16769767948963
20
-55.783608813748685
0
VERTEX
8
L9
10
-52.177487143906134
20
-55.78425044914565
0
VERTEX
8
L9
10
-52.18710910787232
20
-55.78616437677701
0
VERTEX
8
L9
10
-52.196398936917014
20
-55.78931784881034
0
VERTEX
8
L9
10
-52.20519767948963
20
-55.793656908464854
0
VERTEX
8
L9
10
-52.213354786665285
20
-55.79910731322684
0
VERTEX
8
L9
10
-52.22073068807862
20
-55.8055758051597
0
VERTEX
8
L9
10
-52.22719918001147
20
-55.81295170657303
0
VERTEX
8
L9
10
-52.23264958477346
20
-55.82110881374869
0
VERTEX
8
L9
10
-52.236988644427974
20
-55.8299075563213
0
VERTEX
8
L9
10
-52.24014211646131
20
-55.839197385366
0
VERTEX
8
L9
10
-52.242056044092664
20
-55.84881934933218
0
VERTEX
8
L9
10
-52.24269767948963
20
-55.85860881374869
0
VERTEX
8
L9
10
-52.242056044092664
20
-55.86839827816519
0
VERTEX
8
L9
10
-52.24014211646131
20
-55.87802024213138
0
VERTEX
8
L9
10
-52.236988644427974
20
-55.88731007117607
0
VERTEX
8
L9
10
-52.23264958477346
20
-55.89610881374869
0
VERTEX
8
L9
10
-52.22719918001147
20
-55.90426592092434
0
VERTEX
8
L9
10
-52.22073068807862
20
-55.91164182233768
0
VERTEX
8
L9
10
-52.213354786665285
20
-55.91811031427053
0
VERTEX
8
L9
10
-52.20519767948963
20
-55.92356071903252
0
VERTEX
8
L9
10
-52.196398936917014
20
-55.927899778687035
0
VERTEX
8
L9
10
-52.18710910787232
20
-55.93105325072037
0
VERTEX
8
L9
10
-52.177487143906134
20
-55.932967178351724
0
VERTEX
8
L9
10
-52.16769767948963
20
-55.933608813748684
0
VERTEX
8
L9
10
-52.15790821507313
20
-55.932967178351724
0
VERTEX
8
L9
10
-52.14828625110694
20
-55.93105325072037
0
VERTEX
8
L9
10
-52.13899642206225
20
-55.927899778687035
0
VERTEX
8
L9
10
-52.130197679489626
20
-55.92356071903252
0
VERTEX
8
L9
10
-52.12204057231398
20
-55.91811031427053
0
VERTEX
8
L9
10
-52.11466467090064
20
-55.91164182233768
0
VERTEX
8
L9
10
-52.10819617896779
20
-55.90426592092434
0
VERTEX
8
L9
10
-52.10274577420579
20
-55.89610881374869
0
VERTEX
8
L9
10
-52.09840671455128
20
-55.88731007117607
0
VERTEX
8
L9
10
-52.09525324251795
20
-55.87802024213138
0
VERTEX
8
L9
10
-52.09333931488659
20
-55.86839827816519
0
VERTEX
8
L9
10
-52.09269767948963
20
-55.85860881374869
0
VERTEX
8
L9
10
-52.09333931488659
20
-55.84881934933218
0
VERTEX
8
L9
10
-52.09525324251795
20
-55.839197385366
0
VERTEX
8
L9
10
-52.09840671455128
20
-55.8299075563213
0
VERTEX
8
L9
10
-52.10274577420579
20
-55.82110881374869
0
VERTEX
8
L9
10
-52.10819617896779
20
-55.81295170657303
0
VERTEX
8
L9
10
-52.11466467090064
20
-55.8055758051597
0
VERTEX
8
L9
10
-52.12204057231398
20
-55.79910731322684
0
VERTEX
8
L9
10
-52.130197679489626
20
-55.793656908464854
0
VERTEX
8
L9
10
-52.13899642206225
20
-55.78931784881034
0
VERTEX
8
L9
10
-52.14828625110694
20
-55.78616437677701
0
VERTEX
8
L9
10
-52.15790821507313
20
-55.78425044914565
0
VERTEX
8
L9
10
-52.16769767948963
20
-55.783608813748685
0
SEQEND
0
POLYLINE
8
L9
66
1
70
1
0
VERTEX
8
L9
10
-48.50299401197604
20
-54.77529940119761
0
VERTEX
8
L9
10
-48.51278347639254
20
-54.775941036594574
0
VERTEX
8
L9
10
-48.52240544035873
20
-54.777854964225924
0
VERTEX
8
L9
10
-48.53169526940342
20
-54.78100843625926
0
VERTEX
8
L9
10
-48.540494011976044
20
-54.785347495913776
0
VERTEX
8
L9
10
-48.54865111915169
20
-54.79079790067576
0
VERTEX
8
L9
10
-48.55602702056503
20
-54.79726639260861
0
VERTEX
8
L9
10
-48.56249551249788
20
-54.80464229402195
0
VERTEX
8
L9
10
-48.56794591725988
20
-54.81279940119761
0
VERTEX
8
L9
10
-48.57228497691439
20
-54.821598143770224
0
VERTEX
8
L9
10
-48.57543844894772
20
-54.83088797281492
0
VERTEX
8
L9
10
-48.57735237657908
20
-54.8405099367811
0
VERTEX
8
L9
10
-48.57799401197604
20
-54.8502994011976
0
VERTEX
8
L9
10
-48.57735237657908
20
-54.86008886561411
0
VERTEX
8
L9
10
-48.57543844894772
20
-54.86971082958029
0
VERTEX
8
L9
10
-48.57228497691439
20
-54.87900065862499
0
VERTEX
8
L9
10
-48.56794591725988
20
-54.887799401197604
0
VERTEX
8
L9
10
-48.56249551249788
20
-54.89595650837326
0
VERTEX
8
L9
10
-48.55602702056503
20
-54.9033324097866
0
VERTEX
8
L9
10
-48.54865111915169
20
-54.90980090171945
0
VERTEX
8
L9
10
-48.540494011976044
20
-54.91525130648144
0
VERTEX
8
L9
10
-48.53169526940342
20
-54.91959036613595
0
VERTEX
8
L9
10
-48.52240544035873
20
-54.92274383816929
0
VERTEX
8
L9
10
-48.51278347639254
20
-54.92465776580064
0
VERTEX
8
L9
10
-48.50299401197604
20
-54.925299401197606
0
VERTEX
8
L9
10
-48.493204547559536
20
-54.92465776580064
0
VERTEX
8
L9
10
-48.48358258359335
20
-54.92274383816929
0
VERTEX
8
L9
10
-48.47429275454866
20
-54.91959036613595
0
VERTEX
8
L9
10
-48.46549401197604
20
-54.91525130648144
0
VERTEX
8
L9
10
-48.457336904800385
20
-54.90980090171945
0
VERTEX
8
L9
10
-48.44996100338705
20
-54.9033324097866
0
VERTEX
8
L9
10
-48.443492511454195
20
-54.89595650837326
0
VERTEX
8
L9
10
-48.43804210669221
20
-54.887799401197604
0
VERTEX
8
L9
10
-48.433703047037696
20
-54.87900065862499
0
VERTEX
8
L9
10
-48.43054957500436
20
-54.86971082958029
0
VERTEX
8
L9
10
-48.42863564737301
20
-54.86008886561411
0
VERTEX
8
L9
10
-48.42799401197604
20
-54.8502994011976
0
VERTEX
8
L9
10
-48.42863564737301
20
-54.8405099367811
0
VERTEX
8
L9
10
-48.43054957500436
20
-54.83088797281492
0
VERTEX
8
L9
10
-48.433703047037696
20
-54.821598143770224
0
VERTEX
8
L9
10
-48.43804210669221
20
-54.81279940119761
0
VERTEX
8
L9
10
-48.443492511454195
20
-54.80464229402195
0
VERTEX
8
L9
10
-48.44996100338705
20
-54.79726639260861
0
VERTEX
8
L9
10
-48.457336904800385
20
-54.79079790067576
0
VERTEX
8
L9
10
-48.46549401197604
20
-54.785347495913776
0
VERTEX
8
L9
10
-48.47429275454866
20
-54.78100843625926
0
VERTEX
8
L9
10
-48.48358258359335
20
-54.777854964225924
0
VERTEX
8
L9
10
-48.493204547559536
20
-54.775941036594574
0
VERTEX
8
L9
10
-48.50299401197604
20
-54.77529940119761
0
SEQEND
0
POLYLINE
8
L9
66
1
70
1
0
VERTEX
8
L9
10
-49.76047904191616
20
-55.61362275449102
0
VERTEX
8
L9
10
-49.77026850633266
20
-55.614264389887985
0
VERTEX
8
L9
10
-49.77989047029885
20
-55.61617831751934
0
VERTEX
8
L9
10
-49.78918029934354
20
-55.619331789552675
0
VERTEX
8
L9
10
-49.79797904191616
20
-55.62367084920719
0
VERTEX
8
L9
10
-49.80613614909181
20
-55.629121253969174
0
VERTEX
8
L9
10
-49.81351205050515
20
-55.63558974590203
0
VERTEX
8
L9
10
-49.819980542438
20
-55.642965647315364
0
VERTEX
8
L9
10
-49.82543094719999
20
-55.65112275449102
0
VERTEX
8
L9
10
-49.82977000685451
20
-55.659921497063635
0
VERTEX
8
L9
10
-49.83292347888784
20
-55.66921132610833
0
VERTEX
8
L9
10
-49.8348374065192
20
-55.678833290074515
0
VERTEX
8
L9
10
-49.83547904191616
20
-55.68862275449102
0
VERTEX
8
L9
10
-49.8348374065192
20
-55.69841221890752
0
VERTEX
8
L9
10
-49.83292347888784
20
-55.70803418287371
0
VERTEX
8
L9
10
-49.82977000685451
20
-55.7173240119184
0
VERTEX
8
L9
10
-49.82543094719999
20
-55.726122754491016
0
VERTEX
8
L9
10
-49.819980542438
20
-55.73427986166667
0
VERTEX
8
L9
10
-49.81351205050515
20
-55.74165576308001
0
VERTEX
8
L9
10
-49.80613614909181
20
-55.74812425501286
0
VERTEX
8
L9
10
-49.79797904191616
20
-55.75357465977485
0
VERTEX
8
L9
10
-49.78918029934354
20
-55.75791371942937
0
VERTEX
8
L9
10
-49.77989047029885
20
-55.7610671914627
0
VERTEX
8
L9
10
-49.77026850633266
20
-55.76298111909406
0
VERTEX
8
L9
10
-49.76047904191616
20
-55.76362275449102
0
VERTEX
8
L9
10
-49.75068957749966
20
-55.76298111909406
0
VERTEX
8
L9
10
-49.741067613533474
20
-55.7610671914627
0
VERTEX
8
L9
10
-49.73177778448878
20
-55.75791371942937
0
VERTEX
8
L9
10
-49.72297904191616
20
-55.75357465977485
0
VERTEX
8
L9
10
-49.714821934740506
20
-55.74812425501286
0
VERTEX
8
L9
10
-49.707446033327166
20
-55.74165576308001
0
VERTEX
8
L9
10
-49.700977541394316
20
-55.73427986166667
0
VERTEX
8
L9
10
-49.69552713663233
20
-55.726122754491016
0
VERTEX
8
L9
10
-49.69118807697782
20
-55.7173240119184
0
VERTEX
8
L9
10
-49.68803460494448
20
-55.70803418287371
0
VERTEX
8
L9
10
-49.68612067731313
20
-55.69841221890752
0
VERTEX
8
L9
10
-49.68547904191616
20
-55.68862275449102
0
VERTEX
8
L9
10
-49.68612067731313
20
-55.678833290074515
0
VERTEX
8
L9
10
-49.68803460494448
20
-55.66921132610833
0
VERTEX
8
L9
10
-49.69118807697782
20
-55.659921497063635
0
VERTEX
8
L9
10
-49.69552713663233
20
-55.65112275449102
0
VERTEX
8
L9
10
-49.700977541394316
20
-55.642965647315364
0
VERTEX
8
L9
10
-49.707446033327166
20
-55.63558974590203
0
VERTEX
8
L9
10
-49.714821934740506
20
-55.629121253969174
0
VERTEX
8
L9
10
-49.72297904191616
20
-55.62367084920719
0
VERTEX
8
L9
10
-49.73177778448878
20
-55.619331789552675
0
VERTEX
8
L9
10
-49.741067613533474
20
-55.61617831751934
0
VERTEX
8
L9
10
-49.75068957749966
20
-55.614264389887985
0
VERTEX
8
L9
10
-49.76047904191616
20
-55.61362275449102
0
SEQEND
0
POLYLINE
8
L9
66
1
70
1
0
VERTEX
8
L9
10
-48.50299401197604
20
-53.81721556886228
0
VERTEX
8
L9
10
-48.51278347639254
20
-53.81785720425924
0
VERTEX
8
L9
10
-48.52240544035873
20
-53.8197711318906
0
VERTEX
8
L9
10
-48.53169526940342
20
-53.82292460392393
0
VERTEX
8
L9
10
-48.540494011976044
20
-53.82726366357844
0
VERTEX
8
L9
10
-48.54865111915169
20
-53.83271406834044
0
VERTEX
8
L9
10
-48.55602702056503
20
-53.83918256027329
0
VERTEX
8
L9
10
-48.56249551249788
20
-53.84655846168663
0
VERTEX
8
L9
10
-48.56794591725988
20
-53.854715568862275
0
VERTEX
8
L9
10
-48.57228497691439
20
-53.8635143114349
0
VERTEX
8
L9
10
-48.57543844894772
20
-53.87280414047959
0
VERTEX
8
L9
10
-48.57735237657908
20
-53.88242610444578
0
VERTEX
8
L9
10
-48.57799401197604
20
-53.89221556886228
0
VERTEX
8
L9
10
-48.57735237657908
20
-53.90200503327878
0
VERTEX
8
L9
10
-48.57543844894772
20
-53.911626997244966
0
VERTEX
8
L9
10
-48.57228497691439
20
-53.92091682628966
0
VERTEX
8
L9
10
-48.56794591725988
20
-53.92971556886228
0
VERTEX
8
L9
10
-48.56249551249788
20
-53.937872676037934
0
VERTEX
8
L9
10
-48.55602702056503
20
-53.94524857745127
0
VERTEX
8
L9
10
-48.54865111915169
20
-53.95171706938412
0
VERTEX
8
L9
10
-48.540494011976044
20
-53.95716747414611
0
VERTEX
8
L9
10
-48.53169526940342
20
-53.96150653380062
0
VERTEX
8
L9
10
-48.52240544035873
20
-53.964660005833956
0
VERTEX
8
L9
10
-48.51278347639254
20
-53.96657393346531
0
VERTEX
8
L9
10
-48.50299401197604
20
-53.96721556886228
0
VERTEX
8
L9
10
-48.493204547559536
20
-53.96657393346531
0
VERTEX
8
L9
10
-48.48358258359335
20
-53.964660005833956
0
VERTEX
8
L9
10
-48.47429275454866
20
-53.96150653380062
0
VERTEX
8
L9
10
-48.46549401197604
20
-53.95716747414611
0
VERTEX
8
L9
10
-48.457336904800385
20
-53.95171706938412
0
VERTEX
8
L9
10
-48.44996100338705
20
-53.94524857745127
0
VERTEX
8
L9
10
-48.443492511454195
20
-53.937872676037934
0
VERTEX
8
L9
10
-48.43804210669221
20
-53.92971556886228
0
VERTEX
8
L9
10
-48.433703047037696
20
-53.92091682628966
0
VERTEX
8
L9
10
-48.43054957500436
20
-53.911626997244966
0
VERTEX
8
L9
10
-48.42863564737301
20
-53.90200503327878
0
VERTEX
8
L9
10
-48.42799401197604
20
-53.89221556886228
0
VERTEX
8
L9
10
-48.42863564737301
20
-53.88242610444578
0
VERTEX
8
L9
10
-48.43054957500436
20
-53.87280414047959
0
VERTEX
8
L9
10
-48.433703047037696
20
-53.8635143114349
0
VERTEX
8
L9
10
-48.43804210669221
20
-53.854715568862275
0
VERTEX
8
L9
10
-48.443492511454195
20
-53.84655846168663
0
VERTEX
8
L9
10
-48.44996100338705
20
-53.83918256027329
0
VERTEX
8
L9
10
-48.457336904800385
20
-53.83271406834044
0
VERTEX
8
L9
10
-48.46549401197604
20
-53.82726366357844
0
VERTEX
8
L9
10
-48.47429275454866
20
-53.82292460392393
0
VERTEX
8
L9
10
-48.48358258359335
20
-53.8197711318906
0
VERTEX
8
L9
10
-48.493204547559536
20
-53.81785720425924
0
VERTEX
8
L9
10
-48.50299401197604
20
-53.81721556886228
0
SEQEND
0
POLYLINE
8
L9
66
1
70
1
0
VERTEX
8
L9
10
-48.50299401197604
20
-53.338173652694614
0
VERTEX
8
L9
10
-48.51278347639254
20
-53.338815288091574
0
VERTEX
8
L9
10
-48.52240544035873
20
-53.34072921572293
0
VERTEX
8
L9
10
-48.53169526940342
20
-53.34388268775626
0
VERTEX
8
L9
10
-48.540494011976044
20
-53.34822174741078
0
VERTEX
8
L9
10
-48.54865111915169
20
-53.35367215217277
0
VERTEX
8
L9
10
-48.55602702056503
20
-53.36014064410562
0
VERTEX
8
L9
10
-48.56249551249788
20
-53.36751654551896
0
VERTEX
8
L9
10
-48.56794591725988
20
-53.375673652694616
0
VERTEX
8
L9
10
-48.57228497691439
20
-53.38447239526723
0
VERTEX
8
L9
10
-48.57543844894772
20
-53.39376222431192
0
VERTEX
8
L9
10
-48.57735237657908
20
-53.40338418827811
0
VERTEX
8
L9
10
-48.57799401197604
20
-53.41317365269461
0
VERTEX
8
L9
10
-48.57735237657908
20
-53.42296311711112
0
VERTEX
8
L9
10
-48.57543844894772
20
-53.4325850810773
0
VERTEX
8
L9
10
-48.57228497691439
20
-53.441874910121996
0
VERTEX
8
L9
10
-48.56794591725988
20
-53.45067365269461
0
VERTEX
8
L9
10
-48.56249551249788
20
-53.45883075987027
0
VERTEX
8
L9
10
-48.55602702056503
20
-53.46620666128361
0
VERTEX
8
L9
10
-48.54865111915169
20
-53.47267515321646
0
VERTEX
8
L9
10
-48.540494011976044
20
-53.478125557978444
0
VERTEX
8
L9
10
-48.53169526940342
20
-53.48246461763296
0
VERTEX
8
L9
10
-48.52240544035873
20
-53.485618089666296
0
VERTEX
8
L9
10
-48.51278347639254
20
-53.487532017297646
0
VERTEX
8
L9
10
-48.50299401197604
20
-53.48817365269461
0
VERTEX
8
L9
10
-48.493204547559536
20
-53.487532017297646
0
VERTEX
8
L9
10
-48.48358258359335
20
-53.485618089666296
0
VERTEX
8
L9
10
-48.47429275454866
20
-53.48246461763296
0
VERTEX
8
L9
10
-48.46549401197604
20
-53.478125557978444
0
VERTEX
8
L9
10
-48.457336904800385
20
-53.47267515321646
0
VERTEX
8
L9
10
-48.44996100338705
20
-53.46620666128361
0
VERTEX
8
L9
10
-48.443492511454195
20
-53.45883075987027
0
VERTEX
8
L9
10
-48.43804210669221
20
-53.45067365269461
0
VERTEX
8
L9
10
-48.433703047037696
20
-53.441874910121996
0
VERTEX
8
L9
10
-48.43054957500436
20
-53.4325850810773
0
VERTEX
8
L9
10
-48.42863564737301
20
-53.42296311711112
0
VERTEX
8
L9
10
-48.42799401197604
20
-53.41317365269461
0
VERTEX
8
L9
10
-48.42863564737301
20
-53.40338418827811
0
VERTEX
8
L9
10
-48.43054957500436
20
-53.39376222431192
0
VERTEX
8
L9
10
-48.433703047037696
20
-53.38447239526723
0
VERTEX
8
L9
10
-48.43804210669221
20
-53.375673652694616
0
VERTEX
8
L9
10
-48.443492511454195
20
-53.36751654551896
0
VERTEX
8
L9
10
-48.44996100338705
20
-53.36014064410562
0
VERTEX
8
L9
10
-48.457336904800385
20
-53.35367215217277
0
VERTEX
8
L9
10
-48.46549401197604
20
-53.34822174741078
0
VERTEX
8
L9
10
-48.47429275454866
20
-53.34388268775626
0
VERTEX
8
L9
10
-48.48358258359335
20
-53.34072921572293
0
VERTEX
8
L9
10
-48.493204547559536
20
-53.338815288091574
0
VERTEX
8
L9
10
-48.50299401197604
20
-53.338173652694614
0
SEQEND
0
POLYLINE
8
L9
66
1
70
1
0
VERTEX
8
L9
10
-44.37125748502994
20
-55.61362275449102
0
VERTEX
8
L9
10
-44.38104694944644
20
-55.614264389887985
0
VERTEX
8
L9
10
-44.390668913412625
20
-55.61617831751934
0
VERTEX
8
L9
10
-44.399958742457315
20
-55.619331789552675
0
VERTEX
8
L9
10
-44.40875748502994
20
-55.62367084920719
0
VERTEX
8
L9
10
-44.416914592205586
20
-55.629121253969174
0
VERTEX
8
L9
10
-44.424290493618926
20
-55.63558974590203
0
VERTEX
8
L9
10
-44.430758985551776
20
-55.642965647315364
0
VERTEX
8
L9
10
-44.43620939031378
20
-55.65112275449102
0
VERTEX
8
L9
10
-44.44054844996829
20
-55.659921497063635
0
VERTEX
8
L9
10
-44.44370192200162
20
-55.66921132610833
0
VERTEX
8
L9
10
-44.44561584963297
20
-55.678833290074515
0
VERTEX
8
L9
10
-44.44625748502993
20
-55.68862275449102
0
VERTEX
8
L9
10
-44.44561584963297
20
-55.69841221890752
0
VERTEX
8
L9
10
-44.44370192200162
20
-55.70803418287371
0
VERTEX
8
L9
10
-44.44054844996829
20
-55.7173240119184
0
VERTEX
8
L9
10
-44.43620939031378
20
-55.726122754491016
0
VERTEX
8
L9
10
-44.430758985551776
20
-55.73427986166667
0
VERTEX
8
L9
10
-44.424290493618926
20
-55.74165576308001
0
VERTEX
8
L9
10
-44.416914592205586
20
-55.74812425501286
0
VERTEX
8
L9
10
-44.40875748502994
20
-55.75357465977485
0
VERTEX
8
L9
10
-44.399958742457315
20
-55.75791371942937
0
VERTEX
8
L9
10
-44.390668913412625
20
-55.7610671914627
0
VERTEX
8
L9
10
-44.38104694944644
20
-55.76298111909406
0
VERTEX
8
L9
10
-44.37125748502994
20
-55.76362275449102
0
VERTEX
8
L9
10
-44.36146802061343
20
-55.76298111909406
0
VERTEX
8
L9
10
-44.35184605664725
20
-55.7610671914627
0
VERTEX
8
L9
10
-44.34255622760256
20
-55.75791371942937
0
VERTEX
8
L9
10
-44.333757485029935
20
-55.75357465977485
0
VERTEX
8
L9
10
-44.325600377854286
20
-55.74812425501286
0
VERTEX
8
L9
10
-44.318224476440946
20
-55.74165576308001
0
VERTEX
8
L9
10
-44.311755984508096
20
-55.73427986166667
0
VERTEX
8
L9
10
-44.30630557974611
20
-55.726122754491016
0
VERTEX
8
L9
10
-44.3019665200916
20
-55.7173240119184
0
VERTEX
8
L9
10
-44.29881304805825
20
-55.70803418287371
0
VERTEX
8
L9
10
-44.2968991204269
20
-55.69841221890752
0
VERTEX
8
L9
10
-44.29625748502994
20
-55.68862275449102
0
VERTEX
8
L9
10
-44.2968991204269
20
-55.678833290074515
0
VERTEX
8
L9
10
-44.29881304805825
20
-55.66921132610833
0
VERTEX
8
L9
10
-44.3019665200916
20
-55.659921497063635
0
VERTEX
8
L9
10
-44.30630557974611
20
-55.65112275449102
0
VERTEX
8
L9
10
-44.311755984508096
20
-55.642965647315364
0
VERTEX
8
L9
10
-44.318224476440946
20
-55.63558974590203
0
VERTEX
8
L9
10
-44.325600377854286
20
-55.629121253969174
0
VERTEX
8
L9
10
-44.333757485029935
20
-55.62367084920719
0
VERTEX
8
L9
10
-44.34255622760256
20
-55.619331789552675
0
VERTEX
8
L9
10
-44.35184605664725
20
-55.61617831751934
0
VERTEX
8
L9
10
-44.36146802061343
20
-55.614264389887985
0
VERTEX
8
L9
10
-44.37125748502994
20
-55.61362275449102
0
SEQEND
0
POLYLINE
8
L9
66
1
70
1
0
VERTEX
8
L9
10
-48.50299401197604
20
-54.29625748502994
0
VERTEX
8
L9
10
-48.51278347639254
20
-54.29689912042691
0
VERTEX
8
L9
10
-48.52240544035873
20
-54.298813048058264
0
VERTEX
8
L9
10
-48.53169526940342
20
-54.3019665200916
0
VERTEX
8
L9
10
-48.540494011976044
20
-54.30630557974611
0
VERTEX
8
L9
10
-48.54865111915169
20
-54.311755984508096
0
VERTEX
8
L9
10
-48.55602702056503
20
-54.31822447644095
0
VERTEX
8
L9
10
-48.56249551249788
20
-54.325600377854286
0
VERTEX
8
L9
10
-48.56794591725988
20
-54.33375748502994
0
VERTEX
8
L9
10
-48.57228497691439
20
-54.34255622760256
0
VERTEX
8
L9
10
-48.57543844894772
20
-54.351846056647254
0
VERTEX
8
L9
10
-48.57735237657908
20
-54.36146802061344
0
VERTEX
8
L9
10
-48.57799401197604
20
-54.37125748502994
0
VERTEX
8
L9
10
-48.57735237657908
20
-54.38104694944644
0
VERTEX
8
L9
10
-48.57543844894772
20
-54.39066891341263
0
VERTEX
8
L9
10
-48.57228497691439
20
-54.39995874245732
0
VERTEX
8
L9
10
-48.56794591725988
20
-54.408757485029945
0
VERTEX
8
L9
10
-48.56249551249788
20
-54.41691459220559
0
VERTEX
8
L9
10
-48.55602702056503
20
-54.42429049361893
0
VERTEX
8
L9
10
-48.54865111915169
20
-54.43075898555178
0
VERTEX
8
L9
10
-48.540494011976044
20
-54.43620939031378
0
VERTEX
8
L9
10
-48.53169526940342
20
-54.44054844996829
0
VERTEX
8
L9
10
-48.52240544035873
20
-54.44370192200162
0
VERTEX
8
L9
10
-48.51278347639254
20
-54.44561584963298
0
VERTEX
8
L9
10
-48.50299401197604
20
-54.44625748502994
0
VERTEX
8
L9
10
-48.493204547559536
20
-54.44561584963298
0
VERTEX
8
L9
10
-48.48358258359335
20
-54.44370192200162
0
VERTEX
8
L9
10
-48.47429275454866
20
-54.44054844996829
0
VERTEX
8
L9
10
-48.46549401197604
20
-54.43620939031378
0
VERTEX
8
L9
10
-48.457336904800385
20
-54.43075898555178
0
VERTEX
8
L9
10
-48.44996100338705
20
-54.42429049361893
0
VERTEX
8
L9
10
-48.443492511454195
20
-54.41691459220559
0
VERTEX
8
L9
10
-48.43804210669221
20
-54.408757485029945
0
VERTEX
8
L9
10
-48.433703047037696
20
-54.39995874245732
0
VERTEX
8
L9
10
-48.43054957500436
20
-54.39066891341263
0
VERTEX
8
L9
10
-48.42863564737301
20
-54.38104694944644
0
VERTEX
8
L9
10
-48.42799401197604
20
-54.37125748502994
0
VERTEX
8
L9
10
-48.42863564737301
20
-54.36146802061344
0
VERTEX
8
L9
10
-48.43054957500436
20
-54.351846056647254
0
VERTEX
8
L9
10
-48.433703047037696
20
-54.34255622760256
0
VERTEX
8
L9
10
-48.43804210669221
20
-54.33375748502994
0
VERTEX
8
L9
10
-48.443492511454195
20
-54.325600377854286
0
VERTEX
8
L9
10
-48.44996100338705
20
-54.31822447644095
0
VERTEX
8
L9
10
-48.457336904800385
20
-54.311755984508096
0
VERTEX
8
L9
10
-48.46549401197604
20
-54.30630557974611
0
VERTEX
8
L9
10
-48.47429275454866
20
-54.3019665200916
0
VERTEX
8
L9
10
-48.48358258359335
20
-54.298813048058264
0
VERTEX
8
L9
10
-48.493204547559536
20
-54.29689912042691
0
VERTEX
8
L9
10
-48.50299401197604
20
-54.29625748502994
0
SEQEND
0
POLYLINE
8
L9
66
1
70
1
0
VERTEX
8
L9
10
-44.83829034446245
20
-55.783608813748685
0
VERTEX
8
L9
10
-44.84807980887895
20
-55.78425044914565
0
VERTEX
8
L9
10
-44.85770177284515
20
-55.78616437677701
0
VERTEX
8
L9
10
-44.866991601889836
20
-55.78931784881034
0
VERTEX
8
L9
10
-44.87579034446246
20
-55.793656908464854
0
VERTEX
8
L9
10
-44.88394745163811
20
-55.79910731322684
0
VERTEX
8
L9
10
-44.89132335305145
20
-55.8055758051597
0
VERTEX
8
L9
10
-44.8977918449843
20
-55.81295170657303
0
VERTEX
8
L9
10
-44.903242249746285
20
-55.82110881374869
0
VERTEX
8
L9
10
-44.9075813094008
20
-55.8299075563213
0
VERTEX
8
L9
10
-44.91073478143413
20
-55.839197385366
0
VERTEX
8
L9
10
-44.91264870906549
20
-55.84881934933218
0
VERTEX
8
L9
10
-44.91329034446245
20
-55.85860881374869
0
VERTEX
8
L9
10
-44.91264870906549
20
-55.86839827816519
0
VERTEX
8
L9
10
-44.91073478143413
20
-55.87802024213138
0
VERTEX
8
L9
10
-44.9075813094008
20
-55.88731007117607
0
VERTEX
8
L9
10
-44.903242249746285
20
-55.89610881374869
0
VERTEX
8
L9
10
-44.8977918449843
20
-55.90426592092434
0
VERTEX
8
L9
10
-44.89132335305145
20
-55.91164182233768
0
VERTEX
8
L9
10
-44.88394745163811
20
-55.91811031427053
0
VERTEX
8
L9
10
-44.87579034446246
20
-55.92356071903252
0
VERTEX
8
L9
10
-44.866991601889836
20
-55.927899778687035
0
VERTEX
8
L9
10
-44.85770177284515
20
-55.93105325072037
0
VERTEX
8
L9
10
-44.84807980887895
20
-55.932967178351724
0
VERTEX
8
L9
10
-44.83829034446245
20
-55.933608813748684
0
VERTEX
8
L9
10
-44.82850088004595
20
-55.932967178351724
0
VERTEX
8
L9
10
-44.81887891607977
20
-55.93105325072037
0
VERTEX
8
L9
10
-44.809589087035064
20
-55.927899778687035
0
VERTEX
8
L9
10
-44.800790344462456
20
-55.92356071903252
0
VERTEX
8
L9
10
-44.79263323728679
20
-55.91811031427053
0
VERTEX
8
L9
10
-44.78525733587347
20
-55.91164182233768
0
VERTEX
8
L9
10
-44.7787888439406
20
-55.90426592092434
0
VERTEX
8
L9
10
-44.773338439178616
20
-55.89610881374869
0
VERTEX
8
L9
10
-44.768999379524104
20
-55.88731007117607
0
VERTEX
8
L9
10
-44.76584590749077
20
-55.87802024213138
0
VERTEX
8
L9
10
-44.76393197985942
20
-55.86839827816519
0
VERTEX
8
L9
10
-44.76329034446245
20
-55.85860881374869
0
VERTEX
8
L9
10
-44.76393197985942
20
-55.84881934933218
0
VERTEX
8
L9
10
-44.76584590749077
20
-55.839197385366
0
VERTEX
8
L9
10
-44.768999379524104
20
-55.8299075563213
0
VERTEX
8
L9
10
-44.773338439178616
20
-55.82110881374869
0
VERTEX
8
L9
10
-44.7787888439406
20
-55.81295170657303
0
VERTEX
8
L9
10
-44.78525733587347
20
-55.8055758051597
0
VERTEX
8
L9
10
-44.79263323728679
20
-55.79910731322684
0
VERTEX
8
L9
10
-44.800790344462456
20
-55.793656908464854
0
VERTEX
8
L9
10
-44.809589087035064
20
-55.78931784881034
0
VERTEX
8
L9
10
-44.81887891607977
20
-55.78616437677701
0
VERTEX
8
L9
10
-44.82850088004595
20
-55.78425044914565
0
VERTEX
8
L9
10
-44.83829034446245
20
-55.783608813748685
0
SEQEND
0
POLYLINE
8
L9
66
1
70
1
0
VERTEX
8
L9
10
-48.50299401197604
20
-55.254341317365274
0
VERTEX
8
L9
10
-48.51278347639254
20
-55.254982952762234
0
VERTEX
8
L9
10
-48.52240544035873
20
-55.25689688039359
0
VERTEX
8
L9
10
-48.53169526940342
20
-55.26005035242692
0
VERTEX
8
L9
10
-48.540494011976044
20
-55.264389412081435
0
VERTEX
8
L9
10
-48.54865111915169
20
-55.26983981684343
0
VERTEX
8
L9
10
-48.55602702056503
20
-55.27630830877628
0
VERTEX
8
L9
10
-48.56249551249788
20
-55.28368421018962
0
VERTEX
8
L9
10
-48.56794591725988
20
-55.29184131736527
0
VERTEX
8
L9
10
-48.57228497691439
20
-55.30064005993789
0
VERTEX
8
L9
10
-48.57543844894772
20
-55.30992988898258
0
VERTEX
8
L9
10
-48.57735237657908
20
-55.31955185294877
0
VERTEX
8
L9
10
-48.57799401197604
20
-55.32934131736527
0
VERTEX
8
L9
10
-48.57735237657908
20
-55.339130781781776
0
VERTEX
8
L9
10
-48.57543844894772
20
-55.34875274574796
0
VERTEX
8
L9
10
-48.57228497691439
20
-55.358042574792655
0
VERTEX
8
L9
10
-48.56794591725988
20
-55.36684131736527
0
VERTEX
8
L9
10
-48.56249551249788
20
-55.37499842454093
0
VERTEX
8
L9
10
-48.55602702056503
20
-55.38237432595426
0
VERTEX
8
L9
10
-48.54865111915169
20
-55.38884281788712
0
VERTEX
8
L9
10
-48.540494011976044
20
-55.394293222649104
0
VERTEX
8
L9
10
-48.53169526940342
20
-55.398632282303616
0
VERTEX
8
L9
10
-48.52240544035873
20
-55.40178575433695
0
VERTEX
8
L9
10
-48.51278347639254
20
-55.403699681968305
0
VERTEX
8
L9
10
-48.50299401197604
20
-55.40434131736527
0
VERTEX
8
L9
10
-48.493204547559536
20
-55.403699681968305
0
VERTEX
8
L9
10
-48.48358258359335
20
-55.40178575433695
0
VERTEX
8
L9
10
-48.47429275454866
20
-55.398632282303616
0
VERTEX
8
L9
10
-48.46549401197604
20
-55.394293222649104
0
VERTEX
8
L9
10
-48.457336904800385
20
-55.38884281788712
0
VERTEX
8
L9
10
-48.44996100338705
20
-55.38237432595426
0
VERTEX
8
L9
10
-48.443492511454195
20
-55.37499842454093
0
VERTEX
8
L9
10
-48.43804210669221
20
-55.36684131736527
0
VERTEX
8
L9
10
-48.433703047037696
20
-55.358042574792655
0
VERTEX
8
L9
10
-48.43054957500436
20
-55.34875274574796
0
VERTEX
8
L9
10
-48.42863564737301
20
-55.339130781781776
0
VERTEX
8
L9
10
-48.42799401197604
20
-55.32934131736527
0
VERTEX
8
L9
10
-48.42863564737301
20
-55.31955185294877
0
VERTEX
8
L9
10
-48.43054957500436
20
-55.30992988898258
0
VERTEX
8
L9
10
-48.433703047037696
20
-55.30064005993789
0
VERTEX
8
L9
10
-48.43804210669221
20
-55.29184131736527
0
VERTEX
8
L9
10
-48.443492511454195
20
-55.28368421018962
0
VERTEX
8
L9
10
-48.44996100338705
20
-55.27630830877628
0
VERTEX
8
L9
10
-48.457336904800385
20
-55.26983981684343
0
VERTEX
8
L9
10
-48.46549401197604
20
-55.264389412081435
0
VERTEX
8
L9
10
-48.47429275454866
20
-55.26005035242692
0
VERTEX
8
L9
10
-48.48358258359335
20
-55.25689688039359
0
VERTEX
8
L9
10
-48.493204547559536
20
-55.254982952762234
0
VERTEX
8
L9
10
-48.50299401197604
20
-55.254341317365274
0
SEQEND
0
POLYLINE
8
L9
66
1
70
1
0
VERTEX
8
L9
10
-47.24550898203592
20
-55.61362275449102
0
VERTEX
8
L9
10
-47.25529844645243
20
-55.614264389887985
0
VERTEX
8
L9
10
-47.26492041041861
20
-55.61617831751934
0
VERTEX
8
L9
10
-47.2742102394633
20
-55.619331789552675
0
VERTEX
8
L9
10
-47.28300898203592
20
-55.62367084920719
0
VERTEX
8
L9
10
-47.29116608921158
20
-55.629121253969174
0
VERTEX
8
L9
10
-47.29854199062491
20
-55.63558974590203
0
VERTEX
8
L9
10
-47.30501048255776
20
-55.642965647315364
0
VERTEX
8
L9
10
-47.310460887319756
20
-55.65112275449102
0
VERTEX
8
L9
10
-47.31479994697427
20
-55.659921497063635
0
VERTEX
8
L9
10
-47.3179534190076
20
-55.66921132610833
0
VERTEX
8
L9
10
-47.31986734663896
20
-55.678833290074515
0
VERTEX
8
L9
10
-47.320508982035925
20
-55.68862275449102
0
VERTEX
8
L9
10
-47.31986734663896
20
-55.69841221890752
0
VERTEX
8
L9
10
-47.3179534190076
20
-55.70803418287371
0
VERTEX
8
L9
10
-47.31479994697427
20
-55.7173240119184
0
VERTEX
8
L9
10
-47.310460887319756
20
-55.726122754491016
0
VERTEX
8
L9
10
-47.30501048255776
20
-55.73427986166667
0
VERTEX
8
L9
10
-47.29854199062491
20
-55.74165576308001
0
VERTEX
8
L9
10
-47.29116608921158
20
-55.74812425501286
0
VERTEX
8
L9
10
-47.28300898203592
20
-55.75357465977485
0
VERTEX
8
L9
10
-47.2742102394633
20
-55.75791371942937
0
VERTEX
8
L9
10
-47.26492041041861
20
-55.7610671914627
0
VERTEX
8
L9
10
-47.25529844645243
20
-55.76298111909406
0
VERTEX
8
L9
10
-47.24550898203592
20
-55.76362275449102
0
VERTEX
8
L9
10
-47.235719517619415
20
-55.76298111909406
0
VERTEX
8
L9
10
-47.22609755365323
20
-55.7610671914627
0
VERTEX
8
L9
10
-47.21680772460854
20
-55.75791371942937
0
VERTEX
8
L9
10
-47.20800898203592
20
-55.75357465977485
0
VERTEX
8
L9
10
-47.19985187486027
20
-55.74812425501286
0
VERTEX
8
L9
10
-47.19247597344693
20
-55.74165576308001
0
VERTEX
8
L9
10
-47.18600748151408
20
-55.73427986166667
0
VERTEX
8
L9
10
-47.180557076752095
20
-55.726122754491016
0
VERTEX
8
L9
10
-47.17621801709758
20
-55.7173240119184
0
VERTEX
8
L9
10
-47.173064545064236
20
-55.70803418287371
0
VERTEX
8
L9
10
-47.171150617432886
20
-55.69841221890752
0
VERTEX
8
L9
10
-47.170508982035926
20
-55.68862275449102
0
VERTEX
8
L9
10
-47.171150617432886
20
-55.678833290074515
0
VERTEX
8
L9
10
-47.173064545064236
20
-55.66921132610833
0
VERTEX
8
L9
10
-47.17621801709758
20
-55.659921497063635
0
VERTEX
8
L9
10
-47.180557076752095
20
-55.65112275449102
0
VERTEX
8
L9
10
-47.18600748151408
20
-55.642965647315364
0
VERTEX
8
L9
10
-47.19247597344693
20
-55.63558974590203
0
VERTEX
8
L9
10
-47.19985187486027
20
-55.629121253969174
0
VERTEX
8
L9
10
-47.20800898203592
20
-55.62367084920719
0
VERTEX
8
L9
10
-47.21680772460854
20
-55.619331789552675
0
VERTEX
8
L9
10
-47.22609755365323
20
-55.61617831751934
0
VERTEX
8
L9
10
-47.235719517619415
20
-55.614264389887985
0
VERTEX
8
L9
10
-47.24550898203592
20
-55.61362275449102
0
SEQEND
0
POLYLINE
8
L9
66
1
70
1
0
VERTEX
8
L9
10
-48.50299401197604
20
-56.2124251497006
0
VERTEX
8
L9
10
-48.51278347639254
20
-56.21306678509757
0
VERTEX
8
L9
10
-48.52240544035873
20
-56.21498071272892
0
VERTEX
8
L9
10
-48.53169526940342
20
-56.218134184762256
0
VERTEX
8
L9
10
-48.540494011976044
20
-56.22247324441677
0
VERTEX
8
L9
10
-48.54865111915169
20
-56.227923649178756
0
VERTEX
8
L9
10
-48.55602702056503
20
-56.234392141111606
0
VERTEX
8
L9
10
-48.56249551249788
20
-56.241768042524946
0
VERTEX
8
L9
10
-48.56794591725988
20
-56.2499251497006
0
VERTEX
8
L9
10
-48.57228497691439
20
-56.25872389227322
0
VERTEX
8
L9
10
-48.57543844894772
20
-56.268013721317914
0
VERTEX
8
L9
10
-48.57735237657908
20
-56.277635685284096
0
VERTEX
8
L9
10
-48.57799401197604
20
-56.2874251497006
0
VERTEX
8
L9
10
-48.57735237657908
20
-56.2972146141171
0
VERTEX
8
L9
10
-48.57543844894772
20
-56.30683657808329
0
VERTEX
8
L9
10
-48.57228497691439
20
-56.31612640712798
0
VERTEX
8
L9
10
-48.56794591725988
20
-56.3249251497006
0
VERTEX
8
L9
10
-48.56249551249788
20
-56.33308225687625
0
VERTEX
8
L9
10
-48.55602702056503
20
-56.34045815828959
0
VERTEX
8
L9
10
-48.54865111915169
20
-56.34692665022244
0
VERTEX
8
L9
10
-48.540494011976044
20
-56.35237705498443
0
VERTEX
8
L9
10
-48.53169526940342
20
-56.35671611463895
0
VERTEX
8
L9
10
-48.52240544035873
20
-56.35986958667228
0
VERTEX
8
L9
10
-48.51278347639254
20
-56.36178351430364
0
VERTEX
8
L9
10
-48.50299401197604
20
-56.3624251497006
0
VERTEX
8
L9
10
-48.493204547559536
20
-56.36178351430364
0
VERTEX
8
L9
10
-48.48358258359335
20
-56.35986958667228
0
VERTEX
8
L9
10
-48.47429275454866
20
-56.35671611463895
0
VERTEX
8
L9
10
-48.46549401197604
20
-56.35237705498443
0
VERTEX
8
L9
10
-48.457336904800385
20
-56.34692665022244
0
VERTEX
8
L9
10
-48.44996100338705
20
-56.34045815828959
0
VERTEX
8
L9
10
-48.443492511454195
20
-56.33308225687625
0
VERTEX
8
L9
10
-48.43804210669221
20
-56.3249251497006
0
VERTEX
8
L9
10
-48.433703047037696
20
-56.31612640712798
0
VERTEX
8
L9
10
-48.43054957500436
20
-56.30683657808329
0
VERTEX
8
L9
10
-48.42863564737301
20
-56.2972146141171
0
VERTEX
8
L9
10
-48.42799401197604
20
-56.2874251497006
0
VERTEX
8
L9
10
-48.42863564737301
20
-56.277635685284096
0
VERTEX
8
L9
10
-48.43054957500436
20
-56.268013721317914
0
VERTEX
8
L9
10
-48.433703047037696
20
-56.25872389227322
0
VERTEX
8
L9
10
-48.43804210669221
20
-56.2499251497006
0
VERTEX
8
L9
10
-48.443492511454195
20
-56.241768042524946
0
VERTEX
8
L9
10
-48.44996100338705
20
-56.234392141111606
0
VERTEX
8
L9
10
-48.457336904800385
20
-56.227923649178756
0
VERTEX
8
L9
10
-48.46549401197604
20
-56.22247324441677
0
VERTEX
8
L9
10
-48.47429275454866
20
-56.218134184762256
0
VERTEX
8
L9
10
-48.48358258359335
20
-56.21498071272892
0
VERTEX
8
L9
10
-48.493204547559536
20
-56.21306678509757
0
VERTEX
8
L9
10
-48.50299401197604
20
-56.2124251497006
0
SEQEND
0
POLYLINE
8
L9
66
1
70
1
0
VERTEX
8
L9
10
-36.34211519570731
20
-56.29871330966362
0
VERTEX
8
L9
10
-36.32090889263475
20
-56.31882209831538
0
VERTEX
8
L9
10
-36.294627108548255
20
-56.33160249331235
0
VERTEX
8
L9
10
-36.26571519682905
20
-56.33586535992852
0
VERTEX
8
L9
10
-36.23686322755934
20
-56.33121406545208
0
VERTEX
8
L9
10
-36.21075569355648
20
-56.318081383344584
0
VERTEX
8
L9
10
-36.18982173533614
20
-56.29768922641415
0
VERTEX
8
L9
10
-36.176009124988155
20
-56.27193495557567
0
VERTEX
8
L9
10
-36.17060303833267
20
-56.24321484244705
0
VERTEX
8
L9
10
-36.174106477458054
20
-56.21420111146771
0
VERTEX
8
L9
10
-36.186193469565694
20
-56.18759330635649
0
VERTEX
8
L9
10
-36.20573939667224
20
-56.165867114683934
0
VERTEX
8
L9
10
-36.23092563418274
20
-56.15104402083983
0
VERTEX
8
L9
10
-36.25940876237911
20
-56.14450321972706
0
VERTEX
8
L9
10
-36.28853860676736
20
-56.14685329142013
0
VERTEX
8
L9
10
-36.31560482001214
20
-56.15787557664758
0
VERTEX
8
L9
10
-36.33808906257241
20
-56.17654452165093
0
VERTEX
8
L9
10
-36.35389931822935
20
-56.20112309945985
0
VERTEX
8
L9
10
-36.36156454293206
20
-56.229324429238844
0
VERTEX
8
L9
10
-36.43293989469721
20
-56.23846295732267
0
VERTEX
8
L9
10
-36.50489748438211
20
-56.23822042510439
0
VERTEX
8
L9
10
-36.57620961258512
20
-56.22860097053055
0
VERTEX
8
L9
10
-36.645659592400634
20
-56.209768715254995
0
VERTEX
8
L9
10
-36.71206250783801
20
-56.18204496448867
0
VERTEX
8
L9
10
-36.7742854301832
20
-56.1459027250732
0
VERTEX
8
L9
10
-36.831266747382884
20
-56.10195863530761
0
VERTEX
8
L9
10
-36.882034276664754
20
-56.05096244421696
0
VERTEX
8
L9
10
-36.925721851365935
20
-55.9937842197616
0
VERTEX
8
L9
10
-36.96158409897528
20
-55.931399504233326
0
VERTEX
8
L9
10
-36.98900915825446
20
-55.86487267010849
0
VERTEX
8
L9
10
-37.00752911846581
20
-55.79533876033126
0
VERTEX
8
L9
10
-37.016828002598885
20
-55.72398412285745
0
VERTEX
8
L9
10
-37.016747158390075
20
-55.65202616986161
0
VERTEX
8
L9
10
-37.007287965157204
20
-55.580692606943984
0
VERTEX
8
L9
10
-36.988611810266406
20
-55.51120048671706
0
VERTEX
8
L9
10
-36.96103733563281
20
-55.44473544414715
0
VERTEX
8
L9
10
-36.925035001233695
20
-55.3824314679261
0
VERTEX
8
L9
10
-36.88121905838841
20
-55.32535155300222
0
VERTEX
8
L9
10
-36.83033706975226
20
-55.274469564366065
0
VERTEX
8
L9
10
-36.773257154828386
20
-55.23065362152078
0
VERTEX
8
L9
10
-36.710953178607326
20
-55.19465128712167
0
VERTEX
8
L9
10
-36.644488136037424
20
-55.16707681248808
0
VERTEX
8
L9
10
-36.5749960158105
20
-55.148400657597286
0
VERTEX
8
L9
10
-36.50366245289287
20
-55.138941464364414
0
VERTEX
8
L9
10
-36.43170449989702
20
-55.13886062015559
0
VERTEX
8
L9
10
-36.36034986242322
20
-55.148159504288664
0
VERTEX
8
L9
10
-36.290815952645985
20
-55.16667946450003
0
VERTEX
8
L9
10
-36.224289118521156
20
-55.194104523779195
0
VERTEX
8
L9
10
-36.161904402992874
20
-55.22996677138854
0
VERTEX
8
L9
10
-36.10472617853752
20
-55.27365434608973
0
VERTEX
8
L9
10
-36.05372998744687
20
-55.32442187537159
0
VERTEX
8
L9
10
-36.00978589768128
20
-55.38140319257129
0
VERTEX
8
L9
10
-35.973643658265814
20
-55.44362611491646
0
VERTEX
8
L9
10
-35.94591990749949
20
-55.510029030353856
0
VERTEX
8
L9
10
-35.92708765222393
20
-55.579479010169365
0
VERTEX
8
L9
10
-35.917468197650095
20
-55.65079113837236
0
VERTEX
8
L9
10
-35.917225665431815
20
-55.72274872805727
0
VERTEX
8
L9
10
-35.92636419351564
20
-55.794124079822424
0
VERTEX
8
L9
10
-35.95456552329463
20
-55.80178930452514
0
VERTEX
8
L9
10
-35.97914410110354
20
-55.81759956018208
0
VERTEX
8
L9
10
-35.9978130461069
20
-55.84008380274234
0
VERTEX
8
L9
10
-36.00883533133435
20
-55.867150015987114
0
VERTEX
8
L9
10
-36.01118540302741
20
-55.89627986037538
0
VERTEX
8
L9
10
-36.00464460191465
20
-55.924762988571736
0
VERTEX
8
L9
10
-35.98982150807055
20
-55.94994922608224
0
VERTEX
8
L9
10
-35.96809531639799
20
-55.96949515318878
0
VERTEX
8
L9
10
-35.941487511286766
20
-55.98158214529643
0
VERTEX
8
L9
10
-35.91247378030742
20
-55.98508558442181
0
VERTEX
8
L9
10
-35.88375366717881
20
-55.97967949776632
0
VERTEX
8
L9
10
-35.85799939634033
20
-55.96586688741834
0
VERTEX
8
L9
10
-35.83760723940989
20
-55.944932929197996
0
VERTEX
8
L9
10
-35.824474557302395
20
-55.91882539519514
0
VERTEX
8
L9
10
-35.81982326282596
20
-55.88997342592543
0
VERTEX
8
L9
10
-35.82408612944212
20
-55.86106151420622
0
VERTEX
8
L9
10
-35.8368665244391
20
-55.83477973011974
0
VERTEX
8
L9
10
-35.85697531309087
20
-55.813573427047174
0
VERTEX
8
L9
10
-35.846312782367534
20
-55.7385102522607
0
VERTEX
8
L9
10
-35.84485082171665
20
-55.66270766364062
0
VERTEX
8
L9
10
-35.85261109977219
20
-55.58728917880467
0
VERTEX
8
L9
10
-35.86947859659524
20
-55.51337262232795
0
VERTEX
8
L9
10
-35.89520330845646
20
-55.442053557765185
0
VERTEX
8
L9
10
-35.92940395329789
20
-55.37438904961741
0
VERTEX
8
L9
10
-35.97157362195301
20
-55.31138199591731
0
VERTEX
8
L9
10
-36.02108729136482
20
-55.25396626364968
0
VERTEX
8
L9
10
-36.07721108844382
20
-55.20299284732424
0
VERTEX
8
L9
10
-36.13911316726043
20
-55.15921725585329
0
VERTEX
8
L9
10
-36.20587603835435
20
-55.12328831468119
0
VERTEX
8
L9
10
-36.27651016742006
20
-55.09573854913628
0
VERTEX
8
L9
10
-36.349968641814286
20
-55.07697629153962
0
VERTEX
8
L9
10
-36.425162687503615
20
-55.06727962905609
0
VERTEX
8
L9
10
-36.500977806466054
20
-55.06679228199037
0
VERTEX
8
L9
10
-36.57629029536379
20
-55.0755214736184
0
VERTEX
8
L9
10
-36.649983900653865
20
-55.09333782312666
0
VERTEX
8
L9
10
-36.72096636328068
20
-55.119977263246206
0
VERTEX
8
L9
10
-36.78818560773121
20
-55.155044954158946
0
VERTEX
8
L9
10
-36.85064533550472
20
-55.198021135665776
0
VERTEX
8
L9
10
-36.907419791876634
20
-55.24826883087784
0
VERTEX
8
L9
10
-36.9576674870887
20
-55.30504328724975
0
VERTEX
8
L9
10
-37.00064366859553
20
-55.367503015023274
0
VERTEX
8
L9
10
-37.03571135950827
20
-55.434722259473794
0
VERTEX
8
L9
10
-37.06235079962782
20
-55.50570472210061
0
VERTEX
8
L9
10
-37.08016714913609
20
-55.57939832739069
0
VERTEX
8
L9
10
-37.08889634076411
20
-55.65471081628843
0
VERTEX
8
L9
10
-37.088408993698394
20
-55.73052593525086
0
VERTEX
8
L9
10
-37.07871233121486
20
-55.805719980940204
0
VERTEX
8
L9
10
-37.0599500736182
20
-55.879178455334426
0
VERTEX
8
L9
10
-37.03240030807329
20
-55.949812584400135
0
VERTEX
8
L9
10
-36.99647136690119
20
-56.01657545549405
0
VERTEX
8
L9
10
-36.95269577543024
20
-56.078477534310665
0
VERTEX
8
L9
10
-36.901722359104795
20
-56.13460133138966
0
VERTEX
8
L9
10
-36.84430662683717
20
-56.18411500080147
0
VERTEX
8
L9
10
-36.781299573137076
20
-56.2262846694566
0
VERTEX
8
L9
10
-36.71363506498929
20
-56.26048531429802
0
VERTEX
8
L9
10
-36.64231600042653
20
-56.28621002615924
0
VERTEX
8
L9
10
-36.568399443949815
20
-56.30307752298229
0
VERTEX
8
L9
10
-36.492980959113865
20
-56.310837801037835
0
VERTEX
8
L9
10
-36.41717837049377
20
-56.30937584038695
0
VERTEX
8
L9
10
-36.34211519570731
20
-56.29871330966362
0
SEQEND
0
POLYLINE
8
L9
66
1
70
1
0
VERTEX
8
L9
10
-39.59212648331629
20
-55.813573427047174
0
VERTEX
8
L9
10
-39.61223527196806
20
-55.83477973011974
0
VERTEX
8
L9
10
-39.62501566696504
20
-55.86106151420622
0
VERTEX
8
L9
10
-39.6292785335812
20
-55.88997342592543
0
VERTEX
8
L9
10
-39.62462723910477
20
-55.91882539519514
0
VERTEX
8
L9
10
-39.61149455699727
20
-55.944932929198
0
VERTEX
8
L9
10
-39.59110240006683
20
-55.96586688741835
0
VERTEX
8
L9
10
-39.56534812922834
20
-55.97967949776632
0
VERTEX
8
L9
10
-39.53662801609974
20
-55.98508558442181
0
VERTEX
8
L9
10
-39.5076142851204
20
-55.98158214529643
0
VERTEX
8
L9
10
-39.48100648000917
20
-55.96949515318878
0
VERTEX
8
L9
10
-39.459280288336615
20
-55.949949226082246
0
VERTEX
8
L9
10
-39.4444571944925
20
-55.924762988571736
0
VERTEX
8
L9
10
-39.43791639337974
20
-55.89627986037538
0
VERTEX
8
L9
10
-39.44026646507281
20
-55.867150015987114
0
VERTEX
8
L9
10
-39.45128875030025
20
-55.84008380274234
0
VERTEX
8
L9
10
-39.469957695303606
20
-55.81759956018208
0
VERTEX
8
L9
10
-39.49453627311253
20
-55.80178930452514
0
VERTEX
8
L9
10
-39.522737602891524
20
-55.794124079822424
0
VERTEX
8
L9
10
-39.53187613097535
20
-55.72274872805727
0
VERTEX
8
L9
10
-39.53163359875707
20
-55.65079113837236
0
VERTEX
8
L9
10
-39.52201414418323
20
-55.579479010169365
0
VERTEX
8
L9
10
-39.503181888907676
20
-55.510029030353856
0
VERTEX
8
L9
10
-39.47545813814135
20
-55.44362611491646
0
VERTEX
8
L9
10
-39.43931589872588
20
-55.38140319257129
0
VERTEX
8
L9
10
-39.39537180896029
20
-55.32442187537159
0
VERTEX
8
L9
10
-39.344375617869645
20
-55.27365434608973
0
VERTEX
8
L9
10
-39.28719739341429
20
-55.22996677138855
0
VERTEX
8
L9
10
-39.22481267788601
20
-55.194104523779195
0
VERTEX
8
L9
10
-39.15828584376118
20
-55.16667946450003
0
VERTEX
8
L9
10
-39.08875193398394
20
-55.148159504288664
0
VERTEX
8
L9
10
-39.01739729651014
20
-55.1388606201556
0
VERTEX
8
L9
10
-38.94543934351428
20
-55.138941464364414
0
VERTEX
8
L9
10
-38.874105780596665
20
-55.148400657597286
0
VERTEX
8
L9
10
-38.80461366036974
20
-55.16707681248808
0
VERTEX
8
L9
10
-38.73814861779984
20
-55.19465128712167
0
VERTEX
8
L9
10
-38.67584464157878
20
-55.23065362152079
0
VERTEX
8
L9
10
-38.6187647266549
20
-55.27446956436607
0
VERTEX
8
L9
10
-38.56788273801875
20
-55.32535155300222
0
VERTEX
8
L9
10
-38.52406679517347
20
-55.382431467926104
0
VERTEX
8
L9
10
-38.48806446077435
20
-55.44473544414715
0
VERTEX
8
L9
10
-38.46048998614076
20
-55.51120048671706
0
VERTEX
8
L9
10
-38.44181383124996
20
-55.58069260694399
0
VERTEX
8
L9
10
-38.43235463801709
20
-55.65202616986161
0
VERTEX
8
L9
10
-38.43227379380828
20
-55.72398412285745
0
VERTEX
8
L9
10
-38.44157267794134
20
-55.79533876033126
0
VERTEX
8
L9
10
-38.4600926381527
20
-55.8648726701085
0
VERTEX
8
L9
10
-38.48751769743187
20
-55.931399504233326
0
VERTEX
8
L9
10
-38.52337994504123
20
-55.99378421976161
0
VERTEX
8
L9
10
-38.56706751974241
20
-56.05096244421696
0
VERTEX
8
L9
10
-38.617835049024265
20
-56.10195863530761
0
VERTEX
8
L9
10
-38.674816366223965
20
-56.1459027250732
0
VERTEX
8
L9
10
-38.737039288569136
20
-56.18204496448867
0
VERTEX
8
L9
10
-38.80344220400653
20
-56.209768715254995
0
VERTEX
8
L9
10
-38.872892183822046
20
-56.22860097053056
0
VERTEX
8
L9
10
-38.944204312025036
20
-56.23822042510439
0
VERTEX
8
L9
10
-39.01616190170995
20
-56.23846295732267
0
VERTEX
8
L9
10
-39.087537253475105
20
-56.229324429238844
0
VERTEX
8
L9
10
-39.09520247817781
20
-56.20112309945985
0
VERTEX
8
L9
10
-39.111012733834755
20
-56.17654452165093
0
VERTEX
8
L9
10
-39.13349697639502
20
-56.15787557664758
0
VERTEX
8
L9
10
-39.16056318963979
20
-56.14685329142013
0
VERTEX
8
L9
10
-39.18969303402805
20
-56.14450321972706
0
VERTEX
8
L9
10
-39.21817616222441
20
-56.15104402083982
0
VERTEX
8
L9
10
-39.24336239973492
20
-56.165867114683934
0
VERTEX
8
L9
10
-39.26290832684147
20
-56.18759330635649
0
VERTEX
8
L9
10
-39.27499531894911
20
-56.21420111146771
0
VERTEX
8
L9
10
-39.27849875807449
20
-56.24321484244705
0
VERTEX
8
L9
10
-39.27309267141901
20
-56.27193495557566
0
VERTEX
8
L9
10
-39.259280061071024
20
-56.29768922641414
0
VERTEX
8
L9
10
-39.238346102850684
20
-56.318081383344584
0
VERTEX
8
L9
10
-39.21223856884782
20
-56.33121406545208
0
VERTEX
8
L9
10
-39.183386599578114
20
-56.33586535992852
0
VERTEX
8
L9
10
-39.154474687858894
20
-56.33160249331235
0
VERTEX
8
L9
10
-39.128192903772415
20
-56.31882209831538
0
VERTEX
8
L9
10
-39.106986600699855
20
-56.29871330966362
0
VERTEX
8
L9
10
-39.03192342591339
20
-56.30937584038695
0
VERTEX
8
L9
10
-38.9561208372933
20
-56.310837801037835
0
VERTEX
8
L9
10
-38.88070235245735
20
-56.30307752298229
0
VERTEX
8
L9
10
-38.80678579598063
20
-56.286210026159246
0
VERTEX
8
L9
10
-38.73546673141787
20
-56.26048531429802
0
VERTEX
8
L9
10
-38.66780222327009
20
-56.2262846694566
0
VERTEX
8
L9
10
-38.60479516957
20
-56.18411500080147
0
VERTEX
8
L9
10
-38.547379437302354
20
-56.13460133138966
0
VERTEX
8
L9
10
-38.49640602097692
20
-56.078477534310665
0
VERTEX
8
L9
10
-38.45263042950597
20
-56.01657545549405
0
VERTEX
8
L9
10
-38.41670148833387
20
-55.949812584400135
0
VERTEX
8
L9
10
-38.38915172278897
20
-55.879178455334426
0
VERTEX
8
L9
10
-38.370389465192304
20
-55.805719980940204
0
VERTEX
8
L9
10
-38.36069280270877
20
-55.73052593525086
0
VERTEX
8
L9
10
-38.36020545564304
20
-55.65471081628843
0
VERTEX
8
L9
10
-38.368934647271075
20
-55.57939832739069
0
VERTEX
8
L9
10
-38.38675099677934
20
-55.50570472210062
0
VERTEX
8
L9
10
-38.413390436898894
20
-55.434722259473794
0
VERTEX
8
L9
10
-38.448458127811634
20
-55.367503015023274
0
VERTEX
8
L9
10
-38.49143430931845
20
-55.30504328724975
0
VERTEX
8
L9
10
-38.541682004530514
20
-55.24826883087784
0
VERTEX
8
L9
10
-38.598456460902426
20
-55.198021135665776
0
VERTEX
8
L9
10
-38.660916188675955
20
-55.155044954158946
0
VERTEX
8
L9
10
-38.72813543312647
20
-55.119977263246206
0
VERTEX
8
L9
10
-38.7991178957533
20
-55.09333782312666
0
VERTEX
8
L9
10
-38.87281150104337
20
-55.075521473618394
0
VERTEX
8
L9
10
-38.94812398994111
20
-55.06679228199037
0
VERTEX
8
L9
10
-39.023939108903534
20
-55.06727962905609
0
VERTEX
8
L9
10
-39.09913315459288
20
-55.07697629153962
0
VERTEX
8
L9
10
-39.17259162898711
20
-55.09573854913628
0
VERTEX
8
L9
10
-39.243225758052816
20
-55.12328831468119
0
VERTEX
8
L9
10
-39.30998862914673
20
-55.15921725585329
0
VERTEX
8
L9
10
-39.371890707963345
20
-55.20299284732424
0
VERTEX
8
L9
10
-39.42801450504234
20
-55.25396626364968
0
VERTEX
8
L9
10
-39.47752817445415
20
-55.31138199591731
0
VERTEX
8
L9
10
-39.51969784310927
20
-55.37438904961741
0
VERTEX
8
L9
10
-39.553898487950704
20
-55.442053557765185
0
VERTEX
8
L9
10
-39.57962319981192
20
-55.51337262232795
0
VERTEX
8
L9
10
-39.59649069663497
20
-55.58728917880466
0
VERTEX
8
L9
10
-39.604250974690515
20
-55.66270766364062
0
VERTEX
8
L9
10
-39.60278901403963
20
-55.7385102522607
0
VERTEX
8
L9
10
-39.59212648331629
20
-55.813573427047174
0
SEQEND
0
POLYLINE
8
L9
66
1
70
1
0
VERTEX
8
L9
10
-37.724550898203574
20
-56.69146706586827
0
VERTEX
8
L9
10
-37.73434036262009
20
-56.69210870126523
0
VERTEX
8
L9
10
-37.74396232658627
20
-56.69402262889658
0
VERTEX
8
L9
10
-37.75325215563096
20
-56.697176100929916
0
VERTEX
8
L9
10
-37.76205089820358
20
-56.701515160584435
0
VERTEX
8
L9
10
-37.77020800537923
20
-56.70696556534642
0
VERTEX
8
L9
10
-37.77758390679257
20
-56.71343405727927
0
VERTEX
8
L9
10
-37.78405239872542
20
-56.72080995869261
0
VERTEX
8
L9
10
-37.78950280348741
20
-56.72896706586826
0
VERTEX
8
L9
10
-37.79384186314192
20
-56.737765808440884
0
VERTEX
8
L9
10
-37.796995335175254
20
-56.74705563748557
0
VERTEX
8
L9
10
-37.79890926280662
20
-56.75667760145176
0
VERTEX
8
L9
10
-37.79955089820358
20
-56.76646706586826
0
VERTEX
8
L9
10
-37.79890926280662
20
-56.77625653028477
0
VERTEX
8
L9
10
-37.796995335175254
20
-56.78587849425095
0
VERTEX
8
L9
10
-37.79384186314192
20
-56.79516832329565
0
VERTEX
8
L9
10
-37.78950280348741
20
-56.803967065868264
0
VERTEX
8
L9
10
-37.78405239872542
20
-56.81212417304392
0
VERTEX
8
L9
10
-37.77758390679257
20
-56.81950007445725
0
VERTEX
8
L9
10
-37.77020800537923
20
-56.82596856639011
0
VERTEX
8
L9
10
-37.76205089820358
20
-56.8314189711521
0
VERTEX
8
L9
10
-37.75325215563096
20
-56.83575803080661
0
VERTEX
8
L9
10
-37.74396232658627
20
-56.83891150283994
0
VERTEX
8
L9
10
-37.73434036262009
20
-56.8408254304713
0
VERTEX
8
L9
10
-37.724550898203574
20
-56.841467065868265
0
VERTEX
8
L9
10
-37.714761433787075
20
-56.8408254304713
0
VERTEX
8
L9
10
-37.70513946982089
20
-56.83891150283994
0
VERTEX
8
L9
10
-37.6958496407762
20
-56.83575803080661
0
VERTEX
8
L9
10
-37.68705089820358
20
-56.8314189711521
0
VERTEX
8
L9
10
-37.67889379102793
20
-56.82596856639011
0
VERTEX
8
L9
10
-37.67151788961459
20
-56.81950007445725
0
VERTEX
8
L9
10
-37.66504939768174
20
-56.81212417304392
0
VERTEX
8
L9
10
-37.659598992919754
20
-56.803967065868264
0
VERTEX
8
L9
10
-37.65525993326523
20
-56.79516832329565
0
VERTEX
8
L9
10
-37.652106461231895
20
-56.78587849425095
0
VERTEX
8
L9
10
-37.650192533600546
20
-56.77625653028477
0
VERTEX
8
L9
10
-37.649550898203586
20
-56.76646706586826
0
VERTEX
8
L9
10
-37.650192533600546
20
-56.75667760145176
0
VERTEX
8
L9
10
-37.652106461231895
20
-56.74705563748557
0
VERTEX
8
L9
10
-37.65525993326523
20
-56.737765808440884
0
VERTEX
8
L9
10
-37.659598992919754
20
-56.72896706586826
0
VERTEX
8
L9
10
-37.66504939768174
20
-56.72080995869261
0
VERTEX
8
L9
10
-37.67151788961459
20
-56.71343405727927
0
VERTEX
8
L9
10
-37.67889379102793
20
-56.70696556534642
0
VERTEX
8
L9
10
-37.68705089820358
20
-56.701515160584435
0
VERTEX
8
L9
10
-37.6958496407762
20
-56.697176100929916
0
VERTEX
8
L9
10
-37.70513946982089
20
-56.69402262889658
0
VERTEX
8
L9
10
-37.714761433787075
20
-56.69210870126523
0
VERTEX
8
L9
10
-37.724550898203574
20
-56.69146706586827
0
SEQEND
0
POLYLINE
8
L9
66
1
70
1
0
VERTEX
8
L9
10
-41.85628742514969
20
-55.61362275449102
0
VERTEX
8
L9
10
-41.86607688956619
20
-55.614264389887985
0
VERTEX
8
L9
10
-41.87569885353237
20
-55.61617831751934
0
VERTEX
8
L9
10
-41.88498868257706
20
-55.619331789552675
0
VERTEX
8
L9
10
-41.89378742514968
20
-55.62367084920719
0
VERTEX
8
L9
10
-41.901944532325345
20
-55.629121253969174
0
VERTEX
8
L9
10
-41.90932043373867
20
-55.63558974590203
0
VERTEX
8
L9
10
-41.91578892567152
20
-55.642965647315364
0
VERTEX
8
L9
10
-41.92123933043352
20
-55.65112275449102
0
VERTEX
8
L9
10
-41.925578390088035
20
-55.659921497063635
0
VERTEX
8
L9
10
-41.92873186212137
20
-55.66921132610833
0
VERTEX
8
L9
10
-41.93064578975272
20
-55.678833290074515
0
VERTEX
8
L9
10
-41.93128742514969
20
-55.68862275449102
0
VERTEX
8
L9
10
-41.93064578975272
20
-55.69841221890752
0
VERTEX
8
L9
10
-41.92873186212137
20
-55.70803418287371
0
VERTEX
8
L9
10
-41.925578390088035
20
-55.7173240119184
0
VERTEX
8
L9
10
-41.92123933043352
20
-55.726122754491016
0
VERTEX
8
L9
10
-41.91578892567152
20
-55.73427986166667
0
VERTEX
8
L9
10
-41.90932043373867
20
-55.74165576308001
0
VERTEX
8
L9
10
-41.901944532325345
20
-55.74812425501286
0
VERTEX
8
L9
10
-41.89378742514968
20
-55.75357465977485
0
VERTEX
8
L9
10
-41.88498868257706
20
-55.75791371942937
0
VERTEX
8
L9
10
-41.87569885353237
20
-55.7610671914627
0
VERTEX
8
L9
10
-41.86607688956619
20
-55.76298111909406
0
VERTEX
8
L9
10
-41.85628742514969
20
-55.76362275449102
0
VERTEX
8
L9
10
-41.846497960733174
20
-55.76298111909406
0
VERTEX
8
L9
10
-41.83687599676699
20
-55.7610671914627
0
VERTEX
8
L9
10
-41.8275861677223
20
-55.75791371942937
0
VERTEX
8
L9
10
-41.81878742514968
20
-55.75357465977485
0
VERTEX
8
L9
10
-41.81063031797403
20
-55.74812425501286
0
VERTEX
8
L9
10
-41.80325441656069
20
-55.74165576308001
0
VERTEX
8
L9
10
-41.79678592462784
20
-55.73427986166667
0
VERTEX
8
L9
10
-41.791335519865854
20
-55.726122754491016
0
VERTEX
8
L9
10
-41.78699646021134
20
-55.7173240119184
0
VERTEX
8
L9
10
-41.78384298817801
20
-55.70803418287371
0
VERTEX
8
L9
10
-41.781929060546645
20
-55.69841221890752
0
VERTEX
8
L9
10
-41.781287425149685
20
-55.68862275449102
0
VERTEX
8
L9
10
-41.781929060546645
20
-55.678833290074515
0
VERTEX
8
L9
10
-41.78384298817801
20
-55.66921132610833
0
VERTEX
8
L9
10
-41.78699646021134
20
-55.659921497063635
0
VERTEX
8
L9
10
-41.791335519865854
20
-55.65112275449102
0
VERTEX
8
L9
10
-41.79678592462784
20
-55.642965647315364
0
VERTEX
8
L9
10
-41.80325441656069
20
-55.63558974590203
0
VERTEX
8
L9
10
-41.81063031797403
20
-55.629121253969174
0
VERTEX
8
L9
10
-41.81878742514968
20
-55.62367084920719
0
VERTEX
8
L9
10
-41.8275861677223
20
-55.619331789552675
0
VERTEX
8
L9
10
-41.83687599676699
20
-55.61617831751934
0
VERTEX
8
L9
10
-41.846497960733174
20
-55.614264389887985
0
VERTEX
8
L9
10
-41.85628742514969
20
-55.61362275449102
0
SEQEND
0
POLYLINE
8
L9
66
1
70
1
0
VERTEX
8
L9
10
-37.724550898203574
20
-55.73338323353293
0
VERTEX
8
L9
10
-37.73434036262009
20
-55.7340248689299
0
VERTEX
8
L9
10
-37.74396232658627
20
-55.73593879656126
0
VERTEX
8
L9
10
-37.75325215563096
20
-55.73909226859459
0
VERTEX
8
L9
10
-37.76205089820358
20
-55.7434313282491
0
VERTEX
8
L9
10
-37.77020800537923
20
-55.74888173301109
0
VERTEX
8
L9
10
-37.77758390679257
20
-55.755350224943946
0
VERTEX
8
L9
10
-37.78405239872542
20
-55.76272612635728
0
VERTEX
8
L9
10
-37.78950280348741
20
-55.770883233532935
0
VERTEX
8
L9
10
-37.79384186314192
20
-55.77968197610555
0
VERTEX
8
L9
10
-37.796995335175254
20
-55.78897180515025
0
VERTEX
8
L9
10
-37.79890926280662
20
-55.79859376911643
0
VERTEX
8
L9
10
-37.79955089820358
20
-55.808383233532936
0
VERTEX
8
L9
10
-37.79890926280662
20
-55.818172697949436
0
VERTEX
8
L9
10
-37.796995335175254
20
-55.827794661915625
0
VERTEX
8
L9
10
-37.79384186314192
20
-55.837084490960315
0
VERTEX
8
L9
10
-37.78950280348741
20
-55.84588323353294
0
VERTEX
8
L9
10
-37.78405239872542
20
-55.854040340708586
0
VERTEX
8
L9
10
-37.77758390679257
20
-55.861416242121926
0
VERTEX
8
L9
10
-37.77020800537923
20
-55.867884734054776
0
VERTEX
8
L9
10
-37.76205089820358
20
-55.87333513881677
0
VERTEX
8
L9
10
-37.75325215563096
20
-55.87767419847128
0
VERTEX
8
L9
10
-37.74396232658627
20
-55.880827670504615
0
VERTEX
8
L9
10
-37.73434036262009
20
-55.88274159813597
0
VERTEX
8
L9
10
-37.724550898203574
20
-55.88338323353293
0
VERTEX
8
L9
10
-37.714761433787075
20
-55.88274159813597
0
VERTEX
8
L9
10
-37.70513946982089
20
-55.880827670504615
0
VERTEX
8
L9
10
-37.6958496407762
20
-55.87767419847128
0
VERTEX
8
L9
10
-37.68705089820358
20
-55.87333513881677
0
VERTEX
8
L9
10
-37.67889379102793
20
-55.867884734054776
0
VERTEX
8
L9
10
-37.67151788961459
20
-55.861416242121926
0
VERTEX
8
L9
10
-37.66504939768174
20
-55.854040340708586
0
VERTEX
8
L9
10
-37.659598992919754
20
-55.84588323353294
0
VERTEX
8
L9
10
-37.65525993326523
20
-55.837084490960315
0
VERTEX
8
L9
10
-37.652106461231895
20
-55.827794661915625
0
VERTEX
8
L9
10
-37.650192533600546
20
-55.818172697949436
0
VERTEX
8
L9
10
-37.649550898203586
20
-55.808383233532936
0
VERTEX
8
L9
10
-37.650192533600546
20
-55.79859376911643
0
VERTEX
8
L9
10
-37.652106461231895
20
-55.78897180515025
0
VERTEX
8
L9
10
-37.65525993326523
20
-55.77968197610555
0
VERTEX
8
L9
10
-37.659598992919754
20
-55.770883233532935
0
VERTEX
8
L9
10
-37.66504939768174
20
-55.76272612635728
0
VERTEX
8
L9
10
-37.67151788961459
20
-55.755350224943946
0
VERTEX
8
L9
10
-37.67889379102793
20
-55.74888173301109
0
VERTEX
8
L9
10
-37.68705089820358
20
-55.7434313282491
0
VERTEX
8
L9
10
-37.6958496407762
20
-55.73909226859459
0
VERTEX
8
L9
10
-37.70513946982089
20
-55.73593879656126
0
VERTEX
8
L9
10
-37.714761433787075
20
-55.7340248689299
0
VERTEX
8
L9
10
-37.724550898203574
20
-55.73338323353293
0
SEQEND
0
POLYLINE
8
L9
66
1
70
1
0
VERTEX
8
L9
10
-41.38925456571717
20
-55.783608813748685
0
VERTEX
8
L9
10
-41.399044030133666
20
-55.78425044914565
0
VERTEX
8
L9
10
-41.40866599409986
20
-55.78616437677701
0
VERTEX
8
L9
10
-41.41795582314455
20
-55.78931784881034
0
VERTEX
8
L9
10
-41.42675456571716
20
-55.793656908464854
0
VERTEX
8
L9
10
-41.434911672892824
20
-55.79910731322684
0
VERTEX
8
L9
10
-41.442287574306164
20
-55.8055758051597
0
VERTEX
8
L9
10
-41.448756066239014
20
-55.81295170657303
0
VERTEX
8
L9
10
-41.454206471001
20
-55.82110881374869
0
VERTEX
8
L9
10
-41.45854553065551
20
-55.8299075563213
0
VERTEX
8
L9
10
-41.461699002688846
20
-55.839197385366
0
VERTEX
8
L9
10
-41.46361293032021
20
-55.84881934933218
0
VERTEX
8
L9
10
-41.46425456571717
20
-55.85860881374869
0
VERTEX
8
L9
10
-41.46361293032021
20
-55.86839827816519
0
VERTEX
8
L9
10
-41.461699002688846
20
-55.87802024213138
0
VERTEX
8
L9
10
-41.45854553065551
20
-55.88731007117607
0
VERTEX
8
L9
10
-41.454206471001
20
-55.89610881374869
0
VERTEX
8
L9
10
-41.448756066239014
20
-55.90426592092434
0
VERTEX
8
L9
10
-41.442287574306164
20
-55.91164182233768
0
VERTEX
8
L9
10
-41.434911672892824
20
-55.91811031427053
0
VERTEX
8
L9
10
-41.42675456571716
20
-55.92356071903252
0
VERTEX
8
L9
10
-41.41795582314455
20
-55.927899778687035
0
VERTEX
8
L9
10
-41.40866599409986
20
-55.93105325072037
0
VERTEX
8
L9
10
-41.399044030133666
20
-55.932967178351724
0
VERTEX
8
L9
10
-41.38925456571717
20
-55.933608813748684
0
VERTEX
8
L9
10
-41.37946510130067
20
-55.932967178351724
0
VERTEX
8
L9
10
-41.369843137334485
20
-55.93105325072037
0
VERTEX
8
L9
10
-41.36055330828978
20
-55.927899778687035
0
VERTEX
8
L9
10
-41.35175456571717
20
-55.92356071903252
0
VERTEX
8
L9
10
-41.34359745854151
20
-55.91811031427053
0
VERTEX
8
L9
10
-41.336221557128184
20
-55.91164182233768
0
VERTEX
8
L9
10
-41.32975306519532
20
-55.90426592092434
0
VERTEX
8
L9
10
-41.32430266043333
20
-55.89610881374869
0
VERTEX
8
L9
10
-41.31996360077882
20
-55.88731007117607
0
VERTEX
8
L9
10
-41.31681012874549
20
-55.87802024213138
0
VERTEX
8
L9
10
-41.31489620111414
20
-55.86839827816519
0
VERTEX
8
L9
10
-41.314254565717164
20
-55.85860881374869
0
VERTEX
8
L9
10
-41.31489620111414
20
-55.84881934933218
0
VERTEX
8
L9
10
-41.31681012874549
20
-55.839197385366
0
VERTEX
8
L9
10
-41.31996360077882
20
-55.8299075563213
0
VERTEX
8
L9
10
-41.32430266043333
20
-55.82110881374869
0
VERTEX
8
L9
10
-41.32975306519532
20
-55.81295170657303
0
VERTEX
8
L9
10
-41.336221557128184
20
-55.8055758051597
0
VERTEX
8
L9
10
-41.34359745854151
20
-55.79910731322684
0
VERTEX
8
L9
10
-41.35175456571717
20
-55.793656908464854
0
VERTEX
8
L9
10
-41.36055330828978
20
-55.78931784881034
0
VERTEX
8
L9
10
-41.369843137334485
20
-55.78616437677701
0
VERTEX
8
L9
10
-41.37946510130067
20
-55.78425044914565
0
VERTEX
8
L9
10
-41.38925456571717
20
-55.783608813748685
0
SEQEND
0
POLYLINE
8
L9
66
1
70
1
0
VERTEX
8
L9
10
-37.724550898203574
20
-54.77529940119761
0
VERTEX
8
L9
10
-37.73434036262009
20
-54.775941036594574
0
VERTEX
8
L9
10
-37.74396232658627
20
-54.777854964225924
0
VERTEX
8
L9
10
-37.75325215563096
20
-54.78100843625926
0
VERTEX
8
L9
10
-37.76205089820358
20
-54.785347495913776
0
VERTEX
8
L9
10
-37.77020800537923
20
-54.79079790067576
0
VERTEX
8
L9
10
-37.77758390679257
20
-54.79726639260861
0
VERTEX
8
L9
10
-37.78405239872542
20
-54.80464229402195
0
VERTEX
8
L9
10
-37.78950280348741
20
-54.81279940119761
0
VERTEX
8
L9
10
-37.79384186314192
20
-54.821598143770224
0
VERTEX
8
L9
10
-37.796995335175254
20
-54.83088797281492
0
VERTEX
8
L9
10
-37.79890926280662
20
-54.8405099367811
0
VERTEX
8
L9
10
-37.79955089820358
20
-54.8502994011976
0
VERTEX
8
L9
10
-37.79890926280662
20
-54.86008886561411
0
VERTEX
8
L9
10
-37.796995335175254
20
-54.86971082958029
0
VERTEX
8
L9
10
-37.79384186314192
20
-54.87900065862499
0
VERTEX
8
L9
10
-37.78950280348741
20
-54.887799401197604
0
VERTEX
8
L9
10
-37.78405239872542
20
-54.89595650837326
0
VERTEX
8
L9
10
-37.77758390679257
20
-54.9033324097866
0
VERTEX
8
L9
10
-37.77020800537923
20
-54.90980090171945
0
VERTEX
8
L9
10
-37.76205089820358
20
-54.91525130648144
0
VERTEX
8
L9
10
-37.75325215563096
20
-54.91959036613595
0
VERTEX
8
L9
10
-37.74396232658627
20
-54.92274383816929
0
VERTEX
8
L9
10
-37.73434036262009
20
-54.92465776580064
0
VERTEX
8
L9
10
-37.724550898203574
20
-54.925299401197606
0
VERTEX
8
L9
10
-37.714761433787075
20
-54.92465776580064
0
VERTEX
8
L9
10
-37.70513946982089
20
-54.92274383816929
0
VERTEX
8
L9
10
-37.6958496407762
20
-54.91959036613595
0
VERTEX
8
L9
10
-37.68705089820358
20
-54.91525130648144
0
VERTEX
8
L9
10
-37.67889379102793
20
-54.90980090171945
0
VERTEX
8
L9
10
-37.67151788961459
20
-54.9033324097866
0
VERTEX
8
L9
10
-37.66504939768174
20
-54.89595650837326
0
VERTEX
8
L9
10
-37.659598992919754
20
-54.887799401197604
0
VERTEX
8
L9
10
-37.65525993326523
20
-54.87900065862499
0
VERTEX
8
L9
10
-37.652106461231895
20
-54.86971082958029
0
VERTEX
8
L9
10
-37.650192533600546
20
-54.86008886561411
0
VERTEX
8
L9
10
-37.649550898203586
20
-54.8502994011976
0
VERTEX
8
L9
10
-37.650192533600546
20
-54.8405099367811
0
VERTEX
8
L9
10
-37.652106461231895
20
-54.83088797281492
0
VERTEX
8
L9
10
-37.65525993326523
20
-54.821598143770224
0
VERTEX
8
L9
10
-37.659598992919754
20
-54.81279940119761
0
VERTEX
8
L9
10
-37.66504939768174
20
-54.80464229402195
0
VERTEX
8
L9
10
-37.67151788961459
20
-54.79726639260861
0
VERTEX
8
L9
10
-37.67889379102793
20
-54.79079790067576
0
VERTEX
8
L9
10
-37.68705089820358
20
-54.785347495913776
0
VERTEX
8
L9
10
-37.6958496407762
20
-54.78100843625926
0
VERTEX
8
L9
10
-37.70513946982089
20
-54.777854964225924
0
VERTEX
8
L9
10
-37.714761433787075
20
-54.775941036594574
0
VERTEX
8
L9
10
-37.724550898203574
20
-54.77529940119761
0
SEQEND
0
POLYLINE
8
L9
66
1
70
1
0
VERTEX
8
L9
10
-38.9820359281437
20
-55.61362275449102
0
VERTEX
8
L9
10
-38.9918253925602
20
-55.614264389887985
0
VERTEX
8
L9
10
-39.001447356526384
20
-55.61617831751934
0
VERTEX
8
L9
10
-39.010737185571074
20
-55.619331789552675
0
VERTEX
8
L9
10
-39.019535928143696
20
-55.62367084920719
0
VERTEX
8
L9
10
-39.02769303531936
20
-55.629121253969174
0
VERTEX
8
L9
10
-39.035068936732685
20
-55.63558974590203
0
VERTEX
8
L9
10
-39.041537428665535
20
-55.642965647315364
0
VERTEX
8
L9
10
-39.046987833427536
20
-55.65112275449102
0
VERTEX
8
L9
10
-39.05132689308205
20
-55.659921497063635
0
VERTEX
8
L9
10
-39.05448036511538
20
-55.66921132610833
0
VERTEX
8
L9
10
-39.05639429274673
20
-55.678833290074515
0
VERTEX
8
L9
10
-39.057035928143705
20
-55.68862275449102
0
VERTEX
8
L9
10
-39.05639429274673
20
-55.69841221890752
0
VERTEX
8
L9
10
-39.05448036511538
20
-55.70803418287371
0
VERTEX
8
L9
10
-39.05132689308205
20
-55.7173240119184
0
VERTEX
8
L9
10
-39.046987833427536
20
-55.726122754491016
0
VERTEX
8
L9
10
-39.041537428665535
20
-55.73427986166667
0
VERTEX
8
L9
10
-39.035068936732685
20
-55.74165576308001
0
VERTEX
8
L9
10
-39.02769303531936
20
-55.74812425501286
0
VERTEX
8
L9
10
-39.019535928143696
20
-55.75357465977485
0
VERTEX
8
L9
10
-39.010737185571074
20
-55.75791371942937
0
VERTEX
8
L9
10
-39.001447356526384
20
-55.7610671914627
0
VERTEX
8
L9
10
-38.9918253925602
20
-55.76298111909406
0
VERTEX
8
L9
10
-38.9820359281437
20
-55.76362275449102
0
VERTEX
8
L9
10
-38.97224646372719
20
-55.76298111909406
0
VERTEX
8
L9
10
-38.962624499761006
20
-55.7610671914627
0
VERTEX
8
L9
10
-38.953334670716316
20
-55.75791371942937
0
VERTEX
8
L9
10
-38.944535928143694
20
-55.75357465977485
0
VERTEX
8
L9
10
-38.936378820968045
20
-55.74812425501286
0
VERTEX
8
L9
10
-38.929002919554705
20
-55.74165576308001
0
VERTEX
8
L9
10
-38.922534427621855
20
-55.73427986166667
0
VERTEX
8
L9
10
-38.91708402285987
20
-55.726122754491016
0
VERTEX
8
L9
10
-38.912744963205355
20
-55.7173240119184
0
VERTEX
8
L9
10
-38.90959149117202
20
-55.70803418287371
0
VERTEX
8
L9
10
-38.90767756354066
20
-55.69841221890752
0
VERTEX
8
L9
10
-38.9070359281437
20
-55.68862275449102
0
VERTEX
8
L9
10
-38.90767756354066
20
-55.678833290074515
0
VERTEX
8
L9
10
-38.90959149117202
20
-55.66921132610833
0
VERTEX
8
L9
10
-38.912744963205355
20
-55.659921497063635
0
VERTEX
8
L9
10
-38.91708402285987
20
-55.65112275449102
0
VERTEX
8
L9
10
-38.922534427621855
20
-55.642965647315364
0
VERTEX
8
L9
10
-38.929002919554705
20
-55.63558974590203
0
VERTEX
8
L9
10
-38.936378820968045
20
-55.629121253969174
0
VERTEX
8
L9
10
-38.944535928143694
20
-55.62367084920719
0
VERTEX
8
L9
10
-38.953334670716316
20
-55.619331789552675
0
VERTEX
8
L9
10
-38.962624499761006
20
-55.61617831751934
0
VERTEX
8
L9
10
-38.97224646372719
20
-55.614264389887985
0
VERTEX
8
L9
10
-38.9820359281437
20
-55.61362275449102
0
SEQEND
0
POLYLINE
8
L9
66
1
70
1
0
VERTEX
8
L9
10
-37.724550898203574
20
-53.81721556886228
0
VERTEX
8
L9
10
-37.73434036262009
20
-53.81785720425924
0
VERTEX
8
L9
10
-37.74396232658627
20
-53.8197711318906
0
VERTEX
8
L9
10
-37.75325215563096
20
-53.82292460392393
0
VERTEX
8
L9
10
-37.76205089820358
20
-53.82726366357844
0
VERTEX
8
L9
10
-37.77020800537923
20
-53.83271406834044
0
VERTEX
8
L9
10
-37.77758390679257
20
-53.83918256027329
0
VERTEX
8
L9
10
-37.78405239872542
20
-53.84655846168663
0
VERTEX
8
L9
10
-37.78950280348741
20
-53.854715568862275
0
VERTEX
8
L9
10
-37.79384186314192
20
-53.8635143114349
0
VERTEX
8
L9
10
-37.796995335175254
20
-53.87280414047959
0
VERTEX
8
L9
10
-37.79890926280662
20
-53.88242610444578
0
VERTEX
8
L9
10
-37.79955089820358
20
-53.89221556886228
0
VERTEX
8
L9
10
-37.79890926280662
20
-53.90200503327878
0
VERTEX
8
L9
10
-37.796995335175254
20
-53.911626997244966
0
VERTEX
8
L9
10
-37.79384186314192
20
-53.92091682628966
0
VERTEX
8
L9
10
-37.78950280348741
20
-53.92971556886228
0
VERTEX
8
L9
10
-37.78405239872542
20
-53.937872676037934
0
VERTEX
8
L9
10
-37.77758390679257
20
-53.94524857745127
0
VERTEX
8
L9
10
-37.77020800537923
20
-53.95171706938412
0
VERTEX
8
L9
10
-37.76205089820358
20
-53.95716747414611
0
VERTEX
8
L9
10
-37.75325215563096
20
-53.96150653380062
0
VERTEX
8
L9
10
-37.74396232658627
20
-53.964660005833956
0
VERTEX
8
L9
10
-37.73434036262009
20
-53.96657393346531
0
VERTEX
8
L9
10
-37.724550898203574
20
-53.96721556886228
0
VERTEX
8
L9
10
-37.714761433787075
20
-53.96657393346531
0
VERTEX
8
L9
10
-37.70513946982089
20
-53.964660005833956
0
VERTEX
8
L9
10
-37.6958496407762
20
-53.96150653380062
0
VERTEX
8
L9
10
-37.68705089820358
20
-53.95716747414611
0
VERTEX
8
L9
10
-37.67889379102793
20
-53.95171706938412
0
VERTEX
8
L9
10
-37.67151788961459
20
-53.94524857745127
0
VERTEX
8
L9
10
-37.66504939768174
20
-53.937872676037934
0
VERTEX
8
L9
10
-37.659598992919754
20
-53.92971556886228
0
VERTEX
8
L9
10
-37.65525993326523
20
-53.92091682628966
0
VERTEX
8
L9
10
-37.652106461231895
20
-53.911626997244966
0
VERTEX
8
L9
10
-37.650192533600546
20
-53.90200503327878
0
VERTEX
8
L9
10
-37.649550898203586
20
-53.89221556886228
0
VERTEX
8
L9
10
-37.650192533600546
20
-53.88242610444578
0
VERTEX
8
L9
10
-37.652106461231895
20
-53.87280414047959
0
VERTEX
8
L9
10
-37.65525993326523
20
-53.8635143114349
0
VERTEX
8
L9
10
-37.659598992919754
20
-53.854715568862275
0
VERTEX
8
L9
10
-37.66504939768174
20
-53.84655846168663
0
VERTEX
8
L9
10
-37.67151788961459
20
-53.83918256027329
0
VERTEX
8
L9
10
-37.67889379102793
20
-53.83271406834044
0
VERTEX
8
L9
10
-37.68705089820358
20
-53.82726366357844
0
VERTEX
8
L9
10
-37.6958496407762
20
-53.82292460392393
0
VERTEX
8
L9
10
-37.70513946982089
20
-53.8197711318906
0
VERTEX
8
L9
10
-37.714761433787075
20
-53.81785720425924
0
VERTEX
8
L9
10
-37.724550898203574
20
-53.81721556886228
0
SEQEND
0
POLYLINE
8
L9
66
1
70
1
0
VERTEX
8
L9
10
-37.724550898203574
20
-53.338173652694614
0
VERTEX
8
L9
10
-37.73434036262009
20
-53.338815288091574
0
VERTEX
8
L9
10
-37.74396232658627
20
-53.34072921572293
0
VERTEX
8
L9
10
-37.75325215563096
20
-53.34388268775626
0
VERTEX
8
L9
10
-37.76205089820358
20
-53.34822174741078
0
VERTEX
8
L9
10
-37.77020800537923
20
-53.35367215217277
0
VERTEX
8
L9
10
-37.77758390679257
20
-53.36014064410562
0
VERTEX
8
L9
10
-37.78405239872542
20
-53.36751654551896
0
VERTEX
8
L9
10
-37.78950280348741
20
-53.375673652694616
0
VERTEX
8
L9
10
-37.79384186314192
20
-53.38447239526723
0
VERTEX
8
L9
10
-37.796995335175254
20
-53.39376222431192
0
VERTEX
8
L9
10
-37.79890926280662
20
-53.40338418827811
0
VERTEX
8
L9
10
-37.79955089820358
20
-53.41317365269461
0
VERTEX
8
L9
10
-37.79890926280662
20
-53.42296311711112
0
VERTEX
8
L9
10
-37.796995335175254
20
-53.4325850810773
0
VERTEX
8
L9
10
-37.79384186314192
20
-53.441874910121996
0
VERTEX
8
L9
10
-37.78950280348741
20
-53.45067365269461
0
VERTEX
8
L9
10
-37.78405239872542
20
-53.45883075987027
0
VERTEX
8
L9
10
-37.77758390679257
20
-53.46620666128361
0
VERTEX
8
L9
10
-37.77020800537923
20
-53.47267515321646
0
VERTEX
8
L9
10
-37.76205089820358
20
-53.478125557978444
0
VERTEX
8
L9
10
-37.75325215563096
20
-53.48246461763296
0
VERTEX
8
L9
10
-37.74396232658627
20
-53.485618089666296
0
VERTEX
8
L9
10
-37.73434036262009
20
-53.487532017297646
0
VERTEX
8
L9
10
-37.724550898203574
20
-53.48817365269461
0
VERTEX
8
L9
10
-37.714761433787075
20
-53.487532017297646
0
VERTEX
8
L9
10
-37.70513946982089
20
-53.485618089666296
0
VERTEX
8
L9
10
-37.6958496407762
20
-53.48246461763296
0
VERTEX
8
L9
10
-37.68705089820358
20
-53.478125557978444
0
VERTEX
8
L9
10
-37.67889379102793
20
-53.47267515321646
0
VERTEX
8
L9
10
-37.67151788961459
20
-53.46620666128361
0
VERTEX
8
L9
10
-37.66504939768174
20
-53.45883075987027
0
VERTEX
8
L9
10
-37.659598992919754
20
-53.45067365269461
0
VERTEX
8
L9
10
-37.65525993326523
20
-53.441874910121996
0
VERTEX
8
L9
10
-37.652106461231895
20
-53.4325850810773
0
VERTEX
8
L9
10
-37.650192533600546
20
-53.42296311711112
0
VERTEX
8
L9
10
-37.649550898203586
20
-53.41317365269461
0
VERTEX
8
L9
10
-37.650192533600546
20
-53.40338418827811
0
VERTEX
8
L9
10
-37.652106461231895
20
-53.39376222431192
0
VERTEX
8
L9
10
-37.65525993326523
20
-53.38447239526723
0
VERTEX
8
L9
10
-37.659598992919754
20
-53.375673652694616
0
VERTEX
8
L9
10
-37.66504939768174
20
-53.36751654551896
0
VERTEX
8
L9
10
-37.67151788961459
20
-53.36014064410562
0
VERTEX
8
L9
10
-37.67889379102793
20
-53.35367215217277
0
VERTEX
8
L9
10
-37.68705089820358
20
-53.34822174741078
0
VERTEX
8
L9
10
-37.6958496407762
20
-53.34388268775626
0
VERTEX
8
L9
10
-37.70513946982089
20
-53.34072921572293
0
VERTEX
8
L9
10
-37.714761433787075
20
-53.338815288091574
0
VERTEX
8
L9
10
-37.724550898203574
20
-53.338173652694614
0
SEQEND
0
POLYLINE
8
L9
66
1
70
1
0
VERTEX
8
L9
10
-33.592814371257475
20
-55.61362275449102
0
VERTEX
8
L9
10
-33.602603835673975
20
-55.614264389887985
0
VERTEX
8
L9
10
-33.61222579964017
20
-55.61617831751934
0
VERTEX
8
L9
10
-33.62151562868486
20
-55.619331789552675
0
VERTEX
8
L9
10
-33.63031437125747
20
-55.62367084920719
0
VERTEX
8
L9
10
-33.63847147843313
20
-55.629121253969174
0
VERTEX
8
L9
10
-33.64584737984647
20
-55.63558974590203
0
VERTEX
8
L9
10
-33.65231587177932
20
-55.642965647315364
0
VERTEX
8
L9
10
-33.65776627654131
20
-55.65112275449102
0
VERTEX
8
L9
10
-33.66210533619582
20
-55.659921497063635
0
VERTEX
8
L9
10
-33.665258808229154
20
-55.66921132610833
0
VERTEX
8
L9
10
-33.66717273586052
20
-55.678833290074515
0
VERTEX
8
L9
10
-33.66781437125748
20
-55.68862275449102
0
VERTEX
8
L9
10
-33.66717273586052
20
-55.69841221890752
0
VERTEX
8
L9
10
-33.665258808229154
20
-55.70803418287371
0
VERTEX
8
L9
10
-33.66210533619582
20
-55.7173240119184
0
VERTEX
8
L9
10
-33.65776627654131
20
-55.726122754491016
0
VERTEX
8
L9
10
-33.65231587177932
20
-55.73427986166667
0
VERTEX
8
L9
10
-33.64584737984647
20
-55.74165576308001
0
VERTEX
8
L9
10
-33.63847147843313
20
-55.74812425501286
0
VERTEX
8
L9
10
-33.63031437125747
20
-55.75357465977485
0
VERTEX
8
L9
10
-33.62151562868486
20
-55.75791371942937
0
VERTEX
8
L9
10
-33.61222579964017
20
-55.7610671914627
0
VERTEX
8
L9
10
-33.602603835673975
20
-55.76298111909406
0
VERTEX
8
L9
10
-33.592814371257475
20
-55.76362275449102
0
VERTEX
8
L9
10
-33.583024906840976
20
-55.76298111909406
0
VERTEX
8
L9
10
-33.57340294287479
20
-55.7610671914627
0
VERTEX
8
L9
10
-33.56411311383009
20
-55.75791371942937
0
VERTEX
8
L9
10
-33.55531437125748
20
-55.75357465977485
0
VERTEX
8
L9
10
-33.54715726408182
20
-55.74812425501286
0
VERTEX
8
L9
10
-33.53978136266848
20
-55.74165576308001
0
VERTEX
8
L9
10
-33.53331287073563
20
-55.73427986166667
0
VERTEX
8
L9
10
-33.52786246597364
20
-55.726122754491016
0
VERTEX
8
L9
10
-33.52352340631913
20
-55.7173240119184
0
VERTEX
8
L9
10
-33.520369934285796
20
-55.70803418287371
0
VERTEX
8
L9
10
-33.518456006654446
20
-55.69841221890752
0
VERTEX
8
L9
10
-33.51781437125747
20
-55.68862275449102
0
VERTEX
8
L9
10
-33.518456006654446
20
-55.678833290074515
0
VERTEX
8
L9
10
-33.520369934285796
20
-55.66921132610833
0
VERTEX
8
L9
10
-33.52352340631913
20
-55.659921497063635
0
VERTEX
8
L9
10
-33.52786246597364
20
-55.65112275449102
0
VERTEX
8
L9
10
-33.53331287073563
20
-55.642965647315364
0
VERTEX
8
L9
10
-33.53978136266848
20
-55.63558974590203
0
VERTEX
8
L9
10
-33.54715726408182
20
-55.629121253969174
0
VERTEX
8
L9
10
-33.55531437125748
20
-55.62367084920719
0
VERTEX
8
L9
10
-33.56411311383009
20
-55.619331789552675
0
VERTEX
8
L9
10
-33.57340294287479
20
-55.61617831751934
0
VERTEX
8
L9
10
-33.583024906840976
20
-55.614264389887985
0
VERTEX
8
L9
10
-33.592814371257475
20
-55.61362275449102
0
SEQEND
0
POLYLINE
8
L9
66
1
70
1
0
VERTEX
8
L9
10
-37.724550898203574
20
-54.29625748502994
0
VERTEX
8
L9
10
-37.73434036262009
20
-54.29689912042691
0
VERTEX
8
L9
10
-37.74396232658627
20
-54.298813048058264
0
VERTEX
8
L9
10
-37.75325215563096
20
-54.3019665200916
0
VERTEX
8
L9
10
-37.76205089820358
20
-54.30630557974611
0
VERTEX
8
L9
10
-37.77020800537923
20
-54.311755984508096
0
VERTEX
8
L9
10
-37.77758390679257
20
-54.31822447644095
0
VERTEX
8
L9
10
-37.78405239872542
20
-54.325600377854286
0
VERTEX
8
L9
10
-37.78950280348741
20
-54.33375748502994
0
VERTEX
8
L9
10
-37.79384186314192
20
-54.34255622760256
0
VERTEX
8
L9
10
-37.796995335175254
20
-54.351846056647254
0
VERTEX
8
L9
10
-37.79890926280662
20
-54.36146802061344
0
VERTEX
8
L9
10
-37.79955089820358
20
-54.37125748502994
0
VERTEX
8
L9
10
-37.79890926280662
20
-54.38104694944644
0
VERTEX
8
L9
10
-37.796995335175254
20
-54.39066891341263
0
VERTEX
8
L9
10
-37.79384186314192
20
-54.39995874245732
0
VERTEX
8
L9
10
-37.78950280348741
20
-54.408757485029945
0
VERTEX
8
L9
10
-37.78405239872542
20
-54.41691459220559
0
VERTEX
8
L9
10
-37.77758390679257
20
-54.42429049361893
0
VERTEX
8
L9
10
-37.77020800537923
20
-54.43075898555178
0
VERTEX
8
L9
10
-37.76205089820358
20
-54.43620939031378
0
VERTEX
8
L9
10
-37.75325215563096
20
-54.44054844996829
0
VERTEX
8
L9
10
-37.74396232658627
20
-54.44370192200162
0
VERTEX
8
L9
10
-37.73434036262009
20
-54.44561584963298
0
VERTEX
8
L9
10
-37.724550898203574
20
-54.44625748502994
0
VERTEX
8
L9
10
-37.714761433787075
20
-54.44561584963298
0
VERTEX
8
L9
10
-37.70513946982089
20
-54.44370192200162
0
VERTEX
8
L9
10
-37.6958496407762
20
-54.44054844996829
0
VERTEX
8
L9
10
-37.68705089820358
20
-54.43620939031378
0
VERTEX
8
L9
10
-37.67889379102793
20
-54.43075898555178
0
VERTEX
8
L9
10
-37.67151788961459
20
-54.42429049361893
0
VERTEX
8
L9
10
-37.66504939768174
20
-54.41691459220559
0
VERTEX
8
L9
10
-37.659598992919754
20
-54.408757485029945
0
VERTEX
8
L9
10
-37.65525993326523
20
-54.39995874245732
0
VERTEX
8
L9
10
-37.652106461231895
20
-54.39066891341263
0
VERTEX
8
L9
10
-37.650192533600546
20
-54.38104694944644
0
VERTEX
8
L9
10
-37.649550898203586
20
-54.37125748502994
0
VERTEX
8
L9
10
-37.650192533600546
20
-54.36146802061344
0
VERTEX
8
L9
10
-37.652106461231895
20
-54.351846056647254
0
VERTEX
8
L9
10
-37.65525993326523
20
-54.34255622760256
0
VERTEX
8
L9
10
-37.659598992919754
20
-54.33375748502994
0
VERTEX
8
L9
10
-37.66504939768174
20
-54.325600377854286
0
VERTEX
8
L9
10
-37.67151788961459
20
-54.31822447644095
0
VERTEX
8
L9
10
-37.67889379102793
20
-54.311755984508096
0
VERTEX
8
L9
10
-37.68705089820358
20
-54.30630557974611
0
VERTEX
8
L9
10
-37.6958496407762
20
-54.3019665200916
0
VERTEX
8
L9
10
-37.70513946982089
20
-54.298813048058264
0
VERTEX
8
L9
10
-37.714761433787075
20
-54.29689912042691
0
VERTEX
8
L9
10
-37.724550898203574
20
-54.29625748502994
0
SEQEND
0
POLYLINE
8
L9
66
1
70
1
0
VERTEX
8
L9
10
-34.059847230689996
20
-55.783608813748685
0
VERTEX
8
L9
10
-34.069636695106496
20
-55.78425044914565
0
VERTEX
8
L9
10
-34.07925865907268
20
-55.78616437677701
0
VERTEX
8
L9
10
-34.08854848811737
20
-55.78931784881034
0
VERTEX
8
L9
10
-34.09734723068999
20
-55.793656908464854
0
VERTEX
8
L9
10
-34.10550433786564
20
-55.79910731322684
0
VERTEX
8
L9
10
-34.11288023927898
20
-55.8055758051597
0
VERTEX
8
L9
10
-34.11934873121183
20
-55.81295170657303
0
VERTEX
8
L9
10
-34.12479913597383
20
-55.82110881374869
0
VERTEX
8
L9
10
-34.12913819562834
20
-55.8299075563213
0
VERTEX
8
L9
10
-34.132291667661676
20
-55.839197385366
0
VERTEX
8
L9
10
-34.134205595293025
20
-55.84881934933218
0
VERTEX
8
L9
10
-34.13484723069
20
-55.85860881374869
0
VERTEX
8
L9
10
-34.134205595293025
20
-55.86839827816519
0
VERTEX
8
L9
10
-34.132291667661676
20
-55.87802024213138
0
VERTEX
8
L9
10
-34.12913819562834
20
-55.88731007117607
0
VERTEX
8
L9
10
-34.12479913597383
20
-55.89610881374869
0
VERTEX
8
L9
10
-34.11934873121183
20
-55.90426592092434
0
VERTEX
8
L9
10
-34.11288023927898
20
-55.91164182233768
0
VERTEX
8
L9
10
-34.10550433786564
20
-55.91811031427053
0
VERTEX
8
L9
10
-34.09734723068999
20
-55.92356071903252
0
VERTEX
8
L9
10
-34.08854848811737
20
-55.927899778687035
0
VERTEX
8
L9
10
-34.07925865907268
20
-55.93105325072037
0
VERTEX
8
L9
10
-34.069636695106496
20
-55.932967178351724
0
VERTEX
8
L9
10
-34.059847230689996
20
-55.933608813748684
0
VERTEX
8
L9
10
-34.05005776627348
20
-55.932967178351724
0
VERTEX
8
L9
10
-34.0404358023073
20
-55.93105325072037
0
VERTEX
8
L9
10
-34.03114597326261
20
-55.927899778687035
0
VERTEX
8
L9
10
-34.02234723068999
20
-55.92356071903252
0
VERTEX
8
L9
10
-34.01419012351434
20
-55.91811031427053
0
VERTEX
8
L9
10
-34.006814222101
20
-55.91164182233768
0
VERTEX
8
L9
10
-34.00034573016815
20
-55.90426592092434
0
VERTEX
8
L9
10
-33.99489532540616
20
-55.89610881374869
0
VERTEX
8
L9
10
-33.99055626575165
20
-55.88731007117607
0
VERTEX
8
L9
10
-33.98740279371832
20
-55.87802024213138
0
VERTEX
8
L9
10
-33.98548886608695
20
-55.86839827816519
0
VERTEX
8
L9
10
-33.984847230689994
20
-55.85860881374869
0
VERTEX
8
L9
10
-33.98548886608695
20
-55.84881934933218
0
VERTEX
8
L9
10
-33.98740279371832
20
-55.839197385366
0
VERTEX
8
L9
10
-33.99055626575165
20
-55.8299075563213
0
VERTEX
8
L9
10
-33.99489532540616
20
-55.82110881374869
0
VERTEX
8
L9
10
-34.00034573016815
20
-55.81295170657303
0
VERTEX
8
L9
10
-34.006814222101
20
-55.8055758051597
0
VERTEX
8
L9
10
-34.01419012351434
20
-55.79910731322684
0
VERTEX
8
L9
10
-34.02234723068999
20
-55.793656908464854
0
VERTEX
8
L9
10
-34.03114597326261
20
-55.78931784881034
0
VERTEX
8
L9
10
-34.0404358023073
20
-55.78616437677701
0
VERTEX
8
L9
10
-34.05005776627348
20
-55.78425044914565
0
VERTEX
8
L9
10
-34.059847230689996
20
-55.783608813748685
0
SEQEND
0
POLYLINE
8
L9
66
1
70
1
0
VERTEX
8
L9
10
-37.724550898203574
20
-55.254341317365274
0
VERTEX
8
L9
10
-37.73434036262009
20
-55.254982952762234
0
VERTEX
8
L9
10
-37.74396232658627
20
-55.25689688039359
0
VERTEX
8
L9
10
-37.75325215563096
20
-55.26005035242692
0
VERTEX
8
L9
10
-37.76205089820358
20
-55.264389412081435
0
VERTEX
8
L9
10
-37.77020800537923
20
-55.26983981684343
0
VERTEX
8
L9
10
-37.77758390679257
20
-55.27630830877628
0
VERTEX
8
L9
10
-37.78405239872542
20
-55.28368421018962
0
VERTEX
8
L9
10
-37.78950280348741
20
-55.29184131736527
0
VERTEX
8
L9
10
-37.79384186314192
20
-55.30064005993789
0
VERTEX
8
L9
10
-37.796995335175254
20
-55.30992988898258
0
VERTEX
8
L9
10
-37.79890926280662
20
-55.31955185294877
0
VERTEX
8
L9
10
-37.79955089820358
20
-55.32934131736527
0
VERTEX
8
L9
10
-37.79890926280662
20
-55.339130781781776
0
VERTEX
8
L9
10
-37.796995335175254
20
-55.34875274574796
0
VERTEX
8
L9
10
-37.79384186314192
20
-55.358042574792655
0
VERTEX
8
L9
10
-37.78950280348741
20
-55.36684131736527
0
VERTEX
8
L9
10
-37.78405239872542
20
-55.37499842454093
0
VERTEX
8
L9
10
-37.77758390679257
20
-55.38237432595426
0
VERTEX
8
L9
10
-37.77020800537923
20
-55.38884281788712
0
VERTEX
8
L9
10
-37.76205089820358
20
-55.394293222649104
0
VERTEX
8
L9
10
-37.75325215563096
20
-55.398632282303616
0
VERTEX
8
L9
10
-37.74396232658627
20
-55.40178575433695
0
VERTEX
8
L9
10
-37.73434036262009
20
-55.403699681968305
0
VERTEX
8
L9
10
-37.724550898203574
20
-55.40434131736527
0
VERTEX
8
L9
10
-37.714761433787075
20
-55.403699681968305
0
VERTEX
8
L9
10
-37.70513946982089
20
-55.40178575433695
0
VERTEX
8
L9
10
-37.6958496407762
20
-55.398632282303616
0
VERTEX
8
L9
10
-37.68705089820358
20
-55.394293222649104
0
VERTEX
8
L9
10
-37.67889379102793
20
-55.38884281788712
0
VERTEX
8
L9
10
-37.67151788961459
20
-55.38237432595426
0
VERTEX
8
L9
10
-37.66504939768174
20
-55.37499842454093
0
VERTEX
8
L9
10
-37.659598992919754
20
-55.36684131736527
0
VERTEX
8
L9
10
-37.65525993326523
20
-55.358042574792655
0
VERTEX
8
L9
10
-37.652106461231895
20
-55.34875274574796
0
VERTEX
8
L9
10
-37.650192533600546
20
-55.339130781781776
0
VERTEX
8
L9
10
-37.649550898203586
20
-55.32934131736527
0
VERTEX
8
L9
10
-37.650192533600546
20
-55.31955185294877
0
VERTEX
8
L9
10
-37.652106461231895
20
-55.30992988898258
0
VERTEX
8
L9
10
-37.65525993326523
20
-55.30064005993789
0
VERTEX
8
L9
10
-37.659598992919754
20
-55.29184131736527
0
VERTEX
8
L9
10
-37.66504939768174
20
-55.28368421018962
0
VERTEX
8
L9
10
-37.67151788961459
20
-55.27630830877628
0
VERTEX
8
L9
10
-37.67889379102793
20
-55.26983981684343
0
VERTEX
8
L9
10
-37.68705089820358
20
-55.264389412081435
0
VERTEX
8
L9
10
-37.6958496407762
20
-55.26005035242692
0
VERTEX
8
L9
10
-37.70513946982089
20
-55.25689688039359
0
VERTEX
8
L9
10
-37.714761433787075
20
-55.254982952762234
0
VERTEX
8
L9
10
-37.724550898203574
20
-55.254341317365274
0
SEQEND
0
POLYLINE
8
L9
66
1
70
1
0
VERTEX
8
L9
10
-36.46706586826346
20
-55.61362275449102
0
VERTEX
8
L9
10
-36.47685533267996
20
-55.614264389887985
0
VERTEX
8
L9
10
-36.48647729664616
20
-55.61617831751934
0
VERTEX
8
L9
10
-36.49576712569085
20
-55.619331789552675
0
VERTEX
8
L9
10
-36.504565868263455
20
-55.62367084920719
0
VERTEX
8
L9
10
-36.51272297543912
20
-55.629121253969174
0
VERTEX
8
L9
10
-36.52009887685246
20
-55.63558974590203
0
VERTEX
8
L9
10
-36.52656736878531
20
-55.642965647315364
0
VERTEX
8
L9
10
-36.532017773547295
20
-55.65112275449102
0
VERTEX
8
L9
10
-36.53635683320181
20
-55.659921497063635
0
VERTEX
8
L9
10
-36.53951030523514
20
-55.66921132610833
0
VERTEX
8
L9
10
-36.541424232866504
20
-55.678833290074515
0
VERTEX
8
L9
10
-36.542065868263464
20
-55.68862275449102
0
VERTEX
8
L9
10
-36.541424232866504
20
-55.69841221890752
0
VERTEX
8
L9
10
-36.53951030523514
20
-55.70803418287371
0
VERTEX
8
L9
10
-36.53635683320181
20
-55.7173240119184
0
VERTEX
8
L9
10
-36.532017773547295
20
-55.726122754491016
0
VERTEX
8
L9
10
-36.52656736878531
20
-55.73427986166667
0
VERTEX
8
L9
10
-36.52009887685246
20
-55.74165576308001
0
VERTEX
8
L9
10
-36.51272297543912
20
-55.74812425501286
0
VERTEX
8
L9
10
-36.504565868263455
20
-55.75357465977485
0
VERTEX
8
L9
10
-36.49576712569085
20
-55.75791371942937
0
VERTEX
8
L9
10
-36.48647729664616
20
-55.7610671914627
0
VERTEX
8
L9
10
-36.47685533267996
20
-55.76298111909406
0
VERTEX
8
L9
10
-36.46706586826346
20
-55.76362275449102
0
VERTEX
8
L9
10
-36.45727640384696
20
-55.76298111909406
0
VERTEX
8
L9
10
-36.44765443988078
20
-55.7610671914627
0
VERTEX
8
L9
10
-36.438364610836075
20
-55.75791371942937
0
VERTEX
8
L9
10
-36.42956586826347
20
-55.75357465977485
0
VERTEX
8
L9
10
-36.421408761087804
20
-55.74812425501286
0
VERTEX
8
L9
10
-36.414032859674464
20
-55.74165576308001
0
VERTEX
8
L9
10
-36.407564367741614
20
-55.73427986166667
0
VERTEX
8
L9
10
-36.40211396297963
20
-55.726122754491016
0
VERTEX
8
L9
10
-36.397774903325114
20
-55.7173240119184
0
VERTEX
8
L9
10
-36.39462143129178
20
-55.70803418287371
0
VERTEX
8
L9
10
-36.39270750366043
20
-55.69841221890752
0
VERTEX
8
L9
10
-36.39206586826346
20
-55.68862275449102
0
VERTEX
8
L9
10
-36.39270750366043
20
-55.678833290074515
0
VERTEX
8
L9
10
-36.39462143129178
20
-55.66921132610833
0
VERTEX
8
L9
10
-36.397774903325114
20
-55.659921497063635
0
VERTEX
8
L9
10
-36.40211396297963
20
-55.65112275449102
0
VERTEX
8
L9
10
-36.407564367741614
20
-55.642965647315364
0
VERTEX
8
L9
10
-36.414032859674464
20
-55.63558974590203
0
VERTEX
8
L9
10
-36.421408761087804
20
-55.629121253969174
0
VERTEX
8
L9
10
-36.42956586826347
20
-55.62367084920719
0
VERTEX
8
L9
10
-36.438364610836075
20
-55.619331789552675
0
VERTEX
8
L9
10
-36.44765443988078
20
-55.61617831751934
0
VERTEX
8
L9
10
-36.45727640384696
20
-55.614264389887985
0
VERTEX
8
L9
10
-36.46706586826346
20
-55.61362275449102
0
SEQEND
0
POLYLINE
8
L9
66
1
70
1
0
VERTEX
8
L9
10
-37.724550898203574
20
-56.2124251497006
0
VERTEX
8
L9
10
-37.73434036262009
20
-56.21306678509757
0
VERTEX
8
L9
10
-37.74396232658627
20
-56.21498071272892
0
VERTEX
8
L9
10
-37.75325215563096
20
-56.218134184762256
0
VERTEX
8
L9
10
-37.76205089820358
20
-56.22247324441677
0
VERTEX
8
L9
10
-37.77020800537923
20
-56.227923649178756
0
VERTEX
8
L9
10
-37.77758390679257
20
-56.234392141111606
0
VERTEX
8
L9
10
-37.78405239872542
20
-56.241768042524946
0
VERTEX
8
L9
10
-37.78950280348741
20
-56.2499251497006
0
VERTEX
8
L9
10
-37.79384186314192
20
-56.25872389227322
0
VERTEX
8
L9
10
-37.796995335175254
20
-56.268013721317914
0
VERTEX
8
L9
10
-37.79890926280662
20
-56.277635685284096
0
VERTEX
8
L9
10
-37.79955089820358
20
-56.2874251497006
0
VERTEX
8
L9
10
-37.79890926280662
20
-56.2972146141171
0
VERTEX
8
L9
10
-37.796995335175254
20
-56.30683657808329
0
VERTEX
8
L9
10
-37.79384186314192
20
-56.31612640712798
0
VERTEX
8
L9
10
-37.78950280348741
20
-56.3249251497006
0
VERTEX
8
L9
10
-37.78405239872542
20
-56.33308225687625
0
VERTEX
8
L9
10
-37.77758390679257
20
-56.34045815828959
0
VERTEX
8
L9
10
-37.77020800537923
20
-56.34692665022244
0
VERTEX
8
L9
10
-37.76205089820358
20
-56.35237705498443
0
VERTEX
8
L9
10
-37.75325215563096
20
-56.35671611463895
0
VERTEX
8
L9
10
-37.74396232658627
20
-56.35986958667228
0
VERTEX
8
L9
10
-37.73434036262009
20
-56.36178351430364
0
VERTEX
8
L9
10
-37.724550898203574
20
-56.3624251497006
0
VERTEX
8
L9
10
-37.714761433787075
20
-56.36178351430364
0
VERTEX
8
L9
10
-37.70513946982089
20
-56.35986958667228
0
VERTEX
8
L9
10
-37.6958496407762
20
-56.35671611463895
0
VERTEX
8
L9
10
-37.68705089820358
20
-56.35237705498443
0
VERTEX
8
L9
10
-37.67889379102793
20
-56.34692665022244
0
VERTEX
8
L9
10
-37.67151788961459
20
-56.34045815828959
0
VERTEX
8
L9
10
-37.66504939768174
20
-56.33308225687625
0
VERTEX
8
L9
10
-37.659598992919754
20
-56.3249251497006
0
VERTEX
8
L9
10
-37.65525993326523
20
-56.31612640712798
0
VERTEX
8
L9
10
-37.652106461231895
20
-56.30683657808329
0
VERTEX
8
L9
10
-37.650192533600546
20
-56.2972146141171
0
VERTEX
8
L9
10
-37.649550898203586
20
-56.2874251497006
0
VERTEX
8
L9
10
-37.650192533600546
20
-56.277635685284096
0
VERTEX
8
L9
10
-37.652106461231895
20
-56.268013721317914
0
VERTEX
8
L9
10
-37.65525993326523
20
-56.25872389227322
0
VERTEX
8
L9
10
-37.659598992919754
20
-56.2499251497006
0
VERTEX
8
L9
10
-37.66504939768174
20
-56.241768042524946
0
VERTEX
8
L9
10
-37.67151788961459
20
-56.234392141111606
0
VERTEX
8
L9
10
-37.67889379102793
20
-56.227923649178756
0
VERTEX
8
L9
10
-37.68705089820358
20
-56.22247324441677
0
VERTEX
8
L9
10
-37.6958496407762
20
-56.218134184762256
0
VERTEX
8
L9
10
-37.70513946982089
20
-56.21498071272892
0
VERTEX
8
L9
10
-37.714761433787075
20
-56.21306678509757
0
VERTEX
8
L9
10
-37.724550898203574
20
-56.2124251497006
0
SEQEND
0
POLYLINE
8
L9
66
1
70
1
0
VERTEX
8
L9
10
-25.563672081934854
20
-56.29871330966362
0
VERTEX
8
L9
10
-25.542465778862294
20
-56.31882209831538
0
VERTEX
8
L9
10
-25.5161839947758
20
-56.33160249331235
0
VERTEX
8
L9
10
-25.487272083056595
20
-56.33586535992852
0
VERTEX
8
L9
10
-25.458420113786886
20
-56.33121406545208
0
VERTEX
8
L9
10
-25.432312579784025
20
-56.318081383344584
0
VERTEX
8
L9
10
-25.411378621563685
20
-56.29768922641415
0
VERTEX
8
L9
10
-25.3975660112157
20
-56.27193495557567
0
VERTEX
8
L9
10
-25.392159924560218
20
-56.24321484244705
0
VERTEX
8
L9
10
-25.3956633636856
20
-56.21420111146771
0
VERTEX
8
L9
10
-25.40775035579324
20
-56.18759330635649
0
VERTEX
8
L9
10
-25.42729628289979
20
-56.165867114683934
0
VERTEX
8
L9
10
-25.452482520410285
20
-56.15104402083983
0
VERTEX
8
L9
10
-25.480965648606656
20
-56.14450321972706
0
VERTEX
8
L9
10
-25.510095492994907
20
-56.14685329142013
0
VERTEX
8
L9
10
-25.537161706239687
20
-56.15787557664758
0
VERTEX
8
L9
10
-25.559645948799954
20
-56.17654452165093
0
VERTEX
8
L9
10
-25.5754562044569
20
-56.20112309945985
0
VERTEX
8
L9
10
-25.583121429159604
20
-56.229324429238844
0
VERTEX
8
L9
10
-25.65449678092476
20
-56.23846295732267
0
VERTEX
8
L9
10
-25.72645437060966
20
-56.23822042510439
0
VERTEX
8
L9
10
-25.797766498812663
20
-56.22860097053055
0
VERTEX
8
L9
10
-25.86721647862818
20
-56.209768715254995
0
VERTEX
8
L9
10
-25.93361939406556
20
-56.18204496448867
0
VERTEX
8
L9
10
-25.995842316410744
20
-56.1459027250732
0
VERTEX
8
L9
10
-26.05282363361043
20
-56.10195863530761
0
VERTEX
8
L9
10
-26.1035911628923
20
-56.05096244421696
0
VERTEX
8
L9
10
-26.14727873759348
20
-55.9937842197616
0
VERTEX
8
L9
10
-26.183140985202826
20
-55.931399504233326
0
VERTEX
8
L9
10
-26.210566044482007
20
-55.86487267010849
0
VERTEX
8
L9
10
-26.229086004693357
20
-55.79533876033126
0
VERTEX
8
L9
10
-26.23838488882643
20
-55.72398412285745
0
VERTEX
8
L9
10
-26.23830404461762
20
-55.65202616986161
0
VERTEX
8
L9
10
-26.22884485138475
20
-55.580692606943984
0
VERTEX
8
L9
10
-26.21016869649395
20
-55.51120048671706
0
VERTEX
8
L9
10
-26.182594221860356
20
-55.44473544414715
0
VERTEX
8
L9
10
-26.14659188746124
20
-55.3824314679261
0
VERTEX
8
L9
10
-26.102775944615956
20
-55.32535155300222
0
VERTEX
8
L9
10
-26.051893955979807
20
-55.274469564366065
0
VERTEX
8
L9
10
-25.994814041055932
20
-55.23065362152078
0
VERTEX
8
L9
10
-25.932510064834872
20
-55.19465128712167
0
VERTEX
8
L9
10
-25.86604502226497
20
-55.16707681248808
0
VERTEX
8
L9
10
-25.796552902038044
20
-55.148400657597286
0
VERTEX
8
L9
10
-25.725219339120414
20
-55.138941464364414
0
VERTEX
8
L9
10
-25.65326138612457
20
-55.13886062015559
0
VERTEX
8
L9
10
-25.581906748650766
20
-55.148159504288664
0
VERTEX
8
L9
10
-25.51237283887353
20
-55.16667946450003
0
VERTEX
8
L9
10
-25.445846004748702
20
-55.194104523779195
0
VERTEX
8
L9
10
-25.38346128922042
20
-55.22996677138854
0
VERTEX
8
L9
10
-25.326283064765065
20
-55.27365434608973
0
VERTEX
8
L9
10
-25.275286873674418
20
-55.32442187537159
0
VERTEX
8
L9
10
-25.23134278390883
20
-55.38140319257129
0
VERTEX
8
L9
10
-25.19520054449336
20
-55.44362611491646
0
VERTEX
8
L9
10
-25.167476793727033
20
-55.510029030353856
0
VERTEX
8
L9
10
-25.148644538451478
20
-55.579479010169365
0
VERTEX
8
L9
10
-25.13902508387764
20
-55.65079113837236
0
VERTEX
8
L9
10
-25.13878255165936
20
-55.72274872805727
0
VERTEX
8
L9
10
-25.147921079743185
20
-55.794124079822424
0
VERTEX
8
L9
10
-25.17612240952218
20
-55.80178930452514
0
VERTEX
8
L9
10
-25.20070098733109
20
-55.81759956018208
0
VERTEX
8
L9
10
-25.219369932334445
20
-55.84008380274234
0
VERTEX
8
L9
10
-25.2303922175619
20
-55.867150015987114
0
VERTEX
8
L9
10
-25.232742289254958
20
-55.89627986037538
0
VERTEX
8
L9
10
-25.226201488142195
20
-55.924762988571736
0
VERTEX
8
L9
10
-25.211378394298094
20
-55.94994922608224
0
VERTEX
8
L9
10
-25.18965220262554
20
-55.96949515318878
0
VERTEX
8
L9
10
-25.163044397514312
20
-55.98158214529643
0
VERTEX
8
L9
10
-25.13403066653497
20
-55.98508558442181
0
VERTEX
8
L9
10
-25.105310553406355
20
-55.97967949776632
0
VERTEX
8
L9
10
-25.07955628256788
20
-55.96586688741834
0
VERTEX
8
L9
10
-25.059164125637437
20
-55.944932929197996
0
VERTEX
8
L9
10
-25.04603144352994
20
-55.91882539519514
0
VERTEX
8
L9
10
-25.04138014905351
20
-55.88997342592543
0
VERTEX
8
L9
10
-25.04564301566967
20
-55.86106151420622
0
VERTEX
8
L9
10
-25.05842341066665
20
-55.83477973011974
0
VERTEX
8
L9
10
-25.078532199318417
20
-55.813573427047174
0
VERTEX
8
L9
10
-25.06786966859508
20
-55.7385102522607
0
VERTEX
8
L9
10
-25.066407707944194
20
-55.66270766364062
0
VERTEX
8
L9
10
-25.074167985999736
20
-55.58728917880467
0
VERTEX
8
L9
10
-25.09103548282279
20
-55.51337262232795
0
VERTEX
8
L9
10
-25.116760194684005
20
-55.442053557765185
0
VERTEX
8
L9
10
-25.15096083952544
20
-55.37438904961741
0
VERTEX
8
L9
10
-25.19313050818056
20
-55.31138199591731
0
VERTEX
8
L9
10
-25.242644177592368
20
-55.25396626364968
0
VERTEX
8
L9
10
-25.298767974671364
20
-55.20299284732424
0
VERTEX
8
L9
10
-25.36067005348798
20
-55.15921725585329
0
VERTEX
8
L9
10
-25.427432924581893
20
-55.12328831468119
0
VERTEX
8
L9
10
-25.498067053647603
20
-55.09573854913628
0
VERTEX
8
L9
10
-25.571525528041832
20
-55.07697629153962
0
VERTEX
8
L9
10
-25.64671957373116
20
-55.06727962905609
0
VERTEX
8
L9
10
-25.7225346926936
20
-55.06679228199037
0
VERTEX
8
L9
10
-25.797847181591337
20
-55.0755214736184
0
VERTEX
8
L9
10
-25.87154078688141
20
-55.09333782312666
0
VERTEX
8
L9
10
-25.942523249508227
20
-55.119977263246206
0
VERTEX
8
L9
10
-26.009742493958754
20
-55.155044954158946
0
VERTEX
8
L9
10
-26.07220222173227
20
-55.198021135665776
0
VERTEX
8
L9
10
-26.12897667810418
20
-55.24826883087784
0
VERTEX
8
L9
10
-26.179224373316245
20
-55.30504328724975
0
VERTEX
8
L9
10
-26.222200554823075
20
-55.367503015023274
0
VERTEX
8
L9
10
-26.257268245735816
20
-55.434722259473794
0
VERTEX
8
L9
10
-26.283907685855368
20
-55.50570472210061
0
VERTEX
8
L9
10
-26.301724035363634
20
-55.57939832739069
0
VERTEX
8
L9
10
-26.310453226991655
20
-55.65471081628843
0
VERTEX
8
L9
10
-26.30996587992594
20
-55.73052593525086
0
VERTEX
8
L9
10
-26.300269217442406
20
-55.805719980940204
0
VERTEX
8
L9
10
-26.281506959845743
20
-55.879178455334426
0
VERTEX
8
L9
10
-26.25395719430084
20
-55.949812584400135
0
VERTEX
8
L9
10
-26.218028253128736
20
-56.01657545549405
0
VERTEX
8
L9
10
-26.17425266165779
20
-56.078477534310665
0
VERTEX
8
L9
10
-26.12327924533234
20
-56.13460133138966
0
VERTEX
8
L9
10
-26.065863513064713
20
-56.18411500080147
0
VERTEX
8
L9
10
-26.002856459364622
20
-56.2262846694566
0
VERTEX
8
L9
10
-25.935191951216837
20
-56.26048531429802
0
VERTEX
8
L9
10
-25.86387288665408
20
-56.28621002615924
0
VERTEX
8
L9
10
-25.78995633017736
20
-56.30307752298229
0
VERTEX
8
L9
10
-25.71453784534141
20
-56.310837801037835
0
VERTEX
8
L9
10
-25.63873525672132
20
-56.30937584038695
0
VERTEX
8
L9
10
-25.563672081934854
20
-56.29871330966362
0
SEQEND
0
POLYLINE
8
L9
66
1
70
1
0
VERTEX
8
L9
10
-28.81368336954384
20
-55.813573427047174
0
VERTEX
8
L9
10
-28.833792158195607
20
-55.83477973011974
0
VERTEX
8
L9
10
-28.846572553192587
20
-55.86106151420622
0
VERTEX
8
L9
10
-28.850835419808746
20
-55.88997342592543
0
VERTEX
8
L9
10
-28.846184125332314
20
-55.91882539519514
0
VERTEX
8
L9
10
-28.833051443224818
20
-55.944932929198
0
VERTEX
8
L9
10
-28.812659286294377
20
-55.96586688741835
0
VERTEX
8
L9
10
-28.786905015455886
20
-55.97967949776632
0
VERTEX
8
L9
10
-28.758184902327287
20
-55.98508558442181
0
VERTEX
8
L9
10
-28.729171171347943
20
-55.98158214529643
0
VERTEX
8
L9
10
-28.702563366236717
20
-55.96949515318878
0
VERTEX
8
L9
10
-28.68083717456416
20
-55.949949226082246
0
VERTEX
8
L9
10
-28.666014080720046
20
-55.924762988571736
0
VERTEX
8
L9
10
-28.659473279607283
20
-55.89627986037538
0
VERTEX
8
L9
10
-28.661823351300356
20
-55.867150015987114
0
VERTEX
8
L9
10
-28.672845636527796
20
-55.84008380274234
0
VERTEX
8
L9
10
-28.691514581531152
20
-55.81759956018208
0
VERTEX
8
L9
10
-28.716093159340076
20
-55.80178930452514
0
VERTEX
8
L9
10
-28.74429448911907
20
-55.794124079822424
0
VERTEX
8
L9
10
-28.753433017202894
20
-55.72274872805727
0
VERTEX
8
L9
10
-28.753190484984614
20
-55.65079113837236
0
VERTEX
8
L9
10
-28.743571030410777
20
-55.579479010169365
0
VERTEX
8
L9
10
-28.724738775135222
20
-55.510029030353856
0
VERTEX
8
L9
10
-28.697015024368895
20
-55.44362611491646
0
VERTEX
8
L9
10
-28.660872784953426
20
-55.38140319257129
0
VERTEX
8
L9
10
-28.616928695187838
20
-55.32442187537159
0
VERTEX
8
L9
10
-28.56593250409719
20
-55.27365434608973
0
VERTEX
8
L9
10
-28.508754279641835
20
-55.22996677138855
0
VERTEX
8
L9
10
-28.446369564113553
20
-55.194104523779195
0
VERTEX
8
L9
10
-28.379842729988724
20
-55.16667946450003
0
VERTEX
8
L9
10
-28.31030882021149
20
-55.148159504288664
0
VERTEX
8
L9
10
-28.238954182737686
20
-55.1388606201556
0
VERTEX
8
L9
10
-28.166996229741827
20
-55.138941464364414
0
VERTEX
8
L9
10
-28.09566266682421
20
-55.148400657597286
0
VERTEX
8
L9
10
-28.026170546597285
20
-55.16707681248808
0
VERTEX
8
L9
10
-27.959705504027383
20
-55.19465128712167
0
VERTEX
8
L9
10
-27.897401527806323
20
-55.23065362152079
0
VERTEX
8
L9
10
-27.840321612882448
20
-55.27446956436607
0
VERTEX
8
L9
10
-27.7894396242463
20
-55.32535155300222
0
VERTEX
8
L9
10
-27.745623681401014
20
-55.382431467926104
0
VERTEX
8
L9
10
-27.7096213470019
20
-55.44473544414715
0
VERTEX
8
L9
10
-27.682046872368304
20
-55.51120048671706
0
VERTEX
8
L9
10
-27.663370717477505
20
-55.58069260694399
0
VERTEX
8
L9
10
-27.653911524244634
20
-55.65202616986161
0
VERTEX
8
L9
10
-27.653830680035824
20
-55.72398412285745
0
VERTEX
8
L9
10
-27.663129564168884
20
-55.79533876033126
0
VERTEX
8
L9
10
-27.681649524380248
20
-55.8648726701085
0
VERTEX
8
L9
10
-27.709074583659415
20
-55.931399504233326
0
VERTEX
8
L9
10
-27.744936831268774
20
-55.99378421976161
0
VERTEX
8
L9
10
-27.788624405969955
20
-56.05096244421696
0
VERTEX
8
L9
10
-27.83939193525181
20
-56.10195863530761
0
VERTEX
8
L9
10
-27.89637325245151
20
-56.1459027250732
0
VERTEX
8
L9
10
-27.958596174796682
20
-56.18204496448867
0
VERTEX
8
L9
10
-28.024999090234076
20
-56.209768715254995
0
VERTEX
8
L9
10
-28.094449070049592
20
-56.22860097053056
0
VERTEX
8
L9
10
-28.165761198252582
20
-56.23822042510439
0
VERTEX
8
L9
10
-28.237718787937496
20
-56.23846295732267
0
VERTEX
8
L9
10
-28.30909413970265
20
-56.229324429238844
0
VERTEX
8
L9
10
-28.316759364405357
20
-56.20112309945985
0
VERTEX
8
L9
10
-28.3325696200623
20
-56.17654452165093
0
VERTEX
8
L9
10
-28.35505386262257
20
-56.15787557664758
0
VERTEX
8
L9
10
-28.382120075867334
20
-56.14685329142013
0
VERTEX
8
L9
10
-28.4112499202556
20
-56.14450321972706
0
VERTEX
8
L9
10
-28.439733048451956
20
-56.15104402083982
0
VERTEX
8
L9
10
-28.464919285962466
20
-56.165867114683934
0
VERTEX
8
L9
10
-28.484465213069015
20
-56.18759330635649
0
VERTEX
8
L9
10
-28.496552205176656
20
-56.21420111146771
0
VERTEX
8
L9
10
-28.500055644302037
20
-56.24321484244705
0
VERTEX
8
L9
10
-28.494649557646554
20
-56.27193495557566
0
VERTEX
8
L9
10
-28.48083694729857
20
-56.29768922641414
0
VERTEX
8
L9
10
-28.45990298907823
20
-56.318081383344584
0
VERTEX
8
L9
10
-28.43379545507537
20
-56.33121406545208
0
VERTEX
8
L9
10
-28.40494348580566
20
-56.33586535992852
0
VERTEX
8
L9
10
-28.37603157408644
20
-56.33160249331235
0
VERTEX
8
L9
10
-28.34974978999996
20
-56.31882209831538
0
VERTEX
8
L9
10
-28.3285434869274
20
-56.29871330966362
0
VERTEX
8
L9
10
-28.253480312140937
20
-56.30937584038695
0
VERTEX
8
L9
10
-28.177677723520844
20
-56.310837801037835
0
VERTEX
8
L9
10
-28.102259238684894
20
-56.30307752298229
0
VERTEX
8
L9
10
-28.028342682208176
20
-56.286210026159246
0
VERTEX
8
L9
10
-27.95702361764542
20
-56.26048531429802
0
VERTEX
8
L9
10
-27.889359109497633
20
-56.2262846694566
0
VERTEX
8
L9
10
-27.826352055797543
20
-56.18411500080147
0
VERTEX
8
L9
10
-27.7689363235299
20
-56.13460133138966
0
VERTEX
8
L9
10
-27.717962907204466
20
-56.078477534310665
0
VERTEX
8
L9
10
-27.67418731573352
20
-56.01657545549405
0
VERTEX
8
L9
10
-27.638258374561417
20
-55.949812584400135
0
VERTEX
8
L9
10
-27.610708609016513
20
-55.879178455334426
0
VERTEX
8
L9
10
-27.59194635141985
20
-55.805719980940204
0
VERTEX
8
L9
10
-27.582249688936315
20
-55.73052593525086
0
VERTEX
8
L9
10
-27.581762341870586
20
-55.65471081628843
0
VERTEX
8
L9
10
-27.59049153349862
20
-55.57939832739069
0
VERTEX
8
L9
10
-27.608307883006887
20
-55.50570472210062
0
VERTEX
8
L9
10
-27.63494732312644
20
-55.434722259473794
0
VERTEX
8
L9
10
-27.67001501403918
20
-55.367503015023274
0
VERTEX
8
L9
10
-27.712991195545996
20
-55.30504328724975
0
VERTEX
8
L9
10
-27.76323889075806
20
-55.24826883087784
0
VERTEX
8
L9
10
-27.820013347129972
20
-55.198021135665776
0
VERTEX
8
L9
10
-27.8824730749035
20
-55.155044954158946
0
VERTEX
8
L9
10
-27.949692319354014
20
-55.119977263246206
0
VERTEX
8
L9
10
-28.020674781980844
20
-55.09333782312666
0
VERTEX
8
L9
10
-28.09436838727092
20
-55.075521473618394
0
VERTEX
8
L9
10
-28.169680876168655
20
-55.06679228199037
0
VERTEX
8
L9
10
-28.24549599513108
20
-55.06727962905609
0
VERTEX
8
L9
10
-28.320690040820423
20
-55.07697629153962
0
VERTEX
8
L9
10
-28.394148515214653
20
-55.09573854913628
0
VERTEX
8
L9
10
-28.464782644280362
20
-55.12328831468119
0
VERTEX
8
L9
10
-28.531545515374276
20
-55.15921725585329
0
VERTEX
8
L9
10
-28.59344759419089
20
-55.20299284732424
0
VERTEX
8
L9
10
-28.649571391269887
20
-55.25396626364968
0
VERTEX
8
L9
10
-28.699085060681696
20
-55.31138199591731
0
VERTEX
8
L9
10
-28.741254729336816
20
-55.37438904961741
0
VERTEX
8
L9
10
-28.77545537417825
20
-55.442053557765185
0
VERTEX
8
L9
10
-28.801180086039466
20
-55.51337262232795
0
VERTEX
8
L9
10
-28.81804758286252
20
-55.58728917880466
0
VERTEX
8
L9
10
-28.82580786091806
20
-55.66270766364062
0
VERTEX
8
L9
10
-28.824345900267176
20
-55.7385102522607
0
VERTEX
8
L9
10
-28.81368336954384
20
-55.813573427047174
0
SEQEND
0
POLYLINE
8
L9
66
1
70
1
0
VERTEX
8
L9
10
-26.94610778443112
20
-56.69146706586827
0
VERTEX
8
L9
10
-26.955897248847634
20
-56.69210870126523
0
VERTEX
8
L9
10
-26.965519212813817
20
-56.69402262889658
0
VERTEX
8
L9
10
-26.974809041858506
20
-56.697176100929916
0
VERTEX
8
L9
10
-26.98360778443113
20
-56.701515160584435
0
VERTEX
8
L9
10
-26.991764891606778
20
-56.70696556534642
0
VERTEX
8
L9
10
-26.999140793020118
20
-56.71343405727927
0
VERTEX
8
L9
10
-27.005609284952968
20
-56.72080995869261
0
VERTEX
8
L9
10
-27.011059689714955
20
-56.72896706586826
0
VERTEX
8
L9
10
-27.015398749369467
20
-56.737765808440884
0
VERTEX
8
L9
10
-27.0185522214028
20
-56.74705563748557
0
VERTEX
8
L9
10
-27.020466149034164
20
-56.75667760145176
0
VERTEX
8
L9
10
-27.021107784431123
20
-56.76646706586826
0
VERTEX
8
L9
10
-27.020466149034164
20
-56.77625653028477
0
VERTEX
8
L9
10
-27.0185522214028
20
-56.78587849425095
0
VERTEX
8
L9
10
-27.015398749369467
20
-56.79516832329565
0
VERTEX
8
L9
10
-27.011059689714955
20
-56.803967065868264
0
VERTEX
8
L9
10
-27.005609284952968
20
-56.81212417304392
0
VERTEX
8
L9
10
-26.999140793020118
20
-56.81950007445725
0
VERTEX
8
L9
10
-26.991764891606778
20
-56.82596856639011
0
VERTEX
8
L9
10
-26.98360778443113
20
-56.8314189711521
0
VERTEX
8
L9
10
-26.974809041858506
20
-56.83575803080661
0
VERTEX
8
L9
10
-26.965519212813817
20
-56.83891150283994
0
VERTEX
8
L9
10
-26.955897248847634
20
-56.8408254304713
0
VERTEX
8
L9
10
-26.94610778443112
20
-56.841467065868265
0
VERTEX
8
L9
10
-26.93631832001462
20
-56.8408254304713
0
VERTEX
8
L9
10
-26.92669635604844
20
-56.83891150283994
0
VERTEX
8
L9
10
-26.91740652700375
20
-56.83575803080661
0
VERTEX
8
L9
10
-26.908607784431126
20
-56.8314189711521
0
VERTEX
8
L9
10
-26.900450677255478
20
-56.82596856639011
0
VERTEX
8
L9
10
-26.893074775842138
20
-56.81950007445725
0
VERTEX
8
L9
10
-26.886606283909288
20
-56.81212417304392
0
VERTEX
8
L9
10
-26.8811558791473
20
-56.803967065868264
0
VERTEX
8
L9
10
-26.876816819492774
20
-56.79516832329565
0
VERTEX
8
L9
10
-26.87366334745944
20
-56.78587849425095
0
VERTEX
8
L9
10
-26.87174941982809
20
-56.77625653028477
0
VERTEX
8
L9
10
-26.871107784431132
20
-56.76646706586826
0
VERTEX
8
L9
10
-26.87174941982809
20
-56.75667760145176
0
VERTEX
8
L9
10
-26.87366334745944
20
-56.74705563748557
0
VERTEX
8
L9
10
-26.876816819492774
20
-56.737765808440884
0
VERTEX
8
L9
10
-26.8811558791473
20
-56.72896706586826
0
VERTEX
8
L9
10
-26.886606283909288
20
-56.72080995869261
0
VERTEX
8
L9
10
-26.893074775842138
20
-56.71343405727927
0
VERTEX
8
L9
10
-26.900450677255478
20
-56.70696556534642
0
VERTEX
8
L9
10
-26.908607784431126
20
-56.701515160584435
0
VERTEX
8
L9
10
-26.91740652700375
20
-56.697176100929916
0
VERTEX
8
L9
10
-26.92669635604844
20
-56.69402262889658
0
VERTEX
8
L9
10
-26.93631832001462
20
-56.69210870126523
0
VERTEX
8
L9
10
-26.94610778443112
20
-56.69146706586827
0
SEQEND
0
POLYLINE
8
L9
66
1
70
1
0
VERTEX
8
L9
10
-31.077844311377234
20
-55.61362275449102
0
VERTEX
8
L9
10
-31.087633775793734
20
-55.614264389887985
0
VERTEX
8
L9
10
-31.097255739759916
20
-55.61617831751934
0
VERTEX
8
L9
10
-31.106545568804606
20
-55.619331789552675
0
VERTEX
8
L9
10
-31.11534431137723
20
-55.62367084920719
0
VERTEX
8
L9
10
-31.12350141855289
20
-55.629121253969174
0
VERTEX
8
L9
10
-31.130877319966217
20
-55.63558974590203
0
VERTEX
8
L9
10
-31.137345811899067
20
-55.642965647315364
0
VERTEX
8
L9
10
-31.14279621666107
20
-55.65112275449102
0
VERTEX
8
L9
10
-31.14713527631558
20
-55.659921497063635
0
VERTEX
8
L9
10
-31.150288748348913
20
-55.66921132610833
0
VERTEX
8
L9
10
-31.152202675980263
20
-55.678833290074515
0
VERTEX
8
L9
10
-31.152844311377237
20
-55.68862275449102
0
VERTEX
8
L9
10
-31.152202675980263
20
-55.69841221890752
0
VERTEX
8
L9
10
-31.150288748348913
20
-55.70803418287371
0
VERTEX
8
L9
10
-31.14713527631558
20
-55.7173240119184
0
VERTEX
8
L9
10
-31.14279621666107
20
-55.726122754491016
0
VERTEX
8
L9
10
-31.137345811899067
20
-55.73427986166667
0
VERTEX
8
L9
10
-31.130877319966217
20
-55.74165576308001
0
VERTEX
8
L9
10
-31.12350141855289
20
-55.74812425501286
0
VERTEX
8
L9
10
-31.11534431137723
20
-55.75357465977485
0
VERTEX
8
L9
10
-31.106545568804606
20
-55.75791371942937
0
VERTEX
8
L9
10
-31.097255739759916
20
-55.7610671914627
0
VERTEX
8
L9
10
-31.087633775793734
20
-55.76298111909406
0
VERTEX
8
L9
10
-31.077844311377234
20
-55.76362275449102
0
VERTEX
8
L9
10
-31.06805484696072
20
-55.76298111909406
0
VERTEX
8
L9
10
-31.058432882994538
20
-55.7610671914627
0
VERTEX
8
L9
10
-31.049143053949848
20
-55.75791371942937
0
VERTEX
8
L9
10
-31.040344311377225
20
-55.75357465977485
0
VERTEX
8
L9
10
-31.032187204201577
20
-55.74812425501286
0
VERTEX
8
L9
10
-31.024811302788237
20
-55.74165576308001
0
VERTEX
8
L9
10
-31.018342810855387
20
-55.73427986166667
0
VERTEX
8
L9
10
-31.0128924060934
20
-55.726122754491016
0
VERTEX
8
L9
10
-31.008553346438887
20
-55.7173240119184
0
VERTEX
8
L9
10
-31.005399874405555
20
-55.70803418287371
0
VERTEX
8
L9
10
-31.00348594677419
20
-55.69841221890752
0
VERTEX
8
L9
10
-31.00284431137723
20
-55.68862275449102
0
VERTEX
8
L9
10
-31.00348594677419
20
-55.678833290074515
0
VERTEX
8
L9
10
-31.005399874405555
20
-55.66921132610833
0
VERTEX
8
L9
10
-31.008553346438887
20
-55.659921497063635
0
VERTEX
8
L9
10
-31.0128924060934
20
-55.65112275449102
0
VERTEX
8
L9
10
-31.018342810855387
20
-55.642965647315364
0
VERTEX
8
L9
10
-31.024811302788237
20
-55.63558974590203
0
VERTEX
8
L9
10
-31.032187204201577
20
-55.629121253969174
0
VERTEX
8
L9
10
-31.040344311377225
20
-55.62367084920719
0
VERTEX
8
L9
10
-31.049143053949848
20
-55.619331789552675
0
VERTEX
8
L9
10
-31.058432882994538
20
-55.61617831751934
0
VERTEX
8
L9
10
-31.06805484696072
20
-55.614264389887985
0
VERTEX
8
L9
10
-31.077844311377234
20
-55.61362275449102
0
SEQEND
0
POLYLINE
8
L9
66
1
70
1
0
VERTEX
8
L9
10
-26.94610778443112
20
-55.73338323353293
0
VERTEX
8
L9
10
-26.955897248847634
20
-55.7340248689299
0
VERTEX
8
L9
10
-26.965519212813817
20
-55.73593879656126
0
VERTEX
8
L9
10
-26.974809041858506
20
-55.73909226859459
0
VERTEX
8
L9
10
-26.98360778443113
20
-55.7434313282491
0
VERTEX
8
L9
10
-26.991764891606778
20
-55.74888173301109
0
VERTEX
8
L9
10
-26.999140793020118
20
-55.755350224943946
0
VERTEX
8
L9
10
-27.005609284952968
20
-55.76272612635728
0
VERTEX
8
L9
10
-27.011059689714955
20
-55.770883233532935
0
VERTEX
8
L9
10
-27.015398749369467
20
-55.77968197610555
0
VERTEX
8
L9
10
-27.0185522214028
20
-55.78897180515025
0
VERTEX
8
L9
10
-27.020466149034164
20
-55.79859376911643
0
VERTEX
8
L9
10
-27.021107784431123
20
-55.808383233532936
0
VERTEX
8
L9
10
-27.020466149034164
20
-55.818172697949436
0
VERTEX
8
L9
10
-27.0185522214028
20
-55.827794661915625
0
VERTEX
8
L9
10
-27.015398749369467
20
-55.837084490960315
0
VERTEX
8
L9
10
-27.011059689714955
20
-55.84588323353294
0
VERTEX
8
L9
10
-27.005609284952968
20
-55.854040340708586
0
VERTEX
8
L9
10
-26.999140793020118
20
-55.861416242121926
0
VERTEX
8
L9
10
-26.991764891606778
20
-55.867884734054776
0
VERTEX
8
L9
10
-26.98360778443113
20
-55.87333513881677
0
VERTEX
8
L9
10
-26.974809041858506
20
-55.87767419847128
0
VERTEX
8
L9
10
-26.965519212813817
20
-55.880827670504615
0
VERTEX
8
L9
10
-26.955897248847634
20
-55.88274159813597
0
VERTEX
8
L9
10
-26.94610778443112
20
-55.88338323353293
0
VERTEX
8
L9
10
-26.93631832001462
20
-55.88274159813597
0
VERTEX
8
L9
10
-26.92669635604844
20
-55.880827670504615
0
VERTEX
8
L9
10
-26.91740652700375
20
-55.87767419847128
0
VERTEX
8
L9
10
-26.908607784431126
20
-55.87333513881677
0
VERTEX
8
L9
10
-26.900450677255478
20
-55.867884734054776
0
VERTEX
8
L9
10
-26.893074775842138
20
-55.861416242121926
0
VERTEX
8
L9
10
-26.886606283909288
20
-55.854040340708586
0
VERTEX
8
L9
10
-26.8811558791473
20
-55.84588323353294
0
VERTEX
8
L9
10
-26.876816819492774
20
-55.837084490960315
0
VERTEX
8
L9
10
-26.87366334745944
20
-55.827794661915625
0
VERTEX
8
L9
10
-26.87174941982809
20
-55.818172697949436
0
VERTEX
8
L9
10
-26.871107784431132
20
-55.808383233532936
0
VERTEX
8
L9
10
-26.87174941982809
20
-55.79859376911643
0
VERTEX
8
L9
10
-26.87366334745944
20
-55.78897180515025
0
VERTEX
8
L9
10
-26.876816819492774
20
-55.77968197610555
0
VERTEX
8
L9
10
-26.8811558791473
20
-55.770883233532935
0
VERTEX
8
L9
10
-26.886606283909288
20
-55.76272612635728
0
VERTEX
8
L9
10
-26.893074775842138
20
-55.755350224943946
0
VERTEX
8
L9
10
-26.900450677255478
20
-55.74888173301109
0
VERTEX
8
L9
10
-26.908607784431126
20
-55.7434313282491
0
VERTEX
8
L9
10
-26.91740652700375
20
-55.73909226859459
0
VERTEX
8
L9
10
-26.92669635604844
20
-55.73593879656126
0
VERTEX
8
L9
10
-26.93631832001462
20
-55.7340248689299
0
VERTEX
8
L9
10
-26.94610778443112
20
-55.73338323353293
0
SEQEND
0
POLYLINE
8
L9
66
1
70
1
0
VERTEX
8
L9
10
-30.610811451944713
20
-55.783608813748685
0
VERTEX
8
L9
10
-30.620600916361212
20
-55.78425044914565
0
VERTEX
8
L9
10
-30.63022288032741
20
-55.78616437677701
0
VERTEX
8
L9
10
-30.6395127093721
20
-55.78931784881034
0
VERTEX
8
L9
10
-30.648311451944707
20
-55.793656908464854
0
VERTEX
8
L9
10
-30.65646855912037
20
-55.79910731322684
0
VERTEX
8
L9
10
-30.66384446053371
20
-55.8055758051597
0
VERTEX
8
L9
10
-30.67031295246656
20
-55.81295170657303
0
VERTEX
8
L9
10
-30.675763357228547
20
-55.82110881374869
0
VERTEX
8
L9
10
-30.68010241688306
20
-55.8299075563213
0
VERTEX
8
L9
10
-30.683255888916392
20
-55.839197385366
0
VERTEX
8
L9
10
-30.685169816547756
20
-55.84881934933218
0
VERTEX
8
L9
10
-30.685811451944716
20
-55.85860881374869
0
VERTEX
8
L9
10
-30.685169816547756
20
-55.86839827816519
0
VERTEX
8
L9
10
-30.683255888916392
20
-55.87802024213138
0
VERTEX
8
L9
10
-30.68010241688306
20
-55.88731007117607
0
VERTEX
8
L9
10
-30.675763357228547
20
-55.89610881374869
0
VERTEX
8
L9
10
-30.67031295246656
20
-55.90426592092434
0
VERTEX
8
L9
10
-30.66384446053371
20
-55.91164182233768
0
VERTEX
8
L9
10
-30.65646855912037
20
-55.91811031427053
0
VERTEX
8
L9
10
-30.648311451944707
20
-55.92356071903252
0
VERTEX
8
L9
10
-30.6395127093721
20
-55.927899778687035
0
VERTEX
8
L9
10
-30.63022288032741
20
-55.93105325072037
0
VERTEX
8
L9
10
-30.620600916361212
20
-55.932967178351724
0
VERTEX
8
L9
10
-30.610811451944713
20
-55.933608813748684
0
VERTEX
8
L9
10
-30.601021987528213
20
-55.932967178351724
0
VERTEX
8
L9
10
-30.59140002356203
20
-55.93105325072037
0
VERTEX
8
L9
10
-30.582110194517327
20
-55.927899778687035
0
VERTEX
8
L9
10
-30.57331145194472
20
-55.92356071903252
0
VERTEX
8
L9
10
-30.565154344769056
20
-55.91811031427053
0
VERTEX
8
L9
10
-30.55777844335573
20
-55.91164182233768
0
VERTEX
8
L9
10
-30.551309951422866
20
-55.90426592092434
0
VERTEX
8
L9
10
-30.54585954666088
20
-55.89610881374869
0
VERTEX
8
L9
10
-30.541520487006366
20
-55.88731007117607
0
VERTEX
8
L9
10
-30.538367014973034
20
-55.87802024213138
0
VERTEX
8
L9
10
-30.536453087341684
20
-55.86839827816519
0
VERTEX
8
L9
10
-30.53581145194471
20
-55.85860881374869
0
VERTEX
8
L9
10
-30.536453087341684
20
-55.84881934933218
0
VERTEX
8
L9
10
-30.538367014973034
20
-55.839197385366
0
VERTEX
8
L9
10
-30.541520487006366
20
-55.8299075563213
0
VERTEX
8
L9
10
-30.54585954666088
20
-55.82110881374869
0
VERTEX
8
L9
10
-30.551309951422866
20
-55.81295170657303
0
VERTEX
8
L9
10
-30.55777844335573
20
-55.8055758051597
0
VERTEX
8
L9
10
-30.565154344769056
20
-55.79910731322684
0
VERTEX
8
L9
10
-30.57331145194472
20
-55.793656908464854
0
VERTEX
8
L9
10
-30.582110194517327
20
-55.78931784881034
0
VERTEX
8
L9
10
-30.59140002356203
20
-55.78616437677701
0
VERTEX
8
L9
10
-30.601021987528213
20
-55.78425044914565
0
VERTEX
8
L9
10
-30.610811451944713
20
-55.783608813748685
0
SEQEND
0
POLYLINE
8
L9
66
1
70
1
0
VERTEX
8
L9
10
-26.94610778443112
20
-54.77529940119761
0
VERTEX
8
L9
10
-26.955897248847634
20
-54.775941036594574
0
VERTEX
8
L9
10
-26.965519212813817
20
-54.777854964225924
0
VERTEX
8
L9
10
-26.974809041858506
20
-54.78100843625926
0
VERTEX
8
L9
10
-26.98360778443113
20
-54.785347495913776
0
VERTEX
8
L9
10
-26.991764891606778
20
-54.79079790067576
0
VERTEX
8
L9
10
-26.999140793020118
20
-54.79726639260861
0
VERTEX
8
L9
10
-27.005609284952968
20
-54.80464229402195
0
VERTEX
8
L9
10
-27.011059689714955
20
-54.81279940119761
0
VERTEX
8
L9
10
-27.015398749369467
20
-54.821598143770224
0
VERTEX
8
L9
10
-27.0185522214028
20
-54.83088797281492
0
VERTEX
8
L9
10
-27.020466149034164
20
-54.8405099367811
0
VERTEX
8
L9
10
-27.021107784431123
20
-54.8502994011976
0
VERTEX
8
L9
10
-27.020466149034164
20
-54.86008886561411
0
VERTEX
8
L9
10
-27.0185522214028
20
-54.86971082958029
0
VERTEX
8
L9
10
-27.015398749369467
20
-54.87900065862499
0
VERTEX
8
L9
10
-27.011059689714955
20
-54.887799401197604
0
VERTEX
8
L9
10
-27.005609284952968
20
-54.89595650837326
0
VERTEX
8
L9
10
-26.999140793020118
20
-54.9033324097866
0
VERTEX
8
L9
10
-26.991764891606778
20
-54.90980090171945
0
VERTEX
8
L9
10
-26.98360778443113
20
-54.91525130648144
0
VERTEX
8
L9
10
-26.974809041858506
20
-54.91959036613595
0
VERTEX
8
L9
10
-26.965519212813817
20
-54.92274383816929
0
VERTEX
8
L9
10
-26.955897248847634
20
-54.92465776580064
0
VERTEX
8
L9
10
-26.94610778443112
20
-54.925299401197606
0
VERTEX
8
L9
10
-26.93631832001462
20
-54.92465776580064
0
VERTEX
8
L9
10
-26.92669635604844
20
-54.92274383816929
0
VERTEX
8
L9
10
-26.91740652700375
20
-54.91959036613595
0
VERTEX
8
L9
10
-26.908607784431126
20
-54.91525130648144
0
VERTEX
8
L9
10
-26.900450677255478
20
-54.90980090171945
0
VERTEX
8
L9
10
-26.893074775842138
20
-54.9033324097866
0
VERTEX
8
L9
10
-26.886606283909288
20
-54.89595650837326
0
VERTEX
8
L9
10
-26.8811558791473
20
-54.887799401197604
0
VERTEX
8
L9
10
-26.876816819492774
20
-54.87900065862499
0
VERTEX
8
L9
10
-26.87366334745944
20
-54.86971082958029
0
VERTEX
8
L9
10
-26.87174941982809
20
-54.86008886561411
0
VERTEX
8
L9
10
-26.871107784431132
20
-54.8502994011976
0
VERTEX
8
L9
10
-26.87174941982809
20
-54.8405099367811
0
VERTEX
8
L9
10
-26.87366334745944
20
-54.83088797281492
0
VERTEX
8
L9
10
-26.876816819492774
20
-54.821598143770224
0
VERTEX
8
L9
10
-26.8811558791473
20
-54.81279940119761
0
VERTEX
8
L9
10
-26.886606283909288
20
-54.80464229402195
0
VERTEX
8
L9
10
-26.893074775842138
20
-54.79726639260861
0
VERTEX
8
L9
10
-26.900450677255478
20
-54.79079790067576
0
VERTEX
8
L9
10
-26.908607784431126
20
-54.785347495913776
0
VERTEX
8
L9
10
-26.91740652700375
20
-54.78100843625926
0
VERTEX
8
L9
10
-26.92669635604844
20
-54.777854964225924
0
VERTEX
8
L9
10
-26.93631832001462
20
-54.775941036594574
0
VERTEX
8
L9
10
-26.94610778443112
20
-54.77529940119761
0
SEQEND
0
POLYLINE
8
L9
66
1
70
1
0
VERTEX
8
L9
10
-28.203592814371248
20
-55.61362275449102
0
VERTEX
8
L9
10
-28.213382278787748
20
-55.614264389887985
0
VERTEX
8
L9
10
-28.22300424275393
20
-55.61617831751934
0
VERTEX
8
L9
10
-28.23229407179862
20
-55.619331789552675
0
VERTEX
8
L9
10
-28.241092814371243
20
-55.62367084920719
0
VERTEX
8
L9
10
-28.249249921546905
20
-55.629121253969174
0
VERTEX
8
L9
10
-28.25662582296023
20
-55.63558974590203
0
VERTEX
8
L9
10
-28.26309431489308
20
-55.642965647315364
0
VERTEX
8
L9
10
-28.268544719655083
20
-55.65112275449102
0
VERTEX
8
L9
10
-28.272883779309595
20
-55.659921497063635
0
VERTEX
8
L9
10
-28.276037251342927
20
-55.66921132610833
0
VERTEX
8
L9
10
-28.277951178974277
20
-55.678833290074515
0
VERTEX
8
L9
10
-28.27859281437125
20
-55.68862275449102
0
VERTEX
8
L9
10
-28.277951178974277
20
-55.69841221890752
0
VERTEX
8
L9
10
-28.276037251342927
20
-55.70803418287371
0
VERTEX
8
L9
10
-28.272883779309595
20
-55.7173240119184
0
VERTEX
8
L9
10
-28.268544719655083
20
-55.726122754491016
0
VERTEX
8
L9
10
-28.26309431489308
20
-55.73427986166667
0
VERTEX
8
L9
10
-28.25662582296023
20
-55.74165576308001
0
VERTEX
8
L9
10
-28.249249921546905
20
-55.74812425501286
0
VERTEX
8
L9
10
-28.241092814371243
20
-55.75357465977485
0
VERTEX
8
L9
10
-28.23229407179862
20
-55.75791371942937
0
VERTEX
8
L9
10
-28.22300424275393
20
-55.7610671914627
0
VERTEX
8
L9
10
-28.213382278787748
20
-55.76298111909406
0
VERTEX
8
L9
10
-28.203592814371248
20
-55.76362275449102
0
VERTEX
8
L9
10
-28.193803349954734
20
-55.76298111909406
0
VERTEX
8
L9
10
-28.184181385988552
20
-55.7610671914627
0
VERTEX
8
L9
10
-28.174891556943862
20
-55.75791371942937
0
VERTEX
8
L9
10
-28.16609281437124
20
-55.75357465977485
0
VERTEX
8
L9
10
-28.15793570719559
20
-55.74812425501286
0
VERTEX
8
L9
10
-28.15055980578225
20
-55.74165576308001
0
VERTEX
8
L9
10
-28.1440913138494
20
-55.73427986166667
0
VERTEX
8
L9
10
-28.138640909087414
20
-55.726122754491016
0
VERTEX
8
L9
10
-28.1343018494329
20
-55.7173240119184
0
VERTEX
8
L9
10
-28.13114837739957
20
-55.70803418287371
0
VERTEX
8
L9
10
-28.129234449768205
20
-55.69841221890752
0
VERTEX
8
L9
10
-28.128592814371245
20
-55.68862275449102
0
VERTEX
8
L9
10
-28.129234449768205
20
-55.678833290074515
0
VERTEX
8
L9
10
-28.13114837739957
20
-55.66921132610833
0
VERTEX
8
L9
10
-28.1343018494329
20
-55.659921497063635
0
VERTEX
8
L9
10
-28.138640909087414
20
-55.65112275449102
0
VERTEX
8
L9
10
-28.1440913138494
20
-55.642965647315364
0
VERTEX
8
L9
10
-28.15055980578225
20
-55.63558974590203
0
VERTEX
8
L9
10
-28.15793570719559
20
-55.629121253969174
0
VERTEX
8
L9
10
-28.16609281437124
20
-55.62367084920719
0
VERTEX
8
L9
10
-28.174891556943862
20
-55.619331789552675
0
VERTEX
8
L9
10
-28.184181385988552
20
-55.61617831751934
0
VERTEX
8
L9
10
-28.193803349954734
20
-55.614264389887985
0
VERTEX
8
L9
10
-28.203592814371248
20
-55.61362275449102
0
SEQEND
0
POLYLINE
8
L9
66
1
70
1
0
VERTEX
8
L9
10
-26.94610778443112
20
-53.81721556886228
0
VERTEX
8
L9
10
-26.955897248847634
20
-53.81785720425924
0
VERTEX
8
L9
10
-26.965519212813817
20
-53.8197711318906
0
VERTEX
8
L9
10
-26.974809041858506
20
-53.82292460392393
0
VERTEX
8
L9
10
-26.98360778443113
20
-53.82726366357844
0
VERTEX
8
L9
10
-26.991764891606778
20
-53.83271406834044
0
VERTEX
8
L9
10
-26.999140793020118
20
-53.83918256027329
0
VERTEX
8
L9
10
-27.005609284952968
20
-53.84655846168663
0
VERTEX
8
L9
10
-27.011059689714955
20
-53.854715568862275
0
VERTEX
8
L9
10
-27.015398749369467
20
-53.8635143114349
0
VERTEX
8
L9
10
-27.0185522214028
20
-53.87280414047959
0
VERTEX
8
L9
10
-27.020466149034164
20
-53.88242610444578
0
VERTEX
8
L9
10
-27.021107784431123
20
-53.89221556886228
0
VERTEX
8
L9
10
-27.020466149034164
20
-53.90200503327878
0
VERTEX
8
L9
10
-27.0185522214028
20
-53.911626997244966
0
VERTEX
8
L9
10
-27.015398749369467
20
-53.92091682628966
0
VERTEX
8
L9
10
-27.011059689714955
20
-53.92971556886228
0
VERTEX
8
L9
10
-27.005609284952968
20
-53.937872676037934
0
VERTEX
8
L9
10
-26.999140793020118
20
-53.94524857745127
0
VERTEX
8
L9
10
-26.991764891606778
20
-53.95171706938412
0
VERTEX
8
L9
10
-26.98360778443113
20
-53.95716747414611
0
VERTEX
8
L9
10
-26.974809041858506
20
-53.96150653380062
0
VERTEX
8
L9
10
-26.965519212813817
20
-53.964660005833956
0
VERTEX
8
L9
10
-26.955897248847634
20
-53.96657393346531
0
VERTEX
8
L9
10
-26.94610778443112
20
-53.96721556886228
0
VERTEX
8
L9
10
-26.93631832001462
20
-53.96657393346531
0
VERTEX
8
L9
10
-26.92669635604844
20
-53.964660005833956
0
VERTEX
8
L9
10
-26.91740652700375
20
-53.96150653380062
0
VERTEX
8
L9
10
-26.908607784431126
20
-53.95716747414611
0
VERTEX
8
L9
10
-26.900450677255478
20
-53.95171706938412
0
VERTEX
8
L9
10
-26.893074775842138
20
-53.94524857745127
0
VERTEX
8
L9
10
-26.886606283909288
20
-53.937872676037934
0
VERTEX
8
L9
10
-26.8811558791473
20
-53.92971556886228
0
VERTEX
8
L9
10
-26.876816819492774
20
-53.92091682628966
0
VERTEX
8
L9
10
-26.87366334745944
20
-53.911626997244966
0
VERTEX
8
L9
10
-26.87174941982809
20
-53.90200503327878
0
VERTEX
8
L9
10
-26.871107784431132
20
-53.89221556886228
0
VERTEX
8
L9
10
-26.87174941982809
20
-53.88242610444578
0
VERTEX
8
L9
10
-26.87366334745944
20
-53.87280414047959
0
VERTEX
8
L9
10
-26.876816819492774
20
-53.8635143114349
0
VERTEX
8
L9
10
-26.8811558791473
20
-53.854715568862275
0
VERTEX
8
L9
10
-26.886606283909288
20
-53.84655846168663
0
VERTEX
8
L9
10
-26.893074775842138
20
-53.83918256027329
0
VERTEX
8
L9
10
-26.900450677255478
20
-53.83271406834044
0
VERTEX
8
L9
10
-26.908607784431126
20
-53.82726366357844
0
VERTEX
8
L9
10
-26.91740652700375
20
-53.82292460392393
0
VERTEX
8
L9
10
-26.92669635604844
20
-53.8197711318906
0
VERTEX
8
L9
10
-26.93631832001462
20
-53.81785720425924
0
VERTEX
8
L9
10
-26.94610778443112
20
-53.81721556886228
0
SEQEND
0
POLYLINE
8
L9
66
1
70
1
0
VERTEX
8
L9
10
-26.94610778443112
20
-53.338173652694614
0
VERTEX
8
L9
10
-26.955897248847634
20
-53.338815288091574
0
VERTEX
8
L9
10
-26.965519212813817
20
-53.34072921572293
0
VERTEX
8
L9
10
-26.974809041858506
20
-53.34388268775626
0
VERTEX
8
L9
10
-26.98360778443113
20
-53.34822174741078
0
VERTEX
8
L9
10
-26.991764891606778
20
-53.35367215217277
0
VERTEX
8
L9
10
-26.999140793020118
20
-53.36014064410562
0
VERTEX
8
L9
10
-27.005609284952968
20
-53.36751654551896
0
VERTEX
8
L9
10
-27.011059689714955
20
-53.375673652694616
0
VERTEX
8
L9
10
-27.015398749369467
20
-53.38447239526723
0
VERTEX
8
L9
10
-27.0185522214028
20
-53.39376222431192
0
VERTEX
8
L9
10
-27.020466149034164
20
-53.40338418827811
0
VERTEX
8
L9
10
-27.021107784431123
20
-53.41317365269461
0
VERTEX
8
L9
10
-27.020466149034164
20
-53.42296311711112
0
VERTEX
8
L9
10
-27.0185522214028
20
-53.4325850810773
0
VERTEX
8
L9
10
-27.015398749369467
20
-53.441874910121996
0
VERTEX
8
L9
10
-27.011059689714955
20
-53.45067365269461
0
VERTEX
8
L9
10
-27.005609284952968
20
-53.45883075987027
0
VERTEX
8
L9
10
-26.999140793020118
20
-53.46620666128361
0
VERTEX
8
L9
10
-26.991764891606778
20
-53.47267515321646
0
VERTEX
8
L9
10
-26.98360778443113
20
-53.478125557978444
0
VERTEX
8
L9
10
-26.974809041858506
20
-53.48246461763296
0
VERTEX
8
L9
10
-26.965519212813817
20
-53.485618089666296
0
VERTEX
8
L9
10
-26.955897248847634
20
-53.487532017297646
0
VERTEX
8
L9
10
-26.94610778443112
20
-53.48817365269461
0
VERTEX
8
L9
10
-26.93631832001462
20
-53.487532017297646
0
VERTEX
8
L9
10
-26.92669635604844
20
-53.485618089666296
0
VERTEX
8
L9
10
-26.91740652700375
20
-53.48246461763296
0
VERTEX
8
L9
10
-26.908607784431126
20
-53.478125557978444
0
VERTEX
8
L9
10
-26.900450677255478
20
-53.47267515321646
0
VERTEX
8
L9
10
-26.893074775842138
20
-53.46620666128361
0
VERTEX
8
L9
10
-26.886606283909288
20
-53.45883075987027
0
VERTEX
8
L9
10
-26.8811558791473
20
-53.45067365269461
0
VERTEX
8
L9
10
-26.876816819492774
20
-53.441874910121996
0
VERTEX
8
L9
10
-26.87366334745944
20
-53.4325850810773
0
VERTEX
8
L9
10
-26.87174941982809
20
-53.42296311711112
0
VERTEX
8
L9
10
-26.871107784431132
20
-53.41317365269461
0
VERTEX
8
L9
10
-26.87174941982809
20
-53.40338418827811
0
VERTEX
8
L9
10
-26.87366334745944
20
-53.39376222431192
0
VERTEX
8
L9
10
-26.876816819492774
20
-53.38447239526723
0
VERTEX
8
L9
10
-26.8811558791473
20
-53.375673652694616
0
VERTEX
8
L9
10
-26.886606283909288
20
-53.36751654551896
0
VERTEX
8
L9
10
-26.893074775842138
20
-53.36014064410562
0
VERTEX
8
L9
10
-26.900450677255478
20
-53.35367215217277
0
VERTEX
8
L9
10
-26.908607784431126
20
-53.34822174741078
0
VERTEX
8
L9
10
-26.91740652700375
20
-53.34388268775626
0
VERTEX
8
L9
10
-26.92669635604844
20
-53.34072921572293
0
VERTEX
8
L9
10
-26.93631832001462
20
-53.338815288091574
0
VERTEX
8
L9
10
-26.94610778443112
20
-53.338173652694614
0
SEQEND
0
POLYLINE
8
L9
66
1
70
1
0
VERTEX
8
L9
10
-22.81437125748502
20
-55.61362275449102
0
VERTEX
8
L9
10
-22.82416072190152
20
-55.614264389887985
0
VERTEX
8
L9
10
-22.833782685867718
20
-55.61617831751934
0
VERTEX
8
L9
10
-22.843072514912407
20
-55.619331789552675
0
VERTEX
8
L9
10
-22.851871257485016
20
-55.62367084920719
0
VERTEX
8
L9
10
-22.86002836466068
20
-55.629121253969174
0
VERTEX
8
L9
10
-22.86740426607402
20
-55.63558974590203
0
VERTEX
8
L9
10
-22.87387275800687
20
-55.642965647315364
0
VERTEX
8
L9
10
-22.879323162768856
20
-55.65112275449102
0
VERTEX
8
L9
10
-22.883662222423368
20
-55.659921497063635
0
VERTEX
8
L9
10
-22.8868156944567
20
-55.66921132610833
0
VERTEX
8
L9
10
-22.888729622088064
20
-55.678833290074515
0
VERTEX
8
L9
10
-22.889371257485024
20
-55.68862275449102
0
VERTEX
8
L9
10
-22.888729622088064
20
-55.69841221890752
0
VERTEX
8
L9
10
-22.8868156944567
20
-55.70803418287371
0
VERTEX
8
L9
10
-22.883662222423368
20
-55.7173240119184
0
VERTEX
8
L9
10
-22.879323162768856
20
-55.726122754491016
0
VERTEX
8
L9
10
-22.87387275800687
20
-55.73427986166667
0
VERTEX
8
L9
10
-22.86740426607402
20
-55.74165576308001
0
VERTEX
8
L9
10
-22.86002836466068
20
-55.74812425501286
0
VERTEX
8
L9
10
-22.851871257485016
20
-55.75357465977485
0
VERTEX
8
L9
10
-22.843072514912407
20
-55.75791371942937
0
VERTEX
8
L9
10
-22.833782685867718
20
-55.7610671914627
0
VERTEX
8
L9
10
-22.82416072190152
20
-55.76298111909406
0
VERTEX
8
L9
10
-22.81437125748502
20
-55.76362275449102
0
VERTEX
8
L9
10
-22.80458179306852
20
-55.76298111909406
0
VERTEX
8
L9
10
-22.79495982910234
20
-55.7610671914627
0
VERTEX
8
L9
10
-22.785670000057635
20
-55.75791371942937
0
VERTEX
8
L9
10
-22.776871257485027
20
-55.75357465977485
0
VERTEX
8
L9
10
-22.768714150309364
20
-55.74812425501286
0
VERTEX
8
L9
10
-22.761338248896024
20
-55.74165576308001
0
VERTEX
8
L9
10
-22.754869756963174
20
-55.73427986166667
0
VERTEX
8
L9
10
-22.749419352201187
20
-55.726122754491016
0
VERTEX
8
L9
10
-22.745080292546675
20
-55.7173240119184
0
VERTEX
8
L9
10
-22.741926820513342
20
-55.70803418287371
0
VERTEX
8
L9
10
-22.740012892881992
20
-55.69841221890752
0
VERTEX
8
L9
10
-22.73937125748502
20
-55.68862275449102
0
VERTEX
8
L9
10
-22.740012892881992
20
-55.678833290074515
0
VERTEX
8
L9
10
-22.741926820513342
20
-55.66921132610833
0
VERTEX
8
L9
10
-22.745080292546675
20
-55.659921497063635
0
VERTEX
8
L9
10
-22.749419352201187
20
-55.65112275449102
0
VERTEX
8
L9
10
-22.754869756963174
20
-55.642965647315364
0
VERTEX
8
L9
10
-22.761338248896024
20
-55.63558974590203
0
VERTEX
8
L9
10
-22.768714150309364
20
-55.629121253969174
0
VERTEX
8
L9
10
-22.776871257485027
20
-55.62367084920719
0
VERTEX
8
L9
10
-22.785670000057635
20
-55.619331789552675
0
VERTEX
8
L9
10
-22.79495982910234
20
-55.61617831751934
0
VERTEX
8
L9
10
-22.80458179306852
20
-55.614264389887985
0
VERTEX
8
L9
10
-22.81437125748502
20
-55.61362275449102
0
SEQEND
0
POLYLINE
8
L9
66
1
70
1
0
VERTEX
8
L9
10
-26.94610778443112
20
-54.29625748502994
0
VERTEX
8
L9
10
-26.955897248847634
20
-54.29689912042691
0
VERTEX
8
L9
10
-26.965519212813817
20
-54.298813048058264
0
VERTEX
8
L9
10
-26.974809041858506
20
-54.3019665200916
0
VERTEX
8
L9
10
-26.98360778443113
20
-54.30630557974611
0
VERTEX
8
L9
10
-26.991764891606778
20
-54.311755984508096
0
VERTEX
8
L9
10
-26.999140793020118
20
-54.31822447644095
0
VERTEX
8
L9
10
-27.005609284952968
20
-54.325600377854286
0
VERTEX
8
L9
10
-27.011059689714955
20
-54.33375748502994
0
VERTEX
8
L9
10
-27.015398749369467
20
-54.34255622760256
0
VERTEX
8
L9
10
-27.0185522214028
20
-54.351846056647254
0
VERTEX
8
L9
10
-27.020466149034164
20
-54.36146802061344
0
VERTEX
8
L9
10
-27.021107784431123
20
-54.37125748502994
0
VERTEX
8
L9
10
-27.020466149034164
20
-54.38104694944644
0
VERTEX
8
L9
10
-27.0185522214028
20
-54.39066891341263
0
VERTEX
8
L9
10
-27.015398749369467
20
-54.39995874245732
0
VERTEX
8
L9
10
-27.011059689714955
20
-54.408757485029945
0
VERTEX
8
L9
10
-27.005609284952968
20
-54.41691459220559
0
VERTEX
8
L9
10
-26.999140793020118
20
-54.42429049361893
0
VERTEX
8
L9
10
-26.991764891606778
20
-54.43075898555178
0
VERTEX
8
L9
10
-26.98360778443113
20
-54.43620939031378
0
VERTEX
8
L9
10
-26.974809041858506
20
-54.44054844996829
0
VERTEX
8
L9
10
-26.965519212813817
20
-54.44370192200162
0
VERTEX
8
L9
10
-26.955897248847634
20
-54.44561584963298
0
VERTEX
8
L9
10
-26.94610778443112
20
-54.44625748502994
0
VERTEX
8
L9
10
-26.93631832001462
20
-54.44561584963298
0
VERTEX
8
L9
10
-26.92669635604844
20
-54.44370192200162
0
VERTEX
8
L9
10
-26.91740652700375
20
-54.44054844996829
0
VERTEX
8
L9
10
-26.908607784431126
20
-54.43620939031378
0
VERTEX
8
L9
10
-26.900450677255478
20
-54.43075898555178
0
VERTEX
8
L9
10
-26.893074775842138
20
-54.42429049361893
0
VERTEX
8
L9
10
-26.886606283909288
20
-54.41691459220559
0
VERTEX
8
L9
10
-26.8811558791473
20
-54.408757485029945
0
VERTEX
8
L9
10
-26.876816819492774
20
-54.39995874245732
0
VERTEX
8
L9
10
-26.87366334745944
20
-54.39066891341263
0
VERTEX
8
L9
10
-26.87174941982809
20
-54.38104694944644
0
VERTEX
8
L9
10
-26.871107784431132
20
-54.37125748502994
0
VERTEX
8
L9
10
-26.87174941982809
20
-54.36146802061344
0
VERTEX
8
L9
10
-26.87366334745944
20
-54.351846056647254
0
VERTEX
8
L9
10
-26.876816819492774
20
-54.34255622760256
0
VERTEX
8
L9
10
-26.8811558791473
20
-54.33375748502994
0
VERTEX
8
L9
10
-26.886606283909288
20
-54.325600377854286
0
VERTEX
8
L9
10
-26.893074775842138
20
-54.31822447644095
0
VERTEX
8
L9
10
-26.900450677255478
20
-54.311755984508096
0
VERTEX
8
L9
10
-26.908607784431126
20
-54.30630557974611
0
VERTEX
8
L9
10
-26.91740652700375
20
-54.3019665200916
0
VERTEX
8
L9
10
-26.92669635604844
20
-54.298813048058264
0
VERTEX
8
L9
10
-26.93631832001462
20
-54.29689912042691
0
VERTEX
8
L9
10
-26.94610778443112
20
-54.29625748502994
0
SEQEND
0
POLYLINE
8
L9
66
1
70
1
0
VERTEX
8
L9
10
-23.281404116917543
20
-55.783608813748685
0
VERTEX
8
L9
10
-23.291193581334042
20
-55.78425044914565
0
VERTEX
8
L9
10
-23.300815545300225
20
-55.78616437677701
0
VERTEX
8
L9
10
-23.310105374344914
20
-55.78931784881034
0
VERTEX
8
L9
10
-23.318904116917537
20
-55.793656908464854
0
VERTEX
8
L9
10
-23.327061224093185
20
-55.79910731322684
0
VERTEX
8
L9
10
-23.334437125506525
20
-55.8055758051597
0
VERTEX
8
L9
10
-23.340905617439375
20
-55.81295170657303
0
VERTEX
8
L9
10
-23.346356022201377
20
-55.82110881374869
0
VERTEX
8
L9
10
-23.35069508185589
20
-55.8299075563213
0
VERTEX
8
L9
10
-23.35384855388922
20
-55.839197385366
0
VERTEX
8
L9
10
-23.35576248152057
20
-55.84881934933218
0
VERTEX
8
L9
10
-23.356404116917545
20
-55.85860881374869
0
VERTEX
8
L9
10
-23.35576248152057
20
-55.86839827816519
0
VERTEX
8
L9
10
-23.35384855388922
20
-55.87802024213138
0
VERTEX
8
L9
10
-23.35069508185589
20
-55.88731007117607
0
VERTEX
8
L9
10
-23.346356022201377
20
-55.89610881374869
0
VERTEX
8
L9
10
-23.340905617439375
20
-55.90426592092434
0
VERTEX
8
L9
10
-23.334437125506525
20
-55.91164182233768
0
VERTEX
8
L9
10
-23.327061224093185
20
-55.91811031427053
0
VERTEX
8
L9
10
-23.318904116917537
20
-55.92356071903252
0
VERTEX
8
L9
10
-23.310105374344914
20
-55.927899778687035
0
VERTEX
8
L9
10
-23.300815545300225
20
-55.93105325072037
0
VERTEX
8
L9
10
-23.291193581334042
20
-55.932967178351724
0
VERTEX
8
L9
10
-23.281404116917543
20
-55.933608813748684
0
VERTEX
8
L9
10
-23.27161465250103
20
-55.932967178351724
0
VERTEX
8
L9
10
-23.261992688534846
20
-55.93105325072037
0
VERTEX
8
L9
10
-23.252702859490157
20
-55.927899778687035
0
VERTEX
8
L9
10
-23.243904116917534
20
-55.92356071903252
0
VERTEX
8
L9
10
-23.235747009741885
20
-55.91811031427053
0
VERTEX
8
L9
10
-23.228371108328545
20
-55.91164182233768
0
VERTEX
8
L9
10
-23.221902616395695
20
-55.90426592092434
0
VERTEX
8
L9
10
-23.216452211633708
20
-55.89610881374869
0
VERTEX
8
L9
10
-23.212113151979196
20
-55.88731007117607
0
VERTEX
8
L9
10
-23.208959679945863
20
-55.87802024213138
0
VERTEX
8
L9
10
-23.2070457523145
20
-55.86839827816519
0
VERTEX
8
L9
10
-23.20640411691754
20
-55.85860881374869
0
VERTEX
8
L9
10
-23.2070457523145
20
-55.84881934933218
0
VERTEX
8
L9
10
-23.208959679945863
20
-55.839197385366
0
VERTEX
8
L9
10
-23.212113151979196
20
-55.8299075563213
0
VERTEX
8
L9
10
-23.216452211633708
20
-55.82110881374869
0
VERTEX
8
L9
10
-23.221902616395695
20
-55.81295170657303
0
VERTEX
8
L9
10
-23.228371108328545
20
-55.8055758051597
0
VERTEX
8
L9
10
-23.235747009741885
20
-55.79910731322684
0
VERTEX
8
L9
10
-23.243904116917534
20
-55.793656908464854
0
VERTEX
8
L9
10
-23.252702859490157
20
-55.78931784881034
0
VERTEX
8
L9
10
-23.261992688534846
20
-55.78616437677701
0
VERTEX
8
L9
10
-23.27161465250103
20
-55.78425044914565
0
VERTEX
8
L9
10
-23.281404116917543
20
-55.783608813748685
0
SEQEND
0
POLYLINE
8
L9
66
1
70
1
0
VERTEX
8
L9
10
-26.94610778443112
20
-55.254341317365274
0
VERTEX
8
L9
10
-26.955897248847634
20
-55.254982952762234
0
VERTEX
8
L9
10
-26.965519212813817
20
-55.25689688039359
0
VERTEX
8
L9
10
-26.974809041858506
20
-55.26005035242692
0
VERTEX
8
L9
10
-26.98360778443113
20
-55.264389412081435
0
VERTEX
8
L9
10
-26.991764891606778
20
-55.26983981684343
0
VERTEX
8
L9
10
-26.999140793020118
20
-55.27630830877628
0
VERTEX
8
L9
10
-27.005609284952968
20
-55.28368421018962
0
VERTEX
8
L9
10
-27.011059689714955
20
-55.29184131736527
0
VERTEX
8
L9
10
-27.015398749369467
20
-55.30064005993789
0
VERTEX
8
L9
10
-27.0185522214028
20
-55.30992988898258
0
VERTEX
8
L9
10
-27.020466149034164
20
-55.31955185294877
0
VERTEX
8
L9
10
-27.021107784431123
20
-55.32934131736527
0
VERTEX
8
L9
10
-27.020466149034164
20
-55.339130781781776
0
VERTEX
8
L9
10
-27.0185522214028
20
-55.34875274574796
0
VERTEX
8
L9
10
-27.015398749369467
20
-55.358042574792655
0
VERTEX
8
L9
10
-27.011059689714955
20
-55.36684131736527
0
VERTEX
8
L9
10
-27.005609284952968
20
-55.37499842454093
0
VERTEX
8
L9
10
-26.999140793020118
20
-55.38237432595426
0
VERTEX
8
L9
10
-26.991764891606778
20
-55.38884281788712
0
VERTEX
8
L9
10
-26.98360778443113
20
-55.394293222649104
0
VERTEX
8
L9
10
-26.974809041858506
20
-55.398632282303616
0
VERTEX
8
L9
10
-26.965519212813817
20
-55.40178575433695
0
VERTEX
8
L9
10
-26.955897248847634
20
-55.403699681968305
0
VERTEX
8
L9
10
-26.94610778443112
20
-55.40434131736527
0
VERTEX
8
L9
10
-26.93631832001462
20
-55.403699681968305
0
VERTEX
8
L9
10
-26.92669635604844
20
-55.40178575433695
0
VERTEX
8
L9
10
-26.91740652700375
20
-55.398632282303616
0
VERTEX
8
L9
10
-26.908607784431126
20
-55.394293222649104
0
VERTEX
8
L9
10
-26.900450677255478
20
-55.38884281788712
0
VERTEX
8
L9
10
-26.893074775842138
20
-55.38237432595426
0
VERTEX
8
L9
10
-26.886606283909288
20
-55.37499842454093
0
VERTEX
8
L9
10
-26.8811558791473
20
-55.36684131736527
0
VERTEX
8
L9
10
-26.876816819492774
20
-55.358042574792655
0
VERTEX
8
L9
10
-26.87366334745944
20
-55.34875274574796
0
VERTEX
8
L9
10
-26.87174941982809
20
-55.339130781781776
0
VERTEX
8
L9
10
-26.871107784431132
20
-55.32934131736527
0
VERTEX
8
L9
10
-26.87174941982809
20
-55.31955185294877
0
VERTEX
8
L9
10
-26.87366334745944
20
-55.30992988898258
0
VERTEX
8
L9
10
-26.876816819492774
20
-55.30064005993789
0
VERTEX
8
L9
10
-26.8811558791473
20
-55.29184131736527
0
VERTEX
8
L9
10
-26.886606283909288
20
-55.28368421018962
0
VERTEX
8
L9
10
-26.893074775842138
20
-55.27630830877628
0
VERTEX
8
L9
10
-26.900450677255478
20
-55.26983981684343
0
VERTEX
8
L9
10
-26.908607784431126
20
-55.264389412081435
0
VERTEX
8
L9
10
-26.91740652700375
20
-55.26005035242692
0
VERTEX
8
L9
10
-26.92669635604844
20
-55.25689688039359
0
VERTEX
8
L9
10
-26.93631832001462
20
-55.254982952762234
0
VERTEX
8
L9
10
-26.94610778443112
20
-55.254341317365274
0
SEQEND
0
POLYLINE
8
L9
66
1
70
1
0
VERTEX
8
L9
10
-25.688622754491007
20
-55.61362275449102
0
VERTEX
8
L9
10
-25.698412218907507
20
-55.614264389887985
0
VERTEX
8
L9
10
-25.708034182873703
20
-55.61617831751934
0
VERTEX
8
L9
10
-25.717324011918393
20
-55.619331789552675
0
VERTEX
8
L9
10
-25.726122754491
20
-55.62367084920719
0
VERTEX
8
L9
10
-25.734279861666664
20
-55.629121253969174
0
VERTEX
8
L9
10
-25.741655763080004
20
-55.63558974590203
0
VERTEX
8
L9
10
-25.748124255012854
20
-55.642965647315364
0
VERTEX
8
L9
10
-25.75357465977484
20
-55.65112275449102
0
VERTEX
8
L9
10
-25.757913719429354
20
-55.659921497063635
0
VERTEX
8
L9
10
-25.761067191462686
20
-55.66921132610833
0
VERTEX
8
L9
10
-25.76298111909405
20
-55.678833290074515
0
VERTEX
8
L9
10
-25.76362275449101
20
-55.68862275449102
0
VERTEX
8
L9
10
-25.76298111909405
20
-55.69841221890752
0
VERTEX
8
L9
10
-25.761067191462686
20
-55.70803418287371
0
VERTEX
8
L9
10
-25.757913719429354
20
-55.7173240119184
0
VERTEX
8
L9
10
-25.75357465977484
20
-55.726122754491016
0
VERTEX
8
L9
10
-25.748124255012854
20
-55.73427986166667
0
VERTEX
8
L9
10
-25.741655763080004
20
-55.74165576308001
0
VERTEX
8
L9
10
-25.734279861666664
20
-55.74812425501286
0
VERTEX
8
L9
10
-25.726122754491
20
-55.75357465977485
0
VERTEX
8
L9
10
-25.717324011918393
20
-55.75791371942937
0
VERTEX
8
L9
10
-25.708034182873703
20
-55.7610671914627
0
VERTEX
8
L9
10
-25.698412218907507
20
-55.76298111909406
0
VERTEX
8
L9
10
-25.688622754491007
20
-55.76362275449102
0
VERTEX
8
L9
10
-25.678833290074508
20
-55.76298111909406
0
VERTEX
8
L9
10
-25.669211326108325
20
-55.7610671914627
0
VERTEX
8
L9
10
-25.65992149706362
20
-55.75791371942937
0
VERTEX
8
L9
10
-25.651122754491013
20
-55.75357465977485
0
VERTEX
8
L9
10
-25.64296564731535
20
-55.74812425501286
0
VERTEX
8
L9
10
-25.63558974590201
20
-55.74165576308001
0
VERTEX
8
L9
10
-25.62912125396916
20
-55.73427986166667
0
VERTEX
8
L9
10
-25.623670849207173
20
-55.726122754491016
0
VERTEX
8
L9
10
-25.61933178955266
20
-55.7173240119184
0
VERTEX
8
L9
10
-25.616178317519328
20
-55.70803418287371
0
VERTEX
8
L9
10
-25.61426438988798
20
-55.69841221890752
0
VERTEX
8
L9
10
-25.613622754491004
20
-55.68862275449102
0
VERTEX
8
L9
10
-25.61426438988798
20
-55.678833290074515
0
VERTEX
8
L9
10
-25.616178317519328
20
-55.66921132610833
0
VERTEX
8
L9
10
-25.61933178955266
20
-55.659921497063635
0
VERTEX
8
L9
10
-25.623670849207173
20
-55.65112275449102
0
VERTEX
8
L9
10
-25.62912125396916
20
-55.642965647315364
0
VERTEX
8
L9
10
-25.63558974590201
20
-55.63558974590203
0
VERTEX
8
L9
10
-25.64296564731535
20
-55.629121253969174
0
VERTEX
8
L9
10
-25.651122754491013
20
-55.62367084920719
0
VERTEX
8
L9
10
-25.65992149706362
20
-55.619331789552675
0
VERTEX
8
L9
10
-25.669211326108325
20
-55.61617831751934
0
VERTEX
8
L9
10
-25.678833290074508
20
-55.614264389887985
0
VERTEX
8
L9
10
-25.688622754491007
20
-55.61362275449102
0
SEQEND
0
POLYLINE
8
L9
66
1
70
1
0
VERTEX
8
L9
10
-26.94610778443112
20
-56.2124251497006
0
VERTEX
8
L9
10
-26.955897248847634
20
-56.21306678509757
0
VERTEX
8
L9
10
-26.965519212813817
20
-56.21498071272892
0
VERTEX
8
L9
10
-26.974809041858506
20
-56.218134184762256
0
VERTEX
8
L9
10
-26.98360778443113
20
-56.22247324441677
0
VERTEX
8
L9
10
-26.991764891606778
20
-56.227923649178756
0
VERTEX
8
L9
10
-26.999140793020118
20
-56.234392141111606
0
VERTEX
8
L9
10
-27.005609284952968
20
-56.241768042524946
0
VERTEX
8
L9
10
-27.011059689714955
20
-56.2499251497006
0
VERTEX
8
L9
10
-27.015398749369467
20
-56.25872389227322
0
VERTEX
8
L9
10
-27.0185522214028
20
-56.268013721317914
0
VERTEX
8
L9
10
-27.020466149034164
20
-56.277635685284096
0
VERTEX
8
L9
10
-27.021107784431123
20
-56.2874251497006
0
VERTEX
8
L9
10
-27.020466149034164
20
-56.2972146141171
0
VERTEX
8
L9
10
-27.0185522214028
20
-56.30683657808329
0
VERTEX
8
L9
10
-27.015398749369467
20
-56.31612640712798
0
VERTEX
8
L9
10
-27.011059689714955
20
-56.3249251497006
0
VERTEX
8
L9
10
-27.005609284952968
20
-56.33308225687625
0
VERTEX
8
L9
10
-26.999140793020118
20
-56.34045815828959
0
VERTEX
8
L9
10
-26.991764891606778
20
-56.34692665022244
0
VERTEX
8
L9
10
-26.98360778443113
20
-56.35237705498443
0
VERTEX
8
L9
10
-26.974809041858506
20
-56.35671611463895
0
VERTEX
8
L9
10
-26.965519212813817
20
-56.35986958667228
0
VERTEX
8
L9
10
-26.955897248847634
20
-56.36178351430364
0
VERTEX
8
L9
10
-26.94610778443112
20
-56.3624251497006
0
VERTEX
8
L9
10
-26.93631832001462
20
-56.36178351430364
0
VERTEX
8
L9
10
-26.92669635604844
20
-56.35986958667228
0
VERTEX
8
L9
10
-26.91740652700375
20
-56.35671611463895
0
VERTEX
8
L9
10
-26.908607784431126
20
-56.35237705498443
0
VERTEX
8
L9
10
-26.900450677255478
20
-56.34692665022244
0
VERTEX
8
L9
10
-26.893074775842138
20
-56.34045815828959
0
VERTEX
8
L9
10
-26.886606283909288
20
-56.33308225687625
0
VERTEX
8
L9
10
-26.8811558791473
20
-56.3249251497006
0
VERTEX
8
L9
10
-26.876816819492774
20
-56.31612640712798
0
VERTEX
8
L9
10
-26.87366334745944
20
-56.30683657808329
0
VERTEX
8
L9
10
-26.87174941982809
20
-56.2972146141171
0
VERTEX
8
L9
10
-26.871107784431132
20
-56.2874251497006
0
VERTEX
8
L9
10
-26.87174941982809
20
-56.277635685284096
0
VERTEX
8
L9
10
-26.87366334745944
20
-56.268013721317914
0
VERTEX
8
L9
10
-26.876816819492774
20
-56.25872389227322
0
VERTEX
8
L9
10
-26.8811558791473
20
-56.2499251497006
0
VERTEX
8
L9
10
-26.886606283909288
20
-56.241768042524946
0
VERTEX
8
L9
10
-26.893074775842138
20
-56.234392141111606
0
VERTEX
8
L9
10
-26.900450677255478
20
-56.227923649178756
0
VERTEX
8
L9
10
-26.908607784431126
20
-56.22247324441677
0
VERTEX
8
L9
10
-26.91740652700375
20
-56.218134184762256
0
VERTEX
8
L9
10
-26.92669635604844
20
-56.21498071272892
0
VERTEX
8
L9
10
-26.93631832001462
20
-56.21306678509757
0
VERTEX
8
L9
10
-26.94610778443112
20
-56.2124251497006
0
SEQEND
0
POLYLINE
8
L9
66
1
70
1
0
VERTEX
8
L9
10
-14.7852289681624
20
-56.29871330966362
0
VERTEX
8
L9
10
-14.76402266508984
20
-56.31882209831538
0
VERTEX
8
L9
10
-14.737740881003347
20
-56.33160249331235
0
VERTEX
8
L9
10
-14.708828969284141
20
-56.33586535992852
0
VERTEX
8
L9
10
-14.679977000014432
20
-56.33121406545208
0
VERTEX
8
L9
10
-14.653869466011571
20
-56.318081383344584
0
VERTEX
8
L9
10
-14.632935507791231
20
-56.29768922641415
0
VERTEX
8
L9
10
-14.619122897443248
20
-56.27193495557567
0
VERTEX
8
L9
10
-14.613716810787764
20
-56.24321484244705
0
VERTEX
8
L9
10
-14.617220249913146
20
-56.21420111146771
0
VERTEX
8
L9
10
-14.629307242020786
20
-56.18759330635649
0
VERTEX
8
L9
10
-14.648853169127335
20
-56.165867114683934
0
VERTEX
8
L9
10
-14.674039406637831
20
-56.15104402083983
0
VERTEX
8
L9
10
-14.702522534834202
20
-56.14450321972706
0
VERTEX
8
L9
10
-14.731652379222453
20
-56.14685329142013
0
VERTEX
8
L9
10
-14.758718592467233
20
-56.15787557664758
0
VERTEX
8
L9
10
-14.7812028350275
20
-56.17654452165093
0
VERTEX
8
L9
10
-14.797013090684445
20
-56.20112309945985
0
VERTEX
8
L9
10
-14.80467831538715
20
-56.229324429238844
0
VERTEX
8
L9
10
-14.876053667152306
20
-56.23846295732267
0
VERTEX
8
L9
10
-14.948011256837205
20
-56.23822042510439
0
VERTEX
8
L9
10
-15.01932338504021
20
-56.22860097053055
0
VERTEX
8
L9
10
-15.088773364855726
20
-56.209768715254995
0
VERTEX
8
L9
10
-15.155176280293105
20
-56.18204496448867
0
VERTEX
8
L9
10
-15.21739920263829
20
-56.1459027250732
0
VERTEX
8
L9
10
-15.274380519837976
20
-56.10195863530761
0
VERTEX
8
L9
10
-15.325148049119846
20
-56.05096244421696
0
VERTEX
8
L9
10
-15.368835623821028
20
-55.9937842197616
0
VERTEX
8
L9
10
-15.404697871430372
20
-55.931399504233326
0
VERTEX
8
L9
10
-15.432122930709554
20
-55.86487267010849
0
VERTEX
8
L9
10
-15.450642890920903
20
-55.79533876033126
0
VERTEX
8
L9
10
-15.459941775053977
20
-55.72398412285745
0
VERTEX
8
L9
10
-15.459860930845167
20
-55.65202616986161
0
VERTEX
8
L9
10
-15.450401737612296
20
-55.580692606943984
0
VERTEX
8
L9
10
-15.431725582721498
20
-55.51120048671706
0
VERTEX
8
L9
10
-15.404151108087902
20
-55.44473544414715
0
VERTEX
8
L9
10
-15.368148773688787
20
-55.3824314679261
0
VERTEX
8
L9
10
-15.324332830843503
20
-55.32535155300222
0
VERTEX
8
L9
10
-15.273450842207353
20
-55.274469564366065
0
VERTEX
8
L9
10
-15.216370927283478
20
-55.23065362152078
0
VERTEX
8
L9
10
-15.154066951062418
20
-55.19465128712167
0
VERTEX
8
L9
10
-15.087601908492516
20
-55.16707681248808
0
VERTEX
8
L9
10
-15.01810978826559
20
-55.148400657597286
0
VERTEX
8
L9
10
-14.94677622534796
20
-55.138941464364414
0
VERTEX
8
L9
10
-14.874818272352115
20
-55.13886062015559
0
VERTEX
8
L9
10
-14.803463634878312
20
-55.148159504288664
0
VERTEX
8
L9
10
-14.733929725101078
20
-55.16667946450003
0
VERTEX
8
L9
10
-14.667402890976248
20
-55.194104523779195
0
VERTEX
8
L9
10
-14.605018175447967
20
-55.22996677138854
0
VERTEX
8
L9
10
-14.54783995099261
20
-55.27365434608973
0
VERTEX
8
L9
10
-14.496843759901964
20
-55.32442187537159
0
VERTEX
8
L9
10
-14.452899670136375
20
-55.38140319257129
0
VERTEX
8
L9
10
-14.416757430720907
20
-55.44362611491646
0
VERTEX
8
L9
10
-14.38903367995458
20
-55.510029030353856
0
VERTEX
8
L9
10
-14.370201424679024
20
-55.579479010169365
0
VERTEX
8
L9
10
-14.360581970105187
20
-55.65079113837236
0
VERTEX
8
L9
10
-14.360339437886907
20
-55.72274872805727
0
VERTEX
8
L9
10
-14.36947796597073
20
-55.794124079822424
0
VERTEX
8
L9
10
-14.397679295749725
20
-55.80178930452514
0
VERTEX
8
L9
10
-14.422257873558635
20
-55.81759956018208
0
VERTEX
8
L9
10
-14.44092681856199
20
-55.84008380274234
0
VERTEX
8
L9
10
-14.451949103789445
20
-55.867150015987114
0
VERTEX
8
L9
10
-14.454299175482504
20
-55.89627986037538
0
VERTEX
8
L9
10
-14.44775837436974
20
-55.924762988571736
0
VERTEX
8
L9
10
-14.43293528052564
20
-55.94994922608224
0
VERTEX
8
L9
10
-14.411209088853084
20
-55.96949515318878
0
VERTEX
8
L9
10
-14.384601283741858
20
-55.98158214529643
0
VERTEX
8
L9
10
-14.355587552762515
20
-55.98508558442181
0
VERTEX
8
L9
10
-14.3268674396339
20
-55.97967949776632
0
VERTEX
8
L9
10
-14.301113168795425
20
-55.96586688741834
0
VERTEX
8
L9
10
-14.280721011864983
20
-55.944932929197996
0
VERTEX
8
L9
10
-14.267588329757487
20
-55.91882539519514
0
VERTEX
8
L9
10
-14.262937035281055
20
-55.88997342592543
0
VERTEX
8
L9
10
-14.267199901897214
20
-55.86106151420622
0
VERTEX
8
L9
10
-14.279980296894195
20
-55.83477973011974
0
VERTEX
8
L9
10
-14.300089085545963
20
-55.813573427047174
0
VERTEX
8
L9
10
-14.289426554822626
20
-55.7385102522607
0
VERTEX
8
L9
10
-14.28796459417174
20
-55.66270766364062
0
VERTEX
8
L9
10
-14.295724872227282
20
-55.58728917880467
0
VERTEX
8
L9
10
-14.312592369050336
20
-55.51337262232795
0
VERTEX
8
L9
10
-14.338317080911551
20
-55.442053557765185
0
VERTEX
8
L9
10
-14.372517725752985
20
-55.37438904961741
0
VERTEX
8
L9
10
-14.414687394408105
20
-55.31138199591731
0
VERTEX
8
L9
10
-14.464201063819914
20
-55.25396626364968
0
VERTEX
8
L9
10
-14.52032486089891
20
-55.20299284732424
0
VERTEX
8
L9
10
-14.582226939715525
20
-55.15921725585329
0
VERTEX
8
L9
10
-14.64898981080944
20
-55.12328831468119
0
VERTEX
8
L9
10
-14.719623939875149
20
-55.09573854913628
0
VERTEX
8
L9
10
-14.793082414269378
20
-55.07697629153962
0
VERTEX
8
L9
10
-14.868276459958707
20
-55.06727962905609
0
VERTEX
8
L9
10
-14.944091578921146
20
-55.06679228199037
0
VERTEX
8
L9
10
-15.019404067818883
20
-55.0755214736184
0
VERTEX
8
L9
10
-15.093097673108957
20
-55.09333782312666
0
VERTEX
8
L9
10
-15.164080135735773
20
-55.119977263246206
0
VERTEX
8
L9
10
-15.2312993801863
20
-55.155044954158946
0
VERTEX
8
L9
10
-15.293759107959815
20
-55.198021135665776
0
VERTEX
8
L9
10
-15.350533564331727
20
-55.24826883087784
0
VERTEX
8
L9
10
-15.400781259543791
20
-55.30504328724975
0
VERTEX
8
L9
10
-15.443757441050622
20
-55.367503015023274
0
VERTEX
8
L9
10
-15.478825131963362
20
-55.434722259473794
0
VERTEX
8
L9
10
-15.505464572082914
20
-55.50570472210061
0
VERTEX
8
L9
10
-15.52328092159118
20
-55.57939832739069
0
VERTEX
8
L9
10
-15.5320101132192
20
-55.65471081628843
0
VERTEX
8
L9
10
-15.531522766153486
20
-55.73052593525086
0
VERTEX
8
L9
10
-15.521826103669952
20
-55.805719980940204
0
VERTEX
8
L9
10
-15.503063846073289
20
-55.879178455334426
0
VERTEX
8
L9
10
-15.475514080528384
20
-55.949812584400135
0
VERTEX
8
L9
10
-15.439585139356282
20
-56.01657545549405
0
VERTEX
8
L9
10
-15.395809547885335
20
-56.078477534310665
0
VERTEX
8
L9
10
-15.344836131559887
20
-56.13460133138966
0
VERTEX
8
L9
10
-15.287420399292259
20
-56.18411500080147
0
VERTEX
8
L9
10
-15.224413345592168
20
-56.2262846694566
0
VERTEX
8
L9
10
-15.156748837444383
20
-56.26048531429802
0
VERTEX
8
L9
10
-15.085429772881625
20
-56.28621002615924
0
VERTEX
8
L9
10
-15.011513216404907
20
-56.30307752298229
0
VERTEX
8
L9
10
-14.936094731568957
20
-56.310837801037835
0
VERTEX
8
L9
10
-14.860292142948865
20
-56.30937584038695
0
VERTEX
8
L9
10
-14.7852289681624
20
-56.29871330966362
0
SEQEND
0
POLYLINE
8
L9
66
1
70
1
0
VERTEX
8
L9
10
-18.035240255771384
20
-55.813573427047174
0
VERTEX
8
L9
10
-18.055349044423153
20
-55.83477973011974
0
VERTEX
8
L9
10
-18.068129439420133
20
-55.86106151420622
0
VERTEX
8
L9
10
-18.072392306036292
20
-55.88997342592543
0
VERTEX
8
L9
10
-18.06774101155986
20
-55.91882539519514
0
VERTEX
8
L9
10
-18.054608329452364
20
-55.944932929198
0
VERTEX
8
L9
10
-18.034216172521923
20
-55.96586688741835
0
VERTEX
8
L9
10
-18.008461901683432
20
-55.97967949776632
0
VERTEX
8
L9
10
-17.979741788554833
20
-55.98508558442181
0
VERTEX
8
L9
10
-17.95072805757549
20
-55.98158214529643
0
VERTEX
8
L9
10
-17.924120252464263
20
-55.96949515318878
0
VERTEX
8
L9
10
-17.902394060791707
20
-55.949949226082246
0
VERTEX
8
L9
10
-17.887570966947592
20
-55.924762988571736
0
VERTEX
8
L9
10
-17.88103016583483
20
-55.89627986037538
0
VERTEX
8
L9
10
-17.883380237527902
20
-55.867150015987114
0
VERTEX
8
L9
10
-17.894402522755342
20
-55.84008380274234
0
VERTEX
8
L9
10
-17.913071467758698
20
-55.81759956018208
0
VERTEX
8
L9
10
-17.937650045567622
20
-55.80178930452514
0
VERTEX
8
L9
10
-17.965851375346617
20
-55.794124079822424
0
VERTEX
8
L9
10
-17.97498990343044
20
-55.72274872805727
0
VERTEX
8
L9
10
-17.97474737121216
20
-55.65079113837236
0
VERTEX
8
L9
10
-17.965127916638323
20
-55.579479010169365
0
VERTEX
8
L9
10
-17.946295661362768
20
-55.510029030353856
0
VERTEX
8
L9
10
-17.91857191059644
20
-55.44362611491646
0
VERTEX
8
L9
10
-17.882429671180972
20
-55.38140319257129
0
VERTEX
8
L9
10
-17.838485581415384
20
-55.32442187537159
0
VERTEX
8
L9
10
-17.787489390324737
20
-55.27365434608973
0
VERTEX
8
L9
10
-17.73031116586938
20
-55.22996677138855
0
VERTEX
8
L9
10
-17.6679264503411
20
-55.194104523779195
0
VERTEX
8
L9
10
-17.60139961621627
20
-55.16667946450003
0
VERTEX
8
L9
10
-17.531865706439035
20
-55.148159504288664
0
VERTEX
8
L9
10
-17.460511068965232
20
-55.1388606201556
0
VERTEX
8
L9
10
-17.388553115969373
20
-55.138941464364414
0
VERTEX
8
L9
10
-17.317219553051757
20
-55.148400657597286
0
VERTEX
8
L9
10
-17.24772743282483
20
-55.16707681248808
0
VERTEX
8
L9
10
-17.18126239025493
20
-55.19465128712167
0
VERTEX
8
L9
10
-17.11895841403387
20
-55.23065362152079
0
VERTEX
8
L9
10
-17.061878499109994
20
-55.27446956436607
0
VERTEX
8
L9
10
-17.010996510473845
20
-55.32535155300222
0
VERTEX
8
L9
10
-16.96718056762856
20
-55.382431467926104
0
VERTEX
8
L9
10
-16.931178233229446
20
-55.44473544414715
0
VERTEX
8
L9
10
-16.90360375859585
20
-55.51120048671706
0
VERTEX
8
L9
10
-16.88492760370505
20
-55.58069260694399
0
VERTEX
8
L9
10
-16.87546841047218
20
-55.65202616986161
0
VERTEX
8
L9
10
-16.87538756626337
20
-55.72398412285745
0
VERTEX
8
L9
10
-16.88468645039643
20
-55.79533876033126
0
VERTEX
8
L9
10
-16.903206410607794
20
-55.8648726701085
0
VERTEX
8
L9
10
-16.93063146988696
20
-55.931399504233326
0
VERTEX
8
L9
10
-16.96649371749632
20
-55.99378421976161
0
VERTEX
8
L9
10
-17.0101812921975
20
-56.05096244421696
0
VERTEX
8
L9
10
-17.060948821479357
20
-56.10195863530761
0
VERTEX
8
L9
10
-17.117930138679057
20
-56.1459027250732
0
VERTEX
8
L9
10
-17.180153061024228
20
-56.18204496448867
0
VERTEX
8
L9
10
-17.24655597646162
20
-56.209768715254995
0
VERTEX
8
L9
10
-17.316005956277138
20
-56.22860097053056
0
VERTEX
8
L9
10
-17.38731808448013
20
-56.23822042510439
0
VERTEX
8
L9
10
-17.459275674165042
20
-56.23846295732267
0
VERTEX
8
L9
10
-17.530651025930197
20
-56.229324429238844
0
VERTEX
8
L9
10
-17.538316250632903
20
-56.20112309945985
0
VERTEX
8
L9
10
-17.554126506289847
20
-56.17654452165093
0
VERTEX
8
L9
10
-17.576610748850115
20
-56.15787557664758
0
VERTEX
8
L9
10
-17.60367696209488
20
-56.14685329142013
0
VERTEX
8
L9
10
-17.632806806483146
20
-56.14450321972706
0
VERTEX
8
L9
10
-17.661289934679502
20
-56.15104402083982
0
VERTEX
8
L9
10
-17.686476172190012
20
-56.165867114683934
0
VERTEX
8
L9
10
-17.70602209929656
20
-56.18759330635649
0
VERTEX
8
L9
10
-17.7181090914042
20
-56.21420111146771
0
VERTEX
8
L9
10
-17.721612530529583
20
-56.24321484244705
0
VERTEX
8
L9
10
-17.7162064438741
20
-56.27193495557566
0
VERTEX
8
L9
10
-17.702393833526116
20
-56.29768922641414
0
VERTEX
8
L9
10
-17.681459875305777
20
-56.318081383344584
0
VERTEX
8
L9
10
-17.655352341302915
20
-56.33121406545208
0
VERTEX
8
L9
10
-17.626500372033206
20
-56.33586535992852
0
VERTEX
8
L9
10
-17.597588460313986
20
-56.33160249331235
0
VERTEX
8
L9
10
-17.571306676227508
20
-56.31882209831538
0
VERTEX
8
L9
10
-17.550100373154947
20
-56.29871330966362
0
VERTEX
8
L9
10
-17.475037198368483
20
-56.30937584038695
0
VERTEX
8
L9
10
-17.39923460974839
20
-56.310837801037835
0
VERTEX
8
L9
10
-17.32381612491244
20
-56.30307752298229
0
VERTEX
8
L9
10
-17.249899568435723
20
-56.286210026159246
0
VERTEX
8
L9
10
-17.178580503872965
20
-56.26048531429802
0
VERTEX
8
L9
10
-17.11091599572518
20
-56.2262846694566
0
VERTEX
8
L9
10
-17.04790894202509
20
-56.18411500080147
0
VERTEX
8
L9
10
-16.990493209757446
20
-56.13460133138966
0
VERTEX
8
L9
10
-16.939519793432012
20
-56.078477534310665
0
VERTEX
8
L9
10
-16.895744201961065
20
-56.01657545549405
0
VERTEX
8
L9
10
-16.859815260788963
20
-55.949812584400135
0
VERTEX
8
L9
10
-16.83226549524406
20
-55.879178455334426
0
VERTEX
8
L9
10
-16.813503237647396
20
-55.805719980940204
0
VERTEX
8
L9
10
-16.80380657516386
20
-55.73052593525086
0
VERTEX
8
L9
10
-16.803319228098132
20
-55.65471081628843
0
VERTEX
8
L9
10
-16.812048419726167
20
-55.57939832739069
0
VERTEX
8
L9
10
-16.829864769234433
20
-55.50570472210062
0
VERTEX
8
L9
10
-16.856504209353986
20
-55.434722259473794
0
VERTEX
8
L9
10
-16.891571900266726
20
-55.367503015023274
0
VERTEX
8
L9
10
-16.934548081773542
20
-55.30504328724975
0
VERTEX
8
L9
10
-16.984795776985607
20
-55.24826883087784
0
VERTEX
8
L9
10
-17.04157023335752
20
-55.198021135665776
0
VERTEX
8
L9
10
-17.104029961131047
20
-55.155044954158946
0
VERTEX
8
L9
10
-17.17124920558156
20
-55.119977263246206
0
VERTEX
8
L9
10
-17.24223166820839
20
-55.09333782312666
0
VERTEX
8
L9
10
-17.315925273498465
20
-55.075521473618394
0
VERTEX
8
L9
10
-17.3912377623962
20
-55.06679228199037
0
VERTEX
8
L9
10
-17.467052881358626
20
-55.06727962905609
0
VERTEX
8
L9
10
-17.54224692704797
20
-55.07697629153962
0
VERTEX
8
L9
10
-17.6157054014422
20
-55.09573854913628
0
VERTEX
8
L9
10
-17.686339530507908
20
-55.12328831468119
0
VERTEX
8
L9
10
-17.753102401601822
20
-55.15921725585329
0
VERTEX
8
L9
10
-17.815004480418438
20
-55.20299284732424
0
VERTEX
8
L9
10
-17.871128277497434
20
-55.25396626364968
0
VERTEX
8
L9
10
-17.920641946909242
20
-55.31138199591731
0
VERTEX
8
L9
10
-17.962811615564362
20
-55.37438904961741
0
VERTEX
8
L9
10
-17.997012260405796
20
-55.442053557765185
0
VERTEX
8
L9
10
-18.022736972267012
20
-55.51337262232795
0
VERTEX
8
L9
10
-18.039604469090065
20
-55.58728917880466
0
VERTEX
8
L9
10
-18.047364747145608
20
-55.66270766364062
0
VERTEX
8
L9
10
-18.04590278649472
20
-55.7385102522607
0
VERTEX
8
L9
10
-18.035240255771384
20
-55.813573427047174
0
SEQEND
0
POLYLINE
8
L9
66
1
70
1
0
VERTEX
8
L9
10
-16.167664670658667
20
-56.69146706586827
0
VERTEX
8
L9
10
-16.17745413507518
20
-56.69210870126523
0
VERTEX
8
L9
10
-16.187076099041363
20
-56.69402262889658
0
VERTEX
8
L9
10
-16.196365928086053
20
-56.697176100929916
0
VERTEX
8
L9
10
-16.205164670658675
20
-56.701515160584435
0
VERTEX
8
L9
10
-16.213321777834324
20
-56.70696556534642
0
VERTEX
8
L9
10
-16.220697679247664
20
-56.71343405727927
0
VERTEX
8
L9
10
-16.227166171180514
20
-56.72080995869261
0
VERTEX
8
L9
10
-16.2326165759425
20
-56.72896706586826
0
VERTEX
8
L9
10
-16.236955635597013
20
-56.737765808440884
0
VERTEX
8
L9
10
-16.240109107630346
20
-56.74705563748557
0
VERTEX
8
L9
10
-16.24202303526171
20
-56.75667760145176
0
VERTEX
8
L9
10
-16.24266467065867
20
-56.76646706586826
0
VERTEX
8
L9
10
-16.24202303526171
20
-56.77625653028477
0
VERTEX
8
L9
10
-16.240109107630346
20
-56.78587849425095
0
VERTEX
8
L9
10
-16.236955635597013
20
-56.79516832329565
0
VERTEX
8
L9
10
-16.2326165759425
20
-56.803967065868264
0
VERTEX
8
L9
10
-16.227166171180514
20
-56.81212417304392
0
VERTEX
8
L9
10
-16.220697679247664
20
-56.81950007445725
0
VERTEX
8
L9
10
-16.213321777834324
20
-56.82596856639011
0
VERTEX
8
L9
10
-16.205164670658675
20
-56.8314189711521
0
VERTEX
8
L9
10
-16.196365928086053
20
-56.83575803080661
0
VERTEX
8
L9
10
-16.187076099041363
20
-56.83891150283994
0
VERTEX
8
L9
10
-16.17745413507518
20
-56.8408254304713
0
VERTEX
8
L9
10
-16.167664670658667
20
-56.841467065868265
0
VERTEX
8
L9
10
-16.157875206242167
20
-56.8408254304713
0
VERTEX
8
L9
10
-16.148253242275985
20
-56.83891150283994
0
VERTEX
8
L9
10
-16.138963413231295
20
-56.83575803080661
0
VERTEX
8
L9
10
-16.130164670658672
20
-56.8314189711521
0
VERTEX
8
L9
10
-16.122007563483024
20
-56.82596856639011
0
VERTEX
8
L9
10
-16.114631662069684
20
-56.81950007445725
0
VERTEX
8
L9
10
-16.108163170136834
20
-56.81212417304392
0
VERTEX
8
L9
10
-16.102712765374847
20
-56.803967065868264
0
VERTEX
8
L9
10
-16.09837370572032
20
-56.79516832329565
0
VERTEX
8
L9
10
-16.095220233686987
20
-56.78587849425095
0
VERTEX
8
L9
10
-16.093306306055638
20
-56.77625653028477
0
VERTEX
8
L9
10
-16.092664670658678
20
-56.76646706586826
0
VERTEX
8
L9
10
-16.093306306055638
20
-56.75667760145176
0
VERTEX
8
L9
10
-16.095220233686987
20
-56.74705563748557
0
VERTEX
8
L9
10
-16.09837370572032
20
-56.737765808440884
0
VERTEX
8
L9
10
-16.102712765374847
20
-56.72896706586826
0
VERTEX
8
L9
10
-16.108163170136834
20
-56.72080995869261
0
VERTEX
8
L9
10
-16.114631662069684
20
-56.71343405727927
0
VERTEX
8
L9
10
-16.122007563483024
20
-56.70696556534642
0
VERTEX
8
L9
10
-16.130164670658672
20
-56.701515160584435
0
VERTEX
8
L9
10
-16.138963413231295
20
-56.697176100929916
0
VERTEX
8
L9
10
-16.148253242275985
20
-56.69402262889658
0
VERTEX
8
L9
10
-16.157875206242167
20
-56.69210870126523
0
VERTEX
8
L9
10
-16.167664670658667
20
-56.69146706586827
0
SEQEND
0
POLYLINE
8
L9
66
1
70
1
0
VERTEX
8
L9
10
-20.29940119760478
20
-55.61362275449102
0
VERTEX
8
L9
10
-20.30919066202128
20
-55.614264389887985
0
VERTEX
8
L9
10
-20.318812625987462
20
-55.61617831751934
0
VERTEX
8
L9
10
-20.328102455032152
20
-55.619331789552675
0
VERTEX
8
L9
10
-20.336901197604774
20
-55.62367084920719
0
VERTEX
8
L9
10
-20.345058304780437
20
-55.629121253969174
0
VERTEX
8
L9
10
-20.352434206193763
20
-55.63558974590203
0
VERTEX
8
L9
10
-20.358902698126613
20
-55.642965647315364
0
VERTEX
8
L9
10
-20.364353102888614
20
-55.65112275449102
0
VERTEX
8
L9
10
-20.368692162543127
20
-55.659921497063635
0
VERTEX
8
L9
10
-20.37184563457646
20
-55.66921132610833
0
VERTEX
8
L9
10
-20.37375956220781
20
-55.678833290074515
0
VERTEX
8
L9
10
-20.374401197604783
20
-55.68862275449102
0
VERTEX
8
L9
10
-20.37375956220781
20
-55.69841221890752
0
VERTEX
8
L9
10
-20.37184563457646
20
-55.70803418287371
0
VERTEX
8
L9
10
-20.368692162543127
20
-55.7173240119184
0
VERTEX
8
L9
10
-20.364353102888614
20
-55.726122754491016
0
VERTEX
8
L9
10
-20.358902698126613
20
-55.73427986166667
0
VERTEX
8
L9
10
-20.352434206193763
20
-55.74165576308001
0
VERTEX
8
L9
10
-20.345058304780437
20
-55.74812425501286
0
VERTEX
8
L9
10
-20.336901197604774
20
-55.75357465977485
0
VERTEX
8
L9
10
-20.328102455032152
20
-55.75791371942937
0
VERTEX
8
L9
10
-20.318812625987462
20
-55.7610671914627
0
VERTEX
8
L9
10
-20.30919066202128
20
-55.76298111909406
0
VERTEX
8
L9
10
-20.29940119760478
20
-55.76362275449102
0
VERTEX
8
L9
10
-20.289611733188266
20
-55.76298111909406
0
VERTEX
8
L9
10
-20.279989769222084
20
-55.7610671914627
0
VERTEX
8
L9
10
-20.270699940177394
20
-55.75791371942937
0
VERTEX
8
L9
10
-20.26190119760477
20
-55.75357465977485
0
VERTEX
8
L9
10
-20.253744090429123
20
-55.74812425501286
0
VERTEX
8
L9
10
-20.246368189015783
20
-55.74165576308001
0
VERTEX
8
L9
10
-20.239899697082933
20
-55.73427986166667
0
VERTEX
8
L9
10
-20.234449292320946
20
-55.726122754491016
0
VERTEX
8
L9
10
-20.230110232666433
20
-55.7173240119184
0
VERTEX
8
L9
10
-20.2269567606331
20
-55.70803418287371
0
VERTEX
8
L9
10
-20.225042833001737
20
-55.69841221890752
0
VERTEX
8
L9
10
-20.224401197604777
20
-55.68862275449102
0
VERTEX
8
L9
10
-20.225042833001737
20
-55.678833290074515
0
VERTEX
8
L9
10
-20.2269567606331
20
-55.66921132610833
0
VERTEX
8
L9
10
-20.230110232666433
20
-55.659921497063635
0
VERTEX
8
L9
10
-20.234449292320946
20
-55.65112275449102
0
VERTEX
8
L9
10
-20.239899697082933
20
-55.642965647315364
0
VERTEX
8
L9
10
-20.246368189015783
20
-55.63558974590203
0
VERTEX
8
L9
10
-20.253744090429123
20
-55.629121253969174
0
VERTEX
8
L9
10
-20.26190119760477
20
-55.62367084920719
0
VERTEX
8
L9
10
-20.270699940177394
20
-55.619331789552675
0
VERTEX
8
L9
10
-20.279989769222084
20
-55.61617831751934
0
VERTEX
8
L9
10
-20.289611733188266
20
-55.614264389887985
0
VERTEX
8
L9
10
-20.29940119760478
20
-55.61362275449102
0
SEQEND
0
POLYLINE
8
L9
66
1
70
1
0
VERTEX
8
L9
10
-16.167664670658667
20
-55.73338323353293
0
VERTEX
8
L9
10
-16.17745413507518
20
-55.7340248689299
0
VERTEX
8
L9
10
-16.187076099041363
20
-55.73593879656126
0
VERTEX
8
L9
10
-16.196365928086053
20
-55.73909226859459
0
VERTEX
8
L9
10
-16.205164670658675
20
-55.7434313282491
0
VERTEX
8
L9
10
-16.213321777834324
20
-55.74888173301109
0
VERTEX
8
L9
10
-16.220697679247664
20
-55.755350224943946
0
VERTEX
8
L9
10
-16.227166171180514
20
-55.76272612635728
0
VERTEX
8
L9
10
-16.2326165759425
20
-55.770883233532935
0
VERTEX
8
L9
10
-16.236955635597013
20
-55.77968197610555
0
VERTEX
8
L9
10
-16.240109107630346
20
-55.78897180515025
0
VERTEX
8
L9
10
-16.24202303526171
20
-55.79859376911643
0
VERTEX
8
L9
10
-16.24266467065867
20
-55.808383233532936
0
VERTEX
8
L9
10
-16.24202303526171
20
-55.818172697949436
0
VERTEX
8
L9
10
-16.240109107630346
20
-55.827794661915625
0
VERTEX
8
L9
10
-16.236955635597013
20
-55.837084490960315
0
VERTEX
8
L9
10
-16.2326165759425
20
-55.84588323353294
0
VERTEX
8
L9
10
-16.227166171180514
20
-55.854040340708586
0
VERTEX
8
L9
10
-16.220697679247664
20
-55.861416242121926
0
VERTEX
8
L9
10
-16.213321777834324
20
-55.867884734054776
0
VERTEX
8
L9
10
-16.205164670658675
20
-55.87333513881677
0
VERTEX
8
L9
10
-16.196365928086053
20
-55.87767419847128
0
VERTEX
8
L9
10
-16.187076099041363
20
-55.880827670504615
0
VERTEX
8
L9
10
-16.17745413507518
20
-55.88274159813597
0
VERTEX
8
L9
10
-16.167664670658667
20
-55.88338323353293
0
VERTEX
8
L9
10
-16.157875206242167
20
-55.88274159813597
0
VERTEX
8
L9
10
-16.148253242275985
20
-55.880827670504615
0
VERTEX
8
L9
10
-16.138963413231295
20
-55.87767419847128
0
VERTEX
8
L9
10
-16.130164670658672
20
-55.87333513881677
0
VERTEX
8
L9
10
-16.122007563483024
20
-55.867884734054776
0
VERTEX
8
L9
10
-16.114631662069684
20
-55.861416242121926
0
VERTEX
8
L9
10
-16.108163170136834
20
-55.854040340708586
0
VERTEX
8
L9
10
-16.102712765374847
20
-55.84588323353294
0
VERTEX
8
L9
10
-16.09837370572032
20
-55.837084490960315
0
VERTEX
8
L9
10
-16.095220233686987
20
-55.827794661915625
0
VERTEX
8
L9
10
-16.093306306055638
20
-55.818172697949436
0
VERTEX
8
L9
10
-16.092664670658678
20
-55.808383233532936
0
VERTEX
8
L9
10
-16.093306306055638
20
-55.79859376911643
0
VERTEX
8
L9
10
-16.095220233686987
20
-55.78897180515025
0
VERTEX
8
L9
10
-16.09837370572032
20
-55.77968197610555
0
VERTEX
8
L9
10
-16.102712765374847
20
-55.770883233532935
0
VERTEX
8
L9
10
-16.108163170136834
20
-55.76272612635728
0
VERTEX
8
L9
10
-16.114631662069684
20
-55.755350224943946
0
VERTEX
8
L9
10
-16.122007563483024
20
-55.74888173301109
0
VERTEX
8
L9
10
-16.130164670658672
20
-55.7434313282491
0
VERTEX
8
L9
10
-16.138963413231295
20
-55.73909226859459
0
VERTEX
8
L9
10
-16.148253242275985
20
-55.73593879656126
0
VERTEX
8
L9
10
-16.157875206242167
20
-55.7340248689299
0
VERTEX
8
L9
10
-16.167664670658667
20
-55.73338323353293
0
SEQEND
0
POLYLINE
8
L9
66
1
70
1
0
VERTEX
8
L9
10
-19.83236833817226
20
-55.783608813748685
0
VERTEX
8
L9
10
-19.84215780258876
20
-55.78425044914565
0
VERTEX
8
L9
10
-19.851779766554955
20
-55.78616437677701
0
VERTEX
8
L9
10
-19.861069595599645
20
-55.78931784881034
0
VERTEX
8
L9
10
-19.869868338172253
20
-55.793656908464854
0
VERTEX
8
L9
10
-19.878025445347916
20
-55.79910731322684
0
VERTEX
8
L9
10
-19.885401346761256
20
-55.8055758051597
0
VERTEX
8
L9
10
-19.891869838694106
20
-55.81295170657303
0
VERTEX
8
L9
10
-19.897320243456093
20
-55.82110881374869
0
VERTEX
8
L9
10
-19.901659303110605
20
-55.8299075563213
0
VERTEX
8
L9
10
-19.904812775143938
20
-55.839197385366
0
VERTEX
8
L9
10
-19.906726702775302
20
-55.84881934933218
0
VERTEX
8
L9
10
-19.90736833817226
20
-55.85860881374869
0
VERTEX
8
L9
10
-19.906726702775302
20
-55.86839827816519
0
VERTEX
8
L9
10
-19.904812775143938
20
-55.87802024213138
0
VERTEX
8
L9
10
-19.901659303110605
20
-55.88731007117607
0
VERTEX
8
L9
10
-19.897320243456093
20
-55.89610881374869
0
VERTEX
8
L9
10
-19.891869838694106
20
-55.90426592092434
0
VERTEX
8
L9
10
-19.885401346761256
20
-55.91164182233768
0
VERTEX
8
L9
10
-19.878025445347916
20
-55.91811031427053
0
VERTEX
8
L9
10
-19.869868338172253
20
-55.92356071903252
0
VERTEX
8
L9
10
-19.861069595599645
20
-55.927899778687035
0
VERTEX
8
L9
10
-19.851779766554955
20
-55.93105325072037
0
VERTEX
8
L9
10
-19.84215780258876
20
-55.932967178351724
0
VERTEX
8
L9
10
-19.83236833817226
20
-55.933608813748684
0
VERTEX
8
L9
10
-19.82257887375576
20
-55.932967178351724
0
VERTEX
8
L9
10
-19.812956909789577
20
-55.93105325072037
0
VERTEX
8
L9
10
-19.803667080744873
20
-55.927899778687035
0
VERTEX
8
L9
10
-19.794868338172265
20
-55.92356071903252
0
VERTEX
8
L9
10
-19.786711230996602
20
-55.91811031427053
0
VERTEX
8
L9
10
-19.779335329583276
20
-55.91164182233768
0
VERTEX
8
L9
10
-19.77286683765041
20
-55.90426592092434
0
VERTEX
8
L9
10
-19.767416432888425
20
-55.89610881374869
0
VERTEX
8
L9
10
-19.763077373233912
20
-55.88731007117607
0
VERTEX
8
L9
10
-19.75992390120058
20
-55.87802024213138
0
VERTEX
8
L9
10
-19.75800997356923
20
-55.86839827816519
0
VERTEX
8
L9
10
-19.757368338172256
20
-55.85860881374869
0
VERTEX
8
L9
10
-19.75800997356923
20
-55.84881934933218
0
VERTEX
8
L9
10
-19.75992390120058
20
-55.839197385366
0
VERTEX
8
L9
10
-19.763077373233912
20
-55.8299075563213
0
VERTEX
8
L9
10
-19.767416432888425
20
-55.82110881374869
0
VERTEX
8
L9
10
-19.77286683765041
20
-55.81295170657303
0
VERTEX
8
L9
10
-19.779335329583276
20
-55.8055758051597
0
VERTEX
8
L9
10
-19.786711230996602
20
-55.79910731322684
0
VERTEX
8
L9
10
-19.794868338172265
20
-55.793656908464854
0
VERTEX
8
L9
10
-19.803667080744873
20
-55.78931784881034
0
VERTEX
8
L9
10
-19.812956909789577
20
-55.78616437677701
0
VERTEX
8
L9
10
-19.82257887375576
20
-55.78425044914565
0
VERTEX
8
L9
10
-19.83236833817226
20
-55.783608813748685
0
SEQEND
0
POLYLINE
8
L9
66
1
70
1
0
VERTEX
8
L9
10
-16.167664670658667
20
-54.77529940119761
0
VERTEX
8
L9
10
-16.17745413507518
20
-54.775941036594574
0
VERTEX
8
L9
10
-16.187076099041363
20
-54.777854964225924
0
VERTEX
8
L9
10
-16.196365928086053
20
-54.78100843625926
0
VERTEX
8
L9
10
-16.205164670658675
20
-54.785347495913776
0
VERTEX
8
L9
10
-16.213321777834324
20
-54.79079790067576
0
VERTEX
8
L9
10
-16.220697679247664
20
-54.79726639260861
0
VERTEX
8
L9
10
-16.227166171180514
20
-54.80464229402195
0
VERTEX
8
L9
10
-16.2326165759425
20
-54.81279940119761
0
VERTEX
8
L9
10
-16.236955635597013
20
-54.821598143770224
0
VERTEX
8
L9
10
-16.240109107630346
20
-54.83088797281492
0
VERTEX
8
L9
10
-16.24202303526171
20
-54.8405099367811
0
VERTEX
8
L9
10
-16.24266467065867
20
-54.8502994011976
0
VERTEX
8
L9
10
-16.24202303526171
20
-54.86008886561411
0
VERTEX
8
L9
10
-16.240109107630346
20
-54.86971082958029
0
VERTEX
8
L9
10
-16.236955635597013
20
-54.87900065862499
0
VERTEX
8
L9
10
-16.2326165759425
20
-54.887799401197604
0
VERTEX
8
L9
10
-16.227166171180514
20
-54.89595650837326
0
VERTEX
8
L9
10
-16.220697679247664
20
-54.9033324097866
0
VERTEX
8
L9
10
-16.213321777834324
20
-54.90980090171945
0
VERTEX
8
L9
10
-16.205164670658675
20
-54.91525130648144
0
VERTEX
8
L9
10
-16.196365928086053
20
-54.91959036613595
0
VERTEX
8
L9
10
-16.187076099041363
20
-54.92274383816929
0
VERTEX
8
L9
10
-16.17745413507518
20
-54.92465776580064
0
VERTEX
8
L9
10
-16.167664670658667
20
-54.925299401197606
0
VERTEX
8
L9
10
-16.157875206242167
20
-54.92465776580064
0
VERTEX
8
L9
10
-16.148253242275985
20
-54.92274383816929
0
VERTEX
8
L9
10
-16.138963413231295
20
-54.91959036613595
0
VERTEX
8
L9
10
-16.130164670658672
20
-54.91525130648144
0
VERTEX
8
L9
10
-16.122007563483024
20
-54.90980090171945
0
VERTEX
8
L9
10
-16.114631662069684
20
-54.9033324097866
0
VERTEX
8
L9
10
-16.108163170136834
20
-54.89595650837326
0
VERTEX
8
L9
10
-16.102712765374847
20
-54.887799401197604
0
VERTEX
8
L9
10
-16.09837370572032
20
-54.87900065862499
0
VERTEX
8
L9
10
-16.095220233686987
20
-54.86971082958029
0
VERTEX
8
L9
10
-16.093306306055638
20
-54.86008886561411
0
VERTEX
8
L9
10
-16.092664670658678
20
-54.8502994011976
0
VERTEX
8
L9
10
-16.093306306055638
20
-54.8405099367811
0
VERTEX
8
L9
10
-16.095220233686987
20
-54.83088797281492
0
VERTEX
8
L9
10
-16.09837370572032
20
-54.821598143770224
0
VERTEX
8
L9
10
-16.102712765374847
20
-54.81279940119761
0
VERTEX
8
L9
10
-16.108163170136834
20
-54.80464229402195
0
VERTEX
8
L9
10
-16.114631662069684
20
-54.79726639260861
0
VERTEX
8
L9
10
-16.122007563483024
20
-54.79079790067576
0
VERTEX
8
L9
10
-16.130164670658672
20
-54.785347495913776
0
VERTEX
8
L9
10
-16.138963413231295
20
-54.78100843625926
0
VERTEX
8
L9
10
-16.148253242275985
20
-54.777854964225924
0
VERTEX
8
L9
10
-16.157875206242167
20
-54.775941036594574
0
VERTEX
8
L9
10
-16.167664670658667
20
-54.77529940119761
0
SEQEND
0
POLYLINE
8
L9
66
1
70
1
0
VERTEX
8
L9
10
-17.425149700598794
20
-55.61362275449102
0
VERTEX
8
L9
10
-17.434939165015294
20
-55.614264389887985
0
VERTEX
8
L9
10
-17.444561128981476
20
-55.61617831751934
0
VERTEX
8
L9
10
-17.453850958026166
20
-55.619331789552675
0
VERTEX
8
L9
10
-17.46264970059879
20
-55.62367084920719
0
VERTEX
8
L9
10
-17.47080680777445
20
-55.629121253969174
0
VERTEX
8
L9
10
-17.478182709187777
20
-55.63558974590203
0
VERTEX
8
L9
10
-17.484651201120627
20
-55.642965647315364
0
VERTEX
8
L9
10
-17.49010160588263
20
-55.65112275449102
0
VERTEX
8
L9
10
-17.49444066553714
20
-55.659921497063635
0
VERTEX
8
L9
10
-17.497594137570474
20
-55.66921132610833
0
VERTEX
8
L9
10
-17.499508065201823
20
-55.678833290074515
0
VERTEX
8
L9
10
-17.500149700598797
20
-55.68862275449102
0
VERTEX
8
L9
10
-17.499508065201823
20
-55.69841221890752
0
VERTEX
8
L9
10
-17.497594137570474
20
-55.70803418287371
0
VERTEX
8
L9
10
-17.49444066553714
20
-55.7173240119184
0
VERTEX
8
L9
10
-17.49010160588263
20
-55.726122754491016
0
VERTEX
8
L9
10
-17.484651201120627
20
-55.73427986166667
0
VERTEX
8
L9
10
-17.478182709187777
20
-55.74165576308001
0
VERTEX
8
L9
10
-17.47080680777445
20
-55.74812425501286
0
VERTEX
8
L9
10
-17.46264970059879
20
-55.75357465977485
0
VERTEX
8
L9
10
-17.453850958026166
20
-55.75791371942937
0
VERTEX
8
L9
10
-17.444561128981476
20
-55.7610671914627
0
VERTEX
8
L9
10
-17.434939165015294
20
-55.76298111909406
0
VERTEX
8
L9
10
-17.425149700598794
20
-55.76362275449102
0
VERTEX
8
L9
10
-17.41536023618228
20
-55.76298111909406
0
VERTEX
8
L9
10
-17.405738272216098
20
-55.7610671914627
0
VERTEX
8
L9
10
-17.39644844317141
20
-55.75791371942937
0
VERTEX
8
L9
10
-17.387649700598786
20
-55.75357465977485
0
VERTEX
8
L9
10
-17.379492593423137
20
-55.74812425501286
0
VERTEX
8
L9
10
-17.372116692009797
20
-55.74165576308001
0
VERTEX
8
L9
10
-17.365648200076947
20
-55.73427986166667
0
VERTEX
8
L9
10
-17.36019779531496
20
-55.726122754491016
0
VERTEX
8
L9
10
-17.355858735660448
20
-55.7173240119184
0
VERTEX
8
L9
10
-17.352705263627115
20
-55.70803418287371
0
VERTEX
8
L9
10
-17.35079133599575
20
-55.69841221890752
0
VERTEX
8
L9
10
-17.35014970059879
20
-55.68862275449102
0
VERTEX
8
L9
10
-17.35079133599575
20
-55.678833290074515
0
VERTEX
8
L9
10
-17.352705263627115
20
-55.66921132610833
0
VERTEX
8
L9
10
-17.355858735660448
20
-55.659921497063635
0
VERTEX
8
L9
10
-17.36019779531496
20
-55.65112275449102
0
VERTEX
8
L9
10
-17.365648200076947
20
-55.642965647315364
0
VERTEX
8
L9
10
-17.372116692009797
20
-55.63558974590203
0
VERTEX
8
L9
10
-17.379492593423137
20
-55.629121253969174
0
VERTEX
8
L9
10
-17.387649700598786
20
-55.62367084920719
0
VERTEX
8
L9
10
-17.39644844317141
20
-55.619331789552675
0
VERTEX
8
L9
10
-17.405738272216098
20
-55.61617831751934
0
VERTEX
8
L9
10
-17.41536023618228
20
-55.614264389887985
0
VERTEX
8
L9
10
-17.425149700598794
20
-55.61362275449102
0
SEQEND
0
POLYLINE
8
L9
66
1
70
1
0
VERTEX
8
L9
10
-16.167664670658667
20
-53.81721556886228
0
VERTEX
8
L9
10
-16.17745413507518
20
-53.81785720425924
0
VERTEX
8
L9
10
-16.187076099041363
20
-53.8197711318906
0
VERTEX
8
L9
10
-16.196365928086053
20
-53.82292460392393
0
VERTEX
8
L9
10
-16.205164670658675
20
-53.82726366357844
0
VERTEX
8
L9
10
-16.213321777834324
20
-53.83271406834044
0
VERTEX
8
L9
10
-16.220697679247664
20
-53.83918256027329
0
VERTEX
8
L9
10
-16.227166171180514
20
-53.84655846168663
0
VERTEX
8
L9
10
-16.2326165759425
20
-53.854715568862275
0
VERTEX
8
L9
10
-16.236955635597013
20
-53.8635143114349
0
VERTEX
8
L9
10
-16.240109107630346
20
-53.87280414047959
0
VERTEX
8
L9
10
-16.24202303526171
20
-53.88242610444578
0
VERTEX
8
L9
10
-16.24266467065867
20
-53.89221556886228
0
VERTEX
8
L9
10
-16.24202303526171
20
-53.90200503327878
0
VERTEX
8
L9
10
-16.240109107630346
20
-53.911626997244966
0
VERTEX
8
L9
10
-16.236955635597013
20
-53.92091682628966
0
VERTEX
8
L9
10
-16.2326165759425
20
-53.92971556886228
0
VERTEX
8
L9
10
-16.227166171180514
20
-53.937872676037934
0
VERTEX
8
L9
10
-16.220697679247664
20
-53.94524857745127
0
VERTEX
8
L9
10
-16.213321777834324
20
-53.95171706938412
0
VERTEX
8
L9
10
-16.205164670658675
20
-53.95716747414611
0
VERTEX
8
L9
10
-16.196365928086053
20
-53.96150653380062
0
VERTEX
8
L9
10
-16.187076099041363
20
-53.964660005833956
0
VERTEX
8
L9
10
-16.17745413507518
20
-53.96657393346531
0
VERTEX
8
L9
10
-16.167664670658667
20
-53.96721556886228
0
VERTEX
8
L9
10
-16.157875206242167
20
-53.96657393346531
0
VERTEX
8
L9
10
-16.148253242275985
20
-53.964660005833956
0
VERTEX
8
L9
10
-16.138963413231295
20
-53.96150653380062
0
VERTEX
8
L9
10
-16.130164670658672
20
-53.95716747414611
0
VERTEX
8
L9
10
-16.122007563483024
20
-53.95171706938412
0
VERTEX
8
L9
10
-16.114631662069684
20
-53.94524857745127
0
VERTEX
8
L9
10
-16.108163170136834
20
-53.937872676037934
0
VERTEX
8
L9
10
-16.102712765374847
20
-53.92971556886228
0
VERTEX
8
L9
10
-16.09837370572032
20
-53.92091682628966
0
VERTEX
8
L9
10
-16.095220233686987
20
-53.911626997244966
0
VERTEX
8
L9
10
-16.093306306055638
20
-53.90200503327878
0
VERTEX
8
L9
10
-16.092664670658678
20
-53.89221556886228
0
VERTEX
8
L9
10
-16.093306306055638
20
-53.88242610444578
0
VERTEX
8
L9
10
-16.095220233686987
20
-53.87280414047959
0
VERTEX
8
L9
10
-16.09837370572032
20
-53.8635143114349
0
VERTEX
8
L9
10
-16.102712765374847
20
-53.854715568862275
0
VERTEX
8
L9
10
-16.108163170136834
20
-53.84655846168663
0
VERTEX
8
L9
10
-16.114631662069684
20
-53.83918256027329
0
VERTEX
8
L9
10
-16.122007563483024
20
-53.83271406834044
0
VERTEX
8
L9
10
-16.130164670658672
20
-53.82726366357844
0
VERTEX
8
L9
10
-16.138963413231295
20
-53.82292460392393
0
VERTEX
8
L9
10
-16.148253242275985
20
-53.8197711318906
0
VERTEX
8
L9
10
-16.157875206242167
20
-53.81785720425924
0
VERTEX
8
L9
10
-16.167664670658667
20
-53.81721556886228
0
SEQEND
0
POLYLINE
8
L9
66
1
70
1
0
VERTEX
8
L9
10
-16.167664670658667
20
-53.338173652694614
0
VERTEX
8
L9
10
-16.17745413507518
20
-53.338815288091574
0
VERTEX
8
L9
10
-16.187076099041363
20
-53.34072921572293
0
VERTEX
8
L9
10
-16.196365928086053
20
-53.34388268775626
0
VERTEX
8
L9
10
-16.205164670658675
20
-53.34822174741078
0
VERTEX
8
L9
10
-16.213321777834324
20
-53.35367215217277
0
VERTEX
8
L9
10
-16.220697679247664
20
-53.36014064410562
0
VERTEX
8
L9
10
-16.227166171180514
20
-53.36751654551896
0
VERTEX
8
L9
10
-16.2326165759425
20
-53.375673652694616
0
VERTEX
8
L9
10
-16.236955635597013
20
-53.38447239526723
0
VERTEX
8
L9
10
-16.240109107630346
20
-53.39376222431192
0
VERTEX
8
L9
10
-16.24202303526171
20
-53.40338418827811
0
VERTEX
8
L9
10
-16.24266467065867
20
-53.41317365269461
0
VERTEX
8
L9
10
-16.24202303526171
20
-53.42296311711112
0
VERTEX
8
L9
10
-16.240109107630346
20
-53.4325850810773
0
VERTEX
8
L9
10
-16.236955635597013
20
-53.441874910121996
0
VERTEX
8
L9
10
-16.2326165759425
20
-53.45067365269461
0
VERTEX
8
L9
10
-16.227166171180514
20
-53.45883075987027
0
VERTEX
8
L9
10
-16.220697679247664
20
-53.46620666128361
0
VERTEX
8
L9
10
-16.213321777834324
20
-53.47267515321646
0
VERTEX
8
L9
10
-16.205164670658675
20
-53.478125557978444
0
VERTEX
8
L9
10
-16.196365928086053
20
-53.48246461763296
0
VERTEX
8
L9
10
-16.187076099041363
20
-53.485618089666296
0
VERTEX
8
L9
10
-16.17745413507518
20
-53.487532017297646
0
VERTEX
8
L9
10
-16.167664670658667
20
-53.48817365269461
0
VERTEX
8
L9
10
-16.157875206242167
20
-53.487532017297646
0
VERTEX
8
L9
10
-16.148253242275985
20
-53.485618089666296
0
VERTEX
8
L9
10
-16.138963413231295
20
-53.48246461763296
0
VERTEX
8
L9
10
-16.130164670658672
20
-53.478125557978444
0
VERTEX
8
L9
10
-16.122007563483024
20
-53.47267515321646
0
VERTEX
8
L9
10
-16.114631662069684
20
-53.46620666128361
0
VERTEX
8
L9
10
-16.108163170136834
20
-53.45883075987027
0
VERTEX
8
L9
10
-16.102712765374847
20
-53.45067365269461
0
VERTEX
8
L9
10
-16.09837370572032
20
-53.441874910121996
0
VERTEX
8
L9
10
-16.095220233686987
20
-53.4325850810773
0
VERTEX
8
L9
10
-16.093306306055638
20
-53.42296311711112
0
VERTEX
8
L9
10
-16.092664670658678
20
-53.41317365269461
0
VERTEX
8
L9
10
-16.093306306055638
20
-53.40338418827811
0
VERTEX
8
L9
10
-16.095220233686987
20
-53.39376222431192
0
VERTEX
8
L9
10
-16.09837370572032
20
-53.38447239526723
0
VERTEX
8
L9
10
-16.102712765374847
20
-53.375673652694616
0
VERTEX
8
L9
10
-16.108163170136834
20
-53.36751654551896
0
VERTEX
8
L9
10
-16.114631662069684
20
-53.36014064410562
0
VERTEX
8
L9
10
-16.122007563483024
20
-53.35367215217277
0
VERTEX
8
L9
10
-16.130164670658672
20
-53.34822174741078
0
VERTEX
8
L9
10
-16.138963413231295
20
-53.34388268775626
0
VERTEX
8
L9
10
-16.148253242275985
20
-53.34072921572293
0
VERTEX
8
L9
10
-16.157875206242167
20
-53.338815288091574
0
VERTEX
8
L9
10
-16.167664670658667
20
-53.338173652694614
0
SEQEND
0
POLYLINE
8
L9
66
1
70
1
0
VERTEX
8
L9
10
-12.035928143712567
20
-55.61362275449102
0
VERTEX
8
L9
10
-12.045717608129067
20
-55.614264389887985
0
VERTEX
8
L9
10
-12.055339572095264
20
-55.61617831751934
0
VERTEX
8
L9
10
-12.064629401139953
20
-55.619331789552675
0
VERTEX
8
L9
10
-12.073428143712562
20
-55.62367084920719
0
VERTEX
8
L9
10
-12.081585250888224
20
-55.629121253969174
0
VERTEX
8
L9
10
-12.088961152301565
20
-55.63558974590203
0
VERTEX
8
L9
10
-12.095429644234414
20
-55.642965647315364
0
VERTEX
8
L9
10
-12.100880048996402
20
-55.65112275449102
0
VERTEX
8
L9
10
-12.105219108650914
20
-55.659921497063635
0
VERTEX
8
L9
10
-12.108372580684247
20
-55.66921132610833
0
VERTEX
8
L9
10
-12.11028650831561
20
-55.678833290074515
0
VERTEX
8
L9
10
-12.11092814371257
20
-55.68862275449102
0
VERTEX
8
L9
10
-12.11028650831561
20
-55.69841221890752
0
VERTEX
8
L9
10
-12.108372580684247
20
-55.70803418287371
0
VERTEX
8
L9
10
-12.105219108650914
20
-55.7173240119184
0
VERTEX
8
L9
10
-12.100880048996402
20
-55.726122754491016
0
VERTEX
8
L9
10
-12.095429644234414
20
-55.73427986166667
0
VERTEX
8
L9
10
-12.088961152301565
20
-55.74165576308001
0
VERTEX
8
L9
10
-12.081585250888224
20
-55.74812425501286
0
VERTEX
8
L9
10
-12.073428143712562
20
-55.75357465977485
0
VERTEX
8
L9
10
-12.064629401139953
20
-55.75791371942937
0
VERTEX
8
L9
10
-12.055339572095264
20
-55.7610671914627
0
VERTEX
8
L9
10
-12.045717608129067
20
-55.76298111909406
0
VERTEX
8
L9
10
-12.035928143712567
20
-55.76362275449102
0
VERTEX
8
L9
10
-12.026138679296068
20
-55.76298111909406
0
VERTEX
8
L9
10
-12.016516715329885
20
-55.7610671914627
0
VERTEX
8
L9
10
-12.007226886285181
20
-55.75791371942937
0
VERTEX
8
L9
10
-11.998428143712573
20
-55.75357465977485
0
VERTEX
8
L9
10
-11.99027103653691
20
-55.74812425501286
0
VERTEX
8
L9
10
-11.98289513512357
20
-55.74165576308001
0
VERTEX
8
L9
10
-11.97642664319072
20
-55.73427986166667
0
VERTEX
8
L9
10
-11.970976238428733
20
-55.726122754491016
0
VERTEX
8
L9
10
-11.96663717877422
20
-55.7173240119184
0
VERTEX
8
L9
10
-11.963483706740888
20
-55.70803418287371
0
VERTEX
8
L9
10
-11.961569779109539
20
-55.69841221890752
0
VERTEX
8
L9
10
-11.960928143712565
20
-55.68862275449102
0
VERTEX
8
L9
10
-11.961569779109539
20
-55.678833290074515
0
VERTEX
8
L9
10
-11.963483706740888
20
-55.66921132610833
0
VERTEX
8
L9
10
-11.96663717877422
20
-55.659921497063635
0
VERTEX
8
L9
10
-11.970976238428733
20
-55.65112275449102
0
VERTEX
8
L9
10
-11.97642664319072
20
-55.642965647315364
0
VERTEX
8
L9
10
-11.98289513512357
20
-55.63558974590203
0
VERTEX
8
L9
10
-11.99027103653691
20
-55.629121253969174
0
VERTEX
8
L9
10
-11.998428143712573
20
-55.62367084920719
0
VERTEX
8
L9
10
-12.007226886285181
20
-55.619331789552675
0
VERTEX
8
L9
10
-12.016516715329885
20
-55.61617831751934
0
VERTEX
8
L9
10
-12.026138679296068
20
-55.614264389887985
0
VERTEX
8
L9
10
-12.035928143712567
20
-55.61362275449102
0
SEQEND
0
POLYLINE
8
L9
66
1
70
1
0
VERTEX
8
L9
10
-16.167664670658667
20
-54.29625748502994
0
VERTEX
8
L9
10
-16.17745413507518
20
-54.29689912042691
0
VERTEX
8
L9
10
-16.187076099041363
20
-54.298813048058264
0
VERTEX
8
L9
10
-16.196365928086053
20
-54.3019665200916
0
VERTEX
8
L9
10
-16.205164670658675
20
-54.30630557974611
0
VERTEX
8
L9
10
-16.213321777834324
20
-54.311755984508096
0
VERTEX
8
L9
10
-16.220697679247664
20
-54.31822447644095
0
VERTEX
8
L9
10
-16.227166171180514
20
-54.325600377854286
0
VERTEX
8
L9
10
-16.2326165759425
20
-54.33375748502994
0
VERTEX
8
L9
10
-16.236955635597013
20
-54.34255622760256
0
VERTEX
8
L9
10
-16.240109107630346
20
-54.351846056647254
0
VERTEX
8
L9
10
-16.24202303526171
20
-54.36146802061344
0
VERTEX
8
L9
10
-16.24266467065867
20
-54.37125748502994
0
VERTEX
8
L9
10
-16.24202303526171
20
-54.38104694944644
0
VERTEX
8
L9
10
-16.240109107630346
20
-54.39066891341263
0
VERTEX
8
L9
10
-16.236955635597013
20
-54.39995874245732
0
VERTEX
8
L9
10
-16.2326165759425
20
-54.408757485029945
0
VERTEX
8
L9
10
-16.227166171180514
20
-54.41691459220559
0
VERTEX
8
L9
10
-16.220697679247664
20
-54.42429049361893
0
VERTEX
8
L9
10
-16.213321777834324
20
-54.43075898555178
0
VERTEX
8
L9
10
-16.205164670658675
20
-54.43620939031378
0
VERTEX
8
L9
10
-16.196365928086053
20
-54.44054844996829
0
VERTEX
8
L9
10
-16.187076099041363
20
-54.44370192200162
0
VERTEX
8
L9
10
-16.17745413507518
20
-54.44561584963298
0
VERTEX
8
L9
10
-16.167664670658667
20
-54.44625748502994
0
VERTEX
8
L9
10
-16.157875206242167
20
-54.44561584963298
0
VERTEX
8
L9
10
-16.148253242275985
20
-54.44370192200162
0
VERTEX
8
L9
10
-16.138963413231295
20
-54.44054844996829
0
VERTEX
8
L9
10
-16.130164670658672
20
-54.43620939031378
0
VERTEX
8
L9
10
-16.122007563483024
20
-54.43075898555178
0
VERTEX
8
L9
10
-16.114631662069684
20
-54.42429049361893
0
VERTEX
8
L9
10
-16.108163170136834
20
-54.41691459220559
0
VERTEX
8
L9
10
-16.102712765374847
20
-54.408757485029945
0
VERTEX
8
L9
10
-16.09837370572032
20
-54.39995874245732
0
VERTEX
8
L9
10
-16.095220233686987
20
-54.39066891341263
0
VERTEX
8
L9
10
-16.093306306055638
20
-54.38104694944644
0
VERTEX
8
L9
10
-16.092664670658678
20
-54.37125748502994
0
VERTEX
8
L9
10
-16.093306306055638
20
-54.36146802061344
0
VERTEX
8
L9
10
-16.095220233686987
20
-54.351846056647254
0
VERTEX
8
L9
10
-16.09837370572032
20
-54.34255622760256
0
VERTEX
8
L9
10
-16.102712765374847
20
-54.33375748502994
0
VERTEX
8
L9
10
-16.108163170136834
20
-54.325600377854286
0
VERTEX
8
L9
10
-16.114631662069684
20
-54.31822447644095
0
VERTEX
8
L9
10
-16.122007563483024
20
-54.311755984508096
0
VERTEX
8
L9
10
-16.130164670658672
20
-54.30630557974611
0
VERTEX
8
L9
10
-16.138963413231295
20
-54.3019665200916
0
VERTEX
8
L9
10
-16.148253242275985
20
-54.298813048058264
0
VERTEX
8
L9
10
-16.157875206242167
20
-54.29689912042691
0
VERTEX
8
L9
10
-16.167664670658667
20
-54.29625748502994
0
SEQEND
0
POLYLINE
8
L9
66
1
70
1
0
VERTEX
8
L9
10
-12.502961003145089
20
-55.783608813748685
0
VERTEX
8
L9
10
-12.512750467561588
20
-55.78425044914565
0
VERTEX
8
L9
10
-12.52237243152777
20
-55.78616437677701
0
VERTEX
8
L9
10
-12.53166226057246
20
-55.78931784881034
0
VERTEX
8
L9
10
-12.540461003145083
20
-55.793656908464854
0
VERTEX
8
L9
10
-12.548618110320731
20
-55.79910731322684
0
VERTEX
8
L9
10
-12.555994011734072
20
-55.8055758051597
0
VERTEX
8
L9
10
-12.562462503666922
20
-55.81295170657303
0
VERTEX
8
L9
10
-12.567912908428923
20
-55.82110881374869
0
VERTEX
8
L9
10
-12.572251968083435
20
-55.8299075563213
0
VERTEX
8
L9
10
-12.575405440116768
20
-55.839197385366
0
VERTEX
8
L9
10
-12.577319367748117
20
-55.84881934933218
0
VERTEX
8
L9
10
-12.577961003145091
20
-55.85860881374869
0
VERTEX
8
L9
10
-12.577319367748117
20
-55.86839827816519
0
VERTEX
8
L9
10
-12.575405440116768
20
-55.87802024213138
0
VERTEX
8
L9
10
-12.572251968083435
20
-55.88731007117607
0
VERTEX
8
L9
10
-12.567912908428923
20
-55.89610881374869
0
VERTEX
8
L9
10
-12.562462503666922
20
-55.90426592092434
0
VERTEX
8
L9
10
-12.555994011734072
20
-55.91164182233768
0
VERTEX
8
L9
10
-12.548618110320731
20
-55.91811031427053
0
VERTEX
8
L9
10
-12.540461003145083
20
-55.92356071903252
0
VERTEX
8
L9
10
-12.53166226057246
20
-55.927899778687035
0
VERTEX
8
L9
10
-12.52237243152777
20
-55.93105325072037
0
VERTEX
8
L9
10
-12.512750467561588
20
-55.932967178351724
0
VERTEX
8
L9
10
-12.502961003145089
20
-55.933608813748684
0
VERTEX
8
L9
10
-12.493171538728575
20
-55.932967178351724
0
VERTEX
8
L9
10
-12.483549574762392
20
-55.93105325072037
0
VERTEX
8
L9
10
-12.474259745717703
20
-55.927899778687035
0
VERTEX
8
L9
10
-12.46546100314508
20
-55.92356071903252
0
VERTEX
8
L9
10
-12.457303895969432
20
-55.91811031427053
0
VERTEX
8
L9
10
-12.449927994556091
20
-55.91164182233768
0
VERTEX
8
L9
10
-12.443459502623242
20
-55.90426592092434
0
VERTEX
8
L9
10
-12.438009097861254
20
-55.89610881374869
0
VERTEX
8
L9
10
-12.433670038206742
20
-55.88731007117607
0
VERTEX
8
L9
10
-12.43051656617341
20
-55.87802024213138
0
VERTEX
8
L9
10
-12.428602638542046
20
-55.86839827816519
0
VERTEX
8
L9
10
-12.427961003145086
20
-55.85860881374869
0
VERTEX
8
L9
10
-12.428602638542046
20
-55.84881934933218
0
VERTEX
8
L9
10
-12.43051656617341
20
-55.839197385366
0
VERTEX
8
L9
10
-12.433670038206742
20
-55.8299075563213
0
VERTEX
8
L9
10
-12.438009097861254
20
-55.82110881374869
0
VERTEX
8
L9
10
-12.443459502623242
20
-55.81295170657303
0
VERTEX
8
L9
10
-12.449927994556091
20
-55.8055758051597
0
VERTEX
8
L9
10
-12.457303895969432
20
-55.79910731322684
0
VERTEX
8
L9
10
-12.46546100314508
20
-55.793656908464854
0
VERTEX
8
L9
10
-12.474259745717703
20
-55.78931784881034
0
VERTEX
8
L9
10
-12.483549574762392
20
-55.78616437677701
0
VERTEX
8
L9
10
-12.493171538728575
20
-55.78425044914565
0
VERTEX
8
L9
10
-12.502961003145089
20
-55.783608813748685
0
SEQEND
0
POLYLINE
8
L9
66
1
70
1
0
VERTEX
8
L9
10
-16.167664670658667
20
-55.254341317365274
0
VERTEX
8
L9
10
-16.17745413507518
20
-55.254982952762234
0
VERTEX
8
L9
10
-16.187076099041363
20
-55.25689688039359
0
VERTEX
8
L9
10
-16.196365928086053
20
-55.26005035242692
0
VERTEX
8
L9
10
-16.205164670658675
20
-55.264389412081435
0
VERTEX
8
L9
10
-16.213321777834324
20
-55.26983981684343
0
VERTEX
8
L9
10
-16.220697679247664
20
-55.27630830877628
0
VERTEX
8
L9
10
-16.227166171180514
20
-55.28368421018962
0
VERTEX
8
L9
10
-16.2326165759425
20
-55.29184131736527
0
VERTEX
8
L9
10
-16.236955635597013
20
-55.30064005993789
0
VERTEX
8
L9
10
-16.240109107630346
20
-55.30992988898258
0
VERTEX
8
L9
10
-16.24202303526171
20
-55.31955185294877
0
VERTEX
8
L9
10
-16.24266467065867
20
-55.32934131736527
0
VERTEX
8
L9
10
-16.24202303526171
20
-55.339130781781776
0
VERTEX
8
L9
10
-16.240109107630346
20
-55.34875274574796
0
VERTEX
8
L9
10
-16.236955635597013
20
-55.358042574792655
0
VERTEX
8
L9
10
-16.2326165759425
20
-55.36684131736527
0
VERTEX
8
L9
10
-16.227166171180514
20
-55.37499842454093
0
VERTEX
8
L9
10
-16.220697679247664
20
-55.38237432595426
0
VERTEX
8
L9
10
-16.213321777834324
20
-55.38884281788712
0
VERTEX
8
L9
10
-16.205164670658675
20
-55.394293222649104
0
VERTEX
8
L9
10
-16.196365928086053
20
-55.398632282303616
0
VERTEX
8
L9
10
-16.187076099041363
20
-55.40178575433695
0
VERTEX
8
L9
10
-16.17745413507518
20
-55.403699681968305
0
VERTEX
8
L9
10
-16.167664670658667
20
-55.40434131736527
0
VERTEX
8
L9
10
-16.157875206242167
20
-55.403699681968305
0
VERTEX
8
L9
10
-16.148253242275985
20
-55.40178575433695
0
VERTEX
8
L9
10
-16.138963413231295
20
-55.398632282303616
0
VERTEX
8
L9
10
-16.130164670658672
20
-55.394293222649104
0
VERTEX
8
L9
10
-16.122007563483024
20
-55.38884281788712
0
VERTEX
8
L9
10
-16.114631662069684
20
-55.38237432595426
0
VERTEX
8
L9
10
-16.108163170136834
20
-55.37499842454093
0
VERTEX
8
L9
10
-16.102712765374847
20
-55.36684131736527
0
VERTEX
8
L9
10
-16.09837370572032
20
-55.358042574792655
0
VERTEX
8
L9
10
-16.095220233686987
20
-55.34875274574796
0
VERTEX
8
L9
10
-16.093306306055638
20
-55.339130781781776
0
VERTEX
8
L9
10
-16.092664670658678
20
-55.32934131736527
0
VERTEX
8
L9
10
-16.093306306055638
20
-55.31955185294877
0
VERTEX
8
L9
10
-16.095220233686987
20
-55.30992988898258
0
VERTEX
8
L9
10
-16.09837370572032
20
-55.30064005993789
0
VERTEX
8
L9
10
-16.102712765374847
20
-55.29184131736527
0
VERTEX
8
L9
10
-16.108163170136834
20
-55.28368421018962
0
VERTEX
8
L9
10
-16.114631662069684
20
-55.27630830877628
0
VERTEX
8
L9
10
-16.122007563483024
20
-55.26983981684343
0
VERTEX
8
L9
10
-16.130164670658672
20
-55.264389412081435
0
VERTEX
8
L9
10
-16.138963413231295
20
-55.26005035242692
0
VERTEX
8
L9
10
-16.148253242275985
20
-55.25689688039359
0
VERTEX
8
L9
10
-16.157875206242167
20
-55.254982952762234
0
VERTEX
8
L9
10
-16.167664670658667
20
-55.254341317365274
0
SEQEND
0
POLYLINE
8
L9
66
1
70
1
0
VERTEX
8
L9
10
-14.910179640718553
20
-55.61362275449102
0
VERTEX
8
L9
10
-14.919969105135053
20
-55.614264389887985
0
VERTEX
8
L9
10
-14.92959106910125
20
-55.61617831751934
0
VERTEX
8
L9
10
-14.93888089814594
20
-55.619331789552675
0
VERTEX
8
L9
10
-14.947679640718547
20
-55.62367084920719
0
VERTEX
8
L9
10
-14.95583674789421
20
-55.629121253969174
0
VERTEX
8
L9
10
-14.96321264930755
20
-55.63558974590203
0
VERTEX
8
L9
10
-14.9696811412404
20
-55.642965647315364
0
VERTEX
8
L9
10
-14.975131546002387
20
-55.65112275449102
0
VERTEX
8
L9
10
-14.9794706056569
20
-55.659921497063635
0
VERTEX
8
L9
10
-14.982624077690232
20
-55.66921132610833
0
VERTEX
8
L9
10
-14.984538005321596
20
-55.678833290074515
0
VERTEX
8
L9
10
-14.985179640718556
20
-55.68862275449102
0
VERTEX
8
L9
10
-14.984538005321596
20
-55.69841221890752
0
VERTEX
8
L9
10
-14.982624077690232
20
-55.70803418287371
0
VERTEX
8
L9
10
-14.9794706056569
20
-55.7173240119184
0
VERTEX
8
L9
10
-14.975131546002387
20
-55.726122754491016
0
VERTEX
8
L9
10
-14.9696811412404
20
-55.73427986166667
0
VERTEX
8
L9
10
-14.96321264930755
20
-55.74165576308001
0
VERTEX
8
L9
10
-14.95583674789421
20
-55.74812425501286
0
VERTEX
8
L9
10
-14.947679640718547
20
-55.75357465977485
0
VERTEX
8
L9
10
-14.93888089814594
20
-55.75791371942937
0
VERTEX
8
L9
10
-14.92959106910125
20
-55.7610671914627
0
VERTEX
8
L9
10
-14.919969105135053
20
-55.76298111909406
0
VERTEX
8
L9
10
-14.910179640718553
20
-55.76362275449102
0
VERTEX
8
L9
10
-14.900390176302054
20
-55.76298111909406
0
VERTEX
8
L9
10
-14.890768212335871
20
-55.7610671914627
0
VERTEX
8
L9
10
-14.881478383291167
20
-55.75791371942937
0
VERTEX
8
L9
10
-14.872679640718559
20
-55.75357465977485
0
VERTEX
8
L9
10
-14.864522533542896
20
-55.74812425501286
0
VERTEX
8
L9
10
-14.857146632129556
20
-55.74165576308001
0
VERTEX
8
L9
10
-14.850678140196706
20
-55.73427986166667
0
VERTEX
8
L9
10
-14.845227735434719
20
-55.726122754491016
0
VERTEX
8
L9
10
-14.840888675780207
20
-55.7173240119184
0
VERTEX
8
L9
10
-14.837735203746874
20
-55.70803418287371
0
VERTEX
8
L9
10
-14.835821276115524
20
-55.69841221890752
0
VERTEX
8
L9
10
-14.83517964071855
20
-55.68862275449102
0
VERTEX
8
L9
10
-14.835821276115524
20
-55.678833290074515
0
VERTEX
8
L9
10
-14.837735203746874
20
-55.66921132610833
0
VERTEX
8
L9
10
-14.840888675780207
20
-55.659921497063635
0
VERTEX
8
L9
10
-14.845227735434719
20
-55.65112275449102
0
VERTEX
8
L9
10
-14.850678140196706
20
-55.642965647315364
0
VERTEX
8
L9
10
-14.857146632129556
20
-55.63558974590203
0
VERTEX
8
L9
10
-14.864522533542896
20
-55.629121253969174
0
VERTEX
8
L9
10
-14.872679640718559
20
-55.62367084920719
0
VERTEX
8
L9
10
-14.881478383291167
20
-55.619331789552675
0
VERTEX
8
L9
10
-14.890768212335871
20
-55.61617831751934
0
VERTEX
8
L9
10
-14.900390176302054
20
-55.614264389887985
0
VERTEX
8
L9
10
-14.910179640718553
20
-55.61362275449102
0
SEQEND
0
POLYLINE
8
L9
66
1
70
1
0
VERTEX
8
L9
10
-16.167664670658667
20
-56.2124251497006
0
VERTEX
8
L9
10
-16.17745413507518
20
-56.21306678509757
0
VERTEX
8
L9
10
-16.187076099041363
20
-56.21498071272892
0
VERTEX
8
L9
10
-16.196365928086053
20
-56.218134184762256
0
VERTEX
8
L9
10
-16.205164670658675
20
-56.22247324441677
0
VERTEX
8
L9
10
-16.213321777834324
20
-56.227923649178756
0
VERTEX
8
L9
10
-16.220697679247664
20
-56.234392141111606
0
VERTEX
8
L9
10
-16.227166171180514
20
-56.241768042524946
0
VERTEX
8
L9
10
-16.2326165759425
20
-56.2499251497006
0
VERTEX
8
L9
10
-16.236955635597013
20
-56.25872389227322
0
VERTEX
8
L9
10
-16.240109107630346
20
-56.268013721317914
0
VERTEX
8
L9
10
-16.24202303526171
20
-56.277635685284096
0
VERTEX
8
L9
10
-16.24266467065867
20
-56.2874251497006
0
VERTEX
8
L9
10
-16.24202303526171
20
-56.2972146141171
0
VERTEX
8
L9
10
-16.240109107630346
20
-56.30683657808329
0
VERTEX
8
L9
10
-16.236955635597013
20
-56.31612640712798
0
VERTEX
8
L9
10
-16.2326165759425
20
-56.3249251497006
0
VERTEX
8
L9
10
-16.227166171180514
20
-56.33308225687625
0
VERTEX
8
L9
10
-16.220697679247664
20
-56.34045815828959
0
VERTEX
8
L9
10
-16.213321777834324
20
-56.34692665022244
0
VERTEX
8
L9
10
-16.205164670658675
20
-56.35237705498443
0
VERTEX
8
L9
10
-16.196365928086053
20
-56.35671611463895
0
VERTEX
8
L9
10
-16.187076099041363
20
-56.35986958667228
0
VERTEX
8
L9
10
-16.17745413507518
20
-56.36178351430364
0
VERTEX
8
L9
10
-16.167664670658667
20
-56.3624251497006
0
VERTEX
8
L9
10
-16.157875206242167
20
-56.36178351430364
0
VERTEX
8
L9
10
-16.148253242275985
20
-56.35986958667228
0
VERTEX
8
L9
10
-16.138963413231295
20
-56.35671611463895
0
VERTEX
8
L9
10
-16.130164670658672
20
-56.35237705498443
0
VERTEX
8
L9
10
-16.122007563483024
20
-56.34692665022244
0
VERTEX
8
L9
10
-16.114631662069684
20
-56.34045815828959
0
VERTEX
8
L9
10
-16.108163170136834
20
-56.33308225687625
0
VERTEX
8
L9
10
-16.102712765374847
20
-56.3249251497006
0
VERTEX
8
L9
10
-16.09837370572032
20
-56.31612640712798
0
VERTEX
8
L9
10
-16.095220233686987
20
-56.30683657808329
0
VERTEX
8
L9
10
-16.093306306055638
20
-56.2972146141171
0
VERTEX
8
L9
10
-16.092664670658678
20
-56.2874251497006
0
VERTEX
8
L9
10
-16.093306306055638
20
-56.277635685284096
0
VERTEX
8
L9
10
-16.095220233686987
20
-56.268013721317914
0
VERTEX
8
L9
10
-16.09837370572032
20
-56.25872389227322
0
VERTEX
8
L9
10
-16.102712765374847
20
-56.2499251497006
0
VERTEX
8
L9
10
-16.108163170136834
20
-56.241768042524946
0
VERTEX
8
L9
10
-16.114631662069684
20
-56.234392141111606
0
VERTEX
8
L9
10
-16.122007563483024
20
-56.227923649178756
0
VERTEX
8
L9
10
-16.130164670658672
20
-56.22247324441677
0
VERTEX
8
L9
10
-16.138963413231295
20
-56.218134184762256
0
VERTEX
8
L9
10
-16.148253242275985
20
-56.21498071272892
0
VERTEX
8
L9
10
-16.157875206242167
20
-56.21306678509757
0
VERTEX
8
L9
10
-16.167664670658667
20
-56.2124251497006
0
SEQEND
0
POLYLINE
8
L9
66
1
70
1
0
VERTEX
8
L9
10
-4.006785854389946
20
-56.29871330966362
0
VERTEX
8
L9
10
-3.985579551317386
20
-56.31882209831538
0
VERTEX
8
L9
10
-3.9592977672308933
20
-56.33160249331235
0
VERTEX
8
L9
10
-3.9303858555116875
20
-56.33586535992852
0
VERTEX
8
L9
10
-3.901533886241978
20
-56.33121406545208
0
VERTEX
8
L9
10
-3.875426352239117
20
-56.318081383344584
0
VERTEX
8
L9
10
-3.854492394018777
20
-56.29768922641415
0
VERTEX
8
L9
10
-3.8406797836707938
20
-56.27193495557567
0
VERTEX
8
L9
10
-3.8352736970153103
20
-56.24321484244705
0
VERTEX
8
L9
10
-3.838777136140692
20
-56.21420111146771
0
VERTEX
8
L9
10
-3.8508641282483325
20
-56.18759330635649
0
VERTEX
8
L9
10
-3.8704100553548813
20
-56.165867114683934
0
VERTEX
8
L9
10
-3.8955962928653776
20
-56.15104402083983
0
VERTEX
8
L9
10
-3.924079421061748
20
-56.14450321972706
0
VERTEX
8
L9
10
-3.953209265449999
20
-56.14685329142013
0
VERTEX
8
L9
10
-3.9802754786947787
20
-56.15787557664758
0
VERTEX
8
L9
10
-4.002759721255046
20
-56.17654452165093
0
VERTEX
8
L9
10
-4.018569976911991
20
-56.20112309945985
0
VERTEX
8
L9
10
-4.026235201614696
20
-56.229324429238844
0
VERTEX
8
L9
10
-4.097610553379852
20
-56.23846295732267
0
VERTEX
8
L9
10
-4.169568143064751
20
-56.23822042510439
0
VERTEX
8
L9
10
-4.240880271267756
20
-56.22860097053055
0
VERTEX
8
L9
10
-4.310330251083272
20
-56.209768715254995
0
VERTEX
8
L9
10
-4.376733166520651
20
-56.18204496448867
0
VERTEX
8
L9
10
-4.438956088865837
20
-56.1459027250732
0
VERTEX
8
L9
10
-4.495937406065522
20
-56.10195863530761
0
VERTEX
8
L9
10
-4.5467049353473925
20
-56.05096244421696
0
VERTEX
8
L9
10
-4.590392510048574
20
-55.9937842197616
0
VERTEX
8
L9
10
-4.626254757657918
20
-55.931399504233326
0
VERTEX
8
L9
10
-4.6536798169371
20
-55.86487267010849
0
VERTEX
8
L9
10
-4.67219977714845
20
-55.79533876033126
0
VERTEX
8
L9
10
-4.681498661281523
20
-55.72398412285745
0
VERTEX
8
L9
10
-4.681417817072713
20
-55.65202616986161
0
VERTEX
8
L9
10
-4.671958623839842
20
-55.580692606943984
0
VERTEX
8
L9
10
-4.653282468949044
20
-55.51120048671706
0
VERTEX
8
L9
10
-4.625707994315448
20
-55.44473544414715
0
VERTEX
8
L9
10
-4.5897056599163335
20
-55.3824314679261
0
VERTEX
8
L9
10
-4.545889717071049
20
-55.32535155300222
0
VERTEX
8
L9
10
-4.495007728434899
20
-55.274469564366065
0
VERTEX
8
L9
10
-4.437927813511024
20
-55.23065362152078
0
VERTEX
8
L9
10
-4.3756238372899645
20
-55.19465128712167
0
VERTEX
8
L9
10
-4.309158794720062
20
-55.16707681248808
0
VERTEX
8
L9
10
-4.239666674493137
20
-55.148400657597286
0
VERTEX
8
L9
10
-4.168333111575507
20
-55.138941464364414
0
VERTEX
8
L9
10
-4.0963751585796615
20
-55.13886062015559
0
VERTEX
8
L9
10
-4.0250205211058585
20
-55.148159504288664
0
VERTEX
8
L9
10
-3.955486611328624
20
-55.16667946450003
0
VERTEX
8
L9
10
-3.8889597772037945
20
-55.194104523779195
0
VERTEX
8
L9
10
-3.8265750616755128
20
-55.22996677138854
0
VERTEX
8
L9
10
-3.7693968372201567
20
-55.27365434608973
0
VERTEX
8
L9
10
-3.71840064612951
20
-55.32442187537159
0
VERTEX
8
L9
10
-3.6744565563639213
20
-55.38140319257129
0
VERTEX
8
L9
10
-3.6383143169484526
20
-55.44362611491646
0
VERTEX
8
L9
10
-3.6105905661821254
20
-55.510029030353856
0
VERTEX
8
L9
10
-3.5917583109065703
20
-55.579479010169365
0
VERTEX
8
L9
10
-3.582138856332733
20
-55.65079113837236
0
VERTEX
8
L9
10
-3.581896324114453
20
-55.72274872805727
0
VERTEX
8
L9
10
-3.591034852198277
20
-55.794124079822424
0
VERTEX
8
L9
10
-3.6192361819772714
20
-55.80178930452514
0
VERTEX
8
L9
10
-3.6438147597861814
20
-55.81759956018208
0
VERTEX
8
L9
10
-3.662483704789537
20
-55.84008380274234
0
VERTEX
8
L9
10
-3.6735059900169915
20
-55.867150015987114
0
VERTEX
8
L9
10
-3.67585606171005
20
-55.89627986037538
0
VERTEX
8
L9
10
-3.669315260597287
20
-55.924762988571736
0
VERTEX
8
L9
10
-3.6544921667531867
20
-55.94994922608224
0
VERTEX
8
L9
10
-3.6327659750806305
20
-55.96949515318878
0
VERTEX
8
L9
10
-3.6061581699694045
20
-55.98158214529643
0
VERTEX
8
L9
10
-3.577144438990061
20
-55.98508558442181
0
VERTEX
8
L9
10
-3.548424325861447
20
-55.97967949776632
0
VERTEX
8
L9
10
-3.522670055022971
20
-55.96586688741834
0
VERTEX
8
L9
10
-3.5022778980925295
20
-55.944932929197996
0
VERTEX
8
L9
10
-3.489145215985033
20
-55.91882539519514
0
VERTEX
8
L9
10
-3.4844939215086015
20
-55.88997342592543
0
VERTEX
8
L9
10
-3.4887567881247605
20
-55.86106151420622
0
VERTEX
8
L9
10
-3.501537183121741
20
-55.83477973011974
0
VERTEX
8
L9
10
-3.521645971773509
20
-55.813573427047174
0
VERTEX
8
L9
10
-3.510983441050172
20
-55.7385102522607
0
VERTEX
8
L9
10
-3.509521480399286
20
-55.66270766364062
0
VERTEX
8
L9
10
-3.5172817584548284
20
-55.58728917880467
0
VERTEX
8
L9
10
-3.5341492552778817
20
-55.51337262232795
0
VERTEX
8
L9
10
-3.5598739671390973
20
-55.442053557765185
0
VERTEX
8
L9
10
-3.594074611980531
20
-55.37438904961741
0
VERTEX
8
L9
10
-3.636244280635651
20
-55.31138199591731
0
VERTEX
8
L9
10
-3.68575795004746
20
-55.25396626364968
0
VERTEX
8
L9
10
-3.741881747126456
20
-55.20299284732424
0
VERTEX
8
L9
10
-3.8037838259430714
20
-55.15921725585329
0
VERTEX
8
L9
10
-3.8705466970369855
20
-55.12328831468119
0
VERTEX
8
L9
10
-3.941180826102695
20
-55.09573854913628
0
VERTEX
8
L9
10
-4.014639300496924
20
-55.07697629153962
0
VERTEX
8
L9
10
-4.0898333461862535
20
-55.06727962905609
0
VERTEX
8
L9
10
-4.165648465148692
20
-55.06679228199037
0
VERTEX
8
L9
10
-4.240960954046429
20
-55.0755214736184
0
VERTEX
8
L9
10
-4.314654559336503
20
-55.09333782312666
0
VERTEX
8
L9
10
-4.385637021963319
20
-55.119977263246206
0
VERTEX
8
L9
10
-4.452856266413846
20
-55.155044954158946
0
VERTEX
8
L9
10
-4.515315994187361
20
-55.198021135665776
0
VERTEX
8
L9
10
-4.572090450559273
20
-55.24826883087784
0
VERTEX
8
L9
10
-4.622338145771337
20
-55.30504328724975
0
VERTEX
8
L9
10
-4.665314327278168
20
-55.367503015023274
0
VERTEX
8
L9
10
-4.700382018190908
20
-55.434722259473794
0
VERTEX
8
L9
10
-4.72702145831046
20
-55.50570472210061
0
VERTEX
8
L9
10
-4.744837807818726
20
-55.57939832739069
0
VERTEX
8
L9
10
-4.753566999446747
20
-55.65471081628843
0
VERTEX
8
L9
10
-4.753079652381032
20
-55.73052593525086
0
VERTEX
8
L9
10
-4.743382989897498
20
-55.805719980940204
0
VERTEX
8
L9
10
-4.724620732300835
20
-55.879178455334426
0
VERTEX
8
L9
10
-4.6970709667559305
20
-55.949812584400135
0
VERTEX
8
L9
10
-4.661142025583828
20
-56.01657545549405
0
VERTEX
8
L9
10
-4.617366434112881
20
-56.078477534310665
0
VERTEX
8
L9
10
-4.5663930177874335
20
-56.13460133138966
0
VERTEX
8
L9
10
-4.508977285519805
20
-56.18411500080147
0
VERTEX
8
L9
10
-4.4459702318197145
20
-56.2262846694566
0
VERTEX
8
L9
10
-4.378305723671929
20
-56.26048531429802
0
VERTEX
8
L9
10
-4.306986659109171
20
-56.28621002615924
0
VERTEX
8
L9
10
-4.233070102632453
20
-56.30307752298229
0
VERTEX
8
L9
10
-4.157651617796503
20
-56.310837801037835
0
VERTEX
8
L9
10
-4.081849029176411
20
-56.30937584038695
0
VERTEX
8
L9
10
-4.006785854389946
20
-56.29871330966362
0
SEQEND
0
POLYLINE
8
L9
66
1
70
1
0
VERTEX
8
L9
10
-7.256797141998931
20
-55.813573427047174
0
VERTEX
8
L9
10
-7.276905930650699
20
-55.83477973011974
0
VERTEX
8
L9
10
-7.289686325647679
20
-55.86106151420622
0
VERTEX
8
L9
10
-7.293949192263838
20
-55.88997342592543
0
VERTEX
8
L9
10
-7.2892978977874066
20
-55.91882539519514
0
VERTEX
8
L9
10
-7.27616521567991
20
-55.944932929198
0
VERTEX
8
L9
10
-7.255773058749469
20
-55.96586688741835
0
VERTEX
8
L9
10
-7.2300187879109785
20
-55.97967949776632
0
VERTEX
8
L9
10
-7.201298674782379
20
-55.98508558442181
0
VERTEX
8
L9
10
-7.172284943803035
20
-55.98158214529643
0
VERTEX
8
L9
10
-7.145677138691809
20
-55.96949515318878
0
VERTEX
8
L9
10
-7.123950947019253
20
-55.949949226082246
0
VERTEX
8
L9
10
-7.1091278531751385
20
-55.924762988571736
0
VERTEX
8
L9
10
-7.1025870520623755
20
-55.89627986037538
0
VERTEX
8
L9
10
-7.104937123755448
20
-55.867150015987114
0
VERTEX
8
L9
10
-7.115959408982889
20
-55.84008380274234
0
VERTEX
8
L9
10
-7.134628353986244
20
-55.81759956018208
0
VERTEX
8
L9
10
-7.159206931795168
20
-55.80178930452514
0
VERTEX
8
L9
10
-7.187408261574163
20
-55.794124079822424
0
VERTEX
8
L9
10
-7.196546789657987
20
-55.72274872805727
0
VERTEX
8
L9
10
-7.1963042574397065
20
-55.65079113837236
0
VERTEX
8
L9
10
-7.186684802865869
20
-55.579479010169365
0
VERTEX
8
L9
10
-7.167852547590314
20
-55.510029030353856
0
VERTEX
8
L9
10
-7.140128796823987
20
-55.44362611491646
0
VERTEX
8
L9
10
-7.103986557408518
20
-55.38140319257129
0
VERTEX
8
L9
10
-7.06004246764293
20
-55.32442187537159
0
VERTEX
8
L9
10
-7.009046276552283
20
-55.27365434608973
0
VERTEX
8
L9
10
-6.951868052096927
20
-55.22996677138855
0
VERTEX
8
L9
10
-6.889483336568645
20
-55.194104523779195
0
VERTEX
8
L9
10
-6.822956502443816
20
-55.16667946450003
0
VERTEX
8
L9
10
-6.753422592666581
20
-55.148159504288664
0
VERTEX
8
L9
10
-6.682067955192778
20
-55.1388606201556
0
VERTEX
8
L9
10
-6.610110002196919
20
-55.138941464364414
0
VERTEX
8
L9
10
-6.538776439279303
20
-55.148400657597286
0
VERTEX
8
L9
10
-6.469284319052377
20
-55.16707681248808
0
VERTEX
8
L9
10
-6.402819276482475
20
-55.19465128712167
0
VERTEX
8
L9
10
-6.340515300261416
20
-55.23065362152079
0
VERTEX
8
L9
10
-6.28343538533754
20
-55.27446956436607
0
VERTEX
8
L9
10
-6.232553396701391
20
-55.32535155300222
0
VERTEX
8
L9
10
-6.188737453856106
20
-55.382431467926104
0
VERTEX
8
L9
10
-6.152735119456992
20
-55.44473544414715
0
VERTEX
8
L9
10
-6.125160644823396
20
-55.51120048671706
0
VERTEX
8
L9
10
-6.106484489932598
20
-55.58069260694399
0
VERTEX
8
L9
10
-6.0970252966997265
20
-55.65202616986161
0
VERTEX
8
L9
10
-6.096944452490916
20
-55.72398412285745
0
VERTEX
8
L9
10
-6.106243336623976
20
-55.79533876033126
0
VERTEX
8
L9
10
-6.12476329683534
20
-55.8648726701085
0
VERTEX
8
L9
10
-6.152188356114507
20
-55.931399504233326
0
VERTEX
8
L9
10
-6.188050603723866
20
-55.99378421976161
0
VERTEX
8
L9
10
-6.231738178425047
20
-56.05096244421696
0
VERTEX
8
L9
10
-6.282505707706903
20
-56.10195863530761
0
VERTEX
8
L9
10
-6.339487024906603
20
-56.1459027250732
0
VERTEX
8
L9
10
-6.401709947251774
20
-56.18204496448867
0
VERTEX
8
L9
10
-6.468112862689168
20
-56.209768715254995
0
VERTEX
8
L9
10
-6.537562842504684
20
-56.22860097053056
0
VERTEX
8
L9
10
-6.608874970707674
20
-56.23822042510439
0
VERTEX
8
L9
10
-6.680832560392588
20
-56.23846295732267
0
VERTEX
8
L9
10
-6.752207912157743
20
-56.229324429238844
0
VERTEX
8
L9
10
-6.759873136860449
20
-56.20112309945985
0
VERTEX
8
L9
10
-6.775683392517394
20
-56.17654452165093
0
VERTEX
8
L9
10
-6.798167635077661
20
-56.15787557664758
0
VERTEX
8
L9
10
-6.825233848322426
20
-56.14685329142013
0
VERTEX
8
L9
10
-6.854363692710692
20
-56.14450321972706
0
VERTEX
8
L9
10
-6.882846820907048
20
-56.15104402083982
0
VERTEX
8
L9
10
-6.908033058417558
20
-56.165867114683934
0
VERTEX
8
L9
10
-6.927578985524107
20
-56.18759330635649
0
VERTEX
8
L9
10
-6.939665977631748
20
-56.21420111146771
0
VERTEX
8
L9
10
-6.943169416757129
20
-56.24321484244705
0
VERTEX
8
L9
10
-6.937763330101646
20
-56.27193495557566
0
VERTEX
8
L9
10
-6.9239507197536625
20
-56.29768922641414
0
VERTEX
8
L9
10
-6.903016761533323
20
-56.318081383344584
0
VERTEX
8
L9
10
-6.8769092275304615
20
-56.33121406545208
0
VERTEX
8
L9
10
-6.848057258260752
20
-56.33586535992852
0
VERTEX
8
L9
10
-6.819145346541532
20
-56.33160249331235
0
VERTEX
8
L9
10
-6.792863562455054
20
-56.31882209831538
0
VERTEX
8
L9
10
-6.7716572593824935
20
-56.29871330966362
0
VERTEX
8
L9
10
-6.696594084596029
20
-56.30937584038695
0
VERTEX
8
L9
10
-6.620791495975936
20
-56.310837801037835
0
VERTEX
8
L9
10
-6.545373011139986
20
-56.30307752298229
0
VERTEX
8
L9
10
-6.471456454663269
20
-56.286210026159246
0
VERTEX
8
L9
10
-6.400137390100511
20
-56.26048531429802
0
VERTEX
8
L9
10
-6.332472881952725
20
-56.2262846694566
0
VERTEX
8
L9
10
-6.269465828252635
20
-56.18411500080147
0
VERTEX
8
L9
10
-6.212050095984992
20
-56.13460133138966
0
VERTEX
8
L9
10
-6.161076679659558
20
-56.078477534310665
0
VERTEX
8
L9
10
-6.117301088188611
20
-56.01657545549405
0
VERTEX
8
L9
10
-6.081372147016509
20
-55.949812584400135
0
VERTEX
8
L9
10
-6.053822381471605
20
-55.879178455334426
0
VERTEX
8
L9
10
-6.035060123874942
20
-55.805719980940204
0
VERTEX
8
L9
10
-6.025363461391407
20
-55.73052593525086
0
VERTEX
8
L9
10
-6.024876114325679
20
-55.65471081628843
0
VERTEX
8
L9
10
-6.033605305953714
20
-55.57939832739069
0
VERTEX
8
L9
10
-6.051421655461979
20
-55.50570472210062
0
VERTEX
8
L9
10
-6.078061095581532
20
-55.434722259473794
0
VERTEX
8
L9
10
-6.113128786494272
20
-55.367503015023274
0
VERTEX
8
L9
10
-6.156104968001088
20
-55.30504328724975
0
VERTEX
8
L9
10
-6.206352663213153
20
-55.24826883087784
0
VERTEX
8
L9
10
-6.263127119585064
20
-55.198021135665776
0
VERTEX
8
L9
10
-6.3255868473585934
20
-55.155044954158946
0
VERTEX
8
L9
10
-6.392806091809106
20
-55.119977263246206
0
VERTEX
8
L9
10
-6.463788554435936
20
-55.09333782312666
0
VERTEX
8
L9
10
-6.537482159726011
20
-55.075521473618394
0
VERTEX
8
L9
10
-6.612794648623748
20
-55.06679228199037
0
VERTEX
8
L9
10
-6.688609767586172
20
-55.06727962905609
0
VERTEX
8
L9
10
-6.763803813275516
20
-55.07697629153962
0
VERTEX
8
L9
10
-6.837262287669745
20
-55.09573854913628
0
VERTEX
8
L9
10
-6.907896416735454
20
-55.12328831468119
0
VERTEX
8
L9
10
-6.974659287829368
20
-55.15921725585329
0
VERTEX
8
L9
10
-7.036561366645984
20
-55.20299284732424
0
VERTEX
8
L9
10
-7.09268516372498
20
-55.25396626364968
0
VERTEX
8
L9
10
-7.1421988331367885
20
-55.31138199591731
0
VERTEX
8
L9
10
-7.184368501791909
20
-55.37438904961741
0
VERTEX
8
L9
10
-7.218569146633342
20
-55.442053557765185
0
VERTEX
8
L9
10
-7.244293858494558
20
-55.51337262232795
0
VERTEX
8
L9
10
-7.261161355317611
20
-55.58728917880466
0
VERTEX
8
L9
10
-7.268921633373154
20
-55.66270766364062
0
VERTEX
8
L9
10
-7.267459672722268
20
-55.7385102522607
0
VERTEX
8
L9
10
-7.256797141998931
20
-55.813573427047174
0
SEQEND
0
POLYLINE
8
L9
66
1
70
1
0
VERTEX
8
L9
10
-5.389221556886213
20
-56.69146706586827
0
VERTEX
8
L9
10
-5.3990110213027265
20
-56.69210870126523
0
VERTEX
8
L9
10
-5.408632985268909
20
-56.69402262889658
0
VERTEX
8
L9
10
-5.417922814313599
20
-56.697176100929916
0
VERTEX
8
L9
10
-5.426721556886221
20
-56.701515160584435
0
VERTEX
8
L9
10
-5.43487866406187
20
-56.70696556534642
0
VERTEX
8
L9
10
-5.44225456547521
20
-56.71343405727927
0
VERTEX
8
L9
10
-5.44872305740806
20
-56.72080995869261
0
VERTEX
8
L9
10
-5.454173462170047
20
-56.72896706586826
0
VERTEX
8
L9
10
-5.458512521824559
20
-56.737765808440884
0
VERTEX
8
L9
10
-5.461665993857892
20
-56.74705563748557
0
VERTEX
8
L9
10
-5.463579921489256
20
-56.75667760145176
0
VERTEX
8
L9
10
-5.464221556886216
20
-56.76646706586826
0
VERTEX
8
L9
10
-5.463579921489256
20
-56.77625653028477
0
VERTEX
8
L9
10
-5.461665993857892
20
-56.78587849425095
0
VERTEX
8
L9
10
-5.458512521824559
20
-56.79516832329565
0
VERTEX
8
L9
10
-5.454173462170047
20
-56.803967065868264
0
VERTEX
8
L9
10
-5.44872305740806
20
-56.81212417304392
0
VERTEX
8
L9
10
-5.44225456547521
20
-56.81950007445725
0
VERTEX
8
L9
10
-5.43487866406187
20
-56.82596856639011
0
VERTEX
8
L9
10
-5.426721556886221
20
-56.8314189711521
0
VERTEX
8
L9
10
-5.417922814313599
20
-56.83575803080661
0
VERTEX
8
L9
10
-5.408632985268909
20
-56.83891150283994
0
VERTEX
8
L9
10
-5.3990110213027265
20
-56.8408254304713
0
VERTEX
8
L9
10
-5.389221556886213
20
-56.841467065868265
0
VERTEX
8
L9
10
-5.379432092469713
20
-56.8408254304713
0
VERTEX
8
L9
10
-5.369810128503531
20
-56.83891150283994
0
VERTEX
8
L9
10
-5.360520299458841
20
-56.83575803080661
0
VERTEX
8
L9
10
-5.351721556886218
20
-56.8314189711521
0
VERTEX
8
L9
10
-5.34356444971057
20
-56.82596856639011
0
VERTEX
8
L9
10
-5.33618854829723
20
-56.81950007445725
0
VERTEX
8
L9
10
-5.32972005636438
20
-56.81212417304392
0
VERTEX
8
L9
10
-5.324269651602393
20
-56.803967065868264
0
VERTEX
8
L9
10
-5.319930591947866
20
-56.79516832329565
0
VERTEX
8
L9
10
-5.3167771199145335
20
-56.78587849425095
0
VERTEX
8
L9
10
-5.314863192283184
20
-56.77625653028477
0
VERTEX
8
L9
10
-5.314221556886224
20
-56.76646706586826
0
VERTEX
8
L9
10
-5.314863192283184
20
-56.75667760145176
0
VERTEX
8
L9
10
-5.3167771199145335
20
-56.74705563748557
0
VERTEX
8
L9
10
-5.319930591947866
20
-56.737765808440884
0
VERTEX
8
L9
10
-5.324269651602393
20
-56.72896706586826
0
VERTEX
8
L9
10
-5.32972005636438
20
-56.72080995869261
0
VERTEX
8
L9
10
-5.33618854829723
20
-56.71343405727927
0
VERTEX
8
L9
10
-5.34356444971057
20
-56.70696556534642
0
VERTEX
8
L9
10
-5.351721556886218
20
-56.701515160584435
0
VERTEX
8
L9
10
-5.360520299458841
20
-56.697176100929916
0
VERTEX
8
L9
10
-5.369810128503531
20
-56.69402262889658
0
VERTEX
8
L9
10
-5.379432092469713
20
-56.69210870126523
0
VERTEX
8
L9
10
-5.389221556886213
20
-56.69146706586827
0
SEQEND
0
POLYLINE
8
L9
66
1
70
1
0
VERTEX
8
L9
10
-9.520958083832326
20
-55.61362275449102
0
VERTEX
8
L9
10
-9.530747548248826
20
-55.614264389887985
0
VERTEX
8
L9
10
-9.540369512215008
20
-55.61617831751934
0
VERTEX
8
L9
10
-9.549659341259698
20
-55.619331789552675
0
VERTEX
8
L9
10
-9.55845808383232
20
-55.62367084920719
0
VERTEX
8
L9
10
-9.566615191007983
20
-55.629121253969174
0
VERTEX
8
L9
10
-9.57399109242131
20
-55.63558974590203
0
VERTEX
8
L9
10
-9.58045958435416
20
-55.642965647315364
0
VERTEX
8
L9
10
-9.58590998911616
20
-55.65112275449102
0
VERTEX
8
L9
10
-9.590249048770673
20
-55.659921497063635
0
VERTEX
8
L9
10
-9.593402520804005
20
-55.66921132610833
0
VERTEX
8
L9
10
-9.595316448435355
20
-55.678833290074515
0
VERTEX
8
L9
10
-9.595958083832329
20
-55.68862275449102
0
VERTEX
8
L9
10
-9.595316448435355
20
-55.69841221890752
0
VERTEX
8
L9
10
-9.593402520804005
20
-55.70803418287371
0
VERTEX
8
L9
10
-9.590249048770673
20
-55.7173240119184
0
VERTEX
8
L9
10
-9.58590998911616
20
-55.726122754491016
0
VERTEX
8
L9
10
-9.58045958435416
20
-55.73427986166667
0
VERTEX
8
L9
10
-9.57399109242131
20
-55.74165576308001
0
VERTEX
8
L9
10
-9.566615191007983
20
-55.74812425501286
0
VERTEX
8
L9
10
-9.55845808383232
20
-55.75357465977485
0
VERTEX
8
L9
10
-9.549659341259698
20
-55.75791371942937
0
VERTEX
8
L9
10
-9.540369512215008
20
-55.7610671914627
0
VERTEX
8
L9
10
-9.530747548248826
20
-55.76298111909406
0
VERTEX
8
L9
10
-9.520958083832326
20
-55.76362275449102
0
VERTEX
8
L9
10
-9.511168619415812
20
-55.76298111909406
0
VERTEX
8
L9
10
-9.50154665544963
20
-55.7610671914627
0
VERTEX
8
L9
10
-9.49225682640494
20
-55.75791371942937
0
VERTEX
8
L9
10
-9.483458083832318
20
-55.75357465977485
0
VERTEX
8
L9
10
-9.47530097665667
20
-55.74812425501286
0
VERTEX
8
L9
10
-9.467925075243329
20
-55.74165576308001
0
VERTEX
8
L9
10
-9.46145658331048
20
-55.73427986166667
0
VERTEX
8
L9
10
-9.456006178548492
20
-55.726122754491016
0
VERTEX
8
L9
10
-9.45166711889398
20
-55.7173240119184
0
VERTEX
8
L9
10
-9.448513646860647
20
-55.70803418287371
0
VERTEX
8
L9
10
-9.446599719229283
20
-55.69841221890752
0
VERTEX
8
L9
10
-9.445958083832323
20
-55.68862275449102
0
VERTEX
8
L9
10
-9.446599719229283
20
-55.678833290074515
0
VERTEX
8
L9
10
-9.448513646860647
20
-55.66921132610833
0
VERTEX
8
L9
10
-9.45166711889398
20
-55.659921497063635
0
VERTEX
8
L9
10
-9.456006178548492
20
-55.65112275449102
0
VERTEX
8
L9
10
-9.46145658331048
20
-55.642965647315364
0
VERTEX
8
L9
10
-9.467925075243329
20
-55.63558974590203
0
VERTEX
8
L9
10
-9.47530097665667
20
-55.629121253969174
0
VERTEX
8
L9
10
-9.483458083832318
20
-55.62367084920719
0
VERTEX
8
L9
10
-9.49225682640494
20
-55.619331789552675
0
VERTEX
8
L9
10
-9.50154665544963
20
-55.61617831751934
0
VERTEX
8
L9
10
-9.511168619415812
20
-55.614264389887985
0
VERTEX
8
L9
10
-9.520958083832326
20
-55.61362275449102
0
SEQEND
0
POLYLINE
8
L9
66
1
70
1
0
VERTEX
8
L9
10
-5.389221556886213
20
-55.73338323353293
0
VERTEX
8
L9
10
-5.3990110213027265
20
-55.7340248689299
0
VERTEX
8
L9
10
-5.408632985268909
20
-55.73593879656126
0
VERTEX
8
L9
10
-5.417922814313599
20
-55.73909226859459
0
VERTEX
8
L9
10
-5.426721556886221
20
-55.7434313282491
0
VERTEX
8
L9
10
-5.43487866406187
20
-55.74888173301109
0
VERTEX
8
L9
10
-5.44225456547521
20
-55.755350224943946
0
VERTEX
8
L9
10
-5.44872305740806
20
-55.76272612635728
0
VERTEX
8
L9
10
-5.454173462170047
20
-55.770883233532935
0
VERTEX
8
L9
10
-5.458512521824559
20
-55.77968197610555
0
VERTEX
8
L9
10
-5.461665993857892
20
-55.78897180515025
0
VERTEX
8
L9
10
-5.463579921489256
20
-55.79859376911643
0
VERTEX
8
L9
10
-5.464221556886216
20
-55.808383233532936
0
VERTEX
8
L9
10
-5.463579921489256
20
-55.818172697949436
0
VERTEX
8
L9
10
-5.461665993857892
20
-55.827794661915625
0
VERTEX
8
L9
10
-5.458512521824559
20
-55.837084490960315
0
VERTEX
8
L9
10
-5.454173462170047
20
-55.84588323353294
0
VERTEX
8
L9
10
-5.44872305740806
20
-55.854040340708586
0
VERTEX
8
L9
10
-5.44225456547521
20
-55.861416242121926
0
VERTEX
8
L9
10
-5.43487866406187
20
-55.867884734054776
0
VERTEX
8
L9
10
-5.426721556886221
20
-55.87333513881677
0
VERTEX
8
L9
10
-5.417922814313599
20
-55.87767419847128
0
VERTEX
8
L9
10
-5.408632985268909
20
-55.880827670504615
0
VERTEX
8
L9
10
-5.3990110213027265
20
-55.88274159813597
0
VERTEX
8
L9
10
-5.389221556886213
20
-55.88338323353293
0
VERTEX
8
L9
10
-5.379432092469713
20
-55.88274159813597
0
VERTEX
8
L9
10
-5.369810128503531
20
-55.880827670504615
0
VERTEX
8
L9
10
-5.360520299458841
20
-55.87767419847128
0
VERTEX
8
L9
10
-5.351721556886218
20
-55.87333513881677
0
VERTEX
8
L9
10
-5.34356444971057
20
-55.867884734054776
0
VERTEX
8
L9
10
-5.33618854829723
20
-55.861416242121926
0
VERTEX
8
L9
10
-5.32972005636438
20
-55.854040340708586
0
VERTEX
8
L9
10
-5.324269651602393
20
-55.84588323353294
0
VERTEX
8
L9
10
-5.319930591947866
20
-55.837084490960315
0
VERTEX
8
L9
10
-5.3167771199145335
20
-55.827794661915625
0
VERTEX
8
L9
10
-5.314863192283184
20
-55.818172697949436
0
VERTEX
8
L9
10
-5.314221556886224
20
-55.808383233532936
0
VERTEX
8
L9
10
-5.314863192283184
20
-55.79859376911643
0
VERTEX
8
L9
10
-5.3167771199145335
20
-55.78897180515025
0
VERTEX
8
L9
10
-5.319930591947866
20
-55.77968197610555
0
VERTEX
8
L9
10
-5.324269651602393
20
-55.770883233532935
0
VERTEX
8
L9
10
-5.32972005636438
20
-55.76272612635728
0
VERTEX
8
L9
10
-5.33618854829723
20
-55.755350224943946
0
VERTEX
8
L9
10
-5.34356444971057
20
-55.74888173301109
0
VERTEX
8
L9
10
-5.351721556886218
20
-55.7434313282491
0
VERTEX
8
L9
10
-5.360520299458841
20
-55.73909226859459
0
VERTEX
8
L9
10
-5.369810128503531
20
-55.73593879656126
0
VERTEX
8
L9
10
-5.379432092469713
20
-55.7340248689299
0
VERTEX
8
L9
10
-5.389221556886213
20
-55.73338323353293
0
SEQEND
0
POLYLINE
8
L9
66
1
70
1
0
VERTEX
8
L9
10
-9.053925224399805
20
-55.783608813748685
0
VERTEX
8
L9
10
-9.063714688816304
20
-55.78425044914565
0
VERTEX
8
L9
10
-9.073336652782501
20
-55.78616437677701
0
VERTEX
8
L9
10
-9.082626481827191
20
-55.78931784881034
0
VERTEX
8
L9
10
-9.0914252243998
20
-55.793656908464854
0
VERTEX
8
L9
10
-9.099582331575462
20
-55.79910731322684
0
VERTEX
8
L9
10
-9.106958232988802
20
-55.8055758051597
0
VERTEX
8
L9
10
-9.113426724921652
20
-55.81295170657303
0
VERTEX
8
L9
10
-9.11887712968364
20
-55.82110881374869
0
VERTEX
8
L9
10
-9.123216189338152
20
-55.8299075563213
0
VERTEX
8
L9
10
-9.126369661371484
20
-55.839197385366
0
VERTEX
8
L9
10
-9.128283589002848
20
-55.84881934933218
0
VERTEX
8
L9
10
-9.128925224399808
20
-55.85860881374869
0
VERTEX
8
L9
10
-9.128283589002848
20
-55.86839827816519
0
VERTEX
8
L9
10
-9.126369661371484
20
-55.87802024213138
0
VERTEX
8
L9
10
-9.123216189338152
20
-55.88731007117607
0
VERTEX
8
L9
10
-9.11887712968364
20
-55.89610881374869
0
VERTEX
8
L9
10
-9.113426724921652
20
-55.90426592092434
0
VERTEX
8
L9
10
-9.106958232988802
20
-55.91164182233768
0
VERTEX
8
L9
10
-9.099582331575462
20
-55.91811031427053
0
VERTEX
8
L9
10
-9.0914252243998
20
-55.92356071903252
0
VERTEX
8
L9
10
-9.082626481827191
20
-55.927899778687035
0
VERTEX
8
L9
10
-9.073336652782501
20
-55.93105325072037
0
VERTEX
8
L9
10
-9.063714688816304
20
-55.932967178351724
0
VERTEX
8
L9
10
-9.053925224399805
20
-55.933608813748684
0
VERTEX
8
L9
10
-9.044135759983305
20
-55.932967178351724
0
VERTEX
8
L9
10
-9.034513796017123
20
-55.93105325072037
0
VERTEX
8
L9
10
-9.025223966972419
20
-55.927899778687035
0
VERTEX
8
L9
10
-9.01642522439981
20
-55.92356071903252
0
VERTEX
8
L9
10
-9.008268117224148
20
-55.91811031427053
0
VERTEX
8
L9
10
-9.000892215810822
20
-55.91164182233768
0
VERTEX
8
L9
10
-8.994423723877958
20
-55.90426592092434
0
VERTEX
8
L9
10
-8.98897331911597
20
-55.89610881374869
0
VERTEX
8
L9
10
-8.984634259461458
20
-55.88731007117607
0
VERTEX
8
L9
10
-8.981480787428126
20
-55.87802024213138
0
VERTEX
8
L9
10
-8.979566859796776
20
-55.86839827816519
0
VERTEX
8
L9
10
-8.978925224399802
20
-55.85860881374869
0
VERTEX
8
L9
10
-8.979566859796776
20
-55.84881934933218
0
VERTEX
8
L9
10
-8.981480787428126
20
-55.839197385366
0
VERTEX
8
L9
10
-8.984634259461458
20
-55.8299075563213
0
VERTEX
8
L9
10
-8.98897331911597
20
-55.82110881374869
0
VERTEX
8
L9
10
-8.994423723877958
20
-55.81295170657303
0
VERTEX
8
L9
10
-9.000892215810822
20
-55.8055758051597
0
VERTEX
8
L9
10
-9.008268117224148
20
-55.79910731322684
0
VERTEX
8
L9
10
-9.01642522439981
20
-55.793656908464854
0
VERTEX
8
L9
10
-9.025223966972419
20
-55.78931784881034
0
VERTEX
8
L9
10
-9.034513796017123
20
-55.78616437677701
0
VERTEX
8
L9
10
-9.044135759983305
20
-55.78425044914565
0
VERTEX
8
L9
10
-9.053925224399805
20
-55.783608813748685
0
SEQEND
0
POLYLINE
8
L9
66
1
70
1
0
VERTEX
8
L9
10
-5.389221556886213
20
-54.77529940119761
0
VERTEX
8
L9
10
-5.3990110213027265
20
-54.775941036594574
0
VERTEX
8
L9
10
-5.408632985268909
20
-54.777854964225924
0
VERTEX
8
L9
10
-5.417922814313599
20
-54.78100843625926
0
VERTEX
8
L9
10
-5.426721556886221
20
-54.785347495913776
0
VERTEX
8
L9
10
-5.43487866406187
20
-54.79079790067576
0
VERTEX
8
L9
10
-5.44225456547521
20
-54.79726639260861
0
VERTEX
8
L9
10
-5.44872305740806
20
-54.80464229402195
0
VERTEX
8
L9
10
-5.454173462170047
20
-54.81279940119761
0
VERTEX
8
L9
10
-5.458512521824559
20
-54.821598143770224
0
VERTEX
8
L9
10
-5.461665993857892
20
-54.83088797281492
0
VERTEX
8
L9
10
-5.463579921489256
20
-54.8405099367811
0
VERTEX
8
L9
10
-5.464221556886216
20
-54.8502994011976
0
VERTEX
8
L9
10
-5.463579921489256
20
-54.86008886561411
0
VERTEX
8
L9
10
-5.461665993857892
20
-54.86971082958029
0
VERTEX
8
L9
10
-5.458512521824559
20
-54.87900065862499
0
VERTEX
8
L9
10
-5.454173462170047
20
-54.887799401197604
0
VERTEX
8
L9
10
-5.44872305740806
20
-54.89595650837326
0
VERTEX
8
L9
10
-5.44225456547521
20
-54.9033324097866
0
VERTEX
8
L9
10
-5.43487866406187
20
-54.90980090171945
0
VERTEX
8
L9
10
-5.426721556886221
20
-54.91525130648144
0
VERTEX
8
L9
10
-5.417922814313599
20
-54.91959036613595
0
VERTEX
8
L9
10
-5.408632985268909
20
-54.92274383816929
0
VERTEX
8
L9
10
-5.3990110213027265
20
-54.92465776580064
0
VERTEX
8
L9
10
-5.389221556886213
20
-54.925299401197606
0
VERTEX
8
L9
10
-5.379432092469713
20
-54.92465776580064
0
VERTEX
8
L9
10
-5.369810128503531
20
-54.92274383816929
0
VERTEX
8
L9
10
-5.360520299458841
20
-54.91959036613595
0
VERTEX
8
L9
10
-5.351721556886218
20
-54.91525130648144
0
VERTEX
8
L9
10
-5.34356444971057
20
-54.90980090171945
0
VERTEX
8
L9
10
-5.33618854829723
20
-54.9033324097866
0
VERTEX
8
L9
10
-5.32972005636438
20
-54.89595650837326
0
VERTEX
8
L9
10
-5.324269651602393
20
-54.887799401197604
0
VERTEX
8
L9
10
-5.319930591947866
20
-54.87900065862499
0
VERTEX
8
L9
10
-5.3167771199145335
20
-54.86971082958029
0
VERTEX
8
L9
10
-5.314863192283184
20
-54.86008886561411
0
VERTEX
8
L9
10
-5.314221556886224
20
-54.8502994011976
0
VERTEX
8
L9
10
-5.314863192283184
20
-54.8405099367811
0
VERTEX
8
L9
10
-5.3167771199145335
20
-54.83088797281492
0
VERTEX
8
L9
10
-5.319930591947866
20
-54.821598143770224
0
VERTEX
8
L9
10
-5.324269651602393
20
-54.81279940119761
0
VERTEX
8
L9
10
-5.32972005636438
20
-54.80464229402195
0
VERTEX
8
L9
10
-5.33618854829723
20
-54.79726639260861
0
VERTEX
8
L9
10
-5.34356444971057
20
-54.79079790067576
0
VERTEX
8
L9
10
-5.351721556886218
20
-54.785347495913776
0
VERTEX
8
L9
10
-5.360520299458841
20
-54.78100843625926
0
VERTEX
8
L9
10
-5.369810128503531
20
-54.777854964225924
0
VERTEX
8
L9
10
-5.379432092469713
20
-54.775941036594574
0
VERTEX
8
L9
10
-5.389221556886213
20
-54.77529940119761
0
SEQEND
0
POLYLINE
8
L9
66
1
70
1
0
VERTEX
8
L9
10
-6.64670658682634
20
-55.61362275449102
0
VERTEX
8
L9
10
-6.65649605124284
20
-55.614264389887985
0
VERTEX
8
L9
10
-6.6661180152090225
20
-55.61617831751934
0
VERTEX
8
L9
10
-6.675407844253712
20
-55.619331789552675
0
VERTEX
8
L9
10
-6.684206586826335
20
-55.62367084920719
0
VERTEX
8
L9
10
-6.6923636940019975
20
-55.629121253969174
0
VERTEX
8
L9
10
-6.699739595415323
20
-55.63558974590203
0
VERTEX
8
L9
10
-6.706208087348173
20
-55.642965647315364
0
VERTEX
8
L9
10
-6.711658492110175
20
-55.65112275449102
0
VERTEX
8
L9
10
-6.715997551764687
20
-55.659921497063635
0
VERTEX
8
L9
10
-6.71915102379802
20
-55.66921132610833
0
VERTEX
8
L9
10
-6.721064951429369
20
-55.678833290074515
0
VERTEX
8
L9
10
-6.721706586826343
20
-55.68862275449102
0
VERTEX
8
L9
10
-6.721064951429369
20
-55.69841221890752
0
VERTEX
8
L9
10
-6.71915102379802
20
-55.70803418287371
0
VERTEX
8
L9
10
-6.715997551764687
20
-55.7173240119184
0
VERTEX
8
L9
10
-6.711658492110175
20
-55.726122754491016
0
VERTEX
8
L9
10
-6.706208087348173
20
-55.73427986166667
0
VERTEX
8
L9
10
-6.699739595415323
20
-55.74165576308001
0
VERTEX
8
L9
10
-6.6923636940019975
20
-55.74812425501286
0
VERTEX
8
L9
10
-6.684206586826335
20
-55.75357465977485
0
VERTEX
8
L9
10
-6.675407844253712
20
-55.75791371942937
0
VERTEX
8
L9
10
-6.6661180152090225
20
-55.7610671914627
0
VERTEX
8
L9
10
-6.65649605124284
20
-55.76298111909406
0
VERTEX
8
L9
10
-6.64670658682634
20
-55.76362275449102
0
VERTEX
8
L9
10
-6.636917122409827
20
-55.76298111909406
0
VERTEX
8
L9
10
-6.627295158443644
20
-55.7610671914627
0
VERTEX
8
L9
10
-6.6180053293989545
20
-55.75791371942937
0
VERTEX
8
L9
10
-6.609206586826332
20
-55.75357465977485
0
VERTEX
8
L9
10
-6.601049479650683
20
-55.74812425501286
0
VERTEX
8
L9
10
-6.593673578237343
20
-55.74165576308001
0
VERTEX
8
L9
10
-6.587205086304493
20
-55.73427986166667
0
VERTEX
8
L9
10
-6.581754681542506
20
-55.726122754491016
0
VERTEX
8
L9
10
-6.577415621887994
20
-55.7173240119184
0
VERTEX
8
L9
10
-6.574262149854661
20
-55.70803418287371
0
VERTEX
8
L9
10
-6.572348222223297
20
-55.69841221890752
0
VERTEX
8
L9
10
-6.571706586826338
20
-55.68862275449102
0
VERTEX
8
L9
10
-6.572348222223297
20
-55.678833290074515
0
VERTEX
8
L9
10
-6.574262149854661
20
-55.66921132610833
0
VERTEX
8
L9
10
-6.577415621887994
20
-55.659921497063635
0
VERTEX
8
L9
10
-6.581754681542506
20
-55.65112275449102
0
VERTEX
8
L9
10
-6.587205086304493
20
-55.642965647315364
0
VERTEX
8
L9
10
-6.593673578237343
20
-55.63558974590203
0
VERTEX
8
L9
10
-6.601049479650683
20
-55.629121253969174
0
VERTEX
8
L9
10
-6.609206586826332
20
-55.62367084920719
0
VERTEX
8
L9
10
-6.6180053293989545
20
-55.619331789552675
0
VERTEX
8
L9
10
-6.627295158443644
20
-55.61617831751934
0
VERTEX
8
L9
10
-6.636917122409827
20
-55.614264389887985
0
VERTEX
8
L9
10
-6.64670658682634
20
-55.61362275449102
0
SEQEND
0
POLYLINE
8
L9
66
1
70
1
0
VERTEX
8
L9
10
-5.389221556886213
20
-53.81721556886228
0
VERTEX
8
L9
10
-5.3990110213027265
20
-53.81785720425924
0
VERTEX
8
L9
10
-5.408632985268909
20
-53.8197711318906
0
VERTEX
8
L9
10
-5.417922814313599
20
-53.82292460392393
0
VERTEX
8
L9
10
-5.426721556886221
20
-53.82726366357844
0
VERTEX
8
L9
10
-5.43487866406187
20
-53.83271406834044
0
VERTEX
8
L9
10
-5.44225456547521
20
-53.83918256027329
0
VERTEX
8
L9
10
-5.44872305740806
20
-53.84655846168663
0
VERTEX
8
L9
10
-5.454173462170047
20
-53.854715568862275
0
VERTEX
8
L9
10
-5.458512521824559
20
-53.8635143114349
0
VERTEX
8
L9
10
-5.461665993857892
20
-53.87280414047959
0
VERTEX
8
L9
10
-5.463579921489256
20
-53.88242610444578
0
VERTEX
8
L9
10
-5.464221556886216
20
-53.89221556886228
0
VERTEX
8
L9
10
-5.463579921489256
20
-53.90200503327878
0
VERTEX
8
L9
10
-5.461665993857892
20
-53.911626997244966
0
VERTEX
8
L9
10
-5.458512521824559
20
-53.92091682628966
0
VERTEX
8
L9
10
-5.454173462170047
20
-53.92971556886228
0
VERTEX
8
L9
10
-5.44872305740806
20
-53.937872676037934
0
VERTEX
8
L9
10
-5.44225456547521
20
-53.94524857745127
0
VERTEX
8
L9
10
-5.43487866406187
20
-53.95171706938412
0
VERTEX
8
L9
10
-5.426721556886221
20
-53.95716747414611
0
VERTEX
8
L9
10
-5.417922814313599
20
-53.96150653380062
0
VERTEX
8
L9
10
-5.408632985268909
20
-53.964660005833956
0
VERTEX
8
L9
10
-5.3990110213027265
20
-53.96657393346531
0
VERTEX
8
L9
10
-5.389221556886213
20
-53.96721556886228
0
VERTEX
8
L9
10
-5.379432092469713
20
-53.96657393346531
0
VERTEX
8
L9
10
-5.369810128503531
20
-53.964660005833956
0
VERTEX
8
L9
10
-5.360520299458841
20
-53.96150653380062
0
VERTEX
8
L9
10
-5.351721556886218
20
-53.95716747414611
0
VERTEX
8
L9
10
-5.34356444971057
20
-53.95171706938412
0
VERTEX
8
L9
10
-5.33618854829723
20
-53.94524857745127
0
VERTEX
8
L9
10
-5.32972005636438
20
-53.937872676037934
0
VERTEX
8
L9
10
-5.324269651602393
20
-53.92971556886228
0
VERTEX
8
L9
10
-5.319930591947866
20
-53.92091682628966
0
VERTEX
8
L9
10
-5.3167771199145335
20
-53.911626997244966
0
VERTEX
8
L9
10
-5.314863192283184
20
-53.90200503327878
0
VERTEX
8
L9
10
-5.314221556886224
20
-53.89221556886228
0
VERTEX
8
L9
10
-5.314863192283184
20
-53.88242610444578
0
VERTEX
8
L9
10
-5.3167771199145335
20
-53.87280414047959
0
VERTEX
8
L9
10
-5.319930591947866
20
-53.8635143114349
0
VERTEX
8
L9
10
-5.324269651602393
20
-53.854715568862275
0
VERTEX
8
L9
10
-5.32972005636438
20
-53.84655846168663
0
VERTEX
8
L9
10
-5.33618854829723
20
-53.83918256027329
0
VERTEX
8
L9
10
-5.34356444971057
20
-53.83271406834044
0
VERTEX
8
L9
10
-5.351721556886218
20
-53.82726366357844
0
VERTEX
8
L9
10
-5.360520299458841
20
-53.82292460392393
0
VERTEX
8
L9
10
-5.369810128503531
20
-53.8197711318906
0
VERTEX
8
L9
10
-5.379432092469713
20
-53.81785720425924
0
VERTEX
8
L9
10
-5.389221556886213
20
-53.81721556886228
0
SEQEND
0
POLYLINE
8
L9
66
1
70
1
0
VERTEX
8
L9
10
-5.389221556886213
20
-53.338173652694614
0
VERTEX
8
L9
10
-5.3990110213027265
20
-53.338815288091574
0
VERTEX
8
L9
10
-5.408632985268909
20
-53.34072921572293
0
VERTEX
8
L9
10
-5.417922814313599
20
-53.34388268775626
0
VERTEX
8
L9
10
-5.426721556886221
20
-53.34822174741078
0
VERTEX
8
L9
10
-5.43487866406187
20
-53.35367215217277
0
VERTEX
8
L9
10
-5.44225456547521
20
-53.36014064410562
0
VERTEX
8
L9
10
-5.44872305740806
20
-53.36751654551896
0
VERTEX
8
L9
10
-5.454173462170047
20
-53.375673652694616
0
VERTEX
8
L9
10
-5.458512521824559
20
-53.38447239526723
0
VERTEX
8
L9
10
-5.461665993857892
20
-53.39376222431192
0
VERTEX
8
L9
10
-5.463579921489256
20
-53.40338418827811
0
VERTEX
8
L9
10
-5.464221556886216
20
-53.41317365269461
0
VERTEX
8
L9
10
-5.463579921489256
20
-53.42296311711112
0
VERTEX
8
L9
10
-5.461665993857892
20
-53.4325850810773
0
VERTEX
8
L9
10
-5.458512521824559
20
-53.441874910121996
0
VERTEX
8
L9
10
-5.454173462170047
20
-53.45067365269461
0
VERTEX
8
L9
10
-5.44872305740806
20
-53.45883075987027
0
VERTEX
8
L9
10
-5.44225456547521
20
-53.46620666128361
0
VERTEX
8
L9
10
-5.43487866406187
20
-53.47267515321646
0
VERTEX
8
L9
10
-5.426721556886221
20
-53.478125557978444
0
VERTEX
8
L9
10
-5.417922814313599
20
-53.48246461763296
0
VERTEX
8
L9
10
-5.408632985268909
20
-53.485618089666296
0
VERTEX
8
L9
10
-5.3990110213027265
20
-53.487532017297646
0
VERTEX
8
L9
10
-5.389221556886213
20
-53.48817365269461
0
VERTEX
8
L9
10
-5.379432092469713
20
-53.487532017297646
0
VERTEX
8
L9
10
-5.369810128503531
20
-53.485618089666296
0
VERTEX
8
L9
10
-5.360520299458841
20
-53.48246461763296
0
VERTEX
8
L9
10
-5.351721556886218
20
-53.478125557978444
0
VERTEX
8
L9
10
-5.34356444971057
20
-53.47267515321646
0
VERTEX
8
L9
10
-5.33618854829723
20
-53.46620666128361
0
VERTEX
8
L9
10
-5.32972005636438
20
-53.45883075987027
0
VERTEX
8
L9
10
-5.324269651602393
20
-53.45067365269461
0
VERTEX
8
L9
10
-5.319930591947866
20
-53.441874910121996
0
VERTEX
8
L9
10
-5.3167771199145335
20
-53.4325850810773
0
VERTEX
8
L9
10
-5.314863192283184
20
-53.42296311711112
0
VERTEX
8
L9
10
-5.314221556886224
20
-53.41317365269461
0
VERTEX
8
L9
10
-5.314863192283184
20
-53.40338418827811
0
VERTEX
8
L9
10
-5.3167771199145335
20
-53.39376222431192
0
VERTEX
8
L9
10
-5.319930591947866
20
-53.38447239526723
0
VERTEX
8
L9
10
-5.324269651602393
20
-53.375673652694616
0
VERTEX
8
L9
10
-5.32972005636438
20
-53.36751654551896
0
VERTEX
8
L9
10
-5.33618854829723
20
-53.36014064410562
0
VERTEX
8
L9
10
-5.34356444971057
20
-53.35367215217277
0
VERTEX
8
L9
10
-5.351721556886218
20
-53.34822174741078
0
VERTEX
8
L9
10
-5.360520299458841
20
-53.34388268775626
0
VERTEX
8
L9
10
-5.369810128503531
20
-53.34072921572293
0
VERTEX
8
L9
10
-5.379432092469713
20
-53.338815288091574
0
VERTEX
8
L9
10
-5.389221556886213
20
-53.338173652694614
0
SEQEND
0
POLYLINE
8
L9
66
1
70
1
0
VERTEX
8
L9
10
-1.2574850299401135
20
-55.61362275449102
0
VERTEX
8
L9
10
-1.267274494356613
20
-55.614264389887985
0
VERTEX
8
L9
10
-1.2768964583228097
20
-55.61617831751934
0
VERTEX
8
L9
10
-1.2861862873674994
20
-55.619331789552675
0
VERTEX
8
L9
10
-1.2949850299401078
20
-55.62367084920719
0
VERTEX
8
L9
10
-1.3031421371157705
20
-55.629121253969174
0
VERTEX
8
L9
10
-1.3105180385291106
20
-55.63558974590203
0
VERTEX
8
L9
10
-1.3169865304619606
20
-55.642965647315364
0
VERTEX
8
L9
10
-1.3224369352239478
20
-55.65112275449102
0
VERTEX
8
L9
10
-1.32677599487846
20
-55.659921497063635
0
VERTEX
8
L9
10
-1.3299294669117927
20
-55.66921132610833
0
VERTEX
8
L9
10
-1.3318433945431565
20
-55.678833290074515
0
VERTEX
8
L9
10
-1.3324850299401163
20
-55.68862275449102
0
VERTEX
8
L9
10
-1.3318433945431565
20
-55.69841221890752
0
VERTEX
8
L9
10
-1.3299294669117927
20
-55.70803418287371
0
VERTEX
8
L9
10
-1.32677599487846
20
-55.7173240119184
0
VERTEX
8
L9
10
-1.3224369352239478
20
-55.726122754491016
0
VERTEX
8
L9
10
-1.3169865304619606
20
-55.73427986166667
0
VERTEX
8
L9
10
-1.3105180385291106
20
-55.74165576308001
0
VERTEX
8
L9
10
-1.3031421371157705
20
-55.74812425501286
0
VERTEX
8
L9
10
-1.2949850299401078
20
-55.75357465977485
0
VERTEX
8
L9
10
-1.2861862873674994
20
-55.75791371942937
0
VERTEX
8
L9
10
-1.2768964583228097
20
-55.7610671914627
0
VERTEX
8
L9
10
-1.267274494356613
20
-55.76298111909406
0
VERTEX
8
L9
10
-1.2574850299401135
20
-55.76362275449102
0
VERTEX
8
L9
10
-1.247695565523614
20
-55.76298111909406
0
VERTEX
8
L9
10
-1.2380736015574314
20
-55.7610671914627
0
VERTEX
8
L9
10
-1.2287837725127275
20
-55.75791371942937
0
VERTEX
8
L9
10
-1.2199850299401191
20
-55.75357465977485
0
VERTEX
8
L9
10
-1.2118279227644564
20
-55.74812425501286
0
VERTEX
8
L9
10
-1.2044520213511163
20
-55.74165576308001
0
VERTEX
8
L9
10
-1.1979835294182664
20
-55.73427986166667
0
VERTEX
8
L9
10
-1.1925331246562791
20
-55.726122754491016
0
VERTEX
8
L9
10
-1.1881940650017668
20
-55.7173240119184
0
VERTEX
8
L9
10
-1.1850405929684342
20
-55.70803418287371
0
VERTEX
8
L9
10
-1.1831266653370847
20
-55.69841221890752
0
VERTEX
8
L9
10
-1.1824850299401106
20
-55.68862275449102
0
VERTEX
8
L9
10
-1.1831266653370847
20
-55.678833290074515
0
VERTEX
8
L9
10
-1.1850405929684342
20
-55.66921132610833
0
VERTEX
8
L9
10
-1.1881940650017668
20
-55.659921497063635
0
VERTEX
8
L9
10
-1.1925331246562791
20
-55.65112275449102
0
VERTEX
8
L9
10
-1.1979835294182664
20
-55.642965647315364
0
VERTEX
8
L9
10
-1.2044520213511163
20
-55.63558974590203
0
VERTEX
8
L9
10
-1.2118279227644564
20
-55.629121253969174
0
VERTEX
8
L9
10
-1.2199850299401191
20
-55.62367084920719
0
VERTEX
8
L9
10
-1.2287837725127275
20
-55.619331789552675
0
VERTEX
8
L9
10
-1.2380736015574314
20
-55.61617831751934
0
VERTEX
8
L9
10
-1.247695565523614
20
-55.614264389887985
0
VERTEX
8
L9
10
-1.2574850299401135
20
-55.61362275449102
0
SEQEND
0
POLYLINE
8
L9
66
1
70
1
0
VERTEX
8
L9
10
-5.389221556886213
20
-54.29625748502994
0
VERTEX
8
L9
10
-5.3990110213027265
20
-54.29689912042691
0
VERTEX
8
L9
10
-5.408632985268909
20
-54.298813048058264
0
VERTEX
8
L9
10
-5.417922814313599
20
-54.3019665200916
0
VERTEX
8
L9
10
-5.426721556886221
20
-54.30630557974611
0
VERTEX
8
L9
10
-5.43487866406187
20
-54.311755984508096
0
VERTEX
8
L9
10
-5.44225456547521
20
-54.31822447644095
0
VERTEX
8
L9
10
-5.44872305740806
20
-54.325600377854286
0
VERTEX
8
L9
10
-5.454173462170047
20
-54.33375748502994
0
VERTEX
8
L9
10
-5.458512521824559
20
-54.34255622760256
0
VERTEX
8
L9
10
-5.461665993857892
20
-54.351846056647254
0
VERTEX
8
L9
10
-5.463579921489256
20
-54.36146802061344
0
VERTEX
8
L9
10
-5.464221556886216
20
-54.37125748502994
0
VERTEX
8
L9
10
-5.463579921489256
20
-54.38104694944644
0
VERTEX
8
L9
10
-5.461665993857892
20
-54.39066891341263
0
VERTEX
8
L9
10
-5.458512521824559
20
-54.39995874245732
0
VERTEX
8
L9
10
-5.454173462170047
20
-54.408757485029945
0
VERTEX
8
L9
10
-5.44872305740806
20
-54.41691459220559
0
VERTEX
8
L9
10
-5.44225456547521
20
-54.42429049361893
0
VERTEX
8
L9
10
-5.43487866406187
20
-54.43075898555178
0
VERTEX
8
L9
10
-5.426721556886221
20
-54.43620939031378
0
VERTEX
8
L9
10
-5.417922814313599
20
-54.44054844996829
0
VERTEX
8
L9
10
-5.408632985268909
20
-54.44370192200162
0
VERTEX
8
L9
10
-5.3990110213027265
20
-54.44561584963298
0
VERTEX
8
L9
10
-5.389221556886213
20
-54.44625748502994
0
VERTEX
8
L9
10
-5.379432092469713
20
-54.44561584963298
0
VERTEX
8
L9
10
-5.369810128503531
20
-54.44370192200162
0
VERTEX
8
L9
10
-5.360520299458841
20
-54.44054844996829
0
VERTEX
8
L9
10
-5.351721556886218
20
-54.43620939031378
0
VERTEX
8
L9
10
-5.34356444971057
20
-54.43075898555178
0
VERTEX
8
L9
10
-5.33618854829723
20
-54.42429049361893
0
VERTEX
8
L9
10
-5.32972005636438
20
-54.41691459220559
0
VERTEX
8
L9
10
-5.324269651602393
20
-54.408757485029945
0
VERTEX
8
L9
10
-5.319930591947866
20
-54.39995874245732
0
VERTEX
8
L9
10
-5.3167771199145335
20
-54.39066891341263
0
VERTEX
8
L9
10
-5.314863192283184
20
-54.38104694944644
0
VERTEX
8
L9
10
-5.314221556886224
20
-54.37125748502994
0
VERTEX
8
L9
10
-5.314863192283184
20
-54.36146802061344
0
VERTEX
8
L9
10
-5.3167771199145335
20
-54.351846056647254
0
VERTEX
8
L9
10
-5.319930591947866
20
-54.34255622760256
0
VERTEX
8
L9
10
-5.324269651602393
20
-54.33375748502994
0
VERTEX
8
L9
10
-5.32972005636438
20
-54.325600377854286
0
VERTEX
8
L9
10
-5.33618854829723
20
-54.31822447644095
0
VERTEX
8
L9
10
-5.34356444971057
20
-54.311755984508096
0
VERTEX
8
L9
10
-5.351721556886218
20
-54.30630557974611
0
VERTEX
8
L9
10
-5.360520299458841
20
-54.3019665200916
0
VERTEX
8
L9
10
-5.369810128503531
20
-54.298813048058264
0
VERTEX
8
L9
10
-5.379432092469713
20
-54.29689912042691
0
VERTEX
8
L9
10
-5.389221556886213
20
-54.29625748502994
0
SEQEND
0
POLYLINE
8
L9
66
1
70
1
0
VERTEX
8
L9
10
-1.7245178893726347
20
-55.783608813748685
0
VERTEX
8
L9
10
-1.7343073537891343
20
-55.78425044914565
0
VERTEX
8
L9
10
-1.7439293177553168
20
-55.78616437677701
0
VERTEX
8
L9
10
-1.7532191468000065
20
-55.78931784881034
0
VERTEX
8
L9
10
-1.762017889372629
20
-55.793656908464854
0
VERTEX
8
L9
10
-1.7701749965482776
20
-55.79910731322684
0
VERTEX
8
L9
10
-1.7775508979616177
20
-55.8055758051597
0
VERTEX
8
L9
10
-1.7840193898944676
20
-55.81295170657303
0
VERTEX
8
L9
10
-1.789469794656469
20
-55.82110881374869
0
VERTEX
8
L9
10
-1.7938088543109814
20
-55.8299075563213
0
VERTEX
8
L9
10
-1.796962326344314
20
-55.839197385366
0
VERTEX
8
L9
10
-1.7988762539756635
20
-55.84881934933218
0
VERTEX
8
L9
10
-1.7995178893726376
20
-55.85860881374869
0
VERTEX
8
L9
10
-1.7988762539756635
20
-55.86839827816519
0
VERTEX
8
L9
10
-1.796962326344314
20
-55.87802024213138
0
VERTEX
8
L9
10
-1.7938088543109814
20
-55.88731007117607
0
VERTEX
8
L9
10
-1.789469794656469
20
-55.89610881374869
0
VERTEX
8
L9
10
-1.7840193898944676
20
-55.90426592092434
0
VERTEX
8
L9
10
-1.7775508979616177
20
-55.91164182233768
0
VERTEX
8
L9
10
-1.7701749965482776
20
-55.91811031427053
0
VERTEX
8
L9
10
-1.762017889372629
20
-55.92356071903252
0
VERTEX
8
L9
10
-1.7532191468000065
20
-55.927899778687035
0
VERTEX
8
L9
10
-1.7439293177553168
20
-55.93105325072037
0
VERTEX
8
L9
10
-1.7343073537891343
20
-55.932967178351724
0
VERTEX
8
L9
10
-1.7245178893726347
20
-55.933608813748684
0
VERTEX
8
L9
10
-1.714728424956121
20
-55.932967178351724
0
VERTEX
8
L9
10
-1.7051064609899385
20
-55.93105325072037
0
VERTEX
8
L9
10
-1.6958166319452488
20
-55.927899778687035
0
VERTEX
8
L9
10
-1.6870178893726262
20
-55.92356071903252
0
VERTEX
8
L9
10
-1.6788607821969777
20
-55.91811031427053
0
VERTEX
8
L9
10
-1.6714848807836375
20
-55.91164182233768
0
VERTEX
8
L9
10
-1.6650163888507876
20
-55.90426592092434
0
VERTEX
8
L9
10
-1.6595659840888004
20
-55.89610881374869
0
VERTEX
8
L9
10
-1.655226924434288
20
-55.88731007117607
0
VERTEX
8
L9
10
-1.6520734524009555
20
-55.87802024213138
0
VERTEX
8
L9
10
-1.6501595247695917
20
-55.86839827816519
0
VERTEX
8
L9
10
-1.6495178893726319
20
-55.85860881374869
0
VERTEX
8
L9
10
-1.6501595247695917
20
-55.84881934933218
0
VERTEX
8
L9
10
-1.6520734524009555
20
-55.839197385366
0
VERTEX
8
L9
10
-1.655226924434288
20
-55.8299075563213
0
VERTEX
8
L9
10
-1.6595659840888004
20
-55.82110881374869
0
VERTEX
8
L9
10
-1.6650163888507876
20
-55.81295170657303
0
VERTEX
8
L9
10
-1.6714848807836375
20
-55.8055758051597
0
VERTEX
8
L9
10
-1.6788607821969777
20
-55.79910731322684
0
VERTEX
8
L9
10
-1.6870178893726262
20
-55.793656908464854
0
VERTEX
8
L9
10
-1.6958166319452488
20
-55.78931784881034
0
VERTEX
8
L9
10
-1.7051064609899385
20
-55.78616437677701
0
VERTEX
8
L9
10
-1.714728424956121
20
-55.78425044914565
0
VERTEX
8
L9
10
-1.7245178893726347
20
-55.783608813748685
0
SEQEND
0
POLYLINE
8
L9
66
1
70
1
0
VERTEX
8
L9
10
-5.389221556886213
20
-55.254341317365274
0
VERTEX
8
L9
10
-5.3990110213027265
20
-55.254982952762234
0
VERTEX
8
L9
10
-5.408632985268909
20
-55.25689688039359
0
VERTEX
8
L9
10
-5.417922814313599
20
-55.26005035242692
0
VERTEX
8
L9
10
-5.426721556886221
20
-55.264389412081435
0
VERTEX
8
L9
10
-5.43487866406187
20
-55.26983981684343
0
VERTEX
8
L9
10
-5.44225456547521
20
-55.27630830877628
0
VERTEX
8
L9
10
-5.44872305740806
20
-55.28368421018962
0
VERTEX
8
L9
10
-5.454173462170047
20
-55.29184131736527
0
VERTEX
8
L9
10
-5.458512521824559
20
-55.30064005993789
0
VERTEX
8
L9
10
-5.461665993857892
20
-55.30992988898258
0
VERTEX
8
L9
10
-5.463579921489256
20
-55.31955185294877
0
VERTEX
8
L9
10
-5.464221556886216
20
-55.32934131736527
0
VERTEX
8
L9
10
-5.463579921489256
20
-55.339130781781776
0
VERTEX
8
L9
10
-5.461665993857892
20
-55.34875274574796
0
VERTEX
8
L9
10
-5.458512521824559
20
-55.358042574792655
0
VERTEX
8
L9
10
-5.454173462170047
20
-55.36684131736527
0
VERTEX
8
L9
10
-5.44872305740806
20
-55.37499842454093
0
VERTEX
8
L9
10
-5.44225456547521
20
-55.38237432595426
0
VERTEX
8
L9
10
-5.43487866406187
20
-55.38884281788712
0
VERTEX
8
L9
10
-5.426721556886221
20
-55.394293222649104
0
VERTEX
8
L9
10
-5.417922814313599
20
-55.398632282303616
0
VERTEX
8
L9
10
-5.408632985268909
20
-55.40178575433695
0
VERTEX
8
L9
10
-5.3990110213027265
20
-55.403699681968305
0
VERTEX
8
L9
10
-5.389221556886213
20
-55.40434131736527
0
VERTEX
8
L9
10
-5.379432092469713
20
-55.403699681968305
0
VERTEX
8
L9
10
-5.369810128503531
20
-55.40178575433695
0
VERTEX
8
L9
10
-5.360520299458841
20
-55.398632282303616
0
VERTEX
8
L9
10
-5.351721556886218
20
-55.394293222649104
0
VERTEX
8
L9
10
-5.34356444971057
20
-55.38884281788712
0
VERTEX
8
L9
10
-5.33618854829723
20
-55.38237432595426
0
VERTEX
8
L9
10
-5.32972005636438
20
-55.37499842454093
0
VERTEX
8
L9
10
-5.324269651602393
20
-55.36684131736527
0
VERTEX
8
L9
10
-5.319930591947866
20
-55.358042574792655
0
VERTEX
8
L9
10
-5.3167771199145335
20
-55.34875274574796
0
VERTEX
8
L9
10
-5.314863192283184
20
-55.339130781781776
0
VERTEX
8
L9
10
-5.314221556886224
20
-55.32934131736527
0
VERTEX
8
L9
10
-5.314863192283184
20
-55.31955185294877
0
VERTEX
8
L9
10
-5.3167771199145335
20
-55.30992988898258
0
VERTEX
8
L9
10
-5.319930591947866
20
-55.30064005993789
0
VERTEX
8
L9
10
-5.324269651602393
20
-55.29184131736527
0
VERTEX
8
L9
10
-5.32972005636438
20
-55.28368421018962
0
VERTEX
8
L9
10
-5.33618854829723
20
-55.27630830877628
0
VERTEX
8
L9
10
-5.34356444971057
20
-55.26983981684343
0
VERTEX
8
L9
10
-5.351721556886218
20
-55.264389412081435
0
VERTEX
8
L9
10
-5.360520299458841
20
-55.26005035242692
0
VERTEX
8
L9
10
-5.369810128503531
20
-55.25689688039359
0
VERTEX
8
L9
10
-5.379432092469713
20
-55.254982952762234
0
VERTEX
8
L9
10
-5.389221556886213
20
-55.254341317365274
0
SEQEND
0
POLYLINE
8
L9
66
1
70
1
0
VERTEX
8
L9
10
-4.131736526946099
20
-55.61362275449102
0
VERTEX
8
L9
10
-4.141525991362599
20
-55.614264389887985
0
VERTEX
8
L9
10
-4.1511479553287955
20
-55.61617831751934
0
VERTEX
8
L9
10
-4.160437784373485
20
-55.619331789552675
0
VERTEX
8
L9
10
-4.169236526946094
20
-55.62367084920719
0
VERTEX
8
L9
10
-4.177393634121756
20
-55.629121253969174
0
VERTEX
8
L9
10
-4.1847695355350965
20
-55.63558974590203
0
VERTEX
8
L9
10
-4.191238027467946
20
-55.642965647315364
0
VERTEX
8
L9
10
-4.196688432229934
20
-55.65112275449102
0
VERTEX
8
L9
10
-4.201027491884446
20
-55.659921497063635
0
VERTEX
8
L9
10
-4.2041809639177785
20
-55.66921132610833
0
VERTEX
8
L9
10
-4.206094891549142
20
-55.678833290074515
0
VERTEX
8
L9
10
-4.206736526946102
20
-55.68862275449102
0
VERTEX
8
L9
10
-4.206094891549142
20
-55.69841221890752
0
VERTEX
8
L9
10
-4.2041809639177785
20
-55.70803418287371
0
VERTEX
8
L9
10
-4.201027491884446
20
-55.7173240119184
0
VERTEX
8
L9
10
-4.196688432229934
20
-55.726122754491016
0
VERTEX
8
L9
10
-4.191238027467946
20
-55.73427986166667
0
VERTEX
8
L9
10
-4.1847695355350965
20
-55.74165576308001
0
VERTEX
8
L9
10
-4.177393634121756
20
-55.74812425501286
0
VERTEX
8
L9
10
-4.169236526946094
20
-55.75357465977485
0
VERTEX
8
L9
10
-4.160437784373485
20
-55.75791371942937
0
VERTEX
8
L9
10
-4.1511479553287955
20
-55.7610671914627
0
VERTEX
8
L9
10
-4.141525991362599
20
-55.76298111909406
0
VERTEX
8
L9
10
-4.131736526946099
20
-55.76362275449102
0
VERTEX
8
L9
10
-4.1219470625296
20
-55.76298111909406
0
VERTEX
8
L9
10
-4.112325098563417
20
-55.7610671914627
0
VERTEX
8
L9
10
-4.103035269518713
20
-55.75791371942937
0
VERTEX
8
L9
10
-4.094236526946105
20
-55.75357465977485
0
VERTEX
8
L9
10
-4.086079419770442
20
-55.74812425501286
0
VERTEX
8
L9
10
-4.078703518357102
20
-55.74165576308001
0
VERTEX
8
L9
10
-4.072235026424252
20
-55.73427986166667
0
VERTEX
8
L9
10
-4.066784621662265
20
-55.726122754491016
0
VERTEX
8
L9
10
-4.062445562007753
20
-55.7173240119184
0
VERTEX
8
L9
10
-4.05929208997442
20
-55.70803418287371
0
VERTEX
8
L9
10
-4.0573781623430705
20
-55.69841221890752
0
VERTEX
8
L9
10
-4.056736526946096
20
-55.68862275449102
0
VERTEX
8
L9
10
-4.0573781623430705
20
-55.678833290074515
0
VERTEX
8
L9
10
-4.05929208997442
20
-55.66921132610833
0
VERTEX
8
L9
10
-4.062445562007753
20
-55.659921497063635
0
VERTEX
8
L9
10
-4.066784621662265
20
-55.65112275449102
0
VERTEX
8
L9
10
-4.072235026424252
20
-55.642965647315364
0
VERTEX
8
L9
10
-4.078703518357102
20
-55.63558974590203
0
VERTEX
8
L9
10
-4.086079419770442
20
-55.629121253969174
0
VERTEX
8
L9
10
-4.094236526946105
20
-55.62367084920719
0
VERTEX
8
L9
10
-4.103035269518713
20
-55.619331789552675
0
VERTEX
8
L9
10
-4.112325098563417
20
-55.61617831751934
0
VERTEX
8
L9
10
-4.1219470625296
20
-55.614264389887985
0
VERTEX
8
L9
10
-4.131736526946099
20
-55.61362275449102
0
SEQEND
0
POLYLINE
8
L9
66
1
70
1
0
VERTEX
8
L9
10
-5.389221556886213
20
-56.2124251497006
0
VERTEX
8
L9
10
-5.3990110213027265
20
-56.21306678509757
0
VERTEX
8
L9
10
-5.408632985268909
20
-56.21498071272892
0
VERTEX
8
L9
10
-5.417922814313599
20
-56.218134184762256
0
VERTEX
8
L9
10
-5.426721556886221
20
-56.22247324441677
0
VERTEX
8
L9
10
-5.43487866406187
20
-56.227923649178756
0
VERTEX
8
L9
10
-5.44225456547521
20
-56.234392141111606
0
VERTEX
8
L9
10
-5.44872305740806
20
-56.241768042524946
0
VERTEX
8
L9
10
-5.454173462170047
20
-56.2499251497006
0
VERTEX
8
L9
10
-5.458512521824559
20
-56.25872389227322
0
VERTEX
8
L9
10
-5.461665993857892
20
-56.268013721317914
0
VERTEX
8
L9
10
-5.463579921489256
20
-56.277635685284096
0
VERTEX
8
L9
10
-5.464221556886216
20
-56.2874251497006
0
VERTEX
8
L9
10
-5.463579921489256
20
-56.2972146141171
0
VERTEX
8
L9
10
-5.461665993857892
20
-56.30683657808329
0
VERTEX
8
L9
10
-5.458512521824559
20
-56.31612640712798
0
VERTEX
8
L9
10
-5.454173462170047
20
-56.3249251497006
0
VERTEX
8
L9
10
-5.44872305740806
20
-56.33308225687625
0
VERTEX
8
L9
10
-5.44225456547521
20
-56.34045815828959
0
VERTEX
8
L9
10
-5.43487866406187
20
-56.34692665022244
0
VERTEX
8
L9
10
-5.426721556886221
20
-56.35237705498443
0
VERTEX
8
L9
10
-5.417922814313599
20
-56.35671611463895
0
VERTEX
8
L9
10
-5.408632985268909
20
-56.35986958667228
0
VERTEX
8
L9
10
-5.3990110213027265
20
-56.36178351430364
0
VERTEX
8
L9
10
-5.389221556886213
20
-56.3624251497006
0
VERTEX
8
L9
10
-5.379432092469713
20
-56.36178351430364
0
VERTEX
8
L9
10
-5.369810128503531
20
-56.35986958667228
0
VERTEX
8
L9
10
-5.360520299458841
20
-56.35671611463895
0
VERTEX
8
L9
10
-5.351721556886218
20
-56.35237705498443
0
VERTEX
8
L9
10
-5.34356444971057
20
-56.34692665022244
0
VERTEX
8
L9
10
-5.33618854829723
20
-56.34045815828959
0
VERTEX
8
L9
10
-5.32972005636438
20
-56.33308225687625
0
VERTEX
8
L9
10
-5.324269651602393
20
-56.3249251497006
0
VERTEX
8
L9
10
-5.319930591947866
20
-56.31612640712798
0
VERTEX
8
L9
10
-5.3167771199145335
20
-56.30683657808329
0
VERTEX
8
L9
10
-5.314863192283184
20
-56.2972146141171
0
VERTEX
8
L9
10
-5.314221556886224
20
-56.2874251497006
0
VERTEX
8
L9
10
-5.314863192283184
20
-56.277635685284096
0
VERTEX
8
L9
10
-5.3167771199145335
20
-56.268013721317914
0
VERTEX
8
L9
10
-5.319930591947866
20
-56.25872389227322
0
VERTEX
8
L9
10
-5.324269651602393
20
-56.2499251497006
0
VERTEX
8
L9
10
-5.32972005636438
20
-56.241768042524946
0
VERTEX
8
L9
10
-5.33618854829723
20
-56.234392141111606
0
VERTEX
8
L9
10
-5.34356444971057
20
-56.227923649178756
0
VERTEX
8
L9
10
-5.351721556886218
20
-56.22247324441677
0
VERTEX
8
L9
10
-5.360520299458841
20
-56.218134184762256
0
VERTEX
8
L9
10
-5.369810128503531
20
-56.21498071272892
0
VERTEX
8
L9
10
-5.379432092469713
20
-56.21306678509757
0
VERTEX
8
L9
10
-5.389221556886213
20
-56.2124251497006
0
SEQEND
0
POLYLINE
8
L9
66
1
70
1
0
VERTEX
8
L9
10
6.771657259382508
20
-56.29871330966362
0
VERTEX
8
L9
10
6.792863562455068
20
-56.31882209831538
0
VERTEX
8
L9
10
6.819145346541561
20
-56.33160249331235
0
VERTEX
8
L9
10
6.848057258260766
20
-56.33586535992852
0
VERTEX
8
L9
10
6.876909227530476
20
-56.33121406545208
0
VERTEX
8
L9
10
6.903016761533337
20
-56.318081383344584
0
VERTEX
8
L9
10
6.923950719753677
20
-56.29768922641415
0
VERTEX
8
L9
10
6.93776333010166
20
-56.27193495557567
0
VERTEX
8
L9
10
6.943169416757144
20
-56.24321484244705
0
VERTEX
8
L9
10
6.939665977631762
20
-56.21420111146771
0
VERTEX
8
L9
10
6.927578985524121
20
-56.18759330635649
0
VERTEX
8
L9
10
6.908033058417573
20
-56.165867114683934
0
VERTEX
8
L9
10
6.882846820907076
20
-56.15104402083983
0
VERTEX
8
L9
10
6.854363692710706
20
-56.14450321972706
0
VERTEX
8
L9
10
6.825233848322455
20
-56.14685329142013
0
VERTEX
8
L9
10
6.798167635077675
20
-56.15787557664758
0
VERTEX
8
L9
10
6.775683392517408
20
-56.17654452165093
0
VERTEX
8
L9
10
6.759873136860463
20
-56.20112309945985
0
VERTEX
8
L9
10
6.752207912157758
20
-56.229324429238844
0
VERTEX
8
L9
10
6.680832560392602
20
-56.23846295732267
0
VERTEX
8
L9
10
6.608874970707703
20
-56.23822042510439
0
VERTEX
8
L9
10
6.537562842504698
20
-56.22860097053055
0
VERTEX
8
L9
10
6.468112862689182
20
-56.209768715254995
0
VERTEX
8
L9
10
6.401709947251803
20
-56.18204496448867
0
VERTEX
8
L9
10
6.339487024906617
20
-56.1459027250732
0
VERTEX
8
L9
10
6.282505707706932
20
-56.10195863530761
0
VERTEX
8
L9
10
6.231738178425061
20
-56.05096244421696
0
VERTEX
8
L9
10
6.18805060372388
20
-55.9937842197616
0
VERTEX
8
L9
10
6.152188356114536
20
-55.931399504233326
0
VERTEX
8
L9
10
6.124763296835354
20
-55.86487267010849
0
VERTEX
8
L9
10
6.106243336624004
20
-55.79533876033126
0
VERTEX
8
L9
10
6.096944452490931
20
-55.72398412285745
0
VERTEX
8
L9
10
6.097025296699741
20
-55.65202616986161
0
VERTEX
8
L9
10
6.106484489932612
20
-55.580692606943984
0
VERTEX
8
L9
10
6.12516064482341
20
-55.51120048671706
0
VERTEX
8
L9
10
6.152735119457006
20
-55.44473544414715
0
VERTEX
8
L9
10
6.18873745385612
20
-55.3824314679261
0
VERTEX
8
L9
10
6.232553396701405
20
-55.32535155300222
0
VERTEX
8
L9
10
6.283435385337555
20
-55.274469564366065
0
VERTEX
8
L9
10
6.34051530026143
20
-55.23065362152078
0
VERTEX
8
L9
10
6.402819276482489
20
-55.19465128712167
0
VERTEX
8
L9
10
6.469284319052392
20
-55.16707681248808
0
VERTEX
8
L9
10
6.538776439279317
20
-55.148400657597286
0
VERTEX
8
L9
10
6.610110002196947
20
-55.138941464364414
0
VERTEX
8
L9
10
6.682067955192792
20
-55.13886062015559
0
VERTEX
8
L9
10
6.753422592666595
20
-55.148159504288664
0
VERTEX
8
L9
10
6.82295650244383
20
-55.16667946450003
0
VERTEX
8
L9
10
6.889483336568659
20
-55.194104523779195
0
VERTEX
8
L9
10
6.951868052096941
20
-55.22996677138854
0
VERTEX
8
L9
10
7.009046276552297
20
-55.27365434608973
0
VERTEX
8
L9
10
7.060042467642944
20
-55.32442187537159
0
VERTEX
8
L9
10
7.103986557408533
20
-55.38140319257129
0
VERTEX
8
L9
10
7.140128796824001
20
-55.44362611491646
0
VERTEX
8
L9
10
7.1678525475903285
20
-55.510029030353856
0
VERTEX
8
L9
10
7.186684802865884
20
-55.579479010169365
0
VERTEX
8
L9
10
7.196304257439721
20
-55.65079113837236
0
VERTEX
8
L9
10
7.196546789658001
20
-55.72274872805727
0
VERTEX
8
L9
10
7.187408261574177
20
-55.794124079822424
0
VERTEX
8
L9
10
7.1592069317951825
20
-55.80178930452514
0
VERTEX
8
L9
10
7.1346283539862725
20
-55.81759956018208
0
VERTEX
8
L9
10
7.115959408982917
20
-55.84008380274234
0
VERTEX
8
L9
10
7.104937123755462
20
-55.867150015987114
0
VERTEX
8
L9
10
7.102587052062404
20
-55.89627986037538
0
VERTEX
8
L9
10
7.109127853175167
20
-55.924762988571736
0
VERTEX
8
L9
10
7.123950947019267
20
-55.94994922608224
0
VERTEX
8
L9
10
7.145677138691823
20
-55.96949515318878
0
VERTEX
8
L9
10
7.172284943803049
20
-55.98158214529643
0
VERTEX
8
L9
10
7.201298674782393
20
-55.98508558442181
0
VERTEX
8
L9
10
7.230018787911007
20
-55.97967949776632
0
VERTEX
8
L9
10
7.255773058749483
20
-55.96586688741834
0
VERTEX
8
L9
10
7.276165215679924
20
-55.944932929197996
0
VERTEX
8
L9
10
7.289297897787421
20
-55.91882539519514
0
VERTEX
8
L9
10
7.293949192263852
20
-55.88997342592543
0
VERTEX
8
L9
10
7.289686325647693
20
-55.86106151420622
0
VERTEX
8
L9
10
7.276905930650713
20
-55.83477973011974
0
VERTEX
8
L9
10
7.256797141998945
20
-55.813573427047174
0
VERTEX
8
L9
10
7.267459672722282
20
-55.7385102522607
0
VERTEX
8
L9
10
7.268921633373168
20
-55.66270766364062
0
VERTEX
8
L9
10
7.2611613553176255
20
-55.58728917880467
0
VERTEX
8
L9
10
7.244293858494572
20
-55.51337262232795
0
VERTEX
8
L9
10
7.218569146633357
20
-55.442053557765185
0
VERTEX
8
L9
10
7.184368501791923
20
-55.37438904961741
0
VERTEX
8
L9
10
7.142198833136803
20
-55.31138199591731
0
VERTEX
8
L9
10
7.092685163724994
20
-55.25396626364968
0
VERTEX
8
L9
10
7.036561366645998
20
-55.20299284732424
0
VERTEX
8
L9
10
6.9746592878293825
20
-55.15921725585329
0
VERTEX
8
L9
10
6.907896416735468
20
-55.12328831468119
0
VERTEX
8
L9
10
6.837262287669759
20
-55.09573854913628
0
VERTEX
8
L9
10
6.76380381327553
20
-55.07697629153962
0
VERTEX
8
L9
10
6.6886097675862
20
-55.06727962905609
0
VERTEX
8
L9
10
6.612794648623762
20
-55.06679228199037
0
VERTEX
8
L9
10
6.537482159726025
20
-55.0755214736184
0
VERTEX
8
L9
10
6.463788554435951
20
-55.09333782312666
0
VERTEX
8
L9
10
6.392806091809135
20
-55.119977263246206
0
VERTEX
8
L9
10
6.325586847358608
20
-55.155044954158946
0
VERTEX
8
L9
10
6.263127119585093
20
-55.198021135665776
0
VERTEX
8
L9
10
6.206352663213181
20
-55.24826883087784
0
VERTEX
8
L9
10
6.156104968001117
20
-55.30504328724975
0
VERTEX
8
L9
10
6.113128786494286
20
-55.367503015023274
0
VERTEX
8
L9
10
6.078061095581546
20
-55.434722259473794
0
VERTEX
8
L9
10
6.0514216554619935
20
-55.50570472210061
0
VERTEX
8
L9
10
6.033605305953728
20
-55.57939832739069
0
VERTEX
8
L9
10
6.024876114325707
20
-55.65471081628843
0
VERTEX
8
L9
10
6.0253634613914215
20
-55.73052593525086
0
VERTEX
8
L9
10
6.035060123874956
20
-55.805719980940204
0
VERTEX
8
L9
10
6.053822381471619
20
-55.879178455334426
0
VERTEX
8
L9
10
6.081372147016523
20
-55.949812584400135
0
VERTEX
8
L9
10
6.117301088188626
20
-56.01657545549405
0
VERTEX
8
L9
10
6.161076679659573
20
-56.078477534310665
0
VERTEX
8
L9
10
6.2120500959850204
20
-56.13460133138966
0
VERTEX
8
L9
10
6.269465828252649
20
-56.18411500080147
0
VERTEX
8
L9
10
6.332472881952739
20
-56.2262846694566
0
VERTEX
8
L9
10
6.400137390100525
20
-56.26048531429802
0
VERTEX
8
L9
10
6.471456454663283
20
-56.28621002615924
0
VERTEX
8
L9
10
6.545373011140001
20
-56.30307752298229
0
VERTEX
8
L9
10
6.620791495975951
20
-56.310837801037835
0
VERTEX
8
L9
10
6.696594084596043
20
-56.30937584038695
0
VERTEX
8
L9
10
6.771657259382508
20
-56.29871330966362
0
SEQEND
0
POLYLINE
8
L9
66
1
70
1
0
VERTEX
8
L9
10
3.5216459717735233
20
-55.813573427047174
0
VERTEX
8
L9
10
3.501537183121755
20
-55.83477973011974
0
VERTEX
8
L9
10
3.4887567881247747
20
-55.86106151420622
0
VERTEX
8
L9
10
3.4844939215086157
20
-55.88997342592543
0
VERTEX
8
L9
10
3.4891452159850473
20
-55.91882539519514
0
VERTEX
8
L9
10
3.5022778980925438
20
-55.944932929198
0
VERTEX
8
L9
10
3.522670055022985
20
-55.96586688741835
0
VERTEX
8
L9
10
3.5484243258614754
20
-55.97967949776632
0
VERTEX
8
L9
10
3.577144438990075
20
-55.98508558442181
0
VERTEX
8
L9
10
3.6061581699694187
20
-55.98158214529643
0
VERTEX
8
L9
10
3.6327659750806447
20
-55.96949515318878
0
VERTEX
8
L9
10
3.654492166753201
20
-55.949949226082246
0
VERTEX
8
L9
10
3.6693152605973154
20
-55.924762988571736
0
VERTEX
8
L9
10
3.6758560617100784
20
-55.89627986037538
0
VERTEX
8
L9
10
3.6735059900170057
20
-55.867150015987114
0
VERTEX
8
L9
10
3.6624837047895653
20
-55.84008380274234
0
VERTEX
8
L9
10
3.64381475978621
20
-55.81759956018208
0
VERTEX
8
L9
10
3.6192361819772856
20
-55.80178930452514
0
VERTEX
8
L9
10
3.591034852198291
20
-55.794124079822424
0
VERTEX
8
L9
10
3.5818963241144672
20
-55.72274872805727
0
VERTEX
8
L9
10
3.5821388563327474
20
-55.65079113837236
0
VERTEX
8
L9
10
3.5917583109065845
20
-55.579479010169365
0
VERTEX
8
L9
10
3.6105905661821396
20
-55.510029030353856
0
VERTEX
8
L9
10
3.638314316948467
20
-55.44362611491646
0
VERTEX
8
L9
10
3.6744565563639355
20
-55.38140319257129
0
VERTEX
8
L9
10
3.718400646129524
20
-55.32442187537159
0
VERTEX
8
L9
10
3.769396837220171
20
-55.27365434608973
0
VERTEX
8
L9
10
3.826575061675527
20
-55.22996677138855
0
VERTEX
8
L9
10
3.8889597772038087
20
-55.194104523779195
0
VERTEX
8
L9
10
3.955486611328638
20
-55.16667946450003
0
VERTEX
8
L9
10
4.025020521105873
20
-55.148159504288664
0
VERTEX
8
L9
10
4.096375158579676
20
-55.1388606201556
0
VERTEX
8
L9
10
4.168333111575535
20
-55.138941464364414
0
VERTEX
8
L9
10
4.239666674493151
20
-55.148400657597286
0
VERTEX
8
L9
10
4.3091587947200765
20
-55.16707681248808
0
VERTEX
8
L9
10
4.375623837289979
20
-55.19465128712167
0
VERTEX
8
L9
10
4.437927813511038
20
-55.23065362152079
0
VERTEX
8
L9
10
4.4950077284349135
20
-55.27446956436607
0
VERTEX
8
L9
10
4.545889717071063
20
-55.32535155300222
0
VERTEX
8
L9
10
4.589705659916348
20
-55.382431467926104
0
VERTEX
8
L9
10
4.625707994315462
20
-55.44473544414715
0
VERTEX
8
L9
10
4.653282468949058
20
-55.51120048671706
0
VERTEX
8
L9
10
4.671958623839856
20
-55.58069260694399
0
VERTEX
8
L9
10
4.681417817072727
20
-55.65202616986161
0
VERTEX
8
L9
10
4.6814986612815375
20
-55.72398412285745
0
VERTEX
8
L9
10
4.672199777148478
20
-55.79533876033126
0
VERTEX
8
L9
10
4.653679816937114
20
-55.8648726701085
0
VERTEX
8
L9
10
4.6262547576579465
20
-55.931399504233326
0
VERTEX
8
L9
10
4.590392510048588
20
-55.99378421976161
0
VERTEX
8
L9
10
4.546704935347407
20
-56.05096244421696
0
VERTEX
8
L9
10
4.495937406065551
20
-56.10195863530761
0
VERTEX
8
L9
10
4.438956088865851
20
-56.1459027250732
0
VERTEX
8
L9
10
4.37673316652068
20
-56.18204496448867
0
VERTEX
8
L9
10
4.310330251083286
20
-56.209768715254995
0
VERTEX
8
L9
10
4.24088027126777
20
-56.22860097053056
0
VERTEX
8
L9
10
4.1695681430647795
20
-56.23822042510439
0
VERTEX
8
L9
10
4.097610553379866
20
-56.23846295732267
0
VERTEX
8
L9
10
4.0262352016147105
20
-56.229324429238844
0
VERTEX
8
L9
10
4.018569976912005
20
-56.20112309945985
0
VERTEX
8
L9
10
4.00275972125506
20
-56.17654452165093
0
VERTEX
8
L9
10
3.980275478694793
20
-56.15787557664758
0
VERTEX
8
L9
10
3.9532092654500275
20
-56.14685329142013
0
VERTEX
8
L9
10
3.924079421061762
20
-56.14450321972706
0
VERTEX
8
L9
10
3.895596292865406
20
-56.15104402083982
0
VERTEX
8
L9
10
3.8704100553548955
20
-56.165867114683934
0
VERTEX
8
L9
10
3.8508641282483467
20
-56.18759330635649
0
VERTEX
8
L9
10
3.838777136140706
20
-56.21420111146771
0
VERTEX
8
L9
10
3.8352736970153245
20
-56.24321484244705
0
VERTEX
8
L9
10
3.840679783670808
20
-56.27193495557566
0
VERTEX
8
L9
10
3.8544923940187914
20
-56.29768922641414
0
VERTEX
8
L9
10
3.8754263522391312
20
-56.318081383344584
0
VERTEX
8
L9
10
3.9015338862419924
20
-56.33121406545208
0
VERTEX
8
L9
10
3.9303858555117017
20
-56.33586535992852
0
VERTEX
8
L9
10
3.9592977672309217
20
-56.33160249331235
0
VERTEX
8
L9
10
3.9855795513174
20
-56.31882209831538
0
VERTEX
8
L9
10
4.00678585438996
20
-56.29871330966362
0
VERTEX
8
L9
10
4.081849029176425
20
-56.30937584038695
0
VERTEX
8
L9
10
4.1576516177965175
20
-56.310837801037835
0
VERTEX
8
L9
10
4.2330701026324675
20
-56.30307752298229
0
VERTEX
8
L9
10
4.306986659109185
20
-56.286210026159246
0
VERTEX
8
L9
10
4.378305723671943
20
-56.26048531429802
0
VERTEX
8
L9
10
4.445970231819729
20
-56.2262846694566
0
VERTEX
8
L9
10
4.508977285519819
20
-56.18411500080147
0
VERTEX
8
L9
10
4.566393017787462
20
-56.13460133138966
0
VERTEX
8
L9
10
4.6173664341128955
20
-56.078477534310665
0
VERTEX
8
L9
10
4.6611420255838425
20
-56.01657545549405
0
VERTEX
8
L9
10
4.697070966755945
20
-55.949812584400135
0
VERTEX
8
L9
10
4.724620732300849
20
-55.879178455334426
0
VERTEX
8
L9
10
4.743382989897512
20
-55.805719980940204
0
VERTEX
8
L9
10
4.753079652381047
20
-55.73052593525086
0
VERTEX
8
L9
10
4.753566999446775
20
-55.65471081628843
0
VERTEX
8
L9
10
4.74483780781874
20
-55.57939832739069
0
VERTEX
8
L9
10
4.727021458310475
20
-55.50570472210062
0
VERTEX
8
L9
10
4.700382018190922
20
-55.434722259473794
0
VERTEX
8
L9
10
4.665314327278182
20
-55.367503015023274
0
VERTEX
8
L9
10
4.622338145771366
20
-55.30504328724975
0
VERTEX
8
L9
10
4.572090450559301
20
-55.24826883087784
0
VERTEX
8
L9
10
4.5153159941873895
20
-55.198021135665776
0
VERTEX
8
L9
10
4.4528562664138605
20
-55.155044954158946
0
VERTEX
8
L9
10
4.385637021963348
20
-55.119977263246206
0
VERTEX
8
L9
10
4.3146545593365175
20
-55.09333782312666
0
VERTEX
8
L9
10
4.240960954046443
20
-55.075521473618394
0
VERTEX
8
L9
10
4.165648465148706
20
-55.06679228199037
0
VERTEX
8
L9
10
4.089833346186282
20
-55.06727962905609
0
VERTEX
8
L9
10
4.014639300496938
20
-55.07697629153962
0
VERTEX
8
L9
10
3.941180826102709
20
-55.09573854913628
0
VERTEX
8
L9
10
3.8705466970369997
20
-55.12328831468119
0
VERTEX
8
L9
10
3.8037838259430856
20
-55.15921725585329
0
VERTEX
8
L9
10
3.7418817471264703
20
-55.20299284732424
0
VERTEX
8
L9
10
3.685757950047474
20
-55.25396626364968
0
VERTEX
8
L9
10
3.6362442806356654
20
-55.31138199591731
0
VERTEX
8
L9
10
3.5940746119805453
20
-55.37438904961741
0
VERTEX
8
L9
10
3.5598739671391115
20
-55.442053557765185
0
VERTEX
8
L9
10
3.534149255277896
20
-55.51337262232795
0
VERTEX
8
L9
10
3.5172817584548426
20
-55.58728917880466
0
VERTEX
8
L9
10
3.5095214803993002
20
-55.66270766364062
0
VERTEX
8
L9
10
3.510983441050186
20
-55.7385102522607
0
VERTEX
8
L9
10
3.5216459717735233
20
-55.813573427047174
0
SEQEND
0
POLYLINE
8
L9
66
1
70
1
0
VERTEX
8
L9
10
5.389221556886241
20
-56.69146706586827
0
VERTEX
8
L9
10
5.379432092469727
20
-56.69210870126523
0
VERTEX
8
L9
10
5.369810128503545
20
-56.69402262889658
0
VERTEX
8
L9
10
5.360520299458855
20
-56.697176100929916
0
VERTEX
8
L9
10
5.351721556886233
20
-56.701515160584435
0
VERTEX
8
L9
10
5.343564449710584
20
-56.70696556534642
0
VERTEX
8
L9
10
5.336188548297244
20
-56.71343405727927
0
VERTEX
8
L9
10
5.329720056364394
20
-56.72080995869261
0
VERTEX
8
L9
10
5.324269651602407
20
-56.72896706586826
0
VERTEX
8
L9
10
5.3199305919478945
20
-56.737765808440884
0
VERTEX
8
L9
10
5.316777119914562
20
-56.74705563748557
0
VERTEX
8
L9
10
5.314863192283198
20
-56.75667760145176
0
VERTEX
8
L9
10
5.314221556886238
20
-56.76646706586826
0
VERTEX
8
L9
10
5.314863192283198
20
-56.77625653028477
0
VERTEX
8
L9
10
5.316777119914562
20
-56.78587849425095
0
VERTEX
8
L9
10
5.3199305919478945
20
-56.79516832329565
0
VERTEX
8
L9
10
5.324269651602407
20
-56.803967065868264
0
VERTEX
8
L9
10
5.329720056364394
20
-56.81212417304392
0
VERTEX
8
L9
10
5.336188548297244
20
-56.81950007445725
0
VERTEX
8
L9
10
5.343564449710584
20
-56.82596856639011
0
VERTEX
8
L9
10
5.351721556886233
20
-56.8314189711521
0
VERTEX
8
L9
10
5.360520299458855
20
-56.83575803080661
0
VERTEX
8
L9
10
5.369810128503545
20
-56.83891150283994
0
VERTEX
8
L9
10
5.379432092469727
20
-56.8408254304713
0
VERTEX
8
L9
10
5.389221556886241
20
-56.841467065868265
0
VERTEX
8
L9
10
5.399011021302741
20
-56.8408254304713
0
VERTEX
8
L9
10
5.408632985268923
20
-56.83891150283994
0
VERTEX
8
L9
10
5.417922814313613
20
-56.83575803080661
0
VERTEX
8
L9
10
5.4267215568862355
20
-56.8314189711521
0
VERTEX
8
L9
10
5.434878664061884
20
-56.82596856639011
0
VERTEX
8
L9
10
5.442254565475224
20
-56.81950007445725
0
VERTEX
8
L9
10
5.448723057408074
20
-56.81212417304392
0
VERTEX
8
L9
10
5.454173462170061
20
-56.803967065868264
0
VERTEX
8
L9
10
5.458512521824588
20
-56.79516832329565
0
VERTEX
8
L9
10
5.46166599385792
20
-56.78587849425095
0
VERTEX
8
L9
10
5.46357992148927
20
-56.77625653028477
0
VERTEX
8
L9
10
5.46422155688623
20
-56.76646706586826
0
VERTEX
8
L9
10
5.46357992148927
20
-56.75667760145176
0
VERTEX
8
L9
10
5.46166599385792
20
-56.74705563748557
0
VERTEX
8
L9
10
5.458512521824588
20
-56.737765808440884
0
VERTEX
8
L9
10
5.454173462170061
20
-56.72896706586826
0
VERTEX
8
L9
10
5.448723057408074
20
-56.72080995869261
0
VERTEX
8
L9
10
5.442254565475224
20
-56.71343405727927
0
VERTEX
8
L9
10
5.434878664061884
20
-56.70696556534642
0
VERTEX
8
L9
10
5.4267215568862355
20
-56.701515160584435
0
VERTEX
8
L9
10
5.417922814313613
20
-56.697176100929916
0
VERTEX
8
L9
10
5.408632985268923
20
-56.69402262889658
0
VERTEX
8
L9
10
5.399011021302741
20
-56.69210870126523
0
VERTEX
8
L9
10
5.389221556886241
20
-56.69146706586827
0
SEQEND
0
POLYLINE
8
L9
66
1
70
1
0
VERTEX
8
L9
10
1.2574850299401277
20
-55.61362275449102
0
VERTEX
8
L9
10
1.2476955655236281
20
-55.614264389887985
0
VERTEX
8
L9
10
1.2380736015574456
20
-55.61617831751934
0
VERTEX
8
L9
10
1.228783772512756
20
-55.619331789552675
0
VERTEX
8
L9
10
1.2199850299401334
20
-55.62367084920719
0
VERTEX
8
L9
10
1.2118279227644706
20
-55.629121253969174
0
VERTEX
8
L9
10
1.2044520213511447
20
-55.63558974590203
0
VERTEX
8
L9
10
1.1979835294182948
20
-55.642965647315364
0
VERTEX
8
L9
10
1.1925331246562934
20
-55.65112275449102
0
VERTEX
8
L9
10
1.188194065001781
20
-55.659921497063635
0
VERTEX
8
L9
10
1.1850405929684484
20
-55.66921132610833
0
VERTEX
8
L9
10
1.1831266653370989
20
-55.678833290074515
0
VERTEX
8
L9
10
1.1824850299401248
20
-55.68862275449102
0
VERTEX
8
L9
10
1.1831266653370989
20
-55.69841221890752
0
VERTEX
8
L9
10
1.1850405929684484
20
-55.70803418287371
0
VERTEX
8
L9
10
1.188194065001781
20
-55.7173240119184
0
VERTEX
8
L9
10
1.1925331246562934
20
-55.726122754491016
0
VERTEX
8
L9
10
1.1979835294182948
20
-55.73427986166667
0
VERTEX
8
L9
10
1.2044520213511447
20
-55.74165576308001
0
VERTEX
8
L9
10
1.2118279227644706
20
-55.74812425501286
0
VERTEX
8
L9
10
1.2199850299401334
20
-55.75357465977485
0
VERTEX
8
L9
10
1.228783772512756
20
-55.75791371942937
0
VERTEX
8
L9
10
1.2380736015574456
20
-55.7610671914627
0
VERTEX
8
L9
10
1.2476955655236281
20
-55.76298111909406
0
VERTEX
8
L9
10
1.2574850299401277
20
-55.76362275449102
0
VERTEX
8
L9
10
1.2672744943566414
20
-55.76298111909406
0
VERTEX
8
L9
10
1.276896458322824
20
-55.7610671914627
0
VERTEX
8
L9
10
1.2861862873675136
20
-55.75791371942937
0
VERTEX
8
L9
10
1.2949850299401362
20
-55.75357465977485
0
VERTEX
8
L9
10
1.3031421371157847
20
-55.74812425501286
0
VERTEX
8
L9
10
1.3105180385291249
20
-55.74165576308001
0
VERTEX
8
L9
10
1.3169865304619748
20
-55.73427986166667
0
VERTEX
8
L9
10
1.322436935223962
20
-55.726122754491016
0
VERTEX
8
L9
10
1.3267759948784743
20
-55.7173240119184
0
VERTEX
8
L9
10
1.329929466911807
20
-55.70803418287371
0
VERTEX
8
L9
10
1.3318433945431707
20
-55.69841221890752
0
VERTEX
8
L9
10
1.3324850299401305
20
-55.68862275449102
0
VERTEX
8
L9
10
1.3318433945431707
20
-55.678833290074515
0
VERTEX
8
L9
10
1.329929466911807
20
-55.66921132610833
0
VERTEX
8
L9
10
1.3267759948784743
20
-55.659921497063635
0
VERTEX
8
L9
10
1.322436935223962
20
-55.65112275449102
0
VERTEX
8
L9
10
1.3169865304619748
20
-55.642965647315364
0
VERTEX
8
L9
10
1.3105180385291249
20
-55.63558974590203
0
VERTEX
8
L9
10
1.3031421371157847
20
-55.629121253969174
0
VERTEX
8
L9
10
1.2949850299401362
20
-55.62367084920719
0
VERTEX
8
L9
10
1.2861862873675136
20
-55.619331789552675
0
VERTEX
8
L9
10
1.276896458322824
20
-55.61617831751934
0
VERTEX
8
L9
10
1.2672744943566414
20
-55.614264389887985
0
VERTEX
8
L9
10
1.2574850299401277
20
-55.61362275449102
0
SEQEND
0
POLYLINE
8
L9
66
1
70
1
0
VERTEX
8
L9
10
5.389221556886241
20
-55.73338323353293
0
VERTEX
8
L9
10
5.379432092469727
20
-55.7340248689299
0
VERTEX
8
L9
10
5.369810128503545
20
-55.73593879656126
0
VERTEX
8
L9
10
5.360520299458855
20
-55.73909226859459
0
VERTEX
8
L9
10
5.351721556886233
20
-55.7434313282491
0
VERTEX
8
L9
10
5.343564449710584
20
-55.74888173301109
0
VERTEX
8
L9
10
5.336188548297244
20
-55.755350224943946
0
VERTEX
8
L9
10
5.329720056364394
20
-55.76272612635728
0
VERTEX
8
L9
10
5.324269651602407
20
-55.770883233532935
0
VERTEX
8
L9
10
5.3199305919478945
20
-55.77968197610555
0
VERTEX
8
L9
10
5.316777119914562
20
-55.78897180515025
0
VERTEX
8
L9
10
5.314863192283198
20
-55.79859376911643
0
VERTEX
8
L9
10
5.314221556886238
20
-55.808383233532936
0
VERTEX
8
L9
10
5.314863192283198
20
-55.818172697949436
0
VERTEX
8
L9
10
5.316777119914562
20
-55.827794661915625
0
VERTEX
8
L9
10
5.3199305919478945
20
-55.837084490960315
0
VERTEX
8
L9
10
5.324269651602407
20
-55.84588323353294
0
VERTEX
8
L9
10
5.329720056364394
20
-55.854040340708586
0
VERTEX
8
L9
10
5.336188548297244
20
-55.861416242121926
0
VERTEX
8
L9
10
5.343564449710584
20
-55.867884734054776
0
VERTEX
8
L9
10
5.351721556886233
20
-55.87333513881677
0
VERTEX
8
L9
10
5.360520299458855
20
-55.87767419847128
0
VERTEX
8
L9
10
5.369810128503545
20
-55.880827670504615
0
VERTEX
8
L9
10
5.379432092469727
20
-55.88274159813597
0
VERTEX
8
L9
10
5.389221556886241
20
-55.88338323353293
0
VERTEX
8
L9
10
5.399011021302741
20
-55.88274159813597
0
VERTEX
8
L9
10
5.408632985268923
20
-55.880827670504615
0
VERTEX
8
L9
10
5.417922814313613
20
-55.87767419847128
0
VERTEX
8
L9
10
5.4267215568862355
20
-55.87333513881677
0
VERTEX
8
L9
10
5.434878664061884
20
-55.867884734054776
0
VERTEX
8
L9
10
5.442254565475224
20
-55.861416242121926
0
VERTEX
8
L9
10
5.448723057408074
20
-55.854040340708586
0
VERTEX
8
L9
10
5.454173462170061
20
-55.84588323353294
0
VERTEX
8
L9
10
5.458512521824588
20
-55.837084490960315
0
VERTEX
8
L9
10
5.46166599385792
20
-55.827794661915625
0
VERTEX
8
L9
10
5.46357992148927
20
-55.818172697949436
0
VERTEX
8
L9
10
5.46422155688623
20
-55.808383233532936
0
VERTEX
8
L9
10
5.46357992148927
20
-55.79859376911643
0
VERTEX
8
L9
10
5.46166599385792
20
-55.78897180515025
0
VERTEX
8
L9
10
5.458512521824588
20
-55.77968197610555
0
VERTEX
8
L9
10
5.454173462170061
20
-55.770883233532935
0
VERTEX
8
L9
10
5.448723057408074
20
-55.76272612635728
0
VERTEX
8
L9
10
5.442254565475224
20
-55.755350224943946
0
VERTEX
8
L9
10
5.434878664061884
20
-55.74888173301109
0
VERTEX
8
L9
10
5.4267215568862355
20
-55.7434313282491
0
VERTEX
8
L9
10
5.417922814313613
20
-55.73909226859459
0
VERTEX
8
L9
10
5.408632985268923
20
-55.73593879656126
0
VERTEX
8
L9
10
5.399011021302741
20
-55.7340248689299
0
VERTEX
8
L9
10
5.389221556886241
20
-55.73338323353293
0
SEQEND
0
POLYLINE
8
L9
66
1
70
1
0
VERTEX
8
L9
10
1.724517889372649
20
-55.783608813748685
0
VERTEX
8
L9
10
1.7147284249561494
20
-55.78425044914565
0
VERTEX
8
L9
10
1.7051064609899527
20
-55.78616437677701
0
VERTEX
8
L9
10
1.695816631945263
20
-55.78931784881034
0
VERTEX
8
L9
10
1.6870178893726546
20
-55.793656908464854
0
VERTEX
8
L9
10
1.6788607821969919
20
-55.79910731322684
0
VERTEX
8
L9
10
1.6714848807836518
20
-55.8055758051597
0
VERTEX
8
L9
10
1.6650163888508018
20
-55.81295170657303
0
VERTEX
8
L9
10
1.6595659840888146
20
-55.82110881374869
0
VERTEX
8
L9
10
1.6552269244343023
20
-55.8299075563213
0
VERTEX
8
L9
10
1.6520734524009697
20
-55.839197385366
0
VERTEX
8
L9
10
1.650159524769606
20
-55.84881934933218
0
VERTEX
8
L9
10
1.649517889372646
20
-55.85860881374869
0
VERTEX
8
L9
10
1.650159524769606
20
-55.86839827816519
0
VERTEX
8
L9
10
1.6520734524009697
20
-55.87802024213138
0
VERTEX
8
L9
10
1.6552269244343023
20
-55.88731007117607
0
VERTEX
8
L9
10
1.6595659840888146
20
-55.89610881374869
0
VERTEX
8
L9
10
1.6650163888508018
20
-55.90426592092434
0
VERTEX
8
L9
10
1.6714848807836518
20
-55.91164182233768
0
VERTEX
8
L9
10
1.6788607821969919
20
-55.91811031427053
0
VERTEX
8
L9
10
1.6870178893726546
20
-55.92356071903252
0
VERTEX
8
L9
10
1.695816631945263
20
-55.927899778687035
0
VERTEX
8
L9
10
1.7051064609899527
20
-55.93105325072037
0
VERTEX
8
L9
10
1.7147284249561494
20
-55.932967178351724
0
VERTEX
8
L9
10
1.724517889372649
20
-55.933608813748684
0
VERTEX
8
L9
10
1.7343073537891485
20
-55.932967178351724
0
VERTEX
8
L9
10
1.743929317755331
20
-55.93105325072037
0
VERTEX
8
L9
10
1.7532191468000349
20
-55.927899778687035
0
VERTEX
8
L9
10
1.7620178893726433
20
-55.92356071903252
0
VERTEX
8
L9
10
1.770174996548306
20
-55.91811031427053
0
VERTEX
8
L9
10
1.777550897961632
20
-55.91164182233768
0
VERTEX
8
L9
10
1.784019389894496
20
-55.90426592092434
0
VERTEX
8
L9
10
1.7894697946564833
20
-55.89610881374869
0
VERTEX
8
L9
10
1.7938088543109956
20
-55.88731007117607
0
VERTEX
8
L9
10
1.7969623263443282
20
-55.87802024213138
0
VERTEX
8
L9
10
1.7988762539756777
20
-55.86839827816519
0
VERTEX
8
L9
10
1.7995178893726518
20
-55.85860881374869
0
VERTEX
8
L9
10
1.7988762539756777
20
-55.84881934933218
0
VERTEX
8
L9
10
1.7969623263443282
20
-55.839197385366
0
VERTEX
8
L9
10
1.7938088543109956
20
-55.8299075563213
0
VERTEX
8
L9
10
1.7894697946564833
20
-55.82110881374869
0
VERTEX
8
L9
10
1.784019389894496
20
-55.81295170657303
0
VERTEX
8
L9
10
1.777550897961632
20
-55.8055758051597
0
VERTEX
8
L9
10
1.770174996548306
20
-55.79910731322684
0
VERTEX
8
L9
10
1.7620178893726433
20
-55.793656908464854
0
VERTEX
8
L9
10
1.7532191468000349
20
-55.78931784881034
0
VERTEX
8
L9
10
1.743929317755331
20
-55.78616437677701
0
VERTEX
8
L9
10
1.7343073537891485
20
-55.78425044914565
0
VERTEX
8
L9
10
1.724517889372649
20
-55.783608813748685
0
SEQEND
0
POLYLINE
8
L9
66
1
70
1
0
VERTEX
8
L9
10
5.389221556886241
20
-54.77529940119761
0
VERTEX
8
L9
10
5.379432092469727
20
-54.775941036594574
0
VERTEX
8
L9
10
5.369810128503545
20
-54.777854964225924
0
VERTEX
8
L9
10
5.360520299458855
20
-54.78100843625926
0
VERTEX
8
L9
10
5.351721556886233
20
-54.785347495913776
0
VERTEX
8
L9
10
5.343564449710584
20
-54.79079790067576
0
VERTEX
8
L9
10
5.336188548297244
20
-54.79726639260861
0
VERTEX
8
L9
10
5.329720056364394
20
-54.80464229402195
0
VERTEX
8
L9
10
5.324269651602407
20
-54.81279940119761
0
VERTEX
8
L9
10
5.3199305919478945
20
-54.821598143770224
0
VERTEX
8
L9
10
5.316777119914562
20
-54.83088797281492
0
VERTEX
8
L9
10
5.314863192283198
20
-54.8405099367811
0
VERTEX
8
L9
10
5.314221556886238
20
-54.8502994011976
0
VERTEX
8
L9
10
5.314863192283198
20
-54.86008886561411
0
VERTEX
8
L9
10
5.316777119914562
20
-54.86971082958029
0
VERTEX
8
L9
10
5.3199305919478945
20
-54.87900065862499
0
VERTEX
8
L9
10
5.324269651602407
20
-54.887799401197604
0
VERTEX
8
L9
10
5.329720056364394
20
-54.89595650837326
0
VERTEX
8
L9
10
5.336188548297244
20
-54.9033324097866
0
VERTEX
8
L9
10
5.343564449710584
20
-54.90980090171945
0
VERTEX
8
L9
10
5.351721556886233
20
-54.91525130648144
0
VERTEX
8
L9
10
5.360520299458855
20
-54.91959036613595
0
VERTEX
8
L9
10
5.369810128503545
20
-54.92274383816929
0
VERTEX
8
L9
10
5.379432092469727
20
-54.92465776580064
0
VERTEX
8
L9
10
5.389221556886241
20
-54.925299401197606
0
VERTEX
8
L9
10
5.399011021302741
20
-54.92465776580064
0
VERTEX
8
L9
10
5.408632985268923
20
-54.92274383816929
0
VERTEX
8
L9
10
5.417922814313613
20
-54.91959036613595
0
VERTEX
8
L9
10
5.4267215568862355
20
-54.91525130648144
0
VERTEX
8
L9
10
5.434878664061884
20
-54.90980090171945
0
VERTEX
8
L9
10
5.442254565475224
20
-54.9033324097866
0
VERTEX
8
L9
10
5.448723057408074
20
-54.89595650837326
0
VERTEX
8
L9
10
5.454173462170061
20
-54.887799401197604
0
VERTEX
8
L9
10
5.458512521824588
20
-54.87900065862499
0
VERTEX
8
L9
10
5.46166599385792
20
-54.86971082958029
0
VERTEX
8
L9
10
5.46357992148927
20
-54.86008886561411
0
VERTEX
8
L9
10
5.46422155688623
20
-54.8502994011976
0
VERTEX
8
L9
10
5.46357992148927
20
-54.8405099367811
0
VERTEX
8
L9
10
5.46166599385792
20
-54.83088797281492
0
VERTEX
8
L9
10
5.458512521824588
20
-54.821598143770224
0
VERTEX
8
L9
10
5.454173462170061
20
-54.81279940119761
0
VERTEX
8
L9
10
5.448723057408074
20
-54.80464229402195
0
VERTEX
8
L9
10
5.442254565475224
20
-54.79726639260861
0
VERTEX
8
L9
10
5.434878664061884
20
-54.79079790067576
0
VERTEX
8
L9
10
5.4267215568862355
20
-54.785347495913776
0
VERTEX
8
L9
10
5.417922814313613
20
-54.78100843625926
0
VERTEX
8
L9
10
5.408632985268923
20
-54.777854964225924
0
VERTEX
8
L9
10
5.399011021302741
20
-54.775941036594574
0
VERTEX
8
L9
10
5.389221556886241
20
-54.77529940119761
0
SEQEND
0
POLYLINE
8
L9
66
1
70
1
0
VERTEX
8
L9
10
4.1317365269461135
20
-55.61362275449102
0
VERTEX
8
L9
10
4.121947062529614
20
-55.614264389887985
0
VERTEX
8
L9
10
4.112325098563431
20
-55.61617831751934
0
VERTEX
8
L9
10
4.103035269518742
20
-55.619331789552675
0
VERTEX
8
L9
10
4.094236526946119
20
-55.62367084920719
0
VERTEX
8
L9
10
4.086079419770456
20
-55.629121253969174
0
VERTEX
8
L9
10
4.0787035183571305
20
-55.63558974590203
0
VERTEX
8
L9
10
4.072235026424281
20
-55.642965647315364
0
VERTEX
8
L9
10
4.066784621662279
20
-55.65112275449102
0
VERTEX
8
L9
10
4.062445562007767
20
-55.659921497063635
0
VERTEX
8
L9
10
4.059292089974434
20
-55.66921132610833
0
VERTEX
8
L9
10
4.057378162343085
20
-55.678833290074515
0
VERTEX
8
L9
10
4.056736526946111
20
-55.68862275449102
0
VERTEX
8
L9
10
4.057378162343085
20
-55.69841221890752
0
VERTEX
8
L9
10
4.059292089974434
20
-55.70803418287371
0
VERTEX
8
L9
10
4.062445562007767
20
-55.7173240119184
0
VERTEX
8
L9
10
4.066784621662279
20
-55.726122754491016
0
VERTEX
8
L9
10
4.072235026424281
20
-55.73427986166667
0
VERTEX
8
L9
10
4.0787035183571305
20
-55.74165576308001
0
VERTEX
8
L9
10
4.086079419770456
20
-55.74812425501286
0
VERTEX
8
L9
10
4.094236526946119
20
-55.75357465977485
0
VERTEX
8
L9
10
4.103035269518742
20
-55.75791371942937
0
VERTEX
8
L9
10
4.112325098563431
20
-55.7610671914627
0
VERTEX
8
L9
10
4.121947062529614
20
-55.76298111909406
0
VERTEX
8
L9
10
4.1317365269461135
20
-55.76362275449102
0
VERTEX
8
L9
10
4.141525991362627
20
-55.76298111909406
0
VERTEX
8
L9
10
4.15114795532881
20
-55.7610671914627
0
VERTEX
8
L9
10
4.160437784373499
20
-55.75791371942937
0
VERTEX
8
L9
10
4.169236526946122
20
-55.75357465977485
0
VERTEX
8
L9
10
4.177393634121771
20
-55.74812425501286
0
VERTEX
8
L9
10
4.184769535535111
20
-55.74165576308001
0
VERTEX
8
L9
10
4.191238027467961
20
-55.73427986166667
0
VERTEX
8
L9
10
4.196688432229948
20
-55.726122754491016
0
VERTEX
8
L9
10
4.20102749188446
20
-55.7173240119184
0
VERTEX
8
L9
10
4.204180963917793
20
-55.70803418287371
0
VERTEX
8
L9
10
4.2060948915491565
20
-55.69841221890752
0
VERTEX
8
L9
10
4.206736526946116
20
-55.68862275449102
0
VERTEX
8
L9
10
4.2060948915491565
20
-55.678833290074515
0
VERTEX
8
L9
10
4.204180963917793
20
-55.66921132610833
0
VERTEX
8
L9
10
4.20102749188446
20
-55.659921497063635
0
VERTEX
8
L9
10
4.196688432229948
20
-55.65112275449102
0
VERTEX
8
L9
10
4.191238027467961
20
-55.642965647315364
0
VERTEX
8
L9
10
4.184769535535111
20
-55.63558974590203
0
VERTEX
8
L9
10
4.177393634121771
20
-55.629121253969174
0
VERTEX
8
L9
10
4.169236526946122
20
-55.62367084920719
0
VERTEX
8
L9
10
4.160437784373499
20
-55.619331789552675
0
VERTEX
8
L9
10
4.15114795532881
20
-55.61617831751934
0
VERTEX
8
L9
10
4.141525991362627
20
-55.614264389887985
0
VERTEX
8
L9
10
4.1317365269461135
20
-55.61362275449102
0
SEQEND
0
POLYLINE
8
L9
66
1
70
1
0
VERTEX
8
L9
10
5.389221556886241
20
-53.81721556886228
0
VERTEX
8
L9
10
5.379432092469727
20
-53.81785720425924
0
VERTEX
8
L9
10
5.369810128503545
20
-53.8197711318906
0
VERTEX
8
L9
10
5.360520299458855
20
-53.82292460392393
0
VERTEX
8
L9
10
5.351721556886233
20
-53.82726366357844
0
VERTEX
8
L9
10
5.343564449710584
20
-53.83271406834044
0
VERTEX
8
L9
10
5.336188548297244
20
-53.83918256027329
0
VERTEX
8
L9
10
5.329720056364394
20
-53.84655846168663
0
VERTEX
8
L9
10
5.324269651602407
20
-53.854715568862275
0
VERTEX
8
L9
10
5.3199305919478945
20
-53.8635143114349
0
VERTEX
8
L9
10
5.316777119914562
20
-53.87280414047959
0
VERTEX
8
L9
10
5.314863192283198
20
-53.88242610444578
0
VERTEX
8
L9
10
5.314221556886238
20
-53.89221556886228
0
VERTEX
8
L9
10
5.314863192283198
20
-53.90200503327878
0
VERTEX
8
L9
10
5.316777119914562
20
-53.911626997244966
0
VERTEX
8
L9
10
5.3199305919478945
20
-53.92091682628966
0
VERTEX
8
L9
10
5.324269651602407
20
-53.92971556886228
0
VERTEX
8
L9
10
5.329720056364394
20
-53.937872676037934
0
VERTEX
8
L9
10
5.336188548297244
20
-53.94524857745127
0
VERTEX
8
L9
10
5.343564449710584
20
-53.95171706938412
0
VERTEX
8
L9
10
5.351721556886233
20
-53.95716747414611
0
VERTEX
8
L9
10
5.360520299458855
20
-53.96150653380062
0
VERTEX
8
L9
10
5.369810128503545
20
-53.964660005833956
0
VERTEX
8
L9
10
5.379432092469727
20
-53.96657393346531
0
VERTEX
8
L9
10
5.389221556886241
20
-53.96721556886228
0
VERTEX
8
L9
10
5.399011021302741
20
-53.96657393346531
0
VERTEX
8
L9
10
5.408632985268923
20
-53.964660005833956
0
VERTEX
8
L9
10
5.417922814313613
20
-53.96150653380062
0
VERTEX
8
L9
10
5.4267215568862355
20
-53.95716747414611
0
VERTEX
8
L9
10
5.434878664061884
20
-53.95171706938412
0
VERTEX
8
L9
10
5.442254565475224
20
-53.94524857745127
0
VERTEX
8
L9
10
5.448723057408074
20
-53.937872676037934
0
VERTEX
8
L9
10
5.454173462170061
20
-53.92971556886228
0
VERTEX
8
L9
10
5.458512521824588
20
-53.92091682628966
0
VERTEX
8
L9
10
5.46166599385792
20
-53.911626997244966
0
VERTEX
8
L9
10
5.46357992148927
20
-53.90200503327878
0
VERTEX
8
L9
10
5.46422155688623
20
-53.89221556886228
0
VERTEX
8
L9
10
5.46357992148927
20
-53.88242610444578
0
VERTEX
8
L9
10
5.46166599385792
20
-53.87280414047959
0
VERTEX
8
L9
10
5.458512521824588
20
-53.8635143114349
0
VERTEX
8
L9
10
5.454173462170061
20
-53.854715568862275
0
VERTEX
8
L9
10
5.448723057408074
20
-53.84655846168663
0
VERTEX
8
L9
10
5.442254565475224
20
-53.83918256027329
0
VERTEX
8
L9
10
5.434878664061884
20
-53.83271406834044
0
VERTEX
8
L9
10
5.4267215568862355
20
-53.82726366357844
0
VERTEX
8
L9
10
5.417922814313613
20
-53.82292460392393
0
VERTEX
8
L9
10
5.408632985268923
20
-53.8197711318906
0
VERTEX
8
L9
10
5.399011021302741
20
-53.81785720425924
0
VERTEX
8
L9
10
5.389221556886241
20
-53.81721556886228
0
SEQEND
0
POLYLINE
8
L9
66
1
70
1
0
VERTEX
8
L9
10
5.389221556886241
20
-53.338173652694614
0
VERTEX
8
L9
10
5.379432092469727
20
-53.338815288091574
0
VERTEX
8
L9
10
5.369810128503545
20
-53.34072921572293
0
VERTEX
8
L9
10
5.360520299458855
20
-53.34388268775626
0
VERTEX
8
L9
10
5.351721556886233
20
-53.34822174741078
0
VERTEX
8
L9
10
5.343564449710584
20
-53.35367215217277
0
VERTEX
8
L9
10
5.336188548297244
20
-53.36014064410562
0
VERTEX
8
L9
10
5.329720056364394
20
-53.36751654551896
0
VERTEX
8
L9
10
5.324269651602407
20
-53.375673652694616
0
VERTEX
8
L9
10
5.3199305919478945
20
-53.38447239526723
0
VERTEX
8
L9
10
5.316777119914562
20
-53.39376222431192
0
VERTEX
8
L9
10
5.314863192283198
20
-53.40338418827811
0
VERTEX
8
L9
10
5.314221556886238
20
-53.41317365269461
0
VERTEX
8
L9
10
5.314863192283198
20
-53.42296311711112
0
VERTEX
8
L9
10
5.316777119914562
20
-53.4325850810773
0
VERTEX
8
L9
10
5.3199305919478945
20
-53.441874910121996
0
VERTEX
8
L9
10
5.324269651602407
20
-53.45067365269461
0
VERTEX
8
L9
10
5.329720056364394
20
-53.45883075987027
0
VERTEX
8
L9
10
5.336188548297244
20
-53.46620666128361
0
VERTEX
8
L9
10
5.343564449710584
20
-53.47267515321646
0
VERTEX
8
L9
10
5.351721556886233
20
-53.478125557978444
0
VERTEX
8
L9
10
5.360520299458855
20
-53.48246461763296
0
VERTEX
8
L9
10
5.369810128503545
20
-53.485618089666296
0
VERTEX
8
L9
10
5.379432092469727
20
-53.487532017297646
0
VERTEX
8
L9
10
5.389221556886241
20
-53.48817365269461
0
VERTEX
8
L9
10
5.399011021302741
20
-53.487532017297646
0
VERTEX
8
L9
10
5.408632985268923
20
-53.485618089666296
0
VERTEX
8
L9
10
5.417922814313613
20
-53.48246461763296
0
VERTEX
8
L9
10
5.4267215568862355
20
-53.478125557978444
0
VERTEX
8
L9
10
5.434878664061884
20
-53.47267515321646
0
VERTEX
8
L9
10
5.442254565475224
20
-53.46620666128361
0
VERTEX
8
L9
10
5.448723057408074
20
-53.45883075987027
0
VERTEX
8
L9
10
5.454173462170061
20
-53.45067365269461
0
VERTEX
8
L9
10
5.458512521824588
20
-53.441874910121996
0
VERTEX
8
L9
10
5.46166599385792
20
-53.4325850810773
0
VERTEX
8
L9
10
5.46357992148927
20
-53.42296311711112
0
VERTEX
8
L9
10
5.46422155688623
20
-53.41317365269461
0
VERTEX
8
L9
10
5.46357992148927
20
-53.40338418827811
0
VERTEX
8
L9
10
5.46166599385792
20
-53.39376222431192
0
VERTEX
8
L9
10
5.458512521824588
20
-53.38447239526723
0
VERTEX
8
L9
10
5.454173462170061
20
-53.375673652694616
0
VERTEX
8
L9
10
5.448723057408074
20
-53.36751654551896
0
VERTEX
8
L9
10
5.442254565475224
20
-53.36014064410562
0
VERTEX
8
L9
10
5.434878664061884
20
-53.35367215217277
0
VERTEX
8
L9
10
5.4267215568862355
20
-53.34822174741078
0
VERTEX
8
L9
10
5.417922814313613
20
-53.34388268775626
0
VERTEX
8
L9
10
5.408632985268923
20
-53.34072921572293
0
VERTEX
8
L9
10
5.399011021302741
20
-53.338815288091574
0
VERTEX
8
L9
10
5.389221556886241
20
-53.338173652694614
0
SEQEND
0
POLYLINE
8
L9
66
1
70
1
0
VERTEX
8
L9
10
9.52095808383234
20
-55.61362275449102
0
VERTEX
8
L9
10
9.511168619415841
20
-55.614264389887985
0
VERTEX
8
L9
10
9.501546655449644
20
-55.61617831751934
0
VERTEX
8
L9
10
9.492256826404954
20
-55.619331789552675
0
VERTEX
8
L9
10
9.483458083832346
20
-55.62367084920719
0
VERTEX
8
L9
10
9.475300976656683
20
-55.629121253969174
0
VERTEX
8
L9
10
9.467925075243343
20
-55.63558974590203
0
VERTEX
8
L9
10
9.461456583310493
20
-55.642965647315364
0
VERTEX
8
L9
10
9.456006178548506
20
-55.65112275449102
0
VERTEX
8
L9
10
9.451667118893994
20
-55.659921497063635
0
VERTEX
8
L9
10
9.448513646860661
20
-55.66921132610833
0
VERTEX
8
L9
10
9.446599719229297
20
-55.678833290074515
0
VERTEX
8
L9
10
9.445958083832338
20
-55.68862275449102
0
VERTEX
8
L9
10
9.446599719229297
20
-55.69841221890752
0
VERTEX
8
L9
10
9.448513646860661
20
-55.70803418287371
0
VERTEX
8
L9
10
9.451667118893994
20
-55.7173240119184
0
VERTEX
8
L9
10
9.456006178548506
20
-55.726122754491016
0
VERTEX
8
L9
10
9.461456583310493
20
-55.73427986166667
0
VERTEX
8
L9
10
9.467925075243343
20
-55.74165576308001
0
VERTEX
8
L9
10
9.475300976656683
20
-55.74812425501286
0
VERTEX
8
L9
10
9.483458083832346
20
-55.75357465977485
0
VERTEX
8
L9
10
9.492256826404954
20
-55.75791371942937
0
VERTEX
8
L9
10
9.501546655449644
20
-55.7610671914627
0
VERTEX
8
L9
10
9.511168619415841
20
-55.76298111909406
0
VERTEX
8
L9
10
9.52095808383234
20
-55.76362275449102
0
VERTEX
8
L9
10
9.53074754824884
20
-55.76298111909406
0
VERTEX
8
L9
10
9.540369512215022
20
-55.7610671914627
0
VERTEX
8
L9
10
9.549659341259726
20
-55.75791371942937
0
VERTEX
8
L9
10
9.558458083832335
20
-55.75357465977485
0
VERTEX
8
L9
10
9.566615191007998
20
-55.74812425501286
0
VERTEX
8
L9
10
9.573991092421338
20
-55.74165576308001
0
VERTEX
8
L9
10
9.580459584354188
20
-55.73427986166667
0
VERTEX
8
L9
10
9.585909989116175
20
-55.726122754491016
0
VERTEX
8
L9
10
9.590249048770687
20
-55.7173240119184
0
VERTEX
8
L9
10
9.59340252080402
20
-55.70803418287371
0
VERTEX
8
L9
10
9.59531644843537
20
-55.69841221890752
0
VERTEX
8
L9
10
9.595958083832343
20
-55.68862275449102
0
VERTEX
8
L9
10
9.59531644843537
20
-55.678833290074515
0
VERTEX
8
L9
10
9.59340252080402
20
-55.66921132610833
0
VERTEX
8
L9
10
9.590249048770687
20
-55.659921497063635
0
VERTEX
8
L9
10
9.585909989116175
20
-55.65112275449102
0
VERTEX
8
L9
10
9.580459584354188
20
-55.642965647315364
0
VERTEX
8
L9
10
9.573991092421338
20
-55.63558974590203
0
VERTEX
8
L9
10
9.566615191007998
20
-55.629121253969174
0
VERTEX
8
L9
10
9.558458083832335
20
-55.62367084920719
0
VERTEX
8
L9
10
9.549659341259726
20
-55.619331789552675
0
VERTEX
8
L9
10
9.540369512215022
20
-55.61617831751934
0
VERTEX
8
L9
10
9.53074754824884
20
-55.614264389887985
0
VERTEX
8
L9
10
9.52095808383234
20
-55.61362275449102
0
SEQEND
0
POLYLINE
8
L9
66
1
70
1
0
VERTEX
8
L9
10
5.389221556886241
20
-54.29625748502994
0
VERTEX
8
L9
10
5.379432092469727
20
-54.29689912042691
0
VERTEX
8
L9
10
5.369810128503545
20
-54.298813048058264
0
VERTEX
8
L9
10
5.360520299458855
20
-54.3019665200916
0
VERTEX
8
L9
10
5.351721556886233
20
-54.30630557974611
0
VERTEX
8
L9
10
5.343564449710584
20
-54.311755984508096
0
VERTEX
8
L9
10
5.336188548297244
20
-54.31822447644095
0
VERTEX
8
L9
10
5.329720056364394
20
-54.325600377854286
0
VERTEX
8
L9
10
5.324269651602407
20
-54.33375748502994
0
VERTEX
8
L9
10
5.3199305919478945
20
-54.34255622760256
0
VERTEX
8
L9
10
5.316777119914562
20
-54.351846056647254
0
VERTEX
8
L9
10
5.314863192283198
20
-54.36146802061344
0
VERTEX
8
L9
10
5.314221556886238
20
-54.37125748502994
0
VERTEX
8
L9
10
5.314863192283198
20
-54.38104694944644
0
VERTEX
8
L9
10
5.316777119914562
20
-54.39066891341263
0
VERTEX
8
L9
10
5.3199305919478945
20
-54.39995874245732
0
VERTEX
8
L9
10
5.324269651602407
20
-54.408757485029945
0
VERTEX
8
L9
10
5.329720056364394
20
-54.41691459220559
0
VERTEX
8
L9
10
5.336188548297244
20
-54.42429049361893
0
VERTEX
8
L9
10
5.343564449710584
20
-54.43075898555178
0
VERTEX
8
L9
10
5.351721556886233
20
-54.43620939031378
0
VERTEX
8
L9
10
5.360520299458855
20
-54.44054844996829
0
VERTEX
8
L9
10
5.369810128503545
20
-54.44370192200162
0
VERTEX
8
L9
10
5.379432092469727
20
-54.44561584963298
0
VERTEX
8
L9
10
5.389221556886241
20
-54.44625748502994
0
VERTEX
8
L9
10
5.399011021302741
20
-54.44561584963298
0
VERTEX
8
L9
10
5.408632985268923
20
-54.44370192200162
0
VERTEX
8
L9
10
5.417922814313613
20
-54.44054844996829
0
VERTEX
8
L9
10
5.4267215568862355
20
-54.43620939031378
0
VERTEX
8
L9
10
5.434878664061884
20
-54.43075898555178
0
VERTEX
8
L9
10
5.442254565475224
20
-54.42429049361893
0
VERTEX
8
L9
10
5.448723057408074
20
-54.41691459220559
0
VERTEX
8
L9
10
5.454173462170061
20
-54.408757485029945
0
VERTEX
8
L9
10
5.458512521824588
20
-54.39995874245732
0
VERTEX
8
L9
10
5.46166599385792
20
-54.39066891341263
0
VERTEX
8
L9
10
5.46357992148927
20
-54.38104694944644
0
VERTEX
8
L9
10
5.46422155688623
20
-54.37125748502994
0
VERTEX
8
L9
10
5.46357992148927
20
-54.36146802061344
0
VERTEX
8
L9
10
5.46166599385792
20
-54.351846056647254
0
VERTEX
8
L9
10
5.458512521824588
20
-54.34255622760256
0
VERTEX
8
L9
10
5.454173462170061
20
-54.33375748502994
0
VERTEX
8
L9
10
5.448723057408074
20
-54.325600377854286
0
VERTEX
8
L9
10
5.442254565475224
20
-54.31822447644095
0
VERTEX
8
L9
10
5.434878664061884
20
-54.311755984508096
0
VERTEX
8
L9
10
5.4267215568862355
20
-54.30630557974611
0
VERTEX
8
L9
10
5.417922814313613
20
-54.3019665200916
0
VERTEX
8
L9
10
5.408632985268923
20
-54.298813048058264
0
VERTEX
8
L9
10
5.399011021302741
20
-54.29689912042691
0
VERTEX
8
L9
10
5.389221556886241
20
-54.29625748502994
0
SEQEND
0
POLYLINE
8
L9
66
1
70
1
0
VERTEX
8
L9
10
9.05392522439982
20
-55.783608813748685
0
VERTEX
8
L9
10
9.04413575998332
20
-55.78425044914565
0
VERTEX
8
L9
10
9.034513796017137
20
-55.78616437677701
0
VERTEX
8
L9
10
9.025223966972447
20
-55.78931784881034
0
VERTEX
8
L9
10
9.016425224399825
20
-55.793656908464854
0
VERTEX
8
L9
10
9.008268117224176
20
-55.79910731322684
0
VERTEX
8
L9
10
9.000892215810836
20
-55.8055758051597
0
VERTEX
8
L9
10
8.994423723877986
20
-55.81295170657303
0
VERTEX
8
L9
10
8.988973319115985
20
-55.82110881374869
0
VERTEX
8
L9
10
8.984634259461473
20
-55.8299075563213
0
VERTEX
8
L9
10
8.98148078742814
20
-55.839197385366
0
VERTEX
8
L9
10
8.97956685979679
20
-55.84881934933218
0
VERTEX
8
L9
10
8.978925224399816
20
-55.85860881374869
0
VERTEX
8
L9
10
8.97956685979679
20
-55.86839827816519
0
VERTEX
8
L9
10
8.98148078742814
20
-55.87802024213138
0
VERTEX
8
L9
10
8.984634259461473
20
-55.88731007117607
0
VERTEX
8
L9
10
8.988973319115985
20
-55.89610881374869
0
VERTEX
8
L9
10
8.994423723877986
20
-55.90426592092434
0
VERTEX
8
L9
10
9.000892215810836
20
-55.91164182233768
0
VERTEX
8
L9
10
9.008268117224176
20
-55.91811031427053
0
VERTEX
8
L9
10
9.016425224399825
20
-55.92356071903252
0
VERTEX
8
L9
10
9.025223966972447
20
-55.927899778687035
0
VERTEX
8
L9
10
9.034513796017137
20
-55.93105325072037
0
VERTEX
8
L9
10
9.04413575998332
20
-55.932967178351724
0
VERTEX
8
L9
10
9.05392522439982
20
-55.933608813748684
0
VERTEX
8
L9
10
9.063714688816333
20
-55.932967178351724
0
VERTEX
8
L9
10
9.073336652782515
20
-55.93105325072037
0
VERTEX
8
L9
10
9.082626481827205
20
-55.927899778687035
0
VERTEX
8
L9
10
9.091425224399828
20
-55.92356071903252
0
VERTEX
8
L9
10
9.099582331575476
20
-55.91811031427053
0
VERTEX
8
L9
10
9.106958232988816
20
-55.91164182233768
0
VERTEX
8
L9
10
9.113426724921666
20
-55.90426592092434
0
VERTEX
8
L9
10
9.118877129683653
20
-55.89610881374869
0
VERTEX
8
L9
10
9.123216189338166
20
-55.88731007117607
0
VERTEX
8
L9
10
9.126369661371498
20
-55.87802024213138
0
VERTEX
8
L9
10
9.128283589002862
20
-55.86839827816519
0
VERTEX
8
L9
10
9.128925224399822
20
-55.85860881374869
0
VERTEX
8
L9
10
9.128283589002862
20
-55.84881934933218
0
VERTEX
8
L9
10
9.126369661371498
20
-55.839197385366
0
VERTEX
8
L9
10
9.123216189338166
20
-55.8299075563213
0
VERTEX
8
L9
10
9.118877129683653
20
-55.82110881374869
0
VERTEX
8
L9
10
9.113426724921666
20
-55.81295170657303
0
VERTEX
8
L9
10
9.106958232988816
20
-55.8055758051597
0
VERTEX
8
L9
10
9.099582331575476
20
-55.79910731322684
0
VERTEX
8
L9
10
9.091425224399828
20
-55.793656908464854
0
VERTEX
8
L9
10
9.082626481827205
20
-55.78931784881034
0
VERTEX
8
L9
10
9.073336652782515
20
-55.78616437677701
0
VERTEX
8
L9
10
9.063714688816333
20
-55.78425044914565
0
VERTEX
8
L9
10
9.05392522439982
20
-55.783608813748685
0
SEQEND
0
POLYLINE
8
L9
66
1
70
1
0
VERTEX
8
L9
10
5.389221556886241
20
-55.254341317365274
0
VERTEX
8
L9
10
5.379432092469727
20
-55.254982952762234
0
VERTEX
8
L9
10
5.369810128503545
20
-55.25689688039359
0
VERTEX
8
L9
10
5.360520299458855
20
-55.26005035242692
0
VERTEX
8
L9
10
5.351721556886233
20
-55.264389412081435
0
VERTEX
8
L9
10
5.343564449710584
20
-55.26983981684343
0
VERTEX
8
L9
10
5.336188548297244
20
-55.27630830877628
0
VERTEX
8
L9
10
5.329720056364394
20
-55.28368421018962
0
VERTEX
8
L9
10
5.324269651602407
20
-55.29184131736527
0
VERTEX
8
L9
10
5.3199305919478945
20
-55.30064005993789
0
VERTEX
8
L9
10
5.316777119914562
20
-55.30992988898258
0
VERTEX
8
L9
10
5.314863192283198
20
-55.31955185294877
0
VERTEX
8
L9
10
5.314221556886238
20
-55.32934131736527
0
VERTEX
8
L9
10
5.314863192283198
20
-55.339130781781776
0
VERTEX
8
L9
10
5.316777119914562
20
-55.34875274574796
0
VERTEX
8
L9
10
5.3199305919478945
20
-55.358042574792655
0
VERTEX
8
L9
10
5.324269651602407
20
-55.36684131736527
0
VERTEX
8
L9
10
5.329720056364394
20
-55.37499842454093
0
VERTEX
8
L9
10
5.336188548297244
20
-55.38237432595426
0
VERTEX
8
L9
10
5.343564449710584
20
-55.38884281788712
0
VERTEX
8
L9
10
5.351721556886233
20
-55.394293222649104
0
VERTEX
8
L9
10
5.360520299458855
20
-55.398632282303616
0
VERTEX
8
L9
10
5.369810128503545
20
-55.40178575433695
0
VERTEX
8
L9
10
5.379432092469727
20
-55.403699681968305
0
VERTEX
8
L9
10
5.389221556886241
20
-55.40434131736527
0
VERTEX
8
L9
10
5.399011021302741
20
-55.403699681968305
0
VERTEX
8
L9
10
5.408632985268923
20
-55.40178575433695
0
VERTEX
8
L9
10
5.417922814313613
20
-55.398632282303616
0
VERTEX
8
L9
10
5.4267215568862355
20
-55.394293222649104
0
VERTEX
8
L9
10
5.434878664061884
20
-55.38884281788712
0
VERTEX
8
L9
10
5.442254565475224
20
-55.38237432595426
0
VERTEX
8
L9
10
5.448723057408074
20
-55.37499842454093
0
VERTEX
8
L9
10
5.454173462170061
20
-55.36684131736527
0
VERTEX
8
L9
10
5.458512521824588
20
-55.358042574792655
0
VERTEX
8
L9
10
5.46166599385792
20
-55.34875274574796
0
VERTEX
8
L9
10
5.46357992148927
20
-55.339130781781776
0
VERTEX
8
L9
10
5.46422155688623
20
-55.32934131736527
0
VERTEX
8
L9
10
5.46357992148927
20
-55.31955185294877
0
VERTEX
8
L9
10
5.46166599385792
20
-55.30992988898258
0
VERTEX
8
L9
10
5.458512521824588
20
-55.30064005993789
0
VERTEX
8
L9
10
5.454173462170061
20
-55.29184131736527
0
VERTEX
8
L9
10
5.448723057408074
20
-55.28368421018962
0
VERTEX
8
L9
10
5.442254565475224
20
-55.27630830877628
0
VERTEX
8
L9
10
5.434878664061884
20
-55.26983981684343
0
VERTEX
8
L9
10
5.4267215568862355
20
-55.264389412081435
0
VERTEX
8
L9
10
5.417922814313613
20
-55.26005035242692
0
VERTEX
8
L9
10
5.408632985268923
20
-55.25689688039359
0
VERTEX
8
L9
10
5.399011021302741
20
-55.254982952762234
0
VERTEX
8
L9
10
5.389221556886241
20
-55.254341317365274
0
SEQEND
0
POLYLINE
8
L9
66
1
70
1
0
VERTEX
8
L9
10
6.646706586826355
20
-55.61362275449102
0
VERTEX
8
L9
10
6.636917122409855
20
-55.614264389887985
0
VERTEX
8
L9
10
6.627295158443658
20
-55.61617831751934
0
VERTEX
8
L9
10
6.618005329398969
20
-55.619331789552675
0
VERTEX
8
L9
10
6.60920658682636
20
-55.62367084920719
0
VERTEX
8
L9
10
6.6010494796506975
20
-55.629121253969174
0
VERTEX
8
L9
10
6.5936735782373574
20
-55.63558974590203
0
VERTEX
8
L9
10
6.5872050863045075
20
-55.642965647315364
0
VERTEX
8
L9
10
6.58175468154252
20
-55.65112275449102
0
VERTEX
8
L9
10
6.577415621888008
20
-55.659921497063635
0
VERTEX
8
L9
10
6.574262149854675
20
-55.66921132610833
0
VERTEX
8
L9
10
6.572348222223312
20
-55.678833290074515
0
VERTEX
8
L9
10
6.571706586826352
20
-55.68862275449102
0
VERTEX
8
L9
10
6.572348222223312
20
-55.69841221890752
0
VERTEX
8
L9
10
6.574262149854675
20
-55.70803418287371
0
VERTEX
8
L9
10
6.577415621888008
20
-55.7173240119184
0
VERTEX
8
L9
10
6.58175468154252
20
-55.726122754491016
0
VERTEX
8
L9
10
6.5872050863045075
20
-55.73427986166667
0
VERTEX
8
L9
10
6.5936735782373574
20
-55.74165576308001
0
VERTEX
8
L9
10
6.6010494796506975
20
-55.74812425501286
0
VERTEX
8
L9
10
6.60920658682636
20
-55.75357465977485
0
VERTEX
8
L9
10
6.618005329398969
20
-55.75791371942937
0
VERTEX
8
L9
10
6.627295158443658
20
-55.7610671914627
0
VERTEX
8
L9
10
6.636917122409855
20
-55.76298111909406
0
VERTEX
8
L9
10
6.646706586826355
20
-55.76362275449102
0
VERTEX
8
L9
10
6.656496051242854
20
-55.76298111909406
0
VERTEX
8
L9
10
6.666118015209037
20
-55.7610671914627
0
VERTEX
8
L9
10
6.675407844253741
20
-55.75791371942937
0
VERTEX
8
L9
10
6.684206586826349
20
-55.75357465977485
0
VERTEX
8
L9
10
6.692363694002012
20
-55.74812425501286
0
VERTEX
8
L9
10
6.699739595415352
20
-55.74165576308001
0
VERTEX
8
L9
10
6.706208087348202
20
-55.73427986166667
0
VERTEX
8
L9
10
6.711658492110189
20
-55.726122754491016
0
VERTEX
8
L9
10
6.715997551764701
20
-55.7173240119184
0
VERTEX
8
L9
10
6.719151023798034
20
-55.70803418287371
0
VERTEX
8
L9
10
6.721064951429383
20
-55.69841221890752
0
VERTEX
8
L9
10
6.7217065868263575
20
-55.68862275449102
0
VERTEX
8
L9
10
6.721064951429383
20
-55.678833290074515
0
VERTEX
8
L9
10
6.719151023798034
20
-55.66921132610833
0
VERTEX
8
L9
10
6.715997551764701
20
-55.659921497063635
0
VERTEX
8
L9
10
6.711658492110189
20
-55.65112275449102
0
VERTEX
8
L9
10
6.706208087348202
20
-55.642965647315364
0
VERTEX
8
L9
10
6.699739595415352
20
-55.63558974590203
0
VERTEX
8
L9
10
6.692363694002012
20
-55.629121253969174
0
VERTEX
8
L9
10
6.684206586826349
20
-55.62367084920719
0
VERTEX
8
L9
10
6.675407844253741
20
-55.619331789552675
0
VERTEX
8
L9
10
6.666118015209037
20
-55.61617831751934
0
VERTEX
8
L9
10
6.656496051242854
20
-55.614264389887985
0
VERTEX
8
L9
10
6.646706586826355
20
-55.61362275449102
0
SEQEND
0
POLYLINE
8
L9
66
1
70
1
0
VERTEX
8
L9
10
5.389221556886241
20
-56.2124251497006
0
VERTEX
8
L9
10
5.379432092469727
20
-56.21306678509757
0
VERTEX
8
L9
10
5.369810128503545
20
-56.21498071272892
0
VERTEX
8
L9
10
5.360520299458855
20
-56.218134184762256
0
VERTEX
8
L9
10
5.351721556886233
20
-56.22247324441677
0
VERTEX
8
L9
10
5.343564449710584
20
-56.227923649178756
0
VERTEX
8
L9
10
5.336188548297244
20
-56.234392141111606
0
VERTEX
8
L9
10
5.329720056364394
20
-56.241768042524946
0
VERTEX
8
L9
10
5.324269651602407
20
-56.2499251497006
0
VERTEX
8
L9
10
5.3199305919478945
20
-56.25872389227322
0
VERTEX
8
L9
10
5.316777119914562
20
-56.268013721317914
0
VERTEX
8
L9
10
5.314863192283198
20
-56.277635685284096
0
VERTEX
8
L9
10
5.314221556886238
20
-56.2874251497006
0
VERTEX
8
L9
10
5.314863192283198
20
-56.2972146141171
0
VERTEX
8
L9
10
5.316777119914562
20
-56.30683657808329
0
VERTEX
8
L9
10
5.3199305919478945
20
-56.31612640712798
0
VERTEX
8
L9
10
5.324269651602407
20
-56.3249251497006
0
VERTEX
8
L9
10
5.329720056364394
20
-56.33308225687625
0
VERTEX
8
L9
10
5.336188548297244
20
-56.34045815828959
0
VERTEX
8
L9
10
5.343564449710584
20
-56.34692665022244
0
VERTEX
8
L9
10
5.351721556886233
20
-56.35237705498443
0
VERTEX
8
L9
10
5.360520299458855
20
-56.35671611463895
0
VERTEX
8
L9
10
5.369810128503545
20
-56.35986958667228
0
VERTEX
8
L9
10
5.379432092469727
20
-56.36178351430364
0
VERTEX
8
L9
10
5.389221556886241
20
-56.3624251497006
0
VERTEX
8
L9
10
5.399011021302741
20
-56.36178351430364
0
VERTEX
8
L9
10
5.408632985268923
20
-56.35986958667228
0
VERTEX
8
L9
10
5.417922814313613
20
-56.35671611463895
0
VERTEX
8
L9
10
5.4267215568862355
20
-56.35237705498443
0
VERTEX
8
L9
10
5.434878664061884
20
-56.34692665022244
0
VERTEX
8
L9
10
5.442254565475224
20
-56.34045815828959
0
VERTEX
8
L9
10
5.448723057408074
20
-56.33308225687625
0
VERTEX
8
L9
10
5.454173462170061
20
-56.3249251497006
0
VERTEX
8
L9
10
5.458512521824588
20
-56.31612640712798
0
VERTEX
8
L9
10
5.46166599385792
20
-56.30683657808329
0
VERTEX
8
L9
10
5.46357992148927
20
-56.2972146141171
0
VERTEX
8
L9
10
5.46422155688623
20
-56.2874251497006
0
VERTEX
8
L9
10
5.46357992148927
20
-56.277635685284096
0
VERTEX
8
L9
10
5.46166599385792
20
-56.268013721317914
0
VERTEX
8
L9
10
5.458512521824588
20
-56.25872389227322
0
VERTEX
8
L9
10
5.454173462170061
20
-56.2499251497006
0
VERTEX
8
L9
10
5.448723057408074
20
-56.241768042524946
0
VERTEX
8
L9
10
5.442254565475224
20
-56.234392141111606
0
VERTEX
8
L9
10
5.434878664061884
20
-56.227923649178756
0
VERTEX
8
L9
10
5.4267215568862355
20
-56.22247324441677
0
VERTEX
8
L9
10
5.417922814313613
20
-56.218134184762256
0
VERTEX
8
L9
10
5.408632985268923
20
-56.21498071272892
0
VERTEX
8
L9
10
5.399011021302741
20
-56.21306678509757
0
VERTEX
8
L9
10
5.389221556886241
20
-56.2124251497006
0
SEQEND
0
POLYLINE
8
L9
66
1
70
1
0
VERTEX
8
L9
10
17.55010037315496
20
-56.29871330966362
0
VERTEX
8
L9
10
17.571306676227536
20
-56.31882209831538
0
VERTEX
8
L9
10
17.597588460314014
20
-56.33160249331235
0
VERTEX
8
L9
10
17.62650037203322
20
-56.33586535992852
0
VERTEX
8
L9
10
17.65535234130293
20
-56.33121406545208
0
VERTEX
8
L9
10
17.681459875305777
20
-56.318081383344584
0
VERTEX
8
L9
10
17.70239383352613
20
-56.29768922641415
0
VERTEX
8
L9
10
17.7162064438741
20
-56.27193495557567
0
VERTEX
8
L9
10
17.721612530529583
20
-56.24321484244705
0
VERTEX
8
L9
10
17.7181090914042
20
-56.21420111146771
0
VERTEX
8
L9
10
17.70602209929656
20
-56.18759330635649
0
VERTEX
8
L9
10
17.68647617219004
20
-56.165867114683934
0
VERTEX
8
L9
10
17.661289934679516
20
-56.15104402083983
0
VERTEX
8
L9
10
17.632806806483174
20
-56.14450321972706
0
VERTEX
8
L9
10
17.603676962094895
20
-56.14685329142013
0
VERTEX
8
L9
10
17.576610748850115
20
-56.15787557664758
0
VERTEX
8
L9
10
17.554126506289876
20
-56.17654452165093
0
VERTEX
8
L9
10
17.538316250632917
20
-56.20112309945985
0
VERTEX
8
L9
10
17.530651025930226
20
-56.229324429238844
0
VERTEX
8
L9
10
17.459275674165056
20
-56.23846295732267
0
VERTEX
8
L9
10
17.387318084480157
20
-56.23822042510439
0
VERTEX
8
L9
10
17.316005956277152
20
-56.22860097053055
0
VERTEX
8
L9
10
17.246555976461636
20
-56.209768715254995
0
VERTEX
8
L9
10
17.180153061024257
20
-56.18204496448867
0
VERTEX
8
L9
10
17.117930138679085
20
-56.1459027250732
0
VERTEX
8
L9
10
17.060948821479386
20
-56.10195863530761
0
VERTEX
8
L9
10
17.010181292197515
20
-56.05096244421696
0
VERTEX
8
L9
10
16.966493717496334
20
-55.9937842197616
0
VERTEX
8
L9
10
16.93063146988699
20
-55.931399504233326
0
VERTEX
8
L9
10
16.903206410607808
20
-55.86487267010849
0
VERTEX
8
L9
10
16.884686450396444
20
-55.79533876033126
0
VERTEX
8
L9
10
16.87538756626337
20
-55.72398412285745
0
VERTEX
8
L9
10
16.87546841047221
20
-55.65202616986161
0
VERTEX
8
L9
10
16.884927603705066
20
-55.580692606943984
0
VERTEX
8
L9
10
16.903603758595878
20
-55.51120048671706
0
VERTEX
8
L9
10
16.93117823322946
20
-55.44473544414715
0
VERTEX
8
L9
10
16.967180567628574
20
-55.3824314679261
0
VERTEX
8
L9
10
17.010996510473845
20
-55.32535155300222
0
VERTEX
8
L9
10
17.061878499110023
20
-55.274469564366065
0
VERTEX
8
L9
10
17.118958414033884
20
-55.23065362152078
0
VERTEX
8
L9
10
17.18126239025493
20
-55.19465128712167
0
VERTEX
8
L9
10
17.247727432824846
20
-55.16707681248808
0
VERTEX
8
L9
10
17.31721955305177
20
-55.148400657597286
0
VERTEX
8
L9
10
17.3885531159694
20
-55.138941464364414
0
VERTEX
8
L9
10
17.460511068965232
20
-55.13886062015559
0
VERTEX
8
L9
10
17.531865706439064
20
-55.148159504288664
0
VERTEX
8
L9
10
17.601399616216284
20
-55.16667946450003
0
VERTEX
8
L9
10
17.667926450341113
20
-55.194104523779195
0
VERTEX
8
L9
10
17.730311165869395
20
-55.22996677138854
0
VERTEX
8
L9
10
17.78748939032475
20
-55.27365434608973
0
VERTEX
8
L9
10
17.838485581415384
20
-55.32442187537159
0
VERTEX
8
L9
10
17.882429671180986
20
-55.38140319257129
0
VERTEX
8
L9
10
17.91857191059647
20
-55.44362611491646
0
VERTEX
8
L9
10
17.946295661362782
20
-55.510029030353856
0
VERTEX
8
L9
10
17.965127916638338
20
-55.579479010169365
0
VERTEX
8
L9
10
17.97474737121219
20
-55.65079113837236
0
VERTEX
8
L9
10
17.974989903430455
20
-55.72274872805727
0
VERTEX
8
L9
10
17.965851375346645
20
-55.794124079822424
0
VERTEX
8
L9
10
17.937650045567622
20
-55.80178930452514
0
VERTEX
8
L9
10
17.913071467758712
20
-55.81759956018208
0
VERTEX
8
L9
10
17.894402522755357
20
-55.84008380274234
0
VERTEX
8
L9
10
17.88338023752793
20
-55.867150015987114
0
VERTEX
8
L9
10
17.881030165834844
20
-55.89627986037538
0
VERTEX
8
L9
10
17.88757096694762
20
-55.924762988571736
0
VERTEX
8
L9
10
17.902394060791735
20
-55.94994922608224
0
VERTEX
8
L9
10
17.924120252464277
20
-55.96949515318878
0
VERTEX
8
L9
10
17.95072805757549
20
-55.98158214529643
0
VERTEX
8
L9
10
17.979741788554847
20
-55.98508558442181
0
VERTEX
8
L9
10
18.008461901683447
20
-55.97967949776632
0
VERTEX
8
L9
10
18.034216172521937
20
-55.96586688741834
0
VERTEX
8
L9
10
18.054608329452364
20
-55.944932929197996
0
VERTEX
8
L9
10
18.067741011559875
20
-55.91882539519514
0
VERTEX
8
L9
10
18.07239230603632
20
-55.88997342592543
0
VERTEX
8
L9
10
18.068129439420133
20
-55.86106151420622
0
VERTEX
8
L9
10
18.05534904442318
20
-55.83477973011974
0
VERTEX
8
L9
10
18.0352402557714
20
-55.813573427047174
0
VERTEX
8
L9
10
18.04590278649475
20
-55.7385102522607
0
VERTEX
8
L9
10
18.047364747145636
20
-55.66270766364062
0
VERTEX
8
L9
10
18.039604469090065
20
-55.58728917880467
0
VERTEX
8
L9
10
18.022736972267026
20
-55.51337262232795
0
VERTEX
8
L9
10
17.99701226040581
20
-55.442053557765185
0
VERTEX
8
L9
10
17.962811615564377
20
-55.37438904961741
0
VERTEX
8
L9
10
17.92064194690927
20
-55.31138199591731
0
VERTEX
8
L9
10
17.871128277497448
20
-55.25396626364968
0
VERTEX
8
L9
10
17.815004480418466
20
-55.20299284732424
0
VERTEX
8
L9
10
17.753102401601822
20
-55.15921725585329
0
VERTEX
8
L9
10
17.686339530507937
20
-55.12328831468119
0
VERTEX
8
L9
10
17.615705401442213
20
-55.09573854913628
0
VERTEX
8
L9
10
17.542246927047998
20
-55.07697629153962
0
VERTEX
8
L9
10
17.46705288135864
20
-55.06727962905609
0
VERTEX
8
L9
10
17.391237762396216
20
-55.06679228199037
0
VERTEX
8
L9
10
17.31592527349848
20
-55.0755214736184
0
VERTEX
8
L9
10
17.24223166820839
20
-55.09333782312666
0
VERTEX
8
L9
10
17.17124920558159
20
-55.119977263246206
0
VERTEX
8
L9
10
17.104029961131076
20
-55.155044954158946
0
VERTEX
8
L9
10
17.041570233357547
20
-55.198021135665776
0
VERTEX
8
L9
10
16.98479577698562
20
-55.24826883087784
0
VERTEX
8
L9
10
16.93454808177357
20
-55.30504328724975
0
VERTEX
8
L9
10
16.891571900266726
20
-55.367503015023274
0
VERTEX
8
L9
10
16.856504209353986
20
-55.434722259473794
0
VERTEX
8
L9
10
16.829864769234447
20
-55.50570472210061
0
VERTEX
8
L9
10
16.812048419726196
20
-55.57939832739069
0
VERTEX
8
L9
10
16.803319228098147
20
-55.65471081628843
0
VERTEX
8
L9
10
16.803806575163875
20
-55.73052593525086
0
VERTEX
8
L9
10
16.813503237647424
20
-55.805719980940204
0
VERTEX
8
L9
10
16.832265495244073
20
-55.879178455334426
0
VERTEX
8
L9
10
16.859815260788977
20
-55.949812584400135
0
VERTEX
8
L9
10
16.89574420196108
20
-56.01657545549405
0
VERTEX
8
L9
10
16.93951979343204
20
-56.078477534310665
0
VERTEX
8
L9
10
16.990493209757474
20
-56.13460133138966
0
VERTEX
8
L9
10
17.047908942025103
20
-56.18411500080147
0
VERTEX
8
L9
10
17.110915995725193
20
-56.2262846694566
0
VERTEX
8
L9
10
17.178580503872965
20
-56.26048531429802
0
VERTEX
8
L9
10
17.249899568435737
20
-56.28621002615924
0
VERTEX
8
L9
10
17.323816124912454
20
-56.30307752298229
0
VERTEX
8
L9
10
17.399234609748405
20
-56.310837801037835
0
VERTEX
8
L9
10
17.475037198368497
20
-56.30937584038695
0
VERTEX
8
L9
10
17.55010037315496
20
-56.29871330966362
0
SEQEND
0
POLYLINE
8
L9
66
1
70
1
0
VERTEX
8
L9
10
14.300089085545977
20
-55.813573427047174
0
VERTEX
8
L9
10
14.279980296894209
20
-55.83477973011974
0
VERTEX
8
L9
10
14.267199901897229
20
-55.86106151420622
0
VERTEX
8
L9
10
14.26293703528107
20
-55.88997342592543
0
VERTEX
8
L9
10
14.267588329757501
20
-55.91882539519514
0
VERTEX
8
L9
10
14.280721011864998
20
-55.944932929198
0
VERTEX
8
L9
10
14.301113168795439
20
-55.96586688741835
0
VERTEX
8
L9
10
14.32686743963393
20
-55.97967949776632
0
VERTEX
8
L9
10
14.355587552762529
20
-55.98508558442181
0
VERTEX
8
L9
10
14.384601283741873
20
-55.98158214529643
0
VERTEX
8
L9
10
14.411209088853099
20
-55.96949515318878
0
VERTEX
8
L9
10
14.432935280525655
20
-55.949949226082246
0
VERTEX
8
L9
10
14.44775837436977
20
-55.924762988571736
0
VERTEX
8
L9
10
14.454299175482532
20
-55.89627986037538
0
VERTEX
8
L9
10
14.45194910378946
20
-55.867150015987114
0
VERTEX
8
L9
10
14.44092681856202
20
-55.84008380274234
0
VERTEX
8
L9
10
14.422257873558664
20
-55.81759956018208
0
VERTEX
8
L9
10
14.39767929574974
20
-55.80178930452514
0
VERTEX
8
L9
10
14.369477965970745
20
-55.794124079822424
0
VERTEX
8
L9
10
14.360339437886921
20
-55.72274872805727
0
VERTEX
8
L9
10
14.360581970105201
20
-55.65079113837236
0
VERTEX
8
L9
10
14.370201424679038
20
-55.579479010169365
0
VERTEX
8
L9
10
14.389033679954593
20
-55.510029030353856
0
VERTEX
8
L9
10
14.41675743072092
20
-55.44362611491646
0
VERTEX
8
L9
10
14.45289967013639
20
-55.38140319257129
0
VERTEX
8
L9
10
14.496843759901978
20
-55.32442187537159
0
VERTEX
8
L9
10
14.547839950992625
20
-55.27365434608973
0
VERTEX
8
L9
10
14.60501817544798
20
-55.22996677138855
0
VERTEX
8
L9
10
14.667402890976263
20
-55.194104523779195
0
VERTEX
8
L9
10
14.733929725101092
20
-55.16667946450003
0
VERTEX
8
L9
10
14.803463634878327
20
-55.148159504288664
0
VERTEX
8
L9
10
14.87481827235213
20
-55.1388606201556
0
VERTEX
8
L9
10
14.946776225347989
20
-55.138941464364414
0
VERTEX
8
L9
10
15.018109788265605
20
-55.148400657597286
0
VERTEX
8
L9
10
15.08760190849253
20
-55.16707681248808
0
VERTEX
8
L9
10
15.154066951062433
20
-55.19465128712167
0
VERTEX
8
L9
10
15.216370927283492
20
-55.23065362152079
0
VERTEX
8
L9
10
15.273450842207367
20
-55.27446956436607
0
VERTEX
8
L9
10
15.324332830843517
20
-55.32535155300222
0
VERTEX
8
L9
10
15.368148773688802
20
-55.382431467926104
0
VERTEX
8
L9
10
15.404151108087916
20
-55.44473544414715
0
VERTEX
8
L9
10
15.431725582721512
20
-55.51120048671706
0
VERTEX
8
L9
10
15.45040173761231
20
-55.58069260694399
0
VERTEX
8
L9
10
15.459860930845181
20
-55.65202616986161
0
VERTEX
8
L9
10
15.459941775053991
20
-55.72398412285745
0
VERTEX
8
L9
10
15.450642890920932
20
-55.79533876033126
0
VERTEX
8
L9
10
15.432122930709568
20
-55.8648726701085
0
VERTEX
8
L9
10
15.4046978714304
20
-55.931399504233326
0
VERTEX
8
L9
10
15.368835623821042
20
-55.99378421976161
0
VERTEX
8
L9
10
15.32514804911986
20
-56.05096244421696
0
VERTEX
8
L9
10
15.274380519838004
20
-56.10195863530761
0
VERTEX
8
L9
10
15.217399202638305
20
-56.1459027250732
0
VERTEX
8
L9
10
15.155176280293134
20
-56.18204496448867
0
VERTEX
8
L9
10
15.08877336485574
20
-56.209768715254995
0
VERTEX
8
L9
10
15.019323385040224
20
-56.22860097053056
0
VERTEX
8
L9
10
14.948011256837233
20
-56.23822042510439
0
VERTEX
8
L9
10
14.87605366715232
20
-56.23846295732267
0
VERTEX
8
L9
10
14.804678315387164
20
-56.229324429238844
0
VERTEX
8
L9
10
14.797013090684459
20
-56.20112309945985
0
VERTEX
8
L9
10
14.781202835027514
20
-56.17654452165093
0
VERTEX
8
L9
10
14.758718592467247
20
-56.15787557664758
0
VERTEX
8
L9
10
14.731652379222481
20
-56.14685329142013
0
VERTEX
8
L9
10
14.702522534834216
20
-56.14450321972706
0
VERTEX
8
L9
10
14.67403940663786
20
-56.15104402083982
0
VERTEX
8
L9
10
14.64885316912735
20
-56.165867114683934
0
VERTEX
8
L9
10
14.6293072420208
20
-56.18759330635649
0
VERTEX
8
L9
10
14.61722024991316
20
-56.21420111146771
0
VERTEX
8
L9
10
14.613716810787778
20
-56.24321484244705
0
VERTEX
8
L9
10
14.619122897443262
20
-56.27193495557566
0
VERTEX
8
L9
10
14.632935507791245
20
-56.29768922641414
0
VERTEX
8
L9
10
14.653869466011585
20
-56.318081383344584
0
VERTEX
8
L9
10
14.679977000014446
20
-56.33121406545208
0
VERTEX
8
L9
10
14.708828969284156
20
-56.33586535992852
0
VERTEX
8
L9
10
14.737740881003376
20
-56.33160249331235
0
VERTEX
8
L9
10
14.764022665089854
20
-56.31882209831538
0
VERTEX
8
L9
10
14.785228968162414
20
-56.29871330966362
0
VERTEX
8
L9
10
14.860292142948879
20
-56.30937584038695
0
VERTEX
8
L9
10
14.936094731568971
20
-56.310837801037835
0
VERTEX
8
L9
10
15.011513216404921
20
-56.30307752298229
0
VERTEX
8
L9
10
15.085429772881639
20
-56.286210026159246
0
VERTEX
8
L9
10
15.156748837444397
20
-56.26048531429802
0
VERTEX
8
L9
10
15.224413345592183
20
-56.2262846694566
0
VERTEX
8
L9
10
15.287420399292273
20
-56.18411500080147
0
VERTEX
8
L9
10
15.344836131559916
20
-56.13460133138966
0
VERTEX
8
L9
10
15.39580954788535
20
-56.078477534310665
0
VERTEX
8
L9
10
15.439585139356296
20
-56.01657545549405
0
VERTEX
8
L9
10
15.475514080528399
20
-55.949812584400135
0
VERTEX
8
L9
10
15.503063846073303
20
-55.879178455334426
0
VERTEX
8
L9
10
15.521826103669966
20
-55.805719980940204
0
VERTEX
8
L9
10
15.5315227661535
20
-55.73052593525086
0
VERTEX
8
L9
10
15.53201011321923
20
-55.65471081628843
0
VERTEX
8
L9
10
15.523280921591194
20
-55.57939832739069
0
VERTEX
8
L9
10
15.505464572082928
20
-55.50570472210062
0
VERTEX
8
L9
10
15.478825131963376
20
-55.434722259473794
0
VERTEX
8
L9
10
15.443757441050636
20
-55.367503015023274
0
VERTEX
8
L9
10
15.40078125954382
20
-55.30504328724975
0
VERTEX
8
L9
10
15.350533564331755
20
-55.24826883087784
0
VERTEX
8
L9
10
15.293759107959843
20
-55.198021135665776
0
VERTEX
8
L9
10
15.231299380186314
20
-55.155044954158946
0
VERTEX
8
L9
10
15.164080135735801
20
-55.119977263246206
0
VERTEX
8
L9
10
15.093097673108971
20
-55.09333782312666
0
VERTEX
8
L9
10
15.019404067818897
20
-55.075521473618394
0
VERTEX
8
L9
10
14.94409157892116
20
-55.06679228199037
0
VERTEX
8
L9
10
14.868276459958736
20
-55.06727962905609
0
VERTEX
8
L9
10
14.793082414269392
20
-55.07697629153962
0
VERTEX
8
L9
10
14.719623939875163
20
-55.09573854913628
0
VERTEX
8
L9
10
14.648989810809454
20
-55.12328831468119
0
VERTEX
8
L9
10
14.58222693971554
20
-55.15921725585329
0
VERTEX
8
L9
10
14.520324860898924
20
-55.20299284732424
0
VERTEX
8
L9
10
14.464201063819928
20
-55.25396626364968
0
VERTEX
8
L9
10
14.41468739440812
20
-55.31138199591731
0
VERTEX
8
L9
10
14.372517725753
20
-55.37438904961741
0
VERTEX
8
L9
10
14.338317080911565
20
-55.442053557765185
0
VERTEX
8
L9
10
14.31259236905035
20
-55.51337262232795
0
VERTEX
8
L9
10
14.295724872227296
20
-55.58728917880466
0
VERTEX
8
L9
10
14.287964594171754
20
-55.66270766364062
0
VERTEX
8
L9
10
14.28942655482264
20
-55.7385102522607
0
VERTEX
8
L9
10
14.300089085545977
20
-55.813573427047174
0
SEQEND
0
POLYLINE
8
L9
66
1
70
1
0
VERTEX
8
L9
10
16.167664670658695
20
-56.69146706586827
0
VERTEX
8
L9
10
16.15787520624218
20
-56.69210870126523
0
VERTEX
8
L9
10
16.148253242276
20
-56.69402262889658
0
VERTEX
8
L9
10
16.13896341323131
20
-56.697176100929916
0
VERTEX
8
L9
10
16.130164670658687
20
-56.701515160584435
0
VERTEX
8
L9
10
16.122007563483038
20
-56.70696556534642
0
VERTEX
8
L9
10
16.114631662069698
20
-56.71343405727927
0
VERTEX
8
L9
10
16.108163170136848
20
-56.72080995869261
0
VERTEX
8
L9
10
16.10271276537486
20
-56.72896706586826
0
VERTEX
8
L9
10
16.09837370572035
20
-56.737765808440884
0
VERTEX
8
L9
10
16.095220233687016
20
-56.74705563748557
0
VERTEX
8
L9
10
16.093306306055652
20
-56.75667760145176
0
VERTEX
8
L9
10
16.092664670658692
20
-56.76646706586826
0
VERTEX
8
L9
10
16.093306306055652
20
-56.77625653028477
0
VERTEX
8
L9
10
16.095220233687016
20
-56.78587849425095
0
VERTEX
8
L9
10
16.09837370572035
20
-56.79516832329565
0
VERTEX
8
L9
10
16.10271276537486
20
-56.803967065868264
0
VERTEX
8
L9
10
16.108163170136848
20
-56.81212417304392
0
VERTEX
8
L9
10
16.114631662069698
20
-56.81950007445725
0
VERTEX
8
L9
10
16.122007563483038
20
-56.82596856639011
0
VERTEX
8
L9
10
16.130164670658687
20
-56.8314189711521
0
VERTEX
8
L9
10
16.13896341323131
20
-56.83575803080661
0
VERTEX
8
L9
10
16.148253242276
20
-56.83891150283994
0
VERTEX
8
L9
10
16.15787520624218
20
-56.8408254304713
0
VERTEX
8
L9
10
16.167664670658695
20
-56.841467065868265
0
VERTEX
8
L9
10
16.177454135075195
20
-56.8408254304713
0
VERTEX
8
L9
10
16.187076099041377
20
-56.83891150283994
0
VERTEX
8
L9
10
16.196365928086067
20
-56.83575803080661
0
VERTEX
8
L9
10
16.20516467065869
20
-56.8314189711521
0
VERTEX
8
L9
10
16.213321777834338
20
-56.82596856639011
0
VERTEX
8
L9
10
16.220697679247678
20
-56.81950007445725
0
VERTEX
8
L9
10
16.227166171180528
20
-56.81212417304392
0
VERTEX
8
L9
10
16.232616575942515
20
-56.803967065868264
0
VERTEX
8
L9
10
16.23695563559704
20
-56.79516832329565
0
VERTEX
8
L9
10
16.240109107630374
20
-56.78587849425095
0
VERTEX
8
L9
10
16.242023035261724
20
-56.77625653028477
0
VERTEX
8
L9
10
16.242664670658684
20
-56.76646706586826
0
VERTEX
8
L9
10
16.242023035261724
20
-56.75667760145176
0
VERTEX
8
L9
10
16.240109107630374
20
-56.74705563748557
0
VERTEX
8
L9
10
16.23695563559704
20
-56.737765808440884
0
VERTEX
8
L9
10
16.232616575942515
20
-56.72896706586826
0
VERTEX
8
L9
10
16.227166171180528
20
-56.72080995869261
0
VERTEX
8
L9
10
16.220697679247678
20
-56.71343405727927
0
VERTEX
8
L9
10
16.213321777834338
20
-56.70696556534642
0
VERTEX
8
L9
10
16.20516467065869
20
-56.701515160584435
0
VERTEX
8
L9
10
16.196365928086067
20
-56.697176100929916
0
VERTEX
8
L9
10
16.187076099041377
20
-56.69402262889658
0
VERTEX
8
L9
10
16.177454135075195
20
-56.69210870126523
0
VERTEX
8
L9
10
16.167664670658695
20
-56.69146706586827
0
SEQEND
0
POLYLINE
8
L9
66
1
70
1
0
VERTEX
8
L9
10
12.035928143712582
20
-55.61362275449102
0
VERTEX
8
L9
10
12.026138679296082
20
-55.614264389887985
0
VERTEX
8
L9
10
12.0165167153299
20
-55.61617831751934
0
VERTEX
8
L9
10
12.00722688628521
20
-55.619331789552675
0
VERTEX
8
L9
10
11.998428143712587
20
-55.62367084920719
0
VERTEX
8
L9
10
11.990271036536924
20
-55.629121253969174
0
VERTEX
8
L9
10
11.982895135123599
20
-55.63558974590203
0
VERTEX
8
L9
10
11.976426643190749
20
-55.642965647315364
0
VERTEX
8
L9
10
11.970976238428747
20
-55.65112275449102
0
VERTEX
8
L9
10
11.966637178774235
20
-55.659921497063635
0
VERTEX
8
L9
10
11.963483706740902
20
-55.66921132610833
0
VERTEX
8
L9
10
11.961569779109553
20
-55.678833290074515
0
VERTEX
8
L9
10
11.960928143712579
20
-55.68862275449102
0
VERTEX
8
L9
10
11.961569779109553
20
-55.69841221890752
0
VERTEX
8
L9
10
11.963483706740902
20
-55.70803418287371
0
VERTEX
8
L9
10
11.966637178774235
20
-55.7173240119184
0
VERTEX
8
L9
10
11.970976238428747
20
-55.726122754491016
0
VERTEX
8
L9
10
11.976426643190749
20
-55.73427986166667
0
VERTEX
8
L9
10
11.982895135123599
20
-55.74165576308001
0
VERTEX
8
L9
10
11.990271036536924
20
-55.74812425501286
0
VERTEX
8
L9
10
11.998428143712587
20
-55.75357465977485
0
VERTEX
8
L9
10
12.00722688628521
20
-55.75791371942937
0
VERTEX
8
L9
10
12.0165167153299
20
-55.7610671914627
0
VERTEX
8
L9
10
12.026138679296082
20
-55.76298111909406
0
VERTEX
8
L9
10
12.035928143712582
20
-55.76362275449102
0
VERTEX
8
L9
10
12.045717608129095
20
-55.76298111909406
0
VERTEX
8
L9
10
12.055339572095278
20
-55.7610671914627
0
VERTEX
8
L9
10
12.064629401139968
20
-55.75791371942937
0
VERTEX
8
L9
10
12.07342814371259
20
-55.75357465977485
0
VERTEX
8
L9
10
12.081585250888239
20
-55.74812425501286
0
VERTEX
8
L9
10
12.088961152301579
20
-55.74165576308001
0
VERTEX
8
L9
10
12.095429644234429
20
-55.73427986166667
0
VERTEX
8
L9
10
12.100880048996416
20
-55.726122754491016
0
VERTEX
8
L9
10
12.105219108650928
20
-55.7173240119184
0
VERTEX
8
L9
10
12.10837258068426
20
-55.70803418287371
0
VERTEX
8
L9
10
12.110286508315625
20
-55.69841221890752
0
VERTEX
8
L9
10
12.110928143712584
20
-55.68862275449102
0
VERTEX
8
L9
10
12.110286508315625
20
-55.678833290074515
0
VERTEX
8
L9
10
12.10837258068426
20
-55.66921132610833
0
VERTEX
8
L9
10
12.105219108650928
20
-55.659921497063635
0
VERTEX
8
L9
10
12.100880048996416
20
-55.65112275449102
0
VERTEX
8
L9
10
12.095429644234429
20
-55.642965647315364
0
VERTEX
8
L9
10
12.088961152301579
20
-55.63558974590203
0
VERTEX
8
L9
10
12.081585250888239
20
-55.629121253969174
0
VERTEX
8
L9
10
12.07342814371259
20
-55.62367084920719
0
VERTEX
8
L9
10
12.064629401139968
20
-55.619331789552675
0
VERTEX
8
L9
10
12.055339572095278
20
-55.61617831751934
0
VERTEX
8
L9
10
12.045717608129095
20
-55.614264389887985
0
VERTEX
8
L9
10
12.035928143712582
20
-55.61362275449102
0
SEQEND
0
POLYLINE
8
L9
66
1
70
1
0
VERTEX
8
L9
10
16.167664670658695
20
-55.73338323353293
0
VERTEX
8
L9
10
16.15787520624218
20
-55.7340248689299
0
VERTEX
8
L9
10
16.148253242276
20
-55.73593879656126
0
VERTEX
8
L9
10
16.13896341323131
20
-55.73909226859459
0
VERTEX
8
L9
10
16.130164670658687
20
-55.7434313282491
0
VERTEX
8
L9
10
16.122007563483038
20
-55.74888173301109
0
VERTEX
8
L9
10
16.114631662069698
20
-55.755350224943946
0
VERTEX
8
L9
10
16.108163170136848
20
-55.76272612635728
0
VERTEX
8
L9
10
16.10271276537486
20
-55.770883233532935
0
VERTEX
8
L9
10
16.09837370572035
20
-55.77968197610555
0
VERTEX
8
L9
10
16.095220233687016
20
-55.78897180515025
0
VERTEX
8
L9
10
16.093306306055652
20
-55.79859376911643
0
VERTEX
8
L9
10
16.092664670658692
20
-55.808383233532936
0
VERTEX
8
L9
10
16.093306306055652
20
-55.818172697949436
0
VERTEX
8
L9
10
16.095220233687016
20
-55.827794661915625
0
VERTEX
8
L9
10
16.09837370572035
20
-55.837084490960315
0
VERTEX
8
L9
10
16.10271276537486
20
-55.84588323353294
0
VERTEX
8
L9
10
16.108163170136848
20
-55.854040340708586
0
VERTEX
8
L9
10
16.114631662069698
20
-55.861416242121926
0
VERTEX
8
L9
10
16.122007563483038
20
-55.867884734054776
0
VERTEX
8
L9
10
16.130164670658687
20
-55.87333513881677
0
VERTEX
8
L9
10
16.13896341323131
20
-55.87767419847128
0
VERTEX
8
L9
10
16.148253242276
20
-55.880827670504615
0
VERTEX
8
L9
10
16.15787520624218
20
-55.88274159813597
0
VERTEX
8
L9
10
16.167664670658695
20
-55.88338323353293
0
VERTEX
8
L9
10
16.177454135075195
20
-55.88274159813597
0
VERTEX
8
L9
10
16.187076099041377
20
-55.880827670504615
0
VERTEX
8
L9
10
16.196365928086067
20
-55.87767419847128
0
VERTEX
8
L9
10
16.20516467065869
20
-55.87333513881677
0
VERTEX
8
L9
10
16.213321777834338
20
-55.867884734054776
0
VERTEX
8
L9
10
16.220697679247678
20
-55.861416242121926
0
VERTEX
8
L9
10
16.227166171180528
20
-55.854040340708586
0
VERTEX
8
L9
10
16.232616575942515
20
-55.84588323353294
0
VERTEX
8
L9
10
16.23695563559704
20
-55.837084490960315
0
VERTEX
8
L9
10
16.240109107630374
20
-55.827794661915625
0
VERTEX
8
L9
10
16.242023035261724
20
-55.818172697949436
0
VERTEX
8
L9
10
16.242664670658684
20
-55.808383233532936
0
VERTEX
8
L9
10
16.242023035261724
20
-55.79859376911643
0
VERTEX
8
L9
10
16.240109107630374
20
-55.78897180515025
0
VERTEX
8
L9
10
16.23695563559704
20
-55.77968197610555
0
VERTEX
8
L9
10
16.232616575942515
20
-55.770883233532935
0
VERTEX
8
L9
10
16.227166171180528
20
-55.76272612635728
0
VERTEX
8
L9
10
16.220697679247678
20
-55.755350224943946
0
VERTEX
8
L9
10
16.213321777834338
20
-55.74888173301109
0
VERTEX
8
L9
10
16.20516467065869
20
-55.7434313282491
0
VERTEX
8
L9
10
16.196365928086067
20
-55.73909226859459
0
VERTEX
8
L9
10
16.187076099041377
20
-55.73593879656126
0
VERTEX
8
L9
10
16.177454135075195
20
-55.7340248689299
0
VERTEX
8
L9
10
16.167664670658695
20
-55.73338323353293
0
SEQEND
0
POLYLINE
8
L9
66
1
70
1
0
VERTEX
8
L9
10
12.502961003145103
20
-55.783608813748685
0
VERTEX
8
L9
10
12.493171538728603
20
-55.78425044914565
0
VERTEX
8
L9
10
12.483549574762407
20
-55.78616437677701
0
VERTEX
8
L9
10
12.474259745717717
20
-55.78931784881034
0
VERTEX
8
L9
10
12.465461003145109
20
-55.793656908464854
0
VERTEX
8
L9
10
12.457303895969446
20
-55.79910731322684
0
VERTEX
8
L9
10
12.449927994556106
20
-55.8055758051597
0
VERTEX
8
L9
10
12.443459502623256
20
-55.81295170657303
0
VERTEX
8
L9
10
12.438009097861269
20
-55.82110881374869
0
VERTEX
8
L9
10
12.433670038206756
20
-55.8299075563213
0
VERTEX
8
L9
10
12.430516566173424
20
-55.839197385366
0
VERTEX
8
L9
10
12.42860263854206
20
-55.84881934933218
0
VERTEX
8
L9
10
12.4279610031451
20
-55.85860881374869
0
VERTEX
8
L9
10
12.42860263854206
20
-55.86839827816519
0
VERTEX
8
L9
10
12.430516566173424
20
-55.87802024213138
0
VERTEX
8
L9
10
12.433670038206756
20
-55.88731007117607
0
VERTEX
8
L9
10
12.438009097861269
20
-55.89610881374869
0
VERTEX
8
L9
10
12.443459502623256
20
-55.90426592092434
0
VERTEX
8
L9
10
12.449927994556106
20
-55.91164182233768
0
VERTEX
8
L9
10
12.457303895969446
20
-55.91811031427053
0
VERTEX
8
L9
10
12.465461003145109
20
-55.92356071903252
0
VERTEX
8
L9
10
12.474259745717717
20
-55.927899778687035
0
VERTEX
8
L9
10
12.483549574762407
20
-55.93105325072037
0
VERTEX
8
L9
10
12.493171538728603
20
-55.932967178351724
0
VERTEX
8
L9
10
12.502961003145103
20
-55.933608813748684
0
VERTEX
8
L9
10
12.512750467561602
20
-55.932967178351724
0
VERTEX
8
L9
10
12.522372431527785
20
-55.93105325072037
0
VERTEX
8
L9
10
12.531662260572489
20
-55.927899778687035
0
VERTEX
8
L9
10
12.540461003145097
20
-55.92356071903252
0
VERTEX
8
L9
10
12.54861811032076
20
-55.91811031427053
0
VERTEX
8
L9
10
12.555994011734086
20
-55.91164182233768
0
VERTEX
8
L9
10
12.56246250366695
20
-55.90426592092434
0
VERTEX
8
L9
10
12.567912908428937
20
-55.89610881374869
0
VERTEX
8
L9
10
12.57225196808345
20
-55.88731007117607
0
VERTEX
8
L9
10
12.575405440116782
20
-55.87802024213138
0
VERTEX
8
L9
10
12.577319367748132
20
-55.86839827816519
0
VERTEX
8
L9
10
12.577961003145106
20
-55.85860881374869
0
VERTEX
8
L9
10
12.577319367748132
20
-55.84881934933218
0
VERTEX
8
L9
10
12.575405440116782
20
-55.839197385366
0
VERTEX
8
L9
10
12.57225196808345
20
-55.8299075563213
0
VERTEX
8
L9
10
12.567912908428937
20
-55.82110881374869
0
VERTEX
8
L9
10
12.56246250366695
20
-55.81295170657303
0
VERTEX
8
L9
10
12.555994011734086
20
-55.8055758051597
0
VERTEX
8
L9
10
12.54861811032076
20
-55.79910731322684
0
VERTEX
8
L9
10
12.540461003145097
20
-55.793656908464854
0
VERTEX
8
L9
10
12.531662260572489
20
-55.78931784881034
0
VERTEX
8
L9
10
12.522372431527785
20
-55.78616437677701
0
VERTEX
8
L9
10
12.512750467561602
20
-55.78425044914565
0
VERTEX
8
L9
10
12.502961003145103
20
-55.783608813748685
0
SEQEND
0
POLYLINE
8
L9
66
1
70
1
0
VERTEX
8
L9
10
16.167664670658695
20
-54.77529940119761
0
VERTEX
8
L9
10
16.15787520624218
20
-54.775941036594574
0
VERTEX
8
L9
10
16.148253242276
20
-54.777854964225924
0
VERTEX
8
L9
10
16.13896341323131
20
-54.78100843625926
0
VERTEX
8
L9
10
16.130164670658687
20
-54.785347495913776
0
VERTEX
8
L9
10
16.122007563483038
20
-54.79079790067576
0
VERTEX
8
L9
10
16.114631662069698
20
-54.79726639260861
0
VERTEX
8
L9
10
16.108163170136848
20
-54.80464229402195
0
VERTEX
8
L9
10
16.10271276537486
20
-54.81279940119761
0
VERTEX
8
L9
10
16.09837370572035
20
-54.821598143770224
0
VERTEX
8
L9
10
16.095220233687016
20
-54.83088797281492
0
VERTEX
8
L9
10
16.093306306055652
20
-54.8405099367811
0
VERTEX
8
L9
10
16.092664670658692
20
-54.8502994011976
0
VERTEX
8
L9
10
16.093306306055652
20
-54.86008886561411
0
VERTEX
8
L9
10
16.095220233687016
20
-54.86971082958029
0
VERTEX
8
L9
10
16.09837370572035
20
-54.87900065862499
0
VERTEX
8
L9
10
16.10271276537486
20
-54.887799401197604
0
VERTEX
8
L9
10
16.108163170136848
20
-54.89595650837326
0
VERTEX
8
L9
10
16.114631662069698
20
-54.9033324097866
0
VERTEX
8
L9
10
16.122007563483038
20
-54.90980090171945
0
VERTEX
8
L9
10
16.130164670658687
20
-54.91525130648144
0
VERTEX
8
L9
10
16.13896341323131
20
-54.91959036613595
0
VERTEX
8
L9
10
16.148253242276
20
-54.92274383816929
0
VERTEX
8
L9
10
16.15787520624218
20
-54.92465776580064
0
VERTEX
8
L9
10
16.167664670658695
20
-54.925299401197606
0
VERTEX
8
L9
10
16.177454135075195
20
-54.92465776580064
0
VERTEX
8
L9
10
16.187076099041377
20
-54.92274383816929
0
VERTEX
8
L9
10
16.196365928086067
20
-54.91959036613595
0
VERTEX
8
L9
10
16.20516467065869
20
-54.91525130648144
0
VERTEX
8
L9
10
16.213321777834338
20
-54.90980090171945
0
VERTEX
8
L9
10
16.220697679247678
20
-54.9033324097866
0
VERTEX
8
L9
10
16.227166171180528
20
-54.89595650837326
0
VERTEX
8
L9
10
16.232616575942515
20
-54.887799401197604
0
VERTEX
8
L9
10
16.23695563559704
20
-54.87900065862499
0
VERTEX
8
L9
10
16.240109107630374
20
-54.86971082958029
0
VERTEX
8
L9
10
16.242023035261724
20
-54.86008886561411
0
VERTEX
8
L9
10
16.242664670658684
20
-54.8502994011976
0
VERTEX
8
L9
10
16.242023035261724
20
-54.8405099367811
0
VERTEX
8
L9
10
16.240109107630374
20
-54.83088797281492
0
VERTEX
8
L9
10
16.23695563559704
20
-54.821598143770224
0
VERTEX
8
L9
10
16.232616575942515
20
-54.81279940119761
0
VERTEX
8
L9
10
16.227166171180528
20
-54.80464229402195
0
VERTEX
8
L9
10
16.220697679247678
20
-54.79726639260861
0
VERTEX
8
L9
10
16.213321777834338
20
-54.79079790067576
0
VERTEX
8
L9
10
16.20516467065869
20
-54.785347495913776
0
VERTEX
8
L9
10
16.196365928086067
20
-54.78100843625926
0
VERTEX
8
L9
10
16.187076099041377
20
-54.777854964225924
0
VERTEX
8
L9
10
16.177454135075195
20
-54.775941036594574
0
VERTEX
8
L9
10
16.167664670658695
20
-54.77529940119761
0
SEQEND
0
POLYLINE
8
L9
66
1
70
1
0
VERTEX
8
L9
10
14.910179640718567
20
-55.61362275449102
0
VERTEX
8
L9
10
14.900390176302068
20
-55.614264389887985
0
VERTEX
8
L9
10
14.890768212335885
20
-55.61617831751934
0
VERTEX
8
L9
10
14.881478383291196
20
-55.619331789552675
0
VERTEX
8
L9
10
14.872679640718573
20
-55.62367084920719
0
VERTEX
8
L9
10
14.86452253354291
20
-55.629121253969174
0
VERTEX
8
L9
10
14.857146632129584
20
-55.63558974590203
0
VERTEX
8
L9
10
14.850678140196734
20
-55.642965647315364
0
VERTEX
8
L9
10
14.845227735434733
20
-55.65112275449102
0
VERTEX
8
L9
10
14.84088867578022
20
-55.659921497063635
0
VERTEX
8
L9
10
14.837735203746888
20
-55.66921132610833
0
VERTEX
8
L9
10
14.835821276115539
20
-55.678833290074515
0
VERTEX
8
L9
10
14.835179640718565
20
-55.68862275449102
0
VERTEX
8
L9
10
14.835821276115539
20
-55.69841221890752
0
VERTEX
8
L9
10
14.837735203746888
20
-55.70803418287371
0
VERTEX
8
L9
10
14.84088867578022
20
-55.7173240119184
0
VERTEX
8
L9
10
14.845227735434733
20
-55.726122754491016
0
VERTEX
8
L9
10
14.850678140196734
20
-55.73427986166667
0
VERTEX
8
L9
10
14.857146632129584
20
-55.74165576308001
0
VERTEX
8
L9
10
14.86452253354291
20
-55.74812425501286
0
VERTEX
8
L9
10
14.872679640718573
20
-55.75357465977485
0
VERTEX
8
L9
10
14.881478383291196
20
-55.75791371942937
0
VERTEX
8
L9
10
14.890768212335885
20
-55.7610671914627
0
VERTEX
8
L9
10
14.900390176302068
20
-55.76298111909406
0
VERTEX
8
L9
10
14.910179640718567
20
-55.76362275449102
0
VERTEX
8
L9
10
14.919969105135081
20
-55.76298111909406
0
VERTEX
8
L9
10
14.929591069101264
20
-55.7610671914627
0
VERTEX
8
L9
10
14.938880898145953
20
-55.75791371942937
0
VERTEX
8
L9
10
14.947679640718576
20
-55.75357465977485
0
VERTEX
8
L9
10
14.955836747894224
20
-55.74812425501286
0
VERTEX
8
L9
10
14.963212649307565
20
-55.74165576308001
0
VERTEX
8
L9
10
14.969681141240414
20
-55.73427986166667
0
VERTEX
8
L9
10
14.975131546002402
20
-55.726122754491016
0
VERTEX
8
L9
10
14.979470605656914
20
-55.7173240119184
0
VERTEX
8
L9
10
14.982624077690247
20
-55.70803418287371
0
VERTEX
8
L9
10
14.98453800532161
20
-55.69841221890752
0
VERTEX
8
L9
10
14.98517964071857
20
-55.68862275449102
0
VERTEX
8
L9
10
14.98453800532161
20
-55.678833290074515
0
VERTEX
8
L9
10
14.982624077690247
20
-55.66921132610833
0
VERTEX
8
L9
10
14.979470605656914
20
-55.659921497063635
0
VERTEX
8
L9
10
14.975131546002402
20
-55.65112275449102
0
VERTEX
8
L9
10
14.969681141240414
20
-55.642965647315364
0
VERTEX
8
L9
10
14.963212649307565
20
-55.63558974590203
0
VERTEX
8
L9
10
14.955836747894224
20
-55.629121253969174
0
VERTEX
8
L9
10
14.947679640718576
20
-55.62367084920719
0
VERTEX
8
L9
10
14.938880898145953
20
-55.619331789552675
0
VERTEX
8
L9
10
14.929591069101264
20
-55.61617831751934
0
VERTEX
8
L9
10
14.919969105135081
20
-55.614264389887985
0
VERTEX
8
L9
10
14.910179640718567
20
-55.61362275449102
0
SEQEND
0
POLYLINE
8
L9
66
1
70
1
0
VERTEX
8
L9
10
16.167664670658695
20
-53.81721556886228
0
VERTEX
8
L9
10
16.15787520624218
20
-53.81785720425924
0
VERTEX
8
L9
10
16.148253242276
20
-53.8197711318906
0
VERTEX
8
L9
10
16.13896341323131
20
-53.82292460392393
0
VERTEX
8
L9
10
16.130164670658687
20
-53.82726366357844
0
VERTEX
8
L9
10
16.122007563483038
20
-53.83271406834044
0
VERTEX
8
L9
10
16.114631662069698
20
-53.83918256027329
0
VERTEX
8
L9
10
16.108163170136848
20
-53.84655846168663
0
VERTEX
8
L9
10
16.10271276537486
20
-53.854715568862275
0
VERTEX
8
L9
10
16.09837370572035
20
-53.8635143114349
0
VERTEX
8
L9
10
16.095220233687016
20
-53.87280414047959
0
VERTEX
8
L9
10
16.093306306055652
20
-53.88242610444578
0
VERTEX
8
L9
10
16.092664670658692
20
-53.89221556886228
0
VERTEX
8
L9
10
16.093306306055652
20
-53.90200503327878
0
VERTEX
8
L9
10
16.095220233687016
20
-53.911626997244966
0
VERTEX
8
L9
10
16.09837370572035
20
-53.92091682628966
0
VERTEX
8
L9
10
16.10271276537486
20
-53.92971556886228
0
VERTEX
8
L9
10
16.108163170136848
20
-53.937872676037934
0
VERTEX
8
L9
10
16.114631662069698
20
-53.94524857745127
0
VERTEX
8
L9
10
16.122007563483038
20
-53.95171706938412
0
VERTEX
8
L9
10
16.130164670658687
20
-53.95716747414611
0
VERTEX
8
L9
10
16.13896341323131
20
-53.96150653380062
0
VERTEX
8
L9
10
16.148253242276
20
-53.964660005833956
0
VERTEX
8
L9
10
16.15787520624218
20
-53.96657393346531
0
VERTEX
8
L9
10
16.167664670658695
20
-53.96721556886228
0
VERTEX
8
L9
10
16.177454135075195
20
-53.96657393346531
0
VERTEX
8
L9
10
16.187076099041377
20
-53.964660005833956
0
VERTEX
8
L9
10
16.196365928086067
20
-53.96150653380062
0
VERTEX
8
L9
10
16.20516467065869
20
-53.95716747414611
0
VERTEX
8
L9
10
16.213321777834338
20
-53.95171706938412
0
VERTEX
8
L9
10
16.220697679247678
20
-53.94524857745127
0
VERTEX
8
L9
10
16.227166171180528
20
-53.937872676037934
0
VERTEX
8
L9
10
16.232616575942515
20
-53.92971556886228
0
VERTEX
8
L9
10
16.23695563559704
20
-53.92091682628966
0
VERTEX
8
L9
10
16.240109107630374
20
-53.911626997244966
0
VERTEX
8
L9
10
16.242023035261724
20
-53.90200503327878
0
VERTEX
8
L9
10
16.242664670658684
20
-53.89221556886228
0
VERTEX
8
L9
10
16.242023035261724
20
-53.88242610444578
0
VERTEX
8
L9
10
16.240109107630374
20
-53.87280414047959
0
VERTEX
8
L9
10
16.23695563559704
20
-53.8635143114349
0
VERTEX
8
L9
10
16.232616575942515
20
-53.854715568862275
0
VERTEX
8
L9
10
16.227166171180528
20
-53.84655846168663
0
VERTEX
8
L9
10
16.220697679247678
20
-53.83918256027329
0
VERTEX
8
L9
10
16.213321777834338
20
-53.83271406834044
0
VERTEX
8
L9
10
16.20516467065869
20
-53.82726366357844
0
VERTEX
8
L9
10
16.196365928086067
20
-53.82292460392393
0
VERTEX
8
L9
10
16.187076099041377
20
-53.8197711318906
0
VERTEX
8
L9
10
16.177454135075195
20
-53.81785720425924
0
VERTEX
8
L9
10
16.167664670658695
20
-53.81721556886228
0
SEQEND
0
POLYLINE
8
L9
66
1
70
1
0
VERTEX
8
L9
10
16.167664670658695
20
-53.338173652694614
0
VERTEX
8
L9
10
16.15787520624218
20
-53.338815288091574
0
VERTEX
8
L9
10
16.148253242276
20
-53.34072921572293
0
VERTEX
8
L9
10
16.13896341323131
20
-53.34388268775626
0
VERTEX
8
L9
10
16.130164670658687
20
-53.34822174741078
0
VERTEX
8
L9
10
16.122007563483038
20
-53.35367215217277
0
VERTEX
8
L9
10
16.114631662069698
20
-53.36014064410562
0
VERTEX
8
L9
10
16.108163170136848
20
-53.36751654551896
0
VERTEX
8
L9
10
16.10271276537486
20
-53.375673652694616
0
VERTEX
8
L9
10
16.09837370572035
20
-53.38447239526723
0
VERTEX
8
L9
10
16.095220233687016
20
-53.39376222431192
0
VERTEX
8
L9
10
16.093306306055652
20
-53.40338418827811
0
VERTEX
8
L9
10
16.092664670658692
20
-53.41317365269461
0
VERTEX
8
L9
10
16.093306306055652
20
-53.42296311711112
0
VERTEX
8
L9
10
16.095220233687016
20
-53.4325850810773
0
VERTEX
8
L9
10
16.09837370572035
20
-53.441874910121996
0
VERTEX
8
L9
10
16.10271276537486
20
-53.45067365269461
0
VERTEX
8
L9
10
16.108163170136848
20
-53.45883075987027
0
VERTEX
8
L9
10
16.114631662069698
20
-53.46620666128361
0
VERTEX
8
L9
10
16.122007563483038
20
-53.47267515321646
0
VERTEX
8
L9
10
16.130164670658687
20
-53.478125557978444
0
VERTEX
8
L9
10
16.13896341323131
20
-53.48246461763296
0
VERTEX
8
L9
10
16.148253242276
20
-53.485618089666296
0
VERTEX
8
L9
10
16.15787520624218
20
-53.487532017297646
0
VERTEX
8
L9
10
16.167664670658695
20
-53.48817365269461
0
VERTEX
8
L9
10
16.177454135075195
20
-53.487532017297646
0
VERTEX
8
L9
10
16.187076099041377
20
-53.485618089666296
0
VERTEX
8
L9
10
16.196365928086067
20
-53.48246461763296
0
VERTEX
8
L9
10
16.20516467065869
20
-53.478125557978444
0
VERTEX
8
L9
10
16.213321777834338
20
-53.47267515321646
0
VERTEX
8
L9
10
16.220697679247678
20
-53.46620666128361
0
VERTEX
8
L9
10
16.227166171180528
20
-53.45883075987027
0
VERTEX
8
L9
10
16.232616575942515
20
-53.45067365269461
0
VERTEX
8
L9
10
16.23695563559704
20
-53.441874910121996
0
VERTEX
8
L9
10
16.240109107630374
20
-53.4325850810773
0
VERTEX
8
L9
10
16.242023035261724
20
-53.42296311711112
0
VERTEX
8
L9
10
16.242664670658684
20
-53.41317365269461
0
VERTEX
8
L9
10
16.242023035261724
20
-53.40338418827811
0
VERTEX
8
L9
10
16.240109107630374
20
-53.39376222431192
0
VERTEX
8
L9
10
16.23695563559704
20
-53.38447239526723
0
VERTEX
8
L9
10
16.232616575942515
20
-53.375673652694616
0
VERTEX
8
L9
10
16.227166171180528
20
-53.36751654551896
0
VERTEX
8
L9
10
16.220697679247678
20
-53.36014064410562
0
VERTEX
8
L9
10
16.213321777834338
20
-53.35367215217277
0
VERTEX
8
L9
10
16.20516467065869
20
-53.34822174741078
0
VERTEX
8
L9
10
16.196365928086067
20
-53.34388268775626
0
VERTEX
8
L9
10
16.187076099041377
20
-53.34072921572293
0
VERTEX
8
L9
10
16.177454135075195
20
-53.338815288091574
0
VERTEX
8
L9
10
16.167664670658695
20
-53.338173652694614
0
SEQEND
0
POLYLINE
8
L9
66
1
70
1
0
VERTEX
8
L9
10
20.29940119760478
20
-55.61362275449102
0
VERTEX
8
L9
10
20.289611733188295
20
-55.614264389887985
0
VERTEX
8
L9
10
20.279989769222098
20
-55.61617831751934
0
VERTEX
8
L9
10
20.27069994017741
20
-55.619331789552675
0
VERTEX
8
L9
10
20.261901197604786
20
-55.62367084920719
0
VERTEX
8
L9
10
20.25374409042915
20
-55.629121253969174
0
VERTEX
8
L9
10
20.246368189015797
20
-55.63558974590203
0
VERTEX
8
L9
10
20.239899697082947
20
-55.642965647315364
0
VERTEX
8
L9
10
20.234449292320946
20
-55.65112275449102
0
VERTEX
8
L9
10
20.230110232666433
20
-55.659921497063635
0
VERTEX
8
L9
10
20.226956760633115
20
-55.66921132610833
0
VERTEX
8
L9
10
20.22504283300175
20
-55.678833290074515
0
VERTEX
8
L9
10
20.22440119760479
20
-55.68862275449102
0
VERTEX
8
L9
10
20.22504283300175
20
-55.69841221890752
0
VERTEX
8
L9
10
20.226956760633115
20
-55.70803418287371
0
VERTEX
8
L9
10
20.230110232666433
20
-55.7173240119184
0
VERTEX
8
L9
10
20.234449292320946
20
-55.726122754491016
0
VERTEX
8
L9
10
20.239899697082947
20
-55.73427986166667
0
VERTEX
8
L9
10
20.246368189015797
20
-55.74165576308001
0
VERTEX
8
L9
10
20.25374409042915
20
-55.74812425501286
0
VERTEX
8
L9
10
20.261901197604786
20
-55.75357465977485
0
VERTEX
8
L9
10
20.27069994017741
20
-55.75791371942937
0
VERTEX
8
L9
10
20.279989769222098
20
-55.7610671914627
0
VERTEX
8
L9
10
20.289611733188295
20
-55.76298111909406
0
VERTEX
8
L9
10
20.29940119760478
20
-55.76362275449102
0
VERTEX
8
L9
10
20.309190662021294
20
-55.76298111909406
0
VERTEX
8
L9
10
20.31881262598749
20
-55.7610671914627
0
VERTEX
8
L9
10
20.32810245503218
20
-55.75791371942937
0
VERTEX
8
L9
10
20.336901197604803
20
-55.75357465977485
0
VERTEX
8
L9
10
20.345058304780437
20
-55.74812425501286
0
VERTEX
8
L9
10
20.35243420619379
20
-55.74165576308001
0
VERTEX
8
L9
10
20.35890269812664
20
-55.73427986166667
0
VERTEX
8
L9
10
20.364353102888614
20
-55.726122754491016
0
VERTEX
8
L9
10
20.368692162543127
20
-55.7173240119184
0
VERTEX
8
L9
10
20.371845634576474
20
-55.70803418287371
0
VERTEX
8
L9
10
20.373759562207837
20
-55.69841221890752
0
VERTEX
8
L9
10
20.374401197604797
20
-55.68862275449102
0
VERTEX
8
L9
10
20.373759562207837
20
-55.678833290074515
0
VERTEX
8
L9
10
20.371845634576474
20
-55.66921132610833
0
VERTEX
8
L9
10
20.368692162543127
20
-55.659921497063635
0
VERTEX
8
L9
10
20.364353102888614
20
-55.65112275449102
0
VERTEX
8
L9
10
20.35890269812664
20
-55.642965647315364
0
VERTEX
8
L9
10
20.35243420619379
20
-55.63558974590203
0
VERTEX
8
L9
10
20.345058304780437
20
-55.629121253969174
0
VERTEX
8
L9
10
20.336901197604803
20
-55.62367084920719
0
VERTEX
8
L9
10
20.32810245503218
20
-55.619331789552675
0
VERTEX
8
L9
10
20.31881262598749
20
-55.61617831751934
0
VERTEX
8
L9
10
20.309190662021294
20
-55.614264389887985
0
VERTEX
8
L9
10
20.29940119760478
20
-55.61362275449102
0
SEQEND
0
POLYLINE
8
L9
66
1
70
1
0
VERTEX
8
L9
10
16.167664670658695
20
-54.29625748502994
0
VERTEX
8
L9
10
16.15787520624218
20
-54.29689912042691
0
VERTEX
8
L9
10
16.148253242276
20
-54.298813048058264
0
VERTEX
8
L9
10
16.13896341323131
20
-54.3019665200916
0
VERTEX
8
L9
10
16.130164670658687
20
-54.30630557974611
0
VERTEX
8
L9
10
16.122007563483038
20
-54.311755984508096
0
VERTEX
8
L9
10
16.114631662069698
20
-54.31822447644095
0
VERTEX
8
L9
10
16.108163170136848
20
-54.325600377854286
0
VERTEX
8
L9
10
16.10271276537486
20
-54.33375748502994
0
VERTEX
8
L9
10
16.09837370572035
20
-54.34255622760256
0
VERTEX
8
L9
10
16.095220233687016
20
-54.351846056647254
0
VERTEX
8
L9
10
16.093306306055652
20
-54.36146802061344
0
VERTEX
8
L9
10
16.092664670658692
20
-54.37125748502994
0
VERTEX
8
L9
10
16.093306306055652
20
-54.38104694944644
0
VERTEX
8
L9
10
16.095220233687016
20
-54.39066891341263
0
VERTEX
8
L9
10
16.09837370572035
20
-54.39995874245732
0
VERTEX
8
L9
10
16.10271276537486
20
-54.408757485029945
0
VERTEX
8
L9
10
16.108163170136848
20
-54.41691459220559
0
VERTEX
8
L9
10
16.114631662069698
20
-54.42429049361893
0
VERTEX
8
L9
10
16.122007563483038
20
-54.43075898555178
0
VERTEX
8
L9
10
16.130164670658687
20
-54.43620939031378
0
VERTEX
8
L9
10
16.13896341323131
20
-54.44054844996829
0
VERTEX
8
L9
10
16.148253242276
20
-54.44370192200162
0
VERTEX
8
L9
10
16.15787520624218
20
-54.44561584963298
0
VERTEX
8
L9
10
16.167664670658695
20
-54.44625748502994
0
VERTEX
8
L9
10
16.177454135075195
20
-54.44561584963298
0
VERTEX
8
L9
10
16.187076099041377
20
-54.44370192200162
0
VERTEX
8
L9
10
16.196365928086067
20
-54.44054844996829
0
VERTEX
8
L9
10
16.20516467065869
20
-54.43620939031378
0
VERTEX
8
L9
10
16.213321777834338
20
-54.43075898555178
0
VERTEX
8
L9
10
16.220697679247678
20
-54.42429049361893
0
VERTEX
8
L9
10
16.227166171180528
20
-54.41691459220559
0
VERTEX
8
L9
10
16.232616575942515
20
-54.408757485029945
0
VERTEX
8
L9
10
16.23695563559704
20
-54.39995874245732
0
VERTEX
8
L9
10
16.240109107630374
20
-54.39066891341263
0
VERTEX
8
L9
10
16.242023035261724
20
-54.38104694944644
0
VERTEX
8
L9
10
16.242664670658684
20
-54.37125748502994
0
VERTEX
8
L9
10
16.242023035261724
20
-54.36146802061344
0
VERTEX
8
L9
10
16.240109107630374
20
-54.351846056647254
0
VERTEX
8
L9
10
16.23695563559704
20
-54.34255622760256
0
VERTEX
8
L9
10
16.232616575942515
20
-54.33375748502994
0
VERTEX
8
L9
10
16.227166171180528
20
-54.325600377854286
0
VERTEX
8
L9
10
16.220697679247678
20
-54.31822447644095
0
VERTEX
8
L9
10
16.213321777834338
20
-54.311755984508096
0
VERTEX
8
L9
10
16.20516467065869
20
-54.30630557974611
0
VERTEX
8
L9
10
16.196365928086067
20
-54.3019665200916
0
VERTEX
8
L9
10
16.187076099041377
20
-54.298813048058264
0
VERTEX
8
L9
10
16.177454135075195
20
-54.29689912042691
0
VERTEX
8
L9
10
16.167664670658695
20
-54.29625748502994
0
SEQEND
0
POLYLINE
8
L9
66
1
70
1
0
VERTEX
8
L9
10
19.832368338172287
20
-55.783608813748685
0
VERTEX
8
L9
10
19.822578873755774
20
-55.78425044914565
0
VERTEX
8
L9
10
19.812956909789577
20
-55.78616437677701
0
VERTEX
8
L9
10
19.803667080744887
20
-55.78931784881034
0
VERTEX
8
L9
10
19.794868338172265
20
-55.793656908464854
0
VERTEX
8
L9
10
19.78671123099663
20
-55.79910731322684
0
VERTEX
8
L9
10
19.779335329583276
20
-55.8055758051597
0
VERTEX
8
L9
10
19.772866837650426
20
-55.81295170657303
0
VERTEX
8
L9
10
19.767416432888453
20
-55.82110881374869
0
VERTEX
8
L9
10
19.76307737323394
20
-55.8299075563213
0
VERTEX
8
L9
10
19.759923901200594
20
-55.839197385366
0
VERTEX
8
L9
10
19.75800997356923
20
-55.84881934933218
0
VERTEX
8
L9
10
19.75736833817227
20
-55.85860881374869
0
VERTEX
8
L9
10
19.75800997356923
20
-55.86839827816519
0
VERTEX
8
L9
10
19.759923901200594
20
-55.87802024213138
0
VERTEX
8
L9
10
19.76307737323394
20
-55.88731007117607
0
VERTEX
8
L9
10
19.767416432888453
20
-55.89610881374869
0
VERTEX
8
L9
10
19.772866837650426
20
-55.90426592092434
0
VERTEX
8
L9
10
19.779335329583276
20
-55.91164182233768
0
VERTEX
8
L9
10
19.78671123099663
20
-55.91811031427053
0
VERTEX
8
L9
10
19.794868338172265
20
-55.92356071903252
0
VERTEX
8
L9
10
19.803667080744887
20
-55.927899778687035
0
VERTEX
8
L9
10
19.812956909789577
20
-55.93105325072037
0
VERTEX
8
L9
10
19.822578873755774
20
-55.932967178351724
0
VERTEX
8
L9
10
19.832368338172287
20
-55.933608813748684
0
VERTEX
8
L9
10
19.842157802588773
20
-55.932967178351724
0
VERTEX
8
L9
10
19.85177976655497
20
-55.93105325072037
0
VERTEX
8
L9
10
19.86106959559966
20
-55.927899778687035
0
VERTEX
8
L9
10
19.86986833817228
20
-55.92356071903252
0
VERTEX
8
L9
10
19.878025445347944
20
-55.91811031427053
0
VERTEX
8
L9
10
19.88540134676127
20
-55.91164182233768
0
VERTEX
8
L9
10
19.89186983869412
20
-55.90426592092434
0
VERTEX
8
L9
10
19.89732024345612
20
-55.89610881374869
0
VERTEX
8
L9
10
19.901659303110634
20
-55.88731007117607
0
VERTEX
8
L9
10
19.904812775143952
20
-55.87802024213138
0
VERTEX
8
L9
10
19.906726702775316
20
-55.86839827816519
0
VERTEX
8
L9
10
19.907368338172276
20
-55.85860881374869
0
VERTEX
8
L9
10
19.906726702775316
20
-55.84881934933218
0
VERTEX
8
L9
10
19.904812775143952
20
-55.839197385366
0
VERTEX
8
L9
10
19.901659303110634
20
-55.8299075563213
0
VERTEX
8
L9
10
19.89732024345612
20
-55.82110881374869
0
VERTEX
8
L9
10
19.89186983869412
20
-55.81295170657303
0
VERTEX
8
L9
10
19.88540134676127
20
-55.8055758051597
0
VERTEX
8
L9
10
19.878025445347944
20
-55.79910731322684
0
VERTEX
8
L9
10
19.86986833817228
20
-55.793656908464854
0
VERTEX
8
L9
10
19.86106959559966
20
-55.78931784881034
0
VERTEX
8
L9
10
19.85177976655497
20
-55.78616437677701
0
VERTEX
8
L9
10
19.842157802588773
20
-55.78425044914565
0
VERTEX
8
L9
10
19.832368338172287
20
-55.783608813748685
0
SEQEND
0
POLYLINE
8
L9
66
1
70
1
0
VERTEX
8
L9
10
16.167664670658695
20
-55.254341317365274
0
VERTEX
8
L9
10
16.15787520624218
20
-55.254982952762234
0
VERTEX
8
L9
10
16.148253242276
20
-55.25689688039359
0
VERTEX
8
L9
10
16.13896341323131
20
-55.26005035242692
0
VERTEX
8
L9
10
16.130164670658687
20
-55.264389412081435
0
VERTEX
8
L9
10
16.122007563483038
20
-55.26983981684343
0
VERTEX
8
L9
10
16.114631662069698
20
-55.27630830877628
0
VERTEX
8
L9
10
16.108163170136848
20
-55.28368421018962
0
VERTEX
8
L9
10
16.10271276537486
20
-55.29184131736527
0
VERTEX
8
L9
10
16.09837370572035
20
-55.30064005993789
0
VERTEX
8
L9
10
16.095220233687016
20
-55.30992988898258
0
VERTEX
8
L9
10
16.093306306055652
20
-55.31955185294877
0
VERTEX
8
L9
10
16.092664670658692
20
-55.32934131736527
0
VERTEX
8
L9
10
16.093306306055652
20
-55.339130781781776
0
VERTEX
8
L9
10
16.095220233687016
20
-55.34875274574796
0
VERTEX
8
L9
10
16.09837370572035
20
-55.358042574792655
0
VERTEX
8
L9
10
16.10271276537486
20
-55.36684131736527
0
VERTEX
8
L9
10
16.108163170136848
20
-55.37499842454093
0
VERTEX
8
L9
10
16.114631662069698
20
-55.38237432595426
0
VERTEX
8
L9
10
16.122007563483038
20
-55.38884281788712
0
VERTEX
8
L9
10
16.130164670658687
20
-55.394293222649104
0
VERTEX
8
L9
10
16.13896341323131
20
-55.398632282303616
0
VERTEX
8
L9
10
16.148253242276
20
-55.40178575433695
0
VERTEX
8
L9
10
16.15787520624218
20
-55.403699681968305
0
VERTEX
8
L9
10
16.167664670658695
20
-55.40434131736527
0
VERTEX
8
L9
10
16.177454135075195
20
-55.403699681968305
0
VERTEX
8
L9
10
16.187076099041377
20
-55.40178575433695
0
VERTEX
8
L9
10
16.196365928086067
20
-55.398632282303616
0
VERTEX
8
L9
10
16.20516467065869
20
-55.394293222649104
0
VERTEX
8
L9
10
16.213321777834338
20
-55.38884281788712
0
VERTEX
8
L9
10
16.220697679247678
20
-55.38237432595426
0
VERTEX
8
L9
10
16.227166171180528
20
-55.37499842454093
0
VERTEX
8
L9
10
16.232616575942515
20
-55.36684131736527
0
VERTEX
8
L9
10
16.23695563559704
20
-55.358042574792655
0
VERTEX
8
L9
10
16.240109107630374
20
-55.34875274574796
0
VERTEX
8
L9
10
16.242023035261724
20
-55.339130781781776
0
VERTEX
8
L9
10
16.242664670658684
20
-55.32934131736527
0
VERTEX
8
L9
10
16.242023035261724
20
-55.31955185294877
0
VERTEX
8
L9
10
16.240109107630374
20
-55.30992988898258
0
VERTEX
8
L9
10
16.23695563559704
20
-55.30064005993789
0
VERTEX
8
L9
10
16.232616575942515
20
-55.29184131736527
0
VERTEX
8
L9
10
16.227166171180528
20
-55.28368421018962
0
VERTEX
8
L9
10
16.220697679247678
20
-55.27630830877628
0
VERTEX
8
L9
10
16.213321777834338
20
-55.26983981684343
0
VERTEX
8
L9
10
16.20516467065869
20
-55.264389412081435
0
VERTEX
8
L9
10
16.196365928086067
20
-55.26005035242692
0
VERTEX
8
L9
10
16.187076099041377
20
-55.25689688039359
0
VERTEX
8
L9
10
16.177454135075195
20
-55.254982952762234
0
VERTEX
8
L9
10
16.167664670658695
20
-55.254341317365274
0
SEQEND
0
POLYLINE
8
L9
66
1
70
1
0
VERTEX
8
L9
10
17.425149700598794
20
-55.61362275449102
0
VERTEX
8
L9
10
17.41536023618231
20
-55.614264389887985
0
VERTEX
8
L9
10
17.405738272216112
20
-55.61617831751934
0
VERTEX
8
L9
10
17.396448443171423
20
-55.619331789552675
0
VERTEX
8
L9
10
17.3876497005988
20
-55.62367084920719
0
VERTEX
8
L9
10
17.379492593423166
20
-55.629121253969174
0
VERTEX
8
L9
10
17.37211669200981
20
-55.63558974590203
0
VERTEX
8
L9
10
17.36564820007696
20
-55.642965647315364
0
VERTEX
8
L9
10
17.36019779531499
20
-55.65112275449102
0
VERTEX
8
L9
10
17.355858735660448
20
-55.659921497063635
0
VERTEX
8
L9
10
17.35270526362713
20
-55.66921132610833
0
VERTEX
8
L9
10
17.350791335995766
20
-55.678833290074515
0
VERTEX
8
L9
10
17.350149700598806
20
-55.68862275449102
0
VERTEX
8
L9
10
17.350791335995766
20
-55.69841221890752
0
VERTEX
8
L9
10
17.35270526362713
20
-55.70803418287371
0
VERTEX
8
L9
10
17.355858735660448
20
-55.7173240119184
0
VERTEX
8
L9
10
17.36019779531499
20
-55.726122754491016
0
VERTEX
8
L9
10
17.36564820007696
20
-55.73427986166667
0
VERTEX
8
L9
10
17.37211669200981
20
-55.74165576308001
0
VERTEX
8
L9
10
17.379492593423166
20
-55.74812425501286
0
VERTEX
8
L9
10
17.3876497005988
20
-55.75357465977485
0
VERTEX
8
L9
10
17.396448443171423
20
-55.75791371942937
0
VERTEX
8
L9
10
17.405738272216112
20
-55.7610671914627
0
VERTEX
8
L9
10
17.41536023618231
20
-55.76298111909406
0
VERTEX
8
L9
10
17.425149700598794
20
-55.76362275449102
0
VERTEX
8
L9
10
17.434939165015308
20
-55.76298111909406
0
VERTEX
8
L9
10
17.444561128981505
20
-55.7610671914627
0
VERTEX
8
L9
10
17.453850958026194
20
-55.75791371942937
0
VERTEX
8
L9
10
17.462649700598817
20
-55.75357465977485
0
VERTEX
8
L9
10
17.47080680777445
20
-55.74812425501286
0
VERTEX
8
L9
10
17.478182709187806
20
-55.74165576308001
0
VERTEX
8
L9
10
17.484651201120656
20
-55.73427986166667
0
VERTEX
8
L9
10
17.49010160588263
20
-55.726122754491016
0
VERTEX
8
L9
10
17.49444066553714
20
-55.7173240119184
0
VERTEX
8
L9
10
17.497594137570488
20
-55.70803418287371
0
VERTEX
8
L9
10
17.49950806520185
20
-55.69841221890752
0
VERTEX
8
L9
10
17.50014970059881
20
-55.68862275449102
0
VERTEX
8
L9
10
17.49950806520185
20
-55.678833290074515
0
VERTEX
8
L9
10
17.497594137570488
20
-55.66921132610833
0
VERTEX
8
L9
10
17.49444066553714
20
-55.659921497063635
0
VERTEX
8
L9
10
17.49010160588263
20
-55.65112275449102
0
VERTEX
8
L9
10
17.484651201120656
20
-55.642965647315364
0
VERTEX
8
L9
10
17.478182709187806
20
-55.63558974590203
0
VERTEX
8
L9
10
17.47080680777445
20
-55.629121253969174
0
VERTEX
8
L9
10
17.462649700598817
20
-55.62367084920719
0
VERTEX
8
L9
10
17.453850958026194
20
-55.619331789552675
0
VERTEX
8
L9
10
17.444561128981505
20
-55.61617831751934
0
VERTEX
8
L9
10
17.434939165015308
20
-55.614264389887985
0
VERTEX
8
L9
10
17.425149700598794
20
-55.61362275449102
0
SEQEND
0
POLYLINE
8
L9
66
1
70
1
0
VERTEX
8
L9
10
16.167664670658695
20
-56.2124251497006
0
VERTEX
8
L9
10
16.15787520624218
20
-56.21306678509757
0
VERTEX
8
L9
10
16.148253242276
20
-56.21498071272892
0
VERTEX
8
L9
10
16.13896341323131
20
-56.218134184762256
0
VERTEX
8
L9
10
16.130164670658687
20
-56.22247324441677
0
VERTEX
8
L9
10
16.122007563483038
20
-56.227923649178756
0
VERTEX
8
L9
10
16.114631662069698
20
-56.234392141111606
0
VERTEX
8
L9
10
16.108163170136848
20
-56.241768042524946
0
VERTEX
8
L9
10
16.10271276537486
20
-56.2499251497006
0
VERTEX
8
L9
10
16.09837370572035
20
-56.25872389227322
0
VERTEX
8
L9
10
16.095220233687016
20
-56.268013721317914
0
VERTEX
8
L9
10
16.093306306055652
20
-56.277635685284096
0
VERTEX
8
L9
10
16.092664670658692
20
-56.2874251497006
0
VERTEX
8
L9
10
16.093306306055652
20
-56.2972146141171
0
VERTEX
8
L9
10
16.095220233687016
20
-56.30683657808329
0
VERTEX
8
L9
10
16.09837370572035
20
-56.31612640712798
0
VERTEX
8
L9
10
16.10271276537486
20
-56.3249251497006
0
VERTEX
8
L9
10
16.108163170136848
20
-56.33308225687625
0
VERTEX
8
L9
10
16.114631662069698
20
-56.34045815828959
0
VERTEX
8
L9
10
16.122007563483038
20
-56.34692665022244
0
VERTEX
8
L9
10
16.130164670658687
20
-56.35237705498443
0
VERTEX
8
L9
10
16.13896341323131
20
-56.35671611463895
0
VERTEX
8
L9
10
16.148253242276
20
-56.35986958667228
0
VERTEX
8
L9
10
16.15787520624218
20
-56.36178351430364
0
VERTEX
8
L9
10
16.167664670658695
20
-56.3624251497006
0
VERTEX
8
L9
10
16.177454135075195
20
-56.36178351430364
0
VERTEX
8
L9
10
16.187076099041377
20
-56.35986958667228
0
VERTEX
8
L9
10
16.196365928086067
20
-56.35671611463895
0
VERTEX
8
L9
10
16.20516467065869
20
-56.35237705498443
0
VERTEX
8
L9
10
16.213321777834338
20
-56.34692665022244
0
VERTEX
8
L9
10
16.220697679247678
20
-56.34045815828959
0
VERTEX
8
L9
10
16.227166171180528
20
-56.33308225687625
0
VERTEX
8
L9
10
16.232616575942515
20
-56.3249251497006
0
VERTEX
8
L9
10
16.23695563559704
20
-56.31612640712798
0
VERTEX
8
L9
10
16.240109107630374
20
-56.30683657808329
0
VERTEX
8
L9
10
16.242023035261724
20
-56.2972146141171
0
VERTEX
8
L9
10
16.242664670658684
20
-56.2874251497006
0
VERTEX
8
L9
10
16.242023035261724
20
-56.277635685284096
0
VERTEX
8
L9
10
16.240109107630374
20
-56.268013721317914
0
VERTEX
8
L9
10
16.23695563559704
20
-56.25872389227322
0
VERTEX
8
L9
10
16.232616575942515
20
-56.2499251497006
0
VERTEX
8
L9
10
16.227166171180528
20
-56.241768042524946
0
VERTEX
8
L9
10
16.220697679247678
20
-56.234392141111606
0
VERTEX
8
L9
10
16.213321777834338
20
-56.227923649178756
0
VERTEX
8
L9
10
16.20516467065869
20
-56.22247324441677
0
VERTEX
8
L9
10
16.196365928086067
20
-56.218134184762256
0
VERTEX
8
L9
10
16.187076099041377
20
-56.21498071272892
0
VERTEX
8
L9
10
16.177454135075195
20
-56.21306678509757
0
VERTEX
8
L9
10
16.167664670658695
20
-56.2124251497006
0
SEQEND
0
POLYLINE
8
L9
66
1
70
1
0
VERTEX
8
L9
10
28.328543486927416
20
-56.29871330966362
0
VERTEX
8
L9
10
28.34974978999999
20
-56.31882209831538
0
VERTEX
8
L9
10
28.37603157408647
20
-56.33160249331235
0
VERTEX
8
L9
10
28.404943485805674
20
-56.33586535992852
0
VERTEX
8
L9
10
28.433795455075384
20
-56.33121406545208
0
VERTEX
8
L9
10
28.45990298907823
20
-56.318081383344584
0
VERTEX
8
L9
10
28.480836947298585
20
-56.29768922641415
0
VERTEX
8
L9
10
28.494649557646554
20
-56.27193495557567
0
VERTEX
8
L9
10
28.500055644302037
20
-56.24321484244705
0
VERTEX
8
L9
10
28.496552205176656
20
-56.21420111146771
0
VERTEX
8
L9
10
28.484465213069015
20
-56.18759330635649
0
VERTEX
8
L9
10
28.464919285962495
20
-56.165867114683934
0
VERTEX
8
L9
10
28.43973304845197
20
-56.15104402083983
0
VERTEX
8
L9
10
28.411249920255628
20
-56.14450321972706
0
VERTEX
8
L9
10
28.38212007586735
20
-56.14685329142013
0
VERTEX
8
L9
10
28.35505386262257
20
-56.15787557664758
0
VERTEX
8
L9
10
28.33256962006233
20
-56.17654452165093
0
VERTEX
8
L9
10
28.31675936440537
20
-56.20112309945985
0
VERTEX
8
L9
10
28.30909413970268
20
-56.229324429238844
0
VERTEX
8
L9
10
28.23771878793751
20
-56.23846295732267
0
VERTEX
8
L9
10
28.16576119825261
20
-56.23822042510439
0
VERTEX
8
L9
10
28.094449070049606
20
-56.22860097053055
0
VERTEX
8
L9
10
28.02499909023409
20
-56.209768715254995
0
VERTEX
8
L9
10
27.95859617479671
20
-56.18204496448867
0
VERTEX
8
L9
10
27.89637325245154
20
-56.1459027250732
0
VERTEX
8
L9
10
27.83939193525184
20
-56.10195863530761
0
VERTEX
8
L9
10
27.78862440596997
20
-56.05096244421696
0
VERTEX
8
L9
10
27.744936831268788
20
-55.9937842197616
0
VERTEX
8
L9
10
27.709074583659444
20
-55.931399504233326
0
VERTEX
8
L9
10
27.681649524380262
20
-55.86487267010849
0
VERTEX
8
L9
10
27.663129564168898
20
-55.79533876033126
0
VERTEX
8
L9
10
27.653830680035824
20
-55.72398412285745
0
VERTEX
8
L9
10
27.653911524244663
20
-55.65202616986161
0
VERTEX
8
L9
10
27.66337071747752
20
-55.580692606943984
0
VERTEX
8
L9
10
27.682046872368332
20
-55.51120048671706
0
VERTEX
8
L9
10
27.709621347001914
20
-55.44473544414715
0
VERTEX
8
L9
10
27.745623681401028
20
-55.3824314679261
0
VERTEX
8
L9
10
27.7894396242463
20
-55.32535155300222
0
VERTEX
8
L9
10
27.840321612882448
20
-55.274469564366065
0
VERTEX
8
L9
10
27.897401527806338
20
-55.23065362152078
0
VERTEX
8
L9
10
27.959705504027383
20
-55.19465128712167
0
VERTEX
8
L9
10
28.0261705465973
20
-55.16707681248808
0
VERTEX
8
L9
10
28.095662666824225
20
-55.148400657597286
0
VERTEX
8
L9
10
28.166996229741855
20
-55.138941464364414
0
VERTEX
8
L9
10
28.238954182737686
20
-55.13886062015559
0
VERTEX
8
L9
10
28.310308820211517
20
-55.148159504288664
0
VERTEX
8
L9
10
28.379842729988738
20
-55.16667946450003
0
VERTEX
8
L9
10
28.446369564113567
20
-55.194104523779195
0
VERTEX
8
L9
10
28.50875427964185
20
-55.22996677138854
0
VERTEX
8
L9
10
28.565932504097205
20
-55.27365434608973
0
VERTEX
8
L9
10
28.616928695187838
20
-55.32442187537159
0
VERTEX
8
L9
10
28.66087278495344
20
-55.38140319257129
0
VERTEX
8
L9
10
28.697015024368923
20
-55.44362611491646
0
VERTEX
8
L9
10
28.724738775135236
20
-55.510029030353856
0
VERTEX
8
L9
10
28.74357103041079
20
-55.579479010169365
0
VERTEX
8
L9
10
28.753190484984643
20
-55.65079113837236
0
VERTEX
8
L9
10
28.75343301720291
20
-55.72274872805727
0
VERTEX
8
L9
10
28.7442944891191
20
-55.794124079822424
0
VERTEX
8
L9
10
28.716093159340076
20
-55.80178930452514
0
VERTEX
8
L9
10
28.691514581531166
20
-55.81759956018208
0
VERTEX
8
L9
10
28.67284563652781
20
-55.84008380274234
0
VERTEX
8
L9
10
28.661823351300384
20
-55.867150015987114
0
VERTEX
8
L9
10
28.659473279607298
20
-55.89627986037538
0
VERTEX
8
L9
10
28.666014080720075
20
-55.924762988571736
0
VERTEX
8
L9
10
28.68083717456419
20
-55.94994922608224
0
VERTEX
8
L9
10
28.70256336623673
20
-55.96949515318878
0
VERTEX
8
L9
10
28.729171171347943
20
-55.98158214529643
0
VERTEX
8
L9
10
28.7581849023273
20
-55.98508558442181
0
VERTEX
8
L9
10
28.7869050154559
20
-55.97967949776632
0
VERTEX
8
L9
10
28.81265928629439
20
-55.96586688741834
0
VERTEX
8
L9
10
28.833051443224818
20
-55.944932929197996
0
VERTEX
8
L9
10
28.84618412533233
20
-55.91882539519514
0
VERTEX
8
L9
10
28.850835419808774
20
-55.88997342592543
0
VERTEX
8
L9
10
28.846572553192587
20
-55.86106151420622
0
VERTEX
8
L9
10
28.833792158195635
20
-55.83477973011974
0
VERTEX
8
L9
10
28.813683369543853
20
-55.813573427047174
0
VERTEX
8
L9
10
28.824345900267204
20
-55.7385102522607
0
VERTEX
8
L9
10
28.82580786091809
20
-55.66270766364062
0
VERTEX
8
L9
10
28.81804758286252
20
-55.58728917880467
0
VERTEX
8
L9
10
28.80118008603948
20
-55.51337262232795
0
VERTEX
8
L9
10
28.775455374178264
20
-55.442053557765185
0
VERTEX
8
L9
10
28.74125472933683
20
-55.37438904961741
0
VERTEX
8
L9
10
28.699085060681725
20
-55.31138199591731
0
VERTEX
8
L9
10
28.6495713912699
20
-55.25396626364968
0
VERTEX
8
L9
10
28.59344759419092
20
-55.20299284732424
0
VERTEX
8
L9
10
28.531545515374276
20
-55.15921725585329
0
VERTEX
8
L9
10
28.46478264428039
20
-55.12328831468119
0
VERTEX
8
L9
10
28.394148515214667
20
-55.09573854913628
0
VERTEX
8
L9
10
28.320690040820452
20
-55.07697629153962
0
VERTEX
8
L9
10
28.245495995131094
20
-55.06727962905609
0
VERTEX
8
L9
10
28.16968087616867
20
-55.06679228199037
0
VERTEX
8
L9
10
28.094368387270933
20
-55.0755214736184
0
VERTEX
8
L9
10
28.020674781980844
20
-55.09333782312666
0
VERTEX
8
L9
10
27.949692319354043
20
-55.119977263246206
0
VERTEX
8
L9
10
27.88247307490353
20
-55.155044954158946
0
VERTEX
8
L9
10
27.82001334713
20
-55.198021135665776
0
VERTEX
8
L9
10
27.763238890758075
20
-55.24826883087784
0
VERTEX
8
L9
10
27.712991195546024
20
-55.30504328724975
0
VERTEX
8
L9
10
27.67001501403918
20
-55.367503015023274
0
VERTEX
8
L9
10
27.63494732312644
20
-55.434722259473794
0
VERTEX
8
L9
10
27.6083078830069
20
-55.50570472210061
0
VERTEX
8
L9
10
27.59049153349865
20
-55.57939832739069
0
VERTEX
8
L9
10
27.5817623418706
20
-55.65471081628843
0
VERTEX
8
L9
10
27.58224968893633
20
-55.73052593525086
0
VERTEX
8
L9
10
27.591946351419878
20
-55.805719980940204
0
VERTEX
8
L9
10
27.610708609016527
20
-55.879178455334426
0
VERTEX
8
L9
10
27.63825837456143
20
-55.949812584400135
0
VERTEX
8
L9
10
27.674187315733533
20
-56.01657545549405
0
VERTEX
8
L9
10
27.717962907204466
20
-56.078477534310665
0
VERTEX
8
L9
10
27.76893632352993
20
-56.13460133138966
0
VERTEX
8
L9
10
27.826352055797557
20
-56.18411500080147
0
VERTEX
8
L9
10
27.889359109497647
20
-56.2262846694566
0
VERTEX
8
L9
10
27.95702361764542
20
-56.26048531429802
0
VERTEX
8
L9
10
28.02834268220819
20
-56.28621002615924
0
VERTEX
8
L9
10
28.10225923868491
20
-56.30307752298229
0
VERTEX
8
L9
10
28.17767772352086
20
-56.310837801037835
0
VERTEX
8
L9
10
28.25348031214095
20
-56.30937584038695
0
VERTEX
8
L9
10
28.328543486927416
20
-56.29871330966362
0
SEQEND
0
POLYLINE
8
L9
66
1
70
1
0
VERTEX
8
L9
10
25.078532199318417
20
-55.813573427047174
0
VERTEX
8
L9
10
25.058423410666663
20
-55.83477973011974
0
VERTEX
8
L9
10
25.045643015669683
20
-55.86106151420622
0
VERTEX
8
L9
10
25.041380149053523
20
-55.88997342592543
0
VERTEX
8
L9
10
25.04603144352997
20
-55.91882539519514
0
VERTEX
8
L9
10
25.05916412563745
20
-55.944932929198
0
VERTEX
8
L9
10
25.079556282567907
20
-55.96586688741835
0
VERTEX
8
L9
10
25.10531055340637
20
-55.97967949776632
0
VERTEX
8
L9
10
25.134030666534997
20
-55.98508558442181
0
VERTEX
8
L9
10
25.163044397514327
20
-55.98158214529643
0
VERTEX
8
L9
10
25.18965220262554
20
-55.96949515318878
0
VERTEX
8
L9
10
25.21137839429811
20
-55.949949226082246
0
VERTEX
8
L9
10
25.226201488142223
20
-55.924762988571736
0
VERTEX
8
L9
10
25.232742289254972
20
-55.89627986037538
0
VERTEX
8
L9
10
25.230392217561914
20
-55.867150015987114
0
VERTEX
8
L9
10
25.21936993233446
20
-55.84008380274234
0
VERTEX
8
L9
10
25.200700987331103
20
-55.81759956018208
0
VERTEX
8
L9
10
25.176122409522193
20
-55.80178930452514
0
VERTEX
8
L9
10
25.1479210797432
20
-55.794124079822424
0
VERTEX
8
L9
10
25.13878255165939
20
-55.72274872805727
0
VERTEX
8
L9
10
25.139025083877655
20
-55.65079113837236
0
VERTEX
8
L9
10
25.148644538451478
20
-55.579479010169365
0
VERTEX
8
L9
10
25.16747679372706
20
-55.510029030353856
0
VERTEX
8
L9
10
25.195200544493375
20
-55.44362611491646
0
VERTEX
8
L9
10
25.231342783908858
20
-55.38140319257129
0
VERTEX
8
L9
10
25.275286873674432
20
-55.32442187537159
0
VERTEX
8
L9
10
25.326283064765093
20
-55.27365434608973
0
VERTEX
8
L9
10
25.38346128922045
20
-55.22996677138855
0
VERTEX
8
L9
10
25.44584600474873
20
-55.194104523779195
0
VERTEX
8
L9
10
25.51237283887356
20
-55.16667946450003
0
VERTEX
8
L9
10
25.58190674865078
20
-55.148159504288664
0
VERTEX
8
L9
10
25.653261386124584
20
-55.1388606201556
0
VERTEX
8
L9
10
25.725219339120443
20
-55.138941464364414
0
VERTEX
8
L9
10
25.796552902038044
20
-55.148400657597286
0
VERTEX
8
L9
10
25.86604502226497
20
-55.16707681248808
0
VERTEX
8
L9
10
25.932510064834887
20
-55.19465128712167
0
VERTEX
8
L9
10
25.994814041055932
20
-55.23065362152079
0
VERTEX
8
L9
10
26.05189395597982
20
-55.27446956436607
0
VERTEX
8
L9
10
26.10277594461597
20
-55.32535155300222
0
VERTEX
8
L9
10
26.14659188746127
20
-55.382431467926104
0
VERTEX
8
L9
10
26.182594221860356
20
-55.44473544414715
0
VERTEX
8
L9
10
26.210168696493966
20
-55.51120048671706
0
VERTEX
8
L9
10
26.22884485138475
20
-55.58069260694399
0
VERTEX
8
L9
10
26.238304044617635
20
-55.65202616986161
0
VERTEX
8
L9
10
26.238384888826445
20
-55.72398412285745
0
VERTEX
8
L9
10
26.22908600469337
20
-55.79533876033126
0
VERTEX
8
L9
10
26.210566044482007
20
-55.8648726701085
0
VERTEX
8
L9
10
26.183140985202854
20
-55.931399504233326
0
VERTEX
8
L9
10
26.14727873759351
20
-55.99378421976161
0
VERTEX
8
L9
10
26.1035911628923
20
-56.05096244421696
0
VERTEX
8
L9
10
26.05282363361046
20
-56.10195863530761
0
VERTEX
8
L9
10
25.99584231641076
20
-56.1459027250732
0
VERTEX
8
L9
10
25.933619394065587
20
-56.18204496448867
0
VERTEX
8
L9
10
25.86721647862818
20
-56.209768715254995
0
VERTEX
8
L9
10
25.797766498812692
20
-56.22860097053056
0
VERTEX
8
L9
10
25.726454370609687
20
-56.23822042510439
0
VERTEX
8
L9
10
25.654496780924788
20
-56.23846295732267
0
VERTEX
8
L9
10
25.58312142915962
20
-56.229324429238844
0
VERTEX
8
L9
10
25.5754562044569
20
-56.20112309945985
0
VERTEX
8
L9
10
25.559645948799968
20
-56.17654452165093
0
VERTEX
8
L9
10
25.5371617062397
20
-56.15787557664758
0
VERTEX
8
L9
10
25.51009549299492
20
-56.14685329142013
0
VERTEX
8
L9
10
25.48096564860667
20
-56.14450321972706
0
VERTEX
8
L9
10
25.4524825204103
20
-56.15104402083982
0
VERTEX
8
L9
10
25.427296282899803
20
-56.165867114683934
0
VERTEX
8
L9
10
25.407750355793254
20
-56.18759330635649
0
VERTEX
8
L9
10
25.395663363685614
20
-56.21420111146771
0
VERTEX
8
L9
10
25.392159924560232
20
-56.24321484244705
0
VERTEX
8
L9
10
25.397566011215716
20
-56.27193495557566
0
VERTEX
8
L9
10
25.411378621563685
20
-56.29768922641414
0
VERTEX
8
L9
10
25.43231257978404
20
-56.318081383344584
0
VERTEX
8
L9
10
25.458420113786886
20
-56.33121406545208
0
VERTEX
8
L9
10
25.487272083056595
20
-56.33586535992852
0
VERTEX
8
L9
10
25.51618399477583
20
-56.33160249331235
0
VERTEX
8
L9
10
25.542465778862308
20
-56.31882209831538
0
VERTEX
8
L9
10
25.563672081934882
20
-56.29871330966362
0
VERTEX
8
L9
10
25.638735256721347
20
-56.30937584038695
0
VERTEX
8
L9
10
25.71453784534141
20
-56.310837801037835
0
VERTEX
8
L9
10
25.78995633017739
20
-56.30307752298229
0
VERTEX
8
L9
10
25.86387288665408
20
-56.286210026159246
0
VERTEX
8
L9
10
25.93519195121685
20
-56.26048531429802
0
VERTEX
8
L9
10
26.002856459364622
20
-56.2262846694566
0
VERTEX
8
L9
10
26.06586351306474
20
-56.18411500080147
0
VERTEX
8
L9
10
26.12327924533237
20
-56.13460133138966
0
VERTEX
8
L9
10
26.174252661657803
20
-56.078477534310665
0
VERTEX
8
L9
10
26.218028253128765
20
-56.01657545549405
0
VERTEX
8
L9
10
26.25395719430084
20
-55.949812584400135
0
VERTEX
8
L9
10
26.28150695984577
20
-55.879178455334426
0
VERTEX
8
L9
10
26.30026921744242
20
-55.805719980940204
0
VERTEX
8
L9
10
26.30996587992597
20
-55.73052593525086
0
VERTEX
8
L9
10
26.31045322699167
20
-55.65471081628843
0
VERTEX
8
L9
10
26.301724035363648
20
-55.57939832739069
0
VERTEX
8
L9
10
26.283907685855368
20
-55.50570472210062
0
VERTEX
8
L9
10
26.25726824573583
20
-55.434722259473794
0
VERTEX
8
L9
10
26.22220055482309
20
-55.367503015023274
0
VERTEX
8
L9
10
26.179224373316273
20
-55.30504328724975
0
VERTEX
8
L9
10
26.128976678104195
20
-55.24826883087784
0
VERTEX
8
L9
10
26.072202221732297
20
-55.198021135665776
0
VERTEX
8
L9
10
26.00974249395877
20
-55.155044954158946
0
VERTEX
8
L9
10
25.942523249508255
20
-55.119977263246206
0
VERTEX
8
L9
10
25.871540786881425
20
-55.09333782312666
0
VERTEX
8
L9
10
25.797847181591365
20
-55.075521473618394
0
VERTEX
8
L9
10
25.72253469269363
20
-55.06679228199037
0
VERTEX
8
L9
10
25.646719573731176
20
-55.06727962905609
0
VERTEX
8
L9
10
25.571525528041846
20
-55.07697629153962
0
VERTEX
8
L9
10
25.498067053647603
20
-55.09573854913628
0
VERTEX
8
L9
10
25.427432924581908
20
-55.12328831468119
0
VERTEX
8
L9
10
25.360670053487993
20
-55.15921725585329
0
VERTEX
8
L9
10
25.298767974671378
20
-55.20299284732424
0
VERTEX
8
L9
10
25.242644177592396
20
-55.25396626364968
0
VERTEX
8
L9
10
25.193130508180573
20
-55.31138199591731
0
VERTEX
8
L9
10
25.15096083952544
20
-55.37438904961741
0
VERTEX
8
L9
10
25.116760194684005
20
-55.442053557765185
0
VERTEX
8
L9
10
25.09103548282279
20
-55.51337262232795
0
VERTEX
8
L9
10
25.07416798599975
20
-55.58728917880466
0
VERTEX
8
L9
10
25.066407707944208
20
-55.66270766364062
0
VERTEX
8
L9
10
25.067869668595094
20
-55.7385102522607
0
VERTEX
8
L9
10
25.078532199318417
20
-55.813573427047174
0
SEQEND
0
POLYLINE
8
L9
66
1
70
1
0
VERTEX
8
L9
10
26.946107784431135
20
-56.69146706586827
0
VERTEX
8
L9
10
26.93631832001465
20
-56.69210870126523
0
VERTEX
8
L9
10
26.926696356048453
20
-56.69402262889658
0
VERTEX
8
L9
10
26.917406527003763
20
-56.697176100929916
0
VERTEX
8
L9
10
26.90860778443114
20
-56.701515160584435
0
VERTEX
8
L9
10
26.900450677255478
20
-56.70696556534642
0
VERTEX
8
L9
10
26.893074775842152
20
-56.71343405727927
0
VERTEX
8
L9
10
26.886606283909302
20
-56.72080995869261
0
VERTEX
8
L9
10
26.8811558791473
20
-56.72896706586826
0
VERTEX
8
L9
10
26.876816819492788
20
-56.737765808440884
0
VERTEX
8
L9
10
26.87366334745947
20
-56.74705563748557
0
VERTEX
8
L9
10
26.871749419828106
20
-56.75667760145176
0
VERTEX
8
L9
10
26.871107784431146
20
-56.76646706586826
0
VERTEX
8
L9
10
26.871749419828106
20
-56.77625653028477
0
VERTEX
8
L9
10
26.87366334745947
20
-56.78587849425095
0
VERTEX
8
L9
10
26.876816819492788
20
-56.79516832329565
0
VERTEX
8
L9
10
26.8811558791473
20
-56.803967065868264
0
VERTEX
8
L9
10
26.886606283909302
20
-56.81212417304392
0
VERTEX
8
L9
10
26.893074775842152
20
-56.81950007445725
0
VERTEX
8
L9
10
26.900450677255478
20
-56.82596856639011
0
VERTEX
8
L9
10
26.90860778443114
20
-56.8314189711521
0
VERTEX
8
L9
10
26.917406527003763
20
-56.83575803080661
0
VERTEX
8
L9
10
26.926696356048453
20
-56.83891150283994
0
VERTEX
8
L9
10
26.93631832001465
20
-56.8408254304713
0
VERTEX
8
L9
10
26.946107784431135
20
-56.841467065868265
0
VERTEX
8
L9
10
26.95589724884765
20
-56.8408254304713
0
VERTEX
8
L9
10
26.965519212813845
20
-56.83891150283994
0
VERTEX
8
L9
10
26.974809041858535
20
-56.83575803080661
0
VERTEX
8
L9
10
26.98360778443113
20
-56.8314189711521
0
VERTEX
8
L9
10
26.991764891606792
20
-56.82596856639011
0
VERTEX
8
L9
10
26.999140793020146
20
-56.81950007445725
0
VERTEX
8
L9
10
27.005609284952996
20
-56.81212417304392
0
VERTEX
8
L9
10
27.01105968971497
20
-56.803967065868264
0
VERTEX
8
L9
10
27.01539874936948
20
-56.79516832329565
0
VERTEX
8
L9
10
27.018552221402828
20
-56.78587849425095
0
VERTEX
8
L9
10
27.020466149034192
20
-56.77625653028477
0
VERTEX
8
L9
10
27.021107784431152
20
-56.76646706586826
0
VERTEX
8
L9
10
27.020466149034192
20
-56.75667760145176
0
VERTEX
8
L9
10
27.018552221402828
20
-56.74705563748557
0
VERTEX
8
L9
10
27.01539874936948
20
-56.737765808440884
0
VERTEX
8
L9
10
27.01105968971497
20
-56.72896706586826
0
VERTEX
8
L9
10
27.005609284952996
20
-56.72080995869261
0
VERTEX
8
L9
10
26.999140793020146
20
-56.71343405727927
0
VERTEX
8
L9
10
26.991764891606792
20
-56.70696556534642
0
VERTEX
8
L9
10
26.98360778443113
20
-56.701515160584435
0
VERTEX
8
L9
10
26.974809041858535
20
-56.697176100929916
0
VERTEX
8
L9
10
26.965519212813845
20
-56.69402262889658
0
VERTEX
8
L9
10
26.95589724884765
20
-56.69210870126523
0
VERTEX
8
L9
10
26.946107784431135
20
-56.69146706586827
0
SEQEND
0
POLYLINE
8
L9
66
1
70
1
0
VERTEX
8
L9
10
22.814371257485035
20
-55.61362275449102
0
VERTEX
8
L9
10
22.80458179306852
20
-55.614264389887985
0
VERTEX
8
L9
10
22.794959829102353
20
-55.61617831751934
0
VERTEX
8
L9
10
22.785670000057664
20
-55.619331789552675
0
VERTEX
8
L9
10
22.77687125748504
20
-55.62367084920719
0
VERTEX
8
L9
10
22.76871415030938
20
-55.629121253969174
0
VERTEX
8
L9
10
22.761338248896053
20
-55.63558974590203
0
VERTEX
8
L9
10
22.754869756963203
20
-55.642965647315364
0
VERTEX
8
L9
10
22.7494193522012
20
-55.65112275449102
0
VERTEX
8
L9
10
22.74508029254669
20
-55.659921497063635
0
VERTEX
8
L9
10
22.74192682051337
20
-55.66921132610833
0
VERTEX
8
L9
10
22.740012892882007
20
-55.678833290074515
0
VERTEX
8
L9
10
22.739371257485047
20
-55.68862275449102
0
VERTEX
8
L9
10
22.740012892882007
20
-55.69841221890752
0
VERTEX
8
L9
10
22.74192682051337
20
-55.70803418287371
0
VERTEX
8
L9
10
22.74508029254669
20
-55.7173240119184
0
VERTEX
8
L9
10
22.7494193522012
20
-55.726122754491016
0
VERTEX
8
L9
10
22.754869756963203
20
-55.73427986166667
0
VERTEX
8
L9
10
22.761338248896053
20
-55.74165576308001
0
VERTEX
8
L9
10
22.76871415030938
20
-55.74812425501286
0
VERTEX
8
L9
10
22.77687125748504
20
-55.75357465977485
0
VERTEX
8
L9
10
22.785670000057664
20
-55.75791371942937
0
VERTEX
8
L9
10
22.794959829102353
20
-55.7610671914627
0
VERTEX
8
L9
10
22.80458179306852
20
-55.76298111909406
0
VERTEX
8
L9
10
22.814371257485035
20
-55.76362275449102
0
VERTEX
8
L9
10
22.82416072190155
20
-55.76298111909406
0
VERTEX
8
L9
10
22.833782685867718
20
-55.7610671914627
0
VERTEX
8
L9
10
22.843072514912407
20
-55.75791371942937
0
VERTEX
8
L9
10
22.85187125748503
20
-55.75357465977485
0
VERTEX
8
L9
10
22.860028364660693
20
-55.74812425501286
0
VERTEX
8
L9
10
22.86740426607402
20
-55.74165576308001
0
VERTEX
8
L9
10
22.87387275800687
20
-55.73427986166667
0
VERTEX
8
L9
10
22.87932316276887
20
-55.726122754491016
0
VERTEX
8
L9
10
22.883662222423382
20
-55.7173240119184
0
VERTEX
8
L9
10
22.88681569445673
20
-55.70803418287371
0
VERTEX
8
L9
10
22.888729622088064
20
-55.69841221890752
0
VERTEX
8
L9
10
22.889371257485053
20
-55.68862275449102
0
VERTEX
8
L9
10
22.888729622088064
20
-55.678833290074515
0
VERTEX
8
L9
10
22.88681569445673
20
-55.66921132610833
0
VERTEX
8
L9
10
22.883662222423382
20
-55.659921497063635
0
VERTEX
8
L9
10
22.87932316276887
20
-55.65112275449102
0
VERTEX
8
L9
10
22.87387275800687
20
-55.642965647315364
0
VERTEX
8
L9
10
22.86740426607402
20
-55.63558974590203
0
VERTEX
8
L9
10
22.860028364660693
20
-55.629121253969174
0
VERTEX
8
L9
10
22.85187125748503
20
-55.62367084920719
0
VERTEX
8
L9
10
22.843072514912407
20
-55.619331789552675
0
VERTEX
8
L9
10
22.833782685867718
20
-55.61617831751934
0
VERTEX
8
L9
10
22.82416072190155
20
-55.614264389887985
0
VERTEX
8
L9
10
22.814371257485035
20
-55.61362275449102
0
SEQEND
0
POLYLINE
8
L9
66
1
70
1
0
VERTEX
8
L9
10
26.946107784431135
20
-55.73338323353293
0
VERTEX
8
L9
10
26.93631832001465
20
-55.7340248689299
0
VERTEX
8
L9
10
26.926696356048453
20
-55.73593879656126
0
VERTEX
8
L9
10
26.917406527003763
20
-55.73909226859459
0
VERTEX
8
L9
10
26.90860778443114
20
-55.7434313282491
0
VERTEX
8
L9
10
26.900450677255478
20
-55.74888173301109
0
VERTEX
8
L9
10
26.893074775842152
20
-55.755350224943946
0
VERTEX
8
L9
10
26.886606283909302
20
-55.76272612635728
0
VERTEX
8
L9
10
26.8811558791473
20
-55.770883233532935
0
VERTEX
8
L9
10
26.876816819492788
20
-55.77968197610555
0
VERTEX
8
L9
10
26.87366334745947
20
-55.78897180515025
0
VERTEX
8
L9
10
26.871749419828106
20
-55.79859376911643
0
VERTEX
8
L9
10
26.871107784431146
20
-55.808383233532936
0
VERTEX
8
L9
10
26.871749419828106
20
-55.818172697949436
0
VERTEX
8
L9
10
26.87366334745947
20
-55.827794661915625
0
VERTEX
8
L9
10
26.876816819492788
20
-55.837084490960315
0
VERTEX
8
L9
10
26.8811558791473
20
-55.84588323353294
0
VERTEX
8
L9
10
26.886606283909302
20
-55.854040340708586
0
VERTEX
8
L9
10
26.893074775842152
20
-55.861416242121926
0
VERTEX
8
L9
10
26.900450677255478
20
-55.867884734054776
0
VERTEX
8
L9
10
26.90860778443114
20
-55.87333513881677
0
VERTEX
8
L9
10
26.917406527003763
20
-55.87767419847128
0
VERTEX
8
L9
10
26.926696356048453
20
-55.880827670504615
0
VERTEX
8
L9
10
26.93631832001465
20
-55.88274159813597
0
VERTEX
8
L9
10
26.946107784431135
20
-55.88338323353293
0
VERTEX
8
L9
10
26.95589724884765
20
-55.88274159813597
0
VERTEX
8
L9
10
26.965519212813845
20
-55.880827670504615
0
VERTEX
8
L9
10
26.974809041858535
20
-55.87767419847128
0
VERTEX
8
L9
10
26.98360778443113
20
-55.87333513881677
0
VERTEX
8
L9
10
26.991764891606792
20
-55.867884734054776
0
VERTEX
8
L9
10
26.999140793020146
20
-55.861416242121926
0
VERTEX
8
L9
10
27.005609284952996
20
-55.854040340708586
0
VERTEX
8
L9
10
27.01105968971497
20
-55.84588323353294
0
VERTEX
8
L9
10
27.01539874936948
20
-55.837084490960315
0
VERTEX
8
L9
10
27.018552221402828
20
-55.827794661915625
0
VERTEX
8
L9
10
27.020466149034192
20
-55.818172697949436
0
VERTEX
8
L9
10
27.021107784431152
20
-55.808383233532936
0
VERTEX
8
L9
10
27.020466149034192
20
-55.79859376911643
0
VERTEX
8
L9
10
27.018552221402828
20
-55.78897180515025
0
VERTEX
8
L9
10
27.01539874936948
20
-55.77968197610555
0
VERTEX
8
L9
10
27.01105968971497
20
-55.770883233532935
0
VERTEX
8
L9
10
27.005609284952996
20
-55.76272612635728
0
VERTEX
8
L9
10
26.999140793020146
20
-55.755350224943946
0
VERTEX
8
L9
10
26.991764891606792
20
-55.74888173301109
0
VERTEX
8
L9
10
26.98360778443113
20
-55.7434313282491
0
VERTEX
8
L9
10
26.974809041858535
20
-55.73909226859459
0
VERTEX
8
L9
10
26.965519212813845
20
-55.73593879656126
0
VERTEX
8
L9
10
26.95589724884765
20
-55.7340248689299
0
VERTEX
8
L9
10
26.946107784431135
20
-55.73338323353293
0
SEQEND
0
POLYLINE
8
L9
66
1
70
1
0
VERTEX
8
L9
10
23.281404116917557
20
-55.783608813748685
0
VERTEX
8
L9
10
23.271614652501043
20
-55.78425044914565
0
VERTEX
8
L9
10
23.261992688534875
20
-55.78616437677701
0
VERTEX
8
L9
10
23.252702859490185
20
-55.78931784881034
0
VERTEX
8
L9
10
23.243904116917562
20
-55.793656908464854
0
VERTEX
8
L9
10
23.2357470097419
20
-55.79910731322684
0
VERTEX
8
L9
10
23.228371108328574
20
-55.8055758051597
0
VERTEX
8
L9
10
23.221902616395724
20
-55.81295170657303
0
VERTEX
8
L9
10
23.216452211633722
20
-55.82110881374869
0
VERTEX
8
L9
10
23.21211315197921
20
-55.8299075563213
0
VERTEX
8
L9
10
23.208959679945863
20
-55.839197385366
0
VERTEX
8
L9
10
23.207045752314528
20
-55.84881934933218
0
VERTEX
8
L9
10
23.206404116917568
20
-55.85860881374869
0
VERTEX
8
L9
10
23.207045752314528
20
-55.86839827816519
0
VERTEX
8
L9
10
23.208959679945863
20
-55.87802024213138
0
VERTEX
8
L9
10
23.21211315197921
20
-55.88731007117607
0
VERTEX
8
L9
10
23.216452211633722
20
-55.89610881374869
0
VERTEX
8
L9
10
23.221902616395724
20
-55.90426592092434
0
VERTEX
8
L9
10
23.228371108328574
20
-55.91164182233768
0
VERTEX
8
L9
10
23.2357470097419
20
-55.91811031427053
0
VERTEX
8
L9
10
23.243904116917562
20
-55.92356071903252
0
VERTEX
8
L9
10
23.252702859490185
20
-55.927899778687035
0
VERTEX
8
L9
10
23.261992688534875
20
-55.93105325072037
0
VERTEX
8
L9
10
23.271614652501043
20
-55.932967178351724
0
VERTEX
8
L9
10
23.281404116917557
20
-55.933608813748684
0
VERTEX
8
L9
10
23.29119358133407
20
-55.932967178351724
0
VERTEX
8
L9
10
23.30081554530024
20
-55.93105325072037
0
VERTEX
8
L9
10
23.31010537434493
20
-55.927899778687035
0
VERTEX
8
L9
10
23.31890411691755
20
-55.92356071903252
0
VERTEX
8
L9
10
23.327061224093214
20
-55.91811031427053
0
VERTEX
8
L9
10
23.33443712550654
20
-55.91164182233768
0
VERTEX
8
L9
10
23.34090561743939
20
-55.90426592092434
0
VERTEX
8
L9
10
23.34635602220139
20
-55.89610881374869
0
VERTEX
8
L9
10
23.350695081855903
20
-55.88731007117607
0
VERTEX
8
L9
10
23.35384855388922
20
-55.87802024213138
0
VERTEX
8
L9
10
23.355762481520586
20
-55.86839827816519
0
VERTEX
8
L9
10
23.356404116917545
20
-55.85860881374869
0
VERTEX
8
L9
10
23.355762481520586
20
-55.84881934933218
0
VERTEX
8
L9
10
23.35384855388922
20
-55.839197385366
0
VERTEX
8
L9
10
23.350695081855903
20
-55.8299075563213
0
VERTEX
8
L9
10
23.34635602220139
20
-55.82110881374869
0
VERTEX
8
L9
10
23.34090561743939
20
-55.81295170657303
0
VERTEX
8
L9
10
23.33443712550654
20
-55.8055758051597
0
VERTEX
8
L9
10
23.327061224093214
20
-55.79910731322684
0
VERTEX
8
L9
10
23.31890411691755
20
-55.793656908464854
0
VERTEX
8
L9
10
23.31010537434493
20
-55.78931784881034
0
VERTEX
8
L9
10
23.30081554530024
20
-55.78616437677701
0
VERTEX
8
L9
10
23.29119358133407
20
-55.78425044914565
0
VERTEX
8
L9
10
23.281404116917557
20
-55.783608813748685
0
SEQEND
0
POLYLINE
8
L9
66
1
70
1
0
VERTEX
8
L9
10
26.946107784431135
20
-54.77529940119761
0
VERTEX
8
L9
10
26.93631832001465
20
-54.775941036594574
0
VERTEX
8
L9
10
26.926696356048453
20
-54.777854964225924
0
VERTEX
8
L9
10
26.917406527003763
20
-54.78100843625926
0
VERTEX
8
L9
10
26.90860778443114
20
-54.785347495913776
0
VERTEX
8
L9
10
26.900450677255478
20
-54.79079790067576
0
VERTEX
8
L9
10
26.893074775842152
20
-54.79726639260861
0
VERTEX
8
L9
10
26.886606283909302
20
-54.80464229402195
0
VERTEX
8
L9
10
26.8811558791473
20
-54.81279940119761
0
VERTEX
8
L9
10
26.876816819492788
20
-54.821598143770224
0
VERTEX
8
L9
10
26.87366334745947
20
-54.83088797281492
0
VERTEX
8
L9
10
26.871749419828106
20
-54.8405099367811
0
VERTEX
8
L9
10
26.871107784431146
20
-54.8502994011976
0
VERTEX
8
L9
10
26.871749419828106
20
-54.86008886561411
0
VERTEX
8
L9
10
26.87366334745947
20
-54.86971082958029
0
VERTEX
8
L9
10
26.876816819492788
20
-54.87900065862499
0
VERTEX
8
L9
10
26.8811558791473
20
-54.887799401197604
0
VERTEX
8
L9
10
26.886606283909302
20
-54.89595650837326
0
VERTEX
8
L9
10
26.893074775842152
20
-54.9033324097866
0
VERTEX
8
L9
10
26.900450677255478
20
-54.90980090171945
0
VERTEX
8
L9
10
26.90860778443114
20
-54.91525130648144
0
VERTEX
8
L9
10
26.917406527003763
20
-54.91959036613595
0
VERTEX
8
L9
10
26.926696356048453
20
-54.92274383816929
0
VERTEX
8
L9
10
26.93631832001465
20
-54.92465776580064
0
VERTEX
8
L9
10
26.946107784431135
20
-54.925299401197606
0
VERTEX
8
L9
10
26.95589724884765
20
-54.92465776580064
0
VERTEX
8
L9
10
26.965519212813845
20
-54.92274383816929
0
VERTEX
8
L9
10
26.974809041858535
20
-54.91959036613595
0
VERTEX
8
L9
10
26.98360778443113
20
-54.91525130648144
0
VERTEX
8
L9
10
26.991764891606792
20
-54.90980090171945
0
VERTEX
8
L9
10
26.999140793020146
20
-54.9033324097866
0
VERTEX
8
L9
10
27.005609284952996
20
-54.89595650837326
0
VERTEX
8
L9
10
27.01105968971497
20
-54.887799401197604
0
VERTEX
8
L9
10
27.01539874936948
20
-54.87900065862499
0
VERTEX
8
L9
10
27.018552221402828
20
-54.86971082958029
0
VERTEX
8
L9
10
27.020466149034192
20
-54.86008886561411
0
VERTEX
8
L9
10
27.021107784431152
20
-54.8502994011976
0
VERTEX
8
L9
10
27.020466149034192
20
-54.8405099367811
0
VERTEX
8
L9
10
27.018552221402828
20
-54.83088797281492
0
VERTEX
8
L9
10
27.01539874936948
20
-54.821598143770224
0
VERTEX
8
L9
10
27.01105968971497
20
-54.81279940119761
0
VERTEX
8
L9
10
27.005609284952996
20
-54.80464229402195
0
VERTEX
8
L9
10
26.999140793020146
20
-54.79726639260861
0
VERTEX
8
L9
10
26.991764891606792
20
-54.79079790067576
0
VERTEX
8
L9
10
26.98360778443113
20
-54.785347495913776
0
VERTEX
8
L9
10
26.974809041858535
20
-54.78100843625926
0
VERTEX
8
L9
10
26.965519212813845
20
-54.777854964225924
0
VERTEX
8
L9
10
26.95589724884765
20
-54.775941036594574
0
VERTEX
8
L9
10
26.946107784431135
20
-54.77529940119761
0
SEQEND
0
POLYLINE
8
L9
66
1
70
1
0
VERTEX
8
L9
10
25.68862275449102
20
-55.61362275449102
0
VERTEX
8
L9
10
25.678833290074508
20
-55.614264389887985
0
VERTEX
8
L9
10
25.66921132610834
20
-55.61617831751934
0
VERTEX
8
L9
10
25.65992149706365
20
-55.619331789552675
0
VERTEX
8
L9
10
25.651122754491027
20
-55.62367084920719
0
VERTEX
8
L9
10
25.642965647315364
20
-55.629121253969174
0
VERTEX
8
L9
10
25.63558974590204
20
-55.63558974590203
0
VERTEX
8
L9
10
25.62912125396919
20
-55.642965647315364
0
VERTEX
8
L9
10
25.623670849207187
20
-55.65112275449102
0
VERTEX
8
L9
10
25.619331789552675
20
-55.659921497063635
0
VERTEX
8
L9
10
25.616178317519356
20
-55.66921132610833
0
VERTEX
8
L9
10
25.614264389887992
20
-55.678833290074515
0
VERTEX
8
L9
10
25.613622754491033
20
-55.68862275449102
0
VERTEX
8
L9
10
25.614264389887992
20
-55.69841221890752
0
VERTEX
8
L9
10
25.616178317519356
20
-55.70803418287371
0
VERTEX
8
L9
10
25.619331789552675
20
-55.7173240119184
0
VERTEX
8
L9
10
25.623670849207187
20
-55.726122754491016
0
VERTEX
8
L9
10
25.62912125396919
20
-55.73427986166667
0
VERTEX
8
L9
10
25.63558974590204
20
-55.74165576308001
0
VERTEX
8
L9
10
25.642965647315364
20
-55.74812425501286
0
VERTEX
8
L9
10
25.651122754491027
20
-55.75357465977485
0
VERTEX
8
L9
10
25.65992149706365
20
-55.75791371942937
0
VERTEX
8
L9
10
25.66921132610834
20
-55.7610671914627
0
VERTEX
8
L9
10
25.678833290074508
20
-55.76298111909406
0
VERTEX
8
L9
10
25.68862275449102
20
-55.76362275449102
0
VERTEX
8
L9
10
25.698412218907535
20
-55.76298111909406
0
VERTEX
8
L9
10
25.708034182873703
20
-55.7610671914627
0
VERTEX
8
L9
10
25.717324011918393
20
-55.75791371942937
0
VERTEX
8
L9
10
25.726122754491016
20
-55.75357465977485
0
VERTEX
8
L9
10
25.73427986166668
20
-55.74812425501286
0
VERTEX
8
L9
10
25.741655763080004
20
-55.74165576308001
0
VERTEX
8
L9
10
25.748124255012854
20
-55.73427986166667
0
VERTEX
8
L9
10
25.753574659774856
20
-55.726122754491016
0
VERTEX
8
L9
10
25.757913719429368
20
-55.7173240119184
0
VERTEX
8
L9
10
25.761067191462715
20
-55.70803418287371
0
VERTEX
8
L9
10
25.76298111909405
20
-55.69841221890752
0
VERTEX
8
L9
10
25.76362275449104
20
-55.68862275449102
0
VERTEX
8
L9
10
25.76298111909405
20
-55.678833290074515
0
VERTEX
8
L9
10
25.761067191462715
20
-55.66921132610833
0
VERTEX
8
L9
10
25.757913719429368
20
-55.659921497063635
0
VERTEX
8
L9
10
25.753574659774856
20
-55.65112275449102
0
VERTEX
8
L9
10
25.748124255012854
20
-55.642965647315364
0
VERTEX
8
L9
10
25.741655763080004
20
-55.63558974590203
0
VERTEX
8
L9
10
25.73427986166668
20
-55.629121253969174
0
VERTEX
8
L9
10
25.726122754491016
20
-55.62367084920719
0
VERTEX
8
L9
10
25.717324011918393
20
-55.619331789552675
0
VERTEX
8
L9
10
25.708034182873703
20
-55.61617831751934
0
VERTEX
8
L9
10
25.698412218907535
20
-55.614264389887985
0
VERTEX
8
L9
10
25.68862275449102
20
-55.61362275449102
0
SEQEND
0
POLYLINE
8
L9
66
1
70
1
0
VERTEX
8
L9
10
26.946107784431135
20
-53.81721556886228
0
VERTEX
8
L9
10
26.93631832001465
20
-53.81785720425924
0
VERTEX
8
L9
10
26.926696356048453
20
-53.8197711318906
0
VERTEX
8
L9
10
26.917406527003763
20
-53.82292460392393
0
VERTEX
8
L9
10
26.90860778443114
20
-53.82726366357844
0
VERTEX
8
L9
10
26.900450677255478
20
-53.83271406834044
0
VERTEX
8
L9
10
26.893074775842152
20
-53.83918256027329
0
VERTEX
8
L9
10
26.886606283909302
20
-53.84655846168663
0
VERTEX
8
L9
10
26.8811558791473
20
-53.854715568862275
0
VERTEX
8
L9
10
26.876816819492788
20
-53.8635143114349
0
VERTEX
8
L9
10
26.87366334745947
20
-53.87280414047959
0
VERTEX
8
L9
10
26.871749419828106
20
-53.88242610444578
0
VERTEX
8
L9
10
26.871107784431146
20
-53.89221556886228
0
VERTEX
8
L9
10
26.871749419828106
20
-53.90200503327878
0
VERTEX
8
L9
10
26.87366334745947
20
-53.911626997244966
0
VERTEX
8
L9
10
26.876816819492788
20
-53.92091682628966
0
VERTEX
8
L9
10
26.8811558791473
20
-53.92971556886228
0
VERTEX
8
L9
10
26.886606283909302
20
-53.937872676037934
0
VERTEX
8
L9
10
26.893074775842152
20
-53.94524857745127
0
VERTEX
8
L9
10
26.900450677255478
20
-53.95171706938412
0
VERTEX
8
L9
10
26.90860778443114
20
-53.95716747414611
0
VERTEX
8
L9
10
26.917406527003763
20
-53.96150653380062
0
VERTEX
8
L9
10
26.926696356048453
20
-53.964660005833956
0
VERTEX
8
L9
10
26.93631832001465
20
-53.96657393346531
0
VERTEX
8
L9
10
26.946107784431135
20
-53.96721556886228
0
VERTEX
8
L9
10
26.95589724884765
20
-53.96657393346531
0
VERTEX
8
L9
10
26.965519212813845
20
-53.964660005833956
0
VERTEX
8
L9
10
26.974809041858535
20
-53.96150653380062
0
VERTEX
8
L9
10
26.98360778443113
20
-53.95716747414611
0
VERTEX
8
L9
10
26.991764891606792
20
-53.95171706938412
0
VERTEX
8
L9
10
26.999140793020146
20
-53.94524857745127
0
VERTEX
8
L9
10
27.005609284952996
20
-53.937872676037934
0
VERTEX
8
L9
10
27.01105968971497
20
-53.92971556886228
0
VERTEX
8
L9
10
27.01539874936948
20
-53.92091682628966
0
VERTEX
8
L9
10
27.018552221402828
20
-53.911626997244966
0
VERTEX
8
L9
10
27.020466149034192
20
-53.90200503327878
0
VERTEX
8
L9
10
27.021107784431152
20
-53.89221556886228
0
VERTEX
8
L9
10
27.020466149034192
20
-53.88242610444578
0
VERTEX
8
L9
10
27.018552221402828
20
-53.87280414047959
0
VERTEX
8
L9
10
27.01539874936948
20
-53.8635143114349
0
VERTEX
8
L9
10
27.01105968971497
20
-53.854715568862275
0
VERTEX
8
L9
10
27.005609284952996
20
-53.84655846168663
0
VERTEX
8
L9
10
26.999140793020146
20
-53.83918256027329
0
VERTEX
8
L9
10
26.991764891606792
20
-53.83271406834044
0
VERTEX
8
L9
10
26.98360778443113
20
-53.82726366357844
0
VERTEX
8
L9
10
26.974809041858535
20
-53.82292460392393
0
VERTEX
8
L9
10
26.965519212813845
20
-53.8197711318906
0
VERTEX
8
L9
10
26.95589724884765
20
-53.81785720425924
0
VERTEX
8
L9
10
26.946107784431135
20
-53.81721556886228
0
SEQEND
0
POLYLINE
8
L9
66
1
70
1
0
VERTEX
8
L9
10
26.946107784431135
20
-53.338173652694614
0
VERTEX
8
L9
10
26.93631832001465
20
-53.338815288091574
0
VERTEX
8
L9
10
26.926696356048453
20
-53.34072921572293
0
VERTEX
8
L9
10
26.917406527003763
20
-53.34388268775626
0
VERTEX
8
L9
10
26.90860778443114
20
-53.34822174741078
0
VERTEX
8
L9
10
26.900450677255478
20
-53.35367215217277
0
VERTEX
8
L9
10
26.893074775842152
20
-53.36014064410562
0
VERTEX
8
L9
10
26.886606283909302
20
-53.36751654551896
0
VERTEX
8
L9
10
26.8811558791473
20
-53.375673652694616
0
VERTEX
8
L9
10
26.876816819492788
20
-53.38447239526723
0
VERTEX
8
L9
10
26.87366334745947
20
-53.39376222431192
0
VERTEX
8
L9
10
26.871749419828106
20
-53.40338418827811
0
VERTEX
8
L9
10
26.871107784431146
20
-53.41317365269461
0
VERTEX
8
L9
10
26.871749419828106
20
-53.42296311711112
0
VERTEX
8
L9
10
26.87366334745947
20
-53.4325850810773
0
VERTEX
8
L9
10
26.876816819492788
20
-53.441874910121996
0
VERTEX
8
L9
10
26.8811558791473
20
-53.45067365269461
0
VERTEX
8
L9
10
26.886606283909302
20
-53.45883075987027
0
VERTEX
8
L9
10
26.893074775842152
20
-53.46620666128361
0
VERTEX
8
L9
10
26.900450677255478
20
-53.47267515321646
0
VERTEX
8
L9
10
26.90860778443114
20
-53.478125557978444
0
VERTEX
8
L9
10
26.917406527003763
20
-53.48246461763296
0
VERTEX
8
L9
10
26.926696356048453
20
-53.485618089666296
0
VERTEX
8
L9
10
26.93631832001465
20
-53.487532017297646
0
VERTEX
8
L9
10
26.946107784431135
20
-53.48817365269461
0
VERTEX
8
L9
10
26.95589724884765
20
-53.487532017297646
0
VERTEX
8
L9
10
26.965519212813845
20
-53.485618089666296
0
VERTEX
8
L9
10
26.974809041858535
20
-53.48246461763296
0
VERTEX
8
L9
10
26.98360778443113
20
-53.478125557978444
0
VERTEX
8
L9
10
26.991764891606792
20
-53.47267515321646
0
VERTEX
8
L9
10
26.999140793020146
20
-53.46620666128361
0
VERTEX
8
L9
10
27.005609284952996
20
-53.45883075987027
0
VERTEX
8
L9
10
27.01105968971497
20
-53.45067365269461
0
VERTEX
8
L9
10
27.01539874936948
20
-53.441874910121996
0
VERTEX
8
L9
10
27.018552221402828
20
-53.4325850810773
0
VERTEX
8
L9
10
27.020466149034192
20
-53.42296311711112
0
VERTEX
8
L9
10
27.021107784431152
20
-53.41317365269461
0
VERTEX
8
L9
10
27.020466149034192
20
-53.40338418827811
0
VERTEX
8
L9
10
27.018552221402828
20
-53.39376222431192
0
VERTEX
8
L9
10
27.01539874936948
20
-53.38447239526723
0
VERTEX
8
L9
10
27.01105968971497
20
-53.375673652694616
0
VERTEX
8
L9
10
27.005609284952996
20
-53.36751654551896
0
VERTEX
8
L9
10
26.999140793020146
20
-53.36014064410562
0
VERTEX
8
L9
10
26.991764891606792
20
-53.35367215217277
0
VERTEX
8
L9
10
26.98360778443113
20
-53.34822174741078
0
VERTEX
8
L9
10
26.974809041858535
20
-53.34388268775626
0
VERTEX
8
L9
10
26.965519212813845
20
-53.34072921572293
0
VERTEX
8
L9
10
26.95589724884765
20
-53.338815288091574
0
VERTEX
8
L9
10
26.946107784431135
20
-53.338173652694614
0
SEQEND
0
POLYLINE
8
L9
66
1
70
1
0
VERTEX
8
L9
10
31.077844311377234
20
-55.61362275449102
0
VERTEX
8
L9
10
31.06805484696075
20
-55.614264389887985
0
VERTEX
8
L9
10
31.058432882994552
20
-55.61617831751934
0
VERTEX
8
L9
10
31.049143053949862
20
-55.619331789552675
0
VERTEX
8
L9
10
31.04034431137724
20
-55.62367084920719
0
VERTEX
8
L9
10
31.032187204201605
20
-55.629121253969174
0
VERTEX
8
L9
10
31.02481130278825
20
-55.63558974590203
0
VERTEX
8
L9
10
31.0183428108554
20
-55.642965647315364
0
VERTEX
8
L9
10
31.012892406093428
20
-55.65112275449102
0
VERTEX
8
L9
10
31.008553346438887
20
-55.659921497063635
0
VERTEX
8
L9
10
31.00539987440557
20
-55.66921132610833
0
VERTEX
8
L9
10
31.003485946774205
20
-55.678833290074515
0
VERTEX
8
L9
10
31.002844311377245
20
-55.68862275449102
0
VERTEX
8
L9
10
31.003485946774205
20
-55.69841221890752
0
VERTEX
8
L9
10
31.00539987440557
20
-55.70803418287371
0
VERTEX
8
L9
10
31.008553346438887
20
-55.7173240119184
0
VERTEX
8
L9
10
31.012892406093428
20
-55.726122754491016
0
VERTEX
8
L9
10
31.0183428108554
20
-55.73427986166667
0
VERTEX
8
L9
10
31.02481130278825
20
-55.74165576308001
0
VERTEX
8
L9
10
31.032187204201605
20
-55.74812425501286
0
VERTEX
8
L9
10
31.04034431137724
20
-55.75357465977485
0
VERTEX
8
L9
10
31.049143053949862
20
-55.75791371942937
0
VERTEX
8
L9
10
31.058432882994552
20
-55.7610671914627
0
VERTEX
8
L9
10
31.06805484696075
20
-55.76298111909406
0
VERTEX
8
L9
10
31.077844311377234
20
-55.76362275449102
0
VERTEX
8
L9
10
31.087633775793748
20
-55.76298111909406
0
VERTEX
8
L9
10
31.097255739759945
20
-55.7610671914627
0
VERTEX
8
L9
10
31.106545568804634
20
-55.75791371942937
0
VERTEX
8
L9
10
31.115344311377257
20
-55.75357465977485
0
VERTEX
8
L9
10
31.12350141855289
20
-55.74812425501286
0
VERTEX
8
L9
10
31.130877319966245
20
-55.74165576308001
0
VERTEX
8
L9
10
31.137345811899095
20
-55.73427986166667
0
VERTEX
8
L9
10
31.14279621666107
20
-55.726122754491016
0
VERTEX
8
L9
10
31.14713527631558
20
-55.7173240119184
0
VERTEX
8
L9
10
31.150288748348927
20
-55.70803418287371
0
VERTEX
8
L9
10
31.15220267598029
20
-55.69841221890752
0
VERTEX
8
L9
10
31.15284431137725
20
-55.68862275449102
0
VERTEX
8
L9
10
31.15220267598029
20
-55.678833290074515
0
VERTEX
8
L9
10
31.150288748348927
20
-55.66921132610833
0
VERTEX
8
L9
10
31.14713527631558
20
-55.659921497063635
0
VERTEX
8
L9
10
31.14279621666107
20
-55.65112275449102
0
VERTEX
8
L9
10
31.137345811899095
20
-55.642965647315364
0
VERTEX
8
L9
10
31.130877319966245
20
-55.63558974590203
0
VERTEX
8
L9
10
31.12350141855289
20
-55.629121253969174
0
VERTEX
8
L9
10
31.115344311377257
20
-55.62367084920719
0
VERTEX
8
L9
10
31.106545568804634
20
-55.619331789552675
0
VERTEX
8
L9
10
31.097255739759945
20
-55.61617831751934
0
VERTEX
8
L9
10
31.087633775793748
20
-55.614264389887985
0
VERTEX
8
L9
10
31.077844311377234
20
-55.61362275449102
0
SEQEND
0
POLYLINE
8
L9
66
1
70
1
0
VERTEX
8
L9
10
26.946107784431135
20
-54.29625748502994
0
VERTEX
8
L9
10
26.93631832001465
20
-54.29689912042691
0
VERTEX
8
L9
10
26.926696356048453
20
-54.298813048058264
0
VERTEX
8
L9
10
26.917406527003763
20
-54.3019665200916
0
VERTEX
8
L9
10
26.90860778443114
20
-54.30630557974611
0
VERTEX
8
L9
10
26.900450677255478
20
-54.311755984508096
0
VERTEX
8
L9
10
26.893074775842152
20
-54.31822447644095
0
VERTEX
8
L9
10
26.886606283909302
20
-54.325600377854286
0
VERTEX
8
L9
10
26.8811558791473
20
-54.33375748502994
0
VERTEX
8
L9
10
26.876816819492788
20
-54.34255622760256
0
VERTEX
8
L9
10
26.87366334745947
20
-54.351846056647254
0
VERTEX
8
L9
10
26.871749419828106
20
-54.36146802061344
0
VERTEX
8
L9
10
26.871107784431146
20
-54.37125748502994
0
VERTEX
8
L9
10
26.871749419828106
20
-54.38104694944644
0
VERTEX
8
L9
10
26.87366334745947
20
-54.39066891341263
0
VERTEX
8
L9
10
26.876816819492788
20
-54.39995874245732
0
VERTEX
8
L9
10
26.8811558791473
20
-54.408757485029945
0
VERTEX
8
L9
10
26.886606283909302
20
-54.41691459220559
0
VERTEX
8
L9
10
26.893074775842152
20
-54.42429049361893
0
VERTEX
8
L9
10
26.900450677255478
20
-54.43075898555178
0
VERTEX
8
L9
10
26.90860778443114
20
-54.43620939031378
0
VERTEX
8
L9
10
26.917406527003763
20
-54.44054844996829
0
VERTEX
8
L9
10
26.926696356048453
20
-54.44370192200162
0
VERTEX
8
L9
10
26.93631832001465
20
-54.44561584963298
0
VERTEX
8
L9
10
26.946107784431135
20
-54.44625748502994
0
VERTEX
8
L9
10
26.95589724884765
20
-54.44561584963298
0
VERTEX
8
L9
10
26.965519212813845
20
-54.44370192200162
0
VERTEX
8
L9
10
26.974809041858535
20
-54.44054844996829
0
VERTEX
8
L9
10
26.98360778443113
20
-54.43620939031378
0
VERTEX
8
L9
10
26.991764891606792
20
-54.43075898555178
0
VERTEX
8
L9
10
26.999140793020146
20
-54.42429049361893
0
VERTEX
8
L9
10
27.005609284952996
20
-54.41691459220559
0
VERTEX
8
L9
10
27.01105968971497
20
-54.408757485029945
0
VERTEX
8
L9
10
27.01539874936948
20
-54.39995874245732
0
VERTEX
8
L9
10
27.018552221402828
20
-54.39066891341263
0
VERTEX
8
L9
10
27.020466149034192
20
-54.38104694944644
0
VERTEX
8
L9
10
27.021107784431152
20
-54.37125748502994
0
VERTEX
8
L9
10
27.020466149034192
20
-54.36146802061344
0
VERTEX
8
L9
10
27.018552221402828
20
-54.351846056647254
0
VERTEX
8
L9
10
27.01539874936948
20
-54.34255622760256
0
VERTEX
8
L9
10
27.01105968971497
20
-54.33375748502994
0
VERTEX
8
L9
10
27.005609284952996
20
-54.325600377854286
0
VERTEX
8
L9
10
26.999140793020146
20
-54.31822447644095
0
VERTEX
8
L9
10
26.991764891606792
20
-54.311755984508096
0
VERTEX
8
L9
10
26.98360778443113
20
-54.30630557974611
0
VERTEX
8
L9
10
26.974809041858535
20
-54.3019665200916
0
VERTEX
8
L9
10
26.965519212813845
20
-54.298813048058264
0
VERTEX
8
L9
10
26.95589724884765
20
-54.29689912042691
0
VERTEX
8
L9
10
26.946107784431135
20
-54.29625748502994
0
SEQEND
0
POLYLINE
8
L9
66
1
70
1
0
VERTEX
8
L9
10
30.61081145194474
20
-55.783608813748685
0
VERTEX
8
L9
10
30.601021987528227
20
-55.78425044914565
0
VERTEX
8
L9
10
30.59140002356203
20
-55.78616437677701
0
VERTEX
8
L9
10
30.58211019451734
20
-55.78931784881034
0
VERTEX
8
L9
10
30.57331145194472
20
-55.793656908464854
0
VERTEX
8
L9
10
30.565154344769084
20
-55.79910731322684
0
VERTEX
8
L9
10
30.55777844335573
20
-55.8055758051597
0
VERTEX
8
L9
10
30.55130995142288
20
-55.81295170657303
0
VERTEX
8
L9
10
30.545859546660907
20
-55.82110881374869
0
VERTEX
8
L9
10
30.541520487006395
20
-55.8299075563213
0
VERTEX
8
L9
10
30.538367014973048
20
-55.839197385366
0
VERTEX
8
L9
10
30.536453087341684
20
-55.84881934933218
0
VERTEX
8
L9
10
30.535811451944724
20
-55.85860881374869
0
VERTEX
8
L9
10
30.536453087341684
20
-55.86839827816519
0
VERTEX
8
L9
10
30.538367014973048
20
-55.87802024213138
0
VERTEX
8
L9
10
30.541520487006395
20
-55.88731007117607
0
VERTEX
8
L9
10
30.545859546660907
20
-55.89610881374869
0
VERTEX
8
L9
10
30.55130995142288
20
-55.90426592092434
0
VERTEX
8
L9
10
30.55777844335573
20
-55.91164182233768
0
VERTEX
8
L9
10
30.565154344769084
20
-55.91811031427053
0
VERTEX
8
L9
10
30.57331145194472
20
-55.92356071903252
0
VERTEX
8
L9
10
30.58211019451734
20
-55.927899778687035
0
VERTEX
8
L9
10
30.59140002356203
20
-55.93105325072037
0
VERTEX
8
L9
10
30.601021987528227
20
-55.932967178351724
0
VERTEX
8
L9
10
30.61081145194474
20
-55.933608813748684
0
VERTEX
8
L9
10
30.620600916361226
20
-55.932967178351724
0
VERTEX
8
L9
10
30.630222880327423
20
-55.93105325072037
0
VERTEX
8
L9
10
30.639512709372113
20
-55.927899778687035
0
VERTEX
8
L9
10
30.648311451944735
20
-55.92356071903252
0
VERTEX
8
L9
10
30.6564685591204
20
-55.91811031427053
0
VERTEX
8
L9
10
30.663844460533724
20
-55.91164182233768
0
VERTEX
8
L9
10
30.670312952466574
20
-55.90426592092434
0
VERTEX
8
L9
10
30.675763357228576
20
-55.89610881374869
0
VERTEX
8
L9
10
30.680102416883088
20
-55.88731007117607
0
VERTEX
8
L9
10
30.683255888916406
20
-55.87802024213138
0
VERTEX
8
L9
10
30.68516981654777
20
-55.86839827816519
0
VERTEX
8
L9
10
30.68581145194473
20
-55.85860881374869
0
VERTEX
8
L9
10
30.68516981654777
20
-55.84881934933218
0
VERTEX
8
L9
10
30.683255888916406
20
-55.839197385366
0
VERTEX
8
L9
10
30.680102416883088
20
-55.8299075563213
0
VERTEX
8
L9
10
30.675763357228576
20
-55.82110881374869
0
VERTEX
8
L9
10
30.670312952466574
20
-55.81295170657303
0
VERTEX
8
L9
10
30.663844460533724
20
-55.8055758051597
0
VERTEX
8
L9
10
30.6564685591204
20
-55.79910731322684
0
VERTEX
8
L9
10
30.648311451944735
20
-55.793656908464854
0
VERTEX
8
L9
10
30.639512709372113
20
-55.78931784881034
0
VERTEX
8
L9
10
30.630222880327423
20
-55.78616437677701
0
VERTEX
8
L9
10
30.620600916361226
20
-55.78425044914565
0
VERTEX
8
L9
10
30.61081145194474
20
-55.783608813748685
0
SEQEND
0
POLYLINE
8
L9
66
1
70
1
0
VERTEX
8
L9
10
26.946107784431135
20
-55.254341317365274
0
VERTEX
8
L9
10
26.93631832001465
20
-55.254982952762234
0
VERTEX
8
L9
10
26.926696356048453
20
-55.25689688039359
0
VERTEX
8
L9
10
26.917406527003763
20
-55.26005035242692
0
VERTEX
8
L9
10
26.90860778443114
20
-55.264389412081435
0
VERTEX
8
L9
10
26.900450677255478
20
-55.26983981684343
0
VERTEX
8
L9
10
26.893074775842152
20
-55.27630830877628
0
VERTEX
8
L9
10
26.886606283909302
20
-55.28368421018962
0
VERTEX
8
L9
10
26.8811558791473
20
-55.29184131736527
0
VERTEX
8
L9
10
26.876816819492788
20
-55.30064005993789
0
VERTEX
8
L9
10
26.87366334745947
20
-55.30992988898258
0
VERTEX
8
L9
10
26.871749419828106
20
-55.31955185294877
0
VERTEX
8
L9
10
26.871107784431146
20
-55.32934131736527
0
VERTEX
8
L9
10
26.871749419828106
20
-55.339130781781776
0
VERTEX
8
L9
10
26.87366334745947
20
-55.34875274574796
0
VERTEX
8
L9
10
26.876816819492788
20
-55.358042574792655
0
VERTEX
8
L9
10
26.8811558791473
20
-55.36684131736527
0
VERTEX
8
L9
10
26.886606283909302
20
-55.37499842454093
0
VERTEX
8
L9
10
26.893074775842152
20
-55.38237432595426
0
VERTEX
8
L9
10
26.900450677255478
20
-55.38884281788712
0
VERTEX
8
L9
10
26.90860778443114
20
-55.394293222649104
0
VERTEX
8
L9
10
26.917406527003763
20
-55.398632282303616
0
VERTEX
8
L9
10
26.926696356048453
20
-55.40178575433695
0
VERTEX
8
L9
10
26.93631832001465
20
-55.403699681968305
0
VERTEX
8
L9
10
26.946107784431135
20
-55.40434131736527
0
VERTEX
8
L9
10
26.95589724884765
20
-55.403699681968305
0
VERTEX
8
L9
10
26.965519212813845
20
-55.40178575433695
0
VERTEX
8
L9
10
26.974809041858535
20
-55.398632282303616
0
VERTEX
8
L9
10
26.98360778443113
20
-55.394293222649104
0
VERTEX
8
L9
10
26.991764891606792
20
-55.38884281788712
0
VERTEX
8
L9
10
26.999140793020146
20
-55.38237432595426
0
VERTEX
8
L9
10
27.005609284952996
20
-55.37499842454093
0
VERTEX
8
L9
10
27.01105968971497
20
-55.36684131736527
0
VERTEX
8
L9
10
27.01539874936948
20
-55.358042574792655
0
VERTEX
8
L9
10
27.018552221402828
20
-55.34875274574796
0
VERTEX
8
L9
10
27.020466149034192
20
-55.339130781781776
0
VERTEX
8
L9
10
27.021107784431152
20
-55.32934131736527
0
VERTEX
8
L9
10
27.020466149034192
20
-55.31955185294877
0
VERTEX
8
L9
10
27.018552221402828
20
-55.30992988898258
0
VERTEX
8
L9
10
27.01539874936948
20
-55.30064005993789
0
VERTEX
8
L9
10
27.01105968971497
20
-55.29184131736527
0
VERTEX
8
L9
10
27.005609284952996
20
-55.28368421018962
0
VERTEX
8
L9
10
26.999140793020146
20
-55.27630830877628
0
VERTEX
8
L9
10
26.991764891606792
20
-55.26983981684343
0
VERTEX
8
L9
10
26.98360778443113
20
-55.264389412081435
0
VERTEX
8
L9
10
26.974809041858535
20
-55.26005035242692
0
VERTEX
8
L9
10
26.965519212813845
20
-55.25689688039359
0
VERTEX
8
L9
10
26.95589724884765
20
-55.254982952762234
0
VERTEX
8
L9
10
26.946107784431135
20
-55.254341317365274
0
SEQEND
0
POLYLINE
8
L9
66
1
70
1
0
VERTEX
8
L9
10
28.203592814371248
20
-55.61362275449102
0
VERTEX
8
L9
10
28.193803349954763
20
-55.614264389887985
0
VERTEX
8
L9
10
28.184181385988566
20
-55.61617831751934
0
VERTEX
8
L9
10
28.174891556943876
20
-55.619331789552675
0
VERTEX
8
L9
10
28.166092814371254
20
-55.62367084920719
0
VERTEX
8
L9
10
28.15793570719562
20
-55.629121253969174
0
VERTEX
8
L9
10
28.150559805782265
20
-55.63558974590203
0
VERTEX
8
L9
10
28.144091313849415
20
-55.642965647315364
0
VERTEX
8
L9
10
28.138640909087442
20
-55.65112275449102
0
VERTEX
8
L9
10
28.1343018494329
20
-55.659921497063635
0
VERTEX
8
L9
10
28.131148377399583
20
-55.66921132610833
0
VERTEX
8
L9
10
28.12923444976822
20
-55.678833290074515
0
VERTEX
8
L9
10
28.12859281437126
20
-55.68862275449102
0
VERTEX
8
L9
10
28.12923444976822
20
-55.69841221890752
0
VERTEX
8
L9
10
28.131148377399583
20
-55.70803418287371
0
VERTEX
8
L9
10
28.1343018494329
20
-55.7173240119184
0
VERTEX
8
L9
10
28.138640909087442
20
-55.726122754491016
0
VERTEX
8
L9
10
28.144091313849415
20
-55.73427986166667
0
VERTEX
8
L9
10
28.150559805782265
20
-55.74165576308001
0
VERTEX
8
L9
10
28.15793570719562
20
-55.74812425501286
0
VERTEX
8
L9
10
28.166092814371254
20
-55.75357465977485
0
VERTEX
8
L9
10
28.174891556943876
20
-55.75791371942937
0
VERTEX
8
L9
10
28.184181385988566
20
-55.7610671914627
0
VERTEX
8
L9
10
28.193803349954763
20
-55.76298111909406
0
VERTEX
8
L9
10
28.203592814371248
20
-55.76362275449102
0
VERTEX
8
L9
10
28.213382278787762
20
-55.76298111909406
0
VERTEX
8
L9
10
28.22300424275396
20
-55.7610671914627
0
VERTEX
8
L9
10
28.23229407179865
20
-55.75791371942937
0
VERTEX
8
L9
10
28.24109281437127
20
-55.75357465977485
0
VERTEX
8
L9
10
28.249249921546905
20
-55.74812425501286
0
VERTEX
8
L9
10
28.25662582296026
20
-55.74165576308001
0
VERTEX
8
L9
10
28.26309431489311
20
-55.73427986166667
0
VERTEX
8
L9
10
28.268544719655083
20
-55.726122754491016
0
VERTEX
8
L9
10
28.272883779309595
20
-55.7173240119184
0
VERTEX
8
L9
10
28.27603725134294
20
-55.70803418287371
0
VERTEX
8
L9
10
28.277951178974305
20
-55.69841221890752
0
VERTEX
8
L9
10
28.278592814371265
20
-55.68862275449102
0
VERTEX
8
L9
10
28.277951178974305
20
-55.678833290074515
0
VERTEX
8
L9
10
28.27603725134294
20
-55.66921132610833
0
VERTEX
8
L9
10
28.272883779309595
20
-55.659921497063635
0
VERTEX
8
L9
10
28.268544719655083
20
-55.65112275449102
0
VERTEX
8
L9
10
28.26309431489311
20
-55.642965647315364
0
VERTEX
8
L9
10
28.25662582296026
20
-55.63558974590203
0
VERTEX
8
L9
10
28.249249921546905
20
-55.629121253969174
0
VERTEX
8
L9
10
28.24109281437127
20
-55.62367084920719
0
VERTEX
8
L9
10
28.23229407179865
20
-55.619331789552675
0
VERTEX
8
L9
10
28.22300424275396
20
-55.61617831751934
0
VERTEX
8
L9
10
28.213382278787762
20
-55.614264389887985
0
VERTEX
8
L9
10
28.203592814371248
20
-55.61362275449102
0
SEQEND
0
POLYLINE
8
L9
66
1
70
1
0
VERTEX
8
L9
10
26.946107784431135
20
-56.2124251497006
0
VERTEX
8
L9
10
26.93631832001465
20
-56.21306678509757
0
VERTEX
8
L9
10
26.926696356048453
20
-56.21498071272892
0
VERTEX
8
L9
10
26.917406527003763
20
-56.218134184762256
0
VERTEX
8
L9
10
26.90860778443114
20
-56.22247324441677
0
VERTEX
8
L9
10
26.900450677255478
20
-56.227923649178756
0
VERTEX
8
L9
10
26.893074775842152
20
-56.234392141111606
0
VERTEX
8
L9
10
26.886606283909302
20
-56.241768042524946
0
VERTEX
8
L9
10
26.8811558791473
20
-56.2499251497006
0
VERTEX
8
L9
10
26.876816819492788
20
-56.25872389227322
0
VERTEX
8
L9
10
26.87366334745947
20
-56.268013721317914
0
VERTEX
8
L9
10
26.871749419828106
20
-56.277635685284096
0
VERTEX
8
L9
10
26.871107784431146
20
-56.2874251497006
0
VERTEX
8
L9
10
26.871749419828106
20
-56.2972146141171
0
VERTEX
8
L9
10
26.87366334745947
20
-56.30683657808329
0
VERTEX
8
L9
10
26.876816819492788
20
-56.31612640712798
0
VERTEX
8
L9
10
26.8811558791473
20
-56.3249251497006
0
VERTEX
8
L9
10
26.886606283909302
20
-56.33308225687625
0
VERTEX
8
L9
10
26.893074775842152
20
-56.34045815828959
0
VERTEX
8
L9
10
26.900450677255478
20
-56.34692665022244
0
VERTEX
8
L9
10
26.90860778443114
20
-56.35237705498443
0
VERTEX
8
L9
10
26.917406527003763
20
-56.35671611463895
0
VERTEX
8
L9
10
26.926696356048453
20
-56.35986958667228
0
VERTEX
8
L9
10
26.93631832001465
20
-56.36178351430364
0
VERTEX
8
L9
10
26.946107784431135
20
-56.3624251497006
0
VERTEX
8
L9
10
26.95589724884765
20
-56.36178351430364
0
VERTEX
8
L9
10
26.965519212813845
20
-56.35986958667228
0
VERTEX
8
L9
10
26.974809041858535
20
-56.35671611463895
0
VERTEX
8
L9
10
26.98360778443113
20
-56.35237705498443
0
VERTEX
8
L9
10
26.991764891606792
20
-56.34692665022244
0
VERTEX
8
L9
10
26.999140793020146
20
-56.34045815828959
0
VERTEX
8
L9
10
27.005609284952996
20
-56.33308225687625
0
VERTEX
8
L9
10
27.01105968971497
20
-56.3249251497006
0
VERTEX
8
L9
10
27.01539874936948
20
-56.31612640712798
0
VERTEX
8
L9
10
27.018552221402828
20
-56.30683657808329
0
VERTEX
8
L9
10
27.020466149034192
20
-56.2972146141171
0
VERTEX
8
L9
10
27.021107784431152
20
-56.2874251497006
0
VERTEX
8
L9
10
27.020466149034192
20
-56.277635685284096
0
VERTEX
8
L9
10
27.018552221402828
20
-56.268013721317914
0
VERTEX
8
L9
10
27.01539874936948
20
-56.25872389227322
0
VERTEX
8
L9
10
27.01105968971497
20
-56.2499251497006
0
VERTEX
8
L9
10
27.005609284952996
20
-56.241768042524946
0
VERTEX
8
L9
10
26.999140793020146
20
-56.234392141111606
0
VERTEX
8
L9
10
26.991764891606792
20
-56.227923649178756
0
VERTEX
8
L9
10
26.98360778443113
20
-56.22247324441677
0
VERTEX
8
L9
10
26.974809041858535
20
-56.218134184762256
0
VERTEX
8
L9
10
26.965519212813845
20
-56.21498071272892
0
VERTEX
8
L9
10
26.95589724884765
20
-56.21306678509757
0
VERTEX
8
L9
10
26.946107784431135
20
-56.2124251497006
0
SEQEND
0
POLYLINE
8
L9
66
1
70
1
0
VERTEX
8
L9
10
39.10698660069987
20
-56.29871330966362
0
VERTEX
8
L9
10
39.128192903772444
20
-56.31882209831538
0
VERTEX
8
L9
10
39.15447468785892
20
-56.33160249331235
0
VERTEX
8
L9
10
39.18338659957813
20
-56.33586535992852
0
VERTEX
8
L9
10
39.21223856884784
20
-56.33121406545208
0
VERTEX
8
L9
10
39.238346102850684
20
-56.318081383344584
0
VERTEX
8
L9
10
39.25928006107104
20
-56.29768922641415
0
VERTEX
8
L9
10
39.27309267141901
20
-56.27193495557567
0
VERTEX
8
L9
10
39.27849875807449
20
-56.24321484244705
0
VERTEX
8
L9
10
39.27499531894911
20
-56.21420111146771
0
VERTEX
8
L9
10
39.26290832684147
20
-56.18759330635649
0
VERTEX
8
L9
10
39.24336239973495
20
-56.165867114683934
0
VERTEX
8
L9
10
39.218176162224424
20
-56.15104402083983
0
VERTEX
8
L9
10
39.18969303402808
20
-56.14450321972706
0
VERTEX
8
L9
10
39.1605631896398
20
-56.14685329142013
0
VERTEX
8
L9
10
39.13349697639502
20
-56.15787557664758
0
VERTEX
8
L9
10
39.111012733834784
20
-56.17654452165093
0
VERTEX
8
L9
10
39.095202478177825
20
-56.20112309945985
0
VERTEX
8
L9
10
39.08753725347513
20
-56.229324429238844
0
VERTEX
8
L9
10
39.016161901709964
20
-56.23846295732267
0
VERTEX
8
L9
10
38.944204312025064
20
-56.23822042510439
0
VERTEX
8
L9
10
38.87289218382206
20
-56.22860097053055
0
VERTEX
8
L9
10
38.803442204006544
20
-56.209768715254995
0
VERTEX
8
L9
10
38.737039288569164
20
-56.18204496448867
0
VERTEX
8
L9
10
38.67481636622399
20
-56.1459027250732
0
VERTEX
8
L9
10
38.61783504902429
20
-56.10195863530761
0
VERTEX
8
L9
10
38.56706751974242
20
-56.05096244421696
0
VERTEX
8
L9
10
38.52337994504124
20
-55.9937842197616
0
VERTEX
8
L9
10
38.4875176974319
20
-55.931399504233326
0
VERTEX
8
L9
10
38.460092638152716
20
-55.86487267010849
0
VERTEX
8
L9
10
38.44157267794135
20
-55.79533876033126
0
VERTEX
8
L9
10
38.43227379380828
20
-55.72398412285745
0
VERTEX
8
L9
10
38.43235463801712
20
-55.65202616986161
0
VERTEX
8
L9
10
38.44181383124997
20
-55.580692606943984
0
VERTEX
8
L9
10
38.460489986140786
20
-55.51120048671706
0
VERTEX
8
L9
10
38.48806446077437
20
-55.44473544414715
0
VERTEX
8
L9
10
38.52406679517348
20
-55.3824314679261
0
VERTEX
8
L9
10
38.56788273801875
20
-55.32535155300222
0
VERTEX
8
L9
10
38.61876472665493
20
-55.274469564366065
0
VERTEX
8
L9
10
38.67584464157879
20
-55.23065362152078
0
VERTEX
8
L9
10
38.73814861779984
20
-55.19465128712167
0
VERTEX
8
L9
10
38.80461366036975
20
-55.16707681248808
0
VERTEX
8
L9
10
38.87410578059668
20
-55.148400657597286
0
VERTEX
8
L9
10
38.94543934351431
20
-55.138941464364414
0
VERTEX
8
L9
10
39.01739729651014
20
-55.13886062015559
0
VERTEX
8
L9
10
39.08875193398397
20
-55.148159504288664
0
VERTEX
8
L9
10
39.15828584376119
20
-55.16667946450003
0
VERTEX
8
L9
10
39.22481267788602
20
-55.194104523779195
0
VERTEX
8
L9
10
39.2871973934143
20
-55.22996677138854
0
VERTEX
8
L9
10
39.34437561786966
20
-55.27365434608973
0
VERTEX
8
L9
10
39.39537180896029
20
-55.32442187537159
0
VERTEX
8
L9
10
39.439315898725894
20
-55.38140319257129
0
VERTEX
8
L9
10
39.47545813814138
20
-55.44362611491646
0
VERTEX
8
L9
10
39.50318188890769
20
-55.510029030353856
0
VERTEX
8
L9
10
39.522014144183245
20
-55.579479010169365
0
VERTEX
8
L9
10
39.5316335987571
20
-55.65079113837236
0
VERTEX
8
L9
10
39.53187613097536
20
-55.72274872805727
0
VERTEX
8
L9
10
39.52273760289155
20
-55.794124079822424
0
VERTEX
8
L9
10
39.49453627311253
20
-55.80178930452514
0
VERTEX
8
L9
10
39.46995769530362
20
-55.81759956018208
0
VERTEX
8
L9
10
39.451288750300264
20
-55.84008380274234
0
VERTEX
8
L9
10
39.44026646507284
20
-55.867150015987114
0
VERTEX
8
L9
10
39.43791639337975
20
-55.89627986037538
0
VERTEX
8
L9
10
39.44445719449253
20
-55.924762988571736
0
VERTEX
8
L9
10
39.45928028833664
20
-55.94994922608224
0
VERTEX
8
L9
10
39.481006480009185
20
-55.96949515318878
0
VERTEX
8
L9
10
39.5076142851204
20
-55.98158214529643
0
VERTEX
8
L9
10
39.536628016099755
20
-55.98508558442181
0
VERTEX
8
L9
10
39.565348129228354
20
-55.97967949776632
0
VERTEX
8
L9
10
39.591102400066845
20
-55.96586688741834
0
VERTEX
8
L9
10
39.61149455699727
20
-55.944932929197996
0
VERTEX
8
L9
10
39.62462723910478
20
-55.91882539519514
0
VERTEX
8
L9
10
39.62927853358123
20
-55.88997342592543
0
VERTEX
8
L9
10
39.62501566696504
20
-55.86106151420622
0
VERTEX
8
L9
10
39.61223527196809
20
-55.83477973011974
0
VERTEX
8
L9
10
39.59212648331631
20
-55.813573427047174
0
VERTEX
8
L9
10
39.60278901403966
20
-55.7385102522607
0
VERTEX
8
L9
10
39.604250974690544
20
-55.66270766364062
0
VERTEX
8
L9
10
39.59649069663497
20
-55.58728917880467
0
VERTEX
8
L9
10
39.579623199811934
20
-55.51337262232795
0
VERTEX
8
L9
10
39.55389848795072
20
-55.442053557765185
0
VERTEX
8
L9
10
39.519697843109284
20
-55.37438904961741
0
VERTEX
8
L9
10
39.47752817445418
20
-55.31138199591731
0
VERTEX
8
L9
10
39.428014505042356
20
-55.25396626364968
0
VERTEX
8
L9
10
39.371890707963374
20
-55.20299284732424
0
VERTEX
8
L9
10
39.30998862914673
20
-55.15921725585329
0
VERTEX
8
L9
10
39.243225758052844
20
-55.12328831468119
0
VERTEX
8
L9
10
39.17259162898712
20
-55.09573854913628
0
VERTEX
8
L9
10
39.099133154592906
20
-55.07697629153962
0
VERTEX
8
L9
10
39.02393910890355
20
-55.06727962905609
0
VERTEX
8
L9
10
38.948123989941124
20
-55.06679228199037
0
VERTEX
8
L9
10
38.87281150104339
20
-55.0755214736184
0
VERTEX
8
L9
10
38.7991178957533
20
-55.09333782312666
0
VERTEX
8
L9
10
38.728135433126496
20
-55.119977263246206
0
VERTEX
8
L9
10
38.660916188675984
20
-55.155044954158946
0
VERTEX
8
L9
10
38.598456460902455
20
-55.198021135665776
0
VERTEX
8
L9
10
38.54168200453053
20
-55.24826883087784
0
VERTEX
8
L9
10
38.49143430931848
20
-55.30504328724975
0
VERTEX
8
L9
10
38.448458127811634
20
-55.367503015023274
0
VERTEX
8
L9
10
38.413390436898894
20
-55.434722259473794
0
VERTEX
8
L9
10
38.386750996779355
20
-55.50570472210061
0
VERTEX
8
L9
10
38.368934647271104
20
-55.57939832739069
0
VERTEX
8
L9
10
38.360205455643055
20
-55.65471081628843
0
VERTEX
8
L9
10
38.36069280270878
20
-55.73052593525086
0
VERTEX
8
L9
10
38.37038946519233
20
-55.805719980940204
0
VERTEX
8
L9
10
38.38915172278898
20
-55.879178455334426
0
VERTEX
8
L9
10
38.416701488333885
20
-55.949812584400135
0
VERTEX
8
L9
10
38.45263042950599
20
-56.01657545549405
0
VERTEX
8
L9
10
38.49640602097695
20
-56.078477534310665
0
VERTEX
8
L9
10
38.54737943730238
20
-56.13460133138966
0
VERTEX
8
L9
10
38.60479516957001
20
-56.18411500080147
0
VERTEX
8
L9
10
38.6678022232701
20
-56.2262846694566
0
VERTEX
8
L9
10
38.73546673141787
20
-56.26048531429802
0
VERTEX
8
L9
10
38.806785795980645
20
-56.28621002615924
0
VERTEX
8
L9
10
38.88070235245736
20
-56.30307752298229
0
VERTEX
8
L9
10
38.95612083729331
20
-56.310837801037835
0
VERTEX
8
L9
10
39.031923425913405
20
-56.30937584038695
0
VERTEX
8
L9
10
39.10698660069987
20
-56.29871330966362
0
SEQEND
0
POLYLINE
8
L9
66
1
70
1
0
VERTEX
8
L9
10
35.85697531309087
20
-55.813573427047174
0
VERTEX
8
L9
10
35.83686652443912
20
-55.83477973011974
0
VERTEX
8
L9
10
35.824086129442136
20
-55.86106151420622
0
VERTEX
8
L9
10
35.81982326282598
20
-55.88997342592543
0
VERTEX
8
L9
10
35.82447455730242
20
-55.91882539519514
0
VERTEX
8
L9
10
35.837607239409905
20
-55.944932929198
0
VERTEX
8
L9
10
35.85799939634036
20
-55.96586688741835
0
VERTEX
8
L9
10
35.88375366717882
20
-55.97967949776632
0
VERTEX
8
L9
10
35.91247378030745
20
-55.98508558442181
0
VERTEX
8
L9
10
35.94148751128678
20
-55.98158214529643
0
VERTEX
8
L9
10
35.96809531639799
20
-55.96949515318878
0
VERTEX
8
L9
10
35.98982150807056
20
-55.949949226082246
0
VERTEX
8
L9
10
36.00464460191468
20
-55.924762988571736
0
VERTEX
8
L9
10
36.011185403027426
20
-55.89627986037538
0
VERTEX
8
L9
10
36.00883533133437
20
-55.867150015987114
0
VERTEX
8
L9
10
35.99781304610691
20
-55.84008380274234
0
VERTEX
8
L9
10
35.97914410110356
20
-55.81759956018208
0
VERTEX
8
L9
10
35.95456552329465
20
-55.80178930452514
0
VERTEX
8
L9
10
35.92636419351565
20
-55.794124079822424
0
VERTEX
8
L9
10
35.91722566543184
20
-55.72274872805727
0
VERTEX
8
L9
10
35.91746819765011
20
-55.65079113837236
0
VERTEX
8
L9
10
35.92708765222393
20
-55.579479010169365
0
VERTEX
8
L9
10
35.945919907499515
20
-55.510029030353856
0
VERTEX
8
L9
10
35.97364365826583
20
-55.44362611491646
0
VERTEX
8
L9
10
36.00978589768131
20
-55.38140319257129
0
VERTEX
8
L9
10
36.053729987446886
20
-55.32442187537159
0
VERTEX
8
L9
10
36.10472617853755
20
-55.27365434608973
0
VERTEX
8
L9
10
36.1619044029929
20
-55.22996677138855
0
VERTEX
8
L9
10
36.224289118521185
20
-55.194104523779195
0
VERTEX
8
L9
10
36.290815952646014
20
-55.16667946450003
0
VERTEX
8
L9
10
36.360349862423234
20
-55.148159504288664
0
VERTEX
8
L9
10
36.43170449989704
20
-55.1388606201556
0
VERTEX
8
L9
10
36.5036624528929
20
-55.138941464364414
0
VERTEX
8
L9
10
36.5749960158105
20
-55.148400657597286
0
VERTEX
8
L9
10
36.644488136037424
20
-55.16707681248808
0
VERTEX
8
L9
10
36.71095317860734
20
-55.19465128712167
0
VERTEX
8
L9
10
36.773257154828386
20
-55.23065362152079
0
VERTEX
8
L9
10
36.830337069752275
20
-55.27446956436607
0
VERTEX
8
L9
10
36.881219058388425
20
-55.32535155300222
0
VERTEX
8
L9
10
36.925035001233724
20
-55.382431467926104
0
VERTEX
8
L9
10
36.96103733563281
20
-55.44473544414715
0
VERTEX
8
L9
10
36.98861181026642
20
-55.51120048671706
0
VERTEX
8
L9
10
37.007287965157204
20
-55.58069260694399
0
VERTEX
8
L9
10
37.01674715839009
20
-55.65202616986161
0
VERTEX
8
L9
10
37.0168280025989
20
-55.72398412285745
0
VERTEX
8
L9
10
37.007529118465825
20
-55.79533876033126
0
VERTEX
8
L9
10
36.98900915825446
20
-55.8648726701085
0
VERTEX
8
L9
10
36.96158409897531
20
-55.931399504233326
0
VERTEX
8
L9
10
36.925721851365964
20
-55.99378421976161
0
VERTEX
8
L9
10
36.882034276664754
20
-56.05096244421696
0
VERTEX
8
L9
10
36.83126674738291
20
-56.10195863530761
0
VERTEX
8
L9
10
36.77428543018321
20
-56.1459027250732
0
VERTEX
8
L9
10
36.71206250783804
20
-56.18204496448867
0
VERTEX
8
L9
10
36.645659592400634
20
-56.209768715254995
0
VERTEX
8
L9
10
36.576209612585146
20
-56.22860097053056
0
VERTEX
8
L9
10
36.50489748438214
20
-56.23822042510439
0
VERTEX
8
L9
10
36.43293989469724
20
-56.23846295732267
0
VERTEX
8
L9
10
36.36156454293207
20
-56.229324429238844
0
VERTEX
8
L9
10
36.35389931822935
20
-56.20112309945985
0
VERTEX
8
L9
10
36.33808906257242
20
-56.17654452165093
0
VERTEX
8
L9
10
36.315604820012155
20
-56.15787557664758
0
VERTEX
8
L9
10
36.288538606767375
20
-56.14685329142013
0
VERTEX
8
L9
10
36.259408762379124
20
-56.14450321972706
0
VERTEX
8
L9
10
36.23092563418275
20
-56.15104402083982
0
VERTEX
8
L9
10
36.20573939667226
20
-56.165867114683934
0
VERTEX
8
L9
10
36.18619346956571
20
-56.18759330635649
0
VERTEX
8
L9
10
36.17410647745807
20
-56.21420111146771
0
VERTEX
8
L9
10
36.170603038332686
20
-56.24321484244705
0
VERTEX
8
L9
10
36.17600912498817
20
-56.27193495557566
0
VERTEX
8
L9
10
36.18982173533614
20
-56.29768922641414
0
VERTEX
8
L9
10
36.21075569355649
20
-56.318081383344584
0
VERTEX
8
L9
10
36.23686322755934
20
-56.33121406545208
0
VERTEX
8
L9
10
36.26571519682905
20
-56.33586535992852
0
VERTEX
8
L9
10
36.29462710854828
20
-56.33160249331235
0
VERTEX
8
L9
10
36.32090889263476
20
-56.31882209831538
0
VERTEX
8
L9
10
36.342115195707336
20
-56.29871330966362
0
VERTEX
8
L9
10
36.4171783704938
20
-56.30937584038695
0
VERTEX
8
L9
10
36.492980959113865
20
-56.310837801037835
0
VERTEX
8
L9
10
36.56839944394984
20
-56.30307752298229
0
VERTEX
8
L9
10
36.64231600042653
20
-56.286210026159246
0
VERTEX
8
L9
10
36.713635064989305
20
-56.26048531429802
0
VERTEX
8
L9
10
36.781299573137076
20
-56.2262846694566
0
VERTEX
8
L9
10
36.844306626837195
20
-56.18411500080147
0
VERTEX
8
L9
10
36.901722359104824
20
-56.13460133138966
0
VERTEX
8
L9
10
36.95269577543026
20
-56.078477534310665
0
VERTEX
8
L9
10
36.99647136690122
20
-56.01657545549405
0
VERTEX
8
L9
10
37.03240030807329
20
-55.949812584400135
0
VERTEX
8
L9
10
37.059950073618225
20
-55.879178455334426
0
VERTEX
8
L9
10
37.078712331214874
20
-55.805719980940204
0
VERTEX
8
L9
10
37.08840899369842
20
-55.73052593525086
0
VERTEX
8
L9
10
37.08889634076412
20
-55.65471081628843
0
VERTEX
8
L9
10
37.0801671491361
20
-55.57939832739069
0
VERTEX
8
L9
10
37.06235079962782
20
-55.50570472210062
0
VERTEX
8
L9
10
37.035711359508284
20
-55.434722259473794
0
VERTEX
8
L9
10
37.00064366859554
20
-55.367503015023274
0
VERTEX
8
L9
10
36.95766748708873
20
-55.30504328724975
0
VERTEX
8
L9
10
36.90741979187665
20
-55.24826883087784
0
VERTEX
8
L9
10
36.85064533550475
20
-55.198021135665776
0
VERTEX
8
L9
10
36.78818560773122
20
-55.155044954158946
0
VERTEX
8
L9
10
36.72096636328071
20
-55.119977263246206
0
VERTEX
8
L9
10
36.64998390065388
20
-55.09333782312666
0
VERTEX
8
L9
10
36.57629029536382
20
-55.075521473618394
0
VERTEX
8
L9
10
36.50097780646608
20
-55.06679228199037
0
VERTEX
8
L9
10
36.42516268750363
20
-55.06727962905609
0
VERTEX
8
L9
10
36.3499686418143
20
-55.07697629153962
0
VERTEX
8
L9
10
36.27651016742006
20
-55.09573854913628
0
VERTEX
8
L9
10
36.20587603835436
20
-55.12328831468119
0
VERTEX
8
L9
10
36.13911316726045
20
-55.15921725585329
0
VERTEX
8
L9
10
36.07721108844383
20
-55.20299284732424
0
VERTEX
8
L9
10
36.02108729136485
20
-55.25396626364968
0
VERTEX
8
L9
10
35.97157362195303
20
-55.31138199591731
0
VERTEX
8
L9
10
35.92940395329789
20
-55.37438904961741
0
VERTEX
8
L9
10
35.89520330845646
20
-55.442053557765185
0
VERTEX
8
L9
10
35.86947859659524
20
-55.51337262232795
0
VERTEX
8
L9
10
35.852611099772204
20
-55.58728917880466
0
VERTEX
8
L9
10
35.84485082171666
20
-55.66270766364062
0
VERTEX
8
L9
10
35.84631278236755
20
-55.7385102522607
0
VERTEX
8
L9
10
35.85697531309087
20
-55.813573427047174
0
SEQEND
0
POLYLINE
8
L9
66
1
70
1
0
VERTEX
8
L9
10
37.72455089820359
20
-56.69146706586827
0
VERTEX
8
L9
10
37.7147614337871
20
-56.69210870126523
0
VERTEX
8
L9
10
37.70513946982091
20
-56.69402262889658
0
VERTEX
8
L9
10
37.69584964077622
20
-56.697176100929916
0
VERTEX
8
L9
10
37.687050898203594
20
-56.701515160584435
0
VERTEX
8
L9
10
37.67889379102793
20
-56.70696556534642
0
VERTEX
8
L9
10
37.671517889614606
20
-56.71343405727927
0
VERTEX
8
L9
10
37.665049397681756
20
-56.72080995869261
0
VERTEX
8
L9
10
37.659598992919754
20
-56.72896706586826
0
VERTEX
8
L9
10
37.65525993326524
20
-56.737765808440884
0
VERTEX
8
L9
10
37.652106461231924
20
-56.74705563748557
0
VERTEX
8
L9
10
37.65019253360056
20
-56.75667760145176
0
VERTEX
8
L9
10
37.6495508982036
20
-56.76646706586826
0
VERTEX
8
L9
10
37.65019253360056
20
-56.77625653028477
0
VERTEX
8
L9
10
37.652106461231924
20
-56.78587849425095
0
VERTEX
8
L9
10
37.65525993326524
20
-56.79516832329565
0
VERTEX
8
L9
10
37.659598992919754
20
-56.803967065868264
0
VERTEX
8
L9
10
37.665049397681756
20
-56.81212417304392
0
VERTEX
8
L9
10
37.671517889614606
20
-56.81950007445725
0
VERTEX
8
L9
10
37.67889379102793
20
-56.82596856639011
0
VERTEX
8
L9
10
37.687050898203594
20
-56.8314189711521
0
VERTEX
8
L9
10
37.69584964077622
20
-56.83575803080661
0
VERTEX
8
L9
10
37.70513946982091
20
-56.83891150283994
0
VERTEX
8
L9
10
37.7147614337871
20
-56.8408254304713
0
VERTEX
8
L9
10
37.72455089820359
20
-56.841467065868265
0
VERTEX
8
L9
10
37.7343403626201
20
-56.8408254304713
0
VERTEX
8
L9
10
37.7439623265863
20
-56.83891150283994
0
VERTEX
8
L9
10
37.75325215563099
20
-56.83575803080661
0
VERTEX
8
L9
10
37.76205089820358
20
-56.8314189711521
0
VERTEX
8
L9
10
37.770208005379246
20
-56.82596856639011
0
VERTEX
8
L9
10
37.7775839067926
20
-56.81950007445725
0
VERTEX
8
L9
10
37.78405239872545
20
-56.81212417304392
0
VERTEX
8
L9
10
37.78950280348742
20
-56.803967065868264
0
VERTEX
8
L9
10
37.793841863141935
20
-56.79516832329565
0
VERTEX
8
L9
10
37.79699533517528
20
-56.78587849425095
0
VERTEX
8
L9
10
37.798909262806646
20
-56.77625653028477
0
VERTEX
8
L9
10
37.799550898203606
20
-56.76646706586826
0
VERTEX
8
L9
10
37.798909262806646
20
-56.75667760145176
0
VERTEX
8
L9
10
37.79699533517528
20
-56.74705563748557
0
VERTEX
8
L9
10
37.793841863141935
20
-56.737765808440884
0
VERTEX
8
L9
10
37.78950280348742
20
-56.72896706586826
0
VERTEX
8
L9
10
37.78405239872545
20
-56.72080995869261
0
VERTEX
8
L9
10
37.7775839067926
20
-56.71343405727927
0
VERTEX
8
L9
10
37.770208005379246
20
-56.70696556534642
0
VERTEX
8
L9
10
37.76205089820358
20
-56.701515160584435
0
VERTEX
8
L9
10
37.75325215563099
20
-56.697176100929916
0
VERTEX
8
L9
10
37.7439623265863
20
-56.69402262889658
0
VERTEX
8
L9
10
37.7343403626201
20
-56.69210870126523
0
VERTEX
8
L9
10
37.72455089820359
20
-56.69146706586827
0
SEQEND
0
POLYLINE
8
L9
66
1
70
1
0
VERTEX
8
L9
10
33.59281437125749
20
-55.61362275449102
0
VERTEX
8
L9
10
33.583024906840976
20
-55.614264389887985
0
VERTEX
8
L9
10
33.57340294287481
20
-55.61617831751934
0
VERTEX
8
L9
10
33.56411311383012
20
-55.619331789552675
0
VERTEX
8
L9
10
33.555314371257495
20
-55.62367084920719
0
VERTEX
8
L9
10
33.54715726408183
20
-55.629121253969174
0
VERTEX
8
L9
10
33.539781362668506
20
-55.63558974590203
0
VERTEX
8
L9
10
33.53331287073566
20
-55.642965647315364
0
VERTEX
8
L9
10
33.527862465973655
20
-55.65112275449102
0
VERTEX
8
L9
10
33.52352340631914
20
-55.659921497063635
0
VERTEX
8
L9
10
33.520369934285824
20
-55.66921132610833
0
VERTEX
8
L9
10
33.51845600665446
20
-55.678833290074515
0
VERTEX
8
L9
10
33.5178143712575
20
-55.68862275449102
0
VERTEX
8
L9
10
33.51845600665446
20
-55.69841221890752
0
VERTEX
8
L9
10
33.520369934285824
20
-55.70803418287371
0
VERTEX
8
L9
10
33.52352340631914
20
-55.7173240119184
0
VERTEX
8
L9
10
33.527862465973655
20
-55.726122754491016
0
VERTEX
8
L9
10
33.53331287073566
20
-55.73427986166667
0
VERTEX
8
L9
10
33.539781362668506
20
-55.74165576308001
0
VERTEX
8
L9
10
33.54715726408183
20
-55.74812425501286
0
VERTEX
8
L9
10
33.555314371257495
20
-55.75357465977485
0
VERTEX
8
L9
10
33.56411311383012
20
-55.75791371942937
0
VERTEX
8
L9
10
33.57340294287481
20
-55.7610671914627
0
VERTEX
8
L9
10
33.583024906840976
20
-55.76298111909406
0
VERTEX
8
L9
10
33.59281437125749
20
-55.76362275449102
0
VERTEX
8
L9
10
33.602603835674
20
-55.76298111909406
0
VERTEX
8
L9
10
33.61222579964017
20
-55.7610671914627
0
VERTEX
8
L9
10
33.62151562868486
20
-55.75791371942937
0
VERTEX
8
L9
10
33.630314371257484
20
-55.75357465977485
0
VERTEX
8
L9
10
33.638471478433146
20
-55.74812425501286
0
VERTEX
8
L9
10
33.64584737984647
20
-55.74165576308001
0
VERTEX
8
L9
10
33.65231587177932
20
-55.73427986166667
0
VERTEX
8
L9
10
33.657766276541324
20
-55.726122754491016
0
VERTEX
8
L9
10
33.662105336195836
20
-55.7173240119184
0
VERTEX
8
L9
10
33.66525880822918
20
-55.70803418287371
0
VERTEX
8
L9
10
33.66717273586052
20
-55.69841221890752
0
VERTEX
8
L9
10
33.667814371257506
20
-55.68862275449102
0
VERTEX
8
L9
10
33.66717273586052
20
-55.678833290074515
0
VERTEX
8
L9
10
33.66525880822918
20
-55.66921132610833
0
VERTEX
8
L9
10
33.662105336195836
20
-55.659921497063635
0
VERTEX
8
L9
10
33.657766276541324
20
-55.65112275449102
0
VERTEX
8
L9
10
33.65231587177932
20
-55.642965647315364
0
VERTEX
8
L9
10
33.64584737984647
20
-55.63558974590203
0
VERTEX
8
L9
10
33.638471478433146
20
-55.629121253969174
0
VERTEX
8
L9
10
33.630314371257484
20
-55.62367084920719
0
VERTEX
8
L9
10
33.62151562868486
20
-55.619331789552675
0
VERTEX
8
L9
10
33.61222579964017
20
-55.61617831751934
0
VERTEX
8
L9
10
33.602603835674
20
-55.614264389887985
0
VERTEX
8
L9
10
33.59281437125749
20
-55.61362275449102
0
SEQEND
0
POLYLINE
8
L9
66
1
70
1
0
VERTEX
8
L9
10
37.72455089820359
20
-55.73338323353293
0
VERTEX
8
L9
10
37.7147614337871
20
-55.7340248689299
0
VERTEX
8
L9
10
37.70513946982091
20
-55.73593879656126
0
VERTEX
8
L9
10
37.69584964077622
20
-55.73909226859459
0
VERTEX
8
L9
10
37.687050898203594
20
-55.7434313282491
0
VERTEX
8
L9
10
37.67889379102793
20
-55.74888173301109
0
VERTEX
8
L9
10
37.671517889614606
20
-55.755350224943946
0
VERTEX
8
L9
10
37.665049397681756
20
-55.76272612635728
0
VERTEX
8
L9
10
37.659598992919754
20
-55.770883233532935
0
VERTEX
8
L9
10
37.65525993326524
20
-55.77968197610555
0
VERTEX
8
L9
10
37.652106461231924
20
-55.78897180515025
0
VERTEX
8
L9
10
37.65019253360056
20
-55.79859376911643
0
VERTEX
8
L9
10
37.6495508982036
20
-55.808383233532936
0
VERTEX
8
L9
10
37.65019253360056
20
-55.818172697949436
0
VERTEX
8
L9
10
37.652106461231924
20
-55.827794661915625
0
VERTEX
8
L9
10
37.65525993326524
20
-55.837084490960315
0
VERTEX
8
L9
10
37.659598992919754
20
-55.84588323353294
0
VERTEX
8
L9
10
37.665049397681756
20
-55.854040340708586
0
VERTEX
8
L9
10
37.671517889614606
20
-55.861416242121926
0
VERTEX
8
L9
10
37.67889379102793
20
-55.867884734054776
0
VERTEX
8
L9
10
37.687050898203594
20
-55.87333513881677
0
VERTEX
8
L9
10
37.69584964077622
20
-55.87767419847128
0
VERTEX
8
L9
10
37.70513946982091
20
-55.880827670504615
0
VERTEX
8
L9
10
37.7147614337871
20
-55.88274159813597
0
VERTEX
8
L9
10
37.72455089820359
20
-55.88338323353293
0
VERTEX
8
L9
10
37.7343403626201
20
-55.88274159813597
0
VERTEX
8
L9
10
37.7439623265863
20
-55.880827670504615
0
VERTEX
8
L9
10
37.75325215563099
20
-55.87767419847128
0
VERTEX
8
L9
10
37.76205089820358
20
-55.87333513881677
0
VERTEX
8
L9
10
37.770208005379246
20
-55.867884734054776
0
VERTEX
8
L9
10
37.7775839067926
20
-55.861416242121926
0
VERTEX
8
L9
10
37.78405239872545
20
-55.854040340708586
0
VERTEX
8
L9
10
37.78950280348742
20
-55.84588323353294
0
VERTEX
8
L9
10
37.793841863141935
20
-55.837084490960315
0
VERTEX
8
L9
10
37.79699533517528
20
-55.827794661915625
0
VERTEX
8
L9
10
37.798909262806646
20
-55.818172697949436
0
VERTEX
8
L9
10
37.799550898203606
20
-55.808383233532936
0
VERTEX
8
L9
10
37.798909262806646
20
-55.79859376911643
0
VERTEX
8
L9
10
37.79699533517528
20
-55.78897180515025
0
VERTEX
8
L9
10
37.793841863141935
20
-55.77968197610555
0
VERTEX
8
L9
10
37.78950280348742
20
-55.770883233532935
0
VERTEX
8
L9
10
37.78405239872545
20
-55.76272612635728
0
VERTEX
8
L9
10
37.7775839067926
20
-55.755350224943946
0
VERTEX
8
L9
10
37.770208005379246
20
-55.74888173301109
0
VERTEX
8
L9
10
37.76205089820358
20
-55.7434313282491
0
VERTEX
8
L9
10
37.75325215563099
20
-55.73909226859459
0
VERTEX
8
L9
10
37.7439623265863
20
-55.73593879656126
0
VERTEX
8
L9
10
37.7343403626201
20
-55.7340248689299
0
VERTEX
8
L9
10
37.72455089820359
20
-55.73338323353293
0
SEQEND
0
POLYLINE
8
L9
66
1
70
1
0
VERTEX
8
L9
10
34.05984723069001
20
-55.783608813748685
0
VERTEX
8
L9
10
34.0500577662735
20
-55.78425044914565
0
VERTEX
8
L9
10
34.04043580230733
20
-55.78616437677701
0
VERTEX
8
L9
10
34.03114597326264
20
-55.78931784881034
0
VERTEX
8
L9
10
34.022347230690016
20
-55.793656908464854
0
VERTEX
8
L9
10
34.014190123514354
20
-55.79910731322684
0
VERTEX
8
L9
10
34.00681422210103
20
-55.8055758051597
0
VERTEX
8
L9
10
34.00034573016818
20
-55.81295170657303
0
VERTEX
8
L9
10
33.994895325406176
20
-55.82110881374869
0
VERTEX
8
L9
10
33.990556265751664
20
-55.8299075563213
0
VERTEX
8
L9
10
33.98740279371832
20
-55.839197385366
0
VERTEX
8
L9
10
33.98548886608698
20
-55.84881934933218
0
VERTEX
8
L9
10
33.98484723069002
20
-55.85860881374869
0
VERTEX
8
L9
10
33.98548886608698
20
-55.86839827816519
0
VERTEX
8
L9
10
33.98740279371832
20
-55.87802024213138
0
VERTEX
8
L9
10
33.990556265751664
20
-55.88731007117607
0
VERTEX
8
L9
10
33.994895325406176
20
-55.89610881374869
0
VERTEX
8
L9
10
34.00034573016818
20
-55.90426592092434
0
VERTEX
8
L9
10
34.00681422210103
20
-55.91164182233768
0
VERTEX
8
L9
10
34.014190123514354
20
-55.91811031427053
0
VERTEX
8
L9
10
34.022347230690016
20
-55.92356071903252
0
VERTEX
8
L9
10
34.03114597326264
20
-55.927899778687035
0
VERTEX
8
L9
10
34.04043580230733
20
-55.93105325072037
0
VERTEX
8
L9
10
34.0500577662735
20
-55.932967178351724
0
VERTEX
8
L9
10
34.05984723069001
20
-55.933608813748684
0
VERTEX
8
L9
10
34.069636695106524
20
-55.932967178351724
0
VERTEX
8
L9
10
34.07925865907269
20
-55.93105325072037
0
VERTEX
8
L9
10
34.08854848811738
20
-55.927899778687035
0
VERTEX
8
L9
10
34.097347230690005
20
-55.92356071903252
0
VERTEX
8
L9
10
34.10550433786567
20
-55.91811031427053
0
VERTEX
8
L9
10
34.112880239278994
20
-55.91164182233768
0
VERTEX
8
L9
10
34.11934873121184
20
-55.90426592092434
0
VERTEX
8
L9
10
34.124799135973845
20
-55.89610881374869
0
VERTEX
8
L9
10
34.12913819562836
20
-55.88731007117607
0
VERTEX
8
L9
10
34.132291667661676
20
-55.87802024213138
0
VERTEX
8
L9
10
34.13420559529304
20
-55.86839827816519
0
VERTEX
8
L9
10
34.13484723069
20
-55.85860881374869
0
VERTEX
8
L9
10
34.13420559529304
20
-55.84881934933218
0
VERTEX
8
L9
10
34.132291667661676
20
-55.839197385366
0
VERTEX
8
L9
10
34.12913819562836
20
-55.8299075563213
0
VERTEX
8
L9
10
34.124799135973845
20
-55.82110881374869
0
VERTEX
8
L9
10
34.11934873121184
20
-55.81295170657303
0
VERTEX
8
L9
10
34.112880239278994
20
-55.8055758051597
0
VERTEX
8
L9
10
34.10550433786567
20
-55.79910731322684
0
VERTEX
8
L9
10
34.097347230690005
20
-55.793656908464854
0
VERTEX
8
L9
10
34.08854848811738
20
-55.78931784881034
0
VERTEX
8
L9
10
34.07925865907269
20
-55.78616437677701
0
VERTEX
8
L9
10
34.069636695106524
20
-55.78425044914565
0
VERTEX
8
L9
10
34.05984723069001
20
-55.783608813748685
0
SEQEND
0
POLYLINE
8
L9
66
1
70
1
0
VERTEX
8
L9
10
37.72455089820359
20
-54.77529940119761
0
VERTEX
8
L9
10
37.7147614337871
20
-54.775941036594574
0
VERTEX
8
L9
10
37.70513946982091
20
-54.777854964225924
0
VERTEX
8
L9
10
37.69584964077622
20
-54.78100843625926
0
VERTEX
8
L9
10
37.687050898203594
20
-54.785347495913776
0
VERTEX
8
L9
10
37.67889379102793
20
-54.79079790067576
0
VERTEX
8
L9
10
37.671517889614606
20
-54.79726639260861
0
VERTEX
8
L9
10
37.665049397681756
20
-54.80464229402195
0
VERTEX
8
L9
10
37.659598992919754
20
-54.81279940119761
0
VERTEX
8
L9
10
37.65525993326524
20
-54.821598143770224
0
VERTEX
8
L9
10
37.652106461231924
20
-54.83088797281492
0
VERTEX
8
L9
10
37.65019253360056
20
-54.8405099367811
0
VERTEX
8
L9
10
37.6495508982036
20
-54.8502994011976
0
VERTEX
8
L9
10
37.65019253360056
20
-54.86008886561411
0
VERTEX
8
L9
10
37.652106461231924
20
-54.86971082958029
0
VERTEX
8
L9
10
37.65525993326524
20
-54.87900065862499
0
VERTEX
8
L9
10
37.659598992919754
20
-54.887799401197604
0
VERTEX
8
L9
10
37.665049397681756
20
-54.89595650837326
0
VERTEX
8
L9
10
37.671517889614606
20
-54.9033324097866
0
VERTEX
8
L9
10
37.67889379102793
20
-54.90980090171945
0
VERTEX
8
L9
10
37.687050898203594
20
-54.91525130648144
0
VERTEX
8
L9
10
37.69584964077622
20
-54.91959036613595
0
VERTEX
8
L9
10
37.70513946982091
20
-54.92274383816929
0
VERTEX
8
L9
10
37.7147614337871
20
-54.92465776580064
0
VERTEX
8
L9
10
37.72455089820359
20
-54.925299401197606
0
VERTEX
8
L9
10
37.7343403626201
20
-54.92465776580064
0
VERTEX
8
L9
10
37.7439623265863
20
-54.92274383816929
0
VERTEX
8
L9
10
37.75325215563099
20
-54.91959036613595
0
VERTEX
8
L9
10
37.76205089820358
20
-54.91525130648144
0
VERTEX
8
L9
10
37.770208005379246
20
-54.90980090171945
0
VERTEX
8
L9
10
37.7775839067926
20
-54.9033324097866
0
VERTEX
8
L9
10
37.78405239872545
20
-54.89595650837326
0
VERTEX
8
L9
10
37.78950280348742
20
-54.887799401197604
0
VERTEX
8
L9
10
37.793841863141935
20
-54.87900065862499
0
VERTEX
8
L9
10
37.79699533517528
20
-54.86971082958029
0
VERTEX
8
L9
10
37.798909262806646
20
-54.86008886561411
0
VERTEX
8
L9
10
37.799550898203606
20
-54.8502994011976
0
VERTEX
8
L9
10
37.798909262806646
20
-54.8405099367811
0
VERTEX
8
L9
10
37.79699533517528
20
-54.83088797281492
0
VERTEX
8
L9
10
37.793841863141935
20
-54.821598143770224
0
VERTEX
8
L9
10
37.78950280348742
20
-54.81279940119761
0
VERTEX
8
L9
10
37.78405239872545
20
-54.80464229402195
0
VERTEX
8
L9
10
37.7775839067926
20
-54.79726639260861
0
VERTEX
8
L9
10
37.770208005379246
20
-54.79079790067576
0
VERTEX
8
L9
10
37.76205089820358
20
-54.785347495913776
0
VERTEX
8
L9
10
37.75325215563099
20
-54.78100843625926
0
VERTEX
8
L9
10
37.7439623265863
20
-54.777854964225924
0
VERTEX
8
L9
10
37.7343403626201
20
-54.775941036594574
0
VERTEX
8
L9
10
37.72455089820359
20
-54.77529940119761
0
SEQEND
0
POLYLINE
8
L9
66
1
70
1
0
VERTEX
8
L9
10
36.467065868263475
20
-55.61362275449102
0
VERTEX
8
L9
10
36.45727640384696
20
-55.614264389887985
0
VERTEX
8
L9
10
36.44765443988079
20
-55.61617831751934
0
VERTEX
8
L9
10
36.4383646108361
20
-55.619331789552675
0
VERTEX
8
L9
10
36.42956586826348
20
-55.62367084920719
0
VERTEX
8
L9
10
36.42140876108782
20
-55.629121253969174
0
VERTEX
8
L9
10
36.41403285967449
20
-55.63558974590203
0
VERTEX
8
L9
10
36.40756436774164
20
-55.642965647315364
0
VERTEX
8
L9
10
36.40211396297964
20
-55.65112275449102
0
VERTEX
8
L9
10
36.39777490332513
20
-55.659921497063635
0
VERTEX
8
L9
10
36.39462143129181
20
-55.66921132610833
0
VERTEX
8
L9
10
36.392707503660446
20
-55.678833290074515
0
VERTEX
8
L9
10
36.39206586826349
20
-55.68862275449102
0
VERTEX
8
L9
10
36.392707503660446
20
-55.69841221890752
0
VERTEX
8
L9
10
36.39462143129181
20
-55.70803418287371
0
VERTEX
8
L9
10
36.39777490332513
20
-55.7173240119184
0
VERTEX
8
L9
10
36.40211396297964
20
-55.726122754491016
0
VERTEX
8
L9
10
36.40756436774164
20
-55.73427986166667
0
VERTEX
8
L9
10
36.41403285967449
20
-55.74165576308001
0
VERTEX
8
L9
10
36.42140876108782
20
-55.74812425501286
0
VERTEX
8
L9
10
36.42956586826348
20
-55.75357465977485
0
VERTEX
8
L9
10
36.4383646108361
20
-55.75791371942937
0
VERTEX
8
L9
10
36.44765443988079
20
-55.7610671914627
0
VERTEX
8
L9
10
36.45727640384696
20
-55.76298111909406
0
VERTEX
8
L9
10
36.467065868263475
20
-55.76362275449102
0
VERTEX
8
L9
10
36.47685533267999
20
-55.76298111909406
0
VERTEX
8
L9
10
36.48647729664616
20
-55.7610671914627
0
VERTEX
8
L9
10
36.49576712569085
20
-55.75791371942937
0
VERTEX
8
L9
10
36.50456586826347
20
-55.75357465977485
0
VERTEX
8
L9
10
36.51272297543913
20
-55.74812425501286
0
VERTEX
8
L9
10
36.52009887685246
20
-55.74165576308001
0
VERTEX
8
L9
10
36.52656736878531
20
-55.73427986166667
0
VERTEX
8
L9
10
36.53201777354731
20
-55.726122754491016
0
VERTEX
8
L9
10
36.53635683320182
20
-55.7173240119184
0
VERTEX
8
L9
10
36.53951030523517
20
-55.70803418287371
0
VERTEX
8
L9
10
36.541424232866504
20
-55.69841221890752
0
VERTEX
8
L9
10
36.54206586826349
20
-55.68862275449102
0
VERTEX
8
L9
10
36.541424232866504
20
-55.678833290074515
0
VERTEX
8
L9
10
36.53951030523517
20
-55.66921132610833
0
VERTEX
8
L9
10
36.53635683320182
20
-55.659921497063635
0
VERTEX
8
L9
10
36.53201777354731
20
-55.65112275449102
0
VERTEX
8
L9
10
36.52656736878531
20
-55.642965647315364
0
VERTEX
8
L9
10
36.52009887685246
20
-55.63558974590203
0
VERTEX
8
L9
10
36.51272297543913
20
-55.629121253969174
0
VERTEX
8
L9
10
36.50456586826347
20
-55.62367084920719
0
VERTEX
8
L9
10
36.49576712569085
20
-55.619331789552675
0
VERTEX
8
L9
10
36.48647729664616
20
-55.61617831751934
0
VERTEX
8
L9
10
36.47685533267999
20
-55.614264389887985
0
VERTEX
8
L9
10
36.467065868263475
20
-55.61362275449102
0
SEQEND
0
POLYLINE
8
L9
66
1
70
1
0
VERTEX
8
L9
10
37.72455089820359
20
-53.81721556886228
0
VERTEX
8
L9
10
37.7147614337871
20
-53.81785720425924
0
VERTEX
8
L9
10
37.70513946982091
20
-53.8197711318906
0
VERTEX
8
L9
10
37.69584964077622
20
-53.82292460392393
0
VERTEX
8
L9
10
37.687050898203594
20
-53.82726366357844
0
VERTEX
8
L9
10
37.67889379102793
20
-53.83271406834044
0
VERTEX
8
L9
10
37.671517889614606
20
-53.83918256027329
0
VERTEX
8
L9
10
37.665049397681756
20
-53.84655846168663
0
VERTEX
8
L9
10
37.659598992919754
20
-53.854715568862275
0
VERTEX
8
L9
10
37.65525993326524
20
-53.8635143114349
0
VERTEX
8
L9
10
37.652106461231924
20
-53.87280414047959
0
VERTEX
8
L9
10
37.65019253360056
20
-53.88242610444578
0
VERTEX
8
L9
10
37.6495508982036
20
-53.89221556886228
0
VERTEX
8
L9
10
37.65019253360056
20
-53.90200503327878
0
VERTEX
8
L9
10
37.652106461231924
20
-53.911626997244966
0
VERTEX
8
L9
10
37.65525993326524
20
-53.92091682628966
0
VERTEX
8
L9
10
37.659598992919754
20
-53.92971556886228
0
VERTEX
8
L9
10
37.665049397681756
20
-53.937872676037934
0
VERTEX
8
L9
10
37.671517889614606
20
-53.94524857745127
0
VERTEX
8
L9
10
37.67889379102793
20
-53.95171706938412
0
VERTEX
8
L9
10
37.687050898203594
20
-53.95716747414611
0
VERTEX
8
L9
10
37.69584964077622
20
-53.96150653380062
0
VERTEX
8
L9
10
37.70513946982091
20
-53.964660005833956
0
VERTEX
8
L9
10
37.7147614337871
20
-53.96657393346531
0
VERTEX
8
L9
10
37.72455089820359
20
-53.96721556886228
0
VERTEX
8
L9
10
37.7343403626201
20
-53.96657393346531
0
VERTEX
8
L9
10
37.7439623265863
20
-53.964660005833956
0
VERTEX
8
L9
10
37.75325215563099
20
-53.96150653380062
0
VERTEX
8
L9
10
37.76205089820358
20
-53.95716747414611
0
VERTEX
8
L9
10
37.770208005379246
20
-53.95171706938412
0
VERTEX
8
L9
10
37.7775839067926
20
-53.94524857745127
0
VERTEX
8
L9
10
37.78405239872545
20
-53.937872676037934
0
VERTEX
8
L9
10
37.78950280348742
20
-53.92971556886228
0
VERTEX
8
L9
10
37.793841863141935
20
-53.92091682628966
0
VERTEX
8
L9
10
37.79699533517528
20
-53.911626997244966
0
VERTEX
8
L9
10
37.798909262806646
20
-53.90200503327878
0
VERTEX
8
L9
10
37.799550898203606
20
-53.89221556886228
0
VERTEX
8
L9
10
37.798909262806646
20
-53.88242610444578
0
VERTEX
8
L9
10
37.79699533517528
20
-53.87280414047959
0
VERTEX
8
L9
10
37.793841863141935
20
-53.8635143114349
0
VERTEX
8
L9
10
37.78950280348742
20
-53.854715568862275
0
VERTEX
8
L9
10
37.78405239872545
20
-53.84655846168663
0
VERTEX
8
L9
10
37.7775839067926
20
-53.83918256027329
0
VERTEX
8
L9
10
37.770208005379246
20
-53.83271406834044
0
VERTEX
8
L9
10
37.76205089820358
20
-53.82726366357844
0
VERTEX
8
L9
10
37.75325215563099
20
-53.82292460392393
0
VERTEX
8
L9
10
37.7439623265863
20
-53.8197711318906
0
VERTEX
8
L9
10
37.7343403626201
20
-53.81785720425924
0
VERTEX
8
L9
10
37.72455089820359
20
-53.81721556886228
0
SEQEND
0
POLYLINE
8
L9
66
1
70
1
0
VERTEX
8
L9
10
37.72455089820359
20
-53.338173652694614
0
VERTEX
8
L9
10
37.7147614337871
20
-53.338815288091574
0
VERTEX
8
L9
10
37.70513946982091
20
-53.34072921572293
0
VERTEX
8
L9
10
37.69584964077622
20
-53.34388268775626
0
VERTEX
8
L9
10
37.687050898203594
20
-53.34822174741078
0
VERTEX
8
L9
10
37.67889379102793
20
-53.35367215217277
0
VERTEX
8
L9
10
37.671517889614606
20
-53.36014064410562
0
VERTEX
8
L9
10
37.665049397681756
20
-53.36751654551896
0
VERTEX
8
L9
10
37.659598992919754
20
-53.375673652694616
0
VERTEX
8
L9
10
37.65525993326524
20
-53.38447239526723
0
VERTEX
8
L9
10
37.652106461231924
20
-53.39376222431192
0
VERTEX
8
L9
10
37.65019253360056
20
-53.40338418827811
0
VERTEX
8
L9
10
37.6495508982036
20
-53.41317365269461
0
VERTEX
8
L9
10
37.65019253360056
20
-53.42296311711112
0
VERTEX
8
L9
10
37.652106461231924
20
-53.4325850810773
0
VERTEX
8
L9
10
37.65525993326524
20
-53.441874910121996
0
VERTEX
8
L9
10
37.659598992919754
20
-53.45067365269461
0
VERTEX
8
L9
10
37.665049397681756
20
-53.45883075987027
0
VERTEX
8
L9
10
37.671517889614606
20
-53.46620666128361
0
VERTEX
8
L9
10
37.67889379102793
20
-53.47267515321646
0
VERTEX
8
L9
10
37.687050898203594
20
-53.478125557978444
0
VERTEX
8
L9
10
37.69584964077622
20
-53.48246461763296
0
VERTEX
8
L9
10
37.70513946982091
20
-53.485618089666296
0
VERTEX
8
L9
10
37.7147614337871
20
-53.487532017297646
0
VERTEX
8
L9
10
37.72455089820359
20
-53.48817365269461
0
VERTEX
8
L9
10
37.7343403626201
20
-53.487532017297646
0
VERTEX
8
L9
10
37.7439623265863
20
-53.485618089666296
0
VERTEX
8
L9
10
37.75325215563099
20
-53.48246461763296
0
VERTEX
8
L9
10
37.76205089820358
20
-53.478125557978444
0
VERTEX
8
L9
10
37.770208005379246
20
-53.47267515321646
0
VERTEX
8
L9
10
37.7775839067926
20
-53.46620666128361
0
VERTEX
8
L9
10
37.78405239872545
20
-53.45883075987027
0
VERTEX
8
L9
10
37.78950280348742
20
-53.45067365269461
0
VERTEX
8
L9
10
37.793841863141935
20
-53.441874910121996
0
VERTEX
8
L9
10
37.79699533517528
20
-53.4325850810773
0
VERTEX
8
L9
10
37.798909262806646
20
-53.42296311711112
0
VERTEX
8
L9
10
37.799550898203606
20
-53.41317365269461
0
VERTEX
8
L9
10
37.798909262806646
20
-53.40338418827811
0
VERTEX
8
L9
10
37.79699533517528
20
-53.39376222431192
0
VERTEX
8
L9
10
37.793841863141935
20
-53.38447239526723
0
VERTEX
8
L9
10
37.78950280348742
20
-53.375673652694616
0
VERTEX
8
L9
10
37.78405239872545
20
-53.36751654551896
0
VERTEX
8
L9
10
37.7775839067926
20
-53.36014064410562
0
VERTEX
8
L9
10
37.770208005379246
20
-53.35367215217277
0
VERTEX
8
L9
10
37.76205089820358
20
-53.34822174741078
0
VERTEX
8
L9
10
37.75325215563099
20
-53.34388268775626
0
VERTEX
8
L9
10
37.7439623265863
20
-53.34072921572293
0
VERTEX
8
L9
10
37.7343403626201
20
-53.338815288091574
0
VERTEX
8
L9
10
37.72455089820359
20
-53.338173652694614
0
SEQEND
0
POLYLINE
8
L9
66
1
70
1
0
VERTEX
8
L9
10
41.85628742514969
20
-55.61362275449102
0
VERTEX
8
L9
10
41.8464979607332
20
-55.614264389887985
0
VERTEX
8
L9
10
41.836875996767006
20
-55.61617831751934
0
VERTEX
8
L9
10
41.827586167722316
20
-55.619331789552675
0
VERTEX
8
L9
10
41.818787425149694
20
-55.62367084920719
0
VERTEX
8
L9
10
41.81063031797406
20
-55.629121253969174
0
VERTEX
8
L9
10
41.803254416560705
20
-55.63558974590203
0
VERTEX
8
L9
10
41.796785924627855
20
-55.642965647315364
0
VERTEX
8
L9
10
41.791335519865854
20
-55.65112275449102
0
VERTEX
8
L9
10
41.78699646021134
20
-55.659921497063635
0
VERTEX
8
L9
10
41.78384298817802
20
-55.66921132610833
0
VERTEX
8
L9
10
41.78192906054666
20
-55.678833290074515
0
VERTEX
8
L9
10
41.7812874251497
20
-55.68862275449102
0
VERTEX
8
L9
10
41.78192906054666
20
-55.69841221890752
0
VERTEX
8
L9
10
41.78384298817802
20
-55.70803418287371
0
VERTEX
8
L9
10
41.78699646021134
20
-55.7173240119184
0
VERTEX
8
L9
10
41.791335519865854
20
-55.726122754491016
0
VERTEX
8
L9
10
41.796785924627855
20
-55.73427986166667
0
VERTEX
8
L9
10
41.803254416560705
20
-55.74165576308001
0
VERTEX
8
L9
10
41.81063031797406
20
-55.74812425501286
0
VERTEX
8
L9
10
41.818787425149694
20
-55.75357465977485
0
VERTEX
8
L9
10
41.827586167722316
20
-55.75791371942937
0
VERTEX
8
L9
10
41.836875996767006
20
-55.7610671914627
0
VERTEX
8
L9
10
41.8464979607332
20
-55.76298111909406
0
VERTEX
8
L9
10
41.85628742514969
20
-55.76362275449102
0
VERTEX
8
L9
10
41.8660768895662
20
-55.76298111909406
0
VERTEX
8
L9
10
41.8756988535324
20
-55.7610671914627
0
VERTEX
8
L9
10
41.88498868257709
20
-55.75791371942937
0
VERTEX
8
L9
10
41.89378742514971
20
-55.75357465977485
0
VERTEX
8
L9
10
41.901944532325345
20
-55.74812425501286
0
VERTEX
8
L9
10
41.9093204337387
20
-55.74165576308001
0
VERTEX
8
L9
10
41.91578892567155
20
-55.73427986166667
0
VERTEX
8
L9
10
41.92123933043352
20
-55.726122754491016
0
VERTEX
8
L9
10
41.925578390088035
20
-55.7173240119184
0
VERTEX
8
L9
10
41.92873186212138
20
-55.70803418287371
0
VERTEX
8
L9
10
41.930645789752745
20
-55.69841221890752
0
VERTEX
8
L9
10
41.931287425149705
20
-55.68862275449102
0
VERTEX
8
L9
10
41.930645789752745
20
-55.678833290074515
0
VERTEX
8
L9
10
41.92873186212138
20
-55.66921132610833
0
VERTEX
8
L9
10
41.925578390088035
20
-55.659921497063635
0
VERTEX
8
L9
10
41.92123933043352
20
-55.65112275449102
0
VERTEX
8
L9
10
41.91578892567155
20
-55.642965647315364
0
VERTEX
8
L9
10
41.9093204337387
20
-55.63558974590203
0
VERTEX
8
L9
10
41.901944532325345
20
-55.629121253969174
0
VERTEX
8
L9
10
41.89378742514971
20
-55.62367084920719
0
VERTEX
8
L9
10
41.88498868257709
20
-55.619331789552675
0
VERTEX
8
L9
10
41.8756988535324
20
-55.61617831751934
0
VERTEX
8
L9
10
41.8660768895662
20
-55.614264389887985
0
VERTEX
8
L9
10
41.85628742514969
20
-55.61362275449102
0
SEQEND
0
POLYLINE
8
L9
66
1
70
1
0
VERTEX
8
L9
10
37.72455089820359
20
-54.29625748502994
0
VERTEX
8
L9
10
37.7147614337871
20
-54.29689912042691
0
VERTEX
8
L9
10
37.70513946982091
20
-54.298813048058264
0
VERTEX
8
L9
10
37.69584964077622
20
-54.3019665200916
0
VERTEX
8
L9
10
37.687050898203594
20
-54.30630557974611
0
VERTEX
8
L9
10
37.67889379102793
20
-54.311755984508096
0
VERTEX
8
L9
10
37.671517889614606
20
-54.31822447644095
0
VERTEX
8
L9
10
37.665049397681756
20
-54.325600377854286
0
VERTEX
8
L9
10
37.659598992919754
20
-54.33375748502994
0
VERTEX
8
L9
10
37.65525993326524
20
-54.34255622760256
0
VERTEX
8
L9
10
37.652106461231924
20
-54.351846056647254
0
VERTEX
8
L9
10
37.65019253360056
20
-54.36146802061344
0
VERTEX
8
L9
10
37.6495508982036
20
-54.37125748502994
0
VERTEX
8
L9
10
37.65019253360056
20
-54.38104694944644
0
VERTEX
8
L9
10
37.652106461231924
20
-54.39066891341263
0
VERTEX
8
L9
10
37.65525993326524
20
-54.39995874245732
0
VERTEX
8
L9
10
37.659598992919754
20
-54.408757485029945
0
VERTEX
8
L9
10
37.665049397681756
20
-54.41691459220559
0
VERTEX
8
L9
10
37.671517889614606
20
-54.42429049361893
0
VERTEX
8
L9
10
37.67889379102793
20
-54.43075898555178
0
VERTEX
8
L9
10
37.687050898203594
20
-54.43620939031378
0
VERTEX
8
L9
10
37.69584964077622
20
-54.44054844996829
0
VERTEX
8
L9
10
37.70513946982091
20
-54.44370192200162
0
VERTEX
8
L9
10
37.7147614337871
20
-54.44561584963298
0
VERTEX
8
L9
10
37.72455089820359
20
-54.44625748502994
0
VERTEX
8
L9
10
37.7343403626201
20
-54.44561584963298
0
VERTEX
8
L9
10
37.7439623265863
20
-54.44370192200162
0
VERTEX
8
L9
10
37.75325215563099
20
-54.44054844996829
0
VERTEX
8
L9
10
37.76205089820358
20
-54.43620939031378
0
VERTEX
8
L9
10
37.770208005379246
20
-54.43075898555178
0
VERTEX
8
L9
10
37.7775839067926
20
-54.42429049361893
0
VERTEX
8
L9
10
37.78405239872545
20
-54.41691459220559
0
VERTEX
8
L9
10
37.78950280348742
20
-54.408757485029945
0
VERTEX
8
L9
10
37.793841863141935
20
-54.39995874245732
0
VERTEX
8
L9
10
37.79699533517528
20
-54.39066891341263
0
VERTEX
8
L9
10
37.798909262806646
20
-54.38104694944644
0
VERTEX
8
L9
10
37.799550898203606
20
-54.37125748502994
0
VERTEX
8
L9
10
37.798909262806646
20
-54.36146802061344
0
VERTEX
8
L9
10
37.79699533517528
20
-54.351846056647254
0
VERTEX
8
L9
10
37.793841863141935
20
-54.34255622760256
0
VERTEX
8
L9
10
37.78950280348742
20
-54.33375748502994
0
VERTEX
8
L9
10
37.78405239872545
20
-54.325600377854286
0
VERTEX
8
L9
10
37.7775839067926
20
-54.31822447644095
0
VERTEX
8
L9
10
37.770208005379246
20
-54.311755984508096
0
VERTEX
8
L9
10
37.76205089820358
20
-54.30630557974611
0
VERTEX
8
L9
10
37.75325215563099
20
-54.3019665200916
0
VERTEX
8
L9
10
37.7439623265863
20
-54.298813048058264
0
VERTEX
8
L9
10
37.7343403626201
20
-54.29689912042691
0
VERTEX
8
L9
10
37.72455089820359
20
-54.29625748502994
0
SEQEND
0
POLYLINE
8
L9
66
1
70
1
0
VERTEX
8
L9
10
41.389254565717195
20
-55.783608813748685
0
VERTEX
8
L9
10
41.37946510130068
20
-55.78425044914565
0
VERTEX
8
L9
10
41.369843137334485
20
-55.78616437677701
0
VERTEX
8
L9
10
41.360553308289795
20
-55.78931784881034
0
VERTEX
8
L9
10
41.35175456571717
20
-55.793656908464854
0
VERTEX
8
L9
10
41.34359745854154
20
-55.79910731322684
0
VERTEX
8
L9
10
41.336221557128184
20
-55.8055758051597
0
VERTEX
8
L9
10
41.329753065195334
20
-55.81295170657303
0
VERTEX
8
L9
10
41.32430266043336
20
-55.82110881374869
0
VERTEX
8
L9
10
41.31996360077885
20
-55.8299075563213
0
VERTEX
8
L9
10
41.3168101287455
20
-55.839197385366
0
VERTEX
8
L9
10
41.31489620111414
20
-55.84881934933218
0
VERTEX
8
L9
10
41.31425456571718
20
-55.85860881374869
0
VERTEX
8
L9
10
41.31489620111414
20
-55.86839827816519
0
VERTEX
8
L9
10
41.3168101287455
20
-55.87802024213138
0
VERTEX
8
L9
10
41.31996360077885
20
-55.88731007117607
0
VERTEX
8
L9
10
41.32430266043336
20
-55.89610881374869
0
VERTEX
8
L9
10
41.329753065195334
20
-55.90426592092434
0
VERTEX
8
L9
10
41.336221557128184
20
-55.91164182233768
0
VERTEX
8
L9
10
41.34359745854154
20
-55.91811031427053
0
VERTEX
8
L9
10
41.35175456571717
20
-55.92356071903252
0
VERTEX
8
L9
10
41.360553308289795
20
-55.927899778687035
0
VERTEX
8
L9
10
41.369843137334485
20
-55.93105325072037
0
VERTEX
8
L9
10
41.37946510130068
20
-55.932967178351724
0
VERTEX
8
L9
10
41.389254565717195
20
-55.933608813748684
0
VERTEX
8
L9
10
41.39904403013368
20
-55.932967178351724
0
VERTEX
8
L9
10
41.40866599409988
20
-55.93105325072037
0
VERTEX
8
L9
10
41.41795582314457
20
-55.927899778687035
0
VERTEX
8
L9
10
41.42675456571719
20
-55.92356071903252
0
VERTEX
8
L9
10
41.43491167289285
20
-55.91811031427053
0
VERTEX
8
L9
10
41.44228757430618
20
-55.91164182233768
0
VERTEX
8
L9
10
41.44875606623903
20
-55.90426592092434
0
VERTEX
8
L9
10
41.45420647100103
20
-55.89610881374869
0
VERTEX
8
L9
10
41.45854553065554
20
-55.88731007117607
0
VERTEX
8
L9
10
41.46169900268886
20
-55.87802024213138
0
VERTEX
8
L9
10
41.463612930320224
20
-55.86839827816519
0
VERTEX
8
L9
10
41.464254565717184
20
-55.85860881374869
0
VERTEX
8
L9
10
41.463612930320224
20
-55.84881934933218
0
VERTEX
8
L9
10
41.46169900268886
20
-55.839197385366
0
VERTEX
8
L9
10
41.45854553065554
20
-55.8299075563213
0
VERTEX
8
L9
10
41.45420647100103
20
-55.82110881374869
0
VERTEX
8
L9
10
41.44875606623903
20
-55.81295170657303
0
VERTEX
8
L9
10
41.44228757430618
20
-55.8055758051597
0
VERTEX
8
L9
10
41.43491167289285
20
-55.79910731322684
0
VERTEX
8
L9
10
41.42675456571719
20
-55.793656908464854
0
VERTEX
8
L9
10
41.41795582314457
20
-55.78931784881034
0
VERTEX
8
L9
10
41.40866599409988
20
-55.78616437677701
0
VERTEX
8
L9
10
41.39904403013368
20
-55.78425044914565
0
VERTEX
8
L9
10
41.389254565717195
20
-55.783608813748685
0
SEQEND
0
POLYLINE
8
L9
66
1
70
1
0
VERTEX
8
L9
10
37.72455089820359
20
-55.254341317365274
0
VERTEX
8
L9
10
37.7147614337871
20
-55.254982952762234
0
VERTEX
8
L9
10
37.70513946982091
20
-55.25689688039359
0
VERTEX
8
L9
10
37.69584964077622
20
-55.26005035242692
0
VERTEX
8
L9
10
37.687050898203594
20
-55.264389412081435
0
VERTEX
8
L9
10
37.67889379102793
20
-55.26983981684343
0
VERTEX
8
L9
10
37.671517889614606
20
-55.27630830877628
0
VERTEX
8
L9
10
37.665049397681756
20
-55.28368421018962
0
VERTEX
8
L9
10
37.659598992919754
20
-55.29184131736527
0
VERTEX
8
L9
10
37.65525993326524
20
-55.30064005993789
0
VERTEX
8
L9
10
37.652106461231924
20
-55.30992988898258
0
VERTEX
8
L9
10
37.65019253360056
20
-55.31955185294877
0
VERTEX
8
L9
10
37.6495508982036
20
-55.32934131736527
0
VERTEX
8
L9
10
37.65019253360056
20
-55.339130781781776
0
VERTEX
8
L9
10
37.652106461231924
20
-55.34875274574796
0
VERTEX
8
L9
10
37.65525993326524
20
-55.358042574792655
0
VERTEX
8
L9
10
37.659598992919754
20
-55.36684131736527
0
VERTEX
8
L9
10
37.665049397681756
20
-55.37499842454093
0
VERTEX
8
L9
10
37.671517889614606
20
-55.38237432595426
0
VERTEX
8
L9
10
37.67889379102793
20
-55.38884281788712
0
VERTEX
8
L9
10
37.687050898203594
20
-55.394293222649104
0
VERTEX
8
L9
10
37.69584964077622
20
-55.398632282303616
0
VERTEX
8
L9
10
37.70513946982091
20
-55.40178575433695
0
VERTEX
8
L9
10
37.7147614337871
20
-55.403699681968305
0
VERTEX
8
L9
10
37.72455089820359
20
-55.40434131736527
0
VERTEX
8
L9
10
37.7343403626201
20
-55.403699681968305
0
VERTEX
8
L9
10
37.7439623265863
20
-55.40178575433695
0
VERTEX
8
L9
10
37.75325215563099
20
-55.398632282303616
0
VERTEX
8
L9
10
37.76205089820358
20
-55.394293222649104
0
VERTEX
8
L9
10
37.770208005379246
20
-55.38884281788712
0
VERTEX
8
L9
10
37.7775839067926
20
-55.38237432595426
0
VERTEX
8
L9
10
37.78405239872545
20
-55.37499842454093
0
VERTEX
8
L9
10
37.78950280348742
20
-55.36684131736527
0
VERTEX
8
L9
10
37.793841863141935
20
-55.358042574792655
0
VERTEX
8
L9
10
37.79699533517528
20
-55.34875274574796
0
VERTEX
8
L9
10
37.798909262806646
20
-55.339130781781776
0
VERTEX
8
L9
10
37.799550898203606
20
-55.32934131736527
0
VERTEX
8
L9
10
37.798909262806646
20
-55.31955185294877
0
VERTEX
8
L9
10
37.79699533517528
20
-55.30992988898258
0
VERTEX
8
L9
10
37.793841863141935
20
-55.30064005993789
0
VERTEX
8
L9
10
37.78950280348742
20
-55.29184131736527
0
VERTEX
8
L9
10
37.78405239872545
20
-55.28368421018962
0
VERTEX
8
L9
10
37.7775839067926
20
-55.27630830877628
0
VERTEX
8
L9
10
37.770208005379246
20
-55.26983981684343
0
VERTEX
8
L9
10
37.76205089820358
20
-55.264389412081435
0
VERTEX
8
L9
10
37.75325215563099
20
-55.26005035242692
0
VERTEX
8
L9
10
37.7439623265863
20
-55.25689688039359
0
VERTEX
8
L9
10
37.7343403626201
20
-55.254982952762234
0
VERTEX
8
L9
10
37.72455089820359
20
-55.254341317365274
0
SEQEND
0
POLYLINE
8
L9
66
1
70
1
0
VERTEX
8
L9
10
38.9820359281437
20
-55.61362275449102
0
VERTEX
8
L9
10
38.97224646372722
20
-55.614264389887985
0
VERTEX
8
L9
10
38.96262449976102
20
-55.61617831751934
0
VERTEX
8
L9
10
38.95333467071633
20
-55.619331789552675
0
VERTEX
8
L9
10
38.94453592814371
20
-55.62367084920719
0
VERTEX
8
L9
10
38.93637882096807
20
-55.629121253969174
0
VERTEX
8
L9
10
38.92900291955472
20
-55.63558974590203
0
VERTEX
8
L9
10
38.92253442762187
20
-55.642965647315364
0
VERTEX
8
L9
10
38.917084022859896
20
-55.65112275449102
0
VERTEX
8
L9
10
38.912744963205355
20
-55.659921497063635
0
VERTEX
8
L9
10
38.90959149117204
20
-55.66921132610833
0
VERTEX
8
L9
10
38.90767756354067
20
-55.678833290074515
0
VERTEX
8
L9
10
38.90703592814371
20
-55.68862275449102
0
VERTEX
8
L9
10
38.90767756354067
20
-55.69841221890752
0
VERTEX
8
L9
10
38.90959149117204
20
-55.70803418287371
0
VERTEX
8
L9
10
38.912744963205355
20
-55.7173240119184
0
VERTEX
8
L9
10
38.917084022859896
20
-55.726122754491016
0
VERTEX
8
L9
10
38.92253442762187
20
-55.73427986166667
0
VERTEX
8
L9
10
38.92900291955472
20
-55.74165576308001
0
VERTEX
8
L9
10
38.93637882096807
20
-55.74812425501286
0
VERTEX
8
L9
10
38.94453592814371
20
-55.75357465977485
0
VERTEX
8
L9
10
38.95333467071633
20
-55.75791371942937
0
VERTEX
8
L9
10
38.96262449976102
20
-55.7610671914627
0
VERTEX
8
L9
10
38.97224646372722
20
-55.76298111909406
0
VERTEX
8
L9
10
38.9820359281437
20
-55.76362275449102
0
VERTEX
8
L9
10
38.991825392560216
20
-55.76298111909406
0
VERTEX
8
L9
10
39.00144735652641
20
-55.7610671914627
0
VERTEX
8
L9
10
39.0107371855711
20
-55.75791371942937
0
VERTEX
8
L9
10
39.019535928143725
20
-55.75357465977485
0
VERTEX
8
L9
10
39.02769303531936
20
-55.74812425501286
0
VERTEX
8
L9
10
39.03506893673271
20
-55.74165576308001
0
VERTEX
8
L9
10
39.04153742866556
20
-55.73427986166667
0
VERTEX
8
L9
10
39.046987833427536
20
-55.726122754491016
0
VERTEX
8
L9
10
39.05132689308205
20
-55.7173240119184
0
VERTEX
8
L9
10
39.054480365115396
20
-55.70803418287371
0
VERTEX
8
L9
10
39.05639429274676
20
-55.69841221890752
0
VERTEX
8
L9
10
39.05703592814372
20
-55.68862275449102
0
VERTEX
8
L9
10
39.05639429274676
20
-55.678833290074515
0
VERTEX
8
L9
10
39.054480365115396
20
-55.66921132610833
0
VERTEX
8
L9
10
39.05132689308205
20
-55.659921497063635
0
VERTEX
8
L9
10
39.046987833427536
20
-55.65112275449102
0
VERTEX
8
L9
10
39.04153742866556
20
-55.642965647315364
0
VERTEX
8
L9
10
39.03506893673271
20
-55.63558974590203
0
VERTEX
8
L9
10
39.02769303531936
20
-55.629121253969174
0
VERTEX
8
L9
10
39.019535928143725
20
-55.62367084920719
0
VERTEX
8
L9
10
39.0107371855711
20
-55.619331789552675
0
VERTEX
8
L9
10
39.00144735652641
20
-55.61617831751934
0
VERTEX
8
L9
10
38.991825392560216
20
-55.614264389887985
0
VERTEX
8
L9
10
38.9820359281437
20
-55.61362275449102
0
SEQEND
0
POLYLINE
8
L9
66
1
70
1
0
VERTEX
8
L9
10
37.72455089820359
20
-56.2124251497006
0
VERTEX
8
L9
10
37.7147614337871
20
-56.21306678509757
0
VERTEX
8
L9
10
37.70513946982091
20
-56.21498071272892
0
VERTEX
8
L9
10
37.69584964077622
20
-56.218134184762256
0
VERTEX
8
L9
10
37.687050898203594
20
-56.22247324441677
0
VERTEX
8
L9
10
37.67889379102793
20
-56.227923649178756
0
VERTEX
8
L9
10
37.671517889614606
20
-56.234392141111606
0
VERTEX
8
L9
10
37.665049397681756
20
-56.241768042524946
0
VERTEX
8
L9
10
37.659598992919754
20
-56.2499251497006
0
VERTEX
8
L9
10
37.65525993326524
20
-56.25872389227322
0
VERTEX
8
L9
10
37.652106461231924
20
-56.268013721317914
0
VERTEX
8
L9
10
37.65019253360056
20
-56.277635685284096
0
VERTEX
8
L9
10
37.6495508982036
20
-56.2874251497006
0
VERTEX
8
L9
10
37.65019253360056
20
-56.2972146141171
0
VERTEX
8
L9
10
37.652106461231924
20
-56.30683657808329
0
VERTEX
8
L9
10
37.65525993326524
20
-56.31612640712798
0
VERTEX
8
L9
10
37.659598992919754
20
-56.3249251497006
0
VERTEX
8
L9
10
37.665049397681756
20
-56.33308225687625
0
VERTEX
8
L9
10
37.671517889614606
20
-56.34045815828959
0
VERTEX
8
L9
10
37.67889379102793
20
-56.34692665022244
0
VERTEX
8
L9
10
37.687050898203594
20
-56.35237705498443
0
VERTEX
8
L9
10
37.69584964077622
20
-56.35671611463895
0
VERTEX
8
L9
10
37.70513946982091
20
-56.35986958667228
0
VERTEX
8
L9
10
37.7147614337871
20
-56.36178351430364
0
VERTEX
8
L9
10
37.72455089820359
20
-56.3624251497006
0
VERTEX
8
L9
10
37.7343403626201
20
-56.36178351430364
0
VERTEX
8
L9
10
37.7439623265863
20
-56.35986958667228
0
VERTEX
8
L9
10
37.75325215563099
20
-56.35671611463895
0
VERTEX
8
L9
10
37.76205089820358
20
-56.35237705498443
0
VERTEX
8
L9
10
37.770208005379246
20
-56.34692665022244
0
VERTEX
8
L9
10
37.7775839067926
20
-56.34045815828959
0
VERTEX
8
L9
10
37.78405239872545
20
-56.33308225687625
0
VERTEX
8
L9
10
37.78950280348742
20
-56.3249251497006
0
VERTEX
8
L9
10
37.793841863141935
20
-56.31612640712798
0
VERTEX
8
L9
10
37.79699533517528
20
-56.30683657808329
0
VERTEX
8
L9
10
37.798909262806646
20
-56.2972146141171
0
VERTEX
8
L9
10
37.799550898203606
20
-56.2874251497006
0
VERTEX
8
L9
10
37.798909262806646
20
-56.277635685284096
0
VERTEX
8
L9
10
37.79699533517528
20
-56.268013721317914
0
VERTEX
8
L9
10
37.793841863141935
20
-56.25872389227322
0
VERTEX
8
L9
10
37.78950280348742
20
-56.2499251497006
0
VERTEX
8
L9
10
37.78405239872545
20
-56.241768042524946
0
VERTEX
8
L9
10
37.7775839067926
20
-56.234392141111606
0
VERTEX
8
L9
10
37.770208005379246
20
-56.227923649178756
0
VERTEX
8
L9
10
37.76205089820358
20
-56.22247324441677
0
VERTEX
8
L9
10
37.75325215563099
20
-56.218134184762256
0
VERTEX
8
L9
10
37.7439623265863
20
-56.21498071272892
0
VERTEX
8
L9
10
37.7343403626201
20
-56.21306678509757
0
VERTEX
8
L9
10
37.72455089820359
20
-56.2124251497006
0
SEQEND
0
POLYLINE
8
L9
66
1
70
1
0
VERTEX
8
L9
10
49.88542971447232
20
-56.29871330966362
0
VERTEX
8
L9
10
49.9066360175449
20
-56.31882209831538
0
VERTEX
8
L9
10
49.932917801631376
20
-56.33160249331235
0
VERTEX
8
L9
10
49.96182971335058
20
-56.33586535992852
0
VERTEX
8
L9
10
49.99068168262029
20
-56.33121406545208
0
VERTEX
8
L9
10
50.01678921662314
20
-56.318081383344584
0
VERTEX
8
L9
10
50.03772317484349
20
-56.29768922641415
0
VERTEX
8
L9
10
50.05153578519146
20
-56.27193495557567
0
VERTEX
8
L9
10
50.056941871846945
20
-56.24321484244705
0
VERTEX
8
L9
10
50.05343843272156
20
-56.21420111146771
0
VERTEX
8
L9
10
50.04135144061392
20
-56.18759330635649
0
VERTEX
8
L9
10
50.0218055135074
20
-56.165867114683934
0
VERTEX
8
L9
10
49.99661927599688
20
-56.15104402083983
0
VERTEX
8
L9
10
49.968136147800536
20
-56.14450321972706
0
VERTEX
8
L9
10
49.939006303412256
20
-56.14685329142013
0
VERTEX
8
L9
10
49.91194009016748
20
-56.15787557664758
0
VERTEX
8
L9
10
49.88945584760724
20
-56.17654452165093
0
VERTEX
8
L9
10
49.87364559195028
20
-56.20112309945985
0
VERTEX
8
L9
10
49.86598036724759
20
-56.229324429238844
0
VERTEX
8
L9
10
49.79460501548242
20
-56.23846295732267
0
VERTEX
8
L9
10
49.72264742579752
20
-56.23822042510439
0
VERTEX
8
L9
10
49.651335297594514
20
-56.22860097053055
0
VERTEX
8
L9
10
49.581885317779
20
-56.209768715254995
0
VERTEX
8
L9
10
49.51548240234162
20
-56.18204496448867
0
VERTEX
8
L9
10
49.45325947999645
20
-56.1459027250732
0
VERTEX
8
L9
10
49.39627816279675
20
-56.10195863530761
0
VERTEX
8
L9
10
49.34551063351488
20
-56.05096244421696
0
VERTEX
8
L9
10
49.301823058813696
20
-55.9937842197616
0
VERTEX
8
L9
10
49.26596081120435
20
-55.931399504233326
0
VERTEX
8
L9
10
49.23853575192517
20
-55.86487267010849
0
VERTEX
8
L9
10
49.220015791713806
20
-55.79533876033126
0
VERTEX
8
L9
10
49.21071690758073
20
-55.72398412285745
0
VERTEX
8
L9
10
49.21079775178957
20
-55.65202616986161
0
VERTEX
8
L9
10
49.22025694502243
20
-55.580692606943984
0
VERTEX
8
L9
10
49.23893309991324
20
-55.51120048671706
0
VERTEX
8
L9
10
49.26650757454682
20
-55.44473544414715
0
VERTEX
8
L9
10
49.302509908945936
20
-55.3824314679261
0
VERTEX
8
L9
10
49.34632585179121
20
-55.32535155300222
0
VERTEX
8
L9
10
49.397207840427356
20
-55.274469564366065
0
VERTEX
8
L9
10
49.454287755351245
20
-55.23065362152078
0
VERTEX
8
L9
10
49.51659173157229
20
-55.19465128712167
0
VERTEX
8
L9
10
49.58305677414221
20
-55.16707681248808
0
VERTEX
8
L9
10
49.65254889436913
20
-55.148400657597286
0
VERTEX
8
L9
10
49.72388245728676
20
-55.138941464364414
0
VERTEX
8
L9
10
49.795840410282594
20
-55.13886062015559
0
VERTEX
8
L9
10
49.867195047756425
20
-55.148159504288664
0
VERTEX
8
L9
10
49.936728957533646
20
-55.16667946450003
0
VERTEX
8
L9
10
50.003255791658475
20
-55.194104523779195
0
VERTEX
8
L9
10
50.06564050718676
20
-55.22996677138854
0
VERTEX
8
L9
10
50.12281873164211
20
-55.27365434608973
0
VERTEX
8
L9
10
50.173814922732745
20
-55.32442187537159
0
VERTEX
8
L9
10
50.21775901249835
20
-55.38140319257129
0
VERTEX
8
L9
10
50.25390125191383
20
-55.44362611491646
0
VERTEX
8
L9
10
50.281625002680144
20
-55.510029030353856
0
VERTEX
8
L9
10
50.3004572579557
20
-55.579479010169365
0
VERTEX
8
L9
10
50.31007671252955
20
-55.65079113837236
0
VERTEX
8
L9
10
50.31031924474782
20
-55.72274872805727
0
VERTEX
8
L9
10
50.30118071666401
20
-55.794124079822424
0
VERTEX
8
L9
10
50.272979386884984
20
-55.80178930452514
0
VERTEX
8
L9
10
50.248400809076074
20
-55.81759956018208
0
VERTEX
8
L9
10
50.22973186407272
20
-55.84008380274234
0
VERTEX
8
L9
10
50.21870957884529
20
-55.867150015987114
0
VERTEX
8
L9
10
50.216359507152205
20
-55.89627986037538
0
VERTEX
8
L9
10
50.22290030826498
20
-55.924762988571736
0
VERTEX
8
L9
10
50.2377234021091
20
-55.94994922608224
0
VERTEX
8
L9
10
50.25944959378164
20
-55.96949515318878
0
VERTEX
8
L9
10
50.28605739889285
20
-55.98158214529643
0
VERTEX
8
L9
10
50.31507112987221
20
-55.98508558442181
0
VERTEX
8
L9
10
50.34379124300081
20
-55.97967949776632
0
VERTEX
8
L9
10
50.3695455138393
20
-55.96586688741834
0
VERTEX
8
L9
10
50.389937670769726
20
-55.944932929197996
0
VERTEX
8
L9
10
50.403070352877236
20
-55.91882539519514
0
VERTEX
8
L9
10
50.40772164735368
20
-55.88997342592543
0
VERTEX
8
L9
10
50.403458780737495
20
-55.86106151420622
0
VERTEX
8
L9
10
50.39067838574054
20
-55.83477973011974
0
VERTEX
8
L9
10
50.37056959708876
20
-55.813573427047174
0
VERTEX
8
L9
10
50.38123212781211
20
-55.7385102522607
0
VERTEX
8
L9
10
50.382694088463
20
-55.66270766364062
0
VERTEX
8
L9
10
50.37493381040743
20
-55.58728917880467
0
VERTEX
8
L9
10
50.35806631358439
20
-55.51337262232795
0
VERTEX
8
L9
10
50.33234160172317
20
-55.442053557765185
0
VERTEX
8
L9
10
50.29814095688174
20
-55.37438904961741
0
VERTEX
8
L9
10
50.25597128822663
20
-55.31138199591731
0
VERTEX
8
L9
10
50.20645761881481
20
-55.25396626364968
0
VERTEX
8
L9
10
50.15033382173583
20
-55.20299284732424
0
VERTEX
8
L9
10
50.088431742919184
20
-55.15921725585329
0
VERTEX
8
L9
10
50.0216688718253
20
-55.12328831468119
0
VERTEX
8
L9
10
49.951034742759575
20
-55.09573854913628
0
VERTEX
8
L9
10
49.87757626836536
20
-55.07697629153962
0
VERTEX
8
L9
10
49.802382222676
20
-55.06727962905609
0
VERTEX
8
L9
10
49.72656710371358
20
-55.06679228199037
0
VERTEX
8
L9
10
49.65125461481584
20
-55.0755214736184
0
VERTEX
8
L9
10
49.57756100952575
20
-55.09333782312666
0
VERTEX
8
L9
10
49.50657854689895
20
-55.119977263246206
0
VERTEX
8
L9
10
49.43935930244844
20
-55.155044954158946
0
VERTEX
8
L9
10
49.37689957467491
20
-55.198021135665776
0
VERTEX
8
L9
10
49.32012511830298
20
-55.24826883087784
0
VERTEX
8
L9
10
49.26987742309093
20
-55.30504328724975
0
VERTEX
8
L9
10
49.22690124158409
20
-55.367503015023274
0
VERTEX
8
L9
10
49.19183355067135
20
-55.434722259473794
0
VERTEX
8
L9
10
49.16519411055181
20
-55.50570472210061
0
VERTEX
8
L9
10
49.14737776104356
20
-55.57939832739069
0
VERTEX
8
L9
10
49.13864856941551
20
-55.65471081628843
0
VERTEX
8
L9
10
49.13913591648124
20
-55.73052593525086
0
VERTEX
8
L9
10
49.148832578964786
20
-55.805719980940204
0
VERTEX
8
L9
10
49.167594836561435
20
-55.879178455334426
0
VERTEX
8
L9
10
49.19514460210634
20
-55.949812584400135
0
VERTEX
8
L9
10
49.23107354327844
20
-56.01657545549405
0
VERTEX
8
L9
10
49.274849134749374
20
-56.078477534310665
0
VERTEX
8
L9
10
49.325822551074836
20
-56.13460133138966
0
VERTEX
8
L9
10
49.383238283342465
20
-56.18411500080147
0
VERTEX
8
L9
10
49.446245337042555
20
-56.2262846694566
0
VERTEX
8
L9
10
49.51390984519033
20
-56.26048531429802
0
VERTEX
8
L9
10
49.5852289097531
20
-56.28621002615924
0
VERTEX
8
L9
10
49.659145466229816
20
-56.30307752298229
0
VERTEX
8
L9
10
49.734563951065766
20
-56.310837801037835
0
VERTEX
8
L9
10
49.81036653968586
20
-56.30937584038695
0
VERTEX
8
L9
10
49.88542971447232
20
-56.29871330966362
0
SEQEND
0
POLYLINE
8
L9
66
1
70
1
0
VERTEX
8
L9
10
46.635418426863325
20
-55.813573427047174
0
VERTEX
8
L9
10
46.61530963821157
20
-55.83477973011974
0
VERTEX
8
L9
10
46.60252924321459
20
-55.86106151420622
0
VERTEX
8
L9
10
46.59826637659843
20
-55.88997342592543
0
VERTEX
8
L9
10
46.60291767107488
20
-55.91882539519514
0
VERTEX
8
L9
10
46.61605035318236
20
-55.944932929198
0
VERTEX
8
L9
10
46.636442510112815
20
-55.96586688741835
0
VERTEX
8
L9
10
46.66219678095128
20
-55.97967949776632
0
VERTEX
8
L9
10
46.690916894079905
20
-55.98508558442181
0
VERTEX
8
L9
10
46.719930625059234
20
-55.98158214529643
0
VERTEX
8
L9
10
46.746538430170446
20
-55.96949515318878
0
VERTEX
8
L9
10
46.76826462184302
20
-55.949949226082246
0
VERTEX
8
L9
10
46.78308771568713
20
-55.924762988571736
0
VERTEX
8
L9
10
46.78962851679988
20
-55.89627986037538
0
VERTEX
8
L9
10
46.78727844510682
20
-55.867150015987114
0
VERTEX
8
L9
10
46.77625615987937
20
-55.84008380274234
0
VERTEX
8
L9
10
46.75758721487601
20
-55.81759956018208
0
VERTEX
8
L9
10
46.7330086370671
20
-55.80178930452514
0
VERTEX
8
L9
10
46.70480730728811
20
-55.794124079822424
0
VERTEX
8
L9
10
46.6956687792043
20
-55.72274872805727
0
VERTEX
8
L9
10
46.69591131142256
20
-55.65079113837236
0
VERTEX
8
L9
10
46.705530765996386
20
-55.579479010169365
0
VERTEX
8
L9
10
46.72436302127197
20
-55.510029030353856
0
VERTEX
8
L9
10
46.75208677203828
20
-55.44362611491646
0
VERTEX
8
L9
10
46.788229011453765
20
-55.38140319257129
0
VERTEX
8
L9
10
46.83217310121934
20
-55.32442187537159
0
VERTEX
8
L9
10
46.88316929231
20
-55.27365434608973
0
VERTEX
8
L9
10
46.94034751676536
20
-55.22996677138855
0
VERTEX
8
L9
10
47.00273223229364
20
-55.194104523779195
0
VERTEX
8
L9
10
47.06925906641847
20
-55.16667946450003
0
VERTEX
8
L9
10
47.13879297619569
20
-55.148159504288664
0
VERTEX
8
L9
10
47.21014761366949
20
-55.1388606201556
0
VERTEX
8
L9
10
47.28210556666535
20
-55.138941464364414
0
VERTEX
8
L9
10
47.35343912958295
20
-55.148400657597286
0
VERTEX
8
L9
10
47.42293124980988
20
-55.16707681248808
0
VERTEX
8
L9
10
47.489396292379794
20
-55.19465128712167
0
VERTEX
8
L9
10
47.55170026860084
20
-55.23065362152079
0
VERTEX
8
L9
10
47.60878018352473
20
-55.27446956436607
0
VERTEX
8
L9
10
47.65966217216088
20
-55.32535155300222
0
VERTEX
8
L9
10
47.70347811500618
20
-55.382431467926104
0
VERTEX
8
L9
10
47.739480449405264
20
-55.44473544414715
0
VERTEX
8
L9
10
47.767054924038874
20
-55.51120048671706
0
VERTEX
8
L9
10
47.78573107892966
20
-55.58069260694399
0
VERTEX
8
L9
10
47.79519027216254
20
-55.65202616986161
0
VERTEX
8
L9
10
47.79527111637135
20
-55.72398412285745
0
VERTEX
8
L9
10
47.78597223223828
20
-55.79533876033126
0
VERTEX
8
L9
10
47.767452272026915
20
-55.8648726701085
0
VERTEX
8
L9
10
47.74002721274776
20
-55.931399504233326
0
VERTEX
8
L9
10
47.70416496513842
20
-55.99378421976161
0
VERTEX
8
L9
10
47.66047739043721
20
-56.05096244421696
0
VERTEX
8
L9
10
47.609709861155366
20
-56.10195863530761
0
VERTEX
8
L9
10
47.552728543955666
20
-56.1459027250732
0
VERTEX
8
L9
10
47.490505621610495
20
-56.18204496448867
0
VERTEX
8
L9
10
47.42410270617309
20
-56.209768715254995
0
VERTEX
8
L9
10
47.3546527263576
20
-56.22860097053056
0
VERTEX
8
L9
10
47.283340598154595
20
-56.23822042510439
0
VERTEX
8
L9
10
47.211383008469696
20
-56.23846295732267
0
VERTEX
8
L9
10
47.140007656704526
20
-56.229324429238844
0
VERTEX
8
L9
10
47.132342432001806
20
-56.20112309945985
0
VERTEX
8
L9
10
47.116532176344876
20
-56.17654452165093
0
VERTEX
8
L9
10
47.09404793378461
20
-56.15787557664758
0
VERTEX
8
L9
10
47.06698172053983
20
-56.14685329142013
0
VERTEX
8
L9
10
47.03785187615158
20
-56.14450321972706
0
VERTEX
8
L9
10
47.00936874795521
20
-56.15104402083982
0
VERTEX
8
L9
10
46.98418251044471
20
-56.165867114683934
0
VERTEX
8
L9
10
46.96463658333816
20
-56.18759330635649
0
VERTEX
8
L9
10
46.95254959123052
20
-56.21420111146771
0
VERTEX
8
L9
10
46.94904615210514
20
-56.24321484244705
0
VERTEX
8
L9
10
46.954452238760624
20
-56.27193495557566
0
VERTEX
8
L9
10
46.96826484910859
20
-56.29768922641414
0
VERTEX
8
L9
10
46.98919880732895
20
-56.318081383344584
0
VERTEX
8
L9
10
47.015306341331794
20
-56.33121406545208
0
VERTEX
8
L9
10
47.0441583106015
20
-56.33586535992852
0
VERTEX
8
L9
10
47.07307022232074
20
-56.33160249331235
0
VERTEX
8
L9
10
47.099352006407216
20
-56.31882209831538
0
VERTEX
8
L9
10
47.12055830947979
20
-56.29871330966362
0
VERTEX
8
L9
10
47.195621484266255
20
-56.30937584038695
0
VERTEX
8
L9
10
47.27142407288632
20
-56.310837801037835
0
VERTEX
8
L9
10
47.3468425577223
20
-56.30307752298229
0
VERTEX
8
L9
10
47.42075911419899
20
-56.286210026159246
0
VERTEX
8
L9
10
47.49207817876176
20
-56.26048531429802
0
VERTEX
8
L9
10
47.55974268690953
20
-56.2262846694566
0
VERTEX
8
L9
10
47.62274974060965
20
-56.18411500080147
0
VERTEX
8
L9
10
47.68016547287728
20
-56.13460133138966
0
VERTEX
8
L9
10
47.73113888920271
20
-56.078477534310665
0
VERTEX
8
L9
10
47.77491448067367
20
-56.01657545549405
0
VERTEX
8
L9
10
47.810843421845746
20
-55.949812584400135
0
VERTEX
8
L9
10
47.83839318739068
20
-55.879178455334426
0
VERTEX
8
L9
10
47.85715544498733
20
-55.805719980940204
0
VERTEX
8
L9
10
47.866852107470876
20
-55.73052593525086
0
VERTEX
8
L9
10
47.86733945453658
20
-55.65471081628843
0
VERTEX
8
L9
10
47.858610262908556
20
-55.57939832739069
0
VERTEX
8
L9
10
47.840793913400276
20
-55.50570472210062
0
VERTEX
8
L9
10
47.81415447328074
20
-55.434722259473794
0
VERTEX
8
L9
10
47.779086782368
20
-55.367503015023274
0
VERTEX
8
L9
10
47.73611060086118
20
-55.30504328724975
0
VERTEX
8
L9
10
47.6858629056491
20
-55.24826883087784
0
VERTEX
8
L9
10
47.629088449277205
20
-55.198021135665776
0
VERTEX
8
L9
10
47.566628721503676
20
-55.155044954158946
0
VERTEX
8
L9
10
47.49940947705316
20
-55.119977263246206
0
VERTEX
8
L9
10
47.42842701442633
20
-55.09333782312666
0
VERTEX
8
L9
10
47.35473340913627
20
-55.075521473618394
0
VERTEX
8
L9
10
47.279420920238536
20
-55.06679228199037
0
VERTEX
8
L9
10
47.20360580127608
20
-55.06727962905609
0
VERTEX
8
L9
10
47.128411755586754
20
-55.07697629153962
0
VERTEX
8
L9
10
47.05495328119251
20
-55.09573854913628
0
VERTEX
8
L9
10
46.984319152126815
20
-55.12328831468119
0
VERTEX
8
L9
10
46.9175562810329
20
-55.15921725585329
0
VERTEX
8
L9
10
46.855654202216286
20
-55.20299284732424
0
VERTEX
8
L9
10
46.799530405137304
20
-55.25396626364968
0
VERTEX
8
L9
10
46.75001673572548
20
-55.31138199591731
0
VERTEX
8
L9
10
46.70784706707035
20
-55.37438904961741
0
VERTEX
8
L9
10
46.67364642222891
20
-55.442053557765185
0
VERTEX
8
L9
10
46.6479217103677
20
-55.51337262232795
0
VERTEX
8
L9
10
46.63105421354466
20
-55.58728917880466
0
VERTEX
8
L9
10
46.623293935489116
20
-55.66270766364062
0
VERTEX
8
L9
10
46.62475589614
20
-55.7385102522607
0
VERTEX
8
L9
10
46.635418426863325
20
-55.813573427047174
0
SEQEND
0
POLYLINE
8
L9
66
1
70
1
0
VERTEX
8
L9
10
48.50299401197604
20
-56.69146706586827
0
VERTEX
8
L9
10
48.49320454755956
20
-56.69210870126523
0
VERTEX
8
L9
10
48.48358258359336
20
-56.69402262889658
0
VERTEX
8
L9
10
48.47429275454867
20
-56.697176100929916
0
VERTEX
8
L9
10
48.46549401197605
20
-56.701515160584435
0
VERTEX
8
L9
10
48.457336904800385
20
-56.70696556534642
0
VERTEX
8
L9
10
48.44996100338706
20
-56.71343405727927
0
VERTEX
8
L9
10
48.44349251145421
20
-56.72080995869261
0
VERTEX
8
L9
10
48.43804210669221
20
-56.72896706586826
0
VERTEX
8
L9
10
48.433703047037696
20
-56.737765808440884
0
VERTEX
8
L9
10
48.43054957500438
20
-56.74705563748557
0
VERTEX
8
L9
10
48.428635647373014
20
-56.75667760145176
0
VERTEX
8
L9
10
48.427994011976054
20
-56.76646706586826
0
VERTEX
8
L9
10
48.428635647373014
20
-56.77625653028477
0
VERTEX
8
L9
10
48.43054957500438
20
-56.78587849425095
0
VERTEX
8
L9
10
48.433703047037696
20
-56.79516832329565
0
VERTEX
8
L9
10
48.43804210669221
20
-56.803967065868264
0
VERTEX
8
L9
10
48.44349251145421
20
-56.81212417304392
0
VERTEX
8
L9
10
48.44996100338706
20
-56.81950007445725
0
VERTEX
8
L9
10
48.457336904800385
20
-56.82596856639011
0
VERTEX
8
L9
10
48.46549401197605
20
-56.8314189711521
0
VERTEX
8
L9
10
48.47429275454867
20
-56.83575803080661
0
VERTEX
8
L9
10
48.48358258359336
20
-56.83891150283994
0
VERTEX
8
L9
10
48.49320454755956
20
-56.8408254304713
0
VERTEX
8
L9
10
48.50299401197604
20
-56.841467065868265
0
VERTEX
8
L9
10
48.512783476392556
20
-56.8408254304713
0
VERTEX
8
L9
10
48.52240544035875
20
-56.83891150283994
0
VERTEX
8
L9
10
48.53169526940344
20
-56.83575803080661
0
VERTEX
8
L9
10
48.54049401197604
20
-56.8314189711521
0
VERTEX
8
L9
10
48.5486511191517
20
-56.82596856639011
0
VERTEX
8
L9
10
48.556027020565054
20
-56.81950007445725
0
VERTEX
8
L9
10
48.562495512497904
20
-56.81212417304392
0
VERTEX
8
L9
10
48.56794591725988
20
-56.803967065868264
0
VERTEX
8
L9
10
48.57228497691439
20
-56.79516832329565
0
VERTEX
8
L9
10
48.575438448947736
20
-56.78587849425095
0
VERTEX
8
L9
10
48.5773523765791
20
-56.77625653028477
0
VERTEX
8
L9
10
48.57799401197606
20
-56.76646706586826
0
VERTEX
8
L9
10
48.5773523765791
20
-56.75667760145176
0
VERTEX
8
L9
10
48.575438448947736
20
-56.74705563748557
0
VERTEX
8
L9
10
48.57228497691439
20
-56.737765808440884
0
VERTEX
8
L9
10
48.56794591725988
20
-56.72896706586826
0
VERTEX
8
L9
10
48.562495512497904
20
-56.72080995869261
0
VERTEX
8
L9
10
48.556027020565054
20
-56.71343405727927
0
VERTEX
8
L9
10
48.5486511191517
20
-56.70696556534642
0
VERTEX
8
L9
10
48.54049401197604
20
-56.701515160584435
0
VERTEX
8
L9
10
48.53169526940344
20
-56.697176100929916
0
VERTEX
8
L9
10
48.52240544035875
20
-56.69402262889658
0
VERTEX
8
L9
10
48.512783476392556
20
-56.69210870126523
0
VERTEX
8
L9
10
48.50299401197604
20
-56.69146706586827
0
SEQEND
0
POLYLINE
8
L9
66
1
70
1
0
VERTEX
8
L9
10
44.37125748502994
20
-55.61362275449102
0
VERTEX
8
L9
10
44.36146802061343
20
-55.614264389887985
0
VERTEX
8
L9
10
44.35184605664726
20
-55.61617831751934
0
VERTEX
8
L9
10
44.34255622760257
20
-55.619331789552675
0
VERTEX
8
L9
10
44.33375748502995
20
-55.62367084920719
0
VERTEX
8
L9
10
44.325600377854286
20
-55.629121253969174
0
VERTEX
8
L9
10
44.31822447644096
20
-55.63558974590203
0
VERTEX
8
L9
10
44.31175598450811
20
-55.642965647315364
0
VERTEX
8
L9
10
44.30630557974611
20
-55.65112275449102
0
VERTEX
8
L9
10
44.3019665200916
20
-55.659921497063635
0
VERTEX
8
L9
10
44.29881304805828
20
-55.66921132610833
0
VERTEX
8
L9
10
44.296899120426914
20
-55.678833290074515
0
VERTEX
8
L9
10
44.296257485029955
20
-55.68862275449102
0
VERTEX
8
L9
10
44.296899120426914
20
-55.69841221890752
0
VERTEX
8
L9
10
44.29881304805828
20
-55.70803418287371
0
VERTEX
8
L9
10
44.3019665200916
20
-55.7173240119184
0
VERTEX
8
L9
10
44.30630557974611
20
-55.726122754491016
0
VERTEX
8
L9
10
44.31175598450811
20
-55.73427986166667
0
VERTEX
8
L9
10
44.31822447644096
20
-55.74165576308001
0
VERTEX
8
L9
10
44.325600377854286
20
-55.74812425501286
0
VERTEX
8
L9
10
44.33375748502995
20
-55.75357465977485
0
VERTEX
8
L9
10
44.34255622760257
20
-55.75791371942937
0
VERTEX
8
L9
10
44.35184605664726
20
-55.7610671914627
0
VERTEX
8
L9
10
44.36146802061343
20
-55.76298111909406
0
VERTEX
8
L9
10
44.37125748502994
20
-55.76362275449102
0
VERTEX
8
L9
10
44.38104694944646
20
-55.76298111909406
0
VERTEX
8
L9
10
44.390668913412625
20
-55.7610671914627
0
VERTEX
8
L9
10
44.399958742457315
20
-55.75791371942937
0
VERTEX
8
L9
10
44.40875748502994
20
-55.75357465977485
0
VERTEX
8
L9
10
44.4169145922056
20
-55.74812425501286
0
VERTEX
8
L9
10
44.424290493618926
20
-55.74165576308001
0
VERTEX
8
L9
10
44.430758985551776
20
-55.73427986166667
0
VERTEX
8
L9
10
44.43620939031378
20
-55.726122754491016
0
VERTEX
8
L9
10
44.44054844996829
20
-55.7173240119184
0
VERTEX
8
L9
10
44.44370192200164
20
-55.70803418287371
0
VERTEX
8
L9
10
44.44561584963297
20
-55.69841221890752
0
VERTEX
8
L9
10
44.44625748502996
20
-55.68862275449102
0
VERTEX
8
L9
10
44.44561584963297
20
-55.678833290074515
0
VERTEX
8
L9
10
44.44370192200164
20
-55.66921132610833
0
VERTEX
8
L9
10
44.44054844996829
20
-55.659921497063635
0
VERTEX
8
L9
10
44.43620939031378
20
-55.65112275449102
0
VERTEX
8
L9
10
44.430758985551776
20
-55.642965647315364
0
VERTEX
8
L9
10
44.424290493618926
20
-55.63558974590203
0
VERTEX
8
L9
10
44.4169145922056
20
-55.629121253969174
0
VERTEX
8
L9
10
44.40875748502994
20
-55.62367084920719
0
VERTEX
8
L9
10
44.399958742457315
20
-55.619331789552675
0
VERTEX
8
L9
10
44.390668913412625
20
-55.61617831751934
0
VERTEX
8
L9
10
44.38104694944646
20
-55.614264389887985
0
VERTEX
8
L9
10
44.37125748502994
20
-55.61362275449102
0
SEQEND
0
POLYLINE
8
L9
66
1
70
1
0
VERTEX
8
L9
10
48.50299401197604
20
-55.73338323353293
0
VERTEX
8
L9
10
48.49320454755956
20
-55.7340248689299
0
VERTEX
8
L9
10
48.48358258359336
20
-55.73593879656126
0
VERTEX
8
L9
10
48.47429275454867
20
-55.73909226859459
0
VERTEX
8
L9
10
48.46549401197605
20
-55.7434313282491
0
VERTEX
8
L9
10
48.457336904800385
20
-55.74888173301109
0
VERTEX
8
L9
10
48.44996100338706
20
-55.755350224943946
0
VERTEX
8
L9
10
48.44349251145421
20
-55.76272612635728
0
VERTEX
8
L9
10
48.43804210669221
20
-55.770883233532935
0
VERTEX
8
L9
10
48.433703047037696
20
-55.77968197610555
0
VERTEX
8
L9
10
48.43054957500438
20
-55.78897180515025
0
VERTEX
8
L9
10
48.428635647373014
20
-55.79859376911643
0
VERTEX
8
L9
10
48.427994011976054
20
-55.808383233532936
0
VERTEX
8
L9
10
48.428635647373014
20
-55.818172697949436
0
VERTEX
8
L9
10
48.43054957500438
20
-55.827794661915625
0
VERTEX
8
L9
10
48.433703047037696
20
-55.837084490960315
0
VERTEX
8
L9
10
48.43804210669221
20
-55.84588323353294
0
VERTEX
8
L9
10
48.44349251145421
20
-55.854040340708586
0
VERTEX
8
L9
10
48.44996100338706
20
-55.861416242121926
0
VERTEX
8
L9
10
48.457336904800385
20
-55.867884734054776
0
VERTEX
8
L9
10
48.46549401197605
20
-55.87333513881677
0
VERTEX
8
L9
10
48.47429275454867
20
-55.87767419847128
0
VERTEX
8
L9
10
48.48358258359336
20
-55.880827670504615
0
VERTEX
8
L9
10
48.49320454755956
20
-55.88274159813597
0
VERTEX
8
L9
10
48.50299401197604
20
-55.88338323353293
0
VERTEX
8
L9
10
48.512783476392556
20
-55.88274159813597
0
VERTEX
8
L9
10
48.52240544035875
20
-55.880827670504615
0
VERTEX
8
L9
10
48.53169526940344
20
-55.87767419847128
0
VERTEX
8
L9
10
48.54049401197604
20
-55.87333513881677
0
VERTEX
8
L9
10
48.5486511191517
20
-55.867884734054776
0
VERTEX
8
L9
10
48.556027020565054
20
-55.861416242121926
0
VERTEX
8
L9
10
48.562495512497904
20
-55.854040340708586
0
VERTEX
8
L9
10
48.56794591725988
20
-55.84588323353294
0
VERTEX
8
L9
10
48.57228497691439
20
-55.837084490960315
0
VERTEX
8
L9
10
48.575438448947736
20
-55.827794661915625
0
VERTEX
8
L9
10
48.5773523765791
20
-55.818172697949436
0
VERTEX
8
L9
10
48.57799401197606
20
-55.808383233532936
0
VERTEX
8
L9
10
48.5773523765791
20
-55.79859376911643
0
VERTEX
8
L9
10
48.575438448947736
20
-55.78897180515025
0
VERTEX
8
L9
10
48.57228497691439
20
-55.77968197610555
0
VERTEX
8
L9
10
48.56794591725988
20
-55.770883233532935
0
VERTEX
8
L9
10
48.562495512497904
20
-55.76272612635728
0
VERTEX
8
L9
10
48.556027020565054
20
-55.755350224943946
0
VERTEX
8
L9
10
48.5486511191517
20
-55.74888173301109
0
VERTEX
8
L9
10
48.54049401197604
20
-55.7434313282491
0
VERTEX
8
L9
10
48.53169526940344
20
-55.73909226859459
0
VERTEX
8
L9
10
48.52240544035875
20
-55.73593879656126
0
VERTEX
8
L9
10
48.512783476392556
20
-55.7340248689299
0
VERTEX
8
L9
10
48.50299401197604
20
-55.73338323353293
0
SEQEND
0
POLYLINE
8
L9
66
1
70
1
0
VERTEX
8
L9
10
44.838290344462465
20
-55.783608813748685
0
VERTEX
8
L9
10
44.82850088004595
20
-55.78425044914565
0
VERTEX
8
L9
10
44.81887891607978
20
-55.78616437677701
0
VERTEX
8
L9
10
44.80958908703509
20
-55.78931784881034
0
VERTEX
8
L9
10
44.80079034446247
20
-55.793656908464854
0
VERTEX
8
L9
10
44.79263323728681
20
-55.79910731322684
0
VERTEX
8
L9
10
44.78525733587348
20
-55.8055758051597
0
VERTEX
8
L9
10
44.77878884394063
20
-55.81295170657303
0
VERTEX
8
L9
10
44.77333843917863
20
-55.82110881374869
0
VERTEX
8
L9
10
44.76899937952412
20
-55.8299075563213
0
VERTEX
8
L9
10
44.76584590749077
20
-55.839197385366
0
VERTEX
8
L9
10
44.763931979859436
20
-55.84881934933218
0
VERTEX
8
L9
10
44.763290344462476
20
-55.85860881374869
0
VERTEX
8
L9
10
44.763931979859436
20
-55.86839827816519
0
VERTEX
8
L9
10
44.76584590749077
20
-55.87802024213138
0
VERTEX
8
L9
10
44.76899937952412
20
-55.88731007117607
0
VERTEX
8
L9
10
44.77333843917863
20
-55.89610881374869
0
VERTEX
8
L9
10
44.77878884394063
20
-55.90426592092434
0
VERTEX
8
L9
10
44.78525733587348
20
-55.91164182233768
0
VERTEX
8
L9
10
44.79263323728681
20
-55.91811031427053
0
VERTEX
8
L9
10
44.80079034446247
20
-55.92356071903252
0
VERTEX
8
L9
10
44.80958908703509
20
-55.927899778687035
0
VERTEX
8
L9
10
44.81887891607978
20
-55.93105325072037
0
VERTEX
8
L9
10
44.82850088004595
20
-55.932967178351724
0
VERTEX
8
L9
10
44.838290344462465
20
-55.933608813748684
0
VERTEX
8
L9
10
44.84807980887898
20
-55.932967178351724
0
VERTEX
8
L9
10
44.85770177284515
20
-55.93105325072037
0
VERTEX
8
L9
10
44.866991601889836
20
-55.927899778687035
0
VERTEX
8
L9
10
44.87579034446246
20
-55.92356071903252
0
VERTEX
8
L9
10
44.88394745163812
20
-55.91811031427053
0
VERTEX
8
L9
10
44.89132335305145
20
-55.91164182233768
0
VERTEX
8
L9
10
44.8977918449843
20
-55.90426592092434
0
VERTEX
8
L9
10
44.9032422497463
20
-55.89610881374869
0
VERTEX
8
L9
10
44.90758130940081
20
-55.88731007117607
0
VERTEX
8
L9
10
44.91073478143413
20
-55.87802024213138
0
VERTEX
8
L9
10
44.91264870906549
20
-55.86839827816519
0
VERTEX
8
L9
10
44.91329034446245
20
-55.85860881374869
0
VERTEX
8
L9
10
44.91264870906549
20
-55.84881934933218
0
VERTEX
8
L9
10
44.91073478143413
20
-55.839197385366
0
VERTEX
8
L9
10
44.90758130940081
20
-55.8299075563213
0
VERTEX
8
L9
10
44.9032422497463
20
-55.82110881374869
0
VERTEX
8
L9
10
44.8977918449843
20
-55.81295170657303
0
VERTEX
8
L9
10
44.89132335305145
20
-55.8055758051597
0
VERTEX
8
L9
10
44.88394745163812
20
-55.79910731322684
0
VERTEX
8
L9
10
44.87579034446246
20
-55.793656908464854
0
VERTEX
8
L9
10
44.866991601889836
20
-55.78931784881034
0
VERTEX
8
L9
10
44.85770177284515
20
-55.78616437677701
0
VERTEX
8
L9
10
44.84807980887898
20
-55.78425044914565
0
VERTEX
8
L9
10
44.838290344462465
20
-55.783608813748685
0
SEQEND
0
POLYLINE
8
L9
66
1
70
1
0
VERTEX
8
L9
10
48.50299401197604
20
-54.77529940119761
0
VERTEX
8
L9
10
48.49320454755956
20
-54.775941036594574
0
VERTEX
8
L9
10
48.48358258359336
20
-54.777854964225924
0
VERTEX
8
L9
10
48.47429275454867
20
-54.78100843625926
0
VERTEX
8
L9
10
48.46549401197605
20
-54.785347495913776
0
VERTEX
8
L9
10
48.457336904800385
20
-54.79079790067576
0
VERTEX
8
L9
10
48.44996100338706
20
-54.79726639260861
0
VERTEX
8
L9
10
48.44349251145421
20
-54.80464229402195
0
VERTEX
8
L9
10
48.43804210669221
20
-54.81279940119761
0
VERTEX
8
L9
10
48.433703047037696
20
-54.821598143770224
0
VERTEX
8
L9
10
48.43054957500438
20
-54.83088797281492
0
VERTEX
8
L9
10
48.428635647373014
20
-54.8405099367811
0
VERTEX
8
L9
10
48.427994011976054
20
-54.8502994011976
0
VERTEX
8
L9
10
48.428635647373014
20
-54.86008886561411
0
VERTEX
8
L9
10
48.43054957500438
20
-54.86971082958029
0
VERTEX
8
L9
10
48.433703047037696
20
-54.87900065862499
0
VERTEX
8
L9
10
48.43804210669221
20
-54.887799401197604
0
VERTEX
8
L9
10
48.44349251145421
20
-54.89595650837326
0
VERTEX
8
L9
10
48.44996100338706
20
-54.9033324097866
0
VERTEX
8
L9
10
48.457336904800385
20
-54.90980090171945
0
VERTEX
8
L9
10
48.46549401197605
20
-54.91525130648144
0
VERTEX
8
L9
10
48.47429275454867
20
-54.91959036613595
0
VERTEX
8
L9
10
48.48358258359336
20
-54.92274383816929
0
VERTEX
8
L9
10
48.49320454755956
20
-54.92465776580064
0
VERTEX
8
L9
10
48.50299401197604
20
-54.925299401197606
0
VERTEX
8
L9
10
48.512783476392556
20
-54.92465776580064
0
VERTEX
8
L9
10
48.52240544035875
20
-54.92274383816929
0
VERTEX
8
L9
10
48.53169526940344
20
-54.91959036613595
0
VERTEX
8
L9
10
48.54049401197604
20
-54.91525130648144
0
VERTEX
8
L9
10
48.5486511191517
20
-54.90980090171945
0
VERTEX
8
L9
10
48.556027020565054
20
-54.9033324097866
0
VERTEX
8
L9
10
48.562495512497904
20
-54.89595650837326
0
VERTEX
8
L9
10
48.56794591725988
20
-54.887799401197604
0
VERTEX
8
L9
10
48.57228497691439
20
-54.87900065862499
0
VERTEX
8
L9
10
48.575438448947736
20
-54.86971082958029
0
VERTEX
8
L9
10
48.5773523765791
20
-54.86008886561411
0
VERTEX
8
L9
10
48.57799401197606
20
-54.8502994011976
0
VERTEX
8
L9
10
48.5773523765791
20
-54.8405099367811
0
VERTEX
8
L9
10
48.575438448947736
20
-54.83088797281492
0
VERTEX
8
L9
10
48.57228497691439
20
-54.821598143770224
0
VERTEX
8
L9
10
48.56794591725988
20
-54.81279940119761
0
VERTEX
8
L9
10
48.562495512497904
20
-54.80464229402195
0
VERTEX
8
L9
10
48.556027020565054
20
-54.79726639260861
0
VERTEX
8
L9
10
48.5486511191517
20
-54.79079790067576
0
VERTEX
8
L9
10
48.54049401197604
20
-54.785347495913776
0
VERTEX
8
L9
10
48.53169526940344
20
-54.78100843625926
0
VERTEX
8
L9
10
48.52240544035875
20
-54.777854964225924
0
VERTEX
8
L9
10
48.512783476392556
20
-54.775941036594574
0
VERTEX
8
L9
10
48.50299401197604
20
-54.77529940119761
0
SEQEND
0
POLYLINE
8
L9
66
1
70
1
0
VERTEX
8
L9
10
47.24550898203593
20
-55.61362275449102
0
VERTEX
8
L9
10
47.235719517619415
20
-55.614264389887985
0
VERTEX
8
L9
10
47.22609755365325
20
-55.61617831751934
0
VERTEX
8
L9
10
47.21680772460856
20
-55.619331789552675
0
VERTEX
8
L9
10
47.208008982035935
20
-55.62367084920719
0
VERTEX
8
L9
10
47.19985187486027
20
-55.629121253969174
0
VERTEX
8
L9
10
47.192475973446946
20
-55.63558974590203
0
VERTEX
8
L9
10
47.186007481514096
20
-55.642965647315364
0
VERTEX
8
L9
10
47.180557076752095
20
-55.65112275449102
0
VERTEX
8
L9
10
47.17621801709758
20
-55.659921497063635
0
VERTEX
8
L9
10
47.173064545064264
20
-55.66921132610833
0
VERTEX
8
L9
10
47.1711506174329
20
-55.678833290074515
0
VERTEX
8
L9
10
47.17050898203594
20
-55.68862275449102
0
VERTEX
8
L9
10
47.1711506174329
20
-55.69841221890752
0
VERTEX
8
L9
10
47.173064545064264
20
-55.70803418287371
0
VERTEX
8
L9
10
47.17621801709758
20
-55.7173240119184
0
VERTEX
8
L9
10
47.180557076752095
20
-55.726122754491016
0
VERTEX
8
L9
10
47.186007481514096
20
-55.73427986166667
0
VERTEX
8
L9
10
47.192475973446946
20
-55.74165576308001
0
VERTEX
8
L9
10
47.19985187486027
20
-55.74812425501286
0
VERTEX
8
L9
10
47.208008982035935
20
-55.75357465977485
0
VERTEX
8
L9
10
47.21680772460856
20
-55.75791371942937
0
VERTEX
8
L9
10
47.22609755365325
20
-55.7610671914627
0
VERTEX
8
L9
10
47.235719517619415
20
-55.76298111909406
0
VERTEX
8
L9
10
47.24550898203593
20
-55.76362275449102
0
VERTEX
8
L9
10
47.25529844645244
20
-55.76298111909406
0
VERTEX
8
L9
10
47.26492041041861
20
-55.7610671914627
0
VERTEX
8
L9
10
47.2742102394633
20
-55.75791371942937
0
VERTEX
8
L9
10
47.28300898203592
20
-55.75357465977485
0
VERTEX
8
L9
10
47.291166089211586
20
-55.74812425501286
0
VERTEX
8
L9
10
47.29854199062491
20
-55.74165576308001
0
VERTEX
8
L9
10
47.30501048255776
20
-55.73427986166667
0
VERTEX
8
L9
10
47.31046088731976
20
-55.726122754491016
0
VERTEX
8
L9
10
47.314799946974276
20
-55.7173240119184
0
VERTEX
8
L9
10
47.31795341900762
20
-55.70803418287371
0
VERTEX
8
L9
10
47.31986734663896
20
-55.69841221890752
0
VERTEX
8
L9
10
47.320508982035946
20
-55.68862275449102
0
VERTEX
8
L9
10
47.31986734663896
20
-55.678833290074515
0
VERTEX
8
L9
10
47.31795341900762
20
-55.66921132610833
0
VERTEX
8
L9
10
47.314799946974276
20
-55.659921497063635
0
VERTEX
8
L9
10
47.31046088731976
20
-55.65112275449102
0
VERTEX
8
L9
10
47.30501048255776
20
-55.642965647315364
0
VERTEX
8
L9
10
47.29854199062491
20
-55.63558974590203
0
VERTEX
8
L9
10
47.291166089211586
20
-55.629121253969174
0
VERTEX
8
L9
10
47.28300898203592
20
-55.62367084920719
0
VERTEX
8
L9
10
47.2742102394633
20
-55.619331789552675
0
VERTEX
8
L9
10
47.26492041041861
20
-55.61617831751934
0
VERTEX
8
L9
10
47.25529844645244
20
-55.614264389887985
0
VERTEX
8
L9
10
47.24550898203593
20
-55.61362275449102
0
SEQEND
0
POLYLINE
8
L9
66
1
70
1
0
VERTEX
8
L9
10
48.50299401197604
20
-53.81721556886228
0
VERTEX
8
L9
10
48.49320454755956
20
-53.81785720425924
0
VERTEX
8
L9
10
48.48358258359336
20
-53.8197711318906
0
VERTEX
8
L9
10
48.47429275454867
20
-53.82292460392393
0
VERTEX
8
L9
10
48.46549401197605
20
-53.82726366357844
0
VERTEX
8
L9
10
48.457336904800385
20
-53.83271406834044
0
VERTEX
8
L9
10
48.44996100338706
20
-53.83918256027329
0
VERTEX
8
L9
10
48.44349251145421
20
-53.84655846168663
0
VERTEX
8
L9
10
48.43804210669221
20
-53.854715568862275
0
VERTEX
8
L9
10
48.433703047037696
20
-53.8635143114349
0
VERTEX
8
L9
10
48.43054957500438
20
-53.87280414047959
0
VERTEX
8
L9
10
48.428635647373014
20
-53.88242610444578
0
VERTEX
8
L9
10
48.427994011976054
20
-53.89221556886228
0
VERTEX
8
L9
10
48.428635647373014
20
-53.90200503327878
0
VERTEX
8
L9
10
48.43054957500438
20
-53.911626997244966
0
VERTEX
8
L9
10
48.433703047037696
20
-53.92091682628966
0
VERTEX
8
L9
10
48.43804210669221
20
-53.92971556886228
0
VERTEX
8
L9
10
48.44349251145421
20
-53.937872676037934
0
VERTEX
8
L9
10
48.44996100338706
20
-53.94524857745127
0
VERTEX
8
L9
10
48.457336904800385
20
-53.95171706938412
0
VERTEX
8
L9
10
48.46549401197605
20
-53.95716747414611
0
VERTEX
8
L9
10
48.47429275454867
20
-53.96150653380062
0
VERTEX
8
L9
10
48.48358258359336
20
-53.964660005833956
0
VERTEX
8
L9
10
48.49320454755956
20
-53.96657393346531
0
VERTEX
8
L9
10
48.50299401197604
20
-53.96721556886228
0
VERTEX
8
L9
10
48.512783476392556
20
-53.96657393346531
0
VERTEX
8
L9
10
48.52240544035875
20
-53.964660005833956
0
VERTEX
8
L9
10
48.53169526940344
20
-53.96150653380062
0
VERTEX
8
L9
10
48.54049401197604
20
-53.95716747414611
0
VERTEX
8
L9
10
48.5486511191517
20
-53.95171706938412
0
VERTEX
8
L9
10
48.556027020565054
20
-53.94524857745127
0
VERTEX
8
L9
10
48.562495512497904
20
-53.937872676037934
0
VERTEX
8
L9
10
48.56794591725988
20
-53.92971556886228
0
VERTEX
8
L9
10
48.57228497691439
20
-53.92091682628966
0
VERTEX
8
L9
10
48.575438448947736
20
-53.911626997244966
0
VERTEX
8
L9
10
48.5773523765791
20
-53.90200503327878
0
VERTEX
8
L9
10
48.57799401197606
20
-53.89221556886228
0
VERTEX
8
L9
10
48.5773523765791
20
-53.88242610444578
0
VERTEX
8
L9
10
48.575438448947736
20
-53.87280414047959
0
VERTEX
8
L9
10
48.57228497691439
20
-53.8635143114349
0
VERTEX
8
L9
10
48.56794591725988
20
-53.854715568862275
0
VERTEX
8
L9
10
48.562495512497904
20
-53.84655846168663
0
VERTEX
8
L9
10
48.556027020565054
20
-53.83918256027329
0
VERTEX
8
L9
10
48.5486511191517
20
-53.83271406834044
0
VERTEX
8
L9
10
48.54049401197604
20
-53.82726366357844
0
VERTEX
8
L9
10
48.53169526940344
20
-53.82292460392393
0
VERTEX
8
L9
10
48.52240544035875
20
-53.8197711318906
0
VERTEX
8
L9
10
48.512783476392556
20
-53.81785720425924
0
VERTEX
8
L9
10
48.50299401197604
20
-53.81721556886228
0
SEQEND
0
POLYLINE
8
L9
66
1
70
1
0
VERTEX
8
L9
10
48.50299401197604
20
-53.338173652694614
0
VERTEX
8
L9
10
48.49320454755956
20
-53.338815288091574
0
VERTEX
8
L9
10
48.48358258359336
20
-53.34072921572293
0
VERTEX
8
L9
10
48.47429275454867
20
-53.34388268775626
0
VERTEX
8
L9
10
48.46549401197605
20
-53.34822174741078
0
VERTEX
8
L9
10
48.457336904800385
20
-53.35367215217277
0
VERTEX
8
L9
10
48.44996100338706
20
-53.36014064410562
0
VERTEX
8
L9
10
48.44349251145421
20
-53.36751654551896
0
VERTEX
8
L9
10
48.43804210669221
20
-53.375673652694616
0
VERTEX
8
L9
10
48.433703047037696
20
-53.38447239526723
0
VERTEX
8
L9
10
48.43054957500438
20
-53.39376222431192
0
VERTEX
8
L9
10
48.428635647373014
20
-53.40338418827811
0
VERTEX
8
L9
10
48.427994011976054
20
-53.41317365269461
0
VERTEX
8
L9
10
48.428635647373014
20
-53.42296311711112
0
VERTEX
8
L9
10
48.43054957500438
20
-53.4325850810773
0
VERTEX
8
L9
10
48.433703047037696
20
-53.441874910121996
0
VERTEX
8
L9
10
48.43804210669221
20
-53.45067365269461
0
VERTEX
8
L9
10
48.44349251145421
20
-53.45883075987027
0
VERTEX
8
L9
10
48.44996100338706
20
-53.46620666128361
0
VERTEX
8
L9
10
48.457336904800385
20
-53.47267515321646
0
VERTEX
8
L9
10
48.46549401197605
20
-53.478125557978444
0
VERTEX
8
L9
10
48.47429275454867
20
-53.48246461763296
0
VERTEX
8
L9
10
48.48358258359336
20
-53.485618089666296
0
VERTEX
8
L9
10
48.49320454755956
20
-53.487532017297646
0
VERTEX
8
L9
10
48.50299401197604
20
-53.48817365269461
0
VERTEX
8
L9
10
48.512783476392556
20
-53.487532017297646
0
VERTEX
8
L9
10
48.52240544035875
20
-53.485618089666296
0
VERTEX
8
L9
10
48.53169526940344
20
-53.48246461763296
0
VERTEX
8
L9
10
48.54049401197604
20
-53.478125557978444
0
VERTEX
8
L9
10
48.5486511191517
20
-53.47267515321646
0
VERTEX
8
L9
10
48.556027020565054
20
-53.46620666128361
0
VERTEX
8
L9
10
48.562495512497904
20
-53.45883075987027
0
VERTEX
8
L9
10
48.56794591725988
20
-53.45067365269461
0
VERTEX
8
L9
10
48.57228497691439
20
-53.441874910121996
0
VERTEX
8
L9
10
48.575438448947736
20
-53.4325850810773
0
VERTEX
8
L9
10
48.5773523765791
20
-53.42296311711112
0
VERTEX
8
L9
10
48.57799401197606
20
-53.41317365269461
0
VERTEX
8
L9
10
48.5773523765791
20
-53.40338418827811
0
VERTEX
8
L9
10
48.575438448947736
20
-53.39376222431192
0
VERTEX
8
L9
10
48.57228497691439
20
-53.38447239526723
0
VERTEX
8
L9
10
48.56794591725988
20
-53.375673652694616
0
VERTEX
8
L9
10
48.562495512497904
20
-53.36751654551896
0
VERTEX
8
L9
10
48.556027020565054
20
-53.36014064410562
0
VERTEX
8
L9
10
48.5486511191517
20
-53.35367215217277
0
VERTEX
8
L9
10
48.54049401197604
20
-53.34822174741078
0
VERTEX
8
L9
10
48.53169526940344
20
-53.34388268775626
0
VERTEX
8
L9
10
48.52240544035875
20
-53.34072921572293
0
VERTEX
8
L9
10
48.512783476392556
20
-53.338815288091574
0
VERTEX
8
L9
10
48.50299401197604
20
-53.338173652694614
0
SEQEND
0
POLYLINE
8
L9
66
1
70
1
0
VERTEX
8
L9
10
52.63473053892214
20
-55.61362275449102
0
VERTEX
8
L9
10
52.62494107450566
20
-55.614264389887985
0
VERTEX
8
L9
10
52.61531911053946
20
-55.61617831751934
0
VERTEX
8
L9
10
52.60602928149477
20
-55.619331789552675
0
VERTEX
8
L9
10
52.59723053892215
20
-55.62367084920719
0
VERTEX
8
L9
10
52.58907343174651
20
-55.629121253969174
0
VERTEX
8
L9
10
52.58169753033316
20
-55.63558974590203
0
VERTEX
8
L9
10
52.57522903840031
20
-55.642965647315364
0
VERTEX
8
L9
10
52.569778633638336
20
-55.65112275449102
0
VERTEX
8
L9
10
52.565439573983795
20
-55.659921497063635
0
VERTEX
8
L9
10
52.56228610195048
20
-55.66921132610833
0
VERTEX
8
L9
10
52.56037217431911
20
-55.678833290074515
0
VERTEX
8
L9
10
52.55973053892215
20
-55.68862275449102
0
VERTEX
8
L9
10
52.56037217431911
20
-55.69841221890752
0
VERTEX
8
L9
10
52.56228610195048
20
-55.70803418287371
0
VERTEX
8
L9
10
52.565439573983795
20
-55.7173240119184
0
VERTEX
8
L9
10
52.569778633638336
20
-55.726122754491016
0
VERTEX
8
L9
10
52.57522903840031
20
-55.73427986166667
0
VERTEX
8
L9
10
52.58169753033316
20
-55.74165576308001
0
VERTEX
8
L9
10
52.58907343174651
20
-55.74812425501286
0
VERTEX
8
L9
10
52.59723053892215
20
-55.75357465977485
0
VERTEX
8
L9
10
52.60602928149477
20
-55.75791371942937
0
VERTEX
8
L9
10
52.61531911053946
20
-55.7610671914627
0
VERTEX
8
L9
10
52.62494107450566
20
-55.76298111909406
0
VERTEX
8
L9
10
52.63473053892214
20
-55.76362275449102
0
VERTEX
8
L9
10
52.644520003338656
20
-55.76298111909406
0
VERTEX
8
L9
10
52.65414196730485
20
-55.7610671914627
0
VERTEX
8
L9
10
52.66343179634954
20
-55.75791371942937
0
VERTEX
8
L9
10
52.672230538922165
20
-55.75357465977485
0
VERTEX
8
L9
10
52.6803876460978
20
-55.74812425501286
0
VERTEX
8
L9
10
52.68776354751115
20
-55.74165576308001
0
VERTEX
8
L9
10
52.694232039444
20
-55.73427986166667
0
VERTEX
8
L9
10
52.699682444205976
20
-55.726122754491016
0
VERTEX
8
L9
10
52.70402150386049
20
-55.7173240119184
0
VERTEX
8
L9
10
52.707174975893835
20
-55.70803418287371
0
VERTEX
8
L9
10
52.7090889035252
20
-55.69841221890752
0
VERTEX
8
L9
10
52.70973053892216
20
-55.68862275449102
0
VERTEX
8
L9
10
52.7090889035252
20
-55.678833290074515
0
VERTEX
8
L9
10
52.707174975893835
20
-55.66921132610833
0
VERTEX
8
L9
10
52.70402150386049
20
-55.659921497063635
0
VERTEX
8
L9
10
52.699682444205976
20
-55.65112275449102
0
VERTEX
8
L9
10
52.694232039444
20
-55.642965647315364
0
VERTEX
8
L9
10
52.68776354751115
20
-55.63558974590203
0
VERTEX
8
L9
10
52.6803876460978
20
-55.629121253969174
0
VERTEX
8
L9
10
52.672230538922165
20
-55.62367084920719
0
VERTEX
8
L9
10
52.66343179634954
20
-55.619331789552675
0
VERTEX
8
L9
10
52.65414196730485
20
-55.61617831751934
0
VERTEX
8
L9
10
52.644520003338656
20
-55.614264389887985
0
VERTEX
8
L9
10
52.63473053892214
20
-55.61362275449102
0
SEQEND
0
POLYLINE
8
L9
66
1
70
1
0
VERTEX
8
L9
10
48.50299401197604
20
-54.29625748502994
0
VERTEX
8
L9
10
48.49320454755956
20
-54.29689912042691
0
VERTEX
8
L9
10
48.48358258359336
20
-54.298813048058264
0
VERTEX
8
L9
10
48.47429275454867
20
-54.3019665200916
0
VERTEX
8
L9
10
48.46549401197605
20
-54.30630557974611
0
VERTEX
8
L9
10
48.457336904800385
20
-54.311755984508096
0
VERTEX
8
L9
10
48.44996100338706
20
-54.31822447644095
0
VERTEX
8
L9
10
48.44349251145421
20
-54.325600377854286
0
VERTEX
8
L9
10
48.43804210669221
20
-54.33375748502994
0
VERTEX
8
L9
10
48.433703047037696
20
-54.34255622760256
0
VERTEX
8
L9
10
48.43054957500438
20
-54.351846056647254
0
VERTEX
8
L9
10
48.428635647373014
20
-54.36146802061344
0
VERTEX
8
L9
10
48.427994011976054
20
-54.37125748502994
0
VERTEX
8
L9
10
48.428635647373014
20
-54.38104694944644
0
VERTEX
8
L9
10
48.43054957500438
20
-54.39066891341263
0
VERTEX
8
L9
10
48.433703047037696
20
-54.39995874245732
0
VERTEX
8
L9
10
48.43804210669221
20
-54.408757485029945
0
VERTEX
8
L9
10
48.44349251145421
20
-54.41691459220559
0
VERTEX
8
L9
10
48.44996100338706
20
-54.42429049361893
0
VERTEX
8
L9
10
48.457336904800385
20
-54.43075898555178
0
VERTEX
8
L9
10
48.46549401197605
20
-54.43620939031378
0
VERTEX
8
L9
10
48.47429275454867
20
-54.44054844996829
0
VERTEX
8
L9
10
48.48358258359336
20
-54.44370192200162
0
VERTEX
8
L9
10
48.49320454755956
20
-54.44561584963298
0
VERTEX
8
L9
10
48.50299401197604
20
-54.44625748502994
0
VERTEX
8
L9
10
48.512783476392556
20
-54.44561584963298
0
VERTEX
8
L9
10
48.52240544035875
20
-54.44370192200162
0
VERTEX
8
L9
10
48.53169526940344
20
-54.44054844996829
0
VERTEX
8
L9
10
48.54049401197604
20
-54.43620939031378
0
VERTEX
8
L9
10
48.5486511191517
20
-54.43075898555178
0
VERTEX
8
L9
10
48.556027020565054
20
-54.42429049361893
0
VERTEX
8
L9
10
48.562495512497904
20
-54.41691459220559
0
VERTEX
8
L9
10
48.56794591725988
20
-54.408757485029945
0
VERTEX
8
L9
10
48.57228497691439
20
-54.39995874245732
0
VERTEX
8
L9
10
48.575438448947736
20
-54.39066891341263
0
VERTEX
8
L9
10
48.5773523765791
20
-54.38104694944644
0
VERTEX
8
L9
10
48.57799401197606
20
-54.37125748502994
0
VERTEX
8
L9
10
48.5773523765791
20
-54.36146802061344
0
VERTEX
8
L9
10
48.575438448947736
20
-54.351846056647254
0
VERTEX
8
L9
10
48.57228497691439
20
-54.34255622760256
0
VERTEX
8
L9
10
48.56794591725988
20
-54.33375748502994
0
VERTEX
8
L9
10
48.562495512497904
20
-54.325600377854286
0
VERTEX
8
L9
10
48.556027020565054
20
-54.31822447644095
0
VERTEX
8
L9
10
48.5486511191517
20
-54.311755984508096
0
VERTEX
8
L9
10
48.54049401197604
20
-54.30630557974611
0
VERTEX
8
L9
10
48.53169526940344
20
-54.3019665200916
0
VERTEX
8
L9
10
48.52240544035875
20
-54.298813048058264
0
VERTEX
8
L9
10
48.512783476392556
20
-54.29689912042691
0
VERTEX
8
L9
10
48.50299401197604
20
-54.29625748502994
0
SEQEND
0
POLYLINE
8
L9
66
1
70
1
0
VERTEX
8
L9
10
52.16769767948965
20
-55.783608813748685
0
VERTEX
8
L9
10
52.157908215073135
20
-55.78425044914565
0
VERTEX
8
L9
10
52.14828625110694
20
-55.78616437677701
0
VERTEX
8
L9
10
52.13899642206225
20
-55.78931784881034
0
VERTEX
8
L9
10
52.130197679489626
20
-55.793656908464854
0
VERTEX
8
L9
10
52.12204057231399
20
-55.79910731322684
0
VERTEX
8
L9
10
52.11466467090064
20
-55.8055758051597
0
VERTEX
8
L9
10
52.10819617896779
20
-55.81295170657303
0
VERTEX
8
L9
10
52.102745774205815
20
-55.82110881374869
0
VERTEX
8
L9
10
52.0984067145513
20
-55.8299075563213
0
VERTEX
8
L9
10
52.095253242517956
20
-55.839197385366
0
VERTEX
8
L9
10
52.09333931488659
20
-55.84881934933218
0
VERTEX
8
L9
10
52.09269767948963
20
-55.85860881374869
0
VERTEX
8
L9
10
52.09333931488659
20
-55.86839827816519
0
VERTEX
8
L9
10
52.095253242517956
20
-55.87802024213138
0
VERTEX
8
L9
10
52.0984067145513
20
-55.88731007117607
0
VERTEX
8
L9
10
52.102745774205815
20
-55.89610881374869
0
VERTEX
8
L9
10
52.10819617896779
20
-55.90426592092434
0
VERTEX
8
L9
10
52.11466467090064
20
-55.91164182233768
0
VERTEX
8
L9
10
52.12204057231399
20
-55.91811031427053
0
VERTEX
8
L9
10
52.130197679489626
20
-55.92356071903252
0
VERTEX
8
L9
10
52.13899642206225
20
-55.927899778687035
0
VERTEX
8
L9
10
52.14828625110694
20
-55.93105325072037
0
VERTEX
8
L9
10
52.157908215073135
20
-55.932967178351724
0
VERTEX
8
L9
10
52.16769767948965
20
-55.933608813748684
0
VERTEX
8
L9
10
52.177487143906134
20
-55.932967178351724
0
VERTEX
8
L9
10
52.18710910787233
20
-55.93105325072037
0
VERTEX
8
L9
10
52.19639893691702
20
-55.927899778687035
0
VERTEX
8
L9
10
52.20519767948964
20
-55.92356071903252
0
VERTEX
8
L9
10
52.213354786665306
20
-55.91811031427053
0
VERTEX
8
L9
10
52.22073068807863
20
-55.91164182233768
0
VERTEX
8
L9
10
52.22719918001148
20
-55.90426592092434
0
VERTEX
8
L9
10
52.23264958477348
20
-55.89610881374869
0
VERTEX
8
L9
10
52.236988644427996
20
-55.88731007117607
0
VERTEX
8
L9
10
52.240142116461314
20
-55.87802024213138
0
VERTEX
8
L9
10
52.24205604409268
20
-55.86839827816519
0
VERTEX
8
L9
10
52.24269767948964
20
-55.85860881374869
0
VERTEX
8
L9
10
52.24205604409268
20
-55.84881934933218
0
VERTEX
8
L9
10
52.240142116461314
20
-55.839197385366
0
VERTEX
8
L9
10
52.236988644427996
20
-55.8299075563213
0
VERTEX
8
L9
10
52.23264958477348
20
-55.82110881374869
0
VERTEX
8
L9
10
52.22719918001148
20
-55.81295170657303
0
VERTEX
8
L9
10
52.22073068807863
20
-55.8055758051597
0
VERTEX
8
L9
10
52.213354786665306
20
-55.79910731322684
0
VERTEX
8
L9
10
52.20519767948964
20
-55.793656908464854
0
VERTEX
8
L9
10
52.19639893691702
20
-55.78931784881034
0
VERTEX
8
L9
10
52.18710910787233
20
-55.78616437677701
0
VERTEX
8
L9
10
52.177487143906134
20
-55.78425044914565
0
VERTEX
8
L9
10
52.16769767948965
20
-55.783608813748685
0
SEQEND
0
POLYLINE
8
L9
66
1
70
1
0
VERTEX
8
L9
10
48.50299401197604
20
-55.254341317365274
0
VERTEX
8
L9
10
48.49320454755956
20
-55.254982952762234
0
VERTEX
8
L9
10
48.48358258359336
20
-55.25689688039359
0
VERTEX
8
L9
10
48.47429275454867
20
-55.26005035242692
0
VERTEX
8
L9
10
48.46549401197605
20
-55.264389412081435
0
VERTEX
8
L9
10
48.457336904800385
20
-55.26983981684343
0
VERTEX
8
L9
10
48.44996100338706
20
-55.27630830877628
0
VERTEX
8
L9
10
48.44349251145421
20
-55.28368421018962
0
VERTEX
8
L9
10
48.43804210669221
20
-55.29184131736527
0
VERTEX
8
L9
10
48.433703047037696
20
-55.30064005993789
0
VERTEX
8
L9
10
48.43054957500438
20
-55.30992988898258
0
VERTEX
8
L9
10
48.428635647373014
20
-55.31955185294877
0
VERTEX
8
L9
10
48.427994011976054
20
-55.32934131736527
0
VERTEX
8
L9
10
48.428635647373014
20
-55.339130781781776
0
VERTEX
8
L9
10
48.43054957500438
20
-55.34875274574796
0
VERTEX
8
L9
10
48.433703047037696
20
-55.358042574792655
0
VERTEX
8
L9
10
48.43804210669221
20
-55.36684131736527
0
VERTEX
8
L9
10
48.44349251145421
20
-55.37499842454093
0
VERTEX
8
L9
10
48.44996100338706
20
-55.38237432595426
0
VERTEX
8
L9
10
48.457336904800385
20
-55.38884281788712
0
VERTEX
8
L9
10
48.46549401197605
20
-55.394293222649104
0
VERTEX
8
L9
10
48.47429275454867
20
-55.398632282303616
0
VERTEX
8
L9
10
48.48358258359336
20
-55.40178575433695
0
VERTEX
8
L9
10
48.49320454755956
20
-55.403699681968305
0
VERTEX
8
L9
10
48.50299401197604
20
-55.40434131736527
0
VERTEX
8
L9
10
48.512783476392556
20
-55.403699681968305
0
VERTEX
8
L9
10
48.52240544035875
20
-55.40178575433695
0
VERTEX
8
L9
10
48.53169526940344
20
-55.398632282303616
0
VERTEX
8
L9
10
48.54049401197604
20
-55.394293222649104
0
VERTEX
8
L9
10
48.5486511191517
20
-55.38884281788712
0
VERTEX
8
L9
10
48.556027020565054
20
-55.38237432595426
0
VERTEX
8
L9
10
48.562495512497904
20
-55.37499842454093
0
VERTEX
8
L9
10
48.56794591725988
20
-55.36684131736527
0
VERTEX
8
L9
10
48.57228497691439
20
-55.358042574792655
0
VERTEX
8
L9
10
48.575438448947736
20
-55.34875274574796
0
VERTEX
8
L9
10
48.5773523765791
20
-55.339130781781776
0
VERTEX
8
L9
10
48.57799401197606
20
-55.32934131736527
0
VERTEX
8
L9
10
48.5773523765791
20
-55.31955185294877
0
VERTEX
8
L9
10
48.575438448947736
20
-55.30992988898258
0
VERTEX
8
L9
10
48.57228497691439
20
-55.30064005993789
0
VERTEX
8
L9
10
48.56794591725988
20
-55.29184131736527
0
VERTEX
8
L9
10
48.562495512497904
20
-55.28368421018962
0
VERTEX
8
L9
10
48.556027020565054
20
-55.27630830877628
0
VERTEX
8
L9
10
48.5486511191517
20
-55.26983981684343
0
VERTEX
8
L9
10
48.54049401197604
20
-55.264389412081435
0
VERTEX
8
L9
10
48.53169526940344
20
-55.26005035242692
0
VERTEX
8
L9
10
48.52240544035875
20
-55.25689688039359
0
VERTEX
8
L9
10
48.512783476392556
20
-55.254982952762234
0
VERTEX
8
L9
10
48.50299401197604
20
-55.254341317365274
0
SEQEND
0
POLYLINE
8
L9
66
1
70
1
0
VERTEX
8
L9
10
49.760479041916156
20
-55.61362275449102
0
VERTEX
8
L9
10
49.75068957749967
20
-55.614264389887985
0
VERTEX
8
L9
10
49.741067613533474
20
-55.61617831751934
0
VERTEX
8
L9
10
49.731777784488784
20
-55.619331789552675
0
VERTEX
8
L9
10
49.72297904191616
20
-55.62367084920719
0
VERTEX
8
L9
10
49.71482193474053
20
-55.629121253969174
0
VERTEX
8
L9
10
49.70744603332717
20
-55.63558974590203
0
VERTEX
8
L9
10
49.70097754139432
20
-55.642965647315364
0
VERTEX
8
L9
10
49.69552713663235
20
-55.65112275449102
0
VERTEX
8
L9
10
49.69118807697781
20
-55.659921497063635
0
VERTEX
8
L9
10
49.68803460494449
20
-55.66921132610833
0
VERTEX
8
L9
10
49.68612067731313
20
-55.678833290074515
0
VERTEX
8
L9
10
49.68547904191617
20
-55.68862275449102
0
VERTEX
8
L9
10
49.68612067731313
20
-55.69841221890752
0
VERTEX
8
L9
10
49.68803460494449
20
-55.70803418287371
0
VERTEX
8
L9
10
49.69118807697781
20
-55.7173240119184
0
VERTEX
8
L9
10
49.69552713663235
20
-55.726122754491016
0
VERTEX
8
L9
10
49.70097754139432
20
-55.73427986166667
0
VERTEX
8
L9
10
49.70744603332717
20
-55.74165576308001
0
VERTEX
8
L9
10
49.71482193474053
20
-55.74812425501286
0
VERTEX
8
L9
10
49.72297904191616
20
-55.75357465977485
0
VERTEX
8
L9
10
49.731777784488784
20
-55.75791371942937
0
VERTEX
8
L9
10
49.741067613533474
20
-55.7610671914627
0
VERTEX
8
L9
10
49.75068957749967
20
-55.76298111909406
0
VERTEX
8
L9
10
49.760479041916156
20
-55.76362275449102
0
VERTEX
8
L9
10
49.77026850633267
20
-55.76298111909406
0
VERTEX
8
L9
10
49.77989047029887
20
-55.7610671914627
0
VERTEX
8
L9
10
49.789180299343556
20
-55.75791371942937
0
VERTEX
8
L9
10
49.79797904191618
20
-55.75357465977485
0
VERTEX
8
L9
10
49.80613614909181
20
-55.74812425501286
0
VERTEX
8
L9
10
49.81351205050517
20
-55.74165576308001
0
VERTEX
8
L9
10
49.81998054243802
20
-55.73427986166667
0
VERTEX
8
L9
10
49.82543094719999
20
-55.726122754491016
0
VERTEX
8
L9
10
49.8297700068545
20
-55.7173240119184
0
VERTEX
8
L9
10
49.83292347888785
20
-55.70803418287371
0
VERTEX
8
L9
10
49.83483740651921
20
-55.69841221890752
0
VERTEX
8
L9
10
49.83547904191617
20
-55.68862275449102
0
VERTEX
8
L9
10
49.83483740651921
20
-55.678833290074515
0
VERTEX
8
L9
10
49.83292347888785
20
-55.66921132610833
0
VERTEX
8
L9
10
49.8297700068545
20
-55.659921497063635
0
VERTEX
8
L9
10
49.82543094719999
20
-55.65112275449102
0
VERTEX
8
L9
10
49.81998054243802
20
-55.642965647315364
0
VERTEX
8
L9
10
49.81351205050517
20
-55.63558974590203
0
VERTEX
8
L9
10
49.80613614909181
20
-55.629121253969174
0
VERTEX
8
L9
10
49.79797904191618
20
-55.62367084920719
0
VERTEX
8
L9
10
49.789180299343556
20
-55.619331789552675
0
VERTEX
8
L9
10
49.77989047029887
20
-55.61617831751934
0
VERTEX
8
L9
10
49.77026850633267
20
-55.614264389887985
0
VERTEX
8
L9
10
49.760479041916156
20
-55.61362275449102
0
SEQEND
0
POLYLINE
8
L9
66
1
70
1
0
VERTEX
8
L9
10
48.50299401197604
20
-56.2124251497006
0
VERTEX
8
L9
10
48.49320454755956
20
-56.21306678509757
0
VERTEX
8
L9
10
48.48358258359336
20
-56.21498071272892
0
VERTEX
8
L9
10
48.47429275454867
20
-56.218134184762256
0
VERTEX
8
L9
10
48.46549401197605
20
-56.22247324441677
0
VERTEX
8
L9
10
48.457336904800385
20
-56.227923649178756
0
VERTEX
8
L9
10
48.44996100338706
20
-56.234392141111606
0
VERTEX
8
L9
10
48.44349251145421
20
-56.241768042524946
0
VERTEX
8
L9
10
48.43804210669221
20
-56.2499251497006
0
VERTEX
8
L9
10
48.433703047037696
20
-56.25872389227322
0
VERTEX
8
L9
10
48.43054957500438
20
-56.268013721317914
0
VERTEX
8
L9
10
48.428635647373014
20
-56.277635685284096
0
VERTEX
8
L9
10
48.427994011976054
20
-56.2874251497006
0
VERTEX
8
L9
10
48.428635647373014
20
-56.2972146141171
0
VERTEX
8
L9
10
48.43054957500438
20
-56.30683657808329
0
VERTEX
8
L9
10
48.433703047037696
20
-56.31612640712798
0
VERTEX
8
L9
10
48.43804210669221
20
-56.3249251497006
0
VERTEX
8
L9
10
48.44349251145421
20
-56.33308225687625
0
VERTEX
8
L9
10
48.44996100338706
20
-56.34045815828959
0
VERTEX
8
L9
10
48.457336904800385
20
-56.34692665022244
0
VERTEX
8
L9
10
48.46549401197605
20
-56.35237705498443
0
VERTEX
8
L9
10
48.47429275454867
20
-56.35671611463895
0
VERTEX
8
L9
10
48.48358258359336
20
-56.35986958667228
0
VERTEX
8
L9
10
48.49320454755956
20
-56.36178351430364
0
VERTEX
8
L9
10
48.50299401197604
20
-56.3624251497006
0
VERTEX
8
L9
10
48.512783476392556
20
-56.36178351430364
0
VERTEX
8
L9
10
48.52240544035875
20
-56.35986958667228
0
VERTEX
8
L9
10
48.53169526940344
20
-56.35671611463895
0
VERTEX
8
L9
10
48.54049401197604
20
-56.35237705498443
0
VERTEX
8
L9
10
48.5486511191517
20
-56.34692665022244
0
VERTEX
8
L9
10
48.556027020565054
20
-56.34045815828959
0
VERTEX
8
L9
10
48.562495512497904
20
-56.33308225687625
0
VERTEX
8
L9
10
48.56794591725988
20
-56.3249251497006
0
VERTEX
8
L9
10
48.57228497691439
20
-56.31612640712798
0
VERTEX
8
L9
10
48.575438448947736
20
-56.30683657808329
0
VERTEX
8
L9
10
48.5773523765791
20
-56.2972146141171
0
VERTEX
8
L9
10
48.57799401197606
20
-56.2874251497006
0
VERTEX
8
L9
10
48.5773523765791
20
-56.277635685284096
0
VERTEX
8
L9
10
48.575438448947736
20
-56.268013721317914
0
VERTEX
8
L9
10
48.57228497691439
20
-56.25872389227322
0
VERTEX
8
L9
10
48.56794591725988
20
-56.2499251497006
0
VERTEX
8
L9
10
48.562495512497904
20
-56.241768042524946
0
VERTEX
8
L9
10
48.556027020565054
20
-56.234392141111606
0
VERTEX
8
L9
10
48.5486511191517
20
-56.227923649178756
0
VERTEX
8
L9
10
48.54049401197604
20
-56.22247324441677
0
VERTEX
8
L9
10
48.53169526940344
20
-56.218134184762256
0
VERTEX
8
L9
10
48.52240544035875
20
-56.21498071272892
0
VERTEX
8
L9
10
48.512783476392556
20
-56.21306678509757
0
VERTEX
8
L9
10
48.50299401197604
20
-56.2124251497006
0
SEQEND
0
ENDBLK
0
ENDSEC
0
SECTION
2
ENTITIES
0
INSERT
2
LDI_XFL94-0512-011_L9_B1
8
L9
10
0
20
0.0
30
0
0
INSERT
2
LDI_XFL94-0512-011_L9_B1
8
L9
10
0
20
4.790419161676647
30
0
0
INSERT
2
LDI_XFL94-0512-011_L9_B1
8
L9
10
0
20
9.580838323353294
30
0
0
INSERT
2
LDI_XFL94-0512-011_L9_B1
8
L9
10
0
20
14.371257485029941
30
0
0
INSERT
2
LDI_XFL94-0512-011_L9_B1
8
L9
10
0
20
19.16167664670659
30
0
0
INSERT
2
LDI_XFL94-0512-011_L9_B1
8
L9
10
0
20
23.952095808383234
30
0
0
INSERT
2
LDI_XFL94-0512-011_L9_B1
8
L9
10
0
20
28.742514970059883
30
0
0
INSERT
2
LDI_XFL94-0512-011_L9_B1
8
L9
10
0
20
33.53293413173653
30
0
0
INSERT
2
LDI_XFL94-0512-011_L9_B1
8
L9
10
0
20
38.32335329341318
30
0
0
INSERT
2
LDI_XFL94-0512-011_L9_B1
8
L9
10
0
20
43.11377245508982
30
0
0
INSERT
2
LDI_XFL94-0512-011_L9_B1
8
L9
10
0
20
47.90419161676647
30
0
0
INSERT
2
LDI_XFL94-0512-011_L9_B1
8
L9
10
0
20
52.69461077844312
30
0
0
INSERT
2
LDI_XFL94-0512-011_L9_B1
8
L9
10
0
20
57.485029940119766
30
0
0
INSERT
2
LDI_XFL94-0512-011_L9_B1
8
L9
10
0
20
62.27544910179641
30
0
0
INSERT
2
LDI_XFL94-0512-011_L9_B1
8
L9
10
0
20
67.06586826347306
30
0
0
INSERT
2
LDI_XFL94-0512-011_L9_B1
8
L9
10
0
20
71.8562874251497
30
0
0
INSERT
2
LDI_XFL94-0512-011_L9_B1
8
L9
10
0
20
76.64670658682635
30
0
0
INSERT
2
LDI_XFL94-0512-011_L9_B1
8
L9
10
0
20
81.43712574850301
30
0
0
INSERT
2
LDI_XFL94-0512-011_L9_B1
8
L9
10
0
20
86.22754491017965
30
0
0
INSERT
2
LDI_XFL94-0512-011_L9_B1
8
L9
10
0
20
91.0179640718563
30
0
0
INSERT
2
LDI_XFL94-0512-011_L9_B1
8
L9
10
0
20
95.80838323353294
30
0
0
INSERT
2
LDI_XFL94-0512-011_L9_B1
8
L9
10
0
20
100.59880239520959
30
0
0
INSERT
2
LDI_XFL94-0512-011_L9_B1
8
L9
10
0
20
105.38922155688624
30
0
0
INSERT
2
LDI_XFL94-0512-011_L9_B1
8
L9
10
0
20
110.17964071856288
30
0
0
POLYLINE
8
L9
66
1
70
1
40
0.1
41
0.1
0
VERTEX
8
L9
10
-61.5
20
-61.2
42
1.0
0
VERTEX
8
L9
10
-60.900000000000006
20
-61.2
42
1.0
0
SEQEND
0
POLYLINE
8
L9
66
1
70
1
40
0.1
41
0.1
0
VERTEX
8
L9
10
-61.5
20
61.2
42
1.0
0
VERTEX
8
L9
10
-60.900000000000006
20
61.2
42
1.0
0
SEQEND
0
POLYLINE
8
L9
66
1
70
1
40
0.1
41
0.1
0
VERTEX
8
L9
10
60.90000000000002
20
-61.2
42
1.0
0
VERTEX
8
L9
10
61.499999999999986
20
-61.2
42
1.0
0
SEQEND
0
POLYLINE
8
L9
66
1
70
1
40
0.1
41
0.1
0
VERTEX
8
L9
10
60.90000000000002
20
61.2
42
1.0
0
VERTEX
8
L9
10
61.499999999999986
20
61.2
42
1.0
0
SEQEND
0
POLYLINE
8
L9
66
1
70
1
0
VERTEX
8
L9
10
-64.46966991411009
20
-64.46966991411009
40
0.08
41
0.08
0
VERTEX
8
L9
10
-65.53033008588991
20
-65.53033008588991
40
0.08
41
0.08
0
SEQEND
0
POLYLINE
8
L9
66
1
70
1
0
VERTEX
8
L9
10
-64.46966991411009
20
-65.53033008588991
40
0.08
41
0.08
0
VERTEX
8
L9
10
-65.53033008588991
20
-64.46966991411009
40
0.08
41
0.08
0
SEQEND
0
POLYLINE
8
L9
66
1
70
1
0
VERTEX
8
L9
10
-64.46966991411009
20
65.53033008588993
40
0.08
41
0.08
0
VERTEX
8
L9
10
-65.53033008588991
20
64.4696699141101
40
0.08
41
0.08
0
SEQEND
0
POLYLINE
8
L9
66
1
70
1
0
VERTEX
8
L9
10
-64.46966991411009
20
64.4696699141101
40
0.08
41
0.08
0
VERTEX
8
L9
10
-65.53033008588991
20
65.53033008588993
40
0.08
41
0.08
0
SEQEND
0
POLYLINE
8
L9
66
1
70
1
0
VERTEX
8
L9
10
65.53033008588993
20
65.53033008588993
40
0.08
41
0.08
0
VERTEX
8
L9
10
64.4696699141101
20
64.4696699141101
40
0.08
41
0.08
0
SEQEND
0
POLYLINE
8
L9
66
1
70
1
0
VERTEX
8
L9
10
65.53033008588993
20
64.4696699141101
40
0.08
41
0.08
0
VERTEX
8
L9
10
64.4696699141101
20
65.53033008588993
40
0.08
41
0.08
0
SEQEND
0
POLYLINE
8
L9
66
1
70
1
0
VERTEX
8
L9
10
65.74999999999999
20
-65.0
40
0.08
41
0.08
0
VERTEX
8
L9
10
64.24999999999999
20
-65.0
40
0.08
41
0.08
0
SEQEND
0
POLYLINE
8
L9
66
1
70
1
0
VERTEX
8
L9
10
64.99999999999999
20
-64.25
40
0.08
41
0.08
0
VERTEX
8
L9
10
64.99999999999999
20
-65.75
40
0.08
41
0.08
0
SEQEND
0
POLYLINE
8
L9
66
1
70
1
0
VERTEX
8
L9
10
-53.89221556886228
20
-61.2
40
0.08
41
0.08
0
VERTEX
8
L9
10
-53.89221556886228
20
-64.2
40
0.08
41
0.08
0
SEQEND
0
POLYLINE
8
L9
66
1
70
1
0
VERTEX
8
L9
10
-53.89221556886228
20
61.2
40
0.08
41
0.08
0
VERTEX
8
L9
10
-53.89221556886228
20
64.2
40
0.08
41
0.08
0
SEQEND
0
POLYLINE
8
L9
66
1
70
1
0
VERTEX
8
L9
10
-43.11377245508983
20
-61.2
40
0.08
41
0.08
0
VERTEX
8
L9
10
-43.11377245508983
20
-64.2
40
0.08
41
0.08
0
SEQEND
0
POLYLINE
8
L9
66
1
70
1
0
VERTEX
8
L9
10
-43.11377245508983
20
61.2
40
0.08
41
0.08
0
VERTEX
8
L9
10
-43.11377245508983
20
64.2
40
0.08
41
0.08
0
SEQEND
0
POLYLINE
8
L9
66
1
70
1
0
VERTEX
8
L9
10
-32.33532934131736
20
-61.2
40
0.08
41
0.08
0
VERTEX
8
L9
10
-32.33532934131736
20
-64.2
40
0.08
41
0.08
0
SEQEND
0
POLYLINE
8
L9
66
1
70
1
0
VERTEX
8
L9
10
-32.33532934131736
20
61.2
40
0.08
41
0.08
0
VERTEX
8
L9
10
-32.33532934131736
20
64.2
40
0.08
41
0.08
0
SEQEND
0
POLYLINE
8
L9
66
1
70
1
0
VERTEX
8
L9
10
-21.556886227544908
20
-61.2
40
0.08
41
0.08
0
VERTEX
8
L9
10
-21.556886227544908
20
-64.2
40
0.08
41
0.08
0
SEQEND
0
POLYLINE
8
L9
66
1
70
1
0
VERTEX
8
L9
10
-21.556886227544908
20
61.2
40
0.08
41
0.08
0
VERTEX
8
L9
10
-21.556886227544908
20
64.2
40
0.08
41
0.08
0
SEQEND
0
POLYLINE
8
L9
66
1
70
1
0
VERTEX
8
L9
10
-10.778443113772454
20
-61.2
40
0.08
41
0.08
0
VERTEX
8
L9
10
-10.778443113772454
20
-64.2
40
0.08
41
0.08
0
SEQEND
0
POLYLINE
8
L9
66
1
70
1
0
VERTEX
8
L9
10
-10.778443113772454
20
61.2
40
0.08
41
0.08
0
VERTEX
8
L9
10
-10.778443113772454
20
64.2
40
0.08
41
0.08
0
SEQEND
0
POLYLINE
8
L9
66
1
70
1
0
VERTEX
8
L9
10
0.0
20
-61.2
40
0.08
41
0.08
0
VERTEX
8
L9
10
0.0
20
-64.2
40
0.08
41
0.08
0
SEQEND
0
POLYLINE
8
L9
66
1
70
1
0
VERTEX
8
L9
10
0.0
20
61.2
40
0.08
41
0.08
0
VERTEX
8
L9
10
0.0
20
64.2
40
0.08
41
0.08
0
SEQEND
0
POLYLINE
8
L9
66
1
70
1
0
VERTEX
8
L9
10
10.778443113772468
20
-61.2
40
0.08
41
0.08
0
VERTEX
8
L9
10
10.778443113772468
20
-64.2
40
0.08
41
0.08
0
SEQEND
0
POLYLINE
8
L9
66
1
70
1
0
VERTEX
8
L9
10
10.778443113772468
20
61.2
40
0.08
41
0.08
0
VERTEX
8
L9
10
10.778443113772468
20
64.2
40
0.08
41
0.08
0
SEQEND
0
POLYLINE
8
L9
66
1
70
1
0
VERTEX
8
L9
10
21.556886227544922
20
-61.2
40
0.08
41
0.08
0
VERTEX
8
L9
10
21.556886227544922
20
-64.2
40
0.08
41
0.08
0
SEQEND
0
POLYLINE
8
L9
66
1
70
1
0
VERTEX
8
L9
10
21.556886227544922
20
61.2
40
0.08
41
0.08
0
VERTEX
8
L9
10
21.556886227544922
20
64.2
40
0.08
41
0.08
0
SEQEND
0
POLYLINE
8
L9
66
1
70
1
0
VERTEX
8
L9
10
32.335329341317376
20
-61.2
40
0.08
41
0.08
0
VERTEX
8
L9
10
32.335329341317376
20
-64.2
40
0.08
41
0.08
0
SEQEND
0
POLYLINE
8
L9
66
1
70
1
0
VERTEX
8
L9
10
32.335329341317376
20
61.2
40
0.08
41
0.08
0
VERTEX
8
L9
10
32.335329341317376
20
64.2
40
0.08
41
0.08
0
SEQEND
0
POLYLINE
8
L9
66
1
70
1
0
VERTEX
8
L9
10
43.11377245508983
20
-61.2
40
0.08
41
0.08
0
VERTEX
8
L9
10
43.11377245508983
20
-64.2
40
0.08
41
0.08
0
SEQEND
0
POLYLINE
8
L9
66
1
70
1
0
VERTEX
8
L9
10
43.11377245508983
20
61.2
40
0.08
41
0.08
0
VERTEX
8
L9
10
43.11377245508983
20
64.2
40
0.08
41
0.08
0
SEQEND
0
POLYLINE
8
L9
66
1
70
1
0
VERTEX
8
L9
10
53.892215568862284
20
-61.2
40
0.08
41
0.08
0
VERTEX
8
L9
10
53.892215568862284
20
-64.2
40
0.08
41
0.08
0
SEQEND
0
POLYLINE
8
L9
66
1
70
1
0
VERTEX
8
L9
10
53.892215568862284
20
61.2
40
0.08
41
0.08
0
VERTEX
8
L9
10
53.892215568862284
20
64.2
40
0.08
41
0.08
0
SEQEND
0
POLYLINE
8
L9
66
1
70
1
0
VERTEX
8
L9
10
-61.2
20
-57.485029940119766
40
0.08
41
0.08
0
VERTEX
8
L9
10
-64.2
20
-57.485029940119766
40
0.08
41
0.08
0
SEQEND
0
POLYLINE
8
L9
66
1
70
1
0
VERTEX
8
L9
10
61.2
20
-57.485029940119766
40
0.08
41
0.08
0
VERTEX
8
L9
10
64.2
20
-57.485029940119766
40
0.08
41
0.08
0
SEQEND
0
POLYLINE
8
L9
66
1
70
1
0
VERTEX
8
L9
10
-61.2
20
-52.69461077844312
40
0.08
41
0.08
0
VERTEX
8
L9
10
-64.2
20
-52.69461077844312
40
0.08
41
0.08
0
SEQEND
0
POLYLINE
8
L9
66
1
70
1
0
VERTEX
8
L9
10
61.2
20
-52.69461077844312
40
0.08
41
0.08
0
VERTEX
8
L9
10
64.2
20
-52.69461077844312
40
0.08
41
0.08
0
SEQEND
0
POLYLINE
8
L9
66
1
70
1
0
VERTEX
8
L9
10
-61.2
20
-47.90419161676647
40
0.08
41
0.08
0
VERTEX
8
L9
10
-64.2
20
-47.90419161676647
40
0.08
41
0.08
0
SEQEND
0
POLYLINE
8
L9
66
1
70
1
0
VERTEX
8
L9
10
61.2
20
-47.90419161676647
40
0.08
41
0.08
0
VERTEX
8
L9
10
64.2
20
-47.90419161676647
40
0.08
41
0.08
0
SEQEND
0
POLYLINE
8
L9
66
1
70
1
0
VERTEX
8
L9
10
-61.2
20
-43.11377245508983
40
0.08
41
0.08
0
VERTEX
8
L9
10
-64.2
20
-43.11377245508983
40
0.08
41
0.08
0
SEQEND
0
POLYLINE
8
L9
66
1
70
1
0
VERTEX
8
L9
10
61.2
20
-43.11377245508983
40
0.08
41
0.08
0
VERTEX
8
L9
10
64.2
20
-43.11377245508983
40
0.08
41
0.08
0
SEQEND
0
POLYLINE
8
L9
66
1
70
1
0
VERTEX
8
L9
10
-61.2
20
-38.32335329341318
40
0.08
41
0.08
0
VERTEX
8
L9
10
-64.2
20
-38.32335329341318
40
0.08
41
0.08
0
SEQEND
0
POLYLINE
8
L9
66
1
70
1
0
VERTEX
8
L9
10
61.2
20
-38.32335329341318
40
0.08
41
0.08
0
VERTEX
8
L9
10
64.2
20
-38.32335329341318
40
0.08
41
0.08
0
SEQEND
0
POLYLINE
8
L9
66
1
70
1
0
VERTEX
8
L9
10
-61.2
20
-33.532934131736525
40
0.08
41
0.08
0
VERTEX
8
L9
10
-64.2
20
-33.532934131736525
40
0.08
41
0.08
0
SEQEND
0
POLYLINE
8
L9
66
1
70
1
0
VERTEX
8
L9
10
61.2
20
-33.532934131736525
40
0.08
41
0.08
0
VERTEX
8
L9
10
64.2
20
-33.532934131736525
40
0.08
41
0.08
0
SEQEND
0
POLYLINE
8
L9
66
1
70
1
0
VERTEX
8
L9
10
-61.2
20
-28.742514970059887
40
0.08
41
0.08
0
VERTEX
8
L9
10
-64.2
20
-28.742514970059887
40
0.08
41
0.08
0
SEQEND
0
POLYLINE
8
L9
66
1
70
1
0
VERTEX
8
L9
10
61.2
20
-28.742514970059887
40
0.08
41
0.08
0
VERTEX
8
L9
10
64.2
20
-28.742514970059887
40
0.08
41
0.08
0
SEQEND
0
POLYLINE
8
L9
66
1
70
1
0
VERTEX
8
L9
10
-61.2
20
-23.952095808383234
40
0.08
41
0.08
0
VERTEX
8
L9
10
-64.2
20
-23.952095808383234
40
0.08
41
0.08
0
SEQEND
0
POLYLINE
8
L9
66
1
70
1
0
VERTEX
8
L9
10
61.2
20
-23.952095808383234
40
0.08
41
0.08
0
VERTEX
8
L9
10
64.2
20
-23.952095808383234
40
0.08
41
0.08
0
SEQEND
0
POLYLINE
8
L9
66
1
70
1
0
VERTEX
8
L9
10
-61.2
20
-19.161676646706596
40
0.08
41
0.08
0
VERTEX
8
L9
10
-64.2
20
-19.161676646706596
40
0.08
41
0.08
0
SEQEND
0
POLYLINE
8
L9
66
1
70
1
0
VERTEX
8
L9
10
61.2
20
-19.161676646706596
40
0.08
41
0.08
0
VERTEX
8
L9
10
64.2
20
-19.161676646706596
40
0.08
41
0.08
0
SEQEND
0
POLYLINE
8
L9
66
1
70
1
0
VERTEX
8
L9
10
-61.2
20
-14.371257485029943
40
0.08
41
0.08
0
VERTEX
8
L9
10
-64.2
20
-14.371257485029943
40
0.08
41
0.08
0
SEQEND
0
POLYLINE
8
L9
66
1
70
1
0
VERTEX
8
L9
10
61.2
20
-14.371257485029943
40
0.08
41
0.08
0
VERTEX
8
L9
10
64.2
20
-14.371257485029943
40
0.08
41
0.08
0
SEQEND
0
POLYLINE
8
L9
66
1
70
1
0
VERTEX
8
L9
10
-61.2
20
-9.58083832335329
40
0.08
41
0.08
0
VERTEX
8
L9
10
-64.2
20
-9.58083832335329
40
0.08
41
0.08
0
SEQEND
0
POLYLINE
8
L9
66
1
70
1
0
VERTEX
8
L9
10
61.2
20
-9.58083832335329
40
0.08
41
0.08
0
VERTEX
8
L9
10
64.2
20
-9.58083832335329
40
0.08
41
0.08
0
SEQEND
0
POLYLINE
8
L9
66
1
70
1
0
VERTEX
8
L9
10
-61.2
20
-4.790419161676638
40
0.08
41
0.08
0
VERTEX
8
L9
10
-64.2
20
-4.790419161676638
40
0.08
41
0.08
0
SEQEND
0
POLYLINE
8
L9
66
1
70
1
0
VERTEX
8
L9
10
61.2
20
-4.790419161676638
40
0.08
41
0.08
0
VERTEX
8
L9
10
64.2
20
-4.790419161676638
40
0.08
41
0.08
0
SEQEND
0
POLYLINE
8
L9
66
1
70
1
0
VERTEX
8
L9
10
-61.2
20
0.0
40
0.08
41
0.08
0
VERTEX
8
L9
10
-64.2
20
0.0
40
0.08
41
0.08
0
SEQEND
0
POLYLINE
8
L9
66
1
70
1
0
VERTEX
8
L9
10
61.2
20
0.0
40
0.08
41
0.08
0
VERTEX
8
L9
10
64.2
20
0.0
40
0.08
41
0.08
0
SEQEND
0
POLYLINE
8
L9
66
1
70
1
0
VERTEX
8
L9
10
-61.2
20
4.790419161676638
40
0.08
41
0.08
0
VERTEX
8
L9
10
-64.2
20
4.790419161676638
40
0.08
41
0.08
0
SEQEND
0
POLYLINE
8
L9
66
1
70
1
0
VERTEX
8
L9
10
61.2
20
4.790419161676638
40
0.08
41
0.08
0
VERTEX
8
L9
10
64.2
20
4.790419161676638
40
0.08
41
0.08
0
SEQEND
0
POLYLINE
8
L9
66
1
70
1
0
VERTEX
8
L9
10
-61.2
20
9.58083832335329
40
0.08
41
0.08
0
VERTEX
8
L9
10
-64.2
20
9.58083832335329
40
0.08
41
0.08
0
SEQEND
0
POLYLINE
8
L9
66
1
70
1
0
VERTEX
8
L9
10
61.2
20
9.58083832335329
40
0.08
41
0.08
0
VERTEX
8
L9
10
64.2
20
9.58083832335329
40
0.08
41
0.08
0
SEQEND
0
POLYLINE
8
L9
66
1
70
1
0
VERTEX
8
L9
10
-61.2
20
14.371257485029943
40
0.08
41
0.08
0
VERTEX
8
L9
10
-64.2
20
14.371257485029943
40
0.08
41
0.08
0
SEQEND
0
POLYLINE
8
L9
66
1
70
1
0
VERTEX
8
L9
10
61.2
20
14.371257485029943
40
0.08
41
0.08
0
VERTEX
8
L9
10
64.2
20
14.371257485029943
40
0.08
41
0.08
0
SEQEND
0
POLYLINE
8
L9
66
1
70
1
0
VERTEX
8
L9
10
-61.2
20
19.161676646706596
40
0.08
41
0.08
0
VERTEX
8
L9
10
-64.2
20
19.161676646706596
40
0.08
41
0.08
0
SEQEND
0
POLYLINE
8
L9
66
1
70
1
0
VERTEX
8
L9
10
61.2
20
19.161676646706596
40
0.08
41
0.08
0
VERTEX
8
L9
10
64.2
20
19.161676646706596
40
0.08
41
0.08
0
SEQEND
0
POLYLINE
8
L9
66
1
70
1
0
VERTEX
8
L9
10
-61.2
20
23.95209580838325
40
0.08
41
0.08
0
VERTEX
8
L9
10
-64.2
20
23.95209580838325
40
0.08
41
0.08
0
SEQEND
0
POLYLINE
8
L9
66
1
70
1
0
VERTEX
8
L9
10
61.2
20
23.95209580838325
40
0.08
41
0.08
0
VERTEX
8
L9
10
64.2
20
23.95209580838325
40
0.08
41
0.08
0
SEQEND
0
POLYLINE
8
L9
66
1
70
1
0
VERTEX
8
L9
10
-61.2
20
28.742514970059872
40
0.08
41
0.08
0
VERTEX
8
L9
10
-64.2
20
28.742514970059872
40
0.08
41
0.08
0
SEQEND
0
POLYLINE
8
L9
66
1
70
1
0
VERTEX
8
L9
10
61.2
20
28.742514970059872
40
0.08
41
0.08
0
VERTEX
8
L9
10
64.2
20
28.742514970059872
40
0.08
41
0.08
0
SEQEND
0
POLYLINE
8
L9
66
1
70
1
0
VERTEX
8
L9
10
-61.2
20
33.532934131736525
40
0.08
41
0.08
0
VERTEX
8
L9
10
-64.2
20
33.532934131736525
40
0.08
41
0.08
0
SEQEND
0
POLYLINE
8
L9
66
1
70
1
0
VERTEX
8
L9
10
61.2
20
33.532934131736525
40
0.08
41
0.08
0
VERTEX
8
L9
10
64.2
20
33.532934131736525
40
0.08
41
0.08
0
SEQEND
0
POLYLINE
8
L9
66
1
70
1
0
VERTEX
8
L9
10
-61.2
20
38.32335329341318
40
0.08
41
0.08
0
VERTEX
8
L9
10
-64.2
20
38.32335329341318
40
0.08
41
0.08
0
SEQEND
0
POLYLINE
8
L9
66
1
70
1
0
VERTEX
8
L9
10
61.2
20
38.32335329341318
40
0.08
41
0.08
0
VERTEX
8
L9
10
64.2
20
38.32335329341318
40
0.08
41
0.08
0
SEQEND
0
POLYLINE
8
L9
66
1
70
1
0
VERTEX
8
L9
10
-61.2
20
43.11377245508983
40
0.08
41
0.08
0
VERTEX
8
L9
10
-64.2
20
43.11377245508983
40
0.08
41
0.08
0
SEQEND
0
POLYLINE
8
L9
66
1
70
1
0
VERTEX
8
L9
10
61.2
20
43.11377245508983
40
0.08
41
0.08
0
VERTEX
8
L9
10
64.2
20
43.11377245508983
40
0.08
41
0.08
0
SEQEND
0
POLYLINE
8
L9
66
1
70
1
0
VERTEX
8
L9
10
-61.2
20
47.90419161676648
40
0.08
41
0.08
0
VERTEX
8
L9
10
-64.2
20
47.90419161676648
40
0.08
41
0.08
0
SEQEND
0
POLYLINE
8
L9
66
1
70
1
0
VERTEX
8
L9
10
61.2
20
47.90419161676648
40
0.08
41
0.08
0
VERTEX
8
L9
10
64.2
20
47.90419161676648
40
0.08
41
0.08
0
SEQEND
0
POLYLINE
8
L9
66
1
70
1
0
VERTEX
8
L9
10
-61.2
20
52.694610778443106
40
0.08
41
0.08
0
VERTEX
8
L9
10
-64.2
20
52.694610778443106
40
0.08
41
0.08
0
SEQEND
0
POLYLINE
8
L9
66
1
70
1
0
VERTEX
8
L9
10
61.2
20
52.694610778443106
40
0.08
41
0.08
0
VERTEX
8
L9
10
64.2
20
52.694610778443106
40
0.08
41
0.08
0
SEQEND
0
POLYLINE
8
L9
66
1
70
1
0
VERTEX
8
L9
10
-61.2
20
57.48502994011976
40
0.08
41
0.08
0
VERTEX
8
L9
10
-64.2
20
57.48502994011976
40
0.08
41
0.08
0
SEQEND
0
POLYLINE
8
L9
66
1
70
1
0
VERTEX
8
L9
10
61.2
20
57.48502994011976
40
0.08
41
0.08
0
VERTEX
8
L9
10
64.2
20
57.48502994011976
40
0.08
41
0.08
0
SEQEND
0
INSERT
2
cutlineendpoint
8
L9
10
-64.46966991411009
20
-64.46966991411009
0
INSERT
2
cutlineendpoint
8
L9
10
-65.53033008588991
20
-65.53033008588991
0
INSERT
2
cutlineendpoint
8
L9
10
-64.46966991411009
20
-65.53033008588991
0
INSERT
2
cutlineendpoint
8
L9
10
-65.53033008588991
20
-64.46966991411009
0
INSERT
2
cutlineendpoint
8
L9
10
-64.46966991411009
20
65.53033008588993
0
INSERT
2
cutlineendpoint
8
L9
10
-65.53033008588991
20
64.4696699141101
0
INSERT
2
cutlineendpoint
8
L9
10
-64.46966991411009
20
64.4696699141101
0
INSERT
2
cutlineendpoint
8
L9
10
-65.53033008588991
20
65.53033008588993
0
INSERT
2
cutlineendpoint
8
L9
10
65.53033008588993
20
65.53033008588993
0
INSERT
2
cutlineendpoint
8
L9
10
64.4696699141101
20
64.4696699141101
0
INSERT
2
cutlineendpoint
8
L9
10
65.53033008588993
20
64.4696699141101
0
INSERT
2
cutlineendpoint
8
L9
10
64.4696699141101
20
65.53033008588993
0
INSERT
2
cutlineendpoint
8
L9
10
65.74999999999999
20
-65.0
0
INSERT
2
cutlineendpoint
8
L9
10
64.24999999999999
20
-65.0
0
INSERT
2
cutlineendpoint
8
L9
10
64.99999999999999
20
-64.25
0
INSERT
2
cutlineendpoint
8
L9
10
64.99999999999999
20
-65.75
0
INSERT
2
cutlineendpoint
8
L9
10
-53.89221556886228
20
-61.2
0
INSERT
2
cutlineendpoint
8
L9
10
-53.89221556886228
20
61.2
0
INSERT
2
cutlineendpoint
8
L9
10
-53.89221556886228
20
-64.2
0
INSERT
2
cutlineendpoint
8
L9
10
-53.89221556886228
20
64.2
0
INSERT
2
cutlineendpoint
8
L9
10
-43.11377245508983
20
-61.2
0
INSERT
2
cutlineendpoint
8
L9
10
-43.11377245508983
20
61.2
0
INSERT
2
cutlineendpoint
8
L9
10
-43.11377245508983
20
-64.2
0
INSERT
2
cutlineendpoint
8
L9
10
-43.11377245508983
20
64.2
0
INSERT
2
cutlineendpoint
8
L9
10
-32.33532934131736
20
-61.2
0
INSERT
2
cutlineendpoint
8
L9
10
-32.33532934131736
20
61.2
0
INSERT
2
cutlineendpoint
8
L9
10
-32.33532934131736
20
-64.2
0
INSERT
2
cutlineendpoint
8
L9
10
-32.33532934131736
20
64.2
0
INSERT
2
cutlineendpoint
8
L9
10
-21.556886227544908
20
-61.2
0
INSERT
2
cutlineendpoint
8
L9
10
-21.556886227544908
20
61.2
0
INSERT
2
cutlineendpoint
8
L9
10
-21.556886227544908
20
-64.2
0
INSERT
2
cutlineendpoint
8
L9
10
-21.556886227544908
20
64.2
0
INSERT
2
cutlineendpoint
8
L9
10
-10.778443113772454
20
-61.2
0
INSERT
2
cutlineendpoint
8
L9
10
-10.778443113772454
20
61.2
0
INSERT
2
cutlineendpoint
8
L9
10
-10.778443113772454
20
-64.2
0
INSERT
2
cutlineendpoint
8
L9
10
-10.778443113772454
20
64.2
0
INSERT
2
cutlineendpoint
8
L9
10
0.0
20
-61.2
0
INSERT
2
cutlineendpoint
8
L9
10
0.0
20
61.2
0
INSERT
2
cutlineendpoint
8
L9
10
0.0
20
-64.2
0
INSERT
2
cutlineendpoint
8
L9
10
0.0
20
64.2
0
INSERT
2
cutlineendpoint
8
L9
10
10.778443113772468
20
-61.2
0
INSERT
2
cutlineendpoint
8
L9
10
10.778443113772468
20
61.2
0
INSERT
2
cutlineendpoint
8
L9
10
10.778443113772468
20
-64.2
0
INSERT
2
cutlineendpoint
8
L9
10
10.778443113772468
20
64.2
0
INSERT
2
cutlineendpoint
8
L9
10
21.556886227544922
20
-61.2
0
INSERT
2
cutlineendpoint
8
L9
10
21.556886227544922
20
61.2
0
INSERT
2
cutlineendpoint
8
L9
10
21.556886227544922
20
-64.2
0
INSERT
2
cutlineendpoint
8
L9
10
21.556886227544922
20
64.2
0
INSERT
2
cutlineendpoint
8
L9
10
32.335329341317376
20
-61.2
0
INSERT
2
cutlineendpoint
8
L9
10
32.335329341317376
20
61.2
0
INSERT
2
cutlineendpoint
8
L9
10
32.335329341317376
20
-64.2
0
INSERT
2
cutlineendpoint
8
L9
10
32.335329341317376
20
64.2
0
INSERT
2
cutlineendpoint
8
L9
10
43.11377245508983
20
-61.2
0
INSERT
2
cutlineendpoint
8
L9
10
43.11377245508983
20
61.2
0
INSERT
2
cutlineendpoint
8
L9
10
43.11377245508983
20
-64.2
0
INSERT
2
cutlineendpoint
8
L9
10
43.11377245508983
20
64.2
0
INSERT
2
cutlineendpoint
8
L9
10
53.892215568862284
20
-61.2
0
INSERT
2
cutlineendpoint
8
L9
10
53.892215568862284
20
61.2
0
INSERT
2
cutlineendpoint
8
L9
10
53.892215568862284
20
-64.2
0
INSERT
2
cutlineendpoint
8
L9
10
53.892215568862284
20
64.2
0
INSERT
2
cutlineendpoint
8
L9
10
-61.2
20
-57.485029940119766
0
INSERT
2
cutlineendpoint
8
L9
10
61.2
20
-57.485029940119766
0
INSERT
2
cutlineendpoint
8
L9
10
-64.2
20
-57.485029940119766
0
INSERT
2
cutlineendpoint
8
L9
10
64.2
20
-57.485029940119766
0
INSERT
2
cutlineendpoint
8
L9
10
-61.2
20
-52.69461077844312
0
INSERT
2
cutlineendpoint
8
L9
10
61.2
20
-52.69461077844312
0
INSERT
2
cutlineendpoint
8
L9
10
-64.2
20
-52.69461077844312
0
INSERT
2
cutlineendpoint
8
L9
10
64.2
20
-52.69461077844312
0
INSERT
2
cutlineendpoint
8
L9
10
-61.2
20
-47.90419161676647
0
INSERT
2
cutlineendpoint
8
L9
10
61.2
20
-47.90419161676647
0
INSERT
2
cutlineendpoint
8
L9
10
-64.2
20
-47.90419161676647
0
INSERT
2
cutlineendpoint
8
L9
10
64.2
20
-47.90419161676647
0
INSERT
2
cutlineendpoint
8
L9
10
-61.2
20
-43.11377245508983
0
INSERT
2
cutlineendpoint
8
L9
10
61.2
20
-43.11377245508983
0
INSERT
2
cutlineendpoint
8
L9
10
-64.2
20
-43.11377245508983
0
INSERT
2
cutlineendpoint
8
L9
10
64.2
20
-43.11377245508983
0
INSERT
2
cutlineendpoint
8
L9
10
-61.2
20
-38.32335329341318
0
INSERT
2
cutlineendpoint
8
L9
10
61.2
20
-38.32335329341318
0
INSERT
2
cutlineendpoint
8
L9
10
-64.2
20
-38.32335329341318
0
INSERT
2
cutlineendpoint
8
L9
10
64.2
20
-38.32335329341318
0
INSERT
2
cutlineendpoint
8
L9
10
-61.2
20
-33.532934131736525
0
INSERT
2
cutlineendpoint
8
L9
10
61.2
20
-33.532934131736525
0
INSERT
2
cutlineendpoint
8
L9
10
-64.2
20
-33.532934131736525
0
INSERT
2
cutlineendpoint
8
L9
10
64.2
20
-33.532934131736525
0
INSERT
2
cutlineendpoint
8
L9
10
-61.2
20
-28.742514970059887
0
INSERT
2
cutlineendpoint
8
L9
10
61.2
20
-28.742514970059887
0
INSERT
2
cutlineendpoint
8
L9
10
-64.2
20
-28.742514970059887
0
INSERT
2
cutlineendpoint
8
L9
10
64.2
20
-28.742514970059887
0
INSERT
2
cutlineendpoint
8
L9
10
-61.2
20
-23.952095808383234
0
INSERT
2
cutlineendpoint
8
L9
10
61.2
20
-23.952095808383234
0
INSERT
2
cutlineendpoint
8
L9
10
-64.2
20
-23.952095808383234
0
INSERT
2
cutlineendpoint
8
L9
10
64.2
20
-23.952095808383234
0
INSERT
2
cutlineendpoint
8
L9
10
-61.2
20
-19.161676646706596
0
INSERT
2
cutlineendpoint
8
L9
10
61.2
20
-19.161676646706596
0
INSERT
2
cutlineendpoint
8
L9
10
-64.2
20
-19.161676646706596
0
INSERT
2
cutlineendpoint
8
L9
10
64.2
20
-19.161676646706596
0
INSERT
2
cutlineendpoint
8
L9
10
-61.2
20
-14.371257485029943
0
INSERT
2
cutlineendpoint
8
L9
10
61.2
20
-14.371257485029943
0
INSERT
2
cutlineendpoint
8
L9
10
-64.2
20
-14.371257485029943
0
INSERT
2
cutlineendpoint
8
L9
10
64.2
20
-14.371257485029943
0
INSERT
2
cutlineendpoint
8
L9
10
-61.2
20
-9.58083832335329
0
INSERT
2
cutlineendpoint
8
L9
10
61.2
20
-9.58083832335329
0
INSERT
2
cutlineendpoint
8
L9
10
-64.2
20
-9.58083832335329
0
INSERT
2
cutlineendpoint
8
L9
10
64.2
20
-9.58083832335329
0
INSERT
2
cutlineendpoint
8
L9
10
-61.2
20
-4.790419161676638
0
INSERT
2
cutlineendpoint
8
L9
10
61.2
20
-4.790419161676638
0
INSERT
2
cutlineendpoint
8
L9
10
-64.2
20
-4.790419161676638
0
INSERT
2
cutlineendpoint
8
L9
10
64.2
20
-4.790419161676638
0
INSERT
2
cutlineendpoint
8
L9
10
-61.2
20
0.0
0
INSERT
2
cutlineendpoint
8
L9
10
61.2
20
0.0
0
INSERT
2
cutlineendpoint
8
L9
10
-64.2
20
0.0
0
INSERT
2
cutlineendpoint
8
L9
10
64.2
20
0.0
0
INSERT
2
cutlineendpoint
8
L9
10
-61.2
20
4.790419161676638
0
INSERT
2
cutlineendpoint
8
L9
10
61.2
20
4.790419161676638
0
INSERT
2
cutlineendpoint
8
L9
10
-64.2
20
4.790419161676638
0
INSERT
2
cutlineendpoint
8
L9
10
64.2
20
4.790419161676638
0
INSERT
2
cutlineendpoint
8
L9
10
-61.2
20
9.58083832335329
0
INSERT
2
cutlineendpoint
8
L9
10
61.2
20
9.58083832335329
0
INSERT
2
cutlineendpoint
8
L9
10
-64.2
20
9.58083832335329
0
INSERT
2
cutlineendpoint
8
L9
10
64.2
20
9.58083832335329
0
INSERT
2
cutlineendpoint
8
L9
10
-61.2
20
14.371257485029943
0
INSERT
2
cutlineendpoint
8
L9
10
61.2
20
14.371257485029943
0
INSERT
2
cutlineendpoint
8
L9
10
-64.2
20
14.371257485029943
0
INSERT
2
cutlineendpoint
8
L9
10
64.2
20
14.371257485029943
0
INSERT
2
cutlineendpoint
8
L9
10
-61.2
20
19.161676646706596
0
INSERT
2
cutlineendpoint
8
L9
10
61.2
20
19.161676646706596
0
INSERT
2
cutlineendpoint
8
L9
10
-64.2
20
19.161676646706596
0
INSERT
2
cutlineendpoint
8
L9
10
64.2
20
19.161676646706596
0
INSERT
2
cutlineendpoint
8
L9
10
-61.2
20
23.95209580838325
0
INSERT
2
cutlineendpoint
8
L9
10
61.2
20
23.95209580838325
0
INSERT
2
cutlineendpoint
8
L9
10
-64.2
20
23.95209580838325
0
INSERT
2
cutlineendpoint
8
L9
10
64.2
20
23.95209580838325
0
INSERT
2
cutlineendpoint
8
L9
10
-61.2
20
28.742514970059872
0
INSERT
2
cutlineendpoint
8
L9
10
61.2
20
28.742514970059872
0
INSERT
2
cutlineendpoint
8
L9
10
-64.2
20
28.742514970059872
0
INSERT
2
cutlineendpoint
8
L9
10
64.2
20
28.742514970059872
0
INSERT
2
cutlineendpoint
8
L9
10
-61.2
20
33.532934131736525
0
INSERT
2
cutlineendpoint
8
L9
10
61.2
20
33.532934131736525
0
INSERT
2
cutlineendpoint
8
L9
10
-64.2
20
33.532934131736525
0
INSERT
2
cutlineendpoint
8
L9
10
64.2
20
33.532934131736525
0
INSERT
2
cutlineendpoint
8
L9
10
-61.2
20
38.32335329341318
0
INSERT
2
cutlineendpoint
8
L9
10
61.2
20
38.32335329341318
0
INSERT
2
cutlineendpoint
8
L9
10
-64.2
20
38.32335329341318
0
INSERT
2
cutlineendpoint
8
L9
10
64.2
20
38.32335329341318
0
INSERT
2
cutlineendpoint
8
L9
10
-61.2
20
43.11377245508983
0
INSERT
2
cutlineendpoint
8
L9
10
61.2
20
43.11377245508983
0
INSERT
2
cutlineendpoint
8
L9
10
-64.2
20
43.11377245508983
0
INSERT
2
cutlineendpoint
8
L9
10
64.2
20
43.11377245508983
0
INSERT
2
cutlineendpoint
8
L9
10
-61.2
20
47.90419161676648
0
INSERT
2
cutlineendpoint
8
L9
10
61.2
20
47.90419161676648
0
INSERT
2
cutlineendpoint
8
L9
10
-64.2
20
47.90419161676648
0
INSERT
2
cutlineendpoint
8
L9
10
64.2
20
47.90419161676648
0
INSERT
2
cutlineendpoint
8
L9
10
-61.2
20
52.694610778443106
0
INSERT
2
cutlineendpoint
8
L9
10
61.2
20
52.694610778443106
0
INSERT
2
cutlineendpoint
8
L9
10
-64.2
20
52.694610778443106
0
INSERT
2
cutlineendpoint
8
L9
10
64.2
20
52.694610778443106
0
INSERT
2
cutlineendpoint
8
L9
10
-61.2
20
57.48502994011976
0
INSERT
2
cutlineendpoint
8
L9
10
61.2
20
57.48502994011976
0
INSERT
2
cutlineendpoint
8
L9
10
-64.2
20
57.48502994011976
0
INSERT
2
cutlineendpoint
8
L9
10
64.2
20
57.48502994011976
0
TEXT
8
L9
10
-10.5
20
69.7
40
1.5
1
XFL94-0512-011-L9
0
POLYLINE
8
L9
66
1
70
1
0
VERTEX
8
L9
10
-100.0
20
100.0
30
0
40
1
41
1
0
VERTEX
8
L9
10
100.0
20
100.0
30
0
40
1
41
1
0
VERTEX
8
L9
10
100.0
20
-100.0
30
0
40
1
41
1
0
VERTEX
8
L9
10
-100.0
20
-100.0
30
0
40
1
41
1
0
SEQEND
0
ENDSEC
0
EOF
