0
SECTION
2
HEADER
9
$ACADVER
1
AC1006
9
$INSBASE
10
0.0
20
0.0
30
0.0
9
$EXTMIN
10
-104.20359281437126
20
-104.20359281437126
9
$EXTMAX
10
104.20359281437126
20
114.38323353293414
0
ENDSEC
0
SECTION
2
TABLES
0
TABLE
2
LTYPE
70
1
0
LTYPE
2
CONTINUOUS
70
64
3
Solid line
72
65
73
0
40
0.0
0
ENDTAB
0
TABLE
2
LAYER
70
3
0
LAYER
2
0
70
0
62
255
6
continuous
0
LAYER
2
0
70
0
62
7
6
continuous
0
LAYER
2
L7
70
0
62
7
6
continuous
0
ENDTAB
0
TABLE
2
STYLE
70
2
0
STYLE
2
STANDARD
70
0
40
0
41
1
50
0
71
0
42
1
3
ARIAL.TTF
4

0
STYLE
2
STANDARD
70
0
40
0
41
1
50
0
71
0
42
1
3
ARIAL.TTF
4

0
ENDTAB
0
TABLE
2
VIEW
70
1
0
VIEW
2
Normal
70
0
40
1
10
0.5
20
0.5
41
1
11
0
21
0
31
1
12
0
22
0
32
0
42
50
43
0
44
0
50
0
71
0
0
ENDTAB
0
ENDSEC
0
SECTION
2
BLOCKS
0
BLOCK
8
0
2
cutlineendpoint
70
0
10
0
20
0
30
0
3
cutlineendpoint
0
POLYLINE
8
0
66
1
70
1
40
0.04
41
0.04
0
VERTEX
8
0
10
-0.02
20
0
30
0
42
1.0
0
VERTEX
8
0
10
0.02
20
0
30
0
42
1.0
0
SEQEND
0
ENDBLK
0
BLOCK
8
L7
2
LDI_XFL94-0512-011_L7_B1
70
0
10
0
20
0
30
0
3
LDI_XFL94-0512-011_L7_B1
0
POLYLINE
8
L7
66
1
70
1
0
VERTEX
8
L7
10
-46.69783575830549
20
-55.985063635767126
0
VERTEX
8
L7
10
-46.66880038363864
20
-55.98174434533045
0
VERTEX
8
L7
10
-46.6421164278991
20
-55.9698264102267
0
VERTEX
8
L7
10
-46.62026666399056
20
-55.95041871875687
0
VERTEX
8
L7
10
-46.605284073915925
20
-55.92532703356631
0
VERTEX
8
L7
10
-46.59856269269112
20
-55.89688597687923
0
VERTEX
8
L7
10
-46.60072790222516
20
-55.86774180870238
0
VERTEX
8
L7
10
-46.61157824349846
20
-55.840606209108856
0
VERTEX
8
L7
10
-46.63010416104733
20
-55.81800397359954
0
VERTEX
8
L7
10
-46.6545819356993
20
-55.80203809688904
0
VERTEX
8
L7
10
-46.682734065713504
20
-55.79419410258068
0
VERTEX
8
L7
10
-46.71194117387833
20
-55.79520182461346
0
VERTEX
8
L7
10
-46.73948572395382
20
-55.804967500841244
0
VERTEX
8
L7
10
-46.76280487018953
20
-55.822582497006
0
VERTEX
8
L7
10
-46.77972891387299
20
-55.84640784939473
0
VERTEX
8
L7
10
-46.788683180038916
20
-55.8742267600218
0
VERTEX
8
L7
10
-46.788834530991124
20
-55.9034508556269
0
VERTEX
8
L7
10
-46.78016888448309
20
-55.931361019396476
0
VERTEX
8
L7
10
-46.76349252398168
20
-55.95536038754387
0
VERTEX
8
L7
10
-46.802371197076454
20
-56.01591121176228
0
VERTEX
8
L7
10
-46.848810434606904
20
-56.07087802677579
0
VERTEX
8
L7
10
-46.9020179167583
20
-56.11932302010067
0
VERTEX
8
L7
10
-46.96108584778193
20
-56.16041965085949
0
VERTEX
8
L7
10
-47.025006444289104
20
-56.19346675175057
0
VERTEX
8
L7
10
-47.092689129477165
20
-56.217900491965125
0
VERTEX
8
L7
10
-47.162979139929604
20
-56.23330399694728
0
VERTEX
8
L7
10
-47.234677227531606
20
-56.23941446087025
0
VERTEX
8
L7
10
-47.30656012035821
20
-56.236127630479665
0
VERTEX
8
L7
10
-47.377401393443016
20
-56.22349958380316
0
VERTEX
8
L7
10
-47.44599239334221
20
-56.201745773379066
0
VERTEX
8
L7
10
-47.511162859491144
20
-56.1712373503279
0
VERTEX
8
L7
10
-47.57180089052337
20
-56.13249483198341
0
VERTEX
8
L7
10
-47.62687191489831
20
-56.08617922112234
0
VERTEX
8
L7
10
-47.67543634217151
20
-56.033080728311674
0
VERTEX
8
L7
10
-47.716665593751515
20
-55.97410528978604
0
VERTEX
8
L7
10
-47.74985623963577
20
-55.91025911087982
0
VERTEX
8
L7
10
-47.774441999932584
20
-55.84263149872497
0
VERTEX
8
L7
10
-47.79000340640604
20
-55.77237627711329
0
VERTEX
8
L7
10
-47.796274959204084
20
-55.700692100612194
0
VERTEX
8
L7
10
-47.7931496566657
20
-55.62880200380337
0
VERTEX
8
L7
10
-47.78068082092235
20
-55.55793253456348
0
VERTEX
8
L7
10
-47.75908118814611
20
-55.48929282740304
0
VERTEX
8
L7
10
-47.728719278966324
20
-55.42405397390226
0
VERTEX
8
L7
10
-47.69011311098051
20
-55.36332904221362
0
VERTEX
8
L7
10
-47.6439213606333
20
-55.30815408652719
0
VERTEX
8
L7
10
-47.59093212525411
20
-55.259470470504255
0
VERTEX
8
L7
10
-47.53204947698955
20
-55.21810880626683
0
VERTEX
8
L7
10
-47.46827803803942
20
-55.18477478296677
0
VERTEX
8
L7
10
-47.40070584036512
20
-55.16003712671957
0
VERTEX
8
L7
10
-47.33048576230816
20
-55.14431789732332
0
VERTEX
8
L7
10
-47.25881585883663
20
-55.13788528731487
0
VERTEX
8
L7
10
-47.18691892101393
20
-55.140849046221604
0
VERTEX
8
L7
10
-47.1160216134342
20
-55.15315860807747
0
VERTEX
8
L7
10
-47.047333545569856
20
-55.174603954150726
0
VERTEX
8
L7
10
-46.982026634103875
20
-55.20481919616388
0
VERTEX
8
L7
10
-46.92121510835497
20
-55.24328881887102
0
VERTEX
8
L7
10
-46.86593649993175
20
-55.2893564754853
0
VERTEX
8
L7
10
-46.81713394095945
20
-55.34223618589386
0
VERTEX
8
L7
10
-46.8293895035293
20
-55.36876676932399
0
VERTEX
8
L7
10
-46.8330769503183
20
-55.39775768871654
0
VERTEX
8
L7
10
-46.82785318778134
20
-55.426511522826175
0
VERTEX
8
L7
10
-46.81420425390354
20
-55.452352909690006
0
VERTEX
8
L7
10
-46.79340009544717
20
-55.47287747209628
0
VERTEX
8
L7
10
-46.76737640745701
20
-55.48617552964004
0
VERTEX
8
L7
10
-46.7385545291088
20
-55.491009782377304
0
VERTEX
8
L7
10
-46.709616153450426
20
-55.486930433740326
0
VERTEX
8
L7
10
-46.683253812865885
20
-55.474317041256455
0
VERTEX
8
L7
10
-46.66192035600778
20
-55.45434320112667
0
VERTEX
8
L7
10
-46.64760072578137
20
-55.428867352539704
0
VERTEX
8
L7
10
-46.641627272991926
20
-55.4002598616882
0
VERTEX
8
L7
10
-46.64455578954944
20
-55.37118247422269
0
VERTEX
8
L7
10
-46.656113795555214
20
-55.34434065669449
0
VERTEX
8
L7
10
-46.67522589182886
20
-55.322231870045876
0
VERTEX
8
L7
10
-46.70011381898392
20
-55.30691319670349
0
VERTEX
8
L7
10
-46.72846191318958
20
-55.29980994210054
0
VERTEX
8
L7
10
-46.757632564008574
20
-55.30158301904277
0
VERTEX
8
L7
10
-46.80828054929975
20
-55.2451653679361
0
VERTEX
8
L7
10
-46.86540897089397
20
-55.19532047635627
0
VERTEX
8
L7
10
-46.928171092692835
20
-55.1527871266439
0
VERTEX
8
L7
10
-46.995636678000594
20
-55.1181957322006
0
VERTEX
8
L7
10
-47.06680577714448
20
-55.09205899373734
0
VERTEX
8
L7
10
-47.140623548354824
20
-55.07476430021628
0
VERTEX
8
L7
10
-47.21599589223519
20
-55.06656798711643
0
VERTEX
8
L7
10
-47.29180566809445
20
-55.06759153712506
0
VERTEX
8
L7
10
-47.36692925178828
20
-55.077819779566774
0
VERTEX
8
L7
10
-47.440253189656005
20
-55.09710111525754
0
VERTEX
8
L7
10
-47.51069070171431
20
-55.12514976345111
0
VERTEX
8
L7
10
-47.57719778950365
20
-55.16154999757441
0
VERTEX
8
L7
10
-47.63878870984302
20
-55.20576230697122
0
VERTEX
8
L7
10
-47.69455058514665
20
-55.25713139332745
0
VERTEX
8
L7
10
-47.74365693375418
20
-55.31489588325756
0
VERTEX
8
L7
10
-47.78537991973272
20
-55.378199613096214
0
VERTEX
8
L7
10
-47.81910114058884
20
-55.44610431863584
0
VERTEX
8
L7
10
-47.84432079299902
20
-55.517603541727844
0
VERTEX
8
L7
10
-47.86066508070759
20
-55.59163754762885
0
VERTEX
8
L7
10
-47.867891754795025
20
-55.66710903199271
0
VERTEX
8
L7
10
-47.86589370420084
20
-55.74289938470513
0
VERTEX
8
L7
10
-47.854700543283656
20
-55.81788526950442
0
VERTEX
8
L7
10
-47.834478172888254
20
-55.890955273651414
0
VERTEX
8
L7
10
-47.805526321425305
20
-55.96102638087342
0
VERTEX
8
L7
10
-47.76827410240896
20
-56.02706002342635
0
VERTEX
8
L7
10
-47.72327365429685
20
-56.088077475357416
0
VERTEX
8
L7
10
-47.67119195690036
20
-56.14317435881511
0
VERTEX
8
L7
10
-47.612800945659316
20
-56.19153404839951
0
VERTEX
8
L7
10
-47.548966070303635
20
-56.23243977487851
0
VERTEX
8
L7
10
-47.48063346748106
20
-56.265285248873305
0
VERTEX
8
L7
10
-47.40881593747369
20
-56.28958364705283
0
VERTEX
8
L7
10
-47.33457793285095
20
-56.304974827647065
0
VERTEX
8
L7
10
-47.25901978155174
20
-56.31123066833366
0
VERTEX
8
L7
10
-47.18326137823526
20
-56.308258447381704
0
VERTEX
8
L7
10
-47.10842558562119
20
-56.296102217938504
0
VERTEX
8
L7
10
-47.03562159183849
20
-56.27494215509034
0
VERTEX
8
L7
10
-46.965928470453704
20
-56.24509188537472
0
VERTEX
8
L7
10
-46.900379186846195
20
-56.20699383832512
0
VERTEX
8
L7
10
-46.83994528798165
20
-56.16121268894592
0
VERTEX
8
L7
10
-46.785522502506254
20
-56.10842698831072
0
VERTEX
8
L7
10
-46.737917464591774
20
-56.04941910633203
0
VERTEX
8
L7
10
-46.69783575830549
20
-55.985063635767126
0
SEQEND
0
POLYLINE
8
L7
66
1
70
1
0
VERTEX
8
L7
10
-50.62852210344385
20
-53.25647419100409
0
VERTEX
8
L7
10
-50.657575632831445
20
-53.248402351366984
0
VERTEX
8
L7
10
-50.687699008412814
20
-53.249760441417926
0
VERTEX
8
L7
10
-50.71590832009234
20
-53.26041393378289
0
VERTEX
8
L7
10
-50.73940925786037
20
-53.279307532937786
0
VERTEX
8
L7
10
-50.75587390580082
20
-53.30456970887733
0
VERTEX
8
L7
10
-50.7636713368259
20
-53.33369808395065
0
VERTEX
8
L7
10
-50.762029166277316
20
-53.36380730912986
0
VERTEX
8
L7
10
-50.75111006149178
20
-53.3919148760058
0
VERTEX
8
L7
10
-50.7319956285767
20
-53.4152365530325
0
VERTEX
8
L7
10
-50.70657927251232
20
-53.431462181199436
0
VERTEX
8
L7
10
-50.67737864346204
20
-53.43898450983298
0
VERTEX
8
L7
10
-50.64728624766529
20
-53.43705840489953
0
VERTEX
8
L7
10
-50.61928292647489
20
-53.42587465922511
0
VERTEX
8
L7
10
-50.59614258524501
20
-53.40654109326412
0
VERTEX
8
L7
10
-50.580157420533304
20
-53.3809728185053
0
VERTEX
8
L7
10
-50.57291086359349
20
-53.35170253361565
0
VERTEX
8
L7
10
-50.57512073153585
20
-53.32162964468425
0
VERTEX
8
L7
10
-50.521778328483016
20
-53.29243724015902
0
VERTEX
8
L7
10
-50.46458902408882
20
-53.271773457632
0
VERTEX
8
L7
10
-50.404906700325704
20
-53.26012748512433
0
VERTEX
8
L7
10
-50.34414425813854
20
-53.25777502580106
0
VERTEX
8
L7
10
-50.28374016886303
20
-53.26477177105943
0
VERTEX
8
L7
10
-50.2251244202984
20
-53.28095208210787
0
VERTEX
8
L7
10
-50.16968466361691
20
-53.30593291124771
0
VERTEX
8
L7
10
-50.11873336253749
20
-53.339122870026365
0
VERTEX
8
L7
10
-50.07347672246399
20
-53.37973622958542
0
VERTEX
8
L7
10
-50.03498613515012
20
-53.426811521763476
0
VERTEX
8
L7
10
-50.00417281490117
20
-53.47923430059721
0
VERTEX
8
L7
10
-49.98176622676724
20
-53.53576352537177
0
VERTEX
8
L7
10
-49.96829681741245
20
-53.59506094063625
0
VERTEX
8
L7
10
-49.96408345748399
20
-53.655722757650985
0
VERTEX
8
L7
10
-49.96922589276668
20
-53.716312887249615
0
VERTEX
8
L7
10
-49.98360238283201
20
-53.7753969373716
0
VERTEX
8
L7
10
-50.006872583083506
20
-53.831576170417904
0
VERTEX
8
L7
10
-50.038485601969874
20
-53.88352061653398
0
VERTEX
8
L7
10
-50.07769304262183
20
-53.93000055890635
0
VERTEX
8
L7
10
-50.123566720169045
20
-53.969915645699565
0
VERTEX
8
L7
10
-50.175020635302744
20
-54.00232093944657
0
VERTEX
8
L7
10
-50.2308366838888
20
-54.02644928720712
0
VERTEX
8
L7
10
-50.28969349398969
20
-54.041729481910195
0
VERTEX
8
L7
10
-50.350197707616616
20
-54.04779978493415
0
VERTEX
8
L7
10
-50.41091696665728
20
-54.04451648979543
0
VERTEX
8
L7
10
-50.470413822080516
20
-54.03195732421158
0
VERTEX
8
L7
10
-50.52727976366177
20
-54.01041960999921
0
VERTEX
8
L7
10
-50.580168564620195
20
-53.9804132243689
0
VERTEX
8
L7
10
-50.62782815177675
20
-53.94264852924921
0
VERTEX
8
L7
10
-50.66913024674879
20
-53.898019554397266
0
VERTEX
8
L7
10
-50.70309707646498
20
-53.84758283241371
0
VERTEX
8
L7
10
-50.72892452066364
20
-53.792532386715415
0
VERTEX
8
L7
10
-50.746001148388146
20
-53.73417146459303
0
VERTEX
8
L7
10
-50.73288443292863
20
-53.72441703535559
0
VERTEX
8
L7
10
-50.72161679043833
20
-53.712574850299404
0
VERTEX
8
L7
10
-50.43407183231614
20
-53.712574850299404
0
VERTEX
8
L7
10
-50.41237490146536
20
-53.732446290022466
0
VERTEX
8
L7
10
-50.385671094978264
20
-53.74479690312913
0
VERTEX
8
L7
10
-50.35647866326025
20
-53.748461989130796
0
VERTEX
8
L7
10
-50.327550541666945
20
-53.74309591923804
0
VERTEX
8
L7
10
-50.30161474030302
20
-53.729204730209666
0
VERTEX
8
L7
10
-50.28111708434814
20
-53.70809840354286
0
VERTEX
8
L7
10
-50.267990565282105
20
-53.681767330222165
0
VERTEX
8
L7
10
-50.263473053892206
20
-53.65269461077845
0
VERTEX
8
L7
10
-50.267990565282105
20
-53.623621891334736
0
VERTEX
8
L7
10
-50.28111708434813
20
-53.59729081801404
0
VERTEX
8
L7
10
-50.301614740303016
20
-53.57618449134723
0
VERTEX
8
L7
10
-50.32755054166694
20
-53.56229330231886
0
VERTEX
8
L7
10
-50.35647866326024
20
-53.5569272324261
0
VERTEX
8
L7
10
-50.385671094978264
20
-53.560592318427766
0
VERTEX
8
L7
10
-50.412374901465355
20
-53.57294293153443
0
VERTEX
8
L7
10
-50.43407183231614
20
-53.59281437125749
0
VERTEX
8
L7
10
-50.72161679043833
20
-53.59281437125749
0
VERTEX
8
L7
10
-50.74318872644877
20
-53.57302628645608
0
VERTEX
8
L7
10
-50.76972880321745
20
-53.56067553552912
0
VERTEX
8
L7
10
-50.79875940603785
20
-53.55691510693253
0
VERTEX
8
L7
10
-50.82757042034956
20
-53.5620960506378
0
VERTEX
8
L7
10
-50.853472230994704
20
-53.57573470631383
0
VERTEX
8
L7
10
-50.87404680777925
20
-53.59655785481456
0
VERTEX
8
L7
10
-50.8873734375694
20
-53.622621577913584
0
VERTEX
8
L7
10
-50.892208029994066
20
-53.651492730288126
0
VERTEX
8
L7
10
-50.88809925790014
20
-53.680476082668875
0
VERTEX
8
L7
10
-50.87543069041797
20
-53.706865931499365
0
VERTEX
8
L7
10
-50.855384985358896
20
-53.728198686408916
0
VERTEX
8
L7
10
-50.829833483717486
20
-53.742482855520755
0
VERTEX
8
L7
10
-50.81294745795057
20
-53.80653965942984
0
VERTEX
8
L7
10
-50.787385890239925
20
-53.867654455096854
0
VERTEX
8
L7
10
-50.75363759932585
20
-53.924658532614394
0
VERTEX
8
L7
10
-50.71234796021973
20
-53.976461792123175
0
VERTEX
8
L7
10
-50.66430656257445
20
-54.02207358999977
0
VERTEX
8
L7
10
-50.610432111210685
20
-54.06062168312382
0
VERTEX
8
L7
10
-50.551754857549184
20
-54.091368908949754
0
VERTEX
8
L7
10
-50.48939689791614
20
-54.11372728240692
0
VERTEX
8
L7
10
-50.424550715480855
20
-54.127269240050374
0
VERTEX
8
L7
10
-50.35845637617242
20
-54.131735816438265
0
VERTEX
8
L7
10
-50.29237781466214
20
-54.127041596377424
0
VERTEX
8
L7
10
-50.22757866389948
20
-54.11327634833444
0
VERTEX
8
L7
10
-50.165298090417856
20
-54.09070330777612
0
VERTEX
8
L7
10
-50.10672709751644
20
-54.05975414326737
0
VERTEX
8
L7
10
-50.05298574947661
20
-54.021020701590835
0
VERTEX
8
L7
10
-50.00510175235885
20
-53.97524368974785
0
VERTEX
8
L7
10
-49.96399080098347
20
-53.92329851027701
0
VERTEX
8
L7
10
-49.930439067923764
20
-53.866178520764244
0
VERTEX
8
L7
10
-49.90508816937774
20
-53.804976037676084
0
VERTEX
8
L7
10
-49.88842289541904
20
-53.74086144778324
0
VERTEX
8
L7
10
-49.88076193926381
20
-53.67506082663089
0
VERTEX
8
L7
10
-49.88225180283947
20
-53.608832492061964
0
VERTEX
8
L7
10
-49.89286399520037
20
-53.54344294116473
0
VERTEX
8
L7
10
-49.9123955773656
20
-53.480142630807116
0
VERTEX
8
L7
10
-49.94047304315985
20
-53.42014206491128
0
VERTEX
8
L7
10
-49.97655946184335
20
-53.364588645755966
0
VERTEX
8
L7
10
-50.01996474594092
20
-53.314544731983595
0
VERTEX
8
L7
10
-50.069858847916514
20
-53.270967322913116
0
VERTEX
8
L7
10
-50.12528763333079
20
-53.2346897576593
0
VERTEX
8
L7
10
-50.18519112693615
20
-53.20640577902968
0
VERTEX
8
L7
10
-50.24842378278579
20
-53.18665626694842
0
VERTEX
8
L7
10
-50.31377639072764
20
-53.175818895106225
0
VERTEX
8
L7
10
-50.37999920036094
20
-53.174100908634216
0
VERTEX
8
L7
10
-50.44582582025185
20
-53.18153516091576
0
VERTEX
8
L7
10
-50.50999743537859
20
-53.1979794853249
0
VERTEX
8
L7
10
-50.57128687969152
20
-53.22311941390591
0
VERTEX
8
L7
10
-50.62852210344385
20
-53.25647419100409
0
SEQEND
0
POLYLINE
8
L7
66
1
70
1
0
VERTEX
8
L7
10
-49.76047904191616
20
-55.59281437125749
0
VERTEX
8
L7
10
-49.77298454536239
20
-55.5936340252576
0
VERTEX
8
L7
10
-49.78527607617748
20
-55.59607896275075
0
VERTEX
8
L7
10
-49.79714332286132
20
-55.60010735017856
0
VERTEX
8
L7
10
-49.80838323353293
20
-55.605650260715265
0
VERTEX
8
L7
10
-49.818803490204424
20
-55.612612853624796
0
VERTEX
8
L7
10
-49.82822579939511
20
-55.62087599701207
0
VERTEX
8
L7
10
-49.83648894278239
20
-55.63029830620276
0
VERTEX
8
L7
10
-49.84345153569191
20
-55.640718562874255
0
VERTEX
8
L7
10
-49.848994446228616
20
-55.65195847354586
0
VERTEX
8
L7
10
-49.85302283365643
20
-55.6638257202297
0
VERTEX
8
L7
10
-49.85546777114958
20
-55.676117251044786
0
VERTEX
8
L7
10
-49.856287425149695
20
-55.68862275449102
0
VERTEX
8
L7
10
-49.85546777114958
20
-55.70112825793725
0
VERTEX
8
L7
10
-49.85302283365643
20
-55.71341978875234
0
VERTEX
8
L7
10
-49.848994446228616
20
-55.725287035436175
0
VERTEX
8
L7
10
-49.84345153569191
20
-55.73652694610779
0
VERTEX
8
L7
10
-49.83648894278239
20
-55.74694720277928
0
VERTEX
8
L7
10
-49.82822579939511
20
-55.75636951196997
0
VERTEX
8
L7
10
-49.818803490204424
20
-55.76463265535725
0
VERTEX
8
L7
10
-49.80838323353293
20
-55.77159524826677
0
VERTEX
8
L7
10
-49.79714332286132
20
-55.777138158803474
0
VERTEX
8
L7
10
-49.78527607617748
20
-55.78116654623129
0
VERTEX
8
L7
10
-49.77298454536239
20
-55.783611483724435
0
VERTEX
8
L7
10
-49.76047904191616
20
-55.78443113772455
0
VERTEX
8
L7
10
-49.74797353846993
20
-55.783611483724435
0
VERTEX
8
L7
10
-49.73568200765484
20
-55.78116654623129
0
VERTEX
8
L7
10
-49.723814760971
20
-55.777138158803474
0
VERTEX
8
L7
10
-49.71257485029939
20
-55.77159524826677
0
VERTEX
8
L7
10
-49.7021545936279
20
-55.76463265535725
0
VERTEX
8
L7
10
-49.69273228443721
20
-55.75636951196997
0
VERTEX
8
L7
10
-49.68446914104993
20
-55.74694720277928
0
VERTEX
8
L7
10
-49.67750654814041
20
-55.73652694610779
0
VERTEX
8
L7
10
-49.6719636376037
20
-55.725287035436175
0
VERTEX
8
L7
10
-49.66793525017589
20
-55.71341978875234
0
VERTEX
8
L7
10
-49.66549031268274
20
-55.70112825793725
0
VERTEX
8
L7
10
-49.664670658682624
20
-55.68862275449102
0
VERTEX
8
L7
10
-49.66549031268274
20
-55.676117251044786
0
VERTEX
8
L7
10
-49.66793525017589
20
-55.6638257202297
0
VERTEX
8
L7
10
-49.6719636376037
20
-55.65195847354586
0
VERTEX
8
L7
10
-49.67750654814041
20
-55.640718562874255
0
VERTEX
8
L7
10
-49.68446914104993
20
-55.63029830620276
0
VERTEX
8
L7
10
-49.69273228443721
20
-55.62087599701207
0
VERTEX
8
L7
10
-49.7021545936279
20
-55.612612853624796
0
VERTEX
8
L7
10
-49.71257485029939
20
-55.605650260715265
0
VERTEX
8
L7
10
-49.723814760971
20
-55.60010735017856
0
VERTEX
8
L7
10
-49.73568200765484
20
-55.59607896275075
0
VERTEX
8
L7
10
-49.74797353846993
20
-55.5936340252576
0
VERTEX
8
L7
10
-49.76047904191616
20
-55.59281437125749
0
SEQEND
0
POLYLINE
8
L7
66
1
70
1
0
VERTEX
8
L7
10
-50.24835545994351
20
-55.30158301904277
0
VERTEX
8
L7
10
-50.2775261107625
20
-55.29980994210054
0
VERTEX
8
L7
10
-50.305874204968156
20
-55.30691319670349
0
VERTEX
8
L7
10
-50.330762132123226
20
-55.322231870045876
0
VERTEX
8
L7
10
-50.34987422839687
20
-55.34434065669449
0
VERTEX
8
L7
10
-50.36143223440265
20
-55.37118247422269
0
VERTEX
8
L7
10
-50.36436075096016
20
-55.4002598616882
0
VERTEX
8
L7
10
-50.358387298170705
20
-55.428867352539704
0
VERTEX
8
L7
10
-50.344067667944294
20
-55.45434320112667
0
VERTEX
8
L7
10
-50.32273421108619
20
-55.474317041256455
0
VERTEX
8
L7
10
-50.29637187050166
20
-55.48693043374032
0
VERTEX
8
L7
10
-50.26743349484329
20
-55.491009782377304
0
VERTEX
8
L7
10
-50.23861161649508
20
-55.486175529640036
0
VERTEX
8
L7
10
-50.21258792850491
20
-55.47287747209628
0
VERTEX
8
L7
10
-50.19178377004854
20
-55.452352909690006
0
VERTEX
8
L7
10
-50.178134836170734
20
-55.426511522826175
0
VERTEX
8
L7
10
-50.172911073633784
20
-55.39775768871654
0
VERTEX
8
L7
10
-50.17659852042278
20
-55.36876676932399
0
VERTEX
8
L7
10
-50.18885408299264
20
-55.34223618589386
0
VERTEX
8
L7
10
-50.14005152402033
20
-55.2893564754853
0
VERTEX
8
L7
10
-50.08477291559711
20
-55.24328881887102
0
VERTEX
8
L7
10
-50.02396138984821
20
-55.204819196163875
0
VERTEX
8
L7
10
-49.95865447838223
20
-55.174603954150726
0
VERTEX
8
L7
10
-49.889966410517886
20
-55.15315860807747
0
VERTEX
8
L7
10
-49.81906910293815
20
-55.140849046221604
0
VERTEX
8
L7
10
-49.74717216511545
20
-55.137885287314866
0
VERTEX
8
L7
10
-49.67550226164393
20
-55.14431789732332
0
VERTEX
8
L7
10
-49.60528218358696
20
-55.16003712671957
0
VERTEX
8
L7
10
-49.53770998591266
20
-55.18477478296677
0
VERTEX
8
L7
10
-49.47393854696253
20
-55.21810880626683
0
VERTEX
8
L7
10
-49.415055898697965
20
-55.259470470504255
0
VERTEX
8
L7
10
-49.362066663318785
20
-55.30815408652719
0
VERTEX
8
L7
10
-49.315874912971566
20
-55.36332904221362
0
VERTEX
8
L7
10
-49.27726874498576
20
-55.42405397390226
0
VERTEX
8
L7
10
-49.246906835805966
20
-55.48929282740304
0
VERTEX
8
L7
10
-49.22530720302973
20
-55.55793253456348
0
VERTEX
8
L7
10
-49.21283836728638
20
-55.62880200380337
0
VERTEX
8
L7
10
-49.209713064748
20
-55.700692100612194
0
VERTEX
8
L7
10
-49.215984617546034
20
-55.772376277113295
0
VERTEX
8
L7
10
-49.231546024019494
20
-55.84263149872498
0
VERTEX
8
L7
10
-49.25613178431631
20
-55.91025911087982
0
VERTEX
8
L7
10
-49.28932243020056
20
-55.97410528978604
0
VERTEX
8
L7
10
-49.33055168178057
20
-56.033080728311674
0
VERTEX
8
L7
10
-49.37911610905377
20
-56.08617922112235
0
VERTEX
8
L7
10
-49.434187133428715
20
-56.13249483198341
0
VERTEX
8
L7
10
-49.49482516446094
20
-56.1712373503279
0
VERTEX
8
L7
10
-49.559995630609876
20
-56.201745773379066
0
VERTEX
8
L7
10
-49.62858663050907
20
-56.22349958380316
0
VERTEX
8
L7
10
-49.699427903593865
20
-56.236127630479665
0
VERTEX
8
L7
10
-49.77131079642048
20
-56.23941446087025
0
VERTEX
8
L7
10
-49.84300888402248
20
-56.23330399694728
0
VERTEX
8
L7
10
-49.91329889447492
20
-56.217900491965125
0
VERTEX
8
L7
10
-49.98098157966298
20
-56.19346675175057
0
VERTEX
8
L7
10
-50.04490217617016
20
-56.16041965085949
0
VERTEX
8
L7
10
-50.10397010719379
20
-56.11932302010068
0
VERTEX
8
L7
10
-50.157177589345174
20
-56.07087802677579
0
VERTEX
8
L7
10
-50.20361682687563
20
-56.01591121176228
0
VERTEX
8
L7
10
-50.242495499970396
20
-55.95536038754387
0
VERTEX
8
L7
10
-50.22581913946899
20
-55.931361019396476
0
VERTEX
8
L7
10
-50.21715349296096
20
-55.9034508556269
0
VERTEX
8
L7
10
-50.217304843913176
20
-55.8742267600218
0
VERTEX
8
L7
10
-50.22625911007909
20
-55.84640784939473
0
VERTEX
8
L7
10
-50.24318315376256
20
-55.822582497006
0
VERTEX
8
L7
10
-50.266502299998265
20
-55.804967500841244
0
VERTEX
8
L7
10
-50.294046850073755
20
-55.79520182461346
0
VERTEX
8
L7
10
-50.323253958238574
20
-55.79419410258068
0
VERTEX
8
L7
10
-50.35140608825279
20
-55.80203809688904
0
VERTEX
8
L7
10
-50.37588386290475
20
-55.81800397359954
0
VERTEX
8
L7
10
-50.39440978045363
20
-55.840606209108856
0
VERTEX
8
L7
10
-50.405260121726926
20
-55.86774180870238
0
VERTEX
8
L7
10
-50.40742533126097
20
-55.89688597687923
0
VERTEX
8
L7
10
-50.40070395003615
20
-55.92532703356631
0
VERTEX
8
L7
10
-50.385721359961515
20
-55.95041871875687
0
VERTEX
8
L7
10
-50.36387159605298
20
-55.9698264102267
0
VERTEX
8
L7
10
-50.33718764031344
20
-55.98174434533045
0
VERTEX
8
L7
10
-50.3081522656466
20
-55.985063635767126
0
VERTEX
8
L7
10
-50.26807055936032
20
-56.04941910633203
0
VERTEX
8
L7
10
-50.22046552144583
20
-56.10842698831072
0
VERTEX
8
L7
10
-50.166042735970436
20
-56.16121268894592
0
VERTEX
8
L7
10
-50.10560883710589
20
-56.20699383832512
0
VERTEX
8
L7
10
-50.04005955349839
20
-56.24509188537472
0
VERTEX
8
L7
10
-49.97036643211359
20
-56.27494215509034
0
VERTEX
8
L7
10
-49.89756243833089
20
-56.296102217938504
0
VERTEX
8
L7
10
-49.82272664571683
20
-56.308258447381704
0
VERTEX
8
L7
10
-49.74696824240034
20
-56.311230668333664
0
VERTEX
8
L7
10
-49.67141009110114
20
-56.304974827647065
0
VERTEX
8
L7
10
-49.597172086478395
20
-56.28958364705283
0
VERTEX
8
L7
10
-49.52535455647102
20
-56.265285248873305
0
VERTEX
8
L7
10
-49.45702195364845
20
-56.23243977487851
0
VERTEX
8
L7
10
-49.39318707829276
20
-56.19153404839951
0
VERTEX
8
L7
10
-49.33479606705173
20
-56.14317435881511
0
VERTEX
8
L7
10
-49.28271436965523
20
-56.088077475357416
0
VERTEX
8
L7
10
-49.237713921543126
20
-56.02706002342635
0
VERTEX
8
L7
10
-49.20046170252678
20
-55.96102638087342
0
VERTEX
8
L7
10
-49.17150985106383
20
-55.890955273651414
0
VERTEX
8
L7
10
-49.15128748066843
20
-55.81788526950442
0
VERTEX
8
L7
10
-49.14009431975124
20
-55.74289938470513
0
VERTEX
8
L7
10
-49.13809626915706
20
-55.66710903199271
0
VERTEX
8
L7
10
-49.145322943244494
20
-55.59163754762885
0
VERTEX
8
L7
10
-49.161667230953064
20
-55.517603541727844
0
VERTEX
8
L7
10
-49.18688688336324
20
-55.44610431863584
0
VERTEX
8
L7
10
-49.22060810421936
20
-55.378199613096214
0
VERTEX
8
L7
10
-49.262331090197904
20
-55.31489588325756
0
VERTEX
8
L7
10
-49.311437438805434
20
-55.25713139332745
0
VERTEX
8
L7
10
-49.36719931410906
20
-55.20576230697122
0
VERTEX
8
L7
10
-49.42879023444843
20
-55.16154999757441
0
VERTEX
8
L7
10
-49.495297322237775
20
-55.12514976345111
0
VERTEX
8
L7
10
-49.56573483429607
20
-55.09710111525754
0
VERTEX
8
L7
10
-49.63905877216381
20
-55.077819779566774
0
VERTEX
8
L7
10
-49.71418235585764
20
-55.06759153712506
0
VERTEX
8
L7
10
-49.789992131716886
20
-55.06656798711643
0
VERTEX
8
L7
10
-49.865364475597254
20
-55.07476430021628
0
VERTEX
8
L7
10
-49.9391822468076
20
-55.09205899373734
0
VERTEX
8
L7
10
-50.01035134595149
20
-55.1181957322006
0
VERTEX
8
L7
10
-50.07781693125925
20
-55.1527871266439
0
VERTEX
8
L7
10
-50.14057905305812
20
-55.19532047635627
0
VERTEX
8
L7
10
-50.197707474652326
20
-55.2451653679361
0
VERTEX
8
L7
10
-50.24835545994351
20
-55.30158301904277
0
SEQEND
0
POLYLINE
8
L7
66
1
70
1
0
VERTEX
8
L7
10
-46.17615454023459
20
-53.742482855520755
0
VERTEX
8
L7
10
-46.15060303859319
20
-53.728198686408916
0
VERTEX
8
L7
10
-46.130557333534114
20
-53.706865931499365
0
VERTEX
8
L7
10
-46.11788876605195
20
-53.680476082668875
0
VERTEX
8
L7
10
-46.11377999395802
20
-53.651492730288126
0
VERTEX
8
L7
10
-46.11861458638268
20
-53.622621577913584
0
VERTEX
8
L7
10
-46.131941216172834
20
-53.59655785481456
0
VERTEX
8
L7
10
-46.152515792957374
20
-53.57573470631383
0
VERTEX
8
L7
10
-46.178417603602526
20
-53.5620960506378
0
VERTEX
8
L7
10
-46.207228617914225
20
-53.55691510693253
0
VERTEX
8
L7
10
-46.23625922073464
20
-53.56067553552912
0
VERTEX
8
L7
10
-46.26279929750331
20
-53.57302628645608
0
VERTEX
8
L7
10
-46.28437123351375
20
-53.59281437125749
0
VERTEX
8
L7
10
-46.571916191635935
20
-53.59281437125749
0
VERTEX
8
L7
10
-46.593613122486715
20
-53.57294293153443
0
VERTEX
8
L7
10
-46.62031692897382
20
-53.560592318427766
0
VERTEX
8
L7
10
-46.64950936069184
20
-53.55692723242609
0
VERTEX
8
L7
10
-46.67843748228513
20
-53.56229330231886
0
VERTEX
8
L7
10
-46.70437328364906
20
-53.57618449134722
0
VERTEX
8
L7
10
-46.724870939603946
20
-53.59729081801403
0
VERTEX
8
L7
10
-46.73799745866998
20
-53.62362189133473
0
VERTEX
8
L7
10
-46.74251497005987
20
-53.65269461077845
0
VERTEX
8
L7
10
-46.73799745866998
20
-53.68176733022216
0
VERTEX
8
L7
10
-46.724870939603946
20
-53.708098403542856
0
VERTEX
8
L7
10
-46.70437328364906
20
-53.729204730209666
0
VERTEX
8
L7
10
-46.67843748228513
20
-53.74309591923804
0
VERTEX
8
L7
10
-46.64950936069184
20
-53.748461989130796
0
VERTEX
8
L7
10
-46.62031692897382
20
-53.74479690312913
0
VERTEX
8
L7
10
-46.593613122486715
20
-53.732446290022466
0
VERTEX
8
L7
10
-46.571916191635935
20
-53.712574850299404
0
VERTEX
8
L7
10
-46.28437123351375
20
-53.712574850299404
0
VERTEX
8
L7
10
-46.27310359102346
20
-53.72441703535559
0
VERTEX
8
L7
10
-46.25998687556394
20
-53.73417146459303
0
VERTEX
8
L7
10
-46.277063503288446
20
-53.792532386715415
0
VERTEX
8
L7
10
-46.3028909474871
20
-53.84758283241371
0
VERTEX
8
L7
10
-46.33685777720329
20
-53.898019554397266
0
VERTEX
8
L7
10
-46.37815987217533
20
-53.94264852924921
0
VERTEX
8
L7
10
-46.42581945933189
20
-53.9804132243689
0
VERTEX
8
L7
10
-46.47870826029032
20
-54.01041960999921
0
VERTEX
8
L7
10
-46.53557420187157
20
-54.03195732421158
0
VERTEX
8
L7
10
-46.5950710572948
20
-54.04451648979543
0
VERTEX
8
L7
10
-46.65579031633547
20
-54.04779978493415
0
VERTEX
8
L7
10
-46.7162945299624
20
-54.041729481910195
0
VERTEX
8
L7
10
-46.775151340063275
20
-54.02644928720712
0
VERTEX
8
L7
10
-46.83096738864934
20
-54.00232093944657
0
VERTEX
8
L7
10
-46.88242130378303
20
-53.969915645699565
0
VERTEX
8
L7
10
-46.928294981330254
20
-53.93000055890635
0
VERTEX
8
L7
10
-46.9675024219822
20
-53.88352061653398
0
VERTEX
8
L7
10
-46.99911544086858
20
-53.831576170417904
0
VERTEX
8
L7
10
-47.02238564112007
20
-53.7753969373716
0
VERTEX
8
L7
10
-47.0367621311854
20
-53.716312887249615
0
VERTEX
8
L7
10
-47.04190456646809
20
-53.655722757650985
0
VERTEX
8
L7
10
-47.037691206539634
20
-53.59506094063625
0
VERTEX
8
L7
10
-47.024221797184836
20
-53.53576352537177
0
VERTEX
8
L7
10
-47.00181520905092
20
-53.47923430059721
0
VERTEX
8
L7
10
-46.971001888801965
20
-53.426811521763476
0
VERTEX
8
L7
10
-46.93251130148809
20
-53.37973622958542
0
VERTEX
8
L7
10
-46.88725466141459
20
-53.339122870026365
0
VERTEX
8
L7
10
-46.836303360335165
20
-53.30593291124771
0
VERTEX
8
L7
10
-46.780863603653685
20
-53.28095208210787
0
VERTEX
8
L7
10
-46.722247855089066
20
-53.26477177105943
0
VERTEX
8
L7
10
-46.66184376581354
20
-53.25777502580106
0
VERTEX
8
L7
10
-46.601081323626374
20
-53.26012748512433
0
VERTEX
8
L7
10
-46.54139899986326
20
-53.271773457632
0
VERTEX
8
L7
10
-46.48420969546906
20
-53.29243724015902
0
VERTEX
8
L7
10
-46.43086729241624
20
-53.32162964468425
0
VERTEX
8
L7
10
-46.43307716035859
20
-53.35170253361565
0
VERTEX
8
L7
10
-46.425830603418774
20
-53.3809728185053
0
VERTEX
8
L7
10
-46.409845438707066
20
-53.40654109326412
0
VERTEX
8
L7
10
-46.38670509747719
20
-53.42587465922511
0
VERTEX
8
L7
10
-46.35870177628679
20
-53.43705840489953
0
VERTEX
8
L7
10
-46.328609380490036
20
-53.43898450983298
0
VERTEX
8
L7
10
-46.29940875143977
20
-53.431462181199436
0
VERTEX
8
L7
10
-46.27399239537539
20
-53.4152365530325
0
VERTEX
8
L7
10
-46.2548779624603
20
-53.3919148760058
0
VERTEX
8
L7
10
-46.24395885767477
20
-53.36380730912986
0
VERTEX
8
L7
10
-46.24231668712618
20
-53.33369808395065
0
VERTEX
8
L7
10
-46.25011411815126
20
-53.30456970887733
0
VERTEX
8
L7
10
-46.26657876609171
20
-53.279307532937786
0
VERTEX
8
L7
10
-46.290079703859746
20
-53.26041393378289
0
VERTEX
8
L7
10
-46.318289015539264
20
-53.249760441417926
0
VERTEX
8
L7
10
-46.34841239112065
20
-53.248402351366984
0
VERTEX
8
L7
10
-46.37746592050823
20
-53.25647419100409
0
VERTEX
8
L7
10
-46.43470114426056
20
-53.22311941390591
0
VERTEX
8
L7
10
-46.49599058857349
20
-53.1979794853249
0
VERTEX
8
L7
10
-46.56016220370023
20
-53.18153516091576
0
VERTEX
8
L7
10
-46.62598882359113
20
-53.174100908634216
0
VERTEX
8
L7
10
-46.692211633224446
20
-53.175818895106225
0
VERTEX
8
L7
10
-46.75756424116629
20
-53.18665626694842
0
VERTEX
8
L7
10
-46.82079689701594
20
-53.20640577902968
0
VERTEX
8
L7
10
-46.880700390621286
20
-53.2346897576593
0
VERTEX
8
L7
10
-46.936129176035564
20
-53.270967322913116
0
VERTEX
8
L7
10
-46.98602327801116
20
-53.314544731983595
0
VERTEX
8
L7
10
-47.029428562108734
20
-53.364588645755966
0
VERTEX
8
L7
10
-47.06551498079223
20
-53.42014206491128
0
VERTEX
8
L7
10
-47.093592446586484
20
-53.480142630807116
0
VERTEX
8
L7
10
-47.11312402875171
20
-53.54344294116473
0
VERTEX
8
L7
10
-47.12373622111261
20
-53.608832492061964
0
VERTEX
8
L7
10
-47.125226084688265
20
-53.67506082663088
0
VERTEX
8
L7
10
-47.117565128533045
20
-53.74086144778323
0
VERTEX
8
L7
10
-47.10089985457434
20
-53.804976037676084
0
VERTEX
8
L7
10
-47.075548956028314
20
-53.866178520764244
0
VERTEX
8
L7
10
-47.04199722296862
20
-53.923298510277
0
VERTEX
8
L7
10
-47.00088627159323
20
-53.97524368974785
0
VERTEX
8
L7
10
-46.953002274475466
20
-54.021020701590835
0
VERTEX
8
L7
10
-46.899260926435645
20
-54.05975414326737
0
VERTEX
8
L7
10
-46.84068993353422
20
-54.09070330777612
0
VERTEX
8
L7
10
-46.778409360052606
20
-54.11327634833444
0
VERTEX
8
L7
10
-46.71361020928994
20
-54.127041596377424
0
VERTEX
8
L7
10
-46.64753164777966
20
-54.13173581643826
0
VERTEX
8
L7
10
-46.58143730847122
20
-54.127269240050374
0
VERTEX
8
L7
10
-46.51659112603595
20
-54.11372728240692
0
VERTEX
8
L7
10
-46.4542331664029
20
-54.091368908949754
0
VERTEX
8
L7
10
-46.3955559127414
20
-54.06062168312381
0
VERTEX
8
L7
10
-46.34168146137763
20
-54.02207358999976
0
VERTEX
8
L7
10
-46.293640063732354
20
-53.976461792123175
0
VERTEX
8
L7
10
-46.25235042462623
20
-53.924658532614394
0
VERTEX
8
L7
10
-46.21860213371215
20
-53.867654455096854
0
VERTEX
8
L7
10
-46.193040566001514
20
-53.80653965942984
0
VERTEX
8
L7
10
-46.17615454023459
20
-53.742482855520755
0
SEQEND
0
POLYLINE
8
L7
66
1
70
1
0
VERTEX
8
L7
10
-47.24550898203592
20
-55.59281437125749
0
VERTEX
8
L7
10
-47.25801448548216
20
-55.5936340252576
0
VERTEX
8
L7
10
-47.27030601629724
20
-55.59607896275075
0
VERTEX
8
L7
10
-47.28217326298108
20
-55.60010735017856
0
VERTEX
8
L7
10
-47.29341317365269
20
-55.605650260715265
0
VERTEX
8
L7
10
-47.30383343032418
20
-55.612612853624796
0
VERTEX
8
L7
10
-47.31325573951487
20
-55.62087599701207
0
VERTEX
8
L7
10
-47.32151888290215
20
-55.63029830620276
0
VERTEX
8
L7
10
-47.32848147581168
20
-55.640718562874255
0
VERTEX
8
L7
10
-47.33402438634838
20
-55.65195847354586
0
VERTEX
8
L7
10
-47.33805277377619
20
-55.6638257202297
0
VERTEX
8
L7
10
-47.34049771126934
20
-55.676117251044786
0
VERTEX
8
L7
10
-47.341317365269454
20
-55.68862275449102
0
VERTEX
8
L7
10
-47.34049771126934
20
-55.70112825793725
0
VERTEX
8
L7
10
-47.33805277377619
20
-55.71341978875234
0
VERTEX
8
L7
10
-47.33402438634838
20
-55.725287035436175
0
VERTEX
8
L7
10
-47.32848147581168
20
-55.73652694610779
0
VERTEX
8
L7
10
-47.32151888290215
20
-55.74694720277928
0
VERTEX
8
L7
10
-47.31325573951487
20
-55.75636951196997
0
VERTEX
8
L7
10
-47.30383343032418
20
-55.76463265535725
0
VERTEX
8
L7
10
-47.29341317365269
20
-55.77159524826677
0
VERTEX
8
L7
10
-47.28217326298108
20
-55.777138158803474
0
VERTEX
8
L7
10
-47.27030601629724
20
-55.78116654623129
0
VERTEX
8
L7
10
-47.25801448548216
20
-55.783611483724435
0
VERTEX
8
L7
10
-47.24550898203592
20
-55.78443113772455
0
VERTEX
8
L7
10
-47.23300347858969
20
-55.783611483724435
0
VERTEX
8
L7
10
-47.2207119477746
20
-55.78116654623129
0
VERTEX
8
L7
10
-47.20884470109076
20
-55.777138158803474
0
VERTEX
8
L7
10
-47.19760479041916
20
-55.77159524826677
0
VERTEX
8
L7
10
-47.18718453374767
20
-55.76463265535725
0
VERTEX
8
L7
10
-47.17776222455697
20
-55.75636951196997
0
VERTEX
8
L7
10
-47.16949908116969
20
-55.74694720277928
0
VERTEX
8
L7
10
-47.16253648826017
20
-55.73652694610779
0
VERTEX
8
L7
10
-47.15699357772347
20
-55.725287035436175
0
VERTEX
8
L7
10
-47.152965190295646
20
-55.71341978875234
0
VERTEX
8
L7
10
-47.15052025280251
20
-55.70112825793725
0
VERTEX
8
L7
10
-47.14970059880238
20
-55.68862275449102
0
VERTEX
8
L7
10
-47.15052025280251
20
-55.676117251044786
0
VERTEX
8
L7
10
-47.152965190295646
20
-55.6638257202297
0
VERTEX
8
L7
10
-47.15699357772347
20
-55.65195847354586
0
VERTEX
8
L7
10
-47.16253648826017
20
-55.640718562874255
0
VERTEX
8
L7
10
-47.16949908116969
20
-55.63029830620276
0
VERTEX
8
L7
10
-47.17776222455697
20
-55.62087599701207
0
VERTEX
8
L7
10
-47.18718453374767
20
-55.612612853624796
0
VERTEX
8
L7
10
-47.19760479041916
20
-55.605650260715265
0
VERTEX
8
L7
10
-47.20884470109076
20
-55.60010735017856
0
VERTEX
8
L7
10
-47.2207119477746
20
-55.59607896275075
0
VERTEX
8
L7
10
-47.23300347858969
20
-55.5936340252576
0
VERTEX
8
L7
10
-47.24550898203592
20
-55.59281437125749
0
SEQEND
0
POLYLINE
8
L7
66
1
70
1
0
VERTEX
8
L7
10
-52.63473053892214
20
-55.61362275449102
0
VERTEX
8
L7
10
-52.64452000333865
20
-55.614264389887985
0
VERTEX
8
L7
10
-52.65414196730484
20
-55.61617831751934
0
VERTEX
8
L7
10
-52.66343179634953
20
-55.619331789552675
0
VERTEX
8
L7
10
-52.67223053892214
20
-55.62367084920719
0
VERTEX
8
L7
10
-52.6803876460978
20
-55.629121253969174
0
VERTEX
8
L7
10
-52.68776354751114
20
-55.63558974590203
0
VERTEX
8
L7
10
-52.69423203944399
20
-55.642965647315364
0
VERTEX
8
L7
10
-52.699682444205976
20
-55.65112275449102
0
VERTEX
8
L7
10
-52.70402150386049
20
-55.659921497063635
0
VERTEX
8
L7
10
-52.70717497589383
20
-55.66921132610833
0
VERTEX
8
L7
10
-52.709088903525185
20
-55.678833290074515
0
VERTEX
8
L7
10
-52.709730538922145
20
-55.68862275449102
0
VERTEX
8
L7
10
-52.709088903525185
20
-55.69841221890752
0
VERTEX
8
L7
10
-52.70717497589383
20
-55.70803418287371
0
VERTEX
8
L7
10
-52.70402150386049
20
-55.7173240119184
0
VERTEX
8
L7
10
-52.699682444205976
20
-55.72612275449102
0
VERTEX
8
L7
10
-52.69423203944399
20
-55.73427986166667
0
VERTEX
8
L7
10
-52.68776354751114
20
-55.74165576308001
0
VERTEX
8
L7
10
-52.6803876460978
20
-55.74812425501286
0
VERTEX
8
L7
10
-52.67223053892214
20
-55.753574659774856
0
VERTEX
8
L7
10
-52.66343179634953
20
-55.75791371942937
0
VERTEX
8
L7
10
-52.65414196730484
20
-55.7610671914627
0
VERTEX
8
L7
10
-52.64452000333865
20
-55.76298111909406
0
VERTEX
8
L7
10
-52.63473053892214
20
-55.76362275449102
0
VERTEX
8
L7
10
-52.62494107450564
20
-55.76298111909406
0
VERTEX
8
L7
10
-52.61531911053946
20
-55.7610671914627
0
VERTEX
8
L7
10
-52.60602928149476
20
-55.75791371942937
0
VERTEX
8
L7
10
-52.59723053892215
20
-55.753574659774856
0
VERTEX
8
L7
10
-52.58907343174649
20
-55.74812425501286
0
VERTEX
8
L7
10
-52.58169753033315
20
-55.74165576308001
0
VERTEX
8
L7
10
-52.5752290384003
20
-55.73427986166667
0
VERTEX
8
L7
10
-52.569778633638315
20
-55.72612275449102
0
VERTEX
8
L7
10
-52.565439573983795
20
-55.7173240119184
0
VERTEX
8
L7
10
-52.56228610195046
20
-55.70803418287371
0
VERTEX
8
L7
10
-52.56037217431911
20
-55.69841221890752
0
VERTEX
8
L7
10
-52.559730538922146
20
-55.68862275449102
0
VERTEX
8
L7
10
-52.56037217431911
20
-55.678833290074515
0
VERTEX
8
L7
10
-52.56228610195046
20
-55.66921132610833
0
VERTEX
8
L7
10
-52.565439573983795
20
-55.659921497063635
0
VERTEX
8
L7
10
-52.569778633638315
20
-55.65112275449102
0
VERTEX
8
L7
10
-52.5752290384003
20
-55.642965647315364
0
VERTEX
8
L7
10
-52.58169753033315
20
-55.63558974590203
0
VERTEX
8
L7
10
-52.58907343174649
20
-55.629121253969174
0
VERTEX
8
L7
10
-52.59723053892215
20
-55.62367084920719
0
VERTEX
8
L7
10
-52.60602928149476
20
-55.619331789552675
0
VERTEX
8
L7
10
-52.61531911053946
20
-55.61617831751934
0
VERTEX
8
L7
10
-52.62494107450564
20
-55.614264389887985
0
VERTEX
8
L7
10
-52.63473053892214
20
-55.61362275449102
0
SEQEND
0
POLYLINE
8
L7
66
1
70
1
0
VERTEX
8
L7
10
-52.20431072746042
20
-55.36511976047905
0
VERTEX
8
L7
10
-52.21410019187692
20
-55.36576139587601
0
VERTEX
8
L7
10
-52.223722155843106
20
-55.36767532350736
0
VERTEX
8
L7
10
-52.2330119848878
20
-55.370828795540696
0
VERTEX
8
L7
10
-52.24181072746042
20
-55.37516785519521
0
VERTEX
8
L7
10
-52.249967834636074
20
-55.3806182599572
0
VERTEX
8
L7
10
-52.25734373604941
20
-55.38708675189005
0
VERTEX
8
L7
10
-52.263812227982264
20
-55.39446265330339
0
VERTEX
8
L7
10
-52.26926263274425
20
-55.40261976047904
0
VERTEX
8
L7
10
-52.27360169239876
20
-55.411418503051664
0
VERTEX
8
L7
10
-52.276755164432096
20
-55.42070833209635
0
VERTEX
8
L7
10
-52.27866909206345
20
-55.43033029606254
0
VERTEX
8
L7
10
-52.27931072746042
20
-55.44011976047904
0
VERTEX
8
L7
10
-52.27866909206345
20
-55.44990922489555
0
VERTEX
8
L7
10
-52.276755164432096
20
-55.45953118886173
0
VERTEX
8
L7
10
-52.27360169239876
20
-55.46882101790643
0
VERTEX
8
L7
10
-52.26926263274425
20
-55.477619760479044
0
VERTEX
8
L7
10
-52.263812227982264
20
-55.4857768676547
0
VERTEX
8
L7
10
-52.25734373604941
20
-55.49315276906803
0
VERTEX
8
L7
10
-52.249967834636074
20
-55.49962126100089
0
VERTEX
8
L7
10
-52.24181072746042
20
-55.50507166576288
0
VERTEX
8
L7
10
-52.2330119848878
20
-55.50941072541739
0
VERTEX
8
L7
10
-52.223722155843106
20
-55.51256419745072
0
VERTEX
8
L7
10
-52.21410019187692
20
-55.51447812508208
0
VERTEX
8
L7
10
-52.20431072746042
20
-55.515119760479045
0
VERTEX
8
L7
10
-52.19452126304392
20
-55.51447812508208
0
VERTEX
8
L7
10
-52.18489929907773
20
-55.51256419745072
0
VERTEX
8
L7
10
-52.17560947003304
20
-55.50941072541739
0
VERTEX
8
L7
10
-52.166810727460415
20
-55.50507166576288
0
VERTEX
8
L7
10
-52.15865362028477
20
-55.49962126100089
0
VERTEX
8
L7
10
-52.15127771887143
20
-55.49315276906803
0
VERTEX
8
L7
10
-52.14480922693858
20
-55.4857768676547
0
VERTEX
8
L7
10
-52.13935882217658
20
-55.477619760479044
0
VERTEX
8
L7
10
-52.13501976252207
20
-55.46882101790643
0
VERTEX
8
L7
10
-52.13186629048874
20
-55.45953118886173
0
VERTEX
8
L7
10
-52.12995236285738
20
-55.44990922489555
0
VERTEX
8
L7
10
-52.12931072746042
20
-55.44011976047904
0
VERTEX
8
L7
10
-52.12995236285738
20
-55.43033029606254
0
VERTEX
8
L7
10
-52.13186629048874
20
-55.42070833209635
0
VERTEX
8
L7
10
-52.13501976252207
20
-55.411418503051664
0
VERTEX
8
L7
10
-52.13935882217658
20
-55.40261976047904
0
VERTEX
8
L7
10
-52.14480922693858
20
-55.39446265330339
0
VERTEX
8
L7
10
-52.15127771887143
20
-55.38708675189005
0
VERTEX
8
L7
10
-52.15865362028477
20
-55.3806182599572
0
VERTEX
8
L7
10
-52.166810727460415
20
-55.37516785519521
0
VERTEX
8
L7
10
-52.17560947003304
20
-55.370828795540696
0
VERTEX
8
L7
10
-52.18489929907773
20
-55.36767532350736
0
VERTEX
8
L7
10
-52.19452126304392
20
-55.36576139587601
0
VERTEX
8
L7
10
-52.20431072746042
20
-55.36511976047905
0
SEQEND
0
POLYLINE
8
L7
66
1
70
1
0
VERTEX
8
L7
10
-51.96635452079868
20
-53.268600029780735
0
VERTEX
8
L7
10
-51.97614398521519
20
-53.269241665177695
0
VERTEX
8
L7
10
-51.98576594918137
20
-53.27115559280905
0
VERTEX
8
L7
10
-51.99505577822607
20
-53.274309064842384
0
VERTEX
8
L7
10
-52.00385452079868
20
-53.2786481244969
0
VERTEX
8
L7
10
-52.01201162797434
20
-53.28409852925889
0
VERTEX
8
L7
10
-52.01938752938768
20
-53.29056702119174
0
VERTEX
8
L7
10
-52.02585602132053
20
-53.29794292260508
0
VERTEX
8
L7
10
-52.031306426082516
20
-53.30610002978073
0
VERTEX
8
L7
10
-52.03564548573703
20
-53.31489877235335
0
VERTEX
8
L7
10
-52.03879895777037
20
-53.32418860139804
0
VERTEX
8
L7
10
-52.04071288540172
20
-53.33381056536423
0
VERTEX
8
L7
10
-52.041354520798684
20
-53.34360002978073
0
VERTEX
8
L7
10
-52.04071288540172
20
-53.35338949419724
0
VERTEX
8
L7
10
-52.03879895777037
20
-53.36301145816342
0
VERTEX
8
L7
10
-52.03564548573703
20
-53.37230128720812
0
VERTEX
8
L7
10
-52.031306426082516
20
-53.38110002978073
0
VERTEX
8
L7
10
-52.02585602132053
20
-53.38925713695639
0
VERTEX
8
L7
10
-52.01938752938768
20
-53.39663303836972
0
VERTEX
8
L7
10
-52.01201162797434
20
-53.40310153030258
0
VERTEX
8
L7
10
-52.00385452079868
20
-53.408551935064565
0
VERTEX
8
L7
10
-51.99505577822607
20
-53.41289099471908
0
VERTEX
8
L7
10
-51.98576594918137
20
-53.41604446675241
0
VERTEX
8
L7
10
-51.97614398521519
20
-53.41795839438377
0
VERTEX
8
L7
10
-51.96635452079868
20
-53.418600029780734
0
VERTEX
8
L7
10
-51.95656505638218
20
-53.41795839438377
0
VERTEX
8
L7
10
-51.94694309241599
20
-53.41604446675241
0
VERTEX
8
L7
10
-51.9376532633713
20
-53.41289099471908
0
VERTEX
8
L7
10
-51.92885452079869
20
-53.408551935064565
0
VERTEX
8
L7
10
-51.92069741362303
20
-53.40310153030258
0
VERTEX
8
L7
10
-51.91332151220969
20
-53.39663303836972
0
VERTEX
8
L7
10
-51.90685302027684
20
-53.38925713695639
0
VERTEX
8
L7
10
-51.901402615514854
20
-53.38110002978073
0
VERTEX
8
L7
10
-51.897063555860335
20
-53.37230128720812
0
VERTEX
8
L7
10
-51.893910083827
20
-53.36301145816342
0
VERTEX
8
L7
10
-51.891996156195646
20
-53.35338949419724
0
VERTEX
8
L7
10
-51.891354520798686
20
-53.34360002978073
0
VERTEX
8
L7
10
-51.891996156195646
20
-53.33381056536423
0
VERTEX
8
L7
10
-51.893910083827
20
-53.32418860139804
0
VERTEX
8
L7
10
-51.897063555860335
20
-53.31489877235335
0
VERTEX
8
L7
10
-51.901402615514854
20
-53.30610002978073
0
VERTEX
8
L7
10
-51.90685302027684
20
-53.29794292260508
0
VERTEX
8
L7
10
-51.91332151220969
20
-53.29056702119174
0
VERTEX
8
L7
10
-51.92069741362303
20
-53.28409852925889
0
VERTEX
8
L7
10
-51.92885452079869
20
-53.2786481244969
0
VERTEX
8
L7
10
-51.9376532633713
20
-53.274309064842384
0
VERTEX
8
L7
10
-51.94694309241599
20
-53.27115559280905
0
VERTEX
8
L7
10
-51.95656505638218
20
-53.269241665177695
0
VERTEX
8
L7
10
-51.96635452079868
20
-53.268600029780735
0
SEQEND
0
POLYLINE
8
L7
66
1
70
1
0
VERTEX
8
L7
10
-52.2754491017964
20
-53.577694610778444
0
VERTEX
8
L7
10
-52.285238566212904
20
-53.57833624617541
0
VERTEX
8
L7
10
-52.294860530179086
20
-53.58025017380677
0
VERTEX
8
L7
10
-52.304150359223776
20
-53.5834036458401
0
VERTEX
8
L7
10
-52.3129491017964
20
-53.58774270549461
0
VERTEX
8
L7
10
-52.321106208972054
20
-53.5931931102566
0
VERTEX
8
L7
10
-52.32848211038539
20
-53.59966160218946
0
VERTEX
8
L7
10
-52.33495060231824
20
-53.60703750360279
0
VERTEX
8
L7
10
-52.34040100708023
20
-53.615194610778445
0
VERTEX
8
L7
10
-52.344740066734744
20
-53.62399335335106
0
VERTEX
8
L7
10
-52.347893538768076
20
-53.63328318239576
0
VERTEX
8
L7
10
-52.34980746639943
20
-53.64290514636194
0
VERTEX
8
L7
10
-52.3504491017964
20
-53.65269461077845
0
VERTEX
8
L7
10
-52.34980746639943
20
-53.662484075194946
0
VERTEX
8
L7
10
-52.347893538768076
20
-53.672106039161136
0
VERTEX
8
L7
10
-52.344740066734744
20
-53.681395868205826
0
VERTEX
8
L7
10
-52.34040100708023
20
-53.69019461077845
0
VERTEX
8
L7
10
-52.33495060231824
20
-53.6983517179541
0
VERTEX
8
L7
10
-52.32848211038539
20
-53.70572761936744
0
VERTEX
8
L7
10
-52.321106208972054
20
-53.71219611130029
0
VERTEX
8
L7
10
-52.3129491017964
20
-53.71764651606228
0
VERTEX
8
L7
10
-52.304150359223776
20
-53.72198557571679
0
VERTEX
8
L7
10
-52.294860530179086
20
-53.725139047750126
0
VERTEX
8
L7
10
-52.285238566212904
20
-53.72705297538148
0
VERTEX
8
L7
10
-52.2754491017964
20
-53.72769461077844
0
VERTEX
8
L7
10
-52.26565963737989
20
-53.72705297538148
0
VERTEX
8
L7
10
-52.25603767341371
20
-53.725139047750126
0
VERTEX
8
L7
10
-52.24674784436902
20
-53.72198557571679
0
VERTEX
8
L7
10
-52.237949101796396
20
-53.71764651606228
0
VERTEX
8
L7
10
-52.22979199462074
20
-53.71219611130029
0
VERTEX
8
L7
10
-52.22241609320741
20
-53.70572761936744
0
VERTEX
8
L7
10
-52.21594760127456
20
-53.6983517179541
0
VERTEX
8
L7
10
-52.21049719651256
20
-53.69019461077845
0
VERTEX
8
L7
10
-52.20615813685805
20
-53.681395868205826
0
VERTEX
8
L7
10
-52.20300466482472
20
-53.672106039161136
0
VERTEX
8
L7
10
-52.20109073719336
20
-53.662484075194946
0
VERTEX
8
L7
10
-52.200449101796394
20
-53.65269461077845
0
VERTEX
8
L7
10
-52.20109073719336
20
-53.64290514636194
0
VERTEX
8
L7
10
-52.20300466482472
20
-53.63328318239576
0
VERTEX
8
L7
10
-52.20615813685805
20
-53.62399335335106
0
VERTEX
8
L7
10
-52.21049719651256
20
-53.615194610778445
0
VERTEX
8
L7
10
-52.21594760127456
20
-53.60703750360279
0
VERTEX
8
L7
10
-52.22241609320741
20
-53.59966160218946
0
VERTEX
8
L7
10
-52.22979199462074
20
-53.5931931102566
0
VERTEX
8
L7
10
-52.237949101796396
20
-53.58774270549461
0
VERTEX
8
L7
10
-52.24674784436902
20
-53.5834036458401
0
VERTEX
8
L7
10
-52.25603767341371
20
-53.58025017380677
0
VERTEX
8
L7
10
-52.26565963737989
20
-53.57833624617541
0
VERTEX
8
L7
10
-52.2754491017964
20
-53.577694610778444
0
SEQEND
0
POLYLINE
8
L7
66
1
70
1
0
VERTEX
8
L7
10
-48.50299401197604
20
-56.69146706586827
0
VERTEX
8
L7
10
-48.51278347639254
20
-56.69210870126523
0
VERTEX
8
L7
10
-48.52240544035873
20
-56.69402262889658
0
VERTEX
8
L7
10
-48.53169526940342
20
-56.697176100929916
0
VERTEX
8
L7
10
-48.540494011976044
20
-56.701515160584435
0
VERTEX
8
L7
10
-48.54865111915169
20
-56.70696556534642
0
VERTEX
8
L7
10
-48.55602702056503
20
-56.71343405727927
0
VERTEX
8
L7
10
-48.56249551249788
20
-56.72080995869261
0
VERTEX
8
L7
10
-48.56794591725988
20
-56.72896706586827
0
VERTEX
8
L7
10
-48.57228497691439
20
-56.737765808440884
0
VERTEX
8
L7
10
-48.57543844894772
20
-56.74705563748557
0
VERTEX
8
L7
10
-48.57735237657908
20
-56.75667760145176
0
VERTEX
8
L7
10
-48.57799401197604
20
-56.76646706586826
0
VERTEX
8
L7
10
-48.57735237657908
20
-56.77625653028477
0
VERTEX
8
L7
10
-48.57543844894772
20
-56.78587849425095
0
VERTEX
8
L7
10
-48.57228497691439
20
-56.79516832329565
0
VERTEX
8
L7
10
-48.56794591725988
20
-56.803967065868264
0
VERTEX
8
L7
10
-48.56249551249788
20
-56.81212417304392
0
VERTEX
8
L7
10
-48.55602702056503
20
-56.81950007445725
0
VERTEX
8
L7
10
-48.54865111915169
20
-56.82596856639011
0
VERTEX
8
L7
10
-48.540494011976044
20
-56.8314189711521
0
VERTEX
8
L7
10
-48.53169526940342
20
-56.83575803080661
0
VERTEX
8
L7
10
-48.52240544035873
20
-56.83891150283994
0
VERTEX
8
L7
10
-48.51278347639254
20
-56.8408254304713
0
VERTEX
8
L7
10
-48.50299401197604
20
-56.841467065868265
0
VERTEX
8
L7
10
-48.493204547559536
20
-56.8408254304713
0
VERTEX
8
L7
10
-48.48358258359335
20
-56.83891150283995
0
VERTEX
8
L7
10
-48.47429275454866
20
-56.83575803080661
0
VERTEX
8
L7
10
-48.46549401197604
20
-56.8314189711521
0
VERTEX
8
L7
10
-48.457336904800385
20
-56.82596856639011
0
VERTEX
8
L7
10
-48.44996100338705
20
-56.81950007445725
0
VERTEX
8
L7
10
-48.443492511454195
20
-56.81212417304392
0
VERTEX
8
L7
10
-48.43804210669221
20
-56.803967065868264
0
VERTEX
8
L7
10
-48.433703047037696
20
-56.79516832329565
0
VERTEX
8
L7
10
-48.43054957500436
20
-56.78587849425095
0
VERTEX
8
L7
10
-48.42863564737301
20
-56.77625653028477
0
VERTEX
8
L7
10
-48.42799401197604
20
-56.76646706586826
0
VERTEX
8
L7
10
-48.42863564737301
20
-56.75667760145176
0
VERTEX
8
L7
10
-48.43054957500436
20
-56.74705563748557
0
VERTEX
8
L7
10
-48.433703047037696
20
-56.737765808440884
0
VERTEX
8
L7
10
-48.43804210669221
20
-56.72896706586827
0
VERTEX
8
L7
10
-48.443492511454195
20
-56.72080995869261
0
VERTEX
8
L7
10
-48.44996100338705
20
-56.71343405727927
0
VERTEX
8
L7
10
-48.457336904800385
20
-56.70696556534642
0
VERTEX
8
L7
10
-48.46549401197604
20
-56.701515160584435
0
VERTEX
8
L7
10
-48.47429275454866
20
-56.697176100929916
0
VERTEX
8
L7
10
-48.48358258359335
20
-56.69402262889658
0
VERTEX
8
L7
10
-48.493204547559536
20
-56.69210870126523
0
VERTEX
8
L7
10
-48.50299401197604
20
-56.69146706586827
0
SEQEND
0
POLYLINE
8
L7
66
1
70
1
0
VERTEX
8
L7
10
-48.50299401197604
20
-55.73338323353293
0
VERTEX
8
L7
10
-48.51278347639254
20
-55.7340248689299
0
VERTEX
8
L7
10
-48.52240544035873
20
-55.73593879656126
0
VERTEX
8
L7
10
-48.53169526940342
20
-55.73909226859459
0
VERTEX
8
L7
10
-48.540494011976044
20
-55.7434313282491
0
VERTEX
8
L7
10
-48.54865111915169
20
-55.74888173301109
0
VERTEX
8
L7
10
-48.55602702056503
20
-55.755350224943946
0
VERTEX
8
L7
10
-48.56249551249788
20
-55.76272612635728
0
VERTEX
8
L7
10
-48.56794591725988
20
-55.770883233532935
0
VERTEX
8
L7
10
-48.57228497691439
20
-55.77968197610555
0
VERTEX
8
L7
10
-48.57543844894772
20
-55.78897180515025
0
VERTEX
8
L7
10
-48.57735237657908
20
-55.79859376911643
0
VERTEX
8
L7
10
-48.57799401197604
20
-55.808383233532936
0
VERTEX
8
L7
10
-48.57735237657908
20
-55.818172697949436
0
VERTEX
8
L7
10
-48.57543844894772
20
-55.827794661915625
0
VERTEX
8
L7
10
-48.57228497691439
20
-55.837084490960315
0
VERTEX
8
L7
10
-48.56794591725988
20
-55.84588323353294
0
VERTEX
8
L7
10
-48.56249551249788
20
-55.854040340708586
0
VERTEX
8
L7
10
-48.55602702056503
20
-55.861416242121926
0
VERTEX
8
L7
10
-48.54865111915169
20
-55.867884734054776
0
VERTEX
8
L7
10
-48.540494011976044
20
-55.87333513881677
0
VERTEX
8
L7
10
-48.53169526940342
20
-55.87767419847128
0
VERTEX
8
L7
10
-48.52240544035873
20
-55.880827670504615
0
VERTEX
8
L7
10
-48.51278347639254
20
-55.88274159813597
0
VERTEX
8
L7
10
-48.50299401197604
20
-55.88338323353293
0
VERTEX
8
L7
10
-48.493204547559536
20
-55.88274159813597
0
VERTEX
8
L7
10
-48.48358258359335
20
-55.880827670504615
0
VERTEX
8
L7
10
-48.47429275454866
20
-55.87767419847128
0
VERTEX
8
L7
10
-48.46549401197604
20
-55.87333513881677
0
VERTEX
8
L7
10
-48.457336904800385
20
-55.867884734054776
0
VERTEX
8
L7
10
-48.44996100338705
20
-55.861416242121926
0
VERTEX
8
L7
10
-48.443492511454195
20
-55.854040340708586
0
VERTEX
8
L7
10
-48.43804210669221
20
-55.84588323353294
0
VERTEX
8
L7
10
-48.433703047037696
20
-55.837084490960315
0
VERTEX
8
L7
10
-48.43054957500436
20
-55.827794661915625
0
VERTEX
8
L7
10
-48.42863564737301
20
-55.818172697949436
0
VERTEX
8
L7
10
-48.42799401197604
20
-55.808383233532936
0
VERTEX
8
L7
10
-48.42863564737301
20
-55.79859376911643
0
VERTEX
8
L7
10
-48.43054957500436
20
-55.78897180515025
0
VERTEX
8
L7
10
-48.433703047037696
20
-55.77968197610555
0
VERTEX
8
L7
10
-48.43804210669221
20
-55.770883233532935
0
VERTEX
8
L7
10
-48.443492511454195
20
-55.76272612635728
0
VERTEX
8
L7
10
-48.44996100338705
20
-55.755350224943946
0
VERTEX
8
L7
10
-48.457336904800385
20
-55.74888173301109
0
VERTEX
8
L7
10
-48.46549401197604
20
-55.7434313282491
0
VERTEX
8
L7
10
-48.47429275454866
20
-55.73909226859459
0
VERTEX
8
L7
10
-48.48358258359335
20
-55.73593879656126
0
VERTEX
8
L7
10
-48.493204547559536
20
-55.7340248689299
0
VERTEX
8
L7
10
-48.50299401197604
20
-55.73338323353293
0
SEQEND
0
POLYLINE
8
L7
66
1
70
1
0
VERTEX
8
L7
10
-44.73053892215569
20
-53.577694610778444
0
VERTEX
8
L7
10
-44.74032838657219
20
-53.57833624617541
0
VERTEX
8
L7
10
-44.74995035053837
20
-53.58025017380677
0
VERTEX
8
L7
10
-44.759240179583074
20
-53.5834036458401
0
VERTEX
8
L7
10
-44.76803892215568
20
-53.58774270549461
0
VERTEX
8
L7
10
-44.776196029331345
20
-53.5931931102566
0
VERTEX
8
L7
10
-44.78357193074467
20
-53.59966160218946
0
VERTEX
8
L7
10
-44.790040422677535
20
-53.60703750360279
0
VERTEX
8
L7
10
-44.79549082743952
20
-53.615194610778445
0
VERTEX
8
L7
10
-44.799829887094035
20
-53.62399335335106
0
VERTEX
8
L7
10
-44.80298335912737
20
-53.63328318239576
0
VERTEX
8
L7
10
-44.80489728675872
20
-53.64290514636194
0
VERTEX
8
L7
10
-44.80553892215569
20
-53.65269461077845
0
VERTEX
8
L7
10
-44.80489728675872
20
-53.662484075194946
0
VERTEX
8
L7
10
-44.80298335912737
20
-53.672106039161136
0
VERTEX
8
L7
10
-44.799829887094035
20
-53.681395868205826
0
VERTEX
8
L7
10
-44.79549082743952
20
-53.69019461077845
0
VERTEX
8
L7
10
-44.790040422677535
20
-53.6983517179541
0
VERTEX
8
L7
10
-44.78357193074467
20
-53.70572761936744
0
VERTEX
8
L7
10
-44.776196029331345
20
-53.71219611130029
0
VERTEX
8
L7
10
-44.76803892215568
20
-53.71764651606228
0
VERTEX
8
L7
10
-44.759240179583074
20
-53.72198557571679
0
VERTEX
8
L7
10
-44.74995035053837
20
-53.725139047750126
0
VERTEX
8
L7
10
-44.74032838657219
20
-53.72705297538148
0
VERTEX
8
L7
10
-44.73053892215569
20
-53.72769461077844
0
VERTEX
8
L7
10
-44.72074945773919
20
-53.72705297538148
0
VERTEX
8
L7
10
-44.71112749377299
20
-53.725139047750126
0
VERTEX
8
L7
10
-44.7018376647283
20
-53.72198557571679
0
VERTEX
8
L7
10
-44.69303892215568
20
-53.71764651606228
0
VERTEX
8
L7
10
-44.68488181498003
20
-53.71219611130029
0
VERTEX
8
L7
10
-44.67750591356669
20
-53.70572761936744
0
VERTEX
8
L7
10
-44.67103742163384
20
-53.6983517179541
0
VERTEX
8
L7
10
-44.665587016871854
20
-53.69019461077845
0
VERTEX
8
L7
10
-44.66124795721734
20
-53.681395868205826
0
VERTEX
8
L7
10
-44.65809448518401
20
-53.672106039161136
0
VERTEX
8
L7
10
-44.656180557552645
20
-53.662484075194946
0
VERTEX
8
L7
10
-44.655538922155685
20
-53.65269461077845
0
VERTEX
8
L7
10
-44.656180557552645
20
-53.64290514636194
0
VERTEX
8
L7
10
-44.65809448518401
20
-53.63328318239576
0
VERTEX
8
L7
10
-44.66124795721734
20
-53.62399335335106
0
VERTEX
8
L7
10
-44.665587016871854
20
-53.615194610778445
0
VERTEX
8
L7
10
-44.67103742163384
20
-53.60703750360279
0
VERTEX
8
L7
10
-44.67750591356669
20
-53.59966160218946
0
VERTEX
8
L7
10
-44.68488181498003
20
-53.5931931102566
0
VERTEX
8
L7
10
-44.69303892215568
20
-53.58774270549461
0
VERTEX
8
L7
10
-44.7018376647283
20
-53.5834036458401
0
VERTEX
8
L7
10
-44.71112749377299
20
-53.58025017380677
0
VERTEX
8
L7
10
-44.72074945773919
20
-53.57833624617541
0
VERTEX
8
L7
10
-44.73053892215569
20
-53.577694610778444
0
SEQEND
0
POLYLINE
8
L7
66
1
70
1
0
VERTEX
8
L7
10
-48.50299401197604
20
-54.77529940119761
0
VERTEX
8
L7
10
-48.51278347639254
20
-54.775941036594574
0
VERTEX
8
L7
10
-48.52240544035873
20
-54.777854964225924
0
VERTEX
8
L7
10
-48.53169526940342
20
-54.78100843625926
0
VERTEX
8
L7
10
-48.540494011976044
20
-54.785347495913776
0
VERTEX
8
L7
10
-48.54865111915169
20
-54.79079790067576
0
VERTEX
8
L7
10
-48.55602702056503
20
-54.79726639260861
0
VERTEX
8
L7
10
-48.56249551249788
20
-54.80464229402195
0
VERTEX
8
L7
10
-48.56794591725988
20
-54.81279940119761
0
VERTEX
8
L7
10
-48.57228497691439
20
-54.821598143770224
0
VERTEX
8
L7
10
-48.57543844894772
20
-54.83088797281492
0
VERTEX
8
L7
10
-48.57735237657908
20
-54.8405099367811
0
VERTEX
8
L7
10
-48.57799401197604
20
-54.85029940119761
0
VERTEX
8
L7
10
-48.57735237657908
20
-54.86008886561411
0
VERTEX
8
L7
10
-48.57543844894772
20
-54.8697108295803
0
VERTEX
8
L7
10
-48.57228497691439
20
-54.87900065862499
0
VERTEX
8
L7
10
-48.56794591725988
20
-54.887799401197604
0
VERTEX
8
L7
10
-48.56249551249788
20
-54.89595650837326
0
VERTEX
8
L7
10
-48.55602702056503
20
-54.9033324097866
0
VERTEX
8
L7
10
-48.54865111915169
20
-54.90980090171945
0
VERTEX
8
L7
10
-48.540494011976044
20
-54.91525130648144
0
VERTEX
8
L7
10
-48.53169526940342
20
-54.91959036613596
0
VERTEX
8
L7
10
-48.52240544035873
20
-54.92274383816929
0
VERTEX
8
L7
10
-48.51278347639254
20
-54.924657765800646
0
VERTEX
8
L7
10
-48.50299401197604
20
-54.925299401197606
0
VERTEX
8
L7
10
-48.493204547559536
20
-54.924657765800646
0
VERTEX
8
L7
10
-48.48358258359335
20
-54.92274383816929
0
VERTEX
8
L7
10
-48.47429275454866
20
-54.91959036613596
0
VERTEX
8
L7
10
-48.46549401197604
20
-54.91525130648144
0
VERTEX
8
L7
10
-48.457336904800385
20
-54.90980090171945
0
VERTEX
8
L7
10
-48.44996100338705
20
-54.9033324097866
0
VERTEX
8
L7
10
-48.443492511454195
20
-54.89595650837326
0
VERTEX
8
L7
10
-48.43804210669221
20
-54.887799401197604
0
VERTEX
8
L7
10
-48.433703047037696
20
-54.87900065862499
0
VERTEX
8
L7
10
-48.43054957500436
20
-54.8697108295803
0
VERTEX
8
L7
10
-48.42863564737301
20
-54.86008886561411
0
VERTEX
8
L7
10
-48.42799401197604
20
-54.85029940119761
0
VERTEX
8
L7
10
-48.42863564737301
20
-54.8405099367811
0
VERTEX
8
L7
10
-48.43054957500436
20
-54.83088797281492
0
VERTEX
8
L7
10
-48.433703047037696
20
-54.821598143770224
0
VERTEX
8
L7
10
-48.43804210669221
20
-54.81279940119761
0
VERTEX
8
L7
10
-48.443492511454195
20
-54.80464229402195
0
VERTEX
8
L7
10
-48.44996100338705
20
-54.79726639260861
0
VERTEX
8
L7
10
-48.457336904800385
20
-54.79079790067576
0
VERTEX
8
L7
10
-48.46549401197604
20
-54.785347495913776
0
VERTEX
8
L7
10
-48.47429275454866
20
-54.78100843625926
0
VERTEX
8
L7
10
-48.48358258359335
20
-54.777854964225924
0
VERTEX
8
L7
10
-48.493204547559536
20
-54.775941036594574
0
VERTEX
8
L7
10
-48.50299401197604
20
-54.77529940119761
0
SEQEND
0
POLYLINE
8
L7
66
1
70
1
0
VERTEX
8
L7
10
-45.0396335031534
20
-53.268600029780735
0
VERTEX
8
L7
10
-45.049422967569896
20
-53.269241665177695
0
VERTEX
8
L7
10
-45.05904493153609
20
-53.27115559280905
0
VERTEX
8
L7
10
-45.06833476058078
20
-53.274309064842384
0
VERTEX
8
L7
10
-45.07713350315339
20
-53.2786481244969
0
VERTEX
8
L7
10
-45.085290610329054
20
-53.28409852925889
0
VERTEX
8
L7
10
-45.092666511742394
20
-53.29056702119174
0
VERTEX
8
L7
10
-45.099135003675244
20
-53.29794292260508
0
VERTEX
8
L7
10
-45.10458540843723
20
-53.30610002978073
0
VERTEX
8
L7
10
-45.10892446809174
20
-53.31489877235335
0
VERTEX
8
L7
10
-45.112077940125076
20
-53.32418860139804
0
VERTEX
8
L7
10
-45.11399186775644
20
-53.33381056536423
0
VERTEX
8
L7
10
-45.1146335031534
20
-53.34360002978073
0
VERTEX
8
L7
10
-45.11399186775644
20
-53.35338949419724
0
VERTEX
8
L7
10
-45.112077940125076
20
-53.36301145816342
0
VERTEX
8
L7
10
-45.10892446809174
20
-53.37230128720812
0
VERTEX
8
L7
10
-45.10458540843723
20
-53.38110002978073
0
VERTEX
8
L7
10
-45.099135003675244
20
-53.38925713695639
0
VERTEX
8
L7
10
-45.092666511742394
20
-53.39663303836972
0
VERTEX
8
L7
10
-45.085290610329054
20
-53.40310153030258
0
VERTEX
8
L7
10
-45.07713350315339
20
-53.408551935064565
0
VERTEX
8
L7
10
-45.06833476058078
20
-53.41289099471908
0
VERTEX
8
L7
10
-45.05904493153609
20
-53.41604446675241
0
VERTEX
8
L7
10
-45.049422967569896
20
-53.41795839438377
0
VERTEX
8
L7
10
-45.0396335031534
20
-53.418600029780734
0
VERTEX
8
L7
10
-45.0298440387369
20
-53.41795839438377
0
VERTEX
8
L7
10
-45.020222074770714
20
-53.41604446675241
0
VERTEX
8
L7
10
-45.01093224572601
20
-53.41289099471908
0
VERTEX
8
L7
10
-45.0021335031534
20
-53.408551935064565
0
VERTEX
8
L7
10
-44.99397639597774
20
-53.40310153030258
0
VERTEX
8
L7
10
-44.9866004945644
20
-53.39663303836972
0
VERTEX
8
L7
10
-44.98013200263155
20
-53.38925713695639
0
VERTEX
8
L7
10
-44.97468159786956
20
-53.38110002978073
0
VERTEX
8
L7
10
-44.97034253821505
20
-53.37230128720812
0
VERTEX
8
L7
10
-44.96718906618172
20
-53.36301145816342
0
VERTEX
8
L7
10
-44.96527513855037
20
-53.35338949419724
0
VERTEX
8
L7
10
-44.964633503153394
20
-53.34360002978073
0
VERTEX
8
L7
10
-44.96527513855037
20
-53.33381056536423
0
VERTEX
8
L7
10
-44.96718906618172
20
-53.32418860139804
0
VERTEX
8
L7
10
-44.97034253821505
20
-53.31489877235335
0
VERTEX
8
L7
10
-44.97468159786956
20
-53.30610002978073
0
VERTEX
8
L7
10
-44.98013200263155
20
-53.29794292260508
0
VERTEX
8
L7
10
-44.9866004945644
20
-53.29056702119174
0
VERTEX
8
L7
10
-44.99397639597774
20
-53.28409852925889
0
VERTEX
8
L7
10
-45.0021335031534
20
-53.2786481244969
0
VERTEX
8
L7
10
-45.01093224572601
20
-53.274309064842384
0
VERTEX
8
L7
10
-45.020222074770714
20
-53.27115559280905
0
VERTEX
8
L7
10
-45.0298440387369
20
-53.269241665177695
0
VERTEX
8
L7
10
-45.0396335031534
20
-53.268600029780735
0
SEQEND
0
POLYLINE
8
L7
66
1
70
1
0
VERTEX
8
L7
10
-48.50299401197604
20
-53.81721556886228
0
VERTEX
8
L7
10
-48.51278347639254
20
-53.81785720425924
0
VERTEX
8
L7
10
-48.52240544035873
20
-53.8197711318906
0
VERTEX
8
L7
10
-48.53169526940342
20
-53.82292460392393
0
VERTEX
8
L7
10
-48.540494011976044
20
-53.82726366357844
0
VERTEX
8
L7
10
-48.54865111915169
20
-53.83271406834044
0
VERTEX
8
L7
10
-48.55602702056503
20
-53.83918256027329
0
VERTEX
8
L7
10
-48.56249551249788
20
-53.84655846168663
0
VERTEX
8
L7
10
-48.56794591725988
20
-53.854715568862275
0
VERTEX
8
L7
10
-48.57228497691439
20
-53.8635143114349
0
VERTEX
8
L7
10
-48.57543844894772
20
-53.87280414047959
0
VERTEX
8
L7
10
-48.57735237657908
20
-53.88242610444578
0
VERTEX
8
L7
10
-48.57799401197604
20
-53.89221556886228
0
VERTEX
8
L7
10
-48.57735237657908
20
-53.90200503327878
0
VERTEX
8
L7
10
-48.57543844894772
20
-53.911626997244966
0
VERTEX
8
L7
10
-48.57228497691439
20
-53.92091682628966
0
VERTEX
8
L7
10
-48.56794591725988
20
-53.92971556886228
0
VERTEX
8
L7
10
-48.56249551249788
20
-53.937872676037934
0
VERTEX
8
L7
10
-48.55602702056503
20
-53.94524857745127
0
VERTEX
8
L7
10
-48.54865111915169
20
-53.95171706938412
0
VERTEX
8
L7
10
-48.540494011976044
20
-53.95716747414611
0
VERTEX
8
L7
10
-48.53169526940342
20
-53.96150653380062
0
VERTEX
8
L7
10
-48.52240544035873
20
-53.964660005833956
0
VERTEX
8
L7
10
-48.51278347639254
20
-53.96657393346531
0
VERTEX
8
L7
10
-48.50299401197604
20
-53.96721556886228
0
VERTEX
8
L7
10
-48.493204547559536
20
-53.96657393346531
0
VERTEX
8
L7
10
-48.48358258359335
20
-53.964660005833956
0
VERTEX
8
L7
10
-48.47429275454866
20
-53.96150653380062
0
VERTEX
8
L7
10
-48.46549401197604
20
-53.95716747414611
0
VERTEX
8
L7
10
-48.457336904800385
20
-53.95171706938412
0
VERTEX
8
L7
10
-48.44996100338705
20
-53.94524857745127
0
VERTEX
8
L7
10
-48.443492511454195
20
-53.937872676037934
0
VERTEX
8
L7
10
-48.43804210669221
20
-53.92971556886228
0
VERTEX
8
L7
10
-48.433703047037696
20
-53.92091682628966
0
VERTEX
8
L7
10
-48.43054957500436
20
-53.911626997244966
0
VERTEX
8
L7
10
-48.42863564737301
20
-53.90200503327878
0
VERTEX
8
L7
10
-48.42799401197604
20
-53.89221556886228
0
VERTEX
8
L7
10
-48.42863564737301
20
-53.88242610444578
0
VERTEX
8
L7
10
-48.43054957500436
20
-53.87280414047959
0
VERTEX
8
L7
10
-48.433703047037696
20
-53.8635143114349
0
VERTEX
8
L7
10
-48.43804210669221
20
-53.854715568862275
0
VERTEX
8
L7
10
-48.443492511454195
20
-53.84655846168663
0
VERTEX
8
L7
10
-48.44996100338705
20
-53.83918256027329
0
VERTEX
8
L7
10
-48.457336904800385
20
-53.83271406834044
0
VERTEX
8
L7
10
-48.46549401197604
20
-53.82726366357844
0
VERTEX
8
L7
10
-48.47429275454866
20
-53.82292460392393
0
VERTEX
8
L7
10
-48.48358258359335
20
-53.8197711318906
0
VERTEX
8
L7
10
-48.493204547559536
20
-53.81785720425924
0
VERTEX
8
L7
10
-48.50299401197604
20
-53.81721556886228
0
SEQEND
0
POLYLINE
8
L7
66
1
70
1
0
VERTEX
8
L7
10
-44.37125748502994
20
-55.61362275449102
0
VERTEX
8
L7
10
-44.38104694944644
20
-55.614264389887985
0
VERTEX
8
L7
10
-44.390668913412625
20
-55.61617831751934
0
VERTEX
8
L7
10
-44.399958742457315
20
-55.619331789552675
0
VERTEX
8
L7
10
-44.40875748502994
20
-55.62367084920719
0
VERTEX
8
L7
10
-44.416914592205586
20
-55.629121253969174
0
VERTEX
8
L7
10
-44.424290493618926
20
-55.63558974590203
0
VERTEX
8
L7
10
-44.430758985551776
20
-55.642965647315364
0
VERTEX
8
L7
10
-44.43620939031376
20
-55.65112275449102
0
VERTEX
8
L7
10
-44.44054844996829
20
-55.659921497063635
0
VERTEX
8
L7
10
-44.44370192200162
20
-55.66921132610833
0
VERTEX
8
L7
10
-44.44561584963297
20
-55.678833290074515
0
VERTEX
8
L7
10
-44.44625748502993
20
-55.68862275449102
0
VERTEX
8
L7
10
-44.44561584963297
20
-55.69841221890752
0
VERTEX
8
L7
10
-44.44370192200162
20
-55.70803418287371
0
VERTEX
8
L7
10
-44.44054844996829
20
-55.7173240119184
0
VERTEX
8
L7
10
-44.43620939031376
20
-55.72612275449102
0
VERTEX
8
L7
10
-44.430758985551776
20
-55.73427986166667
0
VERTEX
8
L7
10
-44.424290493618926
20
-55.74165576308001
0
VERTEX
8
L7
10
-44.416914592205586
20
-55.74812425501286
0
VERTEX
8
L7
10
-44.40875748502994
20
-55.753574659774856
0
VERTEX
8
L7
10
-44.399958742457315
20
-55.75791371942937
0
VERTEX
8
L7
10
-44.390668913412625
20
-55.7610671914627
0
VERTEX
8
L7
10
-44.38104694944644
20
-55.76298111909406
0
VERTEX
8
L7
10
-44.37125748502994
20
-55.76362275449102
0
VERTEX
8
L7
10
-44.36146802061343
20
-55.76298111909406
0
VERTEX
8
L7
10
-44.35184605664725
20
-55.7610671914627
0
VERTEX
8
L7
10
-44.34255622760256
20
-55.75791371942937
0
VERTEX
8
L7
10
-44.333757485029935
20
-55.753574659774856
0
VERTEX
8
L7
10
-44.325600377854286
20
-55.74812425501286
0
VERTEX
8
L7
10
-44.318224476440946
20
-55.74165576308001
0
VERTEX
8
L7
10
-44.311755984508096
20
-55.73427986166667
0
VERTEX
8
L7
10
-44.30630557974611
20
-55.72612275449102
0
VERTEX
8
L7
10
-44.3019665200916
20
-55.7173240119184
0
VERTEX
8
L7
10
-44.29881304805825
20
-55.70803418287371
0
VERTEX
8
L7
10
-44.2968991204269
20
-55.69841221890752
0
VERTEX
8
L7
10
-44.29625748502994
20
-55.68862275449102
0
VERTEX
8
L7
10
-44.2968991204269
20
-55.678833290074515
0
VERTEX
8
L7
10
-44.29881304805825
20
-55.66921132610833
0
VERTEX
8
L7
10
-44.3019665200916
20
-55.659921497063635
0
VERTEX
8
L7
10
-44.30630557974611
20
-55.65112275449102
0
VERTEX
8
L7
10
-44.311755984508096
20
-55.642965647315364
0
VERTEX
8
L7
10
-44.318224476440946
20
-55.63558974590203
0
VERTEX
8
L7
10
-44.325600377854286
20
-55.629121253969174
0
VERTEX
8
L7
10
-44.333757485029935
20
-55.62367084920719
0
VERTEX
8
L7
10
-44.34255622760256
20
-55.619331789552675
0
VERTEX
8
L7
10
-44.35184605664725
20
-55.61617831751934
0
VERTEX
8
L7
10
-44.36146802061343
20
-55.614264389887985
0
VERTEX
8
L7
10
-44.37125748502994
20
-55.61362275449102
0
SEQEND
0
POLYLINE
8
L7
66
1
70
1
0
VERTEX
8
L7
10
-48.50299401197604
20
-53.338173652694614
0
VERTEX
8
L7
10
-48.51278347639254
20
-53.338815288091574
0
VERTEX
8
L7
10
-48.52240544035873
20
-53.34072921572293
0
VERTEX
8
L7
10
-48.53169526940342
20
-53.34388268775626
0
VERTEX
8
L7
10
-48.540494011976044
20
-53.34822174741078
0
VERTEX
8
L7
10
-48.54865111915169
20
-53.35367215217277
0
VERTEX
8
L7
10
-48.55602702056503
20
-53.36014064410562
0
VERTEX
8
L7
10
-48.56249551249788
20
-53.36751654551896
0
VERTEX
8
L7
10
-48.56794591725988
20
-53.375673652694616
0
VERTEX
8
L7
10
-48.57228497691439
20
-53.38447239526723
0
VERTEX
8
L7
10
-48.57543844894772
20
-53.39376222431192
0
VERTEX
8
L7
10
-48.57735237657908
20
-53.40338418827811
0
VERTEX
8
L7
10
-48.57799401197604
20
-53.41317365269461
0
VERTEX
8
L7
10
-48.57735237657908
20
-53.42296311711112
0
VERTEX
8
L7
10
-48.57543844894772
20
-53.4325850810773
0
VERTEX
8
L7
10
-48.57228497691439
20
-53.441874910121996
0
VERTEX
8
L7
10
-48.56794591725988
20
-53.45067365269461
0
VERTEX
8
L7
10
-48.56249551249788
20
-53.45883075987027
0
VERTEX
8
L7
10
-48.55602702056503
20
-53.46620666128361
0
VERTEX
8
L7
10
-48.54865111915169
20
-53.47267515321646
0
VERTEX
8
L7
10
-48.540494011976044
20
-53.478125557978444
0
VERTEX
8
L7
10
-48.53169526940342
20
-53.48246461763296
0
VERTEX
8
L7
10
-48.52240544035873
20
-53.485618089666296
0
VERTEX
8
L7
10
-48.51278347639254
20
-53.487532017297646
0
VERTEX
8
L7
10
-48.50299401197604
20
-53.48817365269461
0
VERTEX
8
L7
10
-48.493204547559536
20
-53.487532017297646
0
VERTEX
8
L7
10
-48.48358258359335
20
-53.485618089666296
0
VERTEX
8
L7
10
-48.47429275454866
20
-53.48246461763296
0
VERTEX
8
L7
10
-48.46549401197604
20
-53.478125557978444
0
VERTEX
8
L7
10
-48.457336904800385
20
-53.47267515321646
0
VERTEX
8
L7
10
-48.44996100338705
20
-53.46620666128361
0
VERTEX
8
L7
10
-48.443492511454195
20
-53.45883075987027
0
VERTEX
8
L7
10
-48.43804210669221
20
-53.45067365269461
0
VERTEX
8
L7
10
-48.433703047037696
20
-53.441874910121996
0
VERTEX
8
L7
10
-48.43054957500436
20
-53.4325850810773
0
VERTEX
8
L7
10
-48.42863564737301
20
-53.42296311711112
0
VERTEX
8
L7
10
-48.42799401197604
20
-53.41317365269461
0
VERTEX
8
L7
10
-48.42863564737301
20
-53.40338418827811
0
VERTEX
8
L7
10
-48.43054957500436
20
-53.39376222431192
0
VERTEX
8
L7
10
-48.433703047037696
20
-53.38447239526723
0
VERTEX
8
L7
10
-48.43804210669221
20
-53.375673652694616
0
VERTEX
8
L7
10
-48.443492511454195
20
-53.36751654551896
0
VERTEX
8
L7
10
-48.44996100338705
20
-53.36014064410562
0
VERTEX
8
L7
10
-48.457336904800385
20
-53.35367215217277
0
VERTEX
8
L7
10
-48.46549401197604
20
-53.34822174741078
0
VERTEX
8
L7
10
-48.47429275454866
20
-53.34388268775626
0
VERTEX
8
L7
10
-48.48358258359335
20
-53.34072921572293
0
VERTEX
8
L7
10
-48.493204547559536
20
-53.338815288091574
0
VERTEX
8
L7
10
-48.50299401197604
20
-53.338173652694614
0
SEQEND
0
POLYLINE
8
L7
66
1
70
1
0
VERTEX
8
L7
10
-44.80167729649166
20
-55.36511976047905
0
VERTEX
8
L7
10
-44.81146676090816
20
-55.36576139587601
0
VERTEX
8
L7
10
-44.82108872487436
20
-55.36767532350736
0
VERTEX
8
L7
10
-44.83037855391905
20
-55.370828795540696
0
VERTEX
8
L7
10
-44.83917729649167
20
-55.37516785519521
0
VERTEX
8
L7
10
-44.84733440366732
20
-55.3806182599572
0
VERTEX
8
L7
10
-44.85471030508066
20
-55.38708675189005
0
VERTEX
8
L7
10
-44.86117879701351
20
-55.39446265330339
0
VERTEX
8
L7
10
-44.866629201775496
20
-55.40261976047904
0
VERTEX
8
L7
10
-44.87096826143001
20
-55.411418503051664
0
VERTEX
8
L7
10
-44.87412173346334
20
-55.42070833209635
0
VERTEX
8
L7
10
-44.876035661094704
20
-55.43033029606254
0
VERTEX
8
L7
10
-44.876677296491664
20
-55.44011976047904
0
VERTEX
8
L7
10
-44.876035661094704
20
-55.44990922489555
0
VERTEX
8
L7
10
-44.87412173346334
20
-55.45953118886173
0
VERTEX
8
L7
10
-44.87096826143001
20
-55.46882101790643
0
VERTEX
8
L7
10
-44.866629201775496
20
-55.477619760479044
0
VERTEX
8
L7
10
-44.86117879701351
20
-55.4857768676547
0
VERTEX
8
L7
10
-44.85471030508066
20
-55.49315276906803
0
VERTEX
8
L7
10
-44.84733440366732
20
-55.49962126100089
0
VERTEX
8
L7
10
-44.83917729649167
20
-55.50507166576288
0
VERTEX
8
L7
10
-44.83037855391905
20
-55.50941072541739
0
VERTEX
8
L7
10
-44.82108872487436
20
-55.51256419745072
0
VERTEX
8
L7
10
-44.81146676090816
20
-55.51447812508208
0
VERTEX
8
L7
10
-44.80167729649166
20
-55.515119760479045
0
VERTEX
8
L7
10
-44.79188783207516
20
-55.51447812508208
0
VERTEX
8
L7
10
-44.78226586810898
20
-55.51256419745072
0
VERTEX
8
L7
10
-44.772976039064275
20
-55.50941072541739
0
VERTEX
8
L7
10
-44.76417729649167
20
-55.50507166576288
0
VERTEX
8
L7
10
-44.756020189316004
20
-55.49962126100089
0
VERTEX
8
L7
10
-44.74864428790268
20
-55.49315276906803
0
VERTEX
8
L7
10
-44.742175795969814
20
-55.4857768676547
0
VERTEX
8
L7
10
-44.73672539120783
20
-55.477619760479044
0
VERTEX
8
L7
10
-44.732386331553315
20
-55.46882101790643
0
VERTEX
8
L7
10
-44.72923285951998
20
-55.45953118886173
0
VERTEX
8
L7
10
-44.72731893188863
20
-55.44990922489555
0
VERTEX
8
L7
10
-44.72667729649166
20
-55.44011976047904
0
VERTEX
8
L7
10
-44.72731893188863
20
-55.43033029606254
0
VERTEX
8
L7
10
-44.72923285951998
20
-55.42070833209635
0
VERTEX
8
L7
10
-44.732386331553315
20
-55.411418503051664
0
VERTEX
8
L7
10
-44.73672539120783
20
-55.40261976047904
0
VERTEX
8
L7
10
-44.742175795969814
20
-55.39446265330339
0
VERTEX
8
L7
10
-44.74864428790268
20
-55.38708675189005
0
VERTEX
8
L7
10
-44.756020189316004
20
-55.3806182599572
0
VERTEX
8
L7
10
-44.76417729649167
20
-55.37516785519521
0
VERTEX
8
L7
10
-44.772976039064275
20
-55.370828795540696
0
VERTEX
8
L7
10
-44.78226586810898
20
-55.36767532350736
0
VERTEX
8
L7
10
-44.79188783207516
20
-55.36576139587601
0
VERTEX
8
L7
10
-44.80167729649166
20
-55.36511976047905
0
SEQEND
0
POLYLINE
8
L7
66
1
70
1
0
VERTEX
8
L7
10
-48.50299401197604
20
-54.29625748502994
0
VERTEX
8
L7
10
-48.51278347639254
20
-54.29689912042691
0
VERTEX
8
L7
10
-48.52240544035873
20
-54.298813048058264
0
VERTEX
8
L7
10
-48.53169526940342
20
-54.3019665200916
0
VERTEX
8
L7
10
-48.540494011976044
20
-54.30630557974611
0
VERTEX
8
L7
10
-48.54865111915169
20
-54.311755984508096
0
VERTEX
8
L7
10
-48.55602702056503
20
-54.31822447644095
0
VERTEX
8
L7
10
-48.56249551249788
20
-54.325600377854286
0
VERTEX
8
L7
10
-48.56794591725988
20
-54.33375748502994
0
VERTEX
8
L7
10
-48.57228497691439
20
-54.34255622760256
0
VERTEX
8
L7
10
-48.57543844894772
20
-54.351846056647254
0
VERTEX
8
L7
10
-48.57735237657908
20
-54.36146802061344
0
VERTEX
8
L7
10
-48.57799401197604
20
-54.37125748502994
0
VERTEX
8
L7
10
-48.57735237657908
20
-54.38104694944644
0
VERTEX
8
L7
10
-48.57543844894772
20
-54.39066891341263
0
VERTEX
8
L7
10
-48.57228497691439
20
-54.39995874245732
0
VERTEX
8
L7
10
-48.56794591725988
20
-54.408757485029945
0
VERTEX
8
L7
10
-48.56249551249788
20
-54.41691459220559
0
VERTEX
8
L7
10
-48.55602702056503
20
-54.42429049361893
0
VERTEX
8
L7
10
-48.54865111915169
20
-54.43075898555178
0
VERTEX
8
L7
10
-48.540494011976044
20
-54.43620939031378
0
VERTEX
8
L7
10
-48.53169526940342
20
-54.44054844996829
0
VERTEX
8
L7
10
-48.52240544035873
20
-54.44370192200162
0
VERTEX
8
L7
10
-48.51278347639254
20
-54.44561584963298
0
VERTEX
8
L7
10
-48.50299401197604
20
-54.44625748502994
0
VERTEX
8
L7
10
-48.493204547559536
20
-54.44561584963298
0
VERTEX
8
L7
10
-48.48358258359335
20
-54.44370192200162
0
VERTEX
8
L7
10
-48.47429275454866
20
-54.44054844996829
0
VERTEX
8
L7
10
-48.46549401197604
20
-54.43620939031378
0
VERTEX
8
L7
10
-48.457336904800385
20
-54.43075898555178
0
VERTEX
8
L7
10
-48.44996100338705
20
-54.42429049361893
0
VERTEX
8
L7
10
-48.443492511454195
20
-54.41691459220559
0
VERTEX
8
L7
10
-48.43804210669221
20
-54.408757485029945
0
VERTEX
8
L7
10
-48.433703047037696
20
-54.39995874245732
0
VERTEX
8
L7
10
-48.43054957500436
20
-54.39066891341263
0
VERTEX
8
L7
10
-48.42863564737301
20
-54.38104694944644
0
VERTEX
8
L7
10
-48.42799401197604
20
-54.37125748502994
0
VERTEX
8
L7
10
-48.42863564737301
20
-54.36146802061344
0
VERTEX
8
L7
10
-48.43054957500436
20
-54.351846056647254
0
VERTEX
8
L7
10
-48.433703047037696
20
-54.34255622760256
0
VERTEX
8
L7
10
-48.43804210669221
20
-54.33375748502994
0
VERTEX
8
L7
10
-48.443492511454195
20
-54.325600377854286
0
VERTEX
8
L7
10
-48.44996100338705
20
-54.31822447644095
0
VERTEX
8
L7
10
-48.457336904800385
20
-54.311755984508096
0
VERTEX
8
L7
10
-48.46549401197604
20
-54.30630557974611
0
VERTEX
8
L7
10
-48.47429275454866
20
-54.3019665200916
0
VERTEX
8
L7
10
-48.48358258359335
20
-54.298813048058264
0
VERTEX
8
L7
10
-48.493204547559536
20
-54.29689912042691
0
VERTEX
8
L7
10
-48.50299401197604
20
-54.29625748502994
0
SEQEND
0
POLYLINE
8
L7
66
1
70
1
0
VERTEX
8
L7
10
-48.50299401197604
20
-55.254341317365274
0
VERTEX
8
L7
10
-48.51278347639254
20
-55.254982952762234
0
VERTEX
8
L7
10
-48.52240544035873
20
-55.25689688039359
0
VERTEX
8
L7
10
-48.53169526940342
20
-55.26005035242692
0
VERTEX
8
L7
10
-48.540494011976044
20
-55.264389412081435
0
VERTEX
8
L7
10
-48.54865111915169
20
-55.26983981684343
0
VERTEX
8
L7
10
-48.55602702056503
20
-55.27630830877628
0
VERTEX
8
L7
10
-48.56249551249788
20
-55.28368421018962
0
VERTEX
8
L7
10
-48.56794591725988
20
-55.29184131736527
0
VERTEX
8
L7
10
-48.57228497691439
20
-55.30064005993789
0
VERTEX
8
L7
10
-48.57543844894772
20
-55.30992988898258
0
VERTEX
8
L7
10
-48.57735237657908
20
-55.31955185294877
0
VERTEX
8
L7
10
-48.57799401197604
20
-55.32934131736527
0
VERTEX
8
L7
10
-48.57735237657908
20
-55.339130781781776
0
VERTEX
8
L7
10
-48.57543844894772
20
-55.34875274574796
0
VERTEX
8
L7
10
-48.57228497691439
20
-55.358042574792655
0
VERTEX
8
L7
10
-48.56794591725988
20
-55.36684131736527
0
VERTEX
8
L7
10
-48.56249551249788
20
-55.37499842454093
0
VERTEX
8
L7
10
-48.55602702056503
20
-55.38237432595426
0
VERTEX
8
L7
10
-48.54865111915169
20
-55.38884281788712
0
VERTEX
8
L7
10
-48.540494011976044
20
-55.394293222649104
0
VERTEX
8
L7
10
-48.53169526940342
20
-55.398632282303616
0
VERTEX
8
L7
10
-48.52240544035873
20
-55.40178575433695
0
VERTEX
8
L7
10
-48.51278347639254
20
-55.403699681968305
0
VERTEX
8
L7
10
-48.50299401197604
20
-55.40434131736527
0
VERTEX
8
L7
10
-48.493204547559536
20
-55.403699681968305
0
VERTEX
8
L7
10
-48.48358258359335
20
-55.40178575433695
0
VERTEX
8
L7
10
-48.47429275454866
20
-55.398632282303616
0
VERTEX
8
L7
10
-48.46549401197604
20
-55.394293222649104
0
VERTEX
8
L7
10
-48.457336904800385
20
-55.38884281788712
0
VERTEX
8
L7
10
-48.44996100338705
20
-55.38237432595426
0
VERTEX
8
L7
10
-48.443492511454195
20
-55.37499842454093
0
VERTEX
8
L7
10
-48.43804210669221
20
-55.36684131736527
0
VERTEX
8
L7
10
-48.433703047037696
20
-55.358042574792655
0
VERTEX
8
L7
10
-48.43054957500436
20
-55.34875274574796
0
VERTEX
8
L7
10
-48.42863564737301
20
-55.339130781781776
0
VERTEX
8
L7
10
-48.42799401197604
20
-55.32934131736527
0
VERTEX
8
L7
10
-48.42863564737301
20
-55.31955185294877
0
VERTEX
8
L7
10
-48.43054957500436
20
-55.30992988898258
0
VERTEX
8
L7
10
-48.433703047037696
20
-55.30064005993789
0
VERTEX
8
L7
10
-48.43804210669221
20
-55.29184131736527
0
VERTEX
8
L7
10
-48.443492511454195
20
-55.28368421018962
0
VERTEX
8
L7
10
-48.44996100338705
20
-55.27630830877628
0
VERTEX
8
L7
10
-48.457336904800385
20
-55.26983981684343
0
VERTEX
8
L7
10
-48.46549401197604
20
-55.264389412081435
0
VERTEX
8
L7
10
-48.47429275454866
20
-55.26005035242692
0
VERTEX
8
L7
10
-48.48358258359335
20
-55.25689688039359
0
VERTEX
8
L7
10
-48.493204547559536
20
-55.254982952762234
0
VERTEX
8
L7
10
-48.50299401197604
20
-55.254341317365274
0
SEQEND
0
POLYLINE
8
L7
66
1
70
1
0
VERTEX
8
L7
10
-48.50299401197604
20
-56.2124251497006
0
VERTEX
8
L7
10
-48.51278347639254
20
-56.21306678509757
0
VERTEX
8
L7
10
-48.52240544035873
20
-56.21498071272892
0
VERTEX
8
L7
10
-48.53169526940342
20
-56.218134184762256
0
VERTEX
8
L7
10
-48.540494011976044
20
-56.22247324441677
0
VERTEX
8
L7
10
-48.54865111915169
20
-56.227923649178756
0
VERTEX
8
L7
10
-48.55602702056503
20
-56.234392141111606
0
VERTEX
8
L7
10
-48.56249551249788
20
-56.241768042524946
0
VERTEX
8
L7
10
-48.56794591725988
20
-56.2499251497006
0
VERTEX
8
L7
10
-48.57228497691439
20
-56.25872389227322
0
VERTEX
8
L7
10
-48.57543844894772
20
-56.268013721317914
0
VERTEX
8
L7
10
-48.57735237657908
20
-56.277635685284096
0
VERTEX
8
L7
10
-48.57799401197604
20
-56.2874251497006
0
VERTEX
8
L7
10
-48.57735237657908
20
-56.2972146141171
0
VERTEX
8
L7
10
-48.57543844894772
20
-56.30683657808329
0
VERTEX
8
L7
10
-48.57228497691439
20
-56.31612640712798
0
VERTEX
8
L7
10
-48.56794591725988
20
-56.3249251497006
0
VERTEX
8
L7
10
-48.56249551249788
20
-56.33308225687625
0
VERTEX
8
L7
10
-48.55602702056503
20
-56.34045815828959
0
VERTEX
8
L7
10
-48.54865111915169
20
-56.34692665022244
0
VERTEX
8
L7
10
-48.540494011976044
20
-56.35237705498443
0
VERTEX
8
L7
10
-48.53169526940342
20
-56.35671611463895
0
VERTEX
8
L7
10
-48.52240544035873
20
-56.35986958667228
0
VERTEX
8
L7
10
-48.51278347639254
20
-56.36178351430364
0
VERTEX
8
L7
10
-48.50299401197604
20
-56.3624251497006
0
VERTEX
8
L7
10
-48.493204547559536
20
-56.36178351430364
0
VERTEX
8
L7
10
-48.48358258359335
20
-56.35986958667228
0
VERTEX
8
L7
10
-48.47429275454866
20
-56.35671611463895
0
VERTEX
8
L7
10
-48.46549401197604
20
-56.35237705498443
0
VERTEX
8
L7
10
-48.457336904800385
20
-56.34692665022244
0
VERTEX
8
L7
10
-48.44996100338705
20
-56.34045815828959
0
VERTEX
8
L7
10
-48.443492511454195
20
-56.33308225687625
0
VERTEX
8
L7
10
-48.43804210669221
20
-56.3249251497006
0
VERTEX
8
L7
10
-48.433703047037696
20
-56.31612640712798
0
VERTEX
8
L7
10
-48.43054957500436
20
-56.30683657808329
0
VERTEX
8
L7
10
-48.42863564737301
20
-56.2972146141171
0
VERTEX
8
L7
10
-48.42799401197604
20
-56.2874251497006
0
VERTEX
8
L7
10
-48.42863564737301
20
-56.277635685284096
0
VERTEX
8
L7
10
-48.43054957500436
20
-56.268013721317914
0
VERTEX
8
L7
10
-48.433703047037696
20
-56.25872389227322
0
VERTEX
8
L7
10
-48.43804210669221
20
-56.2499251497006
0
VERTEX
8
L7
10
-48.443492511454195
20
-56.241768042524946
0
VERTEX
8
L7
10
-48.44996100338705
20
-56.234392141111606
0
VERTEX
8
L7
10
-48.457336904800385
20
-56.227923649178756
0
VERTEX
8
L7
10
-48.46549401197604
20
-56.22247324441677
0
VERTEX
8
L7
10
-48.47429275454866
20
-56.218134184762256
0
VERTEX
8
L7
10
-48.48358258359335
20
-56.21498071272892
0
VERTEX
8
L7
10
-48.493204547559536
20
-56.21306678509757
0
VERTEX
8
L7
10
-48.50299401197604
20
-56.2124251497006
0
SEQEND
0
POLYLINE
8
L7
66
1
70
1
0
VERTEX
8
L7
10
-35.91939264453302
20
-55.985063635767126
0
VERTEX
8
L7
10
-35.890357269866186
20
-55.98174434533045
0
VERTEX
8
L7
10
-35.86367331412664
20
-55.9698264102267
0
VERTEX
8
L7
10
-35.84182355021811
20
-55.95041871875687
0
VERTEX
8
L7
10
-35.82684096014347
20
-55.92532703356631
0
VERTEX
8
L7
10
-35.820119578918664
20
-55.89688597687923
0
VERTEX
8
L7
10
-35.82228478845269
20
-55.86774180870238
0
VERTEX
8
L7
10
-35.83313512972599
20
-55.840606209108856
0
VERTEX
8
L7
10
-35.851661047274874
20
-55.81800397359954
0
VERTEX
8
L7
10
-35.87613882192683
20
-55.80203809688904
0
VERTEX
8
L7
10
-35.90429095194105
20
-55.79419410258068
0
VERTEX
8
L7
10
-35.93349806010586
20
-55.79520182461346
0
VERTEX
8
L7
10
-35.96104261018135
20
-55.804967500841244
0
VERTEX
8
L7
10
-35.98436175641706
20
-55.822582497006
0
VERTEX
8
L7
10
-36.00128580010053
20
-55.84640784939473
0
VERTEX
8
L7
10
-36.01024006626645
20
-55.8742267600218
0
VERTEX
8
L7
10
-36.010391417218656
20
-55.9034508556269
0
VERTEX
8
L7
10
-36.001725770710635
20
-55.931361019396476
0
VERTEX
8
L7
10
-35.98504941020923
20
-55.95536038754387
0
VERTEX
8
L7
10
-36.023928083303986
20
-56.01591121176228
0
VERTEX
8
L7
10
-36.07036732083445
20
-56.07087802677579
0
VERTEX
8
L7
10
-36.12357480298583
20
-56.11932302010067
0
VERTEX
8
L7
10
-36.18264273400946
20
-56.16041965085949
0
VERTEX
8
L7
10
-36.246563330516636
20
-56.19346675175057
0
VERTEX
8
L7
10
-36.3142460157047
20
-56.217900491965125
0
VERTEX
8
L7
10
-36.384536026157136
20
-56.23330399694728
0
VERTEX
8
L7
10
-36.45623411375914
20
-56.23941446087025
0
VERTEX
8
L7
10
-36.52811700658576
20
-56.236127630479665
0
VERTEX
8
L7
10
-36.598958279670555
20
-56.22349958380316
0
VERTEX
8
L7
10
-36.66754927956974
20
-56.201745773379066
0
VERTEX
8
L7
10
-36.73271974571868
20
-56.1712373503279
0
VERTEX
8
L7
10
-36.79335777675091
20
-56.13249483198341
0
VERTEX
8
L7
10
-36.84842880112585
20
-56.08617922112234
0
VERTEX
8
L7
10
-36.896993228399054
20
-56.033080728311674
0
VERTEX
8
L7
10
-36.93822247997906
20
-55.97410528978604
0
VERTEX
8
L7
10
-36.97141312586331
20
-55.91025911087982
0
VERTEX
8
L7
10
-36.99599888616012
20
-55.84263149872497
0
VERTEX
8
L7
10
-37.011560292633575
20
-55.77237627711329
0
VERTEX
8
L7
10
-37.017831845431616
20
-55.700692100612194
0
VERTEX
8
L7
10
-37.01470654289324
20
-55.62880200380337
0
VERTEX
8
L7
10
-37.00223770714989
20
-55.55793253456348
0
VERTEX
8
L7
10
-36.98063807437366
20
-55.48929282740304
0
VERTEX
8
L7
10
-36.950276165193856
20
-55.42405397390226
0
VERTEX
8
L7
10
-36.91166999720805
20
-55.36332904221362
0
VERTEX
8
L7
10
-36.86547824686083
20
-55.30815408652719
0
VERTEX
8
L7
10
-36.81248901148166
20
-55.259470470504255
0
VERTEX
8
L7
10
-36.75360636321709
20
-55.21810880626683
0
VERTEX
8
L7
10
-36.68983492426696
20
-55.18477478296677
0
VERTEX
8
L7
10
-36.622262726592666
20
-55.16003712671957
0
VERTEX
8
L7
10
-36.55204264853569
20
-55.14431789732332
0
VERTEX
8
L7
10
-36.48037274506417
20
-55.13788528731487
0
VERTEX
8
L7
10
-36.40847580724147
20
-55.140849046221604
0
VERTEX
8
L7
10
-36.33757849966173
20
-55.15315860807747
0
VERTEX
8
L7
10
-36.26889043179739
20
-55.174603954150726
0
VERTEX
8
L7
10
-36.20358352033141
20
-55.20481919616388
0
VERTEX
8
L7
10
-36.14277199458252
20
-55.24328881887102
0
VERTEX
8
L7
10
-36.087493386159295
20
-55.2893564754853
0
VERTEX
8
L7
10
-36.03869082718698
20
-55.34223618589386
0
VERTEX
8
L7
10
-36.050946389756845
20
-55.36876676932399
0
VERTEX
8
L7
10
-36.05463383654583
20
-55.39775768871654
0
VERTEX
8
L7
10
-36.04941007400889
20
-55.426511522826175
0
VERTEX
8
L7
10
-36.035761140131086
20
-55.452352909690006
0
VERTEX
8
L7
10
-36.014956981674715
20
-55.47287747209628
0
VERTEX
8
L7
10
-35.98893329368454
20
-55.48617552964004
0
VERTEX
8
L7
10
-35.96011141533633
20
-55.491009782377304
0
VERTEX
8
L7
10
-35.93117303967796
20
-55.486930433740326
0
VERTEX
8
L7
10
-35.90481069909343
20
-55.474317041256455
0
VERTEX
8
L7
10
-35.88347724223533
20
-55.45434320112667
0
VERTEX
8
L7
10
-35.86915761200892
20
-55.428867352539704
0
VERTEX
8
L7
10
-35.86318415921946
20
-55.4002598616882
0
VERTEX
8
L7
10
-35.866112675776975
20
-55.37118247422269
0
VERTEX
8
L7
10
-35.877670681782746
20
-55.34434065669449
0
VERTEX
8
L7
10
-35.89678277805639
20
-55.322231870045876
0
VERTEX
8
L7
10
-35.92167070521147
20
-55.30691319670349
0
VERTEX
8
L7
10
-35.95001879941712
20
-55.29980994210054
0
VERTEX
8
L7
10
-35.979189450236106
20
-55.30158301904277
0
VERTEX
8
L7
10
-36.0298374355273
20
-55.2451653679361
0
VERTEX
8
L7
10
-36.08696585712151
20
-55.19532047635627
0
VERTEX
8
L7
10
-36.14972797892037
20
-55.1527871266439
0
VERTEX
8
L7
10
-36.217193564228126
20
-55.1181957322006
0
VERTEX
8
L7
10
-36.28836266337203
20
-55.09205899373734
0
VERTEX
8
L7
10
-36.36218043458237
20
-55.07476430021628
0
VERTEX
8
L7
10
-36.43755277846273
20
-55.06656798711643
0
VERTEX
8
L7
10
-36.513362554321986
20
-55.06759153712506
0
VERTEX
8
L7
10
-36.58848613801581
20
-55.077819779566774
0
VERTEX
8
L7
10
-36.66181007588355
20
-55.09710111525754
0
VERTEX
8
L7
10
-36.73224758794184
20
-55.12514976345111
0
VERTEX
8
L7
10
-36.79875467573119
20
-55.16154999757441
0
VERTEX
8
L7
10
-36.86034559607056
20
-55.20576230697122
0
VERTEX
8
L7
10
-36.91610747137419
20
-55.25713139332745
0
VERTEX
8
L7
10
-36.96521381998171
20
-55.31489588325756
0
VERTEX
8
L7
10
-37.006936805960265
20
-55.378199613096214
0
VERTEX
8
L7
10
-37.04065802681639
20
-55.44610431863584
0
VERTEX
8
L7
10
-37.06587767922656
20
-55.517603541727844
0
VERTEX
8
L7
10
-37.08222196693512
20
-55.59163754762885
0
VERTEX
8
L7
10
-37.08944864102256
20
-55.66710903199271
0
VERTEX
8
L7
10
-37.087450590428375
20
-55.74289938470513
0
VERTEX
8
L7
10
-37.0762574295112
20
-55.81788526950442
0
VERTEX
8
L7
10
-37.0560350591158
20
-55.890955273651414
0
VERTEX
8
L7
10
-37.02708320765284
20
-55.96102638087342
0
VERTEX
8
L7
10
-36.9898309886365
20
-56.02706002342635
0
VERTEX
8
L7
10
-36.94483054052439
20
-56.088077475357416
0
VERTEX
8
L7
10
-36.89274884312789
20
-56.14317435881511
0
VERTEX
8
L7
10
-36.83435783188686
20
-56.19153404839951
0
VERTEX
8
L7
10
-36.77052295653117
20
-56.23243977487851
0
VERTEX
8
L7
10
-36.7021903537086
20
-56.265285248873305
0
VERTEX
8
L7
10
-36.63037282370124
20
-56.28958364705283
0
VERTEX
8
L7
10
-36.556134819078494
20
-56.304974827647065
0
VERTEX
8
L7
10
-36.480576667779275
20
-56.31123066833366
0
VERTEX
8
L7
10
-36.40481826446279
20
-56.308258447381704
0
VERTEX
8
L7
10
-36.32998247184874
20
-56.296102217938504
0
VERTEX
8
L7
10
-36.257178478066024
20
-56.27494215509034
0
VERTEX
8
L7
10
-36.187485356681236
20
-56.24509188537472
0
VERTEX
8
L7
10
-36.12193607307374
20
-56.20699383832512
0
VERTEX
8
L7
10
-36.06150217420918
20
-56.16121268894592
0
VERTEX
8
L7
10
-36.0070793887338
20
-56.10842698831072
0
VERTEX
8
L7
10
-35.959474350819306
20
-56.04941910633203
0
VERTEX
8
L7
10
-35.91939264453302
20
-55.985063635767126
0
SEQEND
0
POLYLINE
8
L7
66
1
70
1
0
VERTEX
8
L7
10
-39.85007898967139
20
-53.25647419100409
0
VERTEX
8
L7
10
-39.879132519058984
20
-53.248402351366984
0
VERTEX
8
L7
10
-39.90925589464035
20
-53.249760441417926
0
VERTEX
8
L7
10
-39.937465206319885
20
-53.26041393378289
0
VERTEX
8
L7
10
-39.96096614408792
20
-53.279307532937786
0
VERTEX
8
L7
10
-39.97743079202836
20
-53.30456970887733
0
VERTEX
8
L7
10
-39.98522822305344
20
-53.33369808395065
0
VERTEX
8
L7
10
-39.98358605250486
20
-53.36380730912986
0
VERTEX
8
L7
10
-39.97266694771932
20
-53.3919148760058
0
VERTEX
8
L7
10
-39.95355251480423
20
-53.4152365530325
0
VERTEX
8
L7
10
-39.92813615873986
20
-53.431462181199436
0
VERTEX
8
L7
10
-39.89893552968958
20
-53.43898450983298
0
VERTEX
8
L7
10
-39.868843133892824
20
-53.43705840489953
0
VERTEX
8
L7
10
-39.84083981270243
20
-53.42587465922511
0
VERTEX
8
L7
10
-39.81769947147255
20
-53.40654109326412
0
VERTEX
8
L7
10
-39.80171430676084
20
-53.3809728185053
0
VERTEX
8
L7
10
-39.79446774982104
20
-53.35170253361565
0
VERTEX
8
L7
10
-39.79667761776339
20
-53.32162964468425
0
VERTEX
8
L7
10
-39.743335214710555
20
-53.29243724015902
0
VERTEX
8
L7
10
-39.68614591031637
20
-53.271773457632
0
VERTEX
8
L7
10
-39.62646358655324
20
-53.26012748512433
0
VERTEX
8
L7
10
-39.56570114436609
20
-53.25777502580106
0
VERTEX
8
L7
10
-39.505297055090566
20
-53.26477177105943
0
VERTEX
8
L7
10
-39.44668130652593
20
-53.28095208210787
0
VERTEX
8
L7
10
-39.39124154984445
20
-53.30593291124771
0
VERTEX
8
L7
10
-39.34029024876503
20
-53.339122870026365
0
VERTEX
8
L7
10
-39.295033608691526
20
-53.37973622958542
0
VERTEX
8
L7
10
-39.25654302137765
20
-53.426811521763476
0
VERTEX
8
L7
10
-39.225729701128714
20
-53.47923430059721
0
VERTEX
8
L7
10
-39.20332311299478
20
-53.53576352537177
0
VERTEX
8
L7
10
-39.18985370364
20
-53.59506094063625
0
VERTEX
8
L7
10
-39.185640343711526
20
-53.655722757650985
0
VERTEX
8
L7
10
-39.19078277899422
20
-53.716312887249615
0
VERTEX
8
L7
10
-39.20515926905955
20
-53.7753969373716
0
VERTEX
8
L7
10
-39.22842946931105
20
-53.831576170417904
0
VERTEX
8
L7
10
-39.26004248819741
20
-53.88352061653398
0
VERTEX
8
L7
10
-39.29924992884938
20
-53.93000055890635
0
VERTEX
8
L7
10
-39.345123606396584
20
-53.969915645699565
0
VERTEX
8
L7
10
-39.39657752153029
20
-54.00232093944657
0
VERTEX
8
L7
10
-39.45239357011634
20
-54.02644928720712
0
VERTEX
8
L7
10
-39.511250380217234
20
-54.041729481910195
0
VERTEX
8
L7
10
-39.57175459384416
20
-54.04779978493415
0
VERTEX
8
L7
10
-39.63247385288483
20
-54.04451648979543
0
VERTEX
8
L7
10
-39.69197070830806
20
-54.03195732421158
0
VERTEX
8
L7
10
-39.7488366498893
20
-54.01041960999921
0
VERTEX
8
L7
10
-39.80172545084774
20
-53.9804132243689
0
VERTEX
8
L7
10
-39.849385038004286
20
-53.94264852924921
0
VERTEX
8
L7
10
-39.89068713297634
20
-53.898019554397266
0
VERTEX
8
L7
10
-39.92465396269252
20
-53.84758283241371
0
VERTEX
8
L7
10
-39.95048140689117
20
-53.792532386715415
0
VERTEX
8
L7
10
-39.96755803461569
20
-53.73417146459303
0
VERTEX
8
L7
10
-39.954441319156174
20
-53.72441703535559
0
VERTEX
8
L7
10
-39.94317367666588
20
-53.712574850299404
0
VERTEX
8
L7
10
-39.65562871854368
20
-53.712574850299404
0
VERTEX
8
L7
10
-39.6339317876929
20
-53.732446290022466
0
VERTEX
8
L7
10
-39.607227981205796
20
-53.74479690312913
0
VERTEX
8
L7
10
-39.57803554948778
20
-53.748461989130796
0
VERTEX
8
L7
10
-39.549107427894484
20
-53.74309591923804
0
VERTEX
8
L7
10
-39.523171626530555
20
-53.729204730209666
0
VERTEX
8
L7
10
-39.50267397057567
20
-53.70809840354286
0
VERTEX
8
L7
10
-39.48954745150965
20
-53.681767330222165
0
VERTEX
8
L7
10
-39.485029940119745
20
-53.65269461077845
0
VERTEX
8
L7
10
-39.48954745150965
20
-53.623621891334736
0
VERTEX
8
L7
10
-39.50267397057567
20
-53.59729081801404
0
VERTEX
8
L7
10
-39.523171626530555
20
-53.57618449134723
0
VERTEX
8
L7
10
-39.549107427894484
20
-53.56229330231886
0
VERTEX
8
L7
10
-39.57803554948778
20
-53.5569272324261
0
VERTEX
8
L7
10
-39.607227981205796
20
-53.560592318427766
0
VERTEX
8
L7
10
-39.6339317876929
20
-53.57294293153443
0
VERTEX
8
L7
10
-39.65562871854368
20
-53.59281437125749
0
VERTEX
8
L7
10
-39.94317367666588
20
-53.59281437125749
0
VERTEX
8
L7
10
-39.96474561267631
20
-53.57302628645608
0
VERTEX
8
L7
10
-39.99128568944498
20
-53.56067553552912
0
VERTEX
8
L7
10
-40.02031629226539
20
-53.55691510693253
0
VERTEX
8
L7
10
-40.04912730657709
20
-53.5620960506378
0
VERTEX
8
L7
10
-40.07502911722224
20
-53.57573470631383
0
VERTEX
8
L7
10
-40.09560369400678
20
-53.59655785481456
0
VERTEX
8
L7
10
-40.10893032379694
20
-53.622621577913584
0
VERTEX
8
L7
10
-40.1137649162216
20
-53.651492730288126
0
VERTEX
8
L7
10
-40.10965614412768
20
-53.680476082668875
0
VERTEX
8
L7
10
-40.0969875766455
20
-53.706865931499365
0
VERTEX
8
L7
10
-40.07694187158644
20
-53.728198686408916
0
VERTEX
8
L7
10
-40.051390369945025
20
-53.742482855520755
0
VERTEX
8
L7
10
-40.03450434417812
20
-53.80653965942984
0
VERTEX
8
L7
10
-40.008942776467464
20
-53.867654455096854
0
VERTEX
8
L7
10
-39.97519448555339
20
-53.924658532614394
0
VERTEX
8
L7
10
-39.93390484644726
20
-53.976461792123175
0
VERTEX
8
L7
10
-39.885863448801985
20
-54.02207358999977
0
VERTEX
8
L7
10
-39.831988997438216
20
-54.06062168312382
0
VERTEX
8
L7
10
-39.773311743776716
20
-54.091368908949754
0
VERTEX
8
L7
10
-39.71095378414367
20
-54.11372728240692
0
VERTEX
8
L7
10
-39.646107601708394
20
-54.127269240050374
0
VERTEX
8
L7
10
-39.58001326239996
20
-54.131735816438265
0
VERTEX
8
L7
10
-39.51393470088968
20
-54.127041596377424
0
VERTEX
8
L7
10
-39.44913555012701
20
-54.11327634833444
0
VERTEX
8
L7
10
-39.386854976645395
20
-54.09070330777612
0
VERTEX
8
L7
10
-39.32828398374399
20
-54.05975414326737
0
VERTEX
8
L7
10
-39.27454263570415
20
-54.021020701590835
0
VERTEX
8
L7
10
-39.226658638586386
20
-53.97524368974785
0
VERTEX
8
L7
10
-39.18554768721101
20
-53.92329851027701
0
VERTEX
8
L7
10
-39.1519959541513
20
-53.866178520764244
0
VERTEX
8
L7
10
-39.12664505560528
20
-53.804976037676084
0
VERTEX
8
L7
10
-39.10997978164659
20
-53.74086144778324
0
VERTEX
8
L7
10
-39.10231882549135
20
-53.67506082663089
0
VERTEX
8
L7
10
-39.10380868906701
20
-53.608832492061964
0
VERTEX
8
L7
10
-39.11442088142792
20
-53.54344294116473
0
VERTEX
8
L7
10
-39.13395246359313
20
-53.480142630807116
0
VERTEX
8
L7
10
-39.16202992938739
20
-53.42014206491128
0
VERTEX
8
L7
10
-39.19811634807088
20
-53.364588645755966
0
VERTEX
8
L7
10
-39.24152163216846
20
-53.314544731983595
0
VERTEX
8
L7
10
-39.29141573414405
20
-53.270967322913116
0
VERTEX
8
L7
10
-39.34684451955833
20
-53.2346897576593
0
VERTEX
8
L7
10
-39.40674801316368
20
-53.20640577902968
0
VERTEX
8
L7
10
-39.469980669013324
20
-53.18665626694842
0
VERTEX
8
L7
10
-39.53533327695517
20
-53.175818895106225
0
VERTEX
8
L7
10
-39.60155608658849
20
-53.174100908634216
0
VERTEX
8
L7
10
-39.66738270647939
20
-53.18153516091576
0
VERTEX
8
L7
10
-39.731554321606126
20
-53.1979794853249
0
VERTEX
8
L7
10
-39.79284376591906
20
-53.22311941390591
0
VERTEX
8
L7
10
-39.85007898967139
20
-53.25647419100409
0
SEQEND
0
POLYLINE
8
L7
66
1
70
1
0
VERTEX
8
L7
10
-38.9820359281437
20
-55.59281437125749
0
VERTEX
8
L7
10
-38.99454143158994
20
-55.5936340252576
0
VERTEX
8
L7
10
-39.006832962405014
20
-55.59607896275075
0
VERTEX
8
L7
10
-39.01870020908886
20
-55.60010735017856
0
VERTEX
8
L7
10
-39.02994011976047
20
-55.605650260715265
0
VERTEX
8
L7
10
-39.04036037643196
20
-55.612612853624796
0
VERTEX
8
L7
10
-39.049782685622645
20
-55.62087599701207
0
VERTEX
8
L7
10
-39.05804582900993
20
-55.63029830620276
0
VERTEX
8
L7
10
-39.06500842191946
20
-55.640718562874255
0
VERTEX
8
L7
10
-39.07055133245616
20
-55.65195847354586
0
VERTEX
8
L7
10
-39.07457971988397
20
-55.6638257202297
0
VERTEX
8
L7
10
-39.07702465737712
20
-55.676117251044786
0
VERTEX
8
L7
10
-39.077844311377234
20
-55.68862275449102
0
VERTEX
8
L7
10
-39.07702465737712
20
-55.70112825793725
0
VERTEX
8
L7
10
-39.07457971988397
20
-55.71341978875234
0
VERTEX
8
L7
10
-39.07055133245616
20
-55.725287035436175
0
VERTEX
8
L7
10
-39.06500842191946
20
-55.73652694610779
0
VERTEX
8
L7
10
-39.05804582900993
20
-55.74694720277928
0
VERTEX
8
L7
10
-39.049782685622645
20
-55.75636951196997
0
VERTEX
8
L7
10
-39.04036037643196
20
-55.76463265535725
0
VERTEX
8
L7
10
-39.02994011976047
20
-55.77159524826677
0
VERTEX
8
L7
10
-39.01870020908886
20
-55.777138158803474
0
VERTEX
8
L7
10
-39.006832962405014
20
-55.78116654623129
0
VERTEX
8
L7
10
-38.99454143158994
20
-55.783611483724435
0
VERTEX
8
L7
10
-38.9820359281437
20
-55.78443113772455
0
VERTEX
8
L7
10
-38.96953042469747
20
-55.783611483724435
0
VERTEX
8
L7
10
-38.957238893882376
20
-55.78116654623129
0
VERTEX
8
L7
10
-38.94537164719854
20
-55.777138158803474
0
VERTEX
8
L7
10
-38.934131736526936
20
-55.77159524826677
0
VERTEX
8
L7
10
-38.92371147985544
20
-55.76463265535725
0
VERTEX
8
L7
10
-38.914289170664745
20
-55.75636951196997
0
VERTEX
8
L7
10
-38.90602602727748
20
-55.74694720277928
0
VERTEX
8
L7
10
-38.899063434367946
20
-55.73652694610779
0
VERTEX
8
L7
10
-38.89352052383124
20
-55.725287035436175
0
VERTEX
8
L7
10
-38.88949213640343
20
-55.71341978875234
0
VERTEX
8
L7
10
-38.88704719891028
20
-55.70112825793725
0
VERTEX
8
L7
10
-38.88622754491017
20
-55.68862275449102
0
VERTEX
8
L7
10
-38.88704719891028
20
-55.676117251044786
0
VERTEX
8
L7
10
-38.88949213640343
20
-55.6638257202297
0
VERTEX
8
L7
10
-38.89352052383124
20
-55.65195847354586
0
VERTEX
8
L7
10
-38.899063434367946
20
-55.640718562874255
0
VERTEX
8
L7
10
-38.90602602727748
20
-55.63029830620276
0
VERTEX
8
L7
10
-38.914289170664745
20
-55.62087599701207
0
VERTEX
8
L7
10
-38.92371147985544
20
-55.612612853624796
0
VERTEX
8
L7
10
-38.934131736526936
20
-55.605650260715265
0
VERTEX
8
L7
10
-38.94537164719854
20
-55.60010735017856
0
VERTEX
8
L7
10
-38.957238893882376
20
-55.59607896275075
0
VERTEX
8
L7
10
-38.96953042469747
20
-55.5936340252576
0
VERTEX
8
L7
10
-38.9820359281437
20
-55.59281437125749
0
SEQEND
0
POLYLINE
8
L7
66
1
70
1
0
VERTEX
8
L7
10
-39.46991234617104
20
-55.30158301904277
0
VERTEX
8
L7
10
-39.49908299699004
20
-55.29980994210054
0
VERTEX
8
L7
10
-39.527431091195695
20
-55.30691319670349
0
VERTEX
8
L7
10
-39.55231901835077
20
-55.322231870045876
0
VERTEX
8
L7
10
-39.5714311146244
20
-55.34434065669449
0
VERTEX
8
L7
10
-39.58298912063019
20
-55.37118247422269
0
VERTEX
8
L7
10
-39.585917637187706
20
-55.4002598616882
0
VERTEX
8
L7
10
-39.579944184398244
20
-55.428867352539704
0
VERTEX
8
L7
10
-39.56562455417183
20
-55.45434320112667
0
VERTEX
8
L7
10
-39.54429109731373
20
-55.474317041256455
0
VERTEX
8
L7
10
-39.517928756729205
20
-55.48693043374032
0
VERTEX
8
L7
10
-39.488990381070835
20
-55.491009782377304
0
VERTEX
8
L7
10
-39.460168502722624
20
-55.486175529640036
0
VERTEX
8
L7
10
-39.43414481473245
20
-55.47287747209628
0
VERTEX
8
L7
10
-39.41334065627608
20
-55.452352909690006
0
VERTEX
8
L7
10
-39.39969172239827
20
-55.426511522826175
0
VERTEX
8
L7
10
-39.394467959861316
20
-55.39775768871654
0
VERTEX
8
L7
10
-39.39815540665032
20
-55.36876676932399
0
VERTEX
8
L7
10
-39.41041096922018
20
-55.34223618589386
0
VERTEX
8
L7
10
-39.36160841024787
20
-55.2893564754853
0
VERTEX
8
L7
10
-39.306329801824646
20
-55.24328881887102
0
VERTEX
8
L7
10
-39.24551827607576
20
-55.204819196163875
0
VERTEX
8
L7
10
-39.180211364609775
20
-55.174603954150726
0
VERTEX
8
L7
10
-39.11152329674542
20
-55.15315860807747
0
VERTEX
8
L7
10
-39.04062598916569
20
-55.140849046221604
0
VERTEX
8
L7
10
-38.96872905134299
20
-55.137885287314866
0
VERTEX
8
L7
10
-38.89705914787146
20
-55.14431789732332
0
VERTEX
8
L7
10
-38.8268390698145
20
-55.16003712671957
0
VERTEX
8
L7
10
-38.7592668721402
20
-55.18477478296677
0
VERTEX
8
L7
10
-38.695495433190075
20
-55.21810880626683
0
VERTEX
8
L7
10
-38.636612784925504
20
-55.259470470504255
0
VERTEX
8
L7
10
-38.58362354954632
20
-55.30815408652719
0
VERTEX
8
L7
10
-38.53743179919911
20
-55.36332904221362
0
VERTEX
8
L7
10
-38.49882563121329
20
-55.42405397390226
0
VERTEX
8
L7
10
-38.468463722033505
20
-55.48929282740304
0
VERTEX
8
L7
10
-38.446864089257275
20
-55.55793253456348
0
VERTEX
8
L7
10
-38.43439525351393
20
-55.62880200380337
0
VERTEX
8
L7
10
-38.43126995097553
20
-55.700692100612194
0
VERTEX
8
L7
10
-38.43754150377357
20
-55.772376277113295
0
VERTEX
8
L7
10
-38.45310291024704
20
-55.84263149872498
0
VERTEX
8
L7
10
-38.477688670543856
20
-55.91025911087982
0
VERTEX
8
L7
10
-38.5108793164281
20
-55.97410528978604
0
VERTEX
8
L7
10
-38.55210856800811
20
-56.033080728311674
0
VERTEX
8
L7
10
-38.600672995281315
20
-56.08617922112235
0
VERTEX
8
L7
10
-38.655744019656254
20
-56.13249483198341
0
VERTEX
8
L7
10
-38.71638205068848
20
-56.1712373503279
0
VERTEX
8
L7
10
-38.78155251683741
20
-56.201745773379066
0
VERTEX
8
L7
10
-38.85014351673661
20
-56.22349958380316
0
VERTEX
8
L7
10
-38.920984789821404
20
-56.236127630479665
0
VERTEX
8
L7
10
-38.99286768264801
20
-56.23941446087025
0
VERTEX
8
L7
10
-39.06456577025003
20
-56.23330399694728
0
VERTEX
8
L7
10
-39.13485578070245
20
-56.217900491965125
0
VERTEX
8
L7
10
-39.20253846589051
20
-56.19346675175057
0
VERTEX
8
L7
10
-39.2664590623977
20
-56.16041965085949
0
VERTEX
8
L7
10
-39.325526993421335
20
-56.11932302010068
0
VERTEX
8
L7
10
-39.37873447557271
20
-56.07087802677579
0
VERTEX
8
L7
10
-39.42517371310316
20
-56.01591121176228
0
VERTEX
8
L7
10
-39.464052386197935
20
-55.95536038754387
0
VERTEX
8
L7
10
-39.44737602569653
20
-55.931361019396476
0
VERTEX
8
L7
10
-39.43871037918851
20
-55.9034508556269
0
VERTEX
8
L7
10
-39.438861730140715
20
-55.8742267600218
0
VERTEX
8
L7
10
-39.44781599630663
20
-55.84640784939473
0
VERTEX
8
L7
10
-39.46474003999009
20
-55.822582497006
0
VERTEX
8
L7
10
-39.48805918622581
20
-55.804967500841244
0
VERTEX
8
L7
10
-39.51560373630129
20
-55.79520182461346
0
VERTEX
8
L7
10
-39.54481084446611
20
-55.79419410258068
0
VERTEX
8
L7
10
-39.57296297448033
20
-55.80203809688904
0
VERTEX
8
L7
10
-39.59744074913229
20
-55.81800397359954
0
VERTEX
8
L7
10
-39.615966666681175
20
-55.840606209108856
0
VERTEX
8
L7
10
-39.62681700795447
20
-55.86774180870238
0
VERTEX
8
L7
10
-39.6289822174885
20
-55.89688597687923
0
VERTEX
8
L7
10
-39.62226083626369
20
-55.92532703356631
0
VERTEX
8
L7
10
-39.607278246189054
20
-55.95041871875687
0
VERTEX
8
L7
10
-39.58542848228052
20
-55.9698264102267
0
VERTEX
8
L7
10
-39.55874452654098
20
-55.98174434533045
0
VERTEX
8
L7
10
-39.52970915187413
20
-55.985063635767126
0
VERTEX
8
L7
10
-39.48962744558786
20
-56.04941910633203
0
VERTEX
8
L7
10
-39.44202240767336
20
-56.10842698831072
0
VERTEX
8
L7
10
-39.38759962219797
20
-56.16121268894592
0
VERTEX
8
L7
10
-39.32716572333342
20
-56.20699383832512
0
VERTEX
8
L7
10
-39.26161643972593
20
-56.24509188537472
0
VERTEX
8
L7
10
-39.19192331834114
20
-56.27494215509034
0
VERTEX
8
L7
10
-39.119119324558426
20
-56.296102217938504
0
VERTEX
8
L7
10
-39.04428353194437
20
-56.308258447381704
0
VERTEX
8
L7
10
-38.96852512862789
20
-56.311230668333664
0
VERTEX
8
L7
10
-38.89296697732867
20
-56.304974827647065
0
VERTEX
8
L7
10
-38.81872897270593
20
-56.28958364705283
0
VERTEX
8
L7
10
-38.74691144269856
20
-56.265285248873305
0
VERTEX
8
L7
10
-38.67857883987598
20
-56.23243977487851
0
VERTEX
8
L7
10
-38.6147439645203
20
-56.19153404839951
0
VERTEX
8
L7
10
-38.55635295327926
20
-56.14317435881511
0
VERTEX
8
L7
10
-38.50427125588277
20
-56.088077475357416
0
VERTEX
8
L7
10
-38.459270807770665
20
-56.02706002342635
0
VERTEX
8
L7
10
-38.42201858875431
20
-55.96102638087342
0
VERTEX
8
L7
10
-38.39306673729136
20
-55.890955273651414
0
VERTEX
8
L7
10
-38.37284436689596
20
-55.81788526950442
0
VERTEX
8
L7
10
-38.36165120597879
20
-55.74289938470513
0
VERTEX
8
L7
10
-38.35965315538459
20
-55.66710903199271
0
VERTEX
8
L7
10
-38.36687982947204
20
-55.59163754762885
0
VERTEX
8
L7
10
-38.3832241171806
20
-55.517603541727844
0
VERTEX
8
L7
10
-38.408443769590775
20
-55.44610431863584
0
VERTEX
8
L7
10
-38.4421649904469
20
-55.378199613096214
0
VERTEX
8
L7
10
-38.483887976425436
20
-55.31489588325756
0
VERTEX
8
L7
10
-38.53299432503297
20
-55.25713139332745
0
VERTEX
8
L7
10
-38.588756200336604
20
-55.20576230697122
0
VERTEX
8
L7
10
-38.650347120675974
20
-55.16154999757441
0
VERTEX
8
L7
10
-38.71685420846532
20
-55.12514976345111
0
VERTEX
8
L7
10
-38.78729172052361
20
-55.09710111525754
0
VERTEX
8
L7
10
-38.86061565839134
20
-55.077819779566774
0
VERTEX
8
L7
10
-38.93573924208518
20
-55.06759153712506
0
VERTEX
8
L7
10
-39.01154901794443
20
-55.06656798711643
0
VERTEX
8
L7
10
-39.08692136182479
20
-55.07476430021628
0
VERTEX
8
L7
10
-39.160739133035136
20
-55.09205899373734
0
VERTEX
8
L7
10
-39.23190823217904
20
-55.1181957322006
0
VERTEX
8
L7
10
-39.299373817486796
20
-55.1527871266439
0
VERTEX
8
L7
10
-39.36213593928565
20
-55.19532047635627
0
VERTEX
8
L7
10
-39.419264360879865
20
-55.2451653679361
0
VERTEX
8
L7
10
-39.46991234617104
20
-55.30158301904277
0
SEQEND
0
POLYLINE
8
L7
66
1
70
1
0
VERTEX
8
L7
10
-35.39771142646214
20
-53.742482855520755
0
VERTEX
8
L7
10
-35.37215992482072
20
-53.728198686408916
0
VERTEX
8
L7
10
-35.352114219761646
20
-53.706865931499365
0
VERTEX
8
L7
10
-35.33944565227948
20
-53.680476082668875
0
VERTEX
8
L7
10
-35.33533688018555
20
-53.651492730288126
0
VERTEX
8
L7
10
-35.34017147261022
20
-53.622621577913584
0
VERTEX
8
L7
10
-35.353498102400366
20
-53.59655785481456
0
VERTEX
8
L7
10
-35.37407267918492
20
-53.57573470631383
0
VERTEX
8
L7
10
-35.39997448983006
20
-53.5620960506378
0
VERTEX
8
L7
10
-35.42878550414177
20
-53.55691510693253
0
VERTEX
8
L7
10
-35.45781610696217
20
-53.56067553552912
0
VERTEX
8
L7
10
-35.48435618373085
20
-53.57302628645608
0
VERTEX
8
L7
10
-35.505928119741284
20
-53.59281437125749
0
VERTEX
8
L7
10
-35.79347307786348
20
-53.59281437125749
0
VERTEX
8
L7
10
-35.81517000871426
20
-53.57294293153443
0
VERTEX
8
L7
10
-35.84187381520135
20
-53.560592318427766
0
VERTEX
8
L7
10
-35.87106624691938
20
-53.55692723242609
0
VERTEX
8
L7
10
-35.89999436851268
20
-53.56229330231886
0
VERTEX
8
L7
10
-35.92593016987661
20
-53.57618449134722
0
VERTEX
8
L7
10
-35.94642782583148
20
-53.59729081801403
0
VERTEX
8
L7
10
-35.95955434489751
20
-53.62362189133473
0
VERTEX
8
L7
10
-35.96407185628742
20
-53.65269461077845
0
VERTEX
8
L7
10
-35.95955434489751
20
-53.68176733022216
0
VERTEX
8
L7
10
-35.94642782583148
20
-53.708098403542856
0
VERTEX
8
L7
10
-35.92593016987661
20
-53.729204730209666
0
VERTEX
8
L7
10
-35.89999436851268
20
-53.74309591923804
0
VERTEX
8
L7
10
-35.87106624691938
20
-53.748461989130796
0
VERTEX
8
L7
10
-35.84187381520135
20
-53.74479690312913
0
VERTEX
8
L7
10
-35.81517000871426
20
-53.732446290022466
0
VERTEX
8
L7
10
-35.79347307786348
20
-53.712574850299404
0
VERTEX
8
L7
10
-35.505928119741284
20
-53.712574850299404
0
VERTEX
8
L7
10
-35.49466047725099
20
-53.72441703535559
0
VERTEX
8
L7
10
-35.48154376179147
20
-53.73417146459303
0
VERTEX
8
L7
10
-35.49862038951598
20
-53.792532386715415
0
VERTEX
8
L7
10
-35.524447833714646
20
-53.84758283241371
0
VERTEX
8
L7
10
-35.558414663430824
20
-53.898019554397266
0
VERTEX
8
L7
10
-35.59971675840288
20
-53.94264852924921
0
VERTEX
8
L7
10
-35.64737634555942
20
-53.9804132243689
0
VERTEX
8
L7
10
-35.70026514651785
20
-54.01041960999921
0
VERTEX
8
L7
10
-35.7571310880991
20
-54.03195732421158
0
VERTEX
8
L7
10
-35.816627943522334
20
-54.04451648979543
0
VERTEX
8
L7
10
-35.877347202563
20
-54.04779978493415
0
VERTEX
8
L7
10
-35.93785141618993
20
-54.041729481910195
0
VERTEX
8
L7
10
-35.99670822629082
20
-54.02644928720712
0
VERTEX
8
L7
10
-36.05252427487687
20
-54.00232093944657
0
VERTEX
8
L7
10
-36.10397819001058
20
-53.969915645699565
0
VERTEX
8
L7
10
-36.149851867557786
20
-53.93000055890635
0
VERTEX
8
L7
10
-36.18905930820975
20
-53.88352061653398
0
VERTEX
8
L7
10
-36.22067232709611
20
-53.831576170417904
0
VERTEX
8
L7
10
-36.24394252734761
20
-53.7753969373716
0
VERTEX
8
L7
10
-36.258319017412944
20
-53.716312887249615
0
VERTEX
8
L7
10
-36.26346145269564
20
-53.655722757650985
0
VERTEX
8
L7
10
-36.259248092767166
20
-53.59506094063625
0
VERTEX
8
L7
10
-36.24577868341238
20
-53.53576352537177
0
VERTEX
8
L7
10
-36.22337209527845
20
-53.47923430059721
0
VERTEX
8
L7
10
-36.1925587750295
20
-53.426811521763476
0
VERTEX
8
L7
10
-36.15406818771564
20
-53.37973622958542
0
VERTEX
8
L7
10
-36.108811547642134
20
-53.339122870026365
0
VERTEX
8
L7
10
-36.05786024656271
20
-53.30593291124771
0
VERTEX
8
L7
10
-36.00242048988122
20
-53.28095208210787
0
VERTEX
8
L7
10
-35.9438047413166
20
-53.26477177105943
0
VERTEX
8
L7
10
-35.883400652041075
20
-53.25777502580106
0
VERTEX
8
L7
10
-35.82263820985392
20
-53.26012748512433
0
VERTEX
8
L7
10
-35.76295588609079
20
-53.271773457632
0
VERTEX
8
L7
10
-35.70576658169661
20
-53.29243724015902
0
VERTEX
8
L7
10
-35.65242417864377
20
-53.32162964468425
0
VERTEX
8
L7
10
-35.654634046586125
20
-53.35170253361565
0
VERTEX
8
L7
10
-35.64738748964632
20
-53.3809728185053
0
VERTEX
8
L7
10
-35.63140232493461
20
-53.40654109326412
0
VERTEX
8
L7
10
-35.608261983704736
20
-53.42587465922511
0
VERTEX
8
L7
10
-35.58025866251434
20
-53.43705840489953
0
VERTEX
8
L7
10
-35.55016626671758
20
-53.43898450983298
0
VERTEX
8
L7
10
-35.5209656376673
20
-53.431462181199436
0
VERTEX
8
L7
10
-35.49554928160292
20
-53.4152365530325
0
VERTEX
8
L7
10
-35.476434848687845
20
-53.3919148760058
0
VERTEX
8
L7
10
-35.4655157439023
20
-53.36380730912986
0
VERTEX
8
L7
10
-35.46387357335372
20
-53.33369808395065
0
VERTEX
8
L7
10
-35.471671004378805
20
-53.30456970887733
0
VERTEX
8
L7
10
-35.488135652319244
20
-53.279307532937786
0
VERTEX
8
L7
10
-35.51163659008728
20
-53.26041393378289
0
VERTEX
8
L7
10
-35.53984590176681
20
-53.249760441417926
0
VERTEX
8
L7
10
-35.56996927734818
20
-53.248402351366984
0
VERTEX
8
L7
10
-35.599022806735775
20
-53.25647419100409
0
VERTEX
8
L7
10
-35.656258030488104
20
-53.22311941390591
0
VERTEX
8
L7
10
-35.71754747480104
20
-53.1979794853249
0
VERTEX
8
L7
10
-35.781719089927776
20
-53.18153516091576
0
VERTEX
8
L7
10
-35.847545709818675
20
-53.174100908634216
0
VERTEX
8
L7
10
-35.91376851945198
20
-53.175818895106225
0
VERTEX
8
L7
10
-35.979121127393825
20
-53.18665626694842
0
VERTEX
8
L7
10
-36.04235378324347
20
-53.20640577902968
0
VERTEX
8
L7
10
-36.10225727684883
20
-53.2346897576593
0
VERTEX
8
L7
10
-36.157686062263096
20
-53.270967322913116
0
VERTEX
8
L7
10
-36.207580164238706
20
-53.314544731983595
0
VERTEX
8
L7
10
-36.250985448336266
20
-53.364588645755966
0
VERTEX
8
L7
10
-36.287071867019776
20
-53.42014206491128
0
VERTEX
8
L7
10
-36.315149332814016
20
-53.480142630807116
0
VERTEX
8
L7
10
-36.334680914979245
20
-53.54344294116473
0
VERTEX
8
L7
10
-36.34529310734014
20
-53.608832492061964
0
VERTEX
8
L7
10
-36.34678297091581
20
-53.67506082663088
0
VERTEX
8
L7
10
-36.33912201476058
20
-53.74086144778323
0
VERTEX
8
L7
10
-36.32245674080188
20
-53.804976037676084
0
VERTEX
8
L7
10
-36.29710584225586
20
-53.866178520764244
0
VERTEX
8
L7
10
-36.26355410919615
20
-53.923298510277
0
VERTEX
8
L7
10
-36.22244315782078
20
-53.97524368974785
0
VERTEX
8
L7
10
-36.17455916070301
20
-54.021020701590835
0
VERTEX
8
L7
10
-36.12081781266318
20
-54.05975414326737
0
VERTEX
8
L7
10
-36.06224681976177
20
-54.09070330777612
0
VERTEX
8
L7
10
-35.99996624628014
20
-54.11327634833444
0
VERTEX
8
L7
10
-35.935167095517485
20
-54.127041596377424
0
VERTEX
8
L7
10
-35.869088534007204
20
-54.13173581643826
0
VERTEX
8
L7
10
-35.80299419469877
20
-54.127269240050374
0
VERTEX
8
L7
10
-35.73814801226348
20
-54.11372728240692
0
VERTEX
8
L7
10
-35.67579005263043
20
-54.091368908949754
0
VERTEX
8
L7
10
-35.61711279896893
20
-54.06062168312381
0
VERTEX
8
L7
10
-35.563238347605164
20
-54.02207358999976
0
VERTEX
8
L7
10
-35.515196949959886
20
-53.976461792123175
0
VERTEX
8
L7
10
-35.473907310853775
20
-53.924658532614394
0
VERTEX
8
L7
10
-35.4401590199397
20
-53.867654455096854
0
VERTEX
8
L7
10
-35.414597452229046
20
-53.80653965942984
0
VERTEX
8
L7
10
-35.39771142646214
20
-53.742482855520755
0
SEQEND
0
POLYLINE
8
L7
66
1
70
1
0
VERTEX
8
L7
10
-36.46706586826346
20
-55.59281437125749
0
VERTEX
8
L7
10
-36.479571371709696
20
-55.5936340252576
0
VERTEX
8
L7
10
-36.49186290252479
20
-55.59607896275075
0
VERTEX
8
L7
10
-36.50373014920862
20
-55.60010735017856
0
VERTEX
8
L7
10
-36.51497005988023
20
-55.605650260715265
0
VERTEX
8
L7
10
-36.52539031655172
20
-55.612612853624796
0
VERTEX
8
L7
10
-36.53481262574242
20
-55.62087599701207
0
VERTEX
8
L7
10
-36.543075769129686
20
-55.63029830620276
0
VERTEX
8
L7
10
-36.55003836203922
20
-55.640718562874255
0
VERTEX
8
L7
10
-36.55558127257592
20
-55.65195847354586
0
VERTEX
8
L7
10
-36.55960966000373
20
-55.6638257202297
0
VERTEX
8
L7
10
-36.56205459749688
20
-55.676117251044786
0
VERTEX
8
L7
10
-36.56287425149699
20
-55.68862275449102
0
VERTEX
8
L7
10
-36.56205459749688
20
-55.70112825793725
0
VERTEX
8
L7
10
-36.55960966000373
20
-55.71341978875234
0
VERTEX
8
L7
10
-36.55558127257592
20
-55.725287035436175
0
VERTEX
8
L7
10
-36.55003836203922
20
-55.73652694610779
0
VERTEX
8
L7
10
-36.543075769129686
20
-55.74694720277928
0
VERTEX
8
L7
10
-36.53481262574242
20
-55.75636951196997
0
VERTEX
8
L7
10
-36.52539031655172
20
-55.76463265535725
0
VERTEX
8
L7
10
-36.51497005988023
20
-55.77159524826677
0
VERTEX
8
L7
10
-36.50373014920862
20
-55.777138158803474
0
VERTEX
8
L7
10
-36.49186290252479
20
-55.78116654623129
0
VERTEX
8
L7
10
-36.479571371709696
20
-55.783611483724435
0
VERTEX
8
L7
10
-36.46706586826346
20
-55.78443113772455
0
VERTEX
8
L7
10
-36.454560364817226
20
-55.783611483724435
0
VERTEX
8
L7
10
-36.442268834002135
20
-55.78116654623129
0
VERTEX
8
L7
10
-36.4304015873183
20
-55.777138158803474
0
VERTEX
8
L7
10
-36.419161676646695
20
-55.77159524826677
0
VERTEX
8
L7
10
-36.4087414199752
20
-55.76463265535725
0
VERTEX
8
L7
10
-36.39931911078452
20
-55.75636951196997
0
VERTEX
8
L7
10
-36.391055967397236
20
-55.74694720277928
0
VERTEX
8
L7
10
-36.384093374487705
20
-55.73652694610779
0
VERTEX
8
L7
10
-36.378550463951
20
-55.725287035436175
0
VERTEX
8
L7
10
-36.37452207652319
20
-55.71341978875234
0
VERTEX
8
L7
10
-36.37207713903004
20
-55.70112825793725
0
VERTEX
8
L7
10
-36.37125748502993
20
-55.68862275449102
0
VERTEX
8
L7
10
-36.37207713903004
20
-55.676117251044786
0
VERTEX
8
L7
10
-36.37452207652319
20
-55.6638257202297
0
VERTEX
8
L7
10
-36.378550463951
20
-55.65195847354586
0
VERTEX
8
L7
10
-36.384093374487705
20
-55.640718562874255
0
VERTEX
8
L7
10
-36.391055967397236
20
-55.63029830620276
0
VERTEX
8
L7
10
-36.3993191107845
20
-55.62087599701207
0
VERTEX
8
L7
10
-36.4087414199752
20
-55.612612853624796
0
VERTEX
8
L7
10
-36.419161676646695
20
-55.605650260715265
0
VERTEX
8
L7
10
-36.4304015873183
20
-55.60010735017856
0
VERTEX
8
L7
10
-36.442268834002135
20
-55.59607896275075
0
VERTEX
8
L7
10
-36.454560364817226
20
-55.5936340252576
0
VERTEX
8
L7
10
-36.46706586826346
20
-55.59281437125749
0
SEQEND
0
POLYLINE
8
L7
66
1
70
1
0
VERTEX
8
L7
10
-41.85628742514969
20
-55.61362275449102
0
VERTEX
8
L7
10
-41.86607688956619
20
-55.614264389887985
0
VERTEX
8
L7
10
-41.87569885353237
20
-55.61617831751934
0
VERTEX
8
L7
10
-41.88498868257706
20
-55.619331789552675
0
VERTEX
8
L7
10
-41.89378742514968
20
-55.62367084920719
0
VERTEX
8
L7
10
-41.901944532325345
20
-55.629121253969174
0
VERTEX
8
L7
10
-41.90932043373867
20
-55.63558974590203
0
VERTEX
8
L7
10
-41.91578892567152
20
-55.642965647315364
0
VERTEX
8
L7
10
-41.92123933043352
20
-55.65112275449102
0
VERTEX
8
L7
10
-41.925578390088035
20
-55.659921497063635
0
VERTEX
8
L7
10
-41.92873186212137
20
-55.66921132610833
0
VERTEX
8
L7
10
-41.93064578975272
20
-55.678833290074515
0
VERTEX
8
L7
10
-41.93128742514969
20
-55.68862275449102
0
VERTEX
8
L7
10
-41.93064578975272
20
-55.69841221890752
0
VERTEX
8
L7
10
-41.92873186212137
20
-55.70803418287371
0
VERTEX
8
L7
10
-41.925578390088035
20
-55.7173240119184
0
VERTEX
8
L7
10
-41.92123933043352
20
-55.72612275449102
0
VERTEX
8
L7
10
-41.91578892567152
20
-55.73427986166667
0
VERTEX
8
L7
10
-41.90932043373867
20
-55.74165576308001
0
VERTEX
8
L7
10
-41.901944532325345
20
-55.74812425501286
0
VERTEX
8
L7
10
-41.89378742514968
20
-55.753574659774856
0
VERTEX
8
L7
10
-41.88498868257706
20
-55.75791371942937
0
VERTEX
8
L7
10
-41.87569885353237
20
-55.7610671914627
0
VERTEX
8
L7
10
-41.86607688956619
20
-55.76298111909406
0
VERTEX
8
L7
10
-41.85628742514969
20
-55.76362275449102
0
VERTEX
8
L7
10
-41.846497960733174
20
-55.76298111909406
0
VERTEX
8
L7
10
-41.83687599676699
20
-55.7610671914627
0
VERTEX
8
L7
10
-41.8275861677223
20
-55.75791371942937
0
VERTEX
8
L7
10
-41.81878742514968
20
-55.753574659774856
0
VERTEX
8
L7
10
-41.81063031797403
20
-55.74812425501286
0
VERTEX
8
L7
10
-41.80325441656069
20
-55.74165576308001
0
VERTEX
8
L7
10
-41.79678592462784
20
-55.73427986166667
0
VERTEX
8
L7
10
-41.791335519865854
20
-55.72612275449102
0
VERTEX
8
L7
10
-41.78699646021134
20
-55.7173240119184
0
VERTEX
8
L7
10
-41.78384298817801
20
-55.70803418287371
0
VERTEX
8
L7
10
-41.781929060546645
20
-55.69841221890752
0
VERTEX
8
L7
10
-41.781287425149685
20
-55.68862275449102
0
VERTEX
8
L7
10
-41.781929060546645
20
-55.678833290074515
0
VERTEX
8
L7
10
-41.78384298817801
20
-55.66921132610833
0
VERTEX
8
L7
10
-41.78699646021134
20
-55.659921497063635
0
VERTEX
8
L7
10
-41.791335519865854
20
-55.65112275449102
0
VERTEX
8
L7
10
-41.79678592462784
20
-55.642965647315364
0
VERTEX
8
L7
10
-41.80325441656069
20
-55.63558974590203
0
VERTEX
8
L7
10
-41.81063031797403
20
-55.629121253969174
0
VERTEX
8
L7
10
-41.81878742514968
20
-55.62367084920719
0
VERTEX
8
L7
10
-41.8275861677223
20
-55.619331789552675
0
VERTEX
8
L7
10
-41.83687599676699
20
-55.61617831751934
0
VERTEX
8
L7
10
-41.846497960733174
20
-55.614264389887985
0
VERTEX
8
L7
10
-41.85628742514969
20
-55.61362275449102
0
SEQEND
0
POLYLINE
8
L7
66
1
70
1
0
VERTEX
8
L7
10
-41.425867613687956
20
-55.36511976047905
0
VERTEX
8
L7
10
-41.435657078104455
20
-55.36576139587601
0
VERTEX
8
L7
10
-41.44527904207065
20
-55.36767532350736
0
VERTEX
8
L7
10
-41.45456887111534
20
-55.370828795540696
0
VERTEX
8
L7
10
-41.463367613687964
20
-55.37516785519521
0
VERTEX
8
L7
10
-41.47152472086361
20
-55.3806182599572
0
VERTEX
8
L7
10
-41.47890062227695
20
-55.38708675189005
0
VERTEX
8
L7
10
-41.4853691142098
20
-55.39446265330339
0
VERTEX
8
L7
10
-41.49081951897179
20
-55.40261976047904
0
VERTEX
8
L7
10
-41.4951585786263
20
-55.411418503051664
0
VERTEX
8
L7
10
-41.498312050659635
20
-55.42070833209635
0
VERTEX
8
L7
10
-41.500225978291
20
-55.43033029606254
0
VERTEX
8
L7
10
-41.50086761368796
20
-55.44011976047904
0
VERTEX
8
L7
10
-41.500225978291
20
-55.44990922489555
0
VERTEX
8
L7
10
-41.498312050659635
20
-55.45953118886173
0
VERTEX
8
L7
10
-41.4951585786263
20
-55.46882101790643
0
VERTEX
8
L7
10
-41.49081951897179
20
-55.477619760479044
0
VERTEX
8
L7
10
-41.4853691142098
20
-55.4857768676547
0
VERTEX
8
L7
10
-41.47890062227695
20
-55.49315276906803
0
VERTEX
8
L7
10
-41.47152472086361
20
-55.49962126100089
0
VERTEX
8
L7
10
-41.463367613687964
20
-55.50507166576288
0
VERTEX
8
L7
10
-41.45456887111534
20
-55.50941072541739
0
VERTEX
8
L7
10
-41.44527904207065
20
-55.51256419745072
0
VERTEX
8
L7
10
-41.435657078104455
20
-55.51447812508208
0
VERTEX
8
L7
10
-41.425867613687956
20
-55.515119760479045
0
VERTEX
8
L7
10
-41.416078149271456
20
-55.51447812508208
0
VERTEX
8
L7
10
-41.406456185305274
20
-55.51256419745072
0
VERTEX
8
L7
10
-41.39716635626057
20
-55.50941072541739
0
VERTEX
8
L7
10
-41.38836761368796
20
-55.50507166576288
0
VERTEX
8
L7
10
-41.3802105065123
20
-55.49962126100089
0
VERTEX
8
L7
10
-41.37283460509897
20
-55.49315276906803
0
VERTEX
8
L7
10
-41.36636611316611
20
-55.4857768676547
0
VERTEX
8
L7
10
-41.36091570840412
20
-55.477619760479044
0
VERTEX
8
L7
10
-41.35657664874961
20
-55.46882101790643
0
VERTEX
8
L7
10
-41.35342317671628
20
-55.45953118886173
0
VERTEX
8
L7
10
-41.35150924908493
20
-55.44990922489555
0
VERTEX
8
L7
10
-41.35086761368795
20
-55.44011976047904
0
VERTEX
8
L7
10
-41.35150924908493
20
-55.43033029606254
0
VERTEX
8
L7
10
-41.35342317671628
20
-55.42070833209635
0
VERTEX
8
L7
10
-41.35657664874961
20
-55.411418503051664
0
VERTEX
8
L7
10
-41.36091570840412
20
-55.40261976047904
0
VERTEX
8
L7
10
-41.36636611316611
20
-55.39446265330339
0
VERTEX
8
L7
10
-41.37283460509897
20
-55.38708675189005
0
VERTEX
8
L7
10
-41.3802105065123
20
-55.3806182599572
0
VERTEX
8
L7
10
-41.38836761368796
20
-55.37516785519521
0
VERTEX
8
L7
10
-41.39716635626057
20
-55.370828795540696
0
VERTEX
8
L7
10
-41.406456185305274
20
-55.36767532350736
0
VERTEX
8
L7
10
-41.416078149271456
20
-55.36576139587601
0
VERTEX
8
L7
10
-41.425867613687956
20
-55.36511976047905
0
SEQEND
0
POLYLINE
8
L7
66
1
70
1
0
VERTEX
8
L7
10
-41.18791140702622
20
-53.268600029780735
0
VERTEX
8
L7
10
-41.197700871442734
20
-53.269241665177695
0
VERTEX
8
L7
10
-41.20732283540892
20
-53.27115559280905
0
VERTEX
8
L7
10
-41.216612664453606
20
-53.274309064842384
0
VERTEX
8
L7
10
-41.22541140702623
20
-53.2786481244969
0
VERTEX
8
L7
10
-41.23356851420188
20
-53.28409852925889
0
VERTEX
8
L7
10
-41.24094441561522
20
-53.29056702119174
0
VERTEX
8
L7
10
-41.24741290754807
20
-53.29794292260508
0
VERTEX
8
L7
10
-41.252863312310055
20
-53.30610002978073
0
VERTEX
8
L7
10
-41.25720237196457
20
-53.31489877235335
0
VERTEX
8
L7
10
-41.2603558439979
20
-53.32418860139804
0
VERTEX
8
L7
10
-41.26226977162926
20
-53.33381056536423
0
VERTEX
8
L7
10
-41.26291140702622
20
-53.34360002978073
0
VERTEX
8
L7
10
-41.26226977162926
20
-53.35338949419724
0
VERTEX
8
L7
10
-41.2603558439979
20
-53.36301145816342
0
VERTEX
8
L7
10
-41.25720237196457
20
-53.37230128720812
0
VERTEX
8
L7
10
-41.252863312310055
20
-53.38110002978073
0
VERTEX
8
L7
10
-41.24741290754807
20
-53.38925713695639
0
VERTEX
8
L7
10
-41.24094441561522
20
-53.39663303836972
0
VERTEX
8
L7
10
-41.23356851420188
20
-53.40310153030258
0
VERTEX
8
L7
10
-41.22541140702623
20
-53.408551935064565
0
VERTEX
8
L7
10
-41.216612664453606
20
-53.41289099471908
0
VERTEX
8
L7
10
-41.20732283540892
20
-53.41604446675241
0
VERTEX
8
L7
10
-41.197700871442734
20
-53.41795839438377
0
VERTEX
8
L7
10
-41.18791140702622
20
-53.418600029780734
0
VERTEX
8
L7
10
-41.17812194260972
20
-53.41795839438377
0
VERTEX
8
L7
10
-41.16849997864354
20
-53.41604446675241
0
VERTEX
8
L7
10
-41.15921014959885
20
-53.41289099471908
0
VERTEX
8
L7
10
-41.150411407026226
20
-53.408551935064565
0
VERTEX
8
L7
10
-41.14225429985056
20
-53.40310153030258
0
VERTEX
8
L7
10
-41.13487839843724
20
-53.39663303836972
0
VERTEX
8
L7
10
-41.12840990650439
20
-53.38925713695639
0
VERTEX
8
L7
10
-41.122959501742386
20
-53.38110002978073
0
VERTEX
8
L7
10
-41.118620442087874
20
-53.37230128720812
0
VERTEX
8
L7
10
-41.11546697005454
20
-53.36301145816342
0
VERTEX
8
L7
10
-41.11355304242319
20
-53.35338949419724
0
VERTEX
8
L7
10
-41.11291140702622
20
-53.34360002978073
0
VERTEX
8
L7
10
-41.11355304242319
20
-53.33381056536423
0
VERTEX
8
L7
10
-41.11546697005454
20
-53.32418860139804
0
VERTEX
8
L7
10
-41.118620442087874
20
-53.31489877235335
0
VERTEX
8
L7
10
-41.122959501742386
20
-53.30610002978073
0
VERTEX
8
L7
10
-41.12840990650439
20
-53.29794292260508
0
VERTEX
8
L7
10
-41.13487839843724
20
-53.29056702119174
0
VERTEX
8
L7
10
-41.14225429985056
20
-53.28409852925889
0
VERTEX
8
L7
10
-41.150411407026226
20
-53.2786481244969
0
VERTEX
8
L7
10
-41.15921014959885
20
-53.274309064842384
0
VERTEX
8
L7
10
-41.16849997864354
20
-53.27115559280905
0
VERTEX
8
L7
10
-41.17812194260972
20
-53.269241665177695
0
VERTEX
8
L7
10
-41.18791140702622
20
-53.268600029780735
0
SEQEND
0
POLYLINE
8
L7
66
1
70
1
0
VERTEX
8
L7
10
-41.49700598802393
20
-53.577694610778444
0
VERTEX
8
L7
10
-41.50679545244044
20
-53.57833624617541
0
VERTEX
8
L7
10
-41.516417416406625
20
-53.58025017380677
0
VERTEX
8
L7
10
-41.525707245451315
20
-53.5834036458401
0
VERTEX
8
L7
10
-41.53450598802394
20
-53.58774270549461
0
VERTEX
8
L7
10
-41.542663095199586
20
-53.5931931102566
0
VERTEX
8
L7
10
-41.550038996612926
20
-53.59966160218946
0
VERTEX
8
L7
10
-41.556507488545776
20
-53.60703750360279
0
VERTEX
8
L7
10
-41.56195789330776
20
-53.615194610778445
0
VERTEX
8
L7
10
-41.566296952962276
20
-53.62399335335106
0
VERTEX
8
L7
10
-41.56945042499562
20
-53.63328318239576
0
VERTEX
8
L7
10
-41.57136435262697
20
-53.64290514636194
0
VERTEX
8
L7
10
-41.57200598802393
20
-53.65269461077845
0
VERTEX
8
L7
10
-41.57136435262697
20
-53.662484075194946
0
VERTEX
8
L7
10
-41.56945042499562
20
-53.672106039161136
0
VERTEX
8
L7
10
-41.566296952962276
20
-53.681395868205826
0
VERTEX
8
L7
10
-41.56195789330776
20
-53.69019461077845
0
VERTEX
8
L7
10
-41.556507488545776
20
-53.6983517179541
0
VERTEX
8
L7
10
-41.550038996612926
20
-53.70572761936744
0
VERTEX
8
L7
10
-41.542663095199586
20
-53.71219611130029
0
VERTEX
8
L7
10
-41.53450598802394
20
-53.71764651606228
0
VERTEX
8
L7
10
-41.525707245451315
20
-53.72198557571679
0
VERTEX
8
L7
10
-41.516417416406625
20
-53.725139047750126
0
VERTEX
8
L7
10
-41.50679545244044
20
-53.72705297538148
0
VERTEX
8
L7
10
-41.49700598802393
20
-53.72769461077844
0
VERTEX
8
L7
10
-41.48721652360743
20
-53.72705297538148
0
VERTEX
8
L7
10
-41.47759455964125
20
-53.725139047750126
0
VERTEX
8
L7
10
-41.46830473059656
20
-53.72198557571679
0
VERTEX
8
L7
10
-41.459505988023935
20
-53.71764651606228
0
VERTEX
8
L7
10
-41.451348880848286
20
-53.71219611130029
0
VERTEX
8
L7
10
-41.443972979434946
20
-53.70572761936744
0
VERTEX
8
L7
10
-41.437504487502096
20
-53.6983517179541
0
VERTEX
8
L7
10
-41.43205408274011
20
-53.69019461077845
0
VERTEX
8
L7
10
-41.4277150230856
20
-53.681395868205826
0
VERTEX
8
L7
10
-41.42456155105225
20
-53.672106039161136
0
VERTEX
8
L7
10
-41.4226476234209
20
-53.662484075194946
0
VERTEX
8
L7
10
-41.42200598802394
20
-53.65269461077845
0
VERTEX
8
L7
10
-41.4226476234209
20
-53.64290514636194
0
VERTEX
8
L7
10
-41.42456155105225
20
-53.63328318239576
0
VERTEX
8
L7
10
-41.4277150230856
20
-53.62399335335106
0
VERTEX
8
L7
10
-41.43205408274011
20
-53.615194610778445
0
VERTEX
8
L7
10
-41.437504487502096
20
-53.60703750360279
0
VERTEX
8
L7
10
-41.443972979434946
20
-53.59966160218946
0
VERTEX
8
L7
10
-41.451348880848286
20
-53.5931931102566
0
VERTEX
8
L7
10
-41.459505988023935
20
-53.58774270549461
0
VERTEX
8
L7
10
-41.46830473059656
20
-53.5834036458401
0
VERTEX
8
L7
10
-41.47759455964125
20
-53.58025017380677
0
VERTEX
8
L7
10
-41.48721652360743
20
-53.57833624617541
0
VERTEX
8
L7
10
-41.49700598802393
20
-53.577694610778444
0
SEQEND
0
POLYLINE
8
L7
66
1
70
1
0
VERTEX
8
L7
10
-37.724550898203574
20
-56.69146706586827
0
VERTEX
8
L7
10
-37.73434036262009
20
-56.69210870126523
0
VERTEX
8
L7
10
-37.74396232658627
20
-56.69402262889658
0
VERTEX
8
L7
10
-37.75325215563096
20
-56.697176100929916
0
VERTEX
8
L7
10
-37.76205089820358
20
-56.701515160584435
0
VERTEX
8
L7
10
-37.77020800537923
20
-56.70696556534642
0
VERTEX
8
L7
10
-37.77758390679257
20
-56.71343405727927
0
VERTEX
8
L7
10
-37.78405239872542
20
-56.72080995869261
0
VERTEX
8
L7
10
-37.78950280348741
20
-56.72896706586827
0
VERTEX
8
L7
10
-37.79384186314192
20
-56.737765808440884
0
VERTEX
8
L7
10
-37.796995335175254
20
-56.74705563748557
0
VERTEX
8
L7
10
-37.79890926280662
20
-56.75667760145176
0
VERTEX
8
L7
10
-37.79955089820358
20
-56.76646706586826
0
VERTEX
8
L7
10
-37.79890926280662
20
-56.77625653028477
0
VERTEX
8
L7
10
-37.796995335175254
20
-56.78587849425095
0
VERTEX
8
L7
10
-37.79384186314192
20
-56.79516832329565
0
VERTEX
8
L7
10
-37.78950280348741
20
-56.803967065868264
0
VERTEX
8
L7
10
-37.78405239872542
20
-56.81212417304392
0
VERTEX
8
L7
10
-37.77758390679257
20
-56.81950007445725
0
VERTEX
8
L7
10
-37.77020800537923
20
-56.82596856639011
0
VERTEX
8
L7
10
-37.76205089820358
20
-56.8314189711521
0
VERTEX
8
L7
10
-37.75325215563096
20
-56.83575803080661
0
VERTEX
8
L7
10
-37.74396232658627
20
-56.83891150283994
0
VERTEX
8
L7
10
-37.73434036262009
20
-56.8408254304713
0
VERTEX
8
L7
10
-37.724550898203574
20
-56.841467065868265
0
VERTEX
8
L7
10
-37.714761433787075
20
-56.8408254304713
0
VERTEX
8
L7
10
-37.70513946982089
20
-56.83891150283995
0
VERTEX
8
L7
10
-37.6958496407762
20
-56.83575803080661
0
VERTEX
8
L7
10
-37.68705089820358
20
-56.8314189711521
0
VERTEX
8
L7
10
-37.67889379102793
20
-56.82596856639011
0
VERTEX
8
L7
10
-37.67151788961459
20
-56.81950007445725
0
VERTEX
8
L7
10
-37.66504939768174
20
-56.81212417304392
0
VERTEX
8
L7
10
-37.659598992919754
20
-56.803967065868264
0
VERTEX
8
L7
10
-37.65525993326523
20
-56.79516832329565
0
VERTEX
8
L7
10
-37.652106461231895
20
-56.78587849425095
0
VERTEX
8
L7
10
-37.650192533600546
20
-56.77625653028477
0
VERTEX
8
L7
10
-37.649550898203586
20
-56.76646706586826
0
VERTEX
8
L7
10
-37.650192533600546
20
-56.75667760145176
0
VERTEX
8
L7
10
-37.652106461231895
20
-56.74705563748557
0
VERTEX
8
L7
10
-37.65525993326523
20
-56.737765808440884
0
VERTEX
8
L7
10
-37.659598992919754
20
-56.72896706586827
0
VERTEX
8
L7
10
-37.66504939768174
20
-56.72080995869261
0
VERTEX
8
L7
10
-37.67151788961459
20
-56.71343405727927
0
VERTEX
8
L7
10
-37.67889379102793
20
-56.70696556534642
0
VERTEX
8
L7
10
-37.68705089820358
20
-56.701515160584435
0
VERTEX
8
L7
10
-37.6958496407762
20
-56.697176100929916
0
VERTEX
8
L7
10
-37.70513946982089
20
-56.69402262889658
0
VERTEX
8
L7
10
-37.714761433787075
20
-56.69210870126523
0
VERTEX
8
L7
10
-37.724550898203574
20
-56.69146706586827
0
SEQEND
0
POLYLINE
8
L7
66
1
70
1
0
VERTEX
8
L7
10
-37.724550898203574
20
-55.73338323353293
0
VERTEX
8
L7
10
-37.73434036262009
20
-55.7340248689299
0
VERTEX
8
L7
10
-37.74396232658627
20
-55.73593879656126
0
VERTEX
8
L7
10
-37.75325215563096
20
-55.73909226859459
0
VERTEX
8
L7
10
-37.76205089820358
20
-55.7434313282491
0
VERTEX
8
L7
10
-37.77020800537923
20
-55.74888173301109
0
VERTEX
8
L7
10
-37.77758390679257
20
-55.755350224943946
0
VERTEX
8
L7
10
-37.78405239872542
20
-55.76272612635728
0
VERTEX
8
L7
10
-37.78950280348741
20
-55.770883233532935
0
VERTEX
8
L7
10
-37.79384186314192
20
-55.77968197610555
0
VERTEX
8
L7
10
-37.796995335175254
20
-55.78897180515025
0
VERTEX
8
L7
10
-37.79890926280662
20
-55.79859376911643
0
VERTEX
8
L7
10
-37.79955089820358
20
-55.808383233532936
0
VERTEX
8
L7
10
-37.79890926280662
20
-55.818172697949436
0
VERTEX
8
L7
10
-37.796995335175254
20
-55.827794661915625
0
VERTEX
8
L7
10
-37.79384186314192
20
-55.837084490960315
0
VERTEX
8
L7
10
-37.78950280348741
20
-55.84588323353294
0
VERTEX
8
L7
10
-37.78405239872542
20
-55.854040340708586
0
VERTEX
8
L7
10
-37.77758390679257
20
-55.861416242121926
0
VERTEX
8
L7
10
-37.77020800537923
20
-55.867884734054776
0
VERTEX
8
L7
10
-37.76205089820358
20
-55.87333513881677
0
VERTEX
8
L7
10
-37.75325215563096
20
-55.87767419847128
0
VERTEX
8
L7
10
-37.74396232658627
20
-55.880827670504615
0
VERTEX
8
L7
10
-37.73434036262009
20
-55.88274159813597
0
VERTEX
8
L7
10
-37.724550898203574
20
-55.88338323353293
0
VERTEX
8
L7
10
-37.714761433787075
20
-55.88274159813597
0
VERTEX
8
L7
10
-37.70513946982089
20
-55.880827670504615
0
VERTEX
8
L7
10
-37.6958496407762
20
-55.87767419847128
0
VERTEX
8
L7
10
-37.68705089820358
20
-55.87333513881677
0
VERTEX
8
L7
10
-37.67889379102793
20
-55.867884734054776
0
VERTEX
8
L7
10
-37.67151788961459
20
-55.861416242121926
0
VERTEX
8
L7
10
-37.66504939768174
20
-55.854040340708586
0
VERTEX
8
L7
10
-37.659598992919754
20
-55.84588323353294
0
VERTEX
8
L7
10
-37.65525993326523
20
-55.837084490960315
0
VERTEX
8
L7
10
-37.652106461231895
20
-55.827794661915625
0
VERTEX
8
L7
10
-37.650192533600546
20
-55.818172697949436
0
VERTEX
8
L7
10
-37.649550898203586
20
-55.808383233532936
0
VERTEX
8
L7
10
-37.650192533600546
20
-55.79859376911643
0
VERTEX
8
L7
10
-37.652106461231895
20
-55.78897180515025
0
VERTEX
8
L7
10
-37.65525993326523
20
-55.77968197610555
0
VERTEX
8
L7
10
-37.659598992919754
20
-55.770883233532935
0
VERTEX
8
L7
10
-37.66504939768174
20
-55.76272612635728
0
VERTEX
8
L7
10
-37.67151788961459
20
-55.755350224943946
0
VERTEX
8
L7
10
-37.67889379102793
20
-55.74888173301109
0
VERTEX
8
L7
10
-37.68705089820358
20
-55.7434313282491
0
VERTEX
8
L7
10
-37.6958496407762
20
-55.73909226859459
0
VERTEX
8
L7
10
-37.70513946982089
20
-55.73593879656126
0
VERTEX
8
L7
10
-37.714761433787075
20
-55.7340248689299
0
VERTEX
8
L7
10
-37.724550898203574
20
-55.73338323353293
0
SEQEND
0
POLYLINE
8
L7
66
1
70
1
0
VERTEX
8
L7
10
-33.95209580838322
20
-53.577694610778444
0
VERTEX
8
L7
10
-33.961885272799734
20
-53.57833624617541
0
VERTEX
8
L7
10
-33.971507236765916
20
-53.58025017380677
0
VERTEX
8
L7
10
-33.980797065810606
20
-53.5834036458401
0
VERTEX
8
L7
10
-33.98959580838323
20
-53.58774270549461
0
VERTEX
8
L7
10
-33.99775291555888
20
-53.5931931102566
0
VERTEX
8
L7
10
-34.00512881697222
20
-53.59966160218946
0
VERTEX
8
L7
10
-34.01159730890507
20
-53.60703750360279
0
VERTEX
8
L7
10
-34.017047713667054
20
-53.615194610778445
0
VERTEX
8
L7
10
-34.02138677332157
20
-53.62399335335106
0
VERTEX
8
L7
10
-34.0245402453549
20
-53.63328318239576
0
VERTEX
8
L7
10
-34.02645417298626
20
-53.64290514636194
0
VERTEX
8
L7
10
-34.02709580838322
20
-53.65269461077845
0
VERTEX
8
L7
10
-34.02645417298626
20
-53.662484075194946
0
VERTEX
8
L7
10
-34.0245402453549
20
-53.672106039161136
0
VERTEX
8
L7
10
-34.02138677332157
20
-53.681395868205826
0
VERTEX
8
L7
10
-34.017047713667054
20
-53.69019461077845
0
VERTEX
8
L7
10
-34.01159730890507
20
-53.6983517179541
0
VERTEX
8
L7
10
-34.00512881697222
20
-53.70572761936744
0
VERTEX
8
L7
10
-33.99775291555888
20
-53.71219611130029
0
VERTEX
8
L7
10
-33.98959580838323
20
-53.71764651606228
0
VERTEX
8
L7
10
-33.980797065810606
20
-53.72198557571679
0
VERTEX
8
L7
10
-33.971507236765916
20
-53.725139047750126
0
VERTEX
8
L7
10
-33.961885272799734
20
-53.72705297538148
0
VERTEX
8
L7
10
-33.95209580838322
20
-53.72769461077844
0
VERTEX
8
L7
10
-33.94230634396672
20
-53.72705297538148
0
VERTEX
8
L7
10
-33.93268438000054
20
-53.725139047750126
0
VERTEX
8
L7
10
-33.92339455095585
20
-53.72198557571679
0
VERTEX
8
L7
10
-33.914595808383226
20
-53.71764651606228
0
VERTEX
8
L7
10
-33.90643870120758
20
-53.71219611130029
0
VERTEX
8
L7
10
-33.89906279979424
20
-53.70572761936744
0
VERTEX
8
L7
10
-33.89259430786139
20
-53.6983517179541
0
VERTEX
8
L7
10
-33.887143903099386
20
-53.69019461077845
0
VERTEX
8
L7
10
-33.88280484344487
20
-53.681395868205826
0
VERTEX
8
L7
10
-33.87965137141154
20
-53.672106039161136
0
VERTEX
8
L7
10
-33.87773744378019
20
-53.662484075194946
0
VERTEX
8
L7
10
-33.87709580838323
20
-53.65269461077845
0
VERTEX
8
L7
10
-33.87773744378019
20
-53.64290514636194
0
VERTEX
8
L7
10
-33.87965137141154
20
-53.63328318239576
0
VERTEX
8
L7
10
-33.88280484344487
20
-53.62399335335106
0
VERTEX
8
L7
10
-33.887143903099386
20
-53.615194610778445
0
VERTEX
8
L7
10
-33.89259430786139
20
-53.60703750360279
0
VERTEX
8
L7
10
-33.89906279979424
20
-53.59966160218946
0
VERTEX
8
L7
10
-33.90643870120758
20
-53.5931931102566
0
VERTEX
8
L7
10
-33.914595808383226
20
-53.58774270549461
0
VERTEX
8
L7
10
-33.92339455095585
20
-53.5834036458401
0
VERTEX
8
L7
10
-33.93268438000054
20
-53.58025017380677
0
VERTEX
8
L7
10
-33.94230634396672
20
-53.57833624617541
0
VERTEX
8
L7
10
-33.95209580838322
20
-53.577694610778444
0
SEQEND
0
POLYLINE
8
L7
66
1
70
1
0
VERTEX
8
L7
10
-37.724550898203574
20
-54.77529940119761
0
VERTEX
8
L7
10
-37.73434036262009
20
-54.775941036594574
0
VERTEX
8
L7
10
-37.74396232658627
20
-54.777854964225924
0
VERTEX
8
L7
10
-37.75325215563096
20
-54.78100843625926
0
VERTEX
8
L7
10
-37.76205089820358
20
-54.785347495913776
0
VERTEX
8
L7
10
-37.77020800537923
20
-54.79079790067576
0
VERTEX
8
L7
10
-37.77758390679257
20
-54.79726639260861
0
VERTEX
8
L7
10
-37.78405239872542
20
-54.80464229402195
0
VERTEX
8
L7
10
-37.78950280348741
20
-54.81279940119761
0
VERTEX
8
L7
10
-37.79384186314192
20
-54.821598143770224
0
VERTEX
8
L7
10
-37.796995335175254
20
-54.83088797281492
0
VERTEX
8
L7
10
-37.79890926280662
20
-54.8405099367811
0
VERTEX
8
L7
10
-37.79955089820358
20
-54.85029940119761
0
VERTEX
8
L7
10
-37.79890926280662
20
-54.86008886561411
0
VERTEX
8
L7
10
-37.796995335175254
20
-54.8697108295803
0
VERTEX
8
L7
10
-37.79384186314192
20
-54.87900065862499
0
VERTEX
8
L7
10
-37.78950280348741
20
-54.887799401197604
0
VERTEX
8
L7
10
-37.78405239872542
20
-54.89595650837326
0
VERTEX
8
L7
10
-37.77758390679257
20
-54.9033324097866
0
VERTEX
8
L7
10
-37.77020800537923
20
-54.90980090171945
0
VERTEX
8
L7
10
-37.76205089820358
20
-54.91525130648144
0
VERTEX
8
L7
10
-37.75325215563096
20
-54.91959036613596
0
VERTEX
8
L7
10
-37.74396232658627
20
-54.92274383816929
0
VERTEX
8
L7
10
-37.73434036262009
20
-54.924657765800646
0
VERTEX
8
L7
10
-37.724550898203574
20
-54.925299401197606
0
VERTEX
8
L7
10
-37.714761433787075
20
-54.924657765800646
0
VERTEX
8
L7
10
-37.70513946982089
20
-54.92274383816929
0
VERTEX
8
L7
10
-37.6958496407762
20
-54.91959036613596
0
VERTEX
8
L7
10
-37.68705089820358
20
-54.91525130648144
0
VERTEX
8
L7
10
-37.67889379102793
20
-54.90980090171945
0
VERTEX
8
L7
10
-37.67151788961459
20
-54.9033324097866
0
VERTEX
8
L7
10
-37.66504939768174
20
-54.89595650837326
0
VERTEX
8
L7
10
-37.659598992919754
20
-54.887799401197604
0
VERTEX
8
L7
10
-37.65525993326523
20
-54.87900065862499
0
VERTEX
8
L7
10
-37.652106461231895
20
-54.8697108295803
0
VERTEX
8
L7
10
-37.650192533600546
20
-54.86008886561411
0
VERTEX
8
L7
10
-37.649550898203586
20
-54.85029940119761
0
VERTEX
8
L7
10
-37.650192533600546
20
-54.8405099367811
0
VERTEX
8
L7
10
-37.652106461231895
20
-54.83088797281492
0
VERTEX
8
L7
10
-37.65525993326523
20
-54.821598143770224
0
VERTEX
8
L7
10
-37.659598992919754
20
-54.81279940119761
0
VERTEX
8
L7
10
-37.66504939768174
20
-54.80464229402195
0
VERTEX
8
L7
10
-37.67151788961459
20
-54.79726639260861
0
VERTEX
8
L7
10
-37.67889379102793
20
-54.79079790067576
0
VERTEX
8
L7
10
-37.68705089820358
20
-54.785347495913776
0
VERTEX
8
L7
10
-37.6958496407762
20
-54.78100843625926
0
VERTEX
8
L7
10
-37.70513946982089
20
-54.777854964225924
0
VERTEX
8
L7
10
-37.714761433787075
20
-54.775941036594574
0
VERTEX
8
L7
10
-37.724550898203574
20
-54.77529940119761
0
SEQEND
0
POLYLINE
8
L7
66
1
70
1
0
VERTEX
8
L7
10
-34.26119038938094
20
-53.268600029780735
0
VERTEX
8
L7
10
-34.27097985379744
20
-53.269241665177695
0
VERTEX
8
L7
10
-34.280601817763625
20
-53.27115559280905
0
VERTEX
8
L7
10
-34.289891646808314
20
-53.274309064842384
0
VERTEX
8
L7
10
-34.29869038938094
20
-53.2786481244969
0
VERTEX
8
L7
10
-34.306847496556585
20
-53.28409852925889
0
VERTEX
8
L7
10
-34.314223397969926
20
-53.29056702119174
0
VERTEX
8
L7
10
-34.320691889902776
20
-53.29794292260508
0
VERTEX
8
L7
10
-34.32614229466476
20
-53.30610002978073
0
VERTEX
8
L7
10
-34.33048135431929
20
-53.31489877235335
0
VERTEX
8
L7
10
-34.33363482635262
20
-53.32418860139804
0
VERTEX
8
L7
10
-34.33554875398397
20
-53.33381056536423
0
VERTEX
8
L7
10
-34.33619038938093
20
-53.34360002978073
0
VERTEX
8
L7
10
-34.33554875398397
20
-53.35338949419724
0
VERTEX
8
L7
10
-34.33363482635262
20
-53.36301145816342
0
VERTEX
8
L7
10
-34.33048135431929
20
-53.37230128720812
0
VERTEX
8
L7
10
-34.32614229466476
20
-53.38110002978073
0
VERTEX
8
L7
10
-34.320691889902776
20
-53.38925713695639
0
VERTEX
8
L7
10
-34.314223397969926
20
-53.39663303836972
0
VERTEX
8
L7
10
-34.306847496556585
20
-53.40310153030258
0
VERTEX
8
L7
10
-34.29869038938094
20
-53.408551935064565
0
VERTEX
8
L7
10
-34.289891646808314
20
-53.41289099471908
0
VERTEX
8
L7
10
-34.280601817763625
20
-53.41604446675241
0
VERTEX
8
L7
10
-34.27097985379744
20
-53.41795839438377
0
VERTEX
8
L7
10
-34.26119038938094
20
-53.418600029780734
0
VERTEX
8
L7
10
-34.25140092496443
20
-53.41795839438377
0
VERTEX
8
L7
10
-34.241778960998246
20
-53.41604446675241
0
VERTEX
8
L7
10
-34.23248913195356
20
-53.41289099471908
0
VERTEX
8
L7
10
-34.223690389380934
20
-53.408551935064565
0
VERTEX
8
L7
10
-34.215533282205286
20
-53.40310153030258
0
VERTEX
8
L7
10
-34.208157380791945
20
-53.39663303836972
0
VERTEX
8
L7
10
-34.201688888859096
20
-53.38925713695639
0
VERTEX
8
L7
10
-34.19623848409711
20
-53.38110002978073
0
VERTEX
8
L7
10
-34.191899424442596
20
-53.37230128720812
0
VERTEX
8
L7
10
-34.18874595240926
20
-53.36301145816342
0
VERTEX
8
L7
10
-34.1868320247779
20
-53.35338949419724
0
VERTEX
8
L7
10
-34.18619038938094
20
-53.34360002978073
0
VERTEX
8
L7
10
-34.1868320247779
20
-53.33381056536423
0
VERTEX
8
L7
10
-34.18874595240926
20
-53.32418860139804
0
VERTEX
8
L7
10
-34.191899424442596
20
-53.31489877235335
0
VERTEX
8
L7
10
-34.19623848409711
20
-53.30610002978073
0
VERTEX
8
L7
10
-34.201688888859096
20
-53.29794292260508
0
VERTEX
8
L7
10
-34.208157380791945
20
-53.29056702119174
0
VERTEX
8
L7
10
-34.215533282205286
20
-53.28409852925889
0
VERTEX
8
L7
10
-34.223690389380934
20
-53.2786481244969
0
VERTEX
8
L7
10
-34.23248913195356
20
-53.274309064842384
0
VERTEX
8
L7
10
-34.241778960998246
20
-53.27115559280905
0
VERTEX
8
L7
10
-34.25140092496443
20
-53.269241665177695
0
VERTEX
8
L7
10
-34.26119038938094
20
-53.268600029780735
0
SEQEND
0
POLYLINE
8
L7
66
1
70
1
0
VERTEX
8
L7
10
-37.724550898203574
20
-53.81721556886228
0
VERTEX
8
L7
10
-37.73434036262009
20
-53.81785720425924
0
VERTEX
8
L7
10
-37.74396232658627
20
-53.8197711318906
0
VERTEX
8
L7
10
-37.75325215563096
20
-53.82292460392393
0
VERTEX
8
L7
10
-37.76205089820358
20
-53.82726366357844
0
VERTEX
8
L7
10
-37.77020800537923
20
-53.83271406834044
0
VERTEX
8
L7
10
-37.77758390679257
20
-53.83918256027329
0
VERTEX
8
L7
10
-37.78405239872542
20
-53.84655846168663
0
VERTEX
8
L7
10
-37.78950280348741
20
-53.854715568862275
0
VERTEX
8
L7
10
-37.79384186314192
20
-53.8635143114349
0
VERTEX
8
L7
10
-37.796995335175254
20
-53.87280414047959
0
VERTEX
8
L7
10
-37.79890926280662
20
-53.88242610444578
0
VERTEX
8
L7
10
-37.79955089820358
20
-53.89221556886228
0
VERTEX
8
L7
10
-37.79890926280662
20
-53.90200503327878
0
VERTEX
8
L7
10
-37.796995335175254
20
-53.911626997244966
0
VERTEX
8
L7
10
-37.79384186314192
20
-53.92091682628966
0
VERTEX
8
L7
10
-37.78950280348741
20
-53.92971556886228
0
VERTEX
8
L7
10
-37.78405239872542
20
-53.937872676037934
0
VERTEX
8
L7
10
-37.77758390679257
20
-53.94524857745127
0
VERTEX
8
L7
10
-37.77020800537923
20
-53.95171706938412
0
VERTEX
8
L7
10
-37.76205089820358
20
-53.95716747414611
0
VERTEX
8
L7
10
-37.75325215563096
20
-53.96150653380062
0
VERTEX
8
L7
10
-37.74396232658627
20
-53.964660005833956
0
VERTEX
8
L7
10
-37.73434036262009
20
-53.96657393346531
0
VERTEX
8
L7
10
-37.724550898203574
20
-53.96721556886228
0
VERTEX
8
L7
10
-37.714761433787075
20
-53.96657393346531
0
VERTEX
8
L7
10
-37.70513946982089
20
-53.964660005833956
0
VERTEX
8
L7
10
-37.6958496407762
20
-53.96150653380062
0
VERTEX
8
L7
10
-37.68705089820358
20
-53.95716747414611
0
VERTEX
8
L7
10
-37.67889379102793
20
-53.95171706938412
0
VERTEX
8
L7
10
-37.67151788961459
20
-53.94524857745127
0
VERTEX
8
L7
10
-37.66504939768174
20
-53.937872676037934
0
VERTEX
8
L7
10
-37.659598992919754
20
-53.92971556886228
0
VERTEX
8
L7
10
-37.65525993326523
20
-53.92091682628966
0
VERTEX
8
L7
10
-37.652106461231895
20
-53.911626997244966
0
VERTEX
8
L7
10
-37.650192533600546
20
-53.90200503327878
0
VERTEX
8
L7
10
-37.649550898203586
20
-53.89221556886228
0
VERTEX
8
L7
10
-37.650192533600546
20
-53.88242610444578
0
VERTEX
8
L7
10
-37.652106461231895
20
-53.87280414047959
0
VERTEX
8
L7
10
-37.65525993326523
20
-53.8635143114349
0
VERTEX
8
L7
10
-37.659598992919754
20
-53.854715568862275
0
VERTEX
8
L7
10
-37.66504939768174
20
-53.84655846168663
0
VERTEX
8
L7
10
-37.67151788961459
20
-53.83918256027329
0
VERTEX
8
L7
10
-37.67889379102793
20
-53.83271406834044
0
VERTEX
8
L7
10
-37.68705089820358
20
-53.82726366357844
0
VERTEX
8
L7
10
-37.6958496407762
20
-53.82292460392393
0
VERTEX
8
L7
10
-37.70513946982089
20
-53.8197711318906
0
VERTEX
8
L7
10
-37.714761433787075
20
-53.81785720425924
0
VERTEX
8
L7
10
-37.724550898203574
20
-53.81721556886228
0
SEQEND
0
POLYLINE
8
L7
66
1
70
1
0
VERTEX
8
L7
10
-33.592814371257475
20
-55.61362275449102
0
VERTEX
8
L7
10
-33.602603835673975
20
-55.614264389887985
0
VERTEX
8
L7
10
-33.61222579964017
20
-55.61617831751934
0
VERTEX
8
L7
10
-33.62151562868486
20
-55.619331789552675
0
VERTEX
8
L7
10
-33.63031437125747
20
-55.62367084920719
0
VERTEX
8
L7
10
-33.63847147843313
20
-55.629121253969174
0
VERTEX
8
L7
10
-33.64584737984647
20
-55.63558974590203
0
VERTEX
8
L7
10
-33.65231587177932
20
-55.642965647315364
0
VERTEX
8
L7
10
-33.65776627654131
20
-55.65112275449102
0
VERTEX
8
L7
10
-33.66210533619582
20
-55.659921497063635
0
VERTEX
8
L7
10
-33.665258808229154
20
-55.66921132610833
0
VERTEX
8
L7
10
-33.66717273586052
20
-55.678833290074515
0
VERTEX
8
L7
10
-33.66781437125748
20
-55.68862275449102
0
VERTEX
8
L7
10
-33.66717273586052
20
-55.69841221890752
0
VERTEX
8
L7
10
-33.665258808229154
20
-55.70803418287371
0
VERTEX
8
L7
10
-33.66210533619582
20
-55.7173240119184
0
VERTEX
8
L7
10
-33.65776627654131
20
-55.72612275449102
0
VERTEX
8
L7
10
-33.65231587177932
20
-55.73427986166667
0
VERTEX
8
L7
10
-33.64584737984647
20
-55.74165576308001
0
VERTEX
8
L7
10
-33.63847147843313
20
-55.74812425501286
0
VERTEX
8
L7
10
-33.63031437125747
20
-55.753574659774856
0
VERTEX
8
L7
10
-33.62151562868486
20
-55.75791371942937
0
VERTEX
8
L7
10
-33.61222579964017
20
-55.7610671914627
0
VERTEX
8
L7
10
-33.602603835673975
20
-55.76298111909406
0
VERTEX
8
L7
10
-33.592814371257475
20
-55.76362275449102
0
VERTEX
8
L7
10
-33.583024906840976
20
-55.76298111909406
0
VERTEX
8
L7
10
-33.57340294287478
20
-55.7610671914627
0
VERTEX
8
L7
10
-33.56411311383009
20
-55.75791371942937
0
VERTEX
8
L7
10
-33.55531437125748
20
-55.753574659774856
0
VERTEX
8
L7
10
-33.54715726408182
20
-55.74812425501286
0
VERTEX
8
L7
10
-33.53978136266848
20
-55.74165576308001
0
VERTEX
8
L7
10
-33.53331287073563
20
-55.73427986166667
0
VERTEX
8
L7
10
-33.52786246597364
20
-55.72612275449102
0
VERTEX
8
L7
10
-33.52352340631913
20
-55.7173240119184
0
VERTEX
8
L7
10
-33.520369934285796
20
-55.70803418287371
0
VERTEX
8
L7
10
-33.51845600665443
20
-55.69841221890752
0
VERTEX
8
L7
10
-33.51781437125747
20
-55.68862275449102
0
VERTEX
8
L7
10
-33.51845600665443
20
-55.678833290074515
0
VERTEX
8
L7
10
-33.520369934285796
20
-55.66921132610833
0
VERTEX
8
L7
10
-33.52352340631913
20
-55.659921497063635
0
VERTEX
8
L7
10
-33.52786246597364
20
-55.65112275449102
0
VERTEX
8
L7
10
-33.53331287073563
20
-55.642965647315364
0
VERTEX
8
L7
10
-33.53978136266848
20
-55.63558974590203
0
VERTEX
8
L7
10
-33.54715726408182
20
-55.629121253969174
0
VERTEX
8
L7
10
-33.55531437125748
20
-55.62367084920719
0
VERTEX
8
L7
10
-33.56411311383009
20
-55.619331789552675
0
VERTEX
8
L7
10
-33.57340294287478
20
-55.61617831751934
0
VERTEX
8
L7
10
-33.583024906840976
20
-55.614264389887985
0
VERTEX
8
L7
10
-33.592814371257475
20
-55.61362275449102
0
SEQEND
0
POLYLINE
8
L7
66
1
70
1
0
VERTEX
8
L7
10
-37.724550898203574
20
-53.338173652694614
0
VERTEX
8
L7
10
-37.73434036262009
20
-53.338815288091574
0
VERTEX
8
L7
10
-37.74396232658627
20
-53.34072921572293
0
VERTEX
8
L7
10
-37.75325215563096
20
-53.34388268775626
0
VERTEX
8
L7
10
-37.76205089820358
20
-53.34822174741078
0
VERTEX
8
L7
10
-37.77020800537923
20
-53.35367215217277
0
VERTEX
8
L7
10
-37.77758390679257
20
-53.36014064410562
0
VERTEX
8
L7
10
-37.78405239872542
20
-53.36751654551896
0
VERTEX
8
L7
10
-37.78950280348741
20
-53.375673652694616
0
VERTEX
8
L7
10
-37.79384186314192
20
-53.38447239526723
0
VERTEX
8
L7
10
-37.796995335175254
20
-53.39376222431192
0
VERTEX
8
L7
10
-37.79890926280662
20
-53.40338418827811
0
VERTEX
8
L7
10
-37.79955089820358
20
-53.41317365269461
0
VERTEX
8
L7
10
-37.79890926280662
20
-53.42296311711112
0
VERTEX
8
L7
10
-37.796995335175254
20
-53.4325850810773
0
VERTEX
8
L7
10
-37.79384186314192
20
-53.441874910121996
0
VERTEX
8
L7
10
-37.78950280348741
20
-53.45067365269461
0
VERTEX
8
L7
10
-37.78405239872542
20
-53.45883075987027
0
VERTEX
8
L7
10
-37.77758390679257
20
-53.46620666128361
0
VERTEX
8
L7
10
-37.77020800537923
20
-53.47267515321646
0
VERTEX
8
L7
10
-37.76205089820358
20
-53.478125557978444
0
VERTEX
8
L7
10
-37.75325215563096
20
-53.48246461763296
0
VERTEX
8
L7
10
-37.74396232658627
20
-53.485618089666296
0
VERTEX
8
L7
10
-37.73434036262009
20
-53.487532017297646
0
VERTEX
8
L7
10
-37.724550898203574
20
-53.48817365269461
0
VERTEX
8
L7
10
-37.714761433787075
20
-53.487532017297646
0
VERTEX
8
L7
10
-37.70513946982089
20
-53.485618089666296
0
VERTEX
8
L7
10
-37.6958496407762
20
-53.48246461763296
0
VERTEX
8
L7
10
-37.68705089820358
20
-53.478125557978444
0
VERTEX
8
L7
10
-37.67889379102793
20
-53.47267515321646
0
VERTEX
8
L7
10
-37.67151788961459
20
-53.46620666128361
0
VERTEX
8
L7
10
-37.66504939768174
20
-53.45883075987027
0
VERTEX
8
L7
10
-37.659598992919754
20
-53.45067365269461
0
VERTEX
8
L7
10
-37.65525993326523
20
-53.441874910121996
0
VERTEX
8
L7
10
-37.652106461231895
20
-53.4325850810773
0
VERTEX
8
L7
10
-37.650192533600546
20
-53.42296311711112
0
VERTEX
8
L7
10
-37.649550898203586
20
-53.41317365269461
0
VERTEX
8
L7
10
-37.650192533600546
20
-53.40338418827811
0
VERTEX
8
L7
10
-37.652106461231895
20
-53.39376222431192
0
VERTEX
8
L7
10
-37.65525993326523
20
-53.38447239526723
0
VERTEX
8
L7
10
-37.659598992919754
20
-53.375673652694616
0
VERTEX
8
L7
10
-37.66504939768174
20
-53.36751654551896
0
VERTEX
8
L7
10
-37.67151788961459
20
-53.36014064410562
0
VERTEX
8
L7
10
-37.67889379102793
20
-53.35367215217277
0
VERTEX
8
L7
10
-37.68705089820358
20
-53.34822174741078
0
VERTEX
8
L7
10
-37.6958496407762
20
-53.34388268775626
0
VERTEX
8
L7
10
-37.70513946982089
20
-53.34072921572293
0
VERTEX
8
L7
10
-37.714761433787075
20
-53.338815288091574
0
VERTEX
8
L7
10
-37.724550898203574
20
-53.338173652694614
0
SEQEND
0
POLYLINE
8
L7
66
1
70
1
0
VERTEX
8
L7
10
-34.02323418271921
20
-55.36511976047905
0
VERTEX
8
L7
10
-34.03302364713571
20
-55.36576139587601
0
VERTEX
8
L7
10
-34.04264561110189
20
-55.36767532350736
0
VERTEX
8
L7
10
-34.05193544014658
20
-55.370828795540696
0
VERTEX
8
L7
10
-34.0607341827192
20
-55.37516785519521
0
VERTEX
8
L7
10
-34.06889128989485
20
-55.3806182599572
0
VERTEX
8
L7
10
-34.07626719130819
20
-55.38708675189005
0
VERTEX
8
L7
10
-34.08273568324104
20
-55.39446265330339
0
VERTEX
8
L7
10
-34.08818608800304
20
-55.40261976047904
0
VERTEX
8
L7
10
-34.092525147657554
20
-55.411418503051664
0
VERTEX
8
L7
10
-34.09567861969089
20
-55.42070833209635
0
VERTEX
8
L7
10
-34.097592547322236
20
-55.43033029606254
0
VERTEX
8
L7
10
-34.098234182719196
20
-55.44011976047904
0
VERTEX
8
L7
10
-34.097592547322236
20
-55.44990922489555
0
VERTEX
8
L7
10
-34.09567861969089
20
-55.45953118886173
0
VERTEX
8
L7
10
-34.092525147657554
20
-55.46882101790643
0
VERTEX
8
L7
10
-34.08818608800304
20
-55.477619760479044
0
VERTEX
8
L7
10
-34.08273568324104
20
-55.4857768676547
0
VERTEX
8
L7
10
-34.07626719130819
20
-55.49315276906803
0
VERTEX
8
L7
10
-34.06889128989485
20
-55.49962126100089
0
VERTEX
8
L7
10
-34.0607341827192
20
-55.50507166576288
0
VERTEX
8
L7
10
-34.05193544014658
20
-55.50941072541739
0
VERTEX
8
L7
10
-34.04264561110189
20
-55.51256419745072
0
VERTEX
8
L7
10
-34.03302364713571
20
-55.51447812508208
0
VERTEX
8
L7
10
-34.02323418271921
20
-55.515119760479045
0
VERTEX
8
L7
10
-34.013444718302694
20
-55.51447812508208
0
VERTEX
8
L7
10
-34.00382275433651
20
-55.51256419745072
0
VERTEX
8
L7
10
-33.99453292529182
20
-55.50941072541739
0
VERTEX
8
L7
10
-33.9857341827192
20
-55.50507166576288
0
VERTEX
8
L7
10
-33.97757707554355
20
-55.49962126100089
0
VERTEX
8
L7
10
-33.97020117413021
20
-55.49315276906803
0
VERTEX
8
L7
10
-33.96373268219736
20
-55.4857768676547
0
VERTEX
8
L7
10
-33.95828227743537
20
-55.477619760479044
0
VERTEX
8
L7
10
-33.95394321778086
20
-55.46882101790643
0
VERTEX
8
L7
10
-33.95078974574753
20
-55.45953118886173
0
VERTEX
8
L7
10
-33.948875818116164
20
-55.44990922489555
0
VERTEX
8
L7
10
-33.948234182719204
20
-55.44011976047904
0
VERTEX
8
L7
10
-33.948875818116164
20
-55.43033029606254
0
VERTEX
8
L7
10
-33.95078974574753
20
-55.42070833209635
0
VERTEX
8
L7
10
-33.95394321778086
20
-55.411418503051664
0
VERTEX
8
L7
10
-33.95828227743537
20
-55.40261976047904
0
VERTEX
8
L7
10
-33.96373268219736
20
-55.39446265330339
0
VERTEX
8
L7
10
-33.97020117413021
20
-55.38708675189005
0
VERTEX
8
L7
10
-33.97757707554355
20
-55.3806182599572
0
VERTEX
8
L7
10
-33.9857341827192
20
-55.37516785519521
0
VERTEX
8
L7
10
-33.99453292529182
20
-55.370828795540696
0
VERTEX
8
L7
10
-34.00382275433651
20
-55.36767532350736
0
VERTEX
8
L7
10
-34.013444718302694
20
-55.36576139587601
0
VERTEX
8
L7
10
-34.02323418271921
20
-55.36511976047905
0
SEQEND
0
POLYLINE
8
L7
66
1
70
1
0
VERTEX
8
L7
10
-37.724550898203574
20
-54.29625748502994
0
VERTEX
8
L7
10
-37.73434036262009
20
-54.29689912042691
0
VERTEX
8
L7
10
-37.74396232658627
20
-54.298813048058264
0
VERTEX
8
L7
10
-37.75325215563096
20
-54.3019665200916
0
VERTEX
8
L7
10
-37.76205089820358
20
-54.30630557974611
0
VERTEX
8
L7
10
-37.77020800537923
20
-54.311755984508096
0
VERTEX
8
L7
10
-37.77758390679257
20
-54.31822447644095
0
VERTEX
8
L7
10
-37.78405239872542
20
-54.325600377854286
0
VERTEX
8
L7
10
-37.78950280348741
20
-54.33375748502994
0
VERTEX
8
L7
10
-37.79384186314192
20
-54.34255622760256
0
VERTEX
8
L7
10
-37.796995335175254
20
-54.351846056647254
0
VERTEX
8
L7
10
-37.79890926280662
20
-54.36146802061344
0
VERTEX
8
L7
10
-37.79955089820358
20
-54.37125748502994
0
VERTEX
8
L7
10
-37.79890926280662
20
-54.38104694944644
0
VERTEX
8
L7
10
-37.796995335175254
20
-54.39066891341263
0
VERTEX
8
L7
10
-37.79384186314192
20
-54.39995874245732
0
VERTEX
8
L7
10
-37.78950280348741
20
-54.408757485029945
0
VERTEX
8
L7
10
-37.78405239872542
20
-54.41691459220559
0
VERTEX
8
L7
10
-37.77758390679257
20
-54.42429049361893
0
VERTEX
8
L7
10
-37.77020800537923
20
-54.43075898555178
0
VERTEX
8
L7
10
-37.76205089820358
20
-54.43620939031378
0
VERTEX
8
L7
10
-37.75325215563096
20
-54.44054844996829
0
VERTEX
8
L7
10
-37.74396232658627
20
-54.44370192200162
0
VERTEX
8
L7
10
-37.73434036262009
20
-54.44561584963298
0
VERTEX
8
L7
10
-37.724550898203574
20
-54.44625748502994
0
VERTEX
8
L7
10
-37.714761433787075
20
-54.44561584963298
0
VERTEX
8
L7
10
-37.70513946982089
20
-54.44370192200162
0
VERTEX
8
L7
10
-37.6958496407762
20
-54.44054844996829
0
VERTEX
8
L7
10
-37.68705089820358
20
-54.43620939031378
0
VERTEX
8
L7
10
-37.67889379102793
20
-54.43075898555178
0
VERTEX
8
L7
10
-37.67151788961459
20
-54.42429049361893
0
VERTEX
8
L7
10
-37.66504939768174
20
-54.41691459220559
0
VERTEX
8
L7
10
-37.659598992919754
20
-54.408757485029945
0
VERTEX
8
L7
10
-37.65525993326523
20
-54.39995874245732
0
VERTEX
8
L7
10
-37.652106461231895
20
-54.39066891341263
0
VERTEX
8
L7
10
-37.650192533600546
20
-54.38104694944644
0
VERTEX
8
L7
10
-37.649550898203586
20
-54.37125748502994
0
VERTEX
8
L7
10
-37.650192533600546
20
-54.36146802061344
0
VERTEX
8
L7
10
-37.652106461231895
20
-54.351846056647254
0
VERTEX
8
L7
10
-37.65525993326523
20
-54.34255622760256
0
VERTEX
8
L7
10
-37.659598992919754
20
-54.33375748502994
0
VERTEX
8
L7
10
-37.66504939768174
20
-54.325600377854286
0
VERTEX
8
L7
10
-37.67151788961459
20
-54.31822447644095
0
VERTEX
8
L7
10
-37.67889379102793
20
-54.311755984508096
0
VERTEX
8
L7
10
-37.68705089820358
20
-54.30630557974611
0
VERTEX
8
L7
10
-37.6958496407762
20
-54.3019665200916
0
VERTEX
8
L7
10
-37.70513946982089
20
-54.298813048058264
0
VERTEX
8
L7
10
-37.714761433787075
20
-54.29689912042691
0
VERTEX
8
L7
10
-37.724550898203574
20
-54.29625748502994
0
SEQEND
0
POLYLINE
8
L7
66
1
70
1
0
VERTEX
8
L7
10
-37.724550898203574
20
-55.254341317365274
0
VERTEX
8
L7
10
-37.73434036262009
20
-55.254982952762234
0
VERTEX
8
L7
10
-37.74396232658627
20
-55.25689688039359
0
VERTEX
8
L7
10
-37.75325215563096
20
-55.26005035242692
0
VERTEX
8
L7
10
-37.76205089820358
20
-55.264389412081435
0
VERTEX
8
L7
10
-37.77020800537923
20
-55.26983981684343
0
VERTEX
8
L7
10
-37.77758390679257
20
-55.27630830877628
0
VERTEX
8
L7
10
-37.78405239872542
20
-55.28368421018962
0
VERTEX
8
L7
10
-37.78950280348741
20
-55.29184131736527
0
VERTEX
8
L7
10
-37.79384186314192
20
-55.30064005993789
0
VERTEX
8
L7
10
-37.796995335175254
20
-55.30992988898258
0
VERTEX
8
L7
10
-37.79890926280662
20
-55.31955185294877
0
VERTEX
8
L7
10
-37.79955089820358
20
-55.32934131736527
0
VERTEX
8
L7
10
-37.79890926280662
20
-55.339130781781776
0
VERTEX
8
L7
10
-37.796995335175254
20
-55.34875274574796
0
VERTEX
8
L7
10
-37.79384186314192
20
-55.358042574792655
0
VERTEX
8
L7
10
-37.78950280348741
20
-55.36684131736527
0
VERTEX
8
L7
10
-37.78405239872542
20
-55.37499842454093
0
VERTEX
8
L7
10
-37.77758390679257
20
-55.38237432595426
0
VERTEX
8
L7
10
-37.77020800537923
20
-55.38884281788712
0
VERTEX
8
L7
10
-37.76205089820358
20
-55.394293222649104
0
VERTEX
8
L7
10
-37.75325215563096
20
-55.398632282303616
0
VERTEX
8
L7
10
-37.74396232658627
20
-55.40178575433695
0
VERTEX
8
L7
10
-37.73434036262009
20
-55.403699681968305
0
VERTEX
8
L7
10
-37.724550898203574
20
-55.40434131736527
0
VERTEX
8
L7
10
-37.714761433787075
20
-55.403699681968305
0
VERTEX
8
L7
10
-37.70513946982089
20
-55.40178575433695
0
VERTEX
8
L7
10
-37.6958496407762
20
-55.398632282303616
0
VERTEX
8
L7
10
-37.68705089820358
20
-55.394293222649104
0
VERTEX
8
L7
10
-37.67889379102793
20
-55.38884281788712
0
VERTEX
8
L7
10
-37.67151788961459
20
-55.38237432595426
0
VERTEX
8
L7
10
-37.66504939768174
20
-55.37499842454093
0
VERTEX
8
L7
10
-37.659598992919754
20
-55.36684131736527
0
VERTEX
8
L7
10
-37.65525993326523
20
-55.358042574792655
0
VERTEX
8
L7
10
-37.652106461231895
20
-55.34875274574796
0
VERTEX
8
L7
10
-37.650192533600546
20
-55.339130781781776
0
VERTEX
8
L7
10
-37.649550898203586
20
-55.32934131736527
0
VERTEX
8
L7
10
-37.650192533600546
20
-55.31955185294877
0
VERTEX
8
L7
10
-37.652106461231895
20
-55.30992988898258
0
VERTEX
8
L7
10
-37.65525993326523
20
-55.30064005993789
0
VERTEX
8
L7
10
-37.659598992919754
20
-55.29184131736527
0
VERTEX
8
L7
10
-37.66504939768174
20
-55.28368421018962
0
VERTEX
8
L7
10
-37.67151788961459
20
-55.27630830877628
0
VERTEX
8
L7
10
-37.67889379102793
20
-55.26983981684343
0
VERTEX
8
L7
10
-37.68705089820358
20
-55.264389412081435
0
VERTEX
8
L7
10
-37.6958496407762
20
-55.26005035242692
0
VERTEX
8
L7
10
-37.70513946982089
20
-55.25689688039359
0
VERTEX
8
L7
10
-37.714761433787075
20
-55.254982952762234
0
VERTEX
8
L7
10
-37.724550898203574
20
-55.254341317365274
0
SEQEND
0
POLYLINE
8
L7
66
1
70
1
0
VERTEX
8
L7
10
-37.724550898203574
20
-56.2124251497006
0
VERTEX
8
L7
10
-37.73434036262009
20
-56.21306678509757
0
VERTEX
8
L7
10
-37.74396232658627
20
-56.21498071272892
0
VERTEX
8
L7
10
-37.75325215563096
20
-56.218134184762256
0
VERTEX
8
L7
10
-37.76205089820358
20
-56.22247324441677
0
VERTEX
8
L7
10
-37.77020800537923
20
-56.227923649178756
0
VERTEX
8
L7
10
-37.77758390679257
20
-56.234392141111606
0
VERTEX
8
L7
10
-37.78405239872542
20
-56.241768042524946
0
VERTEX
8
L7
10
-37.78950280348741
20
-56.2499251497006
0
VERTEX
8
L7
10
-37.79384186314192
20
-56.25872389227322
0
VERTEX
8
L7
10
-37.796995335175254
20
-56.268013721317914
0
VERTEX
8
L7
10
-37.79890926280662
20
-56.277635685284096
0
VERTEX
8
L7
10
-37.79955089820358
20
-56.2874251497006
0
VERTEX
8
L7
10
-37.79890926280662
20
-56.2972146141171
0
VERTEX
8
L7
10
-37.796995335175254
20
-56.30683657808329
0
VERTEX
8
L7
10
-37.79384186314192
20
-56.31612640712798
0
VERTEX
8
L7
10
-37.78950280348741
20
-56.3249251497006
0
VERTEX
8
L7
10
-37.78405239872542
20
-56.33308225687625
0
VERTEX
8
L7
10
-37.77758390679257
20
-56.34045815828959
0
VERTEX
8
L7
10
-37.77020800537923
20
-56.34692665022244
0
VERTEX
8
L7
10
-37.76205089820358
20
-56.35237705498443
0
VERTEX
8
L7
10
-37.75325215563096
20
-56.35671611463895
0
VERTEX
8
L7
10
-37.74396232658627
20
-56.35986958667228
0
VERTEX
8
L7
10
-37.73434036262009
20
-56.36178351430364
0
VERTEX
8
L7
10
-37.724550898203574
20
-56.3624251497006
0
VERTEX
8
L7
10
-37.714761433787075
20
-56.36178351430364
0
VERTEX
8
L7
10
-37.70513946982089
20
-56.35986958667228
0
VERTEX
8
L7
10
-37.6958496407762
20
-56.35671611463895
0
VERTEX
8
L7
10
-37.68705089820358
20
-56.35237705498443
0
VERTEX
8
L7
10
-37.67889379102793
20
-56.34692665022244
0
VERTEX
8
L7
10
-37.67151788961459
20
-56.34045815828959
0
VERTEX
8
L7
10
-37.66504939768174
20
-56.33308225687625
0
VERTEX
8
L7
10
-37.659598992919754
20
-56.3249251497006
0
VERTEX
8
L7
10
-37.65525993326523
20
-56.31612640712798
0
VERTEX
8
L7
10
-37.652106461231895
20
-56.30683657808329
0
VERTEX
8
L7
10
-37.650192533600546
20
-56.2972146141171
0
VERTEX
8
L7
10
-37.649550898203586
20
-56.2874251497006
0
VERTEX
8
L7
10
-37.650192533600546
20
-56.277635685284096
0
VERTEX
8
L7
10
-37.652106461231895
20
-56.268013721317914
0
VERTEX
8
L7
10
-37.65525993326523
20
-56.25872389227322
0
VERTEX
8
L7
10
-37.659598992919754
20
-56.2499251497006
0
VERTEX
8
L7
10
-37.66504939768174
20
-56.241768042524946
0
VERTEX
8
L7
10
-37.67151788961459
20
-56.234392141111606
0
VERTEX
8
L7
10
-37.67889379102793
20
-56.227923649178756
0
VERTEX
8
L7
10
-37.68705089820358
20
-56.22247324441677
0
VERTEX
8
L7
10
-37.6958496407762
20
-56.218134184762256
0
VERTEX
8
L7
10
-37.70513946982089
20
-56.21498071272892
0
VERTEX
8
L7
10
-37.714761433787075
20
-56.21306678509757
0
VERTEX
8
L7
10
-37.724550898203574
20
-56.2124251497006
0
SEQEND
0
POLYLINE
8
L7
66
1
70
1
0
VERTEX
8
L7
10
-25.140949530760565
20
-55.985063635767126
0
VERTEX
8
L7
10
-25.111914156093732
20
-55.98174434533045
0
VERTEX
8
L7
10
-25.08523020035419
20
-55.9698264102267
0
VERTEX
8
L7
10
-25.063380436445655
20
-55.95041871875687
0
VERTEX
8
L7
10
-25.048397846371017
20
-55.92532703356631
0
VERTEX
8
L7
10
-25.04167646514621
20
-55.89688597687923
0
VERTEX
8
L7
10
-25.043841674680237
20
-55.86774180870238
0
VERTEX
8
L7
10
-25.054692015953535
20
-55.840606209108856
0
VERTEX
8
L7
10
-25.07321793350242
20
-55.81800397359954
0
VERTEX
8
L7
10
-25.097695708154376
20
-55.80203809688904
0
VERTEX
8
L7
10
-25.125847838168596
20
-55.79419410258068
0
VERTEX
8
L7
10
-25.155054946333408
20
-55.79520182461346
0
VERTEX
8
L7
10
-25.182599496408898
20
-55.804967500841244
0
VERTEX
8
L7
10
-25.205918642644605
20
-55.822582497006
0
VERTEX
8
L7
10
-25.22284268632808
20
-55.84640784939473
0
VERTEX
8
L7
10
-25.231796952493994
20
-55.8742267600218
0
VERTEX
8
L7
10
-25.231948303446202
20
-55.9034508556269
0
VERTEX
8
L7
10
-25.22328265693818
20
-55.931361019396476
0
VERTEX
8
L7
10
-25.206606296436775
20
-55.95536038754387
0
VERTEX
8
L7
10
-25.24548496953153
20
-56.01591121176228
0
VERTEX
8
L7
10
-25.291924207061996
20
-56.07087802677579
0
VERTEX
8
L7
10
-25.345131689213375
20
-56.11932302010067
0
VERTEX
8
L7
10
-25.40419962023701
20
-56.16041965085949
0
VERTEX
8
L7
10
-25.468120216744182
20
-56.19346675175057
0
VERTEX
8
L7
10
-25.535802901932243
20
-56.217900491965125
0
VERTEX
8
L7
10
-25.606092912384682
20
-56.23330399694728
0
VERTEX
8
L7
10
-25.677790999986684
20
-56.23941446087025
0
VERTEX
8
L7
10
-25.749673892813306
20
-56.236127630479665
0
VERTEX
8
L7
10
-25.8205151658981
20
-56.22349958380316
0
VERTEX
8
L7
10
-25.889106165797287
20
-56.201745773379066
0
VERTEX
8
L7
10
-25.95427663194623
20
-56.1712373503279
0
VERTEX
8
L7
10
-26.014914662978455
20
-56.13249483198341
0
VERTEX
8
L7
10
-26.069985687353395
20
-56.08617922112234
0
VERTEX
8
L7
10
-26.1185501146266
20
-56.033080728311674
0
VERTEX
8
L7
10
-26.159779366206607
20
-55.97410528978604
0
VERTEX
8
L7
10
-26.192970012090854
20
-55.91025911087982
0
VERTEX
8
L7
10
-26.21755577238767
20
-55.84263149872497
0
VERTEX
8
L7
10
-26.23311717886112
20
-55.77237627711329
0
VERTEX
8
L7
10
-26.23938873165916
20
-55.700692100612194
0
VERTEX
8
L7
10
-26.236263429120783
20
-55.62880200380337
0
VERTEX
8
L7
10
-26.223794593377434
20
-55.55793253456348
0
VERTEX
8
L7
10
-26.202194960601204
20
-55.48929282740304
0
VERTEX
8
L7
10
-26.1718330514214
20
-55.42405397390226
0
VERTEX
8
L7
10
-26.133226883435597
20
-55.36332904221362
0
VERTEX
8
L7
10
-26.087035133088378
20
-55.30815408652719
0
VERTEX
8
L7
10
-26.034045897709206
20
-55.259470470504255
0
VERTEX
8
L7
10
-25.975163249444634
20
-55.21810880626683
0
VERTEX
8
L7
10
-25.911391810494507
20
-55.18477478296677
0
VERTEX
8
L7
10
-25.843819612820212
20
-55.16003712671957
0
VERTEX
8
L7
10
-25.773599534763235
20
-55.14431789732332
0
VERTEX
8
L7
10
-25.70192963129172
20
-55.13788528731487
0
VERTEX
8
L7
10
-25.63003269346902
20
-55.140849046221604
0
VERTEX
8
L7
10
-25.559135385889277
20
-55.15315860807747
0
VERTEX
8
L7
10
-25.490447318024934
20
-55.174603954150726
0
VERTEX
8
L7
10
-25.425140406558953
20
-55.20481919616388
0
VERTEX
8
L7
10
-25.364328880810064
20
-55.24328881887102
0
VERTEX
8
L7
10
-25.30905027238684
20
-55.2893564754853
0
VERTEX
8
L7
10
-25.26024771341453
20
-55.34223618589386
0
VERTEX
8
L7
10
-25.27250327598439
20
-55.36876676932399
0
VERTEX
8
L7
10
-25.27619072277338
20
-55.39775768871654
0
VERTEX
8
L7
10
-25.270966960236436
20
-55.426511522826175
0
VERTEX
8
L7
10
-25.257318026358632
20
-55.452352909690006
0
VERTEX
8
L7
10
-25.23651386790226
20
-55.47287747209628
0
VERTEX
8
L7
10
-25.210490179912085
20
-55.48617552964004
0
VERTEX
8
L7
10
-25.181668301563874
20
-55.491009782377304
0
VERTEX
8
L7
10
-25.152729925905504
20
-55.486930433740326
0
VERTEX
8
L7
10
-25.126367585320978
20
-55.474317041256455
0
VERTEX
8
L7
10
-25.105034128462876
20
-55.45434320112667
0
VERTEX
8
L7
10
-25.090714498236466
20
-55.428867352539704
0
VERTEX
8
L7
10
-25.084741045447004
20
-55.4002598616882
0
VERTEX
8
L7
10
-25.08766956200452
20
-55.37118247422269
0
VERTEX
8
L7
10
-25.099227568010292
20
-55.34434065669449
0
VERTEX
8
L7
10
-25.118339664283937
20
-55.322231870045876
0
VERTEX
8
L7
10
-25.143227591439015
20
-55.30691319670349
0
VERTEX
8
L7
10
-25.17157568564467
20
-55.29980994210054
0
VERTEX
8
L7
10
-25.200746336463652
20
-55.30158301904277
0
VERTEX
8
L7
10
-25.251394321754844
20
-55.2451653679361
0
VERTEX
8
L7
10
-25.30852274334906
20
-55.19532047635627
0
VERTEX
8
L7
10
-25.371284865147913
20
-55.1527871266439
0
VERTEX
8
L7
10
-25.43875045045567
20
-55.1181957322006
0
VERTEX
8
L7
10
-25.509919549599573
20
-55.09205899373734
0
VERTEX
8
L7
10
-25.583737320809917
20
-55.07476430021628
0
VERTEX
8
L7
10
-25.659109664690277
20
-55.06656798711643
0
VERTEX
8
L7
10
-25.734919440549533
20
-55.06759153712506
0
VERTEX
8
L7
10
-25.810043024243356
20
-55.077819779566774
0
VERTEX
8
L7
10
-25.883366962111097
20
-55.09710111525754
0
VERTEX
8
L7
10
-25.953804474169388
20
-55.12514976345111
0
VERTEX
8
L7
10
-26.020311561958735
20
-55.16154999757441
0
VERTEX
8
L7
10
-26.081902482298105
20
-55.20576230697122
0
VERTEX
8
L7
10
-26.137664357601736
20
-55.25713139332745
0
VERTEX
8
L7
10
-26.18677070620926
20
-55.31489588325756
0
VERTEX
8
L7
10
-26.22849369218781
20
-55.378199613096214
0
VERTEX
8
L7
10
-26.262214913043934
20
-55.44610431863584
0
VERTEX
8
L7
10
-26.287434565454106
20
-55.517603541727844
0
VERTEX
8
L7
10
-26.30377885316267
20
-55.59163754762885
0
VERTEX
8
L7
10
-26.311005527250103
20
-55.66710903199271
0
VERTEX
8
L7
10
-26.30900747665592
20
-55.74289938470513
0
VERTEX
8
L7
10
-26.297814315738748
20
-55.81788526950442
0
VERTEX
8
L7
10
-26.277591945343346
20
-55.890955273651414
0
VERTEX
8
L7
10
-26.248640093880383
20
-55.96102638087342
0
VERTEX
8
L7
10
-26.211387874864045
20
-56.02706002342635
0
VERTEX
8
L7
10
-26.16638742675194
20
-56.088077475357416
0
VERTEX
8
L7
10
-26.114305729355436
20
-56.14317435881511
0
VERTEX
8
L7
10
-26.05591471811441
20
-56.19153404839951
0
VERTEX
8
L7
10
-25.992079842758713
20
-56.23243977487851
0
VERTEX
8
L7
10
-25.923747239936148
20
-56.265285248873305
0
VERTEX
8
L7
10
-25.851929709928783
20
-56.28958364705283
0
VERTEX
8
L7
10
-25.77769170530604
20
-56.304974827647065
0
VERTEX
8
L7
10
-25.70213355400682
20
-56.31123066833366
0
VERTEX
8
L7
10
-25.626375150690336
20
-56.308258447381704
0
VERTEX
8
L7
10
-25.551539358076283
20
-56.296102217938504
0
VERTEX
8
L7
10
-25.47873536429357
20
-56.27494215509034
0
VERTEX
8
L7
10
-25.409042242908782
20
-56.24509188537472
0
VERTEX
8
L7
10
-25.343492959301287
20
-56.20699383832512
0
VERTEX
8
L7
10
-25.283059060436727
20
-56.16121268894592
0
VERTEX
8
L7
10
-25.228636274961346
20
-56.10842698831072
0
VERTEX
8
L7
10
-25.181031237046852
20
-56.04941910633203
0
VERTEX
8
L7
10
-25.140949530760565
20
-55.985063635767126
0
SEQEND
0
POLYLINE
8
L7
66
1
70
1
0
VERTEX
8
L7
10
-29.071635875898934
20
-53.25647419100409
0
VERTEX
8
L7
10
-29.10068940528653
20
-53.248402351366984
0
VERTEX
8
L7
10
-29.1308127808679
20
-53.249760441417926
0
VERTEX
8
L7
10
-29.15902209254743
20
-53.26041393378289
0
VERTEX
8
L7
10
-29.182523030315465
20
-53.279307532937786
0
VERTEX
8
L7
10
-29.198987678255904
20
-53.30456970887733
0
VERTEX
8
L7
10
-29.206785109280986
20
-53.33369808395065
0
VERTEX
8
L7
10
-29.205142938732408
20
-53.36380730912986
0
VERTEX
8
L7
10
-29.194223833946864
20
-53.3919148760058
0
VERTEX
8
L7
10
-29.175109401031776
20
-53.4152365530325
0
VERTEX
8
L7
10
-29.149693044967407
20
-53.431462181199436
0
VERTEX
8
L7
10
-29.120492415917127
20
-53.43898450983298
0
VERTEX
8
L7
10
-29.09040002012037
20
-53.43705840489953
0
VERTEX
8
L7
10
-29.062396698929973
20
-53.42587465922511
0
VERTEX
8
L7
10
-29.039256357700097
20
-53.40654109326412
0
VERTEX
8
L7
10
-29.02327119298839
20
-53.3809728185053
0
VERTEX
8
L7
10
-29.016024636048584
20
-53.35170253361565
0
VERTEX
8
L7
10
-29.01823450399094
20
-53.32162964468425
0
VERTEX
8
L7
10
-28.9648921009381
20
-53.29243724015902
0
VERTEX
8
L7
10
-28.907702796543916
20
-53.271773457632
0
VERTEX
8
L7
10
-28.84802047278079
20
-53.26012748512433
0
VERTEX
8
L7
10
-28.787258030593634
20
-53.25777502580106
0
VERTEX
8
L7
10
-28.72685394131811
20
-53.26477177105943
0
VERTEX
8
L7
10
-28.668238192753478
20
-53.28095208210787
0
VERTEX
8
L7
10
-28.612798436071998
20
-53.30593291124771
0
VERTEX
8
L7
10
-28.561847134992576
20
-53.339122870026365
0
VERTEX
8
L7
10
-28.516590494919072
20
-53.37973622958542
0
VERTEX
8
L7
10
-28.4780999076052
20
-53.426811521763476
0
VERTEX
8
L7
10
-28.44728658735626
20
-53.47923430059721
0
VERTEX
8
L7
10
-28.424879999222327
20
-53.53576352537177
0
VERTEX
8
L7
10
-28.411410589867543
20
-53.59506094063625
0
VERTEX
8
L7
10
-28.407197229939072
20
-53.655722757650985
0
VERTEX
8
L7
10
-28.412339665221765
20
-53.716312887249615
0
VERTEX
8
L7
10
-28.426716155287096
20
-53.7753969373716
0
VERTEX
8
L7
10
-28.4499863555386
20
-53.831576170417904
0
VERTEX
8
L7
10
-28.48159937442496
20
-53.88352061653398
0
VERTEX
8
L7
10
-28.520806815076924
20
-53.93000055890635
0
VERTEX
8
L7
10
-28.56668049262413
20
-53.969915645699565
0
VERTEX
8
L7
10
-28.618134407757836
20
-54.00232093944657
0
VERTEX
8
L7
10
-28.67395045634389
20
-54.02644928720712
0
VERTEX
8
L7
10
-28.73280726644478
20
-54.041729481910195
0
VERTEX
8
L7
10
-28.793311480071708
20
-54.04779978493415
0
VERTEX
8
L7
10
-28.854030739112375
20
-54.04451648979543
0
VERTEX
8
L7
10
-28.91352759453561
20
-54.03195732421158
0
VERTEX
8
L7
10
-28.970393536116845
20
-54.01041960999921
0
VERTEX
8
L7
10
-29.023282337075287
20
-53.9804132243689
0
VERTEX
8
L7
10
-29.070941924231832
20
-53.94264852924921
0
VERTEX
8
L7
10
-29.112244019203885
20
-53.898019554397266
0
VERTEX
8
L7
10
-29.146210848920063
20
-53.84758283241371
0
VERTEX
8
L7
10
-29.172038293118717
20
-53.792532386715415
0
VERTEX
8
L7
10
-29.189114920843238
20
-53.73417146459303
0
VERTEX
8
L7
10
-29.17599820538372
20
-53.72441703535559
0
VERTEX
8
L7
10
-29.164730562893425
20
-53.712574850299404
0
VERTEX
8
L7
10
-28.877185604771228
20
-53.712574850299404
0
VERTEX
8
L7
10
-28.855488673920448
20
-53.732446290022466
0
VERTEX
8
L7
10
-28.828784867433342
20
-53.74479690312913
0
VERTEX
8
L7
10
-28.799592435715326
20
-53.748461989130796
0
VERTEX
8
L7
10
-28.77066431412203
20
-53.74309591923804
0
VERTEX
8
L7
10
-28.7447285127581
20
-53.729204730209666
0
VERTEX
8
L7
10
-28.724230856803217
20
-53.70809840354286
0
VERTEX
8
L7
10
-28.711104337737197
20
-53.681767330222165
0
VERTEX
8
L7
10
-28.70658682634729
20
-53.65269461077845
0
VERTEX
8
L7
10
-28.711104337737197
20
-53.623621891334736
0
VERTEX
8
L7
10
-28.724230856803217
20
-53.59729081801404
0
VERTEX
8
L7
10
-28.7447285127581
20
-53.57618449134723
0
VERTEX
8
L7
10
-28.77066431412203
20
-53.56229330231886
0
VERTEX
8
L7
10
-28.799592435715326
20
-53.5569272324261
0
VERTEX
8
L7
10
-28.828784867433342
20
-53.560592318427766
0
VERTEX
8
L7
10
-28.855488673920448
20
-53.57294293153443
0
VERTEX
8
L7
10
-28.877185604771228
20
-53.59281437125749
0
VERTEX
8
L7
10
-29.164730562893425
20
-53.59281437125749
0
VERTEX
8
L7
10
-29.186302498903856
20
-53.57302628645608
0
VERTEX
8
L7
10
-29.212842575672525
20
-53.56067553552912
0
VERTEX
8
L7
10
-29.241873178492938
20
-53.55691510693253
0
VERTEX
8
L7
10
-29.270684192804637
20
-53.5620960506378
0
VERTEX
8
L7
10
-29.29658600344979
20
-53.57573470631383
0
VERTEX
8
L7
10
-29.31716058023433
20
-53.59655785481456
0
VERTEX
8
L7
10
-29.330487210024486
20
-53.622621577913584
0
VERTEX
8
L7
10
-29.335321802449144
20
-53.651492730288126
0
VERTEX
8
L7
10
-29.33121303035523
20
-53.680476082668875
0
VERTEX
8
L7
10
-29.31854446287305
20
-53.706865931499365
0
VERTEX
8
L7
10
-29.298498757813988
20
-53.728198686408916
0
VERTEX
8
L7
10
-29.27294725617257
20
-53.742482855520755
0
VERTEX
8
L7
10
-29.256061230405663
20
-53.80653965942984
0
VERTEX
8
L7
10
-29.23049966269501
20
-53.867654455096854
0
VERTEX
8
L7
10
-29.196751371780934
20
-53.924658532614394
0
VERTEX
8
L7
10
-29.15546173267481
20
-53.976461792123175
0
VERTEX
8
L7
10
-29.10742033502953
20
-54.02207358999977
0
VERTEX
8
L7
10
-29.053545883665763
20
-54.06062168312382
0
VERTEX
8
L7
10
-28.994868630004262
20
-54.091368908949754
0
VERTEX
8
L7
10
-28.932510670371215
20
-54.11372728240692
0
VERTEX
8
L7
10
-28.86766448793594
20
-54.127269240050374
0
VERTEX
8
L7
10
-28.801570148627505
20
-54.131735816438265
0
VERTEX
8
L7
10
-28.735491587117224
20
-54.127041596377424
0
VERTEX
8
L7
10
-28.670692436354557
20
-54.11327634833444
0
VERTEX
8
L7
10
-28.60841186287294
20
-54.09070330777612
0
VERTEX
8
L7
10
-28.549840869971533
20
-54.05975414326737
0
VERTEX
8
L7
10
-28.496099521931697
20
-54.021020701590835
0
VERTEX
8
L7
10
-28.448215524813932
20
-53.97524368974785
0
VERTEX
8
L7
10
-28.40710457343856
20
-53.92329851027701
0
VERTEX
8
L7
10
-28.37355284037885
20
-53.866178520764244
0
VERTEX
8
L7
10
-28.348201941832826
20
-53.804976037676084
0
VERTEX
8
L7
10
-28.331536667874133
20
-53.74086144778324
0
VERTEX
8
L7
10
-28.323875711718898
20
-53.67506082663089
0
VERTEX
8
L7
10
-28.325365575294555
20
-53.608832492061964
0
VERTEX
8
L7
10
-28.335977767655464
20
-53.54344294116473
0
VERTEX
8
L7
10
-28.35550934982068
20
-53.480142630807116
0
VERTEX
8
L7
10
-28.383586815614933
20
-53.42014206491128
0
VERTEX
8
L7
10
-28.41967323429843
20
-53.364588645755966
0
VERTEX
8
L7
10
-28.463078518396003
20
-53.314544731983595
0
VERTEX
8
L7
10
-28.5129726203716
20
-53.270967322913116
0
VERTEX
8
L7
10
-28.568401405785878
20
-53.2346897576593
0
VERTEX
8
L7
10
-28.628304899391225
20
-53.20640577902968
0
VERTEX
8
L7
10
-28.69153755524087
20
-53.18665626694842
0
VERTEX
8
L7
10
-28.756890163182717
20
-53.175818895106225
0
VERTEX
8
L7
10
-28.823112972816034
20
-53.174100908634216
0
VERTEX
8
L7
10
-28.888939592706933
20
-53.18153516091576
0
VERTEX
8
L7
10
-28.953111207833672
20
-53.1979794853249
0
VERTEX
8
L7
10
-29.014400652146605
20
-53.22311941390591
0
VERTEX
8
L7
10
-29.071635875898934
20
-53.25647419100409
0
SEQEND
0
POLYLINE
8
L7
66
1
70
1
0
VERTEX
8
L7
10
-28.203592814371248
20
-55.59281437125749
0
VERTEX
8
L7
10
-28.216098317817483
20
-55.5936340252576
0
VERTEX
8
L7
10
-28.22838984863256
20
-55.59607896275075
0
VERTEX
8
L7
10
-28.24025709531641
20
-55.60010735017856
0
VERTEX
8
L7
10
-28.251497005988014
20
-55.605650260715265
0
VERTEX
8
L7
10
-28.26191726265951
20
-55.612612853624796
0
VERTEX
8
L7
10
-28.27133957185019
20
-55.62087599701207
0
VERTEX
8
L7
10
-28.279602715237473
20
-55.63029830620276
0
VERTEX
8
L7
10
-28.286565308147004
20
-55.640718562874255
0
VERTEX
8
L7
10
-28.29210821868371
20
-55.65195847354586
0
VERTEX
8
L7
10
-28.296136606111517
20
-55.6638257202297
0
VERTEX
8
L7
10
-28.29858154360467
20
-55.676117251044786
0
VERTEX
8
L7
10
-28.29940119760478
20
-55.68862275449102
0
VERTEX
8
L7
10
-28.29858154360467
20
-55.70112825793725
0
VERTEX
8
L7
10
-28.296136606111517
20
-55.71341978875234
0
VERTEX
8
L7
10
-28.29210821868371
20
-55.725287035436175
0
VERTEX
8
L7
10
-28.286565308147004
20
-55.73652694610779
0
VERTEX
8
L7
10
-28.279602715237473
20
-55.74694720277928
0
VERTEX
8
L7
10
-28.27133957185019
20
-55.75636951196997
0
VERTEX
8
L7
10
-28.26191726265951
20
-55.76463265535725
0
VERTEX
8
L7
10
-28.251497005988014
20
-55.77159524826677
0
VERTEX
8
L7
10
-28.24025709531641
20
-55.777138158803474
0
VERTEX
8
L7
10
-28.22838984863256
20
-55.78116654623129
0
VERTEX
8
L7
10
-28.216098317817483
20
-55.783611483724435
0
VERTEX
8
L7
10
-28.203592814371248
20
-55.78443113772455
0
VERTEX
8
L7
10
-28.191087310925013
20
-55.783611483724435
0
VERTEX
8
L7
10
-28.178795780109922
20
-55.78116654623129
0
VERTEX
8
L7
10
-28.166928533426088
20
-55.777138158803474
0
VERTEX
8
L7
10
-28.155688622754482
20
-55.77159524826677
0
VERTEX
8
L7
10
-28.145268366082988
20
-55.76463265535725
0
VERTEX
8
L7
10
-28.13584605689229
20
-55.75636951196997
0
VERTEX
8
L7
10
-28.127582913505023
20
-55.74694720277928
0
VERTEX
8
L7
10
-28.120620320595492
20
-55.73652694610779
0
VERTEX
8
L7
10
-28.115077410058788
20
-55.725287035436175
0
VERTEX
8
L7
10
-28.11104902263098
20
-55.71341978875234
0
VERTEX
8
L7
10
-28.108604085137827
20
-55.70112825793725
0
VERTEX
8
L7
10
-28.107784431137716
20
-55.68862275449102
0
VERTEX
8
L7
10
-28.108604085137827
20
-55.676117251044786
0
VERTEX
8
L7
10
-28.11104902263098
20
-55.6638257202297
0
VERTEX
8
L7
10
-28.115077410058788
20
-55.65195847354586
0
VERTEX
8
L7
10
-28.120620320595492
20
-55.640718562874255
0
VERTEX
8
L7
10
-28.127582913505023
20
-55.63029830620276
0
VERTEX
8
L7
10
-28.13584605689229
20
-55.62087599701207
0
VERTEX
8
L7
10
-28.145268366082988
20
-55.612612853624796
0
VERTEX
8
L7
10
-28.155688622754482
20
-55.605650260715265
0
VERTEX
8
L7
10
-28.166928533426088
20
-55.60010735017856
0
VERTEX
8
L7
10
-28.178795780109922
20
-55.59607896275075
0
VERTEX
8
L7
10
-28.191087310925013
20
-55.5936340252576
0
VERTEX
8
L7
10
-28.203592814371248
20
-55.59281437125749
0
SEQEND
0
POLYLINE
8
L7
66
1
70
1
0
VERTEX
8
L7
10
-28.69146923239859
20
-55.30158301904277
0
VERTEX
8
L7
10
-28.720639883217586
20
-55.29980994210054
0
VERTEX
8
L7
10
-28.74898797742324
20
-55.30691319670349
0
VERTEX
8
L7
10
-28.77387590457832
20
-55.322231870045876
0
VERTEX
8
L7
10
-28.79298800085195
20
-55.34434065669449
0
VERTEX
8
L7
10
-28.804546006857734
20
-55.37118247422269
0
VERTEX
8
L7
10
-28.80747452341525
20
-55.4002598616882
0
VERTEX
8
L7
10
-28.80150107062579
20
-55.428867352539704
0
VERTEX
8
L7
10
-28.78718144039938
20
-55.45434320112667
0
VERTEX
8
L7
10
-28.765847983541278
20
-55.474317041256455
0
VERTEX
8
L7
10
-28.73948564295675
20
-55.48693043374032
0
VERTEX
8
L7
10
-28.71054726729838
20
-55.491009782377304
0
VERTEX
8
L7
10
-28.68172538895017
20
-55.486175529640036
0
VERTEX
8
L7
10
-28.655701700959995
20
-55.47287747209628
0
VERTEX
8
L7
10
-28.634897542503623
20
-55.452352909690006
0
VERTEX
8
L7
10
-28.62124860862582
20
-55.426511522826175
0
VERTEX
8
L7
10
-28.616024846088862
20
-55.39775768871654
0
VERTEX
8
L7
10
-28.619712292877864
20
-55.36876676932399
0
VERTEX
8
L7
10
-28.631967855447726
20
-55.34223618589386
0
VERTEX
8
L7
10
-28.583165296475414
20
-55.2893564754853
0
VERTEX
8
L7
10
-28.52788668805219
20
-55.24328881887102
0
VERTEX
8
L7
10
-28.467075162303303
20
-55.204819196163875
0
VERTEX
8
L7
10
-28.40176825083732
20
-55.174603954150726
0
VERTEX
8
L7
10
-28.333080182972964
20
-55.15315860807747
0
VERTEX
8
L7
10
-28.262182875393236
20
-55.140849046221604
0
VERTEX
8
L7
10
-28.190285937570536
20
-55.137885287314866
0
VERTEX
8
L7
10
-28.118616034099006
20
-55.14431789732332
0
VERTEX
8
L7
10
-28.048395956042043
20
-55.16003712671957
0
VERTEX
8
L7
10
-27.980823758367748
20
-55.18477478296677
0
VERTEX
8
L7
10
-27.91705231941762
20
-55.21810880626683
0
VERTEX
8
L7
10
-27.85816967115305
20
-55.259470470504255
0
VERTEX
8
L7
10
-27.805180435773863
20
-55.30815408652719
0
VERTEX
8
L7
10
-27.758988685426658
20
-55.36332904221362
0
VERTEX
8
L7
10
-27.72038251744084
20
-55.42405397390226
0
VERTEX
8
L7
10
-27.69002060826105
20
-55.48929282740304
0
VERTEX
8
L7
10
-27.66842097548482
20
-55.55793253456348
0
VERTEX
8
L7
10
-27.655952139741473
20
-55.62880200380337
0
VERTEX
8
L7
10
-27.65282683720308
20
-55.700692100612194
0
VERTEX
8
L7
10
-27.65909839000112
20
-55.772376277113295
0
VERTEX
8
L7
10
-27.674659796474586
20
-55.84263149872498
0
VERTEX
8
L7
10
-27.6992455567714
20
-55.91025911087982
0
VERTEX
8
L7
10
-27.73243620265565
20
-55.97410528978604
0
VERTEX
8
L7
10
-27.773665454235655
20
-56.033080728311674
0
VERTEX
8
L7
10
-27.82222988150886
20
-56.08617922112235
0
VERTEX
8
L7
10
-27.8773009058838
20
-56.13249483198341
0
VERTEX
8
L7
10
-27.937938936916026
20
-56.1712373503279
0
VERTEX
8
L7
10
-28.003109403064954
20
-56.201745773379066
0
VERTEX
8
L7
10
-28.071700402964154
20
-56.22349958380316
0
VERTEX
8
L7
10
-28.14254167604895
20
-56.236127630479665
0
VERTEX
8
L7
10
-28.214424568875557
20
-56.23941446087025
0
VERTEX
8
L7
10
-28.286122656477573
20
-56.23330399694728
0
VERTEX
8
L7
10
-28.356412666929998
20
-56.217900491965125
0
VERTEX
8
L7
10
-28.42409535211806
20
-56.19346675175057
0
VERTEX
8
L7
10
-28.488015948625247
20
-56.16041965085949
0
VERTEX
8
L7
10
-28.54708387964888
20
-56.11932302010068
0
VERTEX
8
L7
10
-28.60029136180026
20
-56.07087802677579
0
VERTEX
8
L7
10
-28.64673059933071
20
-56.01591121176228
0
VERTEX
8
L7
10
-28.68560927242548
20
-55.95536038754387
0
VERTEX
8
L7
10
-28.668932911924074
20
-55.931361019396476
0
VERTEX
8
L7
10
-28.660267265416053
20
-55.9034508556269
0
VERTEX
8
L7
10
-28.66041861636826
20
-55.8742267600218
0
VERTEX
8
L7
10
-28.669372882534176
20
-55.84640784939473
0
VERTEX
8
L7
10
-28.686296926217636
20
-55.822582497006
0
VERTEX
8
L7
10
-28.709616072453358
20
-55.804967500841244
0
VERTEX
8
L7
10
-28.737160622528833
20
-55.79520182461346
0
VERTEX
8
L7
10
-28.76636773069366
20
-55.79419410258068
0
VERTEX
8
L7
10
-28.79451986070788
20
-55.80203809688904
0
VERTEX
8
L7
10
-28.818997635359835
20
-55.81800397359954
0
VERTEX
8
L7
10
-28.83752355290872
20
-55.840606209108856
0
VERTEX
8
L7
10
-28.848373894182018
20
-55.86774180870238
0
VERTEX
8
L7
10
-28.850539103716045
20
-55.89688597687923
0
VERTEX
8
L7
10
-28.843817722491238
20
-55.92532703356631
0
VERTEX
8
L7
10
-28.8288351324166
20
-55.95041871875687
0
VERTEX
8
L7
10
-28.806985368508066
20
-55.9698264102267
0
VERTEX
8
L7
10
-28.780301412768523
20
-55.98174434533045
0
VERTEX
8
L7
10
-28.751266038101676
20
-55.985063635767126
0
VERTEX
8
L7
10
-28.711184331815403
20
-56.04941910633203
0
VERTEX
8
L7
10
-28.66357929390091
20
-56.10842698831072
0
VERTEX
8
L7
10
-28.609156508425514
20
-56.16121268894592
0
VERTEX
8
L7
10
-28.54872260956097
20
-56.20699383832512
0
VERTEX
8
L7
10
-28.483173325953473
20
-56.24509188537472
0
VERTEX
8
L7
10
-28.413480204568685
20
-56.27494215509034
0
VERTEX
8
L7
10
-28.340676210785972
20
-56.296102217938504
0
VERTEX
8
L7
10
-28.26584041817192
20
-56.308258447381704
0
VERTEX
8
L7
10
-28.190082014855435
20
-56.311230668333664
0
VERTEX
8
L7
10
-28.114523863556215
20
-56.304974827647065
0
VERTEX
8
L7
10
-28.040285858933473
20
-56.28958364705283
0
VERTEX
8
L7
10
-27.968468328926107
20
-56.265285248873305
0
VERTEX
8
L7
10
-27.900135726103528
20
-56.23243977487851
0
VERTEX
8
L7
10
-27.836300850747847
20
-56.19153404839951
0
VERTEX
8
L7
10
-27.777909839506805
20
-56.14317435881511
0
VERTEX
8
L7
10
-27.725828142110316
20
-56.088077475357416
0
VERTEX
8
L7
10
-27.68082769399821
20
-56.02706002342635
0
VERTEX
8
L7
10
-27.64357547498186
20
-55.96102638087342
0
VERTEX
8
L7
10
-27.61462362351891
20
-55.890955273651414
0
VERTEX
8
L7
10
-27.594401253123507
20
-55.81788526950442
0
VERTEX
8
L7
10
-27.583208092206334
20
-55.74289938470513
0
VERTEX
8
L7
10
-27.581210041612138
20
-55.66710903199271
0
VERTEX
8
L7
10
-27.588436715699586
20
-55.59163754762885
0
VERTEX
8
L7
10
-27.60478100340815
20
-55.517603541727844
0
VERTEX
8
L7
10
-27.63000065581832
20
-55.44610431863584
0
VERTEX
8
L7
10
-27.663721876674444
20
-55.378199613096214
0
VERTEX
8
L7
10
-27.705444862652982
20
-55.31489588325756
0
VERTEX
8
L7
10
-27.75455121126052
20
-55.25713139332745
0
VERTEX
8
L7
10
-27.81031308656415
20
-55.20576230697122
0
VERTEX
8
L7
10
-27.87190400690352
20
-55.16154999757441
0
VERTEX
8
L7
10
-27.938411094692867
20
-55.12514976345111
0
VERTEX
8
L7
10
-28.008848606751158
20
-55.09710111525754
0
VERTEX
8
L7
10
-28.082172544618885
20
-55.077819779566774
0
VERTEX
8
L7
10
-28.157296128312723
20
-55.06759153712506
0
VERTEX
8
L7
10
-28.23310590417198
20
-55.06656798711643
0
VERTEX
8
L7
10
-28.30847824805234
20
-55.07476430021628
0
VERTEX
8
L7
10
-28.382296019262682
20
-55.09205899373734
0
VERTEX
8
L7
10
-28.453465118406584
20
-55.1181957322006
0
VERTEX
8
L7
10
-28.520930703714342
20
-55.1527871266439
0
VERTEX
8
L7
10
-28.583692825513197
20
-55.19532047635627
0
VERTEX
8
L7
10
-28.64082124710741
20
-55.2451653679361
0
VERTEX
8
L7
10
-28.69146923239859
20
-55.30158301904277
0
SEQEND
0
POLYLINE
8
L7
66
1
70
1
0
VERTEX
8
L7
10
-24.619268312689684
20
-53.742482855520755
0
VERTEX
8
L7
10
-24.593716811048267
20
-53.728198686408916
0
VERTEX
8
L7
10
-24.57367110598919
20
-53.706865931499365
0
VERTEX
8
L7
10
-24.561002538507026
20
-53.680476082668875
0
VERTEX
8
L7
10
-24.556893766413097
20
-53.651492730288126
0
VERTEX
8
L7
10
-24.56172835883777
20
-53.622621577913584
0
VERTEX
8
L7
10
-24.57505498862791
20
-53.59655785481456
0
VERTEX
8
L7
10
-24.595629565412466
20
-53.57573470631383
0
VERTEX
8
L7
10
-24.621531376057604
20
-53.5620960506378
0
VERTEX
8
L7
10
-24.650342390369318
20
-53.55691510693253
0
VERTEX
8
L7
10
-24.679372993189716
20
-53.56067553552912
0
VERTEX
8
L7
10
-24.7059130699584
20
-53.57302628645608
0
VERTEX
8
L7
10
-24.72748500596883
20
-53.59281437125749
0
VERTEX
8
L7
10
-25.015029964091028
20
-53.59281437125749
0
VERTEX
8
L7
10
-25.036726894941808
20
-53.57294293153443
0
VERTEX
8
L7
10
-25.0634307014289
20
-53.560592318427766
0
VERTEX
8
L7
10
-25.09262313314693
20
-53.55692723242609
0
VERTEX
8
L7
10
-25.121551254740226
20
-53.56229330231886
0
VERTEX
8
L7
10
-25.147487056104154
20
-53.57618449134722
0
VERTEX
8
L7
10
-25.167984712059024
20
-53.59729081801403
0
VERTEX
8
L7
10
-25.18111123112506
20
-53.62362189133473
0
VERTEX
8
L7
10
-25.185628742514965
20
-53.65269461077845
0
VERTEX
8
L7
10
-25.18111123112506
20
-53.68176733022216
0
VERTEX
8
L7
10
-25.167984712059024
20
-53.708098403542856
0
VERTEX
8
L7
10
-25.147487056104154
20
-53.729204730209666
0
VERTEX
8
L7
10
-25.121551254740226
20
-53.74309591923804
0
VERTEX
8
L7
10
-25.09262313314693
20
-53.748461989130796
0
VERTEX
8
L7
10
-25.0634307014289
20
-53.74479690312913
0
VERTEX
8
L7
10
-25.036726894941808
20
-53.732446290022466
0
VERTEX
8
L7
10
-25.015029964091028
20
-53.712574850299404
0
VERTEX
8
L7
10
-24.72748500596883
20
-53.712574850299404
0
VERTEX
8
L7
10
-24.716217363478535
20
-53.72441703535559
0
VERTEX
8
L7
10
-24.703100648019017
20
-53.73417146459303
0
VERTEX
8
L7
10
-24.720177275743524
20
-53.792532386715415
0
VERTEX
8
L7
10
-24.746004719942192
20
-53.84758283241371
0
VERTEX
8
L7
10
-24.77997154965837
20
-53.898019554397266
0
VERTEX
8
L7
10
-24.821273644630423
20
-53.94264852924921
0
VERTEX
8
L7
10
-24.86893323178697
20
-53.9804132243689
0
VERTEX
8
L7
10
-24.921822032745396
20
-54.01041960999921
0
VERTEX
8
L7
10
-24.978687974326647
20
-54.03195732421158
0
VERTEX
8
L7
10
-25.03818482974988
20
-54.04451648979543
0
VERTEX
8
L7
10
-25.098904088790547
20
-54.04779978493415
0
VERTEX
8
L7
10
-25.159408302417475
20
-54.041729481910195
0
VERTEX
8
L7
10
-25.218265112518367
20
-54.02644928720712
0
VERTEX
8
L7
10
-25.27408116110442
20
-54.00232093944657
0
VERTEX
8
L7
10
-25.325535076238125
20
-53.969915645699565
0
VERTEX
8
L7
10
-25.37140875378533
20
-53.93000055890635
0
VERTEX
8
L7
10
-25.410616194437296
20
-53.88352061653398
0
VERTEX
8
L7
10
-25.442229213323657
20
-53.831576170417904
0
VERTEX
8
L7
10
-25.46549941357516
20
-53.7753969373716
0
VERTEX
8
L7
10
-25.47987590364049
20
-53.716312887249615
0
VERTEX
8
L7
10
-25.485018338923183
20
-53.655722757650985
0
VERTEX
8
L7
10
-25.480804978994712
20
-53.59506094063625
0
VERTEX
8
L7
10
-25.46733556963993
20
-53.53576352537177
0
VERTEX
8
L7
10
-25.444928981505996
20
-53.47923430059721
0
VERTEX
8
L7
10
-25.414115661257043
20
-53.426811521763476
0
VERTEX
8
L7
10
-25.375625073943183
20
-53.37973622958542
0
VERTEX
8
L7
10
-25.33036843386968
20
-53.339122870026365
0
VERTEX
8
L7
10
-25.279417132790257
20
-53.30593291124771
0
VERTEX
8
L7
10
-25.223977376108763
20
-53.28095208210787
0
VERTEX
8
L7
10
-25.165361627544144
20
-53.26477177105943
0
VERTEX
8
L7
10
-25.10495753826862
20
-53.25777502580106
0
VERTEX
8
L7
10
-25.044195096081467
20
-53.26012748512433
0
VERTEX
8
L7
10
-24.98451277231834
20
-53.271773457632
0
VERTEX
8
L7
10
-24.927323467924154
20
-53.29243724015902
0
VERTEX
8
L7
10
-24.873981064871316
20
-53.32162964468425
0
VERTEX
8
L7
10
-24.87619093281367
20
-53.35170253361565
0
VERTEX
8
L7
10
-24.868944375873866
20
-53.3809728185053
0
VERTEX
8
L7
10
-24.85295921116216
20
-53.40654109326412
0
VERTEX
8
L7
10
-24.829818869932282
20
-53.42587465922511
0
VERTEX
8
L7
10
-24.801815548741885
20
-53.43705840489953
0
VERTEX
8
L7
10
-24.77172315294513
20
-53.43898450983298
0
VERTEX
8
L7
10
-24.74252252389485
20
-53.431462181199436
0
VERTEX
8
L7
10
-24.717106167830465
20
-53.4152365530325
0
VERTEX
8
L7
10
-24.69799173491539
20
-53.3919148760058
0
VERTEX
8
L7
10
-24.687072630129848
20
-53.36380730912986
0
VERTEX
8
L7
10
-24.68543045958127
20
-53.33369808395065
0
VERTEX
8
L7
10
-24.69322789060635
20
-53.30456970887733
0
VERTEX
8
L7
10
-24.70969253854679
20
-53.279307532937786
0
VERTEX
8
L7
10
-24.733193476314824
20
-53.26041393378289
0
VERTEX
8
L7
10
-24.761402787994356
20
-53.249760441417926
0
VERTEX
8
L7
10
-24.791526163575725
20
-53.248402351366984
0
VERTEX
8
L7
10
-24.82057969296332
20
-53.25647419100409
0
VERTEX
8
L7
10
-24.87781491671565
20
-53.22311941390591
0
VERTEX
8
L7
10
-24.939104361028583
20
-53.1979794853249
0
VERTEX
8
L7
10
-25.003275976155322
20
-53.18153516091576
0
VERTEX
8
L7
10
-25.06910259604622
20
-53.174100908634216
0
VERTEX
8
L7
10
-25.135325405679524
20
-53.175818895106225
0
VERTEX
8
L7
10
-25.20067801362137
20
-53.18665626694842
0
VERTEX
8
L7
10
-25.263910669471016
20
-53.20640577902968
0
VERTEX
8
L7
10
-25.323814163076378
20
-53.2346897576593
0
VERTEX
8
L7
10
-25.379242948490642
20
-53.270967322913116
0
VERTEX
8
L7
10
-25.429137050466252
20
-53.314544731983595
0
VERTEX
8
L7
10
-25.472542334563812
20
-53.364588645755966
0
VERTEX
8
L7
10
-25.508628753247322
20
-53.42014206491128
0
VERTEX
8
L7
10
-25.536706219041562
20
-53.480142630807116
0
VERTEX
8
L7
10
-25.55623780120679
20
-53.54344294116473
0
VERTEX
8
L7
10
-25.566849993567686
20
-53.608832492061964
0
VERTEX
8
L7
10
-25.568339857143357
20
-53.67506082663088
0
VERTEX
8
L7
10
-25.560678900988123
20
-53.74086144778323
0
VERTEX
8
L7
10
-25.54401362702943
20
-53.804976037676084
0
VERTEX
8
L7
10
-25.518662728483406
20
-53.866178520764244
0
VERTEX
8
L7
10
-25.485110995423696
20
-53.923298510277
0
VERTEX
8
L7
10
-25.444000044048323
20
-53.97524368974785
0
VERTEX
8
L7
10
-25.39611604693056
20
-54.021020701590835
0
VERTEX
8
L7
10
-25.342374698890723
20
-54.05975414326737
0
VERTEX
8
L7
10
-25.283803705989314
20
-54.09070330777612
0
VERTEX
8
L7
10
-25.221523132507684
20
-54.11327634833444
0
VERTEX
8
L7
10
-25.15672398174503
20
-54.127041596377424
0
VERTEX
8
L7
10
-25.09064542023475
20
-54.13173581643826
0
VERTEX
8
L7
10
-25.024551080926315
20
-54.127269240050374
0
VERTEX
8
L7
10
-24.959704898491026
20
-54.11372728240692
0
VERTEX
8
L7
10
-24.89734693885798
20
-54.091368908949754
0
VERTEX
8
L7
10
-24.83866968519648
20
-54.06062168312381
0
VERTEX
8
L7
10
-24.78479523383271
20
-54.02207358999976
0
VERTEX
8
L7
10
-24.736753836187432
20
-53.976461792123175
0
VERTEX
8
L7
10
-24.69546419708132
20
-53.924658532614394
0
VERTEX
8
L7
10
-24.661715906167245
20
-53.867654455096854
0
VERTEX
8
L7
10
-24.636154338456592
20
-53.80653965942984
0
VERTEX
8
L7
10
-24.619268312689684
20
-53.742482855520755
0
SEQEND
0
POLYLINE
8
L7
66
1
70
1
0
VERTEX
8
L7
10
-25.688622754491007
20
-55.59281437125749
0
VERTEX
8
L7
10
-25.701128257937242
20
-55.5936340252576
0
VERTEX
8
L7
10
-25.713419788752333
20
-55.59607896275075
0
VERTEX
8
L7
10
-25.725287035436168
20
-55.60010735017856
0
VERTEX
8
L7
10
-25.736526946107773
20
-55.605650260715265
0
VERTEX
8
L7
10
-25.746947202779268
20
-55.612612853624796
0
VERTEX
8
L7
10
-25.756369511969964
20
-55.62087599701207
0
VERTEX
8
L7
10
-25.764632655357232
20
-55.63029830620276
0
VERTEX
8
L7
10
-25.771595248266763
20
-55.640718562874255
0
VERTEX
8
L7
10
-25.777138158803467
20
-55.65195847354586
0
VERTEX
8
L7
10
-25.781166546231276
20
-55.6638257202297
0
VERTEX
8
L7
10
-25.783611483724428
20
-55.676117251044786
0
VERTEX
8
L7
10
-25.78443113772454
20
-55.68862275449102
0
VERTEX
8
L7
10
-25.783611483724428
20
-55.70112825793725
0
VERTEX
8
L7
10
-25.781166546231276
20
-55.71341978875234
0
VERTEX
8
L7
10
-25.777138158803467
20
-55.725287035436175
0
VERTEX
8
L7
10
-25.771595248266763
20
-55.73652694610779
0
VERTEX
8
L7
10
-25.764632655357232
20
-55.74694720277928
0
VERTEX
8
L7
10
-25.756369511969964
20
-55.75636951196997
0
VERTEX
8
L7
10
-25.746947202779268
20
-55.76463265535725
0
VERTEX
8
L7
10
-25.736526946107773
20
-55.77159524826677
0
VERTEX
8
L7
10
-25.725287035436168
20
-55.777138158803474
0
VERTEX
8
L7
10
-25.713419788752333
20
-55.78116654623129
0
VERTEX
8
L7
10
-25.701128257937242
20
-55.783611483724435
0
VERTEX
8
L7
10
-25.688622754491007
20
-55.78443113772455
0
VERTEX
8
L7
10
-25.676117251044772
20
-55.783611483724435
0
VERTEX
8
L7
10
-25.66382572022968
20
-55.78116654623129
0
VERTEX
8
L7
10
-25.651958473545847
20
-55.777138158803474
0
VERTEX
8
L7
10
-25.64071856287424
20
-55.77159524826677
0
VERTEX
8
L7
10
-25.630298306202747
20
-55.76463265535725
0
VERTEX
8
L7
10
-25.620875997012064
20
-55.75636951196997
0
VERTEX
8
L7
10
-25.612612853624782
20
-55.74694720277928
0
VERTEX
8
L7
10
-25.60565026071525
20
-55.73652694610779
0
VERTEX
8
L7
10
-25.600107350178547
20
-55.725287035436175
0
VERTEX
8
L7
10
-25.596078962750738
20
-55.71341978875234
0
VERTEX
8
L7
10
-25.593634025257586
20
-55.70112825793725
0
VERTEX
8
L7
10
-25.592814371257475
20
-55.68862275449102
0
VERTEX
8
L7
10
-25.593634025257586
20
-55.676117251044786
0
VERTEX
8
L7
10
-25.596078962750738
20
-55.6638257202297
0
VERTEX
8
L7
10
-25.600107350178547
20
-55.65195847354586
0
VERTEX
8
L7
10
-25.60565026071525
20
-55.640718562874255
0
VERTEX
8
L7
10
-25.612612853624782
20
-55.63029830620276
0
VERTEX
8
L7
10
-25.62087599701205
20
-55.62087599701207
0
VERTEX
8
L7
10
-25.630298306202747
20
-55.612612853624796
0
VERTEX
8
L7
10
-25.64071856287424
20
-55.605650260715265
0
VERTEX
8
L7
10
-25.651958473545847
20
-55.60010735017856
0
VERTEX
8
L7
10
-25.66382572022968
20
-55.59607896275075
0
VERTEX
8
L7
10
-25.676117251044772
20
-55.5936340252576
0
VERTEX
8
L7
10
-25.688622754491007
20
-55.59281437125749
0
SEQEND
0
POLYLINE
8
L7
66
1
70
1
0
VERTEX
8
L7
10
-31.077844311377234
20
-55.61362275449102
0
VERTEX
8
L7
10
-31.087633775793734
20
-55.614264389887985
0
VERTEX
8
L7
10
-31.097255739759916
20
-55.61617831751934
0
VERTEX
8
L7
10
-31.106545568804606
20
-55.619331789552675
0
VERTEX
8
L7
10
-31.11534431137723
20
-55.62367084920719
0
VERTEX
8
L7
10
-31.12350141855289
20
-55.629121253969174
0
VERTEX
8
L7
10
-31.130877319966217
20
-55.63558974590203
0
VERTEX
8
L7
10
-31.137345811899067
20
-55.642965647315364
0
VERTEX
8
L7
10
-31.14279621666107
20
-55.65112275449102
0
VERTEX
8
L7
10
-31.14713527631558
20
-55.659921497063635
0
VERTEX
8
L7
10
-31.150288748348913
20
-55.66921132610833
0
VERTEX
8
L7
10
-31.152202675980263
20
-55.678833290074515
0
VERTEX
8
L7
10
-31.152844311377237
20
-55.68862275449102
0
VERTEX
8
L7
10
-31.152202675980263
20
-55.69841221890752
0
VERTEX
8
L7
10
-31.150288748348913
20
-55.70803418287371
0
VERTEX
8
L7
10
-31.14713527631558
20
-55.7173240119184
0
VERTEX
8
L7
10
-31.14279621666107
20
-55.72612275449102
0
VERTEX
8
L7
10
-31.137345811899067
20
-55.73427986166667
0
VERTEX
8
L7
10
-31.130877319966217
20
-55.74165576308001
0
VERTEX
8
L7
10
-31.12350141855289
20
-55.74812425501286
0
VERTEX
8
L7
10
-31.11534431137723
20
-55.753574659774856
0
VERTEX
8
L7
10
-31.106545568804606
20
-55.75791371942937
0
VERTEX
8
L7
10
-31.097255739759916
20
-55.7610671914627
0
VERTEX
8
L7
10
-31.087633775793734
20
-55.76298111909406
0
VERTEX
8
L7
10
-31.077844311377234
20
-55.76362275449102
0
VERTEX
8
L7
10
-31.06805484696072
20
-55.76298111909406
0
VERTEX
8
L7
10
-31.058432882994538
20
-55.7610671914627
0
VERTEX
8
L7
10
-31.049143053949848
20
-55.75791371942937
0
VERTEX
8
L7
10
-31.040344311377225
20
-55.753574659774856
0
VERTEX
8
L7
10
-31.032187204201577
20
-55.74812425501286
0
VERTEX
8
L7
10
-31.024811302788237
20
-55.74165576308001
0
VERTEX
8
L7
10
-31.018342810855387
20
-55.73427986166667
0
VERTEX
8
L7
10
-31.0128924060934
20
-55.72612275449102
0
VERTEX
8
L7
10
-31.008553346438887
20
-55.7173240119184
0
VERTEX
8
L7
10
-31.005399874405555
20
-55.70803418287371
0
VERTEX
8
L7
10
-31.00348594677419
20
-55.69841221890752
0
VERTEX
8
L7
10
-31.00284431137723
20
-55.68862275449102
0
VERTEX
8
L7
10
-31.00348594677419
20
-55.678833290074515
0
VERTEX
8
L7
10
-31.005399874405555
20
-55.66921132610833
0
VERTEX
8
L7
10
-31.008553346438887
20
-55.659921497063635
0
VERTEX
8
L7
10
-31.0128924060934
20
-55.65112275449102
0
VERTEX
8
L7
10
-31.018342810855387
20
-55.642965647315364
0
VERTEX
8
L7
10
-31.024811302788237
20
-55.63558974590203
0
VERTEX
8
L7
10
-31.032187204201577
20
-55.629121253969174
0
VERTEX
8
L7
10
-31.040344311377225
20
-55.62367084920719
0
VERTEX
8
L7
10
-31.049143053949848
20
-55.619331789552675
0
VERTEX
8
L7
10
-31.058432882994538
20
-55.61617831751934
0
VERTEX
8
L7
10
-31.06805484696072
20
-55.614264389887985
0
VERTEX
8
L7
10
-31.077844311377234
20
-55.61362275449102
0
SEQEND
0
POLYLINE
8
L7
66
1
70
1
0
VERTEX
8
L7
10
-30.647424499915502
20
-55.36511976047905
0
VERTEX
8
L7
10
-30.657213964332
20
-55.36576139587601
0
VERTEX
8
L7
10
-30.666835928298198
20
-55.36767532350736
0
VERTEX
8
L7
10
-30.676125757342888
20
-55.370828795540696
0
VERTEX
8
L7
10
-30.68492449991551
20
-55.37516785519521
0
VERTEX
8
L7
10
-30.69308160709116
20
-55.3806182599572
0
VERTEX
8
L7
10
-30.7004575085045
20
-55.38708675189005
0
VERTEX
8
L7
10
-30.70692600043735
20
-55.39446265330339
0
VERTEX
8
L7
10
-30.712376405199336
20
-55.40261976047904
0
VERTEX
8
L7
10
-30.71671546485385
20
-55.411418503051664
0
VERTEX
8
L7
10
-30.71986893688718
20
-55.42070833209635
0
VERTEX
8
L7
10
-30.721782864518545
20
-55.43033029606254
0
VERTEX
8
L7
10
-30.722424499915505
20
-55.44011976047904
0
VERTEX
8
L7
10
-30.721782864518545
20
-55.44990922489555
0
VERTEX
8
L7
10
-30.71986893688718
20
-55.45953118886173
0
VERTEX
8
L7
10
-30.71671546485385
20
-55.46882101790643
0
VERTEX
8
L7
10
-30.712376405199336
20
-55.477619760479044
0
VERTEX
8
L7
10
-30.70692600043735
20
-55.4857768676547
0
VERTEX
8
L7
10
-30.7004575085045
20
-55.49315276906803
0
VERTEX
8
L7
10
-30.69308160709116
20
-55.49962126100089
0
VERTEX
8
L7
10
-30.68492449991551
20
-55.50507166576288
0
VERTEX
8
L7
10
-30.676125757342888
20
-55.50941072541739
0
VERTEX
8
L7
10
-30.666835928298198
20
-55.51256419745072
0
VERTEX
8
L7
10
-30.657213964332
20
-55.51447812508208
0
VERTEX
8
L7
10
-30.647424499915502
20
-55.515119760479045
0
VERTEX
8
L7
10
-30.637635035499002
20
-55.51447812508208
0
VERTEX
8
L7
10
-30.62801307153282
20
-55.51256419745072
0
VERTEX
8
L7
10
-30.618723242488116
20
-55.50941072541739
0
VERTEX
8
L7
10
-30.609924499915508
20
-55.50507166576288
0
VERTEX
8
L7
10
-30.601767392739845
20
-55.49962126100089
0
VERTEX
8
L7
10
-30.59439149132652
20
-55.49315276906803
0
VERTEX
8
L7
10
-30.587922999393655
20
-55.4857768676547
0
VERTEX
8
L7
10
-30.582472594631668
20
-55.477619760479044
0
VERTEX
8
L7
10
-30.578133534977155
20
-55.46882101790643
0
VERTEX
8
L7
10
-30.574980062943823
20
-55.45953118886173
0
VERTEX
8
L7
10
-30.573066135312473
20
-55.44990922489555
0
VERTEX
8
L7
10
-30.5724244999155
20
-55.44011976047904
0
VERTEX
8
L7
10
-30.573066135312473
20
-55.43033029606254
0
VERTEX
8
L7
10
-30.574980062943823
20
-55.42070833209635
0
VERTEX
8
L7
10
-30.578133534977155
20
-55.411418503051664
0
VERTEX
8
L7
10
-30.582472594631668
20
-55.40261976047904
0
VERTEX
8
L7
10
-30.587922999393655
20
-55.39446265330339
0
VERTEX
8
L7
10
-30.59439149132652
20
-55.38708675189005
0
VERTEX
8
L7
10
-30.601767392739845
20
-55.3806182599572
0
VERTEX
8
L7
10
-30.609924499915508
20
-55.37516785519521
0
VERTEX
8
L7
10
-30.618723242488116
20
-55.370828795540696
0
VERTEX
8
L7
10
-30.62801307153282
20
-55.36767532350736
0
VERTEX
8
L7
10
-30.637635035499002
20
-55.36576139587601
0
VERTEX
8
L7
10
-30.647424499915502
20
-55.36511976047905
0
SEQEND
0
POLYLINE
8
L7
66
1
70
1
0
VERTEX
8
L7
10
-30.409468293253767
20
-53.268600029780735
0
VERTEX
8
L7
10
-30.41925775767028
20
-53.269241665177695
0
VERTEX
8
L7
10
-30.428879721636463
20
-53.27115559280905
0
VERTEX
8
L7
10
-30.438169550681152
20
-53.274309064842384
0
VERTEX
8
L7
10
-30.446968293253775
20
-53.2786481244969
0
VERTEX
8
L7
10
-30.455125400429424
20
-53.28409852925889
0
VERTEX
8
L7
10
-30.462501301842764
20
-53.29056702119174
0
VERTEX
8
L7
10
-30.468969793775614
20
-53.29794292260508
0
VERTEX
8
L7
10
-30.4744201985376
20
-53.30610002978073
0
VERTEX
8
L7
10
-30.478759258192113
20
-53.31489877235335
0
VERTEX
8
L7
10
-30.481912730225446
20
-53.32418860139804
0
VERTEX
8
L7
10
-30.48382665785681
20
-53.33381056536423
0
VERTEX
8
L7
10
-30.48446829325377
20
-53.34360002978073
0
VERTEX
8
L7
10
-30.48382665785681
20
-53.35338949419724
0
VERTEX
8
L7
10
-30.481912730225446
20
-53.36301145816342
0
VERTEX
8
L7
10
-30.478759258192113
20
-53.37230128720812
0
VERTEX
8
L7
10
-30.4744201985376
20
-53.38110002978073
0
VERTEX
8
L7
10
-30.468969793775614
20
-53.38925713695639
0
VERTEX
8
L7
10
-30.462501301842764
20
-53.39663303836972
0
VERTEX
8
L7
10
-30.455125400429424
20
-53.40310153030258
0
VERTEX
8
L7
10
-30.446968293253775
20
-53.408551935064565
0
VERTEX
8
L7
10
-30.438169550681152
20
-53.41289099471908
0
VERTEX
8
L7
10
-30.428879721636463
20
-53.41604446675241
0
VERTEX
8
L7
10
-30.41925775767028
20
-53.41795839438377
0
VERTEX
8
L7
10
-30.409468293253767
20
-53.418600029780734
0
VERTEX
8
L7
10
-30.399678828837267
20
-53.41795839438377
0
VERTEX
8
L7
10
-30.390056864871084
20
-53.41604446675241
0
VERTEX
8
L7
10
-30.380767035826395
20
-53.41289099471908
0
VERTEX
8
L7
10
-30.371968293253772
20
-53.408551935064565
0
VERTEX
8
L7
10
-30.36381118607811
20
-53.40310153030258
0
VERTEX
8
L7
10
-30.356435284664784
20
-53.39663303836972
0
VERTEX
8
L7
10
-30.349966792731934
20
-53.38925713695639
0
VERTEX
8
L7
10
-30.344516387969932
20
-53.38110002978073
0
VERTEX
8
L7
10
-30.34017732831542
20
-53.37230128720812
0
VERTEX
8
L7
10
-30.337023856282087
20
-53.36301145816342
0
VERTEX
8
L7
10
-30.335109928650738
20
-53.35338949419724
0
VERTEX
8
L7
10
-30.334468293253764
20
-53.34360002978073
0
VERTEX
8
L7
10
-30.335109928650738
20
-53.33381056536423
0
VERTEX
8
L7
10
-30.337023856282087
20
-53.32418860139804
0
VERTEX
8
L7
10
-30.34017732831542
20
-53.31489877235335
0
VERTEX
8
L7
10
-30.344516387969932
20
-53.30610002978073
0
VERTEX
8
L7
10
-30.349966792731934
20
-53.29794292260508
0
VERTEX
8
L7
10
-30.356435284664784
20
-53.29056702119174
0
VERTEX
8
L7
10
-30.36381118607811
20
-53.28409852925889
0
VERTEX
8
L7
10
-30.371968293253772
20
-53.2786481244969
0
VERTEX
8
L7
10
-30.380767035826395
20
-53.274309064842384
0
VERTEX
8
L7
10
-30.390056864871084
20
-53.27115559280905
0
VERTEX
8
L7
10
-30.399678828837267
20
-53.269241665177695
0
VERTEX
8
L7
10
-30.409468293253767
20
-53.268600029780735
0
SEQEND
0
POLYLINE
8
L7
66
1
70
1
0
VERTEX
8
L7
10
-30.718562874251475
20
-53.577694610778444
0
VERTEX
8
L7
10
-30.72835233866799
20
-53.57833624617541
0
VERTEX
8
L7
10
-30.73797430263417
20
-53.58025017380677
0
VERTEX
8
L7
10
-30.74726413167886
20
-53.5834036458401
0
VERTEX
8
L7
10
-30.756062874251484
20
-53.58774270549461
0
VERTEX
8
L7
10
-30.764219981427132
20
-53.5931931102566
0
VERTEX
8
L7
10
-30.771595882840472
20
-53.59966160218946
0
VERTEX
8
L7
10
-30.778064374773322
20
-53.60703750360279
0
VERTEX
8
L7
10
-30.78351477953531
20
-53.615194610778445
0
VERTEX
8
L7
10
-30.78785383918982
20
-53.62399335335106
0
VERTEX
8
L7
10
-30.79100731122317
20
-53.63328318239576
0
VERTEX
8
L7
10
-30.792921238854518
20
-53.64290514636194
0
VERTEX
8
L7
10
-30.793562874251478
20
-53.65269461077845
0
VERTEX
8
L7
10
-30.792921238854518
20
-53.662484075194946
0
VERTEX
8
L7
10
-30.79100731122317
20
-53.672106039161136
0
VERTEX
8
L7
10
-30.78785383918982
20
-53.681395868205826
0
VERTEX
8
L7
10
-30.78351477953531
20
-53.69019461077845
0
VERTEX
8
L7
10
-30.778064374773322
20
-53.6983517179541
0
VERTEX
8
L7
10
-30.771595882840472
20
-53.70572761936744
0
VERTEX
8
L7
10
-30.764219981427132
20
-53.71219611130029
0
VERTEX
8
L7
10
-30.756062874251484
20
-53.71764651606228
0
VERTEX
8
L7
10
-30.74726413167886
20
-53.72198557571679
0
VERTEX
8
L7
10
-30.73797430263417
20
-53.725139047750126
0
VERTEX
8
L7
10
-30.72835233866799
20
-53.72705297538148
0
VERTEX
8
L7
10
-30.718562874251475
20
-53.72769461077844
0
VERTEX
8
L7
10
-30.708773409834976
20
-53.72705297538148
0
VERTEX
8
L7
10
-30.699151445868793
20
-53.725139047750126
0
VERTEX
8
L7
10
-30.689861616824103
20
-53.72198557571679
0
VERTEX
8
L7
10
-30.68106287425148
20
-53.71764651606228
0
VERTEX
8
L7
10
-30.672905767075832
20
-53.71219611130029
0
VERTEX
8
L7
10
-30.665529865662492
20
-53.70572761936744
0
VERTEX
8
L7
10
-30.659061373729642
20
-53.6983517179541
0
VERTEX
8
L7
10
-30.653610968967655
20
-53.69019461077845
0
VERTEX
8
L7
10
-30.649271909313143
20
-53.681395868205826
0
VERTEX
8
L7
10
-30.646118437279796
20
-53.672106039161136
0
VERTEX
8
L7
10
-30.644204509648446
20
-53.662484075194946
0
VERTEX
8
L7
10
-30.643562874251487
20
-53.65269461077845
0
VERTEX
8
L7
10
-30.644204509648446
20
-53.64290514636194
0
VERTEX
8
L7
10
-30.646118437279796
20
-53.63328318239576
0
VERTEX
8
L7
10
-30.649271909313143
20
-53.62399335335106
0
VERTEX
8
L7
10
-30.653610968967655
20
-53.615194610778445
0
VERTEX
8
L7
10
-30.659061373729642
20
-53.60703750360279
0
VERTEX
8
L7
10
-30.665529865662492
20
-53.59966160218946
0
VERTEX
8
L7
10
-30.672905767075832
20
-53.5931931102566
0
VERTEX
8
L7
10
-30.68106287425148
20
-53.58774270549461
0
VERTEX
8
L7
10
-30.689861616824103
20
-53.5834036458401
0
VERTEX
8
L7
10
-30.699151445868793
20
-53.58025017380677
0
VERTEX
8
L7
10
-30.708773409834976
20
-53.57833624617541
0
VERTEX
8
L7
10
-30.718562874251475
20
-53.577694610778444
0
SEQEND
0
POLYLINE
8
L7
66
1
70
1
0
VERTEX
8
L7
10
-26.94610778443112
20
-56.69146706586827
0
VERTEX
8
L7
10
-26.955897248847634
20
-56.69210870126523
0
VERTEX
8
L7
10
-26.965519212813817
20
-56.69402262889658
0
VERTEX
8
L7
10
-26.974809041858506
20
-56.697176100929916
0
VERTEX
8
L7
10
-26.98360778443113
20
-56.701515160584435
0
VERTEX
8
L7
10
-26.991764891606778
20
-56.70696556534642
0
VERTEX
8
L7
10
-26.999140793020118
20
-56.71343405727927
0
VERTEX
8
L7
10
-27.005609284952968
20
-56.72080995869261
0
VERTEX
8
L7
10
-27.011059689714955
20
-56.72896706586827
0
VERTEX
8
L7
10
-27.015398749369467
20
-56.737765808440884
0
VERTEX
8
L7
10
-27.0185522214028
20
-56.74705563748557
0
VERTEX
8
L7
10
-27.020466149034164
20
-56.75667760145176
0
VERTEX
8
L7
10
-27.021107784431123
20
-56.76646706586826
0
VERTEX
8
L7
10
-27.020466149034164
20
-56.77625653028477
0
VERTEX
8
L7
10
-27.0185522214028
20
-56.78587849425095
0
VERTEX
8
L7
10
-27.015398749369467
20
-56.79516832329565
0
VERTEX
8
L7
10
-27.011059689714955
20
-56.803967065868264
0
VERTEX
8
L7
10
-27.005609284952968
20
-56.81212417304392
0
VERTEX
8
L7
10
-26.999140793020118
20
-56.81950007445725
0
VERTEX
8
L7
10
-26.991764891606778
20
-56.82596856639011
0
VERTEX
8
L7
10
-26.98360778443113
20
-56.8314189711521
0
VERTEX
8
L7
10
-26.974809041858506
20
-56.83575803080661
0
VERTEX
8
L7
10
-26.965519212813817
20
-56.83891150283994
0
VERTEX
8
L7
10
-26.955897248847634
20
-56.8408254304713
0
VERTEX
8
L7
10
-26.94610778443112
20
-56.841467065868265
0
VERTEX
8
L7
10
-26.93631832001462
20
-56.8408254304713
0
VERTEX
8
L7
10
-26.92669635604844
20
-56.83891150283995
0
VERTEX
8
L7
10
-26.91740652700375
20
-56.83575803080661
0
VERTEX
8
L7
10
-26.908607784431126
20
-56.8314189711521
0
VERTEX
8
L7
10
-26.900450677255478
20
-56.82596856639011
0
VERTEX
8
L7
10
-26.893074775842138
20
-56.81950007445725
0
VERTEX
8
L7
10
-26.886606283909288
20
-56.81212417304392
0
VERTEX
8
L7
10
-26.8811558791473
20
-56.803967065868264
0
VERTEX
8
L7
10
-26.876816819492774
20
-56.79516832329565
0
VERTEX
8
L7
10
-26.87366334745944
20
-56.78587849425095
0
VERTEX
8
L7
10
-26.87174941982809
20
-56.77625653028477
0
VERTEX
8
L7
10
-26.871107784431132
20
-56.76646706586826
0
VERTEX
8
L7
10
-26.87174941982809
20
-56.75667760145176
0
VERTEX
8
L7
10
-26.87366334745944
20
-56.74705563748557
0
VERTEX
8
L7
10
-26.876816819492774
20
-56.737765808440884
0
VERTEX
8
L7
10
-26.8811558791473
20
-56.72896706586827
0
VERTEX
8
L7
10
-26.886606283909288
20
-56.72080995869261
0
VERTEX
8
L7
10
-26.893074775842138
20
-56.71343405727927
0
VERTEX
8
L7
10
-26.900450677255478
20
-56.70696556534642
0
VERTEX
8
L7
10
-26.908607784431126
20
-56.701515160584435
0
VERTEX
8
L7
10
-26.91740652700375
20
-56.697176100929916
0
VERTEX
8
L7
10
-26.92669635604844
20
-56.69402262889658
0
VERTEX
8
L7
10
-26.93631832001462
20
-56.69210870126523
0
VERTEX
8
L7
10
-26.94610778443112
20
-56.69146706586827
0
SEQEND
0
POLYLINE
8
L7
66
1
70
1
0
VERTEX
8
L7
10
-26.94610778443112
20
-55.73338323353293
0
VERTEX
8
L7
10
-26.955897248847634
20
-55.7340248689299
0
VERTEX
8
L7
10
-26.965519212813817
20
-55.73593879656126
0
VERTEX
8
L7
10
-26.974809041858506
20
-55.73909226859459
0
VERTEX
8
L7
10
-26.98360778443113
20
-55.7434313282491
0
VERTEX
8
L7
10
-26.991764891606778
20
-55.74888173301109
0
VERTEX
8
L7
10
-26.999140793020118
20
-55.755350224943946
0
VERTEX
8
L7
10
-27.005609284952968
20
-55.76272612635728
0
VERTEX
8
L7
10
-27.011059689714955
20
-55.770883233532935
0
VERTEX
8
L7
10
-27.015398749369467
20
-55.77968197610555
0
VERTEX
8
L7
10
-27.0185522214028
20
-55.78897180515025
0
VERTEX
8
L7
10
-27.020466149034164
20
-55.79859376911643
0
VERTEX
8
L7
10
-27.021107784431123
20
-55.808383233532936
0
VERTEX
8
L7
10
-27.020466149034164
20
-55.818172697949436
0
VERTEX
8
L7
10
-27.0185522214028
20
-55.827794661915625
0
VERTEX
8
L7
10
-27.015398749369467
20
-55.837084490960315
0
VERTEX
8
L7
10
-27.011059689714955
20
-55.84588323353294
0
VERTEX
8
L7
10
-27.005609284952968
20
-55.854040340708586
0
VERTEX
8
L7
10
-26.999140793020118
20
-55.861416242121926
0
VERTEX
8
L7
10
-26.991764891606778
20
-55.867884734054776
0
VERTEX
8
L7
10
-26.98360778443113
20
-55.87333513881677
0
VERTEX
8
L7
10
-26.974809041858506
20
-55.87767419847128
0
VERTEX
8
L7
10
-26.965519212813817
20
-55.880827670504615
0
VERTEX
8
L7
10
-26.955897248847634
20
-55.88274159813597
0
VERTEX
8
L7
10
-26.94610778443112
20
-55.88338323353293
0
VERTEX
8
L7
10
-26.93631832001462
20
-55.88274159813597
0
VERTEX
8
L7
10
-26.92669635604844
20
-55.880827670504615
0
VERTEX
8
L7
10
-26.91740652700375
20
-55.87767419847128
0
VERTEX
8
L7
10
-26.908607784431126
20
-55.87333513881677
0
VERTEX
8
L7
10
-26.900450677255478
20
-55.867884734054776
0
VERTEX
8
L7
10
-26.893074775842138
20
-55.861416242121926
0
VERTEX
8
L7
10
-26.886606283909288
20
-55.854040340708586
0
VERTEX
8
L7
10
-26.8811558791473
20
-55.84588323353294
0
VERTEX
8
L7
10
-26.876816819492774
20
-55.837084490960315
0
VERTEX
8
L7
10
-26.87366334745944
20
-55.827794661915625
0
VERTEX
8
L7
10
-26.87174941982809
20
-55.818172697949436
0
VERTEX
8
L7
10
-26.871107784431132
20
-55.808383233532936
0
VERTEX
8
L7
10
-26.87174941982809
20
-55.79859376911643
0
VERTEX
8
L7
10
-26.87366334745944
20
-55.78897180515025
0
VERTEX
8
L7
10
-26.876816819492774
20
-55.77968197610555
0
VERTEX
8
L7
10
-26.8811558791473
20
-55.770883233532935
0
VERTEX
8
L7
10
-26.886606283909288
20
-55.76272612635728
0
VERTEX
8
L7
10
-26.893074775842138
20
-55.755350224943946
0
VERTEX
8
L7
10
-26.900450677255478
20
-55.74888173301109
0
VERTEX
8
L7
10
-26.908607784431126
20
-55.7434313282491
0
VERTEX
8
L7
10
-26.91740652700375
20
-55.73909226859459
0
VERTEX
8
L7
10
-26.92669635604844
20
-55.73593879656126
0
VERTEX
8
L7
10
-26.93631832001462
20
-55.7340248689299
0
VERTEX
8
L7
10
-26.94610778443112
20
-55.73338323353293
0
SEQEND
0
POLYLINE
8
L7
66
1
70
1
0
VERTEX
8
L7
10
-23.173652694610766
20
-53.577694610778444
0
VERTEX
8
L7
10
-23.18344215902728
20
-53.57833624617541
0
VERTEX
8
L7
10
-23.193064122993462
20
-53.58025017380677
0
VERTEX
8
L7
10
-23.202353952038152
20
-53.5834036458401
0
VERTEX
8
L7
10
-23.211152694610774
20
-53.58774270549461
0
VERTEX
8
L7
10
-23.219309801786423
20
-53.5931931102566
0
VERTEX
8
L7
10
-23.226685703199763
20
-53.59966160218946
0
VERTEX
8
L7
10
-23.233154195132613
20
-53.60703750360279
0
VERTEX
8
L7
10
-23.2386045998946
20
-53.615194610778445
0
VERTEX
8
L7
10
-23.242943659549113
20
-53.62399335335106
0
VERTEX
8
L7
10
-23.246097131582445
20
-53.63328318239576
0
VERTEX
8
L7
10
-23.24801105921381
20
-53.64290514636194
0
VERTEX
8
L7
10
-23.24865269461077
20
-53.65269461077845
0
VERTEX
8
L7
10
-23.24801105921381
20
-53.662484075194946
0
VERTEX
8
L7
10
-23.246097131582445
20
-53.672106039161136
0
VERTEX
8
L7
10
-23.242943659549113
20
-53.681395868205826
0
VERTEX
8
L7
10
-23.2386045998946
20
-53.69019461077845
0
VERTEX
8
L7
10
-23.233154195132613
20
-53.6983517179541
0
VERTEX
8
L7
10
-23.226685703199763
20
-53.70572761936744
0
VERTEX
8
L7
10
-23.219309801786423
20
-53.71219611130029
0
VERTEX
8
L7
10
-23.211152694610774
20
-53.71764651606228
0
VERTEX
8
L7
10
-23.202353952038152
20
-53.72198557571679
0
VERTEX
8
L7
10
-23.193064122993462
20
-53.725139047750126
0
VERTEX
8
L7
10
-23.18344215902728
20
-53.72705297538148
0
VERTEX
8
L7
10
-23.173652694610766
20
-53.72769461077844
0
VERTEX
8
L7
10
-23.163863230194266
20
-53.72705297538148
0
VERTEX
8
L7
10
-23.154241266228084
20
-53.725139047750126
0
VERTEX
8
L7
10
-23.144951437183394
20
-53.72198557571679
0
VERTEX
8
L7
10
-23.13615269461077
20
-53.71764651606228
0
VERTEX
8
L7
10
-23.127995587435123
20
-53.71219611130029
0
VERTEX
8
L7
10
-23.120619686021783
20
-53.70572761936744
0
VERTEX
8
L7
10
-23.114151194088933
20
-53.6983517179541
0
VERTEX
8
L7
10
-23.10870078932693
20
-53.69019461077845
0
VERTEX
8
L7
10
-23.10436172967242
20
-53.681395868205826
0
VERTEX
8
L7
10
-23.101208257639087
20
-53.672106039161136
0
VERTEX
8
L7
10
-23.099294330007737
20
-53.662484075194946
0
VERTEX
8
L7
10
-23.098652694610777
20
-53.65269461077845
0
VERTEX
8
L7
10
-23.099294330007737
20
-53.64290514636194
0
VERTEX
8
L7
10
-23.101208257639087
20
-53.63328318239576
0
VERTEX
8
L7
10
-23.10436172967242
20
-53.62399335335106
0
VERTEX
8
L7
10
-23.10870078932693
20
-53.615194610778445
0
VERTEX
8
L7
10
-23.114151194088933
20
-53.60703750360279
0
VERTEX
8
L7
10
-23.120619686021783
20
-53.59966160218946
0
VERTEX
8
L7
10
-23.127995587435123
20
-53.5931931102566
0
VERTEX
8
L7
10
-23.13615269461077
20
-53.58774270549461
0
VERTEX
8
L7
10
-23.144951437183394
20
-53.5834036458401
0
VERTEX
8
L7
10
-23.154241266228084
20
-53.58025017380677
0
VERTEX
8
L7
10
-23.163863230194266
20
-53.57833624617541
0
VERTEX
8
L7
10
-23.173652694610766
20
-53.577694610778444
0
SEQEND
0
POLYLINE
8
L7
66
1
70
1
0
VERTEX
8
L7
10
-26.94610778443112
20
-54.77529940119761
0
VERTEX
8
L7
10
-26.955897248847634
20
-54.775941036594574
0
VERTEX
8
L7
10
-26.965519212813817
20
-54.777854964225924
0
VERTEX
8
L7
10
-26.974809041858506
20
-54.78100843625926
0
VERTEX
8
L7
10
-26.98360778443113
20
-54.785347495913776
0
VERTEX
8
L7
10
-26.991764891606778
20
-54.79079790067576
0
VERTEX
8
L7
10
-26.999140793020118
20
-54.79726639260861
0
VERTEX
8
L7
10
-27.005609284952968
20
-54.80464229402195
0
VERTEX
8
L7
10
-27.011059689714955
20
-54.81279940119761
0
VERTEX
8
L7
10
-27.015398749369467
20
-54.821598143770224
0
VERTEX
8
L7
10
-27.0185522214028
20
-54.83088797281492
0
VERTEX
8
L7
10
-27.020466149034164
20
-54.8405099367811
0
VERTEX
8
L7
10
-27.021107784431123
20
-54.85029940119761
0
VERTEX
8
L7
10
-27.020466149034164
20
-54.86008886561411
0
VERTEX
8
L7
10
-27.0185522214028
20
-54.8697108295803
0
VERTEX
8
L7
10
-27.015398749369467
20
-54.87900065862499
0
VERTEX
8
L7
10
-27.011059689714955
20
-54.887799401197604
0
VERTEX
8
L7
10
-27.005609284952968
20
-54.89595650837326
0
VERTEX
8
L7
10
-26.999140793020118
20
-54.9033324097866
0
VERTEX
8
L7
10
-26.991764891606778
20
-54.90980090171945
0
VERTEX
8
L7
10
-26.98360778443113
20
-54.91525130648144
0
VERTEX
8
L7
10
-26.974809041858506
20
-54.91959036613596
0
VERTEX
8
L7
10
-26.965519212813817
20
-54.92274383816929
0
VERTEX
8
L7
10
-26.955897248847634
20
-54.924657765800646
0
VERTEX
8
L7
10
-26.94610778443112
20
-54.925299401197606
0
VERTEX
8
L7
10
-26.93631832001462
20
-54.924657765800646
0
VERTEX
8
L7
10
-26.92669635604844
20
-54.92274383816929
0
VERTEX
8
L7
10
-26.91740652700375
20
-54.91959036613596
0
VERTEX
8
L7
10
-26.908607784431126
20
-54.91525130648144
0
VERTEX
8
L7
10
-26.900450677255478
20
-54.90980090171945
0
VERTEX
8
L7
10
-26.893074775842138
20
-54.9033324097866
0
VERTEX
8
L7
10
-26.886606283909288
20
-54.89595650837326
0
VERTEX
8
L7
10
-26.8811558791473
20
-54.887799401197604
0
VERTEX
8
L7
10
-26.876816819492774
20
-54.87900065862499
0
VERTEX
8
L7
10
-26.87366334745944
20
-54.8697108295803
0
VERTEX
8
L7
10
-26.87174941982809
20
-54.86008886561411
0
VERTEX
8
L7
10
-26.871107784431132
20
-54.85029940119761
0
VERTEX
8
L7
10
-26.87174941982809
20
-54.8405099367811
0
VERTEX
8
L7
10
-26.87366334745944
20
-54.83088797281492
0
VERTEX
8
L7
10
-26.876816819492774
20
-54.821598143770224
0
VERTEX
8
L7
10
-26.8811558791473
20
-54.81279940119761
0
VERTEX
8
L7
10
-26.886606283909288
20
-54.80464229402195
0
VERTEX
8
L7
10
-26.893074775842138
20
-54.79726639260861
0
VERTEX
8
L7
10
-26.900450677255478
20
-54.79079790067576
0
VERTEX
8
L7
10
-26.908607784431126
20
-54.785347495913776
0
VERTEX
8
L7
10
-26.91740652700375
20
-54.78100843625926
0
VERTEX
8
L7
10
-26.92669635604844
20
-54.777854964225924
0
VERTEX
8
L7
10
-26.93631832001462
20
-54.775941036594574
0
VERTEX
8
L7
10
-26.94610778443112
20
-54.77529940119761
0
SEQEND
0
POLYLINE
8
L7
66
1
70
1
0
VERTEX
8
L7
10
-23.48274727560849
20
-53.268600029780735
0
VERTEX
8
L7
10
-23.49253674002499
20
-53.269241665177695
0
VERTEX
8
L7
10
-23.50215870399117
20
-53.27115559280905
0
VERTEX
8
L7
10
-23.51144853303586
20
-53.274309064842384
0
VERTEX
8
L7
10
-23.520247275608483
20
-53.2786481244969
0
VERTEX
8
L7
10
-23.52840438278413
20
-53.28409852925889
0
VERTEX
8
L7
10
-23.53578028419747
20
-53.29056702119174
0
VERTEX
8
L7
10
-23.54224877613032
20
-53.29794292260508
0
VERTEX
8
L7
10
-23.54769918089231
20
-53.30610002978073
0
VERTEX
8
L7
10
-23.552038240546835
20
-53.31489877235335
0
VERTEX
8
L7
10
-23.555191712580168
20
-53.32418860139804
0
VERTEX
8
L7
10
-23.557105640211518
20
-53.33381056536423
0
VERTEX
8
L7
10
-23.557747275608477
20
-53.34360002978073
0
VERTEX
8
L7
10
-23.557105640211518
20
-53.35338949419724
0
VERTEX
8
L7
10
-23.555191712580168
20
-53.36301145816342
0
VERTEX
8
L7
10
-23.552038240546835
20
-53.37230128720812
0
VERTEX
8
L7
10
-23.54769918089231
20
-53.38110002978073
0
VERTEX
8
L7
10
-23.54224877613032
20
-53.38925713695639
0
VERTEX
8
L7
10
-23.53578028419747
20
-53.39663303836972
0
VERTEX
8
L7
10
-23.52840438278413
20
-53.40310153030258
0
VERTEX
8
L7
10
-23.520247275608483
20
-53.408551935064565
0
VERTEX
8
L7
10
-23.51144853303586
20
-53.41289099471908
0
VERTEX
8
L7
10
-23.50215870399117
20
-53.41604446675241
0
VERTEX
8
L7
10
-23.49253674002499
20
-53.41795839438377
0
VERTEX
8
L7
10
-23.48274727560849
20
-53.418600029780734
0
VERTEX
8
L7
10
-23.472957811191975
20
-53.41795839438377
0
VERTEX
8
L7
10
-23.463335847225792
20
-53.41604446675241
0
VERTEX
8
L7
10
-23.454046018181103
20
-53.41289099471908
0
VERTEX
8
L7
10
-23.44524727560848
20
-53.408551935064565
0
VERTEX
8
L7
10
-23.43709016843283
20
-53.40310153030258
0
VERTEX
8
L7
10
-23.42971426701949
20
-53.39663303836972
0
VERTEX
8
L7
10
-23.42324577508664
20
-53.38925713695639
0
VERTEX
8
L7
10
-23.417795370324654
20
-53.38110002978073
0
VERTEX
8
L7
10
-23.413456310670142
20
-53.37230128720812
0
VERTEX
8
L7
10
-23.41030283863681
20
-53.36301145816342
0
VERTEX
8
L7
10
-23.408388911005446
20
-53.35338949419724
0
VERTEX
8
L7
10
-23.407747275608486
20
-53.34360002978073
0
VERTEX
8
L7
10
-23.408388911005446
20
-53.33381056536423
0
VERTEX
8
L7
10
-23.41030283863681
20
-53.32418860139804
0
VERTEX
8
L7
10
-23.413456310670142
20
-53.31489877235335
0
VERTEX
8
L7
10
-23.417795370324654
20
-53.30610002978073
0
VERTEX
8
L7
10
-23.42324577508664
20
-53.29794292260508
0
VERTEX
8
L7
10
-23.42971426701949
20
-53.29056702119174
0
VERTEX
8
L7
10
-23.43709016843283
20
-53.28409852925889
0
VERTEX
8
L7
10
-23.44524727560848
20
-53.2786481244969
0
VERTEX
8
L7
10
-23.454046018181103
20
-53.274309064842384
0
VERTEX
8
L7
10
-23.463335847225792
20
-53.27115559280905
0
VERTEX
8
L7
10
-23.472957811191975
20
-53.269241665177695
0
VERTEX
8
L7
10
-23.48274727560849
20
-53.268600029780735
0
SEQEND
0
POLYLINE
8
L7
66
1
70
1
0
VERTEX
8
L7
10
-26.94610778443112
20
-53.81721556886228
0
VERTEX
8
L7
10
-26.955897248847634
20
-53.81785720425924
0
VERTEX
8
L7
10
-26.965519212813817
20
-53.8197711318906
0
VERTEX
8
L7
10
-26.974809041858506
20
-53.82292460392393
0
VERTEX
8
L7
10
-26.98360778443113
20
-53.82726366357844
0
VERTEX
8
L7
10
-26.991764891606778
20
-53.83271406834044
0
VERTEX
8
L7
10
-26.999140793020118
20
-53.83918256027329
0
VERTEX
8
L7
10
-27.005609284952968
20
-53.84655846168663
0
VERTEX
8
L7
10
-27.011059689714955
20
-53.854715568862275
0
VERTEX
8
L7
10
-27.015398749369467
20
-53.8635143114349
0
VERTEX
8
L7
10
-27.0185522214028
20
-53.87280414047959
0
VERTEX
8
L7
10
-27.020466149034164
20
-53.88242610444578
0
VERTEX
8
L7
10
-27.021107784431123
20
-53.89221556886228
0
VERTEX
8
L7
10
-27.020466149034164
20
-53.90200503327878
0
VERTEX
8
L7
10
-27.0185522214028
20
-53.911626997244966
0
VERTEX
8
L7
10
-27.015398749369467
20
-53.92091682628966
0
VERTEX
8
L7
10
-27.011059689714955
20
-53.92971556886228
0
VERTEX
8
L7
10
-27.005609284952968
20
-53.937872676037934
0
VERTEX
8
L7
10
-26.999140793020118
20
-53.94524857745127
0
VERTEX
8
L7
10
-26.991764891606778
20
-53.95171706938412
0
VERTEX
8
L7
10
-26.98360778443113
20
-53.95716747414611
0
VERTEX
8
L7
10
-26.974809041858506
20
-53.96150653380062
0
VERTEX
8
L7
10
-26.965519212813817
20
-53.964660005833956
0
VERTEX
8
L7
10
-26.955897248847634
20
-53.96657393346531
0
VERTEX
8
L7
10
-26.94610778443112
20
-53.96721556886228
0
VERTEX
8
L7
10
-26.93631832001462
20
-53.96657393346531
0
VERTEX
8
L7
10
-26.92669635604844
20
-53.964660005833956
0
VERTEX
8
L7
10
-26.91740652700375
20
-53.96150653380062
0
VERTEX
8
L7
10
-26.908607784431126
20
-53.95716747414611
0
VERTEX
8
L7
10
-26.900450677255478
20
-53.95171706938412
0
VERTEX
8
L7
10
-26.893074775842138
20
-53.94524857745127
0
VERTEX
8
L7
10
-26.886606283909288
20
-53.937872676037934
0
VERTEX
8
L7
10
-26.8811558791473
20
-53.92971556886228
0
VERTEX
8
L7
10
-26.876816819492774
20
-53.92091682628966
0
VERTEX
8
L7
10
-26.87366334745944
20
-53.911626997244966
0
VERTEX
8
L7
10
-26.87174941982809
20
-53.90200503327878
0
VERTEX
8
L7
10
-26.871107784431132
20
-53.89221556886228
0
VERTEX
8
L7
10
-26.87174941982809
20
-53.88242610444578
0
VERTEX
8
L7
10
-26.87366334745944
20
-53.87280414047959
0
VERTEX
8
L7
10
-26.876816819492774
20
-53.8635143114349
0
VERTEX
8
L7
10
-26.8811558791473
20
-53.854715568862275
0
VERTEX
8
L7
10
-26.886606283909288
20
-53.84655846168663
0
VERTEX
8
L7
10
-26.893074775842138
20
-53.83918256027329
0
VERTEX
8
L7
10
-26.900450677255478
20
-53.83271406834044
0
VERTEX
8
L7
10
-26.908607784431126
20
-53.82726366357844
0
VERTEX
8
L7
10
-26.91740652700375
20
-53.82292460392393
0
VERTEX
8
L7
10
-26.92669635604844
20
-53.8197711318906
0
VERTEX
8
L7
10
-26.93631832001462
20
-53.81785720425924
0
VERTEX
8
L7
10
-26.94610778443112
20
-53.81721556886228
0
SEQEND
0
POLYLINE
8
L7
66
1
70
1
0
VERTEX
8
L7
10
-22.81437125748502
20
-55.61362275449102
0
VERTEX
8
L7
10
-22.82416072190152
20
-55.614264389887985
0
VERTEX
8
L7
10
-22.833782685867718
20
-55.61617831751934
0
VERTEX
8
L7
10
-22.843072514912407
20
-55.619331789552675
0
VERTEX
8
L7
10
-22.851871257485016
20
-55.62367084920719
0
VERTEX
8
L7
10
-22.86002836466068
20
-55.629121253969174
0
VERTEX
8
L7
10
-22.86740426607402
20
-55.63558974590203
0
VERTEX
8
L7
10
-22.87387275800687
20
-55.642965647315364
0
VERTEX
8
L7
10
-22.879323162768856
20
-55.65112275449102
0
VERTEX
8
L7
10
-22.883662222423368
20
-55.659921497063635
0
VERTEX
8
L7
10
-22.8868156944567
20
-55.66921132610833
0
VERTEX
8
L7
10
-22.888729622088064
20
-55.678833290074515
0
VERTEX
8
L7
10
-22.889371257485024
20
-55.68862275449102
0
VERTEX
8
L7
10
-22.888729622088064
20
-55.69841221890752
0
VERTEX
8
L7
10
-22.8868156944567
20
-55.70803418287371
0
VERTEX
8
L7
10
-22.883662222423368
20
-55.7173240119184
0
VERTEX
8
L7
10
-22.879323162768856
20
-55.72612275449102
0
VERTEX
8
L7
10
-22.87387275800687
20
-55.73427986166667
0
VERTEX
8
L7
10
-22.86740426607402
20
-55.74165576308001
0
VERTEX
8
L7
10
-22.86002836466068
20
-55.74812425501286
0
VERTEX
8
L7
10
-22.851871257485016
20
-55.753574659774856
0
VERTEX
8
L7
10
-22.843072514912407
20
-55.75791371942937
0
VERTEX
8
L7
10
-22.833782685867718
20
-55.7610671914627
0
VERTEX
8
L7
10
-22.82416072190152
20
-55.76298111909406
0
VERTEX
8
L7
10
-22.81437125748502
20
-55.76362275449102
0
VERTEX
8
L7
10
-22.80458179306852
20
-55.76298111909406
0
VERTEX
8
L7
10
-22.794959829102325
20
-55.7610671914627
0
VERTEX
8
L7
10
-22.785670000057635
20
-55.75791371942937
0
VERTEX
8
L7
10
-22.776871257485027
20
-55.753574659774856
0
VERTEX
8
L7
10
-22.768714150309364
20
-55.74812425501286
0
VERTEX
8
L7
10
-22.761338248896024
20
-55.74165576308001
0
VERTEX
8
L7
10
-22.754869756963174
20
-55.73427986166667
0
VERTEX
8
L7
10
-22.749419352201187
20
-55.72612275449102
0
VERTEX
8
L7
10
-22.745080292546675
20
-55.7173240119184
0
VERTEX
8
L7
10
-22.741926820513342
20
-55.70803418287371
0
VERTEX
8
L7
10
-22.74001289288198
20
-55.69841221890752
0
VERTEX
8
L7
10
-22.73937125748502
20
-55.68862275449102
0
VERTEX
8
L7
10
-22.74001289288198
20
-55.678833290074515
0
VERTEX
8
L7
10
-22.741926820513342
20
-55.66921132610833
0
VERTEX
8
L7
10
-22.745080292546675
20
-55.659921497063635
0
VERTEX
8
L7
10
-22.749419352201187
20
-55.65112275449102
0
VERTEX
8
L7
10
-22.754869756963174
20
-55.642965647315364
0
VERTEX
8
L7
10
-22.761338248896024
20
-55.63558974590203
0
VERTEX
8
L7
10
-22.768714150309364
20
-55.629121253969174
0
VERTEX
8
L7
10
-22.776871257485027
20
-55.62367084920719
0
VERTEX
8
L7
10
-22.785670000057635
20
-55.619331789552675
0
VERTEX
8
L7
10
-22.794959829102325
20
-55.61617831751934
0
VERTEX
8
L7
10
-22.80458179306852
20
-55.614264389887985
0
VERTEX
8
L7
10
-22.81437125748502
20
-55.61362275449102
0
SEQEND
0
POLYLINE
8
L7
66
1
70
1
0
VERTEX
8
L7
10
-26.94610778443112
20
-53.338173652694614
0
VERTEX
8
L7
10
-26.955897248847634
20
-53.338815288091574
0
VERTEX
8
L7
10
-26.965519212813817
20
-53.34072921572293
0
VERTEX
8
L7
10
-26.974809041858506
20
-53.34388268775626
0
VERTEX
8
L7
10
-26.98360778443113
20
-53.34822174741078
0
VERTEX
8
L7
10
-26.991764891606778
20
-53.35367215217277
0
VERTEX
8
L7
10
-26.999140793020118
20
-53.36014064410562
0
VERTEX
8
L7
10
-27.005609284952968
20
-53.36751654551896
0
VERTEX
8
L7
10
-27.011059689714955
20
-53.375673652694616
0
VERTEX
8
L7
10
-27.015398749369467
20
-53.38447239526723
0
VERTEX
8
L7
10
-27.0185522214028
20
-53.39376222431192
0
VERTEX
8
L7
10
-27.020466149034164
20
-53.40338418827811
0
VERTEX
8
L7
10
-27.021107784431123
20
-53.41317365269461
0
VERTEX
8
L7
10
-27.020466149034164
20
-53.42296311711112
0
VERTEX
8
L7
10
-27.0185522214028
20
-53.4325850810773
0
VERTEX
8
L7
10
-27.015398749369467
20
-53.441874910121996
0
VERTEX
8
L7
10
-27.011059689714955
20
-53.45067365269461
0
VERTEX
8
L7
10
-27.005609284952968
20
-53.45883075987027
0
VERTEX
8
L7
10
-26.999140793020118
20
-53.46620666128361
0
VERTEX
8
L7
10
-26.991764891606778
20
-53.47267515321646
0
VERTEX
8
L7
10
-26.98360778443113
20
-53.478125557978444
0
VERTEX
8
L7
10
-26.974809041858506
20
-53.48246461763296
0
VERTEX
8
L7
10
-26.965519212813817
20
-53.485618089666296
0
VERTEX
8
L7
10
-26.955897248847634
20
-53.487532017297646
0
VERTEX
8
L7
10
-26.94610778443112
20
-53.48817365269461
0
VERTEX
8
L7
10
-26.93631832001462
20
-53.487532017297646
0
VERTEX
8
L7
10
-26.92669635604844
20
-53.485618089666296
0
VERTEX
8
L7
10
-26.91740652700375
20
-53.48246461763296
0
VERTEX
8
L7
10
-26.908607784431126
20
-53.478125557978444
0
VERTEX
8
L7
10
-26.900450677255478
20
-53.47267515321646
0
VERTEX
8
L7
10
-26.893074775842138
20
-53.46620666128361
0
VERTEX
8
L7
10
-26.886606283909288
20
-53.45883075987027
0
VERTEX
8
L7
10
-26.8811558791473
20
-53.45067365269461
0
VERTEX
8
L7
10
-26.876816819492774
20
-53.441874910121996
0
VERTEX
8
L7
10
-26.87366334745944
20
-53.4325850810773
0
VERTEX
8
L7
10
-26.87174941982809
20
-53.42296311711112
0
VERTEX
8
L7
10
-26.871107784431132
20
-53.41317365269461
0
VERTEX
8
L7
10
-26.87174941982809
20
-53.40338418827811
0
VERTEX
8
L7
10
-26.87366334745944
20
-53.39376222431192
0
VERTEX
8
L7
10
-26.876816819492774
20
-53.38447239526723
0
VERTEX
8
L7
10
-26.8811558791473
20
-53.375673652694616
0
VERTEX
8
L7
10
-26.886606283909288
20
-53.36751654551896
0
VERTEX
8
L7
10
-26.893074775842138
20
-53.36014064410562
0
VERTEX
8
L7
10
-26.900450677255478
20
-53.35367215217277
0
VERTEX
8
L7
10
-26.908607784431126
20
-53.34822174741078
0
VERTEX
8
L7
10
-26.91740652700375
20
-53.34388268775626
0
VERTEX
8
L7
10
-26.92669635604844
20
-53.34072921572293
0
VERTEX
8
L7
10
-26.93631832001462
20
-53.338815288091574
0
VERTEX
8
L7
10
-26.94610778443112
20
-53.338173652694614
0
SEQEND
0
POLYLINE
8
L7
66
1
70
1
0
VERTEX
8
L7
10
-23.244791068946753
20
-55.36511976047905
0
VERTEX
8
L7
10
-23.254580533363253
20
-55.36576139587601
0
VERTEX
8
L7
10
-23.264202497329435
20
-55.36767532350736
0
VERTEX
8
L7
10
-23.273492326374125
20
-55.370828795540696
0
VERTEX
8
L7
10
-23.282291068946748
20
-55.37516785519521
0
VERTEX
8
L7
10
-23.290448176122396
20
-55.3806182599572
0
VERTEX
8
L7
10
-23.297824077535736
20
-55.38708675189005
0
VERTEX
8
L7
10
-23.304292569468586
20
-55.39446265330339
0
VERTEX
8
L7
10
-23.309742974230588
20
-55.40261976047904
0
VERTEX
8
L7
10
-23.3140820338851
20
-55.411418503051664
0
VERTEX
8
L7
10
-23.317235505918433
20
-55.42070833209635
0
VERTEX
8
L7
10
-23.319149433549782
20
-55.43033029606254
0
VERTEX
8
L7
10
-23.319791068946742
20
-55.44011976047904
0
VERTEX
8
L7
10
-23.319149433549782
20
-55.44990922489555
0
VERTEX
8
L7
10
-23.317235505918433
20
-55.45953118886173
0
VERTEX
8
L7
10
-23.3140820338851
20
-55.46882101790643
0
VERTEX
8
L7
10
-23.309742974230588
20
-55.477619760479044
0
VERTEX
8
L7
10
-23.304292569468586
20
-55.4857768676547
0
VERTEX
8
L7
10
-23.297824077535736
20
-55.49315276906803
0
VERTEX
8
L7
10
-23.290448176122396
20
-55.49962126100089
0
VERTEX
8
L7
10
-23.282291068946748
20
-55.50507166576288
0
VERTEX
8
L7
10
-23.273492326374125
20
-55.50941072541739
0
VERTEX
8
L7
10
-23.264202497329435
20
-55.51256419745072
0
VERTEX
8
L7
10
-23.254580533363253
20
-55.51447812508208
0
VERTEX
8
L7
10
-23.244791068946753
20
-55.515119760479045
0
VERTEX
8
L7
10
-23.23500160453024
20
-55.51447812508208
0
VERTEX
8
L7
10
-23.225379640564057
20
-55.51256419745072
0
VERTEX
8
L7
10
-23.216089811519367
20
-55.50941072541739
0
VERTEX
8
L7
10
-23.207291068946745
20
-55.50507166576288
0
VERTEX
8
L7
10
-23.199133961771096
20
-55.49962126100089
0
VERTEX
8
L7
10
-23.191758060357756
20
-55.49315276906803
0
VERTEX
8
L7
10
-23.185289568424906
20
-55.4857768676547
0
VERTEX
8
L7
10
-23.17983916366292
20
-55.477619760479044
0
VERTEX
8
L7
10
-23.175500104008407
20
-55.46882101790643
0
VERTEX
8
L7
10
-23.172346631975074
20
-55.45953118886173
0
VERTEX
8
L7
10
-23.17043270434371
20
-55.44990922489555
0
VERTEX
8
L7
10
-23.16979106894675
20
-55.44011976047904
0
VERTEX
8
L7
10
-23.17043270434371
20
-55.43033029606254
0
VERTEX
8
L7
10
-23.172346631975074
20
-55.42070833209635
0
VERTEX
8
L7
10
-23.175500104008407
20
-55.411418503051664
0
VERTEX
8
L7
10
-23.17983916366292
20
-55.40261976047904
0
VERTEX
8
L7
10
-23.185289568424906
20
-55.39446265330339
0
VERTEX
8
L7
10
-23.191758060357756
20
-55.38708675189005
0
VERTEX
8
L7
10
-23.199133961771096
20
-55.3806182599572
0
VERTEX
8
L7
10
-23.207291068946745
20
-55.37516785519521
0
VERTEX
8
L7
10
-23.216089811519367
20
-55.370828795540696
0
VERTEX
8
L7
10
-23.225379640564057
20
-55.36767532350736
0
VERTEX
8
L7
10
-23.23500160453024
20
-55.36576139587601
0
VERTEX
8
L7
10
-23.244791068946753
20
-55.36511976047905
0
SEQEND
0
POLYLINE
8
L7
66
1
70
1
0
VERTEX
8
L7
10
-26.94610778443112
20
-54.29625748502994
0
VERTEX
8
L7
10
-26.955897248847634
20
-54.29689912042691
0
VERTEX
8
L7
10
-26.965519212813817
20
-54.298813048058264
0
VERTEX
8
L7
10
-26.974809041858506
20
-54.3019665200916
0
VERTEX
8
L7
10
-26.98360778443113
20
-54.30630557974611
0
VERTEX
8
L7
10
-26.991764891606778
20
-54.311755984508096
0
VERTEX
8
L7
10
-26.999140793020118
20
-54.31822447644095
0
VERTEX
8
L7
10
-27.005609284952968
20
-54.325600377854286
0
VERTEX
8
L7
10
-27.011059689714955
20
-54.33375748502994
0
VERTEX
8
L7
10
-27.015398749369467
20
-54.34255622760256
0
VERTEX
8
L7
10
-27.0185522214028
20
-54.351846056647254
0
VERTEX
8
L7
10
-27.020466149034164
20
-54.36146802061344
0
VERTEX
8
L7
10
-27.021107784431123
20
-54.37125748502994
0
VERTEX
8
L7
10
-27.020466149034164
20
-54.38104694944644
0
VERTEX
8
L7
10
-27.0185522214028
20
-54.39066891341263
0
VERTEX
8
L7
10
-27.015398749369467
20
-54.39995874245732
0
VERTEX
8
L7
10
-27.011059689714955
20
-54.408757485029945
0
VERTEX
8
L7
10
-27.005609284952968
20
-54.41691459220559
0
VERTEX
8
L7
10
-26.999140793020118
20
-54.42429049361893
0
VERTEX
8
L7
10
-26.991764891606778
20
-54.43075898555178
0
VERTEX
8
L7
10
-26.98360778443113
20
-54.43620939031378
0
VERTEX
8
L7
10
-26.974809041858506
20
-54.44054844996829
0
VERTEX
8
L7
10
-26.965519212813817
20
-54.44370192200162
0
VERTEX
8
L7
10
-26.955897248847634
20
-54.44561584963298
0
VERTEX
8
L7
10
-26.94610778443112
20
-54.44625748502994
0
VERTEX
8
L7
10
-26.93631832001462
20
-54.44561584963298
0
VERTEX
8
L7
10
-26.92669635604844
20
-54.44370192200162
0
VERTEX
8
L7
10
-26.91740652700375
20
-54.44054844996829
0
VERTEX
8
L7
10
-26.908607784431126
20
-54.43620939031378
0
VERTEX
8
L7
10
-26.900450677255478
20
-54.43075898555178
0
VERTEX
8
L7
10
-26.893074775842138
20
-54.42429049361893
0
VERTEX
8
L7
10
-26.886606283909288
20
-54.41691459220559
0
VERTEX
8
L7
10
-26.8811558791473
20
-54.408757485029945
0
VERTEX
8
L7
10
-26.876816819492774
20
-54.39995874245732
0
VERTEX
8
L7
10
-26.87366334745944
20
-54.39066891341263
0
VERTEX
8
L7
10
-26.87174941982809
20
-54.38104694944644
0
VERTEX
8
L7
10
-26.871107784431132
20
-54.37125748502994
0
VERTEX
8
L7
10
-26.87174941982809
20
-54.36146802061344
0
VERTEX
8
L7
10
-26.87366334745944
20
-54.351846056647254
0
VERTEX
8
L7
10
-26.876816819492774
20
-54.34255622760256
0
VERTEX
8
L7
10
-26.8811558791473
20
-54.33375748502994
0
VERTEX
8
L7
10
-26.886606283909288
20
-54.325600377854286
0
VERTEX
8
L7
10
-26.893074775842138
20
-54.31822447644095
0
VERTEX
8
L7
10
-26.900450677255478
20
-54.311755984508096
0
VERTEX
8
L7
10
-26.908607784431126
20
-54.30630557974611
0
VERTEX
8
L7
10
-26.91740652700375
20
-54.3019665200916
0
VERTEX
8
L7
10
-26.92669635604844
20
-54.298813048058264
0
VERTEX
8
L7
10
-26.93631832001462
20
-54.29689912042691
0
VERTEX
8
L7
10
-26.94610778443112
20
-54.29625748502994
0
SEQEND
0
POLYLINE
8
L7
66
1
70
1
0
VERTEX
8
L7
10
-26.94610778443112
20
-55.254341317365274
0
VERTEX
8
L7
10
-26.955897248847634
20
-55.254982952762234
0
VERTEX
8
L7
10
-26.965519212813817
20
-55.25689688039359
0
VERTEX
8
L7
10
-26.974809041858506
20
-55.26005035242692
0
VERTEX
8
L7
10
-26.98360778443113
20
-55.264389412081435
0
VERTEX
8
L7
10
-26.991764891606778
20
-55.26983981684343
0
VERTEX
8
L7
10
-26.999140793020118
20
-55.27630830877628
0
VERTEX
8
L7
10
-27.005609284952968
20
-55.28368421018962
0
VERTEX
8
L7
10
-27.011059689714955
20
-55.29184131736527
0
VERTEX
8
L7
10
-27.015398749369467
20
-55.30064005993789
0
VERTEX
8
L7
10
-27.0185522214028
20
-55.30992988898258
0
VERTEX
8
L7
10
-27.020466149034164
20
-55.31955185294877
0
VERTEX
8
L7
10
-27.021107784431123
20
-55.32934131736527
0
VERTEX
8
L7
10
-27.020466149034164
20
-55.339130781781776
0
VERTEX
8
L7
10
-27.0185522214028
20
-55.34875274574796
0
VERTEX
8
L7
10
-27.015398749369467
20
-55.358042574792655
0
VERTEX
8
L7
10
-27.011059689714955
20
-55.36684131736527
0
VERTEX
8
L7
10
-27.005609284952968
20
-55.37499842454093
0
VERTEX
8
L7
10
-26.999140793020118
20
-55.38237432595426
0
VERTEX
8
L7
10
-26.991764891606778
20
-55.38884281788712
0
VERTEX
8
L7
10
-26.98360778443113
20
-55.394293222649104
0
VERTEX
8
L7
10
-26.974809041858506
20
-55.398632282303616
0
VERTEX
8
L7
10
-26.965519212813817
20
-55.40178575433695
0
VERTEX
8
L7
10
-26.955897248847634
20
-55.403699681968305
0
VERTEX
8
L7
10
-26.94610778443112
20
-55.40434131736527
0
VERTEX
8
L7
10
-26.93631832001462
20
-55.403699681968305
0
VERTEX
8
L7
10
-26.92669635604844
20
-55.40178575433695
0
VERTEX
8
L7
10
-26.91740652700375
20
-55.398632282303616
0
VERTEX
8
L7
10
-26.908607784431126
20
-55.394293222649104
0
VERTEX
8
L7
10
-26.900450677255478
20
-55.38884281788712
0
VERTEX
8
L7
10
-26.893074775842138
20
-55.38237432595426
0
VERTEX
8
L7
10
-26.886606283909288
20
-55.37499842454093
0
VERTEX
8
L7
10
-26.8811558791473
20
-55.36684131736527
0
VERTEX
8
L7
10
-26.876816819492774
20
-55.358042574792655
0
VERTEX
8
L7
10
-26.87366334745944
20
-55.34875274574796
0
VERTEX
8
L7
10
-26.87174941982809
20
-55.339130781781776
0
VERTEX
8
L7
10
-26.871107784431132
20
-55.32934131736527
0
VERTEX
8
L7
10
-26.87174941982809
20
-55.31955185294877
0
VERTEX
8
L7
10
-26.87366334745944
20
-55.30992988898258
0
VERTEX
8
L7
10
-26.876816819492774
20
-55.30064005993789
0
VERTEX
8
L7
10
-26.8811558791473
20
-55.29184131736527
0
VERTEX
8
L7
10
-26.886606283909288
20
-55.28368421018962
0
VERTEX
8
L7
10
-26.893074775842138
20
-55.27630830877628
0
VERTEX
8
L7
10
-26.900450677255478
20
-55.26983981684343
0
VERTEX
8
L7
10
-26.908607784431126
20
-55.264389412081435
0
VERTEX
8
L7
10
-26.91740652700375
20
-55.26005035242692
0
VERTEX
8
L7
10
-26.92669635604844
20
-55.25689688039359
0
VERTEX
8
L7
10
-26.93631832001462
20
-55.254982952762234
0
VERTEX
8
L7
10
-26.94610778443112
20
-55.254341317365274
0
SEQEND
0
POLYLINE
8
L7
66
1
70
1
0
VERTEX
8
L7
10
-26.94610778443112
20
-56.2124251497006
0
VERTEX
8
L7
10
-26.955897248847634
20
-56.21306678509757
0
VERTEX
8
L7
10
-26.965519212813817
20
-56.21498071272892
0
VERTEX
8
L7
10
-26.974809041858506
20
-56.218134184762256
0
VERTEX
8
L7
10
-26.98360778443113
20
-56.22247324441677
0
VERTEX
8
L7
10
-26.991764891606778
20
-56.227923649178756
0
VERTEX
8
L7
10
-26.999140793020118
20
-56.234392141111606
0
VERTEX
8
L7
10
-27.005609284952968
20
-56.241768042524946
0
VERTEX
8
L7
10
-27.011059689714955
20
-56.2499251497006
0
VERTEX
8
L7
10
-27.015398749369467
20
-56.25872389227322
0
VERTEX
8
L7
10
-27.0185522214028
20
-56.268013721317914
0
VERTEX
8
L7
10
-27.020466149034164
20
-56.277635685284096
0
VERTEX
8
L7
10
-27.021107784431123
20
-56.2874251497006
0
VERTEX
8
L7
10
-27.020466149034164
20
-56.2972146141171
0
VERTEX
8
L7
10
-27.0185522214028
20
-56.30683657808329
0
VERTEX
8
L7
10
-27.015398749369467
20
-56.31612640712798
0
VERTEX
8
L7
10
-27.011059689714955
20
-56.3249251497006
0
VERTEX
8
L7
10
-27.005609284952968
20
-56.33308225687625
0
VERTEX
8
L7
10
-26.999140793020118
20
-56.34045815828959
0
VERTEX
8
L7
10
-26.991764891606778
20
-56.34692665022244
0
VERTEX
8
L7
10
-26.98360778443113
20
-56.35237705498443
0
VERTEX
8
L7
10
-26.974809041858506
20
-56.35671611463895
0
VERTEX
8
L7
10
-26.965519212813817
20
-56.35986958667228
0
VERTEX
8
L7
10
-26.955897248847634
20
-56.36178351430364
0
VERTEX
8
L7
10
-26.94610778443112
20
-56.3624251497006
0
VERTEX
8
L7
10
-26.93631832001462
20
-56.36178351430364
0
VERTEX
8
L7
10
-26.92669635604844
20
-56.35986958667228
0
VERTEX
8
L7
10
-26.91740652700375
20
-56.35671611463895
0
VERTEX
8
L7
10
-26.908607784431126
20
-56.35237705498443
0
VERTEX
8
L7
10
-26.900450677255478
20
-56.34692665022244
0
VERTEX
8
L7
10
-26.893074775842138
20
-56.34045815828959
0
VERTEX
8
L7
10
-26.886606283909288
20
-56.33308225687625
0
VERTEX
8
L7
10
-26.8811558791473
20
-56.3249251497006
0
VERTEX
8
L7
10
-26.876816819492774
20
-56.31612640712798
0
VERTEX
8
L7
10
-26.87366334745944
20
-56.30683657808329
0
VERTEX
8
L7
10
-26.87174941982809
20
-56.2972146141171
0
VERTEX
8
L7
10
-26.871107784431132
20
-56.2874251497006
0
VERTEX
8
L7
10
-26.87174941982809
20
-56.277635685284096
0
VERTEX
8
L7
10
-26.87366334745944
20
-56.268013721317914
0
VERTEX
8
L7
10
-26.876816819492774
20
-56.25872389227322
0
VERTEX
8
L7
10
-26.8811558791473
20
-56.2499251497006
0
VERTEX
8
L7
10
-26.886606283909288
20
-56.241768042524946
0
VERTEX
8
L7
10
-26.893074775842138
20
-56.234392141111606
0
VERTEX
8
L7
10
-26.900450677255478
20
-56.227923649178756
0
VERTEX
8
L7
10
-26.908607784431126
20
-56.22247324441677
0
VERTEX
8
L7
10
-26.91740652700375
20
-56.218134184762256
0
VERTEX
8
L7
10
-26.92669635604844
20
-56.21498071272892
0
VERTEX
8
L7
10
-26.93631832001462
20
-56.21306678509757
0
VERTEX
8
L7
10
-26.94610778443112
20
-56.2124251497006
0
SEQEND
0
POLYLINE
8
L7
66
1
70
1
0
VERTEX
8
L7
10
-14.362506416988111
20
-55.985063635767126
0
VERTEX
8
L7
10
-14.333471042321278
20
-55.98174434533045
0
VERTEX
8
L7
10
-14.306787086581735
20
-55.9698264102267
0
VERTEX
8
L7
10
-14.284937322673201
20
-55.95041871875687
0
VERTEX
8
L7
10
-14.269954732598563
20
-55.92532703356631
0
VERTEX
8
L7
10
-14.263233351373756
20
-55.89688597687923
0
VERTEX
8
L7
10
-14.265398560907784
20
-55.86774180870238
0
VERTEX
8
L7
10
-14.27624890218108
20
-55.840606209108856
0
VERTEX
8
L7
10
-14.294774819729966
20
-55.81800397359954
0
VERTEX
8
L7
10
-14.319252594381922
20
-55.80203809688904
0
VERTEX
8
L7
10
-14.347404724396142
20
-55.79419410258068
0
VERTEX
8
L7
10
-14.376611832560954
20
-55.79520182461346
0
VERTEX
8
L7
10
-14.404156382636444
20
-55.804967500841244
0
VERTEX
8
L7
10
-14.42747552887215
20
-55.822582497006
0
VERTEX
8
L7
10
-14.444399572555625
20
-55.84640784939473
0
VERTEX
8
L7
10
-14.45335383872154
20
-55.8742267600218
0
VERTEX
8
L7
10
-14.453505189673749
20
-55.9034508556269
0
VERTEX
8
L7
10
-14.444839543165727
20
-55.931361019396476
0
VERTEX
8
L7
10
-14.42816318266432
20
-55.95536038754387
0
VERTEX
8
L7
10
-14.467041855759078
20
-56.01591121176228
0
VERTEX
8
L7
10
-14.513481093289542
20
-56.07087802677579
0
VERTEX
8
L7
10
-14.56668857544092
20
-56.11932302010067
0
VERTEX
8
L7
10
-14.625756506464555
20
-56.16041965085949
0
VERTEX
8
L7
10
-14.689677102971729
20
-56.19346675175057
0
VERTEX
8
L7
10
-14.757359788159789
20
-56.217900491965125
0
VERTEX
8
L7
10
-14.827649798612228
20
-56.23330399694728
0
VERTEX
8
L7
10
-14.89934788621423
20
-56.23941446087025
0
VERTEX
8
L7
10
-14.971230779040852
20
-56.236127630479665
0
VERTEX
8
L7
10
-15.042072052125647
20
-56.22349958380316
0
VERTEX
8
L7
10
-15.110663052024833
20
-56.201745773379066
0
VERTEX
8
L7
10
-15.175833518173775
20
-56.1712373503279
0
VERTEX
8
L7
10
-15.236471549206001
20
-56.13249483198341
0
VERTEX
8
L7
10
-15.29154257358094
20
-56.08617922112234
0
VERTEX
8
L7
10
-15.340107000854147
20
-56.033080728311674
0
VERTEX
8
L7
10
-15.381336252434153
20
-55.97410528978604
0
VERTEX
8
L7
10
-15.4145268983184
20
-55.91025911087982
0
VERTEX
8
L7
10
-15.439112658615215
20
-55.84263149872497
0
VERTEX
8
L7
10
-15.454674065088668
20
-55.77237627711329
0
VERTEX
8
L7
10
-15.460945617886708
20
-55.700692100612194
0
VERTEX
8
L7
10
-15.457820315348329
20
-55.62880200380337
0
VERTEX
8
L7
10
-15.44535147960498
20
-55.55793253456348
0
VERTEX
8
L7
10
-15.42375184682875
20
-55.48929282740304
0
VERTEX
8
L7
10
-15.393389937648948
20
-55.42405397390226
0
VERTEX
8
L7
10
-15.354783769663143
20
-55.36332904221362
0
VERTEX
8
L7
10
-15.308592019315924
20
-55.30815408652719
0
VERTEX
8
L7
10
-15.255602783936752
20
-55.259470470504255
0
VERTEX
8
L7
10
-15.19672013567218
20
-55.21810880626683
0
VERTEX
8
L7
10
-15.132948696722053
20
-55.18477478296677
0
VERTEX
8
L7
10
-15.065376499047758
20
-55.16003712671957
0
VERTEX
8
L7
10
-14.995156420990781
20
-55.14431789732332
0
VERTEX
8
L7
10
-14.923486517519265
20
-55.13788528731487
0
VERTEX
8
L7
10
-14.851589579696565
20
-55.140849046221604
0
VERTEX
8
L7
10
-14.780692272116823
20
-55.15315860807747
0
VERTEX
8
L7
10
-14.71200420425248
20
-55.174603954150726
0
VERTEX
8
L7
10
-14.646697292786499
20
-55.20481919616388
0
VERTEX
8
L7
10
-14.58588576703761
20
-55.24328881887102
0
VERTEX
8
L7
10
-14.530607158614387
20
-55.2893564754853
0
VERTEX
8
L7
10
-14.481804599642075
20
-55.34223618589386
0
VERTEX
8
L7
10
-14.494060162211937
20
-55.36876676932399
0
VERTEX
8
L7
10
-14.497747609000925
20
-55.39775768871654
0
VERTEX
8
L7
10
-14.492523846463982
20
-55.426511522826175
0
VERTEX
8
L7
10
-14.478874912586178
20
-55.452352909690006
0
VERTEX
8
L7
10
-14.458070754129807
20
-55.47287747209628
0
VERTEX
8
L7
10
-14.432047066139631
20
-55.48617552964004
0
VERTEX
8
L7
10
-14.40322518779142
20
-55.491009782377304
0
VERTEX
8
L7
10
-14.37428681213305
20
-55.486930433740326
0
VERTEX
8
L7
10
-14.347924471548524
20
-55.474317041256455
0
VERTEX
8
L7
10
-14.326591014690422
20
-55.45434320112667
0
VERTEX
8
L7
10
-14.312271384464012
20
-55.428867352539704
0
VERTEX
8
L7
10
-14.30629793167455
20
-55.4002598616882
0
VERTEX
8
L7
10
-14.309226448232067
20
-55.37118247422269
0
VERTEX
8
L7
10
-14.320784454237838
20
-55.34434065669449
0
VERTEX
8
L7
10
-14.339896550511483
20
-55.322231870045876
0
VERTEX
8
L7
10
-14.36478447766656
20
-55.30691319670349
0
VERTEX
8
L7
10
-14.393132571872215
20
-55.29980994210054
0
VERTEX
8
L7
10
-14.422303222691198
20
-55.30158301904277
0
VERTEX
8
L7
10
-14.47295120798239
20
-55.2451653679361
0
VERTEX
8
L7
10
-14.530079629576605
20
-55.19532047635627
0
VERTEX
8
L7
10
-14.59284175137546
20
-55.1527871266439
0
VERTEX
8
L7
10
-14.660307336683218
20
-55.1181957322006
0
VERTEX
8
L7
10
-14.731476435827119
20
-55.09205899373734
0
VERTEX
8
L7
10
-14.805294207037463
20
-55.07476430021628
0
VERTEX
8
L7
10
-14.880666550917823
20
-55.06656798711643
0
VERTEX
8
L7
10
-14.956476326777079
20
-55.06759153712506
0
VERTEX
8
L7
10
-15.031599910470902
20
-55.077819779566774
0
VERTEX
8
L7
10
-15.104923848338643
20
-55.09710111525754
0
VERTEX
8
L7
10
-15.175361360396934
20
-55.12514976345111
0
VERTEX
8
L7
10
-15.241868448186281
20
-55.16154999757441
0
VERTEX
8
L7
10
-15.303459368525651
20
-55.20576230697122
0
VERTEX
8
L7
10
-15.359221243829282
20
-55.25713139332745
0
VERTEX
8
L7
10
-15.408327592436805
20
-55.31489588325756
0
VERTEX
8
L7
10
-15.450050578415357
20
-55.378199613096214
0
VERTEX
8
L7
10
-15.48377179927148
20
-55.44610431863584
0
VERTEX
8
L7
10
-15.508991451681652
20
-55.517603541727844
0
VERTEX
8
L7
10
-15.525335739390215
20
-55.59163754762885
0
VERTEX
8
L7
10
-15.532562413477649
20
-55.66710903199271
0
VERTEX
8
L7
10
-15.530564362883467
20
-55.74289938470513
0
VERTEX
8
L7
10
-15.519371201966294
20
-55.81788526950442
0
VERTEX
8
L7
10
-15.499148831570892
20
-55.890955273651414
0
VERTEX
8
L7
10
-15.470196980107929
20
-55.96102638087342
0
VERTEX
8
L7
10
-15.43294476109159
20
-56.02706002342635
0
VERTEX
8
L7
10
-15.387944312979485
20
-56.088077475357416
0
VERTEX
8
L7
10
-15.335862615582982
20
-56.14317435881511
0
VERTEX
8
L7
10
-15.277471604341955
20
-56.19153404839951
0
VERTEX
8
L7
10
-15.213636728986259
20
-56.23243977487851
0
VERTEX
8
L7
10
-15.145304126163694
20
-56.265285248873305
0
VERTEX
8
L7
10
-15.073486596156329
20
-56.28958364705283
0
VERTEX
8
L7
10
-14.999248591533586
20
-56.304974827647065
0
VERTEX
8
L7
10
-14.923690440234367
20
-56.31123066833366
0
VERTEX
8
L7
10
-14.847932036917882
20
-56.308258447381704
0
VERTEX
8
L7
10
-14.77309624430383
20
-56.296102217938504
0
VERTEX
8
L7
10
-14.700292250521116
20
-56.27494215509034
0
VERTEX
8
L7
10
-14.630599129136328
20
-56.24509188537472
0
VERTEX
8
L7
10
-14.565049845528833
20
-56.20699383832512
0
VERTEX
8
L7
10
-14.504615946664273
20
-56.16121268894592
0
VERTEX
8
L7
10
-14.450193161188892
20
-56.10842698831072
0
VERTEX
8
L7
10
-14.402588123274398
20
-56.04941910633203
0
VERTEX
8
L7
10
-14.362506416988111
20
-55.985063635767126
0
SEQEND
0
POLYLINE
8
L7
66
1
70
1
0
VERTEX
8
L7
10
-18.29319276212648
20
-53.25647419100409
0
VERTEX
8
L7
10
-18.322246291514077
20
-53.248402351366984
0
VERTEX
8
L7
10
-18.352369667095445
20
-53.249760441417926
0
VERTEX
8
L7
10
-18.380578978774977
20
-53.26041393378289
0
VERTEX
8
L7
10
-18.40407991654301
20
-53.279307532937786
0
VERTEX
8
L7
10
-18.42054456448345
20
-53.30456970887733
0
VERTEX
8
L7
10
-18.428341995508532
20
-53.33369808395065
0
VERTEX
8
L7
10
-18.426699824959954
20
-53.36380730912986
0
VERTEX
8
L7
10
-18.41578072017441
20
-53.3919148760058
0
VERTEX
8
L7
10
-18.396666287259322
20
-53.4152365530325
0
VERTEX
8
L7
10
-18.371249931194953
20
-53.431462181199436
0
VERTEX
8
L7
10
-18.342049302144673
20
-53.43898450983298
0
VERTEX
8
L7
10
-18.311956906347916
20
-53.43705840489953
0
VERTEX
8
L7
10
-18.28395358515752
20
-53.42587465922511
0
VERTEX
8
L7
10
-18.260813243927643
20
-53.40654109326412
0
VERTEX
8
L7
10
-18.244828079215935
20
-53.3809728185053
0
VERTEX
8
L7
10
-18.23758152227613
20
-53.35170253361565
0
VERTEX
8
L7
10
-18.239791390218485
20
-53.32162964468425
0
VERTEX
8
L7
10
-18.186448987165647
20
-53.29243724015902
0
VERTEX
8
L7
10
-18.129259682771462
20
-53.271773457632
0
VERTEX
8
L7
10
-18.069577359008335
20
-53.26012748512433
0
VERTEX
8
L7
10
-18.00881491682118
20
-53.25777502580106
0
VERTEX
8
L7
10
-17.948410827545658
20
-53.26477177105943
0
VERTEX
8
L7
10
-17.889795078981024
20
-53.28095208210787
0
VERTEX
8
L7
10
-17.834355322299544
20
-53.30593291124771
0
VERTEX
8
L7
10
-17.78340402122012
20
-53.339122870026365
0
VERTEX
8
L7
10
-17.738147381146618
20
-53.37973622958542
0
VERTEX
8
L7
10
-17.699656793832744
20
-53.426811521763476
0
VERTEX
8
L7
10
-17.668843473583806
20
-53.47923430059721
0
VERTEX
8
L7
10
-17.646436885449873
20
-53.53576352537177
0
VERTEX
8
L7
10
-17.63296747609509
20
-53.59506094063625
0
VERTEX
8
L7
10
-17.62875411616662
20
-53.655722757650985
0
VERTEX
8
L7
10
-17.63389655144931
20
-53.716312887249615
0
VERTEX
8
L7
10
-17.648273041514642
20
-53.7753969373716
0
VERTEX
8
L7
10
-17.671543241766145
20
-53.831576170417904
0
VERTEX
8
L7
10
-17.703156260652506
20
-53.88352061653398
0
VERTEX
8
L7
10
-17.74236370130447
20
-53.93000055890635
0
VERTEX
8
L7
10
-17.788237378851676
20
-53.969915645699565
0
VERTEX
8
L7
10
-17.839691293985382
20
-54.00232093944657
0
VERTEX
8
L7
10
-17.895507342571435
20
-54.02644928720712
0
VERTEX
8
L7
10
-17.954364152672326
20
-54.041729481910195
0
VERTEX
8
L7
10
-18.014868366299254
20
-54.04779978493415
0
VERTEX
8
L7
10
-18.07558762533992
20
-54.04451648979543
0
VERTEX
8
L7
10
-18.135084480763155
20
-54.03195732421158
0
VERTEX
8
L7
10
-18.19195042234439
20
-54.01041960999921
0
VERTEX
8
L7
10
-18.244839223302833
20
-53.9804132243689
0
VERTEX
8
L7
10
-18.292498810459378
20
-53.94264852924921
0
VERTEX
8
L7
10
-18.33380090543143
20
-53.898019554397266
0
VERTEX
8
L7
10
-18.36776773514761
20
-53.84758283241371
0
VERTEX
8
L7
10
-18.393595179346264
20
-53.792532386715415
0
VERTEX
8
L7
10
-18.410671807070784
20
-53.73417146459303
0
VERTEX
8
L7
10
-18.397555091611267
20
-53.72441703535559
0
VERTEX
8
L7
10
-18.38628744912097
20
-53.712574850299404
0
VERTEX
8
L7
10
-18.098742490998774
20
-53.712574850299404
0
VERTEX
8
L7
10
-18.077045560147994
20
-53.732446290022466
0
VERTEX
8
L7
10
-18.050341753660888
20
-53.74479690312913
0
VERTEX
8
L7
10
-18.021149321942872
20
-53.748461989130796
0
VERTEX
8
L7
10
-17.992221200349576
20
-53.74309591923804
0
VERTEX
8
L7
10
-17.966285398985647
20
-53.729204730209666
0
VERTEX
8
L7
10
-17.945787743030763
20
-53.70809840354286
0
VERTEX
8
L7
10
-17.932661223964743
20
-53.681767330222165
0
VERTEX
8
L7
10
-17.928143712574837
20
-53.65269461077845
0
VERTEX
8
L7
10
-17.932661223964743
20
-53.623621891334736
0
VERTEX
8
L7
10
-17.945787743030763
20
-53.59729081801404
0
VERTEX
8
L7
10
-17.966285398985647
20
-53.57618449134723
0
VERTEX
8
L7
10
-17.992221200349576
20
-53.56229330231886
0
VERTEX
8
L7
10
-18.021149321942872
20
-53.5569272324261
0
VERTEX
8
L7
10
-18.050341753660888
20
-53.560592318427766
0
VERTEX
8
L7
10
-18.077045560147994
20
-53.57294293153443
0
VERTEX
8
L7
10
-18.098742490998774
20
-53.59281437125749
0
VERTEX
8
L7
10
-18.38628744912097
20
-53.59281437125749
0
VERTEX
8
L7
10
-18.407859385131403
20
-53.57302628645608
0
VERTEX
8
L7
10
-18.43439946190007
20
-53.56067553552912
0
VERTEX
8
L7
10
-18.463430064720484
20
-53.55691510693253
0
VERTEX
8
L7
10
-18.492241079032183
20
-53.5620960506378
0
VERTEX
8
L7
10
-18.518142889677335
20
-53.57573470631383
0
VERTEX
8
L7
10
-18.538717466461875
20
-53.59655785481456
0
VERTEX
8
L7
10
-18.552044096252033
20
-53.622621577913584
0
VERTEX
8
L7
10
-18.55687868867669
20
-53.651492730288126
0
VERTEX
8
L7
10
-18.552769916582776
20
-53.680476082668875
0
VERTEX
8
L7
10
-18.540101349100595
20
-53.706865931499365
0
VERTEX
8
L7
10
-18.520055644041534
20
-53.728198686408916
0
VERTEX
8
L7
10
-18.494504142400118
20
-53.742482855520755
0
VERTEX
8
L7
10
-18.47761811663321
20
-53.80653965942984
0
VERTEX
8
L7
10
-18.452056548922556
20
-53.867654455096854
0
VERTEX
8
L7
10
-18.41830825800848
20
-53.924658532614394
0
VERTEX
8
L7
10
-18.377018618902355
20
-53.976461792123175
0
VERTEX
8
L7
10
-18.328977221257077
20
-54.02207358999977
0
VERTEX
8
L7
10
-18.27510276989331
20
-54.06062168312382
0
VERTEX
8
L7
10
-18.21642551623181
20
-54.091368908949754
0
VERTEX
8
L7
10
-18.15406755659876
20
-54.11372728240692
0
VERTEX
8
L7
10
-18.089221374163486
20
-54.127269240050374
0
VERTEX
8
L7
10
-18.02312703485505
20
-54.131735816438265
0
VERTEX
8
L7
10
-17.95704847334477
20
-54.127041596377424
0
VERTEX
8
L7
10
-17.892249322582103
20
-54.11327634833444
0
VERTEX
8
L7
10
-17.829968749100487
20
-54.09070330777612
0
VERTEX
8
L7
10
-17.77139775619908
20
-54.05975414326737
0
VERTEX
8
L7
10
-17.717656408159243
20
-54.021020701590835
0
VERTEX
8
L7
10
-17.669772411041478
20
-53.97524368974785
0
VERTEX
8
L7
10
-17.628661459666105
20
-53.92329851027701
0
VERTEX
8
L7
10
-17.595109726606395
20
-53.866178520764244
0
VERTEX
8
L7
10
-17.569758828060372
20
-53.804976037676084
0
VERTEX
8
L7
10
-17.55309355410168
20
-53.74086144778324
0
VERTEX
8
L7
10
-17.545432597946444
20
-53.67506082663089
0
VERTEX
8
L7
10
-17.5469224615221
20
-53.608832492061964
0
VERTEX
8
L7
10
-17.55753465388301
20
-53.54344294116473
0
VERTEX
8
L7
10
-17.577066236048225
20
-53.480142630807116
0
VERTEX
8
L7
10
-17.60514370184248
20
-53.42014206491128
0
VERTEX
8
L7
10
-17.641230120525975
20
-53.364588645755966
0
VERTEX
8
L7
10
-17.68463540462355
20
-53.314544731983595
0
VERTEX
8
L7
10
-17.734529506599145
20
-53.270967322913116
0
VERTEX
8
L7
10
-17.789958292013424
20
-53.2346897576593
0
VERTEX
8
L7
10
-17.84986178561877
20
-53.20640577902968
0
VERTEX
8
L7
10
-17.913094441468417
20
-53.18665626694842
0
VERTEX
8
L7
10
-17.978447049410264
20
-53.175818895106225
0
VERTEX
8
L7
10
-18.04466985904358
20
-53.174100908634216
0
VERTEX
8
L7
10
-18.11049647893448
20
-53.18153516091576
0
VERTEX
8
L7
10
-18.174668094061218
20
-53.1979794853249
0
VERTEX
8
L7
10
-18.23595753837415
20
-53.22311941390591
0
VERTEX
8
L7
10
-18.29319276212648
20
-53.25647419100409
0
SEQEND
0
POLYLINE
8
L7
66
1
70
1
0
VERTEX
8
L7
10
-17.425149700598794
20
-55.59281437125749
0
VERTEX
8
L7
10
-17.43765520404503
20
-55.5936340252576
0
VERTEX
8
L7
10
-17.449946734860106
20
-55.59607896275075
0
VERTEX
8
L7
10
-17.461813981543955
20
-55.60010735017856
0
VERTEX
8
L7
10
-17.47305389221556
20
-55.605650260715265
0
VERTEX
8
L7
10
-17.483474148887055
20
-55.612612853624796
0
VERTEX
8
L7
10
-17.492896458077738
20
-55.62087599701207
0
VERTEX
8
L7
10
-17.50115960146502
20
-55.63029830620276
0
VERTEX
8
L7
10
-17.50812219437455
20
-55.640718562874255
0
VERTEX
8
L7
10
-17.513665104911254
20
-55.65195847354586
0
VERTEX
8
L7
10
-17.517693492339063
20
-55.6638257202297
0
VERTEX
8
L7
10
-17.520138429832215
20
-55.676117251044786
0
VERTEX
8
L7
10
-17.520958083832326
20
-55.68862275449102
0
VERTEX
8
L7
10
-17.520138429832215
20
-55.70112825793725
0
VERTEX
8
L7
10
-17.517693492339063
20
-55.71341978875234
0
VERTEX
8
L7
10
-17.513665104911254
20
-55.725287035436175
0
VERTEX
8
L7
10
-17.50812219437455
20
-55.73652694610779
0
VERTEX
8
L7
10
-17.50115960146502
20
-55.74694720277928
0
VERTEX
8
L7
10
-17.492896458077738
20
-55.75636951196997
0
VERTEX
8
L7
10
-17.483474148887055
20
-55.76463265535725
0
VERTEX
8
L7
10
-17.47305389221556
20
-55.77159524826677
0
VERTEX
8
L7
10
-17.461813981543955
20
-55.777138158803474
0
VERTEX
8
L7
10
-17.449946734860106
20
-55.78116654623129
0
VERTEX
8
L7
10
-17.43765520404503
20
-55.783611483724435
0
VERTEX
8
L7
10
-17.425149700598794
20
-55.78443113772455
0
VERTEX
8
L7
10
-17.41264419715256
20
-55.783611483724435
0
VERTEX
8
L7
10
-17.40035266633747
20
-55.78116654623129
0
VERTEX
8
L7
10
-17.388485419653634
20
-55.777138158803474
0
VERTEX
8
L7
10
-17.37724550898203
20
-55.77159524826677
0
VERTEX
8
L7
10
-17.366825252310534
20
-55.76463265535725
0
VERTEX
8
L7
10
-17.357402943119837
20
-55.75636951196997
0
VERTEX
8
L7
10
-17.34913979973257
20
-55.74694720277928
0
VERTEX
8
L7
10
-17.342177206823038
20
-55.73652694610779
0
VERTEX
8
L7
10
-17.336634296286334
20
-55.725287035436175
0
VERTEX
8
L7
10
-17.332605908858525
20
-55.71341978875234
0
VERTEX
8
L7
10
-17.330160971365373
20
-55.70112825793725
0
VERTEX
8
L7
10
-17.329341317365262
20
-55.68862275449102
0
VERTEX
8
L7
10
-17.330160971365373
20
-55.676117251044786
0
VERTEX
8
L7
10
-17.332605908858525
20
-55.6638257202297
0
VERTEX
8
L7
10
-17.336634296286334
20
-55.65195847354586
0
VERTEX
8
L7
10
-17.342177206823038
20
-55.640718562874255
0
VERTEX
8
L7
10
-17.34913979973257
20
-55.63029830620276
0
VERTEX
8
L7
10
-17.357402943119837
20
-55.62087599701207
0
VERTEX
8
L7
10
-17.366825252310534
20
-55.612612853624796
0
VERTEX
8
L7
10
-17.37724550898203
20
-55.605650260715265
0
VERTEX
8
L7
10
-17.388485419653634
20
-55.60010735017856
0
VERTEX
8
L7
10
-17.40035266633747
20
-55.59607896275075
0
VERTEX
8
L7
10
-17.41264419715256
20
-55.5936340252576
0
VERTEX
8
L7
10
-17.425149700598794
20
-55.59281437125749
0
SEQEND
0
POLYLINE
8
L7
66
1
70
1
0
VERTEX
8
L7
10
-17.913026118626135
20
-55.30158301904277
0
VERTEX
8
L7
10
-17.942196769445133
20
-55.29980994210054
0
VERTEX
8
L7
10
-17.970544863650787
20
-55.30691319670349
0
VERTEX
8
L7
10
-17.995432790805864
20
-55.322231870045876
0
VERTEX
8
L7
10
-18.014544887079495
20
-55.34434065669449
0
VERTEX
8
L7
10
-18.02610289308528
20
-55.37118247422269
0
VERTEX
8
L7
10
-18.029031409642798
20
-55.4002598616882
0
VERTEX
8
L7
10
-18.023057956853336
20
-55.428867352539704
0
VERTEX
8
L7
10
-18.008738326626926
20
-55.45434320112667
0
VERTEX
8
L7
10
-17.987404869768824
20
-55.474317041256455
0
VERTEX
8
L7
10
-17.961042529184297
20
-55.48693043374032
0
VERTEX
8
L7
10
-17.932104153525927
20
-55.491009782377304
0
VERTEX
8
L7
10
-17.903282275177716
20
-55.486175529640036
0
VERTEX
8
L7
10
-17.87725858718754
20
-55.47287747209628
0
VERTEX
8
L7
10
-17.85645442873117
20
-55.452352909690006
0
VERTEX
8
L7
10
-17.842805494853366
20
-55.426511522826175
0
VERTEX
8
L7
10
-17.83758173231641
20
-55.39775768871654
0
VERTEX
8
L7
10
-17.84126917910541
20
-55.36876676932399
0
VERTEX
8
L7
10
-17.853524741675272
20
-55.34223618589386
0
VERTEX
8
L7
10
-17.80472218270296
20
-55.2893564754853
0
VERTEX
8
L7
10
-17.749443574279738
20
-55.24328881887102
0
VERTEX
8
L7
10
-17.68863204853085
20
-55.204819196163875
0
VERTEX
8
L7
10
-17.623325137064867
20
-55.174603954150726
0
VERTEX
8
L7
10
-17.55463706920051
20
-55.15315860807747
0
VERTEX
8
L7
10
-17.483739761620782
20
-55.140849046221604
0
VERTEX
8
L7
10
-17.411842823798082
20
-55.137885287314866
0
VERTEX
8
L7
10
-17.34017292032655
20
-55.14431789732332
0
VERTEX
8
L7
10
-17.26995284226959
20
-55.16003712671957
0
VERTEX
8
L7
10
-17.202380644595294
20
-55.18477478296677
0
VERTEX
8
L7
10
-17.138609205645167
20
-55.21810880626683
0
VERTEX
8
L7
10
-17.079726557380596
20
-55.259470470504255
0
VERTEX
8
L7
10
-17.02673732200141
20
-55.30815408652719
0
VERTEX
8
L7
10
-16.980545571654204
20
-55.36332904221362
0
VERTEX
8
L7
10
-16.941939403668385
20
-55.42405397390226
0
VERTEX
8
L7
10
-16.911577494488597
20
-55.48929282740304
0
VERTEX
8
L7
10
-16.889977861712367
20
-55.55793253456348
0
VERTEX
8
L7
10
-16.87750902596902
20
-55.62880200380337
0
VERTEX
8
L7
10
-16.874383723430626
20
-55.700692100612194
0
VERTEX
8
L7
10
-16.880655276228666
20
-55.772376277113295
0
VERTEX
8
L7
10
-16.896216682702132
20
-55.84263149872498
0
VERTEX
8
L7
10
-16.920802442998948
20
-55.91025911087982
0
VERTEX
8
L7
10
-16.953993088883195
20
-55.97410528978604
0
VERTEX
8
L7
10
-16.9952223404632
20
-56.033080728311674
0
VERTEX
8
L7
10
-17.043786767736407
20
-56.08617922112235
0
VERTEX
8
L7
10
-17.098857792111346
20
-56.13249483198341
0
VERTEX
8
L7
10
-17.159495823143573
20
-56.1712373503279
0
VERTEX
8
L7
10
-17.2246662892925
20
-56.201745773379066
0
VERTEX
8
L7
10
-17.2932572891917
20
-56.22349958380316
0
VERTEX
8
L7
10
-17.364098562276496
20
-56.236127630479665
0
VERTEX
8
L7
10
-17.435981455103104
20
-56.23941446087025
0
VERTEX
8
L7
10
-17.50767954270512
20
-56.23330399694728
0
VERTEX
8
L7
10
-17.577969553157544
20
-56.217900491965125
0
VERTEX
8
L7
10
-17.645652238345605
20
-56.19346675175057
0
VERTEX
8
L7
10
-17.709572834852793
20
-56.16041965085949
0
VERTEX
8
L7
10
-17.768640765876427
20
-56.11932302010068
0
VERTEX
8
L7
10
-17.821848248027806
20
-56.07087802677579
0
VERTEX
8
L7
10
-17.868287485558255
20
-56.01591121176228
0
VERTEX
8
L7
10
-17.907166158653027
20
-55.95536038754387
0
VERTEX
8
L7
10
-17.89048979815162
20
-55.931361019396476
0
VERTEX
8
L7
10
-17.8818241516436
20
-55.9034508556269
0
VERTEX
8
L7
10
-17.881975502595807
20
-55.8742267600218
0
VERTEX
8
L7
10
-17.890929768761723
20
-55.84640784939473
0
VERTEX
8
L7
10
-17.907853812445182
20
-55.822582497006
0
VERTEX
8
L7
10
-17.931172958680904
20
-55.804967500841244
0
VERTEX
8
L7
10
-17.95871750875638
20
-55.79520182461346
0
VERTEX
8
L7
10
-17.987924616921205
20
-55.79419410258068
0
VERTEX
8
L7
10
-18.016076746935425
20
-55.80203809688904
0
VERTEX
8
L7
10
-18.04055452158738
20
-55.81800397359954
0
VERTEX
8
L7
10
-18.059080439136267
20
-55.840606209108856
0
VERTEX
8
L7
10
-18.069930780409564
20
-55.86774180870238
0
VERTEX
8
L7
10
-18.07209598994359
20
-55.89688597687923
0
VERTEX
8
L7
10
-18.065374608718784
20
-55.92532703356631
0
VERTEX
8
L7
10
-18.050392018644146
20
-55.95041871875687
0
VERTEX
8
L7
10
-18.028542254735612
20
-55.9698264102267
0
VERTEX
8
L7
10
-18.00185829899607
20
-55.98174434533045
0
VERTEX
8
L7
10
-17.972822924329222
20
-55.985063635767126
0
VERTEX
8
L7
10
-17.93274121804295
20
-56.04941910633203
0
VERTEX
8
L7
10
-17.885136180128455
20
-56.10842698831072
0
VERTEX
8
L7
10
-17.83071339465306
20
-56.16121268894592
0
VERTEX
8
L7
10
-17.770279495788515
20
-56.20699383832512
0
VERTEX
8
L7
10
-17.70473021218102
20
-56.24509188537472
0
VERTEX
8
L7
10
-17.63503709079623
20
-56.27494215509034
0
VERTEX
8
L7
10
-17.562233097013518
20
-56.296102217938504
0
VERTEX
8
L7
10
-17.487397304399465
20
-56.308258447381704
0
VERTEX
8
L7
10
-17.41163890108298
20
-56.311230668333664
0
VERTEX
8
L7
10
-17.33608074978376
20
-56.304974827647065
0
VERTEX
8
L7
10
-17.26184274516102
20
-56.28958364705283
0
VERTEX
8
L7
10
-17.190025215153653
20
-56.265285248873305
0
VERTEX
8
L7
10
-17.121692612331074
20
-56.23243977487851
0
VERTEX
8
L7
10
-17.057857736975393
20
-56.19153404839951
0
VERTEX
8
L7
10
-16.99946672573435
20
-56.14317435881511
0
VERTEX
8
L7
10
-16.947385028337862
20
-56.088077475357416
0
VERTEX
8
L7
10
-16.902384580225757
20
-56.02706002342635
0
VERTEX
8
L7
10
-16.865132361209405
20
-55.96102638087342
0
VERTEX
8
L7
10
-16.836180509746455
20
-55.890955273651414
0
VERTEX
8
L7
10
-16.815958139351054
20
-55.81788526950442
0
VERTEX
8
L7
10
-16.80476497843388
20
-55.74289938470513
0
VERTEX
8
L7
10
-16.802766927839684
20
-55.66710903199271
0
VERTEX
8
L7
10
-16.809993601927133
20
-55.59163754762885
0
VERTEX
8
L7
10
-16.826337889635695
20
-55.517603541727844
0
VERTEX
8
L7
10
-16.851557542045867
20
-55.44610431863584
0
VERTEX
8
L7
10
-16.88527876290199
20
-55.378199613096214
0
VERTEX
8
L7
10
-16.927001748880528
20
-55.31489588325756
0
VERTEX
8
L7
10
-16.976108097488066
20
-55.25713139332745
0
VERTEX
8
L7
10
-17.031869972791696
20
-55.20576230697122
0
VERTEX
8
L7
10
-17.093460893131066
20
-55.16154999757441
0
VERTEX
8
L7
10
-17.159967980920413
20
-55.12514976345111
0
VERTEX
8
L7
10
-17.230405492978704
20
-55.09710111525754
0
VERTEX
8
L7
10
-17.30372943084643
20
-55.077819779566774
0
VERTEX
8
L7
10
-17.37885301454027
20
-55.06759153712506
0
VERTEX
8
L7
10
-17.454662790399524
20
-55.06656798711643
0
VERTEX
8
L7
10
-17.530035134279885
20
-55.07476430021628
0
VERTEX
8
L7
10
-17.60385290549023
20
-55.09205899373734
0
VERTEX
8
L7
10
-17.67502200463413
20
-55.1181957322006
0
VERTEX
8
L7
10
-17.742487589941888
20
-55.1527871266439
0
VERTEX
8
L7
10
-17.805249711740743
20
-55.19532047635627
0
VERTEX
8
L7
10
-17.862378133334957
20
-55.2451653679361
0
VERTEX
8
L7
10
-17.913026118626135
20
-55.30158301904277
0
SEQEND
0
POLYLINE
8
L7
66
1
70
1
0
VERTEX
8
L7
10
-13.84082519891723
20
-53.742482855520755
0
VERTEX
8
L7
10
-13.815273697275813
20
-53.728198686408916
0
VERTEX
8
L7
10
-13.795227992216738
20
-53.706865931499365
0
VERTEX
8
L7
10
-13.782559424734572
20
-53.680476082668875
0
VERTEX
8
L7
10
-13.778450652640643
20
-53.651492730288126
0
VERTEX
8
L7
10
-13.783285245065315
20
-53.622621577913584
0
VERTEX
8
L7
10
-13.796611874855458
20
-53.59655785481456
0
VERTEX
8
L7
10
-13.817186451640012
20
-53.57573470631383
0
VERTEX
8
L7
10
-13.84308826228515
20
-53.5620960506378
0
VERTEX
8
L7
10
-13.871899276596864
20
-53.55691510693253
0
VERTEX
8
L7
10
-13.900929879417262
20
-53.56067553552912
0
VERTEX
8
L7
10
-13.927469956185945
20
-53.57302628645608
0
VERTEX
8
L7
10
-13.949041892196377
20
-53.59281437125749
0
VERTEX
8
L7
10
-14.236586850318574
20
-53.59281437125749
0
VERTEX
8
L7
10
-14.258283781169354
20
-53.57294293153443
0
VERTEX
8
L7
10
-14.284987587656445
20
-53.560592318427766
0
VERTEX
8
L7
10
-14.314180019374476
20
-53.55692723242609
0
VERTEX
8
L7
10
-14.343108140967772
20
-53.56229330231886
0
VERTEX
8
L7
10
-14.3690439423317
20
-53.57618449134722
0
VERTEX
8
L7
10
-14.38954159828657
20
-53.59729081801403
0
VERTEX
8
L7
10
-14.402668117352604
20
-53.62362189133473
0
VERTEX
8
L7
10
-14.40718562874251
20
-53.65269461077845
0
VERTEX
8
L7
10
-14.402668117352604
20
-53.68176733022216
0
VERTEX
8
L7
10
-14.38954159828657
20
-53.708098403542856
0
VERTEX
8
L7
10
-14.3690439423317
20
-53.729204730209666
0
VERTEX
8
L7
10
-14.343108140967772
20
-53.74309591923804
0
VERTEX
8
L7
10
-14.314180019374476
20
-53.748461989130796
0
VERTEX
8
L7
10
-14.284987587656445
20
-53.74479690312913
0
VERTEX
8
L7
10
-14.258283781169354
20
-53.732446290022466
0
VERTEX
8
L7
10
-14.236586850318574
20
-53.712574850299404
0
VERTEX
8
L7
10
-13.949041892196377
20
-53.712574850299404
0
VERTEX
8
L7
10
-13.93777424970608
20
-53.72441703535559
0
VERTEX
8
L7
10
-13.924657534246563
20
-53.73417146459303
0
VERTEX
8
L7
10
-13.94173416197107
20
-53.792532386715415
0
VERTEX
8
L7
10
-13.967561606169738
20
-53.84758283241371
0
VERTEX
8
L7
10
-14.001528435885916
20
-53.898019554397266
0
VERTEX
8
L7
10
-14.04283053085797
20
-53.94264852924921
0
VERTEX
8
L7
10
-14.090490118014515
20
-53.9804132243689
0
VERTEX
8
L7
10
-14.143378918972942
20
-54.01041960999921
0
VERTEX
8
L7
10
-14.200244860554193
20
-54.03195732421158
0
VERTEX
8
L7
10
-14.259741715977427
20
-54.04451648979543
0
VERTEX
8
L7
10
-14.320460975018094
20
-54.04779978493415
0
VERTEX
8
L7
10
-14.380965188645021
20
-54.041729481910195
0
VERTEX
8
L7
10
-14.439821998745913
20
-54.02644928720712
0
VERTEX
8
L7
10
-14.495638047331965
20
-54.00232093944657
0
VERTEX
8
L7
10
-14.547091962465672
20
-53.969915645699565
0
VERTEX
8
L7
10
-14.592965640012878
20
-53.93000055890635
0
VERTEX
8
L7
10
-14.632173080664842
20
-53.88352061653398
0
VERTEX
8
L7
10
-14.663786099551203
20
-53.831576170417904
0
VERTEX
8
L7
10
-14.687056299802705
20
-53.7753969373716
0
VERTEX
8
L7
10
-14.701432789868036
20
-53.716312887249615
0
VERTEX
8
L7
10
-14.70657522515073
20
-53.655722757650985
0
VERTEX
8
L7
10
-14.702361865222258
20
-53.59506094063625
0
VERTEX
8
L7
10
-14.688892455867474
20
-53.53576352537177
0
VERTEX
8
L7
10
-14.666485867733542
20
-53.47923430059721
0
VERTEX
8
L7
10
-14.635672547484589
20
-53.426811521763476
0
VERTEX
8
L7
10
-14.59718196017073
20
-53.37973622958542
0
VERTEX
8
L7
10
-14.551925320097226
20
-53.339122870026365
0
VERTEX
8
L7
10
-14.500974019017804
20
-53.30593291124771
0
VERTEX
8
L7
10
-14.44553426233631
20
-53.28095208210787
0
VERTEX
8
L7
10
-14.38691851377169
20
-53.26477177105943
0
VERTEX
8
L7
10
-14.326514424496168
20
-53.25777502580106
0
VERTEX
8
L7
10
-14.265751982309013
20
-53.26012748512433
0
VERTEX
8
L7
10
-14.206069658545886
20
-53.271773457632
0
VERTEX
8
L7
10
-14.1488803541517
20
-53.29243724015902
0
VERTEX
8
L7
10
-14.095537951098862
20
-53.32162964468425
0
VERTEX
8
L7
10
-14.097747819041217
20
-53.35170253361565
0
VERTEX
8
L7
10
-14.090501262101412
20
-53.3809728185053
0
VERTEX
8
L7
10
-14.074516097389704
20
-53.40654109326412
0
VERTEX
8
L7
10
-14.051375756159828
20
-53.42587465922511
0
VERTEX
8
L7
10
-14.023372434969431
20
-53.43705840489953
0
VERTEX
8
L7
10
-13.993280039172674
20
-53.43898450983298
0
VERTEX
8
L7
10
-13.964079410122395
20
-53.431462181199436
0
VERTEX
8
L7
10
-13.938663054058011
20
-53.4152365530325
0
VERTEX
8
L7
10
-13.919548621142937
20
-53.3919148760058
0
VERTEX
8
L7
10
-13.908629516357394
20
-53.36380730912986
0
VERTEX
8
L7
10
-13.906987345808815
20
-53.33369808395065
0
VERTEX
8
L7
10
-13.914784776833898
20
-53.30456970887733
0
VERTEX
8
L7
10
-13.931249424774336
20
-53.279307532937786
0
VERTEX
8
L7
10
-13.95475036254237
20
-53.26041393378289
0
VERTEX
8
L7
10
-13.982959674221902
20
-53.249760441417926
0
VERTEX
8
L7
10
-14.01308304980327
20
-53.248402351366984
0
VERTEX
8
L7
10
-14.042136579190867
20
-53.25647419100409
0
VERTEX
8
L7
10
-14.099371802943196
20
-53.22311941390591
0
VERTEX
8
L7
10
-14.16066124725613
20
-53.1979794853249
0
VERTEX
8
L7
10
-14.224832862382868
20
-53.18153516091576
0
VERTEX
8
L7
10
-14.290659482273767
20
-53.174100908634216
0
VERTEX
8
L7
10
-14.35688229190707
20
-53.175818895106225
0
VERTEX
8
L7
10
-14.422234899848917
20
-53.18665626694842
0
VERTEX
8
L7
10
-14.485467555698563
20
-53.20640577902968
0
VERTEX
8
L7
10
-14.545371049303924
20
-53.2346897576593
0
VERTEX
8
L7
10
-14.600799834718188
20
-53.270967322913116
0
VERTEX
8
L7
10
-14.650693936693798
20
-53.314544731983595
0
VERTEX
8
L7
10
-14.694099220791358
20
-53.364588645755966
0
VERTEX
8
L7
10
-14.730185639474868
20
-53.42014206491128
0
VERTEX
8
L7
10
-14.758263105269108
20
-53.480142630807116
0
VERTEX
8
L7
10
-14.777794687434337
20
-53.54344294116473
0
VERTEX
8
L7
10
-14.788406879795232
20
-53.608832492061964
0
VERTEX
8
L7
10
-14.789896743370903
20
-53.67506082663088
0
VERTEX
8
L7
10
-14.782235787215669
20
-53.74086144778323
0
VERTEX
8
L7
10
-14.765570513256975
20
-53.804976037676084
0
VERTEX
8
L7
10
-14.740219614710952
20
-53.866178520764244
0
VERTEX
8
L7
10
-14.706667881651242
20
-53.923298510277
0
VERTEX
8
L7
10
-14.66555693027587
20
-53.97524368974785
0
VERTEX
8
L7
10
-14.617672933158104
20
-54.021020701590835
0
VERTEX
8
L7
10
-14.563931585118269
20
-54.05975414326737
0
VERTEX
8
L7
10
-14.50536059221686
20
-54.09070330777612
0
VERTEX
8
L7
10
-14.44308001873523
20
-54.11327634833444
0
VERTEX
8
L7
10
-14.378280867972578
20
-54.127041596377424
0
VERTEX
8
L7
10
-14.312202306462297
20
-54.13173581643826
0
VERTEX
8
L7
10
-14.246107967153861
20
-54.127269240050374
0
VERTEX
8
L7
10
-14.181261784718572
20
-54.11372728240692
0
VERTEX
8
L7
10
-14.118903825085525
20
-54.091368908949754
0
VERTEX
8
L7
10
-14.060226571424025
20
-54.06062168312381
0
VERTEX
8
L7
10
-14.006352120060257
20
-54.02207358999976
0
VERTEX
8
L7
10
-13.958310722414978
20
-53.976461792123175
0
VERTEX
8
L7
10
-13.917021083308867
20
-53.924658532614394
0
VERTEX
8
L7
10
-13.883272792394791
20
-53.867654455096854
0
VERTEX
8
L7
10
-13.857711224684138
20
-53.80653965942984
0
VERTEX
8
L7
10
-13.84082519891723
20
-53.742482855520755
0
SEQEND
0
POLYLINE
8
L7
66
1
70
1
0
VERTEX
8
L7
10
-14.910179640718553
20
-55.59281437125749
0
VERTEX
8
L7
10
-14.922685144164788
20
-55.5936340252576
0
VERTEX
8
L7
10
-14.934976674979879
20
-55.59607896275075
0
VERTEX
8
L7
10
-14.946843921663714
20
-55.60010735017856
0
VERTEX
8
L7
10
-14.95808383233532
20
-55.605650260715265
0
VERTEX
8
L7
10
-14.968504089006814
20
-55.612612853624796
0
VERTEX
8
L7
10
-14.97792639819751
20
-55.62087599701207
0
VERTEX
8
L7
10
-14.986189541584778
20
-55.63029830620276
0
VERTEX
8
L7
10
-14.99315213449431
20
-55.640718562874255
0
VERTEX
8
L7
10
-14.998695045031013
20
-55.65195847354586
0
VERTEX
8
L7
10
-15.002723432458822
20
-55.6638257202297
0
VERTEX
8
L7
10
-15.005168369951974
20
-55.676117251044786
0
VERTEX
8
L7
10
-15.005988023952085
20
-55.68862275449102
0
VERTEX
8
L7
10
-15.005168369951974
20
-55.70112825793725
0
VERTEX
8
L7
10
-15.002723432458822
20
-55.71341978875234
0
VERTEX
8
L7
10
-14.998695045031013
20
-55.725287035436175
0
VERTEX
8
L7
10
-14.99315213449431
20
-55.73652694610779
0
VERTEX
8
L7
10
-14.986189541584778
20
-55.74694720277928
0
VERTEX
8
L7
10
-14.97792639819751
20
-55.75636951196997
0
VERTEX
8
L7
10
-14.968504089006814
20
-55.76463265535725
0
VERTEX
8
L7
10
-14.95808383233532
20
-55.77159524826677
0
VERTEX
8
L7
10
-14.946843921663714
20
-55.777138158803474
0
VERTEX
8
L7
10
-14.934976674979879
20
-55.78116654623129
0
VERTEX
8
L7
10
-14.922685144164788
20
-55.783611483724435
0
VERTEX
8
L7
10
-14.910179640718553
20
-55.78443113772455
0
VERTEX
8
L7
10
-14.897674137272318
20
-55.783611483724435
0
VERTEX
8
L7
10
-14.885382606457227
20
-55.78116654623129
0
VERTEX
8
L7
10
-14.873515359773393
20
-55.777138158803474
0
VERTEX
8
L7
10
-14.862275449101787
20
-55.77159524826677
0
VERTEX
8
L7
10
-14.851855192430293
20
-55.76463265535725
0
VERTEX
8
L7
10
-14.84243288323961
20
-55.75636951196997
0
VERTEX
8
L7
10
-14.834169739852328
20
-55.74694720277928
0
VERTEX
8
L7
10
-14.827207146942797
20
-55.73652694610779
0
VERTEX
8
L7
10
-14.821664236406093
20
-55.725287035436175
0
VERTEX
8
L7
10
-14.817635848978284
20
-55.71341978875234
0
VERTEX
8
L7
10
-14.815190911485132
20
-55.70112825793725
0
VERTEX
8
L7
10
-14.814371257485021
20
-55.68862275449102
0
VERTEX
8
L7
10
-14.815190911485132
20
-55.676117251044786
0
VERTEX
8
L7
10
-14.817635848978284
20
-55.6638257202297
0
VERTEX
8
L7
10
-14.821664236406093
20
-55.65195847354586
0
VERTEX
8
L7
10
-14.827207146942797
20
-55.640718562874255
0
VERTEX
8
L7
10
-14.834169739852328
20
-55.63029830620276
0
VERTEX
8
L7
10
-14.842432883239596
20
-55.62087599701207
0
VERTEX
8
L7
10
-14.851855192430293
20
-55.612612853624796
0
VERTEX
8
L7
10
-14.862275449101787
20
-55.605650260715265
0
VERTEX
8
L7
10
-14.873515359773393
20
-55.60010735017856
0
VERTEX
8
L7
10
-14.885382606457227
20
-55.59607896275075
0
VERTEX
8
L7
10
-14.897674137272318
20
-55.5936340252576
0
VERTEX
8
L7
10
-14.910179640718553
20
-55.59281437125749
0
SEQEND
0
POLYLINE
8
L7
66
1
70
1
0
VERTEX
8
L7
10
-20.29940119760478
20
-55.61362275449102
0
VERTEX
8
L7
10
-20.30919066202128
20
-55.614264389887985
0
VERTEX
8
L7
10
-20.318812625987462
20
-55.61617831751934
0
VERTEX
8
L7
10
-20.328102455032152
20
-55.619331789552675
0
VERTEX
8
L7
10
-20.336901197604774
20
-55.62367084920719
0
VERTEX
8
L7
10
-20.345058304780437
20
-55.629121253969174
0
VERTEX
8
L7
10
-20.352434206193763
20
-55.63558974590203
0
VERTEX
8
L7
10
-20.358902698126613
20
-55.642965647315364
0
VERTEX
8
L7
10
-20.364353102888614
20
-55.65112275449102
0
VERTEX
8
L7
10
-20.368692162543127
20
-55.659921497063635
0
VERTEX
8
L7
10
-20.37184563457646
20
-55.66921132610833
0
VERTEX
8
L7
10
-20.37375956220781
20
-55.678833290074515
0
VERTEX
8
L7
10
-20.374401197604783
20
-55.68862275449102
0
VERTEX
8
L7
10
-20.37375956220781
20
-55.69841221890752
0
VERTEX
8
L7
10
-20.37184563457646
20
-55.70803418287371
0
VERTEX
8
L7
10
-20.368692162543127
20
-55.7173240119184
0
VERTEX
8
L7
10
-20.364353102888614
20
-55.72612275449102
0
VERTEX
8
L7
10
-20.358902698126613
20
-55.73427986166667
0
VERTEX
8
L7
10
-20.352434206193763
20
-55.74165576308001
0
VERTEX
8
L7
10
-20.345058304780437
20
-55.74812425501286
0
VERTEX
8
L7
10
-20.336901197604774
20
-55.753574659774856
0
VERTEX
8
L7
10
-20.328102455032152
20
-55.75791371942937
0
VERTEX
8
L7
10
-20.318812625987462
20
-55.7610671914627
0
VERTEX
8
L7
10
-20.30919066202128
20
-55.76298111909406
0
VERTEX
8
L7
10
-20.29940119760478
20
-55.76362275449102
0
VERTEX
8
L7
10
-20.289611733188266
20
-55.76298111909406
0
VERTEX
8
L7
10
-20.279989769222084
20
-55.7610671914627
0
VERTEX
8
L7
10
-20.270699940177394
20
-55.75791371942937
0
VERTEX
8
L7
10
-20.26190119760477
20
-55.753574659774856
0
VERTEX
8
L7
10
-20.253744090429123
20
-55.74812425501286
0
VERTEX
8
L7
10
-20.246368189015783
20
-55.74165576308001
0
VERTEX
8
L7
10
-20.239899697082933
20
-55.73427986166667
0
VERTEX
8
L7
10
-20.234449292320946
20
-55.72612275449102
0
VERTEX
8
L7
10
-20.230110232666433
20
-55.7173240119184
0
VERTEX
8
L7
10
-20.2269567606331
20
-55.70803418287371
0
VERTEX
8
L7
10
-20.225042833001737
20
-55.69841221890752
0
VERTEX
8
L7
10
-20.224401197604777
20
-55.68862275449102
0
VERTEX
8
L7
10
-20.225042833001737
20
-55.678833290074515
0
VERTEX
8
L7
10
-20.2269567606331
20
-55.66921132610833
0
VERTEX
8
L7
10
-20.230110232666433
20
-55.659921497063635
0
VERTEX
8
L7
10
-20.234449292320946
20
-55.65112275449102
0
VERTEX
8
L7
10
-20.239899697082933
20
-55.642965647315364
0
VERTEX
8
L7
10
-20.246368189015783
20
-55.63558974590203
0
VERTEX
8
L7
10
-20.253744090429123
20
-55.629121253969174
0
VERTEX
8
L7
10
-20.26190119760477
20
-55.62367084920719
0
VERTEX
8
L7
10
-20.270699940177394
20
-55.619331789552675
0
VERTEX
8
L7
10
-20.279989769222084
20
-55.61617831751934
0
VERTEX
8
L7
10
-20.289611733188266
20
-55.614264389887985
0
VERTEX
8
L7
10
-20.29940119760478
20
-55.61362275449102
0
SEQEND
0
POLYLINE
8
L7
66
1
70
1
0
VERTEX
8
L7
10
-19.868981386143048
20
-55.36511976047905
0
VERTEX
8
L7
10
-19.878770850559548
20
-55.36576139587601
0
VERTEX
8
L7
10
-19.888392814525744
20
-55.36767532350736
0
VERTEX
8
L7
10
-19.897682643570434
20
-55.370828795540696
0
VERTEX
8
L7
10
-19.906481386143057
20
-55.37516785519521
0
VERTEX
8
L7
10
-19.914638493318705
20
-55.3806182599572
0
VERTEX
8
L7
10
-19.922014394732045
20
-55.38708675189005
0
VERTEX
8
L7
10
-19.928482886664895
20
-55.39446265330339
0
VERTEX
8
L7
10
-19.933933291426882
20
-55.40261976047904
0
VERTEX
8
L7
10
-19.938272351081395
20
-55.411418503051664
0
VERTEX
8
L7
10
-19.941425823114727
20
-55.42070833209635
0
VERTEX
8
L7
10
-19.94333975074609
20
-55.43033029606254
0
VERTEX
8
L7
10
-19.94398138614305
20
-55.44011976047904
0
VERTEX
8
L7
10
-19.94333975074609
20
-55.44990922489555
0
VERTEX
8
L7
10
-19.941425823114727
20
-55.45953118886173
0
VERTEX
8
L7
10
-19.938272351081395
20
-55.46882101790643
0
VERTEX
8
L7
10
-19.933933291426882
20
-55.477619760479044
0
VERTEX
8
L7
10
-19.928482886664895
20
-55.4857768676547
0
VERTEX
8
L7
10
-19.922014394732045
20
-55.49315276906803
0
VERTEX
8
L7
10
-19.914638493318705
20
-55.49962126100089
0
VERTEX
8
L7
10
-19.906481386143057
20
-55.50507166576288
0
VERTEX
8
L7
10
-19.897682643570434
20
-55.50941072541739
0
VERTEX
8
L7
10
-19.888392814525744
20
-55.51256419745072
0
VERTEX
8
L7
10
-19.878770850559548
20
-55.51447812508208
0
VERTEX
8
L7
10
-19.868981386143048
20
-55.515119760479045
0
VERTEX
8
L7
10
-19.85919192172655
20
-55.51447812508208
0
VERTEX
8
L7
10
-19.849569957760366
20
-55.51256419745072
0
VERTEX
8
L7
10
-19.840280128715662
20
-55.50941072541739
0
VERTEX
8
L7
10
-19.831481386143054
20
-55.50507166576288
0
VERTEX
8
L7
10
-19.82332427896739
20
-55.49962126100089
0
VERTEX
8
L7
10
-19.815948377554065
20
-55.49315276906803
0
VERTEX
8
L7
10
-19.8094798856212
20
-55.4857768676547
0
VERTEX
8
L7
10
-19.804029480859214
20
-55.477619760479044
0
VERTEX
8
L7
10
-19.7996904212047
20
-55.46882101790643
0
VERTEX
8
L7
10
-19.79653694917137
20
-55.45953118886173
0
VERTEX
8
L7
10
-19.79462302154002
20
-55.44990922489555
0
VERTEX
8
L7
10
-19.793981386143045
20
-55.44011976047904
0
VERTEX
8
L7
10
-19.79462302154002
20
-55.43033029606254
0
VERTEX
8
L7
10
-19.79653694917137
20
-55.42070833209635
0
VERTEX
8
L7
10
-19.7996904212047
20
-55.411418503051664
0
VERTEX
8
L7
10
-19.804029480859214
20
-55.40261976047904
0
VERTEX
8
L7
10
-19.8094798856212
20
-55.39446265330339
0
VERTEX
8
L7
10
-19.815948377554065
20
-55.38708675189005
0
VERTEX
8
L7
10
-19.82332427896739
20
-55.3806182599572
0
VERTEX
8
L7
10
-19.831481386143054
20
-55.37516785519521
0
VERTEX
8
L7
10
-19.840280128715662
20
-55.370828795540696
0
VERTEX
8
L7
10
-19.849569957760366
20
-55.36767532350736
0
VERTEX
8
L7
10
-19.85919192172655
20
-55.36576139587601
0
VERTEX
8
L7
10
-19.868981386143048
20
-55.36511976047905
0
SEQEND
0
POLYLINE
8
L7
66
1
70
1
0
VERTEX
8
L7
10
-19.631025179481313
20
-53.268600029780735
0
VERTEX
8
L7
10
-19.640814643897826
20
-53.269241665177695
0
VERTEX
8
L7
10
-19.65043660786401
20
-53.27115559280905
0
VERTEX
8
L7
10
-19.6597264369087
20
-53.274309064842384
0
VERTEX
8
L7
10
-19.66852517948132
20
-53.2786481244969
0
VERTEX
8
L7
10
-19.67668228665697
20
-53.28409852925889
0
VERTEX
8
L7
10
-19.68405818807031
20
-53.29056702119174
0
VERTEX
8
L7
10
-19.69052668000316
20
-53.29794292260508
0
VERTEX
8
L7
10
-19.695977084765147
20
-53.30610002978073
0
VERTEX
8
L7
10
-19.70031614441966
20
-53.31489877235335
0
VERTEX
8
L7
10
-19.703469616452992
20
-53.32418860139804
0
VERTEX
8
L7
10
-19.705383544084356
20
-53.33381056536423
0
VERTEX
8
L7
10
-19.706025179481315
20
-53.34360002978073
0
VERTEX
8
L7
10
-19.705383544084356
20
-53.35338949419724
0
VERTEX
8
L7
10
-19.703469616452992
20
-53.36301145816342
0
VERTEX
8
L7
10
-19.70031614441966
20
-53.37230128720812
0
VERTEX
8
L7
10
-19.695977084765147
20
-53.38110002978073
0
VERTEX
8
L7
10
-19.69052668000316
20
-53.38925713695639
0
VERTEX
8
L7
10
-19.68405818807031
20
-53.39663303836972
0
VERTEX
8
L7
10
-19.67668228665697
20
-53.40310153030258
0
VERTEX
8
L7
10
-19.66852517948132
20
-53.408551935064565
0
VERTEX
8
L7
10
-19.6597264369087
20
-53.41289099471908
0
VERTEX
8
L7
10
-19.65043660786401
20
-53.41604446675241
0
VERTEX
8
L7
10
-19.640814643897826
20
-53.41795839438377
0
VERTEX
8
L7
10
-19.631025179481313
20
-53.418600029780734
0
VERTEX
8
L7
10
-19.621235715064813
20
-53.41795839438377
0
VERTEX
8
L7
10
-19.61161375109863
20
-53.41604446675241
0
VERTEX
8
L7
10
-19.60232392205394
20
-53.41289099471908
0
VERTEX
8
L7
10
-19.59352517948132
20
-53.408551935064565
0
VERTEX
8
L7
10
-19.585368072305656
20
-53.40310153030258
0
VERTEX
8
L7
10
-19.57799217089233
20
-53.39663303836972
0
VERTEX
8
L7
10
-19.57152367895948
20
-53.38925713695639
0
VERTEX
8
L7
10
-19.56607327419748
20
-53.38110002978073
0
VERTEX
8
L7
10
-19.561734214542966
20
-53.37230128720812
0
VERTEX
8
L7
10
-19.558580742509633
20
-53.36301145816342
0
VERTEX
8
L7
10
-19.556666814878284
20
-53.35338949419724
0
VERTEX
8
L7
10
-19.55602517948131
20
-53.34360002978073
0
VERTEX
8
L7
10
-19.556666814878284
20
-53.33381056536423
0
VERTEX
8
L7
10
-19.558580742509633
20
-53.32418860139804
0
VERTEX
8
L7
10
-19.561734214542966
20
-53.31489877235335
0
VERTEX
8
L7
10
-19.56607327419748
20
-53.30610002978073
0
VERTEX
8
L7
10
-19.57152367895948
20
-53.29794292260508
0
VERTEX
8
L7
10
-19.57799217089233
20
-53.29056702119174
0
VERTEX
8
L7
10
-19.585368072305656
20
-53.28409852925889
0
VERTEX
8
L7
10
-19.59352517948132
20
-53.2786481244969
0
VERTEX
8
L7
10
-19.60232392205394
20
-53.274309064842384
0
VERTEX
8
L7
10
-19.61161375109863
20
-53.27115559280905
0
VERTEX
8
L7
10
-19.621235715064813
20
-53.269241665177695
0
VERTEX
8
L7
10
-19.631025179481313
20
-53.268600029780735
0
SEQEND
0
POLYLINE
8
L7
66
1
70
1
0
VERTEX
8
L7
10
-19.94011976047902
20
-53.577694610778444
0
VERTEX
8
L7
10
-19.949909224895535
20
-53.57833624617541
0
VERTEX
8
L7
10
-19.959531188861718
20
-53.58025017380677
0
VERTEX
8
L7
10
-19.968821017906407
20
-53.5834036458401
0
VERTEX
8
L7
10
-19.97761976047903
20
-53.58774270549461
0
VERTEX
8
L7
10
-19.98577686765468
20
-53.5931931102566
0
VERTEX
8
L7
10
-19.99315276906802
20
-53.59966160218946
0
VERTEX
8
L7
10
-19.99962126100087
20
-53.60703750360279
0
VERTEX
8
L7
10
-20.005071665762856
20
-53.615194610778445
0
VERTEX
8
L7
10
-20.009410725417368
20
-53.62399335335106
0
VERTEX
8
L7
10
-20.012564197450715
20
-53.63328318239576
0
VERTEX
8
L7
10
-20.014478125082064
20
-53.64290514636194
0
VERTEX
8
L7
10
-20.015119760479024
20
-53.65269461077845
0
VERTEX
8
L7
10
-20.014478125082064
20
-53.662484075194946
0
VERTEX
8
L7
10
-20.012564197450715
20
-53.672106039161136
0
VERTEX
8
L7
10
-20.009410725417368
20
-53.681395868205826
0
VERTEX
8
L7
10
-20.005071665762856
20
-53.69019461077845
0
VERTEX
8
L7
10
-19.99962126100087
20
-53.6983517179541
0
VERTEX
8
L7
10
-19.99315276906802
20
-53.70572761936744
0
VERTEX
8
L7
10
-19.98577686765468
20
-53.71219611130029
0
VERTEX
8
L7
10
-19.97761976047903
20
-53.71764651606228
0
VERTEX
8
L7
10
-19.968821017906407
20
-53.72198557571679
0
VERTEX
8
L7
10
-19.959531188861718
20
-53.725139047750126
0
VERTEX
8
L7
10
-19.949909224895535
20
-53.72705297538148
0
VERTEX
8
L7
10
-19.94011976047902
20
-53.72769461077844
0
VERTEX
8
L7
10
-19.93033029606252
20
-53.72705297538148
0
VERTEX
8
L7
10
-19.92070833209634
20
-53.725139047750126
0
VERTEX
8
L7
10
-19.91141850305165
20
-53.72198557571679
0
VERTEX
8
L7
10
-19.902619760479027
20
-53.71764651606228
0
VERTEX
8
L7
10
-19.89446265330338
20
-53.71219611130029
0
VERTEX
8
L7
10
-19.88708675189004
20
-53.70572761936744
0
VERTEX
8
L7
10
-19.88061825995719
20
-53.6983517179541
0
VERTEX
8
L7
10
-19.8751678551952
20
-53.69019461077845
0
VERTEX
8
L7
10
-19.87082879554069
20
-53.681395868205826
0
VERTEX
8
L7
10
-19.867675323507342
20
-53.672106039161136
0
VERTEX
8
L7
10
-19.865761395875992
20
-53.662484075194946
0
VERTEX
8
L7
10
-19.865119760479033
20
-53.65269461077845
0
VERTEX
8
L7
10
-19.865761395875992
20
-53.64290514636194
0
VERTEX
8
L7
10
-19.867675323507342
20
-53.63328318239576
0
VERTEX
8
L7
10
-19.87082879554069
20
-53.62399335335106
0
VERTEX
8
L7
10
-19.8751678551952
20
-53.615194610778445
0
VERTEX
8
L7
10
-19.88061825995719
20
-53.60703750360279
0
VERTEX
8
L7
10
-19.88708675189004
20
-53.59966160218946
0
VERTEX
8
L7
10
-19.89446265330338
20
-53.5931931102566
0
VERTEX
8
L7
10
-19.902619760479027
20
-53.58774270549461
0
VERTEX
8
L7
10
-19.91141850305165
20
-53.5834036458401
0
VERTEX
8
L7
10
-19.92070833209634
20
-53.58025017380677
0
VERTEX
8
L7
10
-19.93033029606252
20
-53.57833624617541
0
VERTEX
8
L7
10
-19.94011976047902
20
-53.577694610778444
0
SEQEND
0
POLYLINE
8
L7
66
1
70
1
0
VERTEX
8
L7
10
-16.167664670658667
20
-56.69146706586827
0
VERTEX
8
L7
10
-16.17745413507518
20
-56.69210870126523
0
VERTEX
8
L7
10
-16.187076099041363
20
-56.69402262889658
0
VERTEX
8
L7
10
-16.196365928086053
20
-56.697176100929916
0
VERTEX
8
L7
10
-16.205164670658675
20
-56.701515160584435
0
VERTEX
8
L7
10
-16.213321777834324
20
-56.70696556534642
0
VERTEX
8
L7
10
-16.220697679247664
20
-56.71343405727927
0
VERTEX
8
L7
10
-16.227166171180514
20
-56.72080995869261
0
VERTEX
8
L7
10
-16.2326165759425
20
-56.72896706586827
0
VERTEX
8
L7
10
-16.236955635597013
20
-56.737765808440884
0
VERTEX
8
L7
10
-16.240109107630346
20
-56.74705563748557
0
VERTEX
8
L7
10
-16.24202303526171
20
-56.75667760145176
0
VERTEX
8
L7
10
-16.24266467065867
20
-56.76646706586826
0
VERTEX
8
L7
10
-16.24202303526171
20
-56.77625653028477
0
VERTEX
8
L7
10
-16.240109107630346
20
-56.78587849425095
0
VERTEX
8
L7
10
-16.236955635597013
20
-56.79516832329565
0
VERTEX
8
L7
10
-16.2326165759425
20
-56.803967065868264
0
VERTEX
8
L7
10
-16.227166171180514
20
-56.81212417304392
0
VERTEX
8
L7
10
-16.220697679247664
20
-56.81950007445725
0
VERTEX
8
L7
10
-16.213321777834324
20
-56.82596856639011
0
VERTEX
8
L7
10
-16.205164670658675
20
-56.8314189711521
0
VERTEX
8
L7
10
-16.196365928086053
20
-56.83575803080661
0
VERTEX
8
L7
10
-16.187076099041363
20
-56.83891150283994
0
VERTEX
8
L7
10
-16.17745413507518
20
-56.8408254304713
0
VERTEX
8
L7
10
-16.167664670658667
20
-56.841467065868265
0
VERTEX
8
L7
10
-16.157875206242167
20
-56.8408254304713
0
VERTEX
8
L7
10
-16.148253242275985
20
-56.83891150283995
0
VERTEX
8
L7
10
-16.138963413231295
20
-56.83575803080661
0
VERTEX
8
L7
10
-16.130164670658672
20
-56.8314189711521
0
VERTEX
8
L7
10
-16.122007563483024
20
-56.82596856639011
0
VERTEX
8
L7
10
-16.114631662069684
20
-56.81950007445725
0
VERTEX
8
L7
10
-16.108163170136834
20
-56.81212417304392
0
VERTEX
8
L7
10
-16.102712765374847
20
-56.803967065868264
0
VERTEX
8
L7
10
-16.09837370572032
20
-56.79516832329565
0
VERTEX
8
L7
10
-16.095220233686987
20
-56.78587849425095
0
VERTEX
8
L7
10
-16.093306306055638
20
-56.77625653028477
0
VERTEX
8
L7
10
-16.092664670658678
20
-56.76646706586826
0
VERTEX
8
L7
10
-16.093306306055638
20
-56.75667760145176
0
VERTEX
8
L7
10
-16.095220233686987
20
-56.74705563748557
0
VERTEX
8
L7
10
-16.09837370572032
20
-56.737765808440884
0
VERTEX
8
L7
10
-16.102712765374847
20
-56.72896706586827
0
VERTEX
8
L7
10
-16.108163170136834
20
-56.72080995869261
0
VERTEX
8
L7
10
-16.114631662069684
20
-56.71343405727927
0
VERTEX
8
L7
10
-16.122007563483024
20
-56.70696556534642
0
VERTEX
8
L7
10
-16.130164670658672
20
-56.701515160584435
0
VERTEX
8
L7
10
-16.138963413231295
20
-56.697176100929916
0
VERTEX
8
L7
10
-16.148253242275985
20
-56.69402262889658
0
VERTEX
8
L7
10
-16.157875206242167
20
-56.69210870126523
0
VERTEX
8
L7
10
-16.167664670658667
20
-56.69146706586827
0
SEQEND
0
POLYLINE
8
L7
66
1
70
1
0
VERTEX
8
L7
10
-16.167664670658667
20
-55.73338323353293
0
VERTEX
8
L7
10
-16.17745413507518
20
-55.7340248689299
0
VERTEX
8
L7
10
-16.187076099041363
20
-55.73593879656126
0
VERTEX
8
L7
10
-16.196365928086053
20
-55.73909226859459
0
VERTEX
8
L7
10
-16.205164670658675
20
-55.7434313282491
0
VERTEX
8
L7
10
-16.213321777834324
20
-55.74888173301109
0
VERTEX
8
L7
10
-16.220697679247664
20
-55.755350224943946
0
VERTEX
8
L7
10
-16.227166171180514
20
-55.76272612635728
0
VERTEX
8
L7
10
-16.2326165759425
20
-55.770883233532935
0
VERTEX
8
L7
10
-16.236955635597013
20
-55.77968197610555
0
VERTEX
8
L7
10
-16.240109107630346
20
-55.78897180515025
0
VERTEX
8
L7
10
-16.24202303526171
20
-55.79859376911643
0
VERTEX
8
L7
10
-16.24266467065867
20
-55.808383233532936
0
VERTEX
8
L7
10
-16.24202303526171
20
-55.818172697949436
0
VERTEX
8
L7
10
-16.240109107630346
20
-55.827794661915625
0
VERTEX
8
L7
10
-16.236955635597013
20
-55.837084490960315
0
VERTEX
8
L7
10
-16.2326165759425
20
-55.84588323353294
0
VERTEX
8
L7
10
-16.227166171180514
20
-55.854040340708586
0
VERTEX
8
L7
10
-16.220697679247664
20
-55.861416242121926
0
VERTEX
8
L7
10
-16.213321777834324
20
-55.867884734054776
0
VERTEX
8
L7
10
-16.205164670658675
20
-55.87333513881677
0
VERTEX
8
L7
10
-16.196365928086053
20
-55.87767419847128
0
VERTEX
8
L7
10
-16.187076099041363
20
-55.880827670504615
0
VERTEX
8
L7
10
-16.17745413507518
20
-55.88274159813597
0
VERTEX
8
L7
10
-16.167664670658667
20
-55.88338323353293
0
VERTEX
8
L7
10
-16.157875206242167
20
-55.88274159813597
0
VERTEX
8
L7
10
-16.148253242275985
20
-55.880827670504615
0
VERTEX
8
L7
10
-16.138963413231295
20
-55.87767419847128
0
VERTEX
8
L7
10
-16.130164670658672
20
-55.87333513881677
0
VERTEX
8
L7
10
-16.122007563483024
20
-55.867884734054776
0
VERTEX
8
L7
10
-16.114631662069684
20
-55.861416242121926
0
VERTEX
8
L7
10
-16.108163170136834
20
-55.854040340708586
0
VERTEX
8
L7
10
-16.102712765374847
20
-55.84588323353294
0
VERTEX
8
L7
10
-16.09837370572032
20
-55.837084490960315
0
VERTEX
8
L7
10
-16.095220233686987
20
-55.827794661915625
0
VERTEX
8
L7
10
-16.093306306055638
20
-55.818172697949436
0
VERTEX
8
L7
10
-16.092664670658678
20
-55.808383233532936
0
VERTEX
8
L7
10
-16.093306306055638
20
-55.79859376911643
0
VERTEX
8
L7
10
-16.095220233686987
20
-55.78897180515025
0
VERTEX
8
L7
10
-16.09837370572032
20
-55.77968197610555
0
VERTEX
8
L7
10
-16.102712765374847
20
-55.770883233532935
0
VERTEX
8
L7
10
-16.108163170136834
20
-55.76272612635728
0
VERTEX
8
L7
10
-16.114631662069684
20
-55.755350224943946
0
VERTEX
8
L7
10
-16.122007563483024
20
-55.74888173301109
0
VERTEX
8
L7
10
-16.130164670658672
20
-55.7434313282491
0
VERTEX
8
L7
10
-16.138963413231295
20
-55.73909226859459
0
VERTEX
8
L7
10
-16.148253242275985
20
-55.73593879656126
0
VERTEX
8
L7
10
-16.157875206242167
20
-55.7340248689299
0
VERTEX
8
L7
10
-16.167664670658667
20
-55.73338323353293
0
SEQEND
0
POLYLINE
8
L7
66
1
70
1
0
VERTEX
8
L7
10
-12.395209580838312
20
-53.577694610778444
0
VERTEX
8
L7
10
-12.404999045254826
20
-53.57833624617541
0
VERTEX
8
L7
10
-12.414621009221008
20
-53.58025017380677
0
VERTEX
8
L7
10
-12.423910838265698
20
-53.5834036458401
0
VERTEX
8
L7
10
-12.43270958083832
20
-53.58774270549461
0
VERTEX
8
L7
10
-12.440866688013969
20
-53.5931931102566
0
VERTEX
8
L7
10
-12.44824258942731
20
-53.59966160218946
0
VERTEX
8
L7
10
-12.45471108136016
20
-53.60703750360279
0
VERTEX
8
L7
10
-12.460161486122146
20
-53.615194610778445
0
VERTEX
8
L7
10
-12.464500545776659
20
-53.62399335335106
0
VERTEX
8
L7
10
-12.467654017809991
20
-53.63328318239576
0
VERTEX
8
L7
10
-12.469567945441355
20
-53.64290514636194
0
VERTEX
8
L7
10
-12.470209580838315
20
-53.65269461077845
0
VERTEX
8
L7
10
-12.469567945441355
20
-53.662484075194946
0
VERTEX
8
L7
10
-12.467654017809991
20
-53.672106039161136
0
VERTEX
8
L7
10
-12.464500545776659
20
-53.681395868205826
0
VERTEX
8
L7
10
-12.460161486122146
20
-53.69019461077845
0
VERTEX
8
L7
10
-12.45471108136016
20
-53.6983517179541
0
VERTEX
8
L7
10
-12.44824258942731
20
-53.70572761936744
0
VERTEX
8
L7
10
-12.440866688013969
20
-53.71219611130029
0
VERTEX
8
L7
10
-12.43270958083832
20
-53.71764651606228
0
VERTEX
8
L7
10
-12.423910838265698
20
-53.72198557571679
0
VERTEX
8
L7
10
-12.414621009221008
20
-53.725139047750126
0
VERTEX
8
L7
10
-12.404999045254826
20
-53.72705297538148
0
VERTEX
8
L7
10
-12.395209580838312
20
-53.72769461077844
0
VERTEX
8
L7
10
-12.385420116421813
20
-53.72705297538148
0
VERTEX
8
L7
10
-12.37579815245563
20
-53.725139047750126
0
VERTEX
8
L7
10
-12.36650832341094
20
-53.72198557571679
0
VERTEX
8
L7
10
-12.357709580838318
20
-53.71764651606228
0
VERTEX
8
L7
10
-12.34955247366267
20
-53.71219611130029
0
VERTEX
8
L7
10
-12.342176572249329
20
-53.70572761936744
0
VERTEX
8
L7
10
-12.33570808031648
20
-53.6983517179541
0
VERTEX
8
L7
10
-12.330257675554478
20
-53.69019461077845
0
VERTEX
8
L7
10
-12.325918615899965
20
-53.681395868205826
0
VERTEX
8
L7
10
-12.322765143866633
20
-53.672106039161136
0
VERTEX
8
L7
10
-12.320851216235283
20
-53.662484075194946
0
VERTEX
8
L7
10
-12.320209580838323
20
-53.65269461077845
0
VERTEX
8
L7
10
-12.320851216235283
20
-53.64290514636194
0
VERTEX
8
L7
10
-12.322765143866633
20
-53.63328318239576
0
VERTEX
8
L7
10
-12.325918615899965
20
-53.62399335335106
0
VERTEX
8
L7
10
-12.330257675554478
20
-53.615194610778445
0
VERTEX
8
L7
10
-12.33570808031648
20
-53.60703750360279
0
VERTEX
8
L7
10
-12.342176572249329
20
-53.59966160218946
0
VERTEX
8
L7
10
-12.34955247366267
20
-53.5931931102566
0
VERTEX
8
L7
10
-12.357709580838318
20
-53.58774270549461
0
VERTEX
8
L7
10
-12.36650832341094
20
-53.5834036458401
0
VERTEX
8
L7
10
-12.37579815245563
20
-53.58025017380677
0
VERTEX
8
L7
10
-12.385420116421813
20
-53.57833624617541
0
VERTEX
8
L7
10
-12.395209580838312
20
-53.577694610778444
0
SEQEND
0
POLYLINE
8
L7
66
1
70
1
0
VERTEX
8
L7
10
-16.167664670658667
20
-54.77529940119761
0
VERTEX
8
L7
10
-16.17745413507518
20
-54.775941036594574
0
VERTEX
8
L7
10
-16.187076099041363
20
-54.777854964225924
0
VERTEX
8
L7
10
-16.196365928086053
20
-54.78100843625926
0
VERTEX
8
L7
10
-16.205164670658675
20
-54.785347495913776
0
VERTEX
8
L7
10
-16.213321777834324
20
-54.79079790067576
0
VERTEX
8
L7
10
-16.220697679247664
20
-54.79726639260861
0
VERTEX
8
L7
10
-16.227166171180514
20
-54.80464229402195
0
VERTEX
8
L7
10
-16.2326165759425
20
-54.81279940119761
0
VERTEX
8
L7
10
-16.236955635597013
20
-54.821598143770224
0
VERTEX
8
L7
10
-16.240109107630346
20
-54.83088797281492
0
VERTEX
8
L7
10
-16.24202303526171
20
-54.8405099367811
0
VERTEX
8
L7
10
-16.24266467065867
20
-54.85029940119761
0
VERTEX
8
L7
10
-16.24202303526171
20
-54.86008886561411
0
VERTEX
8
L7
10
-16.240109107630346
20
-54.8697108295803
0
VERTEX
8
L7
10
-16.236955635597013
20
-54.87900065862499
0
VERTEX
8
L7
10
-16.2326165759425
20
-54.887799401197604
0
VERTEX
8
L7
10
-16.227166171180514
20
-54.89595650837326
0
VERTEX
8
L7
10
-16.220697679247664
20
-54.9033324097866
0
VERTEX
8
L7
10
-16.213321777834324
20
-54.90980090171945
0
VERTEX
8
L7
10
-16.205164670658675
20
-54.91525130648144
0
VERTEX
8
L7
10
-16.196365928086053
20
-54.91959036613596
0
VERTEX
8
L7
10
-16.187076099041363
20
-54.92274383816929
0
VERTEX
8
L7
10
-16.17745413507518
20
-54.924657765800646
0
VERTEX
8
L7
10
-16.167664670658667
20
-54.925299401197606
0
VERTEX
8
L7
10
-16.157875206242167
20
-54.924657765800646
0
VERTEX
8
L7
10
-16.148253242275985
20
-54.92274383816929
0
VERTEX
8
L7
10
-16.138963413231295
20
-54.91959036613596
0
VERTEX
8
L7
10
-16.130164670658672
20
-54.91525130648144
0
VERTEX
8
L7
10
-16.122007563483024
20
-54.90980090171945
0
VERTEX
8
L7
10
-16.114631662069684
20
-54.9033324097866
0
VERTEX
8
L7
10
-16.108163170136834
20
-54.89595650837326
0
VERTEX
8
L7
10
-16.102712765374847
20
-54.887799401197604
0
VERTEX
8
L7
10
-16.09837370572032
20
-54.87900065862499
0
VERTEX
8
L7
10
-16.095220233686987
20
-54.8697108295803
0
VERTEX
8
L7
10
-16.093306306055638
20
-54.86008886561411
0
VERTEX
8
L7
10
-16.092664670658678
20
-54.85029940119761
0
VERTEX
8
L7
10
-16.093306306055638
20
-54.8405099367811
0
VERTEX
8
L7
10
-16.095220233686987
20
-54.83088797281492
0
VERTEX
8
L7
10
-16.09837370572032
20
-54.821598143770224
0
VERTEX
8
L7
10
-16.102712765374847
20
-54.81279940119761
0
VERTEX
8
L7
10
-16.108163170136834
20
-54.80464229402195
0
VERTEX
8
L7
10
-16.114631662069684
20
-54.79726639260861
0
VERTEX
8
L7
10
-16.122007563483024
20
-54.79079790067576
0
VERTEX
8
L7
10
-16.130164670658672
20
-54.785347495913776
0
VERTEX
8
L7
10
-16.138963413231295
20
-54.78100843625926
0
VERTEX
8
L7
10
-16.148253242275985
20
-54.777854964225924
0
VERTEX
8
L7
10
-16.157875206242167
20
-54.775941036594574
0
VERTEX
8
L7
10
-16.167664670658667
20
-54.77529940119761
0
SEQEND
0
POLYLINE
8
L7
66
1
70
1
0
VERTEX
8
L7
10
-12.704304161836035
20
-53.268600029780735
0
VERTEX
8
L7
10
-12.714093626252534
20
-53.269241665177695
0
VERTEX
8
L7
10
-12.723715590218717
20
-53.27115559280905
0
VERTEX
8
L7
10
-12.733005419263407
20
-53.274309064842384
0
VERTEX
8
L7
10
-12.74180416183603
20
-53.2786481244969
0
VERTEX
8
L7
10
-12.749961269011678
20
-53.28409852925889
0
VERTEX
8
L7
10
-12.757337170425018
20
-53.29056702119174
0
VERTEX
8
L7
10
-12.763805662357868
20
-53.29794292260508
0
VERTEX
8
L7
10
-12.769256067119855
20
-53.30610002978073
0
VERTEX
8
L7
10
-12.773595126774381
20
-53.31489877235335
0
VERTEX
8
L7
10
-12.776748598807714
20
-53.32418860139804
0
VERTEX
8
L7
10
-12.778662526439064
20
-53.33381056536423
0
VERTEX
8
L7
10
-12.779304161836023
20
-53.34360002978073
0
VERTEX
8
L7
10
-12.778662526439064
20
-53.35338949419724
0
VERTEX
8
L7
10
-12.776748598807714
20
-53.36301145816342
0
VERTEX
8
L7
10
-12.773595126774381
20
-53.37230128720812
0
VERTEX
8
L7
10
-12.769256067119855
20
-53.38110002978073
0
VERTEX
8
L7
10
-12.763805662357868
20
-53.38925713695639
0
VERTEX
8
L7
10
-12.757337170425018
20
-53.39663303836972
0
VERTEX
8
L7
10
-12.749961269011678
20
-53.40310153030258
0
VERTEX
8
L7
10
-12.74180416183603
20
-53.408551935064565
0
VERTEX
8
L7
10
-12.733005419263407
20
-53.41289099471908
0
VERTEX
8
L7
10
-12.723715590218717
20
-53.41604446675241
0
VERTEX
8
L7
10
-12.714093626252534
20
-53.41795839438377
0
VERTEX
8
L7
10
-12.704304161836035
20
-53.418600029780734
0
VERTEX
8
L7
10
-12.694514697419521
20
-53.41795839438377
0
VERTEX
8
L7
10
-12.684892733453339
20
-53.41604446675241
0
VERTEX
8
L7
10
-12.675602904408649
20
-53.41289099471908
0
VERTEX
8
L7
10
-12.666804161836026
20
-53.408551935064565
0
VERTEX
8
L7
10
-12.658647054660378
20
-53.40310153030258
0
VERTEX
8
L7
10
-12.651271153247038
20
-53.39663303836972
0
VERTEX
8
L7
10
-12.644802661314188
20
-53.38925713695639
0
VERTEX
8
L7
10
-12.6393522565522
20
-53.38110002978073
0
VERTEX
8
L7
10
-12.635013196897688
20
-53.37230128720812
0
VERTEX
8
L7
10
-12.631859724864356
20
-53.36301145816342
0
VERTEX
8
L7
10
-12.629945797232992
20
-53.35338949419724
0
VERTEX
8
L7
10
-12.629304161836032
20
-53.34360002978073
0
VERTEX
8
L7
10
-12.629945797232992
20
-53.33381056536423
0
VERTEX
8
L7
10
-12.631859724864356
20
-53.32418860139804
0
VERTEX
8
L7
10
-12.635013196897688
20
-53.31489877235335
0
VERTEX
8
L7
10
-12.6393522565522
20
-53.30610002978073
0
VERTEX
8
L7
10
-12.644802661314188
20
-53.29794292260508
0
VERTEX
8
L7
10
-12.651271153247038
20
-53.29056702119174
0
VERTEX
8
L7
10
-12.658647054660378
20
-53.28409852925889
0
VERTEX
8
L7
10
-12.666804161836026
20
-53.2786481244969
0
VERTEX
8
L7
10
-12.675602904408649
20
-53.274309064842384
0
VERTEX
8
L7
10
-12.684892733453339
20
-53.27115559280905
0
VERTEX
8
L7
10
-12.694514697419521
20
-53.269241665177695
0
VERTEX
8
L7
10
-12.704304161836035
20
-53.268600029780735
0
SEQEND
0
POLYLINE
8
L7
66
1
70
1
0
VERTEX
8
L7
10
-16.167664670658667
20
-53.81721556886228
0
VERTEX
8
L7
10
-16.17745413507518
20
-53.81785720425924
0
VERTEX
8
L7
10
-16.187076099041363
20
-53.8197711318906
0
VERTEX
8
L7
10
-16.196365928086053
20
-53.82292460392393
0
VERTEX
8
L7
10
-16.205164670658675
20
-53.82726366357844
0
VERTEX
8
L7
10
-16.213321777834324
20
-53.83271406834044
0
VERTEX
8
L7
10
-16.220697679247664
20
-53.83918256027329
0
VERTEX
8
L7
10
-16.227166171180514
20
-53.84655846168663
0
VERTEX
8
L7
10
-16.2326165759425
20
-53.854715568862275
0
VERTEX
8
L7
10
-16.236955635597013
20
-53.8635143114349
0
VERTEX
8
L7
10
-16.240109107630346
20
-53.87280414047959
0
VERTEX
8
L7
10
-16.24202303526171
20
-53.88242610444578
0
VERTEX
8
L7
10
-16.24266467065867
20
-53.89221556886228
0
VERTEX
8
L7
10
-16.24202303526171
20
-53.90200503327878
0
VERTEX
8
L7
10
-16.240109107630346
20
-53.911626997244966
0
VERTEX
8
L7
10
-16.236955635597013
20
-53.92091682628966
0
VERTEX
8
L7
10
-16.2326165759425
20
-53.92971556886228
0
VERTEX
8
L7
10
-16.227166171180514
20
-53.937872676037934
0
VERTEX
8
L7
10
-16.220697679247664
20
-53.94524857745127
0
VERTEX
8
L7
10
-16.213321777834324
20
-53.95171706938412
0
VERTEX
8
L7
10
-16.205164670658675
20
-53.95716747414611
0
VERTEX
8
L7
10
-16.196365928086053
20
-53.96150653380062
0
VERTEX
8
L7
10
-16.187076099041363
20
-53.964660005833956
0
VERTEX
8
L7
10
-16.17745413507518
20
-53.96657393346531
0
VERTEX
8
L7
10
-16.167664670658667
20
-53.96721556886228
0
VERTEX
8
L7
10
-16.157875206242167
20
-53.96657393346531
0
VERTEX
8
L7
10
-16.148253242275985
20
-53.964660005833956
0
VERTEX
8
L7
10
-16.138963413231295
20
-53.96150653380062
0
VERTEX
8
L7
10
-16.130164670658672
20
-53.95716747414611
0
VERTEX
8
L7
10
-16.122007563483024
20
-53.95171706938412
0
VERTEX
8
L7
10
-16.114631662069684
20
-53.94524857745127
0
VERTEX
8
L7
10
-16.108163170136834
20
-53.937872676037934
0
VERTEX
8
L7
10
-16.102712765374847
20
-53.92971556886228
0
VERTEX
8
L7
10
-16.09837370572032
20
-53.92091682628966
0
VERTEX
8
L7
10
-16.095220233686987
20
-53.911626997244966
0
VERTEX
8
L7
10
-16.093306306055638
20
-53.90200503327878
0
VERTEX
8
L7
10
-16.092664670658678
20
-53.89221556886228
0
VERTEX
8
L7
10
-16.093306306055638
20
-53.88242610444578
0
VERTEX
8
L7
10
-16.095220233686987
20
-53.87280414047959
0
VERTEX
8
L7
10
-16.09837370572032
20
-53.8635143114349
0
VERTEX
8
L7
10
-16.102712765374847
20
-53.854715568862275
0
VERTEX
8
L7
10
-16.108163170136834
20
-53.84655846168663
0
VERTEX
8
L7
10
-16.114631662069684
20
-53.83918256027329
0
VERTEX
8
L7
10
-16.122007563483024
20
-53.83271406834044
0
VERTEX
8
L7
10
-16.130164670658672
20
-53.82726366357844
0
VERTEX
8
L7
10
-16.138963413231295
20
-53.82292460392393
0
VERTEX
8
L7
10
-16.148253242275985
20
-53.8197711318906
0
VERTEX
8
L7
10
-16.157875206242167
20
-53.81785720425924
0
VERTEX
8
L7
10
-16.167664670658667
20
-53.81721556886228
0
SEQEND
0
POLYLINE
8
L7
66
1
70
1
0
VERTEX
8
L7
10
-12.035928143712567
20
-55.61362275449102
0
VERTEX
8
L7
10
-12.045717608129067
20
-55.614264389887985
0
VERTEX
8
L7
10
-12.055339572095264
20
-55.61617831751934
0
VERTEX
8
L7
10
-12.064629401139953
20
-55.619331789552675
0
VERTEX
8
L7
10
-12.073428143712562
20
-55.62367084920719
0
VERTEX
8
L7
10
-12.081585250888224
20
-55.629121253969174
0
VERTEX
8
L7
10
-12.088961152301565
20
-55.63558974590203
0
VERTEX
8
L7
10
-12.095429644234414
20
-55.642965647315364
0
VERTEX
8
L7
10
-12.100880048996402
20
-55.65112275449102
0
VERTEX
8
L7
10
-12.105219108650914
20
-55.659921497063635
0
VERTEX
8
L7
10
-12.108372580684247
20
-55.66921132610833
0
VERTEX
8
L7
10
-12.11028650831561
20
-55.678833290074515
0
VERTEX
8
L7
10
-12.11092814371257
20
-55.68862275449102
0
VERTEX
8
L7
10
-12.11028650831561
20
-55.69841221890752
0
VERTEX
8
L7
10
-12.108372580684247
20
-55.70803418287371
0
VERTEX
8
L7
10
-12.105219108650914
20
-55.7173240119184
0
VERTEX
8
L7
10
-12.100880048996402
20
-55.72612275449102
0
VERTEX
8
L7
10
-12.095429644234414
20
-55.73427986166667
0
VERTEX
8
L7
10
-12.088961152301565
20
-55.74165576308001
0
VERTEX
8
L7
10
-12.081585250888224
20
-55.74812425501286
0
VERTEX
8
L7
10
-12.073428143712562
20
-55.753574659774856
0
VERTEX
8
L7
10
-12.064629401139953
20
-55.75791371942937
0
VERTEX
8
L7
10
-12.055339572095264
20
-55.7610671914627
0
VERTEX
8
L7
10
-12.045717608129067
20
-55.76298111909406
0
VERTEX
8
L7
10
-12.035928143712567
20
-55.76362275449102
0
VERTEX
8
L7
10
-12.026138679296068
20
-55.76298111909406
0
VERTEX
8
L7
10
-12.016516715329871
20
-55.7610671914627
0
VERTEX
8
L7
10
-12.007226886285181
20
-55.75791371942937
0
VERTEX
8
L7
10
-11.998428143712573
20
-55.753574659774856
0
VERTEX
8
L7
10
-11.99027103653691
20
-55.74812425501286
0
VERTEX
8
L7
10
-11.98289513512357
20
-55.74165576308001
0
VERTEX
8
L7
10
-11.97642664319072
20
-55.73427986166667
0
VERTEX
8
L7
10
-11.970976238428733
20
-55.72612275449102
0
VERTEX
8
L7
10
-11.96663717877422
20
-55.7173240119184
0
VERTEX
8
L7
10
-11.963483706740888
20
-55.70803418287371
0
VERTEX
8
L7
10
-11.961569779109524
20
-55.69841221890752
0
VERTEX
8
L7
10
-11.960928143712565
20
-55.68862275449102
0
VERTEX
8
L7
10
-11.961569779109524
20
-55.678833290074515
0
VERTEX
8
L7
10
-11.963483706740888
20
-55.66921132610833
0
VERTEX
8
L7
10
-11.96663717877422
20
-55.659921497063635
0
VERTEX
8
L7
10
-11.970976238428733
20
-55.65112275449102
0
VERTEX
8
L7
10
-11.97642664319072
20
-55.642965647315364
0
VERTEX
8
L7
10
-11.98289513512357
20
-55.63558974590203
0
VERTEX
8
L7
10
-11.99027103653691
20
-55.629121253969174
0
VERTEX
8
L7
10
-11.998428143712573
20
-55.62367084920719
0
VERTEX
8
L7
10
-12.007226886285181
20
-55.619331789552675
0
VERTEX
8
L7
10
-12.016516715329871
20
-55.61617831751934
0
VERTEX
8
L7
10
-12.026138679296068
20
-55.614264389887985
0
VERTEX
8
L7
10
-12.035928143712567
20
-55.61362275449102
0
SEQEND
0
POLYLINE
8
L7
66
1
70
1
0
VERTEX
8
L7
10
-16.167664670658667
20
-53.338173652694614
0
VERTEX
8
L7
10
-16.17745413507518
20
-53.338815288091574
0
VERTEX
8
L7
10
-16.187076099041363
20
-53.34072921572293
0
VERTEX
8
L7
10
-16.196365928086053
20
-53.34388268775626
0
VERTEX
8
L7
10
-16.205164670658675
20
-53.34822174741078
0
VERTEX
8
L7
10
-16.213321777834324
20
-53.35367215217277
0
VERTEX
8
L7
10
-16.220697679247664
20
-53.36014064410562
0
VERTEX
8
L7
10
-16.227166171180514
20
-53.36751654551896
0
VERTEX
8
L7
10
-16.2326165759425
20
-53.375673652694616
0
VERTEX
8
L7
10
-16.236955635597013
20
-53.38447239526723
0
VERTEX
8
L7
10
-16.240109107630346
20
-53.39376222431192
0
VERTEX
8
L7
10
-16.24202303526171
20
-53.40338418827811
0
VERTEX
8
L7
10
-16.24266467065867
20
-53.41317365269461
0
VERTEX
8
L7
10
-16.24202303526171
20
-53.42296311711112
0
VERTEX
8
L7
10
-16.240109107630346
20
-53.4325850810773
0
VERTEX
8
L7
10
-16.236955635597013
20
-53.441874910121996
0
VERTEX
8
L7
10
-16.2326165759425
20
-53.45067365269461
0
VERTEX
8
L7
10
-16.227166171180514
20
-53.45883075987027
0
VERTEX
8
L7
10
-16.220697679247664
20
-53.46620666128361
0
VERTEX
8
L7
10
-16.213321777834324
20
-53.47267515321646
0
VERTEX
8
L7
10
-16.205164670658675
20
-53.478125557978444
0
VERTEX
8
L7
10
-16.196365928086053
20
-53.48246461763296
0
VERTEX
8
L7
10
-16.187076099041363
20
-53.485618089666296
0
VERTEX
8
L7
10
-16.17745413507518
20
-53.487532017297646
0
VERTEX
8
L7
10
-16.167664670658667
20
-53.48817365269461
0
VERTEX
8
L7
10
-16.157875206242167
20
-53.487532017297646
0
VERTEX
8
L7
10
-16.148253242275985
20
-53.485618089666296
0
VERTEX
8
L7
10
-16.138963413231295
20
-53.48246461763296
0
VERTEX
8
L7
10
-16.130164670658672
20
-53.478125557978444
0
VERTEX
8
L7
10
-16.122007563483024
20
-53.47267515321646
0
VERTEX
8
L7
10
-16.114631662069684
20
-53.46620666128361
0
VERTEX
8
L7
10
-16.108163170136834
20
-53.45883075987027
0
VERTEX
8
L7
10
-16.102712765374847
20
-53.45067365269461
0
VERTEX
8
L7
10
-16.09837370572032
20
-53.441874910121996
0
VERTEX
8
L7
10
-16.095220233686987
20
-53.4325850810773
0
VERTEX
8
L7
10
-16.093306306055638
20
-53.42296311711112
0
VERTEX
8
L7
10
-16.092664670658678
20
-53.41317365269461
0
VERTEX
8
L7
10
-16.093306306055638
20
-53.40338418827811
0
VERTEX
8
L7
10
-16.095220233686987
20
-53.39376222431192
0
VERTEX
8
L7
10
-16.09837370572032
20
-53.38447239526723
0
VERTEX
8
L7
10
-16.102712765374847
20
-53.375673652694616
0
VERTEX
8
L7
10
-16.108163170136834
20
-53.36751654551896
0
VERTEX
8
L7
10
-16.114631662069684
20
-53.36014064410562
0
VERTEX
8
L7
10
-16.122007563483024
20
-53.35367215217277
0
VERTEX
8
L7
10
-16.130164670658672
20
-53.34822174741078
0
VERTEX
8
L7
10
-16.138963413231295
20
-53.34388268775626
0
VERTEX
8
L7
10
-16.148253242275985
20
-53.34072921572293
0
VERTEX
8
L7
10
-16.157875206242167
20
-53.338815288091574
0
VERTEX
8
L7
10
-16.167664670658667
20
-53.338173652694614
0
SEQEND
0
POLYLINE
8
L7
66
1
70
1
0
VERTEX
8
L7
10
-12.4663479551743
20
-55.36511976047905
0
VERTEX
8
L7
10
-12.476137419590799
20
-55.36576139587601
0
VERTEX
8
L7
10
-12.485759383556982
20
-55.36767532350736
0
VERTEX
8
L7
10
-12.495049212601671
20
-55.370828795540696
0
VERTEX
8
L7
10
-12.503847955174294
20
-55.37516785519521
0
VERTEX
8
L7
10
-12.512005062349942
20
-55.3806182599572
0
VERTEX
8
L7
10
-12.519380963763282
20
-55.38708675189005
0
VERTEX
8
L7
10
-12.525849455696132
20
-55.39446265330339
0
VERTEX
8
L7
10
-12.531299860458134
20
-55.40261976047904
0
VERTEX
8
L7
10
-12.535638920112646
20
-55.411418503051664
0
VERTEX
8
L7
10
-12.538792392145979
20
-55.42070833209635
0
VERTEX
8
L7
10
-12.540706319777328
20
-55.43033029606254
0
VERTEX
8
L7
10
-12.541347955174288
20
-55.44011976047904
0
VERTEX
8
L7
10
-12.540706319777328
20
-55.44990922489555
0
VERTEX
8
L7
10
-12.538792392145979
20
-55.45953118886173
0
VERTEX
8
L7
10
-12.535638920112646
20
-55.46882101790643
0
VERTEX
8
L7
10
-12.531299860458134
20
-55.477619760479044
0
VERTEX
8
L7
10
-12.525849455696132
20
-55.4857768676547
0
VERTEX
8
L7
10
-12.519380963763282
20
-55.49315276906803
0
VERTEX
8
L7
10
-12.512005062349942
20
-55.49962126100089
0
VERTEX
8
L7
10
-12.503847955174294
20
-55.50507166576288
0
VERTEX
8
L7
10
-12.495049212601671
20
-55.50941072541739
0
VERTEX
8
L7
10
-12.485759383556982
20
-55.51256419745072
0
VERTEX
8
L7
10
-12.476137419590799
20
-55.51447812508208
0
VERTEX
8
L7
10
-12.4663479551743
20
-55.515119760479045
0
VERTEX
8
L7
10
-12.456558490757786
20
-55.51447812508208
0
VERTEX
8
L7
10
-12.446936526791603
20
-55.51256419745072
0
VERTEX
8
L7
10
-12.437646697746914
20
-55.50941072541739
0
VERTEX
8
L7
10
-12.428847955174291
20
-55.50507166576288
0
VERTEX
8
L7
10
-12.420690847998642
20
-55.49962126100089
0
VERTEX
8
L7
10
-12.413314946585302
20
-55.49315276906803
0
VERTEX
8
L7
10
-12.406846454652452
20
-55.4857768676547
0
VERTEX
8
L7
10
-12.401396049890465
20
-55.477619760479044
0
VERTEX
8
L7
10
-12.397056990235953
20
-55.46882101790643
0
VERTEX
8
L7
10
-12.39390351820262
20
-55.45953118886173
0
VERTEX
8
L7
10
-12.391989590571256
20
-55.44990922489555
0
VERTEX
8
L7
10
-12.391347955174297
20
-55.44011976047904
0
VERTEX
8
L7
10
-12.391989590571256
20
-55.43033029606254
0
VERTEX
8
L7
10
-12.39390351820262
20
-55.42070833209635
0
VERTEX
8
L7
10
-12.397056990235953
20
-55.411418503051664
0
VERTEX
8
L7
10
-12.401396049890465
20
-55.40261976047904
0
VERTEX
8
L7
10
-12.406846454652452
20
-55.39446265330339
0
VERTEX
8
L7
10
-12.413314946585302
20
-55.38708675189005
0
VERTEX
8
L7
10
-12.420690847998642
20
-55.3806182599572
0
VERTEX
8
L7
10
-12.428847955174291
20
-55.37516785519521
0
VERTEX
8
L7
10
-12.437646697746914
20
-55.370828795540696
0
VERTEX
8
L7
10
-12.446936526791603
20
-55.36767532350736
0
VERTEX
8
L7
10
-12.456558490757786
20
-55.36576139587601
0
VERTEX
8
L7
10
-12.4663479551743
20
-55.36511976047905
0
SEQEND
0
POLYLINE
8
L7
66
1
70
1
0
VERTEX
8
L7
10
-16.167664670658667
20
-54.29625748502994
0
VERTEX
8
L7
10
-16.17745413507518
20
-54.29689912042691
0
VERTEX
8
L7
10
-16.187076099041363
20
-54.298813048058264
0
VERTEX
8
L7
10
-16.196365928086053
20
-54.3019665200916
0
VERTEX
8
L7
10
-16.205164670658675
20
-54.30630557974611
0
VERTEX
8
L7
10
-16.213321777834324
20
-54.311755984508096
0
VERTEX
8
L7
10
-16.220697679247664
20
-54.31822447644095
0
VERTEX
8
L7
10
-16.227166171180514
20
-54.325600377854286
0
VERTEX
8
L7
10
-16.2326165759425
20
-54.33375748502994
0
VERTEX
8
L7
10
-16.236955635597013
20
-54.34255622760256
0
VERTEX
8
L7
10
-16.240109107630346
20
-54.351846056647254
0
VERTEX
8
L7
10
-16.24202303526171
20
-54.36146802061344
0
VERTEX
8
L7
10
-16.24266467065867
20
-54.37125748502994
0
VERTEX
8
L7
10
-16.24202303526171
20
-54.38104694944644
0
VERTEX
8
L7
10
-16.240109107630346
20
-54.39066891341263
0
VERTEX
8
L7
10
-16.236955635597013
20
-54.39995874245732
0
VERTEX
8
L7
10
-16.2326165759425
20
-54.408757485029945
0
VERTEX
8
L7
10
-16.227166171180514
20
-54.41691459220559
0
VERTEX
8
L7
10
-16.220697679247664
20
-54.42429049361893
0
VERTEX
8
L7
10
-16.213321777834324
20
-54.43075898555178
0
VERTEX
8
L7
10
-16.205164670658675
20
-54.43620939031378
0
VERTEX
8
L7
10
-16.196365928086053
20
-54.44054844996829
0
VERTEX
8
L7
10
-16.187076099041363
20
-54.44370192200162
0
VERTEX
8
L7
10
-16.17745413507518
20
-54.44561584963298
0
VERTEX
8
L7
10
-16.167664670658667
20
-54.44625748502994
0
VERTEX
8
L7
10
-16.157875206242167
20
-54.44561584963298
0
VERTEX
8
L7
10
-16.148253242275985
20
-54.44370192200162
0
VERTEX
8
L7
10
-16.138963413231295
20
-54.44054844996829
0
VERTEX
8
L7
10
-16.130164670658672
20
-54.43620939031378
0
VERTEX
8
L7
10
-16.122007563483024
20
-54.43075898555178
0
VERTEX
8
L7
10
-16.114631662069684
20
-54.42429049361893
0
VERTEX
8
L7
10
-16.108163170136834
20
-54.41691459220559
0
VERTEX
8
L7
10
-16.102712765374847
20
-54.408757485029945
0
VERTEX
8
L7
10
-16.09837370572032
20
-54.39995874245732
0
VERTEX
8
L7
10
-16.095220233686987
20
-54.39066891341263
0
VERTEX
8
L7
10
-16.093306306055638
20
-54.38104694944644
0
VERTEX
8
L7
10
-16.092664670658678
20
-54.37125748502994
0
VERTEX
8
L7
10
-16.093306306055638
20
-54.36146802061344
0
VERTEX
8
L7
10
-16.095220233686987
20
-54.351846056647254
0
VERTEX
8
L7
10
-16.09837370572032
20
-54.34255622760256
0
VERTEX
8
L7
10
-16.102712765374847
20
-54.33375748502994
0
VERTEX
8
L7
10
-16.108163170136834
20
-54.325600377854286
0
VERTEX
8
L7
10
-16.114631662069684
20
-54.31822447644095
0
VERTEX
8
L7
10
-16.122007563483024
20
-54.311755984508096
0
VERTEX
8
L7
10
-16.130164670658672
20
-54.30630557974611
0
VERTEX
8
L7
10
-16.138963413231295
20
-54.3019665200916
0
VERTEX
8
L7
10
-16.148253242275985
20
-54.298813048058264
0
VERTEX
8
L7
10
-16.157875206242167
20
-54.29689912042691
0
VERTEX
8
L7
10
-16.167664670658667
20
-54.29625748502994
0
SEQEND
0
POLYLINE
8
L7
66
1
70
1
0
VERTEX
8
L7
10
-16.167664670658667
20
-55.254341317365274
0
VERTEX
8
L7
10
-16.17745413507518
20
-55.254982952762234
0
VERTEX
8
L7
10
-16.187076099041363
20
-55.25689688039359
0
VERTEX
8
L7
10
-16.196365928086053
20
-55.26005035242692
0
VERTEX
8
L7
10
-16.205164670658675
20
-55.264389412081435
0
VERTEX
8
L7
10
-16.213321777834324
20
-55.26983981684343
0
VERTEX
8
L7
10
-16.220697679247664
20
-55.27630830877628
0
VERTEX
8
L7
10
-16.227166171180514
20
-55.28368421018962
0
VERTEX
8
L7
10
-16.2326165759425
20
-55.29184131736527
0
VERTEX
8
L7
10
-16.236955635597013
20
-55.30064005993789
0
VERTEX
8
L7
10
-16.240109107630346
20
-55.30992988898258
0
VERTEX
8
L7
10
-16.24202303526171
20
-55.31955185294877
0
VERTEX
8
L7
10
-16.24266467065867
20
-55.32934131736527
0
VERTEX
8
L7
10
-16.24202303526171
20
-55.339130781781776
0
VERTEX
8
L7
10
-16.240109107630346
20
-55.34875274574796
0
VERTEX
8
L7
10
-16.236955635597013
20
-55.358042574792655
0
VERTEX
8
L7
10
-16.2326165759425
20
-55.36684131736527
0
VERTEX
8
L7
10
-16.227166171180514
20
-55.37499842454093
0
VERTEX
8
L7
10
-16.220697679247664
20
-55.38237432595426
0
VERTEX
8
L7
10
-16.213321777834324
20
-55.38884281788712
0
VERTEX
8
L7
10
-16.205164670658675
20
-55.394293222649104
0
VERTEX
8
L7
10
-16.196365928086053
20
-55.398632282303616
0
VERTEX
8
L7
10
-16.187076099041363
20
-55.40178575433695
0
VERTEX
8
L7
10
-16.17745413507518
20
-55.403699681968305
0
VERTEX
8
L7
10
-16.167664670658667
20
-55.40434131736527
0
VERTEX
8
L7
10
-16.157875206242167
20
-55.403699681968305
0
VERTEX
8
L7
10
-16.148253242275985
20
-55.40178575433695
0
VERTEX
8
L7
10
-16.138963413231295
20
-55.398632282303616
0
VERTEX
8
L7
10
-16.130164670658672
20
-55.394293222649104
0
VERTEX
8
L7
10
-16.122007563483024
20
-55.38884281788712
0
VERTEX
8
L7
10
-16.114631662069684
20
-55.38237432595426
0
VERTEX
8
L7
10
-16.108163170136834
20
-55.37499842454093
0
VERTEX
8
L7
10
-16.102712765374847
20
-55.36684131736527
0
VERTEX
8
L7
10
-16.09837370572032
20
-55.358042574792655
0
VERTEX
8
L7
10
-16.095220233686987
20
-55.34875274574796
0
VERTEX
8
L7
10
-16.093306306055638
20
-55.339130781781776
0
VERTEX
8
L7
10
-16.092664670658678
20
-55.32934131736527
0
VERTEX
8
L7
10
-16.093306306055638
20
-55.31955185294877
0
VERTEX
8
L7
10
-16.095220233686987
20
-55.30992988898258
0
VERTEX
8
L7
10
-16.09837370572032
20
-55.30064005993789
0
VERTEX
8
L7
10
-16.102712765374847
20
-55.29184131736527
0
VERTEX
8
L7
10
-16.108163170136834
20
-55.28368421018962
0
VERTEX
8
L7
10
-16.114631662069684
20
-55.27630830877628
0
VERTEX
8
L7
10
-16.122007563483024
20
-55.26983981684343
0
VERTEX
8
L7
10
-16.130164670658672
20
-55.264389412081435
0
VERTEX
8
L7
10
-16.138963413231295
20
-55.26005035242692
0
VERTEX
8
L7
10
-16.148253242275985
20
-55.25689688039359
0
VERTEX
8
L7
10
-16.157875206242167
20
-55.254982952762234
0
VERTEX
8
L7
10
-16.167664670658667
20
-55.254341317365274
0
SEQEND
0
POLYLINE
8
L7
66
1
70
1
0
VERTEX
8
L7
10
-16.167664670658667
20
-56.2124251497006
0
VERTEX
8
L7
10
-16.17745413507518
20
-56.21306678509757
0
VERTEX
8
L7
10
-16.187076099041363
20
-56.21498071272892
0
VERTEX
8
L7
10
-16.196365928086053
20
-56.218134184762256
0
VERTEX
8
L7
10
-16.205164670658675
20
-56.22247324441677
0
VERTEX
8
L7
10
-16.213321777834324
20
-56.227923649178756
0
VERTEX
8
L7
10
-16.220697679247664
20
-56.234392141111606
0
VERTEX
8
L7
10
-16.227166171180514
20
-56.241768042524946
0
VERTEX
8
L7
10
-16.2326165759425
20
-56.2499251497006
0
VERTEX
8
L7
10
-16.236955635597013
20
-56.25872389227322
0
VERTEX
8
L7
10
-16.240109107630346
20
-56.268013721317914
0
VERTEX
8
L7
10
-16.24202303526171
20
-56.277635685284096
0
VERTEX
8
L7
10
-16.24266467065867
20
-56.2874251497006
0
VERTEX
8
L7
10
-16.24202303526171
20
-56.2972146141171
0
VERTEX
8
L7
10
-16.240109107630346
20
-56.30683657808329
0
VERTEX
8
L7
10
-16.236955635597013
20
-56.31612640712798
0
VERTEX
8
L7
10
-16.2326165759425
20
-56.3249251497006
0
VERTEX
8
L7
10
-16.227166171180514
20
-56.33308225687625
0
VERTEX
8
L7
10
-16.220697679247664
20
-56.34045815828959
0
VERTEX
8
L7
10
-16.213321777834324
20
-56.34692665022244
0
VERTEX
8
L7
10
-16.205164670658675
20
-56.35237705498443
0
VERTEX
8
L7
10
-16.196365928086053
20
-56.35671611463895
0
VERTEX
8
L7
10
-16.187076099041363
20
-56.35986958667228
0
VERTEX
8
L7
10
-16.17745413507518
20
-56.36178351430364
0
VERTEX
8
L7
10
-16.167664670658667
20
-56.3624251497006
0
VERTEX
8
L7
10
-16.157875206242167
20
-56.36178351430364
0
VERTEX
8
L7
10
-16.148253242275985
20
-56.35986958667228
0
VERTEX
8
L7
10
-16.138963413231295
20
-56.35671611463895
0
VERTEX
8
L7
10
-16.130164670658672
20
-56.35237705498443
0
VERTEX
8
L7
10
-16.122007563483024
20
-56.34692665022244
0
VERTEX
8
L7
10
-16.114631662069684
20
-56.34045815828959
0
VERTEX
8
L7
10
-16.108163170136834
20
-56.33308225687625
0
VERTEX
8
L7
10
-16.102712765374847
20
-56.3249251497006
0
VERTEX
8
L7
10
-16.09837370572032
20
-56.31612640712798
0
VERTEX
8
L7
10
-16.095220233686987
20
-56.30683657808329
0
VERTEX
8
L7
10
-16.093306306055638
20
-56.2972146141171
0
VERTEX
8
L7
10
-16.092664670658678
20
-56.2874251497006
0
VERTEX
8
L7
10
-16.093306306055638
20
-56.277635685284096
0
VERTEX
8
L7
10
-16.095220233686987
20
-56.268013721317914
0
VERTEX
8
L7
10
-16.09837370572032
20
-56.25872389227322
0
VERTEX
8
L7
10
-16.102712765374847
20
-56.2499251497006
0
VERTEX
8
L7
10
-16.108163170136834
20
-56.241768042524946
0
VERTEX
8
L7
10
-16.114631662069684
20
-56.234392141111606
0
VERTEX
8
L7
10
-16.122007563483024
20
-56.227923649178756
0
VERTEX
8
L7
10
-16.130164670658672
20
-56.22247324441677
0
VERTEX
8
L7
10
-16.138963413231295
20
-56.218134184762256
0
VERTEX
8
L7
10
-16.148253242275985
20
-56.21498071272892
0
VERTEX
8
L7
10
-16.157875206242167
20
-56.21306678509757
0
VERTEX
8
L7
10
-16.167664670658667
20
-56.2124251497006
0
SEQEND
0
POLYLINE
8
L7
66
1
70
1
0
VERTEX
8
L7
10
-3.5840633032156575
20
-55.985063635767126
0
VERTEX
8
L7
10
-3.5550279285488244
20
-55.98174434533045
0
VERTEX
8
L7
10
-3.5283439728092816
20
-55.9698264102267
0
VERTEX
8
L7
10
-3.5064942089007474
20
-55.95041871875687
0
VERTEX
8
L7
10
-3.4915116188261095
20
-55.92532703356631
0
VERTEX
8
L7
10
-3.4847902376013025
20
-55.89688597687923
0
VERTEX
8
L7
10
-3.4869554471353297
20
-55.86774180870238
0
VERTEX
8
L7
10
-3.497805788408627
20
-55.840606209108856
0
VERTEX
8
L7
10
-3.516331705957512
20
-55.81800397359954
0
VERTEX
8
L7
10
-3.540809480609468
20
-55.80203809688904
0
VERTEX
8
L7
10
-3.5689616106236883
20
-55.79419410258068
0
VERTEX
8
L7
10
-3.5981687187885
20
-55.79520182461346
0
VERTEX
8
L7
10
-3.62571326886399
20
-55.804967500841244
0
VERTEX
8
L7
10
-3.649032415099697
20
-55.822582497006
0
VERTEX
8
L7
10
-3.665956458783171
20
-55.84640784939473
0
VERTEX
8
L7
10
-3.674910724949086
20
-55.8742267600218
0
VERTEX
8
L7
10
-3.6750620759012946
20
-55.9034508556269
0
VERTEX
8
L7
10
-3.6663964293932736
20
-55.931361019396476
0
VERTEX
8
L7
10
-3.6497200688918667
20
-55.95536038754387
0
VERTEX
8
L7
10
-3.688598741986624
20
-56.01591121176228
0
VERTEX
8
L7
10
-3.735037979517088
20
-56.07087802677579
0
VERTEX
8
L7
10
-3.788245461668467
20
-56.11932302010067
0
VERTEX
8
L7
10
-3.847313392692101
20
-56.16041965085949
0
VERTEX
8
L7
10
-3.9112339891992747
20
-56.19346675175057
0
VERTEX
8
L7
10
-3.978916674387335
20
-56.217900491965125
0
VERTEX
8
L7
10
-4.049206684839774
20
-56.23330399694728
0
VERTEX
8
L7
10
-4.120904772441776
20
-56.23941446087025
0
VERTEX
8
L7
10
-4.192787665268398
20
-56.236127630479665
0
VERTEX
8
L7
10
-4.263628938353193
20
-56.22349958380316
0
VERTEX
8
L7
10
-4.332219938252379
20
-56.201745773379066
0
VERTEX
8
L7
10
-4.397390404401321
20
-56.1712373503279
0
VERTEX
8
L7
10
-4.4580284354335475
20
-56.13249483198341
0
VERTEX
8
L7
10
-4.513099459808487
20
-56.08617922112234
0
VERTEX
8
L7
10
-4.561663887081693
20
-56.033080728311674
0
VERTEX
8
L7
10
-4.602893138661699
20
-55.97410528978604
0
VERTEX
8
L7
10
-4.636083784545946
20
-55.91025911087982
0
VERTEX
8
L7
10
-4.6606695448427615
20
-55.84263149872497
0
VERTEX
8
L7
10
-4.676230951316214
20
-55.77237627711329
0
VERTEX
8
L7
10
-4.682502504114254
20
-55.700692100612194
0
VERTEX
8
L7
10
-4.679377201575875
20
-55.62880200380337
0
VERTEX
8
L7
10
-4.666908365832526
20
-55.55793253456348
0
VERTEX
8
L7
10
-4.6453087330562965
20
-55.48929282740304
0
VERTEX
8
L7
10
-4.614946823876494
20
-55.42405397390226
0
VERTEX
8
L7
10
-4.576340655890689
20
-55.36332904221362
0
VERTEX
8
L7
10
-4.53014890554347
20
-55.30815408652719
0
VERTEX
8
L7
10
-4.477159670164298
20
-55.259470470504255
0
VERTEX
8
L7
10
-4.418277021899726
20
-55.21810880626683
0
VERTEX
8
L7
10
-4.354505582949599
20
-55.18477478296677
0
VERTEX
8
L7
10
-4.286933385275304
20
-55.16003712671957
0
VERTEX
8
L7
10
-4.216713307218328
20
-55.14431789732332
0
VERTEX
8
L7
10
-4.145043403746811
20
-55.13788528731487
0
VERTEX
8
L7
10
-4.073146465924111
20
-55.140849046221604
0
VERTEX
8
L7
10
-4.00224915834437
20
-55.15315860807747
0
VERTEX
8
L7
10
-3.9335610904800262
20
-55.174603954150726
0
VERTEX
8
L7
10
-3.868254179014045
20
-55.20481919616388
0
VERTEX
8
L7
10
-3.8074426532651557
20
-55.24328881887102
0
VERTEX
8
L7
10
-3.7521640448419333
20
-55.2893564754853
0
VERTEX
8
L7
10
-3.703361485869621
20
-55.34223618589386
0
VERTEX
8
L7
10
-3.7156170484394835
20
-55.36876676932399
0
VERTEX
8
L7
10
-3.719304495228471
20
-55.39775768871654
0
VERTEX
8
L7
10
-3.714080732691528
20
-55.426511522826175
0
VERTEX
8
L7
10
-3.7004317988137245
20
-55.452352909690006
0
VERTEX
8
L7
10
-3.679627640357353
20
-55.47287747209628
0
VERTEX
8
L7
10
-3.6536039523671775
20
-55.48617552964004
0
VERTEX
8
L7
10
-3.6247820740189667
20
-55.491009782377304
0
VERTEX
8
L7
10
-3.5958436983605964
20
-55.486930433740326
0
VERTEX
8
L7
10
-3.56948135777607
20
-55.474317041256455
0
VERTEX
8
L7
10
-3.548147900917968
20
-55.45434320112667
0
VERTEX
8
L7
10
-3.533828270691558
20
-55.428867352539704
0
VERTEX
8
L7
10
-3.527854817902096
20
-55.4002598616882
0
VERTEX
8
L7
10
-3.5307833344596133
20
-55.37118247422269
0
VERTEX
8
L7
10
-3.5423413404653843
20
-55.34434065669449
0
VERTEX
8
L7
10
-3.561453436739029
20
-55.322231870045876
0
VERTEX
8
L7
10
-3.586341363894107
20
-55.30691319670349
0
VERTEX
8
L7
10
-3.614689458099761
20
-55.29980994210054
0
VERTEX
8
L7
10
-3.6438601089187443
20
-55.30158301904277
0
VERTEX
8
L7
10
-3.6945080942099366
20
-55.2451653679361
0
VERTEX
8
L7
10
-3.751636515804151
20
-55.19532047635627
0
VERTEX
8
L7
10
-3.8143986376030057
20
-55.1527871266439
0
VERTEX
8
L7
10
-3.881864222910764
20
-55.1181957322006
0
VERTEX
8
L7
10
-3.953033322054665
20
-55.09205899373734
0
VERTEX
8
L7
10
-4.026851093265009
20
-55.07476430021628
0
VERTEX
8
L7
10
-4.102223437145369
20
-55.06656798711643
0
VERTEX
8
L7
10
-4.178033213004625
20
-55.06759153712506
0
VERTEX
8
L7
10
-4.253156796698448
20
-55.077819779566774
0
VERTEX
8
L7
10
-4.326480734566189
20
-55.09710111525754
0
VERTEX
8
L7
10
-4.39691824662448
20
-55.12514976345111
0
VERTEX
8
L7
10
-4.463425334413827
20
-55.16154999757441
0
VERTEX
8
L7
10
-4.525016254753197
20
-55.20576230697122
0
VERTEX
8
L7
10
-4.580778130056828
20
-55.25713139332745
0
VERTEX
8
L7
10
-4.629884478664351
20
-55.31489588325756
0
VERTEX
8
L7
10
-4.6716074646429036
20
-55.378199613096214
0
VERTEX
8
L7
10
-4.705328685499026
20
-55.44610431863584
0
VERTEX
8
L7
10
-4.730548337909198
20
-55.517603541727844
0
VERTEX
8
L7
10
-4.746892625617761
20
-55.59163754762885
0
VERTEX
8
L7
10
-4.754119299705195
20
-55.66710903199271
0
VERTEX
8
L7
10
-4.752121249111013
20
-55.74289938470513
0
VERTEX
8
L7
10
-4.74092808819384
20
-55.81788526950442
0
VERTEX
8
L7
10
-4.720705717798438
20
-55.890955273651414
0
VERTEX
8
L7
10
-4.691753866335475
20
-55.96102638087342
0
VERTEX
8
L7
10
-4.654501647319137
20
-56.02706002342635
0
VERTEX
8
L7
10
-4.609501199207031
20
-56.088077475357416
0
VERTEX
8
L7
10
-4.557419501810529
20
-56.14317435881511
0
VERTEX
8
L7
10
-4.499028490569501
20
-56.19153404839951
0
VERTEX
8
L7
10
-4.435193615213805
20
-56.23243977487851
0
VERTEX
8
L7
10
-4.36686101239124
20
-56.265285248873305
0
VERTEX
8
L7
10
-4.295043482383875
20
-56.28958364705283
0
VERTEX
8
L7
10
-4.220805477761132
20
-56.304974827647065
0
VERTEX
8
L7
10
-4.145247326461913
20
-56.31123066833366
0
VERTEX
8
L7
10
-4.069488923145428
20
-56.308258447381704
0
VERTEX
8
L7
10
-3.9946531305313755
20
-56.296102217938504
0
VERTEX
8
L7
10
-3.921849136748662
20
-56.27494215509034
0
VERTEX
8
L7
10
-3.8521560153638745
20
-56.24509188537472
0
VERTEX
8
L7
10
-3.786606731756379
20
-56.20699383832512
0
VERTEX
8
L7
10
-3.7261728328918196
20
-56.16121268894592
0
VERTEX
8
L7
10
-3.671750047416438
20
-56.10842698831072
0
VERTEX
8
L7
10
-3.6241450095019445
20
-56.04941910633203
0
VERTEX
8
L7
10
-3.5840633032156575
20
-55.985063635767126
0
SEQEND
0
POLYLINE
8
L7
66
1
70
1
0
VERTEX
8
L7
10
-7.514749648354027
20
-53.25647419100409
0
VERTEX
8
L7
10
-7.543803177741623
20
-53.248402351366984
0
VERTEX
8
L7
10
-7.573926553322991
20
-53.249760441417926
0
VERTEX
8
L7
10
-7.6021358650025235
20
-53.26041393378289
0
VERTEX
8
L7
10
-7.625636802770558
20
-53.279307532937786
0
VERTEX
8
L7
10
-7.642101450710996
20
-53.30456970887733
0
VERTEX
8
L7
10
-7.649898881736078
20
-53.33369808395065
0
VERTEX
8
L7
10
-7.6482567111875
20
-53.36380730912986
0
VERTEX
8
L7
10
-7.637337606401957
20
-53.3919148760058
0
VERTEX
8
L7
10
-7.618223173486868
20
-53.4152365530325
0
VERTEX
8
L7
10
-7.592806817422499
20
-53.431462181199436
0
VERTEX
8
L7
10
-7.563606188372219
20
-53.43898450983298
0
VERTEX
8
L7
10
-7.533513792575462
20
-53.43705840489953
0
VERTEX
8
L7
10
-7.505510471385065
20
-53.42587465922511
0
VERTEX
8
L7
10
-7.482370130155189
20
-53.40654109326412
0
VERTEX
8
L7
10
-7.466384965443481
20
-53.3809728185053
0
VERTEX
8
L7
10
-7.4591384085036765
20
-53.35170253361565
0
VERTEX
8
L7
10
-7.4613482764460315
20
-53.32162964468425
0
VERTEX
8
L7
10
-7.4080058733931935
20
-53.29243724015902
0
VERTEX
8
L7
10
-7.350816568999008
20
-53.271773457632
0
VERTEX
8
L7
10
-7.291134245235881
20
-53.26012748512433
0
VERTEX
8
L7
10
-7.230371803048726
20
-53.25777502580106
0
VERTEX
8
L7
10
-7.169967713773204
20
-53.26477177105943
0
VERTEX
8
L7
10
-7.11135196520857
20
-53.28095208210787
0
VERTEX
8
L7
10
-7.05591220852709
20
-53.30593291124771
0
VERTEX
8
L7
10
-7.004960907447668
20
-53.339122870026365
0
VERTEX
8
L7
10
-6.959704267374164
20
-53.37973622958542
0
VERTEX
8
L7
10
-6.921213680060291
20
-53.426811521763476
0
VERTEX
8
L7
10
-6.890400359811352
20
-53.47923430059721
0
VERTEX
8
L7
10
-6.867993771677419
20
-53.53576352537177
0
VERTEX
8
L7
10
-6.8545243623226355
20
-53.59506094063625
0
VERTEX
8
L7
10
-6.8503110023941645
20
-53.655722757650985
0
VERTEX
8
L7
10
-6.855453437676857
20
-53.716312887249615
0
VERTEX
8
L7
10
-6.869829927742188
20
-53.7753969373716
0
VERTEX
8
L7
10
-6.893100127993691
20
-53.831576170417904
0
VERTEX
8
L7
10
-6.924713146880052
20
-53.88352061653398
0
VERTEX
8
L7
10
-6.963920587532016
20
-53.93000055890635
0
VERTEX
8
L7
10
-7.009794265079222
20
-53.969915645699565
0
VERTEX
8
L7
10
-7.061248180212928
20
-54.00232093944657
0
VERTEX
8
L7
10
-7.117064228798981
20
-54.02644928720712
0
VERTEX
8
L7
10
-7.175921038899872
20
-54.041729481910195
0
VERTEX
8
L7
10
-7.2364252525268
20
-54.04779978493415
0
VERTEX
8
L7
10
-7.297144511567467
20
-54.04451648979543
0
VERTEX
8
L7
10
-7.356641366990701
20
-54.03195732421158
0
VERTEX
8
L7
10
-7.413507308571937
20
-54.01041960999921
0
VERTEX
8
L7
10
-7.466396109530379
20
-53.9804132243689
0
VERTEX
8
L7
10
-7.514055696686924
20
-53.94264852924921
0
VERTEX
8
L7
10
-7.555357791658977
20
-53.898019554397266
0
VERTEX
8
L7
10
-7.589324621375155
20
-53.84758283241371
0
VERTEX
8
L7
10
-7.61515206557381
20
-53.792532386715415
0
VERTEX
8
L7
10
-7.63222869329833
20
-53.73417146459303
0
VERTEX
8
L7
10
-7.619111977838813
20
-53.72441703535559
0
VERTEX
8
L7
10
-7.607844335348517
20
-53.712574850299404
0
VERTEX
8
L7
10
-7.32029937722632
20
-53.712574850299404
0
VERTEX
8
L7
10
-7.29860244637554
20
-53.732446290022466
0
VERTEX
8
L7
10
-7.271898639888434
20
-53.74479690312913
0
VERTEX
8
L7
10
-7.242706208170418
20
-53.748461989130796
0
VERTEX
8
L7
10
-7.213778086577122
20
-53.74309591923804
0
VERTEX
8
L7
10
-7.187842285213193
20
-53.729204730209666
0
VERTEX
8
L7
10
-7.167344629258309
20
-53.70809840354286
0
VERTEX
8
L7
10
-7.154218110192289
20
-53.681767330222165
0
VERTEX
8
L7
10
-7.149700598802383
20
-53.65269461077845
0
VERTEX
8
L7
10
-7.154218110192289
20
-53.623621891334736
0
VERTEX
8
L7
10
-7.167344629258309
20
-53.59729081801404
0
VERTEX
8
L7
10
-7.187842285213193
20
-53.57618449134723
0
VERTEX
8
L7
10
-7.213778086577122
20
-53.56229330231886
0
VERTEX
8
L7
10
-7.242706208170418
20
-53.5569272324261
0
VERTEX
8
L7
10
-7.271898639888434
20
-53.560592318427766
0
VERTEX
8
L7
10
-7.29860244637554
20
-53.57294293153443
0
VERTEX
8
L7
10
-7.32029937722632
20
-53.59281437125749
0
VERTEX
8
L7
10
-7.607844335348517
20
-53.59281437125749
0
VERTEX
8
L7
10
-7.629416271358949
20
-53.57302628645608
0
VERTEX
8
L7
10
-7.655956348127617
20
-53.56067553552912
0
VERTEX
8
L7
10
-7.68498695094803
20
-53.55691510693253
0
VERTEX
8
L7
10
-7.7137979652597295
20
-53.5620960506378
0
VERTEX
8
L7
10
-7.739699775904882
20
-53.57573470631383
0
VERTEX
8
L7
10
-7.760274352689422
20
-53.59655785481456
0
VERTEX
8
L7
10
-7.773600982479579
20
-53.622621577913584
0
VERTEX
8
L7
10
-7.778435574904236
20
-53.651492730288126
0
VERTEX
8
L7
10
-7.774326802810322
20
-53.680476082668875
0
VERTEX
8
L7
10
-7.761658235328142
20
-53.706865931499365
0
VERTEX
8
L7
10
-7.74161253026908
20
-53.728198686408916
0
VERTEX
8
L7
10
-7.716061028627664
20
-53.742482855520755
0
VERTEX
8
L7
10
-7.6991750028607555
20
-53.80653965942984
0
VERTEX
8
L7
10
-7.673613435150102
20
-53.867654455096854
0
VERTEX
8
L7
10
-7.639865144236026
20
-53.924658532614394
0
VERTEX
8
L7
10
-7.598575505129901
20
-53.976461792123175
0
VERTEX
8
L7
10
-7.550534107484623
20
-54.02207358999977
0
VERTEX
8
L7
10
-7.496659656120855
20
-54.06062168312382
0
VERTEX
8
L7
10
-7.437982402459355
20
-54.091368908949754
0
VERTEX
8
L7
10
-7.375624442826307
20
-54.11372728240692
0
VERTEX
8
L7
10
-7.310778260391032
20
-54.127269240050374
0
VERTEX
8
L7
10
-7.244683921082597
20
-54.131735816438265
0
VERTEX
8
L7
10
-7.178605359572316
20
-54.127041596377424
0
VERTEX
8
L7
10
-7.113806208809649
20
-54.11327634833444
0
VERTEX
8
L7
10
-7.051525635328034
20
-54.09070330777612
0
VERTEX
8
L7
10
-6.992954642426625
20
-54.05975414326737
0
VERTEX
8
L7
10
-6.939213294386789
20
-54.021020701590835
0
VERTEX
8
L7
10
-6.891329297269024
20
-53.97524368974785
0
VERTEX
8
L7
10
-6.850218345893651
20
-53.92329851027701
0
VERTEX
8
L7
10
-6.8166666128339415
20
-53.866178520764244
0
VERTEX
8
L7
10
-6.791315714287919
20
-53.804976037676084
0
VERTEX
8
L7
10
-6.774650440329225
20
-53.74086144778324
0
VERTEX
8
L7
10
-6.76698948417399
20
-53.67506082663089
0
VERTEX
8
L7
10
-6.768479347749647
20
-53.608832492061964
0
VERTEX
8
L7
10
-6.7790915401105565
20
-53.54344294116473
0
VERTEX
8
L7
10
-6.798623122275771
20
-53.480142630807116
0
VERTEX
8
L7
10
-6.826700588070025
20
-53.42014206491128
0
VERTEX
8
L7
10
-6.862787006753521
20
-53.364588645755966
0
VERTEX
8
L7
10
-6.906192290851095
20
-53.314544731983595
0
VERTEX
8
L7
10
-6.956086392826691
20
-53.270967322913116
0
VERTEX
8
L7
10
-7.01151517824097
20
-53.2346897576593
0
VERTEX
8
L7
10
-7.071418671846317
20
-53.20640577902968
0
VERTEX
8
L7
10
-7.134651327695963
20
-53.18665626694842
0
VERTEX
8
L7
10
-7.20000393563781
20
-53.175818895106225
0
VERTEX
8
L7
10
-7.266226745271126
20
-53.174100908634216
0
VERTEX
8
L7
10
-7.332053365162025
20
-53.18153516091576
0
VERTEX
8
L7
10
-7.396224980288764
20
-53.1979794853249
0
VERTEX
8
L7
10
-7.4575144246016976
20
-53.22311941390591
0
VERTEX
8
L7
10
-7.514749648354027
20
-53.25647419100409
0
SEQEND
0
POLYLINE
8
L7
66
1
70
1
0
VERTEX
8
L7
10
-6.64670658682634
20
-55.59281437125749
0
VERTEX
8
L7
10
-6.659212090272575
20
-55.5936340252576
0
VERTEX
8
L7
10
-6.671503621087652
20
-55.59607896275075
0
VERTEX
8
L7
10
-6.683370867771501
20
-55.60010735017856
0
VERTEX
8
L7
10
-6.694610778443106
20
-55.605650260715265
0
VERTEX
8
L7
10
-6.705031035114601
20
-55.612612853624796
0
VERTEX
8
L7
10
-6.714453344305284
20
-55.62087599701207
0
VERTEX
8
L7
10
-6.722716487692566
20
-55.63029830620276
0
VERTEX
8
L7
10
-6.7296790806020965
20
-55.640718562874255
0
VERTEX
8
L7
10
-6.7352219911388005
20
-55.65195847354586
0
VERTEX
8
L7
10
-6.739250378566609
20
-55.6638257202297
0
VERTEX
8
L7
10
-6.7416953160597615
20
-55.676117251044786
0
VERTEX
8
L7
10
-6.742514970059872
20
-55.68862275449102
0
VERTEX
8
L7
10
-6.7416953160597615
20
-55.70112825793725
0
VERTEX
8
L7
10
-6.739250378566609
20
-55.71341978875234
0
VERTEX
8
L7
10
-6.7352219911388005
20
-55.725287035436175
0
VERTEX
8
L7
10
-6.7296790806020965
20
-55.73652694610779
0
VERTEX
8
L7
10
-6.722716487692566
20
-55.74694720277928
0
VERTEX
8
L7
10
-6.714453344305284
20
-55.75636951196997
0
VERTEX
8
L7
10
-6.705031035114601
20
-55.76463265535725
0
VERTEX
8
L7
10
-6.694610778443106
20
-55.77159524826677
0
VERTEX
8
L7
10
-6.683370867771501
20
-55.777138158803474
0
VERTEX
8
L7
10
-6.671503621087652
20
-55.78116654623129
0
VERTEX
8
L7
10
-6.659212090272575
20
-55.783611483724435
0
VERTEX
8
L7
10
-6.64670658682634
20
-55.78443113772455
0
VERTEX
8
L7
10
-6.6342010833801055
20
-55.783611483724435
0
VERTEX
8
L7
10
-6.621909552565015
20
-55.78116654623129
0
VERTEX
8
L7
10
-6.61004230588118
20
-55.777138158803474
0
VERTEX
8
L7
10
-6.5988023952095745
20
-55.77159524826677
0
VERTEX
8
L7
10
-6.58838213853808
20
-55.76463265535725
0
VERTEX
8
L7
10
-6.578959829347383
20
-55.75636951196997
0
VERTEX
8
L7
10
-6.570696685960115
20
-55.74694720277928
0
VERTEX
8
L7
10
-6.563734093050584
20
-55.73652694610779
0
VERTEX
8
L7
10
-6.55819118251388
20
-55.725287035436175
0
VERTEX
8
L7
10
-6.5541627950860715
20
-55.71341978875234
0
VERTEX
8
L7
10
-6.551717857592919
20
-55.70112825793725
0
VERTEX
8
L7
10
-6.5508982035928085
20
-55.68862275449102
0
VERTEX
8
L7
10
-6.551717857592919
20
-55.676117251044786
0
VERTEX
8
L7
10
-6.5541627950860715
20
-55.6638257202297
0
VERTEX
8
L7
10
-6.55819118251388
20
-55.65195847354586
0
VERTEX
8
L7
10
-6.563734093050584
20
-55.640718562874255
0
VERTEX
8
L7
10
-6.570696685960115
20
-55.63029830620276
0
VERTEX
8
L7
10
-6.578959829347383
20
-55.62087599701207
0
VERTEX
8
L7
10
-6.58838213853808
20
-55.612612853624796
0
VERTEX
8
L7
10
-6.5988023952095745
20
-55.605650260715265
0
VERTEX
8
L7
10
-6.61004230588118
20
-55.60010735017856
0
VERTEX
8
L7
10
-6.621909552565015
20
-55.59607896275075
0
VERTEX
8
L7
10
-6.6342010833801055
20
-55.5936340252576
0
VERTEX
8
L7
10
-6.64670658682634
20
-55.59281437125749
0
SEQEND
0
POLYLINE
8
L7
66
1
70
1
0
VERTEX
8
L7
10
-7.134583004853681
20
-55.30158301904277
0
VERTEX
8
L7
10
-7.163753655672679
20
-55.29980994210054
0
VERTEX
8
L7
10
-7.192101749878333
20
-55.30691319670349
0
VERTEX
8
L7
10
-7.2169896770334105
20
-55.322231870045876
0
VERTEX
8
L7
10
-7.236101773307041
20
-55.34434065669449
0
VERTEX
8
L7
10
-7.247659779312826
20
-55.37118247422269
0
VERTEX
8
L7
10
-7.250588295870344
20
-55.4002598616882
0
VERTEX
8
L7
10
-7.244614843080882
20
-55.428867352539704
0
VERTEX
8
L7
10
-7.230295212854472
20
-55.45434320112667
0
VERTEX
8
L7
10
-7.20896175599637
20
-55.474317041256455
0
VERTEX
8
L7
10
-7.182599415411843
20
-55.48693043374032
0
VERTEX
8
L7
10
-7.153661039753473
20
-55.491009782377304
0
VERTEX
8
L7
10
-7.124839161405262
20
-55.486175529640036
0
VERTEX
8
L7
10
-7.098815473415087
20
-55.47287747209628
0
VERTEX
8
L7
10
-7.078011314958715
20
-55.452352909690006
0
VERTEX
8
L7
10
-7.064362381080912
20
-55.426511522826175
0
VERTEX
8
L7
10
-7.059138618543955
20
-55.39775768871654
0
VERTEX
8
L7
10
-7.062826065332956
20
-55.36876676932399
0
VERTEX
8
L7
10
-7.075081627902819
20
-55.34223618589386
0
VERTEX
8
L7
10
-7.026279068930506
20
-55.2893564754853
0
VERTEX
8
L7
10
-6.971000460507284
20
-55.24328881887102
0
VERTEX
8
L7
10
-6.910188934758395
20
-55.204819196163875
0
VERTEX
8
L7
10
-6.8448820232924135
20
-55.174603954150726
0
VERTEX
8
L7
10
-6.776193955428056
20
-55.15315860807747
0
VERTEX
8
L7
10
-6.7052966478483285
20
-55.140849046221604
0
VERTEX
8
L7
10
-6.633399710025628
20
-55.137885287314866
0
VERTEX
8
L7
10
-6.561729806554098
20
-55.14431789732332
0
VERTEX
8
L7
10
-6.491509728497135
20
-55.16003712671957
0
VERTEX
8
L7
10
-6.42393753082284
20
-55.18477478296677
0
VERTEX
8
L7
10
-6.360166091872713
20
-55.21810880626683
0
VERTEX
8
L7
10
-6.301283443608142
20
-55.259470470504255
0
VERTEX
8
L7
10
-6.248294208228955
20
-55.30815408652719
0
VERTEX
8
L7
10
-6.20210245788175
20
-55.36332904221362
0
VERTEX
8
L7
10
-6.163496289895932
20
-55.42405397390226
0
VERTEX
8
L7
10
-6.133134380716143
20
-55.48929282740304
0
VERTEX
8
L7
10
-6.111534747939913
20
-55.55793253456348
0
VERTEX
8
L7
10
-6.099065912196565
20
-55.62880200380337
0
VERTEX
8
L7
10
-6.095940609658172
20
-55.700692100612194
0
VERTEX
8
L7
10
-6.102212162456212
20
-55.772376277113295
0
VERTEX
8
L7
10
-6.117773568929678
20
-55.84263149872498
0
VERTEX
8
L7
10
-6.142359329226494
20
-55.91025911087982
0
VERTEX
8
L7
10
-6.175549975110741
20
-55.97410528978604
0
VERTEX
8
L7
10
-6.216779226690747
20
-56.033080728311674
0
VERTEX
8
L7
10
-6.265343653963953
20
-56.08617922112235
0
VERTEX
8
L7
10
-6.320414678338892
20
-56.13249483198341
0
VERTEX
8
L7
10
-6.381052709371119
20
-56.1712373503279
0
VERTEX
8
L7
10
-6.446223175520046
20
-56.201745773379066
0
VERTEX
8
L7
10
-6.514814175419247
20
-56.22349958380316
0
VERTEX
8
L7
10
-6.585655448504042
20
-56.236127630479665
0
VERTEX
8
L7
10
-6.65753834133065
20
-56.23941446087025
0
VERTEX
8
L7
10
-6.729236428932666
20
-56.23330399694728
0
VERTEX
8
L7
10
-6.79952643938509
20
-56.217900491965125
0
VERTEX
8
L7
10
-6.867209124573151
20
-56.19346675175057
0
VERTEX
8
L7
10
-6.931129721080339
20
-56.16041965085949
0
VERTEX
8
L7
10
-6.990197652103973
20
-56.11932302010068
0
VERTEX
8
L7
10
-7.043405134255352
20
-56.07087802677579
0
VERTEX
8
L7
10
-7.0898443717858015
20
-56.01591121176228
0
VERTEX
8
L7
10
-7.128723044880573
20
-55.95536038754387
0
VERTEX
8
L7
10
-7.112046684379166
20
-55.931361019396476
0
VERTEX
8
L7
10
-7.103381037871145
20
-55.9034508556269
0
VERTEX
8
L7
10
-7.1035323888233535
20
-55.8742267600218
0
VERTEX
8
L7
10
-7.112486654989269
20
-55.84640784939473
0
VERTEX
8
L7
10
-7.129410698672729
20
-55.822582497006
0
VERTEX
8
L7
10
-7.15272984490845
20
-55.804967500841244
0
VERTEX
8
L7
10
-7.180274394983925
20
-55.79520182461346
0
VERTEX
8
L7
10
-7.209481503148751
20
-55.79419410258068
0
VERTEX
8
L7
10
-7.237633633162972
20
-55.80203809688904
0
VERTEX
8
L7
10
-7.262111407814928
20
-55.81800397359954
0
VERTEX
8
L7
10
-7.280637325363813
20
-55.840606209108856
0
VERTEX
8
L7
10
-7.29148766663711
20
-55.86774180870238
0
VERTEX
8
L7
10
-7.293652876171137
20
-55.89688597687923
0
VERTEX
8
L7
10
-7.28693149494633
20
-55.92532703356631
0
VERTEX
8
L7
10
-7.271948904871692
20
-55.95041871875687
0
VERTEX
8
L7
10
-7.250099140963158
20
-55.9698264102267
0
VERTEX
8
L7
10
-7.223415185223615
20
-55.98174434533045
0
VERTEX
8
L7
10
-7.194379810556768
20
-55.985063635767126
0
VERTEX
8
L7
10
-7.154298104270495
20
-56.04941910633203
0
VERTEX
8
L7
10
-7.1066930663560015
20
-56.10842698831072
0
VERTEX
8
L7
10
-7.052270280880606
20
-56.16121268894592
0
VERTEX
8
L7
10
-6.991836382016061
20
-56.20699383832512
0
VERTEX
8
L7
10
-6.926287098408565
20
-56.24509188537472
0
VERTEX
8
L7
10
-6.856593977023778
20
-56.27494215509034
0
VERTEX
8
L7
10
-6.783789983241064
20
-56.296102217938504
0
VERTEX
8
L7
10
-6.708954190627011
20
-56.308258447381704
0
VERTEX
8
L7
10
-6.633195787310527
20
-56.311230668333664
0
VERTEX
8
L7
10
-6.557637636011307
20
-56.304974827647065
0
VERTEX
8
L7
10
-6.483399631388565
20
-56.28958364705283
0
VERTEX
8
L7
10
-6.4115821013811995
20
-56.265285248873305
0
VERTEX
8
L7
10
-6.34324949855862
20
-56.23243977487851
0
VERTEX
8
L7
10
-6.279414623202939
20
-56.19153404839951
0
VERTEX
8
L7
10
-6.221023611961897
20
-56.14317435881511
0
VERTEX
8
L7
10
-6.1689419145654085
20
-56.088077475357416
0
VERTEX
8
L7
10
-6.123941466453303
20
-56.02706002342635
0
VERTEX
8
L7
10
-6.086689247436951
20
-55.96102638087342
0
VERTEX
8
L7
10
-6.0577373959740015
20
-55.890955273651414
0
VERTEX
8
L7
10
-6.0375150255786
20
-55.81788526950442
0
VERTEX
8
L7
10
-6.026321864661426
20
-55.74289938470513
0
VERTEX
8
L7
10
-6.02432381406723
20
-55.66710903199271
0
VERTEX
8
L7
10
-6.031550488154679
20
-55.59163754762885
0
VERTEX
8
L7
10
-6.0478947758632415
20
-55.517603541727844
0
VERTEX
8
L7
10
-6.0731144282734135
20
-55.44610431863584
0
VERTEX
8
L7
10
-6.106835649129536
20
-55.378199613096214
0
VERTEX
8
L7
10
-6.148558635108074
20
-55.31489588325756
0
VERTEX
8
L7
10
-6.197664983715612
20
-55.25713139332745
0
VERTEX
8
L7
10
-6.253426859019243
20
-55.20576230697122
0
VERTEX
8
L7
10
-6.315017779358612
20
-55.16154999757441
0
VERTEX
8
L7
10
-6.381524867147959
20
-55.12514976345111
0
VERTEX
8
L7
10
-6.45196237920625
20
-55.09710111525754
0
VERTEX
8
L7
10
-6.525286317073977
20
-55.077819779566774
0
VERTEX
8
L7
10
-6.600409900767815
20
-55.06759153712506
0
VERTEX
8
L7
10
-6.6762196766270705
20
-55.06656798711643
0
VERTEX
8
L7
10
-6.751592020507431
20
-55.07476430021628
0
VERTEX
8
L7
10
-6.8254097917177745
20
-55.09205899373734
0
VERTEX
8
L7
10
-6.896578890861676
20
-55.1181957322006
0
VERTEX
8
L7
10
-6.964044476169434
20
-55.1527871266439
0
VERTEX
8
L7
10
-7.026806597968289
20
-55.19532047635627
0
VERTEX
8
L7
10
-7.083935019562503
20
-55.2451653679361
0
VERTEX
8
L7
10
-7.134583004853681
20
-55.30158301904277
0
SEQEND
0
POLYLINE
8
L7
66
1
70
1
0
VERTEX
8
L7
10
-3.062382085144776
20
-53.742482855520755
0
VERTEX
8
L7
10
-3.0368305835033595
20
-53.728198686408916
0
VERTEX
8
L7
10
-3.016784878444284
20
-53.706865931499365
0
VERTEX
8
L7
10
-3.004116310962118
20
-53.680476082668875
0
VERTEX
8
L7
10
-3.0000075388681893
20
-53.651492730288126
0
VERTEX
8
L7
10
-3.004842131292861
20
-53.622621577913584
0
VERTEX
8
L7
10
-3.018168761083004
20
-53.59655785481456
0
VERTEX
8
L7
10
-3.038743337867558
20
-53.57573470631383
0
VERTEX
8
L7
10
-3.064645148512696
20
-53.5620960506378
0
VERTEX
8
L7
10
-3.0934561628244097
20
-53.55691510693253
0
VERTEX
8
L7
10
-3.1224867656448083
20
-53.56067553552912
0
VERTEX
8
L7
10
-3.149026842413491
20
-53.57302628645608
0
VERTEX
8
L7
10
-3.1705987784239227
20
-53.59281437125749
0
VERTEX
8
L7
10
-3.45814373654612
20
-53.59281437125749
0
VERTEX
8
L7
10
-3.4798406673969
20
-53.57294293153443
0
VERTEX
8
L7
10
-3.5065444738839915
20
-53.560592318427766
0
VERTEX
8
L7
10
-3.535736905602022
20
-53.55692723242609
0
VERTEX
8
L7
10
-3.5646650271953177
20
-53.56229330231886
0
VERTEX
8
L7
10
-3.5906008285592463
20
-53.57618449134722
0
VERTEX
8
L7
10
-3.611098484514116
20
-53.59729081801403
0
VERTEX
8
L7
10
-3.6242250035801504
20
-53.62362189133473
0
VERTEX
8
L7
10
-3.6287425149700567
20
-53.65269461077845
0
VERTEX
8
L7
10
-3.6242250035801504
20
-53.68176733022216
0
VERTEX
8
L7
10
-3.611098484514116
20
-53.708098403542856
0
VERTEX
8
L7
10
-3.5906008285592463
20
-53.729204730209666
0
VERTEX
8
L7
10
-3.5646650271953177
20
-53.74309591923804
0
VERTEX
8
L7
10
-3.535736905602022
20
-53.748461989130796
0
VERTEX
8
L7
10
-3.5065444738839915
20
-53.74479690312913
0
VERTEX
8
L7
10
-3.4798406673969
20
-53.732446290022466
0
VERTEX
8
L7
10
-3.45814373654612
20
-53.712574850299404
0
VERTEX
8
L7
10
-3.1705987784239227
20
-53.712574850299404
0
VERTEX
8
L7
10
-3.159331135933627
20
-53.72441703535559
0
VERTEX
8
L7
10
-3.1462144204741094
20
-53.73417146459303
0
VERTEX
8
L7
10
-3.163291048198616
20
-53.792532386715415
0
VERTEX
8
L7
10
-3.1891184923972844
20
-53.84758283241371
0
VERTEX
8
L7
10
-3.2230853221134623
20
-53.898019554397266
0
VERTEX
8
L7
10
-3.2643874170855156
20
-53.94264852924921
0
VERTEX
8
L7
10
-3.3120470042420607
20
-53.9804132243689
0
VERTEX
8
L7
10
-3.3649358052004885
20
-54.01041960999921
0
VERTEX
8
L7
10
-3.421801746781739
20
-54.03195732421158
0
VERTEX
8
L7
10
-3.481298602204973
20
-54.04451648979543
0
VERTEX
8
L7
10
-3.5420178612456397
20
-54.04779978493415
0
VERTEX
8
L7
10
-3.6025220748725673
20
-54.041729481910195
0
VERTEX
8
L7
10
-3.661378884973459
20
-54.02644928720712
0
VERTEX
8
L7
10
-3.7171949335595116
20
-54.00232093944657
0
VERTEX
8
L7
10
-3.7686488486932177
20
-53.969915645699565
0
VERTEX
8
L7
10
-3.814522526240424
20
-53.93000055890635
0
VERTEX
8
L7
10
-3.853729966892388
20
-53.88352061653398
0
VERTEX
8
L7
10
-3.885342985778749
20
-53.831576170417904
0
VERTEX
8
L7
10
-3.9086131860302515
20
-53.7753969373716
0
VERTEX
8
L7
10
-3.9229896760955825
20
-53.716312887249615
0
VERTEX
8
L7
10
-3.9281321113782752
20
-53.655722757650985
0
VERTEX
8
L7
10
-3.923918751449804
20
-53.59506094063625
0
VERTEX
8
L7
10
-3.9104493420950206
20
-53.53576352537177
0
VERTEX
8
L7
10
-3.888042753961088
20
-53.47923430059721
0
VERTEX
8
L7
10
-3.857229433712135
20
-53.426811521763476
0
VERTEX
8
L7
10
-3.8187388463982757
20
-53.37973622958542
0
VERTEX
8
L7
10
-3.773482206324772
20
-53.339122870026365
0
VERTEX
8
L7
10
-3.7225309052453497
20
-53.30593291124771
0
VERTEX
8
L7
10
-3.6670911485638555
20
-53.28095208210787
0
VERTEX
8
L7
10
-3.608475399999236
20
-53.26477177105943
0
VERTEX
8
L7
10
-3.5480713107237136
20
-53.25777502580106
0
VERTEX
8
L7
10
-3.4873088685365587
20
-53.26012748512433
0
VERTEX
8
L7
10
-3.4276265447734318
20
-53.271773457632
0
VERTEX
8
L7
10
-3.370437240379246
20
-53.29243724015902
0
VERTEX
8
L7
10
-3.317094837326408
20
-53.32162964468425
0
VERTEX
8
L7
10
-3.319304705268763
20
-53.35170253361565
0
VERTEX
8
L7
10
-3.3120581483289584
20
-53.3809728185053
0
VERTEX
8
L7
10
-3.2960729836172504
20
-53.40654109326412
0
VERTEX
8
L7
10
-3.2729326423873744
20
-53.42587465922511
0
VERTEX
8
L7
10
-3.2449293211969774
20
-53.43705840489953
0
VERTEX
8
L7
10
-3.2148369254002205
20
-53.43898450983298
0
VERTEX
8
L7
10
-3.1856362963499407
20
-53.431462181199436
0
VERTEX
8
L7
10
-3.1602199402855575
20
-53.4152365530325
0
VERTEX
8
L7
10
-3.141105507370483
20
-53.3919148760058
0
VERTEX
8
L7
10
-3.1301864025849397
20
-53.36380730912986
0
VERTEX
8
L7
10
-3.1285442320363614
20
-53.33369808395065
0
VERTEX
8
L7
10
-3.136341663061444
20
-53.30456970887733
0
VERTEX
8
L7
10
-3.152806311001882
20
-53.279307532937786
0
VERTEX
8
L7
10
-3.176307248769916
20
-53.26041393378289
0
VERTEX
8
L7
10
-3.2045165604494485
20
-53.249760441417926
0
VERTEX
8
L7
10
-3.234639936030817
20
-53.248402351366984
0
VERTEX
8
L7
10
-3.263693465418413
20
-53.25647419100409
0
VERTEX
8
L7
10
-3.320928689170742
20
-53.22311941390591
0
VERTEX
8
L7
10
-3.3822181334836756
20
-53.1979794853249
0
VERTEX
8
L7
10
-3.4463897486104145
20
-53.18153516091576
0
VERTEX
8
L7
10
-3.5122163685013135
20
-53.174100908634216
0
VERTEX
8
L7
10
-3.578439178134616
20
-53.175818895106225
0
VERTEX
8
L7
10
-3.643791786076463
20
-53.18665626694842
0
VERTEX
8
L7
10
-3.7070244419261087
20
-53.20640577902968
0
VERTEX
8
L7
10
-3.76692793553147
20
-53.2346897576593
0
VERTEX
8
L7
10
-3.8223567209457343
20
-53.270967322913116
0
VERTEX
8
L7
10
-3.8722508229213446
20
-53.314544731983595
0
VERTEX
8
L7
10
-3.915656107018904
20
-53.364588645755966
0
VERTEX
8
L7
10
-3.9517425257024144
20
-53.42014206491128
0
VERTEX
8
L7
10
-3.9798199914966546
20
-53.480142630807116
0
VERTEX
8
L7
10
-3.999351573661883
20
-53.54344294116473
0
VERTEX
8
L7
10
-4.0099637660227785
20
-53.608832492061964
0
VERTEX
8
L7
10
-4.011453629598449
20
-53.67506082663088
0
VERTEX
8
L7
10
-4.003792673443215
20
-53.74086144778323
0
VERTEX
8
L7
10
-3.987127399484521
20
-53.804976037676084
0
VERTEX
8
L7
10
-3.961776500938498
20
-53.866178520764244
0
VERTEX
8
L7
10
-3.9282247678787883
20
-53.923298510277
0
VERTEX
8
L7
10
-3.8871138165034154
20
-53.97524368974785
0
VERTEX
8
L7
10
-3.8392298193856504
20
-54.021020701590835
0
VERTEX
8
L7
10
-3.785488471345815
20
-54.05975414326737
0
VERTEX
8
L7
10
-3.726917478444406
20
-54.09070330777612
0
VERTEX
8
L7
10
-3.6646369049627765
20
-54.11327634833444
0
VERTEX
8
L7
10
-3.5998377542001236
20
-54.127041596377424
0
VERTEX
8
L7
10
-3.5337591926898426
20
-54.13173581643826
0
VERTEX
8
L7
10
-3.4676648533814074
20
-54.127269240050374
0
VERTEX
8
L7
10
-3.402818670946118
20
-54.11372728240692
0
VERTEX
8
L7
10
-3.340460711313071
20
-54.091368908949754
0
VERTEX
8
L7
10
-3.2817834576515708
20
-54.06062168312381
0
VERTEX
8
L7
10
-3.2279090062878026
20
-54.02207358999976
0
VERTEX
8
L7
10
-3.1798676086425246
20
-53.976461792123175
0
VERTEX
8
L7
10
-3.1385779695364135
20
-53.924658532614394
0
VERTEX
8
L7
10
-3.1048296786223375
20
-53.867654455096854
0
VERTEX
8
L7
10
-3.079268110911684
20
-53.80653965942984
0
VERTEX
8
L7
10
-3.062382085144776
20
-53.742482855520755
0
SEQEND
0
POLYLINE
8
L7
66
1
70
1
0
VERTEX
8
L7
10
-4.131736526946099
20
-55.59281437125749
0
VERTEX
8
L7
10
-4.144242030392334
20
-55.5936340252576
0
VERTEX
8
L7
10
-4.156533561207425
20
-55.59607896275075
0
VERTEX
8
L7
10
-4.16840080789126
20
-55.60010735017856
0
VERTEX
8
L7
10
-4.179640718562865
20
-55.605650260715265
0
VERTEX
8
L7
10
-4.19006097523436
20
-55.612612853624796
0
VERTEX
8
L7
10
-4.199483284425057
20
-55.62087599701207
0
VERTEX
8
L7
10
-4.207746427812324
20
-55.63029830620276
0
VERTEX
8
L7
10
-4.214709020721855
20
-55.640718562874255
0
VERTEX
8
L7
10
-4.220251931258559
20
-55.65195847354586
0
VERTEX
8
L7
10
-4.224280318686368
20
-55.6638257202297
0
VERTEX
8
L7
10
-4.22672525617952
20
-55.676117251044786
0
VERTEX
8
L7
10
-4.227544910179631
20
-55.68862275449102
0
VERTEX
8
L7
10
-4.22672525617952
20
-55.70112825793725
0
VERTEX
8
L7
10
-4.224280318686368
20
-55.71341978875234
0
VERTEX
8
L7
10
-4.220251931258559
20
-55.725287035436175
0
VERTEX
8
L7
10
-4.214709020721855
20
-55.73652694610779
0
VERTEX
8
L7
10
-4.207746427812324
20
-55.74694720277928
0
VERTEX
8
L7
10
-4.199483284425057
20
-55.75636951196997
0
VERTEX
8
L7
10
-4.19006097523436
20
-55.76463265535725
0
VERTEX
8
L7
10
-4.179640718562865
20
-55.77159524826677
0
VERTEX
8
L7
10
-4.16840080789126
20
-55.777138158803474
0
VERTEX
8
L7
10
-4.156533561207425
20
-55.78116654623129
0
VERTEX
8
L7
10
-4.144242030392334
20
-55.783611483724435
0
VERTEX
8
L7
10
-4.131736526946099
20
-55.78443113772455
0
VERTEX
8
L7
10
-4.119231023499864
20
-55.783611483724435
0
VERTEX
8
L7
10
-4.1069394926847735
20
-55.78116654623129
0
VERTEX
8
L7
10
-4.095072246000939
20
-55.777138158803474
0
VERTEX
8
L7
10
-4.083832335329333
20
-55.77159524826677
0
VERTEX
8
L7
10
-4.073412078657839
20
-55.76463265535725
0
VERTEX
8
L7
10
-4.063989769467156
20
-55.75636951196997
0
VERTEX
8
L7
10
-4.055726626079874
20
-55.74694720277928
0
VERTEX
8
L7
10
-4.048764033170343
20
-55.73652694610779
0
VERTEX
8
L7
10
-4.043221122633639
20
-55.725287035436175
0
VERTEX
8
L7
10
-4.03919273520583
20
-55.71341978875234
0
VERTEX
8
L7
10
-4.036747797712678
20
-55.70112825793725
0
VERTEX
8
L7
10
-4.035928143712567
20
-55.68862275449102
0
VERTEX
8
L7
10
-4.036747797712678
20
-55.676117251044786
0
VERTEX
8
L7
10
-4.03919273520583
20
-55.6638257202297
0
VERTEX
8
L7
10
-4.043221122633639
20
-55.65195847354586
0
VERTEX
8
L7
10
-4.048764033170343
20
-55.640718562874255
0
VERTEX
8
L7
10
-4.055726626079874
20
-55.63029830620276
0
VERTEX
8
L7
10
-4.063989769467142
20
-55.62087599701207
0
VERTEX
8
L7
10
-4.073412078657839
20
-55.612612853624796
0
VERTEX
8
L7
10
-4.083832335329333
20
-55.605650260715265
0
VERTEX
8
L7
10
-4.095072246000939
20
-55.60010735017856
0
VERTEX
8
L7
10
-4.1069394926847735
20
-55.59607896275075
0
VERTEX
8
L7
10
-4.119231023499864
20
-55.5936340252576
0
VERTEX
8
L7
10
-4.131736526946099
20
-55.59281437125749
0
SEQEND
0
POLYLINE
8
L7
66
1
70
1
0
VERTEX
8
L7
10
-9.520958083832326
20
-55.61362275449102
0
VERTEX
8
L7
10
-9.530747548248826
20
-55.614264389887985
0
VERTEX
8
L7
10
-9.540369512215008
20
-55.61617831751934
0
VERTEX
8
L7
10
-9.549659341259698
20
-55.619331789552675
0
VERTEX
8
L7
10
-9.55845808383232
20
-55.62367084920719
0
VERTEX
8
L7
10
-9.566615191007983
20
-55.629121253969174
0
VERTEX
8
L7
10
-9.57399109242131
20
-55.63558974590203
0
VERTEX
8
L7
10
-9.58045958435416
20
-55.642965647315364
0
VERTEX
8
L7
10
-9.58590998911616
20
-55.65112275449102
0
VERTEX
8
L7
10
-9.590249048770673
20
-55.659921497063635
0
VERTEX
8
L7
10
-9.593402520804005
20
-55.66921132610833
0
VERTEX
8
L7
10
-9.595316448435355
20
-55.678833290074515
0
VERTEX
8
L7
10
-9.595958083832329
20
-55.68862275449102
0
VERTEX
8
L7
10
-9.595316448435355
20
-55.69841221890752
0
VERTEX
8
L7
10
-9.593402520804005
20
-55.70803418287371
0
VERTEX
8
L7
10
-9.590249048770673
20
-55.7173240119184
0
VERTEX
8
L7
10
-9.58590998911616
20
-55.72612275449102
0
VERTEX
8
L7
10
-9.58045958435416
20
-55.73427986166667
0
VERTEX
8
L7
10
-9.57399109242131
20
-55.74165576308001
0
VERTEX
8
L7
10
-9.566615191007983
20
-55.74812425501286
0
VERTEX
8
L7
10
-9.55845808383232
20
-55.753574659774856
0
VERTEX
8
L7
10
-9.549659341259698
20
-55.75791371942937
0
VERTEX
8
L7
10
-9.540369512215008
20
-55.7610671914627
0
VERTEX
8
L7
10
-9.530747548248826
20
-55.76298111909406
0
VERTEX
8
L7
10
-9.520958083832326
20
-55.76362275449102
0
VERTEX
8
L7
10
-9.511168619415812
20
-55.76298111909406
0
VERTEX
8
L7
10
-9.50154665544963
20
-55.7610671914627
0
VERTEX
8
L7
10
-9.49225682640494
20
-55.75791371942937
0
VERTEX
8
L7
10
-9.483458083832318
20
-55.753574659774856
0
VERTEX
8
L7
10
-9.47530097665667
20
-55.74812425501286
0
VERTEX
8
L7
10
-9.467925075243329
20
-55.74165576308001
0
VERTEX
8
L7
10
-9.46145658331048
20
-55.73427986166667
0
VERTEX
8
L7
10
-9.456006178548492
20
-55.72612275449102
0
VERTEX
8
L7
10
-9.45166711889398
20
-55.7173240119184
0
VERTEX
8
L7
10
-9.448513646860647
20
-55.70803418287371
0
VERTEX
8
L7
10
-9.446599719229283
20
-55.69841221890752
0
VERTEX
8
L7
10
-9.445958083832323
20
-55.68862275449102
0
VERTEX
8
L7
10
-9.446599719229283
20
-55.678833290074515
0
VERTEX
8
L7
10
-9.448513646860647
20
-55.66921132610833
0
VERTEX
8
L7
10
-9.45166711889398
20
-55.659921497063635
0
VERTEX
8
L7
10
-9.456006178548492
20
-55.65112275449102
0
VERTEX
8
L7
10
-9.46145658331048
20
-55.642965647315364
0
VERTEX
8
L7
10
-9.467925075243329
20
-55.63558974590203
0
VERTEX
8
L7
10
-9.47530097665667
20
-55.629121253969174
0
VERTEX
8
L7
10
-9.483458083832318
20
-55.62367084920719
0
VERTEX
8
L7
10
-9.49225682640494
20
-55.619331789552675
0
VERTEX
8
L7
10
-9.50154665544963
20
-55.61617831751934
0
VERTEX
8
L7
10
-9.511168619415812
20
-55.614264389887985
0
VERTEX
8
L7
10
-9.520958083832326
20
-55.61362275449102
0
SEQEND
0
POLYLINE
8
L7
66
1
70
1
0
VERTEX
8
L7
10
-9.090538272370594
20
-55.36511976047905
0
VERTEX
8
L7
10
-9.100327736787094
20
-55.36576139587601
0
VERTEX
8
L7
10
-9.10994970075329
20
-55.36767532350736
0
VERTEX
8
L7
10
-9.11923952979798
20
-55.370828795540696
0
VERTEX
8
L7
10
-9.128038272370603
20
-55.37516785519521
0
VERTEX
8
L7
10
-9.136195379546251
20
-55.3806182599572
0
VERTEX
8
L7
10
-9.143571280959591
20
-55.38708675189005
0
VERTEX
8
L7
10
-9.150039772892441
20
-55.39446265330339
0
VERTEX
8
L7
10
-9.155490177654428
20
-55.40261976047904
0
VERTEX
8
L7
10
-9.15982923730894
20
-55.411418503051664
0
VERTEX
8
L7
10
-9.162982709342273
20
-55.42070833209635
0
VERTEX
8
L7
10
-9.164896636973637
20
-55.43033029606254
0
VERTEX
8
L7
10
-9.165538272370597
20
-55.44011976047904
0
VERTEX
8
L7
10
-9.164896636973637
20
-55.44990922489555
0
VERTEX
8
L7
10
-9.162982709342273
20
-55.45953118886173
0
VERTEX
8
L7
10
-9.15982923730894
20
-55.46882101790643
0
VERTEX
8
L7
10
-9.155490177654428
20
-55.477619760479044
0
VERTEX
8
L7
10
-9.150039772892441
20
-55.4857768676547
0
VERTEX
8
L7
10
-9.143571280959591
20
-55.49315276906803
0
VERTEX
8
L7
10
-9.136195379546251
20
-55.49962126100089
0
VERTEX
8
L7
10
-9.128038272370603
20
-55.50507166576288
0
VERTEX
8
L7
10
-9.11923952979798
20
-55.50941072541739
0
VERTEX
8
L7
10
-9.10994970075329
20
-55.51256419745072
0
VERTEX
8
L7
10
-9.100327736787094
20
-55.51447812508208
0
VERTEX
8
L7
10
-9.090538272370594
20
-55.515119760479045
0
VERTEX
8
L7
10
-9.080748807954095
20
-55.51447812508208
0
VERTEX
8
L7
10
-9.071126843987912
20
-55.51256419745072
0
VERTEX
8
L7
10
-9.061837014943208
20
-55.50941072541739
0
VERTEX
8
L7
10
-9.0530382723706
20
-55.50507166576288
0
VERTEX
8
L7
10
-9.044881165194937
20
-55.49962126100089
0
VERTEX
8
L7
10
-9.037505263781611
20
-55.49315276906803
0
VERTEX
8
L7
10
-9.031036771848747
20
-55.4857768676547
0
VERTEX
8
L7
10
-9.02558636708676
20
-55.477619760479044
0
VERTEX
8
L7
10
-9.021247307432247
20
-55.46882101790643
0
VERTEX
8
L7
10
-9.018093835398915
20
-55.45953118886173
0
VERTEX
8
L7
10
-9.016179907767565
20
-55.44990922489555
0
VERTEX
8
L7
10
-9.015538272370591
20
-55.44011976047904
0
VERTEX
8
L7
10
-9.016179907767565
20
-55.43033029606254
0
VERTEX
8
L7
10
-9.018093835398915
20
-55.42070833209635
0
VERTEX
8
L7
10
-9.021247307432247
20
-55.411418503051664
0
VERTEX
8
L7
10
-9.02558636708676
20
-55.40261976047904
0
VERTEX
8
L7
10
-9.031036771848747
20
-55.39446265330339
0
VERTEX
8
L7
10
-9.037505263781611
20
-55.38708675189005
0
VERTEX
8
L7
10
-9.044881165194937
20
-55.3806182599572
0
VERTEX
8
L7
10
-9.0530382723706
20
-55.37516785519521
0
VERTEX
8
L7
10
-9.061837014943208
20
-55.370828795540696
0
VERTEX
8
L7
10
-9.071126843987912
20
-55.36767532350736
0
VERTEX
8
L7
10
-9.080748807954095
20
-55.36576139587601
0
VERTEX
8
L7
10
-9.090538272370594
20
-55.36511976047905
0
SEQEND
0
POLYLINE
8
L7
66
1
70
1
0
VERTEX
8
L7
10
-8.852582065708859
20
-53.268600029780735
0
VERTEX
8
L7
10
-8.862371530125372
20
-53.269241665177695
0
VERTEX
8
L7
10
-8.871993494091555
20
-53.27115559280905
0
VERTEX
8
L7
10
-8.881283323136245
20
-53.274309064842384
0
VERTEX
8
L7
10
-8.890082065708867
20
-53.2786481244969
0
VERTEX
8
L7
10
-8.898239172884516
20
-53.28409852925889
0
VERTEX
8
L7
10
-8.905615074297856
20
-53.29056702119174
0
VERTEX
8
L7
10
-8.912083566230706
20
-53.29794292260508
0
VERTEX
8
L7
10
-8.917533970992693
20
-53.30610002978073
0
VERTEX
8
L7
10
-8.921873030647205
20
-53.31489877235335
0
VERTEX
8
L7
10
-8.925026502680538
20
-53.32418860139804
0
VERTEX
8
L7
10
-8.926940430311902
20
-53.33381056536423
0
VERTEX
8
L7
10
-8.927582065708862
20
-53.34360002978073
0
VERTEX
8
L7
10
-8.926940430311902
20
-53.35338949419724
0
VERTEX
8
L7
10
-8.925026502680538
20
-53.36301145816342
0
VERTEX
8
L7
10
-8.921873030647205
20
-53.37230128720812
0
VERTEX
8
L7
10
-8.917533970992693
20
-53.38110002978073
0
VERTEX
8
L7
10
-8.912083566230706
20
-53.38925713695639
0
VERTEX
8
L7
10
-8.905615074297856
20
-53.39663303836972
0
VERTEX
8
L7
10
-8.898239172884516
20
-53.40310153030258
0
VERTEX
8
L7
10
-8.890082065708867
20
-53.408551935064565
0
VERTEX
8
L7
10
-8.881283323136245
20
-53.41289099471908
0
VERTEX
8
L7
10
-8.871993494091555
20
-53.41604446675241
0
VERTEX
8
L7
10
-8.862371530125372
20
-53.41795839438377
0
VERTEX
8
L7
10
-8.852582065708859
20
-53.418600029780734
0
VERTEX
8
L7
10
-8.84279260129236
20
-53.41795839438377
0
VERTEX
8
L7
10
-8.833170637326177
20
-53.41604446675241
0
VERTEX
8
L7
10
-8.823880808281487
20
-53.41289099471908
0
VERTEX
8
L7
10
-8.815082065708864
20
-53.408551935064565
0
VERTEX
8
L7
10
-8.806924958533202
20
-53.40310153030258
0
VERTEX
8
L7
10
-8.799549057119876
20
-53.39663303836972
0
VERTEX
8
L7
10
-8.793080565187026
20
-53.38925713695639
0
VERTEX
8
L7
10
-8.787630160425024
20
-53.38110002978073
0
VERTEX
8
L7
10
-8.783291100770512
20
-53.37230128720812
0
VERTEX
8
L7
10
-8.78013762873718
20
-53.36301145816342
0
VERTEX
8
L7
10
-8.77822370110583
20
-53.35338949419724
0
VERTEX
8
L7
10
-8.777582065708856
20
-53.34360002978073
0
VERTEX
8
L7
10
-8.77822370110583
20
-53.33381056536423
0
VERTEX
8
L7
10
-8.78013762873718
20
-53.32418860139804
0
VERTEX
8
L7
10
-8.783291100770512
20
-53.31489877235335
0
VERTEX
8
L7
10
-8.787630160425024
20
-53.30610002978073
0
VERTEX
8
L7
10
-8.793080565187026
20
-53.29794292260508
0
VERTEX
8
L7
10
-8.799549057119876
20
-53.29056702119174
0
VERTEX
8
L7
10
-8.806924958533202
20
-53.28409852925889
0
VERTEX
8
L7
10
-8.815082065708864
20
-53.2786481244969
0
VERTEX
8
L7
10
-8.823880808281487
20
-53.274309064842384
0
VERTEX
8
L7
10
-8.833170637326177
20
-53.27115559280905
0
VERTEX
8
L7
10
-8.84279260129236
20
-53.269241665177695
0
VERTEX
8
L7
10
-8.852582065708859
20
-53.268600029780735
0
SEQEND
0
POLYLINE
8
L7
66
1
70
1
0
VERTEX
8
L7
10
-9.161676646706567
20
-53.577694610778444
0
VERTEX
8
L7
10
-9.171466111123081
20
-53.57833624617541
0
VERTEX
8
L7
10
-9.181088075089264
20
-53.58025017380677
0
VERTEX
8
L7
10
-9.190377904133953
20
-53.5834036458401
0
VERTEX
8
L7
10
-9.199176646706576
20
-53.58774270549461
0
VERTEX
8
L7
10
-9.207333753882224
20
-53.5931931102566
0
VERTEX
8
L7
10
-9.214709655295565
20
-53.59966160218946
0
VERTEX
8
L7
10
-9.221178147228414
20
-53.60703750360279
0
VERTEX
8
L7
10
-9.226628551990402
20
-53.615194610778445
0
VERTEX
8
L7
10
-9.230967611644914
20
-53.62399335335106
0
VERTEX
8
L7
10
-9.23412108367826
20
-53.63328318239576
0
VERTEX
8
L7
10
-9.23603501130961
20
-53.64290514636194
0
VERTEX
8
L7
10
-9.23667664670657
20
-53.65269461077845
0
VERTEX
8
L7
10
-9.23603501130961
20
-53.662484075194946
0
VERTEX
8
L7
10
-9.23412108367826
20
-53.672106039161136
0
VERTEX
8
L7
10
-9.230967611644914
20
-53.681395868205826
0
VERTEX
8
L7
10
-9.226628551990402
20
-53.69019461077845
0
VERTEX
8
L7
10
-9.221178147228414
20
-53.6983517179541
0
VERTEX
8
L7
10
-9.214709655295565
20
-53.70572761936744
0
VERTEX
8
L7
10
-9.207333753882224
20
-53.71219611130029
0
VERTEX
8
L7
10
-9.199176646706576
20
-53.71764651606228
0
VERTEX
8
L7
10
-9.190377904133953
20
-53.72198557571679
0
VERTEX
8
L7
10
-9.181088075089264
20
-53.725139047750126
0
VERTEX
8
L7
10
-9.171466111123081
20
-53.72705297538148
0
VERTEX
8
L7
10
-9.161676646706567
20
-53.72769461077844
0
VERTEX
8
L7
10
-9.151887182290068
20
-53.72705297538148
0
VERTEX
8
L7
10
-9.142265218323885
20
-53.725139047750126
0
VERTEX
8
L7
10
-9.132975389279196
20
-53.72198557571679
0
VERTEX
8
L7
10
-9.124176646706573
20
-53.71764651606228
0
VERTEX
8
L7
10
-9.116019539530924
20
-53.71219611130029
0
VERTEX
8
L7
10
-9.108643638117584
20
-53.70572761936744
0
VERTEX
8
L7
10
-9.102175146184734
20
-53.6983517179541
0
VERTEX
8
L7
10
-9.096724741422747
20
-53.69019461077845
0
VERTEX
8
L7
10
-9.092385681768235
20
-53.681395868205826
0
VERTEX
8
L7
10
-9.089232209734888
20
-53.672106039161136
0
VERTEX
8
L7
10
-9.087318282103539
20
-53.662484075194946
0
VERTEX
8
L7
10
-9.086676646706579
20
-53.65269461077845
0
VERTEX
8
L7
10
-9.087318282103539
20
-53.64290514636194
0
VERTEX
8
L7
10
-9.089232209734888
20
-53.63328318239576
0
VERTEX
8
L7
10
-9.092385681768235
20
-53.62399335335106
0
VERTEX
8
L7
10
-9.096724741422747
20
-53.615194610778445
0
VERTEX
8
L7
10
-9.102175146184734
20
-53.60703750360279
0
VERTEX
8
L7
10
-9.108643638117584
20
-53.59966160218946
0
VERTEX
8
L7
10
-9.116019539530924
20
-53.5931931102566
0
VERTEX
8
L7
10
-9.124176646706573
20
-53.58774270549461
0
VERTEX
8
L7
10
-9.132975389279196
20
-53.5834036458401
0
VERTEX
8
L7
10
-9.142265218323885
20
-53.58025017380677
0
VERTEX
8
L7
10
-9.151887182290068
20
-53.57833624617541
0
VERTEX
8
L7
10
-9.161676646706567
20
-53.577694610778444
0
SEQEND
0
POLYLINE
8
L7
66
1
70
1
0
VERTEX
8
L7
10
-5.389221556886213
20
-56.69146706586827
0
VERTEX
8
L7
10
-5.3990110213027265
20
-56.69210870126523
0
VERTEX
8
L7
10
-5.408632985268909
20
-56.69402262889658
0
VERTEX
8
L7
10
-5.417922814313599
20
-56.697176100929916
0
VERTEX
8
L7
10
-5.426721556886221
20
-56.701515160584435
0
VERTEX
8
L7
10
-5.43487866406187
20
-56.70696556534642
0
VERTEX
8
L7
10
-5.44225456547521
20
-56.71343405727927
0
VERTEX
8
L7
10
-5.44872305740806
20
-56.72080995869261
0
VERTEX
8
L7
10
-5.454173462170047
20
-56.72896706586827
0
VERTEX
8
L7
10
-5.458512521824559
20
-56.737765808440884
0
VERTEX
8
L7
10
-5.461665993857892
20
-56.74705563748557
0
VERTEX
8
L7
10
-5.463579921489256
20
-56.75667760145176
0
VERTEX
8
L7
10
-5.464221556886216
20
-56.76646706586826
0
VERTEX
8
L7
10
-5.463579921489256
20
-56.77625653028477
0
VERTEX
8
L7
10
-5.461665993857892
20
-56.78587849425095
0
VERTEX
8
L7
10
-5.458512521824559
20
-56.79516832329565
0
VERTEX
8
L7
10
-5.454173462170047
20
-56.803967065868264
0
VERTEX
8
L7
10
-5.44872305740806
20
-56.81212417304392
0
VERTEX
8
L7
10
-5.44225456547521
20
-56.81950007445725
0
VERTEX
8
L7
10
-5.43487866406187
20
-56.82596856639011
0
VERTEX
8
L7
10
-5.426721556886221
20
-56.8314189711521
0
VERTEX
8
L7
10
-5.417922814313599
20
-56.83575803080661
0
VERTEX
8
L7
10
-5.408632985268909
20
-56.83891150283994
0
VERTEX
8
L7
10
-5.3990110213027265
20
-56.8408254304713
0
VERTEX
8
L7
10
-5.389221556886213
20
-56.841467065868265
0
VERTEX
8
L7
10
-5.379432092469713
20
-56.8408254304713
0
VERTEX
8
L7
10
-5.369810128503531
20
-56.83891150283995
0
VERTEX
8
L7
10
-5.360520299458841
20
-56.83575803080661
0
VERTEX
8
L7
10
-5.351721556886218
20
-56.8314189711521
0
VERTEX
8
L7
10
-5.34356444971057
20
-56.82596856639011
0
VERTEX
8
L7
10
-5.33618854829723
20
-56.81950007445725
0
VERTEX
8
L7
10
-5.32972005636438
20
-56.81212417304392
0
VERTEX
8
L7
10
-5.324269651602393
20
-56.803967065868264
0
VERTEX
8
L7
10
-5.319930591947866
20
-56.79516832329565
0
VERTEX
8
L7
10
-5.3167771199145335
20
-56.78587849425095
0
VERTEX
8
L7
10
-5.314863192283184
20
-56.77625653028477
0
VERTEX
8
L7
10
-5.314221556886224
20
-56.76646706586826
0
VERTEX
8
L7
10
-5.314863192283184
20
-56.75667760145176
0
VERTEX
8
L7
10
-5.3167771199145335
20
-56.74705563748557
0
VERTEX
8
L7
10
-5.319930591947866
20
-56.737765808440884
0
VERTEX
8
L7
10
-5.324269651602393
20
-56.72896706586827
0
VERTEX
8
L7
10
-5.32972005636438
20
-56.72080995869261
0
VERTEX
8
L7
10
-5.33618854829723
20
-56.71343405727927
0
VERTEX
8
L7
10
-5.34356444971057
20
-56.70696556534642
0
VERTEX
8
L7
10
-5.351721556886218
20
-56.701515160584435
0
VERTEX
8
L7
10
-5.360520299458841
20
-56.697176100929916
0
VERTEX
8
L7
10
-5.369810128503531
20
-56.69402262889658
0
VERTEX
8
L7
10
-5.379432092469713
20
-56.69210870126523
0
VERTEX
8
L7
10
-5.389221556886213
20
-56.69146706586827
0
SEQEND
0
POLYLINE
8
L7
66
1
70
1
0
VERTEX
8
L7
10
-5.389221556886213
20
-55.73338323353293
0
VERTEX
8
L7
10
-5.3990110213027265
20
-55.7340248689299
0
VERTEX
8
L7
10
-5.408632985268909
20
-55.73593879656126
0
VERTEX
8
L7
10
-5.417922814313599
20
-55.73909226859459
0
VERTEX
8
L7
10
-5.426721556886221
20
-55.7434313282491
0
VERTEX
8
L7
10
-5.43487866406187
20
-55.74888173301109
0
VERTEX
8
L7
10
-5.44225456547521
20
-55.755350224943946
0
VERTEX
8
L7
10
-5.44872305740806
20
-55.76272612635728
0
VERTEX
8
L7
10
-5.454173462170047
20
-55.770883233532935
0
VERTEX
8
L7
10
-5.458512521824559
20
-55.77968197610555
0
VERTEX
8
L7
10
-5.461665993857892
20
-55.78897180515025
0
VERTEX
8
L7
10
-5.463579921489256
20
-55.79859376911643
0
VERTEX
8
L7
10
-5.464221556886216
20
-55.808383233532936
0
VERTEX
8
L7
10
-5.463579921489256
20
-55.818172697949436
0
VERTEX
8
L7
10
-5.461665993857892
20
-55.827794661915625
0
VERTEX
8
L7
10
-5.458512521824559
20
-55.837084490960315
0
VERTEX
8
L7
10
-5.454173462170047
20
-55.84588323353294
0
VERTEX
8
L7
10
-5.44872305740806
20
-55.854040340708586
0
VERTEX
8
L7
10
-5.44225456547521
20
-55.861416242121926
0
VERTEX
8
L7
10
-5.43487866406187
20
-55.867884734054776
0
VERTEX
8
L7
10
-5.426721556886221
20
-55.87333513881677
0
VERTEX
8
L7
10
-5.417922814313599
20
-55.87767419847128
0
VERTEX
8
L7
10
-5.408632985268909
20
-55.880827670504615
0
VERTEX
8
L7
10
-5.3990110213027265
20
-55.88274159813597
0
VERTEX
8
L7
10
-5.389221556886213
20
-55.88338323353293
0
VERTEX
8
L7
10
-5.379432092469713
20
-55.88274159813597
0
VERTEX
8
L7
10
-5.369810128503531
20
-55.880827670504615
0
VERTEX
8
L7
10
-5.360520299458841
20
-55.87767419847128
0
VERTEX
8
L7
10
-5.351721556886218
20
-55.87333513881677
0
VERTEX
8
L7
10
-5.34356444971057
20
-55.867884734054776
0
VERTEX
8
L7
10
-5.33618854829723
20
-55.861416242121926
0
VERTEX
8
L7
10
-5.32972005636438
20
-55.854040340708586
0
VERTEX
8
L7
10
-5.324269651602393
20
-55.84588323353294
0
VERTEX
8
L7
10
-5.319930591947866
20
-55.837084490960315
0
VERTEX
8
L7
10
-5.3167771199145335
20
-55.827794661915625
0
VERTEX
8
L7
10
-5.314863192283184
20
-55.818172697949436
0
VERTEX
8
L7
10
-5.314221556886224
20
-55.808383233532936
0
VERTEX
8
L7
10
-5.314863192283184
20
-55.79859376911643
0
VERTEX
8
L7
10
-5.3167771199145335
20
-55.78897180515025
0
VERTEX
8
L7
10
-5.319930591947866
20
-55.77968197610555
0
VERTEX
8
L7
10
-5.324269651602393
20
-55.770883233532935
0
VERTEX
8
L7
10
-5.32972005636438
20
-55.76272612635728
0
VERTEX
8
L7
10
-5.33618854829723
20
-55.755350224943946
0
VERTEX
8
L7
10
-5.34356444971057
20
-55.74888173301109
0
VERTEX
8
L7
10
-5.351721556886218
20
-55.7434313282491
0
VERTEX
8
L7
10
-5.360520299458841
20
-55.73909226859459
0
VERTEX
8
L7
10
-5.369810128503531
20
-55.73593879656126
0
VERTEX
8
L7
10
-5.379432092469713
20
-55.7340248689299
0
VERTEX
8
L7
10
-5.389221556886213
20
-55.73338323353293
0
SEQEND
0
POLYLINE
8
L7
66
1
70
1
0
VERTEX
8
L7
10
-1.6167664670658581
20
-53.577694610778444
0
VERTEX
8
L7
10
-1.6265559314823719
20
-53.57833624617541
0
VERTEX
8
L7
10
-1.6361778954485544
20
-53.58025017380677
0
VERTEX
8
L7
10
-1.645467724493244
20
-53.5834036458401
0
VERTEX
8
L7
10
-1.6542664670658667
20
-53.58774270549461
0
VERTEX
8
L7
10
-1.6624235742415152
20
-53.5931931102566
0
VERTEX
8
L7
10
-1.6697994756548553
20
-53.59966160218946
0
VERTEX
8
L7
10
-1.6762679675877052
20
-53.60703750360279
0
VERTEX
8
L7
10
-1.6817183723496925
20
-53.615194610778445
0
VERTEX
8
L7
10
-1.6860574320042048
20
-53.62399335335106
0
VERTEX
8
L7
10
-1.6892109040375374
20
-53.63328318239576
0
VERTEX
8
L7
10
-1.6911248316689012
20
-53.64290514636194
0
VERTEX
8
L7
10
-1.691766467065861
20
-53.65269461077845
0
VERTEX
8
L7
10
-1.6911248316689012
20
-53.662484075194946
0
VERTEX
8
L7
10
-1.6892109040375374
20
-53.672106039161136
0
VERTEX
8
L7
10
-1.6860574320042048
20
-53.681395868205826
0
VERTEX
8
L7
10
-1.6817183723496925
20
-53.69019461077845
0
VERTEX
8
L7
10
-1.6762679675877052
20
-53.6983517179541
0
VERTEX
8
L7
10
-1.6697994756548553
20
-53.70572761936744
0
VERTEX
8
L7
10
-1.6624235742415152
20
-53.71219611130029
0
VERTEX
8
L7
10
-1.6542664670658667
20
-53.71764651606228
0
VERTEX
8
L7
10
-1.645467724493244
20
-53.72198557571679
0
VERTEX
8
L7
10
-1.6361778954485544
20
-53.725139047750126
0
VERTEX
8
L7
10
-1.6265559314823719
20
-53.72705297538148
0
VERTEX
8
L7
10
-1.6167664670658581
20
-53.72769461077844
0
VERTEX
8
L7
10
-1.6069770026493586
20
-53.72705297538148
0
VERTEX
8
L7
10
-1.597355038683176
20
-53.725139047750126
0
VERTEX
8
L7
10
-1.5880652096384864
20
-53.72198557571679
0
VERTEX
8
L7
10
-1.5792664670658638
20
-53.71764651606228
0
VERTEX
8
L7
10
-1.5711093598902153
20
-53.71219611130029
0
VERTEX
8
L7
10
-1.5637334584768752
20
-53.70572761936744
0
VERTEX
8
L7
10
-1.5572649665440252
20
-53.6983517179541
0
VERTEX
8
L7
10
-1.5518145617820238
20
-53.69019461077845
0
VERTEX
8
L7
10
-1.5474755021275115
20
-53.681395868205826
0
VERTEX
8
L7
10
-1.544322030094179
20
-53.672106039161136
0
VERTEX
8
L7
10
-1.5424081024628293
20
-53.662484075194946
0
VERTEX
8
L7
10
-1.5417664670658695
20
-53.65269461077845
0
VERTEX
8
L7
10
-1.5424081024628293
20
-53.64290514636194
0
VERTEX
8
L7
10
-1.544322030094179
20
-53.63328318239576
0
VERTEX
8
L7
10
-1.5474755021275115
20
-53.62399335335106
0
VERTEX
8
L7
10
-1.5518145617820238
20
-53.615194610778445
0
VERTEX
8
L7
10
-1.5572649665440252
20
-53.60703750360279
0
VERTEX
8
L7
10
-1.5637334584768752
20
-53.59966160218946
0
VERTEX
8
L7
10
-1.5711093598902153
20
-53.5931931102566
0
VERTEX
8
L7
10
-1.5792664670658638
20
-53.58774270549461
0
VERTEX
8
L7
10
-1.5880652096384864
20
-53.5834036458401
0
VERTEX
8
L7
10
-1.597355038683176
20
-53.58025017380677
0
VERTEX
8
L7
10
-1.6069770026493586
20
-53.57833624617541
0
VERTEX
8
L7
10
-1.6167664670658581
20
-53.577694610778444
0
SEQEND
0
POLYLINE
8
L7
66
1
70
1
0
VERTEX
8
L7
10
-5.389221556886213
20
-54.77529940119761
0
VERTEX
8
L7
10
-5.3990110213027265
20
-54.775941036594574
0
VERTEX
8
L7
10
-5.408632985268909
20
-54.777854964225924
0
VERTEX
8
L7
10
-5.417922814313599
20
-54.78100843625926
0
VERTEX
8
L7
10
-5.426721556886221
20
-54.785347495913776
0
VERTEX
8
L7
10
-5.43487866406187
20
-54.79079790067576
0
VERTEX
8
L7
10
-5.44225456547521
20
-54.79726639260861
0
VERTEX
8
L7
10
-5.44872305740806
20
-54.80464229402195
0
VERTEX
8
L7
10
-5.454173462170047
20
-54.81279940119761
0
VERTEX
8
L7
10
-5.458512521824559
20
-54.821598143770224
0
VERTEX
8
L7
10
-5.461665993857892
20
-54.83088797281492
0
VERTEX
8
L7
10
-5.463579921489256
20
-54.8405099367811
0
VERTEX
8
L7
10
-5.464221556886216
20
-54.85029940119761
0
VERTEX
8
L7
10
-5.463579921489256
20
-54.86008886561411
0
VERTEX
8
L7
10
-5.461665993857892
20
-54.8697108295803
0
VERTEX
8
L7
10
-5.458512521824559
20
-54.87900065862499
0
VERTEX
8
L7
10
-5.454173462170047
20
-54.887799401197604
0
VERTEX
8
L7
10
-5.44872305740806
20
-54.89595650837326
0
VERTEX
8
L7
10
-5.44225456547521
20
-54.9033324097866
0
VERTEX
8
L7
10
-5.43487866406187
20
-54.90980090171945
0
VERTEX
8
L7
10
-5.426721556886221
20
-54.91525130648144
0
VERTEX
8
L7
10
-5.417922814313599
20
-54.91959036613596
0
VERTEX
8
L7
10
-5.408632985268909
20
-54.92274383816929
0
VERTEX
8
L7
10
-5.3990110213027265
20
-54.924657765800646
0
VERTEX
8
L7
10
-5.389221556886213
20
-54.925299401197606
0
VERTEX
8
L7
10
-5.379432092469713
20
-54.924657765800646
0
VERTEX
8
L7
10
-5.369810128503531
20
-54.92274383816929
0
VERTEX
8
L7
10
-5.360520299458841
20
-54.91959036613596
0
VERTEX
8
L7
10
-5.351721556886218
20
-54.91525130648144
0
VERTEX
8
L7
10
-5.34356444971057
20
-54.90980090171945
0
VERTEX
8
L7
10
-5.33618854829723
20
-54.9033324097866
0
VERTEX
8
L7
10
-5.32972005636438
20
-54.89595650837326
0
VERTEX
8
L7
10
-5.324269651602393
20
-54.887799401197604
0
VERTEX
8
L7
10
-5.319930591947866
20
-54.87900065862499
0
VERTEX
8
L7
10
-5.3167771199145335
20
-54.8697108295803
0
VERTEX
8
L7
10
-5.314863192283184
20
-54.86008886561411
0
VERTEX
8
L7
10
-5.314221556886224
20
-54.85029940119761
0
VERTEX
8
L7
10
-5.314863192283184
20
-54.8405099367811
0
VERTEX
8
L7
10
-5.3167771199145335
20
-54.83088797281492
0
VERTEX
8
L7
10
-5.319930591947866
20
-54.821598143770224
0
VERTEX
8
L7
10
-5.324269651602393
20
-54.81279940119761
0
VERTEX
8
L7
10
-5.32972005636438
20
-54.80464229402195
0
VERTEX
8
L7
10
-5.33618854829723
20
-54.79726639260861
0
VERTEX
8
L7
10
-5.34356444971057
20
-54.79079790067576
0
VERTEX
8
L7
10
-5.351721556886218
20
-54.785347495913776
0
VERTEX
8
L7
10
-5.360520299458841
20
-54.78100843625926
0
VERTEX
8
L7
10
-5.369810128503531
20
-54.777854964225924
0
VERTEX
8
L7
10
-5.379432092469713
20
-54.775941036594574
0
VERTEX
8
L7
10
-5.389221556886213
20
-54.77529940119761
0
SEQEND
0
POLYLINE
8
L7
66
1
70
1
0
VERTEX
8
L7
10
-1.925861048063581
20
-53.268600029780735
0
VERTEX
8
L7
10
-1.9356505124800805
20
-53.269241665177695
0
VERTEX
8
L7
10
-1.945272476446263
20
-53.27115559280905
0
VERTEX
8
L7
10
-1.9545623054909527
20
-53.274309064842384
0
VERTEX
8
L7
10
-1.9633610480635753
20
-53.2786481244969
0
VERTEX
8
L7
10
-1.9715181552392238
20
-53.28409852925889
0
VERTEX
8
L7
10
-1.978894056652564
20
-53.29056702119174
0
VERTEX
8
L7
10
-1.9853625485854138
20
-53.29794292260508
0
VERTEX
8
L7
10
-1.990812953347401
20
-53.30610002978073
0
VERTEX
8
L7
10
-1.9951520130019276
20
-53.31489877235335
0
VERTEX
8
L7
10
-1.9983054850352602
20
-53.32418860139804
0
VERTEX
8
L7
10
-2.0002194126666097
20
-53.33381056536423
0
VERTEX
8
L7
10
-2.0008610480635696
20
-53.34360002978073
0
VERTEX
8
L7
10
-2.0002194126666097
20
-53.35338949419724
0
VERTEX
8
L7
10
-1.9983054850352602
20
-53.36301145816342
0
VERTEX
8
L7
10
-1.9951520130019276
20
-53.37230128720812
0
VERTEX
8
L7
10
-1.990812953347401
20
-53.38110002978073
0
VERTEX
8
L7
10
-1.9853625485854138
20
-53.38925713695639
0
VERTEX
8
L7
10
-1.978894056652564
20
-53.39663303836972
0
VERTEX
8
L7
10
-1.9715181552392238
20
-53.40310153030258
0
VERTEX
8
L7
10
-1.9633610480635753
20
-53.408551935064565
0
VERTEX
8
L7
10
-1.9545623054909527
20
-53.41289099471908
0
VERTEX
8
L7
10
-1.945272476446263
20
-53.41604446675241
0
VERTEX
8
L7
10
-1.9356505124800805
20
-53.41795839438377
0
VERTEX
8
L7
10
-1.925861048063581
20
-53.418600029780734
0
VERTEX
8
L7
10
-1.9160715836470672
20
-53.41795839438377
0
VERTEX
8
L7
10
-1.9064496196808847
20
-53.41604446675241
0
VERTEX
8
L7
10
-1.897159790636195
20
-53.41289099471908
0
VERTEX
8
L7
10
-1.8883610480635724
20
-53.408551935064565
0
VERTEX
8
L7
10
-1.8802039408879239
20
-53.40310153030258
0
VERTEX
8
L7
10
-1.8728280394745838
20
-53.39663303836972
0
VERTEX
8
L7
10
-1.8663595475417338
20
-53.38925713695639
0
VERTEX
8
L7
10
-1.8609091427797466
20
-53.38110002978073
0
VERTEX
8
L7
10
-1.8565700831252343
20
-53.37230128720812
0
VERTEX
8
L7
10
-1.8534166110919017
20
-53.36301145816342
0
VERTEX
8
L7
10
-1.851502683460538
20
-53.35338949419724
0
VERTEX
8
L7
10
-1.850861048063578
20
-53.34360002978073
0
VERTEX
8
L7
10
-1.851502683460538
20
-53.33381056536423
0
VERTEX
8
L7
10
-1.8534166110919017
20
-53.32418860139804
0
VERTEX
8
L7
10
-1.8565700831252343
20
-53.31489877235335
0
VERTEX
8
L7
10
-1.8609091427797466
20
-53.30610002978073
0
VERTEX
8
L7
10
-1.8663595475417338
20
-53.29794292260508
0
VERTEX
8
L7
10
-1.8728280394745838
20
-53.29056702119174
0
VERTEX
8
L7
10
-1.8802039408879239
20
-53.28409852925889
0
VERTEX
8
L7
10
-1.8883610480635724
20
-53.2786481244969
0
VERTEX
8
L7
10
-1.897159790636195
20
-53.274309064842384
0
VERTEX
8
L7
10
-1.9064496196808847
20
-53.27115559280905
0
VERTEX
8
L7
10
-1.9160715836470672
20
-53.269241665177695
0
VERTEX
8
L7
10
-1.925861048063581
20
-53.268600029780735
0
SEQEND
0
POLYLINE
8
L7
66
1
70
1
0
VERTEX
8
L7
10
-5.389221556886213
20
-53.81721556886228
0
VERTEX
8
L7
10
-5.3990110213027265
20
-53.81785720425924
0
VERTEX
8
L7
10
-5.408632985268909
20
-53.8197711318906
0
VERTEX
8
L7
10
-5.417922814313599
20
-53.82292460392393
0
VERTEX
8
L7
10
-5.426721556886221
20
-53.82726366357844
0
VERTEX
8
L7
10
-5.43487866406187
20
-53.83271406834044
0
VERTEX
8
L7
10
-5.44225456547521
20
-53.83918256027329
0
VERTEX
8
L7
10
-5.44872305740806
20
-53.84655846168663
0
VERTEX
8
L7
10
-5.454173462170047
20
-53.854715568862275
0
VERTEX
8
L7
10
-5.458512521824559
20
-53.8635143114349
0
VERTEX
8
L7
10
-5.461665993857892
20
-53.87280414047959
0
VERTEX
8
L7
10
-5.463579921489256
20
-53.88242610444578
0
VERTEX
8
L7
10
-5.464221556886216
20
-53.89221556886228
0
VERTEX
8
L7
10
-5.463579921489256
20
-53.90200503327878
0
VERTEX
8
L7
10
-5.461665993857892
20
-53.911626997244966
0
VERTEX
8
L7
10
-5.458512521824559
20
-53.92091682628966
0
VERTEX
8
L7
10
-5.454173462170047
20
-53.92971556886228
0
VERTEX
8
L7
10
-5.44872305740806
20
-53.937872676037934
0
VERTEX
8
L7
10
-5.44225456547521
20
-53.94524857745127
0
VERTEX
8
L7
10
-5.43487866406187
20
-53.95171706938412
0
VERTEX
8
L7
10
-5.426721556886221
20
-53.95716747414611
0
VERTEX
8
L7
10
-5.417922814313599
20
-53.96150653380062
0
VERTEX
8
L7
10
-5.408632985268909
20
-53.964660005833956
0
VERTEX
8
L7
10
-5.3990110213027265
20
-53.96657393346531
0
VERTEX
8
L7
10
-5.389221556886213
20
-53.96721556886228
0
VERTEX
8
L7
10
-5.379432092469713
20
-53.96657393346531
0
VERTEX
8
L7
10
-5.369810128503531
20
-53.964660005833956
0
VERTEX
8
L7
10
-5.360520299458841
20
-53.96150653380062
0
VERTEX
8
L7
10
-5.351721556886218
20
-53.95716747414611
0
VERTEX
8
L7
10
-5.34356444971057
20
-53.95171706938412
0
VERTEX
8
L7
10
-5.33618854829723
20
-53.94524857745127
0
VERTEX
8
L7
10
-5.32972005636438
20
-53.937872676037934
0
VERTEX
8
L7
10
-5.324269651602393
20
-53.92971556886228
0
VERTEX
8
L7
10
-5.319930591947866
20
-53.92091682628966
0
VERTEX
8
L7
10
-5.3167771199145335
20
-53.911626997244966
0
VERTEX
8
L7
10
-5.314863192283184
20
-53.90200503327878
0
VERTEX
8
L7
10
-5.314221556886224
20
-53.89221556886228
0
VERTEX
8
L7
10
-5.314863192283184
20
-53.88242610444578
0
VERTEX
8
L7
10
-5.3167771199145335
20
-53.87280414047959
0
VERTEX
8
L7
10
-5.319930591947866
20
-53.8635143114349
0
VERTEX
8
L7
10
-5.324269651602393
20
-53.854715568862275
0
VERTEX
8
L7
10
-5.32972005636438
20
-53.84655846168663
0
VERTEX
8
L7
10
-5.33618854829723
20
-53.83918256027329
0
VERTEX
8
L7
10
-5.34356444971057
20
-53.83271406834044
0
VERTEX
8
L7
10
-5.351721556886218
20
-53.82726366357844
0
VERTEX
8
L7
10
-5.360520299458841
20
-53.82292460392393
0
VERTEX
8
L7
10
-5.369810128503531
20
-53.8197711318906
0
VERTEX
8
L7
10
-5.379432092469713
20
-53.81785720425924
0
VERTEX
8
L7
10
-5.389221556886213
20
-53.81721556886228
0
SEQEND
0
POLYLINE
8
L7
66
1
70
1
0
VERTEX
8
L7
10
-1.2574850299401135
20
-55.61362275449102
0
VERTEX
8
L7
10
-1.267274494356613
20
-55.614264389887985
0
VERTEX
8
L7
10
-1.2768964583228097
20
-55.61617831751934
0
VERTEX
8
L7
10
-1.2861862873674994
20
-55.619331789552675
0
VERTEX
8
L7
10
-1.2949850299401078
20
-55.62367084920719
0
VERTEX
8
L7
10
-1.3031421371157705
20
-55.629121253969174
0
VERTEX
8
L7
10
-1.3105180385291106
20
-55.63558974590203
0
VERTEX
8
L7
10
-1.3169865304619606
20
-55.642965647315364
0
VERTEX
8
L7
10
-1.3224369352239478
20
-55.65112275449102
0
VERTEX
8
L7
10
-1.32677599487846
20
-55.659921497063635
0
VERTEX
8
L7
10
-1.3299294669117927
20
-55.66921132610833
0
VERTEX
8
L7
10
-1.3318433945431565
20
-55.678833290074515
0
VERTEX
8
L7
10
-1.3324850299401163
20
-55.68862275449102
0
VERTEX
8
L7
10
-1.3318433945431565
20
-55.69841221890752
0
VERTEX
8
L7
10
-1.3299294669117927
20
-55.70803418287371
0
VERTEX
8
L7
10
-1.32677599487846
20
-55.7173240119184
0
VERTEX
8
L7
10
-1.3224369352239478
20
-55.72612275449102
0
VERTEX
8
L7
10
-1.3169865304619606
20
-55.73427986166667
0
VERTEX
8
L7
10
-1.3105180385291106
20
-55.74165576308001
0
VERTEX
8
L7
10
-1.3031421371157705
20
-55.74812425501286
0
VERTEX
8
L7
10
-1.2949850299401078
20
-55.753574659774856
0
VERTEX
8
L7
10
-1.2861862873674994
20
-55.75791371942937
0
VERTEX
8
L7
10
-1.2768964583228097
20
-55.7610671914627
0
VERTEX
8
L7
10
-1.267274494356613
20
-55.76298111909406
0
VERTEX
8
L7
10
-1.2574850299401135
20
-55.76362275449102
0
VERTEX
8
L7
10
-1.247695565523614
20
-55.76298111909406
0
VERTEX
8
L7
10
-1.2380736015574172
20
-55.7610671914627
0
VERTEX
8
L7
10
-1.2287837725127275
20
-55.75791371942937
0
VERTEX
8
L7
10
-1.2199850299401191
20
-55.753574659774856
0
VERTEX
8
L7
10
-1.2118279227644564
20
-55.74812425501286
0
VERTEX
8
L7
10
-1.2044520213511163
20
-55.74165576308001
0
VERTEX
8
L7
10
-1.1979835294182664
20
-55.73427986166667
0
VERTEX
8
L7
10
-1.1925331246562791
20
-55.72612275449102
0
VERTEX
8
L7
10
-1.1881940650017668
20
-55.7173240119184
0
VERTEX
8
L7
10
-1.1850405929684342
20
-55.70803418287371
0
VERTEX
8
L7
10
-1.1831266653370704
20
-55.69841221890752
0
VERTEX
8
L7
10
-1.1824850299401106
20
-55.68862275449102
0
VERTEX
8
L7
10
-1.1831266653370704
20
-55.678833290074515
0
VERTEX
8
L7
10
-1.1850405929684342
20
-55.66921132610833
0
VERTEX
8
L7
10
-1.1881940650017668
20
-55.659921497063635
0
VERTEX
8
L7
10
-1.1925331246562791
20
-55.65112275449102
0
VERTEX
8
L7
10
-1.1979835294182664
20
-55.642965647315364
0
VERTEX
8
L7
10
-1.2044520213511163
20
-55.63558974590203
0
VERTEX
8
L7
10
-1.2118279227644564
20
-55.629121253969174
0
VERTEX
8
L7
10
-1.2199850299401191
20
-55.62367084920719
0
VERTEX
8
L7
10
-1.2287837725127275
20
-55.619331789552675
0
VERTEX
8
L7
10
-1.2380736015574172
20
-55.61617831751934
0
VERTEX
8
L7
10
-1.247695565523614
20
-55.614264389887985
0
VERTEX
8
L7
10
-1.2574850299401135
20
-55.61362275449102
0
SEQEND
0
POLYLINE
8
L7
66
1
70
1
0
VERTEX
8
L7
10
-5.389221556886213
20
-53.338173652694614
0
VERTEX
8
L7
10
-5.3990110213027265
20
-53.338815288091574
0
VERTEX
8
L7
10
-5.408632985268909
20
-53.34072921572293
0
VERTEX
8
L7
10
-5.417922814313599
20
-53.34388268775626
0
VERTEX
8
L7
10
-5.426721556886221
20
-53.34822174741078
0
VERTEX
8
L7
10
-5.43487866406187
20
-53.35367215217277
0
VERTEX
8
L7
10
-5.44225456547521
20
-53.36014064410562
0
VERTEX
8
L7
10
-5.44872305740806
20
-53.36751654551896
0
VERTEX
8
L7
10
-5.454173462170047
20
-53.375673652694616
0
VERTEX
8
L7
10
-5.458512521824559
20
-53.38447239526723
0
VERTEX
8
L7
10
-5.461665993857892
20
-53.39376222431192
0
VERTEX
8
L7
10
-5.463579921489256
20
-53.40338418827811
0
VERTEX
8
L7
10
-5.464221556886216
20
-53.41317365269461
0
VERTEX
8
L7
10
-5.463579921489256
20
-53.42296311711112
0
VERTEX
8
L7
10
-5.461665993857892
20
-53.4325850810773
0
VERTEX
8
L7
10
-5.458512521824559
20
-53.441874910121996
0
VERTEX
8
L7
10
-5.454173462170047
20
-53.45067365269461
0
VERTEX
8
L7
10
-5.44872305740806
20
-53.45883075987027
0
VERTEX
8
L7
10
-5.44225456547521
20
-53.46620666128361
0
VERTEX
8
L7
10
-5.43487866406187
20
-53.47267515321646
0
VERTEX
8
L7
10
-5.426721556886221
20
-53.478125557978444
0
VERTEX
8
L7
10
-5.417922814313599
20
-53.48246461763296
0
VERTEX
8
L7
10
-5.408632985268909
20
-53.485618089666296
0
VERTEX
8
L7
10
-5.3990110213027265
20
-53.487532017297646
0
VERTEX
8
L7
10
-5.389221556886213
20
-53.48817365269461
0
VERTEX
8
L7
10
-5.379432092469713
20
-53.487532017297646
0
VERTEX
8
L7
10
-5.369810128503531
20
-53.485618089666296
0
VERTEX
8
L7
10
-5.360520299458841
20
-53.48246461763296
0
VERTEX
8
L7
10
-5.351721556886218
20
-53.478125557978444
0
VERTEX
8
L7
10
-5.34356444971057
20
-53.47267515321646
0
VERTEX
8
L7
10
-5.33618854829723
20
-53.46620666128361
0
VERTEX
8
L7
10
-5.32972005636438
20
-53.45883075987027
0
VERTEX
8
L7
10
-5.324269651602393
20
-53.45067365269461
0
VERTEX
8
L7
10
-5.319930591947866
20
-53.441874910121996
0
VERTEX
8
L7
10
-5.3167771199145335
20
-53.4325850810773
0
VERTEX
8
L7
10
-5.314863192283184
20
-53.42296311711112
0
VERTEX
8
L7
10
-5.314221556886224
20
-53.41317365269461
0
VERTEX
8
L7
10
-5.314863192283184
20
-53.40338418827811
0
VERTEX
8
L7
10
-5.3167771199145335
20
-53.39376222431192
0
VERTEX
8
L7
10
-5.319930591947866
20
-53.38447239526723
0
VERTEX
8
L7
10
-5.324269651602393
20
-53.375673652694616
0
VERTEX
8
L7
10
-5.32972005636438
20
-53.36751654551896
0
VERTEX
8
L7
10
-5.33618854829723
20
-53.36014064410562
0
VERTEX
8
L7
10
-5.34356444971057
20
-53.35367215217277
0
VERTEX
8
L7
10
-5.351721556886218
20
-53.34822174741078
0
VERTEX
8
L7
10
-5.360520299458841
20
-53.34388268775626
0
VERTEX
8
L7
10
-5.369810128503531
20
-53.34072921572293
0
VERTEX
8
L7
10
-5.379432092469713
20
-53.338815288091574
0
VERTEX
8
L7
10
-5.389221556886213
20
-53.338173652694614
0
SEQEND
0
POLYLINE
8
L7
66
1
70
1
0
VERTEX
8
L7
10
-1.6879048414018456
20
-55.36511976047905
0
VERTEX
8
L7
10
-1.6976943058183451
20
-55.36576139587601
0
VERTEX
8
L7
10
-1.7073162697845277
20
-55.36767532350736
0
VERTEX
8
L7
10
-1.7166060988292173
20
-55.370828795540696
0
VERTEX
8
L7
10
-1.72540484140184
20
-55.37516785519521
0
VERTEX
8
L7
10
-1.7335619485774885
20
-55.3806182599572
0
VERTEX
8
L7
10
-1.7409378499908286
20
-55.38708675189005
0
VERTEX
8
L7
10
-1.7474063419236785
20
-55.39446265330339
0
VERTEX
8
L7
10
-1.75285674668568
20
-55.40261976047904
0
VERTEX
8
L7
10
-1.7571958063401922
20
-55.411418503051664
0
VERTEX
8
L7
10
-1.7603492783735248
20
-55.42070833209635
0
VERTEX
8
L7
10
-1.7622632060048744
20
-55.43033029606254
0
VERTEX
8
L7
10
-1.7629048414018342
20
-55.44011976047904
0
VERTEX
8
L7
10
-1.7622632060048744
20
-55.44990922489555
0
VERTEX
8
L7
10
-1.7603492783735248
20
-55.45953118886173
0
VERTEX
8
L7
10
-1.7571958063401922
20
-55.46882101790643
0
VERTEX
8
L7
10
-1.75285674668568
20
-55.477619760479044
0
VERTEX
8
L7
10
-1.7474063419236785
20
-55.4857768676547
0
VERTEX
8
L7
10
-1.7409378499908286
20
-55.49315276906803
0
VERTEX
8
L7
10
-1.7335619485774885
20
-55.49962126100089
0
VERTEX
8
L7
10
-1.72540484140184
20
-55.50507166576288
0
VERTEX
8
L7
10
-1.7166060988292173
20
-55.50941072541739
0
VERTEX
8
L7
10
-1.7073162697845277
20
-55.51256419745072
0
VERTEX
8
L7
10
-1.6976943058183451
20
-55.51447812508208
0
VERTEX
8
L7
10
-1.6879048414018456
20
-55.515119760479045
0
VERTEX
8
L7
10
-1.6781153769853319
20
-55.51447812508208
0
VERTEX
8
L7
10
-1.6684934130191493
20
-55.51256419745072
0
VERTEX
8
L7
10
-1.6592035839744597
20
-55.50941072541739
0
VERTEX
8
L7
10
-1.650404841401837
20
-55.50507166576288
0
VERTEX
8
L7
10
-1.6422477342261885
20
-55.49962126100089
0
VERTEX
8
L7
10
-1.6348718328128484
20
-55.49315276906803
0
VERTEX
8
L7
10
-1.6284033408799985
20
-55.4857768676547
0
VERTEX
8
L7
10
-1.6229529361180113
20
-55.477619760479044
0
VERTEX
8
L7
10
-1.618613876463499
20
-55.46882101790643
0
VERTEX
8
L7
10
-1.6154604044301664
20
-55.45953118886173
0
VERTEX
8
L7
10
-1.6135464767988026
20
-55.44990922489555
0
VERTEX
8
L7
10
-1.6129048414018428
20
-55.44011976047904
0
VERTEX
8
L7
10
-1.6135464767988026
20
-55.43033029606254
0
VERTEX
8
L7
10
-1.6154604044301664
20
-55.42070833209635
0
VERTEX
8
L7
10
-1.618613876463499
20
-55.411418503051664
0
VERTEX
8
L7
10
-1.6229529361180113
20
-55.40261976047904
0
VERTEX
8
L7
10
-1.6284033408799985
20
-55.39446265330339
0
VERTEX
8
L7
10
-1.6348718328128484
20
-55.38708675189005
0
VERTEX
8
L7
10
-1.6422477342261885
20
-55.3806182599572
0
VERTEX
8
L7
10
-1.650404841401837
20
-55.37516785519521
0
VERTEX
8
L7
10
-1.6592035839744597
20
-55.370828795540696
0
VERTEX
8
L7
10
-1.6684934130191493
20
-55.36767532350736
0
VERTEX
8
L7
10
-1.6781153769853319
20
-55.36576139587601
0
VERTEX
8
L7
10
-1.6879048414018456
20
-55.36511976047905
0
SEQEND
0
POLYLINE
8
L7
66
1
70
1
0
VERTEX
8
L7
10
-5.389221556886213
20
-54.29625748502994
0
VERTEX
8
L7
10
-5.3990110213027265
20
-54.29689912042691
0
VERTEX
8
L7
10
-5.408632985268909
20
-54.298813048058264
0
VERTEX
8
L7
10
-5.417922814313599
20
-54.3019665200916
0
VERTEX
8
L7
10
-5.426721556886221
20
-54.30630557974611
0
VERTEX
8
L7
10
-5.43487866406187
20
-54.311755984508096
0
VERTEX
8
L7
10
-5.44225456547521
20
-54.31822447644095
0
VERTEX
8
L7
10
-5.44872305740806
20
-54.325600377854286
0
VERTEX
8
L7
10
-5.454173462170047
20
-54.33375748502994
0
VERTEX
8
L7
10
-5.458512521824559
20
-54.34255622760256
0
VERTEX
8
L7
10
-5.461665993857892
20
-54.351846056647254
0
VERTEX
8
L7
10
-5.463579921489256
20
-54.36146802061344
0
VERTEX
8
L7
10
-5.464221556886216
20
-54.37125748502994
0
VERTEX
8
L7
10
-5.463579921489256
20
-54.38104694944644
0
VERTEX
8
L7
10
-5.461665993857892
20
-54.39066891341263
0
VERTEX
8
L7
10
-5.458512521824559
20
-54.39995874245732
0
VERTEX
8
L7
10
-5.454173462170047
20
-54.408757485029945
0
VERTEX
8
L7
10
-5.44872305740806
20
-54.41691459220559
0
VERTEX
8
L7
10
-5.44225456547521
20
-54.42429049361893
0
VERTEX
8
L7
10
-5.43487866406187
20
-54.43075898555178
0
VERTEX
8
L7
10
-5.426721556886221
20
-54.43620939031378
0
VERTEX
8
L7
10
-5.417922814313599
20
-54.44054844996829
0
VERTEX
8
L7
10
-5.408632985268909
20
-54.44370192200162
0
VERTEX
8
L7
10
-5.3990110213027265
20
-54.44561584963298
0
VERTEX
8
L7
10
-5.389221556886213
20
-54.44625748502994
0
VERTEX
8
L7
10
-5.379432092469713
20
-54.44561584963298
0
VERTEX
8
L7
10
-5.369810128503531
20
-54.44370192200162
0
VERTEX
8
L7
10
-5.360520299458841
20
-54.44054844996829
0
VERTEX
8
L7
10
-5.351721556886218
20
-54.43620939031378
0
VERTEX
8
L7
10
-5.34356444971057
20
-54.43075898555178
0
VERTEX
8
L7
10
-5.33618854829723
20
-54.42429049361893
0
VERTEX
8
L7
10
-5.32972005636438
20
-54.41691459220559
0
VERTEX
8
L7
10
-5.324269651602393
20
-54.408757485029945
0
VERTEX
8
L7
10
-5.319930591947866
20
-54.39995874245732
0
VERTEX
8
L7
10
-5.3167771199145335
20
-54.39066891341263
0
VERTEX
8
L7
10
-5.314863192283184
20
-54.38104694944644
0
VERTEX
8
L7
10
-5.314221556886224
20
-54.37125748502994
0
VERTEX
8
L7
10
-5.314863192283184
20
-54.36146802061344
0
VERTEX
8
L7
10
-5.3167771199145335
20
-54.351846056647254
0
VERTEX
8
L7
10
-5.319930591947866
20
-54.34255622760256
0
VERTEX
8
L7
10
-5.324269651602393
20
-54.33375748502994
0
VERTEX
8
L7
10
-5.32972005636438
20
-54.325600377854286
0
VERTEX
8
L7
10
-5.33618854829723
20
-54.31822447644095
0
VERTEX
8
L7
10
-5.34356444971057
20
-54.311755984508096
0
VERTEX
8
L7
10
-5.351721556886218
20
-54.30630557974611
0
VERTEX
8
L7
10
-5.360520299458841
20
-54.3019665200916
0
VERTEX
8
L7
10
-5.369810128503531
20
-54.298813048058264
0
VERTEX
8
L7
10
-5.379432092469713
20
-54.29689912042691
0
VERTEX
8
L7
10
-5.389221556886213
20
-54.29625748502994
0
SEQEND
0
POLYLINE
8
L7
66
1
70
1
0
VERTEX
8
L7
10
-5.389221556886213
20
-55.254341317365274
0
VERTEX
8
L7
10
-5.3990110213027265
20
-55.254982952762234
0
VERTEX
8
L7
10
-5.408632985268909
20
-55.25689688039359
0
VERTEX
8
L7
10
-5.417922814313599
20
-55.26005035242692
0
VERTEX
8
L7
10
-5.426721556886221
20
-55.264389412081435
0
VERTEX
8
L7
10
-5.43487866406187
20
-55.26983981684343
0
VERTEX
8
L7
10
-5.44225456547521
20
-55.27630830877628
0
VERTEX
8
L7
10
-5.44872305740806
20
-55.28368421018962
0
VERTEX
8
L7
10
-5.454173462170047
20
-55.29184131736527
0
VERTEX
8
L7
10
-5.458512521824559
20
-55.30064005993789
0
VERTEX
8
L7
10
-5.461665993857892
20
-55.30992988898258
0
VERTEX
8
L7
10
-5.463579921489256
20
-55.31955185294877
0
VERTEX
8
L7
10
-5.464221556886216
20
-55.32934131736527
0
VERTEX
8
L7
10
-5.463579921489256
20
-55.339130781781776
0
VERTEX
8
L7
10
-5.461665993857892
20
-55.34875274574796
0
VERTEX
8
L7
10
-5.458512521824559
20
-55.358042574792655
0
VERTEX
8
L7
10
-5.454173462170047
20
-55.36684131736527
0
VERTEX
8
L7
10
-5.44872305740806
20
-55.37499842454093
0
VERTEX
8
L7
10
-5.44225456547521
20
-55.38237432595426
0
VERTEX
8
L7
10
-5.43487866406187
20
-55.38884281788712
0
VERTEX
8
L7
10
-5.426721556886221
20
-55.394293222649104
0
VERTEX
8
L7
10
-5.417922814313599
20
-55.398632282303616
0
VERTEX
8
L7
10
-5.408632985268909
20
-55.40178575433695
0
VERTEX
8
L7
10
-5.3990110213027265
20
-55.403699681968305
0
VERTEX
8
L7
10
-5.389221556886213
20
-55.40434131736527
0
VERTEX
8
L7
10
-5.379432092469713
20
-55.403699681968305
0
VERTEX
8
L7
10
-5.369810128503531
20
-55.40178575433695
0
VERTEX
8
L7
10
-5.360520299458841
20
-55.398632282303616
0
VERTEX
8
L7
10
-5.351721556886218
20
-55.394293222649104
0
VERTEX
8
L7
10
-5.34356444971057
20
-55.38884281788712
0
VERTEX
8
L7
10
-5.33618854829723
20
-55.38237432595426
0
VERTEX
8
L7
10
-5.32972005636438
20
-55.37499842454093
0
VERTEX
8
L7
10
-5.324269651602393
20
-55.36684131736527
0
VERTEX
8
L7
10
-5.319930591947866
20
-55.358042574792655
0
VERTEX
8
L7
10
-5.3167771199145335
20
-55.34875274574796
0
VERTEX
8
L7
10
-5.314863192283184
20
-55.339130781781776
0
VERTEX
8
L7
10
-5.314221556886224
20
-55.32934131736527
0
VERTEX
8
L7
10
-5.314863192283184
20
-55.31955185294877
0
VERTEX
8
L7
10
-5.3167771199145335
20
-55.30992988898258
0
VERTEX
8
L7
10
-5.319930591947866
20
-55.30064005993789
0
VERTEX
8
L7
10
-5.324269651602393
20
-55.29184131736527
0
VERTEX
8
L7
10
-5.32972005636438
20
-55.28368421018962
0
VERTEX
8
L7
10
-5.33618854829723
20
-55.27630830877628
0
VERTEX
8
L7
10
-5.34356444971057
20
-55.26983981684343
0
VERTEX
8
L7
10
-5.351721556886218
20
-55.264389412081435
0
VERTEX
8
L7
10
-5.360520299458841
20
-55.26005035242692
0
VERTEX
8
L7
10
-5.369810128503531
20
-55.25689688039359
0
VERTEX
8
L7
10
-5.379432092469713
20
-55.254982952762234
0
VERTEX
8
L7
10
-5.389221556886213
20
-55.254341317365274
0
SEQEND
0
POLYLINE
8
L7
66
1
70
1
0
VERTEX
8
L7
10
-5.389221556886213
20
-56.2124251497006
0
VERTEX
8
L7
10
-5.3990110213027265
20
-56.21306678509757
0
VERTEX
8
L7
10
-5.408632985268909
20
-56.21498071272892
0
VERTEX
8
L7
10
-5.417922814313599
20
-56.218134184762256
0
VERTEX
8
L7
10
-5.426721556886221
20
-56.22247324441677
0
VERTEX
8
L7
10
-5.43487866406187
20
-56.227923649178756
0
VERTEX
8
L7
10
-5.44225456547521
20
-56.234392141111606
0
VERTEX
8
L7
10
-5.44872305740806
20
-56.241768042524946
0
VERTEX
8
L7
10
-5.454173462170047
20
-56.2499251497006
0
VERTEX
8
L7
10
-5.458512521824559
20
-56.25872389227322
0
VERTEX
8
L7
10
-5.461665993857892
20
-56.268013721317914
0
VERTEX
8
L7
10
-5.463579921489256
20
-56.277635685284096
0
VERTEX
8
L7
10
-5.464221556886216
20
-56.2874251497006
0
VERTEX
8
L7
10
-5.463579921489256
20
-56.2972146141171
0
VERTEX
8
L7
10
-5.461665993857892
20
-56.30683657808329
0
VERTEX
8
L7
10
-5.458512521824559
20
-56.31612640712798
0
VERTEX
8
L7
10
-5.454173462170047
20
-56.3249251497006
0
VERTEX
8
L7
10
-5.44872305740806
20
-56.33308225687625
0
VERTEX
8
L7
10
-5.44225456547521
20
-56.34045815828959
0
VERTEX
8
L7
10
-5.43487866406187
20
-56.34692665022244
0
VERTEX
8
L7
10
-5.426721556886221
20
-56.35237705498443
0
VERTEX
8
L7
10
-5.417922814313599
20
-56.35671611463895
0
VERTEX
8
L7
10
-5.408632985268909
20
-56.35986958667228
0
VERTEX
8
L7
10
-5.3990110213027265
20
-56.36178351430364
0
VERTEX
8
L7
10
-5.389221556886213
20
-56.3624251497006
0
VERTEX
8
L7
10
-5.379432092469713
20
-56.36178351430364
0
VERTEX
8
L7
10
-5.369810128503531
20
-56.35986958667228
0
VERTEX
8
L7
10
-5.360520299458841
20
-56.35671611463895
0
VERTEX
8
L7
10
-5.351721556886218
20
-56.35237705498443
0
VERTEX
8
L7
10
-5.34356444971057
20
-56.34692665022244
0
VERTEX
8
L7
10
-5.33618854829723
20
-56.34045815828959
0
VERTEX
8
L7
10
-5.32972005636438
20
-56.33308225687625
0
VERTEX
8
L7
10
-5.324269651602393
20
-56.3249251497006
0
VERTEX
8
L7
10
-5.319930591947866
20
-56.31612640712798
0
VERTEX
8
L7
10
-5.3167771199145335
20
-56.30683657808329
0
VERTEX
8
L7
10
-5.314863192283184
20
-56.2972146141171
0
VERTEX
8
L7
10
-5.314221556886224
20
-56.2874251497006
0
VERTEX
8
L7
10
-5.314863192283184
20
-56.277635685284096
0
VERTEX
8
L7
10
-5.3167771199145335
20
-56.268013721317914
0
VERTEX
8
L7
10
-5.319930591947866
20
-56.25872389227322
0
VERTEX
8
L7
10
-5.324269651602393
20
-56.2499251497006
0
VERTEX
8
L7
10
-5.32972005636438
20
-56.241768042524946
0
VERTEX
8
L7
10
-5.33618854829723
20
-56.234392141111606
0
VERTEX
8
L7
10
-5.34356444971057
20
-56.227923649178756
0
VERTEX
8
L7
10
-5.351721556886218
20
-56.22247324441677
0
VERTEX
8
L7
10
-5.360520299458841
20
-56.218134184762256
0
VERTEX
8
L7
10
-5.369810128503531
20
-56.21498071272892
0
VERTEX
8
L7
10
-5.379432092469713
20
-56.21306678509757
0
VERTEX
8
L7
10
-5.389221556886213
20
-56.2124251497006
0
SEQEND
0
POLYLINE
8
L7
66
1
70
1
0
VERTEX
8
L7
10
7.194379810556796
20
-55.985063635767126
0
VERTEX
8
L7
10
7.2234151852236295
20
-55.98174434533045
0
VERTEX
8
L7
10
7.250099140963172
20
-55.9698264102267
0
VERTEX
8
L7
10
7.2719489048717065
20
-55.95041871875687
0
VERTEX
8
L7
10
7.286931494946344
20
-55.92532703356631
0
VERTEX
8
L7
10
7.293652876171151
20
-55.89688597687923
0
VERTEX
8
L7
10
7.291487666637124
20
-55.86774180870238
0
VERTEX
8
L7
10
7.280637325363827
20
-55.840606209108856
0
VERTEX
8
L7
10
7.262111407814942
20
-55.81800397359954
0
VERTEX
8
L7
10
7.237633633162986
20
-55.80203809688904
0
VERTEX
8
L7
10
7.209481503148766
20
-55.79419410258068
0
VERTEX
8
L7
10
7.180274394983954
20
-55.79520182461346
0
VERTEX
8
L7
10
7.152729844908464
20
-55.804967500841244
0
VERTEX
8
L7
10
7.129410698672757
20
-55.822582497006
0
VERTEX
8
L7
10
7.112486654989283
20
-55.84640784939473
0
VERTEX
8
L7
10
7.103532388823368
20
-55.8742267600218
0
VERTEX
8
L7
10
7.103381037871159
20
-55.9034508556269
0
VERTEX
8
L7
10
7.11204668437918
20
-55.931361019396476
0
VERTEX
8
L7
10
7.128723044880587
20
-55.95536038754387
0
VERTEX
8
L7
10
7.08984437178583
20
-56.01591121176228
0
VERTEX
8
L7
10
7.043405134255366
20
-56.07087802677579
0
VERTEX
8
L7
10
6.990197652103987
20
-56.11932302010067
0
VERTEX
8
L7
10
6.931129721080353
20
-56.16041965085949
0
VERTEX
8
L7
10
6.867209124573179
20
-56.19346675175057
0
VERTEX
8
L7
10
6.799526439385119
20
-56.217900491965125
0
VERTEX
8
L7
10
6.72923642893268
20
-56.23330399694728
0
VERTEX
8
L7
10
6.657538341330678
20
-56.23941446087025
0
VERTEX
8
L7
10
6.585655448504056
20
-56.236127630479665
0
VERTEX
8
L7
10
6.514814175419261
20
-56.22349958380316
0
VERTEX
8
L7
10
6.446223175520075
20
-56.201745773379066
0
VERTEX
8
L7
10
6.381052709371133
20
-56.1712373503279
0
VERTEX
8
L7
10
6.320414678338906
20
-56.13249483198341
0
VERTEX
8
L7
10
6.265343653963967
20
-56.08617922112234
0
VERTEX
8
L7
10
6.216779226690761
20
-56.033080728311674
0
VERTEX
8
L7
10
6.175549975110755
20
-55.97410528978604
0
VERTEX
8
L7
10
6.142359329226508
20
-55.91025911087982
0
VERTEX
8
L7
10
6.117773568929692
20
-55.84263149872497
0
VERTEX
8
L7
10
6.10221216245624
20
-55.77237627711329
0
VERTEX
8
L7
10
6.0959406096582
20
-55.700692100612194
0
VERTEX
8
L7
10
6.099065912196579
20
-55.62880200380337
0
VERTEX
8
L7
10
6.111534747939928
20
-55.55793253456348
0
VERTEX
8
L7
10
6.133134380716157
20
-55.48929282740304
0
VERTEX
8
L7
10
6.16349628989596
20
-55.42405397390226
0
VERTEX
8
L7
10
6.2021024578817645
20
-55.36332904221362
0
VERTEX
8
L7
10
6.248294208228984
20
-55.30815408652719
0
VERTEX
8
L7
10
6.301283443608156
20
-55.259470470504255
0
VERTEX
8
L7
10
6.360166091872728
20
-55.21810880626683
0
VERTEX
8
L7
10
6.423937530822855
20
-55.18477478296677
0
VERTEX
8
L7
10
6.4915097284971495
20
-55.16003712671957
0
VERTEX
8
L7
10
6.561729806554126
20
-55.14431789732332
0
VERTEX
8
L7
10
6.6333997100256425
20
-55.13788528731487
0
VERTEX
8
L7
10
6.705296647848343
20
-55.140849046221604
0
VERTEX
8
L7
10
6.776193955428084
20
-55.15315860807747
0
VERTEX
8
L7
10
6.844882023292428
20
-55.174603954150726
0
VERTEX
8
L7
10
6.910188934758409
20
-55.20481919616388
0
VERTEX
8
L7
10
6.971000460507298
20
-55.24328881887102
0
VERTEX
8
L7
10
7.026279068930521
20
-55.2893564754853
0
VERTEX
8
L7
10
7.075081627902833
20
-55.34223618589386
0
VERTEX
8
L7
10
7.06282606533297
20
-55.36876676932399
0
VERTEX
8
L7
10
7.059138618543983
20
-55.39775768871654
0
VERTEX
8
L7
10
7.064362381080926
20
-55.426511522826175
0
VERTEX
8
L7
10
7.078011314958729
20
-55.452352909690006
0
VERTEX
8
L7
10
7.098815473415101
20
-55.47287747209628
0
VERTEX
8
L7
10
7.124839161405276
20
-55.48617552964004
0
VERTEX
8
L7
10
7.153661039753487
20
-55.491009782377304
0
VERTEX
8
L7
10
7.1825994154118575
20
-55.486930433740326
0
VERTEX
8
L7
10
7.208961755996384
20
-55.474317041256455
0
VERTEX
8
L7
10
7.230295212854486
20
-55.45434320112667
0
VERTEX
8
L7
10
7.244614843080896
20
-55.428867352539704
0
VERTEX
8
L7
10
7.250588295870358
20
-55.4002598616882
0
VERTEX
8
L7
10
7.2476597793128406
20
-55.37118247422269
0
VERTEX
8
L7
10
7.23610177330707
20
-55.34434065669449
0
VERTEX
8
L7
10
7.216989677033425
20
-55.322231870045876
0
VERTEX
8
L7
10
7.192101749878347
20
-55.30691319670349
0
VERTEX
8
L7
10
7.163753655672693
20
-55.29980994210054
0
VERTEX
8
L7
10
7.1345830048537096
20
-55.30158301904277
0
VERTEX
8
L7
10
7.083935019562517
20
-55.2451653679361
0
VERTEX
8
L7
10
7.026806597968303
20
-55.19532047635627
0
VERTEX
8
L7
10
6.964044476169448
20
-55.1527871266439
0
VERTEX
8
L7
10
6.89657889086169
20
-55.1181957322006
0
VERTEX
8
L7
10
6.825409791717789
20
-55.09205899373734
0
VERTEX
8
L7
10
6.751592020507445
20
-55.07476430021628
0
VERTEX
8
L7
10
6.676219676627085
20
-55.06656798711643
0
VERTEX
8
L7
10
6.600409900767829
20
-55.06759153712506
0
VERTEX
8
L7
10
6.525286317074006
20
-55.077819779566774
0
VERTEX
8
L7
10
6.451962379206265
20
-55.09710111525754
0
VERTEX
8
L7
10
6.381524867147974
20
-55.12514976345111
0
VERTEX
8
L7
10
6.315017779358627
20
-55.16154999757441
0
VERTEX
8
L7
10
6.253426859019257
20
-55.20576230697122
0
VERTEX
8
L7
10
6.197664983715626
20
-55.25713139332745
0
VERTEX
8
L7
10
6.1485586351081025
20
-55.31489588325756
0
VERTEX
8
L7
10
6.10683564912955
20
-55.378199613096214
0
VERTEX
8
L7
10
6.073114428273428
20
-55.44610431863584
0
VERTEX
8
L7
10
6.047894775863256
20
-55.517603541727844
0
VERTEX
8
L7
10
6.031550488154693
20
-55.59163754762885
0
VERTEX
8
L7
10
6.024323814067259
20
-55.66710903199271
0
VERTEX
8
L7
10
6.0263218646614405
20
-55.74289938470513
0
VERTEX
8
L7
10
6.037515025578614
20
-55.81788526950442
0
VERTEX
8
L7
10
6.057737395974016
20
-55.890955273651414
0
VERTEX
8
L7
10
6.086689247436979
20
-55.96102638087342
0
VERTEX
8
L7
10
6.123941466453317
20
-56.02706002342635
0
VERTEX
8
L7
10
6.168941914565423
20
-56.088077475357416
0
VERTEX
8
L7
10
6.221023611961925
20
-56.14317435881511
0
VERTEX
8
L7
10
6.279414623202953
20
-56.19153404839951
0
VERTEX
8
L7
10
6.343249498558649
20
-56.23243977487851
0
VERTEX
8
L7
10
6.411582101381214
20
-56.265285248873305
0
VERTEX
8
L7
10
6.483399631388579
20
-56.28958364705283
0
VERTEX
8
L7
10
6.5576376360113215
20
-56.304974827647065
0
VERTEX
8
L7
10
6.633195787310541
20
-56.31123066833366
0
VERTEX
8
L7
10
6.708954190627026
20
-56.308258447381704
0
VERTEX
8
L7
10
6.783789983241078
20
-56.296102217938504
0
VERTEX
8
L7
10
6.856593977023792
20
-56.27494215509034
0
VERTEX
8
L7
10
6.926287098408579
20
-56.24509188537472
0
VERTEX
8
L7
10
6.991836382016075
20
-56.20699383832512
0
VERTEX
8
L7
10
7.052270280880634
20
-56.16121268894592
0
VERTEX
8
L7
10
7.106693066356016
20
-56.10842698831072
0
VERTEX
8
L7
10
7.154298104270509
20
-56.04941910633203
0
VERTEX
8
L7
10
7.194379810556796
20
-55.985063635767126
0
SEQEND
0
POLYLINE
8
L7
66
1
70
1
0
VERTEX
8
L7
10
3.2636934654184273
20
-53.25647419100409
0
VERTEX
8
L7
10
3.234639936030831
20
-53.248402351366984
0
VERTEX
8
L7
10
3.2045165604494628
20
-53.249760441417926
0
VERTEX
8
L7
10
3.1763072487699304
20
-53.26041393378289
0
VERTEX
8
L7
10
3.1528063110018962
20
-53.279307532937786
0
VERTEX
8
L7
10
3.136341663061458
20
-53.30456970887733
0
VERTEX
8
L7
10
3.1285442320363757
20
-53.33369808395065
0
VERTEX
8
L7
10
3.130186402584954
20
-53.36380730912986
0
VERTEX
8
L7
10
3.141105507370497
20
-53.3919148760058
0
VERTEX
8
L7
10
3.160219940285586
20
-53.4152365530325
0
VERTEX
8
L7
10
3.185636296349955
20
-53.431462181199436
0
VERTEX
8
L7
10
3.2148369254002347
20
-53.43898450983298
0
VERTEX
8
L7
10
3.2449293211969916
20
-53.43705840489953
0
VERTEX
8
L7
10
3.2729326423873886
20
-53.42587465922511
0
VERTEX
8
L7
10
3.2960729836172646
20
-53.40654109326412
0
VERTEX
8
L7
10
3.3120581483289726
20
-53.3809728185053
0
VERTEX
8
L7
10
3.3193047052687774
20
-53.35170253361565
0
VERTEX
8
L7
10
3.3170948373264224
20
-53.32162964468425
0
VERTEX
8
L7
10
3.3704372403792604
20
-53.29243724015902
0
VERTEX
8
L7
10
3.427626544773446
20
-53.271773457632
0
VERTEX
8
L7
10
3.487308868536573
20
-53.26012748512433
0
VERTEX
8
L7
10
3.548071310723728
20
-53.25777502580106
0
VERTEX
8
L7
10
3.60847539999925
20
-53.26477177105943
0
VERTEX
8
L7
10
3.667091148563884
20
-53.28095208210787
0
VERTEX
8
L7
10
3.722530905245364
20
-53.30593291124771
0
VERTEX
8
L7
10
3.773482206324786
20
-53.339122870026365
0
VERTEX
8
L7
10
3.81873884639829
20
-53.37973622958542
0
VERTEX
8
L7
10
3.8572294337121633
20
-53.426811521763476
0
VERTEX
8
L7
10
3.888042753961102
20
-53.47923430059721
0
VERTEX
8
L7
10
3.910449342095035
20
-53.53576352537177
0
VERTEX
8
L7
10
3.9239187514498184
20
-53.59506094063625
0
VERTEX
8
L7
10
3.9281321113782894
20
-53.655722757650985
0
VERTEX
8
L7
10
3.9229896760955967
20
-53.716312887249615
0
VERTEX
8
L7
10
3.9086131860302658
20
-53.7753969373716
0
VERTEX
8
L7
10
3.885342985778763
20
-53.831576170417904
0
VERTEX
8
L7
10
3.853729966892402
20
-53.88352061653398
0
VERTEX
8
L7
10
3.814522526240438
20
-53.93000055890635
0
VERTEX
8
L7
10
3.768648848693232
20
-53.969915645699565
0
VERTEX
8
L7
10
3.717194933559526
20
-54.00232093944657
0
VERTEX
8
L7
10
3.661378884973473
20
-54.02644928720712
0
VERTEX
8
L7
10
3.6025220748725815
20
-54.041729481910195
0
VERTEX
8
L7
10
3.542017861245654
20
-54.04779978493415
0
VERTEX
8
L7
10
3.481298602204987
20
-54.04451648979543
0
VERTEX
8
L7
10
3.421801746781753
20
-54.03195732421158
0
VERTEX
8
L7
10
3.364935805200517
20
-54.01041960999921
0
VERTEX
8
L7
10
3.312047004242075
20
-53.9804132243689
0
VERTEX
8
L7
10
3.26438741708553
20
-53.94264852924921
0
VERTEX
8
L7
10
3.2230853221134765
20
-53.898019554397266
0
VERTEX
8
L7
10
3.1891184923972986
20
-53.84758283241371
0
VERTEX
8
L7
10
3.1632910481986443
20
-53.792532386715415
0
VERTEX
8
L7
10
3.1462144204741236
20
-53.73417146459303
0
VERTEX
8
L7
10
3.159331135933641
20
-53.72441703535559
0
VERTEX
8
L7
10
3.170598778423937
20
-53.712574850299404
0
VERTEX
8
L7
10
3.458143736546134
20
-53.712574850299404
0
VERTEX
8
L7
10
3.479840667396914
20
-53.732446290022466
0
VERTEX
8
L7
10
3.50654447388402
20
-53.74479690312913
0
VERTEX
8
L7
10
3.535736905602036
20
-53.748461989130796
0
VERTEX
8
L7
10
3.564665027195332
20
-53.74309591923804
0
VERTEX
8
L7
10
3.5906008285592605
20
-53.729204730209666
0
VERTEX
8
L7
10
3.6110984845141445
20
-53.70809840354286
0
VERTEX
8
L7
10
3.6242250035801646
20
-53.681767330222165
0
VERTEX
8
L7
10
3.628742514970071
20
-53.65269461077845
0
VERTEX
8
L7
10
3.6242250035801646
20
-53.623621891334736
0
VERTEX
8
L7
10
3.6110984845141445
20
-53.59729081801404
0
VERTEX
8
L7
10
3.5906008285592605
20
-53.57618449134723
0
VERTEX
8
L7
10
3.564665027195332
20
-53.56229330231886
0
VERTEX
8
L7
10
3.535736905602036
20
-53.5569272324261
0
VERTEX
8
L7
10
3.50654447388402
20
-53.560592318427766
0
VERTEX
8
L7
10
3.479840667396914
20
-53.57294293153443
0
VERTEX
8
L7
10
3.458143736546134
20
-53.59281437125749
0
VERTEX
8
L7
10
3.170598778423937
20
-53.59281437125749
0
VERTEX
8
L7
10
3.1490268424135053
20
-53.57302628645608
0
VERTEX
8
L7
10
3.1224867656448367
20
-53.56067553552912
0
VERTEX
8
L7
10
3.093456162824424
20
-53.55691510693253
0
VERTEX
8
L7
10
3.0646451485127244
20
-53.5620960506378
0
VERTEX
8
L7
10
3.0387433378675723
20
-53.57573470631383
0
VERTEX
8
L7
10
3.0181687610830323
20
-53.59655785481456
0
VERTEX
8
L7
10
3.0048421312928753
20
-53.622621577913584
0
VERTEX
8
L7
10
3.0000075388682177
20
-53.651492730288126
0
VERTEX
8
L7
10
3.0041163109621323
20
-53.680476082668875
0
VERTEX
8
L7
10
3.0167848784443123
20
-53.706865931499365
0
VERTEX
8
L7
10
3.0368305835033738
20
-53.728198686408916
0
VERTEX
8
L7
10
3.0623820851447903
20
-53.742482855520755
0
VERTEX
8
L7
10
3.0792681109116984
20
-53.80653965942984
0
VERTEX
8
L7
10
3.1048296786223517
20
-53.867654455096854
0
VERTEX
8
L7
10
3.1385779695364278
20
-53.924658532614394
0
VERTEX
8
L7
10
3.179867608642553
20
-53.976461792123175
0
VERTEX
8
L7
10
3.227909006287831
20
-54.02207358999977
0
VERTEX
8
L7
10
3.281783457651599
20
-54.06062168312382
0
VERTEX
8
L7
10
3.3404607113130993
20
-54.091368908949754
0
VERTEX
8
L7
10
3.4028186709461465
20
-54.11372728240692
0
VERTEX
8
L7
10
3.4676648533814216
20
-54.127269240050374
0
VERTEX
8
L7
10
3.533759192689857
20
-54.131735816438265
0
VERTEX
8
L7
10
3.599837754200138
20
-54.127041596377424
0
VERTEX
8
L7
10
3.664636904962805
20
-54.11327634833444
0
VERTEX
8
L7
10
3.7269174784444203
20
-54.09070330777612
0
VERTEX
8
L7
10
3.785488471345829
20
-54.05975414326737
0
VERTEX
8
L7
10
3.8392298193856647
20
-54.021020701590835
0
VERTEX
8
L7
10
3.8871138165034296
20
-53.97524368974785
0
VERTEX
8
L7
10
3.9282247678788025
20
-53.92329851027701
0
VERTEX
8
L7
10
3.9617765009385124
20
-53.866178520764244
0
VERTEX
8
L7
10
3.9871273994845353
20
-53.804976037676084
0
VERTEX
8
L7
10
4.003792673443229
20
-53.74086144778324
0
VERTEX
8
L7
10
4.0114536295984635
20
-53.67506082663089
0
VERTEX
8
L7
10
4.009963766022807
20
-53.608832492061964
0
VERTEX
8
L7
10
3.9993515736618974
20
-53.54344294116473
0
VERTEX
8
L7
10
3.979819991496683
20
-53.480142630807116
0
VERTEX
8
L7
10
3.9517425257024286
20
-53.42014206491128
0
VERTEX
8
L7
10
3.9156561070189326
20
-53.364588645755966
0
VERTEX
8
L7
10
3.872250822921359
20
-53.314544731983595
0
VERTEX
8
L7
10
3.8223567209457627
20
-53.270967322913116
0
VERTEX
8
L7
10
3.766927935531484
20
-53.2346897576593
0
VERTEX
8
L7
10
3.707024441926137
20
-53.20640577902968
0
VERTEX
8
L7
10
3.6437917860764912
20
-53.18665626694842
0
VERTEX
8
L7
10
3.5784391781346443
20
-53.175818895106225
0
VERTEX
8
L7
10
3.5122163685013277
20
-53.174100908634216
0
VERTEX
8
L7
10
3.4463897486104287
20
-53.18153516091576
0
VERTEX
8
L7
10
3.38221813348369
20
-53.1979794853249
0
VERTEX
8
L7
10
3.3209286891707563
20
-53.22311941390591
0
VERTEX
8
L7
10
3.2636934654184273
20
-53.25647419100409
0
SEQEND
0
POLYLINE
8
L7
66
1
70
1
0
VERTEX
8
L7
10
4.1317365269461135
20
-55.59281437125749
0
VERTEX
8
L7
10
4.119231023499879
20
-55.5936340252576
0
VERTEX
8
L7
10
4.106939492684802
20
-55.59607896275075
0
VERTEX
8
L7
10
4.095072246000953
20
-55.60010735017856
0
VERTEX
8
L7
10
4.0838323353293475
20
-55.605650260715265
0
VERTEX
8
L7
10
4.073412078657853
20
-55.612612853624796
0
VERTEX
8
L7
10
4.06398976946717
20
-55.62087599701207
0
VERTEX
8
L7
10
4.055726626079888
20
-55.63029830620276
0
VERTEX
8
L7
10
4.048764033170357
20
-55.640718562874255
0
VERTEX
8
L7
10
4.043221122633653
20
-55.65195847354586
0
VERTEX
8
L7
10
4.0391927352058445
20
-55.6638257202297
0
VERTEX
8
L7
10
4.036747797712692
20
-55.676117251044786
0
VERTEX
8
L7
10
4.035928143712582
20
-55.68862275449102
0
VERTEX
8
L7
10
4.036747797712692
20
-55.70112825793725
0
VERTEX
8
L7
10
4.0391927352058445
20
-55.71341978875234
0
VERTEX
8
L7
10
4.043221122633653
20
-55.725287035436175
0
VERTEX
8
L7
10
4.048764033170357
20
-55.73652694610779
0
VERTEX
8
L7
10
4.055726626079888
20
-55.74694720277928
0
VERTEX
8
L7
10
4.06398976946717
20
-55.75636951196997
0
VERTEX
8
L7
10
4.073412078657853
20
-55.76463265535725
0
VERTEX
8
L7
10
4.0838323353293475
20
-55.77159524826677
0
VERTEX
8
L7
10
4.095072246000953
20
-55.777138158803474
0
VERTEX
8
L7
10
4.106939492684802
20
-55.78116654623129
0
VERTEX
8
L7
10
4.119231023499879
20
-55.783611483724435
0
VERTEX
8
L7
10
4.1317365269461135
20
-55.78443113772455
0
VERTEX
8
L7
10
4.144242030392348
20
-55.783611483724435
0
VERTEX
8
L7
10
4.156533561207439
20
-55.78116654623129
0
VERTEX
8
L7
10
4.168400807891274
20
-55.777138158803474
0
VERTEX
8
L7
10
4.179640718562879
20
-55.77159524826677
0
VERTEX
8
L7
10
4.190060975234374
20
-55.76463265535725
0
VERTEX
8
L7
10
4.199483284425071
20
-55.75636951196997
0
VERTEX
8
L7
10
4.207746427812339
20
-55.74694720277928
0
VERTEX
8
L7
10
4.21470902072187
20
-55.73652694610779
0
VERTEX
8
L7
10
4.220251931258574
20
-55.725287035436175
0
VERTEX
8
L7
10
4.224280318686382
20
-55.71341978875234
0
VERTEX
8
L7
10
4.2267252561795345
20
-55.70112825793725
0
VERTEX
8
L7
10
4.227544910179645
20
-55.68862275449102
0
VERTEX
8
L7
10
4.2267252561795345
20
-55.676117251044786
0
VERTEX
8
L7
10
4.224280318686382
20
-55.6638257202297
0
VERTEX
8
L7
10
4.220251931258574
20
-55.65195847354586
0
VERTEX
8
L7
10
4.21470902072187
20
-55.640718562874255
0
VERTEX
8
L7
10
4.207746427812339
20
-55.63029830620276
0
VERTEX
8
L7
10
4.199483284425071
20
-55.62087599701207
0
VERTEX
8
L7
10
4.190060975234374
20
-55.612612853624796
0
VERTEX
8
L7
10
4.179640718562879
20
-55.605650260715265
0
VERTEX
8
L7
10
4.168400807891274
20
-55.60010735017856
0
VERTEX
8
L7
10
4.156533561207439
20
-55.59607896275075
0
VERTEX
8
L7
10
4.144242030392348
20
-55.5936340252576
0
VERTEX
8
L7
10
4.1317365269461135
20
-55.59281437125749
0
SEQEND
0
POLYLINE
8
L7
66
1
70
1
0
VERTEX
8
L7
10
3.6438601089187728
20
-55.30158301904277
0
VERTEX
8
L7
10
3.6146894580997753
20
-55.29980994210054
0
VERTEX
8
L7
10
3.586341363894121
20
-55.30691319670349
0
VERTEX
8
L7
10
3.5614534367390434
20
-55.322231870045876
0
VERTEX
8
L7
10
3.5423413404654127
20
-55.34434065669449
0
VERTEX
8
L7
10
3.5307833344596276
20
-55.37118247422269
0
VERTEX
8
L7
10
3.52785481790211
20
-55.4002598616882
0
VERTEX
8
L7
10
3.533828270691572
20
-55.428867352539704
0
VERTEX
8
L7
10
3.548147900917982
20
-55.45434320112667
0
VERTEX
8
L7
10
3.569481357776084
20
-55.474317041256455
0
VERTEX
8
L7
10
3.5958436983606106
20
-55.48693043374032
0
VERTEX
8
L7
10
3.624782074018981
20
-55.491009782377304
0
VERTEX
8
L7
10
3.6536039523671917
20
-55.486175529640036
0
VERTEX
8
L7
10
3.679627640357367
20
-55.47287747209628
0
VERTEX
8
L7
10
3.7004317988137387
20
-55.452352909690006
0
VERTEX
8
L7
10
3.714080732691542
20
-55.426511522826175
0
VERTEX
8
L7
10
3.7193044952284993
20
-55.39775768871654
0
VERTEX
8
L7
10
3.7156170484394977
20
-55.36876676932399
0
VERTEX
8
L7
10
3.7033614858696353
20
-55.34223618589386
0
VERTEX
8
L7
10
3.7521640448419475
20
-55.2893564754853
0
VERTEX
8
L7
10
3.80744265326517
20
-55.24328881887102
0
VERTEX
8
L7
10
3.868254179014059
20
-55.204819196163875
0
VERTEX
8
L7
10
3.9335610904800404
20
-55.174603954150726
0
VERTEX
8
L7
10
4.002249158344398
20
-55.15315860807747
0
VERTEX
8
L7
10
4.073146465924125
20
-55.140849046221604
0
VERTEX
8
L7
10
4.145043403746826
20
-55.137885287314866
0
VERTEX
8
L7
10
4.216713307218356
20
-55.14431789732332
0
VERTEX
8
L7
10
4.286933385275319
20
-55.16003712671957
0
VERTEX
8
L7
10
4.3545055829496135
20
-55.18477478296677
0
VERTEX
8
L7
10
4.4182770218997405
20
-55.21810880626683
0
VERTEX
8
L7
10
4.477159670164312
20
-55.259470470504255
0
VERTEX
8
L7
10
4.5301489055434985
20
-55.30815408652719
0
VERTEX
8
L7
10
4.576340655890704
20
-55.36332904221362
0
VERTEX
8
L7
10
4.614946823876522
20
-55.42405397390226
0
VERTEX
8
L7
10
4.645308733056311
20
-55.48929282740304
0
VERTEX
8
L7
10
4.6669083658325405
20
-55.55793253456348
0
VERTEX
8
L7
10
4.679377201575889
20
-55.62880200380337
0
VERTEX
8
L7
10
4.682502504114282
20
-55.700692100612194
0
VERTEX
8
L7
10
4.676230951316242
20
-55.772376277113295
0
VERTEX
8
L7
10
4.660669544842776
20
-55.84263149872498
0
VERTEX
8
L7
10
4.63608378454596
20
-55.91025911087982
0
VERTEX
8
L7
10
4.602893138661713
20
-55.97410528978604
0
VERTEX
8
L7
10
4.561663887081707
20
-56.033080728311674
0
VERTEX
8
L7
10
4.513099459808501
20
-56.08617922112235
0
VERTEX
8
L7
10
4.458028435433562
20
-56.13249483198341
0
VERTEX
8
L7
10
4.397390404401335
20
-56.1712373503279
0
VERTEX
8
L7
10
4.332219938252408
20
-56.201745773379066
0
VERTEX
8
L7
10
4.263628938353207
20
-56.22349958380316
0
VERTEX
8
L7
10
4.192787665268412
20
-56.236127630479665
0
VERTEX
8
L7
10
4.120904772441804
20
-56.23941446087025
0
VERTEX
8
L7
10
4.049206684839788
20
-56.23330399694728
0
VERTEX
8
L7
10
3.9789166743873636
20
-56.217900491965125
0
VERTEX
8
L7
10
3.911233989199303
20
-56.19346675175057
0
VERTEX
8
L7
10
3.847313392692115
20
-56.16041965085949
0
VERTEX
8
L7
10
3.788245461668481
20
-56.11932302010068
0
VERTEX
8
L7
10
3.7350379795171023
20
-56.07087802677579
0
VERTEX
8
L7
10
3.6885987419866524
20
-56.01591121176228
0
VERTEX
8
L7
10
3.649720068891881
20
-55.95536038754387
0
VERTEX
8
L7
10
3.666396429393288
20
-55.931361019396476
0
VERTEX
8
L7
10
3.675062075901309
20
-55.9034508556269
0
VERTEX
8
L7
10
3.6749107249491004
20
-55.8742267600218
0
VERTEX
8
L7
10
3.665956458783185
20
-55.84640784939473
0
VERTEX
8
L7
10
3.6490324150997253
20
-55.822582497006
0
VERTEX
8
L7
10
3.625713268864004
20
-55.804967500841244
0
VERTEX
8
L7
10
3.5981687187885285
20
-55.79520182461346
0
VERTEX
8
L7
10
3.5689616106237025
20
-55.79419410258068
0
VERTEX
8
L7
10
3.5408094806094823
20
-55.80203809688904
0
VERTEX
8
L7
10
3.5163317059575263
20
-55.81800397359954
0
VERTEX
8
L7
10
3.497805788408641
20
-55.840606209108856
0
VERTEX
8
L7
10
3.486955447135344
20
-55.86774180870238
0
VERTEX
8
L7
10
3.4847902376013167
20
-55.89688597687923
0
VERTEX
8
L7
10
3.4915116188261237
20
-55.92532703356631
0
VERTEX
8
L7
10
3.5064942089007616
20
-55.95041871875687
0
VERTEX
8
L7
10
3.528343972809296
20
-55.9698264102267
0
VERTEX
8
L7
10
3.5550279285488386
20
-55.98174434533045
0
VERTEX
8
L7
10
3.584063303215686
20
-55.985063635767126
0
VERTEX
8
L7
10
3.6241450095019587
20
-56.04941910633203
0
VERTEX
8
L7
10
3.6717500474164524
20
-56.10842698831072
0
VERTEX
8
L7
10
3.726172832891848
20
-56.16121268894592
0
VERTEX
8
L7
10
3.786606731756393
20
-56.20699383832512
0
VERTEX
8
L7
10
3.8521560153638887
20
-56.24509188537472
0
VERTEX
8
L7
10
3.9218491367486763
20
-56.27494215509034
0
VERTEX
8
L7
10
3.9946531305313897
20
-56.296102217938504
0
VERTEX
8
L7
10
4.0694889231454425
20
-56.308258447381704
0
VERTEX
8
L7
10
4.145247326461927
20
-56.311230668333664
0
VERTEX
8
L7
10
4.220805477761147
20
-56.304974827647065
0
VERTEX
8
L7
10
4.295043482383889
20
-56.28958364705283
0
VERTEX
8
L7
10
4.366861012391254
20
-56.265285248873305
0
VERTEX
8
L7
10
4.435193615213834
20
-56.23243977487851
0
VERTEX
8
L7
10
4.499028490569515
20
-56.19153404839951
0
VERTEX
8
L7
10
4.557419501810557
20
-56.14317435881511
0
VERTEX
8
L7
10
4.609501199207045
20
-56.088077475357416
0
VERTEX
8
L7
10
4.654501647319151
20
-56.02706002342635
0
VERTEX
8
L7
10
4.691753866335503
20
-55.96102638087342
0
VERTEX
8
L7
10
4.720705717798452
20
-55.890955273651414
0
VERTEX
8
L7
10
4.740928088193854
20
-55.81788526950442
0
VERTEX
8
L7
10
4.752121249111028
20
-55.74289938470513
0
VERTEX
8
L7
10
4.7541192997052235
20
-55.66710903199271
0
VERTEX
8
L7
10
4.746892625617775
20
-55.59163754762885
0
VERTEX
8
L7
10
4.730548337909212
20
-55.517603541727844
0
VERTEX
8
L7
10
4.70532868549904
20
-55.44610431863584
0
VERTEX
8
L7
10
4.671607464642918
20
-55.378199613096214
0
VERTEX
8
L7
10
4.62988447866438
20
-55.31489588325756
0
VERTEX
8
L7
10
4.580778130056842
20
-55.25713139332745
0
VERTEX
8
L7
10
4.525016254753211
20
-55.20576230697122
0
VERTEX
8
L7
10
4.4634253344138415
20
-55.16154999757441
0
VERTEX
8
L7
10
4.3969182466244945
20
-55.12514976345111
0
VERTEX
8
L7
10
4.3264807345662035
20
-55.09710111525754
0
VERTEX
8
L7
10
4.253156796698477
20
-55.077819779566774
0
VERTEX
8
L7
10
4.178033213004639
20
-55.06759153712506
0
VERTEX
8
L7
10
4.102223437145383
20
-55.06656798711643
0
VERTEX
8
L7
10
4.026851093265023
20
-55.07476430021628
0
VERTEX
8
L7
10
3.9530333220546794
20
-55.09205899373734
0
VERTEX
8
L7
10
3.881864222910778
20
-55.1181957322006
0
VERTEX
8
L7
10
3.81439863760302
20
-55.1527871266439
0
VERTEX
8
L7
10
3.751636515804165
20
-55.19532047635627
0
VERTEX
8
L7
10
3.694508094209951
20
-55.2451653679361
0
VERTEX
8
L7
10
3.6438601089187728
20
-55.30158301904277
0
SEQEND
0
POLYLINE
8
L7
66
1
70
1
0
VERTEX
8
L7
10
7.716061028627678
20
-53.742482855520755
0
VERTEX
8
L7
10
7.741612530269094
20
-53.728198686408916
0
VERTEX
8
L7
10
7.76165823532817
20
-53.706865931499365
0
VERTEX
8
L7
10
7.774326802810336
20
-53.680476082668875
0
VERTEX
8
L7
10
7.778435574904265
20
-53.651492730288126
0
VERTEX
8
L7
10
7.773600982479593
20
-53.622621577913584
0
VERTEX
8
L7
10
7.76027435268945
20
-53.59655785481456
0
VERTEX
8
L7
10
7.739699775904896
20
-53.57573470631383
0
VERTEX
8
L7
10
7.713797965259758
20
-53.5620960506378
0
VERTEX
8
L7
10
7.684986950948044
20
-53.55691510693253
0
VERTEX
8
L7
10
7.655956348127646
20
-53.56067553552912
0
VERTEX
8
L7
10
7.629416271358963
20
-53.57302628645608
0
VERTEX
8
L7
10
7.607844335348531
20
-53.59281437125749
0
VERTEX
8
L7
10
7.320299377226334
20
-53.59281437125749
0
VERTEX
8
L7
10
7.298602446375554
20
-53.57294293153443
0
VERTEX
8
L7
10
7.271898639888462
20
-53.560592318427766
0
VERTEX
8
L7
10
7.242706208170432
20
-53.55692723242609
0
VERTEX
8
L7
10
7.213778086577136
20
-53.56229330231886
0
VERTEX
8
L7
10
7.187842285213208
20
-53.57618449134722
0
VERTEX
8
L7
10
7.167344629258338
20
-53.59729081801403
0
VERTEX
8
L7
10
7.1542181101923035
20
-53.62362189133473
0
VERTEX
8
L7
10
7.149700598802397
20
-53.65269461077845
0
VERTEX
8
L7
10
7.1542181101923035
20
-53.68176733022216
0
VERTEX
8
L7
10
7.167344629258338
20
-53.708098403542856
0
VERTEX
8
L7
10
7.187842285213208
20
-53.729204730209666
0
VERTEX
8
L7
10
7.213778086577136
20
-53.74309591923804
0
VERTEX
8
L7
10
7.242706208170432
20
-53.748461989130796
0
VERTEX
8
L7
10
7.271898639888462
20
-53.74479690312913
0
VERTEX
8
L7
10
7.298602446375554
20
-53.732446290022466
0
VERTEX
8
L7
10
7.320299377226334
20
-53.712574850299404
0
VERTEX
8
L7
10
7.607844335348531
20
-53.712574850299404
0
VERTEX
8
L7
10
7.619111977838827
20
-53.72441703535559
0
VERTEX
8
L7
10
7.6322286932983445
20
-53.73417146459303
0
VERTEX
8
L7
10
7.615152065573838
20
-53.792532386715415
0
VERTEX
8
L7
10
7.5893246213751695
20
-53.84758283241371
0
VERTEX
8
L7
10
7.555357791658992
20
-53.898019554397266
0
VERTEX
8
L7
10
7.514055696686938
20
-53.94264852924921
0
VERTEX
8
L7
10
7.466396109530393
20
-53.9804132243689
0
VERTEX
8
L7
10
7.413507308571965
20
-54.01041960999921
0
VERTEX
8
L7
10
7.356641366990715
20
-54.03195732421158
0
VERTEX
8
L7
10
7.297144511567481
20
-54.04451648979543
0
VERTEX
8
L7
10
7.236425252526814
20
-54.04779978493415
0
VERTEX
8
L7
10
7.175921038899887
20
-54.041729481910195
0
VERTEX
8
L7
10
7.117064228798995
20
-54.02644928720712
0
VERTEX
8
L7
10
7.061248180212942
20
-54.00232093944657
0
VERTEX
8
L7
10
7.009794265079236
20
-53.969915645699565
0
VERTEX
8
L7
10
6.96392058753203
20
-53.93000055890635
0
VERTEX
8
L7
10
6.924713146880066
20
-53.88352061653398
0
VERTEX
8
L7
10
6.893100127993705
20
-53.831576170417904
0
VERTEX
8
L7
10
6.869829927742202
20
-53.7753969373716
0
VERTEX
8
L7
10
6.855453437676871
20
-53.716312887249615
0
VERTEX
8
L7
10
6.850311002394179
20
-53.655722757650985
0
VERTEX
8
L7
10
6.85452436232265
20
-53.59506094063625
0
VERTEX
8
L7
10
6.867993771677433
20
-53.53576352537177
0
VERTEX
8
L7
10
6.890400359811366
20
-53.47923430059721
0
VERTEX
8
L7
10
6.921213680060319
20
-53.426811521763476
0
VERTEX
8
L7
10
6.959704267374178
20
-53.37973622958542
0
VERTEX
8
L7
10
7.004960907447682
20
-53.339122870026365
0
VERTEX
8
L7
10
7.055912208527104
20
-53.30593291124771
0
VERTEX
8
L7
10
7.111351965208598
20
-53.28095208210787
0
VERTEX
8
L7
10
7.169967713773218
20
-53.26477177105943
0
VERTEX
8
L7
10
7.23037180304874
20
-53.25777502580106
0
VERTEX
8
L7
10
7.291134245235895
20
-53.26012748512433
0
VERTEX
8
L7
10
7.350816568999022
20
-53.271773457632
0
VERTEX
8
L7
10
7.408005873393208
20
-53.29243724015902
0
VERTEX
8
L7
10
7.461348276446046
20
-53.32162964468425
0
VERTEX
8
L7
10
7.459138408503691
20
-53.35170253361565
0
VERTEX
8
L7
10
7.4663849654434955
20
-53.3809728185053
0
VERTEX
8
L7
10
7.4823701301552035
20
-53.40654109326412
0
VERTEX
8
L7
10
7.5055104713850795
20
-53.42587465922511
0
VERTEX
8
L7
10
7.5335137925754765
20
-53.43705840489953
0
VERTEX
8
L7
10
7.563606188372233
20
-53.43898450983298
0
VERTEX
8
L7
10
7.592806817422513
20
-53.431462181199436
0
VERTEX
8
L7
10
7.618223173486896
20
-53.4152365530325
0
VERTEX
8
L7
10
7.637337606401971
20
-53.3919148760058
0
VERTEX
8
L7
10
7.648256711187514
20
-53.36380730912986
0
VERTEX
8
L7
10
7.6498988817360924
20
-53.33369808395065
0
VERTEX
8
L7
10
7.64210145071101
20
-53.30456970887733
0
VERTEX
8
L7
10
7.625636802770572
20
-53.279307532937786
0
VERTEX
8
L7
10
7.602135865002538
20
-53.26041393378289
0
VERTEX
8
L7
10
7.573926553323005
20
-53.249760441417926
0
VERTEX
8
L7
10
7.543803177741637
20
-53.248402351366984
0
VERTEX
8
L7
10
7.514749648354041
20
-53.25647419100409
0
VERTEX
8
L7
10
7.457514424601712
20
-53.22311941390591
0
VERTEX
8
L7
10
7.396224980288778
20
-53.1979794853249
0
VERTEX
8
L7
10
7.332053365162039
20
-53.18153516091576
0
VERTEX
8
L7
10
7.26622674527114
20
-53.174100908634216
0
VERTEX
8
L7
10
7.200003935637838
20
-53.175818895106225
0
VERTEX
8
L7
10
7.134651327695991
20
-53.18665626694842
0
VERTEX
8
L7
10
7.071418671846345
20
-53.20640577902968
0
VERTEX
8
L7
10
7.011515178240984
20
-53.2346897576593
0
VERTEX
8
L7
10
6.95608639282672
20
-53.270967322913116
0
VERTEX
8
L7
10
6.906192290851109
20
-53.314544731983595
0
VERTEX
8
L7
10
6.86278700675355
20
-53.364588645755966
0
VERTEX
8
L7
10
6.8267005880700395
20
-53.42014206491128
0
VERTEX
8
L7
10
6.798623122275799
20
-53.480142630807116
0
VERTEX
8
L7
10
6.779091540110571
20
-53.54344294116473
0
VERTEX
8
L7
10
6.768479347749675
20
-53.608832492061964
0
VERTEX
8
L7
10
6.766989484174005
20
-53.67506082663088
0
VERTEX
8
L7
10
6.774650440329239
20
-53.74086144778323
0
VERTEX
8
L7
10
6.791315714287933
20
-53.804976037676084
0
VERTEX
8
L7
10
6.816666612833956
20
-53.866178520764244
0
VERTEX
8
L7
10
6.850218345893666
20
-53.923298510277
0
VERTEX
8
L7
10
6.8913292972690385
20
-53.97524368974785
0
VERTEX
8
L7
10
6.9392132943868035
20
-54.021020701590835
0
VERTEX
8
L7
10
6.992954642426639
20
-54.05975414326737
0
VERTEX
8
L7
10
7.051525635328048
20
-54.09070330777612
0
VERTEX
8
L7
10
7.113806208809677
20
-54.11327634833444
0
VERTEX
8
L7
10
7.17860535957233
20
-54.127041596377424
0
VERTEX
8
L7
10
7.244683921082611
20
-54.13173581643826
0
VERTEX
8
L7
10
7.3107782603910465
20
-54.127269240050374
0
VERTEX
8
L7
10
7.375624442826336
20
-54.11372728240692
0
VERTEX
8
L7
10
7.437982402459383
20
-54.091368908949754
0
VERTEX
8
L7
10
7.496659656120883
20
-54.06062168312381
0
VERTEX
8
L7
10
7.550534107484651
20
-54.02207358999976
0
VERTEX
8
L7
10
7.598575505129929
20
-53.976461792123175
0
VERTEX
8
L7
10
7.63986514423604
20
-53.924658532614394
0
VERTEX
8
L7
10
7.673613435150116
20
-53.867654455096854
0
VERTEX
8
L7
10
7.69917500286077
20
-53.80653965942984
0
VERTEX
8
L7
10
7.716061028627678
20
-53.742482855520755
0
SEQEND
0
POLYLINE
8
L7
66
1
70
1
0
VERTEX
8
L7
10
6.646706586826355
20
-55.59281437125749
0
VERTEX
8
L7
10
6.63420108338012
20
-55.5936340252576
0
VERTEX
8
L7
10
6.621909552565029
20
-55.59607896275075
0
VERTEX
8
L7
10
6.610042305881194
20
-55.60010735017856
0
VERTEX
8
L7
10
6.598802395209589
20
-55.605650260715265
0
VERTEX
8
L7
10
6.588382138538094
20
-55.612612853624796
0
VERTEX
8
L7
10
6.578959829347397
20
-55.62087599701207
0
VERTEX
8
L7
10
6.5706966859601295
20
-55.63029830620276
0
VERTEX
8
L7
10
6.5637340930505985
20
-55.640718562874255
0
VERTEX
8
L7
10
6.5581911825138945
20
-55.65195847354586
0
VERTEX
8
L7
10
6.554162795086086
20
-55.6638257202297
0
VERTEX
8
L7
10
6.551717857592934
20
-55.676117251044786
0
VERTEX
8
L7
10
6.550898203592823
20
-55.68862275449102
0
VERTEX
8
L7
10
6.551717857592934
20
-55.70112825793725
0
VERTEX
8
L7
10
6.554162795086086
20
-55.71341978875234
0
VERTEX
8
L7
10
6.5581911825138945
20
-55.725287035436175
0
VERTEX
8
L7
10
6.5637340930505985
20
-55.73652694610779
0
VERTEX
8
L7
10
6.5706966859601295
20
-55.74694720277928
0
VERTEX
8
L7
10
6.578959829347397
20
-55.75636951196997
0
VERTEX
8
L7
10
6.588382138538094
20
-55.76463265535725
0
VERTEX
8
L7
10
6.598802395209589
20
-55.77159524826677
0
VERTEX
8
L7
10
6.610042305881194
20
-55.777138158803474
0
VERTEX
8
L7
10
6.621909552565029
20
-55.78116654623129
0
VERTEX
8
L7
10
6.63420108338012
20
-55.783611483724435
0
VERTEX
8
L7
10
6.646706586826355
20
-55.78443113772455
0
VERTEX
8
L7
10
6.6592120902725895
20
-55.783611483724435
0
VERTEX
8
L7
10
6.67150362108768
20
-55.78116654623129
0
VERTEX
8
L7
10
6.683370867771515
20
-55.777138158803474
0
VERTEX
8
L7
10
6.694610778443121
20
-55.77159524826677
0
VERTEX
8
L7
10
6.705031035114615
20
-55.76463265535725
0
VERTEX
8
L7
10
6.714453344305298
20
-55.75636951196997
0
VERTEX
8
L7
10
6.72271648769258
20
-55.74694720277928
0
VERTEX
8
L7
10
6.729679080602111
20
-55.73652694610779
0
VERTEX
8
L7
10
6.735221991138815
20
-55.725287035436175
0
VERTEX
8
L7
10
6.739250378566624
20
-55.71341978875234
0
VERTEX
8
L7
10
6.741695316059776
20
-55.70112825793725
0
VERTEX
8
L7
10
6.7425149700598865
20
-55.68862275449102
0
VERTEX
8
L7
10
6.741695316059776
20
-55.676117251044786
0
VERTEX
8
L7
10
6.739250378566624
20
-55.6638257202297
0
VERTEX
8
L7
10
6.735221991138815
20
-55.65195847354586
0
VERTEX
8
L7
10
6.729679080602111
20
-55.640718562874255
0
VERTEX
8
L7
10
6.72271648769258
20
-55.63029830620276
0
VERTEX
8
L7
10
6.714453344305312
20
-55.62087599701207
0
VERTEX
8
L7
10
6.705031035114615
20
-55.612612853624796
0
VERTEX
8
L7
10
6.694610778443121
20
-55.605650260715265
0
VERTEX
8
L7
10
6.683370867771515
20
-55.60010735017856
0
VERTEX
8
L7
10
6.67150362108768
20
-55.59607896275075
0
VERTEX
8
L7
10
6.6592120902725895
20
-55.5936340252576
0
VERTEX
8
L7
10
6.646706586826355
20
-55.59281437125749
0
SEQEND
0
POLYLINE
8
L7
66
1
70
1
0
VERTEX
8
L7
10
1.2574850299401277
20
-55.61362275449102
0
VERTEX
8
L7
10
1.2476955655236281
20
-55.614264389887985
0
VERTEX
8
L7
10
1.2380736015574456
20
-55.61617831751934
0
VERTEX
8
L7
10
1.228783772512756
20
-55.619331789552675
0
VERTEX
8
L7
10
1.2199850299401334
20
-55.62367084920719
0
VERTEX
8
L7
10
1.2118279227644706
20
-55.629121253969174
0
VERTEX
8
L7
10
1.2044520213511447
20
-55.63558974590203
0
VERTEX
8
L7
10
1.1979835294182948
20
-55.642965647315364
0
VERTEX
8
L7
10
1.1925331246562934
20
-55.65112275449102
0
VERTEX
8
L7
10
1.188194065001781
20
-55.659921497063635
0
VERTEX
8
L7
10
1.1850405929684484
20
-55.66921132610833
0
VERTEX
8
L7
10
1.1831266653370989
20
-55.678833290074515
0
VERTEX
8
L7
10
1.1824850299401248
20
-55.68862275449102
0
VERTEX
8
L7
10
1.1831266653370989
20
-55.69841221890752
0
VERTEX
8
L7
10
1.1850405929684484
20
-55.70803418287371
0
VERTEX
8
L7
10
1.188194065001781
20
-55.7173240119184
0
VERTEX
8
L7
10
1.1925331246562934
20
-55.72612275449102
0
VERTEX
8
L7
10
1.1979835294182948
20
-55.73427986166667
0
VERTEX
8
L7
10
1.2044520213511447
20
-55.74165576308001
0
VERTEX
8
L7
10
1.2118279227644706
20
-55.74812425501286
0
VERTEX
8
L7
10
1.2199850299401334
20
-55.753574659774856
0
VERTEX
8
L7
10
1.228783772512756
20
-55.75791371942937
0
VERTEX
8
L7
10
1.2380736015574456
20
-55.7610671914627
0
VERTEX
8
L7
10
1.2476955655236281
20
-55.76298111909406
0
VERTEX
8
L7
10
1.2574850299401277
20
-55.76362275449102
0
VERTEX
8
L7
10
1.2672744943566414
20
-55.76298111909406
0
VERTEX
8
L7
10
1.276896458322824
20
-55.7610671914627
0
VERTEX
8
L7
10
1.2861862873675136
20
-55.75791371942937
0
VERTEX
8
L7
10
1.2949850299401362
20
-55.753574659774856
0
VERTEX
8
L7
10
1.3031421371157847
20
-55.74812425501286
0
VERTEX
8
L7
10
1.3105180385291249
20
-55.74165576308001
0
VERTEX
8
L7
10
1.3169865304619748
20
-55.73427986166667
0
VERTEX
8
L7
10
1.322436935223962
20
-55.72612275449102
0
VERTEX
8
L7
10
1.3267759948784743
20
-55.7173240119184
0
VERTEX
8
L7
10
1.329929466911807
20
-55.70803418287371
0
VERTEX
8
L7
10
1.3318433945431707
20
-55.69841221890752
0
VERTEX
8
L7
10
1.3324850299401305
20
-55.68862275449102
0
VERTEX
8
L7
10
1.3318433945431707
20
-55.678833290074515
0
VERTEX
8
L7
10
1.329929466911807
20
-55.66921132610833
0
VERTEX
8
L7
10
1.3267759948784743
20
-55.659921497063635
0
VERTEX
8
L7
10
1.322436935223962
20
-55.65112275449102
0
VERTEX
8
L7
10
1.3169865304619748
20
-55.642965647315364
0
VERTEX
8
L7
10
1.3105180385291249
20
-55.63558974590203
0
VERTEX
8
L7
10
1.3031421371157847
20
-55.629121253969174
0
VERTEX
8
L7
10
1.2949850299401362
20
-55.62367084920719
0
VERTEX
8
L7
10
1.2861862873675136
20
-55.619331789552675
0
VERTEX
8
L7
10
1.276896458322824
20
-55.61617831751934
0
VERTEX
8
L7
10
1.2672744943566414
20
-55.614264389887985
0
VERTEX
8
L7
10
1.2574850299401277
20
-55.61362275449102
0
SEQEND
0
POLYLINE
8
L7
66
1
70
1
0
VERTEX
8
L7
10
1.6879048414018598
20
-55.36511976047905
0
VERTEX
8
L7
10
1.6781153769853603
20
-55.36576139587601
0
VERTEX
8
L7
10
1.6684934130191635
20
-55.36767532350736
0
VERTEX
8
L7
10
1.6592035839744739
20
-55.370828795540696
0
VERTEX
8
L7
10
1.6504048414018513
20
-55.37516785519521
0
VERTEX
8
L7
10
1.6422477342262027
20
-55.3806182599572
0
VERTEX
8
L7
10
1.6348718328128626
20
-55.38708675189005
0
VERTEX
8
L7
10
1.6284033408800127
20
-55.39446265330339
0
VERTEX
8
L7
10
1.6229529361180255
20
-55.40261976047904
0
VERTEX
8
L7
10
1.6186138764635132
20
-55.411418503051664
0
VERTEX
8
L7
10
1.6154604044301806
20
-55.42070833209635
0
VERTEX
8
L7
10
1.6135464767988168
20
-55.43033029606254
0
VERTEX
8
L7
10
1.612904841401857
20
-55.44011976047904
0
VERTEX
8
L7
10
1.6135464767988168
20
-55.44990922489555
0
VERTEX
8
L7
10
1.6154604044301806
20
-55.45953118886173
0
VERTEX
8
L7
10
1.6186138764635132
20
-55.46882101790643
0
VERTEX
8
L7
10
1.6229529361180255
20
-55.477619760479044
0
VERTEX
8
L7
10
1.6284033408800127
20
-55.4857768676547
0
VERTEX
8
L7
10
1.6348718328128626
20
-55.49315276906803
0
VERTEX
8
L7
10
1.6422477342262027
20
-55.49962126100089
0
VERTEX
8
L7
10
1.6504048414018513
20
-55.50507166576288
0
VERTEX
8
L7
10
1.6592035839744739
20
-55.50941072541739
0
VERTEX
8
L7
10
1.6684934130191635
20
-55.51256419745072
0
VERTEX
8
L7
10
1.6781153769853603
20
-55.51447812508208
0
VERTEX
8
L7
10
1.6879048414018598
20
-55.515119760479045
0
VERTEX
8
L7
10
1.6976943058183593
20
-55.51447812508208
0
VERTEX
8
L7
10
1.7073162697845419
20
-55.51256419745072
0
VERTEX
8
L7
10
1.7166060988292458
20
-55.50941072541739
0
VERTEX
8
L7
10
1.7254048414018541
20
-55.50507166576288
0
VERTEX
8
L7
10
1.7335619485775169
20
-55.49962126100089
0
VERTEX
8
L7
10
1.7409378499908428
20
-55.49315276906803
0
VERTEX
8
L7
10
1.747406341923707
20
-55.4857768676547
0
VERTEX
8
L7
10
1.7528567466856941
20
-55.477619760479044
0
VERTEX
8
L7
10
1.7571958063402064
20
-55.46882101790643
0
VERTEX
8
L7
10
1.760349278373539
20
-55.45953118886173
0
VERTEX
8
L7
10
1.7622632060048886
20
-55.44990922489555
0
VERTEX
8
L7
10
1.7629048414018627
20
-55.44011976047904
0
VERTEX
8
L7
10
1.7622632060048886
20
-55.43033029606254
0
VERTEX
8
L7
10
1.760349278373539
20
-55.42070833209635
0
VERTEX
8
L7
10
1.7571958063402064
20
-55.411418503051664
0
VERTEX
8
L7
10
1.7528567466856941
20
-55.40261976047904
0
VERTEX
8
L7
10
1.747406341923707
20
-55.39446265330339
0
VERTEX
8
L7
10
1.7409378499908428
20
-55.38708675189005
0
VERTEX
8
L7
10
1.7335619485775169
20
-55.3806182599572
0
VERTEX
8
L7
10
1.7254048414018541
20
-55.37516785519521
0
VERTEX
8
L7
10
1.7166060988292458
20
-55.370828795540696
0
VERTEX
8
L7
10
1.7073162697845419
20
-55.36767532350736
0
VERTEX
8
L7
10
1.6976943058183593
20
-55.36576139587601
0
VERTEX
8
L7
10
1.6879048414018598
20
-55.36511976047905
0
SEQEND
0
POLYLINE
8
L7
66
1
70
1
0
VERTEX
8
L7
10
1.9258610480635951
20
-53.268600029780735
0
VERTEX
8
L7
10
1.9160715836470814
20
-53.269241665177695
0
VERTEX
8
L7
10
1.9064496196808989
20
-53.27115559280905
0
VERTEX
8
L7
10
1.8971597906362092
20
-53.274309064842384
0
VERTEX
8
L7
10
1.8883610480635866
20
-53.2786481244969
0
VERTEX
8
L7
10
1.880203940887938
20
-53.28409852925889
0
VERTEX
8
L7
10
1.872828039474598
20
-53.29056702119174
0
VERTEX
8
L7
10
1.866359547541748
20
-53.29794292260508
0
VERTEX
8
L7
10
1.8609091427797608
20
-53.30610002978073
0
VERTEX
8
L7
10
1.8565700831252485
20
-53.31489877235335
0
VERTEX
8
L7
10
1.853416611091916
20
-53.32418860139804
0
VERTEX
8
L7
10
1.8515026834605521
20
-53.33381056536423
0
VERTEX
8
L7
10
1.8508610480635923
20
-53.34360002978073
0
VERTEX
8
L7
10
1.8515026834605521
20
-53.35338949419724
0
VERTEX
8
L7
10
1.853416611091916
20
-53.36301145816342
0
VERTEX
8
L7
10
1.8565700831252485
20
-53.37230128720812
0
VERTEX
8
L7
10
1.8609091427797608
20
-53.38110002978073
0
VERTEX
8
L7
10
1.866359547541748
20
-53.38925713695639
0
VERTEX
8
L7
10
1.872828039474598
20
-53.39663303836972
0
VERTEX
8
L7
10
1.880203940887938
20
-53.40310153030258
0
VERTEX
8
L7
10
1.8883610480635866
20
-53.408551935064565
0
VERTEX
8
L7
10
1.8971597906362092
20
-53.41289099471908
0
VERTEX
8
L7
10
1.9064496196808989
20
-53.41604446675241
0
VERTEX
8
L7
10
1.9160715836470814
20
-53.41795839438377
0
VERTEX
8
L7
10
1.9258610480635951
20
-53.418600029780734
0
VERTEX
8
L7
10
1.9356505124800947
20
-53.41795839438377
0
VERTEX
8
L7
10
1.9452724764462772
20
-53.41604446675241
0
VERTEX
8
L7
10
1.9545623054909669
20
-53.41289099471908
0
VERTEX
8
L7
10
1.9633610480635895
20
-53.408551935064565
0
VERTEX
8
L7
10
1.9715181552392522
20
-53.40310153030258
0
VERTEX
8
L7
10
1.9788940566525781
20
-53.39663303836972
0
VERTEX
8
L7
10
1.985362548585428
20
-53.38925713695639
0
VERTEX
8
L7
10
1.9908129533474295
20
-53.38110002978073
0
VERTEX
8
L7
10
1.9951520130019418
20
-53.37230128720812
0
VERTEX
8
L7
10
1.9983054850352744
20
-53.36301145816342
0
VERTEX
8
L7
10
2.000219412666624
20
-53.35338949419724
0
VERTEX
8
L7
10
2.000861048063598
20
-53.34360002978073
0
VERTEX
8
L7
10
2.000219412666624
20
-53.33381056536423
0
VERTEX
8
L7
10
1.9983054850352744
20
-53.32418860139804
0
VERTEX
8
L7
10
1.9951520130019418
20
-53.31489877235335
0
VERTEX
8
L7
10
1.9908129533474295
20
-53.30610002978073
0
VERTEX
8
L7
10
1.985362548585428
20
-53.29794292260508
0
VERTEX
8
L7
10
1.9788940566525781
20
-53.29056702119174
0
VERTEX
8
L7
10
1.9715181552392522
20
-53.28409852925889
0
VERTEX
8
L7
10
1.9633610480635895
20
-53.2786481244969
0
VERTEX
8
L7
10
1.9545623054909669
20
-53.274309064842384
0
VERTEX
8
L7
10
1.9452724764462772
20
-53.27115559280905
0
VERTEX
8
L7
10
1.9356505124800947
20
-53.269241665177695
0
VERTEX
8
L7
10
1.9258610480635951
20
-53.268600029780735
0
SEQEND
0
POLYLINE
8
L7
66
1
70
1
0
VERTEX
8
L7
10
1.6167664670658866
20
-53.577694610778444
0
VERTEX
8
L7
10
1.6069770026493728
20
-53.57833624617541
0
VERTEX
8
L7
10
1.5973550386831903
20
-53.58025017380677
0
VERTEX
8
L7
10
1.5880652096385006
20
-53.5834036458401
0
VERTEX
8
L7
10
1.579266467065878
20
-53.58774270549461
0
VERTEX
8
L7
10
1.5711093598902295
20
-53.5931931102566
0
VERTEX
8
L7
10
1.5637334584768894
20
-53.59966160218946
0
VERTEX
8
L7
10
1.5572649665440395
20
-53.60703750360279
0
VERTEX
8
L7
10
1.5518145617820522
20
-53.615194610778445
0
VERTEX
8
L7
10
1.54747550212754
20
-53.62399335335106
0
VERTEX
8
L7
10
1.544322030094193
20
-53.63328318239576
0
VERTEX
8
L7
10
1.5424081024628435
20
-53.64290514636194
0
VERTEX
8
L7
10
1.5417664670658837
20
-53.65269461077845
0
VERTEX
8
L7
10
1.5424081024628435
20
-53.662484075194946
0
VERTEX
8
L7
10
1.544322030094193
20
-53.672106039161136
0
VERTEX
8
L7
10
1.54747550212754
20
-53.681395868205826
0
VERTEX
8
L7
10
1.5518145617820522
20
-53.69019461077845
0
VERTEX
8
L7
10
1.5572649665440395
20
-53.6983517179541
0
VERTEX
8
L7
10
1.5637334584768894
20
-53.70572761936744
0
VERTEX
8
L7
10
1.5711093598902295
20
-53.71219611130029
0
VERTEX
8
L7
10
1.579266467065878
20
-53.71764651606228
0
VERTEX
8
L7
10
1.5880652096385006
20
-53.72198557571679
0
VERTEX
8
L7
10
1.5973550386831903
20
-53.725139047750126
0
VERTEX
8
L7
10
1.6069770026493728
20
-53.72705297538148
0
VERTEX
8
L7
10
1.6167664670658866
20
-53.72769461077844
0
VERTEX
8
L7
10
1.626555931482386
20
-53.72705297538148
0
VERTEX
8
L7
10
1.6361778954485686
20
-53.725139047750126
0
VERTEX
8
L7
10
1.6454677244932583
20
-53.72198557571679
0
VERTEX
8
L7
10
1.6542664670658809
20
-53.71764651606228
0
VERTEX
8
L7
10
1.6624235742415294
20
-53.71219611130029
0
VERTEX
8
L7
10
1.6697994756548695
20
-53.70572761936744
0
VERTEX
8
L7
10
1.6762679675877195
20
-53.6983517179541
0
VERTEX
8
L7
10
1.6817183723497067
20
-53.69019461077845
0
VERTEX
8
L7
10
1.686057432004219
20
-53.681395868205826
0
VERTEX
8
L7
10
1.6892109040375658
20
-53.672106039161136
0
VERTEX
8
L7
10
1.6911248316689154
20
-53.662484075194946
0
VERTEX
8
L7
10
1.6917664670658752
20
-53.65269461077845
0
VERTEX
8
L7
10
1.6911248316689154
20
-53.64290514636194
0
VERTEX
8
L7
10
1.6892109040375658
20
-53.63328318239576
0
VERTEX
8
L7
10
1.686057432004219
20
-53.62399335335106
0
VERTEX
8
L7
10
1.6817183723497067
20
-53.615194610778445
0
VERTEX
8
L7
10
1.6762679675877195
20
-53.60703750360279
0
VERTEX
8
L7
10
1.6697994756548695
20
-53.59966160218946
0
VERTEX
8
L7
10
1.6624235742415294
20
-53.5931931102566
0
VERTEX
8
L7
10
1.6542664670658809
20
-53.58774270549461
0
VERTEX
8
L7
10
1.6454677244932583
20
-53.5834036458401
0
VERTEX
8
L7
10
1.6361778954485686
20
-53.58025017380677
0
VERTEX
8
L7
10
1.626555931482386
20
-53.57833624617541
0
VERTEX
8
L7
10
1.6167664670658866
20
-53.577694610778444
0
SEQEND
0
POLYLINE
8
L7
66
1
70
1
0
VERTEX
8
L7
10
5.389221556886241
20
-56.69146706586827
0
VERTEX
8
L7
10
5.379432092469727
20
-56.69210870126523
0
VERTEX
8
L7
10
5.369810128503545
20
-56.69402262889658
0
VERTEX
8
L7
10
5.360520299458855
20
-56.697176100929916
0
VERTEX
8
L7
10
5.351721556886233
20
-56.701515160584435
0
VERTEX
8
L7
10
5.343564449710584
20
-56.70696556534642
0
VERTEX
8
L7
10
5.336188548297244
20
-56.71343405727927
0
VERTEX
8
L7
10
5.329720056364394
20
-56.72080995869261
0
VERTEX
8
L7
10
5.324269651602407
20
-56.72896706586827
0
VERTEX
8
L7
10
5.3199305919478945
20
-56.737765808440884
0
VERTEX
8
L7
10
5.316777119914562
20
-56.74705563748557
0
VERTEX
8
L7
10
5.314863192283198
20
-56.75667760145176
0
VERTEX
8
L7
10
5.314221556886238
20
-56.76646706586826
0
VERTEX
8
L7
10
5.314863192283198
20
-56.77625653028477
0
VERTEX
8
L7
10
5.316777119914562
20
-56.78587849425095
0
VERTEX
8
L7
10
5.3199305919478945
20
-56.79516832329565
0
VERTEX
8
L7
10
5.324269651602407
20
-56.803967065868264
0
VERTEX
8
L7
10
5.329720056364394
20
-56.81212417304392
0
VERTEX
8
L7
10
5.336188548297244
20
-56.81950007445725
0
VERTEX
8
L7
10
5.343564449710584
20
-56.82596856639011
0
VERTEX
8
L7
10
5.351721556886233
20
-56.8314189711521
0
VERTEX
8
L7
10
5.360520299458855
20
-56.83575803080661
0
VERTEX
8
L7
10
5.369810128503545
20
-56.83891150283994
0
VERTEX
8
L7
10
5.379432092469727
20
-56.8408254304713
0
VERTEX
8
L7
10
5.389221556886241
20
-56.841467065868265
0
VERTEX
8
L7
10
5.399011021302741
20
-56.8408254304713
0
VERTEX
8
L7
10
5.408632985268923
20
-56.83891150283995
0
VERTEX
8
L7
10
5.417922814313613
20
-56.83575803080661
0
VERTEX
8
L7
10
5.4267215568862355
20
-56.8314189711521
0
VERTEX
8
L7
10
5.434878664061884
20
-56.82596856639011
0
VERTEX
8
L7
10
5.442254565475224
20
-56.81950007445725
0
VERTEX
8
L7
10
5.448723057408074
20
-56.81212417304392
0
VERTEX
8
L7
10
5.454173462170061
20
-56.803967065868264
0
VERTEX
8
L7
10
5.458512521824588
20
-56.79516832329565
0
VERTEX
8
L7
10
5.46166599385792
20
-56.78587849425095
0
VERTEX
8
L7
10
5.46357992148927
20
-56.77625653028477
0
VERTEX
8
L7
10
5.46422155688623
20
-56.76646706586826
0
VERTEX
8
L7
10
5.46357992148927
20
-56.75667760145176
0
VERTEX
8
L7
10
5.46166599385792
20
-56.74705563748557
0
VERTEX
8
L7
10
5.458512521824588
20
-56.737765808440884
0
VERTEX
8
L7
10
5.454173462170061
20
-56.72896706586827
0
VERTEX
8
L7
10
5.448723057408074
20
-56.72080995869261
0
VERTEX
8
L7
10
5.442254565475224
20
-56.71343405727927
0
VERTEX
8
L7
10
5.434878664061884
20
-56.70696556534642
0
VERTEX
8
L7
10
5.4267215568862355
20
-56.701515160584435
0
VERTEX
8
L7
10
5.417922814313613
20
-56.697176100929916
0
VERTEX
8
L7
10
5.408632985268923
20
-56.69402262889658
0
VERTEX
8
L7
10
5.399011021302741
20
-56.69210870126523
0
VERTEX
8
L7
10
5.389221556886241
20
-56.69146706586827
0
SEQEND
0
POLYLINE
8
L7
66
1
70
1
0
VERTEX
8
L7
10
5.389221556886241
20
-55.73338323353293
0
VERTEX
8
L7
10
5.379432092469727
20
-55.7340248689299
0
VERTEX
8
L7
10
5.369810128503545
20
-55.73593879656126
0
VERTEX
8
L7
10
5.360520299458855
20
-55.73909226859459
0
VERTEX
8
L7
10
5.351721556886233
20
-55.7434313282491
0
VERTEX
8
L7
10
5.343564449710584
20
-55.74888173301109
0
VERTEX
8
L7
10
5.336188548297244
20
-55.755350224943946
0
VERTEX
8
L7
10
5.329720056364394
20
-55.76272612635728
0
VERTEX
8
L7
10
5.324269651602407
20
-55.770883233532935
0
VERTEX
8
L7
10
5.3199305919478945
20
-55.77968197610555
0
VERTEX
8
L7
10
5.316777119914562
20
-55.78897180515025
0
VERTEX
8
L7
10
5.314863192283198
20
-55.79859376911643
0
VERTEX
8
L7
10
5.314221556886238
20
-55.808383233532936
0
VERTEX
8
L7
10
5.314863192283198
20
-55.818172697949436
0
VERTEX
8
L7
10
5.316777119914562
20
-55.827794661915625
0
VERTEX
8
L7
10
5.3199305919478945
20
-55.837084490960315
0
VERTEX
8
L7
10
5.324269651602407
20
-55.84588323353294
0
VERTEX
8
L7
10
5.329720056364394
20
-55.854040340708586
0
VERTEX
8
L7
10
5.336188548297244
20
-55.861416242121926
0
VERTEX
8
L7
10
5.343564449710584
20
-55.867884734054776
0
VERTEX
8
L7
10
5.351721556886233
20
-55.87333513881677
0
VERTEX
8
L7
10
5.360520299458855
20
-55.87767419847128
0
VERTEX
8
L7
10
5.369810128503545
20
-55.880827670504615
0
VERTEX
8
L7
10
5.379432092469727
20
-55.88274159813597
0
VERTEX
8
L7
10
5.389221556886241
20
-55.88338323353293
0
VERTEX
8
L7
10
5.399011021302741
20
-55.88274159813597
0
VERTEX
8
L7
10
5.408632985268923
20
-55.880827670504615
0
VERTEX
8
L7
10
5.417922814313613
20
-55.87767419847128
0
VERTEX
8
L7
10
5.4267215568862355
20
-55.87333513881677
0
VERTEX
8
L7
10
5.434878664061884
20
-55.867884734054776
0
VERTEX
8
L7
10
5.442254565475224
20
-55.861416242121926
0
VERTEX
8
L7
10
5.448723057408074
20
-55.854040340708586
0
VERTEX
8
L7
10
5.454173462170061
20
-55.84588323353294
0
VERTEX
8
L7
10
5.458512521824588
20
-55.837084490960315
0
VERTEX
8
L7
10
5.46166599385792
20
-55.827794661915625
0
VERTEX
8
L7
10
5.46357992148927
20
-55.818172697949436
0
VERTEX
8
L7
10
5.46422155688623
20
-55.808383233532936
0
VERTEX
8
L7
10
5.46357992148927
20
-55.79859376911643
0
VERTEX
8
L7
10
5.46166599385792
20
-55.78897180515025
0
VERTEX
8
L7
10
5.458512521824588
20
-55.77968197610555
0
VERTEX
8
L7
10
5.454173462170061
20
-55.770883233532935
0
VERTEX
8
L7
10
5.448723057408074
20
-55.76272612635728
0
VERTEX
8
L7
10
5.442254565475224
20
-55.755350224943946
0
VERTEX
8
L7
10
5.434878664061884
20
-55.74888173301109
0
VERTEX
8
L7
10
5.4267215568862355
20
-55.7434313282491
0
VERTEX
8
L7
10
5.417922814313613
20
-55.73909226859459
0
VERTEX
8
L7
10
5.408632985268923
20
-55.73593879656126
0
VERTEX
8
L7
10
5.399011021302741
20
-55.7340248689299
0
VERTEX
8
L7
10
5.389221556886241
20
-55.73338323353293
0
SEQEND
0
POLYLINE
8
L7
66
1
70
1
0
VERTEX
8
L7
10
9.161676646706596
20
-53.577694610778444
0
VERTEX
8
L7
10
9.151887182290082
20
-53.57833624617541
0
VERTEX
8
L7
10
9.1422652183239
20
-53.58025017380677
0
VERTEX
8
L7
10
9.13297538927921
20
-53.5834036458401
0
VERTEX
8
L7
10
9.124176646706587
20
-53.58774270549461
0
VERTEX
8
L7
10
9.116019539530939
20
-53.5931931102566
0
VERTEX
8
L7
10
9.108643638117599
20
-53.59966160218946
0
VERTEX
8
L7
10
9.102175146184749
20
-53.60703750360279
0
VERTEX
8
L7
10
9.096724741422761
20
-53.615194610778445
0
VERTEX
8
L7
10
9.09238568176825
20
-53.62399335335106
0
VERTEX
8
L7
10
9.089232209734917
20
-53.63328318239576
0
VERTEX
8
L7
10
9.087318282103553
20
-53.64290514636194
0
VERTEX
8
L7
10
9.086676646706593
20
-53.65269461077845
0
VERTEX
8
L7
10
9.087318282103553
20
-53.662484075194946
0
VERTEX
8
L7
10
9.089232209734917
20
-53.672106039161136
0
VERTEX
8
L7
10
9.09238568176825
20
-53.681395868205826
0
VERTEX
8
L7
10
9.096724741422761
20
-53.69019461077845
0
VERTEX
8
L7
10
9.102175146184749
20
-53.6983517179541
0
VERTEX
8
L7
10
9.108643638117599
20
-53.70572761936744
0
VERTEX
8
L7
10
9.116019539530939
20
-53.71219611130029
0
VERTEX
8
L7
10
9.124176646706587
20
-53.71764651606228
0
VERTEX
8
L7
10
9.13297538927921
20
-53.72198557571679
0
VERTEX
8
L7
10
9.1422652183239
20
-53.725139047750126
0
VERTEX
8
L7
10
9.151887182290082
20
-53.72705297538148
0
VERTEX
8
L7
10
9.161676646706596
20
-53.72769461077844
0
VERTEX
8
L7
10
9.171466111123095
20
-53.72705297538148
0
VERTEX
8
L7
10
9.181088075089278
20
-53.725139047750126
0
VERTEX
8
L7
10
9.190377904133967
20
-53.72198557571679
0
VERTEX
8
L7
10
9.19917664670659
20
-53.71764651606228
0
VERTEX
8
L7
10
9.207333753882239
20
-53.71219611130029
0
VERTEX
8
L7
10
9.214709655295579
20
-53.70572761936744
0
VERTEX
8
L7
10
9.221178147228429
20
-53.6983517179541
0
VERTEX
8
L7
10
9.22662855199043
20
-53.69019461077845
0
VERTEX
8
L7
10
9.230967611644942
20
-53.681395868205826
0
VERTEX
8
L7
10
9.234121083678275
20
-53.672106039161136
0
VERTEX
8
L7
10
9.236035011309625
20
-53.662484075194946
0
VERTEX
8
L7
10
9.236676646706584
20
-53.65269461077845
0
VERTEX
8
L7
10
9.236035011309625
20
-53.64290514636194
0
VERTEX
8
L7
10
9.234121083678275
20
-53.63328318239576
0
VERTEX
8
L7
10
9.230967611644942
20
-53.62399335335106
0
VERTEX
8
L7
10
9.22662855199043
20
-53.615194610778445
0
VERTEX
8
L7
10
9.221178147228429
20
-53.60703750360279
0
VERTEX
8
L7
10
9.214709655295579
20
-53.59966160218946
0
VERTEX
8
L7
10
9.207333753882239
20
-53.5931931102566
0
VERTEX
8
L7
10
9.19917664670659
20
-53.58774270549461
0
VERTEX
8
L7
10
9.190377904133967
20
-53.5834036458401
0
VERTEX
8
L7
10
9.181088075089278
20
-53.58025017380677
0
VERTEX
8
L7
10
9.171466111123095
20
-53.57833624617541
0
VERTEX
8
L7
10
9.161676646706596
20
-53.577694610778444
0
SEQEND
0
POLYLINE
8
L7
66
1
70
1
0
VERTEX
8
L7
10
5.389221556886241
20
-54.77529940119761
0
VERTEX
8
L7
10
5.379432092469727
20
-54.775941036594574
0
VERTEX
8
L7
10
5.369810128503545
20
-54.777854964225924
0
VERTEX
8
L7
10
5.360520299458855
20
-54.78100843625926
0
VERTEX
8
L7
10
5.351721556886233
20
-54.785347495913776
0
VERTEX
8
L7
10
5.343564449710584
20
-54.79079790067576
0
VERTEX
8
L7
10
5.336188548297244
20
-54.79726639260861
0
VERTEX
8
L7
10
5.329720056364394
20
-54.80464229402195
0
VERTEX
8
L7
10
5.324269651602407
20
-54.81279940119761
0
VERTEX
8
L7
10
5.3199305919478945
20
-54.821598143770224
0
VERTEX
8
L7
10
5.316777119914562
20
-54.83088797281492
0
VERTEX
8
L7
10
5.314863192283198
20
-54.8405099367811
0
VERTEX
8
L7
10
5.314221556886238
20
-54.85029940119761
0
VERTEX
8
L7
10
5.314863192283198
20
-54.86008886561411
0
VERTEX
8
L7
10
5.316777119914562
20
-54.8697108295803
0
VERTEX
8
L7
10
5.3199305919478945
20
-54.87900065862499
0
VERTEX
8
L7
10
5.324269651602407
20
-54.887799401197604
0
VERTEX
8
L7
10
5.329720056364394
20
-54.89595650837326
0
VERTEX
8
L7
10
5.336188548297244
20
-54.9033324097866
0
VERTEX
8
L7
10
5.343564449710584
20
-54.90980090171945
0
VERTEX
8
L7
10
5.351721556886233
20
-54.91525130648144
0
VERTEX
8
L7
10
5.360520299458855
20
-54.91959036613596
0
VERTEX
8
L7
10
5.369810128503545
20
-54.92274383816929
0
VERTEX
8
L7
10
5.379432092469727
20
-54.924657765800646
0
VERTEX
8
L7
10
5.389221556886241
20
-54.925299401197606
0
VERTEX
8
L7
10
5.399011021302741
20
-54.924657765800646
0
VERTEX
8
L7
10
5.408632985268923
20
-54.92274383816929
0
VERTEX
8
L7
10
5.417922814313613
20
-54.91959036613596
0
VERTEX
8
L7
10
5.4267215568862355
20
-54.91525130648144
0
VERTEX
8
L7
10
5.434878664061884
20
-54.90980090171945
0
VERTEX
8
L7
10
5.442254565475224
20
-54.9033324097866
0
VERTEX
8
L7
10
5.448723057408074
20
-54.89595650837326
0
VERTEX
8
L7
10
5.454173462170061
20
-54.887799401197604
0
VERTEX
8
L7
10
5.458512521824588
20
-54.87900065862499
0
VERTEX
8
L7
10
5.46166599385792
20
-54.8697108295803
0
VERTEX
8
L7
10
5.46357992148927
20
-54.86008886561411
0
VERTEX
8
L7
10
5.46422155688623
20
-54.85029940119761
0
VERTEX
8
L7
10
5.46357992148927
20
-54.8405099367811
0
VERTEX
8
L7
10
5.46166599385792
20
-54.83088797281492
0
VERTEX
8
L7
10
5.458512521824588
20
-54.821598143770224
0
VERTEX
8
L7
10
5.454173462170061
20
-54.81279940119761
0
VERTEX
8
L7
10
5.448723057408074
20
-54.80464229402195
0
VERTEX
8
L7
10
5.442254565475224
20
-54.79726639260861
0
VERTEX
8
L7
10
5.434878664061884
20
-54.79079790067576
0
VERTEX
8
L7
10
5.4267215568862355
20
-54.785347495913776
0
VERTEX
8
L7
10
5.417922814313613
20
-54.78100843625926
0
VERTEX
8
L7
10
5.408632985268923
20
-54.777854964225924
0
VERTEX
8
L7
10
5.399011021302741
20
-54.775941036594574
0
VERTEX
8
L7
10
5.389221556886241
20
-54.77529940119761
0
SEQEND
0
POLYLINE
8
L7
66
1
70
1
0
VERTEX
8
L7
10
8.852582065708873
20
-53.268600029780735
0
VERTEX
8
L7
10
8.842792601292373
20
-53.269241665177695
0
VERTEX
8
L7
10
8.833170637326191
20
-53.27115559280905
0
VERTEX
8
L7
10
8.823880808281501
20
-53.274309064842384
0
VERTEX
8
L7
10
8.815082065708879
20
-53.2786481244969
0
VERTEX
8
L7
10
8.80692495853323
20
-53.28409852925889
0
VERTEX
8
L7
10
8.79954905711989
20
-53.29056702119174
0
VERTEX
8
L7
10
8.79308056518704
20
-53.29794292260508
0
VERTEX
8
L7
10
8.787630160425053
20
-53.30610002978073
0
VERTEX
8
L7
10
8.783291100770526
20
-53.31489877235335
0
VERTEX
8
L7
10
8.780137628737194
20
-53.32418860139804
0
VERTEX
8
L7
10
8.778223701105844
20
-53.33381056536423
0
VERTEX
8
L7
10
8.777582065708884
20
-53.34360002978073
0
VERTEX
8
L7
10
8.778223701105844
20
-53.35338949419724
0
VERTEX
8
L7
10
8.780137628737194
20
-53.36301145816342
0
VERTEX
8
L7
10
8.783291100770526
20
-53.37230128720812
0
VERTEX
8
L7
10
8.787630160425053
20
-53.38110002978073
0
VERTEX
8
L7
10
8.79308056518704
20
-53.38925713695639
0
VERTEX
8
L7
10
8.79954905711989
20
-53.39663303836972
0
VERTEX
8
L7
10
8.80692495853323
20
-53.40310153030258
0
VERTEX
8
L7
10
8.815082065708879
20
-53.408551935064565
0
VERTEX
8
L7
10
8.823880808281501
20
-53.41289099471908
0
VERTEX
8
L7
10
8.833170637326191
20
-53.41604446675241
0
VERTEX
8
L7
10
8.842792601292373
20
-53.41795839438377
0
VERTEX
8
L7
10
8.852582065708873
20
-53.418600029780734
0
VERTEX
8
L7
10
8.862371530125387
20
-53.41795839438377
0
VERTEX
8
L7
10
8.87199349409157
20
-53.41604446675241
0
VERTEX
8
L7
10
8.881283323136259
20
-53.41289099471908
0
VERTEX
8
L7
10
8.890082065708881
20
-53.408551935064565
0
VERTEX
8
L7
10
8.89823917288453
20
-53.40310153030258
0
VERTEX
8
L7
10
8.90561507429787
20
-53.39663303836972
0
VERTEX
8
L7
10
8.91208356623072
20
-53.38925713695639
0
VERTEX
8
L7
10
8.917533970992707
20
-53.38110002978073
0
VERTEX
8
L7
10
8.92187303064722
20
-53.37230128720812
0
VERTEX
8
L7
10
8.925026502680552
20
-53.36301145816342
0
VERTEX
8
L7
10
8.926940430311916
20
-53.35338949419724
0
VERTEX
8
L7
10
8.927582065708876
20
-53.34360002978073
0
VERTEX
8
L7
10
8.926940430311916
20
-53.33381056536423
0
VERTEX
8
L7
10
8.925026502680552
20
-53.32418860139804
0
VERTEX
8
L7
10
8.92187303064722
20
-53.31489877235335
0
VERTEX
8
L7
10
8.917533970992707
20
-53.30610002978073
0
VERTEX
8
L7
10
8.91208356623072
20
-53.29794292260508
0
VERTEX
8
L7
10
8.90561507429787
20
-53.29056702119174
0
VERTEX
8
L7
10
8.89823917288453
20
-53.28409852925889
0
VERTEX
8
L7
10
8.890082065708881
20
-53.2786481244969
0
VERTEX
8
L7
10
8.881283323136259
20
-53.274309064842384
0
VERTEX
8
L7
10
8.87199349409157
20
-53.27115559280905
0
VERTEX
8
L7
10
8.862371530125387
20
-53.269241665177695
0
VERTEX
8
L7
10
8.852582065708873
20
-53.268600029780735
0
SEQEND
0
POLYLINE
8
L7
66
1
70
1
0
VERTEX
8
L7
10
5.389221556886241
20
-53.81721556886228
0
VERTEX
8
L7
10
5.379432092469727
20
-53.81785720425924
0
VERTEX
8
L7
10
5.369810128503545
20
-53.8197711318906
0
VERTEX
8
L7
10
5.360520299458855
20
-53.82292460392393
0
VERTEX
8
L7
10
5.351721556886233
20
-53.82726366357844
0
VERTEX
8
L7
10
5.343564449710584
20
-53.83271406834044
0
VERTEX
8
L7
10
5.336188548297244
20
-53.83918256027329
0
VERTEX
8
L7
10
5.329720056364394
20
-53.84655846168663
0
VERTEX
8
L7
10
5.324269651602407
20
-53.854715568862275
0
VERTEX
8
L7
10
5.3199305919478945
20
-53.8635143114349
0
VERTEX
8
L7
10
5.316777119914562
20
-53.87280414047959
0
VERTEX
8
L7
10
5.314863192283198
20
-53.88242610444578
0
VERTEX
8
L7
10
5.314221556886238
20
-53.89221556886228
0
VERTEX
8
L7
10
5.314863192283198
20
-53.90200503327878
0
VERTEX
8
L7
10
5.316777119914562
20
-53.911626997244966
0
VERTEX
8
L7
10
5.3199305919478945
20
-53.92091682628966
0
VERTEX
8
L7
10
5.324269651602407
20
-53.92971556886228
0
VERTEX
8
L7
10
5.329720056364394
20
-53.937872676037934
0
VERTEX
8
L7
10
5.336188548297244
20
-53.94524857745127
0
VERTEX
8
L7
10
5.343564449710584
20
-53.95171706938412
0
VERTEX
8
L7
10
5.351721556886233
20
-53.95716747414611
0
VERTEX
8
L7
10
5.360520299458855
20
-53.96150653380062
0
VERTEX
8
L7
10
5.369810128503545
20
-53.964660005833956
0
VERTEX
8
L7
10
5.379432092469727
20
-53.96657393346531
0
VERTEX
8
L7
10
5.389221556886241
20
-53.96721556886228
0
VERTEX
8
L7
10
5.399011021302741
20
-53.96657393346531
0
VERTEX
8
L7
10
5.408632985268923
20
-53.964660005833956
0
VERTEX
8
L7
10
5.417922814313613
20
-53.96150653380062
0
VERTEX
8
L7
10
5.4267215568862355
20
-53.95716747414611
0
VERTEX
8
L7
10
5.434878664061884
20
-53.95171706938412
0
VERTEX
8
L7
10
5.442254565475224
20
-53.94524857745127
0
VERTEX
8
L7
10
5.448723057408074
20
-53.937872676037934
0
VERTEX
8
L7
10
5.454173462170061
20
-53.92971556886228
0
VERTEX
8
L7
10
5.458512521824588
20
-53.92091682628966
0
VERTEX
8
L7
10
5.46166599385792
20
-53.911626997244966
0
VERTEX
8
L7
10
5.46357992148927
20
-53.90200503327878
0
VERTEX
8
L7
10
5.46422155688623
20
-53.89221556886228
0
VERTEX
8
L7
10
5.46357992148927
20
-53.88242610444578
0
VERTEX
8
L7
10
5.46166599385792
20
-53.87280414047959
0
VERTEX
8
L7
10
5.458512521824588
20
-53.8635143114349
0
VERTEX
8
L7
10
5.454173462170061
20
-53.854715568862275
0
VERTEX
8
L7
10
5.448723057408074
20
-53.84655846168663
0
VERTEX
8
L7
10
5.442254565475224
20
-53.83918256027329
0
VERTEX
8
L7
10
5.434878664061884
20
-53.83271406834044
0
VERTEX
8
L7
10
5.4267215568862355
20
-53.82726366357844
0
VERTEX
8
L7
10
5.417922814313613
20
-53.82292460392393
0
VERTEX
8
L7
10
5.408632985268923
20
-53.8197711318906
0
VERTEX
8
L7
10
5.399011021302741
20
-53.81785720425924
0
VERTEX
8
L7
10
5.389221556886241
20
-53.81721556886228
0
SEQEND
0
POLYLINE
8
L7
66
1
70
1
0
VERTEX
8
L7
10
9.52095808383234
20
-55.61362275449102
0
VERTEX
8
L7
10
9.511168619415841
20
-55.614264389887985
0
VERTEX
8
L7
10
9.501546655449644
20
-55.61617831751934
0
VERTEX
8
L7
10
9.492256826404954
20
-55.619331789552675
0
VERTEX
8
L7
10
9.483458083832346
20
-55.62367084920719
0
VERTEX
8
L7
10
9.475300976656683
20
-55.629121253969174
0
VERTEX
8
L7
10
9.467925075243343
20
-55.63558974590203
0
VERTEX
8
L7
10
9.461456583310493
20
-55.642965647315364
0
VERTEX
8
L7
10
9.456006178548506
20
-55.65112275449102
0
VERTEX
8
L7
10
9.451667118893994
20
-55.659921497063635
0
VERTEX
8
L7
10
9.448513646860661
20
-55.66921132610833
0
VERTEX
8
L7
10
9.446599719229297
20
-55.678833290074515
0
VERTEX
8
L7
10
9.445958083832338
20
-55.68862275449102
0
VERTEX
8
L7
10
9.446599719229297
20
-55.69841221890752
0
VERTEX
8
L7
10
9.448513646860661
20
-55.70803418287371
0
VERTEX
8
L7
10
9.451667118893994
20
-55.7173240119184
0
VERTEX
8
L7
10
9.456006178548506
20
-55.72612275449102
0
VERTEX
8
L7
10
9.461456583310493
20
-55.73427986166667
0
VERTEX
8
L7
10
9.467925075243343
20
-55.74165576308001
0
VERTEX
8
L7
10
9.475300976656683
20
-55.74812425501286
0
VERTEX
8
L7
10
9.483458083832346
20
-55.753574659774856
0
VERTEX
8
L7
10
9.492256826404954
20
-55.75791371942937
0
VERTEX
8
L7
10
9.501546655449644
20
-55.7610671914627
0
VERTEX
8
L7
10
9.511168619415841
20
-55.76298111909406
0
VERTEX
8
L7
10
9.52095808383234
20
-55.76362275449102
0
VERTEX
8
L7
10
9.53074754824884
20
-55.76298111909406
0
VERTEX
8
L7
10
9.540369512215037
20
-55.7610671914627
0
VERTEX
8
L7
10
9.549659341259726
20
-55.75791371942937
0
VERTEX
8
L7
10
9.558458083832335
20
-55.753574659774856
0
VERTEX
8
L7
10
9.566615191007998
20
-55.74812425501286
0
VERTEX
8
L7
10
9.573991092421338
20
-55.74165576308001
0
VERTEX
8
L7
10
9.580459584354188
20
-55.73427986166667
0
VERTEX
8
L7
10
9.585909989116175
20
-55.72612275449102
0
VERTEX
8
L7
10
9.590249048770687
20
-55.7173240119184
0
VERTEX
8
L7
10
9.59340252080402
20
-55.70803418287371
0
VERTEX
8
L7
10
9.595316448435383
20
-55.69841221890752
0
VERTEX
8
L7
10
9.595958083832343
20
-55.68862275449102
0
VERTEX
8
L7
10
9.595316448435383
20
-55.678833290074515
0
VERTEX
8
L7
10
9.59340252080402
20
-55.66921132610833
0
VERTEX
8
L7
10
9.590249048770687
20
-55.659921497063635
0
VERTEX
8
L7
10
9.585909989116175
20
-55.65112275449102
0
VERTEX
8
L7
10
9.580459584354188
20
-55.642965647315364
0
VERTEX
8
L7
10
9.573991092421338
20
-55.63558974590203
0
VERTEX
8
L7
10
9.566615191007998
20
-55.629121253969174
0
VERTEX
8
L7
10
9.558458083832335
20
-55.62367084920719
0
VERTEX
8
L7
10
9.549659341259726
20
-55.619331789552675
0
VERTEX
8
L7
10
9.540369512215037
20
-55.61617831751934
0
VERTEX
8
L7
10
9.53074754824884
20
-55.614264389887985
0
VERTEX
8
L7
10
9.52095808383234
20
-55.61362275449102
0
SEQEND
0
POLYLINE
8
L7
66
1
70
1
0
VERTEX
8
L7
10
5.389221556886241
20
-53.338173652694614
0
VERTEX
8
L7
10
5.379432092469727
20
-53.338815288091574
0
VERTEX
8
L7
10
5.369810128503545
20
-53.34072921572293
0
VERTEX
8
L7
10
5.360520299458855
20
-53.34388268775626
0
VERTEX
8
L7
10
5.351721556886233
20
-53.34822174741078
0
VERTEX
8
L7
10
5.343564449710584
20
-53.35367215217277
0
VERTEX
8
L7
10
5.336188548297244
20
-53.36014064410562
0
VERTEX
8
L7
10
5.329720056364394
20
-53.36751654551896
0
VERTEX
8
L7
10
5.324269651602407
20
-53.375673652694616
0
VERTEX
8
L7
10
5.3199305919478945
20
-53.38447239526723
0
VERTEX
8
L7
10
5.316777119914562
20
-53.39376222431192
0
VERTEX
8
L7
10
5.314863192283198
20
-53.40338418827811
0
VERTEX
8
L7
10
5.314221556886238
20
-53.41317365269461
0
VERTEX
8
L7
10
5.314863192283198
20
-53.42296311711112
0
VERTEX
8
L7
10
5.316777119914562
20
-53.4325850810773
0
VERTEX
8
L7
10
5.3199305919478945
20
-53.441874910121996
0
VERTEX
8
L7
10
5.324269651602407
20
-53.45067365269461
0
VERTEX
8
L7
10
5.329720056364394
20
-53.45883075987027
0
VERTEX
8
L7
10
5.336188548297244
20
-53.46620666128361
0
VERTEX
8
L7
10
5.343564449710584
20
-53.47267515321646
0
VERTEX
8
L7
10
5.351721556886233
20
-53.478125557978444
0
VERTEX
8
L7
10
5.360520299458855
20
-53.48246461763296
0
VERTEX
8
L7
10
5.369810128503545
20
-53.485618089666296
0
VERTEX
8
L7
10
5.379432092469727
20
-53.487532017297646
0
VERTEX
8
L7
10
5.389221556886241
20
-53.48817365269461
0
VERTEX
8
L7
10
5.399011021302741
20
-53.487532017297646
0
VERTEX
8
L7
10
5.408632985268923
20
-53.485618089666296
0
VERTEX
8
L7
10
5.417922814313613
20
-53.48246461763296
0
VERTEX
8
L7
10
5.4267215568862355
20
-53.478125557978444
0
VERTEX
8
L7
10
5.434878664061884
20
-53.47267515321646
0
VERTEX
8
L7
10
5.442254565475224
20
-53.46620666128361
0
VERTEX
8
L7
10
5.448723057408074
20
-53.45883075987027
0
VERTEX
8
L7
10
5.454173462170061
20
-53.45067365269461
0
VERTEX
8
L7
10
5.458512521824588
20
-53.441874910121996
0
VERTEX
8
L7
10
5.46166599385792
20
-53.4325850810773
0
VERTEX
8
L7
10
5.46357992148927
20
-53.42296311711112
0
VERTEX
8
L7
10
5.46422155688623
20
-53.41317365269461
0
VERTEX
8
L7
10
5.46357992148927
20
-53.40338418827811
0
VERTEX
8
L7
10
5.46166599385792
20
-53.39376222431192
0
VERTEX
8
L7
10
5.458512521824588
20
-53.38447239526723
0
VERTEX
8
L7
10
5.454173462170061
20
-53.375673652694616
0
VERTEX
8
L7
10
5.448723057408074
20
-53.36751654551896
0
VERTEX
8
L7
10
5.442254565475224
20
-53.36014064410562
0
VERTEX
8
L7
10
5.434878664061884
20
-53.35367215217277
0
VERTEX
8
L7
10
5.4267215568862355
20
-53.34822174741078
0
VERTEX
8
L7
10
5.417922814313613
20
-53.34388268775626
0
VERTEX
8
L7
10
5.408632985268923
20
-53.34072921572293
0
VERTEX
8
L7
10
5.399011021302741
20
-53.338815288091574
0
VERTEX
8
L7
10
5.389221556886241
20
-53.338173652694614
0
SEQEND
0
POLYLINE
8
L7
66
1
70
1
0
VERTEX
8
L7
10
9.090538272370608
20
-55.36511976047905
0
VERTEX
8
L7
10
9.080748807954109
20
-55.36576139587601
0
VERTEX
8
L7
10
9.071126843987926
20
-55.36767532350736
0
VERTEX
8
L7
10
9.061837014943237
20
-55.370828795540696
0
VERTEX
8
L7
10
9.053038272370614
20
-55.37516785519521
0
VERTEX
8
L7
10
9.044881165194965
20
-55.3806182599572
0
VERTEX
8
L7
10
9.037505263781625
20
-55.38708675189005
0
VERTEX
8
L7
10
9.031036771848775
20
-55.39446265330339
0
VERTEX
8
L7
10
9.025586367086774
20
-55.40261976047904
0
VERTEX
8
L7
10
9.021247307432262
20
-55.411418503051664
0
VERTEX
8
L7
10
9.018093835398929
20
-55.42070833209635
0
VERTEX
8
L7
10
9.01617990776758
20
-55.43033029606254
0
VERTEX
8
L7
10
9.01553827237062
20
-55.44011976047904
0
VERTEX
8
L7
10
9.01617990776758
20
-55.44990922489555
0
VERTEX
8
L7
10
9.018093835398929
20
-55.45953118886173
0
VERTEX
8
L7
10
9.021247307432262
20
-55.46882101790643
0
VERTEX
8
L7
10
9.025586367086774
20
-55.477619760479044
0
VERTEX
8
L7
10
9.031036771848775
20
-55.4857768676547
0
VERTEX
8
L7
10
9.037505263781625
20
-55.49315276906803
0
VERTEX
8
L7
10
9.044881165194965
20
-55.49962126100089
0
VERTEX
8
L7
10
9.053038272370614
20
-55.50507166576288
0
VERTEX
8
L7
10
9.061837014943237
20
-55.50941072541739
0
VERTEX
8
L7
10
9.071126843987926
20
-55.51256419745072
0
VERTEX
8
L7
10
9.080748807954109
20
-55.51447812508208
0
VERTEX
8
L7
10
9.090538272370608
20
-55.515119760479045
0
VERTEX
8
L7
10
9.100327736787122
20
-55.51447812508208
0
VERTEX
8
L7
10
9.109949700753305
20
-55.51256419745072
0
VERTEX
8
L7
10
9.119239529797994
20
-55.50941072541739
0
VERTEX
8
L7
10
9.128038272370617
20
-55.50507166576288
0
VERTEX
8
L7
10
9.136195379546265
20
-55.49962126100089
0
VERTEX
8
L7
10
9.143571280959605
20
-55.49315276906803
0
VERTEX
8
L7
10
9.150039772892455
20
-55.4857768676547
0
VERTEX
8
L7
10
9.155490177654443
20
-55.477619760479044
0
VERTEX
8
L7
10
9.159829237308955
20
-55.46882101790643
0
VERTEX
8
L7
10
9.162982709342288
20
-55.45953118886173
0
VERTEX
8
L7
10
9.164896636973651
20
-55.44990922489555
0
VERTEX
8
L7
10
9.165538272370611
20
-55.44011976047904
0
VERTEX
8
L7
10
9.164896636973651
20
-55.43033029606254
0
VERTEX
8
L7
10
9.162982709342288
20
-55.42070833209635
0
VERTEX
8
L7
10
9.159829237308955
20
-55.411418503051664
0
VERTEX
8
L7
10
9.155490177654443
20
-55.40261976047904
0
VERTEX
8
L7
10
9.150039772892455
20
-55.39446265330339
0
VERTEX
8
L7
10
9.143571280959605
20
-55.38708675189005
0
VERTEX
8
L7
10
9.136195379546265
20
-55.3806182599572
0
VERTEX
8
L7
10
9.128038272370617
20
-55.37516785519521
0
VERTEX
8
L7
10
9.119239529797994
20
-55.370828795540696
0
VERTEX
8
L7
10
9.109949700753305
20
-55.36767532350736
0
VERTEX
8
L7
10
9.100327736787122
20
-55.36576139587601
0
VERTEX
8
L7
10
9.090538272370608
20
-55.36511976047905
0
SEQEND
0
POLYLINE
8
L7
66
1
70
1
0
VERTEX
8
L7
10
5.389221556886241
20
-54.29625748502994
0
VERTEX
8
L7
10
5.379432092469727
20
-54.29689912042691
0
VERTEX
8
L7
10
5.369810128503545
20
-54.298813048058264
0
VERTEX
8
L7
10
5.360520299458855
20
-54.3019665200916
0
VERTEX
8
L7
10
5.351721556886233
20
-54.30630557974611
0
VERTEX
8
L7
10
5.343564449710584
20
-54.311755984508096
0
VERTEX
8
L7
10
5.336188548297244
20
-54.31822447644095
0
VERTEX
8
L7
10
5.329720056364394
20
-54.325600377854286
0
VERTEX
8
L7
10
5.324269651602407
20
-54.33375748502994
0
VERTEX
8
L7
10
5.3199305919478945
20
-54.34255622760256
0
VERTEX
8
L7
10
5.316777119914562
20
-54.351846056647254
0
VERTEX
8
L7
10
5.314863192283198
20
-54.36146802061344
0
VERTEX
8
L7
10
5.314221556886238
20
-54.37125748502994
0
VERTEX
8
L7
10
5.314863192283198
20
-54.38104694944644
0
VERTEX
8
L7
10
5.316777119914562
20
-54.39066891341263
0
VERTEX
8
L7
10
5.3199305919478945
20
-54.39995874245732
0
VERTEX
8
L7
10
5.324269651602407
20
-54.408757485029945
0
VERTEX
8
L7
10
5.329720056364394
20
-54.41691459220559
0
VERTEX
8
L7
10
5.336188548297244
20
-54.42429049361893
0
VERTEX
8
L7
10
5.343564449710584
20
-54.43075898555178
0
VERTEX
8
L7
10
5.351721556886233
20
-54.43620939031378
0
VERTEX
8
L7
10
5.360520299458855
20
-54.44054844996829
0
VERTEX
8
L7
10
5.369810128503545
20
-54.44370192200162
0
VERTEX
8
L7
10
5.379432092469727
20
-54.44561584963298
0
VERTEX
8
L7
10
5.389221556886241
20
-54.44625748502994
0
VERTEX
8
L7
10
5.399011021302741
20
-54.44561584963298
0
VERTEX
8
L7
10
5.408632985268923
20
-54.44370192200162
0
VERTEX
8
L7
10
5.417922814313613
20
-54.44054844996829
0
VERTEX
8
L7
10
5.4267215568862355
20
-54.43620939031378
0
VERTEX
8
L7
10
5.434878664061884
20
-54.43075898555178
0
VERTEX
8
L7
10
5.442254565475224
20
-54.42429049361893
0
VERTEX
8
L7
10
5.448723057408074
20
-54.41691459220559
0
VERTEX
8
L7
10
5.454173462170061
20
-54.408757485029945
0
VERTEX
8
L7
10
5.458512521824588
20
-54.39995874245732
0
VERTEX
8
L7
10
5.46166599385792
20
-54.39066891341263
0
VERTEX
8
L7
10
5.46357992148927
20
-54.38104694944644
0
VERTEX
8
L7
10
5.46422155688623
20
-54.37125748502994
0
VERTEX
8
L7
10
5.46357992148927
20
-54.36146802061344
0
VERTEX
8
L7
10
5.46166599385792
20
-54.351846056647254
0
VERTEX
8
L7
10
5.458512521824588
20
-54.34255622760256
0
VERTEX
8
L7
10
5.454173462170061
20
-54.33375748502994
0
VERTEX
8
L7
10
5.448723057408074
20
-54.325600377854286
0
VERTEX
8
L7
10
5.442254565475224
20
-54.31822447644095
0
VERTEX
8
L7
10
5.434878664061884
20
-54.311755984508096
0
VERTEX
8
L7
10
5.4267215568862355
20
-54.30630557974611
0
VERTEX
8
L7
10
5.417922814313613
20
-54.3019665200916
0
VERTEX
8
L7
10
5.408632985268923
20
-54.298813048058264
0
VERTEX
8
L7
10
5.399011021302741
20
-54.29689912042691
0
VERTEX
8
L7
10
5.389221556886241
20
-54.29625748502994
0
SEQEND
0
POLYLINE
8
L7
66
1
70
1
0
VERTEX
8
L7
10
5.389221556886241
20
-55.254341317365274
0
VERTEX
8
L7
10
5.379432092469727
20
-55.254982952762234
0
VERTEX
8
L7
10
5.369810128503545
20
-55.25689688039359
0
VERTEX
8
L7
10
5.360520299458855
20
-55.26005035242692
0
VERTEX
8
L7
10
5.351721556886233
20
-55.264389412081435
0
VERTEX
8
L7
10
5.343564449710584
20
-55.26983981684343
0
VERTEX
8
L7
10
5.336188548297244
20
-55.27630830877628
0
VERTEX
8
L7
10
5.329720056364394
20
-55.28368421018962
0
VERTEX
8
L7
10
5.324269651602407
20
-55.29184131736527
0
VERTEX
8
L7
10
5.3199305919478945
20
-55.30064005993789
0
VERTEX
8
L7
10
5.316777119914562
20
-55.30992988898258
0
VERTEX
8
L7
10
5.314863192283198
20
-55.31955185294877
0
VERTEX
8
L7
10
5.314221556886238
20
-55.32934131736527
0
VERTEX
8
L7
10
5.314863192283198
20
-55.339130781781776
0
VERTEX
8
L7
10
5.316777119914562
20
-55.34875274574796
0
VERTEX
8
L7
10
5.3199305919478945
20
-55.358042574792655
0
VERTEX
8
L7
10
5.324269651602407
20
-55.36684131736527
0
VERTEX
8
L7
10
5.329720056364394
20
-55.37499842454093
0
VERTEX
8
L7
10
5.336188548297244
20
-55.38237432595426
0
VERTEX
8
L7
10
5.343564449710584
20
-55.38884281788712
0
VERTEX
8
L7
10
5.351721556886233
20
-55.394293222649104
0
VERTEX
8
L7
10
5.360520299458855
20
-55.398632282303616
0
VERTEX
8
L7
10
5.369810128503545
20
-55.40178575433695
0
VERTEX
8
L7
10
5.379432092469727
20
-55.403699681968305
0
VERTEX
8
L7
10
5.389221556886241
20
-55.40434131736527
0
VERTEX
8
L7
10
5.399011021302741
20
-55.403699681968305
0
VERTEX
8
L7
10
5.408632985268923
20
-55.40178575433695
0
VERTEX
8
L7
10
5.417922814313613
20
-55.398632282303616
0
VERTEX
8
L7
10
5.4267215568862355
20
-55.394293222649104
0
VERTEX
8
L7
10
5.434878664061884
20
-55.38884281788712
0
VERTEX
8
L7
10
5.442254565475224
20
-55.38237432595426
0
VERTEX
8
L7
10
5.448723057408074
20
-55.37499842454093
0
VERTEX
8
L7
10
5.454173462170061
20
-55.36684131736527
0
VERTEX
8
L7
10
5.458512521824588
20
-55.358042574792655
0
VERTEX
8
L7
10
5.46166599385792
20
-55.34875274574796
0
VERTEX
8
L7
10
5.46357992148927
20
-55.339130781781776
0
VERTEX
8
L7
10
5.46422155688623
20
-55.32934131736527
0
VERTEX
8
L7
10
5.46357992148927
20
-55.31955185294877
0
VERTEX
8
L7
10
5.46166599385792
20
-55.30992988898258
0
VERTEX
8
L7
10
5.458512521824588
20
-55.30064005993789
0
VERTEX
8
L7
10
5.454173462170061
20
-55.29184131736527
0
VERTEX
8
L7
10
5.448723057408074
20
-55.28368421018962
0
VERTEX
8
L7
10
5.442254565475224
20
-55.27630830877628
0
VERTEX
8
L7
10
5.434878664061884
20
-55.26983981684343
0
VERTEX
8
L7
10
5.4267215568862355
20
-55.264389412081435
0
VERTEX
8
L7
10
5.417922814313613
20
-55.26005035242692
0
VERTEX
8
L7
10
5.408632985268923
20
-55.25689688039359
0
VERTEX
8
L7
10
5.399011021302741
20
-55.254982952762234
0
VERTEX
8
L7
10
5.389221556886241
20
-55.254341317365274
0
SEQEND
0
POLYLINE
8
L7
66
1
70
1
0
VERTEX
8
L7
10
5.389221556886241
20
-56.2124251497006
0
VERTEX
8
L7
10
5.379432092469727
20
-56.21306678509757
0
VERTEX
8
L7
10
5.369810128503545
20
-56.21498071272892
0
VERTEX
8
L7
10
5.360520299458855
20
-56.218134184762256
0
VERTEX
8
L7
10
5.351721556886233
20
-56.22247324441677
0
VERTEX
8
L7
10
5.343564449710584
20
-56.227923649178756
0
VERTEX
8
L7
10
5.336188548297244
20
-56.234392141111606
0
VERTEX
8
L7
10
5.329720056364394
20
-56.241768042524946
0
VERTEX
8
L7
10
5.324269651602407
20
-56.2499251497006
0
VERTEX
8
L7
10
5.3199305919478945
20
-56.25872389227322
0
VERTEX
8
L7
10
5.316777119914562
20
-56.268013721317914
0
VERTEX
8
L7
10
5.314863192283198
20
-56.277635685284096
0
VERTEX
8
L7
10
5.314221556886238
20
-56.2874251497006
0
VERTEX
8
L7
10
5.314863192283198
20
-56.2972146141171
0
VERTEX
8
L7
10
5.316777119914562
20
-56.30683657808329
0
VERTEX
8
L7
10
5.3199305919478945
20
-56.31612640712798
0
VERTEX
8
L7
10
5.324269651602407
20
-56.3249251497006
0
VERTEX
8
L7
10
5.329720056364394
20
-56.33308225687625
0
VERTEX
8
L7
10
5.336188548297244
20
-56.34045815828959
0
VERTEX
8
L7
10
5.343564449710584
20
-56.34692665022244
0
VERTEX
8
L7
10
5.351721556886233
20
-56.35237705498443
0
VERTEX
8
L7
10
5.360520299458855
20
-56.35671611463895
0
VERTEX
8
L7
10
5.369810128503545
20
-56.35986958667228
0
VERTEX
8
L7
10
5.379432092469727
20
-56.36178351430364
0
VERTEX
8
L7
10
5.389221556886241
20
-56.3624251497006
0
VERTEX
8
L7
10
5.399011021302741
20
-56.36178351430364
0
VERTEX
8
L7
10
5.408632985268923
20
-56.35986958667228
0
VERTEX
8
L7
10
5.417922814313613
20
-56.35671611463895
0
VERTEX
8
L7
10
5.4267215568862355
20
-56.35237705498443
0
VERTEX
8
L7
10
5.434878664061884
20
-56.34692665022244
0
VERTEX
8
L7
10
5.442254565475224
20
-56.34045815828959
0
VERTEX
8
L7
10
5.448723057408074
20
-56.33308225687625
0
VERTEX
8
L7
10
5.454173462170061
20
-56.3249251497006
0
VERTEX
8
L7
10
5.458512521824588
20
-56.31612640712798
0
VERTEX
8
L7
10
5.46166599385792
20
-56.30683657808329
0
VERTEX
8
L7
10
5.46357992148927
20
-56.2972146141171
0
VERTEX
8
L7
10
5.46422155688623
20
-56.2874251497006
0
VERTEX
8
L7
10
5.46357992148927
20
-56.277635685284096
0
VERTEX
8
L7
10
5.46166599385792
20
-56.268013721317914
0
VERTEX
8
L7
10
5.458512521824588
20
-56.25872389227322
0
VERTEX
8
L7
10
5.454173462170061
20
-56.2499251497006
0
VERTEX
8
L7
10
5.448723057408074
20
-56.241768042524946
0
VERTEX
8
L7
10
5.442254565475224
20
-56.234392141111606
0
VERTEX
8
L7
10
5.434878664061884
20
-56.227923649178756
0
VERTEX
8
L7
10
5.4267215568862355
20
-56.22247324441677
0
VERTEX
8
L7
10
5.417922814313613
20
-56.218134184762256
0
VERTEX
8
L7
10
5.408632985268923
20
-56.21498071272892
0
VERTEX
8
L7
10
5.399011021302741
20
-56.21306678509757
0
VERTEX
8
L7
10
5.389221556886241
20
-56.2124251497006
0
SEQEND
0
POLYLINE
8
L7
66
1
70
1
0
VERTEX
8
L7
10
17.972822924329236
20
-55.985063635767126
0
VERTEX
8
L7
10
18.001858298996083
20
-55.98174434533045
0
VERTEX
8
L7
10
18.028542254735626
20
-55.9698264102267
0
VERTEX
8
L7
10
18.05039201864416
20
-55.95041871875687
0
VERTEX
8
L7
10
18.065374608718813
20
-55.92532703356631
0
VERTEX
8
L7
10
18.072095989943605
20
-55.89688597687923
0
VERTEX
8
L7
10
18.069930780409564
20
-55.86774180870238
0
VERTEX
8
L7
10
18.05908043913628
20
-55.840606209108856
0
VERTEX
8
L7
10
18.040554521587396
20
-55.81800397359954
0
VERTEX
8
L7
10
18.01607674693544
20
-55.80203809688904
0
VERTEX
8
L7
10
17.987924616921234
20
-55.79419410258068
0
VERTEX
8
L7
10
17.958717508756408
20
-55.79520182461346
0
VERTEX
8
L7
10
17.931172958680904
20
-55.804967500841244
0
VERTEX
8
L7
10
17.907853812445197
20
-55.822582497006
0
VERTEX
8
L7
10
17.89092976876175
20
-55.84640784939473
0
VERTEX
8
L7
10
17.881975502595807
20
-55.8742267600218
0
VERTEX
8
L7
10
17.881824151643613
20
-55.9034508556269
0
VERTEX
8
L7
10
17.89048979815165
20
-55.931361019396476
0
VERTEX
8
L7
10
17.907166158653055
20
-55.95536038754387
0
VERTEX
8
L7
10
17.86828748555827
20
-56.01591121176228
0
VERTEX
8
L7
10
17.82184824802782
20
-56.07087802677579
0
VERTEX
8
L7
10
17.76864076587644
20
-56.11932302010067
0
VERTEX
8
L7
10
17.709572834852807
20
-56.16041965085949
0
VERTEX
8
L7
10
17.64565223834562
20
-56.19346675175057
0
VERTEX
8
L7
10
17.57796955315756
20
-56.217900491965125
0
VERTEX
8
L7
10
17.507679542705134
20
-56.23330399694728
0
VERTEX
8
L7
10
17.435981455103118
20
-56.23941446087025
0
VERTEX
8
L7
10
17.36409856227651
20
-56.236127630479665
0
VERTEX
8
L7
10
17.293257289191715
20
-56.22349958380316
0
VERTEX
8
L7
10
17.22466628929253
20
-56.201745773379066
0
VERTEX
8
L7
10
17.159495823143587
20
-56.1712373503279
0
VERTEX
8
L7
10
17.09885779211136
20
-56.13249483198341
0
VERTEX
8
L7
10
17.04378676773642
20
-56.08617922112234
0
VERTEX
8
L7
10
16.99522234046323
20
-56.033080728311674
0
VERTEX
8
L7
10
16.953993088883223
20
-55.97410528978604
0
VERTEX
8
L7
10
16.920802442998948
20
-55.91025911087982
0
VERTEX
8
L7
10
16.89621668270216
20
-55.84263149872497
0
VERTEX
8
L7
10
16.880655276228694
20
-55.77237627711329
0
VERTEX
8
L7
10
16.874383723430654
20
-55.700692100612194
0
VERTEX
8
L7
10
16.877509025969047
20
-55.62880200380337
0
VERTEX
8
L7
10
16.88997786171238
20
-55.55793253456348
0
VERTEX
8
L7
10
16.91157749448861
20
-55.48929282740304
0
VERTEX
8
L7
10
16.9419394036684
20
-55.42405397390226
0
VERTEX
8
L7
10
16.98054557165422
20
-55.36332904221362
0
VERTEX
8
L7
10
17.026737322001438
20
-55.30815408652719
0
VERTEX
8
L7
10
17.079726557380624
20
-55.259470470504255
0
VERTEX
8
L7
10
17.13860920564518
20
-55.21810880626683
0
VERTEX
8
L7
10
17.202380644595323
20
-55.18477478296677
0
VERTEX
8
L7
10
17.269952842269603
20
-55.16003712671957
0
VERTEX
8
L7
10
17.340172920326566
20
-55.14431789732332
0
VERTEX
8
L7
10
17.411842823798096
20
-55.13788528731487
0
VERTEX
8
L7
10
17.48373976162081
20
-55.140849046221604
0
VERTEX
8
L7
10
17.554637069200524
20
-55.15315860807747
0
VERTEX
8
L7
10
17.623325137064867
20
-55.174603954150726
0
VERTEX
8
L7
10
17.688632048530863
20
-55.20481919616388
0
VERTEX
8
L7
10
17.749443574279766
20
-55.24328881887102
0
VERTEX
8
L7
10
17.804722182702974
20
-55.2893564754853
0
VERTEX
8
L7
10
17.853524741675287
20
-55.34223618589386
0
VERTEX
8
L7
10
17.841269179105424
20
-55.36876676932399
0
VERTEX
8
L7
10
17.837581732316423
20
-55.39775768871654
0
VERTEX
8
L7
10
17.84280549485338
20
-55.426511522826175
0
VERTEX
8
L7
10
17.856454428731197
20
-55.452352909690006
0
VERTEX
8
L7
10
17.87725858718757
20
-55.47287747209628
0
VERTEX
8
L7
10
17.903282275177716
20
-55.48617552964004
0
VERTEX
8
L7
10
17.93210415352594
20
-55.491009782377304
0
VERTEX
8
L7
10
17.961042529184297
20
-55.486930433740326
0
VERTEX
8
L7
10
17.987404869768838
20
-55.474317041256455
0
VERTEX
8
L7
10
18.008738326626954
20
-55.45434320112667
0
VERTEX
8
L7
10
18.02305795685335
20
-55.428867352539704
0
VERTEX
8
L7
10
18.029031409642798
20
-55.4002598616882
0
VERTEX
8
L7
10
18.02610289308528
20
-55.37118247422269
0
VERTEX
8
L7
10
18.01454488707951
20
-55.34434065669449
0
VERTEX
8
L7
10
17.99543279080588
20
-55.322231870045876
0
VERTEX
8
L7
10
17.9705448636508
20
-55.30691319670349
0
VERTEX
8
L7
10
17.942196769445147
20
-55.29980994210054
0
VERTEX
8
L7
10
17.91302611862615
20
-55.30158301904277
0
VERTEX
8
L7
10
17.862378133334985
20
-55.2451653679361
0
VERTEX
8
L7
10
17.805249711740757
20
-55.19532047635627
0
VERTEX
8
L7
10
17.742487589941888
20
-55.1527871266439
0
VERTEX
8
L7
10
17.67502200463413
20
-55.1181957322006
0
VERTEX
8
L7
10
17.603852905490257
20
-55.09205899373734
0
VERTEX
8
L7
10
17.530035134279913
20
-55.07476430021628
0
VERTEX
8
L7
10
17.454662790399524
20
-55.06656798711643
0
VERTEX
8
L7
10
17.378853014540297
20
-55.06759153712506
0
VERTEX
8
L7
10
17.303729430846445
20
-55.077819779566774
0
VERTEX
8
L7
10
17.230405492978733
20
-55.09710111525754
0
VERTEX
8
L7
10
17.159967980920428
20
-55.12514976345111
0
VERTEX
8
L7
10
17.09346089313108
20
-55.16154999757441
0
VERTEX
8
L7
10
17.03186997279171
20
-55.20576230697122
0
VERTEX
8
L7
10
16.97610809748808
20
-55.25713139332745
0
VERTEX
8
L7
10
16.927001748880556
20
-55.31489588325756
0
VERTEX
8
L7
10
16.88527876290202
20
-55.378199613096214
0
VERTEX
8
L7
10
16.85155754204588
20
-55.44610431863584
0
VERTEX
8
L7
10
16.826337889635724
20
-55.517603541727844
0
VERTEX
8
L7
10
16.809993601927133
20
-55.59163754762885
0
VERTEX
8
L7
10
16.8027669278397
20
-55.66710903199271
0
VERTEX
8
L7
10
16.80476497843388
20
-55.74289938470513
0
VERTEX
8
L7
10
16.815958139351082
20
-55.81788526950442
0
VERTEX
8
L7
10
16.836180509746484
20
-55.890955273651414
0
VERTEX
8
L7
10
16.865132361209433
20
-55.96102638087342
0
VERTEX
8
L7
10
16.902384580225785
20
-56.02706002342635
0
VERTEX
8
L7
10
16.947385028337877
20
-56.088077475357416
0
VERTEX
8
L7
10
16.999466725734365
20
-56.14317435881511
0
VERTEX
8
L7
10
17.057857736975407
20
-56.19153404839951
0
VERTEX
8
L7
10
17.121692612331103
20
-56.23243977487851
0
VERTEX
8
L7
10
17.190025215153682
20
-56.265285248873305
0
VERTEX
8
L7
10
17.261842745161047
20
-56.28958364705283
0
VERTEX
8
L7
10
17.33608074978379
20
-56.304974827647065
0
VERTEX
8
L7
10
17.41163890108298
20
-56.31123066833366
0
VERTEX
8
L7
10
17.487397304399465
20
-56.308258447381704
0
VERTEX
8
L7
10
17.562233097013532
20
-56.296102217938504
0
VERTEX
8
L7
10
17.635037090796246
20
-56.27494215509034
0
VERTEX
8
L7
10
17.70473021218102
20
-56.24509188537472
0
VERTEX
8
L7
10
17.77027949578853
20
-56.20699383832512
0
VERTEX
8
L7
10
17.830713394653074
20
-56.16121268894592
0
VERTEX
8
L7
10
17.88513618012847
20
-56.10842698831072
0
VERTEX
8
L7
10
17.93274121804295
20
-56.04941910633203
0
VERTEX
8
L7
10
17.972822924329236
20
-55.985063635767126
0
SEQEND
0
POLYLINE
8
L7
66
1
70
1
0
VERTEX
8
L7
10
14.042136579190881
20
-53.25647419100409
0
VERTEX
8
L7
10
14.013083049803285
20
-53.248402351366984
0
VERTEX
8
L7
10
13.982959674221917
20
-53.249760441417926
0
VERTEX
8
L7
10
13.954750362542384
20
-53.26041393378289
0
VERTEX
8
L7
10
13.93124942477435
20
-53.279307532937786
0
VERTEX
8
L7
10
13.914784776833912
20
-53.30456970887733
0
VERTEX
8
L7
10
13.90698734580883
20
-53.33369808395065
0
VERTEX
8
L7
10
13.908629516357408
20
-53.36380730912986
0
VERTEX
8
L7
10
13.919548621142951
20
-53.3919148760058
0
VERTEX
8
L7
10
13.93866305405804
20
-53.4152365530325
0
VERTEX
8
L7
10
13.964079410122409
20
-53.431462181199436
0
VERTEX
8
L7
10
13.993280039172689
20
-53.43898450983298
0
VERTEX
8
L7
10
14.023372434969446
20
-53.43705840489953
0
VERTEX
8
L7
10
14.051375756159842
20
-53.42587465922511
0
VERTEX
8
L7
10
14.074516097389719
20
-53.40654109326412
0
VERTEX
8
L7
10
14.090501262101427
20
-53.3809728185053
0
VERTEX
8
L7
10
14.097747819041231
20
-53.35170253361565
0
VERTEX
8
L7
10
14.095537951098876
20
-53.32162964468425
0
VERTEX
8
L7
10
14.148880354151714
20
-53.29243724015902
0
VERTEX
8
L7
10
14.2060696585459
20
-53.271773457632
0
VERTEX
8
L7
10
14.265751982309027
20
-53.26012748512433
0
VERTEX
8
L7
10
14.326514424496182
20
-53.25777502580106
0
VERTEX
8
L7
10
14.386918513771704
20
-53.26477177105943
0
VERTEX
8
L7
10
14.445534262336338
20
-53.28095208210787
0
VERTEX
8
L7
10
14.500974019017818
20
-53.30593291124771
0
VERTEX
8
L7
10
14.55192532009724
20
-53.339122870026365
0
VERTEX
8
L7
10
14.597181960170744
20
-53.37973622958542
0
VERTEX
8
L7
10
14.635672547484617
20
-53.426811521763476
0
VERTEX
8
L7
10
14.666485867733556
20
-53.47923430059721
0
VERTEX
8
L7
10
14.688892455867489
20
-53.53576352537177
0
VERTEX
8
L7
10
14.702361865222272
20
-53.59506094063625
0
VERTEX
8
L7
10
14.706575225150743
20
-53.655722757650985
0
VERTEX
8
L7
10
14.70143278986805
20
-53.716312887249615
0
VERTEX
8
L7
10
14.68705629980272
20
-53.7753969373716
0
VERTEX
8
L7
10
14.663786099551217
20
-53.831576170417904
0
VERTEX
8
L7
10
14.632173080664856
20
-53.88352061653398
0
VERTEX
8
L7
10
14.592965640012892
20
-53.93000055890635
0
VERTEX
8
L7
10
14.547091962465686
20
-53.969915645699565
0
VERTEX
8
L7
10
14.49563804733198
20
-54.00232093944657
0
VERTEX
8
L7
10
14.439821998745927
20
-54.02644928720712
0
VERTEX
8
L7
10
14.380965188645035
20
-54.041729481910195
0
VERTEX
8
L7
10
14.320460975018108
20
-54.04779978493415
0
VERTEX
8
L7
10
14.259741715977441
20
-54.04451648979543
0
VERTEX
8
L7
10
14.200244860554207
20
-54.03195732421158
0
VERTEX
8
L7
10
14.14337891897297
20
-54.01041960999921
0
VERTEX
8
L7
10
14.090490118014529
20
-53.9804132243689
0
VERTEX
8
L7
10
14.042830530857984
20
-53.94264852924921
0
VERTEX
8
L7
10
14.00152843588593
20
-53.898019554397266
0
VERTEX
8
L7
10
13.967561606169753
20
-53.84758283241371
0
VERTEX
8
L7
10
13.941734161971098
20
-53.792532386715415
0
VERTEX
8
L7
10
13.924657534246577
20
-53.73417146459303
0
VERTEX
8
L7
10
13.937774249706095
20
-53.72441703535559
0
VERTEX
8
L7
10
13.94904189219639
20
-53.712574850299404
0
VERTEX
8
L7
10
14.236586850318588
20
-53.712574850299404
0
VERTEX
8
L7
10
14.258283781169368
20
-53.732446290022466
0
VERTEX
8
L7
10
14.284987587656474
20
-53.74479690312913
0
VERTEX
8
L7
10
14.31418001937449
20
-53.748461989130796
0
VERTEX
8
L7
10
14.343108140967786
20
-53.74309591923804
0
VERTEX
8
L7
10
14.369043942331714
20
-53.729204730209666
0
VERTEX
8
L7
10
14.389541598286598
20
-53.70809840354286
0
VERTEX
8
L7
10
14.402668117352619
20
-53.681767330222165
0
VERTEX
8
L7
10
14.407185628742525
20
-53.65269461077845
0
VERTEX
8
L7
10
14.402668117352619
20
-53.623621891334736
0
VERTEX
8
L7
10
14.389541598286598
20
-53.59729081801404
0
VERTEX
8
L7
10
14.369043942331714
20
-53.57618449134723
0
VERTEX
8
L7
10
14.343108140967786
20
-53.56229330231886
0
VERTEX
8
L7
10
14.31418001937449
20
-53.5569272324261
0
VERTEX
8
L7
10
14.284987587656474
20
-53.560592318427766
0
VERTEX
8
L7
10
14.258283781169368
20
-53.57294293153443
0
VERTEX
8
L7
10
14.236586850318588
20
-53.59281437125749
0
VERTEX
8
L7
10
13.94904189219639
20
-53.59281437125749
0
VERTEX
8
L7
10
13.92746995618596
20
-53.57302628645608
0
VERTEX
8
L7
10
13.90092987941729
20
-53.56067553552912
0
VERTEX
8
L7
10
13.871899276596878
20
-53.55691510693253
0
VERTEX
8
L7
10
13.843088262285178
20
-53.5620960506378
0
VERTEX
8
L7
10
13.817186451640026
20
-53.57573470631383
0
VERTEX
8
L7
10
13.796611874855486
20
-53.59655785481456
0
VERTEX
8
L7
10
13.78328524506533
20
-53.622621577913584
0
VERTEX
8
L7
10
13.778450652640672
20
-53.651492730288126
0
VERTEX
8
L7
10
13.782559424734586
20
-53.680476082668875
0
VERTEX
8
L7
10
13.795227992216766
20
-53.706865931499365
0
VERTEX
8
L7
10
13.815273697275828
20
-53.728198686408916
0
VERTEX
8
L7
10
13.840825198917244
20
-53.742482855520755
0
VERTEX
8
L7
10
13.857711224684152
20
-53.80653965942984
0
VERTEX
8
L7
10
13.883272792394806
20
-53.867654455096854
0
VERTEX
8
L7
10
13.917021083308882
20
-53.924658532614394
0
VERTEX
8
L7
10
13.958310722415007
20
-53.976461792123175
0
VERTEX
8
L7
10
14.006352120060285
20
-54.02207358999977
0
VERTEX
8
L7
10
14.060226571424053
20
-54.06062168312382
0
VERTEX
8
L7
10
14.118903825085553
20
-54.091368908949754
0
VERTEX
8
L7
10
14.1812617847186
20
-54.11372728240692
0
VERTEX
8
L7
10
14.246107967153876
20
-54.127269240050374
0
VERTEX
8
L7
10
14.31220230646231
20
-54.131735816438265
0
VERTEX
8
L7
10
14.378280867972592
20
-54.127041596377424
0
VERTEX
8
L7
10
14.443080018735259
20
-54.11327634833444
0
VERTEX
8
L7
10
14.505360592216874
20
-54.09070330777612
0
VERTEX
8
L7
10
14.563931585118283
20
-54.05975414326737
0
VERTEX
8
L7
10
14.617672933158119
20
-54.021020701590835
0
VERTEX
8
L7
10
14.665556930275883
20
-53.97524368974785
0
VERTEX
8
L7
10
14.706667881651256
20
-53.92329851027701
0
VERTEX
8
L7
10
14.740219614710966
20
-53.866178520764244
0
VERTEX
8
L7
10
14.76557051325699
20
-53.804976037676084
0
VERTEX
8
L7
10
14.782235787215683
20
-53.74086144778324
0
VERTEX
8
L7
10
14.789896743370917
20
-53.67506082663089
0
VERTEX
8
L7
10
14.78840687979526
20
-53.608832492061964
0
VERTEX
8
L7
10
14.777794687434351
20
-53.54344294116473
0
VERTEX
8
L7
10
14.758263105269137
20
-53.480142630807116
0
VERTEX
8
L7
10
14.730185639474882
20
-53.42014206491128
0
VERTEX
8
L7
10
14.694099220791387
20
-53.364588645755966
0
VERTEX
8
L7
10
14.650693936693813
20
-53.314544731983595
0
VERTEX
8
L7
10
14.600799834718217
20
-53.270967322913116
0
VERTEX
8
L7
10
14.545371049303938
20
-53.2346897576593
0
VERTEX
8
L7
10
14.485467555698591
20
-53.20640577902968
0
VERTEX
8
L7
10
14.422234899848945
20
-53.18665626694842
0
VERTEX
8
L7
10
14.356882291907098
20
-53.175818895106225
0
VERTEX
8
L7
10
14.290659482273782
20
-53.174100908634216
0
VERTEX
8
L7
10
14.224832862382883
20
-53.18153516091576
0
VERTEX
8
L7
10
14.160661247256144
20
-53.1979794853249
0
VERTEX
8
L7
10
14.09937180294321
20
-53.22311941390591
0
VERTEX
8
L7
10
14.042136579190881
20
-53.25647419100409
0
SEQEND
0
POLYLINE
8
L7
66
1
70
1
0
VERTEX
8
L7
10
14.910179640718567
20
-55.59281437125749
0
VERTEX
8
L7
10
14.897674137272332
20
-55.5936340252576
0
VERTEX
8
L7
10
14.885382606457256
20
-55.59607896275075
0
VERTEX
8
L7
10
14.873515359773407
20
-55.60010735017856
0
VERTEX
8
L7
10
14.862275449101801
20
-55.605650260715265
0
VERTEX
8
L7
10
14.851855192430307
20
-55.612612853624796
0
VERTEX
8
L7
10
14.842432883239624
20
-55.62087599701207
0
VERTEX
8
L7
10
14.834169739852342
20
-55.63029830620276
0
VERTEX
8
L7
10
14.827207146942811
20
-55.640718562874255
0
VERTEX
8
L7
10
14.821664236406107
20
-55.65195847354586
0
VERTEX
8
L7
10
14.817635848978298
20
-55.6638257202297
0
VERTEX
8
L7
10
14.815190911485146
20
-55.676117251044786
0
VERTEX
8
L7
10
14.814371257485035
20
-55.68862275449102
0
VERTEX
8
L7
10
14.815190911485146
20
-55.70112825793725
0
VERTEX
8
L7
10
14.817635848978298
20
-55.71341978875234
0
VERTEX
8
L7
10
14.821664236406107
20
-55.725287035436175
0
VERTEX
8
L7
10
14.827207146942811
20
-55.73652694610779
0
VERTEX
8
L7
10
14.834169739852342
20
-55.74694720277928
0
VERTEX
8
L7
10
14.842432883239624
20
-55.75636951196997
0
VERTEX
8
L7
10
14.851855192430307
20
-55.76463265535725
0
VERTEX
8
L7
10
14.862275449101801
20
-55.77159524826677
0
VERTEX
8
L7
10
14.873515359773407
20
-55.777138158803474
0
VERTEX
8
L7
10
14.885382606457256
20
-55.78116654623129
0
VERTEX
8
L7
10
14.897674137272332
20
-55.783611483724435
0
VERTEX
8
L7
10
14.910179640718567
20
-55.78443113772455
0
VERTEX
8
L7
10
14.922685144164802
20
-55.783611483724435
0
VERTEX
8
L7
10
14.934976674979893
20
-55.78116654623129
0
VERTEX
8
L7
10
14.946843921663728
20
-55.777138158803474
0
VERTEX
8
L7
10
14.958083832335333
20
-55.77159524826677
0
VERTEX
8
L7
10
14.968504089006828
20
-55.76463265535725
0
VERTEX
8
L7
10
14.977926398197525
20
-55.75636951196997
0
VERTEX
8
L7
10
14.986189541584793
20
-55.74694720277928
0
VERTEX
8
L7
10
14.993152134494323
20
-55.73652694610779
0
VERTEX
8
L7
10
14.998695045031027
20
-55.725287035436175
0
VERTEX
8
L7
10
15.002723432458836
20
-55.71341978875234
0
VERTEX
8
L7
10
15.005168369951988
20
-55.70112825793725
0
VERTEX
8
L7
10
15.0059880239521
20
-55.68862275449102
0
VERTEX
8
L7
10
15.005168369951988
20
-55.676117251044786
0
VERTEX
8
L7
10
15.002723432458836
20
-55.6638257202297
0
VERTEX
8
L7
10
14.998695045031027
20
-55.65195847354586
0
VERTEX
8
L7
10
14.993152134494323
20
-55.640718562874255
0
VERTEX
8
L7
10
14.986189541584793
20
-55.63029830620276
0
VERTEX
8
L7
10
14.977926398197525
20
-55.62087599701207
0
VERTEX
8
L7
10
14.968504089006828
20
-55.612612853624796
0
VERTEX
8
L7
10
14.958083832335333
20
-55.605650260715265
0
VERTEX
8
L7
10
14.946843921663728
20
-55.60010735017856
0
VERTEX
8
L7
10
14.934976674979893
20
-55.59607896275075
0
VERTEX
8
L7
10
14.922685144164802
20
-55.5936340252576
0
VERTEX
8
L7
10
14.910179640718567
20
-55.59281437125749
0
SEQEND
0
POLYLINE
8
L7
66
1
70
1
0
VERTEX
8
L7
10
14.422303222691227
20
-55.30158301904277
0
VERTEX
8
L7
10
14.39313257187223
20
-55.29980994210054
0
VERTEX
8
L7
10
14.364784477666575
20
-55.30691319670349
0
VERTEX
8
L7
10
14.339896550511497
20
-55.322231870045876
0
VERTEX
8
L7
10
14.320784454237867
20
-55.34434065669449
0
VERTEX
8
L7
10
14.309226448232081
20
-55.37118247422269
0
VERTEX
8
L7
10
14.306297931674564
20
-55.4002598616882
0
VERTEX
8
L7
10
14.312271384464026
20
-55.428867352539704
0
VERTEX
8
L7
10
14.326591014690436
20
-55.45434320112667
0
VERTEX
8
L7
10
14.347924471548538
20
-55.474317041256455
0
VERTEX
8
L7
10
14.374286812133064
20
-55.48693043374032
0
VERTEX
8
L7
10
14.403225187791435
20
-55.491009782377304
0
VERTEX
8
L7
10
14.432047066139646
20
-55.486175529640036
0
VERTEX
8
L7
10
14.458070754129821
20
-55.47287747209628
0
VERTEX
8
L7
10
14.478874912586193
20
-55.452352909690006
0
VERTEX
8
L7
10
14.492523846463996
20
-55.426511522826175
0
VERTEX
8
L7
10
14.497747609000953
20
-55.39775768871654
0
VERTEX
8
L7
10
14.494060162211952
20
-55.36876676932399
0
VERTEX
8
L7
10
14.48180459964209
20
-55.34223618589386
0
VERTEX
8
L7
10
14.530607158614401
20
-55.2893564754853
0
VERTEX
8
L7
10
14.585885767037624
20
-55.24328881887102
0
VERTEX
8
L7
10
14.646697292786513
20
-55.204819196163875
0
VERTEX
8
L7
10
14.712004204252494
20
-55.174603954150726
0
VERTEX
8
L7
10
14.780692272116852
20
-55.15315860807747
0
VERTEX
8
L7
10
14.85158957969658
20
-55.140849046221604
0
VERTEX
8
L7
10
14.92348651751928
20
-55.137885287314866
0
VERTEX
8
L7
10
14.99515642099081
20
-55.14431789732332
0
VERTEX
8
L7
10
15.065376499047773
20
-55.16003712671957
0
VERTEX
8
L7
10
15.132948696722067
20
-55.18477478296677
0
VERTEX
8
L7
10
15.196720135672194
20
-55.21810880626683
0
VERTEX
8
L7
10
15.255602783936766
20
-55.259470470504255
0
VERTEX
8
L7
10
15.308592019315952
20
-55.30815408652719
0
VERTEX
8
L7
10
15.354783769663157
20
-55.36332904221362
0
VERTEX
8
L7
10
15.393389937648976
20
-55.42405397390226
0
VERTEX
8
L7
10
15.423751846828765
20
-55.48929282740304
0
VERTEX
8
L7
10
15.445351479604994
20
-55.55793253456348
0
VERTEX
8
L7
10
15.457820315348343
20
-55.62880200380337
0
VERTEX
8
L7
10
15.460945617886736
20
-55.700692100612194
0
VERTEX
8
L7
10
15.454674065088696
20
-55.772376277113295
0
VERTEX
8
L7
10
15.43911265861523
20
-55.84263149872498
0
VERTEX
8
L7
10
15.414526898318414
20
-55.91025911087982
0
VERTEX
8
L7
10
15.381336252434167
20
-55.97410528978604
0
VERTEX
8
L7
10
15.340107000854161
20
-56.033080728311674
0
VERTEX
8
L7
10
15.291542573580955
20
-56.08617922112235
0
VERTEX
8
L7
10
15.236471549206016
20
-56.13249483198341
0
VERTEX
8
L7
10
15.17583351817379
20
-56.1712373503279
0
VERTEX
8
L7
10
15.110663052024861
20
-56.201745773379066
0
VERTEX
8
L7
10
15.042072052125661
20
-56.22349958380316
0
VERTEX
8
L7
10
14.971230779040866
20
-56.236127630479665
0
VERTEX
8
L7
10
14.899347886214258
20
-56.23941446087025
0
VERTEX
8
L7
10
14.827649798612242
20
-56.23330399694728
0
VERTEX
8
L7
10
14.757359788159818
20
-56.217900491965125
0
VERTEX
8
L7
10
14.689677102971757
20
-56.19346675175057
0
VERTEX
8
L7
10
14.625756506464569
20
-56.16041965085949
0
VERTEX
8
L7
10
14.566688575440935
20
-56.11932302010068
0
VERTEX
8
L7
10
14.513481093289556
20
-56.07087802677579
0
VERTEX
8
L7
10
14.467041855759106
20
-56.01591121176228
0
VERTEX
8
L7
10
14.428163182664335
20
-55.95536038754387
0
VERTEX
8
L7
10
14.444839543165742
20
-55.931361019396476
0
VERTEX
8
L7
10
14.453505189673763
20
-55.9034508556269
0
VERTEX
8
L7
10
14.453353838721554
20
-55.8742267600218
0
VERTEX
8
L7
10
14.444399572555639
20
-55.84640784939473
0
VERTEX
8
L7
10
14.42747552887218
20
-55.822582497006
0
VERTEX
8
L7
10
14.404156382636458
20
-55.804967500841244
0
VERTEX
8
L7
10
14.376611832560982
20
-55.79520182461346
0
VERTEX
8
L7
10
14.347404724396156
20
-55.79419410258068
0
VERTEX
8
L7
10
14.319252594381936
20
-55.80203809688904
0
VERTEX
8
L7
10
14.29477481972998
20
-55.81800397359954
0
VERTEX
8
L7
10
14.276248902181095
20
-55.840606209108856
0
VERTEX
8
L7
10
14.265398560907798
20
-55.86774180870238
0
VERTEX
8
L7
10
14.26323335137377
20
-55.89688597687923
0
VERTEX
8
L7
10
14.269954732598578
20
-55.92532703356631
0
VERTEX
8
L7
10
14.284937322673215
20
-55.95041871875687
0
VERTEX
8
L7
10
14.30678708658175
20
-55.9698264102267
0
VERTEX
8
L7
10
14.333471042321293
20
-55.98174434533045
0
VERTEX
8
L7
10
14.36250641698814
20
-55.985063635767126
0
VERTEX
8
L7
10
14.402588123274413
20
-56.04941910633203
0
VERTEX
8
L7
10
14.450193161188906
20
-56.10842698831072
0
VERTEX
8
L7
10
14.504615946664302
20
-56.16121268894592
0
VERTEX
8
L7
10
14.565049845528847
20
-56.20699383832512
0
VERTEX
8
L7
10
14.630599129136343
20
-56.24509188537472
0
VERTEX
8
L7
10
14.70029225052113
20
-56.27494215509034
0
VERTEX
8
L7
10
14.773096244303844
20
-56.296102217938504
0
VERTEX
8
L7
10
14.847932036917896
20
-56.308258447381704
0
VERTEX
8
L7
10
14.923690440234381
20
-56.311230668333664
0
VERTEX
8
L7
10
14.9992485915336
20
-56.304974827647065
0
VERTEX
8
L7
10
15.073486596156343
20
-56.28958364705283
0
VERTEX
8
L7
10
15.145304126163708
20
-56.265285248873305
0
VERTEX
8
L7
10
15.213636728986287
20
-56.23243977487851
0
VERTEX
8
L7
10
15.277471604341969
20
-56.19153404839951
0
VERTEX
8
L7
10
15.335862615583011
20
-56.14317435881511
0
VERTEX
8
L7
10
15.3879443129795
20
-56.088077475357416
0
VERTEX
8
L7
10
15.432944761091605
20
-56.02706002342635
0
VERTEX
8
L7
10
15.470196980107957
20
-55.96102638087342
0
VERTEX
8
L7
10
15.499148831570906
20
-55.890955273651414
0
VERTEX
8
L7
10
15.519371201966308
20
-55.81788526950442
0
VERTEX
8
L7
10
15.530564362883482
20
-55.74289938470513
0
VERTEX
8
L7
10
15.532562413477677
20
-55.66710903199271
0
VERTEX
8
L7
10
15.52533573939023
20
-55.59163754762885
0
VERTEX
8
L7
10
15.508991451681666
20
-55.517603541727844
0
VERTEX
8
L7
10
15.483771799271494
20
-55.44610431863584
0
VERTEX
8
L7
10
15.450050578415372
20
-55.378199613096214
0
VERTEX
8
L7
10
15.408327592436834
20
-55.31489588325756
0
VERTEX
8
L7
10
15.359221243829296
20
-55.25713139332745
0
VERTEX
8
L7
10
15.303459368525665
20
-55.20576230697122
0
VERTEX
8
L7
10
15.241868448186295
20
-55.16154999757441
0
VERTEX
8
L7
10
15.175361360396948
20
-55.12514976345111
0
VERTEX
8
L7
10
15.104923848338657
20
-55.09710111525754
0
VERTEX
8
L7
10
15.03159991047093
20
-55.077819779566774
0
VERTEX
8
L7
10
14.956476326777093
20
-55.06759153712506
0
VERTEX
8
L7
10
14.880666550917837
20
-55.06656798711643
0
VERTEX
8
L7
10
14.805294207037477
20
-55.07476430021628
0
VERTEX
8
L7
10
14.731476435827133
20
-55.09205899373734
0
VERTEX
8
L7
10
14.660307336683232
20
-55.1181957322006
0
VERTEX
8
L7
10
14.592841751375474
20
-55.1527871266439
0
VERTEX
8
L7
10
14.530079629576619
20
-55.19532047635627
0
VERTEX
8
L7
10
14.472951207982405
20
-55.2451653679361
0
VERTEX
8
L7
10
14.422303222691227
20
-55.30158301904277
0
SEQEND
0
POLYLINE
8
L7
66
1
70
1
0
VERTEX
8
L7
10
18.494504142400146
20
-53.742482855520755
0
VERTEX
8
L7
10
18.520055644041534
20
-53.728198686408916
0
VERTEX
8
L7
10
18.540101349100624
20
-53.706865931499365
0
VERTEX
8
L7
10
18.55276991658279
20
-53.680476082668875
0
VERTEX
8
L7
10
18.55687868867672
20
-53.651492730288126
0
VERTEX
8
L7
10
18.55204409625206
20
-53.622621577913584
0
VERTEX
8
L7
10
18.538717466461904
20
-53.59655785481456
0
VERTEX
8
L7
10
18.51814288967735
20
-53.57573470631383
0
VERTEX
8
L7
10
18.492241079032212
20
-53.5620960506378
0
VERTEX
8
L7
10
18.463430064720498
20
-53.55691510693253
0
VERTEX
8
L7
10
18.4343994619001
20
-53.56067553552912
0
VERTEX
8
L7
10
18.40785938513143
20
-53.57302628645608
0
VERTEX
8
L7
10
18.386287449120985
20
-53.59281437125749
0
VERTEX
8
L7
10
18.098742490998788
20
-53.59281437125749
0
VERTEX
8
L7
10
18.077045560148022
20
-53.57294293153443
0
VERTEX
8
L7
10
18.050341753660902
20
-53.560592318427766
0
VERTEX
8
L7
10
18.0211493219429
20
-53.55692723242609
0
VERTEX
8
L7
10
17.99222120034959
20
-53.56229330231886
0
VERTEX
8
L7
10
17.966285398985676
20
-53.57618449134722
0
VERTEX
8
L7
10
17.945787743030778
20
-53.59729081801403
0
VERTEX
8
L7
10
17.932661223964757
20
-53.62362189133473
0
VERTEX
8
L7
10
17.92814371257485
20
-53.65269461077845
0
VERTEX
8
L7
10
17.932661223964757
20
-53.68176733022216
0
VERTEX
8
L7
10
17.945787743030778
20
-53.708098403542856
0
VERTEX
8
L7
10
17.966285398985676
20
-53.729204730209666
0
VERTEX
8
L7
10
17.99222120034959
20
-53.74309591923804
0
VERTEX
8
L7
10
18.0211493219429
20
-53.748461989130796
0
VERTEX
8
L7
10
18.050341753660902
20
-53.74479690312913
0
VERTEX
8
L7
10
18.077045560148022
20
-53.732446290022466
0
VERTEX
8
L7
10
18.098742490998788
20
-53.712574850299404
0
VERTEX
8
L7
10
18.386287449120985
20
-53.712574850299404
0
VERTEX
8
L7
10
18.397555091611267
20
-53.72441703535559
0
VERTEX
8
L7
10
18.410671807070784
20
-53.73417146459303
0
VERTEX
8
L7
10
18.393595179346292
20
-53.792532386715415
0
VERTEX
8
L7
10
18.367767735147638
20
-53.84758283241371
0
VERTEX
8
L7
10
18.33380090543143
20
-53.898019554397266
0
VERTEX
8
L7
10
18.292498810459406
20
-53.94264852924921
0
VERTEX
8
L7
10
18.244839223302833
20
-53.9804132243689
0
VERTEX
8
L7
10
18.19195042234442
20
-54.01041960999921
0
VERTEX
8
L7
10
18.135084480763155
20
-54.03195732421158
0
VERTEX
8
L7
10
18.075587625339935
20
-54.04451648979543
0
VERTEX
8
L7
10
18.014868366299268
20
-54.04779978493415
0
VERTEX
8
L7
10
17.95436415267234
20
-54.041729481910195
0
VERTEX
8
L7
10
17.895507342571463
20
-54.02644928720712
0
VERTEX
8
L7
10
17.839691293985382
20
-54.00232093944657
0
VERTEX
8
L7
10
17.78823737885169
20
-53.969915645699565
0
VERTEX
8
L7
10
17.742363701304484
20
-53.93000055890635
0
VERTEX
8
L7
10
17.703156260652534
20
-53.88352061653398
0
VERTEX
8
L7
10
17.671543241766145
20
-53.831576170417904
0
VERTEX
8
L7
10
17.648273041514656
20
-53.7753969373716
0
VERTEX
8
L7
10
17.633896551449325
20
-53.716312887249615
0
VERTEX
8
L7
10
17.628754116166633
20
-53.655722757650985
0
VERTEX
8
L7
10
17.63296747609509
20
-53.59506094063625
0
VERTEX
8
L7
10
17.646436885449887
20
-53.53576352537177
0
VERTEX
8
L7
10
17.668843473583806
20
-53.47923430059721
0
VERTEX
8
L7
10
17.699656793832773
20
-53.426811521763476
0
VERTEX
8
L7
10
17.738147381146646
20
-53.37973622958542
0
VERTEX
8
L7
10
17.783404021220136
20
-53.339122870026365
0
VERTEX
8
L7
10
17.834355322299572
20
-53.30593291124771
0
VERTEX
8
L7
10
17.889795078981038
20
-53.28095208210787
0
VERTEX
8
L7
10
17.948410827545658
20
-53.26477177105943
0
VERTEX
8
L7
10
18.00881491682118
20
-53.25777502580106
0
VERTEX
8
L7
10
18.069577359008363
20
-53.26012748512433
0
VERTEX
8
L7
10
18.129259682771462
20
-53.271773457632
0
VERTEX
8
L7
10
18.18644898716566
20
-53.29243724015902
0
VERTEX
8
L7
10
18.239791390218485
20
-53.32162964468425
0
VERTEX
8
L7
10
18.23758152227613
20
-53.35170253361565
0
VERTEX
8
L7
10
18.244828079215964
20
-53.3809728185053
0
VERTEX
8
L7
10
18.26081324392767
20
-53.40654109326412
0
VERTEX
8
L7
10
18.283953585157533
20
-53.42587465922511
0
VERTEX
8
L7
10
18.31195690634793
20
-53.43705840489953
0
VERTEX
8
L7
10
18.3420493021447
20
-53.43898450983298
0
VERTEX
8
L7
10
18.37124993119498
20
-53.431462181199436
0
VERTEX
8
L7
10
18.39666628725935
20
-53.4152365530325
0
VERTEX
8
L7
10
18.415780720174425
20
-53.3919148760058
0
VERTEX
8
L7
10
18.426699824959954
20
-53.36380730912986
0
VERTEX
8
L7
10
18.428341995508546
20
-53.33369808395065
0
VERTEX
8
L7
10
18.420544564483478
20
-53.30456970887733
0
VERTEX
8
L7
10
18.40407991654301
20
-53.279307532937786
0
VERTEX
8
L7
10
18.380578978774977
20
-53.26041393378289
0
VERTEX
8
L7
10
18.35236966709546
20
-53.249760441417926
0
VERTEX
8
L7
10
18.322246291514077
20
-53.248402351366984
0
VERTEX
8
L7
10
18.29319276212651
20
-53.25647419100409
0
VERTEX
8
L7
10
18.235957538374166
20
-53.22311941390591
0
VERTEX
8
L7
10
18.174668094061232
20
-53.1979794853249
0
VERTEX
8
L7
10
18.110496478934508
20
-53.18153516091576
0
VERTEX
8
L7
10
18.044669859043594
20
-53.174100908634216
0
VERTEX
8
L7
10
17.978447049410292
20
-53.175818895106225
0
VERTEX
8
L7
10
17.91309444146843
20
-53.18665626694842
0
VERTEX
8
L7
10
17.849861785618785
20
-53.20640577902968
0
VERTEX
8
L7
10
17.789958292013452
20
-53.2346897576593
0
VERTEX
8
L7
10
17.734529506599173
20
-53.270967322913116
0
VERTEX
8
L7
10
17.684635404623563
20
-53.314544731983595
0
VERTEX
8
L7
10
17.641230120526004
20
-53.364588645755966
0
VERTEX
8
L7
10
17.605143701842493
20
-53.42014206491128
0
VERTEX
8
L7
10
17.577066236048253
20
-53.480142630807116
0
VERTEX
8
L7
10
17.557534653883025
20
-53.54344294116473
0
VERTEX
8
L7
10
17.54692246152213
20
-53.608832492061964
0
VERTEX
8
L7
10
17.54543259794646
20
-53.67506082663088
0
VERTEX
8
L7
10
17.553093554101693
20
-53.74086144778323
0
VERTEX
8
L7
10
17.569758828060387
20
-53.804976037676084
0
VERTEX
8
L7
10
17.595109726606424
20
-53.866178520764244
0
VERTEX
8
L7
10
17.628661459666105
20
-53.923298510277
0
VERTEX
8
L7
10
17.669772411041507
20
-53.97524368974785
0
VERTEX
8
L7
10
17.71765640815927
20
-54.021020701590835
0
VERTEX
8
L7
10
17.77139775619908
20
-54.05975414326737
0
VERTEX
8
L7
10
17.8299687491005
20
-54.09070330777612
0
VERTEX
8
L7
10
17.892249322582117
20
-54.11327634833444
0
VERTEX
8
L7
10
17.957048473344784
20
-54.127041596377424
0
VERTEX
8
L7
10
18.02312703485508
20
-54.13173581643826
0
VERTEX
8
L7
10
18.0892213741635
20
-54.127269240050374
0
VERTEX
8
L7
10
18.154067556598775
20
-54.11372728240692
0
VERTEX
8
L7
10
18.216425516231837
20
-54.091368908949754
0
VERTEX
8
L7
10
18.275102769893337
20
-54.06062168312381
0
VERTEX
8
L7
10
18.32897722125709
20
-54.02207358999976
0
VERTEX
8
L7
10
18.37701861890237
20
-53.976461792123175
0
VERTEX
8
L7
10
18.41830825800851
20
-53.924658532614394
0
VERTEX
8
L7
10
18.452056548922585
20
-53.867654455096854
0
VERTEX
8
L7
10
18.477618116633224
20
-53.80653965942984
0
VERTEX
8
L7
10
18.494504142400146
20
-53.742482855520755
0
SEQEND
0
POLYLINE
8
L7
66
1
70
1
0
VERTEX
8
L7
10
17.425149700598794
20
-55.59281437125749
0
VERTEX
8
L7
10
17.412644197152574
20
-55.5936340252576
0
VERTEX
8
L7
10
17.400352666337497
20
-55.59607896275075
0
VERTEX
8
L7
10
17.388485419653662
20
-55.60010735017856
0
VERTEX
8
L7
10
17.37724550898203
20
-55.605650260715265
0
VERTEX
8
L7
10
17.366825252310534
20
-55.612612853624796
0
VERTEX
8
L7
10
17.35740294311985
20
-55.62087599701207
0
VERTEX
8
L7
10
17.349139799732583
20
-55.63029830620276
0
VERTEX
8
L7
10
17.342177206823052
20
-55.640718562874255
0
VERTEX
8
L7
10
17.336634296286363
20
-55.65195847354586
0
VERTEX
8
L7
10
17.332605908858525
20
-55.6638257202297
0
VERTEX
8
L7
10
17.3301609713654
20
-55.676117251044786
0
VERTEX
8
L7
10
17.329341317365262
20
-55.68862275449102
0
VERTEX
8
L7
10
17.3301609713654
20
-55.70112825793725
0
VERTEX
8
L7
10
17.332605908858525
20
-55.71341978875234
0
VERTEX
8
L7
10
17.336634296286363
20
-55.725287035436175
0
VERTEX
8
L7
10
17.342177206823052
20
-55.73652694610779
0
VERTEX
8
L7
10
17.349139799732583
20
-55.74694720277928
0
VERTEX
8
L7
10
17.35740294311985
20
-55.75636951196997
0
VERTEX
8
L7
10
17.366825252310534
20
-55.76463265535725
0
VERTEX
8
L7
10
17.37724550898203
20
-55.77159524826677
0
VERTEX
8
L7
10
17.388485419653662
20
-55.777138158803474
0
VERTEX
8
L7
10
17.400352666337497
20
-55.78116654623129
0
VERTEX
8
L7
10
17.412644197152574
20
-55.783611483724435
0
VERTEX
8
L7
10
17.425149700598794
20
-55.78443113772455
0
VERTEX
8
L7
10
17.437655204045043
20
-55.783611483724435
0
VERTEX
8
L7
10
17.44994673486012
20
-55.78116654623129
0
VERTEX
8
L7
10
17.461813981543955
20
-55.777138158803474
0
VERTEX
8
L7
10
17.47305389221559
20
-55.77159524826677
0
VERTEX
8
L7
10
17.483474148887055
20
-55.76463265535725
0
VERTEX
8
L7
10
17.492896458077766
20
-55.75636951196997
0
VERTEX
8
L7
10
17.501159601465034
20
-55.74694720277928
0
VERTEX
8
L7
10
17.508122194374565
20
-55.73652694610779
0
VERTEX
8
L7
10
17.513665104911254
20
-55.725287035436175
0
VERTEX
8
L7
10
17.51769349233909
20
-55.71341978875234
0
VERTEX
8
L7
10
17.520138429832215
20
-55.70112825793725
0
VERTEX
8
L7
10
17.520958083832355
20
-55.68862275449102
0
VERTEX
8
L7
10
17.520138429832215
20
-55.676117251044786
0
VERTEX
8
L7
10
17.51769349233909
20
-55.6638257202297
0
VERTEX
8
L7
10
17.513665104911254
20
-55.65195847354586
0
VERTEX
8
L7
10
17.508122194374565
20
-55.640718562874255
0
VERTEX
8
L7
10
17.501159601465034
20
-55.63029830620276
0
VERTEX
8
L7
10
17.492896458077766
20
-55.62087599701207
0
VERTEX
8
L7
10
17.483474148887055
20
-55.612612853624796
0
VERTEX
8
L7
10
17.47305389221559
20
-55.605650260715265
0
VERTEX
8
L7
10
17.461813981543955
20
-55.60010735017856
0
VERTEX
8
L7
10
17.44994673486012
20
-55.59607896275075
0
VERTEX
8
L7
10
17.437655204045043
20
-55.5936340252576
0
VERTEX
8
L7
10
17.425149700598794
20
-55.59281437125749
0
SEQEND
0
POLYLINE
8
L7
66
1
70
1
0
VERTEX
8
L7
10
12.035928143712582
20
-55.61362275449102
0
VERTEX
8
L7
10
12.026138679296082
20
-55.614264389887985
0
VERTEX
8
L7
10
12.0165167153299
20
-55.61617831751934
0
VERTEX
8
L7
10
12.00722688628521
20
-55.619331789552675
0
VERTEX
8
L7
10
11.998428143712587
20
-55.62367084920719
0
VERTEX
8
L7
10
11.990271036536924
20
-55.629121253969174
0
VERTEX
8
L7
10
11.982895135123599
20
-55.63558974590203
0
VERTEX
8
L7
10
11.976426643190749
20
-55.642965647315364
0
VERTEX
8
L7
10
11.970976238428747
20
-55.65112275449102
0
VERTEX
8
L7
10
11.966637178774235
20
-55.659921497063635
0
VERTEX
8
L7
10
11.963483706740902
20
-55.66921132610833
0
VERTEX
8
L7
10
11.961569779109553
20
-55.678833290074515
0
VERTEX
8
L7
10
11.960928143712579
20
-55.68862275449102
0
VERTEX
8
L7
10
11.961569779109553
20
-55.69841221890752
0
VERTEX
8
L7
10
11.963483706740902
20
-55.70803418287371
0
VERTEX
8
L7
10
11.966637178774235
20
-55.7173240119184
0
VERTEX
8
L7
10
11.970976238428747
20
-55.72612275449102
0
VERTEX
8
L7
10
11.976426643190749
20
-55.73427986166667
0
VERTEX
8
L7
10
11.982895135123599
20
-55.74165576308001
0
VERTEX
8
L7
10
11.990271036536924
20
-55.74812425501286
0
VERTEX
8
L7
10
11.998428143712587
20
-55.753574659774856
0
VERTEX
8
L7
10
12.00722688628521
20
-55.75791371942937
0
VERTEX
8
L7
10
12.0165167153299
20
-55.7610671914627
0
VERTEX
8
L7
10
12.026138679296082
20
-55.76298111909406
0
VERTEX
8
L7
10
12.035928143712582
20
-55.76362275449102
0
VERTEX
8
L7
10
12.045717608129095
20
-55.76298111909406
0
VERTEX
8
L7
10
12.055339572095278
20
-55.7610671914627
0
VERTEX
8
L7
10
12.064629401139968
20
-55.75791371942937
0
VERTEX
8
L7
10
12.07342814371259
20
-55.753574659774856
0
VERTEX
8
L7
10
12.081585250888239
20
-55.74812425501286
0
VERTEX
8
L7
10
12.088961152301579
20
-55.74165576308001
0
VERTEX
8
L7
10
12.095429644234429
20
-55.73427986166667
0
VERTEX
8
L7
10
12.100880048996416
20
-55.72612275449102
0
VERTEX
8
L7
10
12.105219108650928
20
-55.7173240119184
0
VERTEX
8
L7
10
12.10837258068426
20
-55.70803418287371
0
VERTEX
8
L7
10
12.110286508315625
20
-55.69841221890752
0
VERTEX
8
L7
10
12.110928143712584
20
-55.68862275449102
0
VERTEX
8
L7
10
12.110286508315625
20
-55.678833290074515
0
VERTEX
8
L7
10
12.10837258068426
20
-55.66921132610833
0
VERTEX
8
L7
10
12.105219108650928
20
-55.659921497063635
0
VERTEX
8
L7
10
12.100880048996416
20
-55.65112275449102
0
VERTEX
8
L7
10
12.095429644234429
20
-55.642965647315364
0
VERTEX
8
L7
10
12.088961152301579
20
-55.63558974590203
0
VERTEX
8
L7
10
12.081585250888239
20
-55.629121253969174
0
VERTEX
8
L7
10
12.07342814371259
20
-55.62367084920719
0
VERTEX
8
L7
10
12.064629401139968
20
-55.619331789552675
0
VERTEX
8
L7
10
12.055339572095278
20
-55.61617831751934
0
VERTEX
8
L7
10
12.045717608129095
20
-55.614264389887985
0
VERTEX
8
L7
10
12.035928143712582
20
-55.61362275449102
0
SEQEND
0
POLYLINE
8
L7
66
1
70
1
0
VERTEX
8
L7
10
12.466347955174314
20
-55.36511976047905
0
VERTEX
8
L7
10
12.456558490757814
20
-55.36576139587601
0
VERTEX
8
L7
10
12.446936526791617
20
-55.36767532350736
0
VERTEX
8
L7
10
12.437646697746928
20
-55.370828795540696
0
VERTEX
8
L7
10
12.428847955174305
20
-55.37516785519521
0
VERTEX
8
L7
10
12.420690847998657
20
-55.3806182599572
0
VERTEX
8
L7
10
12.413314946585317
20
-55.38708675189005
0
VERTEX
8
L7
10
12.406846454652467
20
-55.39446265330339
0
VERTEX
8
L7
10
12.40139604989048
20
-55.40261976047904
0
VERTEX
8
L7
10
12.397056990235967
20
-55.411418503051664
0
VERTEX
8
L7
10
12.393903518202634
20
-55.42070833209635
0
VERTEX
8
L7
10
12.39198959057127
20
-55.43033029606254
0
VERTEX
8
L7
10
12.39134795517431
20
-55.44011976047904
0
VERTEX
8
L7
10
12.39198959057127
20
-55.44990922489555
0
VERTEX
8
L7
10
12.393903518202634
20
-55.45953118886173
0
VERTEX
8
L7
10
12.397056990235967
20
-55.46882101790643
0
VERTEX
8
L7
10
12.40139604989048
20
-55.477619760479044
0
VERTEX
8
L7
10
12.406846454652467
20
-55.4857768676547
0
VERTEX
8
L7
10
12.413314946585317
20
-55.49315276906803
0
VERTEX
8
L7
10
12.420690847998657
20
-55.49962126100089
0
VERTEX
8
L7
10
12.428847955174305
20
-55.50507166576288
0
VERTEX
8
L7
10
12.437646697746928
20
-55.50941072541739
0
VERTEX
8
L7
10
12.446936526791617
20
-55.51256419745072
0
VERTEX
8
L7
10
12.456558490757814
20
-55.51447812508208
0
VERTEX
8
L7
10
12.466347955174314
20
-55.515119760479045
0
VERTEX
8
L7
10
12.476137419590813
20
-55.51447812508208
0
VERTEX
8
L7
10
12.485759383556996
20
-55.51256419745072
0
VERTEX
8
L7
10
12.4950492126017
20
-55.50941072541739
0
VERTEX
8
L7
10
12.503847955174308
20
-55.50507166576288
0
VERTEX
8
L7
10
12.51200506234997
20
-55.49962126100089
0
VERTEX
8
L7
10
12.519380963763297
20
-55.49315276906803
0
VERTEX
8
L7
10
12.52584945569616
20
-55.4857768676547
0
VERTEX
8
L7
10
12.531299860458148
20
-55.477619760479044
0
VERTEX
8
L7
10
12.53563892011266
20
-55.46882101790643
0
VERTEX
8
L7
10
12.538792392145993
20
-55.45953118886173
0
VERTEX
8
L7
10
12.540706319777343
20
-55.44990922489555
0
VERTEX
8
L7
10
12.541347955174317
20
-55.44011976047904
0
VERTEX
8
L7
10
12.540706319777343
20
-55.43033029606254
0
VERTEX
8
L7
10
12.538792392145993
20
-55.42070833209635
0
VERTEX
8
L7
10
12.53563892011266
20
-55.411418503051664
0
VERTEX
8
L7
10
12.531299860458148
20
-55.40261976047904
0
VERTEX
8
L7
10
12.52584945569616
20
-55.39446265330339
0
VERTEX
8
L7
10
12.519380963763297
20
-55.38708675189005
0
VERTEX
8
L7
10
12.51200506234997
20
-55.3806182599572
0
VERTEX
8
L7
10
12.503847955174308
20
-55.37516785519521
0
VERTEX
8
L7
10
12.4950492126017
20
-55.370828795540696
0
VERTEX
8
L7
10
12.485759383556996
20
-55.36767532350736
0
VERTEX
8
L7
10
12.476137419590813
20
-55.36576139587601
0
VERTEX
8
L7
10
12.466347955174314
20
-55.36511976047905
0
SEQEND
0
POLYLINE
8
L7
66
1
70
1
0
VERTEX
8
L7
10
12.704304161836049
20
-53.268600029780735
0
VERTEX
8
L7
10
12.694514697419535
20
-53.269241665177695
0
VERTEX
8
L7
10
12.684892733453353
20
-53.27115559280905
0
VERTEX
8
L7
10
12.675602904408663
20
-53.274309064842384
0
VERTEX
8
L7
10
12.66680416183604
20
-53.2786481244969
0
VERTEX
8
L7
10
12.658647054660392
20
-53.28409852925889
0
VERTEX
8
L7
10
12.651271153247052
20
-53.29056702119174
0
VERTEX
8
L7
10
12.644802661314202
20
-53.29794292260508
0
VERTEX
8
L7
10
12.639352256552215
20
-53.30610002978073
0
VERTEX
8
L7
10
12.635013196897702
20
-53.31489877235335
0
VERTEX
8
L7
10
12.63185972486437
20
-53.32418860139804
0
VERTEX
8
L7
10
12.629945797233006
20
-53.33381056536423
0
VERTEX
8
L7
10
12.629304161836046
20
-53.34360002978073
0
VERTEX
8
L7
10
12.629945797233006
20
-53.35338949419724
0
VERTEX
8
L7
10
12.63185972486437
20
-53.36301145816342
0
VERTEX
8
L7
10
12.635013196897702
20
-53.37230128720812
0
VERTEX
8
L7
10
12.639352256552215
20
-53.38110002978073
0
VERTEX
8
L7
10
12.644802661314202
20
-53.38925713695639
0
VERTEX
8
L7
10
12.651271153247052
20
-53.39663303836972
0
VERTEX
8
L7
10
12.658647054660392
20
-53.40310153030258
0
VERTEX
8
L7
10
12.66680416183604
20
-53.408551935064565
0
VERTEX
8
L7
10
12.675602904408663
20
-53.41289099471908
0
VERTEX
8
L7
10
12.684892733453353
20
-53.41604446675241
0
VERTEX
8
L7
10
12.694514697419535
20
-53.41795839438377
0
VERTEX
8
L7
10
12.704304161836049
20
-53.418600029780734
0
VERTEX
8
L7
10
12.714093626252549
20
-53.41795839438377
0
VERTEX
8
L7
10
12.723715590218731
20
-53.41604446675241
0
VERTEX
8
L7
10
12.73300541926342
20
-53.41289099471908
0
VERTEX
8
L7
10
12.741804161836043
20
-53.408551935064565
0
VERTEX
8
L7
10
12.749961269011706
20
-53.40310153030258
0
VERTEX
8
L7
10
12.757337170425032
20
-53.39663303836972
0
VERTEX
8
L7
10
12.763805662357882
20
-53.38925713695639
0
VERTEX
8
L7
10
12.769256067119883
20
-53.38110002978073
0
VERTEX
8
L7
10
12.773595126774396
20
-53.37230128720812
0
VERTEX
8
L7
10
12.776748598807728
20
-53.36301145816342
0
VERTEX
8
L7
10
12.778662526439078
20
-53.35338949419724
0
VERTEX
8
L7
10
12.779304161836052
20
-53.34360002978073
0
VERTEX
8
L7
10
12.778662526439078
20
-53.33381056536423
0
VERTEX
8
L7
10
12.776748598807728
20
-53.32418860139804
0
VERTEX
8
L7
10
12.773595126774396
20
-53.31489877235335
0
VERTEX
8
L7
10
12.769256067119883
20
-53.30610002978073
0
VERTEX
8
L7
10
12.763805662357882
20
-53.29794292260508
0
VERTEX
8
L7
10
12.757337170425032
20
-53.29056702119174
0
VERTEX
8
L7
10
12.749961269011706
20
-53.28409852925889
0
VERTEX
8
L7
10
12.741804161836043
20
-53.2786481244969
0
VERTEX
8
L7
10
12.73300541926342
20
-53.274309064842384
0
VERTEX
8
L7
10
12.723715590218731
20
-53.27115559280905
0
VERTEX
8
L7
10
12.714093626252549
20
-53.269241665177695
0
VERTEX
8
L7
10
12.704304161836049
20
-53.268600029780735
0
SEQEND
0
POLYLINE
8
L7
66
1
70
1
0
VERTEX
8
L7
10
12.39520958083834
20
-53.577694610778444
0
VERTEX
8
L7
10
12.385420116421827
20
-53.57833624617541
0
VERTEX
8
L7
10
12.375798152455644
20
-53.58025017380677
0
VERTEX
8
L7
10
12.366508323410955
20
-53.5834036458401
0
VERTEX
8
L7
10
12.357709580838332
20
-53.58774270549461
0
VERTEX
8
L7
10
12.349552473662683
20
-53.5931931102566
0
VERTEX
8
L7
10
12.342176572249343
20
-53.59966160218946
0
VERTEX
8
L7
10
12.335708080316493
20
-53.60703750360279
0
VERTEX
8
L7
10
12.330257675554506
20
-53.615194610778445
0
VERTEX
8
L7
10
12.325918615899994
20
-53.62399335335106
0
VERTEX
8
L7
10
12.322765143866647
20
-53.63328318239576
0
VERTEX
8
L7
10
12.320851216235297
20
-53.64290514636194
0
VERTEX
8
L7
10
12.320209580838338
20
-53.65269461077845
0
VERTEX
8
L7
10
12.320851216235297
20
-53.662484075194946
0
VERTEX
8
L7
10
12.322765143866647
20
-53.672106039161136
0
VERTEX
8
L7
10
12.325918615899994
20
-53.681395868205826
0
VERTEX
8
L7
10
12.330257675554506
20
-53.69019461077845
0
VERTEX
8
L7
10
12.335708080316493
20
-53.6983517179541
0
VERTEX
8
L7
10
12.342176572249343
20
-53.70572761936744
0
VERTEX
8
L7
10
12.349552473662683
20
-53.71219611130029
0
VERTEX
8
L7
10
12.357709580838332
20
-53.71764651606228
0
VERTEX
8
L7
10
12.366508323410955
20
-53.72198557571679
0
VERTEX
8
L7
10
12.375798152455644
20
-53.725139047750126
0
VERTEX
8
L7
10
12.385420116421827
20
-53.72705297538148
0
VERTEX
8
L7
10
12.39520958083834
20
-53.72769461077844
0
VERTEX
8
L7
10
12.40499904525484
20
-53.72705297538148
0
VERTEX
8
L7
10
12.414621009221023
20
-53.725139047750126
0
VERTEX
8
L7
10
12.423910838265712
20
-53.72198557571679
0
VERTEX
8
L7
10
12.432709580838335
20
-53.71764651606228
0
VERTEX
8
L7
10
12.440866688013983
20
-53.71219611130029
0
VERTEX
8
L7
10
12.448242589427323
20
-53.70572761936744
0
VERTEX
8
L7
10
12.454711081360173
20
-53.6983517179541
0
VERTEX
8
L7
10
12.46016148612216
20
-53.69019461077845
0
VERTEX
8
L7
10
12.464500545776673
20
-53.681395868205826
0
VERTEX
8
L7
10
12.46765401781002
20
-53.672106039161136
0
VERTEX
8
L7
10
12.46956794544137
20
-53.662484075194946
0
VERTEX
8
L7
10
12.470209580838329
20
-53.65269461077845
0
VERTEX
8
L7
10
12.46956794544137
20
-53.64290514636194
0
VERTEX
8
L7
10
12.46765401781002
20
-53.63328318239576
0
VERTEX
8
L7
10
12.464500545776673
20
-53.62399335335106
0
VERTEX
8
L7
10
12.46016148612216
20
-53.615194610778445
0
VERTEX
8
L7
10
12.454711081360173
20
-53.60703750360279
0
VERTEX
8
L7
10
12.448242589427323
20
-53.59966160218946
0
VERTEX
8
L7
10
12.440866688013983
20
-53.5931931102566
0
VERTEX
8
L7
10
12.432709580838335
20
-53.58774270549461
0
VERTEX
8
L7
10
12.423910838265712
20
-53.5834036458401
0
VERTEX
8
L7
10
12.414621009221023
20
-53.58025017380677
0
VERTEX
8
L7
10
12.40499904525484
20
-53.57833624617541
0
VERTEX
8
L7
10
12.39520958083834
20
-53.577694610778444
0
SEQEND
0
POLYLINE
8
L7
66
1
70
1
0
VERTEX
8
L7
10
16.167664670658695
20
-56.69146706586827
0
VERTEX
8
L7
10
16.15787520624218
20
-56.69210870126523
0
VERTEX
8
L7
10
16.148253242276
20
-56.69402262889658
0
VERTEX
8
L7
10
16.13896341323131
20
-56.697176100929916
0
VERTEX
8
L7
10
16.130164670658687
20
-56.701515160584435
0
VERTEX
8
L7
10
16.122007563483038
20
-56.70696556534642
0
VERTEX
8
L7
10
16.114631662069698
20
-56.71343405727927
0
VERTEX
8
L7
10
16.108163170136848
20
-56.72080995869261
0
VERTEX
8
L7
10
16.10271276537486
20
-56.72896706586827
0
VERTEX
8
L7
10
16.09837370572035
20
-56.737765808440884
0
VERTEX
8
L7
10
16.095220233687016
20
-56.74705563748557
0
VERTEX
8
L7
10
16.093306306055652
20
-56.75667760145176
0
VERTEX
8
L7
10
16.092664670658692
20
-56.76646706586826
0
VERTEX
8
L7
10
16.093306306055652
20
-56.77625653028477
0
VERTEX
8
L7
10
16.095220233687016
20
-56.78587849425095
0
VERTEX
8
L7
10
16.09837370572035
20
-56.79516832329565
0
VERTEX
8
L7
10
16.10271276537486
20
-56.803967065868264
0
VERTEX
8
L7
10
16.108163170136848
20
-56.81212417304392
0
VERTEX
8
L7
10
16.114631662069698
20
-56.81950007445725
0
VERTEX
8
L7
10
16.122007563483038
20
-56.82596856639011
0
VERTEX
8
L7
10
16.130164670658687
20
-56.8314189711521
0
VERTEX
8
L7
10
16.13896341323131
20
-56.83575803080661
0
VERTEX
8
L7
10
16.148253242276
20
-56.83891150283994
0
VERTEX
8
L7
10
16.15787520624218
20
-56.8408254304713
0
VERTEX
8
L7
10
16.167664670658695
20
-56.841467065868265
0
VERTEX
8
L7
10
16.177454135075195
20
-56.8408254304713
0
VERTEX
8
L7
10
16.187076099041377
20
-56.83891150283995
0
VERTEX
8
L7
10
16.196365928086067
20
-56.83575803080661
0
VERTEX
8
L7
10
16.20516467065869
20
-56.8314189711521
0
VERTEX
8
L7
10
16.213321777834338
20
-56.82596856639011
0
VERTEX
8
L7
10
16.220697679247678
20
-56.81950007445725
0
VERTEX
8
L7
10
16.227166171180528
20
-56.81212417304392
0
VERTEX
8
L7
10
16.232616575942515
20
-56.803967065868264
0
VERTEX
8
L7
10
16.23695563559704
20
-56.79516832329565
0
VERTEX
8
L7
10
16.240109107630374
20
-56.78587849425095
0
VERTEX
8
L7
10
16.242023035261724
20
-56.77625653028477
0
VERTEX
8
L7
10
16.242664670658684
20
-56.76646706586826
0
VERTEX
8
L7
10
16.242023035261724
20
-56.75667760145176
0
VERTEX
8
L7
10
16.240109107630374
20
-56.74705563748557
0
VERTEX
8
L7
10
16.23695563559704
20
-56.737765808440884
0
VERTEX
8
L7
10
16.232616575942515
20
-56.72896706586827
0
VERTEX
8
L7
10
16.227166171180528
20
-56.72080995869261
0
VERTEX
8
L7
10
16.220697679247678
20
-56.71343405727927
0
VERTEX
8
L7
10
16.213321777834338
20
-56.70696556534642
0
VERTEX
8
L7
10
16.20516467065869
20
-56.701515160584435
0
VERTEX
8
L7
10
16.196365928086067
20
-56.697176100929916
0
VERTEX
8
L7
10
16.187076099041377
20
-56.69402262889658
0
VERTEX
8
L7
10
16.177454135075195
20
-56.69210870126523
0
VERTEX
8
L7
10
16.167664670658695
20
-56.69146706586827
0
SEQEND
0
POLYLINE
8
L7
66
1
70
1
0
VERTEX
8
L7
10
16.167664670658695
20
-55.73338323353293
0
VERTEX
8
L7
10
16.15787520624218
20
-55.7340248689299
0
VERTEX
8
L7
10
16.148253242276
20
-55.73593879656126
0
VERTEX
8
L7
10
16.13896341323131
20
-55.73909226859459
0
VERTEX
8
L7
10
16.130164670658687
20
-55.7434313282491
0
VERTEX
8
L7
10
16.122007563483038
20
-55.74888173301109
0
VERTEX
8
L7
10
16.114631662069698
20
-55.755350224943946
0
VERTEX
8
L7
10
16.108163170136848
20
-55.76272612635728
0
VERTEX
8
L7
10
16.10271276537486
20
-55.770883233532935
0
VERTEX
8
L7
10
16.09837370572035
20
-55.77968197610555
0
VERTEX
8
L7
10
16.095220233687016
20
-55.78897180515025
0
VERTEX
8
L7
10
16.093306306055652
20
-55.79859376911643
0
VERTEX
8
L7
10
16.092664670658692
20
-55.808383233532936
0
VERTEX
8
L7
10
16.093306306055652
20
-55.818172697949436
0
VERTEX
8
L7
10
16.095220233687016
20
-55.827794661915625
0
VERTEX
8
L7
10
16.09837370572035
20
-55.837084490960315
0
VERTEX
8
L7
10
16.10271276537486
20
-55.84588323353294
0
VERTEX
8
L7
10
16.108163170136848
20
-55.854040340708586
0
VERTEX
8
L7
10
16.114631662069698
20
-55.861416242121926
0
VERTEX
8
L7
10
16.122007563483038
20
-55.867884734054776
0
VERTEX
8
L7
10
16.130164670658687
20
-55.87333513881677
0
VERTEX
8
L7
10
16.13896341323131
20
-55.87767419847128
0
VERTEX
8
L7
10
16.148253242276
20
-55.880827670504615
0
VERTEX
8
L7
10
16.15787520624218
20
-55.88274159813597
0
VERTEX
8
L7
10
16.167664670658695
20
-55.88338323353293
0
VERTEX
8
L7
10
16.177454135075195
20
-55.88274159813597
0
VERTEX
8
L7
10
16.187076099041377
20
-55.880827670504615
0
VERTEX
8
L7
10
16.196365928086067
20
-55.87767419847128
0
VERTEX
8
L7
10
16.20516467065869
20
-55.87333513881677
0
VERTEX
8
L7
10
16.213321777834338
20
-55.867884734054776
0
VERTEX
8
L7
10
16.220697679247678
20
-55.861416242121926
0
VERTEX
8
L7
10
16.227166171180528
20
-55.854040340708586
0
VERTEX
8
L7
10
16.232616575942515
20
-55.84588323353294
0
VERTEX
8
L7
10
16.23695563559704
20
-55.837084490960315
0
VERTEX
8
L7
10
16.240109107630374
20
-55.827794661915625
0
VERTEX
8
L7
10
16.242023035261724
20
-55.818172697949436
0
VERTEX
8
L7
10
16.242664670658684
20
-55.808383233532936
0
VERTEX
8
L7
10
16.242023035261724
20
-55.79859376911643
0
VERTEX
8
L7
10
16.240109107630374
20
-55.78897180515025
0
VERTEX
8
L7
10
16.23695563559704
20
-55.77968197610555
0
VERTEX
8
L7
10
16.232616575942515
20
-55.770883233532935
0
VERTEX
8
L7
10
16.227166171180528
20
-55.76272612635728
0
VERTEX
8
L7
10
16.220697679247678
20
-55.755350224943946
0
VERTEX
8
L7
10
16.213321777834338
20
-55.74888173301109
0
VERTEX
8
L7
10
16.20516467065869
20
-55.7434313282491
0
VERTEX
8
L7
10
16.196365928086067
20
-55.73909226859459
0
VERTEX
8
L7
10
16.187076099041377
20
-55.73593879656126
0
VERTEX
8
L7
10
16.177454135075195
20
-55.7340248689299
0
VERTEX
8
L7
10
16.167664670658695
20
-55.73338323353293
0
SEQEND
0
POLYLINE
8
L7
66
1
70
1
0
VERTEX
8
L7
10
19.94011976047905
20
-53.577694610778444
0
VERTEX
8
L7
10
19.930330296062536
20
-53.57833624617541
0
VERTEX
8
L7
10
19.920708332096368
20
-53.58025017380677
0
VERTEX
8
L7
10
19.91141850305165
20
-53.5834036458401
0
VERTEX
8
L7
10
19.902619760479055
20
-53.58774270549461
0
VERTEX
8
L7
10
19.894462653303393
20
-53.5931931102566
0
VERTEX
8
L7
10
19.887086751890067
20
-53.59966160218946
0
VERTEX
8
L7
10
19.88061825995719
20
-53.60703750360279
0
VERTEX
8
L7
10
19.875167855195215
20
-53.615194610778445
0
VERTEX
8
L7
10
19.870828795540703
20
-53.62399335335106
0
VERTEX
8
L7
10
19.867675323507356
20
-53.63328318239576
0
VERTEX
8
L7
10
19.86576139587602
20
-53.64290514636194
0
VERTEX
8
L7
10
19.865119760479033
20
-53.65269461077845
0
VERTEX
8
L7
10
19.86576139587602
20
-53.662484075194946
0
VERTEX
8
L7
10
19.867675323507356
20
-53.672106039161136
0
VERTEX
8
L7
10
19.870828795540703
20
-53.681395868205826
0
VERTEX
8
L7
10
19.875167855195215
20
-53.69019461077845
0
VERTEX
8
L7
10
19.88061825995719
20
-53.6983517179541
0
VERTEX
8
L7
10
19.887086751890067
20
-53.70572761936744
0
VERTEX
8
L7
10
19.894462653303393
20
-53.71219611130029
0
VERTEX
8
L7
10
19.902619760479055
20
-53.71764651606228
0
VERTEX
8
L7
10
19.91141850305165
20
-53.72198557571679
0
VERTEX
8
L7
10
19.920708332096368
20
-53.725139047750126
0
VERTEX
8
L7
10
19.930330296062536
20
-53.72705297538148
0
VERTEX
8
L7
10
19.94011976047905
20
-53.72769461077844
0
VERTEX
8
L7
10
19.949909224895535
20
-53.72705297538148
0
VERTEX
8
L7
10
19.95953118886173
20
-53.725139047750126
0
VERTEX
8
L7
10
19.96882101790642
20
-53.72198557571679
0
VERTEX
8
L7
10
19.977619760479044
20
-53.71764651606228
0
VERTEX
8
L7
10
19.985776867654707
20
-53.71219611130029
0
VERTEX
8
L7
10
19.993152769068033
20
-53.70572761936744
0
VERTEX
8
L7
10
19.999621261000883
20
-53.6983517179541
0
VERTEX
8
L7
10
20.005071665762884
20
-53.69019461077845
0
VERTEX
8
L7
10
20.009410725417396
20
-53.681395868205826
0
VERTEX
8
L7
10
20.012564197450715
20
-53.672106039161136
0
VERTEX
8
L7
10
20.01447812508208
20
-53.662484075194946
0
VERTEX
8
L7
10
20.01511976047904
20
-53.65269461077845
0
VERTEX
8
L7
10
20.01447812508208
20
-53.64290514636194
0
VERTEX
8
L7
10
20.012564197450715
20
-53.63328318239576
0
VERTEX
8
L7
10
20.009410725417396
20
-53.62399335335106
0
VERTEX
8
L7
10
20.005071665762884
20
-53.615194610778445
0
VERTEX
8
L7
10
19.999621261000883
20
-53.60703750360279
0
VERTEX
8
L7
10
19.993152769068033
20
-53.59966160218946
0
VERTEX
8
L7
10
19.985776867654707
20
-53.5931931102566
0
VERTEX
8
L7
10
19.977619760479044
20
-53.58774270549461
0
VERTEX
8
L7
10
19.96882101790642
20
-53.5834036458401
0
VERTEX
8
L7
10
19.95953118886173
20
-53.58025017380677
0
VERTEX
8
L7
10
19.949909224895535
20
-53.57833624617541
0
VERTEX
8
L7
10
19.94011976047905
20
-53.577694610778444
0
SEQEND
0
POLYLINE
8
L7
66
1
70
1
0
VERTEX
8
L7
10
16.167664670658695
20
-54.77529940119761
0
VERTEX
8
L7
10
16.15787520624218
20
-54.775941036594574
0
VERTEX
8
L7
10
16.148253242276
20
-54.777854964225924
0
VERTEX
8
L7
10
16.13896341323131
20
-54.78100843625926
0
VERTEX
8
L7
10
16.130164670658687
20
-54.785347495913776
0
VERTEX
8
L7
10
16.122007563483038
20
-54.79079790067576
0
VERTEX
8
L7
10
16.114631662069698
20
-54.79726639260861
0
VERTEX
8
L7
10
16.108163170136848
20
-54.80464229402195
0
VERTEX
8
L7
10
16.10271276537486
20
-54.81279940119761
0
VERTEX
8
L7
10
16.09837370572035
20
-54.821598143770224
0
VERTEX
8
L7
10
16.095220233687016
20
-54.83088797281492
0
VERTEX
8
L7
10
16.093306306055652
20
-54.8405099367811
0
VERTEX
8
L7
10
16.092664670658692
20
-54.85029940119761
0
VERTEX
8
L7
10
16.093306306055652
20
-54.86008886561411
0
VERTEX
8
L7
10
16.095220233687016
20
-54.8697108295803
0
VERTEX
8
L7
10
16.09837370572035
20
-54.87900065862499
0
VERTEX
8
L7
10
16.10271276537486
20
-54.887799401197604
0
VERTEX
8
L7
10
16.108163170136848
20
-54.89595650837326
0
VERTEX
8
L7
10
16.114631662069698
20
-54.9033324097866
0
VERTEX
8
L7
10
16.122007563483038
20
-54.90980090171945
0
VERTEX
8
L7
10
16.130164670658687
20
-54.91525130648144
0
VERTEX
8
L7
10
16.13896341323131
20
-54.91959036613596
0
VERTEX
8
L7
10
16.148253242276
20
-54.92274383816929
0
VERTEX
8
L7
10
16.15787520624218
20
-54.924657765800646
0
VERTEX
8
L7
10
16.167664670658695
20
-54.925299401197606
0
VERTEX
8
L7
10
16.177454135075195
20
-54.924657765800646
0
VERTEX
8
L7
10
16.187076099041377
20
-54.92274383816929
0
VERTEX
8
L7
10
16.196365928086067
20
-54.91959036613596
0
VERTEX
8
L7
10
16.20516467065869
20
-54.91525130648144
0
VERTEX
8
L7
10
16.213321777834338
20
-54.90980090171945
0
VERTEX
8
L7
10
16.220697679247678
20
-54.9033324097866
0
VERTEX
8
L7
10
16.227166171180528
20
-54.89595650837326
0
VERTEX
8
L7
10
16.232616575942515
20
-54.887799401197604
0
VERTEX
8
L7
10
16.23695563559704
20
-54.87900065862499
0
VERTEX
8
L7
10
16.240109107630374
20
-54.8697108295803
0
VERTEX
8
L7
10
16.242023035261724
20
-54.86008886561411
0
VERTEX
8
L7
10
16.242664670658684
20
-54.85029940119761
0
VERTEX
8
L7
10
16.242023035261724
20
-54.8405099367811
0
VERTEX
8
L7
10
16.240109107630374
20
-54.83088797281492
0
VERTEX
8
L7
10
16.23695563559704
20
-54.821598143770224
0
VERTEX
8
L7
10
16.232616575942515
20
-54.81279940119761
0
VERTEX
8
L7
10
16.227166171180528
20
-54.80464229402195
0
VERTEX
8
L7
10
16.220697679247678
20
-54.79726639260861
0
VERTEX
8
L7
10
16.213321777834338
20
-54.79079790067576
0
VERTEX
8
L7
10
16.20516467065869
20
-54.785347495913776
0
VERTEX
8
L7
10
16.196365928086067
20
-54.78100843625926
0
VERTEX
8
L7
10
16.187076099041377
20
-54.777854964225924
0
VERTEX
8
L7
10
16.177454135075195
20
-54.775941036594574
0
VERTEX
8
L7
10
16.167664670658695
20
-54.77529940119761
0
SEQEND
0
POLYLINE
8
L7
66
1
70
1
0
VERTEX
8
L7
10
19.63102517948134
20
-53.268600029780735
0
VERTEX
8
L7
10
19.621235715064827
20
-53.269241665177695
0
VERTEX
8
L7
10
19.61161375109863
20
-53.27115559280905
0
VERTEX
8
L7
10
19.60232392205394
20
-53.274309064842384
0
VERTEX
8
L7
10
19.593525179481347
20
-53.2786481244969
0
VERTEX
8
L7
10
19.585368072305684
20
-53.28409852925889
0
VERTEX
8
L7
10
19.57799217089233
20
-53.29056702119174
0
VERTEX
8
L7
10
19.57152367895948
20
-53.29794292260508
0
VERTEX
8
L7
10
19.566073274197507
20
-53.30610002978073
0
VERTEX
8
L7
10
19.561734214542994
20
-53.31489877235335
0
VERTEX
8
L7
10
19.558580742509648
20
-53.32418860139804
0
VERTEX
8
L7
10
19.556666814878284
20
-53.33381056536423
0
VERTEX
8
L7
10
19.556025179481324
20
-53.34360002978073
0
VERTEX
8
L7
10
19.556666814878284
20
-53.35338949419724
0
VERTEX
8
L7
10
19.558580742509648
20
-53.36301145816342
0
VERTEX
8
L7
10
19.561734214542994
20
-53.37230128720812
0
VERTEX
8
L7
10
19.566073274197507
20
-53.38110002978073
0
VERTEX
8
L7
10
19.57152367895948
20
-53.38925713695639
0
VERTEX
8
L7
10
19.57799217089233
20
-53.39663303836972
0
VERTEX
8
L7
10
19.585368072305684
20
-53.40310153030258
0
VERTEX
8
L7
10
19.593525179481347
20
-53.408551935064565
0
VERTEX
8
L7
10
19.60232392205394
20
-53.41289099471908
0
VERTEX
8
L7
10
19.61161375109863
20
-53.41604446675241
0
VERTEX
8
L7
10
19.621235715064827
20
-53.41795839438377
0
VERTEX
8
L7
10
19.63102517948134
20
-53.418600029780734
0
VERTEX
8
L7
10
19.640814643897826
20
-53.41795839438377
0
VERTEX
8
L7
10
19.650436607864023
20
-53.41604446675241
0
VERTEX
8
L7
10
19.659726436908713
20
-53.41289099471908
0
VERTEX
8
L7
10
19.668525179481335
20
-53.408551935064565
0
VERTEX
8
L7
10
19.676682286656998
20
-53.40310153030258
0
VERTEX
8
L7
10
19.684058188070324
20
-53.39663303836972
0
VERTEX
8
L7
10
19.690526680003174
20
-53.38925713695639
0
VERTEX
8
L7
10
19.695977084765175
20
-53.38110002978073
0
VERTEX
8
L7
10
19.700316144419688
20
-53.37230128720812
0
VERTEX
8
L7
10
19.703469616453006
20
-53.36301145816342
0
VERTEX
8
L7
10
19.70538354408437
20
-53.35338949419724
0
VERTEX
8
L7
10
19.70602517948133
20
-53.34360002978073
0
VERTEX
8
L7
10
19.70538354408437
20
-53.33381056536423
0
VERTEX
8
L7
10
19.703469616453006
20
-53.32418860139804
0
VERTEX
8
L7
10
19.700316144419688
20
-53.31489877235335
0
VERTEX
8
L7
10
19.695977084765175
20
-53.30610002978073
0
VERTEX
8
L7
10
19.690526680003174
20
-53.29794292260508
0
VERTEX
8
L7
10
19.684058188070324
20
-53.29056702119174
0
VERTEX
8
L7
10
19.676682286656998
20
-53.28409852925889
0
VERTEX
8
L7
10
19.668525179481335
20
-53.2786481244969
0
VERTEX
8
L7
10
19.659726436908713
20
-53.274309064842384
0
VERTEX
8
L7
10
19.650436607864023
20
-53.27115559280905
0
VERTEX
8
L7
10
19.640814643897826
20
-53.269241665177695
0
VERTEX
8
L7
10
19.63102517948134
20
-53.268600029780735
0
SEQEND
0
POLYLINE
8
L7
66
1
70
1
0
VERTEX
8
L7
10
16.167664670658695
20
-53.81721556886228
0
VERTEX
8
L7
10
16.15787520624218
20
-53.81785720425924
0
VERTEX
8
L7
10
16.148253242276
20
-53.8197711318906
0
VERTEX
8
L7
10
16.13896341323131
20
-53.82292460392393
0
VERTEX
8
L7
10
16.130164670658687
20
-53.82726366357844
0
VERTEX
8
L7
10
16.122007563483038
20
-53.83271406834044
0
VERTEX
8
L7
10
16.114631662069698
20
-53.83918256027329
0
VERTEX
8
L7
10
16.108163170136848
20
-53.84655846168663
0
VERTEX
8
L7
10
16.10271276537486
20
-53.854715568862275
0
VERTEX
8
L7
10
16.09837370572035
20
-53.8635143114349
0
VERTEX
8
L7
10
16.095220233687016
20
-53.87280414047959
0
VERTEX
8
L7
10
16.093306306055652
20
-53.88242610444578
0
VERTEX
8
L7
10
16.092664670658692
20
-53.89221556886228
0
VERTEX
8
L7
10
16.093306306055652
20
-53.90200503327878
0
VERTEX
8
L7
10
16.095220233687016
20
-53.911626997244966
0
VERTEX
8
L7
10
16.09837370572035
20
-53.92091682628966
0
VERTEX
8
L7
10
16.10271276537486
20
-53.92971556886228
0
VERTEX
8
L7
10
16.108163170136848
20
-53.937872676037934
0
VERTEX
8
L7
10
16.114631662069698
20
-53.94524857745127
0
VERTEX
8
L7
10
16.122007563483038
20
-53.95171706938412
0
VERTEX
8
L7
10
16.130164670658687
20
-53.95716747414611
0
VERTEX
8
L7
10
16.13896341323131
20
-53.96150653380062
0
VERTEX
8
L7
10
16.148253242276
20
-53.964660005833956
0
VERTEX
8
L7
10
16.15787520624218
20
-53.96657393346531
0
VERTEX
8
L7
10
16.167664670658695
20
-53.96721556886228
0
VERTEX
8
L7
10
16.177454135075195
20
-53.96657393346531
0
VERTEX
8
L7
10
16.187076099041377
20
-53.964660005833956
0
VERTEX
8
L7
10
16.196365928086067
20
-53.96150653380062
0
VERTEX
8
L7
10
16.20516467065869
20
-53.95716747414611
0
VERTEX
8
L7
10
16.213321777834338
20
-53.95171706938412
0
VERTEX
8
L7
10
16.220697679247678
20
-53.94524857745127
0
VERTEX
8
L7
10
16.227166171180528
20
-53.937872676037934
0
VERTEX
8
L7
10
16.232616575942515
20
-53.92971556886228
0
VERTEX
8
L7
10
16.23695563559704
20
-53.92091682628966
0
VERTEX
8
L7
10
16.240109107630374
20
-53.911626997244966
0
VERTEX
8
L7
10
16.242023035261724
20
-53.90200503327878
0
VERTEX
8
L7
10
16.242664670658684
20
-53.89221556886228
0
VERTEX
8
L7
10
16.242023035261724
20
-53.88242610444578
0
VERTEX
8
L7
10
16.240109107630374
20
-53.87280414047959
0
VERTEX
8
L7
10
16.23695563559704
20
-53.8635143114349
0
VERTEX
8
L7
10
16.232616575942515
20
-53.854715568862275
0
VERTEX
8
L7
10
16.227166171180528
20
-53.84655846168663
0
VERTEX
8
L7
10
16.220697679247678
20
-53.83918256027329
0
VERTEX
8
L7
10
16.213321777834338
20
-53.83271406834044
0
VERTEX
8
L7
10
16.20516467065869
20
-53.82726366357844
0
VERTEX
8
L7
10
16.196365928086067
20
-53.82292460392393
0
VERTEX
8
L7
10
16.187076099041377
20
-53.8197711318906
0
VERTEX
8
L7
10
16.177454135075195
20
-53.81785720425924
0
VERTEX
8
L7
10
16.167664670658695
20
-53.81721556886228
0
SEQEND
0
POLYLINE
8
L7
66
1
70
1
0
VERTEX
8
L7
10
20.29940119760478
20
-55.61362275449102
0
VERTEX
8
L7
10
20.289611733188295
20
-55.614264389887985
0
VERTEX
8
L7
10
20.279989769222098
20
-55.61617831751934
0
VERTEX
8
L7
10
20.27069994017741
20
-55.619331789552675
0
VERTEX
8
L7
10
20.261901197604786
20
-55.62367084920719
0
VERTEX
8
L7
10
20.25374409042915
20
-55.629121253969174
0
VERTEX
8
L7
10
20.246368189015797
20
-55.63558974590203
0
VERTEX
8
L7
10
20.239899697082947
20
-55.642965647315364
0
VERTEX
8
L7
10
20.234449292320974
20
-55.65112275449102
0
VERTEX
8
L7
10
20.230110232666433
20
-55.659921497063635
0
VERTEX
8
L7
10
20.226956760633115
20
-55.66921132610833
0
VERTEX
8
L7
10
20.22504283300175
20
-55.678833290074515
0
VERTEX
8
L7
10
20.22440119760479
20
-55.68862275449102
0
VERTEX
8
L7
10
20.22504283300175
20
-55.69841221890752
0
VERTEX
8
L7
10
20.226956760633115
20
-55.70803418287371
0
VERTEX
8
L7
10
20.230110232666433
20
-55.7173240119184
0
VERTEX
8
L7
10
20.234449292320974
20
-55.72612275449102
0
VERTEX
8
L7
10
20.239899697082947
20
-55.73427986166667
0
VERTEX
8
L7
10
20.246368189015797
20
-55.74165576308001
0
VERTEX
8
L7
10
20.25374409042915
20
-55.74812425501286
0
VERTEX
8
L7
10
20.261901197604786
20
-55.753574659774856
0
VERTEX
8
L7
10
20.27069994017741
20
-55.75791371942937
0
VERTEX
8
L7
10
20.279989769222098
20
-55.7610671914627
0
VERTEX
8
L7
10
20.289611733188295
20
-55.76298111909406
0
VERTEX
8
L7
10
20.29940119760478
20
-55.76362275449102
0
VERTEX
8
L7
10
20.309190662021294
20
-55.76298111909406
0
VERTEX
8
L7
10
20.31881262598749
20
-55.7610671914627
0
VERTEX
8
L7
10
20.32810245503218
20
-55.75791371942937
0
VERTEX
8
L7
10
20.336901197604803
20
-55.753574659774856
0
VERTEX
8
L7
10
20.345058304780437
20
-55.74812425501286
0
VERTEX
8
L7
10
20.35243420619379
20
-55.74165576308001
0
VERTEX
8
L7
10
20.35890269812664
20
-55.73427986166667
0
VERTEX
8
L7
10
20.364353102888614
20
-55.72612275449102
0
VERTEX
8
L7
10
20.368692162543127
20
-55.7173240119184
0
VERTEX
8
L7
10
20.371845634576474
20
-55.70803418287371
0
VERTEX
8
L7
10
20.373759562207837
20
-55.69841221890752
0
VERTEX
8
L7
10
20.374401197604797
20
-55.68862275449102
0
VERTEX
8
L7
10
20.373759562207837
20
-55.678833290074515
0
VERTEX
8
L7
10
20.371845634576474
20
-55.66921132610833
0
VERTEX
8
L7
10
20.368692162543127
20
-55.659921497063635
0
VERTEX
8
L7
10
20.364353102888614
20
-55.65112275449102
0
VERTEX
8
L7
10
20.35890269812664
20
-55.642965647315364
0
VERTEX
8
L7
10
20.35243420619379
20
-55.63558974590203
0
VERTEX
8
L7
10
20.345058304780437
20
-55.629121253969174
0
VERTEX
8
L7
10
20.336901197604803
20
-55.62367084920719
0
VERTEX
8
L7
10
20.32810245503218
20
-55.619331789552675
0
VERTEX
8
L7
10
20.31881262598749
20
-55.61617831751934
0
VERTEX
8
L7
10
20.309190662021294
20
-55.614264389887985
0
VERTEX
8
L7
10
20.29940119760478
20
-55.61362275449102
0
SEQEND
0
POLYLINE
8
L7
66
1
70
1
0
VERTEX
8
L7
10
16.167664670658695
20
-53.338173652694614
0
VERTEX
8
L7
10
16.15787520624218
20
-53.338815288091574
0
VERTEX
8
L7
10
16.148253242276
20
-53.34072921572293
0
VERTEX
8
L7
10
16.13896341323131
20
-53.34388268775626
0
VERTEX
8
L7
10
16.130164670658687
20
-53.34822174741078
0
VERTEX
8
L7
10
16.122007563483038
20
-53.35367215217277
0
VERTEX
8
L7
10
16.114631662069698
20
-53.36014064410562
0
VERTEX
8
L7
10
16.108163170136848
20
-53.36751654551896
0
VERTEX
8
L7
10
16.10271276537486
20
-53.375673652694616
0
VERTEX
8
L7
10
16.09837370572035
20
-53.38447239526723
0
VERTEX
8
L7
10
16.095220233687016
20
-53.39376222431192
0
VERTEX
8
L7
10
16.093306306055652
20
-53.40338418827811
0
VERTEX
8
L7
10
16.092664670658692
20
-53.41317365269461
0
VERTEX
8
L7
10
16.093306306055652
20
-53.42296311711112
0
VERTEX
8
L7
10
16.095220233687016
20
-53.4325850810773
0
VERTEX
8
L7
10
16.09837370572035
20
-53.441874910121996
0
VERTEX
8
L7
10
16.10271276537486
20
-53.45067365269461
0
VERTEX
8
L7
10
16.108163170136848
20
-53.45883075987027
0
VERTEX
8
L7
10
16.114631662069698
20
-53.46620666128361
0
VERTEX
8
L7
10
16.122007563483038
20
-53.47267515321646
0
VERTEX
8
L7
10
16.130164670658687
20
-53.478125557978444
0
VERTEX
8
L7
10
16.13896341323131
20
-53.48246461763296
0
VERTEX
8
L7
10
16.148253242276
20
-53.485618089666296
0
VERTEX
8
L7
10
16.15787520624218
20
-53.487532017297646
0
VERTEX
8
L7
10
16.167664670658695
20
-53.48817365269461
0
VERTEX
8
L7
10
16.177454135075195
20
-53.487532017297646
0
VERTEX
8
L7
10
16.187076099041377
20
-53.485618089666296
0
VERTEX
8
L7
10
16.196365928086067
20
-53.48246461763296
0
VERTEX
8
L7
10
16.20516467065869
20
-53.478125557978444
0
VERTEX
8
L7
10
16.213321777834338
20
-53.47267515321646
0
VERTEX
8
L7
10
16.220697679247678
20
-53.46620666128361
0
VERTEX
8
L7
10
16.227166171180528
20
-53.45883075987027
0
VERTEX
8
L7
10
16.232616575942515
20
-53.45067365269461
0
VERTEX
8
L7
10
16.23695563559704
20
-53.441874910121996
0
VERTEX
8
L7
10
16.240109107630374
20
-53.4325850810773
0
VERTEX
8
L7
10
16.242023035261724
20
-53.42296311711112
0
VERTEX
8
L7
10
16.242664670658684
20
-53.41317365269461
0
VERTEX
8
L7
10
16.242023035261724
20
-53.40338418827811
0
VERTEX
8
L7
10
16.240109107630374
20
-53.39376222431192
0
VERTEX
8
L7
10
16.23695563559704
20
-53.38447239526723
0
VERTEX
8
L7
10
16.232616575942515
20
-53.375673652694616
0
VERTEX
8
L7
10
16.227166171180528
20
-53.36751654551896
0
VERTEX
8
L7
10
16.220697679247678
20
-53.36014064410562
0
VERTEX
8
L7
10
16.213321777834338
20
-53.35367215217277
0
VERTEX
8
L7
10
16.20516467065869
20
-53.34822174741078
0
VERTEX
8
L7
10
16.196365928086067
20
-53.34388268775626
0
VERTEX
8
L7
10
16.187076099041377
20
-53.34072921572293
0
VERTEX
8
L7
10
16.177454135075195
20
-53.338815288091574
0
VERTEX
8
L7
10
16.167664670658695
20
-53.338173652694614
0
SEQEND
0
POLYLINE
8
L7
66
1
70
1
0
VERTEX
8
L7
10
19.868981386143062
20
-55.36511976047905
0
VERTEX
8
L7
10
19.859191921726577
20
-55.36576139587601
0
VERTEX
8
L7
10
19.84956995776038
20
-55.36767532350736
0
VERTEX
8
L7
10
19.84028012871569
20
-55.370828795540696
0
VERTEX
8
L7
10
19.831481386143068
20
-55.37516785519521
0
VERTEX
8
L7
10
19.823324278967405
20
-55.3806182599572
0
VERTEX
8
L7
10
19.81594837755408
20
-55.38708675189005
0
VERTEX
8
L7
10
19.80947988562123
20
-55.39446265330339
0
VERTEX
8
L7
10
19.804029480859228
20
-55.40261976047904
0
VERTEX
8
L7
10
19.799690421204716
20
-55.411418503051664
0
VERTEX
8
L7
10
19.796536949171397
20
-55.42070833209635
0
VERTEX
8
L7
10
19.794623021540033
20
-55.43033029606254
0
VERTEX
8
L7
10
19.793981386143074
20
-55.44011976047904
0
VERTEX
8
L7
10
19.794623021540033
20
-55.44990922489555
0
VERTEX
8
L7
10
19.796536949171397
20
-55.45953118886173
0
VERTEX
8
L7
10
19.799690421204716
20
-55.46882101790643
0
VERTEX
8
L7
10
19.804029480859228
20
-55.477619760479044
0
VERTEX
8
L7
10
19.80947988562123
20
-55.4857768676547
0
VERTEX
8
L7
10
19.81594837755408
20
-55.49315276906803
0
VERTEX
8
L7
10
19.823324278967405
20
-55.49962126100089
0
VERTEX
8
L7
10
19.831481386143068
20
-55.50507166576288
0
VERTEX
8
L7
10
19.84028012871569
20
-55.50941072541739
0
VERTEX
8
L7
10
19.84956995776038
20
-55.51256419745072
0
VERTEX
8
L7
10
19.859191921726577
20
-55.51447812508208
0
VERTEX
8
L7
10
19.868981386143062
20
-55.515119760479045
0
VERTEX
8
L7
10
19.878770850559576
20
-55.51447812508208
0
VERTEX
8
L7
10
19.888392814525744
20
-55.51256419745072
0
VERTEX
8
L7
10
19.897682643570462
20
-55.50941072541739
0
VERTEX
8
L7
10
19.906481386143057
20
-55.50507166576288
0
VERTEX
8
L7
10
19.91463849331872
20
-55.49962126100089
0
VERTEX
8
L7
10
19.922014394732045
20
-55.49315276906803
0
VERTEX
8
L7
10
19.928482886664924
20
-55.4857768676547
0
VERTEX
8
L7
10
19.933933291426897
20
-55.477619760479044
0
VERTEX
8
L7
10
19.93827235108141
20
-55.46882101790643
0
VERTEX
8
L7
10
19.941425823114756
20
-55.45953118886173
0
VERTEX
8
L7
10
19.94333975074609
20
-55.44990922489555
0
VERTEX
8
L7
10
19.94398138614308
20
-55.44011976047904
0
VERTEX
8
L7
10
19.94333975074609
20
-55.43033029606254
0
VERTEX
8
L7
10
19.941425823114756
20
-55.42070833209635
0
VERTEX
8
L7
10
19.93827235108141
20
-55.411418503051664
0
VERTEX
8
L7
10
19.933933291426897
20
-55.40261976047904
0
VERTEX
8
L7
10
19.928482886664924
20
-55.39446265330339
0
VERTEX
8
L7
10
19.922014394732045
20
-55.38708675189005
0
VERTEX
8
L7
10
19.91463849331872
20
-55.3806182599572
0
VERTEX
8
L7
10
19.906481386143057
20
-55.37516785519521
0
VERTEX
8
L7
10
19.897682643570462
20
-55.370828795540696
0
VERTEX
8
L7
10
19.888392814525744
20
-55.36767532350736
0
VERTEX
8
L7
10
19.878770850559576
20
-55.36576139587601
0
VERTEX
8
L7
10
19.868981386143062
20
-55.36511976047905
0
SEQEND
0
POLYLINE
8
L7
66
1
70
1
0
VERTEX
8
L7
10
16.167664670658695
20
-54.29625748502994
0
VERTEX
8
L7
10
16.15787520624218
20
-54.29689912042691
0
VERTEX
8
L7
10
16.148253242276
20
-54.298813048058264
0
VERTEX
8
L7
10
16.13896341323131
20
-54.3019665200916
0
VERTEX
8
L7
10
16.130164670658687
20
-54.30630557974611
0
VERTEX
8
L7
10
16.122007563483038
20
-54.311755984508096
0
VERTEX
8
L7
10
16.114631662069698
20
-54.31822447644095
0
VERTEX
8
L7
10
16.108163170136848
20
-54.325600377854286
0
VERTEX
8
L7
10
16.10271276537486
20
-54.33375748502994
0
VERTEX
8
L7
10
16.09837370572035
20
-54.34255622760256
0
VERTEX
8
L7
10
16.095220233687016
20
-54.351846056647254
0
VERTEX
8
L7
10
16.093306306055652
20
-54.36146802061344
0
VERTEX
8
L7
10
16.092664670658692
20
-54.37125748502994
0
VERTEX
8
L7
10
16.093306306055652
20
-54.38104694944644
0
VERTEX
8
L7
10
16.095220233687016
20
-54.39066891341263
0
VERTEX
8
L7
10
16.09837370572035
20
-54.39995874245732
0
VERTEX
8
L7
10
16.10271276537486
20
-54.408757485029945
0
VERTEX
8
L7
10
16.108163170136848
20
-54.41691459220559
0
VERTEX
8
L7
10
16.114631662069698
20
-54.42429049361893
0
VERTEX
8
L7
10
16.122007563483038
20
-54.43075898555178
0
VERTEX
8
L7
10
16.130164670658687
20
-54.43620939031378
0
VERTEX
8
L7
10
16.13896341323131
20
-54.44054844996829
0
VERTEX
8
L7
10
16.148253242276
20
-54.44370192200162
0
VERTEX
8
L7
10
16.15787520624218
20
-54.44561584963298
0
VERTEX
8
L7
10
16.167664670658695
20
-54.44625748502994
0
VERTEX
8
L7
10
16.177454135075195
20
-54.44561584963298
0
VERTEX
8
L7
10
16.187076099041377
20
-54.44370192200162
0
VERTEX
8
L7
10
16.196365928086067
20
-54.44054844996829
0
VERTEX
8
L7
10
16.20516467065869
20
-54.43620939031378
0
VERTEX
8
L7
10
16.213321777834338
20
-54.43075898555178
0
VERTEX
8
L7
10
16.220697679247678
20
-54.42429049361893
0
VERTEX
8
L7
10
16.227166171180528
20
-54.41691459220559
0
VERTEX
8
L7
10
16.232616575942515
20
-54.408757485029945
0
VERTEX
8
L7
10
16.23695563559704
20
-54.39995874245732
0
VERTEX
8
L7
10
16.240109107630374
20
-54.39066891341263
0
VERTEX
8
L7
10
16.242023035261724
20
-54.38104694944644
0
VERTEX
8
L7
10
16.242664670658684
20
-54.37125748502994
0
VERTEX
8
L7
10
16.242023035261724
20
-54.36146802061344
0
VERTEX
8
L7
10
16.240109107630374
20
-54.351846056647254
0
VERTEX
8
L7
10
16.23695563559704
20
-54.34255622760256
0
VERTEX
8
L7
10
16.232616575942515
20
-54.33375748502994
0
VERTEX
8
L7
10
16.227166171180528
20
-54.325600377854286
0
VERTEX
8
L7
10
16.220697679247678
20
-54.31822447644095
0
VERTEX
8
L7
10
16.213321777834338
20
-54.311755984508096
0
VERTEX
8
L7
10
16.20516467065869
20
-54.30630557974611
0
VERTEX
8
L7
10
16.196365928086067
20
-54.3019665200916
0
VERTEX
8
L7
10
16.187076099041377
20
-54.298813048058264
0
VERTEX
8
L7
10
16.177454135075195
20
-54.29689912042691
0
VERTEX
8
L7
10
16.167664670658695
20
-54.29625748502994
0
SEQEND
0
POLYLINE
8
L7
66
1
70
1
0
VERTEX
8
L7
10
16.167664670658695
20
-55.254341317365274
0
VERTEX
8
L7
10
16.15787520624218
20
-55.254982952762234
0
VERTEX
8
L7
10
16.148253242276
20
-55.25689688039359
0
VERTEX
8
L7
10
16.13896341323131
20
-55.26005035242692
0
VERTEX
8
L7
10
16.130164670658687
20
-55.264389412081435
0
VERTEX
8
L7
10
16.122007563483038
20
-55.26983981684343
0
VERTEX
8
L7
10
16.114631662069698
20
-55.27630830877628
0
VERTEX
8
L7
10
16.108163170136848
20
-55.28368421018962
0
VERTEX
8
L7
10
16.10271276537486
20
-55.29184131736527
0
VERTEX
8
L7
10
16.09837370572035
20
-55.30064005993789
0
VERTEX
8
L7
10
16.095220233687016
20
-55.30992988898258
0
VERTEX
8
L7
10
16.093306306055652
20
-55.31955185294877
0
VERTEX
8
L7
10
16.092664670658692
20
-55.32934131736527
0
VERTEX
8
L7
10
16.093306306055652
20
-55.339130781781776
0
VERTEX
8
L7
10
16.095220233687016
20
-55.34875274574796
0
VERTEX
8
L7
10
16.09837370572035
20
-55.358042574792655
0
VERTEX
8
L7
10
16.10271276537486
20
-55.36684131736527
0
VERTEX
8
L7
10
16.108163170136848
20
-55.37499842454093
0
VERTEX
8
L7
10
16.114631662069698
20
-55.38237432595426
0
VERTEX
8
L7
10
16.122007563483038
20
-55.38884281788712
0
VERTEX
8
L7
10
16.130164670658687
20
-55.394293222649104
0
VERTEX
8
L7
10
16.13896341323131
20
-55.398632282303616
0
VERTEX
8
L7
10
16.148253242276
20
-55.40178575433695
0
VERTEX
8
L7
10
16.15787520624218
20
-55.403699681968305
0
VERTEX
8
L7
10
16.167664670658695
20
-55.40434131736527
0
VERTEX
8
L7
10
16.177454135075195
20
-55.403699681968305
0
VERTEX
8
L7
10
16.187076099041377
20
-55.40178575433695
0
VERTEX
8
L7
10
16.196365928086067
20
-55.398632282303616
0
VERTEX
8
L7
10
16.20516467065869
20
-55.394293222649104
0
VERTEX
8
L7
10
16.213321777834338
20
-55.38884281788712
0
VERTEX
8
L7
10
16.220697679247678
20
-55.38237432595426
0
VERTEX
8
L7
10
16.227166171180528
20
-55.37499842454093
0
VERTEX
8
L7
10
16.232616575942515
20
-55.36684131736527
0
VERTEX
8
L7
10
16.23695563559704
20
-55.358042574792655
0
VERTEX
8
L7
10
16.240109107630374
20
-55.34875274574796
0
VERTEX
8
L7
10
16.242023035261724
20
-55.339130781781776
0
VERTEX
8
L7
10
16.242664670658684
20
-55.32934131736527
0
VERTEX
8
L7
10
16.242023035261724
20
-55.31955185294877
0
VERTEX
8
L7
10
16.240109107630374
20
-55.30992988898258
0
VERTEX
8
L7
10
16.23695563559704
20
-55.30064005993789
0
VERTEX
8
L7
10
16.232616575942515
20
-55.29184131736527
0
VERTEX
8
L7
10
16.227166171180528
20
-55.28368421018962
0
VERTEX
8
L7
10
16.220697679247678
20
-55.27630830877628
0
VERTEX
8
L7
10
16.213321777834338
20
-55.26983981684343
0
VERTEX
8
L7
10
16.20516467065869
20
-55.264389412081435
0
VERTEX
8
L7
10
16.196365928086067
20
-55.26005035242692
0
VERTEX
8
L7
10
16.187076099041377
20
-55.25689688039359
0
VERTEX
8
L7
10
16.177454135075195
20
-55.254982952762234
0
VERTEX
8
L7
10
16.167664670658695
20
-55.254341317365274
0
SEQEND
0
POLYLINE
8
L7
66
1
70
1
0
VERTEX
8
L7
10
16.167664670658695
20
-56.2124251497006
0
VERTEX
8
L7
10
16.15787520624218
20
-56.21306678509757
0
VERTEX
8
L7
10
16.148253242276
20
-56.21498071272892
0
VERTEX
8
L7
10
16.13896341323131
20
-56.218134184762256
0
VERTEX
8
L7
10
16.130164670658687
20
-56.22247324441677
0
VERTEX
8
L7
10
16.122007563483038
20
-56.227923649178756
0
VERTEX
8
L7
10
16.114631662069698
20
-56.234392141111606
0
VERTEX
8
L7
10
16.108163170136848
20
-56.241768042524946
0
VERTEX
8
L7
10
16.10271276537486
20
-56.2499251497006
0
VERTEX
8
L7
10
16.09837370572035
20
-56.25872389227322
0
VERTEX
8
L7
10
16.095220233687016
20
-56.268013721317914
0
VERTEX
8
L7
10
16.093306306055652
20
-56.277635685284096
0
VERTEX
8
L7
10
16.092664670658692
20
-56.2874251497006
0
VERTEX
8
L7
10
16.093306306055652
20
-56.2972146141171
0
VERTEX
8
L7
10
16.095220233687016
20
-56.30683657808329
0
VERTEX
8
L7
10
16.09837370572035
20
-56.31612640712798
0
VERTEX
8
L7
10
16.10271276537486
20
-56.3249251497006
0
VERTEX
8
L7
10
16.108163170136848
20
-56.33308225687625
0
VERTEX
8
L7
10
16.114631662069698
20
-56.34045815828959
0
VERTEX
8
L7
10
16.122007563483038
20
-56.34692665022244
0
VERTEX
8
L7
10
16.130164670658687
20
-56.35237705498443
0
VERTEX
8
L7
10
16.13896341323131
20
-56.35671611463895
0
VERTEX
8
L7
10
16.148253242276
20
-56.35986958667228
0
VERTEX
8
L7
10
16.15787520624218
20
-56.36178351430364
0
VERTEX
8
L7
10
16.167664670658695
20
-56.3624251497006
0
VERTEX
8
L7
10
16.177454135075195
20
-56.36178351430364
0
VERTEX
8
L7
10
16.187076099041377
20
-56.35986958667228
0
VERTEX
8
L7
10
16.196365928086067
20
-56.35671611463895
0
VERTEX
8
L7
10
16.20516467065869
20
-56.35237705498443
0
VERTEX
8
L7
10
16.213321777834338
20
-56.34692665022244
0
VERTEX
8
L7
10
16.220697679247678
20
-56.34045815828959
0
VERTEX
8
L7
10
16.227166171180528
20
-56.33308225687625
0
VERTEX
8
L7
10
16.232616575942515
20
-56.3249251497006
0
VERTEX
8
L7
10
16.23695563559704
20
-56.31612640712798
0
VERTEX
8
L7
10
16.240109107630374
20
-56.30683657808329
0
VERTEX
8
L7
10
16.242023035261724
20
-56.2972146141171
0
VERTEX
8
L7
10
16.242664670658684
20
-56.2874251497006
0
VERTEX
8
L7
10
16.242023035261724
20
-56.277635685284096
0
VERTEX
8
L7
10
16.240109107630374
20
-56.268013721317914
0
VERTEX
8
L7
10
16.23695563559704
20
-56.25872389227322
0
VERTEX
8
L7
10
16.232616575942515
20
-56.2499251497006
0
VERTEX
8
L7
10
16.227166171180528
20
-56.241768042524946
0
VERTEX
8
L7
10
16.220697679247678
20
-56.234392141111606
0
VERTEX
8
L7
10
16.213321777834338
20
-56.227923649178756
0
VERTEX
8
L7
10
16.20516467065869
20
-56.22247324441677
0
VERTEX
8
L7
10
16.196365928086067
20
-56.218134184762256
0
VERTEX
8
L7
10
16.187076099041377
20
-56.21498071272892
0
VERTEX
8
L7
10
16.177454135075195
20
-56.21306678509757
0
VERTEX
8
L7
10
16.167664670658695
20
-56.2124251497006
0
SEQEND
0
POLYLINE
8
L7
66
1
70
1
0
VERTEX
8
L7
10
28.75126603810169
20
-55.985063635767126
0
VERTEX
8
L7
10
28.780301412768537
20
-55.98174434533045
0
VERTEX
8
L7
10
28.80698536850808
20
-55.9698264102267
0
VERTEX
8
L7
10
28.828835132416614
20
-55.95041871875687
0
VERTEX
8
L7
10
28.843817722491266
20
-55.92532703356631
0
VERTEX
8
L7
10
28.85053910371606
20
-55.89688597687923
0
VERTEX
8
L7
10
28.848373894182018
20
-55.86774180870238
0
VERTEX
8
L7
10
28.837523552908735
20
-55.840606209108856
0
VERTEX
8
L7
10
28.81899763535985
20
-55.81800397359954
0
VERTEX
8
L7
10
28.794519860707894
20
-55.80203809688904
0
VERTEX
8
L7
10
28.766367730693688
20
-55.79419410258068
0
VERTEX
8
L7
10
28.73716062252886
20
-55.79520182461346
0
VERTEX
8
L7
10
28.709616072453358
20
-55.804967500841244
0
VERTEX
8
L7
10
28.68629692621765
20
-55.822582497006
0
VERTEX
8
L7
10
28.669372882534205
20
-55.84640784939473
0
VERTEX
8
L7
10
28.66041861636826
20
-55.8742267600218
0
VERTEX
8
L7
10
28.660267265416067
20
-55.9034508556269
0
VERTEX
8
L7
10
28.668932911924102
20
-55.931361019396476
0
VERTEX
8
L7
10
28.68560927242551
20
-55.95536038754387
0
VERTEX
8
L7
10
28.646730599330724
20
-56.01591121176228
0
VERTEX
8
L7
10
28.600291361800274
20
-56.07087802677579
0
VERTEX
8
L7
10
28.547083879648895
20
-56.11932302010067
0
VERTEX
8
L7
10
28.48801594862526
20
-56.16041965085949
0
VERTEX
8
L7
10
28.424095352118073
20
-56.19346675175057
0
VERTEX
8
L7
10
28.356412666930012
20
-56.217900491965125
0
VERTEX
8
L7
10
28.286122656477588
20
-56.23330399694728
0
VERTEX
8
L7
10
28.21442456887557
20
-56.23941446087025
0
VERTEX
8
L7
10
28.142541676048964
20
-56.236127630479665
0
VERTEX
8
L7
10
28.07170040296417
20
-56.22349958380316
0
VERTEX
8
L7
10
28.003109403064983
20
-56.201745773379066
0
VERTEX
8
L7
10
27.93793893691604
20
-56.1712373503279
0
VERTEX
8
L7
10
27.877300905883814
20
-56.13249483198341
0
VERTEX
8
L7
10
27.822229881508875
20
-56.08617922112234
0
VERTEX
8
L7
10
27.773665454235683
20
-56.033080728311674
0
VERTEX
8
L7
10
27.732436202655677
20
-55.97410528978604
0
VERTEX
8
L7
10
27.6992455567714
20
-55.91025911087982
0
VERTEX
8
L7
10
27.674659796474614
20
-55.84263149872497
0
VERTEX
8
L7
10
27.659098390001148
20
-55.77237627711329
0
VERTEX
8
L7
10
27.652826837203108
20
-55.700692100612194
0
VERTEX
8
L7
10
27.6559521397415
20
-55.62880200380337
0
VERTEX
8
L7
10
27.668420975484835
20
-55.55793253456348
0
VERTEX
8
L7
10
27.690020608261065
20
-55.48929282740304
0
VERTEX
8
L7
10
27.720382517440854
20
-55.42405397390226
0
VERTEX
8
L7
10
27.758988685426672
20
-55.36332904221362
0
VERTEX
8
L7
10
27.80518043577389
20
-55.30815408652719
0
VERTEX
8
L7
10
27.858169671153078
20
-55.259470470504255
0
VERTEX
8
L7
10
27.917052319417635
20
-55.21810880626683
0
VERTEX
8
L7
10
27.980823758367777
20
-55.18477478296677
0
VERTEX
8
L7
10
28.048395956042057
20
-55.16003712671957
0
VERTEX
8
L7
10
28.11861603409902
20
-55.14431789732332
0
VERTEX
8
L7
10
28.19028593757055
20
-55.13788528731487
0
VERTEX
8
L7
10
28.262182875393265
20
-55.140849046221604
0
VERTEX
8
L7
10
28.333080182972978
20
-55.15315860807747
0
VERTEX
8
L7
10
28.40176825083732
20
-55.174603954150726
0
VERTEX
8
L7
10
28.467075162303317
20
-55.20481919616388
0
VERTEX
8
L7
10
28.52788668805222
20
-55.24328881887102
0
VERTEX
8
L7
10
28.58316529647543
20
-55.2893564754853
0
VERTEX
8
L7
10
28.63196785544774
20
-55.34223618589386
0
VERTEX
8
L7
10
28.619712292877878
20
-55.36876676932399
0
VERTEX
8
L7
10
28.616024846088877
20
-55.39775768871654
0
VERTEX
8
L7
10
28.621248608625834
20
-55.426511522826175
0
VERTEX
8
L7
10
28.63489754250365
20
-55.452352909690006
0
VERTEX
8
L7
10
28.655701700960023
20
-55.47287747209628
0
VERTEX
8
L7
10
28.68172538895017
20
-55.48617552964004
0
VERTEX
8
L7
10
28.710547267298395
20
-55.491009782377304
0
VERTEX
8
L7
10
28.73948564295675
20
-55.486930433740326
0
VERTEX
8
L7
10
28.765847983541292
20
-55.474317041256455
0
VERTEX
8
L7
10
28.787181440399408
20
-55.45434320112667
0
VERTEX
8
L7
10
28.801501070625804
20
-55.428867352539704
0
VERTEX
8
L7
10
28.80747452341525
20
-55.4002598616882
0
VERTEX
8
L7
10
28.804546006857763
20
-55.37118247422269
0
VERTEX
8
L7
10
28.792988000851963
20
-55.34434065669449
0
VERTEX
8
L7
10
28.773875904578333
20
-55.322231870045876
0
VERTEX
8
L7
10
28.748987977423255
20
-55.30691319670349
0
VERTEX
8
L7
10
28.7206398832176
20
-55.29980994210054
0
VERTEX
8
L7
10
28.691469232398603
20
-55.30158301904277
0
VERTEX
8
L7
10
28.64082124710744
20
-55.2451653679361
0
VERTEX
8
L7
10
28.58369282551321
20
-55.19532047635627
0
VERTEX
8
L7
10
28.520930703714342
20
-55.1527871266439
0
VERTEX
8
L7
10
28.453465118406584
20
-55.1181957322006
0
VERTEX
8
L7
10
28.38229601926271
20
-55.09205899373734
0
VERTEX
8
L7
10
28.308478248052367
20
-55.07476430021628
0
VERTEX
8
L7
10
28.23310590417198
20
-55.06656798711643
0
VERTEX
8
L7
10
28.15729612831275
20
-55.06759153712506
0
VERTEX
8
L7
10
28.0821725446189
20
-55.077819779566774
0
VERTEX
8
L7
10
28.008848606751187
20
-55.09710111525754
0
VERTEX
8
L7
10
27.93841109469288
20
-55.12514976345111
0
VERTEX
8
L7
10
27.871904006903534
20
-55.16154999757441
0
VERTEX
8
L7
10
27.810313086564165
20
-55.20576230697122
0
VERTEX
8
L7
10
27.754551211260534
20
-55.25713139332745
0
VERTEX
8
L7
10
27.70544486265301
20
-55.31489588325756
0
VERTEX
8
L7
10
27.663721876674472
20
-55.378199613096214
0
VERTEX
8
L7
10
27.630000655818336
20
-55.44610431863584
0
VERTEX
8
L7
10
27.604781003408178
20
-55.517603541727844
0
VERTEX
8
L7
10
27.588436715699586
20
-55.59163754762885
0
VERTEX
8
L7
10
27.581210041612152
20
-55.66710903199271
0
VERTEX
8
L7
10
27.583208092206334
20
-55.74289938470513
0
VERTEX
8
L7
10
27.594401253123536
20
-55.81788526950442
0
VERTEX
8
L7
10
27.614623623518938
20
-55.890955273651414
0
VERTEX
8
L7
10
27.643575474981887
20
-55.96102638087342
0
VERTEX
8
L7
10
27.68082769399824
20
-56.02706002342635
0
VERTEX
8
L7
10
27.72582814211033
20
-56.088077475357416
0
VERTEX
8
L7
10
27.77790983950682
20
-56.14317435881511
0
VERTEX
8
L7
10
27.83630085074786
20
-56.19153404839951
0
VERTEX
8
L7
10
27.900135726103557
20
-56.23243977487851
0
VERTEX
8
L7
10
27.968468328926136
20
-56.265285248873305
0
VERTEX
8
L7
10
28.0402858589335
20
-56.28958364705283
0
VERTEX
8
L7
10
28.114523863556244
20
-56.304974827647065
0
VERTEX
8
L7
10
28.190082014855435
20
-56.31123066833366
0
VERTEX
8
L7
10
28.26584041817192
20
-56.308258447381704
0
VERTEX
8
L7
10
28.340676210785986
20
-56.296102217938504
0
VERTEX
8
L7
10
28.4134802045687
20
-56.27494215509034
0
VERTEX
8
L7
10
28.483173325953473
20
-56.24509188537472
0
VERTEX
8
L7
10
28.548722609560983
20
-56.20699383832512
0
VERTEX
8
L7
10
28.609156508425528
20
-56.16121268894592
0
VERTEX
8
L7
10
28.663579293900924
20
-56.10842698831072
0
VERTEX
8
L7
10
28.711184331815403
20
-56.04941910633203
0
VERTEX
8
L7
10
28.75126603810169
20
-55.985063635767126
0
SEQEND
0
POLYLINE
8
L7
66
1
70
1
0
VERTEX
8
L7
10
24.820579692963335
20
-53.25647419100409
0
VERTEX
8
L7
10
24.79152616357574
20
-53.248402351366984
0
VERTEX
8
L7
10
24.761402787994356
20
-53.249760441417926
0
VERTEX
8
L7
10
24.733193476314838
20
-53.26041393378289
0
VERTEX
8
L7
10
24.709692538546804
20
-53.279307532937786
0
VERTEX
8
L7
10
24.693227890606366
20
-53.30456970887733
0
VERTEX
8
L7
10
24.68543045958127
20
-53.33369808395065
0
VERTEX
8
L7
10
24.68707263012986
20
-53.36380730912986
0
VERTEX
8
L7
10
24.69799173491542
20
-53.3919148760058
0
VERTEX
8
L7
10
24.717106167830494
20
-53.4152365530325
0
VERTEX
8
L7
10
24.742522523894863
20
-53.431462181199436
0
VERTEX
8
L7
10
24.771723152945142
20
-53.43898450983298
0
VERTEX
8
L7
10
24.801815548741885
20
-53.43705840489953
0
VERTEX
8
L7
10
24.82981886993231
20
-53.42587465922511
0
VERTEX
8
L7
10
24.852959211162172
20
-53.40654109326412
0
VERTEX
8
L7
10
24.86894437587388
20
-53.3809728185053
0
VERTEX
8
L7
10
24.876190932813685
20
-53.35170253361565
0
VERTEX
8
L7
10
24.87398106487133
20
-53.32162964468425
0
VERTEX
8
L7
10
24.927323467924154
20
-53.29243724015902
0
VERTEX
8
L7
10
24.984512772318354
20
-53.271773457632
0
VERTEX
8
L7
10
25.04419509608148
20
-53.26012748512433
0
VERTEX
8
L7
10
25.104957538268636
20
-53.25777502580106
0
VERTEX
8
L7
10
25.165361627544158
20
-53.26477177105943
0
VERTEX
8
L7
10
25.223977376108778
20
-53.28095208210787
0
VERTEX
8
L7
10
25.27941713279027
20
-53.30593291124771
0
VERTEX
8
L7
10
25.330368433869708
20
-53.339122870026365
0
VERTEX
8
L7
10
25.375625073943198
20
-53.37973622958542
0
VERTEX
8
L7
10
25.41411566125707
20
-53.426811521763476
0
VERTEX
8
L7
10
25.44492898150601
20
-53.47923430059721
0
VERTEX
8
L7
10
25.46733556963993
20
-53.53576352537177
0
VERTEX
8
L7
10
25.480804978994726
20
-53.59506094063625
0
VERTEX
8
L7
10
25.485018338923183
20
-53.655722757650985
0
VERTEX
8
L7
10
25.47987590364049
20
-53.716312887249615
0
VERTEX
8
L7
10
25.46549941357516
20
-53.7753969373716
0
VERTEX
8
L7
10
25.44222921332367
20
-53.831576170417904
0
VERTEX
8
L7
10
25.41061619443731
20
-53.88352061653398
0
VERTEX
8
L7
10
25.37140875378536
20
-53.93000055890635
0
VERTEX
8
L7
10
25.325535076238154
20
-53.969915645699565
0
VERTEX
8
L7
10
25.274081161104434
20
-54.00232093944657
0
VERTEX
8
L7
10
25.21826511251838
20
-54.02644928720712
0
VERTEX
8
L7
10
25.159408302417503
20
-54.041729481910195
0
VERTEX
8
L7
10
25.098904088790576
20
-54.04779978493415
0
VERTEX
8
L7
10
25.03818482974991
20
-54.04451648979543
0
VERTEX
8
L7
10
24.97868797432666
20
-54.03195732421158
0
VERTEX
8
L7
10
24.921822032745425
20
-54.01041960999921
0
VERTEX
8
L7
10
24.868933231786983
20
-53.9804132243689
0
VERTEX
8
L7
10
24.821273644630438
20
-53.94264852924921
0
VERTEX
8
L7
10
24.779971549658384
20
-53.898019554397266
0
VERTEX
8
L7
10
24.746004719942206
20
-53.84758283241371
0
VERTEX
8
L7
10
24.720177275743552
20
-53.792532386715415
0
VERTEX
8
L7
10
24.70310064801903
20
-53.73417146459303
0
VERTEX
8
L7
10
24.71621736347855
20
-53.72441703535559
0
VERTEX
8
L7
10
24.72748500596886
20
-53.712574850299404
0
VERTEX
8
L7
10
25.015029964091056
20
-53.712574850299404
0
VERTEX
8
L7
10
25.036726894941822
20
-53.732446290022466
0
VERTEX
8
L7
10
25.063430701428913
20
-53.74479690312913
0
VERTEX
8
L7
10
25.092623133146944
20
-53.748461989130796
0
VERTEX
8
L7
10
25.121551254740254
20
-53.74309591923804
0
VERTEX
8
L7
10
25.14748705610417
20
-53.729204730209666
0
VERTEX
8
L7
10
25.167984712059038
20
-53.70809840354286
0
VERTEX
8
L7
10
25.181111231125087
20
-53.681767330222165
0
VERTEX
8
L7
10
25.185628742514965
20
-53.65269461077845
0
VERTEX
8
L7
10
25.181111231125087
20
-53.623621891334736
0
VERTEX
8
L7
10
25.167984712059038
20
-53.59729081801404
0
VERTEX
8
L7
10
25.14748705610417
20
-53.57618449134723
0
VERTEX
8
L7
10
25.121551254740254
20
-53.56229330231886
0
VERTEX
8
L7
10
25.092623133146944
20
-53.5569272324261
0
VERTEX
8
L7
10
25.063430701428913
20
-53.560592318427766
0
VERTEX
8
L7
10
25.036726894941822
20
-53.57294293153443
0
VERTEX
8
L7
10
25.015029964091056
20
-53.59281437125749
0
VERTEX
8
L7
10
24.72748500596886
20
-53.59281437125749
0
VERTEX
8
L7
10
24.705913069958413
20
-53.57302628645608
0
VERTEX
8
L7
10
24.679372993189745
20
-53.56067553552912
0
VERTEX
8
L7
10
24.650342390369318
20
-53.55691510693253
0
VERTEX
8
L7
10
24.621531376057632
20
-53.5620960506378
0
VERTEX
8
L7
10
24.595629565412466
20
-53.57573470631383
0
VERTEX
8
L7
10
24.57505498862794
20
-53.59655785481456
0
VERTEX
8
L7
10
24.561728358837783
20
-53.622621577913584
0
VERTEX
8
L7
10
24.556893766413125
20
-53.651492730288126
0
VERTEX
8
L7
10
24.561002538507054
20
-53.680476082668875
0
VERTEX
8
L7
10
24.57367110598922
20
-53.706865931499365
0
VERTEX
8
L7
10
24.59371681104828
20
-53.728198686408916
0
VERTEX
8
L7
10
24.619268312689698
20
-53.742482855520755
0
VERTEX
8
L7
10
24.63615433845662
20
-53.80653965942984
0
VERTEX
8
L7
10
24.66171590616726
20
-53.867654455096854
0
VERTEX
8
L7
10
24.695464197081336
20
-53.924658532614394
0
VERTEX
8
L7
10
24.736753836187447
20
-53.976461792123175
0
VERTEX
8
L7
10
24.784795233832725
20
-54.02207358999977
0
VERTEX
8
L7
10
24.838669685196507
20
-54.06062168312382
0
VERTEX
8
L7
10
24.897346938858007
20
-54.091368908949754
0
VERTEX
8
L7
10
24.95970489849104
20
-54.11372728240692
0
VERTEX
8
L7
10
25.024551080926344
20
-54.127269240050374
0
VERTEX
8
L7
10
25.090645420234765
20
-54.131735816438265
0
VERTEX
8
L7
10
25.15672398174503
20
-54.127041596377424
0
VERTEX
8
L7
10
25.2215231325077
20
-54.11327634833444
0
VERTEX
8
L7
10
25.283803705989314
20
-54.09070330777612
0
VERTEX
8
L7
10
25.342374698890737
20
-54.05975414326737
0
VERTEX
8
L7
10
25.396116046930572
20
-54.021020701590835
0
VERTEX
8
L7
10
25.444000044048337
20
-53.97524368974785
0
VERTEX
8
L7
10
25.48511099542371
20
-53.92329851027701
0
VERTEX
8
L7
10
25.51866272848342
20
-53.866178520764244
0
VERTEX
8
L7
10
25.544013627029457
20
-53.804976037676084
0
VERTEX
8
L7
10
25.56067890098815
20
-53.74086144778324
0
VERTEX
8
L7
10
25.568339857143357
20
-53.67506082663089
0
VERTEX
8
L7
10
25.566849993567715
20
-53.608832492061964
0
VERTEX
8
L7
10
25.55623780120682
20
-53.54344294116473
0
VERTEX
8
L7
10
25.53670621904159
20
-53.480142630807116
0
VERTEX
8
L7
10
25.508628753247322
20
-53.42014206491128
0
VERTEX
8
L7
10
25.47254233456384
20
-53.364588645755966
0
VERTEX
8
L7
10
25.42913705046628
20
-53.314544731983595
0
VERTEX
8
L7
10
25.37924294849067
20
-53.270967322913116
0
VERTEX
8
L7
10
25.323814163076392
20
-53.2346897576593
0
VERTEX
8
L7
10
25.26391066947103
20
-53.20640577902968
0
VERTEX
8
L7
10
25.200678013621385
20
-53.18665626694842
0
VERTEX
8
L7
10
25.135325405679552
20
-53.175818895106225
0
VERTEX
8
L7
10
25.06910259604625
20
-53.174100908634216
0
VERTEX
8
L7
10
25.003275976155336
20
-53.18153516091576
0
VERTEX
8
L7
10
24.939104361028583
20
-53.1979794853249
0
VERTEX
8
L7
10
24.87781491671565
20
-53.22311941390591
0
VERTEX
8
L7
10
24.820579692963335
20
-53.25647419100409
0
SEQEND
0
POLYLINE
8
L7
66
1
70
1
0
VERTEX
8
L7
10
25.68862275449102
20
-55.59281437125749
0
VERTEX
8
L7
10
25.6761172510448
20
-55.5936340252576
0
VERTEX
8
L7
10
25.663825720229696
20
-55.59607896275075
0
VERTEX
8
L7
10
25.65195847354586
20
-55.60010735017856
0
VERTEX
8
L7
10
25.640718562874255
20
-55.605650260715265
0
VERTEX
8
L7
10
25.63029830620276
20
-55.612612853624796
0
VERTEX
8
L7
10
25.620875997012078
20
-55.62087599701207
0
VERTEX
8
L7
10
25.61261285362481
20
-55.63029830620276
0
VERTEX
8
L7
10
25.60565026071528
20
-55.640718562874255
0
VERTEX
8
L7
10
25.60010735017856
20
-55.65195847354586
0
VERTEX
8
L7
10
25.596078962750752
20
-55.6638257202297
0
VERTEX
8
L7
10
25.5936340252576
20
-55.676117251044786
0
VERTEX
8
L7
10
25.59281437125749
20
-55.68862275449102
0
VERTEX
8
L7
10
25.5936340252576
20
-55.70112825793725
0
VERTEX
8
L7
10
25.596078962750752
20
-55.71341978875234
0
VERTEX
8
L7
10
25.60010735017856
20
-55.725287035436175
0
VERTEX
8
L7
10
25.60565026071528
20
-55.73652694610779
0
VERTEX
8
L7
10
25.61261285362481
20
-55.74694720277928
0
VERTEX
8
L7
10
25.620875997012078
20
-55.75636951196997
0
VERTEX
8
L7
10
25.63029830620276
20
-55.76463265535725
0
VERTEX
8
L7
10
25.640718562874255
20
-55.77159524826677
0
VERTEX
8
L7
10
25.65195847354586
20
-55.777138158803474
0
VERTEX
8
L7
10
25.663825720229696
20
-55.78116654623129
0
VERTEX
8
L7
10
25.6761172510448
20
-55.783611483724435
0
VERTEX
8
L7
10
25.68862275449102
20
-55.78443113772455
0
VERTEX
8
L7
10
25.70112825793727
20
-55.783611483724435
0
VERTEX
8
L7
10
25.713419788752347
20
-55.78116654623129
0
VERTEX
8
L7
10
25.725287035436182
20
-55.777138158803474
0
VERTEX
8
L7
10
25.736526946107787
20
-55.77159524826677
0
VERTEX
8
L7
10
25.746947202779282
20
-55.76463265535725
0
VERTEX
8
L7
10
25.756369511969964
20
-55.75636951196997
0
VERTEX
8
L7
10
25.76463265535726
20
-55.74694720277928
0
VERTEX
8
L7
10
25.77159524826679
20
-55.73652694610779
0
VERTEX
8
L7
10
25.77713815880348
20
-55.725287035436175
0
VERTEX
8
L7
10
25.78116654623129
20
-55.71341978875234
0
VERTEX
8
L7
10
25.783611483724442
20
-55.70112825793725
0
VERTEX
8
L7
10
25.784431137724553
20
-55.68862275449102
0
VERTEX
8
L7
10
25.783611483724442
20
-55.676117251044786
0
VERTEX
8
L7
10
25.78116654623129
20
-55.6638257202297
0
VERTEX
8
L7
10
25.77713815880348
20
-55.65195847354586
0
VERTEX
8
L7
10
25.77159524826679
20
-55.640718562874255
0
VERTEX
8
L7
10
25.76463265535726
20
-55.63029830620276
0
VERTEX
8
L7
10
25.756369511969964
20
-55.62087599701207
0
VERTEX
8
L7
10
25.746947202779282
20
-55.612612853624796
0
VERTEX
8
L7
10
25.736526946107787
20
-55.605650260715265
0
VERTEX
8
L7
10
25.725287035436182
20
-55.60010735017856
0
VERTEX
8
L7
10
25.713419788752347
20
-55.59607896275075
0
VERTEX
8
L7
10
25.70112825793727
20
-55.5936340252576
0
VERTEX
8
L7
10
25.68862275449102
20
-55.59281437125749
0
SEQEND
0
POLYLINE
8
L7
66
1
70
1
0
VERTEX
8
L7
10
25.200746336463666
20
-55.30158301904277
0
VERTEX
8
L7
10
25.17157568564467
20
-55.29980994210054
0
VERTEX
8
L7
10
25.143227591439015
20
-55.30691319670349
0
VERTEX
8
L7
10
25.118339664283965
20
-55.322231870045876
0
VERTEX
8
L7
10
25.099227568010306
20
-55.34434065669449
0
VERTEX
8
L7
10
25.087669562004535
20
-55.37118247422269
0
VERTEX
8
L7
10
25.084741045447018
20
-55.4002598616882
0
VERTEX
8
L7
10
25.090714498236494
20
-55.428867352539704
0
VERTEX
8
L7
10
25.10503412846289
20
-55.45434320112667
0
VERTEX
8
L7
10
25.126367585321006
20
-55.474317041256455
0
VERTEX
8
L7
10
25.15272992590552
20
-55.48693043374032
0
VERTEX
8
L7
10
25.181668301563903
20
-55.491009782377304
0
VERTEX
8
L7
10
25.2104901799121
20
-55.486175529640036
0
VERTEX
8
L7
10
25.236513867902275
20
-55.47287747209628
0
VERTEX
8
L7
10
25.257318026358647
20
-55.452352909690006
0
VERTEX
8
L7
10
25.270966960236436
20
-55.426511522826175
0
VERTEX
8
L7
10
25.276190722773393
20
-55.39775768871654
0
VERTEX
8
L7
10
25.27250327598439
20
-55.36876676932399
0
VERTEX
8
L7
10
25.260247713414557
20
-55.34223618589386
0
VERTEX
8
L7
10
25.30905027238687
20
-55.2893564754853
0
VERTEX
8
L7
10
25.364328880810078
20
-55.24328881887102
0
VERTEX
8
L7
10
25.42514040655898
20
-55.204819196163875
0
VERTEX
8
L7
10
25.49044731802495
20
-55.174603954150726
0
VERTEX
8
L7
10
25.55913538588929
20
-55.15315860807747
0
VERTEX
8
L7
10
25.630032693469033
20
-55.140849046221604
0
VERTEX
8
L7
10
25.701929631291748
20
-55.137885287314866
0
VERTEX
8
L7
10
25.77359953476325
20
-55.14431789732332
0
VERTEX
8
L7
10
25.84381961282024
20
-55.16003712671957
0
VERTEX
8
L7
10
25.91139181049452
20
-55.18477478296677
0
VERTEX
8
L7
10
25.975163249444662
20
-55.21810880626683
0
VERTEX
8
L7
10
26.03404589770922
20
-55.259470470504255
0
VERTEX
8
L7
10
26.087035133088406
20
-55.30815408652719
0
VERTEX
8
L7
10
26.133226883435626
20
-55.36332904221362
0
VERTEX
8
L7
10
26.171833051421416
20
-55.42405397390226
0
VERTEX
8
L7
10
26.202194960601233
20
-55.48929282740304
0
VERTEX
8
L7
10
26.223794593377463
20
-55.55793253456348
0
VERTEX
8
L7
10
26.236263429120797
20
-55.62880200380337
0
VERTEX
8
L7
10
26.23938873165919
20
-55.700692100612194
0
VERTEX
8
L7
10
26.23311717886115
20
-55.772376277113295
0
VERTEX
8
L7
10
26.217555772387684
20
-55.84263149872498
0
VERTEX
8
L7
10
26.192970012090868
20
-55.91025911087982
0
VERTEX
8
L7
10
26.15977936620662
20
-55.97410528978604
0
VERTEX
8
L7
10
26.118550114626615
20
-56.033080728311674
0
VERTEX
8
L7
10
26.069985687353423
20
-56.08617922112235
0
VERTEX
8
L7
10
26.014914662978484
20
-56.13249483198341
0
VERTEX
8
L7
10
25.954276631946257
20
-56.1712373503279
0
VERTEX
8
L7
10
25.889106165797315
20
-56.201745773379066
0
VERTEX
8
L7
10
25.82051516589813
20
-56.22349958380316
0
VERTEX
8
L7
10
25.749673892813306
20
-56.236127630479665
0
VERTEX
8
L7
10
25.677790999986698
20
-56.23941446087025
0
VERTEX
8
L7
10
25.60609291238471
20
-56.23330399694728
0
VERTEX
8
L7
10
25.535802901932257
20
-56.217900491965125
0
VERTEX
8
L7
10
25.468120216744197
20
-56.19346675175057
0
VERTEX
8
L7
10
25.404199620237037
20
-56.16041965085949
0
VERTEX
8
L7
10
25.345131689213403
20
-56.11932302010068
0
VERTEX
8
L7
10
25.291924207062024
20
-56.07087802677579
0
VERTEX
8
L7
10
25.245484969531546
20
-56.01591121176228
0
VERTEX
8
L7
10
25.20660629643679
20
-55.95536038754387
0
VERTEX
8
L7
10
25.223282656938196
20
-55.931361019396476
0
VERTEX
8
L7
10
25.23194830344623
20
-55.9034508556269
0
VERTEX
8
L7
10
25.23179695249401
20
-55.8742267600218
0
VERTEX
8
L7
10
25.222842686328093
20
-55.84640784939473
0
VERTEX
8
L7
10
25.20591864264462
20
-55.822582497006
0
VERTEX
8
L7
10
25.182599496408912
20
-55.804967500841244
0
VERTEX
8
L7
10
25.155054946333436
20
-55.79520182461346
0
VERTEX
8
L7
10
25.12584783816861
20
-55.79419410258068
0
VERTEX
8
L7
10
25.097695708154404
20
-55.80203809688904
0
VERTEX
8
L7
10
25.07321793350245
20
-55.81800397359954
0
VERTEX
8
L7
10
25.054692015953563
20
-55.840606209108856
0
VERTEX
8
L7
10
25.04384167468025
20
-55.86774180870238
0
VERTEX
8
L7
10
25.04167646514621
20
-55.89688597687923
0
VERTEX
8
L7
10
25.04839784637103
20
-55.92532703356631
0
VERTEX
8
L7
10
25.063380436445655
20
-55.95041871875687
0
VERTEX
8
L7
10
25.085230200354218
20
-55.9698264102267
0
VERTEX
8
L7
10
25.111914156093732
20
-55.98174434533045
0
VERTEX
8
L7
10
25.14094953076058
20
-55.985063635767126
0
VERTEX
8
L7
10
25.181031237046867
20
-56.04941910633203
0
VERTEX
8
L7
10
25.228636274961346
20
-56.10842698831072
0
VERTEX
8
L7
10
25.28305906043674
20
-56.16121268894592
0
VERTEX
8
L7
10
25.343492959301287
20
-56.20699383832512
0
VERTEX
8
L7
10
25.409042242908797
20
-56.24509188537472
0
VERTEX
8
L7
10
25.4787353642936
20
-56.27494215509034
0
VERTEX
8
L7
10
25.551539358076283
20
-56.296102217938504
0
VERTEX
8
L7
10
25.62637515069035
20
-56.308258447381704
0
VERTEX
8
L7
10
25.702133554006835
20
-56.311230668333664
0
VERTEX
8
L7
10
25.777691705306054
20
-56.304974827647065
0
VERTEX
8
L7
10
25.851929709928797
20
-56.28958364705283
0
VERTEX
8
L7
10
25.923747239936162
20
-56.265285248873305
0
VERTEX
8
L7
10
25.99207984275874
20
-56.23243977487851
0
VERTEX
8
L7
10
26.05591471811441
20
-56.19153404839951
0
VERTEX
8
L7
10
26.11430572935545
20
-56.14317435881511
0
VERTEX
8
L7
10
26.16638742675194
20
-56.088077475357416
0
VERTEX
8
L7
10
26.21138787486406
20
-56.02706002342635
0
VERTEX
8
L7
10
26.24864009388041
20
-55.96102638087342
0
VERTEX
8
L7
10
26.27759194534336
20
-55.890955273651414
0
VERTEX
8
L7
10
26.297814315738762
20
-55.81788526950442
0
VERTEX
8
L7
10
26.309007476655935
20
-55.74289938470513
0
VERTEX
8
L7
10
26.311005527250117
20
-55.66710903199271
0
VERTEX
8
L7
10
26.303778853162683
20
-55.59163754762885
0
VERTEX
8
L7
10
26.28743456545412
20
-55.517603541727844
0
VERTEX
8
L7
10
26.262214913043934
20
-55.44610431863584
0
VERTEX
8
L7
10
26.228493692187826
20
-55.378199613096214
0
VERTEX
8
L7
10
26.186770706209288
20
-55.31489588325756
0
VERTEX
8
L7
10
26.137664357601764
20
-55.25713139332745
0
VERTEX
8
L7
10
26.081902482298133
20
-55.20576230697122
0
VERTEX
8
L7
10
26.020311561958763
20
-55.16154999757441
0
VERTEX
8
L7
10
25.953804474169416
20
-55.12514976345111
0
VERTEX
8
L7
10
25.88336696211111
20
-55.09710111525754
0
VERTEX
8
L7
10
25.81004302424337
20
-55.077819779566774
0
VERTEX
8
L7
10
25.734919440549547
20
-55.06759153712506
0
VERTEX
8
L7
10
25.65910966469029
20
-55.06656798711643
0
VERTEX
8
L7
10
25.58373732080993
20
-55.07476430021628
0
VERTEX
8
L7
10
25.509919549599587
20
-55.09205899373734
0
VERTEX
8
L7
10
25.438750450455686
20
-55.1181957322006
0
VERTEX
8
L7
10
25.371284865147928
20
-55.1527871266439
0
VERTEX
8
L7
10
25.30852274334906
20
-55.19532047635627
0
VERTEX
8
L7
10
25.25139432175486
20
-55.2451653679361
0
VERTEX
8
L7
10
25.200746336463666
20
-55.30158301904277
0
SEQEND
0
POLYLINE
8
L7
66
1
70
1
0
VERTEX
8
L7
10
29.2729472561726
20
-53.742482855520755
0
VERTEX
8
L7
10
29.298498757813988
20
-53.728198686408916
0
VERTEX
8
L7
10
29.318544462873078
20
-53.706865931499365
0
VERTEX
8
L7
10
29.331213030355244
20
-53.680476082668875
0
VERTEX
8
L7
10
29.335321802449172
20
-53.651492730288126
0
VERTEX
8
L7
10
29.330487210024515
20
-53.622621577913584
0
VERTEX
8
L7
10
29.317160580234358
20
-53.59655785481456
0
VERTEX
8
L7
10
29.296586003449804
20
-53.57573470631383
0
VERTEX
8
L7
10
29.270684192804666
20
-53.5620960506378
0
VERTEX
8
L7
10
29.241873178492952
20
-53.55691510693253
0
VERTEX
8
L7
10
29.212842575672553
20
-53.56067553552912
0
VERTEX
8
L7
10
29.186302498903885
20
-53.57302628645608
0
VERTEX
8
L7
10
29.16473056289344
20
-53.59281437125749
0
VERTEX
8
L7
10
28.877185604771242
20
-53.59281437125749
0
VERTEX
8
L7
10
28.855488673920476
20
-53.57294293153443
0
VERTEX
8
L7
10
28.828784867433356
20
-53.560592318427766
0
VERTEX
8
L7
10
28.799592435715354
20
-53.55692723242609
0
VERTEX
8
L7
10
28.770664314122044
20
-53.56229330231886
0
VERTEX
8
L7
10
28.74472851275813
20
-53.57618449134722
0
VERTEX
8
L7
10
28.72423085680323
20
-53.59729081801403
0
VERTEX
8
L7
10
28.71110433773721
20
-53.62362189133473
0
VERTEX
8
L7
10
28.706586826347305
20
-53.65269461077845
0
VERTEX
8
L7
10
28.71110433773721
20
-53.68176733022216
0
VERTEX
8
L7
10
28.72423085680323
20
-53.708098403542856
0
VERTEX
8
L7
10
28.74472851275813
20
-53.729204730209666
0
VERTEX
8
L7
10
28.770664314122044
20
-53.74309591923804
0
VERTEX
8
L7
10
28.799592435715354
20
-53.748461989130796
0
VERTEX
8
L7
10
28.828784867433356
20
-53.74479690312913
0
VERTEX
8
L7
10
28.855488673920476
20
-53.732446290022466
0
VERTEX
8
L7
10
28.877185604771242
20
-53.712574850299404
0
VERTEX
8
L7
10
29.16473056289344
20
-53.712574850299404
0
VERTEX
8
L7
10
29.17599820538372
20
-53.72441703535559
0
VERTEX
8
L7
10
29.189114920843238
20
-53.73417146459303
0
VERTEX
8
L7
10
29.172038293118746
20
-53.792532386715415
0
VERTEX
8
L7
10
29.14621084892009
20
-53.84758283241371
0
VERTEX
8
L7
10
29.112244019203885
20
-53.898019554397266
0
VERTEX
8
L7
10
29.07094192423186
20
-53.94264852924921
0
VERTEX
8
L7
10
29.023282337075287
20
-53.9804132243689
0
VERTEX
8
L7
10
28.970393536116873
20
-54.01041960999921
0
VERTEX
8
L7
10
28.91352759453561
20
-54.03195732421158
0
VERTEX
8
L7
10
28.85403073911239
20
-54.04451648979543
0
VERTEX
8
L7
10
28.793311480071722
20
-54.04779978493415
0
VERTEX
8
L7
10
28.732807266444794
20
-54.041729481910195
0
VERTEX
8
L7
10
28.673950456343917
20
-54.02644928720712
0
VERTEX
8
L7
10
28.618134407757836
20
-54.00232093944657
0
VERTEX
8
L7
10
28.566680492624144
20
-53.969915645699565
0
VERTEX
8
L7
10
28.520806815076938
20
-53.93000055890635
0
VERTEX
8
L7
10
28.481599374424988
20
-53.88352061653398
0
VERTEX
8
L7
10
28.4499863555386
20
-53.831576170417904
0
VERTEX
8
L7
10
28.42671615528711
20
-53.7753969373716
0
VERTEX
8
L7
10
28.41233966522178
20
-53.716312887249615
0
VERTEX
8
L7
10
28.407197229939086
20
-53.655722757650985
0
VERTEX
8
L7
10
28.411410589867543
20
-53.59506094063625
0
VERTEX
8
L7
10
28.42487999922234
20
-53.53576352537177
0
VERTEX
8
L7
10
28.44728658735626
20
-53.47923430059721
0
VERTEX
8
L7
10
28.478099907605227
20
-53.426811521763476
0
VERTEX
8
L7
10
28.5165904949191
20
-53.37973622958542
0
VERTEX
8
L7
10
28.56184713499259
20
-53.339122870026365
0
VERTEX
8
L7
10
28.612798436072026
20
-53.30593291124771
0
VERTEX
8
L7
10
28.668238192753492
20
-53.28095208210787
0
VERTEX
8
L7
10
28.72685394131814
20
-53.26477177105943
0
VERTEX
8
L7
10
28.787258030593634
20
-53.25777502580106
0
VERTEX
8
L7
10
28.848020472780817
20
-53.26012748512433
0
VERTEX
8
L7
10
28.907702796543916
20
-53.271773457632
0
VERTEX
8
L7
10
28.964892100938116
20
-53.29243724015902
0
VERTEX
8
L7
10
29.01823450399094
20
-53.32162964468425
0
VERTEX
8
L7
10
29.016024636048584
20
-53.35170253361565
0
VERTEX
8
L7
10
29.023271192988418
20
-53.3809728185053
0
VERTEX
8
L7
10
29.039256357700125
20
-53.40654109326412
0
VERTEX
8
L7
10
29.062396698929987
20
-53.42587465922511
0
VERTEX
8
L7
10
29.090400020120384
20
-53.43705840489953
0
VERTEX
8
L7
10
29.120492415917155
20
-53.43898450983298
0
VERTEX
8
L7
10
29.149693044967407
20
-53.431462181199436
0
VERTEX
8
L7
10
29.175109401031804
20
-53.4152365530325
0
VERTEX
8
L7
10
29.19422383394688
20
-53.3919148760058
0
VERTEX
8
L7
10
29.205142938732408
20
-53.36380730912986
0
VERTEX
8
L7
10
29.206785109281
20
-53.33369808395065
0
VERTEX
8
L7
10
29.198987678255932
20
-53.30456970887733
0
VERTEX
8
L7
10
29.182523030315465
20
-53.279307532937786
0
VERTEX
8
L7
10
29.15902209254743
20
-53.26041393378289
0
VERTEX
8
L7
10
29.130812780867913
20
-53.249760441417926
0
VERTEX
8
L7
10
29.10068940528656
20
-53.248402351366984
0
VERTEX
8
L7
10
29.071635875898963
20
-53.25647419100409
0
VERTEX
8
L7
10
29.01440065214662
20
-53.22311941390591
0
VERTEX
8
L7
10
28.953111207833686
20
-53.1979794853249
0
VERTEX
8
L7
10
28.88893959270696
20
-53.18153516091576
0
VERTEX
8
L7
10
28.82311297281605
20
-53.174100908634216
0
VERTEX
8
L7
10
28.756890163182746
20
-53.175818895106225
0
VERTEX
8
L7
10
28.691537555240885
20
-53.18665626694842
0
VERTEX
8
L7
10
28.62830489939124
20
-53.20640577902968
0
VERTEX
8
L7
10
28.568401405785906
20
-53.2346897576593
0
VERTEX
8
L7
10
28.512972620371627
20
-53.270967322913116
0
VERTEX
8
L7
10
28.463078518396017
20
-53.314544731983595
0
VERTEX
8
L7
10
28.419673234298457
20
-53.364588645755966
0
VERTEX
8
L7
10
28.383586815614947
20
-53.42014206491128
0
VERTEX
8
L7
10
28.355509349820707
20
-53.480142630807116
0
VERTEX
8
L7
10
28.33597776765548
20
-53.54344294116473
0
VERTEX
8
L7
10
28.325365575294583
20
-53.608832492061964
0
VERTEX
8
L7
10
28.323875711718912
20
-53.67506082663088
0
VERTEX
8
L7
10
28.331536667874147
20
-53.74086144778323
0
VERTEX
8
L7
10
28.34820194183284
20
-53.804976037676084
0
VERTEX
8
L7
10
28.373552840378878
20
-53.866178520764244
0
VERTEX
8
L7
10
28.40710457343856
20
-53.923298510277
0
VERTEX
8
L7
10
28.44821552481396
20
-53.97524368974785
0
VERTEX
8
L7
10
28.496099521931725
20
-54.021020701590835
0
VERTEX
8
L7
10
28.549840869971533
20
-54.05975414326737
0
VERTEX
8
L7
10
28.608411862872956
20
-54.09070330777612
0
VERTEX
8
L7
10
28.67069243635457
20
-54.11327634833444
0
VERTEX
8
L7
10
28.735491587117238
20
-54.127041596377424
0
VERTEX
8
L7
10
28.801570148627533
20
-54.13173581643826
0
VERTEX
8
L7
10
28.867664487935954
20
-54.127269240050374
0
VERTEX
8
L7
10
28.93251067037123
20
-54.11372728240692
0
VERTEX
8
L7
10
28.99486863000429
20
-54.091368908949754
0
VERTEX
8
L7
10
29.05354588366579
20
-54.06062168312381
0
VERTEX
8
L7
10
29.107420335029545
20
-54.02207358999976
0
VERTEX
8
L7
10
29.155461732674823
20
-53.976461792123175
0
VERTEX
8
L7
10
29.196751371780962
20
-53.924658532614394
0
VERTEX
8
L7
10
29.23049966269504
20
-53.867654455096854
0
VERTEX
8
L7
10
29.256061230405678
20
-53.80653965942984
0
VERTEX
8
L7
10
29.2729472561726
20
-53.742482855520755
0
SEQEND
0
POLYLINE
8
L7
66
1
70
1
0
VERTEX
8
L7
10
28.203592814371248
20
-55.59281437125749
0
VERTEX
8
L7
10
28.191087310925028
20
-55.5936340252576
0
VERTEX
8
L7
10
28.17879578010995
20
-55.59607896275075
0
VERTEX
8
L7
10
28.166928533426116
20
-55.60010735017856
0
VERTEX
8
L7
10
28.155688622754482
20
-55.605650260715265
0
VERTEX
8
L7
10
28.145268366082988
20
-55.612612853624796
0
VERTEX
8
L7
10
28.135846056892305
20
-55.62087599701207
0
VERTEX
8
L7
10
28.127582913505037
20
-55.63029830620276
0
VERTEX
8
L7
10
28.120620320595506
20
-55.640718562874255
0
VERTEX
8
L7
10
28.115077410058817
20
-55.65195847354586
0
VERTEX
8
L7
10
28.11104902263098
20
-55.6638257202297
0
VERTEX
8
L7
10
28.108604085137856
20
-55.676117251044786
0
VERTEX
8
L7
10
28.107784431137716
20
-55.68862275449102
0
VERTEX
8
L7
10
28.108604085137856
20
-55.70112825793725
0
VERTEX
8
L7
10
28.11104902263098
20
-55.71341978875234
0
VERTEX
8
L7
10
28.115077410058817
20
-55.725287035436175
0
VERTEX
8
L7
10
28.120620320595506
20
-55.73652694610779
0
VERTEX
8
L7
10
28.127582913505037
20
-55.74694720277928
0
VERTEX
8
L7
10
28.135846056892305
20
-55.75636951196997
0
VERTEX
8
L7
10
28.145268366082988
20
-55.76463265535725
0
VERTEX
8
L7
10
28.155688622754482
20
-55.77159524826677
0
VERTEX
8
L7
10
28.166928533426116
20
-55.777138158803474
0
VERTEX
8
L7
10
28.17879578010995
20
-55.78116654623129
0
VERTEX
8
L7
10
28.191087310925028
20
-55.783611483724435
0
VERTEX
8
L7
10
28.203592814371248
20
-55.78443113772455
0
VERTEX
8
L7
10
28.216098317817497
20
-55.783611483724435
0
VERTEX
8
L7
10
28.228389848632574
20
-55.78116654623129
0
VERTEX
8
L7
10
28.24025709531641
20
-55.777138158803474
0
VERTEX
8
L7
10
28.251497005988014
20
-55.77159524826677
0
VERTEX
8
L7
10
28.26191726265951
20
-55.76463265535725
0
VERTEX
8
L7
10
28.27133957185022
20
-55.75636951196997
0
VERTEX
8
L7
10
28.279602715237488
20
-55.74694720277928
0
VERTEX
8
L7
10
28.28656530814702
20
-55.73652694610779
0
VERTEX
8
L7
10
28.29210821868371
20
-55.725287035436175
0
VERTEX
8
L7
10
28.296136606111546
20
-55.71341978875234
0
VERTEX
8
L7
10
28.29858154360467
20
-55.70112825793725
0
VERTEX
8
L7
10
28.29940119760481
20
-55.68862275449102
0
VERTEX
8
L7
10
28.29858154360467
20
-55.676117251044786
0
VERTEX
8
L7
10
28.296136606111546
20
-55.6638257202297
0
VERTEX
8
L7
10
28.29210821868371
20
-55.65195847354586
0
VERTEX
8
L7
10
28.28656530814702
20
-55.640718562874255
0
VERTEX
8
L7
10
28.279602715237488
20
-55.63029830620276
0
VERTEX
8
L7
10
28.27133957185022
20
-55.62087599701207
0
VERTEX
8
L7
10
28.26191726265951
20
-55.612612853624796
0
VERTEX
8
L7
10
28.251497005988014
20
-55.605650260715265
0
VERTEX
8
L7
10
28.24025709531641
20
-55.60010735017856
0
VERTEX
8
L7
10
28.228389848632574
20
-55.59607896275075
0
VERTEX
8
L7
10
28.216098317817497
20
-55.5936340252576
0
VERTEX
8
L7
10
28.203592814371248
20
-55.59281437125749
0
SEQEND
0
POLYLINE
8
L7
66
1
70
1
0
VERTEX
8
L7
10
22.814371257485035
20
-55.61362275449102
0
VERTEX
8
L7
10
22.80458179306852
20
-55.614264389887985
0
VERTEX
8
L7
10
22.794959829102353
20
-55.61617831751934
0
VERTEX
8
L7
10
22.785670000057664
20
-55.619331789552675
0
VERTEX
8
L7
10
22.77687125748504
20
-55.62367084920719
0
VERTEX
8
L7
10
22.76871415030938
20
-55.629121253969174
0
VERTEX
8
L7
10
22.761338248896053
20
-55.63558974590203
0
VERTEX
8
L7
10
22.754869756963203
20
-55.642965647315364
0
VERTEX
8
L7
10
22.7494193522012
20
-55.65112275449102
0
VERTEX
8
L7
10
22.74508029254669
20
-55.659921497063635
0
VERTEX
8
L7
10
22.74192682051337
20
-55.66921132610833
0
VERTEX
8
L7
10
22.740012892882007
20
-55.678833290074515
0
VERTEX
8
L7
10
22.739371257485047
20
-55.68862275449102
0
VERTEX
8
L7
10
22.740012892882007
20
-55.69841221890752
0
VERTEX
8
L7
10
22.74192682051337
20
-55.70803418287371
0
VERTEX
8
L7
10
22.74508029254669
20
-55.7173240119184
0
VERTEX
8
L7
10
22.7494193522012
20
-55.72612275449102
0
VERTEX
8
L7
10
22.754869756963203
20
-55.73427986166667
0
VERTEX
8
L7
10
22.761338248896053
20
-55.74165576308001
0
VERTEX
8
L7
10
22.76871415030938
20
-55.74812425501286
0
VERTEX
8
L7
10
22.77687125748504
20
-55.753574659774856
0
VERTEX
8
L7
10
22.785670000057664
20
-55.75791371942937
0
VERTEX
8
L7
10
22.794959829102353
20
-55.7610671914627
0
VERTEX
8
L7
10
22.80458179306852
20
-55.76298111909406
0
VERTEX
8
L7
10
22.814371257485035
20
-55.76362275449102
0
VERTEX
8
L7
10
22.82416072190155
20
-55.76298111909406
0
VERTEX
8
L7
10
22.833782685867718
20
-55.7610671914627
0
VERTEX
8
L7
10
22.843072514912407
20
-55.75791371942937
0
VERTEX
8
L7
10
22.85187125748503
20
-55.753574659774856
0
VERTEX
8
L7
10
22.860028364660693
20
-55.74812425501286
0
VERTEX
8
L7
10
22.86740426607402
20
-55.74165576308001
0
VERTEX
8
L7
10
22.87387275800687
20
-55.73427986166667
0
VERTEX
8
L7
10
22.87932316276887
20
-55.72612275449102
0
VERTEX
8
L7
10
22.883662222423382
20
-55.7173240119184
0
VERTEX
8
L7
10
22.88681569445673
20
-55.70803418287371
0
VERTEX
8
L7
10
22.888729622088064
20
-55.69841221890752
0
VERTEX
8
L7
10
22.889371257485053
20
-55.68862275449102
0
VERTEX
8
L7
10
22.888729622088064
20
-55.678833290074515
0
VERTEX
8
L7
10
22.88681569445673
20
-55.66921132610833
0
VERTEX
8
L7
10
22.883662222423382
20
-55.659921497063635
0
VERTEX
8
L7
10
22.87932316276887
20
-55.65112275449102
0
VERTEX
8
L7
10
22.87387275800687
20
-55.642965647315364
0
VERTEX
8
L7
10
22.86740426607402
20
-55.63558974590203
0
VERTEX
8
L7
10
22.860028364660693
20
-55.629121253969174
0
VERTEX
8
L7
10
22.85187125748503
20
-55.62367084920719
0
VERTEX
8
L7
10
22.843072514912407
20
-55.619331789552675
0
VERTEX
8
L7
10
22.833782685867718
20
-55.61617831751934
0
VERTEX
8
L7
10
22.82416072190155
20
-55.614264389887985
0
VERTEX
8
L7
10
22.814371257485035
20
-55.61362275449102
0
SEQEND
0
POLYLINE
8
L7
66
1
70
1
0
VERTEX
8
L7
10
23.244791068946753
20
-55.36511976047905
0
VERTEX
8
L7
10
23.235001604530268
20
-55.36576139587601
0
VERTEX
8
L7
10
23.22537964056407
20
-55.36767532350736
0
VERTEX
8
L7
10
23.21608981151938
20
-55.370828795540696
0
VERTEX
8
L7
10
23.20729106894676
20
-55.37516785519521
0
VERTEX
8
L7
10
23.199133961771125
20
-55.3806182599572
0
VERTEX
8
L7
10
23.19175806035777
20
-55.38708675189005
0
VERTEX
8
L7
10
23.18528956842492
20
-55.39446265330339
0
VERTEX
8
L7
10
23.17983916366292
20
-55.40261976047904
0
VERTEX
8
L7
10
23.175500104008407
20
-55.411418503051664
0
VERTEX
8
L7
10
23.17234663197509
20
-55.42070833209635
0
VERTEX
8
L7
10
23.170432704343725
20
-55.43033029606254
0
VERTEX
8
L7
10
23.169791068946765
20
-55.44011976047904
0
VERTEX
8
L7
10
23.170432704343725
20
-55.44990922489555
0
VERTEX
8
L7
10
23.17234663197509
20
-55.45953118886173
0
VERTEX
8
L7
10
23.175500104008407
20
-55.46882101790643
0
VERTEX
8
L7
10
23.17983916366292
20
-55.477619760479044
0
VERTEX
8
L7
10
23.18528956842492
20
-55.4857768676547
0
VERTEX
8
L7
10
23.19175806035777
20
-55.49315276906803
0
VERTEX
8
L7
10
23.199133961771125
20
-55.49962126100089
0
VERTEX
8
L7
10
23.20729106894676
20
-55.50507166576288
0
VERTEX
8
L7
10
23.21608981151938
20
-55.50941072541739
0
VERTEX
8
L7
10
23.22537964056407
20
-55.51256419745072
0
VERTEX
8
L7
10
23.235001604530268
20
-55.51447812508208
0
VERTEX
8
L7
10
23.244791068946753
20
-55.515119760479045
0
VERTEX
8
L7
10
23.254580533363267
20
-55.51447812508208
0
VERTEX
8
L7
10
23.264202497329464
20
-55.51256419745072
0
VERTEX
8
L7
10
23.273492326374154
20
-55.50941072541739
0
VERTEX
8
L7
10
23.282291068946776
20
-55.50507166576288
0
VERTEX
8
L7
10
23.29044817612241
20
-55.49962126100089
0
VERTEX
8
L7
10
23.297824077535765
20
-55.49315276906803
0
VERTEX
8
L7
10
23.304292569468615
20
-55.4857768676547
0
VERTEX
8
L7
10
23.309742974230588
20
-55.477619760479044
0
VERTEX
8
L7
10
23.3140820338851
20
-55.46882101790643
0
VERTEX
8
L7
10
23.317235505918447
20
-55.45953118886173
0
VERTEX
8
L7
10
23.31914943354981
20
-55.44990922489555
0
VERTEX
8
L7
10
23.31979106894677
20
-55.44011976047904
0
VERTEX
8
L7
10
23.31914943354981
20
-55.43033029606254
0
VERTEX
8
L7
10
23.317235505918447
20
-55.42070833209635
0
VERTEX
8
L7
10
23.3140820338851
20
-55.411418503051664
0
VERTEX
8
L7
10
23.309742974230588
20
-55.40261976047904
0
VERTEX
8
L7
10
23.304292569468615
20
-55.39446265330339
0
VERTEX
8
L7
10
23.297824077535765
20
-55.38708675189005
0
VERTEX
8
L7
10
23.29044817612241
20
-55.3806182599572
0
VERTEX
8
L7
10
23.282291068946776
20
-55.37516785519521
0
VERTEX
8
L7
10
23.273492326374154
20
-55.370828795540696
0
VERTEX
8
L7
10
23.264202497329464
20
-55.36767532350736
0
VERTEX
8
L7
10
23.254580533363267
20
-55.36576139587601
0
VERTEX
8
L7
10
23.244791068946753
20
-55.36511976047905
0
SEQEND
0
POLYLINE
8
L7
66
1
70
1
0
VERTEX
8
L7
10
23.482747275608503
20
-53.268600029780735
0
VERTEX
8
L7
10
23.47295781119199
20
-53.269241665177695
0
VERTEX
8
L7
10
23.46333584722582
20
-53.27115559280905
0
VERTEX
8
L7
10
23.45404601818113
20
-53.274309064842384
0
VERTEX
8
L7
10
23.44524727560851
20
-53.2786481244969
0
VERTEX
8
L7
10
23.437090168432846
20
-53.28409852925889
0
VERTEX
8
L7
10
23.42971426701952
20
-53.29056702119174
0
VERTEX
8
L7
10
23.42324577508667
20
-53.29794292260508
0
VERTEX
8
L7
10
23.41779537032467
20
-53.30610002978073
0
VERTEX
8
L7
10
23.413456310670156
20
-53.31489877235335
0
VERTEX
8
L7
10
23.41030283863681
20
-53.32418860139804
0
VERTEX
8
L7
10
23.408388911005474
20
-53.33381056536423
0
VERTEX
8
L7
10
23.407747275608514
20
-53.34360002978073
0
VERTEX
8
L7
10
23.408388911005474
20
-53.35338949419724
0
VERTEX
8
L7
10
23.41030283863681
20
-53.36301145816342
0
VERTEX
8
L7
10
23.413456310670156
20
-53.37230128720812
0
VERTEX
8
L7
10
23.41779537032467
20
-53.38110002978073
0
VERTEX
8
L7
10
23.42324577508667
20
-53.38925713695639
0
VERTEX
8
L7
10
23.42971426701952
20
-53.39663303836972
0
VERTEX
8
L7
10
23.437090168432846
20
-53.40310153030258
0
VERTEX
8
L7
10
23.44524727560851
20
-53.408551935064565
0
VERTEX
8
L7
10
23.45404601818113
20
-53.41289099471908
0
VERTEX
8
L7
10
23.46333584722582
20
-53.41604446675241
0
VERTEX
8
L7
10
23.47295781119199
20
-53.41795839438377
0
VERTEX
8
L7
10
23.482747275608503
20
-53.418600029780734
0
VERTEX
8
L7
10
23.492536740025017
20
-53.41795839438377
0
VERTEX
8
L7
10
23.502158703991185
20
-53.41604446675241
0
VERTEX
8
L7
10
23.511448533035875
20
-53.41289099471908
0
VERTEX
8
L7
10
23.520247275608497
20
-53.408551935064565
0
VERTEX
8
L7
10
23.52840438278416
20
-53.40310153030258
0
VERTEX
8
L7
10
23.535780284197486
20
-53.39663303836972
0
VERTEX
8
L7
10
23.542248776130336
20
-53.38925713695639
0
VERTEX
8
L7
10
23.547699180892337
20
-53.38110002978073
0
VERTEX
8
L7
10
23.55203824054685
20
-53.37230128720812
0
VERTEX
8
L7
10
23.555191712580168
20
-53.36301145816342
0
VERTEX
8
L7
10
23.55710564021153
20
-53.35338949419724
0
VERTEX
8
L7
10
23.55774727560849
20
-53.34360002978073
0
VERTEX
8
L7
10
23.55710564021153
20
-53.33381056536423
0
VERTEX
8
L7
10
23.555191712580168
20
-53.32418860139804
0
VERTEX
8
L7
10
23.55203824054685
20
-53.31489877235335
0
VERTEX
8
L7
10
23.547699180892337
20
-53.30610002978073
0
VERTEX
8
L7
10
23.542248776130336
20
-53.29794292260508
0
VERTEX
8
L7
10
23.535780284197486
20
-53.29056702119174
0
VERTEX
8
L7
10
23.52840438278416
20
-53.28409852925889
0
VERTEX
8
L7
10
23.520247275608497
20
-53.2786481244969
0
VERTEX
8
L7
10
23.511448533035875
20
-53.274309064842384
0
VERTEX
8
L7
10
23.502158703991185
20
-53.27115559280905
0
VERTEX
8
L7
10
23.492536740025017
20
-53.269241665177695
0
VERTEX
8
L7
10
23.482747275608503
20
-53.268600029780735
0
SEQEND
0
POLYLINE
8
L7
66
1
70
1
0
VERTEX
8
L7
10
23.173652694610794
20
-53.577694610778444
0
VERTEX
8
L7
10
23.16386323019428
20
-53.57833624617541
0
VERTEX
8
L7
10
23.154241266228084
20
-53.58025017380677
0
VERTEX
8
L7
10
23.144951437183394
20
-53.5834036458401
0
VERTEX
8
L7
10
23.1361526946108
20
-53.58774270549461
0
VERTEX
8
L7
10
23.127995587435137
20
-53.5931931102566
0
VERTEX
8
L7
10
23.120619686021783
20
-53.59966160218946
0
VERTEX
8
L7
10
23.114151194088933
20
-53.60703750360279
0
VERTEX
8
L7
10
23.10870078932696
20
-53.615194610778445
0
VERTEX
8
L7
10
23.104361729672448
20
-53.62399335335106
0
VERTEX
8
L7
10
23.1012082576391
20
-53.63328318239576
0
VERTEX
8
L7
10
23.099294330007737
20
-53.64290514636194
0
VERTEX
8
L7
10
23.098652694610777
20
-53.65269461077845
0
VERTEX
8
L7
10
23.099294330007737
20
-53.662484075194946
0
VERTEX
8
L7
10
23.1012082576391
20
-53.672106039161136
0
VERTEX
8
L7
10
23.104361729672448
20
-53.681395868205826
0
VERTEX
8
L7
10
23.10870078932696
20
-53.69019461077845
0
VERTEX
8
L7
10
23.114151194088933
20
-53.6983517179541
0
VERTEX
8
L7
10
23.120619686021783
20
-53.70572761936744
0
VERTEX
8
L7
10
23.127995587435137
20
-53.71219611130029
0
VERTEX
8
L7
10
23.1361526946108
20
-53.71764651606228
0
VERTEX
8
L7
10
23.144951437183394
20
-53.72198557571679
0
VERTEX
8
L7
10
23.154241266228084
20
-53.725139047750126
0
VERTEX
8
L7
10
23.16386323019428
20
-53.72705297538148
0
VERTEX
8
L7
10
23.173652694610794
20
-53.72769461077844
0
VERTEX
8
L7
10
23.18344215902728
20
-53.72705297538148
0
VERTEX
8
L7
10
23.193064122993476
20
-53.725139047750126
0
VERTEX
8
L7
10
23.202353952038166
20
-53.72198557571679
0
VERTEX
8
L7
10
23.21115269461079
20
-53.71764651606228
0
VERTEX
8
L7
10
23.21930980178645
20
-53.71219611130029
0
VERTEX
8
L7
10
23.226685703199777
20
-53.70572761936744
0
VERTEX
8
L7
10
23.233154195132627
20
-53.6983517179541
0
VERTEX
8
L7
10
23.23860459989463
20
-53.69019461077845
0
VERTEX
8
L7
10
23.24294365954914
20
-53.681395868205826
0
VERTEX
8
L7
10
23.24609713158246
20
-53.672106039161136
0
VERTEX
8
L7
10
23.248011059213823
20
-53.662484075194946
0
VERTEX
8
L7
10
23.248652694610783
20
-53.65269461077845
0
VERTEX
8
L7
10
23.248011059213823
20
-53.64290514636194
0
VERTEX
8
L7
10
23.24609713158246
20
-53.63328318239576
0
VERTEX
8
L7
10
23.24294365954914
20
-53.62399335335106
0
VERTEX
8
L7
10
23.23860459989463
20
-53.615194610778445
0
VERTEX
8
L7
10
23.233154195132627
20
-53.60703750360279
0
VERTEX
8
L7
10
23.226685703199777
20
-53.59966160218946
0
VERTEX
8
L7
10
23.21930980178645
20
-53.5931931102566
0
VERTEX
8
L7
10
23.21115269461079
20
-53.58774270549461
0
VERTEX
8
L7
10
23.202353952038166
20
-53.5834036458401
0
VERTEX
8
L7
10
23.193064122993476
20
-53.58025017380677
0
VERTEX
8
L7
10
23.18344215902728
20
-53.57833624617541
0
VERTEX
8
L7
10
23.173652694610794
20
-53.577694610778444
0
SEQEND
0
POLYLINE
8
L7
66
1
70
1
0
VERTEX
8
L7
10
26.946107784431135
20
-56.69146706586827
0
VERTEX
8
L7
10
26.93631832001465
20
-56.69210870126523
0
VERTEX
8
L7
10
26.926696356048453
20
-56.69402262889658
0
VERTEX
8
L7
10
26.917406527003763
20
-56.697176100929916
0
VERTEX
8
L7
10
26.90860778443114
20
-56.701515160584435
0
VERTEX
8
L7
10
26.900450677255478
20
-56.70696556534642
0
VERTEX
8
L7
10
26.893074775842152
20
-56.71343405727927
0
VERTEX
8
L7
10
26.886606283909302
20
-56.72080995869261
0
VERTEX
8
L7
10
26.8811558791473
20
-56.72896706586827
0
VERTEX
8
L7
10
26.876816819492788
20
-56.737765808440884
0
VERTEX
8
L7
10
26.87366334745947
20
-56.74705563748557
0
VERTEX
8
L7
10
26.871749419828106
20
-56.75667760145176
0
VERTEX
8
L7
10
26.871107784431146
20
-56.76646706586826
0
VERTEX
8
L7
10
26.871749419828106
20
-56.77625653028477
0
VERTEX
8
L7
10
26.87366334745947
20
-56.78587849425095
0
VERTEX
8
L7
10
26.876816819492788
20
-56.79516832329565
0
VERTEX
8
L7
10
26.8811558791473
20
-56.803967065868264
0
VERTEX
8
L7
10
26.886606283909302
20
-56.81212417304392
0
VERTEX
8
L7
10
26.893074775842152
20
-56.81950007445725
0
VERTEX
8
L7
10
26.900450677255478
20
-56.82596856639011
0
VERTEX
8
L7
10
26.90860778443114
20
-56.8314189711521
0
VERTEX
8
L7
10
26.917406527003763
20
-56.83575803080661
0
VERTEX
8
L7
10
26.926696356048453
20
-56.83891150283994
0
VERTEX
8
L7
10
26.93631832001465
20
-56.8408254304713
0
VERTEX
8
L7
10
26.946107784431135
20
-56.841467065868265
0
VERTEX
8
L7
10
26.95589724884765
20
-56.8408254304713
0
VERTEX
8
L7
10
26.965519212813845
20
-56.83891150283995
0
VERTEX
8
L7
10
26.974809041858535
20
-56.83575803080661
0
VERTEX
8
L7
10
26.98360778443113
20
-56.8314189711521
0
VERTEX
8
L7
10
26.991764891606792
20
-56.82596856639011
0
VERTEX
8
L7
10
26.999140793020146
20
-56.81950007445725
0
VERTEX
8
L7
10
27.005609284952996
20
-56.81212417304392
0
VERTEX
8
L7
10
27.01105968971497
20
-56.803967065868264
0
VERTEX
8
L7
10
27.01539874936948
20
-56.79516832329565
0
VERTEX
8
L7
10
27.018552221402828
20
-56.78587849425095
0
VERTEX
8
L7
10
27.020466149034192
20
-56.77625653028477
0
VERTEX
8
L7
10
27.021107784431152
20
-56.76646706586826
0
VERTEX
8
L7
10
27.020466149034192
20
-56.75667760145176
0
VERTEX
8
L7
10
27.018552221402828
20
-56.74705563748557
0
VERTEX
8
L7
10
27.01539874936948
20
-56.737765808440884
0
VERTEX
8
L7
10
27.01105968971497
20
-56.72896706586827
0
VERTEX
8
L7
10
27.005609284952996
20
-56.72080995869261
0
VERTEX
8
L7
10
26.999140793020146
20
-56.71343405727927
0
VERTEX
8
L7
10
26.991764891606792
20
-56.70696556534642
0
VERTEX
8
L7
10
26.983607784431157
20
-56.701515160584435
0
VERTEX
8
L7
10
26.974809041858535
20
-56.697176100929916
0
VERTEX
8
L7
10
26.965519212813845
20
-56.69402262889658
0
VERTEX
8
L7
10
26.95589724884765
20
-56.69210870126523
0
VERTEX
8
L7
10
26.946107784431135
20
-56.69146706586827
0
SEQEND
0
POLYLINE
8
L7
66
1
70
1
0
VERTEX
8
L7
10
26.946107784431135
20
-55.73338323353293
0
VERTEX
8
L7
10
26.93631832001465
20
-55.7340248689299
0
VERTEX
8
L7
10
26.926696356048453
20
-55.73593879656126
0
VERTEX
8
L7
10
26.917406527003763
20
-55.73909226859459
0
VERTEX
8
L7
10
26.90860778443114
20
-55.7434313282491
0
VERTEX
8
L7
10
26.900450677255478
20
-55.74888173301109
0
VERTEX
8
L7
10
26.893074775842152
20
-55.755350224943946
0
VERTEX
8
L7
10
26.886606283909302
20
-55.76272612635728
0
VERTEX
8
L7
10
26.8811558791473
20
-55.770883233532935
0
VERTEX
8
L7
10
26.876816819492788
20
-55.77968197610555
0
VERTEX
8
L7
10
26.87366334745947
20
-55.78897180515025
0
VERTEX
8
L7
10
26.871749419828106
20
-55.79859376911643
0
VERTEX
8
L7
10
26.871107784431146
20
-55.808383233532936
0
VERTEX
8
L7
10
26.871749419828106
20
-55.818172697949436
0
VERTEX
8
L7
10
26.87366334745947
20
-55.827794661915625
0
VERTEX
8
L7
10
26.876816819492788
20
-55.837084490960315
0
VERTEX
8
L7
10
26.8811558791473
20
-55.84588323353294
0
VERTEX
8
L7
10
26.886606283909302
20
-55.854040340708586
0
VERTEX
8
L7
10
26.893074775842152
20
-55.861416242121926
0
VERTEX
8
L7
10
26.900450677255478
20
-55.867884734054776
0
VERTEX
8
L7
10
26.90860778443114
20
-55.87333513881677
0
VERTEX
8
L7
10
26.917406527003763
20
-55.87767419847128
0
VERTEX
8
L7
10
26.926696356048453
20
-55.880827670504615
0
VERTEX
8
L7
10
26.93631832001465
20
-55.88274159813597
0
VERTEX
8
L7
10
26.946107784431135
20
-55.88338323353293
0
VERTEX
8
L7
10
26.95589724884765
20
-55.88274159813597
0
VERTEX
8
L7
10
26.965519212813845
20
-55.880827670504615
0
VERTEX
8
L7
10
26.974809041858535
20
-55.87767419847128
0
VERTEX
8
L7
10
26.98360778443113
20
-55.87333513881677
0
VERTEX
8
L7
10
26.991764891606792
20
-55.867884734054776
0
VERTEX
8
L7
10
26.999140793020146
20
-55.861416242121926
0
VERTEX
8
L7
10
27.005609284952996
20
-55.854040340708586
0
VERTEX
8
L7
10
27.01105968971497
20
-55.84588323353294
0
VERTEX
8
L7
10
27.01539874936948
20
-55.837084490960315
0
VERTEX
8
L7
10
27.018552221402828
20
-55.827794661915625
0
VERTEX
8
L7
10
27.020466149034192
20
-55.818172697949436
0
VERTEX
8
L7
10
27.021107784431152
20
-55.808383233532936
0
VERTEX
8
L7
10
27.020466149034192
20
-55.79859376911643
0
VERTEX
8
L7
10
27.018552221402828
20
-55.78897180515025
0
VERTEX
8
L7
10
27.01539874936948
20
-55.77968197610555
0
VERTEX
8
L7
10
27.01105968971497
20
-55.770883233532935
0
VERTEX
8
L7
10
27.005609284952996
20
-55.76272612635728
0
VERTEX
8
L7
10
26.999140793020146
20
-55.755350224943946
0
VERTEX
8
L7
10
26.991764891606792
20
-55.74888173301109
0
VERTEX
8
L7
10
26.983607784431157
20
-55.7434313282491
0
VERTEX
8
L7
10
26.974809041858535
20
-55.73909226859459
0
VERTEX
8
L7
10
26.965519212813845
20
-55.73593879656126
0
VERTEX
8
L7
10
26.95589724884765
20
-55.7340248689299
0
VERTEX
8
L7
10
26.946107784431135
20
-55.73338323353293
0
SEQEND
0
POLYLINE
8
L7
66
1
70
1
0
VERTEX
8
L7
10
30.718562874251504
20
-53.577694610778444
0
VERTEX
8
L7
10
30.70877340983499
20
-53.57833624617541
0
VERTEX
8
L7
10
30.69915144586882
20
-53.58025017380677
0
VERTEX
8
L7
10
30.689861616824103
20
-53.5834036458401
0
VERTEX
8
L7
10
30.68106287425151
20
-53.58774270549461
0
VERTEX
8
L7
10
30.672905767075846
20
-53.5931931102566
0
VERTEX
8
L7
10
30.66552986566252
20
-53.59966160218946
0
VERTEX
8
L7
10
30.65906137372967
20
-53.60703750360279
0
VERTEX
8
L7
10
30.65361096896767
20
-53.615194610778445
0
VERTEX
8
L7
10
30.649271909313157
20
-53.62399335335106
0
VERTEX
8
L7
10
30.64611843727981
20
-53.63328318239576
0
VERTEX
8
L7
10
30.644204509648475
20
-53.64290514636194
0
VERTEX
8
L7
10
30.643562874251487
20
-53.65269461077845
0
VERTEX
8
L7
10
30.644204509648475
20
-53.662484075194946
0
VERTEX
8
L7
10
30.64611843727981
20
-53.672106039161136
0
VERTEX
8
L7
10
30.649271909313157
20
-53.681395868205826
0
VERTEX
8
L7
10
30.65361096896767
20
-53.69019461077845
0
VERTEX
8
L7
10
30.65906137372967
20
-53.6983517179541
0
VERTEX
8
L7
10
30.66552986566252
20
-53.70572761936744
0
VERTEX
8
L7
10
30.672905767075846
20
-53.71219611130029
0
VERTEX
8
L7
10
30.68106287425151
20
-53.71764651606228
0
VERTEX
8
L7
10
30.689861616824103
20
-53.72198557571679
0
VERTEX
8
L7
10
30.69915144586882
20
-53.725139047750126
0
VERTEX
8
L7
10
30.70877340983499
20
-53.72705297538148
0
VERTEX
8
L7
10
30.718562874251504
20
-53.72769461077844
0
VERTEX
8
L7
10
30.72835233866799
20
-53.72705297538148
0
VERTEX
8
L7
10
30.737974302634186
20
-53.725139047750126
0
VERTEX
8
L7
10
30.747264131678875
20
-53.72198557571679
0
VERTEX
8
L7
10
30.756062874251498
20
-53.71764651606228
0
VERTEX
8
L7
10
30.76421998142716
20
-53.71219611130029
0
VERTEX
8
L7
10
30.771595882840487
20
-53.70572761936744
0
VERTEX
8
L7
10
30.778064374773336
20
-53.6983517179541
0
VERTEX
8
L7
10
30.783514779535338
20
-53.69019461077845
0
VERTEX
8
L7
10
30.78785383918985
20
-53.681395868205826
0
VERTEX
8
L7
10
30.79100731122317
20
-53.672106039161136
0
VERTEX
8
L7
10
30.792921238854532
20
-53.662484075194946
0
VERTEX
8
L7
10
30.793562874251492
20
-53.65269461077845
0
VERTEX
8
L7
10
30.792921238854532
20
-53.64290514636194
0
VERTEX
8
L7
10
30.79100731122317
20
-53.63328318239576
0
VERTEX
8
L7
10
30.78785383918985
20
-53.62399335335106
0
VERTEX
8
L7
10
30.783514779535338
20
-53.615194610778445
0
VERTEX
8
L7
10
30.778064374773336
20
-53.60703750360279
0
VERTEX
8
L7
10
30.771595882840487
20
-53.59966160218946
0
VERTEX
8
L7
10
30.76421998142716
20
-53.5931931102566
0
VERTEX
8
L7
10
30.756062874251498
20
-53.58774270549461
0
VERTEX
8
L7
10
30.747264131678875
20
-53.5834036458401
0
VERTEX
8
L7
10
30.737974302634186
20
-53.58025017380677
0
VERTEX
8
L7
10
30.72835233866799
20
-53.57833624617541
0
VERTEX
8
L7
10
30.718562874251504
20
-53.577694610778444
0
SEQEND
0
POLYLINE
8
L7
66
1
70
1
0
VERTEX
8
L7
10
26.946107784431135
20
-54.77529940119761
0
VERTEX
8
L7
10
26.93631832001465
20
-54.775941036594574
0
VERTEX
8
L7
10
26.926696356048453
20
-54.777854964225924
0
VERTEX
8
L7
10
26.917406527003763
20
-54.78100843625926
0
VERTEX
8
L7
10
26.90860778443114
20
-54.785347495913776
0
VERTEX
8
L7
10
26.900450677255478
20
-54.79079790067576
0
VERTEX
8
L7
10
26.893074775842152
20
-54.79726639260861
0
VERTEX
8
L7
10
26.886606283909302
20
-54.80464229402195
0
VERTEX
8
L7
10
26.8811558791473
20
-54.81279940119761
0
VERTEX
8
L7
10
26.876816819492788
20
-54.821598143770224
0
VERTEX
8
L7
10
26.87366334745947
20
-54.83088797281492
0
VERTEX
8
L7
10
26.871749419828106
20
-54.8405099367811
0
VERTEX
8
L7
10
26.871107784431146
20
-54.85029940119761
0
VERTEX
8
L7
10
26.871749419828106
20
-54.86008886561411
0
VERTEX
8
L7
10
26.87366334745947
20
-54.8697108295803
0
VERTEX
8
L7
10
26.876816819492788
20
-54.87900065862499
0
VERTEX
8
L7
10
26.8811558791473
20
-54.887799401197604
0
VERTEX
8
L7
10
26.886606283909302
20
-54.89595650837326
0
VERTEX
8
L7
10
26.893074775842152
20
-54.9033324097866
0
VERTEX
8
L7
10
26.900450677255478
20
-54.90980090171945
0
VERTEX
8
L7
10
26.90860778443114
20
-54.91525130648144
0
VERTEX
8
L7
10
26.917406527003763
20
-54.91959036613596
0
VERTEX
8
L7
10
26.926696356048453
20
-54.92274383816929
0
VERTEX
8
L7
10
26.93631832001465
20
-54.924657765800646
0
VERTEX
8
L7
10
26.946107784431135
20
-54.925299401197606
0
VERTEX
8
L7
10
26.95589724884765
20
-54.924657765800646
0
VERTEX
8
L7
10
26.965519212813845
20
-54.92274383816929
0
VERTEX
8
L7
10
26.974809041858535
20
-54.91959036613596
0
VERTEX
8
L7
10
26.98360778443113
20
-54.91525130648144
0
VERTEX
8
L7
10
26.991764891606792
20
-54.90980090171945
0
VERTEX
8
L7
10
26.999140793020146
20
-54.9033324097866
0
VERTEX
8
L7
10
27.005609284952996
20
-54.89595650837326
0
VERTEX
8
L7
10
27.01105968971497
20
-54.887799401197604
0
VERTEX
8
L7
10
27.01539874936948
20
-54.87900065862499
0
VERTEX
8
L7
10
27.018552221402828
20
-54.8697108295803
0
VERTEX
8
L7
10
27.020466149034192
20
-54.86008886561411
0
VERTEX
8
L7
10
27.021107784431152
20
-54.85029940119761
0
VERTEX
8
L7
10
27.020466149034192
20
-54.8405099367811
0
VERTEX
8
L7
10
27.018552221402828
20
-54.83088797281492
0
VERTEX
8
L7
10
27.01539874936948
20
-54.821598143770224
0
VERTEX
8
L7
10
27.01105968971497
20
-54.81279940119761
0
VERTEX
8
L7
10
27.005609284952996
20
-54.80464229402195
0
VERTEX
8
L7
10
26.999140793020146
20
-54.79726639260861
0
VERTEX
8
L7
10
26.991764891606792
20
-54.79079790067576
0
VERTEX
8
L7
10
26.983607784431157
20
-54.785347495913776
0
VERTEX
8
L7
10
26.974809041858535
20
-54.78100843625926
0
VERTEX
8
L7
10
26.965519212813845
20
-54.777854964225924
0
VERTEX
8
L7
10
26.95589724884765
20
-54.775941036594574
0
VERTEX
8
L7
10
26.946107784431135
20
-54.77529940119761
0
SEQEND
0
POLYLINE
8
L7
66
1
70
1
0
VERTEX
8
L7
10
30.409468293253795
20
-53.268600029780735
0
VERTEX
8
L7
10
30.39967882883728
20
-53.269241665177695
0
VERTEX
8
L7
10
30.390056864871084
20
-53.27115559280905
0
VERTEX
8
L7
10
30.380767035826395
20
-53.274309064842384
0
VERTEX
8
L7
10
30.3719682932538
20
-53.2786481244969
0
VERTEX
8
L7
10
30.363811186078138
20
-53.28409852925889
0
VERTEX
8
L7
10
30.356435284664784
20
-53.29056702119174
0
VERTEX
8
L7
10
30.349966792731934
20
-53.29794292260508
0
VERTEX
8
L7
10
30.34451638796996
20
-53.30610002978073
0
VERTEX
8
L7
10
30.34017732831545
20
-53.31489877235335
0
VERTEX
8
L7
10
30.3370238562821
20
-53.32418860139804
0
VERTEX
8
L7
10
30.335109928650738
20
-53.33381056536423
0
VERTEX
8
L7
10
30.334468293253778
20
-53.34360002978073
0
VERTEX
8
L7
10
30.335109928650738
20
-53.35338949419724
0
VERTEX
8
L7
10
30.3370238562821
20
-53.36301145816342
0
VERTEX
8
L7
10
30.34017732831545
20
-53.37230128720812
0
VERTEX
8
L7
10
30.34451638796996
20
-53.38110002978073
0
VERTEX
8
L7
10
30.349966792731934
20
-53.38925713695639
0
VERTEX
8
L7
10
30.356435284664784
20
-53.39663303836972
0
VERTEX
8
L7
10
30.363811186078138
20
-53.40310153030258
0
VERTEX
8
L7
10
30.3719682932538
20
-53.408551935064565
0
VERTEX
8
L7
10
30.380767035826395
20
-53.41289099471908
0
VERTEX
8
L7
10
30.390056864871084
20
-53.41604446675241
0
VERTEX
8
L7
10
30.39967882883728
20
-53.41795839438377
0
VERTEX
8
L7
10
30.409468293253795
20
-53.418600029780734
0
VERTEX
8
L7
10
30.41925775767028
20
-53.41795839438377
0
VERTEX
8
L7
10
30.428879721636477
20
-53.41604446675241
0
VERTEX
8
L7
10
30.438169550681167
20
-53.41289099471908
0
VERTEX
8
L7
10
30.44696829325379
20
-53.408551935064565
0
VERTEX
8
L7
10
30.455125400429452
20
-53.40310153030258
0
VERTEX
8
L7
10
30.462501301842778
20
-53.39663303836972
0
VERTEX
8
L7
10
30.468969793775628
20
-53.38925713695639
0
VERTEX
8
L7
10
30.47442019853763
20
-53.38110002978073
0
VERTEX
8
L7
10
30.47875925819214
20
-53.37230128720812
0
VERTEX
8
L7
10
30.48191273022546
20
-53.36301145816342
0
VERTEX
8
L7
10
30.483826657856824
20
-53.35338949419724
0
VERTEX
8
L7
10
30.484468293253784
20
-53.34360002978073
0
VERTEX
8
L7
10
30.483826657856824
20
-53.33381056536423
0
VERTEX
8
L7
10
30.48191273022546
20
-53.32418860139804
0
VERTEX
8
L7
10
30.47875925819214
20
-53.31489877235335
0
VERTEX
8
L7
10
30.47442019853763
20
-53.30610002978073
0
VERTEX
8
L7
10
30.468969793775628
20
-53.29794292260508
0
VERTEX
8
L7
10
30.462501301842778
20
-53.29056702119174
0
VERTEX
8
L7
10
30.455125400429452
20
-53.28409852925889
0
VERTEX
8
L7
10
30.44696829325379
20
-53.2786481244969
0
VERTEX
8
L7
10
30.438169550681167
20
-53.274309064842384
0
VERTEX
8
L7
10
30.428879721636477
20
-53.27115559280905
0
VERTEX
8
L7
10
30.41925775767028
20
-53.269241665177695
0
VERTEX
8
L7
10
30.409468293253795
20
-53.268600029780735
0
SEQEND
0
POLYLINE
8
L7
66
1
70
1
0
VERTEX
8
L7
10
26.946107784431135
20
-53.81721556886228
0
VERTEX
8
L7
10
26.93631832001465
20
-53.81785720425924
0
VERTEX
8
L7
10
26.926696356048453
20
-53.8197711318906
0
VERTEX
8
L7
10
26.917406527003763
20
-53.82292460392393
0
VERTEX
8
L7
10
26.90860778443114
20
-53.82726366357844
0
VERTEX
8
L7
10
26.900450677255478
20
-53.83271406834044
0
VERTEX
8
L7
10
26.893074775842152
20
-53.83918256027329
0
VERTEX
8
L7
10
26.886606283909302
20
-53.84655846168663
0
VERTEX
8
L7
10
26.8811558791473
20
-53.854715568862275
0
VERTEX
8
L7
10
26.876816819492788
20
-53.8635143114349
0
VERTEX
8
L7
10
26.87366334745947
20
-53.87280414047959
0
VERTEX
8
L7
10
26.871749419828106
20
-53.88242610444578
0
VERTEX
8
L7
10
26.871107784431146
20
-53.89221556886228
0
VERTEX
8
L7
10
26.871749419828106
20
-53.90200503327878
0
VERTEX
8
L7
10
26.87366334745947
20
-53.911626997244966
0
VERTEX
8
L7
10
26.876816819492788
20
-53.92091682628966
0
VERTEX
8
L7
10
26.8811558791473
20
-53.92971556886228
0
VERTEX
8
L7
10
26.886606283909302
20
-53.937872676037934
0
VERTEX
8
L7
10
26.893074775842152
20
-53.94524857745127
0
VERTEX
8
L7
10
26.900450677255478
20
-53.95171706938412
0
VERTEX
8
L7
10
26.90860778443114
20
-53.95716747414611
0
VERTEX
8
L7
10
26.917406527003763
20
-53.96150653380062
0
VERTEX
8
L7
10
26.926696356048453
20
-53.964660005833956
0
VERTEX
8
L7
10
26.93631832001465
20
-53.96657393346531
0
VERTEX
8
L7
10
26.946107784431135
20
-53.96721556886228
0
VERTEX
8
L7
10
26.95589724884765
20
-53.96657393346531
0
VERTEX
8
L7
10
26.965519212813845
20
-53.964660005833956
0
VERTEX
8
L7
10
26.974809041858535
20
-53.96150653380062
0
VERTEX
8
L7
10
26.98360778443113
20
-53.95716747414611
0
VERTEX
8
L7
10
26.991764891606792
20
-53.95171706938412
0
VERTEX
8
L7
10
26.999140793020146
20
-53.94524857745127
0
VERTEX
8
L7
10
27.005609284952996
20
-53.937872676037934
0
VERTEX
8
L7
10
27.01105968971497
20
-53.92971556886228
0
VERTEX
8
L7
10
27.01539874936948
20
-53.92091682628966
0
VERTEX
8
L7
10
27.018552221402828
20
-53.911626997244966
0
VERTEX
8
L7
10
27.020466149034192
20
-53.90200503327878
0
VERTEX
8
L7
10
27.021107784431152
20
-53.89221556886228
0
VERTEX
8
L7
10
27.020466149034192
20
-53.88242610444578
0
VERTEX
8
L7
10
27.018552221402828
20
-53.87280414047959
0
VERTEX
8
L7
10
27.01539874936948
20
-53.8635143114349
0
VERTEX
8
L7
10
27.01105968971497
20
-53.854715568862275
0
VERTEX
8
L7
10
27.005609284952996
20
-53.84655846168663
0
VERTEX
8
L7
10
26.999140793020146
20
-53.83918256027329
0
VERTEX
8
L7
10
26.991764891606792
20
-53.83271406834044
0
VERTEX
8
L7
10
26.983607784431157
20
-53.82726366357844
0
VERTEX
8
L7
10
26.974809041858535
20
-53.82292460392393
0
VERTEX
8
L7
10
26.965519212813845
20
-53.8197711318906
0
VERTEX
8
L7
10
26.95589724884765
20
-53.81785720425924
0
VERTEX
8
L7
10
26.946107784431135
20
-53.81721556886228
0
SEQEND
0
POLYLINE
8
L7
66
1
70
1
0
VERTEX
8
L7
10
31.077844311377234
20
-55.61362275449102
0
VERTEX
8
L7
10
31.06805484696075
20
-55.614264389887985
0
VERTEX
8
L7
10
31.058432882994552
20
-55.61617831751934
0
VERTEX
8
L7
10
31.049143053949862
20
-55.619331789552675
0
VERTEX
8
L7
10
31.04034431137724
20
-55.62367084920719
0
VERTEX
8
L7
10
31.032187204201605
20
-55.629121253969174
0
VERTEX
8
L7
10
31.02481130278825
20
-55.63558974590203
0
VERTEX
8
L7
10
31.0183428108554
20
-55.642965647315364
0
VERTEX
8
L7
10
31.012892406093428
20
-55.65112275449102
0
VERTEX
8
L7
10
31.008553346438916
20
-55.659921497063635
0
VERTEX
8
L7
10
31.00539987440557
20
-55.66921132610833
0
VERTEX
8
L7
10
31.003485946774205
20
-55.678833290074515
0
VERTEX
8
L7
10
31.002844311377245
20
-55.68862275449102
0
VERTEX
8
L7
10
31.003485946774205
20
-55.69841221890752
0
VERTEX
8
L7
10
31.00539987440557
20
-55.70803418287371
0
VERTEX
8
L7
10
31.008553346438916
20
-55.7173240119184
0
VERTEX
8
L7
10
31.012892406093428
20
-55.72612275449102
0
VERTEX
8
L7
10
31.0183428108554
20
-55.73427986166667
0
VERTEX
8
L7
10
31.02481130278825
20
-55.74165576308001
0
VERTEX
8
L7
10
31.032187204201605
20
-55.74812425501286
0
VERTEX
8
L7
10
31.04034431137724
20
-55.753574659774856
0
VERTEX
8
L7
10
31.049143053949862
20
-55.75791371942937
0
VERTEX
8
L7
10
31.058432882994552
20
-55.7610671914627
0
VERTEX
8
L7
10
31.06805484696075
20
-55.76298111909406
0
VERTEX
8
L7
10
31.077844311377234
20
-55.76362275449102
0
VERTEX
8
L7
10
31.087633775793748
20
-55.76298111909406
0
VERTEX
8
L7
10
31.097255739759945
20
-55.7610671914627
0
VERTEX
8
L7
10
31.106545568804634
20
-55.75791371942937
0
VERTEX
8
L7
10
31.115344311377257
20
-55.753574659774856
0
VERTEX
8
L7
10
31.12350141855289
20
-55.74812425501286
0
VERTEX
8
L7
10
31.130877319966245
20
-55.74165576308001
0
VERTEX
8
L7
10
31.137345811899095
20
-55.73427986166667
0
VERTEX
8
L7
10
31.14279621666107
20
-55.72612275449102
0
VERTEX
8
L7
10
31.14713527631558
20
-55.7173240119184
0
VERTEX
8
L7
10
31.150288748348927
20
-55.70803418287371
0
VERTEX
8
L7
10
31.15220267598029
20
-55.69841221890752
0
VERTEX
8
L7
10
31.15284431137725
20
-55.68862275449102
0
VERTEX
8
L7
10
31.15220267598029
20
-55.678833290074515
0
VERTEX
8
L7
10
31.150288748348927
20
-55.66921132610833
0
VERTEX
8
L7
10
31.14713527631558
20
-55.659921497063635
0
VERTEX
8
L7
10
31.14279621666107
20
-55.65112275449102
0
VERTEX
8
L7
10
31.137345811899095
20
-55.642965647315364
0
VERTEX
8
L7
10
31.130877319966245
20
-55.63558974590203
0
VERTEX
8
L7
10
31.12350141855289
20
-55.629121253969174
0
VERTEX
8
L7
10
31.115344311377257
20
-55.62367084920719
0
VERTEX
8
L7
10
31.106545568804634
20
-55.619331789552675
0
VERTEX
8
L7
10
31.097255739759945
20
-55.61617831751934
0
VERTEX
8
L7
10
31.087633775793748
20
-55.614264389887985
0
VERTEX
8
L7
10
31.077844311377234
20
-55.61362275449102
0
SEQEND
0
POLYLINE
8
L7
66
1
70
1
0
VERTEX
8
L7
10
26.946107784431135
20
-53.338173652694614
0
VERTEX
8
L7
10
26.93631832001465
20
-53.338815288091574
0
VERTEX
8
L7
10
26.926696356048453
20
-53.34072921572293
0
VERTEX
8
L7
10
26.917406527003763
20
-53.34388268775626
0
VERTEX
8
L7
10
26.90860778443114
20
-53.34822174741078
0
VERTEX
8
L7
10
26.900450677255478
20
-53.35367215217277
0
VERTEX
8
L7
10
26.893074775842152
20
-53.36014064410562
0
VERTEX
8
L7
10
26.886606283909302
20
-53.36751654551896
0
VERTEX
8
L7
10
26.8811558791473
20
-53.375673652694616
0
VERTEX
8
L7
10
26.876816819492788
20
-53.38447239526723
0
VERTEX
8
L7
10
26.87366334745947
20
-53.39376222431192
0
VERTEX
8
L7
10
26.871749419828106
20
-53.40338418827811
0
VERTEX
8
L7
10
26.871107784431146
20
-53.41317365269461
0
VERTEX
8
L7
10
26.871749419828106
20
-53.42296311711112
0
VERTEX
8
L7
10
26.87366334745947
20
-53.4325850810773
0
VERTEX
8
L7
10
26.876816819492788
20
-53.441874910121996
0
VERTEX
8
L7
10
26.8811558791473
20
-53.45067365269461
0
VERTEX
8
L7
10
26.886606283909302
20
-53.45883075987027
0
VERTEX
8
L7
10
26.893074775842152
20
-53.46620666128361
0
VERTEX
8
L7
10
26.900450677255478
20
-53.47267515321646
0
VERTEX
8
L7
10
26.90860778443114
20
-53.478125557978444
0
VERTEX
8
L7
10
26.917406527003763
20
-53.48246461763296
0
VERTEX
8
L7
10
26.926696356048453
20
-53.485618089666296
0
VERTEX
8
L7
10
26.93631832001465
20
-53.487532017297646
0
VERTEX
8
L7
10
26.946107784431135
20
-53.48817365269461
0
VERTEX
8
L7
10
26.95589724884765
20
-53.487532017297646
0
VERTEX
8
L7
10
26.965519212813845
20
-53.485618089666296
0
VERTEX
8
L7
10
26.974809041858535
20
-53.48246461763296
0
VERTEX
8
L7
10
26.98360778443113
20
-53.478125557978444
0
VERTEX
8
L7
10
26.991764891606792
20
-53.47267515321646
0
VERTEX
8
L7
10
26.999140793020146
20
-53.46620666128361
0
VERTEX
8
L7
10
27.005609284952996
20
-53.45883075987027
0
VERTEX
8
L7
10
27.01105968971497
20
-53.45067365269461
0
VERTEX
8
L7
10
27.01539874936948
20
-53.441874910121996
0
VERTEX
8
L7
10
27.018552221402828
20
-53.4325850810773
0
VERTEX
8
L7
10
27.020466149034192
20
-53.42296311711112
0
VERTEX
8
L7
10
27.021107784431152
20
-53.41317365269461
0
VERTEX
8
L7
10
27.020466149034192
20
-53.40338418827811
0
VERTEX
8
L7
10
27.018552221402828
20
-53.39376222431192
0
VERTEX
8
L7
10
27.01539874936948
20
-53.38447239526723
0
VERTEX
8
L7
10
27.01105968971497
20
-53.375673652694616
0
VERTEX
8
L7
10
27.005609284952996
20
-53.36751654551896
0
VERTEX
8
L7
10
26.999140793020146
20
-53.36014064410562
0
VERTEX
8
L7
10
26.991764891606792
20
-53.35367215217277
0
VERTEX
8
L7
10
26.983607784431157
20
-53.34822174741078
0
VERTEX
8
L7
10
26.974809041858535
20
-53.34388268775626
0
VERTEX
8
L7
10
26.965519212813845
20
-53.34072921572293
0
VERTEX
8
L7
10
26.95589724884765
20
-53.338815288091574
0
VERTEX
8
L7
10
26.946107784431135
20
-53.338173652694614
0
SEQEND
0
POLYLINE
8
L7
66
1
70
1
0
VERTEX
8
L7
10
30.647424499915516
20
-55.36511976047905
0
VERTEX
8
L7
10
30.63763503549903
20
-55.36576139587601
0
VERTEX
8
L7
10
30.628013071532834
20
-55.36767532350736
0
VERTEX
8
L7
10
30.618723242488144
20
-55.370828795540696
0
VERTEX
8
L7
10
30.609924499915522
20
-55.37516785519521
0
VERTEX
8
L7
10
30.60176739273986
20
-55.3806182599572
0
VERTEX
8
L7
10
30.594391491326533
20
-55.38708675189005
0
VERTEX
8
L7
10
30.587922999393683
20
-55.39446265330339
0
VERTEX
8
L7
10
30.58247259463168
20
-55.40261976047904
0
VERTEX
8
L7
10
30.57813353497717
20
-55.411418503051664
0
VERTEX
8
L7
10
30.57498006294385
20
-55.42070833209635
0
VERTEX
8
L7
10
30.573066135312487
20
-55.43033029606254
0
VERTEX
8
L7
10
30.572424499915527
20
-55.44011976047904
0
VERTEX
8
L7
10
30.573066135312487
20
-55.44990922489555
0
VERTEX
8
L7
10
30.57498006294385
20
-55.45953118886173
0
VERTEX
8
L7
10
30.57813353497717
20
-55.46882101790643
0
VERTEX
8
L7
10
30.58247259463168
20
-55.477619760479044
0
VERTEX
8
L7
10
30.587922999393683
20
-55.4857768676547
0
VERTEX
8
L7
10
30.594391491326533
20
-55.49315276906803
0
VERTEX
8
L7
10
30.60176739273986
20
-55.49962126100089
0
VERTEX
8
L7
10
30.609924499915522
20
-55.50507166576288
0
VERTEX
8
L7
10
30.618723242488144
20
-55.50941072541739
0
VERTEX
8
L7
10
30.628013071532834
20
-55.51256419745072
0
VERTEX
8
L7
10
30.63763503549903
20
-55.51447812508208
0
VERTEX
8
L7
10
30.647424499915516
20
-55.515119760479045
0
VERTEX
8
L7
10
30.65721396433203
20
-55.51447812508208
0
VERTEX
8
L7
10
30.666835928298198
20
-55.51256419745072
0
VERTEX
8
L7
10
30.676125757342916
20
-55.50941072541739
0
VERTEX
8
L7
10
30.68492449991551
20
-55.50507166576288
0
VERTEX
8
L7
10
30.693081607091173
20
-55.49962126100089
0
VERTEX
8
L7
10
30.7004575085045
20
-55.49315276906803
0
VERTEX
8
L7
10
30.706926000437377
20
-55.4857768676547
0
VERTEX
8
L7
10
30.71237640519935
20
-55.477619760479044
0
VERTEX
8
L7
10
30.716715464853863
20
-55.46882101790643
0
VERTEX
8
L7
10
30.71986893688721
20
-55.45953118886173
0
VERTEX
8
L7
10
30.721782864518545
20
-55.44990922489555
0
VERTEX
8
L7
10
30.722424499915533
20
-55.44011976047904
0
VERTEX
8
L7
10
30.721782864518545
20
-55.43033029606254
0
VERTEX
8
L7
10
30.71986893688721
20
-55.42070833209635
0
VERTEX
8
L7
10
30.716715464853863
20
-55.411418503051664
0
VERTEX
8
L7
10
30.71237640519935
20
-55.40261976047904
0
VERTEX
8
L7
10
30.706926000437377
20
-55.39446265330339
0
VERTEX
8
L7
10
30.7004575085045
20
-55.38708675189005
0
VERTEX
8
L7
10
30.693081607091173
20
-55.3806182599572
0
VERTEX
8
L7
10
30.68492449991551
20
-55.37516785519521
0
VERTEX
8
L7
10
30.676125757342916
20
-55.370828795540696
0
VERTEX
8
L7
10
30.666835928298198
20
-55.36767532350736
0
VERTEX
8
L7
10
30.65721396433203
20
-55.36576139587601
0
VERTEX
8
L7
10
30.647424499915516
20
-55.36511976047905
0
SEQEND
0
POLYLINE
8
L7
66
1
70
1
0
VERTEX
8
L7
10
26.946107784431135
20
-54.29625748502994
0
VERTEX
8
L7
10
26.93631832001465
20
-54.29689912042691
0
VERTEX
8
L7
10
26.926696356048453
20
-54.298813048058264
0
VERTEX
8
L7
10
26.917406527003763
20
-54.3019665200916
0
VERTEX
8
L7
10
26.90860778443114
20
-54.30630557974611
0
VERTEX
8
L7
10
26.900450677255478
20
-54.311755984508096
0
VERTEX
8
L7
10
26.893074775842152
20
-54.31822447644095
0
VERTEX
8
L7
10
26.886606283909302
20
-54.325600377854286
0
VERTEX
8
L7
10
26.8811558791473
20
-54.33375748502994
0
VERTEX
8
L7
10
26.876816819492788
20
-54.34255622760256
0
VERTEX
8
L7
10
26.87366334745947
20
-54.351846056647254
0
VERTEX
8
L7
10
26.871749419828106
20
-54.36146802061344
0
VERTEX
8
L7
10
26.871107784431146
20
-54.37125748502994
0
VERTEX
8
L7
10
26.871749419828106
20
-54.38104694944644
0
VERTEX
8
L7
10
26.87366334745947
20
-54.39066891341263
0
VERTEX
8
L7
10
26.876816819492788
20
-54.39995874245732
0
VERTEX
8
L7
10
26.8811558791473
20
-54.408757485029945
0
VERTEX
8
L7
10
26.886606283909302
20
-54.41691459220559
0
VERTEX
8
L7
10
26.893074775842152
20
-54.42429049361893
0
VERTEX
8
L7
10
26.900450677255478
20
-54.43075898555178
0
VERTEX
8
L7
10
26.90860778443114
20
-54.43620939031378
0
VERTEX
8
L7
10
26.917406527003763
20
-54.44054844996829
0
VERTEX
8
L7
10
26.926696356048453
20
-54.44370192200162
0
VERTEX
8
L7
10
26.93631832001465
20
-54.44561584963298
0
VERTEX
8
L7
10
26.946107784431135
20
-54.44625748502994
0
VERTEX
8
L7
10
26.95589724884765
20
-54.44561584963298
0
VERTEX
8
L7
10
26.965519212813845
20
-54.44370192200162
0
VERTEX
8
L7
10
26.974809041858535
20
-54.44054844996829
0
VERTEX
8
L7
10
26.98360778443113
20
-54.43620939031378
0
VERTEX
8
L7
10
26.991764891606792
20
-54.43075898555178
0
VERTEX
8
L7
10
26.999140793020146
20
-54.42429049361893
0
VERTEX
8
L7
10
27.005609284952996
20
-54.41691459220559
0
VERTEX
8
L7
10
27.01105968971497
20
-54.408757485029945
0
VERTEX
8
L7
10
27.01539874936948
20
-54.39995874245732
0
VERTEX
8
L7
10
27.018552221402828
20
-54.39066891341263
0
VERTEX
8
L7
10
27.020466149034192
20
-54.38104694944644
0
VERTEX
8
L7
10
27.021107784431152
20
-54.37125748502994
0
VERTEX
8
L7
10
27.020466149034192
20
-54.36146802061344
0
VERTEX
8
L7
10
27.018552221402828
20
-54.351846056647254
0
VERTEX
8
L7
10
27.01539874936948
20
-54.34255622760256
0
VERTEX
8
L7
10
27.01105968971497
20
-54.33375748502994
0
VERTEX
8
L7
10
27.005609284952996
20
-54.325600377854286
0
VERTEX
8
L7
10
26.999140793020146
20
-54.31822447644095
0
VERTEX
8
L7
10
26.991764891606792
20
-54.311755984508096
0
VERTEX
8
L7
10
26.983607784431157
20
-54.30630557974611
0
VERTEX
8
L7
10
26.974809041858535
20
-54.3019665200916
0
VERTEX
8
L7
10
26.965519212813845
20
-54.298813048058264
0
VERTEX
8
L7
10
26.95589724884765
20
-54.29689912042691
0
VERTEX
8
L7
10
26.946107784431135
20
-54.29625748502994
0
SEQEND
0
POLYLINE
8
L7
66
1
70
1
0
VERTEX
8
L7
10
26.946107784431135
20
-55.254341317365274
0
VERTEX
8
L7
10
26.93631832001465
20
-55.254982952762234
0
VERTEX
8
L7
10
26.926696356048453
20
-55.25689688039359
0
VERTEX
8
L7
10
26.917406527003763
20
-55.26005035242692
0
VERTEX
8
L7
10
26.90860778443114
20
-55.264389412081435
0
VERTEX
8
L7
10
26.900450677255478
20
-55.26983981684343
0
VERTEX
8
L7
10
26.893074775842152
20
-55.27630830877628
0
VERTEX
8
L7
10
26.886606283909302
20
-55.28368421018962
0
VERTEX
8
L7
10
26.8811558791473
20
-55.29184131736527
0
VERTEX
8
L7
10
26.876816819492788
20
-55.30064005993789
0
VERTEX
8
L7
10
26.87366334745947
20
-55.30992988898258
0
VERTEX
8
L7
10
26.871749419828106
20
-55.31955185294877
0
VERTEX
8
L7
10
26.871107784431146
20
-55.32934131736527
0
VERTEX
8
L7
10
26.871749419828106
20
-55.339130781781776
0
VERTEX
8
L7
10
26.87366334745947
20
-55.34875274574796
0
VERTEX
8
L7
10
26.876816819492788
20
-55.358042574792655
0
VERTEX
8
L7
10
26.8811558791473
20
-55.36684131736527
0
VERTEX
8
L7
10
26.886606283909302
20
-55.37499842454093
0
VERTEX
8
L7
10
26.893074775842152
20
-55.38237432595426
0
VERTEX
8
L7
10
26.900450677255478
20
-55.38884281788712
0
VERTEX
8
L7
10
26.90860778443114
20
-55.394293222649104
0
VERTEX
8
L7
10
26.917406527003763
20
-55.398632282303616
0
VERTEX
8
L7
10
26.926696356048453
20
-55.40178575433695
0
VERTEX
8
L7
10
26.93631832001465
20
-55.403699681968305
0
VERTEX
8
L7
10
26.946107784431135
20
-55.40434131736527
0
VERTEX
8
L7
10
26.95589724884765
20
-55.403699681968305
0
VERTEX
8
L7
10
26.965519212813845
20
-55.40178575433695
0
VERTEX
8
L7
10
26.974809041858535
20
-55.398632282303616
0
VERTEX
8
L7
10
26.98360778443113
20
-55.394293222649104
0
VERTEX
8
L7
10
26.991764891606792
20
-55.38884281788712
0
VERTEX
8
L7
10
26.999140793020146
20
-55.38237432595426
0
VERTEX
8
L7
10
27.005609284952996
20
-55.37499842454093
0
VERTEX
8
L7
10
27.01105968971497
20
-55.36684131736527
0
VERTEX
8
L7
10
27.01539874936948
20
-55.358042574792655
0
VERTEX
8
L7
10
27.018552221402828
20
-55.34875274574796
0
VERTEX
8
L7
10
27.020466149034192
20
-55.339130781781776
0
VERTEX
8
L7
10
27.021107784431152
20
-55.32934131736527
0
VERTEX
8
L7
10
27.020466149034192
20
-55.31955185294877
0
VERTEX
8
L7
10
27.018552221402828
20
-55.30992988898258
0
VERTEX
8
L7
10
27.01539874936948
20
-55.30064005993789
0
VERTEX
8
L7
10
27.01105968971497
20
-55.29184131736527
0
VERTEX
8
L7
10
27.005609284952996
20
-55.28368421018962
0
VERTEX
8
L7
10
26.999140793020146
20
-55.27630830877628
0
VERTEX
8
L7
10
26.991764891606792
20
-55.26983981684343
0
VERTEX
8
L7
10
26.983607784431157
20
-55.264389412081435
0
VERTEX
8
L7
10
26.974809041858535
20
-55.26005035242692
0
VERTEX
8
L7
10
26.965519212813845
20
-55.25689688039359
0
VERTEX
8
L7
10
26.95589724884765
20
-55.254982952762234
0
VERTEX
8
L7
10
26.946107784431135
20
-55.254341317365274
0
SEQEND
0
POLYLINE
8
L7
66
1
70
1
0
VERTEX
8
L7
10
26.946107784431135
20
-56.2124251497006
0
VERTEX
8
L7
10
26.93631832001465
20
-56.21306678509757
0
VERTEX
8
L7
10
26.926696356048453
20
-56.21498071272892
0
VERTEX
8
L7
10
26.917406527003763
20
-56.218134184762256
0
VERTEX
8
L7
10
26.90860778443114
20
-56.22247324441677
0
VERTEX
8
L7
10
26.900450677255478
20
-56.227923649178756
0
VERTEX
8
L7
10
26.893074775842152
20
-56.234392141111606
0
VERTEX
8
L7
10
26.886606283909302
20
-56.241768042524946
0
VERTEX
8
L7
10
26.8811558791473
20
-56.2499251497006
0
VERTEX
8
L7
10
26.876816819492788
20
-56.25872389227322
0
VERTEX
8
L7
10
26.87366334745947
20
-56.268013721317914
0
VERTEX
8
L7
10
26.871749419828106
20
-56.277635685284096
0
VERTEX
8
L7
10
26.871107784431146
20
-56.2874251497006
0
VERTEX
8
L7
10
26.871749419828106
20
-56.2972146141171
0
VERTEX
8
L7
10
26.87366334745947
20
-56.30683657808329
0
VERTEX
8
L7
10
26.876816819492788
20
-56.31612640712798
0
VERTEX
8
L7
10
26.8811558791473
20
-56.3249251497006
0
VERTEX
8
L7
10
26.886606283909302
20
-56.33308225687625
0
VERTEX
8
L7
10
26.893074775842152
20
-56.34045815828959
0
VERTEX
8
L7
10
26.900450677255478
20
-56.34692665022244
0
VERTEX
8
L7
10
26.90860778443114
20
-56.35237705498443
0
VERTEX
8
L7
10
26.917406527003763
20
-56.35671611463895
0
VERTEX
8
L7
10
26.926696356048453
20
-56.35986958667228
0
VERTEX
8
L7
10
26.93631832001465
20
-56.36178351430364
0
VERTEX
8
L7
10
26.946107784431135
20
-56.3624251497006
0
VERTEX
8
L7
10
26.95589724884765
20
-56.36178351430364
0
VERTEX
8
L7
10
26.965519212813845
20
-56.35986958667228
0
VERTEX
8
L7
10
26.974809041858535
20
-56.35671611463895
0
VERTEX
8
L7
10
26.98360778443113
20
-56.35237705498443
0
VERTEX
8
L7
10
26.991764891606792
20
-56.34692665022244
0
VERTEX
8
L7
10
26.999140793020146
20
-56.34045815828959
0
VERTEX
8
L7
10
27.005609284952996
20
-56.33308225687625
0
VERTEX
8
L7
10
27.01105968971497
20
-56.3249251497006
0
VERTEX
8
L7
10
27.01539874936948
20
-56.31612640712798
0
VERTEX
8
L7
10
27.018552221402828
20
-56.30683657808329
0
VERTEX
8
L7
10
27.020466149034192
20
-56.2972146141171
0
VERTEX
8
L7
10
27.021107784431152
20
-56.2874251497006
0
VERTEX
8
L7
10
27.020466149034192
20
-56.277635685284096
0
VERTEX
8
L7
10
27.018552221402828
20
-56.268013721317914
0
VERTEX
8
L7
10
27.01539874936948
20
-56.25872389227322
0
VERTEX
8
L7
10
27.01105968971497
20
-56.2499251497006
0
VERTEX
8
L7
10
27.005609284952996
20
-56.241768042524946
0
VERTEX
8
L7
10
26.999140793020146
20
-56.234392141111606
0
VERTEX
8
L7
10
26.991764891606792
20
-56.227923649178756
0
VERTEX
8
L7
10
26.983607784431157
20
-56.22247324441677
0
VERTEX
8
L7
10
26.974809041858535
20
-56.218134184762256
0
VERTEX
8
L7
10
26.965519212813845
20
-56.21498071272892
0
VERTEX
8
L7
10
26.95589724884765
20
-56.21306678509757
0
VERTEX
8
L7
10
26.946107784431135
20
-56.2124251497006
0
SEQEND
0
POLYLINE
8
L7
66
1
70
1
0
VERTEX
8
L7
10
39.529709151874144
20
-55.985063635767126
0
VERTEX
8
L7
10
39.55874452654099
20
-55.98174434533045
0
VERTEX
8
L7
10
39.585428482280534
20
-55.9698264102267
0
VERTEX
8
L7
10
39.60727824618907
20
-55.95041871875687
0
VERTEX
8
L7
10
39.62226083626372
20
-55.92532703356631
0
VERTEX
8
L7
10
39.62898221748851
20
-55.89688597687923
0
VERTEX
8
L7
10
39.62681700795447
20
-55.86774180870238
0
VERTEX
8
L7
10
39.61596666668119
20
-55.840606209108856
0
VERTEX
8
L7
10
39.5974407491323
20
-55.81800397359954
0
VERTEX
8
L7
10
39.57296297448035
20
-55.80203809688904
0
VERTEX
8
L7
10
39.54481084446614
20
-55.79419410258068
0
VERTEX
8
L7
10
39.515603736301316
20
-55.79520182461346
0
VERTEX
8
L7
10
39.48805918622581
20
-55.804967500841244
0
VERTEX
8
L7
10
39.464740039990104
20
-55.822582497006
0
VERTEX
8
L7
10
39.44781599630666
20
-55.84640784939473
0
VERTEX
8
L7
10
39.438861730140715
20
-55.8742267600218
0
VERTEX
8
L7
10
39.43871037918852
20
-55.9034508556269
0
VERTEX
8
L7
10
39.447376025696556
20
-55.931361019396476
0
VERTEX
8
L7
10
39.46405238619796
20
-55.95536038754387
0
VERTEX
8
L7
10
39.42517371310318
20
-56.01591121176228
0
VERTEX
8
L7
10
39.37873447557273
20
-56.07087802677579
0
VERTEX
8
L7
10
39.32552699342135
20
-56.11932302010067
0
VERTEX
8
L7
10
39.266459062397715
20
-56.16041965085949
0
VERTEX
8
L7
10
39.20253846589053
20
-56.19346675175057
0
VERTEX
8
L7
10
39.134855780702466
20
-56.217900491965125
0
VERTEX
8
L7
10
39.06456577025004
20
-56.23330399694728
0
VERTEX
8
L7
10
38.992867682648026
20
-56.23941446087025
0
VERTEX
8
L7
10
38.92098478982142
20
-56.236127630479665
0
VERTEX
8
L7
10
38.85014351673662
20
-56.22349958380316
0
VERTEX
8
L7
10
38.781552516837436
20
-56.201745773379066
0
VERTEX
8
L7
10
38.716382050688495
20
-56.1712373503279
0
VERTEX
8
L7
10
38.65574401965627
20
-56.13249483198341
0
VERTEX
8
L7
10
38.60067299528133
20
-56.08617922112234
0
VERTEX
8
L7
10
38.55210856800814
20
-56.033080728311674
0
VERTEX
8
L7
10
38.51087931642813
20
-55.97410528978604
0
VERTEX
8
L7
10
38.477688670543856
20
-55.91025911087982
0
VERTEX
8
L7
10
38.45310291024707
20
-55.84263149872497
0
VERTEX
8
L7
10
38.4375415037736
20
-55.77237627711329
0
VERTEX
8
L7
10
38.43126995097556
20
-55.700692100612194
0
VERTEX
8
L7
10
38.434395253513955
20
-55.62880200380337
0
VERTEX
8
L7
10
38.44686408925729
20
-55.55793253456348
0
VERTEX
8
L7
10
38.46846372203352
20
-55.48929282740304
0
VERTEX
8
L7
10
38.49882563121331
20
-55.42405397390226
0
VERTEX
8
L7
10
38.537431799199126
20
-55.36332904221362
0
VERTEX
8
L7
10
38.583623549546346
20
-55.30815408652719
0
VERTEX
8
L7
10
38.63661278492553
20
-55.259470470504255
0
VERTEX
8
L7
10
38.69549543319009
20
-55.21810880626683
0
VERTEX
8
L7
10
38.75926687214023
20
-55.18477478296677
0
VERTEX
8
L7
10
38.82683906981451
20
-55.16003712671957
0
VERTEX
8
L7
10
38.897059147871474
20
-55.14431789732332
0
VERTEX
8
L7
10
38.968729051343004
20
-55.13788528731487
0
VERTEX
8
L7
10
39.04062598916572
20
-55.140849046221604
0
VERTEX
8
L7
10
39.11152329674543
20
-55.15315860807747
0
VERTEX
8
L7
10
39.180211364609775
20
-55.174603954150726
0
VERTEX
8
L7
10
39.24551827607577
20
-55.20481919616388
0
VERTEX
8
L7
10
39.306329801824674
20
-55.24328881887102
0
VERTEX
8
L7
10
39.36160841024788
20
-55.2893564754853
0
VERTEX
8
L7
10
39.410410969220194
20
-55.34223618589386
0
VERTEX
8
L7
10
39.39815540665033
20
-55.36876676932399
0
VERTEX
8
L7
10
39.39446795986133
20
-55.39775768871654
0
VERTEX
8
L7
10
39.39969172239829
20
-55.426511522826175
0
VERTEX
8
L7
10
39.413340656276105
20
-55.452352909690006
0
VERTEX
8
L7
10
39.43414481473248
20
-55.47287747209628
0
VERTEX
8
L7
10
39.460168502722624
20
-55.48617552964004
0
VERTEX
8
L7
10
39.48899038107085
20
-55.491009782377304
0
VERTEX
8
L7
10
39.517928756729205
20
-55.486930433740326
0
VERTEX
8
L7
10
39.544291097313746
20
-55.474317041256455
0
VERTEX
8
L7
10
39.56562455417186
20
-55.45434320112667
0
VERTEX
8
L7
10
39.57994418439826
20
-55.428867352539704
0
VERTEX
8
L7
10
39.585917637187706
20
-55.4002598616882
0
VERTEX
8
L7
10
39.58298912063019
20
-55.37118247422269
0
VERTEX
8
L7
10
39.57143111462442
20
-55.34434065669449
0
VERTEX
8
L7
10
39.55231901835079
20
-55.322231870045876
0
VERTEX
8
L7
10
39.52743109119571
20
-55.30691319670349
0
VERTEX
8
L7
10
39.499082996990055
20
-55.29980994210054
0
VERTEX
8
L7
10
39.46991234617106
20
-55.30158301904277
0
VERTEX
8
L7
10
39.41926436087989
20
-55.2451653679361
0
VERTEX
8
L7
10
39.362135939285665
20
-55.19532047635627
0
VERTEX
8
L7
10
39.299373817486796
20
-55.1527871266439
0
VERTEX
8
L7
10
39.23190823217904
20
-55.1181957322006
0
VERTEX
8
L7
10
39.160739133035165
20
-55.09205899373734
0
VERTEX
8
L7
10
39.08692136182482
20
-55.07476430021628
0
VERTEX
8
L7
10
39.01154901794443
20
-55.06656798711643
0
VERTEX
8
L7
10
38.935739242085205
20
-55.06759153712506
0
VERTEX
8
L7
10
38.86061565839135
20
-55.077819779566774
0
VERTEX
8
L7
10
38.78729172052364
20
-55.09710111525754
0
VERTEX
8
L7
10
38.716854208465335
20
-55.12514976345111
0
VERTEX
8
L7
10
38.65034712067599
20
-55.16154999757441
0
VERTEX
8
L7
10
38.58875620033662
20
-55.20576230697122
0
VERTEX
8
L7
10
38.53299432503299
20
-55.25713139332745
0
VERTEX
8
L7
10
38.483887976425464
20
-55.31489588325756
0
VERTEX
8
L7
10
38.442164990446926
20
-55.378199613096214
0
VERTEX
8
L7
10
38.40844376959079
20
-55.44610431863584
0
VERTEX
8
L7
10
38.38322411718063
20
-55.517603541727844
0
VERTEX
8
L7
10
38.36687982947204
20
-55.59163754762885
0
VERTEX
8
L7
10
38.359653155384606
20
-55.66710903199271
0
VERTEX
8
L7
10
38.36165120597879
20
-55.74289938470513
0
VERTEX
8
L7
10
38.37284436689599
20
-55.81788526950442
0
VERTEX
8
L7
10
38.39306673729139
20
-55.890955273651414
0
VERTEX
8
L7
10
38.42201858875434
20
-55.96102638087342
0
VERTEX
8
L7
10
38.45927080777069
20
-56.02706002342635
0
VERTEX
8
L7
10
38.504271255882784
20
-56.088077475357416
0
VERTEX
8
L7
10
38.55635295327927
20
-56.14317435881511
0
VERTEX
8
L7
10
38.614743964520315
20
-56.19153404839951
0
VERTEX
8
L7
10
38.67857883987601
20
-56.23243977487851
0
VERTEX
8
L7
10
38.74691144269859
20
-56.265285248873305
0
VERTEX
8
L7
10
38.818728972705955
20
-56.28958364705283
0
VERTEX
8
L7
10
38.8929669773287
20
-56.304974827647065
0
VERTEX
8
L7
10
38.96852512862789
20
-56.31123066833366
0
VERTEX
8
L7
10
39.04428353194437
20
-56.308258447381704
0
VERTEX
8
L7
10
39.11911932455844
20
-56.296102217938504
0
VERTEX
8
L7
10
39.19192331834115
20
-56.27494215509034
0
VERTEX
8
L7
10
39.26161643972593
20
-56.24509188537472
0
VERTEX
8
L7
10
39.32716572333344
20
-56.20699383832512
0
VERTEX
8
L7
10
39.38759962219798
20
-56.16121268894592
0
VERTEX
8
L7
10
39.44202240767338
20
-56.10842698831072
0
VERTEX
8
L7
10
39.48962744558786
20
-56.04941910633203
0
VERTEX
8
L7
10
39.529709151874144
20
-55.985063635767126
0
SEQEND
0
POLYLINE
8
L7
66
1
70
1
0
VERTEX
8
L7
10
35.59902280673579
20
-53.25647419100409
0
VERTEX
8
L7
10
35.56996927734819
20
-53.248402351366984
0
VERTEX
8
L7
10
35.53984590176681
20
-53.249760441417926
0
VERTEX
8
L7
10
35.51163659008729
20
-53.26041393378289
0
VERTEX
8
L7
10
35.48813565231926
20
-53.279307532937786
0
VERTEX
8
L7
10
35.47167100437882
20
-53.30456970887733
0
VERTEX
8
L7
10
35.46387357335372
20
-53.33369808395065
0
VERTEX
8
L7
10
35.465515743902316
20
-53.36380730912986
0
VERTEX
8
L7
10
35.47643484868787
20
-53.3919148760058
0
VERTEX
8
L7
10
35.49554928160295
20
-53.4152365530325
0
VERTEX
8
L7
10
35.52096563766732
20
-53.431462181199436
0
VERTEX
8
L7
10
35.550166266717596
20
-53.43898450983298
0
VERTEX
8
L7
10
35.58025866251434
20
-53.43705840489953
0
VERTEX
8
L7
10
35.608261983704764
20
-53.42587465922511
0
VERTEX
8
L7
10
35.631402324934626
20
-53.40654109326412
0
VERTEX
8
L7
10
35.647387489646334
20
-53.3809728185053
0
VERTEX
8
L7
10
35.65463404658614
20
-53.35170253361565
0
VERTEX
8
L7
10
35.652424178643784
20
-53.32162964468425
0
VERTEX
8
L7
10
35.70576658169661
20
-53.29243724015902
0
VERTEX
8
L7
10
35.76295588609081
20
-53.271773457632
0
VERTEX
8
L7
10
35.822638209853935
20
-53.26012748512433
0
VERTEX
8
L7
10
35.88340065204109
20
-53.25777502580106
0
VERTEX
8
L7
10
35.94380474131661
20
-53.26477177105943
0
VERTEX
8
L7
10
36.00242048988123
20
-53.28095208210787
0
VERTEX
8
L7
10
36.057860246562726
20
-53.30593291124771
0
VERTEX
8
L7
10
36.10881154764216
20
-53.339122870026365
0
VERTEX
8
L7
10
36.15406818771565
20
-53.37973622958542
0
VERTEX
8
L7
10
36.192558775029525
20
-53.426811521763476
0
VERTEX
8
L7
10
36.223372095278464
20
-53.47923430059721
0
VERTEX
8
L7
10
36.24577868341238
20
-53.53576352537177
0
VERTEX
8
L7
10
36.25924809276718
20
-53.59506094063625
0
VERTEX
8
L7
10
36.26346145269564
20
-53.655722757650985
0
VERTEX
8
L7
10
36.258319017412944
20
-53.716312887249615
0
VERTEX
8
L7
10
36.24394252734761
20
-53.7753969373716
0
VERTEX
8
L7
10
36.220672327096125
20
-53.831576170417904
0
VERTEX
8
L7
10
36.189059308209764
20
-53.88352061653398
0
VERTEX
8
L7
10
36.149851867557814
20
-53.93000055890635
0
VERTEX
8
L7
10
36.10397819001061
20
-53.969915645699565
0
VERTEX
8
L7
10
36.05252427487689
20
-54.00232093944657
0
VERTEX
8
L7
10
35.996708226290835
20
-54.02644928720712
0
VERTEX
8
L7
10
35.93785141618996
20
-54.041729481910195
0
VERTEX
8
L7
10
35.87734720256303
20
-54.04779978493415
0
VERTEX
8
L7
10
35.81662794352236
20
-54.04451648979543
0
VERTEX
8
L7
10
35.757131088099115
20
-54.03195732421158
0
VERTEX
8
L7
10
35.70026514651788
20
-54.01041960999921
0
VERTEX
8
L7
10
35.64737634555944
20
-53.9804132243689
0
VERTEX
8
L7
10
35.59971675840289
20
-53.94264852924921
0
VERTEX
8
L7
10
35.55841466343084
20
-53.898019554397266
0
VERTEX
8
L7
10
35.52444783371466
20
-53.84758283241371
0
VERTEX
8
L7
10
35.498620389516006
20
-53.792532386715415
0
VERTEX
8
L7
10
35.481543761791485
20
-53.73417146459303
0
VERTEX
8
L7
10
35.494660477251
20
-53.72441703535559
0
VERTEX
8
L7
10
35.50592811974131
20
-53.712574850299404
0
VERTEX
8
L7
10
35.79347307786351
20
-53.712574850299404
0
VERTEX
8
L7
10
35.815170008714276
20
-53.732446290022466
0
VERTEX
8
L7
10
35.84187381520137
20
-53.74479690312913
0
VERTEX
8
L7
10
35.8710662469194
20
-53.748461989130796
0
VERTEX
8
L7
10
35.89999436851271
20
-53.74309591923804
0
VERTEX
8
L7
10
35.92593016987662
20
-53.729204730209666
0
VERTEX
8
L7
10
35.94642782583149
20
-53.70809840354286
0
VERTEX
8
L7
10
35.95955434489754
20
-53.681767330222165
0
VERTEX
8
L7
10
35.96407185628742
20
-53.65269461077845
0
VERTEX
8
L7
10
35.95955434489754
20
-53.623621891334736
0
VERTEX
8
L7
10
35.94642782583149
20
-53.59729081801404
0
VERTEX
8
L7
10
35.92593016987662
20
-53.57618449134723
0
VERTEX
8
L7
10
35.89999436851271
20
-53.56229330231886
0
VERTEX
8
L7
10
35.8710662469194
20
-53.5569272324261
0
VERTEX
8
L7
10
35.84187381520137
20
-53.560592318427766
0
VERTEX
8
L7
10
35.815170008714276
20
-53.57294293153443
0
VERTEX
8
L7
10
35.79347307786351
20
-53.59281437125749
0
VERTEX
8
L7
10
35.50592811974131
20
-53.59281437125749
0
VERTEX
8
L7
10
35.48435618373087
20
-53.57302628645608
0
VERTEX
8
L7
10
35.4578161069622
20
-53.56067553552912
0
VERTEX
8
L7
10
35.42878550414177
20
-53.55691510693253
0
VERTEX
8
L7
10
35.399974489830086
20
-53.5620960506378
0
VERTEX
8
L7
10
35.37407267918492
20
-53.57573470631383
0
VERTEX
8
L7
10
35.353498102400394
20
-53.59655785481456
0
VERTEX
8
L7
10
35.34017147261024
20
-53.622621577913584
0
VERTEX
8
L7
10
35.33533688018558
20
-53.651492730288126
0
VERTEX
8
L7
10
35.33944565227951
20
-53.680476082668875
0
VERTEX
8
L7
10
35.352114219761674
20
-53.706865931499365
0
VERTEX
8
L7
10
35.372159924820735
20
-53.728198686408916
0
VERTEX
8
L7
10
35.39771142646215
20
-53.742482855520755
0
VERTEX
8
L7
10
35.414597452229074
20
-53.80653965942984
0
VERTEX
8
L7
10
35.44015901993971
20
-53.867654455096854
0
VERTEX
8
L7
10
35.47390731085379
20
-53.924658532614394
0
VERTEX
8
L7
10
35.5151969499599
20
-53.976461792123175
0
VERTEX
8
L7
10
35.56323834760518
20
-54.02207358999977
0
VERTEX
8
L7
10
35.61711279896896
20
-54.06062168312382
0
VERTEX
8
L7
10
35.67579005263046
20
-54.091368908949754
0
VERTEX
8
L7
10
35.738148012263494
20
-54.11372728240692
0
VERTEX
8
L7
10
35.8029941946988
20
-54.127269240050374
0
VERTEX
8
L7
10
35.86908853400722
20
-54.131735816438265
0
VERTEX
8
L7
10
35.935167095517485
20
-54.127041596377424
0
VERTEX
8
L7
10
35.99996624628015
20
-54.11327634833444
0
VERTEX
8
L7
10
36.06224681976177
20
-54.09070330777612
0
VERTEX
8
L7
10
36.12081781266319
20
-54.05975414326737
0
VERTEX
8
L7
10
36.174559160703026
20
-54.021020701590835
0
VERTEX
8
L7
10
36.22244315782079
20
-53.97524368974785
0
VERTEX
8
L7
10
36.263554109196164
20
-53.92329851027701
0
VERTEX
8
L7
10
36.297105842255874
20
-53.866178520764244
0
VERTEX
8
L7
10
36.32245674080191
20
-53.804976037676084
0
VERTEX
8
L7
10
36.339122014760605
20
-53.74086144778324
0
VERTEX
8
L7
10
36.34678297091581
20
-53.67506082663089
0
VERTEX
8
L7
10
36.34529310734017
20
-53.608832492061964
0
VERTEX
8
L7
10
36.33468091497927
20
-53.54344294116473
0
VERTEX
8
L7
10
36.315149332814045
20
-53.480142630807116
0
VERTEX
8
L7
10
36.287071867019776
20
-53.42014206491128
0
VERTEX
8
L7
10
36.250985448336294
20
-53.364588645755966
0
VERTEX
8
L7
10
36.207580164238735
20
-53.314544731983595
0
VERTEX
8
L7
10
36.157686062263124
20
-53.270967322913116
0
VERTEX
8
L7
10
36.102257276848846
20
-53.2346897576593
0
VERTEX
8
L7
10
36.042353783243485
20
-53.20640577902968
0
VERTEX
8
L7
10
35.97912112739384
20
-53.18665626694842
0
VERTEX
8
L7
10
35.913768519452006
20
-53.175818895106225
0
VERTEX
8
L7
10
35.847545709818704
20
-53.174100908634216
0
VERTEX
8
L7
10
35.78171908992779
20
-53.18153516091576
0
VERTEX
8
L7
10
35.71754747480104
20
-53.1979794853249
0
VERTEX
8
L7
10
35.656258030488104
20
-53.22311941390591
0
VERTEX
8
L7
10
35.59902280673579
20
-53.25647419100409
0
SEQEND
0
POLYLINE
8
L7
66
1
70
1
0
VERTEX
8
L7
10
36.467065868263475
20
-55.59281437125749
0
VERTEX
8
L7
10
36.454560364817254
20
-55.5936340252576
0
VERTEX
8
L7
10
36.44226883400215
20
-55.59607896275075
0
VERTEX
8
L7
10
36.430401587318315
20
-55.60010735017856
0
VERTEX
8
L7
10
36.41916167664671
20
-55.605650260715265
0
VERTEX
8
L7
10
36.408741419975215
20
-55.612612853624796
0
VERTEX
8
L7
10
36.39931911078453
20
-55.62087599701207
0
VERTEX
8
L7
10
36.391055967397264
20
-55.63029830620276
0
VERTEX
8
L7
10
36.38409337448773
20
-55.640718562874255
0
VERTEX
8
L7
10
36.378550463951015
20
-55.65195847354586
0
VERTEX
8
L7
10
36.374522076523206
20
-55.6638257202297
0
VERTEX
8
L7
10
36.372077139030054
20
-55.676117251044786
0
VERTEX
8
L7
10
36.37125748502994
20
-55.68862275449102
0
VERTEX
8
L7
10
36.372077139030054
20
-55.70112825793725
0
VERTEX
8
L7
10
36.374522076523206
20
-55.71341978875234
0
VERTEX
8
L7
10
36.378550463951015
20
-55.725287035436175
0
VERTEX
8
L7
10
36.38409337448773
20
-55.73652694610779
0
VERTEX
8
L7
10
36.391055967397264
20
-55.74694720277928
0
VERTEX
8
L7
10
36.39931911078453
20
-55.75636951196997
0
VERTEX
8
L7
10
36.408741419975215
20
-55.76463265535725
0
VERTEX
8
L7
10
36.41916167664671
20
-55.77159524826677
0
VERTEX
8
L7
10
36.430401587318315
20
-55.777138158803474
0
VERTEX
8
L7
10
36.44226883400215
20
-55.78116654623129
0
VERTEX
8
L7
10
36.454560364817254
20
-55.783611483724435
0
VERTEX
8
L7
10
36.467065868263475
20
-55.78443113772455
0
VERTEX
8
L7
10
36.479571371709724
20
-55.783611483724435
0
VERTEX
8
L7
10
36.4918629025248
20
-55.78116654623129
0
VERTEX
8
L7
10
36.503730149208636
20
-55.777138158803474
0
VERTEX
8
L7
10
36.51497005988024
20
-55.77159524826677
0
VERTEX
8
L7
10
36.525390316551736
20
-55.76463265535725
0
VERTEX
8
L7
10
36.53481262574242
20
-55.75636951196997
0
VERTEX
8
L7
10
36.543075769129715
20
-55.74694720277928
0
VERTEX
8
L7
10
36.550038362039245
20
-55.73652694610779
0
VERTEX
8
L7
10
36.555581272575935
20
-55.725287035436175
0
VERTEX
8
L7
10
36.559609660003744
20
-55.71341978875234
0
VERTEX
8
L7
10
36.562054597496896
20
-55.70112825793725
0
VERTEX
8
L7
10
36.56287425149701
20
-55.68862275449102
0
VERTEX
8
L7
10
36.562054597496896
20
-55.676117251044786
0
VERTEX
8
L7
10
36.559609660003744
20
-55.6638257202297
0
VERTEX
8
L7
10
36.555581272575935
20
-55.65195847354586
0
VERTEX
8
L7
10
36.550038362039245
20
-55.640718562874255
0
VERTEX
8
L7
10
36.543075769129715
20
-55.63029830620276
0
VERTEX
8
L7
10
36.53481262574242
20
-55.62087599701207
0
VERTEX
8
L7
10
36.525390316551736
20
-55.612612853624796
0
VERTEX
8
L7
10
36.51497005988024
20
-55.605650260715265
0
VERTEX
8
L7
10
36.503730149208636
20
-55.60010735017856
0
VERTEX
8
L7
10
36.4918629025248
20
-55.59607896275075
0
VERTEX
8
L7
10
36.479571371709724
20
-55.5936340252576
0
VERTEX
8
L7
10
36.467065868263475
20
-55.59281437125749
0
SEQEND
0
POLYLINE
8
L7
66
1
70
1
0
VERTEX
8
L7
10
35.97918945023612
20
-55.30158301904277
0
VERTEX
8
L7
10
35.95001879941712
20
-55.29980994210054
0
VERTEX
8
L7
10
35.92167070521147
20
-55.30691319670349
0
VERTEX
8
L7
10
35.89678277805642
20
-55.322231870045876
0
VERTEX
8
L7
10
35.87767068178276
20
-55.34434065669449
0
VERTEX
8
L7
10
35.86611267577699
20
-55.37118247422269
0
VERTEX
8
L7
10
35.86318415921947
20
-55.4002598616882
0
VERTEX
8
L7
10
35.86915761200895
20
-55.428867352539704
0
VERTEX
8
L7
10
35.883477242235344
20
-55.45434320112667
0
VERTEX
8
L7
10
35.90481069909346
20
-55.474317041256455
0
VERTEX
8
L7
10
35.93117303967797
20
-55.48693043374032
0
VERTEX
8
L7
10
35.96011141533636
20
-55.491009782377304
0
VERTEX
8
L7
10
35.98893329368455
20
-55.486175529640036
0
VERTEX
8
L7
10
36.01495698167473
20
-55.47287747209628
0
VERTEX
8
L7
10
36.0357611401311
20
-55.452352909690006
0
VERTEX
8
L7
10
36.04941007400889
20
-55.426511522826175
0
VERTEX
8
L7
10
36.05463383654585
20
-55.39775768871654
0
VERTEX
8
L7
10
36.050946389756845
20
-55.36876676932399
0
VERTEX
8
L7
10
36.03869082718701
20
-55.34223618589386
0
VERTEX
8
L7
10
36.08749338615932
20
-55.2893564754853
0
VERTEX
8
L7
10
36.14277199458253
20
-55.24328881887102
0
VERTEX
8
L7
10
36.203583520331435
20
-55.204819196163875
0
VERTEX
8
L7
10
36.2688904317974
20
-55.174603954150726
0
VERTEX
8
L7
10
36.337578499661745
20
-55.15315860807747
0
VERTEX
8
L7
10
36.40847580724149
20
-55.140849046221604
0
VERTEX
8
L7
10
36.4803727450642
20
-55.137885287314866
0
VERTEX
8
L7
10
36.5520426485357
20
-55.14431789732332
0
VERTEX
8
L7
10
36.622262726592695
20
-55.16003712671957
0
VERTEX
8
L7
10
36.689834924266975
20
-55.18477478296677
0
VERTEX
8
L7
10
36.753606363217116
20
-55.21810880626683
0
VERTEX
8
L7
10
36.812489011481674
20
-55.259470470504255
0
VERTEX
8
L7
10
36.86547824686086
20
-55.30815408652719
0
VERTEX
8
L7
10
36.91166999720808
20
-55.36332904221362
0
VERTEX
8
L7
10
36.95027616519387
20
-55.42405397390226
0
VERTEX
8
L7
10
36.98063807437369
20
-55.48929282740304
0
VERTEX
8
L7
10
37.002237707149916
20
-55.55793253456348
0
VERTEX
8
L7
10
37.01470654289325
20
-55.62880200380337
0
VERTEX
8
L7
10
37.017831845431644
20
-55.700692100612194
0
VERTEX
8
L7
10
37.011560292633604
20
-55.772376277113295
0
VERTEX
8
L7
10
36.99599888616014
20
-55.84263149872498
0
VERTEX
8
L7
10
36.97141312586332
20
-55.91025911087982
0
VERTEX
8
L7
10
36.938222479979075
20
-55.97410528978604
0
VERTEX
8
L7
10
36.89699322839907
20
-56.033080728311674
0
VERTEX
8
L7
10
36.84842880112588
20
-56.08617922112235
0
VERTEX
8
L7
10
36.79335777675094
20
-56.13249483198341
0
VERTEX
8
L7
10
36.73271974571871
20
-56.1712373503279
0
VERTEX
8
L7
10
36.66754927956977
20
-56.201745773379066
0
VERTEX
8
L7
10
36.59895827967058
20
-56.22349958380316
0
VERTEX
8
L7
10
36.52811700658576
20
-56.236127630479665
0
VERTEX
8
L7
10
36.45623411375915
20
-56.23941446087025
0
VERTEX
8
L7
10
36.384536026157164
20
-56.23330399694728
0
VERTEX
8
L7
10
36.31424601570471
20
-56.217900491965125
0
VERTEX
8
L7
10
36.24656333051665
20
-56.19346675175057
0
VERTEX
8
L7
10
36.18264273400949
20
-56.16041965085949
0
VERTEX
8
L7
10
36.12357480298586
20
-56.11932302010068
0
VERTEX
8
L7
10
36.07036732083448
20
-56.07087802677579
0
VERTEX
8
L7
10
36.023928083304
20
-56.01591121176228
0
VERTEX
8
L7
10
35.98504941020924
20
-55.95536038754387
0
VERTEX
8
L7
10
36.00172577071065
20
-55.931361019396476
0
VERTEX
8
L7
10
36.010391417218685
20
-55.9034508556269
0
VERTEX
8
L7
10
36.01024006626646
20
-55.8742267600218
0
VERTEX
8
L7
10
36.00128580010055
20
-55.84640784939473
0
VERTEX
8
L7
10
35.98436175641707
20
-55.822582497006
0
VERTEX
8
L7
10
35.961042610181366
20
-55.804967500841244
0
VERTEX
8
L7
10
35.93349806010589
20
-55.79520182461346
0
VERTEX
8
L7
10
35.904290951941064
20
-55.79419410258068
0
VERTEX
8
L7
10
35.87613882192686
20
-55.80203809688904
0
VERTEX
8
L7
10
35.8516610472749
20
-55.81800397359954
0
VERTEX
8
L7
10
35.83313512972602
20
-55.840606209108856
0
VERTEX
8
L7
10
35.822284788452706
20
-55.86774180870238
0
VERTEX
8
L7
10
35.820119578918664
20
-55.89688597687923
0
VERTEX
8
L7
10
35.826840960143485
20
-55.92532703356631
0
VERTEX
8
L7
10
35.84182355021811
20
-55.95041871875687
0
VERTEX
8
L7
10
35.86367331412667
20
-55.9698264102267
0
VERTEX
8
L7
10
35.890357269866186
20
-55.98174434533045
0
VERTEX
8
L7
10
35.91939264453303
20
-55.985063635767126
0
VERTEX
8
L7
10
35.95947435081932
20
-56.04941910633203
0
VERTEX
8
L7
10
36.0070793887338
20
-56.10842698831072
0
VERTEX
8
L7
10
36.061502174209195
20
-56.16121268894592
0
VERTEX
8
L7
10
36.12193607307374
20
-56.20699383832512
0
VERTEX
8
L7
10
36.18748535668125
20
-56.24509188537472
0
VERTEX
8
L7
10
36.25717847806605
20
-56.27494215509034
0
VERTEX
8
L7
10
36.32998247184874
20
-56.296102217938504
0
VERTEX
8
L7
10
36.404818264462804
20
-56.308258447381704
0
VERTEX
8
L7
10
36.48057666777929
20
-56.311230668333664
0
VERTEX
8
L7
10
36.55613481907851
20
-56.304974827647065
0
VERTEX
8
L7
10
36.63037282370125
20
-56.28958364705283
0
VERTEX
8
L7
10
36.702190353708616
20
-56.265285248873305
0
VERTEX
8
L7
10
36.770522956531195
20
-56.23243977487851
0
VERTEX
8
L7
10
36.83435783188686
20
-56.19153404839951
0
VERTEX
8
L7
10
36.892748843127904
20
-56.14317435881511
0
VERTEX
8
L7
10
36.94483054052439
20
-56.088077475357416
0
VERTEX
8
L7
10
36.98983098863651
20
-56.02706002342635
0
VERTEX
8
L7
10
37.027083207652865
20
-55.96102638087342
0
VERTEX
8
L7
10
37.056035059115814
20
-55.890955273651414
0
VERTEX
8
L7
10
37.076257429511216
20
-55.81788526950442
0
VERTEX
8
L7
10
37.08745059042839
20
-55.74289938470513
0
VERTEX
8
L7
10
37.08944864102257
20
-55.66710903199271
0
VERTEX
8
L7
10
37.08222196693514
20
-55.59163754762885
0
VERTEX
8
L7
10
37.065877679226574
20
-55.517603541727844
0
VERTEX
8
L7
10
37.04065802681639
20
-55.44610431863584
0
VERTEX
8
L7
10
37.00693680596028
20
-55.378199613096214
0
VERTEX
8
L7
10
36.96521381998174
20
-55.31489588325756
0
VERTEX
8
L7
10
36.91610747137422
20
-55.25713139332745
0
VERTEX
8
L7
10
36.86034559607059
20
-55.20576230697122
0
VERTEX
8
L7
10
36.79875467573122
20
-55.16154999757441
0
VERTEX
8
L7
10
36.73224758794187
20
-55.12514976345111
0
VERTEX
8
L7
10
36.661810075883565
20
-55.09710111525754
0
VERTEX
8
L7
10
36.588486138015824
20
-55.077819779566774
0
VERTEX
8
L7
10
36.513362554322
20
-55.06759153712506
0
VERTEX
8
L7
10
36.437552778462745
20
-55.06656798711643
0
VERTEX
8
L7
10
36.362180434582385
20
-55.07476430021628
0
VERTEX
8
L7
10
36.28836266337204
20
-55.09205899373734
0
VERTEX
8
L7
10
36.21719356422814
20
-55.1181957322006
0
VERTEX
8
L7
10
36.14972797892038
20
-55.1527871266439
0
VERTEX
8
L7
10
36.08696585712151
20
-55.19532047635627
0
VERTEX
8
L7
10
36.02983743552731
20
-55.2451653679361
0
VERTEX
8
L7
10
35.97918945023612
20
-55.30158301904277
0
SEQEND
0
POLYLINE
8
L7
66
1
70
1
0
VERTEX
8
L7
10
40.051390369945054
20
-53.742482855520755
0
VERTEX
8
L7
10
40.07694187158644
20
-53.728198686408916
0
VERTEX
8
L7
10
40.09698757664553
20
-53.706865931499365
0
VERTEX
8
L7
10
40.1096561441277
20
-53.680476082668875
0
VERTEX
8
L7
10
40.113764916221626
20
-53.651492730288126
0
VERTEX
8
L7
10
40.10893032379697
20
-53.622621577913584
0
VERTEX
8
L7
10
40.09560369400681
20
-53.59655785481456
0
VERTEX
8
L7
10
40.07502911722226
20
-53.57573470631383
0
VERTEX
8
L7
10
40.04912730657712
20
-53.5620960506378
0
VERTEX
8
L7
10
40.020316292265406
20
-53.55691510693253
0
VERTEX
8
L7
10
39.99128568944501
20
-53.56067553552912
0
VERTEX
8
L7
10
39.96474561267634
20
-53.57302628645608
0
VERTEX
8
L7
10
39.94317367666589
20
-53.59281437125749
0
VERTEX
8
L7
10
39.655628718543696
20
-53.59281437125749
0
VERTEX
8
L7
10
39.63393178769293
20
-53.57294293153443
0
VERTEX
8
L7
10
39.60722798120581
20
-53.560592318427766
0
VERTEX
8
L7
10
39.57803554948781
20
-53.55692723242609
0
VERTEX
8
L7
10
39.5491074278945
20
-53.56229330231886
0
VERTEX
8
L7
10
39.52317162653058
20
-53.57618449134722
0
VERTEX
8
L7
10
39.502673970575685
20
-53.59729081801403
0
VERTEX
8
L7
10
39.489547451509665
20
-53.62362189133473
0
VERTEX
8
L7
10
39.48502994011976
20
-53.65269461077845
0
VERTEX
8
L7
10
39.489547451509665
20
-53.68176733022216
0
VERTEX
8
L7
10
39.502673970575685
20
-53.708098403542856
0
VERTEX
8
L7
10
39.52317162653058
20
-53.729204730209666
0
VERTEX
8
L7
10
39.5491074278945
20
-53.74309591923804
0
VERTEX
8
L7
10
39.57803554948781
20
-53.748461989130796
0
VERTEX
8
L7
10
39.60722798120581
20
-53.74479690312913
0
VERTEX
8
L7
10
39.63393178769293
20
-53.732446290022466
0
VERTEX
8
L7
10
39.655628718543696
20
-53.712574850299404
0
VERTEX
8
L7
10
39.94317367666589
20
-53.712574850299404
0
VERTEX
8
L7
10
39.954441319156174
20
-53.72441703535559
0
VERTEX
8
L7
10
39.96755803461569
20
-53.73417146459303
0
VERTEX
8
L7
10
39.9504814068912
20
-53.792532386715415
0
VERTEX
8
L7
10
39.924653962692545
20
-53.84758283241371
0
VERTEX
8
L7
10
39.89068713297634
20
-53.898019554397266
0
VERTEX
8
L7
10
39.849385038004314
20
-53.94264852924921
0
VERTEX
8
L7
10
39.80172545084774
20
-53.9804132243689
0
VERTEX
8
L7
10
39.74883664988933
20
-54.01041960999921
0
VERTEX
8
L7
10
39.69197070830806
20
-54.03195732421158
0
VERTEX
8
L7
10
39.63247385288484
20
-54.04451648979543
0
VERTEX
8
L7
10
39.571754593844176
20
-54.04779978493415
0
VERTEX
8
L7
10
39.51125038021725
20
-54.041729481910195
0
VERTEX
8
L7
10
39.45239357011637
20
-54.02644928720712
0
VERTEX
8
L7
10
39.39657752153029
20
-54.00232093944657
0
VERTEX
8
L7
10
39.3451236063966
20
-53.969915645699565
0
VERTEX
8
L7
10
39.29924992884939
20
-53.93000055890635
0
VERTEX
8
L7
10
39.26004248819744
20
-53.88352061653398
0
VERTEX
8
L7
10
39.22842946931105
20
-53.831576170417904
0
VERTEX
8
L7
10
39.205159269059564
20
-53.7753969373716
0
VERTEX
8
L7
10
39.19078277899423
20
-53.716312887249615
0
VERTEX
8
L7
10
39.18564034371154
20
-53.655722757650985
0
VERTEX
8
L7
10
39.18985370364
20
-53.59506094063625
0
VERTEX
8
L7
10
39.203323112994795
20
-53.53576352537177
0
VERTEX
8
L7
10
39.225729701128714
20
-53.47923430059721
0
VERTEX
8
L7
10
39.25654302137768
20
-53.426811521763476
0
VERTEX
8
L7
10
39.295033608691554
20
-53.37973622958542
0
VERTEX
8
L7
10
39.340290248765044
20
-53.339122870026365
0
VERTEX
8
L7
10
39.39124154984448
20
-53.30593291124771
0
VERTEX
8
L7
10
39.446681306525946
20
-53.28095208210787
0
VERTEX
8
L7
10
39.505297055090566
20
-53.26477177105943
0
VERTEX
8
L7
10
39.56570114436609
20
-53.25777502580106
0
VERTEX
8
L7
10
39.62646358655327
20
-53.26012748512433
0
VERTEX
8
L7
10
39.68614591031637
20
-53.271773457632
0
VERTEX
8
L7
10
39.74333521471057
20
-53.29243724015902
0
VERTEX
8
L7
10
39.79667761776339
20
-53.32162964468425
0
VERTEX
8
L7
10
39.79446774982104
20
-53.35170253361565
0
VERTEX
8
L7
10
39.80171430676087
20
-53.3809728185053
0
VERTEX
8
L7
10
39.81769947147258
20
-53.40654109326412
0
VERTEX
8
L7
10
39.84083981270244
20
-53.42587465922511
0
VERTEX
8
L7
10
39.86884313389284
20
-53.43705840489953
0
VERTEX
8
L7
10
39.89893552968961
20
-53.43898450983298
0
VERTEX
8
L7
10
39.92813615873989
20
-53.431462181199436
0
VERTEX
8
L7
10
39.95355251480426
20
-53.4152365530325
0
VERTEX
8
L7
10
39.97266694771933
20
-53.3919148760058
0
VERTEX
8
L7
10
39.98358605250486
20
-53.36380730912986
0
VERTEX
8
L7
10
39.985228223053454
20
-53.33369808395065
0
VERTEX
8
L7
10
39.977430792028386
20
-53.30456970887733
0
VERTEX
8
L7
10
39.96096614408792
20
-53.279307532937786
0
VERTEX
8
L7
10
39.937465206319885
20
-53.26041393378289
0
VERTEX
8
L7
10
39.90925589464037
20
-53.249760441417926
0
VERTEX
8
L7
10
39.879132519058984
20
-53.248402351366984
0
VERTEX
8
L7
10
39.85007898967142
20
-53.25647419100409
0
VERTEX
8
L7
10
39.79284376591907
20
-53.22311941390591
0
VERTEX
8
L7
10
39.73155432160614
20
-53.1979794853249
0
VERTEX
8
L7
10
39.667382706479415
20
-53.18153516091576
0
VERTEX
8
L7
10
39.6015560865885
20
-53.174100908634216
0
VERTEX
8
L7
10
39.5353332769552
20
-53.175818895106225
0
VERTEX
8
L7
10
39.46998066901334
20
-53.18665626694842
0
VERTEX
8
L7
10
39.40674801316369
20
-53.20640577902968
0
VERTEX
8
L7
10
39.34684451955836
20
-53.2346897576593
0
VERTEX
8
L7
10
39.29141573414408
20
-53.270967322913116
0
VERTEX
8
L7
10
39.24152163216847
20
-53.314544731983595
0
VERTEX
8
L7
10
39.19811634807091
20
-53.364588645755966
0
VERTEX
8
L7
10
39.1620299293874
20
-53.42014206491128
0
VERTEX
8
L7
10
39.13395246359316
20
-53.480142630807116
0
VERTEX
8
L7
10
39.11442088142793
20
-53.54344294116473
0
VERTEX
8
L7
10
39.10380868906704
20
-53.608832492061964
0
VERTEX
8
L7
10
39.102318825491366
20
-53.67506082663088
0
VERTEX
8
L7
10
39.1099797816466
20
-53.74086144778323
0
VERTEX
8
L7
10
39.126645055605294
20
-53.804976037676084
0
VERTEX
8
L7
10
39.15199595415133
20
-53.866178520764244
0
VERTEX
8
L7
10
39.18554768721101
20
-53.923298510277
0
VERTEX
8
L7
10
39.226658638586414
20
-53.97524368974785
0
VERTEX
8
L7
10
39.27454263570418
20
-54.021020701590835
0
VERTEX
8
L7
10
39.32828398374399
20
-54.05975414326737
0
VERTEX
8
L7
10
39.38685497664541
20
-54.09070330777612
0
VERTEX
8
L7
10
39.449135550127025
20
-54.11327634833444
0
VERTEX
8
L7
10
39.51393470088969
20
-54.127041596377424
0
VERTEX
8
L7
10
39.58001326239999
20
-54.13173581643826
0
VERTEX
8
L7
10
39.64610760170841
20
-54.127269240050374
0
VERTEX
8
L7
10
39.71095378414368
20
-54.11372728240692
0
VERTEX
8
L7
10
39.773311743776745
20
-54.091368908949754
0
VERTEX
8
L7
10
39.831988997438245
20
-54.06062168312381
0
VERTEX
8
L7
10
39.885863448802
20
-54.02207358999976
0
VERTEX
8
L7
10
39.93390484644728
20
-53.976461792123175
0
VERTEX
8
L7
10
39.975194485553416
20
-53.924658532614394
0
VERTEX
8
L7
10
40.00894277646749
20
-53.867654455096854
0
VERTEX
8
L7
10
40.03450434417813
20
-53.80653965942984
0
VERTEX
8
L7
10
40.051390369945054
20
-53.742482855520755
0
SEQEND
0
POLYLINE
8
L7
66
1
70
1
0
VERTEX
8
L7
10
38.9820359281437
20
-55.59281437125749
0
VERTEX
8
L7
10
38.96953042469748
20
-55.5936340252576
0
VERTEX
8
L7
10
38.957238893882405
20
-55.59607896275075
0
VERTEX
8
L7
10
38.94537164719857
20
-55.60010735017856
0
VERTEX
8
L7
10
38.934131736526936
20
-55.605650260715265
0
VERTEX
8
L7
10
38.92371147985544
20
-55.612612853624796
0
VERTEX
8
L7
10
38.91428917066476
20
-55.62087599701207
0
VERTEX
8
L7
10
38.90602602727749
20
-55.63029830620276
0
VERTEX
8
L7
10
38.89906343436796
20
-55.640718562874255
0
VERTEX
8
L7
10
38.89352052383127
20
-55.65195847354586
0
VERTEX
8
L7
10
38.88949213640343
20
-55.6638257202297
0
VERTEX
8
L7
10
38.88704719891031
20
-55.676117251044786
0
VERTEX
8
L7
10
38.88622754491017
20
-55.68862275449102
0
VERTEX
8
L7
10
38.88704719891031
20
-55.70112825793725
0
VERTEX
8
L7
10
38.88949213640343
20
-55.71341978875234
0
VERTEX
8
L7
10
38.89352052383127
20
-55.725287035436175
0
VERTEX
8
L7
10
38.89906343436796
20
-55.73652694610779
0
VERTEX
8
L7
10
38.90602602727749
20
-55.74694720277928
0
VERTEX
8
L7
10
38.91428917066476
20
-55.75636951196997
0
VERTEX
8
L7
10
38.92371147985544
20
-55.76463265535725
0
VERTEX
8
L7
10
38.934131736526936
20
-55.77159524826677
0
VERTEX
8
L7
10
38.94537164719857
20
-55.777138158803474
0
VERTEX
8
L7
10
38.957238893882405
20
-55.78116654623129
0
VERTEX
8
L7
10
38.96953042469748
20
-55.783611483724435
0
VERTEX
8
L7
10
38.9820359281437
20
-55.78443113772455
0
VERTEX
8
L7
10
38.99454143158995
20
-55.783611483724435
0
VERTEX
8
L7
10
39.00683296240503
20
-55.78116654623129
0
VERTEX
8
L7
10
39.01870020908886
20
-55.777138158803474
0
VERTEX
8
L7
10
39.0299401197605
20
-55.77159524826677
0
VERTEX
8
L7
10
39.04036037643196
20
-55.76463265535725
0
VERTEX
8
L7
10
39.049782685622674
20
-55.75636951196997
0
VERTEX
8
L7
10
39.05804582900994
20
-55.74694720277928
0
VERTEX
8
L7
10
39.06500842191947
20
-55.73652694610779
0
VERTEX
8
L7
10
39.07055133245616
20
-55.725287035436175
0
VERTEX
8
L7
10
39.074579719884
20
-55.71341978875234
0
VERTEX
8
L7
10
39.07702465737712
20
-55.70112825793725
0
VERTEX
8
L7
10
39.07784431137726
20
-55.68862275449102
0
VERTEX
8
L7
10
39.07702465737712
20
-55.676117251044786
0
VERTEX
8
L7
10
39.074579719884
20
-55.6638257202297
0
VERTEX
8
L7
10
39.07055133245616
20
-55.65195847354586
0
VERTEX
8
L7
10
39.06500842191947
20
-55.640718562874255
0
VERTEX
8
L7
10
39.05804582900994
20
-55.63029830620276
0
VERTEX
8
L7
10
39.049782685622674
20
-55.62087599701207
0
VERTEX
8
L7
10
39.04036037643196
20
-55.612612853624796
0
VERTEX
8
L7
10
39.0299401197605
20
-55.605650260715265
0
VERTEX
8
L7
10
39.01870020908886
20
-55.60010735017856
0
VERTEX
8
L7
10
39.00683296240503
20
-55.59607896275075
0
VERTEX
8
L7
10
38.99454143158995
20
-55.5936340252576
0
VERTEX
8
L7
10
38.9820359281437
20
-55.59281437125749
0
SEQEND
0
POLYLINE
8
L7
66
1
70
1
0
VERTEX
8
L7
10
33.59281437125749
20
-55.61362275449102
0
VERTEX
8
L7
10
33.583024906840976
20
-55.614264389887985
0
VERTEX
8
L7
10
33.57340294287481
20
-55.61617831751934
0
VERTEX
8
L7
10
33.56411311383012
20
-55.619331789552675
0
VERTEX
8
L7
10
33.555314371257495
20
-55.62367084920719
0
VERTEX
8
L7
10
33.54715726408183
20
-55.629121253969174
0
VERTEX
8
L7
10
33.539781362668506
20
-55.63558974590203
0
VERTEX
8
L7
10
33.53331287073566
20
-55.642965647315364
0
VERTEX
8
L7
10
33.527862465973655
20
-55.65112275449102
0
VERTEX
8
L7
10
33.52352340631914
20
-55.659921497063635
0
VERTEX
8
L7
10
33.520369934285824
20
-55.66921132610833
0
VERTEX
8
L7
10
33.51845600665446
20
-55.678833290074515
0
VERTEX
8
L7
10
33.5178143712575
20
-55.68862275449102
0
VERTEX
8
L7
10
33.51845600665446
20
-55.69841221890752
0
VERTEX
8
L7
10
33.520369934285824
20
-55.70803418287371
0
VERTEX
8
L7
10
33.52352340631914
20
-55.7173240119184
0
VERTEX
8
L7
10
33.527862465973655
20
-55.72612275449102
0
VERTEX
8
L7
10
33.53331287073566
20
-55.73427986166667
0
VERTEX
8
L7
10
33.539781362668506
20
-55.74165576308001
0
VERTEX
8
L7
10
33.54715726408183
20
-55.74812425501286
0
VERTEX
8
L7
10
33.555314371257495
20
-55.753574659774856
0
VERTEX
8
L7
10
33.56411311383012
20
-55.75791371942937
0
VERTEX
8
L7
10
33.57340294287481
20
-55.7610671914627
0
VERTEX
8
L7
10
33.583024906840976
20
-55.76298111909406
0
VERTEX
8
L7
10
33.59281437125749
20
-55.76362275449102
0
VERTEX
8
L7
10
33.602603835674
20
-55.76298111909406
0
VERTEX
8
L7
10
33.61222579964017
20
-55.7610671914627
0
VERTEX
8
L7
10
33.62151562868486
20
-55.75791371942937
0
VERTEX
8
L7
10
33.630314371257484
20
-55.753574659774856
0
VERTEX
8
L7
10
33.638471478433146
20
-55.74812425501286
0
VERTEX
8
L7
10
33.64584737984647
20
-55.74165576308001
0
VERTEX
8
L7
10
33.65231587177932
20
-55.73427986166667
0
VERTEX
8
L7
10
33.657766276541324
20
-55.72612275449102
0
VERTEX
8
L7
10
33.662105336195836
20
-55.7173240119184
0
VERTEX
8
L7
10
33.66525880822918
20
-55.70803418287371
0
VERTEX
8
L7
10
33.66717273586052
20
-55.69841221890752
0
VERTEX
8
L7
10
33.667814371257506
20
-55.68862275449102
0
VERTEX
8
L7
10
33.66717273586052
20
-55.678833290074515
0
VERTEX
8
L7
10
33.66525880822918
20
-55.66921132610833
0
VERTEX
8
L7
10
33.662105336195836
20
-55.659921497063635
0
VERTEX
8
L7
10
33.657766276541324
20
-55.65112275449102
0
VERTEX
8
L7
10
33.65231587177932
20
-55.642965647315364
0
VERTEX
8
L7
10
33.64584737984647
20
-55.63558974590203
0
VERTEX
8
L7
10
33.638471478433146
20
-55.629121253969174
0
VERTEX
8
L7
10
33.630314371257484
20
-55.62367084920719
0
VERTEX
8
L7
10
33.62151562868486
20
-55.619331789552675
0
VERTEX
8
L7
10
33.61222579964017
20
-55.61617831751934
0
VERTEX
8
L7
10
33.602603835674
20
-55.614264389887985
0
VERTEX
8
L7
10
33.59281437125749
20
-55.61362275449102
0
SEQEND
0
POLYLINE
8
L7
66
1
70
1
0
VERTEX
8
L7
10
34.02323418271921
20
-55.36511976047905
0
VERTEX
8
L7
10
34.01344471830272
20
-55.36576139587601
0
VERTEX
8
L7
10
34.003822754336525
20
-55.36767532350736
0
VERTEX
8
L7
10
33.994532925291836
20
-55.370828795540696
0
VERTEX
8
L7
10
33.98573418271921
20
-55.37516785519521
0
VERTEX
8
L7
10
33.97757707554358
20
-55.3806182599572
0
VERTEX
8
L7
10
33.970201174130224
20
-55.38708675189005
0
VERTEX
8
L7
10
33.963732682197374
20
-55.39446265330339
0
VERTEX
8
L7
10
33.95828227743537
20
-55.40261976047904
0
VERTEX
8
L7
10
33.95394321778086
20
-55.411418503051664
0
VERTEX
8
L7
10
33.95078974574754
20
-55.42070833209635
0
VERTEX
8
L7
10
33.94887581811618
20
-55.43033029606254
0
VERTEX
8
L7
10
33.94823418271922
20
-55.44011976047904
0
VERTEX
8
L7
10
33.94887581811618
20
-55.44990922489555
0
VERTEX
8
L7
10
33.95078974574754
20
-55.45953118886173
0
VERTEX
8
L7
10
33.95394321778086
20
-55.46882101790643
0
VERTEX
8
L7
10
33.95828227743537
20
-55.477619760479044
0
VERTEX
8
L7
10
33.963732682197374
20
-55.4857768676547
0
VERTEX
8
L7
10
33.970201174130224
20
-55.49315276906803
0
VERTEX
8
L7
10
33.97757707554358
20
-55.49962126100089
0
VERTEX
8
L7
10
33.98573418271921
20
-55.50507166576288
0
VERTEX
8
L7
10
33.994532925291836
20
-55.50941072541739
0
VERTEX
8
L7
10
34.003822754336525
20
-55.51256419745072
0
VERTEX
8
L7
10
34.01344471830272
20
-55.51447812508208
0
VERTEX
8
L7
10
34.02323418271921
20
-55.515119760479045
0
VERTEX
8
L7
10
34.03302364713572
20
-55.51447812508208
0
VERTEX
8
L7
10
34.04264561110192
20
-55.51256419745072
0
VERTEX
8
L7
10
34.05193544014661
20
-55.50941072541739
0
VERTEX
8
L7
10
34.06073418271923
20
-55.50507166576288
0
VERTEX
8
L7
10
34.068891289894864
20
-55.49962126100089
0
VERTEX
8
L7
10
34.07626719130822
20
-55.49315276906803
0
VERTEX
8
L7
10
34.08273568324107
20
-55.4857768676547
0
VERTEX
8
L7
10
34.08818608800304
20
-55.477619760479044
0
VERTEX
8
L7
10
34.092525147657554
20
-55.46882101790643
0
VERTEX
8
L7
10
34.0956786196909
20
-55.45953118886173
0
VERTEX
8
L7
10
34.097592547322265
20
-55.44990922489555
0
VERTEX
8
L7
10
34.098234182719224
20
-55.44011976047904
0
VERTEX
8
L7
10
34.097592547322265
20
-55.43033029606254
0
VERTEX
8
L7
10
34.0956786196909
20
-55.42070833209635
0
VERTEX
8
L7
10
34.092525147657554
20
-55.411418503051664
0
VERTEX
8
L7
10
34.08818608800304
20
-55.40261976047904
0
VERTEX
8
L7
10
34.08273568324107
20
-55.39446265330339
0
VERTEX
8
L7
10
34.07626719130822
20
-55.38708675189005
0
VERTEX
8
L7
10
34.068891289894864
20
-55.3806182599572
0
VERTEX
8
L7
10
34.06073418271923
20
-55.37516785519521
0
VERTEX
8
L7
10
34.05193544014661
20
-55.370828795540696
0
VERTEX
8
L7
10
34.04264561110192
20
-55.36767532350736
0
VERTEX
8
L7
10
34.03302364713572
20
-55.36576139587601
0
VERTEX
8
L7
10
34.02323418271921
20
-55.36511976047905
0
SEQEND
0
POLYLINE
8
L7
66
1
70
1
0
VERTEX
8
L7
10
34.26119038938096
20
-53.268600029780735
0
VERTEX
8
L7
10
34.25140092496444
20
-53.269241665177695
0
VERTEX
8
L7
10
34.241778960998275
20
-53.27115559280905
0
VERTEX
8
L7
10
34.232489131953585
20
-53.274309064842384
0
VERTEX
8
L7
10
34.22369038938096
20
-53.2786481244969
0
VERTEX
8
L7
10
34.2155332822053
20
-53.28409852925889
0
VERTEX
8
L7
10
34.208157380791974
20
-53.29056702119174
0
VERTEX
8
L7
10
34.201688888859124
20
-53.29794292260508
0
VERTEX
8
L7
10
34.19623848409712
20
-53.30610002978073
0
VERTEX
8
L7
10
34.19189942444261
20
-53.31489877235335
0
VERTEX
8
L7
10
34.18874595240926
20
-53.32418860139804
0
VERTEX
8
L7
10
34.18683202477793
20
-53.33381056536423
0
VERTEX
8
L7
10
34.18619038938094
20
-53.34360002978073
0
VERTEX
8
L7
10
34.18683202477793
20
-53.35338949419724
0
VERTEX
8
L7
10
34.18874595240926
20
-53.36301145816342
0
VERTEX
8
L7
10
34.19189942444261
20
-53.37230128720812
0
VERTEX
8
L7
10
34.19623848409712
20
-53.38110002978073
0
VERTEX
8
L7
10
34.201688888859124
20
-53.38925713695639
0
VERTEX
8
L7
10
34.208157380791974
20
-53.39663303836972
0
VERTEX
8
L7
10
34.2155332822053
20
-53.40310153030258
0
VERTEX
8
L7
10
34.22369038938096
20
-53.408551935064565
0
VERTEX
8
L7
10
34.232489131953585
20
-53.41289099471908
0
VERTEX
8
L7
10
34.241778960998275
20
-53.41604446675241
0
VERTEX
8
L7
10
34.25140092496444
20
-53.41795839438377
0
VERTEX
8
L7
10
34.26119038938096
20
-53.418600029780734
0
VERTEX
8
L7
10
34.27097985379747
20
-53.41795839438377
0
VERTEX
8
L7
10
34.28060181776364
20
-53.41604446675241
0
VERTEX
8
L7
10
34.28989164680833
20
-53.41289099471908
0
VERTEX
8
L7
10
34.29869038938095
20
-53.408551935064565
0
VERTEX
8
L7
10
34.306847496556614
20
-53.40310153030258
0
VERTEX
8
L7
10
34.31422339796994
20
-53.39663303836972
0
VERTEX
8
L7
10
34.32069188990279
20
-53.38925713695639
0
VERTEX
8
L7
10
34.32614229466479
20
-53.38110002978073
0
VERTEX
8
L7
10
34.3304813543193
20
-53.37230128720812
0
VERTEX
8
L7
10
34.33363482635262
20
-53.36301145816342
0
VERTEX
8
L7
10
34.335548753983986
20
-53.35338949419724
0
VERTEX
8
L7
10
34.336190389380945
20
-53.34360002978073
0
VERTEX
8
L7
10
34.335548753983986
20
-53.33381056536423
0
VERTEX
8
L7
10
34.33363482635262
20
-53.32418860139804
0
VERTEX
8
L7
10
34.3304813543193
20
-53.31489877235335
0
VERTEX
8
L7
10
34.32614229466479
20
-53.30610002978073
0
VERTEX
8
L7
10
34.32069188990279
20
-53.29794292260508
0
VERTEX
8
L7
10
34.31422339796994
20
-53.29056702119174
0
VERTEX
8
L7
10
34.306847496556614
20
-53.28409852925889
0
VERTEX
8
L7
10
34.29869038938095
20
-53.2786481244969
0
VERTEX
8
L7
10
34.28989164680833
20
-53.274309064842384
0
VERTEX
8
L7
10
34.28060181776364
20
-53.27115559280905
0
VERTEX
8
L7
10
34.27097985379747
20
-53.269241665177695
0
VERTEX
8
L7
10
34.26119038938096
20
-53.268600029780735
0
SEQEND
0
POLYLINE
8
L7
66
1
70
1
0
VERTEX
8
L7
10
33.95209580838325
20
-53.577694610778444
0
VERTEX
8
L7
10
33.942306343966735
20
-53.57833624617541
0
VERTEX
8
L7
10
33.93268438000054
20
-53.58025017380677
0
VERTEX
8
L7
10
33.92339455095585
20
-53.5834036458401
0
VERTEX
8
L7
10
33.914595808383254
20
-53.58774270549461
0
VERTEX
8
L7
10
33.90643870120759
20
-53.5931931102566
0
VERTEX
8
L7
10
33.89906279979424
20
-53.59966160218946
0
VERTEX
8
L7
10
33.89259430786139
20
-53.60703750360279
0
VERTEX
8
L7
10
33.887143903099414
20
-53.615194610778445
0
VERTEX
8
L7
10
33.8828048434449
20
-53.62399335335106
0
VERTEX
8
L7
10
33.879651371411555
20
-53.63328318239576
0
VERTEX
8
L7
10
33.87773744378019
20
-53.64290514636194
0
VERTEX
8
L7
10
33.87709580838323
20
-53.65269461077845
0
VERTEX
8
L7
10
33.87773744378019
20
-53.662484075194946
0
VERTEX
8
L7
10
33.879651371411555
20
-53.672106039161136
0
VERTEX
8
L7
10
33.8828048434449
20
-53.681395868205826
0
VERTEX
8
L7
10
33.887143903099414
20
-53.69019461077845
0
VERTEX
8
L7
10
33.89259430786139
20
-53.6983517179541
0
VERTEX
8
L7
10
33.89906279979424
20
-53.70572761936744
0
VERTEX
8
L7
10
33.90643870120759
20
-53.71219611130029
0
VERTEX
8
L7
10
33.914595808383254
20
-53.71764651606228
0
VERTEX
8
L7
10
33.92339455095585
20
-53.72198557571679
0
VERTEX
8
L7
10
33.93268438000054
20
-53.725139047750126
0
VERTEX
8
L7
10
33.942306343966735
20
-53.72705297538148
0
VERTEX
8
L7
10
33.95209580838325
20
-53.72769461077844
0
VERTEX
8
L7
10
33.961885272799734
20
-53.72705297538148
0
VERTEX
8
L7
10
33.97150723676593
20
-53.725139047750126
0
VERTEX
8
L7
10
33.98079706581062
20
-53.72198557571679
0
VERTEX
8
L7
10
33.98959580838324
20
-53.71764651606228
0
VERTEX
8
L7
10
33.997752915558905
20
-53.71219611130029
0
VERTEX
8
L7
10
34.00512881697223
20
-53.70572761936744
0
VERTEX
8
L7
10
34.01159730890508
20
-53.6983517179541
0
VERTEX
8
L7
10
34.01704771366708
20
-53.69019461077845
0
VERTEX
8
L7
10
34.021386773321595
20
-53.681395868205826
0
VERTEX
8
L7
10
34.02454024535491
20
-53.672106039161136
0
VERTEX
8
L7
10
34.02645417298628
20
-53.662484075194946
0
VERTEX
8
L7
10
34.02709580838324
20
-53.65269461077845
0
VERTEX
8
L7
10
34.02645417298628
20
-53.64290514636194
0
VERTEX
8
L7
10
34.02454024535491
20
-53.63328318239576
0
VERTEX
8
L7
10
34.021386773321595
20
-53.62399335335106
0
VERTEX
8
L7
10
34.01704771366708
20
-53.615194610778445
0
VERTEX
8
L7
10
34.01159730890508
20
-53.60703750360279
0
VERTEX
8
L7
10
34.00512881697223
20
-53.59966160218946
0
VERTEX
8
L7
10
33.997752915558905
20
-53.5931931102566
0
VERTEX
8
L7
10
33.98959580838324
20
-53.58774270549461
0
VERTEX
8
L7
10
33.98079706581062
20
-53.5834036458401
0
VERTEX
8
L7
10
33.97150723676593
20
-53.58025017380677
0
VERTEX
8
L7
10
33.961885272799734
20
-53.57833624617541
0
VERTEX
8
L7
10
33.95209580838325
20
-53.577694610778444
0
SEQEND
0
POLYLINE
8
L7
66
1
70
1
0
VERTEX
8
L7
10
37.72455089820359
20
-56.69146706586827
0
VERTEX
8
L7
10
37.7147614337871
20
-56.69210870126523
0
VERTEX
8
L7
10
37.70513946982091
20
-56.69402262889658
0
VERTEX
8
L7
10
37.69584964077622
20
-56.697176100929916
0
VERTEX
8
L7
10
37.687050898203594
20
-56.701515160584435
0
VERTEX
8
L7
10
37.67889379102793
20
-56.70696556534642
0
VERTEX
8
L7
10
37.671517889614606
20
-56.71343405727927
0
VERTEX
8
L7
10
37.665049397681756
20
-56.72080995869261
0
VERTEX
8
L7
10
37.659598992919754
20
-56.72896706586827
0
VERTEX
8
L7
10
37.65525993326524
20
-56.737765808440884
0
VERTEX
8
L7
10
37.652106461231924
20
-56.74705563748557
0
VERTEX
8
L7
10
37.65019253360056
20
-56.75667760145176
0
VERTEX
8
L7
10
37.6495508982036
20
-56.76646706586826
0
VERTEX
8
L7
10
37.65019253360056
20
-56.77625653028477
0
VERTEX
8
L7
10
37.652106461231924
20
-56.78587849425095
0
VERTEX
8
L7
10
37.65525993326524
20
-56.79516832329565
0
VERTEX
8
L7
10
37.659598992919754
20
-56.803967065868264
0
VERTEX
8
L7
10
37.665049397681756
20
-56.81212417304392
0
VERTEX
8
L7
10
37.671517889614606
20
-56.81950007445725
0
VERTEX
8
L7
10
37.67889379102793
20
-56.82596856639011
0
VERTEX
8
L7
10
37.687050898203594
20
-56.8314189711521
0
VERTEX
8
L7
10
37.69584964077622
20
-56.83575803080661
0
VERTEX
8
L7
10
37.70513946982091
20
-56.83891150283994
0
VERTEX
8
L7
10
37.7147614337871
20
-56.8408254304713
0
VERTEX
8
L7
10
37.72455089820359
20
-56.841467065868265
0
VERTEX
8
L7
10
37.7343403626201
20
-56.8408254304713
0
VERTEX
8
L7
10
37.7439623265863
20
-56.83891150283995
0
VERTEX
8
L7
10
37.75325215563099
20
-56.83575803080661
0
VERTEX
8
L7
10
37.76205089820358
20
-56.8314189711521
0
VERTEX
8
L7
10
37.770208005379246
20
-56.82596856639011
0
VERTEX
8
L7
10
37.7775839067926
20
-56.81950007445725
0
VERTEX
8
L7
10
37.78405239872545
20
-56.81212417304392
0
VERTEX
8
L7
10
37.78950280348742
20
-56.803967065868264
0
VERTEX
8
L7
10
37.793841863141935
20
-56.79516832329565
0
VERTEX
8
L7
10
37.79699533517528
20
-56.78587849425095
0
VERTEX
8
L7
10
37.798909262806646
20
-56.77625653028477
0
VERTEX
8
L7
10
37.799550898203606
20
-56.76646706586826
0
VERTEX
8
L7
10
37.798909262806646
20
-56.75667760145176
0
VERTEX
8
L7
10
37.79699533517528
20
-56.74705563748557
0
VERTEX
8
L7
10
37.793841863141935
20
-56.737765808440884
0
VERTEX
8
L7
10
37.78950280348742
20
-56.72896706586827
0
VERTEX
8
L7
10
37.78405239872545
20
-56.72080995869261
0
VERTEX
8
L7
10
37.7775839067926
20
-56.71343405727927
0
VERTEX
8
L7
10
37.770208005379246
20
-56.70696556534642
0
VERTEX
8
L7
10
37.76205089820361
20
-56.701515160584435
0
VERTEX
8
L7
10
37.75325215563099
20
-56.697176100929916
0
VERTEX
8
L7
10
37.7439623265863
20
-56.69402262889658
0
VERTEX
8
L7
10
37.7343403626201
20
-56.69210870126523
0
VERTEX
8
L7
10
37.72455089820359
20
-56.69146706586827
0
SEQEND
0
POLYLINE
8
L7
66
1
70
1
0
VERTEX
8
L7
10
37.72455089820359
20
-55.73338323353293
0
VERTEX
8
L7
10
37.7147614337871
20
-55.7340248689299
0
VERTEX
8
L7
10
37.70513946982091
20
-55.73593879656126
0
VERTEX
8
L7
10
37.69584964077622
20
-55.73909226859459
0
VERTEX
8
L7
10
37.687050898203594
20
-55.7434313282491
0
VERTEX
8
L7
10
37.67889379102793
20
-55.74888173301109
0
VERTEX
8
L7
10
37.671517889614606
20
-55.755350224943946
0
VERTEX
8
L7
10
37.665049397681756
20
-55.76272612635728
0
VERTEX
8
L7
10
37.659598992919754
20
-55.770883233532935
0
VERTEX
8
L7
10
37.65525993326524
20
-55.77968197610555
0
VERTEX
8
L7
10
37.652106461231924
20
-55.78897180515025
0
VERTEX
8
L7
10
37.65019253360056
20
-55.79859376911643
0
VERTEX
8
L7
10
37.6495508982036
20
-55.808383233532936
0
VERTEX
8
L7
10
37.65019253360056
20
-55.818172697949436
0
VERTEX
8
L7
10
37.652106461231924
20
-55.827794661915625
0
VERTEX
8
L7
10
37.65525993326524
20
-55.837084490960315
0
VERTEX
8
L7
10
37.659598992919754
20
-55.84588323353294
0
VERTEX
8
L7
10
37.665049397681756
20
-55.854040340708586
0
VERTEX
8
L7
10
37.671517889614606
20
-55.861416242121926
0
VERTEX
8
L7
10
37.67889379102793
20
-55.867884734054776
0
VERTEX
8
L7
10
37.687050898203594
20
-55.87333513881677
0
VERTEX
8
L7
10
37.69584964077622
20
-55.87767419847128
0
VERTEX
8
L7
10
37.70513946982091
20
-55.880827670504615
0
VERTEX
8
L7
10
37.7147614337871
20
-55.88274159813597
0
VERTEX
8
L7
10
37.72455089820359
20
-55.88338323353293
0
VERTEX
8
L7
10
37.7343403626201
20
-55.88274159813597
0
VERTEX
8
L7
10
37.7439623265863
20
-55.880827670504615
0
VERTEX
8
L7
10
37.75325215563099
20
-55.87767419847128
0
VERTEX
8
L7
10
37.76205089820358
20
-55.87333513881677
0
VERTEX
8
L7
10
37.770208005379246
20
-55.867884734054776
0
VERTEX
8
L7
10
37.7775839067926
20
-55.861416242121926
0
VERTEX
8
L7
10
37.78405239872545
20
-55.854040340708586
0
VERTEX
8
L7
10
37.78950280348742
20
-55.84588323353294
0
VERTEX
8
L7
10
37.793841863141935
20
-55.837084490960315
0
VERTEX
8
L7
10
37.79699533517528
20
-55.827794661915625
0
VERTEX
8
L7
10
37.798909262806646
20
-55.818172697949436
0
VERTEX
8
L7
10
37.799550898203606
20
-55.808383233532936
0
VERTEX
8
L7
10
37.798909262806646
20
-55.79859376911643
0
VERTEX
8
L7
10
37.79699533517528
20
-55.78897180515025
0
VERTEX
8
L7
10
37.793841863141935
20
-55.77968197610555
0
VERTEX
8
L7
10
37.78950280348742
20
-55.770883233532935
0
VERTEX
8
L7
10
37.78405239872545
20
-55.76272612635728
0
VERTEX
8
L7
10
37.7775839067926
20
-55.755350224943946
0
VERTEX
8
L7
10
37.770208005379246
20
-55.74888173301109
0
VERTEX
8
L7
10
37.76205089820361
20
-55.7434313282491
0
VERTEX
8
L7
10
37.75325215563099
20
-55.73909226859459
0
VERTEX
8
L7
10
37.7439623265863
20
-55.73593879656126
0
VERTEX
8
L7
10
37.7343403626201
20
-55.7340248689299
0
VERTEX
8
L7
10
37.72455089820359
20
-55.73338323353293
0
SEQEND
0
POLYLINE
8
L7
66
1
70
1
0
VERTEX
8
L7
10
41.49700598802396
20
-53.577694610778444
0
VERTEX
8
L7
10
41.487216523607444
20
-53.57833624617541
0
VERTEX
8
L7
10
41.477594559641275
20
-53.58025017380677
0
VERTEX
8
L7
10
41.46830473059656
20
-53.5834036458401
0
VERTEX
8
L7
10
41.45950598802396
20
-53.58774270549461
0
VERTEX
8
L7
10
41.4513488808483
20
-53.5931931102566
0
VERTEX
8
L7
10
41.443972979434974
20
-53.59966160218946
0
VERTEX
8
L7
10
41.437504487502096
20
-53.60703750360279
0
VERTEX
8
L7
10
41.43205408274012
20
-53.615194610778445
0
VERTEX
8
L7
10
41.42771502308561
20
-53.62399335335106
0
VERTEX
8
L7
10
41.424561551052264
20
-53.63328318239576
0
VERTEX
8
L7
10
41.42264762342093
20
-53.64290514636194
0
VERTEX
8
L7
10
41.42200598802394
20
-53.65269461077845
0
VERTEX
8
L7
10
41.42264762342093
20
-53.662484075194946
0
VERTEX
8
L7
10
41.424561551052264
20
-53.672106039161136
0
VERTEX
8
L7
10
41.42771502308561
20
-53.681395868205826
0
VERTEX
8
L7
10
41.43205408274012
20
-53.69019461077845
0
VERTEX
8
L7
10
41.437504487502096
20
-53.6983517179541
0
VERTEX
8
L7
10
41.443972979434974
20
-53.70572761936744
0
VERTEX
8
L7
10
41.4513488808483
20
-53.71219611130029
0
VERTEX
8
L7
10
41.45950598802396
20
-53.71764651606228
0
VERTEX
8
L7
10
41.46830473059656
20
-53.72198557571679
0
VERTEX
8
L7
10
41.477594559641275
20
-53.725139047750126
0
VERTEX
8
L7
10
41.487216523607444
20
-53.72705297538148
0
VERTEX
8
L7
10
41.49700598802396
20
-53.72769461077844
0
VERTEX
8
L7
10
41.50679545244044
20
-53.72705297538148
0
VERTEX
8
L7
10
41.51641741640664
20
-53.725139047750126
0
VERTEX
8
L7
10
41.52570724545133
20
-53.72198557571679
0
VERTEX
8
L7
10
41.53450598802395
20
-53.71764651606228
0
VERTEX
8
L7
10
41.542663095199615
20
-53.71219611130029
0
VERTEX
8
L7
10
41.55003899661294
20
-53.70572761936744
0
VERTEX
8
L7
10
41.55650748854579
20
-53.6983517179541
0
VERTEX
8
L7
10
41.56195789330779
20
-53.69019461077845
0
VERTEX
8
L7
10
41.566296952962304
20
-53.681395868205826
0
VERTEX
8
L7
10
41.56945042499562
20
-53.672106039161136
0
VERTEX
8
L7
10
41.571364352626986
20
-53.662484075194946
0
VERTEX
8
L7
10
41.572005988023946
20
-53.65269461077845
0
VERTEX
8
L7
10
41.571364352626986
20
-53.64290514636194
0
VERTEX
8
L7
10
41.56945042499562
20
-53.63328318239576
0
VERTEX
8
L7
10
41.566296952962304
20
-53.62399335335106
0
VERTEX
8
L7
10
41.56195789330779
20
-53.615194610778445
0
VERTEX
8
L7
10
41.55650748854579
20
-53.60703750360279
0
VERTEX
8
L7
10
41.55003899661294
20
-53.59966160218946
0
VERTEX
8
L7
10
41.542663095199615
20
-53.5931931102566
0
VERTEX
8
L7
10
41.53450598802395
20
-53.58774270549461
0
VERTEX
8
L7
10
41.52570724545133
20
-53.5834036458401
0
VERTEX
8
L7
10
41.51641741640664
20
-53.58025017380677
0
VERTEX
8
L7
10
41.50679545244044
20
-53.57833624617541
0
VERTEX
8
L7
10
41.49700598802396
20
-53.577694610778444
0
SEQEND
0
POLYLINE
8
L7
66
1
70
1
0
VERTEX
8
L7
10
37.72455089820359
20
-54.77529940119761
0
VERTEX
8
L7
10
37.7147614337871
20
-54.775941036594574
0
VERTEX
8
L7
10
37.70513946982091
20
-54.777854964225924
0
VERTEX
8
L7
10
37.69584964077622
20
-54.78100843625926
0
VERTEX
8
L7
10
37.687050898203594
20
-54.785347495913776
0
VERTEX
8
L7
10
37.67889379102793
20
-54.79079790067576
0
VERTEX
8
L7
10
37.671517889614606
20
-54.79726639260861
0
VERTEX
8
L7
10
37.665049397681756
20
-54.80464229402195
0
VERTEX
8
L7
10
37.659598992919754
20
-54.81279940119761
0
VERTEX
8
L7
10
37.65525993326524
20
-54.821598143770224
0
VERTEX
8
L7
10
37.652106461231924
20
-54.83088797281492
0
VERTEX
8
L7
10
37.65019253360056
20
-54.8405099367811
0
VERTEX
8
L7
10
37.6495508982036
20
-54.85029940119761
0
VERTEX
8
L7
10
37.65019253360056
20
-54.86008886561411
0
VERTEX
8
L7
10
37.652106461231924
20
-54.8697108295803
0
VERTEX
8
L7
10
37.65525993326524
20
-54.87900065862499
0
VERTEX
8
L7
10
37.659598992919754
20
-54.887799401197604
0
VERTEX
8
L7
10
37.665049397681756
20
-54.89595650837326
0
VERTEX
8
L7
10
37.671517889614606
20
-54.9033324097866
0
VERTEX
8
L7
10
37.67889379102793
20
-54.90980090171945
0
VERTEX
8
L7
10
37.687050898203594
20
-54.91525130648144
0
VERTEX
8
L7
10
37.69584964077622
20
-54.91959036613596
0
VERTEX
8
L7
10
37.70513946982091
20
-54.92274383816929
0
VERTEX
8
L7
10
37.7147614337871
20
-54.924657765800646
0
VERTEX
8
L7
10
37.72455089820359
20
-54.925299401197606
0
VERTEX
8
L7
10
37.7343403626201
20
-54.924657765800646
0
VERTEX
8
L7
10
37.7439623265863
20
-54.92274383816929
0
VERTEX
8
L7
10
37.75325215563099
20
-54.91959036613596
0
VERTEX
8
L7
10
37.76205089820358
20
-54.91525130648144
0
VERTEX
8
L7
10
37.770208005379246
20
-54.90980090171945
0
VERTEX
8
L7
10
37.7775839067926
20
-54.9033324097866
0
VERTEX
8
L7
10
37.78405239872545
20
-54.89595650837326
0
VERTEX
8
L7
10
37.78950280348742
20
-54.887799401197604
0
VERTEX
8
L7
10
37.793841863141935
20
-54.87900065862499
0
VERTEX
8
L7
10
37.79699533517528
20
-54.8697108295803
0
VERTEX
8
L7
10
37.798909262806646
20
-54.86008886561411
0
VERTEX
8
L7
10
37.799550898203606
20
-54.85029940119761
0
VERTEX
8
L7
10
37.798909262806646
20
-54.8405099367811
0
VERTEX
8
L7
10
37.79699533517528
20
-54.83088797281492
0
VERTEX
8
L7
10
37.793841863141935
20
-54.821598143770224
0
VERTEX
8
L7
10
37.78950280348742
20
-54.81279940119761
0
VERTEX
8
L7
10
37.78405239872545
20
-54.80464229402195
0
VERTEX
8
L7
10
37.7775839067926
20
-54.79726639260861
0
VERTEX
8
L7
10
37.770208005379246
20
-54.79079790067576
0
VERTEX
8
L7
10
37.76205089820361
20
-54.785347495913776
0
VERTEX
8
L7
10
37.75325215563099
20
-54.78100843625926
0
VERTEX
8
L7
10
37.7439623265863
20
-54.777854964225924
0
VERTEX
8
L7
10
37.7343403626201
20
-54.775941036594574
0
VERTEX
8
L7
10
37.72455089820359
20
-54.77529940119761
0
SEQEND
0
POLYLINE
8
L7
66
1
70
1
0
VERTEX
8
L7
10
41.18791140702625
20
-53.268600029780735
0
VERTEX
8
L7
10
41.178121942609735
20
-53.269241665177695
0
VERTEX
8
L7
10
41.16849997864354
20
-53.27115559280905
0
VERTEX
8
L7
10
41.15921014959885
20
-53.274309064842384
0
VERTEX
8
L7
10
41.150411407026255
20
-53.2786481244969
0
VERTEX
8
L7
10
41.14225429985059
20
-53.28409852925889
0
VERTEX
8
L7
10
41.13487839843724
20
-53.29056702119174
0
VERTEX
8
L7
10
41.12840990650439
20
-53.29794292260508
0
VERTEX
8
L7
10
41.122959501742415
20
-53.30610002978073
0
VERTEX
8
L7
10
41.1186204420879
20
-53.31489877235335
0
VERTEX
8
L7
10
41.115466970054555
20
-53.32418860139804
0
VERTEX
8
L7
10
41.11355304242319
20
-53.33381056536423
0
VERTEX
8
L7
10
41.11291140702623
20
-53.34360002978073
0
VERTEX
8
L7
10
41.11355304242319
20
-53.35338949419724
0
VERTEX
8
L7
10
41.115466970054555
20
-53.36301145816342
0
VERTEX
8
L7
10
41.1186204420879
20
-53.37230128720812
0
VERTEX
8
L7
10
41.122959501742415
20
-53.38110002978073
0
VERTEX
8
L7
10
41.12840990650439
20
-53.38925713695639
0
VERTEX
8
L7
10
41.13487839843724
20
-53.39663303836972
0
VERTEX
8
L7
10
41.14225429985059
20
-53.40310153030258
0
VERTEX
8
L7
10
41.150411407026255
20
-53.408551935064565
0
VERTEX
8
L7
10
41.15921014959885
20
-53.41289099471908
0
VERTEX
8
L7
10
41.16849997864354
20
-53.41604446675241
0
VERTEX
8
L7
10
41.178121942609735
20
-53.41795839438377
0
VERTEX
8
L7
10
41.18791140702625
20
-53.418600029780734
0
VERTEX
8
L7
10
41.197700871442734
20
-53.41795839438377
0
VERTEX
8
L7
10
41.20732283540893
20
-53.41604446675241
0
VERTEX
8
L7
10
41.21661266445362
20
-53.41289099471908
0
VERTEX
8
L7
10
41.22541140702624
20
-53.408551935064565
0
VERTEX
8
L7
10
41.233568514201906
20
-53.40310153030258
0
VERTEX
8
L7
10
41.24094441561523
20
-53.39663303836972
0
VERTEX
8
L7
10
41.24741290754808
20
-53.38925713695639
0
VERTEX
8
L7
10
41.25286331231008
20
-53.38110002978073
0
VERTEX
8
L7
10
41.257202371964595
20
-53.37230128720812
0
VERTEX
8
L7
10
41.260355843997914
20
-53.36301145816342
0
VERTEX
8
L7
10
41.26226977162928
20
-53.35338949419724
0
VERTEX
8
L7
10
41.26291140702624
20
-53.34360002978073
0
VERTEX
8
L7
10
41.26226977162928
20
-53.33381056536423
0
VERTEX
8
L7
10
41.260355843997914
20
-53.32418860139804
0
VERTEX
8
L7
10
41.257202371964595
20
-53.31489877235335
0
VERTEX
8
L7
10
41.25286331231008
20
-53.30610002978073
0
VERTEX
8
L7
10
41.24741290754808
20
-53.29794292260508
0
VERTEX
8
L7
10
41.24094441561523
20
-53.29056702119174
0
VERTEX
8
L7
10
41.233568514201906
20
-53.28409852925889
0
VERTEX
8
L7
10
41.22541140702624
20
-53.2786481244969
0
VERTEX
8
L7
10
41.21661266445362
20
-53.274309064842384
0
VERTEX
8
L7
10
41.20732283540893
20
-53.27115559280905
0
VERTEX
8
L7
10
41.197700871442734
20
-53.269241665177695
0
VERTEX
8
L7
10
41.18791140702625
20
-53.268600029780735
0
SEQEND
0
POLYLINE
8
L7
66
1
70
1
0
VERTEX
8
L7
10
37.72455089820359
20
-53.81721556886228
0
VERTEX
8
L7
10
37.7147614337871
20
-53.81785720425924
0
VERTEX
8
L7
10
37.70513946982091
20
-53.8197711318906
0
VERTEX
8
L7
10
37.69584964077622
20
-53.82292460392393
0
VERTEX
8
L7
10
37.687050898203594
20
-53.82726366357844
0
VERTEX
8
L7
10
37.67889379102793
20
-53.83271406834044
0
VERTEX
8
L7
10
37.671517889614606
20
-53.83918256027329
0
VERTEX
8
L7
10
37.665049397681756
20
-53.84655846168663
0
VERTEX
8
L7
10
37.659598992919754
20
-53.854715568862275
0
VERTEX
8
L7
10
37.65525993326524
20
-53.8635143114349
0
VERTEX
8
L7
10
37.652106461231924
20
-53.87280414047959
0
VERTEX
8
L7
10
37.65019253360056
20
-53.88242610444578
0
VERTEX
8
L7
10
37.6495508982036
20
-53.89221556886228
0
VERTEX
8
L7
10
37.65019253360056
20
-53.90200503327878
0
VERTEX
8
L7
10
37.652106461231924
20
-53.911626997244966
0
VERTEX
8
L7
10
37.65525993326524
20
-53.92091682628966
0
VERTEX
8
L7
10
37.659598992919754
20
-53.92971556886228
0
VERTEX
8
L7
10
37.665049397681756
20
-53.937872676037934
0
VERTEX
8
L7
10
37.671517889614606
20
-53.94524857745127
0
VERTEX
8
L7
10
37.67889379102793
20
-53.95171706938412
0
VERTEX
8
L7
10
37.687050898203594
20
-53.95716747414611
0
VERTEX
8
L7
10
37.69584964077622
20
-53.96150653380062
0
VERTEX
8
L7
10
37.70513946982091
20
-53.964660005833956
0
VERTEX
8
L7
10
37.7147614337871
20
-53.96657393346531
0
VERTEX
8
L7
10
37.72455089820359
20
-53.96721556886228
0
VERTEX
8
L7
10
37.7343403626201
20
-53.96657393346531
0
VERTEX
8
L7
10
37.7439623265863
20
-53.964660005833956
0
VERTEX
8
L7
10
37.75325215563099
20
-53.96150653380062
0
VERTEX
8
L7
10
37.76205089820358
20
-53.95716747414611
0
VERTEX
8
L7
10
37.770208005379246
20
-53.95171706938412
0
VERTEX
8
L7
10
37.7775839067926
20
-53.94524857745127
0
VERTEX
8
L7
10
37.78405239872545
20
-53.937872676037934
0
VERTEX
8
L7
10
37.78950280348742
20
-53.92971556886228
0
VERTEX
8
L7
10
37.793841863141935
20
-53.92091682628966
0
VERTEX
8
L7
10
37.79699533517528
20
-53.911626997244966
0
VERTEX
8
L7
10
37.798909262806646
20
-53.90200503327878
0
VERTEX
8
L7
10
37.799550898203606
20
-53.89221556886228
0
VERTEX
8
L7
10
37.798909262806646
20
-53.88242610444578
0
VERTEX
8
L7
10
37.79699533517528
20
-53.87280414047959
0
VERTEX
8
L7
10
37.793841863141935
20
-53.8635143114349
0
VERTEX
8
L7
10
37.78950280348742
20
-53.854715568862275
0
VERTEX
8
L7
10
37.78405239872545
20
-53.84655846168663
0
VERTEX
8
L7
10
37.7775839067926
20
-53.83918256027329
0
VERTEX
8
L7
10
37.770208005379246
20
-53.83271406834044
0
VERTEX
8
L7
10
37.76205089820361
20
-53.82726366357844
0
VERTEX
8
L7
10
37.75325215563099
20
-53.82292460392393
0
VERTEX
8
L7
10
37.7439623265863
20
-53.8197711318906
0
VERTEX
8
L7
10
37.7343403626201
20
-53.81785720425924
0
VERTEX
8
L7
10
37.72455089820359
20
-53.81721556886228
0
SEQEND
0
POLYLINE
8
L7
66
1
70
1
0
VERTEX
8
L7
10
41.85628742514969
20
-55.61362275449102
0
VERTEX
8
L7
10
41.8464979607332
20
-55.614264389887985
0
VERTEX
8
L7
10
41.836875996767006
20
-55.61617831751934
0
VERTEX
8
L7
10
41.827586167722316
20
-55.619331789552675
0
VERTEX
8
L7
10
41.818787425149694
20
-55.62367084920719
0
VERTEX
8
L7
10
41.81063031797406
20
-55.629121253969174
0
VERTEX
8
L7
10
41.803254416560705
20
-55.63558974590203
0
VERTEX
8
L7
10
41.796785924627855
20
-55.642965647315364
0
VERTEX
8
L7
10
41.79133551986588
20
-55.65112275449102
0
VERTEX
8
L7
10
41.78699646021134
20
-55.659921497063635
0
VERTEX
8
L7
10
41.78384298817802
20
-55.66921132610833
0
VERTEX
8
L7
10
41.78192906054666
20
-55.678833290074515
0
VERTEX
8
L7
10
41.7812874251497
20
-55.68862275449102
0
VERTEX
8
L7
10
41.78192906054666
20
-55.69841221890752
0
VERTEX
8
L7
10
41.78384298817802
20
-55.70803418287371
0
VERTEX
8
L7
10
41.78699646021134
20
-55.7173240119184
0
VERTEX
8
L7
10
41.79133551986588
20
-55.72612275449102
0
VERTEX
8
L7
10
41.796785924627855
20
-55.73427986166667
0
VERTEX
8
L7
10
41.803254416560705
20
-55.74165576308001
0
VERTEX
8
L7
10
41.81063031797406
20
-55.74812425501286
0
VERTEX
8
L7
10
41.818787425149694
20
-55.753574659774856
0
VERTEX
8
L7
10
41.827586167722316
20
-55.75791371942937
0
VERTEX
8
L7
10
41.836875996767006
20
-55.7610671914627
0
VERTEX
8
L7
10
41.8464979607332
20
-55.76298111909406
0
VERTEX
8
L7
10
41.85628742514969
20
-55.76362275449102
0
VERTEX
8
L7
10
41.8660768895662
20
-55.76298111909406
0
VERTEX
8
L7
10
41.8756988535324
20
-55.7610671914627
0
VERTEX
8
L7
10
41.88498868257709
20
-55.75791371942937
0
VERTEX
8
L7
10
41.89378742514971
20
-55.753574659774856
0
VERTEX
8
L7
10
41.901944532325345
20
-55.74812425501286
0
VERTEX
8
L7
10
41.9093204337387
20
-55.74165576308001
0
VERTEX
8
L7
10
41.91578892567155
20
-55.73427986166667
0
VERTEX
8
L7
10
41.92123933043352
20
-55.72612275449102
0
VERTEX
8
L7
10
41.925578390088035
20
-55.7173240119184
0
VERTEX
8
L7
10
41.92873186212138
20
-55.70803418287371
0
VERTEX
8
L7
10
41.930645789752745
20
-55.69841221890752
0
VERTEX
8
L7
10
41.931287425149705
20
-55.68862275449102
0
VERTEX
8
L7
10
41.930645789752745
20
-55.678833290074515
0
VERTEX
8
L7
10
41.92873186212138
20
-55.66921132610833
0
VERTEX
8
L7
10
41.925578390088035
20
-55.659921497063635
0
VERTEX
8
L7
10
41.92123933043352
20
-55.65112275449102
0
VERTEX
8
L7
10
41.91578892567155
20
-55.642965647315364
0
VERTEX
8
L7
10
41.9093204337387
20
-55.63558974590203
0
VERTEX
8
L7
10
41.901944532325345
20
-55.629121253969174
0
VERTEX
8
L7
10
41.89378742514971
20
-55.62367084920719
0
VERTEX
8
L7
10
41.88498868257709
20
-55.619331789552675
0
VERTEX
8
L7
10
41.8756988535324
20
-55.61617831751934
0
VERTEX
8
L7
10
41.8660768895662
20
-55.614264389887985
0
VERTEX
8
L7
10
41.85628742514969
20
-55.61362275449102
0
SEQEND
0
POLYLINE
8
L7
66
1
70
1
0
VERTEX
8
L7
10
37.72455089820359
20
-53.338173652694614
0
VERTEX
8
L7
10
37.7147614337871
20
-53.338815288091574
0
VERTEX
8
L7
10
37.70513946982091
20
-53.34072921572293
0
VERTEX
8
L7
10
37.69584964077622
20
-53.34388268775626
0
VERTEX
8
L7
10
37.687050898203594
20
-53.34822174741078
0
VERTEX
8
L7
10
37.67889379102793
20
-53.35367215217277
0
VERTEX
8
L7
10
37.671517889614606
20
-53.36014064410562
0
VERTEX
8
L7
10
37.665049397681756
20
-53.36751654551896
0
VERTEX
8
L7
10
37.659598992919754
20
-53.375673652694616
0
VERTEX
8
L7
10
37.65525993326524
20
-53.38447239526723
0
VERTEX
8
L7
10
37.652106461231924
20
-53.39376222431192
0
VERTEX
8
L7
10
37.65019253360056
20
-53.40338418827811
0
VERTEX
8
L7
10
37.6495508982036
20
-53.41317365269461
0
VERTEX
8
L7
10
37.65019253360056
20
-53.42296311711112
0
VERTEX
8
L7
10
37.652106461231924
20
-53.4325850810773
0
VERTEX
8
L7
10
37.65525993326524
20
-53.441874910121996
0
VERTEX
8
L7
10
37.659598992919754
20
-53.45067365269461
0
VERTEX
8
L7
10
37.665049397681756
20
-53.45883075987027
0
VERTEX
8
L7
10
37.671517889614606
20
-53.46620666128361
0
VERTEX
8
L7
10
37.67889379102793
20
-53.47267515321646
0
VERTEX
8
L7
10
37.687050898203594
20
-53.478125557978444
0
VERTEX
8
L7
10
37.69584964077622
20
-53.48246461763296
0
VERTEX
8
L7
10
37.70513946982091
20
-53.485618089666296
0
VERTEX
8
L7
10
37.7147614337871
20
-53.487532017297646
0
VERTEX
8
L7
10
37.72455089820359
20
-53.48817365269461
0
VERTEX
8
L7
10
37.7343403626201
20
-53.487532017297646
0
VERTEX
8
L7
10
37.7439623265863
20
-53.485618089666296
0
VERTEX
8
L7
10
37.75325215563099
20
-53.48246461763296
0
VERTEX
8
L7
10
37.76205089820358
20
-53.478125557978444
0
VERTEX
8
L7
10
37.770208005379246
20
-53.47267515321646
0
VERTEX
8
L7
10
37.7775839067926
20
-53.46620666128361
0
VERTEX
8
L7
10
37.78405239872545
20
-53.45883075987027
0
VERTEX
8
L7
10
37.78950280348742
20
-53.45067365269461
0
VERTEX
8
L7
10
37.793841863141935
20
-53.441874910121996
0
VERTEX
8
L7
10
37.79699533517528
20
-53.4325850810773
0
VERTEX
8
L7
10
37.798909262806646
20
-53.42296311711112
0
VERTEX
8
L7
10
37.799550898203606
20
-53.41317365269461
0
VERTEX
8
L7
10
37.798909262806646
20
-53.40338418827811
0
VERTEX
8
L7
10
37.79699533517528
20
-53.39376222431192
0
VERTEX
8
L7
10
37.793841863141935
20
-53.38447239526723
0
VERTEX
8
L7
10
37.78950280348742
20
-53.375673652694616
0
VERTEX
8
L7
10
37.78405239872545
20
-53.36751654551896
0
VERTEX
8
L7
10
37.7775839067926
20
-53.36014064410562
0
VERTEX
8
L7
10
37.770208005379246
20
-53.35367215217277
0
VERTEX
8
L7
10
37.76205089820361
20
-53.34822174741078
0
VERTEX
8
L7
10
37.75325215563099
20
-53.34388268775626
0
VERTEX
8
L7
10
37.7439623265863
20
-53.34072921572293
0
VERTEX
8
L7
10
37.7343403626201
20
-53.338815288091574
0
VERTEX
8
L7
10
37.72455089820359
20
-53.338173652694614
0
SEQEND
0
POLYLINE
8
L7
66
1
70
1
0
VERTEX
8
L7
10
41.42586761368797
20
-55.36511976047905
0
VERTEX
8
L7
10
41.416078149271485
20
-55.36576139587601
0
VERTEX
8
L7
10
41.40645618530529
20
-55.36767532350736
0
VERTEX
8
L7
10
41.3971663562606
20
-55.370828795540696
0
VERTEX
8
L7
10
41.388367613687976
20
-55.37516785519521
0
VERTEX
8
L7
10
41.38021050651231
20
-55.3806182599572
0
VERTEX
8
L7
10
41.37283460509899
20
-55.38708675189005
0
VERTEX
8
L7
10
41.36636611316614
20
-55.39446265330339
0
VERTEX
8
L7
10
41.360915708404136
20
-55.40261976047904
0
VERTEX
8
L7
10
41.35657664874962
20
-55.411418503051664
0
VERTEX
8
L7
10
41.353423176716305
20
-55.42070833209635
0
VERTEX
8
L7
10
41.35150924908494
20
-55.43033029606254
0
VERTEX
8
L7
10
41.35086761368798
20
-55.44011976047904
0
VERTEX
8
L7
10
41.35150924908494
20
-55.44990922489555
0
VERTEX
8
L7
10
41.353423176716305
20
-55.45953118886173
0
VERTEX
8
L7
10
41.35657664874962
20
-55.46882101790643
0
VERTEX
8
L7
10
41.360915708404136
20
-55.477619760479044
0
VERTEX
8
L7
10
41.36636611316614
20
-55.4857768676547
0
VERTEX
8
L7
10
41.37283460509899
20
-55.49315276906803
0
VERTEX
8
L7
10
41.38021050651231
20
-55.49962126100089
0
VERTEX
8
L7
10
41.388367613687976
20
-55.50507166576288
0
VERTEX
8
L7
10
41.3971663562606
20
-55.50941072541739
0
VERTEX
8
L7
10
41.40645618530529
20
-55.51256419745072
0
VERTEX
8
L7
10
41.416078149271485
20
-55.51447812508208
0
VERTEX
8
L7
10
41.42586761368797
20
-55.515119760479045
0
VERTEX
8
L7
10
41.435657078104484
20
-55.51447812508208
0
VERTEX
8
L7
10
41.44527904207065
20
-55.51256419745072
0
VERTEX
8
L7
10
41.45456887111537
20
-55.50941072541739
0
VERTEX
8
L7
10
41.463367613687964
20
-55.50507166576288
0
VERTEX
8
L7
10
41.47152472086363
20
-55.49962126100089
0
VERTEX
8
L7
10
41.47890062227695
20
-55.49315276906803
0
VERTEX
8
L7
10
41.48536911420983
20
-55.4857768676547
0
VERTEX
8
L7
10
41.490819518971804
20
-55.477619760479044
0
VERTEX
8
L7
10
41.49515857862632
20
-55.46882101790643
0
VERTEX
8
L7
10
41.49831205065966
20
-55.45953118886173
0
VERTEX
8
L7
10
41.500225978291
20
-55.44990922489555
0
VERTEX
8
L7
10
41.50086761368799
20
-55.44011976047904
0
VERTEX
8
L7
10
41.500225978291
20
-55.43033029606254
0
VERTEX
8
L7
10
41.49831205065966
20
-55.42070833209635
0
VERTEX
8
L7
10
41.49515857862632
20
-55.411418503051664
0
VERTEX
8
L7
10
41.490819518971804
20
-55.40261976047904
0
VERTEX
8
L7
10
41.48536911420983
20
-55.39446265330339
0
VERTEX
8
L7
10
41.47890062227695
20
-55.38708675189005
0
VERTEX
8
L7
10
41.47152472086363
20
-55.3806182599572
0
VERTEX
8
L7
10
41.463367613687964
20
-55.37516785519521
0
VERTEX
8
L7
10
41.45456887111537
20
-55.370828795540696
0
VERTEX
8
L7
10
41.44527904207065
20
-55.36767532350736
0
VERTEX
8
L7
10
41.435657078104484
20
-55.36576139587601
0
VERTEX
8
L7
10
41.42586761368797
20
-55.36511976047905
0
SEQEND
0
POLYLINE
8
L7
66
1
70
1
0
VERTEX
8
L7
10
37.72455089820359
20
-54.29625748502994
0
VERTEX
8
L7
10
37.7147614337871
20
-54.29689912042691
0
VERTEX
8
L7
10
37.70513946982091
20
-54.298813048058264
0
VERTEX
8
L7
10
37.69584964077622
20
-54.3019665200916
0
VERTEX
8
L7
10
37.687050898203594
20
-54.30630557974611
0
VERTEX
8
L7
10
37.67889379102793
20
-54.311755984508096
0
VERTEX
8
L7
10
37.671517889614606
20
-54.31822447644095
0
VERTEX
8
L7
10
37.665049397681756
20
-54.325600377854286
0
VERTEX
8
L7
10
37.659598992919754
20
-54.33375748502994
0
VERTEX
8
L7
10
37.65525993326524
20
-54.34255622760256
0
VERTEX
8
L7
10
37.652106461231924
20
-54.351846056647254
0
VERTEX
8
L7
10
37.65019253360056
20
-54.36146802061344
0
VERTEX
8
L7
10
37.6495508982036
20
-54.37125748502994
0
VERTEX
8
L7
10
37.65019253360056
20
-54.38104694944644
0
VERTEX
8
L7
10
37.652106461231924
20
-54.39066891341263
0
VERTEX
8
L7
10
37.65525993326524
20
-54.39995874245732
0
VERTEX
8
L7
10
37.659598992919754
20
-54.408757485029945
0
VERTEX
8
L7
10
37.665049397681756
20
-54.41691459220559
0
VERTEX
8
L7
10
37.671517889614606
20
-54.42429049361893
0
VERTEX
8
L7
10
37.67889379102793
20
-54.43075898555178
0
VERTEX
8
L7
10
37.687050898203594
20
-54.43620939031378
0
VERTEX
8
L7
10
37.69584964077622
20
-54.44054844996829
0
VERTEX
8
L7
10
37.70513946982091
20
-54.44370192200162
0
VERTEX
8
L7
10
37.7147614337871
20
-54.44561584963298
0
VERTEX
8
L7
10
37.72455089820359
20
-54.44625748502994
0
VERTEX
8
L7
10
37.7343403626201
20
-54.44561584963298
0
VERTEX
8
L7
10
37.7439623265863
20
-54.44370192200162
0
VERTEX
8
L7
10
37.75325215563099
20
-54.44054844996829
0
VERTEX
8
L7
10
37.76205089820358
20
-54.43620939031378
0
VERTEX
8
L7
10
37.770208005379246
20
-54.43075898555178
0
VERTEX
8
L7
10
37.7775839067926
20
-54.42429049361893
0
VERTEX
8
L7
10
37.78405239872545
20
-54.41691459220559
0
VERTEX
8
L7
10
37.78950280348742
20
-54.408757485029945
0
VERTEX
8
L7
10
37.793841863141935
20
-54.39995874245732
0
VERTEX
8
L7
10
37.79699533517528
20
-54.39066891341263
0
VERTEX
8
L7
10
37.798909262806646
20
-54.38104694944644
0
VERTEX
8
L7
10
37.799550898203606
20
-54.37125748502994
0
VERTEX
8
L7
10
37.798909262806646
20
-54.36146802061344
0
VERTEX
8
L7
10
37.79699533517528
20
-54.351846056647254
0
VERTEX
8
L7
10
37.793841863141935
20
-54.34255622760256
0
VERTEX
8
L7
10
37.78950280348742
20
-54.33375748502994
0
VERTEX
8
L7
10
37.78405239872545
20
-54.325600377854286
0
VERTEX
8
L7
10
37.7775839067926
20
-54.31822447644095
0
VERTEX
8
L7
10
37.770208005379246
20
-54.311755984508096
0
VERTEX
8
L7
10
37.76205089820361
20
-54.30630557974611
0
VERTEX
8
L7
10
37.75325215563099
20
-54.3019665200916
0
VERTEX
8
L7
10
37.7439623265863
20
-54.298813048058264
0
VERTEX
8
L7
10
37.7343403626201
20
-54.29689912042691
0
VERTEX
8
L7
10
37.72455089820359
20
-54.29625748502994
0
SEQEND
0
POLYLINE
8
L7
66
1
70
1
0
VERTEX
8
L7
10
37.72455089820359
20
-55.254341317365274
0
VERTEX
8
L7
10
37.7147614337871
20
-55.254982952762234
0
VERTEX
8
L7
10
37.70513946982091
20
-55.25689688039359
0
VERTEX
8
L7
10
37.69584964077622
20
-55.26005035242692
0
VERTEX
8
L7
10
37.687050898203594
20
-55.264389412081435
0
VERTEX
8
L7
10
37.67889379102793
20
-55.26983981684343
0
VERTEX
8
L7
10
37.671517889614606
20
-55.27630830877628
0
VERTEX
8
L7
10
37.665049397681756
20
-55.28368421018962
0
VERTEX
8
L7
10
37.659598992919754
20
-55.29184131736527
0
VERTEX
8
L7
10
37.65525993326524
20
-55.30064005993789
0
VERTEX
8
L7
10
37.652106461231924
20
-55.30992988898258
0
VERTEX
8
L7
10
37.65019253360056
20
-55.31955185294877
0
VERTEX
8
L7
10
37.6495508982036
20
-55.32934131736527
0
VERTEX
8
L7
10
37.65019253360056
20
-55.339130781781776
0
VERTEX
8
L7
10
37.652106461231924
20
-55.34875274574796
0
VERTEX
8
L7
10
37.65525993326524
20
-55.358042574792655
0
VERTEX
8
L7
10
37.659598992919754
20
-55.36684131736527
0
VERTEX
8
L7
10
37.665049397681756
20
-55.37499842454093
0
VERTEX
8
L7
10
37.671517889614606
20
-55.38237432595426
0
VERTEX
8
L7
10
37.67889379102793
20
-55.38884281788712
0
VERTEX
8
L7
10
37.687050898203594
20
-55.394293222649104
0
VERTEX
8
L7
10
37.69584964077622
20
-55.398632282303616
0
VERTEX
8
L7
10
37.70513946982091
20
-55.40178575433695
0
VERTEX
8
L7
10
37.7147614337871
20
-55.403699681968305
0
VERTEX
8
L7
10
37.72455089820359
20
-55.40434131736527
0
VERTEX
8
L7
10
37.7343403626201
20
-55.403699681968305
0
VERTEX
8
L7
10
37.7439623265863
20
-55.40178575433695
0
VERTEX
8
L7
10
37.75325215563099
20
-55.398632282303616
0
VERTEX
8
L7
10
37.76205089820358
20
-55.394293222649104
0
VERTEX
8
L7
10
37.770208005379246
20
-55.38884281788712
0
VERTEX
8
L7
10
37.7775839067926
20
-55.38237432595426
0
VERTEX
8
L7
10
37.78405239872545
20
-55.37499842454093
0
VERTEX
8
L7
10
37.78950280348742
20
-55.36684131736527
0
VERTEX
8
L7
10
37.793841863141935
20
-55.358042574792655
0
VERTEX
8
L7
10
37.79699533517528
20
-55.34875274574796
0
VERTEX
8
L7
10
37.798909262806646
20
-55.339130781781776
0
VERTEX
8
L7
10
37.799550898203606
20
-55.32934131736527
0
VERTEX
8
L7
10
37.798909262806646
20
-55.31955185294877
0
VERTEX
8
L7
10
37.79699533517528
20
-55.30992988898258
0
VERTEX
8
L7
10
37.793841863141935
20
-55.30064005993789
0
VERTEX
8
L7
10
37.78950280348742
20
-55.29184131736527
0
VERTEX
8
L7
10
37.78405239872545
20
-55.28368421018962
0
VERTEX
8
L7
10
37.7775839067926
20
-55.27630830877628
0
VERTEX
8
L7
10
37.770208005379246
20
-55.26983981684343
0
VERTEX
8
L7
10
37.76205089820361
20
-55.264389412081435
0
VERTEX
8
L7
10
37.75325215563099
20
-55.26005035242692
0
VERTEX
8
L7
10
37.7439623265863
20
-55.25689688039359
0
VERTEX
8
L7
10
37.7343403626201
20
-55.254982952762234
0
VERTEX
8
L7
10
37.72455089820359
20
-55.254341317365274
0
SEQEND
0
POLYLINE
8
L7
66
1
70
1
0
VERTEX
8
L7
10
37.72455089820359
20
-56.2124251497006
0
VERTEX
8
L7
10
37.7147614337871
20
-56.21306678509757
0
VERTEX
8
L7
10
37.70513946982091
20
-56.21498071272892
0
VERTEX
8
L7
10
37.69584964077622
20
-56.218134184762256
0
VERTEX
8
L7
10
37.687050898203594
20
-56.22247324441677
0
VERTEX
8
L7
10
37.67889379102793
20
-56.227923649178756
0
VERTEX
8
L7
10
37.671517889614606
20
-56.234392141111606
0
VERTEX
8
L7
10
37.665049397681756
20
-56.241768042524946
0
VERTEX
8
L7
10
37.659598992919754
20
-56.2499251497006
0
VERTEX
8
L7
10
37.65525993326524
20
-56.25872389227322
0
VERTEX
8
L7
10
37.652106461231924
20
-56.268013721317914
0
VERTEX
8
L7
10
37.65019253360056
20
-56.277635685284096
0
VERTEX
8
L7
10
37.6495508982036
20
-56.2874251497006
0
VERTEX
8
L7
10
37.65019253360056
20
-56.2972146141171
0
VERTEX
8
L7
10
37.652106461231924
20
-56.30683657808329
0
VERTEX
8
L7
10
37.65525993326524
20
-56.31612640712798
0
VERTEX
8
L7
10
37.659598992919754
20
-56.3249251497006
0
VERTEX
8
L7
10
37.665049397681756
20
-56.33308225687625
0
VERTEX
8
L7
10
37.671517889614606
20
-56.34045815828959
0
VERTEX
8
L7
10
37.67889379102793
20
-56.34692665022244
0
VERTEX
8
L7
10
37.687050898203594
20
-56.35237705498443
0
VERTEX
8
L7
10
37.69584964077622
20
-56.35671611463895
0
VERTEX
8
L7
10
37.70513946982091
20
-56.35986958667228
0
VERTEX
8
L7
10
37.7147614337871
20
-56.36178351430364
0
VERTEX
8
L7
10
37.72455089820359
20
-56.3624251497006
0
VERTEX
8
L7
10
37.7343403626201
20
-56.36178351430364
0
VERTEX
8
L7
10
37.7439623265863
20
-56.35986958667228
0
VERTEX
8
L7
10
37.75325215563099
20
-56.35671611463895
0
VERTEX
8
L7
10
37.76205089820358
20
-56.35237705498443
0
VERTEX
8
L7
10
37.770208005379246
20
-56.34692665022244
0
VERTEX
8
L7
10
37.7775839067926
20
-56.34045815828959
0
VERTEX
8
L7
10
37.78405239872545
20
-56.33308225687625
0
VERTEX
8
L7
10
37.78950280348742
20
-56.3249251497006
0
VERTEX
8
L7
10
37.793841863141935
20
-56.31612640712798
0
VERTEX
8
L7
10
37.79699533517528
20
-56.30683657808329
0
VERTEX
8
L7
10
37.798909262806646
20
-56.2972146141171
0
VERTEX
8
L7
10
37.799550898203606
20
-56.2874251497006
0
VERTEX
8
L7
10
37.798909262806646
20
-56.277635685284096
0
VERTEX
8
L7
10
37.79699533517528
20
-56.268013721317914
0
VERTEX
8
L7
10
37.793841863141935
20
-56.25872389227322
0
VERTEX
8
L7
10
37.78950280348742
20
-56.2499251497006
0
VERTEX
8
L7
10
37.78405239872545
20
-56.241768042524946
0
VERTEX
8
L7
10
37.7775839067926
20
-56.234392141111606
0
VERTEX
8
L7
10
37.770208005379246
20
-56.227923649178756
0
VERTEX
8
L7
10
37.76205089820361
20
-56.22247324441677
0
VERTEX
8
L7
10
37.75325215563099
20
-56.218134184762256
0
VERTEX
8
L7
10
37.7439623265863
20
-56.21498071272892
0
VERTEX
8
L7
10
37.7343403626201
20
-56.21306678509757
0
VERTEX
8
L7
10
37.72455089820359
20
-56.2124251497006
0
SEQEND
0
POLYLINE
8
L7
66
1
70
1
0
VERTEX
8
L7
10
50.3081522656466
20
-55.985063635767126
0
VERTEX
8
L7
10
50.337187640313445
20
-55.98174434533045
0
VERTEX
8
L7
10
50.36387159605299
20
-55.9698264102267
0
VERTEX
8
L7
10
50.38572135996152
20
-55.95041871875687
0
VERTEX
8
L7
10
50.400703950036174
20
-55.92532703356631
0
VERTEX
8
L7
10
50.40742533126097
20
-55.89688597687923
0
VERTEX
8
L7
10
50.405260121726926
20
-55.86774180870238
0
VERTEX
8
L7
10
50.39440978045364
20
-55.840606209108856
0
VERTEX
8
L7
10
50.37588386290476
20
-55.81800397359954
0
VERTEX
8
L7
10
50.3514060882528
20
-55.80203809688904
0
VERTEX
8
L7
10
50.323253958238595
20
-55.79419410258068
0
VERTEX
8
L7
10
50.29404685007377
20
-55.79520182461346
0
VERTEX
8
L7
10
50.266502299998265
20
-55.804967500841244
0
VERTEX
8
L7
10
50.24318315376256
20
-55.822582497006
0
VERTEX
8
L7
10
50.22625911007911
20
-55.84640784939473
0
VERTEX
8
L7
10
50.21730484391317
20
-55.8742267600218
0
VERTEX
8
L7
10
50.217153492960975
20
-55.9034508556269
0
VERTEX
8
L7
10
50.22581913946901
20
-55.931361019396476
0
VERTEX
8
L7
10
50.24249549997042
20
-55.95536038754387
0
VERTEX
8
L7
10
50.20361682687563
20
-56.01591121176228
0
VERTEX
8
L7
10
50.15717758934518
20
-56.07087802677579
0
VERTEX
8
L7
10
50.1039701071938
20
-56.11932302010067
0
VERTEX
8
L7
10
50.04490217617017
20
-56.16041965085949
0
VERTEX
8
L7
10
49.98098157966298
20
-56.19346675175057
0
VERTEX
8
L7
10
49.91329889447492
20
-56.217900491965125
0
VERTEX
8
L7
10
49.843008884022495
20
-56.23330399694728
0
VERTEX
8
L7
10
49.77131079642048
20
-56.23941446087025
0
VERTEX
8
L7
10
49.69942790359387
20
-56.236127630479665
0
VERTEX
8
L7
10
49.628586630509076
20
-56.22349958380316
0
VERTEX
8
L7
10
49.55999563060989
20
-56.201745773379066
0
VERTEX
8
L7
10
49.49482516446095
20
-56.1712373503279
0
VERTEX
8
L7
10
49.43418713342872
20
-56.13249483198341
0
VERTEX
8
L7
10
49.37911610905378
20
-56.08617922112234
0
VERTEX
8
L7
10
49.33055168178059
20
-56.033080728311674
0
VERTEX
8
L7
10
49.289322430200585
20
-55.97410528978604
0
VERTEX
8
L7
10
49.25613178431631
20
-55.91025911087982
0
VERTEX
8
L7
10
49.23154602401952
20
-55.84263149872497
0
VERTEX
8
L7
10
49.215984617546056
20
-55.77237627711329
0
VERTEX
8
L7
10
49.209713064748016
20
-55.700692100612194
0
VERTEX
8
L7
10
49.21283836728641
20
-55.62880200380337
0
VERTEX
8
L7
10
49.22530720302974
20
-55.55793253456348
0
VERTEX
8
L7
10
49.24690683580597
20
-55.48929282740304
0
VERTEX
8
L7
10
49.27726874498576
20
-55.42405397390226
0
VERTEX
8
L7
10
49.31587491297158
20
-55.36332904221362
0
VERTEX
8
L7
10
49.3620666633188
20
-55.30815408652719
0
VERTEX
8
L7
10
49.415055898697986
20
-55.259470470504255
0
VERTEX
8
L7
10
49.47393854696254
20
-55.21810880626683
0
VERTEX
8
L7
10
49.537709985912684
20
-55.18477478296677
0
VERTEX
8
L7
10
49.605282183586965
20
-55.16003712671957
0
VERTEX
8
L7
10
49.67550226164393
20
-55.14431789732332
0
VERTEX
8
L7
10
49.74717216511546
20
-55.13788528731487
0
VERTEX
8
L7
10
49.81906910293817
20
-55.140849046221604
0
VERTEX
8
L7
10
49.889966410517886
20
-55.15315860807747
0
VERTEX
8
L7
10
49.95865447838223
20
-55.174603954150726
0
VERTEX
8
L7
10
50.023961389848225
20
-55.20481919616388
0
VERTEX
8
L7
10
50.08477291559713
20
-55.24328881887102
0
VERTEX
8
L7
10
50.140051524020336
20
-55.2893564754853
0
VERTEX
8
L7
10
50.18885408299265
20
-55.34223618589386
0
VERTEX
8
L7
10
50.176598520422786
20
-55.36876676932399
0
VERTEX
8
L7
10
50.172911073633784
20
-55.39775768871654
0
VERTEX
8
L7
10
50.17813483617074
20
-55.426511522826175
0
VERTEX
8
L7
10
50.19178377004856
20
-55.452352909690006
0
VERTEX
8
L7
10
50.21258792850493
20
-55.47287747209628
0
VERTEX
8
L7
10
50.23861161649508
20
-55.48617552964004
0
VERTEX
8
L7
10
50.2674334948433
20
-55.491009782377304
0
VERTEX
8
L7
10
50.29637187050166
20
-55.486930433740326
0
VERTEX
8
L7
10
50.3227342110862
20
-55.474317041256455
0
VERTEX
8
L7
10
50.344067667944316
20
-55.45434320112667
0
VERTEX
8
L7
10
50.35838729817071
20
-55.428867352539704
0
VERTEX
8
L7
10
50.36436075096016
20
-55.4002598616882
0
VERTEX
8
L7
10
50.36143223440267
20
-55.37118247422269
0
VERTEX
8
L7
10
50.34987422839687
20
-55.34434065669449
0
VERTEX
8
L7
10
50.33076213212324
20
-55.322231870045876
0
VERTEX
8
L7
10
50.30587420496816
20
-55.30691319670349
0
VERTEX
8
L7
10
50.27752611076251
20
-55.29980994210054
0
VERTEX
8
L7
10
50.24835545994351
20
-55.30158301904277
0
VERTEX
8
L7
10
50.19770747465235
20
-55.2451653679361
0
VERTEX
8
L7
10
50.14057905305812
20
-55.19532047635627
0
VERTEX
8
L7
10
50.07781693125925
20
-55.1527871266439
0
VERTEX
8
L7
10
50.01035134595149
20
-55.1181957322006
0
VERTEX
8
L7
10
49.93918224680762
20
-55.09205899373734
0
VERTEX
8
L7
10
49.865364475597275
20
-55.07476430021628
0
VERTEX
8
L7
10
49.789992131716886
20
-55.06656798711643
0
VERTEX
8
L7
10
49.71418235585766
20
-55.06759153712506
0
VERTEX
8
L7
10
49.63905877216381
20
-55.077819779566774
0
VERTEX
8
L7
10
49.565734834296094
20
-55.09710111525754
0
VERTEX
8
L7
10
49.49529732223779
20
-55.12514976345111
0
VERTEX
8
L7
10
49.42879023444844
20
-55.16154999757441
0
VERTEX
8
L7
10
49.36719931410907
20
-55.20576230697122
0
VERTEX
8
L7
10
49.31143743880544
20
-55.25713139332745
0
VERTEX
8
L7
10
49.26233109019792
20
-55.31489588325756
0
VERTEX
8
L7
10
49.22060810421938
20
-55.378199613096214
0
VERTEX
8
L7
10
49.18688688336324
20
-55.44610431863584
0
VERTEX
8
L7
10
49.161667230953086
20
-55.517603541727844
0
VERTEX
8
L7
10
49.145322943244494
20
-55.59163754762885
0
VERTEX
8
L7
10
49.13809626915706
20
-55.66710903199271
0
VERTEX
8
L7
10
49.14009431975124
20
-55.74289938470513
0
VERTEX
8
L7
10
49.151287480668444
20
-55.81788526950442
0
VERTEX
8
L7
10
49.171509851063846
20
-55.890955273651414
0
VERTEX
8
L7
10
49.200461702526795
20
-55.96102638087342
0
VERTEX
8
L7
10
49.23771392154315
20
-56.02706002342635
0
VERTEX
8
L7
10
49.28271436965524
20
-56.088077475357416
0
VERTEX
8
L7
10
49.33479606705173
20
-56.14317435881511
0
VERTEX
8
L7
10
49.39318707829277
20
-56.19153404839951
0
VERTEX
8
L7
10
49.457021953648464
20
-56.23243977487851
0
VERTEX
8
L7
10
49.525354556471044
20
-56.265285248873305
0
VERTEX
8
L7
10
49.59717208647841
20
-56.28958364705283
0
VERTEX
8
L7
10
49.67141009110115
20
-56.304974827647065
0
VERTEX
8
L7
10
49.74696824240034
20
-56.31123066833366
0
VERTEX
8
L7
10
49.82272664571683
20
-56.308258447381704
0
VERTEX
8
L7
10
49.897562438330894
20
-56.296102217938504
0
VERTEX
8
L7
10
49.97036643211361
20
-56.27494215509034
0
VERTEX
8
L7
10
50.04005955349838
20
-56.24509188537472
0
VERTEX
8
L7
10
50.10560883710589
20
-56.20699383832512
0
VERTEX
8
L7
10
50.166042735970436
20
-56.16121268894592
0
VERTEX
8
L7
10
50.22046552144583
20
-56.10842698831072
0
VERTEX
8
L7
10
50.26807055936031
20
-56.04941910633203
0
VERTEX
8
L7
10
50.3081522656466
20
-55.985063635767126
0
SEQEND
0
POLYLINE
8
L7
66
1
70
1
0
VERTEX
8
L7
10
46.37746592050824
20
-53.25647419100409
0
VERTEX
8
L7
10
46.34841239112065
20
-53.248402351366984
0
VERTEX
8
L7
10
46.318289015539264
20
-53.249760441417926
0
VERTEX
8
L7
10
46.290079703859746
20
-53.26041393378289
0
VERTEX
8
L7
10
46.26657876609171
20
-53.279307532937786
0
VERTEX
8
L7
10
46.250114118151274
20
-53.30456970887733
0
VERTEX
8
L7
10
46.24231668712618
20
-53.33369808395065
0
VERTEX
8
L7
10
46.24395885767477
20
-53.36380730912986
0
VERTEX
8
L7
10
46.25487796246033
20
-53.3919148760058
0
VERTEX
8
L7
10
46.2739923953754
20
-53.4152365530325
0
VERTEX
8
L7
10
46.29940875143977
20
-53.431462181199436
0
VERTEX
8
L7
10
46.32860938049005
20
-53.43898450983298
0
VERTEX
8
L7
10
46.35870177628679
20
-53.43705840489953
0
VERTEX
8
L7
10
46.38670509747722
20
-53.42587465922511
0
VERTEX
8
L7
10
46.40984543870708
20
-53.40654109326412
0
VERTEX
8
L7
10
46.42583060341879
20
-53.3809728185053
0
VERTEX
8
L7
10
46.43307716035859
20
-53.35170253361565
0
VERTEX
8
L7
10
46.43086729241624
20
-53.32162964468425
0
VERTEX
8
L7
10
46.48420969546906
20
-53.29243724015902
0
VERTEX
8
L7
10
46.54139899986326
20
-53.271773457632
0
VERTEX
8
L7
10
46.60108132362639
20
-53.26012748512433
0
VERTEX
8
L7
10
46.66184376581354
20
-53.25777502580106
0
VERTEX
8
L7
10
46.722247855089066
20
-53.26477177105943
0
VERTEX
8
L7
10
46.780863603653685
20
-53.28095208210787
0
VERTEX
8
L7
10
46.83630336033518
20
-53.30593291124771
0
VERTEX
8
L7
10
46.887254661414616
20
-53.339122870026365
0
VERTEX
8
L7
10
46.932511301488105
20
-53.37973622958542
0
VERTEX
8
L7
10
46.97100188880198
20
-53.426811521763476
0
VERTEX
8
L7
10
47.00181520905092
20
-53.47923430059721
0
VERTEX
8
L7
10
47.024221797184836
20
-53.53576352537177
0
VERTEX
8
L7
10
47.037691206539634
20
-53.59506094063625
0
VERTEX
8
L7
10
47.04190456646809
20
-53.655722757650985
0
VERTEX
8
L7
10
47.0367621311854
20
-53.716312887249615
0
VERTEX
8
L7
10
47.02238564112007
20
-53.7753969373716
0
VERTEX
8
L7
10
46.99911544086858
20
-53.831576170417904
0
VERTEX
8
L7
10
46.96750242198222
20
-53.88352061653398
0
VERTEX
8
L7
10
46.92829498133027
20
-53.93000055890635
0
VERTEX
8
L7
10
46.88242130378306
20
-53.969915645699565
0
VERTEX
8
L7
10
46.83096738864934
20
-54.00232093944657
0
VERTEX
8
L7
10
46.77515134006329
20
-54.02644928720712
0
VERTEX
8
L7
10
46.71629452996241
20
-54.041729481910195
0
VERTEX
8
L7
10
46.655790316335484
20
-54.04779978493415
0
VERTEX
8
L7
10
46.59507105729482
20
-54.04451648979543
0
VERTEX
8
L7
10
46.53557420187157
20
-54.03195732421158
0
VERTEX
8
L7
10
46.47870826029033
20
-54.01041960999921
0
VERTEX
8
L7
10
46.42581945933189
20
-53.9804132243689
0
VERTEX
8
L7
10
46.378159872175345
20
-53.94264852924921
0
VERTEX
8
L7
10
46.33685777720329
20
-53.898019554397266
0
VERTEX
8
L7
10
46.302890947487114
20
-53.84758283241371
0
VERTEX
8
L7
10
46.27706350328846
20
-53.792532386715415
0
VERTEX
8
L7
10
46.25998687556394
20
-53.73417146459303
0
VERTEX
8
L7
10
46.27310359102346
20
-53.72441703535559
0
VERTEX
8
L7
10
46.28437123351377
20
-53.712574850299404
0
VERTEX
8
L7
10
46.571916191635964
20
-53.712574850299404
0
VERTEX
8
L7
10
46.59361312248673
20
-53.732446290022466
0
VERTEX
8
L7
10
46.62031692897382
20
-53.74479690312913
0
VERTEX
8
L7
10
46.64950936069185
20
-53.748461989130796
0
VERTEX
8
L7
10
46.67843748228516
20
-53.74309591923804
0
VERTEX
8
L7
10
46.704373283649076
20
-53.729204730209666
0
VERTEX
8
L7
10
46.724870939603946
20
-53.70809840354286
0
VERTEX
8
L7
10
46.737997458669994
20
-53.681767330222165
0
VERTEX
8
L7
10
46.74251497005987
20
-53.65269461077845
0
VERTEX
8
L7
10
46.737997458669994
20
-53.623621891334736
0
VERTEX
8
L7
10
46.724870939603946
20
-53.59729081801404
0
VERTEX
8
L7
10
46.704373283649076
20
-53.57618449134723
0
VERTEX
8
L7
10
46.67843748228516
20
-53.56229330231886
0
VERTEX
8
L7
10
46.64950936069185
20
-53.5569272324261
0
VERTEX
8
L7
10
46.62031692897382
20
-53.560592318427766
0
VERTEX
8
L7
10
46.59361312248673
20
-53.57294293153443
0
VERTEX
8
L7
10
46.571916191635964
20
-53.59281437125749
0
VERTEX
8
L7
10
46.28437123351377
20
-53.59281437125749
0
VERTEX
8
L7
10
46.26279929750332
20
-53.57302628645608
0
VERTEX
8
L7
10
46.23625922073465
20
-53.56067553552912
0
VERTEX
8
L7
10
46.207228617914225
20
-53.55691510693253
0
VERTEX
8
L7
10
46.17841760360254
20
-53.5620960506378
0
VERTEX
8
L7
10
46.152515792957374
20
-53.57573470631383
0
VERTEX
8
L7
10
46.13194121617285
20
-53.59655785481456
0
VERTEX
8
L7
10
46.11861458638269
20
-53.622621577913584
0
VERTEX
8
L7
10
46.11377999395803
20
-53.651492730288126
0
VERTEX
8
L7
10
46.11788876605196
20
-53.680476082668875
0
VERTEX
8
L7
10
46.13055733353413
20
-53.706865931499365
0
VERTEX
8
L7
10
46.15060303859319
20
-53.728198686408916
0
VERTEX
8
L7
10
46.176154540234606
20
-53.742482855520755
0
VERTEX
8
L7
10
46.19304056600153
20
-53.80653965942984
0
VERTEX
8
L7
10
46.21860213371217
20
-53.867654455096854
0
VERTEX
8
L7
10
46.25235042462624
20
-53.924658532614394
0
VERTEX
8
L7
10
46.293640063732354
20
-53.976461792123175
0
VERTEX
8
L7
10
46.34168146137763
20
-54.02207358999977
0
VERTEX
8
L7
10
46.395555912741415
20
-54.06062168312382
0
VERTEX
8
L7
10
46.454233166402915
20
-54.091368908949754
0
VERTEX
8
L7
10
46.51659112603595
20
-54.11372728240692
0
VERTEX
8
L7
10
46.58143730847125
20
-54.127269240050374
0
VERTEX
8
L7
10
46.64753164777967
20
-54.131735816438265
0
VERTEX
8
L7
10
46.71361020928994
20
-54.127041596377424
0
VERTEX
8
L7
10
46.778409360052606
20
-54.11327634833444
0
VERTEX
8
L7
10
46.84068993353422
20
-54.09070330777612
0
VERTEX
8
L7
10
46.899260926435645
20
-54.05975414326737
0
VERTEX
8
L7
10
46.95300227447548
20
-54.021020701590835
0
VERTEX
8
L7
10
47.000886271593245
20
-53.97524368974785
0
VERTEX
8
L7
10
47.04199722296862
20
-53.92329851027701
0
VERTEX
8
L7
10
47.07554895602833
20
-53.866178520764244
0
VERTEX
8
L7
10
47.100899854574365
20
-53.804976037676084
0
VERTEX
8
L7
10
47.11756512853306
20
-53.74086144778324
0
VERTEX
8
L7
10
47.125226084688265
20
-53.67506082663089
0
VERTEX
8
L7
10
47.12373622111262
20
-53.608832492061964
0
VERTEX
8
L7
10
47.11312402875173
20
-53.54344294116473
0
VERTEX
8
L7
10
47.0935924465865
20
-53.480142630807116
0
VERTEX
8
L7
10
47.06551498079223
20
-53.42014206491128
0
VERTEX
8
L7
10
47.02942856210875
20
-53.364588645755966
0
VERTEX
8
L7
10
46.98602327801119
20
-53.314544731983595
0
VERTEX
8
L7
10
46.93612917603558
20
-53.270967322913116
0
VERTEX
8
L7
10
46.8807003906213
20
-53.2346897576593
0
VERTEX
8
L7
10
46.82079689701594
20
-53.20640577902968
0
VERTEX
8
L7
10
46.75756424116629
20
-53.18665626694842
0
VERTEX
8
L7
10
46.69221163322446
20
-53.175818895106225
0
VERTEX
8
L7
10
46.62598882359116
20
-53.174100908634216
0
VERTEX
8
L7
10
46.560162203700244
20
-53.18153516091576
0
VERTEX
8
L7
10
46.49599058857349
20
-53.1979794853249
0
VERTEX
8
L7
10
46.43470114426056
20
-53.22311941390591
0
VERTEX
8
L7
10
46.37746592050824
20
-53.25647419100409
0
SEQEND
0
POLYLINE
8
L7
66
1
70
1
0
VERTEX
8
L7
10
47.24550898203593
20
-55.59281437125749
0
VERTEX
8
L7
10
47.23300347858971
20
-55.5936340252576
0
VERTEX
8
L7
10
47.2207119477746
20
-55.59607896275075
0
VERTEX
8
L7
10
47.20884470109077
20
-55.60010735017856
0
VERTEX
8
L7
10
47.19760479041916
20
-55.605650260715265
0
VERTEX
8
L7
10
47.18718453374767
20
-55.612612853624796
0
VERTEX
8
L7
10
47.177762224556986
20
-55.62087599701207
0
VERTEX
8
L7
10
47.16949908116972
20
-55.63029830620276
0
VERTEX
8
L7
10
47.16253648826019
20
-55.640718562874255
0
VERTEX
8
L7
10
47.15699357772347
20
-55.65195847354586
0
VERTEX
8
L7
10
47.15296519029566
20
-55.6638257202297
0
VERTEX
8
L7
10
47.15052025280251
20
-55.676117251044786
0
VERTEX
8
L7
10
47.1497005988024
20
-55.68862275449102
0
VERTEX
8
L7
10
47.15052025280251
20
-55.70112825793725
0
VERTEX
8
L7
10
47.15296519029566
20
-55.71341978875234
0
VERTEX
8
L7
10
47.15699357772347
20
-55.725287035436175
0
VERTEX
8
L7
10
47.16253648826019
20
-55.73652694610779
0
VERTEX
8
L7
10
47.16949908116972
20
-55.74694720277928
0
VERTEX
8
L7
10
47.177762224556986
20
-55.75636951196997
0
VERTEX
8
L7
10
47.18718453374767
20
-55.76463265535725
0
VERTEX
8
L7
10
47.19760479041916
20
-55.77159524826677
0
VERTEX
8
L7
10
47.20884470109077
20
-55.777138158803474
0
VERTEX
8
L7
10
47.2207119477746
20
-55.78116654623129
0
VERTEX
8
L7
10
47.23300347858971
20
-55.783611483724435
0
VERTEX
8
L7
10
47.24550898203593
20
-55.78443113772455
0
VERTEX
8
L7
10
47.25801448548218
20
-55.783611483724435
0
VERTEX
8
L7
10
47.270306016297255
20
-55.78116654623129
0
VERTEX
8
L7
10
47.28217326298109
20
-55.777138158803474
0
VERTEX
8
L7
10
47.293413173652695
20
-55.77159524826677
0
VERTEX
8
L7
10
47.30383343032419
20
-55.76463265535725
0
VERTEX
8
L7
10
47.31325573951487
20
-55.75636951196997
0
VERTEX
8
L7
10
47.32151888290217
20
-55.74694720277928
0
VERTEX
8
L7
10
47.3284814758117
20
-55.73652694610779
0
VERTEX
8
L7
10
47.33402438634839
20
-55.725287035436175
0
VERTEX
8
L7
10
47.3380527737762
20
-55.71341978875234
0
VERTEX
8
L7
10
47.34049771126935
20
-55.70112825793725
0
VERTEX
8
L7
10
47.34131736526946
20
-55.68862275449102
0
VERTEX
8
L7
10
47.34049771126935
20
-55.676117251044786
0
VERTEX
8
L7
10
47.3380527737762
20
-55.6638257202297
0
VERTEX
8
L7
10
47.33402438634839
20
-55.65195847354586
0
VERTEX
8
L7
10
47.3284814758117
20
-55.640718562874255
0
VERTEX
8
L7
10
47.32151888290217
20
-55.63029830620276
0
VERTEX
8
L7
10
47.31325573951487
20
-55.62087599701207
0
VERTEX
8
L7
10
47.30383343032419
20
-55.612612853624796
0
VERTEX
8
L7
10
47.293413173652695
20
-55.605650260715265
0
VERTEX
8
L7
10
47.28217326298109
20
-55.60010735017856
0
VERTEX
8
L7
10
47.270306016297255
20
-55.59607896275075
0
VERTEX
8
L7
10
47.25801448548218
20
-55.5936340252576
0
VERTEX
8
L7
10
47.24550898203593
20
-55.59281437125749
0
SEQEND
0
POLYLINE
8
L7
66
1
70
1
0
VERTEX
8
L7
10
46.757632564008574
20
-55.30158301904277
0
VERTEX
8
L7
10
46.72846191318958
20
-55.29980994210054
0
VERTEX
8
L7
10
46.70011381898392
20
-55.30691319670349
0
VERTEX
8
L7
10
46.67522589182887
20
-55.322231870045876
0
VERTEX
8
L7
10
46.656113795555214
20
-55.34434065669449
0
VERTEX
8
L7
10
46.64455578954944
20
-55.37118247422269
0
VERTEX
8
L7
10
46.641627272991926
20
-55.4002598616882
0
VERTEX
8
L7
10
46.6476007257814
20
-55.428867352539704
0
VERTEX
8
L7
10
46.6619203560078
20
-55.45434320112667
0
VERTEX
8
L7
10
46.683253812865914
20
-55.474317041256455
0
VERTEX
8
L7
10
46.709616153450426
20
-55.48693043374032
0
VERTEX
8
L7
10
46.73855452910881
20
-55.491009782377304
0
VERTEX
8
L7
10
46.76737640745701
20
-55.486175529640036
0
VERTEX
8
L7
10
46.79340009544718
20
-55.47287747209628
0
VERTEX
8
L7
10
46.814204253903554
20
-55.452352909690006
0
VERTEX
8
L7
10
46.82785318778134
20
-55.426511522826175
0
VERTEX
8
L7
10
46.8330769503183
20
-55.39775768871654
0
VERTEX
8
L7
10
46.8293895035293
20
-55.36876676932399
0
VERTEX
8
L7
10
46.817133940959465
20
-55.34223618589386
0
VERTEX
8
L7
10
46.86593649993178
20
-55.2893564754853
0
VERTEX
8
L7
10
46.921215108354986
20
-55.24328881887102
0
VERTEX
8
L7
10
46.98202663410389
20
-55.204819196163875
0
VERTEX
8
L7
10
47.047333545569856
20
-55.174603954150726
0
VERTEX
8
L7
10
47.1160216134342
20
-55.15315860807747
0
VERTEX
8
L7
10
47.18691892101394
20
-55.140849046221604
0
VERTEX
8
L7
10
47.258815858836655
20
-55.137885287314866
0
VERTEX
8
L7
10
47.33048576230816
20
-55.14431789732332
0
VERTEX
8
L7
10
47.40070584036515
20
-55.16003712671957
0
VERTEX
8
L7
10
47.46827803803943
20
-55.18477478296677
0
VERTEX
8
L7
10
47.53204947698957
20
-55.21810880626683
0
VERTEX
8
L7
10
47.59093212525413
20
-55.259470470504255
0
VERTEX
8
L7
10
47.643921360633314
20
-55.30815408652719
0
VERTEX
8
L7
10
47.69011311098053
20
-55.36332904221362
0
VERTEX
8
L7
10
47.728719278966324
20
-55.42405397390226
0
VERTEX
8
L7
10
47.75908118814614
20
-55.48929282740304
0
VERTEX
8
L7
10
47.78068082092237
20
-55.55793253456348
0
VERTEX
8
L7
10
47.793149656665705
20
-55.62880200380337
0
VERTEX
8
L7
10
47.7962749592041
20
-55.700692100612194
0
VERTEX
8
L7
10
47.79000340640606
20
-55.772376277113295
0
VERTEX
8
L7
10
47.77444199993259
20
-55.84263149872498
0
VERTEX
8
L7
10
47.749856239635776
20
-55.91025911087982
0
VERTEX
8
L7
10
47.71666559375153
20
-55.97410528978604
0
VERTEX
8
L7
10
47.67543634217152
20
-56.033080728311674
0
VERTEX
8
L7
10
47.62687191489833
20
-56.08617922112235
0
VERTEX
8
L7
10
47.57180089052339
20
-56.13249483198341
0
VERTEX
8
L7
10
47.511162859491165
20
-56.1712373503279
0
VERTEX
8
L7
10
47.44599239334222
20
-56.201745773379066
0
VERTEX
8
L7
10
47.37740139344304
20
-56.22349958380316
0
VERTEX
8
L7
10
47.30656012035821
20
-56.236127630479665
0
VERTEX
8
L7
10
47.234677227531606
20
-56.23941446087025
0
VERTEX
8
L7
10
47.16297913992962
20
-56.23330399694728
0
VERTEX
8
L7
10
47.092689129477165
20
-56.217900491965125
0
VERTEX
8
L7
10
47.025006444289104
20
-56.19346675175057
0
VERTEX
8
L7
10
46.961085847781945
20
-56.16041965085949
0
VERTEX
8
L7
10
46.90201791675831
20
-56.11932302010068
0
VERTEX
8
L7
10
46.84881043460693
20
-56.07087802677579
0
VERTEX
8
L7
10
46.802371197076454
20
-56.01591121176228
0
VERTEX
8
L7
10
46.7634925239817
20
-55.95536038754387
0
VERTEX
8
L7
10
46.7801688844831
20
-55.931361019396476
0
VERTEX
8
L7
10
46.78883453099114
20
-55.9034508556269
0
VERTEX
8
L7
10
46.788683180038916
20
-55.8742267600218
0
VERTEX
8
L7
10
46.779728913873
20
-55.84640784939473
0
VERTEX
8
L7
10
46.76280487018953
20
-55.822582497006
0
VERTEX
8
L7
10
46.73948572395382
20
-55.804967500841244
0
VERTEX
8
L7
10
46.711941173878344
20
-55.79520182461346
0
VERTEX
8
L7
10
46.68273406571352
20
-55.79419410258068
0
VERTEX
8
L7
10
46.65458193569931
20
-55.80203809688904
0
VERTEX
8
L7
10
46.630104161047356
20
-55.81800397359954
0
VERTEX
8
L7
10
46.61157824349847
20
-55.840606209108856
0
VERTEX
8
L7
10
46.60072790222516
20
-55.86774180870238
0
VERTEX
8
L7
10
46.59856269269112
20
-55.89688597687923
0
VERTEX
8
L7
10
46.60528407391594
20
-55.92532703356631
0
VERTEX
8
L7
10
46.62026666399056
20
-55.95041871875687
0
VERTEX
8
L7
10
46.642116427899126
20
-55.9698264102267
0
VERTEX
8
L7
10
46.66880038363864
20
-55.98174434533045
0
VERTEX
8
L7
10
46.69783575830549
20
-55.985063635767126
0
VERTEX
8
L7
10
46.737917464591774
20
-56.04941910633203
0
VERTEX
8
L7
10
46.785522502506254
20
-56.10842698831072
0
VERTEX
8
L7
10
46.83994528798165
20
-56.16121268894592
0
VERTEX
8
L7
10
46.900379186846195
20
-56.20699383832512
0
VERTEX
8
L7
10
46.965928470453704
20
-56.24509188537472
0
VERTEX
8
L7
10
47.035621591838506
20
-56.27494215509034
0
VERTEX
8
L7
10
47.10842558562119
20
-56.296102217938504
0
VERTEX
8
L7
10
47.18326137823526
20
-56.308258447381704
0
VERTEX
8
L7
10
47.25901978155174
20
-56.311230668333664
0
VERTEX
8
L7
10
47.33457793285096
20
-56.304974827647065
0
VERTEX
8
L7
10
47.408815937473705
20
-56.28958364705283
0
VERTEX
8
L7
10
47.48063346748107
20
-56.265285248873305
0
VERTEX
8
L7
10
47.54896607030365
20
-56.23243977487851
0
VERTEX
8
L7
10
47.612800945659316
20
-56.19153404839951
0
VERTEX
8
L7
10
47.67119195690036
20
-56.14317435881511
0
VERTEX
8
L7
10
47.72327365429685
20
-56.088077475357416
0
VERTEX
8
L7
10
47.76827410240897
20
-56.02706002342635
0
VERTEX
8
L7
10
47.80552632142532
20
-55.96102638087342
0
VERTEX
8
L7
10
47.83447817288827
20
-55.890955273651414
0
VERTEX
8
L7
10
47.85470054328367
20
-55.81788526950442
0
VERTEX
8
L7
10
47.86589370420084
20
-55.74289938470513
0
VERTEX
8
L7
10
47.867891754795025
20
-55.66710903199271
0
VERTEX
8
L7
10
47.86066508070759
20
-55.59163754762885
0
VERTEX
8
L7
10
47.84432079299903
20
-55.517603541727844
0
VERTEX
8
L7
10
47.81910114058884
20
-55.44610431863584
0
VERTEX
8
L7
10
47.78537991973273
20
-55.378199613096214
0
VERTEX
8
L7
10
47.743656933754195
20
-55.31489588325756
0
VERTEX
8
L7
10
47.69455058514667
20
-55.25713139332745
0
VERTEX
8
L7
10
47.63878870984304
20
-55.20576230697122
0
VERTEX
8
L7
10
47.57719778950367
20
-55.16154999757441
0
VERTEX
8
L7
10
47.510690701714324
20
-55.12514976345111
0
VERTEX
8
L7
10
47.44025318965602
20
-55.09710111525754
0
VERTEX
8
L7
10
47.36692925178828
20
-55.077819779566774
0
VERTEX
8
L7
10
47.291805668094455
20
-55.06759153712506
0
VERTEX
8
L7
10
47.2159958922352
20
-55.06656798711643
0
VERTEX
8
L7
10
47.14062354835484
20
-55.07476430021628
0
VERTEX
8
L7
10
47.066805777144495
20
-55.09205899373734
0
VERTEX
8
L7
10
46.995636678000594
20
-55.1181957322006
0
VERTEX
8
L7
10
46.928171092692835
20
-55.1527871266439
0
VERTEX
8
L7
10
46.86540897089397
20
-55.19532047635627
0
VERTEX
8
L7
10
46.80828054929977
20
-55.2451653679361
0
VERTEX
8
L7
10
46.757632564008574
20
-55.30158301904277
0
SEQEND
0
POLYLINE
8
L7
66
1
70
1
0
VERTEX
8
L7
10
50.82983348371751
20
-53.742482855520755
0
VERTEX
8
L7
10
50.855384985358896
20
-53.728198686408916
0
VERTEX
8
L7
10
50.875430690417986
20
-53.706865931499365
0
VERTEX
8
L7
10
50.88809925790015
20
-53.680476082668875
0
VERTEX
8
L7
10
50.89220802999408
20
-53.651492730288126
0
VERTEX
8
L7
10
50.88737343756942
20
-53.622621577913584
0
VERTEX
8
L7
10
50.874046807779266
20
-53.59655785481456
0
VERTEX
8
L7
10
50.85347223099471
20
-53.57573470631383
0
VERTEX
8
L7
10
50.82757042034957
20
-53.5620960506378
0
VERTEX
8
L7
10
50.79875940603786
20
-53.55691510693253
0
VERTEX
8
L7
10
50.76972880321746
20
-53.56067553552912
0
VERTEX
8
L7
10
50.74318872644879
20
-53.57302628645608
0
VERTEX
8
L7
10
50.72161679043835
20
-53.59281437125749
0
VERTEX
8
L7
10
50.43407183231615
20
-53.59281437125749
0
VERTEX
8
L7
10
50.412374901465384
20
-53.57294293153443
0
VERTEX
8
L7
10
50.385671094978264
20
-53.560592318427766
0
VERTEX
8
L7
10
50.35647866326026
20
-53.55692723242609
0
VERTEX
8
L7
10
50.32755054166695
20
-53.56229330231886
0
VERTEX
8
L7
10
50.30161474030304
20
-53.57618449134722
0
VERTEX
8
L7
10
50.28111708434814
20
-53.59729081801403
0
VERTEX
8
L7
10
50.26799056528212
20
-53.62362189133473
0
VERTEX
8
L7
10
50.26347305389221
20
-53.65269461077845
0
VERTEX
8
L7
10
50.26799056528212
20
-53.68176733022216
0
VERTEX
8
L7
10
50.28111708434814
20
-53.708098403542856
0
VERTEX
8
L7
10
50.30161474030304
20
-53.729204730209666
0
VERTEX
8
L7
10
50.32755054166695
20
-53.74309591923804
0
VERTEX
8
L7
10
50.35647866326026
20
-53.748461989130796
0
VERTEX
8
L7
10
50.385671094978264
20
-53.74479690312913
0
VERTEX
8
L7
10
50.412374901465384
20
-53.732446290022466
0
VERTEX
8
L7
10
50.43407183231615
20
-53.712574850299404
0
VERTEX
8
L7
10
50.72161679043835
20
-53.712574850299404
0
VERTEX
8
L7
10
50.73288443292863
20
-53.72441703535559
0
VERTEX
8
L7
10
50.746001148388146
20
-53.73417146459303
0
VERTEX
8
L7
10
50.728924520663654
20
-53.792532386715415
0
VERTEX
8
L7
10
50.703097076465
20
-53.84758283241371
0
VERTEX
8
L7
10
50.66913024674879
20
-53.898019554397266
0
VERTEX
8
L7
10
50.62782815177677
20
-53.94264852924921
0
VERTEX
8
L7
10
50.580168564620195
20
-53.9804132243689
0
VERTEX
8
L7
10
50.52727976366178
20
-54.01041960999921
0
VERTEX
8
L7
10
50.470413822080516
20
-54.03195732421158
0
VERTEX
8
L7
10
50.4109169666573
20
-54.04451648979543
0
VERTEX
8
L7
10
50.35019770761663
20
-54.04779978493415
0
VERTEX
8
L7
10
50.2896934939897
20
-54.041729481910195
0
VERTEX
8
L7
10
50.230836683888825
20
-54.02644928720712
0
VERTEX
8
L7
10
50.175020635302744
20
-54.00232093944657
0
VERTEX
8
L7
10
50.12356672016905
20
-53.969915645699565
0
VERTEX
8
L7
10
50.077693042621846
20
-53.93000055890635
0
VERTEX
8
L7
10
50.038485601969896
20
-53.88352061653398
0
VERTEX
8
L7
10
50.006872583083506
20
-53.831576170417904
0
VERTEX
8
L7
10
49.98360238283202
20
-53.7753969373716
0
VERTEX
8
L7
10
49.96922589276669
20
-53.716312887249615
0
VERTEX
8
L7
10
49.964083457483994
20
-53.655722757650985
0
VERTEX
8
L7
10
49.96829681741245
20
-53.59506094063625
0
VERTEX
8
L7
10
49.98176622676725
20
-53.53576352537177
0
VERTEX
8
L7
10
50.00417281490117
20
-53.47923430059721
0
VERTEX
8
L7
10
50.034986135150135
20
-53.426811521763476
0
VERTEX
8
L7
10
50.07347672246401
20
-53.37973622958542
0
VERTEX
8
L7
10
50.1187333625375
20
-53.339122870026365
0
VERTEX
8
L7
10
50.169684663616934
20
-53.30593291124771
0
VERTEX
8
L7
10
50.2251244202984
20
-53.28095208210787
0
VERTEX
8
L7
10
50.28374016886305
20
-53.26477177105943
0
VERTEX
8
L7
10
50.34414425813854
20
-53.25777502580106
0
VERTEX
8
L7
10
50.404906700325725
20
-53.26012748512433
0
VERTEX
8
L7
10
50.46458902408882
20
-53.271773457632
0
VERTEX
8
L7
10
50.52177832848302
20
-53.29243724015902
0
VERTEX
8
L7
10
50.57512073153585
20
-53.32162964468425
0
VERTEX
8
L7
10
50.57291086359349
20
-53.35170253361565
0
VERTEX
8
L7
10
50.580157420533325
20
-53.3809728185053
0
VERTEX
8
L7
10
50.59614258524503
20
-53.40654109326412
0
VERTEX
8
L7
10
50.619282926474895
20
-53.42587465922511
0
VERTEX
8
L7
10
50.64728624766529
20
-53.43705840489953
0
VERTEX
8
L7
10
50.67737864346206
20
-53.43898450983298
0
VERTEX
8
L7
10
50.706579272512315
20
-53.431462181199436
0
VERTEX
8
L7
10
50.73199562857671
20
-53.4152365530325
0
VERTEX
8
L7
10
50.75111006149179
20
-53.3919148760058
0
VERTEX
8
L7
10
50.762029166277316
20
-53.36380730912986
0
VERTEX
8
L7
10
50.76367133682591
20
-53.33369808395065
0
VERTEX
8
L7
10
50.75587390580084
20
-53.30456970887733
0
VERTEX
8
L7
10
50.73940925786037
20
-53.279307532937786
0
VERTEX
8
L7
10
50.71590832009234
20
-53.26041393378289
0
VERTEX
8
L7
10
50.68769900841282
20
-53.249760441417926
0
VERTEX
8
L7
10
50.65757563283147
20
-53.248402351366984
0
VERTEX
8
L7
10
50.62852210344387
20
-53.25647419100409
0
VERTEX
8
L7
10
50.57128687969153
20
-53.22311941390591
0
VERTEX
8
L7
10
50.509997435378594
20
-53.1979794853249
0
VERTEX
8
L7
10
50.44582582025187
20
-53.18153516091576
0
VERTEX
8
L7
10
50.379999200360956
20
-53.174100908634216
0
VERTEX
8
L7
10
50.313776390727654
20
-53.175818895106225
0
VERTEX
8
L7
10
50.24842378278579
20
-53.18665626694842
0
VERTEX
8
L7
10
50.18519112693615
20
-53.20640577902968
0
VERTEX
8
L7
10
50.125287633330814
20
-53.2346897576593
0
VERTEX
8
L7
10
50.069858847916535
20
-53.270967322913116
0
VERTEX
8
L7
10
50.019964745940925
20
-53.314544731983595
0
VERTEX
8
L7
10
49.976559461843365
20
-53.364588645755966
0
VERTEX
8
L7
10
49.940473043159855
20
-53.42014206491128
0
VERTEX
8
L7
10
49.912395577365615
20
-53.480142630807116
0
VERTEX
8
L7
10
49.892863995200386
20
-53.54344294116473
0
VERTEX
8
L7
10
49.88225180283949
20
-53.608832492061964
0
VERTEX
8
L7
10
49.88076193926382
20
-53.67506082663088
0
VERTEX
8
L7
10
49.888422895419055
20
-53.74086144778323
0
VERTEX
8
L7
10
49.90508816937775
20
-53.804976037676084
0
VERTEX
8
L7
10
49.930439067923786
20
-53.866178520764244
0
VERTEX
8
L7
10
49.96399080098347
20
-53.923298510277
0
VERTEX
8
L7
10
50.00510175235887
20
-53.97524368974785
0
VERTEX
8
L7
10
50.05298574947663
20
-54.021020701590835
0
VERTEX
8
L7
10
50.10672709751644
20
-54.05975414326737
0
VERTEX
8
L7
10
50.16529809041786
20
-54.09070330777612
0
VERTEX
8
L7
10
50.22757866389948
20
-54.11327634833444
0
VERTEX
8
L7
10
50.292377814662146
20
-54.127041596377424
0
VERTEX
8
L7
10
50.35845637617244
20
-54.13173581643826
0
VERTEX
8
L7
10
50.42455071548086
20
-54.127269240050374
0
VERTEX
8
L7
10
50.48939689791614
20
-54.11372728240692
0
VERTEX
8
L7
10
50.5517548575492
20
-54.091368908949754
0
VERTEX
8
L7
10
50.6104321112107
20
-54.06062168312381
0
VERTEX
8
L7
10
50.66430656257445
20
-54.02207358999976
0
VERTEX
8
L7
10
50.71234796021973
20
-53.976461792123175
0
VERTEX
8
L7
10
50.75363759932587
20
-53.924658532614394
0
VERTEX
8
L7
10
50.787385890239946
20
-53.867654455096854
0
VERTEX
8
L7
10
50.812947457950585
20
-53.80653965942984
0
VERTEX
8
L7
10
50.82983348371751
20
-53.742482855520755
0
SEQEND
0
POLYLINE
8
L7
66
1
70
1
0
VERTEX
8
L7
10
49.760479041916156
20
-55.59281437125749
0
VERTEX
8
L7
10
49.747973538469935
20
-55.5936340252576
0
VERTEX
8
L7
10
49.73568200765486
20
-55.59607896275075
0
VERTEX
8
L7
10
49.723814760971024
20
-55.60010735017856
0
VERTEX
8
L7
10
49.71257485029939
20
-55.605650260715265
0
VERTEX
8
L7
10
49.702154593627895
20
-55.612612853624796
0
VERTEX
8
L7
10
49.69273228443721
20
-55.62087599701207
0
VERTEX
8
L7
10
49.684469141049945
20
-55.63029830620276
0
VERTEX
8
L7
10
49.677506548140414
20
-55.640718562874255
0
VERTEX
8
L7
10
49.671963637603724
20
-55.65195847354586
0
VERTEX
8
L7
10
49.66793525017589
20
-55.6638257202297
0
VERTEX
8
L7
10
49.66549031268276
20
-55.676117251044786
0
VERTEX
8
L7
10
49.664670658682624
20
-55.68862275449102
0
VERTEX
8
L7
10
49.66549031268276
20
-55.70112825793725
0
VERTEX
8
L7
10
49.66793525017589
20
-55.71341978875234
0
VERTEX
8
L7
10
49.671963637603724
20
-55.725287035436175
0
VERTEX
8
L7
10
49.677506548140414
20
-55.73652694610779
0
VERTEX
8
L7
10
49.684469141049945
20
-55.74694720277928
0
VERTEX
8
L7
10
49.69273228443721
20
-55.75636951196997
0
VERTEX
8
L7
10
49.702154593627895
20
-55.76463265535725
0
VERTEX
8
L7
10
49.71257485029939
20
-55.77159524826677
0
VERTEX
8
L7
10
49.723814760971024
20
-55.777138158803474
0
VERTEX
8
L7
10
49.73568200765486
20
-55.78116654623129
0
VERTEX
8
L7
10
49.747973538469935
20
-55.783611483724435
0
VERTEX
8
L7
10
49.760479041916156
20
-55.78443113772455
0
VERTEX
8
L7
10
49.772984545362405
20
-55.783611483724435
0
VERTEX
8
L7
10
49.78527607617748
20
-55.78116654623129
0
VERTEX
8
L7
10
49.79714332286132
20
-55.777138158803474
0
VERTEX
8
L7
10
49.80838323353292
20
-55.77159524826677
0
VERTEX
8
L7
10
49.81880349020442
20
-55.76463265535725
0
VERTEX
8
L7
10
49.82822579939513
20
-55.75636951196997
0
VERTEX
8
L7
10
49.836488942782395
20
-55.74694720277928
0
VERTEX
8
L7
10
49.843451535691926
20
-55.73652694610779
0
VERTEX
8
L7
10
49.848994446228616
20
-55.725287035436175
0
VERTEX
8
L7
10
49.85302283365645
20
-55.71341978875234
0
VERTEX
8
L7
10
49.85546777114958
20
-55.70112825793725
0
VERTEX
8
L7
10
49.856287425149716
20
-55.68862275449102
0
VERTEX
8
L7
10
49.85546777114958
20
-55.676117251044786
0
VERTEX
8
L7
10
49.85302283365645
20
-55.6638257202297
0
VERTEX
8
L7
10
49.848994446228616
20
-55.65195847354586
0
VERTEX
8
L7
10
49.843451535691926
20
-55.640718562874255
0
VERTEX
8
L7
10
49.836488942782395
20
-55.63029830620276
0
VERTEX
8
L7
10
49.82822579939513
20
-55.62087599701207
0
VERTEX
8
L7
10
49.81880349020442
20
-55.612612853624796
0
VERTEX
8
L7
10
49.80838323353292
20
-55.605650260715265
0
VERTEX
8
L7
10
49.79714332286132
20
-55.60010735017856
0
VERTEX
8
L7
10
49.78527607617748
20
-55.59607896275075
0
VERTEX
8
L7
10
49.772984545362405
20
-55.5936340252576
0
VERTEX
8
L7
10
49.760479041916156
20
-55.59281437125749
0
SEQEND
0
POLYLINE
8
L7
66
1
70
1
0
VERTEX
8
L7
10
44.37125748502994
20
-55.61362275449102
0
VERTEX
8
L7
10
44.36146802061343
20
-55.614264389887985
0
VERTEX
8
L7
10
44.35184605664726
20
-55.61617831751934
0
VERTEX
8
L7
10
44.34255622760257
20
-55.619331789552675
0
VERTEX
8
L7
10
44.33375748502995
20
-55.62367084920719
0
VERTEX
8
L7
10
44.325600377854286
20
-55.629121253969174
0
VERTEX
8
L7
10
44.31822447644096
20
-55.63558974590203
0
VERTEX
8
L7
10
44.31175598450811
20
-55.642965647315364
0
VERTEX
8
L7
10
44.30630557974611
20
-55.65112275449102
0
VERTEX
8
L7
10
44.3019665200916
20
-55.659921497063635
0
VERTEX
8
L7
10
44.29881304805828
20
-55.66921132610833
0
VERTEX
8
L7
10
44.296899120426914
20
-55.678833290074515
0
VERTEX
8
L7
10
44.296257485029955
20
-55.68862275449102
0
VERTEX
8
L7
10
44.296899120426914
20
-55.69841221890752
0
VERTEX
8
L7
10
44.29881304805828
20
-55.70803418287371
0
VERTEX
8
L7
10
44.3019665200916
20
-55.7173240119184
0
VERTEX
8
L7
10
44.30630557974611
20
-55.72612275449102
0
VERTEX
8
L7
10
44.31175598450811
20
-55.73427986166667
0
VERTEX
8
L7
10
44.31822447644096
20
-55.74165576308001
0
VERTEX
8
L7
10
44.325600377854286
20
-55.74812425501286
0
VERTEX
8
L7
10
44.33375748502995
20
-55.753574659774856
0
VERTEX
8
L7
10
44.34255622760257
20
-55.75791371942937
0
VERTEX
8
L7
10
44.35184605664726
20
-55.7610671914627
0
VERTEX
8
L7
10
44.36146802061343
20
-55.76298111909406
0
VERTEX
8
L7
10
44.37125748502994
20
-55.76362275449102
0
VERTEX
8
L7
10
44.38104694944646
20
-55.76298111909406
0
VERTEX
8
L7
10
44.390668913412625
20
-55.7610671914627
0
VERTEX
8
L7
10
44.399958742457315
20
-55.75791371942937
0
VERTEX
8
L7
10
44.40875748502994
20
-55.753574659774856
0
VERTEX
8
L7
10
44.4169145922056
20
-55.74812425501286
0
VERTEX
8
L7
10
44.424290493618926
20
-55.74165576308001
0
VERTEX
8
L7
10
44.430758985551776
20
-55.73427986166667
0
VERTEX
8
L7
10
44.43620939031378
20
-55.72612275449102
0
VERTEX
8
L7
10
44.44054844996829
20
-55.7173240119184
0
VERTEX
8
L7
10
44.44370192200164
20
-55.70803418287371
0
VERTEX
8
L7
10
44.44561584963297
20
-55.69841221890752
0
VERTEX
8
L7
10
44.44625748502996
20
-55.68862275449102
0
VERTEX
8
L7
10
44.44561584963297
20
-55.678833290074515
0
VERTEX
8
L7
10
44.44370192200164
20
-55.66921132610833
0
VERTEX
8
L7
10
44.44054844996829
20
-55.659921497063635
0
VERTEX
8
L7
10
44.43620939031378
20
-55.65112275449102
0
VERTEX
8
L7
10
44.430758985551776
20
-55.642965647315364
0
VERTEX
8
L7
10
44.424290493618926
20
-55.63558974590203
0
VERTEX
8
L7
10
44.4169145922056
20
-55.629121253969174
0
VERTEX
8
L7
10
44.40875748502994
20
-55.62367084920719
0
VERTEX
8
L7
10
44.399958742457315
20
-55.619331789552675
0
VERTEX
8
L7
10
44.390668913412625
20
-55.61617831751934
0
VERTEX
8
L7
10
44.38104694944646
20
-55.614264389887985
0
VERTEX
8
L7
10
44.37125748502994
20
-55.61362275449102
0
SEQEND
0
POLYLINE
8
L7
66
1
70
1
0
VERTEX
8
L7
10
44.80167729649166
20
-55.36511976047905
0
VERTEX
8
L7
10
44.791887832075176
20
-55.36576139587601
0
VERTEX
8
L7
10
44.78226586810898
20
-55.36767532350736
0
VERTEX
8
L7
10
44.77297603906429
20
-55.370828795540696
0
VERTEX
8
L7
10
44.76417729649167
20
-55.37516785519521
0
VERTEX
8
L7
10
44.75602018931603
20
-55.3806182599572
0
VERTEX
8
L7
10
44.74864428790268
20
-55.38708675189005
0
VERTEX
8
L7
10
44.74217579596983
20
-55.39446265330339
0
VERTEX
8
L7
10
44.73672539120783
20
-55.40261976047904
0
VERTEX
8
L7
10
44.732386331553315
20
-55.411418503051664
0
VERTEX
8
L7
10
44.729232859519996
20
-55.42070833209635
0
VERTEX
8
L7
10
44.72731893188863
20
-55.43033029606254
0
VERTEX
8
L7
10
44.72667729649167
20
-55.44011976047904
0
VERTEX
8
L7
10
44.72731893188863
20
-55.44990922489555
0
VERTEX
8
L7
10
44.729232859519996
20
-55.45953118886173
0
VERTEX
8
L7
10
44.732386331553315
20
-55.46882101790643
0
VERTEX
8
L7
10
44.73672539120783
20
-55.477619760479044
0
VERTEX
8
L7
10
44.74217579596983
20
-55.4857768676547
0
VERTEX
8
L7
10
44.74864428790268
20
-55.49315276906803
0
VERTEX
8
L7
10
44.75602018931603
20
-55.49962126100089
0
VERTEX
8
L7
10
44.76417729649167
20
-55.50507166576288
0
VERTEX
8
L7
10
44.77297603906429
20
-55.50941072541739
0
VERTEX
8
L7
10
44.78226586810898
20
-55.51256419745072
0
VERTEX
8
L7
10
44.791887832075176
20
-55.51447812508208
0
VERTEX
8
L7
10
44.80167729649166
20
-55.515119760479045
0
VERTEX
8
L7
10
44.811466760908175
20
-55.51447812508208
0
VERTEX
8
L7
10
44.82108872487437
20
-55.51256419745072
0
VERTEX
8
L7
10
44.83037855391906
20
-55.50941072541739
0
VERTEX
8
L7
10
44.839177296491684
20
-55.50507166576288
0
VERTEX
8
L7
10
44.84733440366732
20
-55.49962126100089
0
VERTEX
8
L7
10
44.85471030508067
20
-55.49315276906803
0
VERTEX
8
L7
10
44.86117879701352
20
-55.4857768676547
0
VERTEX
8
L7
10
44.866629201775496
20
-55.477619760479044
0
VERTEX
8
L7
10
44.87096826143001
20
-55.46882101790643
0
VERTEX
8
L7
10
44.874121733463355
20
-55.45953118886173
0
VERTEX
8
L7
10
44.87603566109472
20
-55.44990922489555
0
VERTEX
8
L7
10
44.87667729649168
20
-55.44011976047904
0
VERTEX
8
L7
10
44.87603566109472
20
-55.43033029606254
0
VERTEX
8
L7
10
44.874121733463355
20
-55.42070833209635
0
VERTEX
8
L7
10
44.87096826143001
20
-55.411418503051664
0
VERTEX
8
L7
10
44.866629201775496
20
-55.40261976047904
0
VERTEX
8
L7
10
44.86117879701352
20
-55.39446265330339
0
VERTEX
8
L7
10
44.85471030508067
20
-55.38708675189005
0
VERTEX
8
L7
10
44.84733440366732
20
-55.3806182599572
0
VERTEX
8
L7
10
44.839177296491684
20
-55.37516785519521
0
VERTEX
8
L7
10
44.83037855391906
20
-55.370828795540696
0
VERTEX
8
L7
10
44.82108872487437
20
-55.36767532350736
0
VERTEX
8
L7
10
44.811466760908175
20
-55.36576139587601
0
VERTEX
8
L7
10
44.80167729649166
20
-55.36511976047905
0
SEQEND
0
POLYLINE
8
L7
66
1
70
1
0
VERTEX
8
L7
10
45.03963350315341
20
-53.268600029780735
0
VERTEX
8
L7
10
45.0298440387369
20
-53.269241665177695
0
VERTEX
8
L7
10
45.02022207477073
20
-53.27115559280905
0
VERTEX
8
L7
10
45.01093224572604
20
-53.274309064842384
0
VERTEX
8
L7
10
45.002133503153416
20
-53.2786481244969
0
VERTEX
8
L7
10
44.993976395977754
20
-53.28409852925889
0
VERTEX
8
L7
10
44.98660049456443
20
-53.29056702119174
0
VERTEX
8
L7
10
44.98013200263158
20
-53.29794292260508
0
VERTEX
8
L7
10
44.974681597869576
20
-53.30610002978073
0
VERTEX
8
L7
10
44.970342538215064
20
-53.31489877235335
0
VERTEX
8
L7
10
44.96718906618172
20
-53.32418860139804
0
VERTEX
8
L7
10
44.96527513855038
20
-53.33381056536423
0
VERTEX
8
L7
10
44.96463350315342
20
-53.34360002978073
0
VERTEX
8
L7
10
44.96527513855038
20
-53.35338949419724
0
VERTEX
8
L7
10
44.96718906618172
20
-53.36301145816342
0
VERTEX
8
L7
10
44.970342538215064
20
-53.37230128720812
0
VERTEX
8
L7
10
44.974681597869576
20
-53.38110002978073
0
VERTEX
8
L7
10
44.98013200263158
20
-53.38925713695639
0
VERTEX
8
L7
10
44.98660049456443
20
-53.39663303836972
0
VERTEX
8
L7
10
44.993976395977754
20
-53.40310153030258
0
VERTEX
8
L7
10
45.002133503153416
20
-53.408551935064565
0
VERTEX
8
L7
10
45.01093224572604
20
-53.41289099471908
0
VERTEX
8
L7
10
45.02022207477073
20
-53.41604446675241
0
VERTEX
8
L7
10
45.0298440387369
20
-53.41795839438377
0
VERTEX
8
L7
10
45.03963350315341
20
-53.418600029780734
0
VERTEX
8
L7
10
45.049422967569924
20
-53.41795839438377
0
VERTEX
8
L7
10
45.05904493153609
20
-53.41604446675241
0
VERTEX
8
L7
10
45.06833476058078
20
-53.41289099471908
0
VERTEX
8
L7
10
45.077133503153405
20
-53.408551935064565
0
VERTEX
8
L7
10
45.08529061032907
20
-53.40310153030258
0
VERTEX
8
L7
10
45.092666511742394
20
-53.39663303836972
0
VERTEX
8
L7
10
45.099135003675244
20
-53.38925713695639
0
VERTEX
8
L7
10
45.104585408437245
20
-53.38110002978073
0
VERTEX
8
L7
10
45.10892446809176
20
-53.37230128720812
0
VERTEX
8
L7
10
45.112077940125076
20
-53.36301145816342
0
VERTEX
8
L7
10
45.11399186775644
20
-53.35338949419724
0
VERTEX
8
L7
10
45.1146335031534
20
-53.34360002978073
0
VERTEX
8
L7
10
45.11399186775644
20
-53.33381056536423
0
VERTEX
8
L7
10
45.112077940125076
20
-53.32418860139804
0
VERTEX
8
L7
10
45.10892446809176
20
-53.31489877235335
0
VERTEX
8
L7
10
45.104585408437245
20
-53.30610002978073
0
VERTEX
8
L7
10
45.099135003675244
20
-53.29794292260508
0
VERTEX
8
L7
10
45.092666511742394
20
-53.29056702119174
0
VERTEX
8
L7
10
45.08529061032907
20
-53.28409852925889
0
VERTEX
8
L7
10
45.077133503153405
20
-53.2786481244969
0
VERTEX
8
L7
10
45.06833476058078
20
-53.274309064842384
0
VERTEX
8
L7
10
45.05904493153609
20
-53.27115559280905
0
VERTEX
8
L7
10
45.049422967569924
20
-53.269241665177695
0
VERTEX
8
L7
10
45.03963350315341
20
-53.268600029780735
0
SEQEND
0
POLYLINE
8
L7
66
1
70
1
0
VERTEX
8
L7
10
44.7305389221557
20
-53.577694610778444
0
VERTEX
8
L7
10
44.72074945773919
20
-53.57833624617541
0
VERTEX
8
L7
10
44.71112749377299
20
-53.58025017380677
0
VERTEX
8
L7
10
44.7018376647283
20
-53.5834036458401
0
VERTEX
8
L7
10
44.69303892215571
20
-53.58774270549461
0
VERTEX
8
L7
10
44.684881814980045
20
-53.5931931102566
0
VERTEX
8
L7
10
44.67750591356669
20
-53.59966160218946
0
VERTEX
8
L7
10
44.67103742163384
20
-53.60703750360279
0
VERTEX
8
L7
10
44.66558701687187
20
-53.615194610778445
0
VERTEX
8
L7
10
44.661247957217356
20
-53.62399335335106
0
VERTEX
8
L7
10
44.65809448518401
20
-53.63328318239576
0
VERTEX
8
L7
10
44.656180557552645
20
-53.64290514636194
0
VERTEX
8
L7
10
44.655538922155685
20
-53.65269461077845
0
VERTEX
8
L7
10
44.656180557552645
20
-53.662484075194946
0
VERTEX
8
L7
10
44.65809448518401
20
-53.672106039161136
0
VERTEX
8
L7
10
44.661247957217356
20
-53.681395868205826
0
VERTEX
8
L7
10
44.66558701687187
20
-53.69019461077845
0
VERTEX
8
L7
10
44.67103742163384
20
-53.6983517179541
0
VERTEX
8
L7
10
44.67750591356669
20
-53.70572761936744
0
VERTEX
8
L7
10
44.684881814980045
20
-53.71219611130029
0
VERTEX
8
L7
10
44.69303892215571
20
-53.71764651606228
0
VERTEX
8
L7
10
44.7018376647283
20
-53.72198557571679
0
VERTEX
8
L7
10
44.71112749377299
20
-53.725139047750126
0
VERTEX
8
L7
10
44.72074945773919
20
-53.72705297538148
0
VERTEX
8
L7
10
44.7305389221557
20
-53.72769461077844
0
VERTEX
8
L7
10
44.74032838657219
20
-53.72705297538148
0
VERTEX
8
L7
10
44.749950350538384
20
-53.725139047750126
0
VERTEX
8
L7
10
44.759240179583074
20
-53.72198557571679
0
VERTEX
8
L7
10
44.7680389221557
20
-53.71764651606228
0
VERTEX
8
L7
10
44.77619602933136
20
-53.71219611130029
0
VERTEX
8
L7
10
44.783571930744685
20
-53.70572761936744
0
VERTEX
8
L7
10
44.790040422677535
20
-53.6983517179541
0
VERTEX
8
L7
10
44.79549082743954
20
-53.69019461077845
0
VERTEX
8
L7
10
44.79982988709405
20
-53.681395868205826
0
VERTEX
8
L7
10
44.80298335912737
20
-53.672106039161136
0
VERTEX
8
L7
10
44.80489728675873
20
-53.662484075194946
0
VERTEX
8
L7
10
44.80553892215569
20
-53.65269461077845
0
VERTEX
8
L7
10
44.80489728675873
20
-53.64290514636194
0
VERTEX
8
L7
10
44.80298335912737
20
-53.63328318239576
0
VERTEX
8
L7
10
44.79982988709405
20
-53.62399335335106
0
VERTEX
8
L7
10
44.79549082743954
20
-53.615194610778445
0
VERTEX
8
L7
10
44.790040422677535
20
-53.60703750360279
0
VERTEX
8
L7
10
44.783571930744685
20
-53.59966160218946
0
VERTEX
8
L7
10
44.77619602933136
20
-53.5931931102566
0
VERTEX
8
L7
10
44.7680389221557
20
-53.58774270549461
0
VERTEX
8
L7
10
44.759240179583074
20
-53.5834036458401
0
VERTEX
8
L7
10
44.749950350538384
20
-53.58025017380677
0
VERTEX
8
L7
10
44.74032838657219
20
-53.57833624617541
0
VERTEX
8
L7
10
44.7305389221557
20
-53.577694610778444
0
SEQEND
0
POLYLINE
8
L7
66
1
70
1
0
VERTEX
8
L7
10
48.50299401197604
20
-56.69146706586827
0
VERTEX
8
L7
10
48.49320454755956
20
-56.69210870126523
0
VERTEX
8
L7
10
48.48358258359336
20
-56.69402262889658
0
VERTEX
8
L7
10
48.47429275454867
20
-56.697176100929916
0
VERTEX
8
L7
10
48.46549401197605
20
-56.701515160584435
0
VERTEX
8
L7
10
48.457336904800385
20
-56.70696556534642
0
VERTEX
8
L7
10
48.44996100338706
20
-56.71343405727927
0
VERTEX
8
L7
10
48.44349251145421
20
-56.72080995869261
0
VERTEX
8
L7
10
48.43804210669221
20
-56.72896706586827
0
VERTEX
8
L7
10
48.433703047037696
20
-56.737765808440884
0
VERTEX
8
L7
10
48.43054957500438
20
-56.74705563748557
0
VERTEX
8
L7
10
48.428635647373014
20
-56.75667760145176
0
VERTEX
8
L7
10
48.427994011976054
20
-56.76646706586826
0
VERTEX
8
L7
10
48.428635647373014
20
-56.77625653028477
0
VERTEX
8
L7
10
48.43054957500438
20
-56.78587849425095
0
VERTEX
8
L7
10
48.433703047037696
20
-56.79516832329565
0
VERTEX
8
L7
10
48.43804210669221
20
-56.803967065868264
0
VERTEX
8
L7
10
48.44349251145421
20
-56.81212417304392
0
VERTEX
8
L7
10
48.44996100338706
20
-56.81950007445725
0
VERTEX
8
L7
10
48.457336904800385
20
-56.82596856639011
0
VERTEX
8
L7
10
48.46549401197605
20
-56.8314189711521
0
VERTEX
8
L7
10
48.47429275454867
20
-56.83575803080661
0
VERTEX
8
L7
10
48.48358258359336
20
-56.83891150283994
0
VERTEX
8
L7
10
48.49320454755956
20
-56.8408254304713
0
VERTEX
8
L7
10
48.50299401197604
20
-56.841467065868265
0
VERTEX
8
L7
10
48.512783476392556
20
-56.8408254304713
0
VERTEX
8
L7
10
48.52240544035875
20
-56.83891150283995
0
VERTEX
8
L7
10
48.53169526940344
20
-56.83575803080661
0
VERTEX
8
L7
10
48.54049401197604
20
-56.8314189711521
0
VERTEX
8
L7
10
48.5486511191517
20
-56.82596856639011
0
VERTEX
8
L7
10
48.556027020565054
20
-56.81950007445725
0
VERTEX
8
L7
10
48.562495512497904
20
-56.81212417304392
0
VERTEX
8
L7
10
48.56794591725988
20
-56.803967065868264
0
VERTEX
8
L7
10
48.57228497691439
20
-56.79516832329565
0
VERTEX
8
L7
10
48.575438448947736
20
-56.78587849425095
0
VERTEX
8
L7
10
48.5773523765791
20
-56.77625653028477
0
VERTEX
8
L7
10
48.57799401197606
20
-56.76646706586826
0
VERTEX
8
L7
10
48.5773523765791
20
-56.75667760145176
0
VERTEX
8
L7
10
48.575438448947736
20
-56.74705563748557
0
VERTEX
8
L7
10
48.57228497691439
20
-56.737765808440884
0
VERTEX
8
L7
10
48.56794591725988
20
-56.72896706586827
0
VERTEX
8
L7
10
48.562495512497904
20
-56.72080995869261
0
VERTEX
8
L7
10
48.556027020565054
20
-56.71343405727927
0
VERTEX
8
L7
10
48.5486511191517
20
-56.70696556534642
0
VERTEX
8
L7
10
48.540494011976065
20
-56.701515160584435
0
VERTEX
8
L7
10
48.53169526940344
20
-56.697176100929916
0
VERTEX
8
L7
10
48.52240544035875
20
-56.69402262889658
0
VERTEX
8
L7
10
48.512783476392556
20
-56.69210870126523
0
VERTEX
8
L7
10
48.50299401197604
20
-56.69146706586827
0
SEQEND
0
POLYLINE
8
L7
66
1
70
1
0
VERTEX
8
L7
10
48.50299401197604
20
-55.73338323353293
0
VERTEX
8
L7
10
48.49320454755956
20
-55.7340248689299
0
VERTEX
8
L7
10
48.48358258359336
20
-55.73593879656126
0
VERTEX
8
L7
10
48.47429275454867
20
-55.73909226859459
0
VERTEX
8
L7
10
48.46549401197605
20
-55.7434313282491
0
VERTEX
8
L7
10
48.457336904800385
20
-55.74888173301109
0
VERTEX
8
L7
10
48.44996100338706
20
-55.755350224943946
0
VERTEX
8
L7
10
48.44349251145421
20
-55.76272612635728
0
VERTEX
8
L7
10
48.43804210669221
20
-55.770883233532935
0
VERTEX
8
L7
10
48.433703047037696
20
-55.77968197610555
0
VERTEX
8
L7
10
48.43054957500438
20
-55.78897180515025
0
VERTEX
8
L7
10
48.428635647373014
20
-55.79859376911643
0
VERTEX
8
L7
10
48.427994011976054
20
-55.808383233532936
0
VERTEX
8
L7
10
48.428635647373014
20
-55.818172697949436
0
VERTEX
8
L7
10
48.43054957500438
20
-55.827794661915625
0
VERTEX
8
L7
10
48.433703047037696
20
-55.837084490960315
0
VERTEX
8
L7
10
48.43804210669221
20
-55.84588323353294
0
VERTEX
8
L7
10
48.44349251145421
20
-55.854040340708586
0
VERTEX
8
L7
10
48.44996100338706
20
-55.861416242121926
0
VERTEX
8
L7
10
48.457336904800385
20
-55.867884734054776
0
VERTEX
8
L7
10
48.46549401197605
20
-55.87333513881677
0
VERTEX
8
L7
10
48.47429275454867
20
-55.87767419847128
0
VERTEX
8
L7
10
48.48358258359336
20
-55.880827670504615
0
VERTEX
8
L7
10
48.49320454755956
20
-55.88274159813597
0
VERTEX
8
L7
10
48.50299401197604
20
-55.88338323353293
0
VERTEX
8
L7
10
48.512783476392556
20
-55.88274159813597
0
VERTEX
8
L7
10
48.52240544035875
20
-55.880827670504615
0
VERTEX
8
L7
10
48.53169526940344
20
-55.87767419847128
0
VERTEX
8
L7
10
48.54049401197604
20
-55.87333513881677
0
VERTEX
8
L7
10
48.5486511191517
20
-55.867884734054776
0
VERTEX
8
L7
10
48.556027020565054
20
-55.861416242121926
0
VERTEX
8
L7
10
48.562495512497904
20
-55.854040340708586
0
VERTEX
8
L7
10
48.56794591725988
20
-55.84588323353294
0
VERTEX
8
L7
10
48.57228497691439
20
-55.837084490960315
0
VERTEX
8
L7
10
48.575438448947736
20
-55.827794661915625
0
VERTEX
8
L7
10
48.5773523765791
20
-55.818172697949436
0
VERTEX
8
L7
10
48.57799401197606
20
-55.808383233532936
0
VERTEX
8
L7
10
48.5773523765791
20
-55.79859376911643
0
VERTEX
8
L7
10
48.575438448947736
20
-55.78897180515025
0
VERTEX
8
L7
10
48.57228497691439
20
-55.77968197610555
0
VERTEX
8
L7
10
48.56794591725988
20
-55.770883233532935
0
VERTEX
8
L7
10
48.562495512497904
20
-55.76272612635728
0
VERTEX
8
L7
10
48.556027020565054
20
-55.755350224943946
0
VERTEX
8
L7
10
48.5486511191517
20
-55.74888173301109
0
VERTEX
8
L7
10
48.540494011976065
20
-55.7434313282491
0
VERTEX
8
L7
10
48.53169526940344
20
-55.73909226859459
0
VERTEX
8
L7
10
48.52240544035875
20
-55.73593879656126
0
VERTEX
8
L7
10
48.512783476392556
20
-55.7340248689299
0
VERTEX
8
L7
10
48.50299401197604
20
-55.73338323353293
0
SEQEND
0
POLYLINE
8
L7
66
1
70
1
0
VERTEX
8
L7
10
52.27544910179641
20
-53.577694610778444
0
VERTEX
8
L7
10
52.2656596373799
20
-53.57833624617541
0
VERTEX
8
L7
10
52.25603767341373
20
-53.58025017380677
0
VERTEX
8
L7
10
52.24674784436901
20
-53.5834036458401
0
VERTEX
8
L7
10
52.23794910179642
20
-53.58774270549461
0
VERTEX
8
L7
10
52.229791994620754
20
-53.5931931102566
0
VERTEX
8
L7
10
52.22241609320743
20
-53.59966160218946
0
VERTEX
8
L7
10
52.21594760127458
20
-53.60703750360279
0
VERTEX
8
L7
10
52.21049719651258
20
-53.615194610778445
0
VERTEX
8
L7
10
52.206158136858065
20
-53.62399335335106
0
VERTEX
8
L7
10
52.20300466482472
20
-53.63328318239576
0
VERTEX
8
L7
10
52.20109073719338
20
-53.64290514636194
0
VERTEX
8
L7
10
52.200449101796394
20
-53.65269461077845
0
VERTEX
8
L7
10
52.20109073719338
20
-53.662484075194946
0
VERTEX
8
L7
10
52.20300466482472
20
-53.672106039161136
0
VERTEX
8
L7
10
52.206158136858065
20
-53.681395868205826
0
VERTEX
8
L7
10
52.21049719651258
20
-53.69019461077845
0
VERTEX
8
L7
10
52.21594760127458
20
-53.6983517179541
0
VERTEX
8
L7
10
52.22241609320743
20
-53.70572761936744
0
VERTEX
8
L7
10
52.229791994620754
20
-53.71219611130029
0
VERTEX
8
L7
10
52.23794910179642
20
-53.71764651606228
0
VERTEX
8
L7
10
52.24674784436901
20
-53.72198557571679
0
VERTEX
8
L7
10
52.25603767341373
20
-53.725139047750126
0
VERTEX
8
L7
10
52.2656596373799
20
-53.72705297538148
0
VERTEX
8
L7
10
52.27544910179641
20
-53.72769461077844
0
VERTEX
8
L7
10
52.2852385662129
20
-53.72705297538148
0
VERTEX
8
L7
10
52.29486053017909
20
-53.725139047750126
0
VERTEX
8
L7
10
52.30415035922378
20
-53.72198557571679
0
VERTEX
8
L7
10
52.312949101796406
20
-53.71764651606228
0
VERTEX
8
L7
10
52.32110620897207
20
-53.71219611130029
0
VERTEX
8
L7
10
52.328482110385394
20
-53.70572761936744
0
VERTEX
8
L7
10
52.334950602318244
20
-53.6983517179541
0
VERTEX
8
L7
10
52.340401007080246
20
-53.69019461077845
0
VERTEX
8
L7
10
52.34474006673476
20
-53.681395868205826
0
VERTEX
8
L7
10
52.347893538768076
20
-53.672106039161136
0
VERTEX
8
L7
10
52.34980746639944
20
-53.662484075194946
0
VERTEX
8
L7
10
52.3504491017964
20
-53.65269461077845
0
VERTEX
8
L7
10
52.34980746639944
20
-53.64290514636194
0
VERTEX
8
L7
10
52.347893538768076
20
-53.63328318239576
0
VERTEX
8
L7
10
52.34474006673476
20
-53.62399335335106
0
VERTEX
8
L7
10
52.340401007080246
20
-53.615194610778445
0
VERTEX
8
L7
10
52.334950602318244
20
-53.60703750360279
0
VERTEX
8
L7
10
52.328482110385394
20
-53.59966160218946
0
VERTEX
8
L7
10
52.32110620897207
20
-53.5931931102566
0
VERTEX
8
L7
10
52.312949101796406
20
-53.58774270549461
0
VERTEX
8
L7
10
52.30415035922378
20
-53.5834036458401
0
VERTEX
8
L7
10
52.29486053017909
20
-53.58025017380677
0
VERTEX
8
L7
10
52.2852385662129
20
-53.57833624617541
0
VERTEX
8
L7
10
52.27544910179641
20
-53.577694610778444
0
SEQEND
0
POLYLINE
8
L7
66
1
70
1
0
VERTEX
8
L7
10
48.50299401197604
20
-54.77529940119761
0
VERTEX
8
L7
10
48.49320454755956
20
-54.775941036594574
0
VERTEX
8
L7
10
48.48358258359336
20
-54.777854964225924
0
VERTEX
8
L7
10
48.47429275454867
20
-54.78100843625926
0
VERTEX
8
L7
10
48.46549401197605
20
-54.785347495913776
0
VERTEX
8
L7
10
48.457336904800385
20
-54.79079790067576
0
VERTEX
8
L7
10
48.44996100338706
20
-54.79726639260861
0
VERTEX
8
L7
10
48.44349251145421
20
-54.80464229402195
0
VERTEX
8
L7
10
48.43804210669221
20
-54.81279940119761
0
VERTEX
8
L7
10
48.433703047037696
20
-54.821598143770224
0
VERTEX
8
L7
10
48.43054957500438
20
-54.83088797281492
0
VERTEX
8
L7
10
48.428635647373014
20
-54.8405099367811
0
VERTEX
8
L7
10
48.427994011976054
20
-54.85029940119761
0
VERTEX
8
L7
10
48.428635647373014
20
-54.86008886561411
0
VERTEX
8
L7
10
48.43054957500438
20
-54.8697108295803
0
VERTEX
8
L7
10
48.433703047037696
20
-54.87900065862499
0
VERTEX
8
L7
10
48.43804210669221
20
-54.887799401197604
0
VERTEX
8
L7
10
48.44349251145421
20
-54.89595650837326
0
VERTEX
8
L7
10
48.44996100338706
20
-54.9033324097866
0
VERTEX
8
L7
10
48.457336904800385
20
-54.90980090171945
0
VERTEX
8
L7
10
48.46549401197605
20
-54.91525130648144
0
VERTEX
8
L7
10
48.47429275454867
20
-54.91959036613596
0
VERTEX
8
L7
10
48.48358258359336
20
-54.92274383816929
0
VERTEX
8
L7
10
48.49320454755956
20
-54.924657765800646
0
VERTEX
8
L7
10
48.50299401197604
20
-54.925299401197606
0
VERTEX
8
L7
10
48.512783476392556
20
-54.924657765800646
0
VERTEX
8
L7
10
48.52240544035875
20
-54.92274383816929
0
VERTEX
8
L7
10
48.53169526940344
20
-54.91959036613596
0
VERTEX
8
L7
10
48.54049401197604
20
-54.91525130648144
0
VERTEX
8
L7
10
48.5486511191517
20
-54.90980090171945
0
VERTEX
8
L7
10
48.556027020565054
20
-54.9033324097866
0
VERTEX
8
L7
10
48.562495512497904
20
-54.89595650837326
0
VERTEX
8
L7
10
48.56794591725988
20
-54.887799401197604
0
VERTEX
8
L7
10
48.57228497691439
20
-54.87900065862499
0
VERTEX
8
L7
10
48.575438448947736
20
-54.8697108295803
0
VERTEX
8
L7
10
48.5773523765791
20
-54.86008886561411
0
VERTEX
8
L7
10
48.57799401197606
20
-54.85029940119761
0
VERTEX
8
L7
10
48.5773523765791
20
-54.8405099367811
0
VERTEX
8
L7
10
48.575438448947736
20
-54.83088797281492
0
VERTEX
8
L7
10
48.57228497691439
20
-54.821598143770224
0
VERTEX
8
L7
10
48.56794591725988
20
-54.81279940119761
0
VERTEX
8
L7
10
48.562495512497904
20
-54.80464229402195
0
VERTEX
8
L7
10
48.556027020565054
20
-54.79726639260861
0
VERTEX
8
L7
10
48.5486511191517
20
-54.79079790067576
0
VERTEX
8
L7
10
48.540494011976065
20
-54.785347495913776
0
VERTEX
8
L7
10
48.53169526940344
20
-54.78100843625926
0
VERTEX
8
L7
10
48.52240544035875
20
-54.777854964225924
0
VERTEX
8
L7
10
48.512783476392556
20
-54.775941036594574
0
VERTEX
8
L7
10
48.50299401197604
20
-54.77529940119761
0
SEQEND
0
POLYLINE
8
L7
66
1
70
1
0
VERTEX
8
L7
10
51.9663545207987
20
-53.268600029780735
0
VERTEX
8
L7
10
51.95656505638219
20
-53.269241665177695
0
VERTEX
8
L7
10
51.94694309241599
20
-53.27115559280905
0
VERTEX
8
L7
10
51.9376532633713
20
-53.274309064842384
0
VERTEX
8
L7
10
51.92885452079871
20
-53.2786481244969
0
VERTEX
8
L7
10
51.920697413623046
20
-53.28409852925889
0
VERTEX
8
L7
10
51.91332151220969
20
-53.29056702119174
0
VERTEX
8
L7
10
51.90685302027684
20
-53.29794292260508
0
VERTEX
8
L7
10
51.90140261551487
20
-53.30610002978073
0
VERTEX
8
L7
10
51.897063555860356
20
-53.31489877235335
0
VERTEX
8
L7
10
51.89391008382701
20
-53.32418860139804
0
VERTEX
8
L7
10
51.891996156195646
20
-53.33381056536423
0
VERTEX
8
L7
10
51.891354520798686
20
-53.34360002978073
0
VERTEX
8
L7
10
51.891996156195646
20
-53.35338949419724
0
VERTEX
8
L7
10
51.89391008382701
20
-53.36301145816342
0
VERTEX
8
L7
10
51.897063555860356
20
-53.37230128720812
0
VERTEX
8
L7
10
51.90140261551487
20
-53.38110002978073
0
VERTEX
8
L7
10
51.90685302027684
20
-53.38925713695639
0
VERTEX
8
L7
10
51.91332151220969
20
-53.39663303836972
0
VERTEX
8
L7
10
51.920697413623046
20
-53.40310153030258
0
VERTEX
8
L7
10
51.92885452079871
20
-53.408551935064565
0
VERTEX
8
L7
10
51.9376532633713
20
-53.41289099471908
0
VERTEX
8
L7
10
51.94694309241599
20
-53.41604446675241
0
VERTEX
8
L7
10
51.95656505638219
20
-53.41795839438377
0
VERTEX
8
L7
10
51.9663545207987
20
-53.418600029780734
0
VERTEX
8
L7
10
51.97614398521519
20
-53.41795839438377
0
VERTEX
8
L7
10
51.985765949181385
20
-53.41604446675241
0
VERTEX
8
L7
10
51.995055778226074
20
-53.41289099471908
0
VERTEX
8
L7
10
52.0038545207987
20
-53.408551935064565
0
VERTEX
8
L7
10
52.01201162797436
20
-53.40310153030258
0
VERTEX
8
L7
10
52.019387529387686
20
-53.39663303836972
0
VERTEX
8
L7
10
52.025856021320536
20
-53.38925713695639
0
VERTEX
8
L7
10
52.03130642608254
20
-53.38110002978073
0
VERTEX
8
L7
10
52.03564548573705
20
-53.37230128720812
0
VERTEX
8
L7
10
52.03879895777037
20
-53.36301145816342
0
VERTEX
8
L7
10
52.04071288540173
20
-53.35338949419724
0
VERTEX
8
L7
10
52.04135452079869
20
-53.34360002978073
0
VERTEX
8
L7
10
52.04071288540173
20
-53.33381056536423
0
VERTEX
8
L7
10
52.03879895777037
20
-53.32418860139804
0
VERTEX
8
L7
10
52.03564548573705
20
-53.31489877235335
0
VERTEX
8
L7
10
52.03130642608254
20
-53.30610002978073
0
VERTEX
8
L7
10
52.025856021320536
20
-53.29794292260508
0
VERTEX
8
L7
10
52.019387529387686
20
-53.29056702119174
0
VERTEX
8
L7
10
52.01201162797436
20
-53.28409852925889
0
VERTEX
8
L7
10
52.0038545207987
20
-53.2786481244969
0
VERTEX
8
L7
10
51.995055778226074
20
-53.274309064842384
0
VERTEX
8
L7
10
51.985765949181385
20
-53.27115559280905
0
VERTEX
8
L7
10
51.97614398521519
20
-53.269241665177695
0
VERTEX
8
L7
10
51.9663545207987
20
-53.268600029780735
0
SEQEND
0
POLYLINE
8
L7
66
1
70
1
0
VERTEX
8
L7
10
48.50299401197604
20
-53.81721556886228
0
VERTEX
8
L7
10
48.49320454755956
20
-53.81785720425924
0
VERTEX
8
L7
10
48.48358258359336
20
-53.8197711318906
0
VERTEX
8
L7
10
48.47429275454867
20
-53.82292460392393
0
VERTEX
8
L7
10
48.46549401197605
20
-53.82726366357844
0
VERTEX
8
L7
10
48.457336904800385
20
-53.83271406834044
0
VERTEX
8
L7
10
48.44996100338706
20
-53.83918256027329
0
VERTEX
8
L7
10
48.44349251145421
20
-53.84655846168663
0
VERTEX
8
L7
10
48.43804210669221
20
-53.854715568862275
0
VERTEX
8
L7
10
48.433703047037696
20
-53.8635143114349
0
VERTEX
8
L7
10
48.43054957500438
20
-53.87280414047959
0
VERTEX
8
L7
10
48.428635647373014
20
-53.88242610444578
0
VERTEX
8
L7
10
48.427994011976054
20
-53.89221556886228
0
VERTEX
8
L7
10
48.428635647373014
20
-53.90200503327878
0
VERTEX
8
L7
10
48.43054957500438
20
-53.911626997244966
0
VERTEX
8
L7
10
48.433703047037696
20
-53.92091682628966
0
VERTEX
8
L7
10
48.43804210669221
20
-53.92971556886228
0
VERTEX
8
L7
10
48.44349251145421
20
-53.937872676037934
0
VERTEX
8
L7
10
48.44996100338706
20
-53.94524857745127
0
VERTEX
8
L7
10
48.457336904800385
20
-53.95171706938412
0
VERTEX
8
L7
10
48.46549401197605
20
-53.95716747414611
0
VERTEX
8
L7
10
48.47429275454867
20
-53.96150653380062
0
VERTEX
8
L7
10
48.48358258359336
20
-53.964660005833956
0
VERTEX
8
L7
10
48.49320454755956
20
-53.96657393346531
0
VERTEX
8
L7
10
48.50299401197604
20
-53.96721556886228
0
VERTEX
8
L7
10
48.512783476392556
20
-53.96657393346531
0
VERTEX
8
L7
10
48.52240544035875
20
-53.964660005833956
0
VERTEX
8
L7
10
48.53169526940344
20
-53.96150653380062
0
VERTEX
8
L7
10
48.54049401197604
20
-53.95716747414611
0
VERTEX
8
L7
10
48.5486511191517
20
-53.95171706938412
0
VERTEX
8
L7
10
48.556027020565054
20
-53.94524857745127
0
VERTEX
8
L7
10
48.562495512497904
20
-53.937872676037934
0
VERTEX
8
L7
10
48.56794591725988
20
-53.92971556886228
0
VERTEX
8
L7
10
48.57228497691439
20
-53.92091682628966
0
VERTEX
8
L7
10
48.575438448947736
20
-53.911626997244966
0
VERTEX
8
L7
10
48.5773523765791
20
-53.90200503327878
0
VERTEX
8
L7
10
48.57799401197606
20
-53.89221556886228
0
VERTEX
8
L7
10
48.5773523765791
20
-53.88242610444578
0
VERTEX
8
L7
10
48.575438448947736
20
-53.87280414047959
0
VERTEX
8
L7
10
48.57228497691439
20
-53.8635143114349
0
VERTEX
8
L7
10
48.56794591725988
20
-53.854715568862275
0
VERTEX
8
L7
10
48.562495512497904
20
-53.84655846168663
0
VERTEX
8
L7
10
48.556027020565054
20
-53.83918256027329
0
VERTEX
8
L7
10
48.5486511191517
20
-53.83271406834044
0
VERTEX
8
L7
10
48.540494011976065
20
-53.82726366357844
0
VERTEX
8
L7
10
48.53169526940344
20
-53.82292460392393
0
VERTEX
8
L7
10
48.52240544035875
20
-53.8197711318906
0
VERTEX
8
L7
10
48.512783476392556
20
-53.81785720425924
0
VERTEX
8
L7
10
48.50299401197604
20
-53.81721556886228
0
SEQEND
0
POLYLINE
8
L7
66
1
70
1
0
VERTEX
8
L7
10
52.63473053892214
20
-55.61362275449102
0
VERTEX
8
L7
10
52.62494107450566
20
-55.614264389887985
0
VERTEX
8
L7
10
52.61531911053946
20
-55.61617831751934
0
VERTEX
8
L7
10
52.60602928149477
20
-55.619331789552675
0
VERTEX
8
L7
10
52.59723053892215
20
-55.62367084920719
0
VERTEX
8
L7
10
52.58907343174651
20
-55.629121253969174
0
VERTEX
8
L7
10
52.58169753033316
20
-55.63558974590203
0
VERTEX
8
L7
10
52.57522903840031
20
-55.642965647315364
0
VERTEX
8
L7
10
52.569778633638336
20
-55.65112275449102
0
VERTEX
8
L7
10
52.565439573983824
20
-55.659921497063635
0
VERTEX
8
L7
10
52.56228610195048
20
-55.66921132610833
0
VERTEX
8
L7
10
52.56037217431911
20
-55.678833290074515
0
VERTEX
8
L7
10
52.55973053892215
20
-55.68862275449102
0
VERTEX
8
L7
10
52.56037217431911
20
-55.69841221890752
0
VERTEX
8
L7
10
52.56228610195048
20
-55.70803418287371
0
VERTEX
8
L7
10
52.565439573983824
20
-55.7173240119184
0
VERTEX
8
L7
10
52.569778633638336
20
-55.72612275449102
0
VERTEX
8
L7
10
52.57522903840031
20
-55.73427986166667
0
VERTEX
8
L7
10
52.58169753033316
20
-55.74165576308001
0
VERTEX
8
L7
10
52.58907343174651
20
-55.74812425501286
0
VERTEX
8
L7
10
52.59723053892215
20
-55.753574659774856
0
VERTEX
8
L7
10
52.60602928149477
20
-55.75791371942937
0
VERTEX
8
L7
10
52.61531911053946
20
-55.7610671914627
0
VERTEX
8
L7
10
52.62494107450566
20
-55.76298111909406
0
VERTEX
8
L7
10
52.63473053892214
20
-55.76362275449102
0
VERTEX
8
L7
10
52.644520003338656
20
-55.76298111909406
0
VERTEX
8
L7
10
52.65414196730485
20
-55.7610671914627
0
VERTEX
8
L7
10
52.66343179634954
20
-55.75791371942937
0
VERTEX
8
L7
10
52.672230538922165
20
-55.753574659774856
0
VERTEX
8
L7
10
52.6803876460978
20
-55.74812425501286
0
VERTEX
8
L7
10
52.68776354751115
20
-55.74165576308001
0
VERTEX
8
L7
10
52.694232039444
20
-55.73427986166667
0
VERTEX
8
L7
10
52.699682444205976
20
-55.72612275449102
0
VERTEX
8
L7
10
52.70402150386049
20
-55.7173240119184
0
VERTEX
8
L7
10
52.707174975893835
20
-55.70803418287371
0
VERTEX
8
L7
10
52.7090889035252
20
-55.69841221890752
0
VERTEX
8
L7
10
52.70973053892216
20
-55.68862275449102
0
VERTEX
8
L7
10
52.7090889035252
20
-55.678833290074515
0
VERTEX
8
L7
10
52.707174975893835
20
-55.66921132610833
0
VERTEX
8
L7
10
52.70402150386049
20
-55.659921497063635
0
VERTEX
8
L7
10
52.699682444205976
20
-55.65112275449102
0
VERTEX
8
L7
10
52.694232039444
20
-55.642965647315364
0
VERTEX
8
L7
10
52.68776354751115
20
-55.63558974590203
0
VERTEX
8
L7
10
52.6803876460978
20
-55.629121253969174
0
VERTEX
8
L7
10
52.672230538922165
20
-55.62367084920719
0
VERTEX
8
L7
10
52.66343179634954
20
-55.619331789552675
0
VERTEX
8
L7
10
52.65414196730485
20
-55.61617831751934
0
VERTEX
8
L7
10
52.644520003338656
20
-55.614264389887985
0
VERTEX
8
L7
10
52.63473053892214
20
-55.61362275449102
0
SEQEND
0
POLYLINE
8
L7
66
1
70
1
0
VERTEX
8
L7
10
48.50299401197604
20
-53.338173652694614
0
VERTEX
8
L7
10
48.49320454755956
20
-53.338815288091574
0
VERTEX
8
L7
10
48.48358258359336
20
-53.34072921572293
0
VERTEX
8
L7
10
48.47429275454867
20
-53.34388268775626
0
VERTEX
8
L7
10
48.46549401197605
20
-53.34822174741078
0
VERTEX
8
L7
10
48.457336904800385
20
-53.35367215217277
0
VERTEX
8
L7
10
48.44996100338706
20
-53.36014064410562
0
VERTEX
8
L7
10
48.44349251145421
20
-53.36751654551896
0
VERTEX
8
L7
10
48.43804210669221
20
-53.375673652694616
0
VERTEX
8
L7
10
48.433703047037696
20
-53.38447239526723
0
VERTEX
8
L7
10
48.43054957500438
20
-53.39376222431192
0
VERTEX
8
L7
10
48.428635647373014
20
-53.40338418827811
0
VERTEX
8
L7
10
48.427994011976054
20
-53.41317365269461
0
VERTEX
8
L7
10
48.428635647373014
20
-53.42296311711112
0
VERTEX
8
L7
10
48.43054957500438
20
-53.4325850810773
0
VERTEX
8
L7
10
48.433703047037696
20
-53.441874910121996
0
VERTEX
8
L7
10
48.43804210669221
20
-53.45067365269461
0
VERTEX
8
L7
10
48.44349251145421
20
-53.45883075987027
0
VERTEX
8
L7
10
48.44996100338706
20
-53.46620666128361
0
VERTEX
8
L7
10
48.457336904800385
20
-53.47267515321646
0
VERTEX
8
L7
10
48.46549401197605
20
-53.478125557978444
0
VERTEX
8
L7
10
48.47429275454867
20
-53.48246461763296
0
VERTEX
8
L7
10
48.48358258359336
20
-53.485618089666296
0
VERTEX
8
L7
10
48.49320454755956
20
-53.487532017297646
0
VERTEX
8
L7
10
48.50299401197604
20
-53.48817365269461
0
VERTEX
8
L7
10
48.512783476392556
20
-53.487532017297646
0
VERTEX
8
L7
10
48.52240544035875
20
-53.485618089666296
0
VERTEX
8
L7
10
48.53169526940344
20
-53.48246461763296
0
VERTEX
8
L7
10
48.54049401197604
20
-53.478125557978444
0
VERTEX
8
L7
10
48.5486511191517
20
-53.47267515321646
0
VERTEX
8
L7
10
48.556027020565054
20
-53.46620666128361
0
VERTEX
8
L7
10
48.562495512497904
20
-53.45883075987027
0
VERTEX
8
L7
10
48.56794591725988
20
-53.45067365269461
0
VERTEX
8
L7
10
48.57228497691439
20
-53.441874910121996
0
VERTEX
8
L7
10
48.575438448947736
20
-53.4325850810773
0
VERTEX
8
L7
10
48.5773523765791
20
-53.42296311711112
0
VERTEX
8
L7
10
48.57799401197606
20
-53.41317365269461
0
VERTEX
8
L7
10
48.5773523765791
20
-53.40338418827811
0
VERTEX
8
L7
10
48.575438448947736
20
-53.39376222431192
0
VERTEX
8
L7
10
48.57228497691439
20
-53.38447239526723
0
VERTEX
8
L7
10
48.56794591725988
20
-53.375673652694616
0
VERTEX
8
L7
10
48.562495512497904
20
-53.36751654551896
0
VERTEX
8
L7
10
48.556027020565054
20
-53.36014064410562
0
VERTEX
8
L7
10
48.5486511191517
20
-53.35367215217277
0
VERTEX
8
L7
10
48.540494011976065
20
-53.34822174741078
0
VERTEX
8
L7
10
48.53169526940344
20
-53.34388268775626
0
VERTEX
8
L7
10
48.52240544035875
20
-53.34072921572293
0
VERTEX
8
L7
10
48.512783476392556
20
-53.338815288091574
0
VERTEX
8
L7
10
48.50299401197604
20
-53.338173652694614
0
SEQEND
0
POLYLINE
8
L7
66
1
70
1
0
VERTEX
8
L7
10
52.204310727460424
20
-55.36511976047905
0
VERTEX
8
L7
10
52.19452126304394
20
-55.36576139587601
0
VERTEX
8
L7
10
52.18489929907774
20
-55.36767532350736
0
VERTEX
8
L7
10
52.17560947003305
20
-55.370828795540696
0
VERTEX
8
L7
10
52.16681072746043
20
-55.37516785519521
0
VERTEX
8
L7
10
52.15865362028477
20
-55.3806182599572
0
VERTEX
8
L7
10
52.15127771887144
20
-55.38708675189005
0
VERTEX
8
L7
10
52.14480922693859
20
-55.39446265330339
0
VERTEX
8
L7
10
52.13935882217659
20
-55.40261976047904
0
VERTEX
8
L7
10
52.13501976252208
20
-55.411418503051664
0
VERTEX
8
L7
10
52.13186629048876
20
-55.42070833209635
0
VERTEX
8
L7
10
52.129952362857395
20
-55.43033029606254
0
VERTEX
8
L7
10
52.129310727460435
20
-55.44011976047904
0
VERTEX
8
L7
10
52.129952362857395
20
-55.44990922489555
0
VERTEX
8
L7
10
52.13186629048876
20
-55.45953118886173
0
VERTEX
8
L7
10
52.13501976252208
20
-55.46882101790643
0
VERTEX
8
L7
10
52.13935882217659
20
-55.477619760479044
0
VERTEX
8
L7
10
52.14480922693859
20
-55.4857768676547
0
VERTEX
8
L7
10
52.15127771887144
20
-55.49315276906803
0
VERTEX
8
L7
10
52.15865362028477
20
-55.49962126100089
0
VERTEX
8
L7
10
52.16681072746043
20
-55.50507166576288
0
VERTEX
8
L7
10
52.17560947003305
20
-55.50941072541739
0
VERTEX
8
L7
10
52.18489929907774
20
-55.51256419745072
0
VERTEX
8
L7
10
52.19452126304394
20
-55.51447812508208
0
VERTEX
8
L7
10
52.204310727460424
20
-55.515119760479045
0
VERTEX
8
L7
10
52.21410019187694
20
-55.51447812508208
0
VERTEX
8
L7
10
52.223722155843106
20
-55.51256419745072
0
VERTEX
8
L7
10
52.233011984887824
20
-55.50941072541739
0
VERTEX
8
L7
10
52.24181072746042
20
-55.50507166576288
0
VERTEX
8
L7
10
52.24996783463608
20
-55.49962126100089
0
VERTEX
8
L7
10
52.25734373604941
20
-55.49315276906803
0
VERTEX
8
L7
10
52.263812227982285
20
-55.4857768676547
0
VERTEX
8
L7
10
52.26926263274426
20
-55.477619760479044
0
VERTEX
8
L7
10
52.27360169239877
20
-55.46882101790643
0
VERTEX
8
L7
10
52.27675516443212
20
-55.45953118886173
0
VERTEX
8
L7
10
52.27866909206345
20
-55.44990922489555
0
VERTEX
8
L7
10
52.27931072746044
20
-55.44011976047904
0
VERTEX
8
L7
10
52.27866909206345
20
-55.43033029606254
0
VERTEX
8
L7
10
52.27675516443212
20
-55.42070833209635
0
VERTEX
8
L7
10
52.27360169239877
20
-55.411418503051664
0
VERTEX
8
L7
10
52.26926263274426
20
-55.40261976047904
0
VERTEX
8
L7
10
52.263812227982285
20
-55.39446265330339
0
VERTEX
8
L7
10
52.25734373604941
20
-55.38708675189005
0
VERTEX
8
L7
10
52.24996783463608
20
-55.3806182599572
0
VERTEX
8
L7
10
52.24181072746042
20
-55.37516785519521
0
VERTEX
8
L7
10
52.233011984887824
20
-55.370828795540696
0
VERTEX
8
L7
10
52.223722155843106
20
-55.36767532350736
0
VERTEX
8
L7
10
52.21410019187694
20
-55.36576139587601
0
VERTEX
8
L7
10
52.204310727460424
20
-55.36511976047905
0
SEQEND
0
POLYLINE
8
L7
66
1
70
1
0
VERTEX
8
L7
10
48.50299401197604
20
-54.29625748502994
0
VERTEX
8
L7
10
48.49320454755956
20
-54.29689912042691
0
VERTEX
8
L7
10
48.48358258359336
20
-54.298813048058264
0
VERTEX
8
L7
10
48.47429275454867
20
-54.3019665200916
0
VERTEX
8
L7
10
48.46549401197605
20
-54.30630557974611
0
VERTEX
8
L7
10
48.457336904800385
20
-54.311755984508096
0
VERTEX
8
L7
10
48.44996100338706
20
-54.31822447644095
0
VERTEX
8
L7
10
48.44349251145421
20
-54.325600377854286
0
VERTEX
8
L7
10
48.43804210669221
20
-54.33375748502994
0
VERTEX
8
L7
10
48.433703047037696
20
-54.34255622760256
0
VERTEX
8
L7
10
48.43054957500438
20
-54.351846056647254
0
VERTEX
8
L7
10
48.428635647373014
20
-54.36146802061344
0
VERTEX
8
L7
10
48.427994011976054
20
-54.37125748502994
0
VERTEX
8
L7
10
48.428635647373014
20
-54.38104694944644
0
VERTEX
8
L7
10
48.43054957500438
20
-54.39066891341263
0
VERTEX
8
L7
10
48.433703047037696
20
-54.39995874245732
0
VERTEX
8
L7
10
48.43804210669221
20
-54.408757485029945
0
VERTEX
8
L7
10
48.44349251145421
20
-54.41691459220559
0
VERTEX
8
L7
10
48.44996100338706
20
-54.42429049361893
0
VERTEX
8
L7
10
48.457336904800385
20
-54.43075898555178
0
VERTEX
8
L7
10
48.46549401197605
20
-54.43620939031378
0
VERTEX
8
L7
10
48.47429275454867
20
-54.44054844996829
0
VERTEX
8
L7
10
48.48358258359336
20
-54.44370192200162
0
VERTEX
8
L7
10
48.49320454755956
20
-54.44561584963298
0
VERTEX
8
L7
10
48.50299401197604
20
-54.44625748502994
0
VERTEX
8
L7
10
48.512783476392556
20
-54.44561584963298
0
VERTEX
8
L7
10
48.52240544035875
20
-54.44370192200162
0
VERTEX
8
L7
10
48.53169526940344
20
-54.44054844996829
0
VERTEX
8
L7
10
48.54049401197604
20
-54.43620939031378
0
VERTEX
8
L7
10
48.5486511191517
20
-54.43075898555178
0
VERTEX
8
L7
10
48.556027020565054
20
-54.42429049361893
0
VERTEX
8
L7
10
48.562495512497904
20
-54.41691459220559
0
VERTEX
8
L7
10
48.56794591725988
20
-54.408757485029945
0
VERTEX
8
L7
10
48.57228497691439
20
-54.39995874245732
0
VERTEX
8
L7
10
48.575438448947736
20
-54.39066891341263
0
VERTEX
8
L7
10
48.5773523765791
20
-54.38104694944644
0
VERTEX
8
L7
10
48.57799401197606
20
-54.37125748502994
0
VERTEX
8
L7
10
48.5773523765791
20
-54.36146802061344
0
VERTEX
8
L7
10
48.575438448947736
20
-54.351846056647254
0
VERTEX
8
L7
10
48.57228497691439
20
-54.34255622760256
0
VERTEX
8
L7
10
48.56794591725988
20
-54.33375748502994
0
VERTEX
8
L7
10
48.562495512497904
20
-54.325600377854286
0
VERTEX
8
L7
10
48.556027020565054
20
-54.31822447644095
0
VERTEX
8
L7
10
48.5486511191517
20
-54.311755984508096
0
VERTEX
8
L7
10
48.540494011976065
20
-54.30630557974611
0
VERTEX
8
L7
10
48.53169526940344
20
-54.3019665200916
0
VERTEX
8
L7
10
48.52240544035875
20
-54.298813048058264
0
VERTEX
8
L7
10
48.512783476392556
20
-54.29689912042691
0
VERTEX
8
L7
10
48.50299401197604
20
-54.29625748502994
0
SEQEND
0
POLYLINE
8
L7
66
1
70
1
0
VERTEX
8
L7
10
48.50299401197604
20
-55.254341317365274
0
VERTEX
8
L7
10
48.49320454755956
20
-55.254982952762234
0
VERTEX
8
L7
10
48.48358258359336
20
-55.25689688039359
0
VERTEX
8
L7
10
48.47429275454867
20
-55.26005035242692
0
VERTEX
8
L7
10
48.46549401197605
20
-55.264389412081435
0
VERTEX
8
L7
10
48.457336904800385
20
-55.26983981684343
0
VERTEX
8
L7
10
48.44996100338706
20
-55.27630830877628
0
VERTEX
8
L7
10
48.44349251145421
20
-55.28368421018962
0
VERTEX
8
L7
10
48.43804210669221
20
-55.29184131736527
0
VERTEX
8
L7
10
48.433703047037696
20
-55.30064005993789
0
VERTEX
8
L7
10
48.43054957500438
20
-55.30992988898258
0
VERTEX
8
L7
10
48.428635647373014
20
-55.31955185294877
0
VERTEX
8
L7
10
48.427994011976054
20
-55.32934131736527
0
VERTEX
8
L7
10
48.428635647373014
20
-55.339130781781776
0
VERTEX
8
L7
10
48.43054957500438
20
-55.34875274574796
0
VERTEX
8
L7
10
48.433703047037696
20
-55.358042574792655
0
VERTEX
8
L7
10
48.43804210669221
20
-55.36684131736527
0
VERTEX
8
L7
10
48.44349251145421
20
-55.37499842454093
0
VERTEX
8
L7
10
48.44996100338706
20
-55.38237432595426
0
VERTEX
8
L7
10
48.457336904800385
20
-55.38884281788712
0
VERTEX
8
L7
10
48.46549401197605
20
-55.394293222649104
0
VERTEX
8
L7
10
48.47429275454867
20
-55.398632282303616
0
VERTEX
8
L7
10
48.48358258359336
20
-55.40178575433695
0
VERTEX
8
L7
10
48.49320454755956
20
-55.403699681968305
0
VERTEX
8
L7
10
48.50299401197604
20
-55.40434131736527
0
VERTEX
8
L7
10
48.512783476392556
20
-55.403699681968305
0
VERTEX
8
L7
10
48.52240544035875
20
-55.40178575433695
0
VERTEX
8
L7
10
48.53169526940344
20
-55.398632282303616
0
VERTEX
8
L7
10
48.54049401197604
20
-55.394293222649104
0
VERTEX
8
L7
10
48.5486511191517
20
-55.38884281788712
0
VERTEX
8
L7
10
48.556027020565054
20
-55.38237432595426
0
VERTEX
8
L7
10
48.562495512497904
20
-55.37499842454093
0
VERTEX
8
L7
10
48.56794591725988
20
-55.36684131736527
0
VERTEX
8
L7
10
48.57228497691439
20
-55.358042574792655
0
VERTEX
8
L7
10
48.575438448947736
20
-55.34875274574796
0
VERTEX
8
L7
10
48.5773523765791
20
-55.339130781781776
0
VERTEX
8
L7
10
48.57799401197606
20
-55.32934131736527
0
VERTEX
8
L7
10
48.5773523765791
20
-55.31955185294877
0
VERTEX
8
L7
10
48.575438448947736
20
-55.30992988898258
0
VERTEX
8
L7
10
48.57228497691439
20
-55.30064005993789
0
VERTEX
8
L7
10
48.56794591725988
20
-55.29184131736527
0
VERTEX
8
L7
10
48.562495512497904
20
-55.28368421018962
0
VERTEX
8
L7
10
48.556027020565054
20
-55.27630830877628
0
VERTEX
8
L7
10
48.5486511191517
20
-55.26983981684343
0
VERTEX
8
L7
10
48.540494011976065
20
-55.264389412081435
0
VERTEX
8
L7
10
48.53169526940344
20
-55.26005035242692
0
VERTEX
8
L7
10
48.52240544035875
20
-55.25689688039359
0
VERTEX
8
L7
10
48.512783476392556
20
-55.254982952762234
0
VERTEX
8
L7
10
48.50299401197604
20
-55.254341317365274
0
SEQEND
0
POLYLINE
8
L7
66
1
70
1
0
VERTEX
8
L7
10
48.50299401197604
20
-56.2124251497006
0
VERTEX
8
L7
10
48.49320454755956
20
-56.21306678509757
0
VERTEX
8
L7
10
48.48358258359336
20
-56.21498071272892
0
VERTEX
8
L7
10
48.47429275454867
20
-56.218134184762256
0
VERTEX
8
L7
10
48.46549401197605
20
-56.22247324441677
0
VERTEX
8
L7
10
48.457336904800385
20
-56.227923649178756
0
VERTEX
8
L7
10
48.44996100338706
20
-56.234392141111606
0
VERTEX
8
L7
10
48.44349251145421
20
-56.241768042524946
0
VERTEX
8
L7
10
48.43804210669221
20
-56.2499251497006
0
VERTEX
8
L7
10
48.433703047037696
20
-56.25872389227322
0
VERTEX
8
L7
10
48.43054957500438
20
-56.268013721317914
0
VERTEX
8
L7
10
48.428635647373014
20
-56.277635685284096
0
VERTEX
8
L7
10
48.427994011976054
20
-56.2874251497006
0
VERTEX
8
L7
10
48.428635647373014
20
-56.2972146141171
0
VERTEX
8
L7
10
48.43054957500438
20
-56.30683657808329
0
VERTEX
8
L7
10
48.433703047037696
20
-56.31612640712798
0
VERTEX
8
L7
10
48.43804210669221
20
-56.3249251497006
0
VERTEX
8
L7
10
48.44349251145421
20
-56.33308225687625
0
VERTEX
8
L7
10
48.44996100338706
20
-56.34045815828959
0
VERTEX
8
L7
10
48.457336904800385
20
-56.34692665022244
0
VERTEX
8
L7
10
48.46549401197605
20
-56.35237705498443
0
VERTEX
8
L7
10
48.47429275454867
20
-56.35671611463895
0
VERTEX
8
L7
10
48.48358258359336
20
-56.35986958667228
0
VERTEX
8
L7
10
48.49320454755956
20
-56.36178351430364
0
VERTEX
8
L7
10
48.50299401197604
20
-56.3624251497006
0
VERTEX
8
L7
10
48.512783476392556
20
-56.36178351430364
0
VERTEX
8
L7
10
48.52240544035875
20
-56.35986958667228
0
VERTEX
8
L7
10
48.53169526940344
20
-56.35671611463895
0
VERTEX
8
L7
10
48.54049401197604
20
-56.35237705498443
0
VERTEX
8
L7
10
48.5486511191517
20
-56.34692665022244
0
VERTEX
8
L7
10
48.556027020565054
20
-56.34045815828959
0
VERTEX
8
L7
10
48.562495512497904
20
-56.33308225687625
0
VERTEX
8
L7
10
48.56794591725988
20
-56.3249251497006
0
VERTEX
8
L7
10
48.57228497691439
20
-56.31612640712798
0
VERTEX
8
L7
10
48.575438448947736
20
-56.30683657808329
0
VERTEX
8
L7
10
48.5773523765791
20
-56.2972146141171
0
VERTEX
8
L7
10
48.57799401197606
20
-56.2874251497006
0
VERTEX
8
L7
10
48.5773523765791
20
-56.277635685284096
0
VERTEX
8
L7
10
48.575438448947736
20
-56.268013721317914
0
VERTEX
8
L7
10
48.57228497691439
20
-56.25872389227322
0
VERTEX
8
L7
10
48.56794591725988
20
-56.2499251497006
0
VERTEX
8
L7
10
48.562495512497904
20
-56.241768042524946
0
VERTEX
8
L7
10
48.556027020565054
20
-56.234392141111606
0
VERTEX
8
L7
10
48.5486511191517
20
-56.227923649178756
0
VERTEX
8
L7
10
48.540494011976065
20
-56.22247324441677
0
VERTEX
8
L7
10
48.53169526940344
20
-56.218134184762256
0
VERTEX
8
L7
10
48.52240544035875
20
-56.21498071272892
0
VERTEX
8
L7
10
48.512783476392556
20
-56.21306678509757
0
VERTEX
8
L7
10
48.50299401197604
20
-56.2124251497006
0
SEQEND
0
ENDBLK
0
ENDSEC
0
SECTION
2
ENTITIES
0
INSERT
2
LDI_XFL94-0512-011_L7_B1
8
L7
10
0
20
0.0
30
0
0
INSERT
2
LDI_XFL94-0512-011_L7_B1
8
L7
10
0
20
4.790419161676647
30
0
0
INSERT
2
LDI_XFL94-0512-011_L7_B1
8
L7
10
0
20
9.580838323353294
30
0
0
INSERT
2
LDI_XFL94-0512-011_L7_B1
8
L7
10
0
20
14.371257485029941
30
0
0
INSERT
2
LDI_XFL94-0512-011_L7_B1
8
L7
10
0
20
19.16167664670659
30
0
0
INSERT
2
LDI_XFL94-0512-011_L7_B1
8
L7
10
0
20
23.952095808383234
30
0
0
INSERT
2
LDI_XFL94-0512-011_L7_B1
8
L7
10
0
20
28.742514970059883
30
0
0
INSERT
2
LDI_XFL94-0512-011_L7_B1
8
L7
10
0
20
33.53293413173653
30
0
0
INSERT
2
LDI_XFL94-0512-011_L7_B1
8
L7
10
0
20
38.32335329341318
30
0
0
INSERT
2
LDI_XFL94-0512-011_L7_B1
8
L7
10
0
20
43.11377245508982
30
0
0
INSERT
2
LDI_XFL94-0512-011_L7_B1
8
L7
10
0
20
47.90419161676647
30
0
0
INSERT
2
LDI_XFL94-0512-011_L7_B1
8
L7
10
0
20
52.69461077844312
30
0
0
INSERT
2
LDI_XFL94-0512-011_L7_B1
8
L7
10
0
20
57.485029940119766
30
0
0
INSERT
2
LDI_XFL94-0512-011_L7_B1
8
L7
10
0
20
62.27544910179641
30
0
0
INSERT
2
LDI_XFL94-0512-011_L7_B1
8
L7
10
0
20
67.06586826347306
30
0
0
INSERT
2
LDI_XFL94-0512-011_L7_B1
8
L7
10
0
20
71.8562874251497
30
0
0
INSERT
2
LDI_XFL94-0512-011_L7_B1
8
L7
10
0
20
76.64670658682635
30
0
0
INSERT
2
LDI_XFL94-0512-011_L7_B1
8
L7
10
0
20
81.43712574850301
30
0
0
INSERT
2
LDI_XFL94-0512-011_L7_B1
8
L7
10
0
20
86.22754491017965
30
0
0
INSERT
2
LDI_XFL94-0512-011_L7_B1
8
L7
10
0
20
91.0179640718563
30
0
0
INSERT
2
LDI_XFL94-0512-011_L7_B1
8
L7
10
0
20
95.80838323353294
30
0
0
INSERT
2
LDI_XFL94-0512-011_L7_B1
8
L7
10
0
20
100.59880239520959
30
0
0
INSERT
2
LDI_XFL94-0512-011_L7_B1
8
L7
10
0
20
105.38922155688624
30
0
0
INSERT
2
LDI_XFL94-0512-011_L7_B1
8
L7
10
0
20
110.17964071856288
30
0
0
POLYLINE
8
L7
66
1
70
1
40
0.1
41
0.1
0
VERTEX
8
L7
10
-61.5
20
-61.2
42
1.0
0
VERTEX
8
L7
10
-60.900000000000006
20
-61.2
42
1.0
0
SEQEND
0
POLYLINE
8
L7
66
1
70
1
40
0.1
41
0.1
0
VERTEX
8
L7
10
-61.5
20
61.2
42
1.0
0
VERTEX
8
L7
10
-60.900000000000006
20
61.2
42
1.0
0
SEQEND
0
POLYLINE
8
L7
66
1
70
1
40
0.1
41
0.1
0
VERTEX
8
L7
10
60.90000000000002
20
-61.2
42
1.0
0
VERTEX
8
L7
10
61.499999999999986
20
-61.2
42
1.0
0
SEQEND
0
POLYLINE
8
L7
66
1
70
1
40
0.1
41
0.1
0
VERTEX
8
L7
10
60.90000000000002
20
61.2
42
1.0
0
VERTEX
8
L7
10
61.499999999999986
20
61.2
42
1.0
0
SEQEND
0
POLYLINE
8
L7
66
1
70
1
0
VERTEX
8
L7
10
-64.46966991411009
20
-64.46966991411009
40
0.08
41
0.08
0
VERTEX
8
L7
10
-65.53033008588991
20
-65.53033008588991
40
0.08
41
0.08
0
SEQEND
0
POLYLINE
8
L7
66
1
70
1
0
VERTEX
8
L7
10
-64.46966991411009
20
-65.53033008588991
40
0.08
41
0.08
0
VERTEX
8
L7
10
-65.53033008588991
20
-64.46966991411009
40
0.08
41
0.08
0
SEQEND
0
POLYLINE
8
L7
66
1
70
1
0
VERTEX
8
L7
10
-64.46966991411009
20
65.53033008588993
40
0.08
41
0.08
0
VERTEX
8
L7
10
-65.53033008588991
20
64.4696699141101
40
0.08
41
0.08
0
SEQEND
0
POLYLINE
8
L7
66
1
70
1
0
VERTEX
8
L7
10
-64.46966991411009
20
64.4696699141101
40
0.08
41
0.08
0
VERTEX
8
L7
10
-65.53033008588991
20
65.53033008588993
40
0.08
41
0.08
0
SEQEND
0
POLYLINE
8
L7
66
1
70
1
0
VERTEX
8
L7
10
65.53033008588993
20
65.53033008588993
40
0.08
41
0.08
0
VERTEX
8
L7
10
64.4696699141101
20
64.4696699141101
40
0.08
41
0.08
0
SEQEND
0
POLYLINE
8
L7
66
1
70
1
0
VERTEX
8
L7
10
65.53033008588993
20
64.4696699141101
40
0.08
41
0.08
0
VERTEX
8
L7
10
64.4696699141101
20
65.53033008588993
40
0.08
41
0.08
0
SEQEND
0
POLYLINE
8
L7
66
1
70
1
0
VERTEX
8
L7
10
65.74999999999999
20
-65.0
40
0.08
41
0.08
0
VERTEX
8
L7
10
64.24999999999999
20
-65.0
40
0.08
41
0.08
0
SEQEND
0
POLYLINE
8
L7
66
1
70
1
0
VERTEX
8
L7
10
64.99999999999999
20
-64.25
40
0.08
41
0.08
0
VERTEX
8
L7
10
64.99999999999999
20
-65.75
40
0.08
41
0.08
0
SEQEND
0
POLYLINE
8
L7
66
1
70
1
0
VERTEX
8
L7
10
-53.89221556886228
20
-61.2
40
0.08
41
0.08
0
VERTEX
8
L7
10
-53.89221556886228
20
-64.2
40
0.08
41
0.08
0
SEQEND
0
POLYLINE
8
L7
66
1
70
1
0
VERTEX
8
L7
10
-53.89221556886228
20
61.2
40
0.08
41
0.08
0
VERTEX
8
L7
10
-53.89221556886228
20
64.2
40
0.08
41
0.08
0
SEQEND
0
POLYLINE
8
L7
66
1
70
1
0
VERTEX
8
L7
10
-43.11377245508983
20
-61.2
40
0.08
41
0.08
0
VERTEX
8
L7
10
-43.11377245508983
20
-64.2
40
0.08
41
0.08
0
SEQEND
0
POLYLINE
8
L7
66
1
70
1
0
VERTEX
8
L7
10
-43.11377245508983
20
61.2
40
0.08
41
0.08
0
VERTEX
8
L7
10
-43.11377245508983
20
64.2
40
0.08
41
0.08
0
SEQEND
0
POLYLINE
8
L7
66
1
70
1
0
VERTEX
8
L7
10
-32.33532934131736
20
-61.2
40
0.08
41
0.08
0
VERTEX
8
L7
10
-32.33532934131736
20
-64.2
40
0.08
41
0.08
0
SEQEND
0
POLYLINE
8
L7
66
1
70
1
0
VERTEX
8
L7
10
-32.33532934131736
20
61.2
40
0.08
41
0.08
0
VERTEX
8
L7
10
-32.33532934131736
20
64.2
40
0.08
41
0.08
0
SEQEND
0
POLYLINE
8
L7
66
1
70
1
0
VERTEX
8
L7
10
-21.556886227544908
20
-61.2
40
0.08
41
0.08
0
VERTEX
8
L7
10
-21.556886227544908
20
-64.2
40
0.08
41
0.08
0
SEQEND
0
POLYLINE
8
L7
66
1
70
1
0
VERTEX
8
L7
10
-21.556886227544908
20
61.2
40
0.08
41
0.08
0
VERTEX
8
L7
10
-21.556886227544908
20
64.2
40
0.08
41
0.08
0
SEQEND
0
POLYLINE
8
L7
66
1
70
1
0
VERTEX
8
L7
10
-10.778443113772454
20
-61.2
40
0.08
41
0.08
0
VERTEX
8
L7
10
-10.778443113772454
20
-64.2
40
0.08
41
0.08
0
SEQEND
0
POLYLINE
8
L7
66
1
70
1
0
VERTEX
8
L7
10
-10.778443113772454
20
61.2
40
0.08
41
0.08
0
VERTEX
8
L7
10
-10.778443113772454
20
64.2
40
0.08
41
0.08
0
SEQEND
0
POLYLINE
8
L7
66
1
70
1
0
VERTEX
8
L7
10
0.0
20
-61.2
40
0.08
41
0.08
0
VERTEX
8
L7
10
0.0
20
-64.2
40
0.08
41
0.08
0
SEQEND
0
POLYLINE
8
L7
66
1
70
1
0
VERTEX
8
L7
10
0.0
20
61.2
40
0.08
41
0.08
0
VERTEX
8
L7
10
0.0
20
64.2
40
0.08
41
0.08
0
SEQEND
0
POLYLINE
8
L7
66
1
70
1
0
VERTEX
8
L7
10
10.778443113772468
20
-61.2
40
0.08
41
0.08
0
VERTEX
8
L7
10
10.778443113772468
20
-64.2
40
0.08
41
0.08
0
SEQEND
0
POLYLINE
8
L7
66
1
70
1
0
VERTEX
8
L7
10
10.778443113772468
20
61.2
40
0.08
41
0.08
0
VERTEX
8
L7
10
10.778443113772468
20
64.2
40
0.08
41
0.08
0
SEQEND
0
POLYLINE
8
L7
66
1
70
1
0
VERTEX
8
L7
10
21.556886227544922
20
-61.2
40
0.08
41
0.08
0
VERTEX
8
L7
10
21.556886227544922
20
-64.2
40
0.08
41
0.08
0
SEQEND
0
POLYLINE
8
L7
66
1
70
1
0
VERTEX
8
L7
10
21.556886227544922
20
61.2
40
0.08
41
0.08
0
VERTEX
8
L7
10
21.556886227544922
20
64.2
40
0.08
41
0.08
0
SEQEND
0
POLYLINE
8
L7
66
1
70
1
0
VERTEX
8
L7
10
32.335329341317376
20
-61.2
40
0.08
41
0.08
0
VERTEX
8
L7
10
32.335329341317376
20
-64.2
40
0.08
41
0.08
0
SEQEND
0
POLYLINE
8
L7
66
1
70
1
0
VERTEX
8
L7
10
32.335329341317376
20
61.2
40
0.08
41
0.08
0
VERTEX
8
L7
10
32.335329341317376
20
64.2
40
0.08
41
0.08
0
SEQEND
0
POLYLINE
8
L7
66
1
70
1
0
VERTEX
8
L7
10
43.11377245508983
20
-61.2
40
0.08
41
0.08
0
VERTEX
8
L7
10
43.11377245508983
20
-64.2
40
0.08
41
0.08
0
SEQEND
0
POLYLINE
8
L7
66
1
70
1
0
VERTEX
8
L7
10
43.11377245508983
20
61.2
40
0.08
41
0.08
0
VERTEX
8
L7
10
43.11377245508983
20
64.2
40
0.08
41
0.08
0
SEQEND
0
POLYLINE
8
L7
66
1
70
1
0
VERTEX
8
L7
10
53.892215568862284
20
-61.2
40
0.08
41
0.08
0
VERTEX
8
L7
10
53.892215568862284
20
-64.2
40
0.08
41
0.08
0
SEQEND
0
POLYLINE
8
L7
66
1
70
1
0
VERTEX
8
L7
10
53.892215568862284
20
61.2
40
0.08
41
0.08
0
VERTEX
8
L7
10
53.892215568862284
20
64.2
40
0.08
41
0.08
0
SEQEND
0
POLYLINE
8
L7
66
1
70
1
0
VERTEX
8
L7
10
-61.2
20
-57.485029940119766
40
0.08
41
0.08
0
VERTEX
8
L7
10
-64.2
20
-57.485029940119766
40
0.08
41
0.08
0
SEQEND
0
POLYLINE
8
L7
66
1
70
1
0
VERTEX
8
L7
10
61.2
20
-57.485029940119766
40
0.08
41
0.08
0
VERTEX
8
L7
10
64.2
20
-57.485029940119766
40
0.08
41
0.08
0
SEQEND
0
POLYLINE
8
L7
66
1
70
1
0
VERTEX
8
L7
10
-61.2
20
-52.69461077844312
40
0.08
41
0.08
0
VERTEX
8
L7
10
-64.2
20
-52.69461077844312
40
0.08
41
0.08
0
SEQEND
0
POLYLINE
8
L7
66
1
70
1
0
VERTEX
8
L7
10
61.2
20
-52.69461077844312
40
0.08
41
0.08
0
VERTEX
8
L7
10
64.2
20
-52.69461077844312
40
0.08
41
0.08
0
SEQEND
0
POLYLINE
8
L7
66
1
70
1
0
VERTEX
8
L7
10
-61.2
20
-47.90419161676647
40
0.08
41
0.08
0
VERTEX
8
L7
10
-64.2
20
-47.90419161676647
40
0.08
41
0.08
0
SEQEND
0
POLYLINE
8
L7
66
1
70
1
0
VERTEX
8
L7
10
61.2
20
-47.90419161676647
40
0.08
41
0.08
0
VERTEX
8
L7
10
64.2
20
-47.90419161676647
40
0.08
41
0.08
0
SEQEND
0
POLYLINE
8
L7
66
1
70
1
0
VERTEX
8
L7
10
-61.2
20
-43.11377245508983
40
0.08
41
0.08
0
VERTEX
8
L7
10
-64.2
20
-43.11377245508983
40
0.08
41
0.08
0
SEQEND
0
POLYLINE
8
L7
66
1
70
1
0
VERTEX
8
L7
10
61.2
20
-43.11377245508983
40
0.08
41
0.08
0
VERTEX
8
L7
10
64.2
20
-43.11377245508983
40
0.08
41
0.08
0
SEQEND
0
POLYLINE
8
L7
66
1
70
1
0
VERTEX
8
L7
10
-61.2
20
-38.32335329341318
40
0.08
41
0.08
0
VERTEX
8
L7
10
-64.2
20
-38.32335329341318
40
0.08
41
0.08
0
SEQEND
0
POLYLINE
8
L7
66
1
70
1
0
VERTEX
8
L7
10
61.2
20
-38.32335329341318
40
0.08
41
0.08
0
VERTEX
8
L7
10
64.2
20
-38.32335329341318
40
0.08
41
0.08
0
SEQEND
0
POLYLINE
8
L7
66
1
70
1
0
VERTEX
8
L7
10
-61.2
20
-33.532934131736525
40
0.08
41
0.08
0
VERTEX
8
L7
10
-64.2
20
-33.532934131736525
40
0.08
41
0.08
0
SEQEND
0
POLYLINE
8
L7
66
1
70
1
0
VERTEX
8
L7
10
61.2
20
-33.532934131736525
40
0.08
41
0.08
0
VERTEX
8
L7
10
64.2
20
-33.532934131736525
40
0.08
41
0.08
0
SEQEND
0
POLYLINE
8
L7
66
1
70
1
0
VERTEX
8
L7
10
-61.2
20
-28.742514970059887
40
0.08
41
0.08
0
VERTEX
8
L7
10
-64.2
20
-28.742514970059887
40
0.08
41
0.08
0
SEQEND
0
POLYLINE
8
L7
66
1
70
1
0
VERTEX
8
L7
10
61.2
20
-28.742514970059887
40
0.08
41
0.08
0
VERTEX
8
L7
10
64.2
20
-28.742514970059887
40
0.08
41
0.08
0
SEQEND
0
POLYLINE
8
L7
66
1
70
1
0
VERTEX
8
L7
10
-61.2
20
-23.952095808383234
40
0.08
41
0.08
0
VERTEX
8
L7
10
-64.2
20
-23.952095808383234
40
0.08
41
0.08
0
SEQEND
0
POLYLINE
8
L7
66
1
70
1
0
VERTEX
8
L7
10
61.2
20
-23.952095808383234
40
0.08
41
0.08
0
VERTEX
8
L7
10
64.2
20
-23.952095808383234
40
0.08
41
0.08
0
SEQEND
0
POLYLINE
8
L7
66
1
70
1
0
VERTEX
8
L7
10
-61.2
20
-19.161676646706596
40
0.08
41
0.08
0
VERTEX
8
L7
10
-64.2
20
-19.161676646706596
40
0.08
41
0.08
0
SEQEND
0
POLYLINE
8
L7
66
1
70
1
0
VERTEX
8
L7
10
61.2
20
-19.161676646706596
40
0.08
41
0.08
0
VERTEX
8
L7
10
64.2
20
-19.161676646706596
40
0.08
41
0.08
0
SEQEND
0
POLYLINE
8
L7
66
1
70
1
0
VERTEX
8
L7
10
-61.2
20
-14.371257485029943
40
0.08
41
0.08
0
VERTEX
8
L7
10
-64.2
20
-14.371257485029943
40
0.08
41
0.08
0
SEQEND
0
POLYLINE
8
L7
66
1
70
1
0
VERTEX
8
L7
10
61.2
20
-14.371257485029943
40
0.08
41
0.08
0
VERTEX
8
L7
10
64.2
20
-14.371257485029943
40
0.08
41
0.08
0
SEQEND
0
POLYLINE
8
L7
66
1
70
1
0
VERTEX
8
L7
10
-61.2
20
-9.58083832335329
40
0.08
41
0.08
0
VERTEX
8
L7
10
-64.2
20
-9.58083832335329
40
0.08
41
0.08
0
SEQEND
0
POLYLINE
8
L7
66
1
70
1
0
VERTEX
8
L7
10
61.2
20
-9.58083832335329
40
0.08
41
0.08
0
VERTEX
8
L7
10
64.2
20
-9.58083832335329
40
0.08
41
0.08
0
SEQEND
0
POLYLINE
8
L7
66
1
70
1
0
VERTEX
8
L7
10
-61.2
20
-4.790419161676638
40
0.08
41
0.08
0
VERTEX
8
L7
10
-64.2
20
-4.790419161676638
40
0.08
41
0.08
0
SEQEND
0
POLYLINE
8
L7
66
1
70
1
0
VERTEX
8
L7
10
61.2
20
-4.790419161676638
40
0.08
41
0.08
0
VERTEX
8
L7
10
64.2
20
-4.790419161676638
40
0.08
41
0.08
0
SEQEND
0
POLYLINE
8
L7
66
1
70
1
0
VERTEX
8
L7
10
-61.2
20
0.0
40
0.08
41
0.08
0
VERTEX
8
L7
10
-64.2
20
0.0
40
0.08
41
0.08
0
SEQEND
0
POLYLINE
8
L7
66
1
70
1
0
VERTEX
8
L7
10
61.2
20
0.0
40
0.08
41
0.08
0
VERTEX
8
L7
10
64.2
20
0.0
40
0.08
41
0.08
0
SEQEND
0
POLYLINE
8
L7
66
1
70
1
0
VERTEX
8
L7
10
-61.2
20
4.790419161676638
40
0.08
41
0.08
0
VERTEX
8
L7
10
-64.2
20
4.790419161676638
40
0.08
41
0.08
0
SEQEND
0
POLYLINE
8
L7
66
1
70
1
0
VERTEX
8
L7
10
61.2
20
4.790419161676638
40
0.08
41
0.08
0
VERTEX
8
L7
10
64.2
20
4.790419161676638
40
0.08
41
0.08
0
SEQEND
0
POLYLINE
8
L7
66
1
70
1
0
VERTEX
8
L7
10
-61.2
20
9.58083832335329
40
0.08
41
0.08
0
VERTEX
8
L7
10
-64.2
20
9.58083832335329
40
0.08
41
0.08
0
SEQEND
0
POLYLINE
8
L7
66
1
70
1
0
VERTEX
8
L7
10
61.2
20
9.58083832335329
40
0.08
41
0.08
0
VERTEX
8
L7
10
64.2
20
9.58083832335329
40
0.08
41
0.08
0
SEQEND
0
POLYLINE
8
L7
66
1
70
1
0
VERTEX
8
L7
10
-61.2
20
14.371257485029943
40
0.08
41
0.08
0
VERTEX
8
L7
10
-64.2
20
14.371257485029943
40
0.08
41
0.08
0
SEQEND
0
POLYLINE
8
L7
66
1
70
1
0
VERTEX
8
L7
10
61.2
20
14.371257485029943
40
0.08
41
0.08
0
VERTEX
8
L7
10
64.2
20
14.371257485029943
40
0.08
41
0.08
0
SEQEND
0
POLYLINE
8
L7
66
1
70
1
0
VERTEX
8
L7
10
-61.2
20
19.161676646706596
40
0.08
41
0.08
0
VERTEX
8
L7
10
-64.2
20
19.161676646706596
40
0.08
41
0.08
0
SEQEND
0
POLYLINE
8
L7
66
1
70
1
0
VERTEX
8
L7
10
61.2
20
19.161676646706596
40
0.08
41
0.08
0
VERTEX
8
L7
10
64.2
20
19.161676646706596
40
0.08
41
0.08
0
SEQEND
0
POLYLINE
8
L7
66
1
70
1
0
VERTEX
8
L7
10
-61.2
20
23.95209580838325
40
0.08
41
0.08
0
VERTEX
8
L7
10
-64.2
20
23.95209580838325
40
0.08
41
0.08
0
SEQEND
0
POLYLINE
8
L7
66
1
70
1
0
VERTEX
8
L7
10
61.2
20
23.95209580838325
40
0.08
41
0.08
0
VERTEX
8
L7
10
64.2
20
23.95209580838325
40
0.08
41
0.08
0
SEQEND
0
POLYLINE
8
L7
66
1
70
1
0
VERTEX
8
L7
10
-61.2
20
28.742514970059872
40
0.08
41
0.08
0
VERTEX
8
L7
10
-64.2
20
28.742514970059872
40
0.08
41
0.08
0
SEQEND
0
POLYLINE
8
L7
66
1
70
1
0
VERTEX
8
L7
10
61.2
20
28.742514970059872
40
0.08
41
0.08
0
VERTEX
8
L7
10
64.2
20
28.742514970059872
40
0.08
41
0.08
0
SEQEND
0
POLYLINE
8
L7
66
1
70
1
0
VERTEX
8
L7
10
-61.2
20
33.532934131736525
40
0.08
41
0.08
0
VERTEX
8
L7
10
-64.2
20
33.532934131736525
40
0.08
41
0.08
0
SEQEND
0
POLYLINE
8
L7
66
1
70
1
0
VERTEX
8
L7
10
61.2
20
33.532934131736525
40
0.08
41
0.08
0
VERTEX
8
L7
10
64.2
20
33.532934131736525
40
0.08
41
0.08
0
SEQEND
0
POLYLINE
8
L7
66
1
70
1
0
VERTEX
8
L7
10
-61.2
20
38.32335329341318
40
0.08
41
0.08
0
VERTEX
8
L7
10
-64.2
20
38.32335329341318
40
0.08
41
0.08
0
SEQEND
0
POLYLINE
8
L7
66
1
70
1
0
VERTEX
8
L7
10
61.2
20
38.32335329341318
40
0.08
41
0.08
0
VERTEX
8
L7
10
64.2
20
38.32335329341318
40
0.08
41
0.08
0
SEQEND
0
POLYLINE
8
L7
66
1
70
1
0
VERTEX
8
L7
10
-61.2
20
43.11377245508983
40
0.08
41
0.08
0
VERTEX
8
L7
10
-64.2
20
43.11377245508983
40
0.08
41
0.08
0
SEQEND
0
POLYLINE
8
L7
66
1
70
1
0
VERTEX
8
L7
10
61.2
20
43.11377245508983
40
0.08
41
0.08
0
VERTEX
8
L7
10
64.2
20
43.11377245508983
40
0.08
41
0.08
0
SEQEND
0
POLYLINE
8
L7
66
1
70
1
0
VERTEX
8
L7
10
-61.2
20
47.90419161676648
40
0.08
41
0.08
0
VERTEX
8
L7
10
-64.2
20
47.90419161676648
40
0.08
41
0.08
0
SEQEND
0
POLYLINE
8
L7
66
1
70
1
0
VERTEX
8
L7
10
61.2
20
47.90419161676648
40
0.08
41
0.08
0
VERTEX
8
L7
10
64.2
20
47.90419161676648
40
0.08
41
0.08
0
SEQEND
0
POLYLINE
8
L7
66
1
70
1
0
VERTEX
8
L7
10
-61.2
20
52.694610778443106
40
0.08
41
0.08
0
VERTEX
8
L7
10
-64.2
20
52.694610778443106
40
0.08
41
0.08
0
SEQEND
0
POLYLINE
8
L7
66
1
70
1
0
VERTEX
8
L7
10
61.2
20
52.694610778443106
40
0.08
41
0.08
0
VERTEX
8
L7
10
64.2
20
52.694610778443106
40
0.08
41
0.08
0
SEQEND
0
POLYLINE
8
L7
66
1
70
1
0
VERTEX
8
L7
10
-61.2
20
57.48502994011976
40
0.08
41
0.08
0
VERTEX
8
L7
10
-64.2
20
57.48502994011976
40
0.08
41
0.08
0
SEQEND
0
POLYLINE
8
L7
66
1
70
1
0
VERTEX
8
L7
10
61.2
20
57.48502994011976
40
0.08
41
0.08
0
VERTEX
8
L7
10
64.2
20
57.48502994011976
40
0.08
41
0.08
0
SEQEND
0
INSERT
2
cutlineendpoint
8
L7
10
-64.46966991411009
20
-64.46966991411009
0
INSERT
2
cutlineendpoint
8
L7
10
-65.53033008588991
20
-65.53033008588991
0
INSERT
2
cutlineendpoint
8
L7
10
-64.46966991411009
20
-65.53033008588991
0
INSERT
2
cutlineendpoint
8
L7
10
-65.53033008588991
20
-64.46966991411009
0
INSERT
2
cutlineendpoint
8
L7
10
-64.46966991411009
20
65.53033008588993
0
INSERT
2
cutlineendpoint
8
L7
10
-65.53033008588991
20
64.4696699141101
0
INSERT
2
cutlineendpoint
8
L7
10
-64.46966991411009
20
64.4696699141101
0
INSERT
2
cutlineendpoint
8
L7
10
-65.53033008588991
20
65.53033008588993
0
INSERT
2
cutlineendpoint
8
L7
10
65.53033008588993
20
65.53033008588993
0
INSERT
2
cutlineendpoint
8
L7
10
64.4696699141101
20
64.4696699141101
0
INSERT
2
cutlineendpoint
8
L7
10
65.53033008588993
20
64.4696699141101
0
INSERT
2
cutlineendpoint
8
L7
10
64.4696699141101
20
65.53033008588993
0
INSERT
2
cutlineendpoint
8
L7
10
65.74999999999999
20
-65.0
0
INSERT
2
cutlineendpoint
8
L7
10
64.24999999999999
20
-65.0
0
INSERT
2
cutlineendpoint
8
L7
10
64.99999999999999
20
-64.25
0
INSERT
2
cutlineendpoint
8
L7
10
64.99999999999999
20
-65.75
0
INSERT
2
cutlineendpoint
8
L7
10
-53.89221556886228
20
-61.2
0
INSERT
2
cutlineendpoint
8
L7
10
-53.89221556886228
20
61.2
0
INSERT
2
cutlineendpoint
8
L7
10
-53.89221556886228
20
-64.2
0
INSERT
2
cutlineendpoint
8
L7
10
-53.89221556886228
20
64.2
0
INSERT
2
cutlineendpoint
8
L7
10
-43.11377245508983
20
-61.2
0
INSERT
2
cutlineendpoint
8
L7
10
-43.11377245508983
20
61.2
0
INSERT
2
cutlineendpoint
8
L7
10
-43.11377245508983
20
-64.2
0
INSERT
2
cutlineendpoint
8
L7
10
-43.11377245508983
20
64.2
0
INSERT
2
cutlineendpoint
8
L7
10
-32.33532934131736
20
-61.2
0
INSERT
2
cutlineendpoint
8
L7
10
-32.33532934131736
20
61.2
0
INSERT
2
cutlineendpoint
8
L7
10
-32.33532934131736
20
-64.2
0
INSERT
2
cutlineendpoint
8
L7
10
-32.33532934131736
20
64.2
0
INSERT
2
cutlineendpoint
8
L7
10
-21.556886227544908
20
-61.2
0
INSERT
2
cutlineendpoint
8
L7
10
-21.556886227544908
20
61.2
0
INSERT
2
cutlineendpoint
8
L7
10
-21.556886227544908
20
-64.2
0
INSERT
2
cutlineendpoint
8
L7
10
-21.556886227544908
20
64.2
0
INSERT
2
cutlineendpoint
8
L7
10
-10.778443113772454
20
-61.2
0
INSERT
2
cutlineendpoint
8
L7
10
-10.778443113772454
20
61.2
0
INSERT
2
cutlineendpoint
8
L7
10
-10.778443113772454
20
-64.2
0
INSERT
2
cutlineendpoint
8
L7
10
-10.778443113772454
20
64.2
0
INSERT
2
cutlineendpoint
8
L7
10
0.0
20
-61.2
0
INSERT
2
cutlineendpoint
8
L7
10
0.0
20
61.2
0
INSERT
2
cutlineendpoint
8
L7
10
0.0
20
-64.2
0
INSERT
2
cutlineendpoint
8
L7
10
0.0
20
64.2
0
INSERT
2
cutlineendpoint
8
L7
10
10.778443113772468
20
-61.2
0
INSERT
2
cutlineendpoint
8
L7
10
10.778443113772468
20
61.2
0
INSERT
2
cutlineendpoint
8
L7
10
10.778443113772468
20
-64.2
0
INSERT
2
cutlineendpoint
8
L7
10
10.778443113772468
20
64.2
0
INSERT
2
cutlineendpoint
8
L7
10
21.556886227544922
20
-61.2
0
INSERT
2
cutlineendpoint
8
L7
10
21.556886227544922
20
61.2
0
INSERT
2
cutlineendpoint
8
L7
10
21.556886227544922
20
-64.2
0
INSERT
2
cutlineendpoint
8
L7
10
21.556886227544922
20
64.2
0
INSERT
2
cutlineendpoint
8
L7
10
32.335329341317376
20
-61.2
0
INSERT
2
cutlineendpoint
8
L7
10
32.335329341317376
20
61.2
0
INSERT
2
cutlineendpoint
8
L7
10
32.335329341317376
20
-64.2
0
INSERT
2
cutlineendpoint
8
L7
10
32.335329341317376
20
64.2
0
INSERT
2
cutlineendpoint
8
L7
10
43.11377245508983
20
-61.2
0
INSERT
2
cutlineendpoint
8
L7
10
43.11377245508983
20
61.2
0
INSERT
2
cutlineendpoint
8
L7
10
43.11377245508983
20
-64.2
0
INSERT
2
cutlineendpoint
8
L7
10
43.11377245508983
20
64.2
0
INSERT
2
cutlineendpoint
8
L7
10
53.892215568862284
20
-61.2
0
INSERT
2
cutlineendpoint
8
L7
10
53.892215568862284
20
61.2
0
INSERT
2
cutlineendpoint
8
L7
10
53.892215568862284
20
-64.2
0
INSERT
2
cutlineendpoint
8
L7
10
53.892215568862284
20
64.2
0
INSERT
2
cutlineendpoint
8
L7
10
-61.2
20
-57.485029940119766
0
INSERT
2
cutlineendpoint
8
L7
10
61.2
20
-57.485029940119766
0
INSERT
2
cutlineendpoint
8
L7
10
-64.2
20
-57.485029940119766
0
INSERT
2
cutlineendpoint
8
L7
10
64.2
20
-57.485029940119766
0
INSERT
2
cutlineendpoint
8
L7
10
-61.2
20
-52.69461077844312
0
INSERT
2
cutlineendpoint
8
L7
10
61.2
20
-52.69461077844312
0
INSERT
2
cutlineendpoint
8
L7
10
-64.2
20
-52.69461077844312
0
INSERT
2
cutlineendpoint
8
L7
10
64.2
20
-52.69461077844312
0
INSERT
2
cutlineendpoint
8
L7
10
-61.2
20
-47.90419161676647
0
INSERT
2
cutlineendpoint
8
L7
10
61.2
20
-47.90419161676647
0
INSERT
2
cutlineendpoint
8
L7
10
-64.2
20
-47.90419161676647
0
INSERT
2
cutlineendpoint
8
L7
10
64.2
20
-47.90419161676647
0
INSERT
2
cutlineendpoint
8
L7
10
-61.2
20
-43.11377245508983
0
INSERT
2
cutlineendpoint
8
L7
10
61.2
20
-43.11377245508983
0
INSERT
2
cutlineendpoint
8
L7
10
-64.2
20
-43.11377245508983
0
INSERT
2
cutlineendpoint
8
L7
10
64.2
20
-43.11377245508983
0
INSERT
2
cutlineendpoint
8
L7
10
-61.2
20
-38.32335329341318
0
INSERT
2
cutlineendpoint
8
L7
10
61.2
20
-38.32335329341318
0
INSERT
2
cutlineendpoint
8
L7
10
-64.2
20
-38.32335329341318
0
INSERT
2
cutlineendpoint
8
L7
10
64.2
20
-38.32335329341318
0
INSERT
2
cutlineendpoint
8
L7
10
-61.2
20
-33.532934131736525
0
INSERT
2
cutlineendpoint
8
L7
10
61.2
20
-33.532934131736525
0
INSERT
2
cutlineendpoint
8
L7
10
-64.2
20
-33.532934131736525
0
INSERT
2
cutlineendpoint
8
L7
10
64.2
20
-33.532934131736525
0
INSERT
2
cutlineendpoint
8
L7
10
-61.2
20
-28.742514970059887
0
INSERT
2
cutlineendpoint
8
L7
10
61.2
20
-28.742514970059887
0
INSERT
2
cutlineendpoint
8
L7
10
-64.2
20
-28.742514970059887
0
INSERT
2
cutlineendpoint
8
L7
10
64.2
20
-28.742514970059887
0
INSERT
2
cutlineendpoint
8
L7
10
-61.2
20
-23.952095808383234
0
INSERT
2
cutlineendpoint
8
L7
10
61.2
20
-23.952095808383234
0
INSERT
2
cutlineendpoint
8
L7
10
-64.2
20
-23.952095808383234
0
INSERT
2
cutlineendpoint
8
L7
10
64.2
20
-23.952095808383234
0
INSERT
2
cutlineendpoint
8
L7
10
-61.2
20
-19.161676646706596
0
INSERT
2
cutlineendpoint
8
L7
10
61.2
20
-19.161676646706596
0
INSERT
2
cutlineendpoint
8
L7
10
-64.2
20
-19.161676646706596
0
INSERT
2
cutlineendpoint
8
L7
10
64.2
20
-19.161676646706596
0
INSERT
2
cutlineendpoint
8
L7
10
-61.2
20
-14.371257485029943
0
INSERT
2
cutlineendpoint
8
L7
10
61.2
20
-14.371257485029943
0
INSERT
2
cutlineendpoint
8
L7
10
-64.2
20
-14.371257485029943
0
INSERT
2
cutlineendpoint
8
L7
10
64.2
20
-14.371257485029943
0
INSERT
2
cutlineendpoint
8
L7
10
-61.2
20
-9.58083832335329
0
INSERT
2
cutlineendpoint
8
L7
10
61.2
20
-9.58083832335329
0
INSERT
2
cutlineendpoint
8
L7
10
-64.2
20
-9.58083832335329
0
INSERT
2
cutlineendpoint
8
L7
10
64.2
20
-9.58083832335329
0
INSERT
2
cutlineendpoint
8
L7
10
-61.2
20
-4.790419161676638
0
INSERT
2
cutlineendpoint
8
L7
10
61.2
20
-4.790419161676638
0
INSERT
2
cutlineendpoint
8
L7
10
-64.2
20
-4.790419161676638
0
INSERT
2
cutlineendpoint
8
L7
10
64.2
20
-4.790419161676638
0
INSERT
2
cutlineendpoint
8
L7
10
-61.2
20
0.0
0
INSERT
2
cutlineendpoint
8
L7
10
61.2
20
0.0
0
INSERT
2
cutlineendpoint
8
L7
10
-64.2
20
0.0
0
INSERT
2
cutlineendpoint
8
L7
10
64.2
20
0.0
0
INSERT
2
cutlineendpoint
8
L7
10
-61.2
20
4.790419161676638
0
INSERT
2
cutlineendpoint
8
L7
10
61.2
20
4.790419161676638
0
INSERT
2
cutlineendpoint
8
L7
10
-64.2
20
4.790419161676638
0
INSERT
2
cutlineendpoint
8
L7
10
64.2
20
4.790419161676638
0
INSERT
2
cutlineendpoint
8
L7
10
-61.2
20
9.58083832335329
0
INSERT
2
cutlineendpoint
8
L7
10
61.2
20
9.58083832335329
0
INSERT
2
cutlineendpoint
8
L7
10
-64.2
20
9.58083832335329
0
INSERT
2
cutlineendpoint
8
L7
10
64.2
20
9.58083832335329
0
INSERT
2
cutlineendpoint
8
L7
10
-61.2
20
14.371257485029943
0
INSERT
2
cutlineendpoint
8
L7
10
61.2
20
14.371257485029943
0
INSERT
2
cutlineendpoint
8
L7
10
-64.2
20
14.371257485029943
0
INSERT
2
cutlineendpoint
8
L7
10
64.2
20
14.371257485029943
0
INSERT
2
cutlineendpoint
8
L7
10
-61.2
20
19.161676646706596
0
INSERT
2
cutlineendpoint
8
L7
10
61.2
20
19.161676646706596
0
INSERT
2
cutlineendpoint
8
L7
10
-64.2
20
19.161676646706596
0
INSERT
2
cutlineendpoint
8
L7
10
64.2
20
19.161676646706596
0
INSERT
2
cutlineendpoint
8
L7
10
-61.2
20
23.95209580838325
0
INSERT
2
cutlineendpoint
8
L7
10
61.2
20
23.95209580838325
0
INSERT
2
cutlineendpoint
8
L7
10
-64.2
20
23.95209580838325
0
INSERT
2
cutlineendpoint
8
L7
10
64.2
20
23.95209580838325
0
INSERT
2
cutlineendpoint
8
L7
10
-61.2
20
28.742514970059872
0
INSERT
2
cutlineendpoint
8
L7
10
61.2
20
28.742514970059872
0
INSERT
2
cutlineendpoint
8
L7
10
-64.2
20
28.742514970059872
0
INSERT
2
cutlineendpoint
8
L7
10
64.2
20
28.742514970059872
0
INSERT
2
cutlineendpoint
8
L7
10
-61.2
20
33.532934131736525
0
INSERT
2
cutlineendpoint
8
L7
10
61.2
20
33.532934131736525
0
INSERT
2
cutlineendpoint
8
L7
10
-64.2
20
33.532934131736525
0
INSERT
2
cutlineendpoint
8
L7
10
64.2
20
33.532934131736525
0
INSERT
2
cutlineendpoint
8
L7
10
-61.2
20
38.32335329341318
0
INSERT
2
cutlineendpoint
8
L7
10
61.2
20
38.32335329341318
0
INSERT
2
cutlineendpoint
8
L7
10
-64.2
20
38.32335329341318
0
INSERT
2
cutlineendpoint
8
L7
10
64.2
20
38.32335329341318
0
INSERT
2
cutlineendpoint
8
L7
10
-61.2
20
43.11377245508983
0
INSERT
2
cutlineendpoint
8
L7
10
61.2
20
43.11377245508983
0
INSERT
2
cutlineendpoint
8
L7
10
-64.2
20
43.11377245508983
0
INSERT
2
cutlineendpoint
8
L7
10
64.2
20
43.11377245508983
0
INSERT
2
cutlineendpoint
8
L7
10
-61.2
20
47.90419161676648
0
INSERT
2
cutlineendpoint
8
L7
10
61.2
20
47.90419161676648
0
INSERT
2
cutlineendpoint
8
L7
10
-64.2
20
47.90419161676648
0
INSERT
2
cutlineendpoint
8
L7
10
64.2
20
47.90419161676648
0
INSERT
2
cutlineendpoint
8
L7
10
-61.2
20
52.694610778443106
0
INSERT
2
cutlineendpoint
8
L7
10
61.2
20
52.694610778443106
0
INSERT
2
cutlineendpoint
8
L7
10
-64.2
20
52.694610778443106
0
INSERT
2
cutlineendpoint
8
L7
10
64.2
20
52.694610778443106
0
INSERT
2
cutlineendpoint
8
L7
10
-61.2
20
57.48502994011976
0
INSERT
2
cutlineendpoint
8
L7
10
61.2
20
57.48502994011976
0
INSERT
2
cutlineendpoint
8
L7
10
-64.2
20
57.48502994011976
0
INSERT
2
cutlineendpoint
8
L7
10
64.2
20
57.48502994011976
0
TEXT
8
L7
10
-10.5
20
69.7
40
1.5
1
XFL94-0512-011-L7
0
POLYLINE
8
L7
66
1
70
1
0
VERTEX
8
L7
10
-100.0
20
100.0
30
0
40
1
41
1
0
VERTEX
8
L7
10
100.0
20
100.0
30
0
40
1
41
1
0
VERTEX
8
L7
10
100.0
20
-100.0
30
0
40
1
41
1
0
VERTEX
8
L7
10
-100.0
20
-100.0
30
0
40
1
41
1
0
SEQEND
0
ENDSEC
0
EOF
