0
SECTION
2
HEADER
9
$ACADVER
1
AC1006
9
$INSBASE
10
0.0
20
0.0
30
0.0
9
$EXTMIN
10
-104.20359281437126
20
-104.20359281437126
9
$EXTMAX
10
104.20359281437126
20
114.38323353293414
0
ENDSEC
0
SECTION
2
TABLES
0
TABLE
2
LTYPE
70
1
0
LTYPE
2
CONTINUOUS
70
64
3
Solid line
72
65
73
0
40
0.0
0
ENDTAB
0
TABLE
2
LAYER
70
3
0
LAYER
2
0
70
0
62
255
6
continuous
0
LAYER
2
0
70
0
62
7
6
continuous
0
LAYER
2
C2
70
0
62
7
6
continuous
0
ENDTAB
0
TABLE
2
STYLE
70
2
0
STYLE
2
STANDARD
70
0
40
0
41
1
50
0
71
0
42
1
3
ARIAL.TTF
4

0
STYLE
2
STANDARD
70
0
40
0
41
1
50
0
71
0
42
1
3
ARIAL.TTF
4

0
ENDTAB
0
TABLE
2
VIEW
70
1
0
VIEW
2
Normal
70
0
40
1
10
0.5
20
0.5
41
1
11
0
21
0
31
1
12
0
22
0
32
0
42
50
43
0
44
0
50
0
71
0
0
ENDTAB
0
ENDSEC
0
SECTION
2
BLOCKS
0
BLOCK
8
0
2
cutlineendpoint
70
0
10
0
20
0
30
0
3
cutlineendpoint
0
POLYLINE
8
0
66
1
70
1
40
0.04
41
0.04
0
VERTEX
8
0
10
-0.02
20
0
30
0
42
1.0
0
VERTEX
8
0
10
0.02
20
0
30
0
42
1.0
0
SEQEND
0
ENDBLK
0
BLOCK
8
C2
2
LDI_XFL94-0512-011_C2_B1
70
0
10
0
20
0
30
0
3
LDI_XFL94-0512-011_C2_B1
0
POLYLINE
8
C2
66
1
70
1
0
VERTEX
8
C2
10
-50.47904191616767
20
-57.565029940119764
0
VERTEX
8
C2
10
-50.47904191616767
20
-55.209580838323355
0
VERTEX
8
C2
10
-50.83832335329342
20
-55.209580838323355
0
VERTEX
8
C2
10
-50.83832335329342
20
-55.808383233532936
0
VERTEX
8
C2
10
-50.59880239520958
20
-55.808383233532936
0
VERTEX
8
C2
10
-50.59880239520958
20
-56.047904191616766
0
VERTEX
8
C2
10
-50.83832335329342
20
-56.047904191616766
0
VERTEX
8
C2
10
-50.83832335329342
20
-57.0059880239521
0
VERTEX
8
C2
10
-50.59880239520958
20
-57.0059880239521
0
VERTEX
8
C2
10
-50.59880239520958
20
-57.24550898203593
0
VERTEX
8
C2
10
-50.83832335329342
20
-57.24550898203593
0
VERTEX
8
C2
10
-50.83832335329342
20
-57.565029940119764
0
VERTEX
8
C2
10
-50.47904191616767
20
-57.565029940119764
0
SEQEND
0
POLYLINE
8
C2
66
1
70
1
0
VERTEX
8
C2
10
-49.58123796949586
20
-55.808383233532936
0
VERTEX
8
C2
10
-49.40119760479042
20
-55.808383233532936
0
VERTEX
8
C2
10
-49.40119760479042
20
-55.32934131736527
0
VERTEX
8
C2
10
-49.2814371257485
20
-55.32934131736527
0
VERTEX
8
C2
10
-49.2814371257485
20
-55.68862275449102
0
VERTEX
8
C2
10
-49.23353293413174
20
-55.68862275449102
0
VERTEX
8
C2
10
-49.22935152880031
20
-55.71060645197381
0
VERTEX
8
C2
10
-49.217391283434246
20
-55.7295199296113
0
VERTEX
8
C2
10
-49.19932255320043
20
-55.742721751201444
0
VERTEX
8
C2
10
-49.17766879777559
20
-55.74836816436037
0
VERTEX
8
C2
10
-49.15545415764757
20
-55.745670597022404
0
VERTEX
8
C2
10
-49.13578110586625
20
-55.73500578857734
0
VERTEX
8
C2
10
-49.12139715995201
20
-55.717863174847324
0
VERTEX
8
C2
10
-49.11431116651648
20
-55.69663687506163
0
VERTEX
8
C2
10
-49.11551274787803
20
-55.67429133170749
0
VERTEX
8
C2
10
-49.124834092459714
20
-55.65394729964032
0
VERTEX
8
C2
10
-49.14097339117586
20
-55.638446004774686
0
VERTEX
8
C2
10
-49.16167664670659
20
-55.629952341490224
0
VERTEX
8
C2
10
-49.16167664670659
20
-55.209580838323355
0
VERTEX
8
C2
10
-50.119760479041915
20
-55.209580838323355
0
VERTEX
8
C2
10
-50.119760479041915
20
-55.808383233532936
0
VERTEX
8
C2
10
-49.93972011433648
20
-55.808383233532936
0
VERTEX
8
C2
10
-49.96040259568555
20
-55.76924847638517
0
VERTEX
8
C2
10
-49.9726557759199
20
-55.72671432744678
0
VERTEX
8
C2
10
-49.97596302883984
20
-55.682574137937756
0
VERTEX
8
C2
10
-49.970184911992526
20
-55.63868897395871
0
VERTEX
8
C2
10
-49.955565045931216
20
-55.59690914906536
0
VERTEX
8
C2
10
-49.93271984253417
20
-55.55899621019858
0
VERTEX
8
C2
10
-49.90261251546397
20
-55.5265486662475
0
VERTEX
8
C2
10
-49.86651246855447
20
-55.50093459072444
0
VERTEX
8
C2
10
-49.82594177441752
20
-55.483233940199234
0
VERTEX
8
C2
10
-49.78261099987163
20
-55.474193020499236
0
VERTEX
8
C2
10
-49.73834708396071
20
-55.474193020499236
0
VERTEX
8
C2
10
-49.69501630941481
20
-55.483233940199234
0
VERTEX
8
C2
10
-49.654445615277865
20
-55.50093459072444
0
VERTEX
8
C2
10
-49.61834556836837
20
-55.5265486662475
0
VERTEX
8
C2
10
-49.58823824129817
20
-55.55899621019858
0
VERTEX
8
C2
10
-49.565393037901124
20
-55.59690914906536
0
VERTEX
8
C2
10
-49.550773171839815
20
-55.63868897395871
0
VERTEX
8
C2
10
-49.54499505499249
20
-55.682574137937756
0
VERTEX
8
C2
10
-49.548302307912444
20
-55.72671432744678
0
VERTEX
8
C2
10
-49.56055548814679
20
-55.76924847638517
0
VERTEX
8
C2
10
-49.58123796949586
20
-55.808383233532936
0
SEQEND
0
POLYLINE
8
C2
66
1
70
1
0
VERTEX
8
C2
10
-50.129240915757975
20
-53.59281437125749
0
VERTEX
8
C2
10
-51.137724550898206
20
-53.59281437125749
0
VERTEX
8
C2
10
-51.137724550898206
20
-54.37125748502994
0
VERTEX
8
C2
10
-51.25748502994012
20
-54.37125748502994
0
VERTEX
8
C2
10
-51.25748502994012
20
-53.59281437125749
0
VERTEX
8
C2
10
-52.50548962316419
20
-53.59281437125749
0
VERTEX
8
C2
10
-52.49762288755513
20
-53.63639773699489
0
VERTEX
8
C2
10
-52.49882880880806
20
-53.68066895848329
0
VERTEX
8
C2
10
-52.509056487598336
20
-53.72375944333442
0
VERTEX
8
C2
10
-52.527874235752606
20
-53.76385043549657
0
VERTEX
8
C2
10
-52.55448779687171
20
-53.79924978100891
0
VERTEX
8
C2
10
-52.58777387017336
20
-53.828463350155815
0
VERTEX
8
C2
10
-52.62632752258554
20
-53.85025810144651
0
VERTEX
8
C2
10
-52.66852148792914
20
-53.86371412562626
0
VERTEX
8
C2
10
-52.712574850299404
20
-53.868263473053894
0
VERTEX
8
C2
10
-52.75662821266967
20
-53.86371412562626
0
VERTEX
8
C2
10
-52.79882217801327
20
-53.85025810144651
0
VERTEX
8
C2
10
-52.83737583042545
20
-53.828463350155815
0
VERTEX
8
C2
10
-52.8706619037271
20
-53.79924978100891
0
VERTEX
8
C2
10
-52.8972754648462
20
-53.76385043549657
0
VERTEX
8
C2
10
-52.916093213000465
20
-53.72375944333442
0
VERTEX
8
C2
10
-52.92632089179075
20
-53.68066895848329
0
VERTEX
8
C2
10
-52.92752681304368
20
-53.63639773699489
0
VERTEX
8
C2
10
-52.91966007743462
20
-53.59281437125749
0
VERTEX
8
C2
10
-53.23353293413174
20
-53.59281437125749
0
VERTEX
8
C2
10
-53.23353293413174
20
-54.550898203592816
0
VERTEX
8
C2
10
-51.25748502994012
20
-54.550898203592816
0
VERTEX
8
C2
10
-51.25748502994012
20
-54.49101796407186
0
VERTEX
8
C2
10
-51.137724550898206
20
-54.49101796407186
0
VERTEX
8
C2
10
-51.137724550898206
20
-54.550898203592816
0
VERTEX
8
C2
10
-49.16167664670659
20
-54.550898203592816
0
VERTEX
8
C2
10
-49.16167664670659
20
-53.59281437125749
0
VERTEX
8
C2
10
-49.71507046148754
20
-53.59281437125749
0
VERTEX
8
C2
10
-49.707203725878486
20
-53.63639773699489
0
VERTEX
8
C2
10
-49.70840964713141
20
-53.68066895848329
0
VERTEX
8
C2
10
-49.71863732592169
20
-53.72375944333442
0
VERTEX
8
C2
10
-49.73745507407596
20
-53.76385043549657
0
VERTEX
8
C2
10
-49.764068635195066
20
-53.79924978100892
0
VERTEX
8
C2
10
-49.797354708496705
20
-53.828463350155815
0
VERTEX
8
C2
10
-49.835908360908896
20
-53.85025810144651
0
VERTEX
8
C2
10
-49.878102326252495
20
-53.86371412562626
0
VERTEX
8
C2
10
-49.92215568862276
20
-53.868263473053894
0
VERTEX
8
C2
10
-49.966209050993015
20
-53.86371412562626
0
VERTEX
8
C2
10
-50.008403016336615
20
-53.85025810144651
0
VERTEX
8
C2
10
-50.046956668748805
20
-53.828463350155815
0
VERTEX
8
C2
10
-50.080242742050444
20
-53.79924978100892
0
VERTEX
8
C2
10
-50.10685630316956
20
-53.76385043549657
0
VERTEX
8
C2
10
-50.12567405132383
20
-53.72375944333442
0
VERTEX
8
C2
10
-50.1359017301141
20
-53.68066895848329
0
VERTEX
8
C2
10
-50.137107651367025
20
-53.63639773699489
0
VERTEX
8
C2
10
-50.129240915757975
20
-53.59281437125749
0
SEQEND
0
POLYLINE
8
C2
66
1
70
1
0
VERTEX
8
C2
10
-52.45548946650185
20
-55.808383233532936
0
VERTEX
8
C2
10
-52.27544910179641
20
-55.808383233532936
0
VERTEX
8
C2
10
-52.27544910179641
20
-55.209580838323355
0
VERTEX
8
C2
10
-53.23353293413174
20
-55.209580838323355
0
VERTEX
8
C2
10
-53.23353293413174
20
-55.26946107784431
0
VERTEX
8
C2
10
-53.65269461077845
20
-55.26946107784431
0
VERTEX
8
C2
10
-53.65269461077845
20
-54.79041916167665
0
VERTEX
8
C2
10
-53.972215568862275
20
-54.79041916167665
0
VERTEX
8
C2
10
-53.972215568862275
20
-55.38922155688623
0
VERTEX
8
C2
10
-53.23353293413174
20
-55.38922155688623
0
VERTEX
8
C2
10
-53.23353293413174
20
-55.68862275449102
0
VERTEX
8
C2
10
-53.191616766467064
20
-55.68862275449102
0
VERTEX
8
C2
10
-53.187622600310405
20
-55.710126007477676
0
VERTEX
8
C2
10
-53.1761729441742
20
-55.72876061578206
0
VERTEX
8
C2
10
-53.15879524114854
20
-55.74204062669498
0
VERTEX
8
C2
10
-53.13780776630584
20
-55.74819441837347
0
VERTEX
8
C2
10
-53.1160103568679
20
-55.74640104331787
0
VERTEX
8
C2
10
-53.0963108995024
20
-55.7368997469958
0
VERTEX
8
C2
10
-53.08133740326685
20
-55.72095805126482
0
VERTEX
8
C2
10
-53.07308740966708
20
-55.70070266042932
0
VERTEX
8
C2
10
-53.072661510333745
20
-55.67883574793457
0
VERTEX
8
C2
10
-53.080116522431126
20
-55.65827447251394
0
VERTEX
8
C2
10
-53.094457908954865
20
-55.641761814191554
0
VERTEX
8
C2
10
-53.11377245508982
20
-55.631500646621745
0
VERTEX
8
C2
10
-53.11377245508982
20
-55.32934131736527
0
VERTEX
8
C2
10
-52.99401197604791
20
-55.32934131736527
0
VERTEX
8
C2
10
-52.99401197604791
20
-55.808383233532936
0
VERTEX
8
C2
10
-52.81397161134247
20
-55.808383233532936
0
VERTEX
8
C2
10
-52.83465409269154
20
-55.76924847638517
0
VERTEX
8
C2
10
-52.84690727292588
20
-55.72671432744678
0
VERTEX
8
C2
10
-52.850214525845836
20
-55.68257413793775
0
VERTEX
8
C2
10
-52.84443640899851
20
-55.63868897395871
0
VERTEX
8
C2
10
-52.8298165429372
20
-55.59690914906536
0
VERTEX
8
C2
10
-52.806971339540155
20
-55.55899621019857
0
VERTEX
8
C2
10
-52.77686401246996
20
-55.5265486662475
0
VERTEX
8
C2
10
-52.74076396556046
20
-55.50093459072444
0
VERTEX
8
C2
10
-52.700193271423515
20
-55.48323394019923
0
VERTEX
8
C2
10
-52.656862496877615
20
-55.47419302049923
0
VERTEX
8
C2
10
-52.6125985809667
20
-55.47419302049923
0
VERTEX
8
C2
10
-52.5692678064208
20
-55.483233940199234
0
VERTEX
8
C2
10
-52.52869711228386
20
-55.50093459072444
0
VERTEX
8
C2
10
-52.492597065374355
20
-55.5265486662475
0
VERTEX
8
C2
10
-52.46248973830416
20
-55.55899621019858
0
VERTEX
8
C2
10
-52.43964453490711
20
-55.59690914906536
0
VERTEX
8
C2
10
-52.4250246688458
20
-55.63868897395871
0
VERTEX
8
C2
10
-52.419246551998484
20
-55.682574137937756
0
VERTEX
8
C2
10
-52.42255380491843
20
-55.72671432744678
0
VERTEX
8
C2
10
-52.434806985152775
20
-55.76924847638517
0
VERTEX
8
C2
10
-52.45548946650185
20
-55.808383233532936
0
SEQEND
0
POLYLINE
8
C2
66
1
70
1
0
VERTEX
8
C2
10
-44.19201641260963
20
-55.808383233532936
0
VERTEX
8
C2
10
-44.0119760479042
20
-55.808383233532936
0
VERTEX
8
C2
10
-44.0119760479042
20
-55.32934131736527
0
VERTEX
8
C2
10
-43.892215568862284
20
-55.32934131736527
0
VERTEX
8
C2
10
-43.892215568862284
20
-55.631500646621745
0
VERTEX
8
C2
10
-43.911530114997234
20
-55.641761814191554
0
VERTEX
8
C2
10
-43.92587150152097
20
-55.65827447251394
0
VERTEX
8
C2
10
-43.933326513618354
20
-55.67883574793457
0
VERTEX
8
C2
10
-43.93290061428502
20
-55.70070266042932
0
VERTEX
8
C2
10
-43.924650620685256
20
-55.72095805126482
0
VERTEX
8
C2
10
-43.9096771244497
20
-55.7368997469958
0
VERTEX
8
C2
10
-43.889977667084196
20
-55.74640104331787
0
VERTEX
8
C2
10
-43.86818025764626
20
-55.74819441837347
0
VERTEX
8
C2
10
-43.84719278280356
20
-55.74204062669498
0
VERTEX
8
C2
10
-43.8298150797779
20
-55.72876061578206
0
VERTEX
8
C2
10
-43.818365423641694
20
-55.710126007477676
0
VERTEX
8
C2
10
-43.814371257485035
20
-55.68862275449102
0
VERTEX
8
C2
10
-43.772455089820355
20
-55.68862275449102
0
VERTEX
8
C2
10
-43.772455089820355
20
-55.38922155688623
0
VERTEX
8
C2
10
-43.113772455089816
20
-55.38922155688623
0
VERTEX
8
C2
10
-43.113772455089816
20
-54.79041916167665
0
VERTEX
8
C2
10
-43.35329341317366
20
-54.79041916167665
0
VERTEX
8
C2
10
-43.35329341317366
20
-55.26946107784431
0
VERTEX
8
C2
10
-43.772455089820355
20
-55.26946107784431
0
VERTEX
8
C2
10
-43.772455089820355
20
-55.209580838323355
0
VERTEX
8
C2
10
-44.73053892215569
20
-55.209580838323355
0
VERTEX
8
C2
10
-44.73053892215569
20
-55.808383233532936
0
VERTEX
8
C2
10
-44.550498557450254
20
-55.808383233532936
0
VERTEX
8
C2
10
-44.571181038799324
20
-55.76924847638517
0
VERTEX
8
C2
10
-44.58343421903366
20
-55.72671432744678
0
VERTEX
8
C2
10
-44.586741471953616
20
-55.68257413793775
0
VERTEX
8
C2
10
-44.580963355106306
20
-55.63868897395871
0
VERTEX
8
C2
10
-44.56634348904498
20
-55.59690914906536
0
VERTEX
8
C2
10
-44.54349828564794
20
-55.55899621019857
0
VERTEX
8
C2
10
-44.513390958577745
20
-55.5265486662475
0
VERTEX
8
C2
10
-44.47729091166825
20
-55.50093459072444
0
VERTEX
8
C2
10
-44.4367202175313
20
-55.48323394019923
0
VERTEX
8
C2
10
-44.393389442985395
20
-55.47419302049923
0
VERTEX
8
C2
10
-44.34912552707448
20
-55.47419302049923
0
VERTEX
8
C2
10
-44.305794752528584
20
-55.48323394019923
0
VERTEX
8
C2
10
-44.26522405839164
20
-55.50093459072444
0
VERTEX
8
C2
10
-44.22912401148214
20
-55.5265486662475
0
VERTEX
8
C2
10
-44.199016684411944
20
-55.55899621019857
0
VERTEX
8
C2
10
-44.17617148101489
20
-55.59690914906536
0
VERTEX
8
C2
10
-44.16155161495358
20
-55.63868897395871
0
VERTEX
8
C2
10
-44.15577349810627
20
-55.68257413793775
0
VERTEX
8
C2
10
-44.15908075102621
20
-55.72671432744678
0
VERTEX
8
C2
10
-44.17133393126056
20
-55.76924847638517
0
VERTEX
8
C2
10
-44.19201641260963
20
-55.808383233532936
0
SEQEND
0
POLYLINE
8
C2
66
1
70
1
0
VERTEX
8
C2
10
-45.08982035928143
20
-57.565029940119764
0
VERTEX
8
C2
10
-45.08982035928143
20
-55.209580838323355
0
VERTEX
8
C2
10
-45.44910179640719
20
-55.209580838323355
0
VERTEX
8
C2
10
-45.44910179640719
20
-55.808383233532936
0
VERTEX
8
C2
10
-45.20958083832336
20
-55.808383233532936
0
VERTEX
8
C2
10
-45.20958083832336
20
-56.047904191616766
0
VERTEX
8
C2
10
-45.44910179640719
20
-56.047904191616766
0
VERTEX
8
C2
10
-45.44910179640719
20
-57.0059880239521
0
VERTEX
8
C2
10
-45.20958083832336
20
-57.0059880239521
0
VERTEX
8
C2
10
-45.20958083832336
20
-57.24550898203593
0
VERTEX
8
C2
10
-45.44910179640719
20
-57.24550898203593
0
VERTEX
8
C2
10
-45.44910179640719
20
-57.565029940119764
0
VERTEX
8
C2
10
-45.08982035928143
20
-57.565029940119764
0
SEQEND
0
POLYLINE
8
C2
66
1
70
1
0
VERTEX
8
C2
10
-47.06626790961562
20
-55.808383233532936
0
VERTEX
8
C2
10
-46.886227544910184
20
-55.808383233532936
0
VERTEX
8
C2
10
-46.886227544910184
20
-55.209580838323355
0
VERTEX
8
C2
10
-47.84431137724551
20
-55.209580838323355
0
VERTEX
8
C2
10
-47.84431137724551
20
-55.629952341490224
0
VERTEX
8
C2
10
-47.86501463277624
20
-55.638446004774686
0
VERTEX
8
C2
10
-47.881153931492385
20
-55.65394729964032
0
VERTEX
8
C2
10
-47.89047527607407
20
-55.67429133170749
0
VERTEX
8
C2
10
-47.89167685743563
20
-55.69663687506163
0
VERTEX
8
C2
10
-47.884590864000096
20
-55.717863174847324
0
VERTEX
8
C2
10
-47.87020691808585
20
-55.73500578857734
0
VERTEX
8
C2
10
-47.85053386630454
20
-55.74567059702241
0
VERTEX
8
C2
10
-47.82831922617651
20
-55.74836816436037
0
VERTEX
8
C2
10
-47.80666547075167
20
-55.742721751201444
0
VERTEX
8
C2
10
-47.78859674051785
20
-55.7295199296113
0
VERTEX
8
C2
10
-47.77663649515179
20
-55.71060645197381
0
VERTEX
8
C2
10
-47.77245508982036
20
-55.68862275449102
0
VERTEX
8
C2
10
-47.724550898203596
20
-55.68862275449102
0
VERTEX
8
C2
10
-47.724550898203596
20
-55.32934131736527
0
VERTEX
8
C2
10
-47.60479041916168
20
-55.32934131736527
0
VERTEX
8
C2
10
-47.60479041916168
20
-55.808383233532936
0
VERTEX
8
C2
10
-47.42475005445624
20
-55.808383233532936
0
VERTEX
8
C2
10
-47.44543253580531
20
-55.76924847638517
0
VERTEX
8
C2
10
-47.457685716039656
20
-55.72671432744678
0
VERTEX
8
C2
10
-47.46099296895961
20
-55.68257413793775
0
VERTEX
8
C2
10
-47.455214852112285
20
-55.63868897395871
0
VERTEX
8
C2
10
-47.440594986050975
20
-55.59690914906536
0
VERTEX
8
C2
10
-47.417749782653935
20
-55.55899621019857
0
VERTEX
8
C2
10
-47.38764245558373
20
-55.5265486662475
0
VERTEX
8
C2
10
-47.351542408674234
20
-55.50093459072444
0
VERTEX
8
C2
10
-47.31097171453729
20
-55.48323394019923
0
VERTEX
8
C2
10
-47.26764093999139
20
-55.47419302049923
0
VERTEX
8
C2
10
-47.22337702408047
20
-55.47419302049923
0
VERTEX
8
C2
10
-47.18004624953457
20
-55.48323394019923
0
VERTEX
8
C2
10
-47.139475555397624
20
-55.50093459072444
0
VERTEX
8
C2
10
-47.10337550848813
20
-55.5265486662475
0
VERTEX
8
C2
10
-47.07326818141793
20
-55.55899621019857
0
VERTEX
8
C2
10
-47.05042297802089
20
-55.59690914906536
0
VERTEX
8
C2
10
-47.03580311195957
20
-55.63868897395871
0
VERTEX
8
C2
10
-47.03002499511226
20
-55.68257413793775
0
VERTEX
8
C2
10
-47.03333224803221
20
-55.72671432744678
0
VERTEX
8
C2
10
-47.04558542826655
20
-55.76924847638517
0
VERTEX
8
C2
10
-47.06626790961562
20
-55.808383233532936
0
SEQEND
0
POLYLINE
8
C2
66
1
70
1
0
VERTEX
8
C2
10
-47.29091756246456
20
-53.59281437125749
0
VERTEX
8
C2
10
-47.84431137724551
20
-53.59281437125749
0
VERTEX
8
C2
10
-47.84431137724551
20
-54.550898203592816
0
VERTEX
8
C2
10
-45.86826347305389
20
-54.550898203592816
0
VERTEX
8
C2
10
-45.86826347305389
20
-54.49101796407186
0
VERTEX
8
C2
10
-45.74850299401197
20
-54.49101796407186
0
VERTEX
8
C2
10
-45.74850299401197
20
-54.550898203592816
0
VERTEX
8
C2
10
-43.772455089820355
20
-54.550898203592816
0
VERTEX
8
C2
10
-43.772455089820355
20
-53.59281437125749
0
VERTEX
8
C2
10
-44.086327946517486
20
-53.59281437125749
0
VERTEX
8
C2
10
-44.07846121090843
20
-53.63639773699489
0
VERTEX
8
C2
10
-44.07966713216135
20
-53.68066895848329
0
VERTEX
8
C2
10
-44.089894810951634
20
-53.72375944333442
0
VERTEX
8
C2
10
-44.108712559105896
20
-53.76385043549657
0
VERTEX
8
C2
10
-44.135326120225
20
-53.79924978100892
0
VERTEX
8
C2
10
-44.16861219352664
20
-53.828463350155815
0
VERTEX
8
C2
10
-44.20716584593883
20
-53.85025810144651
0
VERTEX
8
C2
10
-44.24935981128243
20
-53.86371412562626
0
VERTEX
8
C2
10
-44.293413173652695
20
-53.868263473053894
0
VERTEX
8
C2
10
-44.33746653602296
20
-53.86371412562626
0
VERTEX
8
C2
10
-44.37966050136656
20
-53.85025810144651
0
VERTEX
8
C2
10
-44.41821415377875
20
-53.828463350155815
0
VERTEX
8
C2
10
-44.45150022708039
20
-53.79924978100892
0
VERTEX
8
C2
10
-44.478113788199494
20
-53.76385043549657
0
VERTEX
8
C2
10
-44.496931536353756
20
-53.72375944333442
0
VERTEX
8
C2
10
-44.50715921514404
20
-53.68066895848329
0
VERTEX
8
C2
10
-44.50836513639696
20
-53.63639773699489
0
VERTEX
8
C2
10
-44.50049840078792
20
-53.59281437125749
0
VERTEX
8
C2
10
-45.74850299401197
20
-53.59281437125749
0
VERTEX
8
C2
10
-45.74850299401197
20
-54.37125748502994
0
VERTEX
8
C2
10
-45.86826347305389
20
-54.37125748502994
0
VERTEX
8
C2
10
-45.86826347305389
20
-53.59281437125749
0
VERTEX
8
C2
10
-46.876747108194124
20
-53.59281437125749
0
VERTEX
8
C2
10
-46.86888037258507
20
-53.63639773699489
0
VERTEX
8
C2
10
-46.870086293838
20
-53.68066895848329
0
VERTEX
8
C2
10
-46.88031397262827
20
-53.72375944333442
0
VERTEX
8
C2
10
-46.89913172078255
20
-53.76385043549657
0
VERTEX
8
C2
10
-46.925745281901655
20
-53.79924978100892
0
VERTEX
8
C2
10
-46.959031355203294
20
-53.828463350155815
0
VERTEX
8
C2
10
-46.997585007615484
20
-53.85025810144651
0
VERTEX
8
C2
10
-47.039778972959084
20
-53.86371412562626
0
VERTEX
8
C2
10
-47.08383233532935
20
-53.868263473053894
0
VERTEX
8
C2
10
-47.12788569769961
20
-53.86371412562626
0
VERTEX
8
C2
10
-47.17007966304321
20
-53.85025810144651
0
VERTEX
8
C2
10
-47.208633315455394
20
-53.828463350155815
0
VERTEX
8
C2
10
-47.24191938875703
20
-53.79924978100892
0
VERTEX
8
C2
10
-47.268532949876146
20
-53.76385043549657
0
VERTEX
8
C2
10
-47.28735069803041
20
-53.72375944333442
0
VERTEX
8
C2
10
-47.29757837682069
20
-53.68066895848329
0
VERTEX
8
C2
10
-47.29878429807361
20
-53.63639773699489
0
VERTEX
8
C2
10
-47.29091756246456
20
-53.59281437125749
0
SEQEND
0
POLYLINE
8
C2
66
1
70
1
0
VERTEX
8
C2
10
-46.16766467065868
20
-57.565029940119764
0
VERTEX
8
C2
10
-46.16766467065868
20
-57.24550898203593
0
VERTEX
8
C2
10
-46.40718562874251
20
-57.24550898203593
0
VERTEX
8
C2
10
-46.40718562874251
20
-57.0059880239521
0
VERTEX
8
C2
10
-46.16766467065868
20
-57.0059880239521
0
VERTEX
8
C2
10
-46.16766467065868
20
-56.047904191616766
0
VERTEX
8
C2
10
-46.40718562874251
20
-56.047904191616766
0
VERTEX
8
C2
10
-46.40718562874251
20
-55.808383233532936
0
VERTEX
8
C2
10
-46.16766467065868
20
-55.808383233532936
0
VERTEX
8
C2
10
-46.16766467065868
20
-55.209580838323355
0
VERTEX
8
C2
10
-46.52694610778444
20
-55.209580838323355
0
VERTEX
8
C2
10
-46.52694610778444
20
-57.565029940119764
0
VERTEX
8
C2
10
-46.16766467065868
20
-57.565029940119764
0
SEQEND
0
POLYLINE
8
C2
66
1
70
1
0
VERTEX
8
C2
10
-51.556886227544915
20
-57.565029940119764
0
VERTEX
8
C2
10
-51.556886227544915
20
-57.24550898203593
0
VERTEX
8
C2
10
-51.796407185628745
20
-57.24550898203593
0
VERTEX
8
C2
10
-51.796407185628745
20
-57.0059880239521
0
VERTEX
8
C2
10
-51.556886227544915
20
-57.0059880239521
0
VERTEX
8
C2
10
-51.556886227544915
20
-56.047904191616766
0
VERTEX
8
C2
10
-51.796407185628745
20
-56.047904191616766
0
VERTEX
8
C2
10
-51.796407185628745
20
-55.808383233532936
0
VERTEX
8
C2
10
-51.556886227544915
20
-55.808383233532936
0
VERTEX
8
C2
10
-51.556886227544915
20
-55.209580838323355
0
VERTEX
8
C2
10
-51.91616766467066
20
-55.209580838323355
0
VERTEX
8
C2
10
-51.91616766467066
20
-57.565029940119764
0
VERTEX
8
C2
10
-51.556886227544915
20
-57.565029940119764
0
SEQEND
0
POLYLINE
8
C2
66
1
70
1
0
VERTEX
8
C2
10
-52.634730538922156
20
-55.61362275449102
0
VERTEX
8
C2
10
-52.64452000333866
20
-55.614264389887985
0
VERTEX
8
C2
10
-52.654141967304845
20
-55.61617831751934
0
VERTEX
8
C2
10
-52.66343179634954
20
-55.619331789552675
0
VERTEX
8
C2
10
-52.67223053892216
20
-55.62367084920719
0
VERTEX
8
C2
10
-52.68038764609781
20
-55.62912125396918
0
VERTEX
8
C2
10
-52.687763547511146
20
-55.63558974590203
0
VERTEX
8
C2
10
-52.694232039444
20
-55.642965647315364
0
VERTEX
8
C2
10
-52.69968244420599
20
-55.65112275449102
0
VERTEX
8
C2
10
-52.7040215038605
20
-55.659921497063635
0
VERTEX
8
C2
10
-52.707174975893835
20
-55.66921132610833
0
VERTEX
8
C2
10
-52.70908890352519
20
-55.678833290074515
0
VERTEX
8
C2
10
-52.70973053892216
20
-55.68862275449102
0
VERTEX
8
C2
10
-52.70908890352519
20
-55.69841221890752
0
VERTEX
8
C2
10
-52.707174975893835
20
-55.70803418287371
0
VERTEX
8
C2
10
-52.7040215038605
20
-55.7173240119184
0
VERTEX
8
C2
10
-52.69968244420599
20
-55.72612275449102
0
VERTEX
8
C2
10
-52.694232039444
20
-55.73427986166667
0
VERTEX
8
C2
10
-52.687763547511146
20
-55.74165576308001
0
VERTEX
8
C2
10
-52.68038764609781
20
-55.74812425501286
0
VERTEX
8
C2
10
-52.67223053892216
20
-55.753574659774856
0
VERTEX
8
C2
10
-52.66343179634954
20
-55.75791371942937
0
VERTEX
8
C2
10
-52.654141967304845
20
-55.7610671914627
0
VERTEX
8
C2
10
-52.64452000333866
20
-55.76298111909406
0
VERTEX
8
C2
10
-52.634730538922156
20
-55.763622754491024
0
VERTEX
8
C2
10
-52.62494107450566
20
-55.76298111909406
0
VERTEX
8
C2
10
-52.61531911053947
20
-55.7610671914627
0
VERTEX
8
C2
10
-52.60602928149478
20
-55.75791371942937
0
VERTEX
8
C2
10
-52.59723053892216
20
-55.753574659774856
0
VERTEX
8
C2
10
-52.589073431746506
20
-55.74812425501286
0
VERTEX
8
C2
10
-52.581697530333166
20
-55.74165576308001
0
VERTEX
8
C2
10
-52.575229038400316
20
-55.73427986166667
0
VERTEX
8
C2
10
-52.56977863363832
20
-55.72612275449102
0
VERTEX
8
C2
10
-52.56543957398381
20
-55.7173240119184
0
VERTEX
8
C2
10
-52.56228610195048
20
-55.70803418287371
0
VERTEX
8
C2
10
-52.56037217431912
20
-55.69841221890752
0
VERTEX
8
C2
10
-52.55973053892216
20
-55.68862275449102
0
VERTEX
8
C2
10
-52.56037217431912
20
-55.678833290074515
0
VERTEX
8
C2
10
-52.56228610195048
20
-55.66921132610833
0
VERTEX
8
C2
10
-52.56543957398381
20
-55.659921497063635
0
VERTEX
8
C2
10
-52.56977863363832
20
-55.65112275449102
0
VERTEX
8
C2
10
-52.575229038400316
20
-55.642965647315364
0
VERTEX
8
C2
10
-52.581697530333166
20
-55.63558974590203
0
VERTEX
8
C2
10
-52.589073431746506
20
-55.62912125396918
0
VERTEX
8
C2
10
-52.59723053892216
20
-55.62367084920719
0
VERTEX
8
C2
10
-52.60602928149478
20
-55.619331789552675
0
VERTEX
8
C2
10
-52.61531911053947
20
-55.61617831751934
0
VERTEX
8
C2
10
-52.62494107450566
20
-55.614264389887985
0
VERTEX
8
C2
10
-52.634730538922156
20
-55.61362275449102
0
SEQEND
0
POLYLINE
8
C2
66
1
70
1
0
VERTEX
8
C2
10
-49.92215568862276
20
-53.577694610778444
0
VERTEX
8
C2
10
-49.93194515303926
20
-53.57833624617541
0
VERTEX
8
C2
10
-49.94156711700545
20
-53.58025017380677
0
VERTEX
8
C2
10
-49.95085694605014
20
-53.5834036458401
0
VERTEX
8
C2
10
-49.95965568862275
20
-53.58774270549461
0
VERTEX
8
C2
10
-49.96781279579841
20
-53.5931931102566
0
VERTEX
8
C2
10
-49.97518869721175
20
-53.59966160218946
0
VERTEX
8
C2
10
-49.9816571891446
20
-53.60703750360279
0
VERTEX
8
C2
10
-49.987107593906586
20
-53.615194610778445
0
VERTEX
8
C2
10
-49.991446653561106
20
-53.62399335335106
0
VERTEX
8
C2
10
-49.99460012559444
20
-53.63328318239576
0
VERTEX
8
C2
10
-49.996514053225795
20
-53.64290514636194
0
VERTEX
8
C2
10
-49.997155688622755
20
-53.65269461077845
0
VERTEX
8
C2
10
-49.996514053225795
20
-53.662484075194946
0
VERTEX
8
C2
10
-49.99460012559444
20
-53.672106039161136
0
VERTEX
8
C2
10
-49.991446653561106
20
-53.681395868205826
0
VERTEX
8
C2
10
-49.987107593906586
20
-53.69019461077845
0
VERTEX
8
C2
10
-49.9816571891446
20
-53.6983517179541
0
VERTEX
8
C2
10
-49.97518869721175
20
-53.70572761936744
0
VERTEX
8
C2
10
-49.96781279579841
20
-53.71219611130029
0
VERTEX
8
C2
10
-49.95965568862275
20
-53.71764651606228
0
VERTEX
8
C2
10
-49.95085694605014
20
-53.72198557571679
0
VERTEX
8
C2
10
-49.94156711700545
20
-53.725139047750126
0
VERTEX
8
C2
10
-49.93194515303926
20
-53.72705297538148
0
VERTEX
8
C2
10
-49.92215568862276
20
-53.72769461077844
0
VERTEX
8
C2
10
-49.91236622420625
20
-53.72705297538148
0
VERTEX
8
C2
10
-49.90274426024007
20
-53.725139047750126
0
VERTEX
8
C2
10
-49.89345443119537
20
-53.72198557571679
0
VERTEX
8
C2
10
-49.88465568862276
20
-53.71764651606228
0
VERTEX
8
C2
10
-49.8764985814471
20
-53.71219611130029
0
VERTEX
8
C2
10
-49.86912268003376
20
-53.70572761936744
0
VERTEX
8
C2
10
-49.86265418810091
20
-53.6983517179541
0
VERTEX
8
C2
10
-49.857203783338925
20
-53.69019461077845
0
VERTEX
8
C2
10
-49.85286472368441
20
-53.681395868205826
0
VERTEX
8
C2
10
-49.84971125165107
20
-53.672106039161136
0
VERTEX
8
C2
10
-49.84779732401972
20
-53.662484075194946
0
VERTEX
8
C2
10
-49.847155688622756
20
-53.65269461077845
0
VERTEX
8
C2
10
-49.84779732401972
20
-53.64290514636194
0
VERTEX
8
C2
10
-49.84971125165107
20
-53.63328318239576
0
VERTEX
8
C2
10
-49.85286472368441
20
-53.62399335335106
0
VERTEX
8
C2
10
-49.857203783338925
20
-53.615194610778445
0
VERTEX
8
C2
10
-49.86265418810091
20
-53.60703750360279
0
VERTEX
8
C2
10
-49.86912268003376
20
-53.59966160218946
0
VERTEX
8
C2
10
-49.8764985814471
20
-53.5931931102566
0
VERTEX
8
C2
10
-49.88465568862276
20
-53.58774270549461
0
VERTEX
8
C2
10
-49.89345443119537
20
-53.5834036458401
0
VERTEX
8
C2
10
-49.90274426024007
20
-53.58025017380677
0
VERTEX
8
C2
10
-49.91236622420625
20
-53.57833624617541
0
VERTEX
8
C2
10
-49.92215568862276
20
-53.577694610778444
0
SEQEND
0
POLYLINE
8
C2
66
1
70
1
0
VERTEX
8
C2
10
-52.712574850299404
20
-53.577694610778444
0
VERTEX
8
C2
10
-52.722364314715904
20
-53.57833624617541
0
VERTEX
8
C2
10
-52.73198627868209
20
-53.58025017380677
0
VERTEX
8
C2
10
-52.74127610772678
20
-53.5834036458401
0
VERTEX
8
C2
10
-52.750074850299406
20
-53.58774270549461
0
VERTEX
8
C2
10
-52.75823195747506
20
-53.5931931102566
0
VERTEX
8
C2
10
-52.765607858888394
20
-53.59966160218946
0
VERTEX
8
C2
10
-52.772076350821244
20
-53.60703750360279
0
VERTEX
8
C2
10
-52.77752675558324
20
-53.615194610778445
0
VERTEX
8
C2
10
-52.78186581523775
20
-53.62399335335106
0
VERTEX
8
C2
10
-52.78501928727108
20
-53.63328318239576
0
VERTEX
8
C2
10
-52.78693321490244
20
-53.64290514636194
0
VERTEX
8
C2
10
-52.78757485029941
20
-53.65269461077845
0
VERTEX
8
C2
10
-52.78693321490244
20
-53.662484075194946
0
VERTEX
8
C2
10
-52.78501928727108
20
-53.672106039161136
0
VERTEX
8
C2
10
-52.78186581523775
20
-53.681395868205826
0
VERTEX
8
C2
10
-52.77752675558324
20
-53.69019461077845
0
VERTEX
8
C2
10
-52.772076350821244
20
-53.6983517179541
0
VERTEX
8
C2
10
-52.765607858888394
20
-53.70572761936744
0
VERTEX
8
C2
10
-52.75823195747506
20
-53.71219611130029
0
VERTEX
8
C2
10
-52.750074850299406
20
-53.71764651606228
0
VERTEX
8
C2
10
-52.74127610772678
20
-53.72198557571679
0
VERTEX
8
C2
10
-52.73198627868209
20
-53.725139047750126
0
VERTEX
8
C2
10
-52.722364314715904
20
-53.72705297538148
0
VERTEX
8
C2
10
-52.712574850299404
20
-53.72769461077844
0
VERTEX
8
C2
10
-52.7027853858829
20
-53.72705297538148
0
VERTEX
8
C2
10
-52.693163421916715
20
-53.725139047750126
0
VERTEX
8
C2
10
-52.68387359287202
20
-53.72198557571679
0
VERTEX
8
C2
10
-52.6750748502994
20
-53.71764651606228
0
VERTEX
8
C2
10
-52.66691774312375
20
-53.71219611130029
0
VERTEX
8
C2
10
-52.659541841710414
20
-53.70572761936744
0
VERTEX
8
C2
10
-52.653073349777564
20
-53.6983517179541
0
VERTEX
8
C2
10
-52.64762294501557
20
-53.69019461077845
0
VERTEX
8
C2
10
-52.64328388536106
20
-53.681395868205826
0
VERTEX
8
C2
10
-52.640130413327725
20
-53.672106039161136
0
VERTEX
8
C2
10
-52.63821648569637
20
-53.662484075194946
0
VERTEX
8
C2
10
-52.6375748502994
20
-53.65269461077845
0
VERTEX
8
C2
10
-52.63821648569637
20
-53.64290514636194
0
VERTEX
8
C2
10
-52.640130413327725
20
-53.63328318239576
0
VERTEX
8
C2
10
-52.64328388536106
20
-53.62399335335106
0
VERTEX
8
C2
10
-52.64762294501557
20
-53.615194610778445
0
VERTEX
8
C2
10
-52.653073349777564
20
-53.60703750360279
0
VERTEX
8
C2
10
-52.659541841710414
20
-53.59966160218946
0
VERTEX
8
C2
10
-52.66691774312375
20
-53.5931931102566
0
VERTEX
8
C2
10
-52.6750748502994
20
-53.58774270549461
0
VERTEX
8
C2
10
-52.68387359287202
20
-53.5834036458401
0
VERTEX
8
C2
10
-52.693163421916715
20
-53.58025017380677
0
VERTEX
8
C2
10
-52.7027853858829
20
-53.57833624617541
0
VERTEX
8
C2
10
-52.712574850299404
20
-53.577694610778444
0
SEQEND
0
POLYLINE
8
C2
66
1
70
1
0
VERTEX
8
C2
10
-49.76047904191617
20
-55.61362275449102
0
VERTEX
8
C2
10
-49.77026850633267
20
-55.614264389887985
0
VERTEX
8
C2
10
-49.77989047029886
20
-55.61617831751934
0
VERTEX
8
C2
10
-49.78918029934355
20
-55.619331789552675
0
VERTEX
8
C2
10
-49.79797904191617
20
-55.62367084920719
0
VERTEX
8
C2
10
-49.80613614909182
20
-55.62912125396918
0
VERTEX
8
C2
10
-49.81351205050516
20
-55.63558974590203
0
VERTEX
8
C2
10
-49.81998054243801
20
-55.642965647315364
0
VERTEX
8
C2
10
-49.825430947200005
20
-55.65112275449102
0
VERTEX
8
C2
10
-49.82977000685452
20
-55.659921497063635
0
VERTEX
8
C2
10
-49.83292347888785
20
-55.66921132610833
0
VERTEX
8
C2
10
-49.834837406519206
20
-55.678833290074515
0
VERTEX
8
C2
10
-49.835479041916166
20
-55.68862275449102
0
VERTEX
8
C2
10
-49.834837406519206
20
-55.69841221890752
0
VERTEX
8
C2
10
-49.83292347888785
20
-55.70803418287371
0
VERTEX
8
C2
10
-49.82977000685452
20
-55.7173240119184
0
VERTEX
8
C2
10
-49.825430947200005
20
-55.72612275449102
0
VERTEX
8
C2
10
-49.81998054243801
20
-55.73427986166667
0
VERTEX
8
C2
10
-49.81351205050516
20
-55.74165576308001
0
VERTEX
8
C2
10
-49.80613614909182
20
-55.74812425501286
0
VERTEX
8
C2
10
-49.79797904191617
20
-55.753574659774856
0
VERTEX
8
C2
10
-49.78918029934355
20
-55.75791371942937
0
VERTEX
8
C2
10
-49.77989047029886
20
-55.7610671914627
0
VERTEX
8
C2
10
-49.77026850633267
20
-55.76298111909406
0
VERTEX
8
C2
10
-49.76047904191617
20
-55.763622754491024
0
VERTEX
8
C2
10
-49.750689577499664
20
-55.76298111909406
0
VERTEX
8
C2
10
-49.74106761353348
20
-55.7610671914627
0
VERTEX
8
C2
10
-49.731777784488784
20
-55.75791371942937
0
VERTEX
8
C2
10
-49.72297904191617
20
-55.753574659774856
0
VERTEX
8
C2
10
-49.71482193474051
20
-55.74812425501286
0
VERTEX
8
C2
10
-49.70744603332718
20
-55.74165576308001
0
VERTEX
8
C2
10
-49.70097754139432
20
-55.73427986166667
0
VERTEX
8
C2
10
-49.695527136632336
20
-55.72612275449102
0
VERTEX
8
C2
10
-49.691188076977824
20
-55.7173240119184
0
VERTEX
8
C2
10
-49.68803460494449
20
-55.70803418287371
0
VERTEX
8
C2
10
-49.686120677313134
20
-55.69841221890752
0
VERTEX
8
C2
10
-49.68547904191617
20
-55.68862275449102
0
VERTEX
8
C2
10
-49.686120677313134
20
-55.678833290074515
0
VERTEX
8
C2
10
-49.68803460494449
20
-55.66921132610833
0
VERTEX
8
C2
10
-49.691188076977824
20
-55.659921497063635
0
VERTEX
8
C2
10
-49.695527136632336
20
-55.65112275449102
0
VERTEX
8
C2
10
-49.70097754139432
20
-55.642965647315364
0
VERTEX
8
C2
10
-49.70744603332718
20
-55.63558974590203
0
VERTEX
8
C2
10
-49.71482193474051
20
-55.62912125396918
0
VERTEX
8
C2
10
-49.72297904191617
20
-55.62367084920719
0
VERTEX
8
C2
10
-49.731777784488784
20
-55.619331789552675
0
VERTEX
8
C2
10
-49.74106761353348
20
-55.61617831751934
0
VERTEX
8
C2
10
-49.750689577499664
20
-55.614264389887985
0
VERTEX
8
C2
10
-49.76047904191617
20
-55.61362275449102
0
SEQEND
0
POLYLINE
8
C2
66
1
70
1
0
VERTEX
8
C2
10
-44.293413173652695
20
-53.577694610778444
0
VERTEX
8
C2
10
-44.303202638069195
20
-53.57833624617541
0
VERTEX
8
C2
10
-44.31282460203539
20
-53.58025017380677
0
VERTEX
8
C2
10
-44.32211443108008
20
-53.5834036458401
0
VERTEX
8
C2
10
-44.33091317365269
20
-53.58774270549461
0
VERTEX
8
C2
10
-44.33907028082835
20
-53.5931931102566
0
VERTEX
8
C2
10
-44.34644618224169
20
-53.59966160218946
0
VERTEX
8
C2
10
-44.35291467417454
20
-53.60703750360279
0
VERTEX
8
C2
10
-44.35836507893653
20
-53.615194610778445
0
VERTEX
8
C2
10
-44.36270413859104
20
-53.62399335335106
0
VERTEX
8
C2
10
-44.365857610624374
20
-53.63328318239576
0
VERTEX
8
C2
10
-44.36777153825574
20
-53.64290514636194
0
VERTEX
8
C2
10
-44.3684131736527
20
-53.65269461077845
0
VERTEX
8
C2
10
-44.36777153825574
20
-53.662484075194946
0
VERTEX
8
C2
10
-44.365857610624374
20
-53.672106039161136
0
VERTEX
8
C2
10
-44.36270413859104
20
-53.681395868205826
0
VERTEX
8
C2
10
-44.35836507893653
20
-53.69019461077845
0
VERTEX
8
C2
10
-44.35291467417454
20
-53.6983517179541
0
VERTEX
8
C2
10
-44.34644618224169
20
-53.70572761936744
0
VERTEX
8
C2
10
-44.33907028082835
20
-53.71219611130029
0
VERTEX
8
C2
10
-44.33091317365269
20
-53.71764651606228
0
VERTEX
8
C2
10
-44.32211443108008
20
-53.72198557571679
0
VERTEX
8
C2
10
-44.31282460203539
20
-53.725139047750126
0
VERTEX
8
C2
10
-44.303202638069195
20
-53.72705297538148
0
VERTEX
8
C2
10
-44.293413173652695
20
-53.72769461077844
0
VERTEX
8
C2
10
-44.283623709236196
20
-53.72705297538148
0
VERTEX
8
C2
10
-44.27400174527001
20
-53.725139047750126
0
VERTEX
8
C2
10
-44.26471191622531
20
-53.72198557571679
0
VERTEX
8
C2
10
-44.2559131736527
20
-53.71764651606228
0
VERTEX
8
C2
10
-44.24775606647704
20
-53.71219611130029
0
VERTEX
8
C2
10
-44.24038016506371
20
-53.70572761936744
0
VERTEX
8
C2
10
-44.23391167313085
20
-53.6983517179541
0
VERTEX
8
C2
10
-44.22846126836886
20
-53.69019461077845
0
VERTEX
8
C2
10
-44.22412220871435
20
-53.681395868205826
0
VERTEX
8
C2
10
-44.220968736681016
20
-53.672106039161136
0
VERTEX
8
C2
10
-44.219054809049666
20
-53.662484075194946
0
VERTEX
8
C2
10
-44.21841317365269
20
-53.65269461077845
0
VERTEX
8
C2
10
-44.219054809049666
20
-53.64290514636194
0
VERTEX
8
C2
10
-44.220968736681016
20
-53.63328318239576
0
VERTEX
8
C2
10
-44.22412220871435
20
-53.62399335335106
0
VERTEX
8
C2
10
-44.22846126836886
20
-53.615194610778445
0
VERTEX
8
C2
10
-44.23391167313085
20
-53.60703750360279
0
VERTEX
8
C2
10
-44.24038016506371
20
-53.59966160218946
0
VERTEX
8
C2
10
-44.24775606647704
20
-53.5931931102566
0
VERTEX
8
C2
10
-44.2559131736527
20
-53.58774270549461
0
VERTEX
8
C2
10
-44.26471191622531
20
-53.5834036458401
0
VERTEX
8
C2
10
-44.27400174527001
20
-53.58025017380677
0
VERTEX
8
C2
10
-44.283623709236196
20
-53.57833624617541
0
VERTEX
8
C2
10
-44.293413173652695
20
-53.577694610778444
0
SEQEND
0
POLYLINE
8
C2
66
1
70
1
0
VERTEX
8
C2
10
-48.50299401197605
20
-56.69146706586827
0
VERTEX
8
C2
10
-48.512783476392556
20
-56.692108701265234
0
VERTEX
8
C2
10
-48.52240544035874
20
-56.69402262889658
0
VERTEX
8
C2
10
-48.53169526940343
20
-56.69717610092992
0
VERTEX
8
C2
10
-48.54049401197605
20
-56.701515160584435
0
VERTEX
8
C2
10
-48.54865111915171
20
-56.70696556534642
0
VERTEX
8
C2
10
-48.55602702056504
20
-56.71343405727927
0
VERTEX
8
C2
10
-48.56249551249789
20
-56.72080995869261
0
VERTEX
8
C2
10
-48.567945917259884
20
-56.72896706586827
0
VERTEX
8
C2
10
-48.572284976914396
20
-56.737765808440884
0
VERTEX
8
C2
10
-48.57543844894773
20
-56.74705563748558
0
VERTEX
8
C2
10
-48.577352376579086
20
-56.75667760145176
0
VERTEX
8
C2
10
-48.57799401197605
20
-56.76646706586827
0
VERTEX
8
C2
10
-48.577352376579086
20
-56.77625653028477
0
VERTEX
8
C2
10
-48.57543844894773
20
-56.78587849425095
0
VERTEX
8
C2
10
-48.572284976914396
20
-56.79516832329565
0
VERTEX
8
C2
10
-48.567945917259884
20
-56.803967065868264
0
VERTEX
8
C2
10
-48.56249551249789
20
-56.81212417304392
0
VERTEX
8
C2
10
-48.55602702056504
20
-56.81950007445726
0
VERTEX
8
C2
10
-48.54865111915171
20
-56.82596856639011
0
VERTEX
8
C2
10
-48.54049401197605
20
-56.8314189711521
0
VERTEX
8
C2
10
-48.53169526940343
20
-56.83575803080661
0
VERTEX
8
C2
10
-48.52240544035874
20
-56.83891150283995
0
VERTEX
8
C2
10
-48.512783476392556
20
-56.8408254304713
0
VERTEX
8
C2
10
-48.50299401197605
20
-56.841467065868265
0
VERTEX
8
C2
10
-48.49320454755954
20
-56.8408254304713
0
VERTEX
8
C2
10
-48.48358258359336
20
-56.83891150283995
0
VERTEX
8
C2
10
-48.47429275454867
20
-56.83575803080661
0
VERTEX
8
C2
10
-48.46549401197605
20
-56.8314189711521
0
VERTEX
8
C2
10
-48.45733690480039
20
-56.82596856639011
0
VERTEX
8
C2
10
-48.44996100338706
20
-56.81950007445726
0
VERTEX
8
C2
10
-48.44349251145421
20
-56.81212417304392
0
VERTEX
8
C2
10
-48.438042106692215
20
-56.803967065868264
0
VERTEX
8
C2
10
-48.4337030470377
20
-56.79516832329565
0
VERTEX
8
C2
10
-48.43054957500437
20
-56.78587849425095
0
VERTEX
8
C2
10
-48.428635647373014
20
-56.77625653028477
0
VERTEX
8
C2
10
-48.42799401197605
20
-56.76646706586827
0
VERTEX
8
C2
10
-48.428635647373014
20
-56.75667760145176
0
VERTEX
8
C2
10
-48.43054957500437
20
-56.74705563748558
0
VERTEX
8
C2
10
-48.4337030470377
20
-56.737765808440884
0
VERTEX
8
C2
10
-48.438042106692215
20
-56.72896706586827
0
VERTEX
8
C2
10
-48.44349251145421
20
-56.72080995869261
0
VERTEX
8
C2
10
-48.44996100338706
20
-56.71343405727927
0
VERTEX
8
C2
10
-48.45733690480039
20
-56.70696556534642
0
VERTEX
8
C2
10
-48.46549401197605
20
-56.701515160584435
0
VERTEX
8
C2
10
-48.47429275454867
20
-56.69717610092992
0
VERTEX
8
C2
10
-48.48358258359336
20
-56.69402262889658
0
VERTEX
8
C2
10
-48.49320454755954
20
-56.692108701265234
0
VERTEX
8
C2
10
-48.50299401197605
20
-56.69146706586827
0
SEQEND
0
POLYLINE
8
C2
66
1
70
1
0
VERTEX
8
C2
10
-44.37125748502994
20
-55.61362275449102
0
VERTEX
8
C2
10
-44.38104694944644
20
-55.614264389887985
0
VERTEX
8
C2
10
-44.390668913412625
20
-55.61617831751934
0
VERTEX
8
C2
10
-44.39995874245733
20
-55.619331789552675
0
VERTEX
8
C2
10
-44.40875748502994
20
-55.62367084920719
0
VERTEX
8
C2
10
-44.4169145922056
20
-55.62912125396918
0
VERTEX
8
C2
10
-44.424290493618926
20
-55.63558974590203
0
VERTEX
8
C2
10
-44.43075898555179
20
-55.642965647315364
0
VERTEX
8
C2
10
-44.43620939031378
20
-55.65112275449102
0
VERTEX
8
C2
10
-44.44054844996829
20
-55.659921497063635
0
VERTEX
8
C2
10
-44.44370192200162
20
-55.66921132610833
0
VERTEX
8
C2
10
-44.44561584963297
20
-55.678833290074515
0
VERTEX
8
C2
10
-44.446257485029946
20
-55.68862275449102
0
VERTEX
8
C2
10
-44.44561584963297
20
-55.69841221890752
0
VERTEX
8
C2
10
-44.44370192200162
20
-55.70803418287371
0
VERTEX
8
C2
10
-44.44054844996829
20
-55.7173240119184
0
VERTEX
8
C2
10
-44.43620939031378
20
-55.72612275449102
0
VERTEX
8
C2
10
-44.43075898555179
20
-55.73427986166667
0
VERTEX
8
C2
10
-44.424290493618926
20
-55.74165576308001
0
VERTEX
8
C2
10
-44.4169145922056
20
-55.74812425501286
0
VERTEX
8
C2
10
-44.40875748502994
20
-55.753574659774856
0
VERTEX
8
C2
10
-44.39995874245733
20
-55.75791371942937
0
VERTEX
8
C2
10
-44.390668913412625
20
-55.7610671914627
0
VERTEX
8
C2
10
-44.38104694944644
20
-55.76298111909406
0
VERTEX
8
C2
10
-44.37125748502994
20
-55.763622754491024
0
VERTEX
8
C2
10
-44.361468020613444
20
-55.76298111909406
0
VERTEX
8
C2
10
-44.35184605664725
20
-55.7610671914627
0
VERTEX
8
C2
10
-44.34255622760256
20
-55.75791371942937
0
VERTEX
8
C2
10
-44.33375748502995
20
-55.753574659774856
0
VERTEX
8
C2
10
-44.325600377854286
20
-55.74812425501286
0
VERTEX
8
C2
10
-44.318224476440946
20
-55.74165576308001
0
VERTEX
8
C2
10
-44.311755984508096
20
-55.73427986166667
0
VERTEX
8
C2
10
-44.30630557974611
20
-55.72612275449102
0
VERTEX
8
C2
10
-44.3019665200916
20
-55.7173240119184
0
VERTEX
8
C2
10
-44.298813048058264
20
-55.70803418287371
0
VERTEX
8
C2
10
-44.2968991204269
20
-55.69841221890752
0
VERTEX
8
C2
10
-44.29625748502994
20
-55.68862275449102
0
VERTEX
8
C2
10
-44.2968991204269
20
-55.678833290074515
0
VERTEX
8
C2
10
-44.298813048058264
20
-55.66921132610833
0
VERTEX
8
C2
10
-44.3019665200916
20
-55.659921497063635
0
VERTEX
8
C2
10
-44.30630557974611
20
-55.65112275449102
0
VERTEX
8
C2
10
-44.311755984508096
20
-55.642965647315364
0
VERTEX
8
C2
10
-44.318224476440946
20
-55.63558974590203
0
VERTEX
8
C2
10
-44.325600377854286
20
-55.62912125396918
0
VERTEX
8
C2
10
-44.33375748502995
20
-55.62367084920719
0
VERTEX
8
C2
10
-44.34255622760256
20
-55.619331789552675
0
VERTEX
8
C2
10
-44.35184605664725
20
-55.61617831751934
0
VERTEX
8
C2
10
-44.361468020613444
20
-55.614264389887985
0
VERTEX
8
C2
10
-44.37125748502994
20
-55.61362275449102
0
SEQEND
0
POLYLINE
8
C2
66
1
70
1
0
VERTEX
8
C2
10
-48.50299401197605
20
-55.73338323353293
0
VERTEX
8
C2
10
-48.512783476392556
20
-55.7340248689299
0
VERTEX
8
C2
10
-48.52240544035874
20
-55.73593879656126
0
VERTEX
8
C2
10
-48.53169526940343
20
-55.73909226859459
0
VERTEX
8
C2
10
-48.54049401197605
20
-55.7434313282491
0
VERTEX
8
C2
10
-48.54865111915171
20
-55.748881733011096
0
VERTEX
8
C2
10
-48.55602702056504
20
-55.755350224943946
0
VERTEX
8
C2
10
-48.56249551249789
20
-55.762726126357286
0
VERTEX
8
C2
10
-48.567945917259884
20
-55.770883233532935
0
VERTEX
8
C2
10
-48.572284976914396
20
-55.77968197610556
0
VERTEX
8
C2
10
-48.57543844894773
20
-55.78897180515025
0
VERTEX
8
C2
10
-48.577352376579086
20
-55.79859376911644
0
VERTEX
8
C2
10
-48.57799401197605
20
-55.808383233532936
0
VERTEX
8
C2
10
-48.577352376579086
20
-55.81817269794944
0
VERTEX
8
C2
10
-48.57543844894773
20
-55.827794661915625
0
VERTEX
8
C2
10
-48.572284976914396
20
-55.83708449096032
0
VERTEX
8
C2
10
-48.567945917259884
20
-55.84588323353294
0
VERTEX
8
C2
10
-48.56249551249789
20
-55.85404034070859
0
VERTEX
8
C2
10
-48.55602702056504
20
-55.861416242121926
0
VERTEX
8
C2
10
-48.54865111915171
20
-55.867884734054776
0
VERTEX
8
C2
10
-48.54049401197605
20
-55.87333513881677
0
VERTEX
8
C2
10
-48.53169526940343
20
-55.87767419847128
0
VERTEX
8
C2
10
-48.52240544035874
20
-55.880827670504615
0
VERTEX
8
C2
10
-48.512783476392556
20
-55.88274159813597
0
VERTEX
8
C2
10
-48.50299401197605
20
-55.88338323353294
0
VERTEX
8
C2
10
-48.49320454755954
20
-55.88274159813597
0
VERTEX
8
C2
10
-48.48358258359336
20
-55.880827670504615
0
VERTEX
8
C2
10
-48.47429275454867
20
-55.87767419847128
0
VERTEX
8
C2
10
-48.46549401197605
20
-55.87333513881677
0
VERTEX
8
C2
10
-48.45733690480039
20
-55.867884734054776
0
VERTEX
8
C2
10
-48.44996100338706
20
-55.861416242121926
0
VERTEX
8
C2
10
-48.44349251145421
20
-55.85404034070859
0
VERTEX
8
C2
10
-48.438042106692215
20
-55.84588323353294
0
VERTEX
8
C2
10
-48.4337030470377
20
-55.83708449096032
0
VERTEX
8
C2
10
-48.43054957500437
20
-55.827794661915625
0
VERTEX
8
C2
10
-48.428635647373014
20
-55.81817269794944
0
VERTEX
8
C2
10
-48.42799401197605
20
-55.808383233532936
0
VERTEX
8
C2
10
-48.428635647373014
20
-55.79859376911644
0
VERTEX
8
C2
10
-48.43054957500437
20
-55.78897180515025
0
VERTEX
8
C2
10
-48.4337030470377
20
-55.77968197610556
0
VERTEX
8
C2
10
-48.438042106692215
20
-55.770883233532935
0
VERTEX
8
C2
10
-48.44349251145421
20
-55.762726126357286
0
VERTEX
8
C2
10
-48.44996100338706
20
-55.755350224943946
0
VERTEX
8
C2
10
-48.45733690480039
20
-55.748881733011096
0
VERTEX
8
C2
10
-48.46549401197605
20
-55.7434313282491
0
VERTEX
8
C2
10
-48.47429275454867
20
-55.73909226859459
0
VERTEX
8
C2
10
-48.48358258359336
20
-55.73593879656126
0
VERTEX
8
C2
10
-48.49320454755954
20
-55.7340248689299
0
VERTEX
8
C2
10
-48.50299401197605
20
-55.73338323353293
0
SEQEND
0
POLYLINE
8
C2
66
1
70
1
0
VERTEX
8
C2
10
-48.50299401197605
20
-54.77529940119761
0
VERTEX
8
C2
10
-48.512783476392556
20
-54.775941036594574
0
VERTEX
8
C2
10
-48.52240544035874
20
-54.77785496422593
0
VERTEX
8
C2
10
-48.53169526940343
20
-54.78100843625926
0
VERTEX
8
C2
10
-48.54049401197605
20
-54.785347495913776
0
VERTEX
8
C2
10
-48.54865111915171
20
-54.79079790067576
0
VERTEX
8
C2
10
-48.55602702056504
20
-54.79726639260862
0
VERTEX
8
C2
10
-48.56249551249789
20
-54.80464229402195
0
VERTEX
8
C2
10
-48.567945917259884
20
-54.81279940119761
0
VERTEX
8
C2
10
-48.572284976914396
20
-54.821598143770224
0
VERTEX
8
C2
10
-48.57543844894773
20
-54.83088797281492
0
VERTEX
8
C2
10
-48.577352376579086
20
-54.8405099367811
0
VERTEX
8
C2
10
-48.57799401197605
20
-54.85029940119761
0
VERTEX
8
C2
10
-48.577352376579086
20
-54.86008886561411
0
VERTEX
8
C2
10
-48.57543844894773
20
-54.8697108295803
0
VERTEX
8
C2
10
-48.572284976914396
20
-54.87900065862499
0
VERTEX
8
C2
10
-48.567945917259884
20
-54.887799401197604
0
VERTEX
8
C2
10
-48.56249551249789
20
-54.89595650837326
0
VERTEX
8
C2
10
-48.55602702056504
20
-54.9033324097866
0
VERTEX
8
C2
10
-48.54865111915171
20
-54.90980090171945
0
VERTEX
8
C2
10
-48.54049401197605
20
-54.91525130648144
0
VERTEX
8
C2
10
-48.53169526940343
20
-54.91959036613596
0
VERTEX
8
C2
10
-48.52240544035874
20
-54.92274383816929
0
VERTEX
8
C2
10
-48.512783476392556
20
-54.924657765800646
0
VERTEX
8
C2
10
-48.50299401197605
20
-54.925299401197606
0
VERTEX
8
C2
10
-48.49320454755954
20
-54.924657765800646
0
VERTEX
8
C2
10
-48.48358258359336
20
-54.92274383816929
0
VERTEX
8
C2
10
-48.47429275454867
20
-54.91959036613596
0
VERTEX
8
C2
10
-48.46549401197605
20
-54.91525130648144
0
VERTEX
8
C2
10
-48.45733690480039
20
-54.90980090171945
0
VERTEX
8
C2
10
-48.44996100338706
20
-54.9033324097866
0
VERTEX
8
C2
10
-48.44349251145421
20
-54.89595650837326
0
VERTEX
8
C2
10
-48.438042106692215
20
-54.887799401197604
0
VERTEX
8
C2
10
-48.4337030470377
20
-54.87900065862499
0
VERTEX
8
C2
10
-48.43054957500437
20
-54.8697108295803
0
VERTEX
8
C2
10
-48.428635647373014
20
-54.86008886561411
0
VERTEX
8
C2
10
-48.42799401197605
20
-54.85029940119761
0
VERTEX
8
C2
10
-48.428635647373014
20
-54.8405099367811
0
VERTEX
8
C2
10
-48.43054957500437
20
-54.83088797281492
0
VERTEX
8
C2
10
-48.4337030470377
20
-54.821598143770224
0
VERTEX
8
C2
10
-48.438042106692215
20
-54.81279940119761
0
VERTEX
8
C2
10
-48.44349251145421
20
-54.80464229402195
0
VERTEX
8
C2
10
-48.44996100338706
20
-54.79726639260862
0
VERTEX
8
C2
10
-48.45733690480039
20
-54.79079790067576
0
VERTEX
8
C2
10
-48.46549401197605
20
-54.785347495913776
0
VERTEX
8
C2
10
-48.47429275454867
20
-54.78100843625926
0
VERTEX
8
C2
10
-48.48358258359336
20
-54.77785496422593
0
VERTEX
8
C2
10
-48.49320454755954
20
-54.775941036594574
0
VERTEX
8
C2
10
-48.50299401197605
20
-54.77529940119761
0
SEQEND
0
POLYLINE
8
C2
66
1
70
1
0
VERTEX
8
C2
10
-48.50299401197605
20
-53.81721556886228
0
VERTEX
8
C2
10
-48.512783476392556
20
-53.81785720425924
0
VERTEX
8
C2
10
-48.52240544035874
20
-53.8197711318906
0
VERTEX
8
C2
10
-48.53169526940343
20
-53.82292460392393
0
VERTEX
8
C2
10
-48.54049401197605
20
-53.82726366357844
0
VERTEX
8
C2
10
-48.54865111915171
20
-53.83271406834044
0
VERTEX
8
C2
10
-48.55602702056504
20
-53.83918256027329
0
VERTEX
8
C2
10
-48.56249551249789
20
-53.84655846168663
0
VERTEX
8
C2
10
-48.567945917259884
20
-53.854715568862275
0
VERTEX
8
C2
10
-48.572284976914396
20
-53.8635143114349
0
VERTEX
8
C2
10
-48.57543844894773
20
-53.87280414047959
0
VERTEX
8
C2
10
-48.577352376579086
20
-53.88242610444578
0
VERTEX
8
C2
10
-48.57799401197605
20
-53.89221556886228
0
VERTEX
8
C2
10
-48.577352376579086
20
-53.90200503327878
0
VERTEX
8
C2
10
-48.57543844894773
20
-53.911626997244966
0
VERTEX
8
C2
10
-48.572284976914396
20
-53.92091682628966
0
VERTEX
8
C2
10
-48.567945917259884
20
-53.92971556886228
0
VERTEX
8
C2
10
-48.56249551249789
20
-53.937872676037934
0
VERTEX
8
C2
10
-48.55602702056504
20
-53.94524857745127
0
VERTEX
8
C2
10
-48.54865111915171
20
-53.951717069384124
0
VERTEX
8
C2
10
-48.54049401197605
20
-53.95716747414611
0
VERTEX
8
C2
10
-48.53169526940343
20
-53.96150653380062
0
VERTEX
8
C2
10
-48.52240544035874
20
-53.964660005833956
0
VERTEX
8
C2
10
-48.512783476392556
20
-53.96657393346531
0
VERTEX
8
C2
10
-48.50299401197605
20
-53.96721556886228
0
VERTEX
8
C2
10
-48.49320454755954
20
-53.96657393346531
0
VERTEX
8
C2
10
-48.48358258359336
20
-53.964660005833956
0
VERTEX
8
C2
10
-48.47429275454867
20
-53.96150653380062
0
VERTEX
8
C2
10
-48.46549401197605
20
-53.95716747414611
0
VERTEX
8
C2
10
-48.45733690480039
20
-53.951717069384124
0
VERTEX
8
C2
10
-48.44996100338706
20
-53.94524857745127
0
VERTEX
8
C2
10
-48.44349251145421
20
-53.937872676037934
0
VERTEX
8
C2
10
-48.438042106692215
20
-53.92971556886228
0
VERTEX
8
C2
10
-48.4337030470377
20
-53.92091682628966
0
VERTEX
8
C2
10
-48.43054957500437
20
-53.911626997244966
0
VERTEX
8
C2
10
-48.428635647373014
20
-53.90200503327878
0
VERTEX
8
C2
10
-48.42799401197605
20
-53.89221556886228
0
VERTEX
8
C2
10
-48.428635647373014
20
-53.88242610444578
0
VERTEX
8
C2
10
-48.43054957500437
20
-53.87280414047959
0
VERTEX
8
C2
10
-48.4337030470377
20
-53.8635143114349
0
VERTEX
8
C2
10
-48.438042106692215
20
-53.854715568862275
0
VERTEX
8
C2
10
-48.44349251145421
20
-53.84655846168663
0
VERTEX
8
C2
10
-48.44996100338706
20
-53.83918256027329
0
VERTEX
8
C2
10
-48.45733690480039
20
-53.83271406834044
0
VERTEX
8
C2
10
-48.46549401197605
20
-53.82726366357844
0
VERTEX
8
C2
10
-48.47429275454867
20
-53.82292460392393
0
VERTEX
8
C2
10
-48.48358258359336
20
-53.8197711318906
0
VERTEX
8
C2
10
-48.49320454755954
20
-53.81785720425924
0
VERTEX
8
C2
10
-48.50299401197605
20
-53.81721556886228
0
SEQEND
0
POLYLINE
8
C2
66
1
70
1
0
VERTEX
8
C2
10
-47.08383233532935
20
-53.577694610778444
0
VERTEX
8
C2
10
-47.09362179974585
20
-53.57833624617541
0
VERTEX
8
C2
10
-47.10324376371203
20
-53.58025017380677
0
VERTEX
8
C2
10
-47.11253359275672
20
-53.5834036458401
0
VERTEX
8
C2
10
-47.12133233532934
20
-53.58774270549461
0
VERTEX
8
C2
10
-47.12948944250499
20
-53.5931931102566
0
VERTEX
8
C2
10
-47.13686534391833
20
-53.59966160218946
0
VERTEX
8
C2
10
-47.14333383585118
20
-53.60703750360279
0
VERTEX
8
C2
10
-47.14878424061318
20
-53.615194610778445
0
VERTEX
8
C2
10
-47.153123300267694
20
-53.62399335335106
0
VERTEX
8
C2
10
-47.15627677230103
20
-53.63328318239576
0
VERTEX
8
C2
10
-47.158190699932376
20
-53.64290514636194
0
VERTEX
8
C2
10
-47.158832335329336
20
-53.65269461077845
0
VERTEX
8
C2
10
-47.158190699932376
20
-53.662484075194946
0
VERTEX
8
C2
10
-47.15627677230103
20
-53.672106039161136
0
VERTEX
8
C2
10
-47.153123300267694
20
-53.681395868205826
0
VERTEX
8
C2
10
-47.14878424061318
20
-53.69019461077845
0
VERTEX
8
C2
10
-47.14333383585118
20
-53.6983517179541
0
VERTEX
8
C2
10
-47.13686534391833
20
-53.70572761936744
0
VERTEX
8
C2
10
-47.12948944250499
20
-53.71219611130029
0
VERTEX
8
C2
10
-47.12133233532934
20
-53.71764651606228
0
VERTEX
8
C2
10
-47.11253359275672
20
-53.72198557571679
0
VERTEX
8
C2
10
-47.10324376371203
20
-53.725139047750126
0
VERTEX
8
C2
10
-47.09362179974585
20
-53.72705297538148
0
VERTEX
8
C2
10
-47.08383233532935
20
-53.72769461077844
0
VERTEX
8
C2
10
-47.074042870912834
20
-53.72705297538148
0
VERTEX
8
C2
10
-47.06442090694665
20
-53.725139047750126
0
VERTEX
8
C2
10
-47.05513107790196
20
-53.72198557571679
0
VERTEX
8
C2
10
-47.04633233532934
20
-53.71764651606228
0
VERTEX
8
C2
10
-47.03817522815369
20
-53.71219611130029
0
VERTEX
8
C2
10
-47.03079932674035
20
-53.70572761936744
0
VERTEX
8
C2
10
-47.0243308348075
20
-53.6983517179541
0
VERTEX
8
C2
10
-47.01888043004551
20
-53.69019461077845
0
VERTEX
8
C2
10
-47.014541370391
20
-53.681395868205826
0
VERTEX
8
C2
10
-47.01138789835767
20
-53.672106039161136
0
VERTEX
8
C2
10
-47.009473970726305
20
-53.662484075194946
0
VERTEX
8
C2
10
-47.008832335329345
20
-53.65269461077845
0
VERTEX
8
C2
10
-47.009473970726305
20
-53.64290514636194
0
VERTEX
8
C2
10
-47.01138789835767
20
-53.63328318239576
0
VERTEX
8
C2
10
-47.014541370391
20
-53.62399335335106
0
VERTEX
8
C2
10
-47.01888043004551
20
-53.615194610778445
0
VERTEX
8
C2
10
-47.0243308348075
20
-53.60703750360279
0
VERTEX
8
C2
10
-47.03079932674035
20
-53.59966160218946
0
VERTEX
8
C2
10
-47.03817522815369
20
-53.5931931102566
0
VERTEX
8
C2
10
-47.04633233532934
20
-53.58774270549461
0
VERTEX
8
C2
10
-47.05513107790196
20
-53.5834036458401
0
VERTEX
8
C2
10
-47.06442090694665
20
-53.58025017380677
0
VERTEX
8
C2
10
-47.074042870912834
20
-53.57833624617541
0
VERTEX
8
C2
10
-47.08383233532935
20
-53.577694610778444
0
SEQEND
0
POLYLINE
8
C2
66
1
70
1
0
VERTEX
8
C2
10
-48.50299401197605
20
-53.338173652694614
0
VERTEX
8
C2
10
-48.512783476392556
20
-53.33881528809158
0
VERTEX
8
C2
10
-48.52240544035874
20
-53.34072921572293
0
VERTEX
8
C2
10
-48.53169526940343
20
-53.34388268775627
0
VERTEX
8
C2
10
-48.54049401197605
20
-53.34822174741078
0
VERTEX
8
C2
10
-48.54865111915171
20
-53.35367215217277
0
VERTEX
8
C2
10
-48.55602702056504
20
-53.36014064410562
0
VERTEX
8
C2
10
-48.56249551249789
20
-53.36751654551896
0
VERTEX
8
C2
10
-48.567945917259884
20
-53.375673652694616
0
VERTEX
8
C2
10
-48.572284976914396
20
-53.38447239526723
0
VERTEX
8
C2
10
-48.57543844894773
20
-53.39376222431193
0
VERTEX
8
C2
10
-48.577352376579086
20
-53.40338418827811
0
VERTEX
8
C2
10
-48.57799401197605
20
-53.41317365269461
0
VERTEX
8
C2
10
-48.577352376579086
20
-53.42296311711112
0
VERTEX
8
C2
10
-48.57543844894773
20
-53.4325850810773
0
VERTEX
8
C2
10
-48.572284976914396
20
-53.441874910121996
0
VERTEX
8
C2
10
-48.567945917259884
20
-53.45067365269461
0
VERTEX
8
C2
10
-48.56249551249789
20
-53.45883075987027
0
VERTEX
8
C2
10
-48.55602702056504
20
-53.46620666128361
0
VERTEX
8
C2
10
-48.54865111915171
20
-53.47267515321646
0
VERTEX
8
C2
10
-48.54049401197605
20
-53.478125557978444
0
VERTEX
8
C2
10
-48.53169526940343
20
-53.48246461763296
0
VERTEX
8
C2
10
-48.52240544035874
20
-53.485618089666296
0
VERTEX
8
C2
10
-48.512783476392556
20
-53.487532017297646
0
VERTEX
8
C2
10
-48.50299401197605
20
-53.48817365269461
0
VERTEX
8
C2
10
-48.49320454755954
20
-53.487532017297646
0
VERTEX
8
C2
10
-48.48358258359336
20
-53.485618089666296
0
VERTEX
8
C2
10
-48.47429275454867
20
-53.48246461763296
0
VERTEX
8
C2
10
-48.46549401197605
20
-53.478125557978444
0
VERTEX
8
C2
10
-48.45733690480039
20
-53.47267515321646
0
VERTEX
8
C2
10
-48.44996100338706
20
-53.46620666128361
0
VERTEX
8
C2
10
-48.44349251145421
20
-53.45883075987027
0
VERTEX
8
C2
10
-48.438042106692215
20
-53.45067365269461
0
VERTEX
8
C2
10
-48.4337030470377
20
-53.441874910121996
0
VERTEX
8
C2
10
-48.43054957500437
20
-53.4325850810773
0
VERTEX
8
C2
10
-48.428635647373014
20
-53.42296311711112
0
VERTEX
8
C2
10
-48.42799401197605
20
-53.41317365269461
0
VERTEX
8
C2
10
-48.428635647373014
20
-53.40338418827811
0
VERTEX
8
C2
10
-48.43054957500437
20
-53.39376222431193
0
VERTEX
8
C2
10
-48.4337030470377
20
-53.38447239526723
0
VERTEX
8
C2
10
-48.438042106692215
20
-53.375673652694616
0
VERTEX
8
C2
10
-48.44349251145421
20
-53.36751654551896
0
VERTEX
8
C2
10
-48.44996100338706
20
-53.36014064410562
0
VERTEX
8
C2
10
-48.45733690480039
20
-53.35367215217277
0
VERTEX
8
C2
10
-48.46549401197605
20
-53.34822174741078
0
VERTEX
8
C2
10
-48.47429275454867
20
-53.34388268775627
0
VERTEX
8
C2
10
-48.48358258359336
20
-53.34072921572293
0
VERTEX
8
C2
10
-48.49320454755954
20
-53.33881528809158
0
VERTEX
8
C2
10
-48.50299401197605
20
-53.338173652694614
0
SEQEND
0
POLYLINE
8
C2
66
1
70
1
0
VERTEX
8
C2
10
-47.24550898203593
20
-55.61362275449102
0
VERTEX
8
C2
10
-47.255298446452436
20
-55.614264389887985
0
VERTEX
8
C2
10
-47.26492041041862
20
-55.61617831751934
0
VERTEX
8
C2
10
-47.274210239463315
20
-55.619331789552675
0
VERTEX
8
C2
10
-47.28300898203593
20
-55.62367084920719
0
VERTEX
8
C2
10
-47.291166089211586
20
-55.62912125396918
0
VERTEX
8
C2
10
-47.29854199062492
20
-55.63558974590203
0
VERTEX
8
C2
10
-47.305010482557776
20
-55.642965647315364
0
VERTEX
8
C2
10
-47.31046088731976
20
-55.65112275449102
0
VERTEX
8
C2
10
-47.314799946974276
20
-55.659921497063635
0
VERTEX
8
C2
10
-47.31795341900761
20
-55.66921132610833
0
VERTEX
8
C2
10
-47.319867346638965
20
-55.678833290074515
0
VERTEX
8
C2
10
-47.32050898203593
20
-55.68862275449102
0
VERTEX
8
C2
10
-47.319867346638965
20
-55.69841221890752
0
VERTEX
8
C2
10
-47.31795341900761
20
-55.70803418287371
0
VERTEX
8
C2
10
-47.314799946974276
20
-55.7173240119184
0
VERTEX
8
C2
10
-47.31046088731976
20
-55.72612275449102
0
VERTEX
8
C2
10
-47.305010482557776
20
-55.73427986166667
0
VERTEX
8
C2
10
-47.29854199062492
20
-55.74165576308001
0
VERTEX
8
C2
10
-47.291166089211586
20
-55.74812425501286
0
VERTEX
8
C2
10
-47.28300898203593
20
-55.753574659774856
0
VERTEX
8
C2
10
-47.274210239463315
20
-55.75791371942937
0
VERTEX
8
C2
10
-47.26492041041862
20
-55.7610671914627
0
VERTEX
8
C2
10
-47.255298446452436
20
-55.76298111909406
0
VERTEX
8
C2
10
-47.24550898203593
20
-55.763622754491024
0
VERTEX
8
C2
10
-47.23571951761943
20
-55.76298111909406
0
VERTEX
8
C2
10
-47.22609755365324
20
-55.7610671914627
0
VERTEX
8
C2
10
-47.21680772460855
20
-55.75791371942937
0
VERTEX
8
C2
10
-47.20800898203593
20
-55.753574659774856
0
VERTEX
8
C2
10
-47.19985187486027
20
-55.74812425501286
0
VERTEX
8
C2
10
-47.192475973446946
20
-55.74165576308001
0
VERTEX
8
C2
10
-47.18600748151408
20
-55.73427986166667
0
VERTEX
8
C2
10
-47.180557076752095
20
-55.72612275449102
0
VERTEX
8
C2
10
-47.17621801709758
20
-55.7173240119184
0
VERTEX
8
C2
10
-47.17306454506425
20
-55.70803418287371
0
VERTEX
8
C2
10
-47.1711506174329
20
-55.69841221890752
0
VERTEX
8
C2
10
-47.170508982035926
20
-55.68862275449102
0
VERTEX
8
C2
10
-47.1711506174329
20
-55.678833290074515
0
VERTEX
8
C2
10
-47.17306454506425
20
-55.66921132610833
0
VERTEX
8
C2
10
-47.17621801709758
20
-55.659921497063635
0
VERTEX
8
C2
10
-47.180557076752095
20
-55.65112275449102
0
VERTEX
8
C2
10
-47.18600748151408
20
-55.642965647315364
0
VERTEX
8
C2
10
-47.192475973446946
20
-55.63558974590203
0
VERTEX
8
C2
10
-47.19985187486027
20
-55.62912125396918
0
VERTEX
8
C2
10
-47.20800898203593
20
-55.62367084920719
0
VERTEX
8
C2
10
-47.21680772460855
20
-55.619331789552675
0
VERTEX
8
C2
10
-47.22609755365324
20
-55.61617831751934
0
VERTEX
8
C2
10
-47.23571951761943
20
-55.614264389887985
0
VERTEX
8
C2
10
-47.24550898203593
20
-55.61362275449102
0
SEQEND
0
POLYLINE
8
C2
66
1
70
1
0
VERTEX
8
C2
10
-48.50299401197605
20
-54.29625748502994
0
VERTEX
8
C2
10
-48.512783476392556
20
-54.29689912042691
0
VERTEX
8
C2
10
-48.52240544035874
20
-54.298813048058264
0
VERTEX
8
C2
10
-48.53169526940343
20
-54.3019665200916
0
VERTEX
8
C2
10
-48.54049401197605
20
-54.30630557974611
0
VERTEX
8
C2
10
-48.54865111915171
20
-54.3117559845081
0
VERTEX
8
C2
10
-48.55602702056504
20
-54.31822447644095
0
VERTEX
8
C2
10
-48.56249551249789
20
-54.325600377854286
0
VERTEX
8
C2
10
-48.567945917259884
20
-54.33375748502994
0
VERTEX
8
C2
10
-48.572284976914396
20
-54.342556227602564
0
VERTEX
8
C2
10
-48.57543844894773
20
-54.351846056647254
0
VERTEX
8
C2
10
-48.577352376579086
20
-54.36146802061344
0
VERTEX
8
C2
10
-48.57799401197605
20
-54.37125748502994
0
VERTEX
8
C2
10
-48.577352376579086
20
-54.38104694944645
0
VERTEX
8
C2
10
-48.57543844894773
20
-54.39066891341263
0
VERTEX
8
C2
10
-48.572284976914396
20
-54.39995874245732
0
VERTEX
8
C2
10
-48.567945917259884
20
-54.408757485029945
0
VERTEX
8
C2
10
-48.56249551249789
20
-54.4169145922056
0
VERTEX
8
C2
10
-48.55602702056504
20
-54.42429049361893
0
VERTEX
8
C2
10
-48.54865111915171
20
-54.43075898555178
0
VERTEX
8
C2
10
-48.54049401197605
20
-54.43620939031378
0
VERTEX
8
C2
10
-48.53169526940343
20
-54.44054844996829
0
VERTEX
8
C2
10
-48.52240544035874
20
-54.44370192200162
0
VERTEX
8
C2
10
-48.512783476392556
20
-54.44561584963298
0
VERTEX
8
C2
10
-48.50299401197605
20
-54.446257485029946
0
VERTEX
8
C2
10
-48.49320454755954
20
-54.44561584963298
0
VERTEX
8
C2
10
-48.48358258359336
20
-54.44370192200162
0
VERTEX
8
C2
10
-48.47429275454867
20
-54.44054844996829
0
VERTEX
8
C2
10
-48.46549401197605
20
-54.43620939031378
0
VERTEX
8
C2
10
-48.45733690480039
20
-54.43075898555178
0
VERTEX
8
C2
10
-48.44996100338706
20
-54.42429049361893
0
VERTEX
8
C2
10
-48.44349251145421
20
-54.4169145922056
0
VERTEX
8
C2
10
-48.438042106692215
20
-54.408757485029945
0
VERTEX
8
C2
10
-48.4337030470377
20
-54.39995874245732
0
VERTEX
8
C2
10
-48.43054957500437
20
-54.39066891341263
0
VERTEX
8
C2
10
-48.428635647373014
20
-54.38104694944645
0
VERTEX
8
C2
10
-48.42799401197605
20
-54.37125748502994
0
VERTEX
8
C2
10
-48.428635647373014
20
-54.36146802061344
0
VERTEX
8
C2
10
-48.43054957500437
20
-54.351846056647254
0
VERTEX
8
C2
10
-48.4337030470377
20
-54.342556227602564
0
VERTEX
8
C2
10
-48.438042106692215
20
-54.33375748502994
0
VERTEX
8
C2
10
-48.44349251145421
20
-54.325600377854286
0
VERTEX
8
C2
10
-48.44996100338706
20
-54.31822447644095
0
VERTEX
8
C2
10
-48.45733690480039
20
-54.3117559845081
0
VERTEX
8
C2
10
-48.46549401197605
20
-54.30630557974611
0
VERTEX
8
C2
10
-48.47429275454867
20
-54.3019665200916
0
VERTEX
8
C2
10
-48.48358258359336
20
-54.298813048058264
0
VERTEX
8
C2
10
-48.49320454755954
20
-54.29689912042691
0
VERTEX
8
C2
10
-48.50299401197605
20
-54.29625748502994
0
SEQEND
0
POLYLINE
8
C2
66
1
70
1
0
VERTEX
8
C2
10
-48.50299401197605
20
-55.254341317365274
0
VERTEX
8
C2
10
-48.512783476392556
20
-55.254982952762234
0
VERTEX
8
C2
10
-48.52240544035874
20
-55.25689688039359
0
VERTEX
8
C2
10
-48.53169526940343
20
-55.26005035242692
0
VERTEX
8
C2
10
-48.54049401197605
20
-55.26438941208144
0
VERTEX
8
C2
10
-48.54865111915171
20
-55.26983981684343
0
VERTEX
8
C2
10
-48.55602702056504
20
-55.27630830877628
0
VERTEX
8
C2
10
-48.56249551249789
20
-55.28368421018962
0
VERTEX
8
C2
10
-48.567945917259884
20
-55.291841317365275
0
VERTEX
8
C2
10
-48.572284976914396
20
-55.30064005993789
0
VERTEX
8
C2
10
-48.57543844894773
20
-55.30992988898258
0
VERTEX
8
C2
10
-48.577352376579086
20
-55.31955185294877
0
VERTEX
8
C2
10
-48.57799401197605
20
-55.32934131736527
0
VERTEX
8
C2
10
-48.577352376579086
20
-55.339130781781776
0
VERTEX
8
C2
10
-48.57543844894773
20
-55.34875274574796
0
VERTEX
8
C2
10
-48.572284976914396
20
-55.358042574792655
0
VERTEX
8
C2
10
-48.567945917259884
20
-55.36684131736527
0
VERTEX
8
C2
10
-48.56249551249789
20
-55.37499842454093
0
VERTEX
8
C2
10
-48.55602702056504
20
-55.38237432595427
0
VERTEX
8
C2
10
-48.54865111915171
20
-55.38884281788712
0
VERTEX
8
C2
10
-48.54049401197605
20
-55.394293222649104
0
VERTEX
8
C2
10
-48.53169526940343
20
-55.398632282303616
0
VERTEX
8
C2
10
-48.52240544035874
20
-55.401785754336956
0
VERTEX
8
C2
10
-48.512783476392556
20
-55.403699681968305
0
VERTEX
8
C2
10
-48.50299401197605
20
-55.40434131736527
0
VERTEX
8
C2
10
-48.49320454755954
20
-55.403699681968305
0
VERTEX
8
C2
10
-48.48358258359336
20
-55.401785754336956
0
VERTEX
8
C2
10
-48.47429275454867
20
-55.398632282303616
0
VERTEX
8
C2
10
-48.46549401197605
20
-55.394293222649104
0
VERTEX
8
C2
10
-48.45733690480039
20
-55.38884281788712
0
VERTEX
8
C2
10
-48.44996100338706
20
-55.38237432595427
0
VERTEX
8
C2
10
-48.44349251145421
20
-55.37499842454093
0
VERTEX
8
C2
10
-48.438042106692215
20
-55.36684131736527
0
VERTEX
8
C2
10
-48.4337030470377
20
-55.358042574792655
0
VERTEX
8
C2
10
-48.43054957500437
20
-55.34875274574796
0
VERTEX
8
C2
10
-48.428635647373014
20
-55.339130781781776
0
VERTEX
8
C2
10
-48.42799401197605
20
-55.32934131736527
0
VERTEX
8
C2
10
-48.428635647373014
20
-55.31955185294877
0
VERTEX
8
C2
10
-48.43054957500437
20
-55.30992988898258
0
VERTEX
8
C2
10
-48.4337030470377
20
-55.30064005993789
0
VERTEX
8
C2
10
-48.438042106692215
20
-55.291841317365275
0
VERTEX
8
C2
10
-48.44349251145421
20
-55.28368421018962
0
VERTEX
8
C2
10
-48.44996100338706
20
-55.27630830877628
0
VERTEX
8
C2
10
-48.45733690480039
20
-55.26983981684343
0
VERTEX
8
C2
10
-48.46549401197605
20
-55.26438941208144
0
VERTEX
8
C2
10
-48.47429275454867
20
-55.26005035242692
0
VERTEX
8
C2
10
-48.48358258359336
20
-55.25689688039359
0
VERTEX
8
C2
10
-48.49320454755954
20
-55.254982952762234
0
VERTEX
8
C2
10
-48.50299401197605
20
-55.254341317365274
0
SEQEND
0
POLYLINE
8
C2
66
1
70
1
0
VERTEX
8
C2
10
-48.50299401197605
20
-56.2124251497006
0
VERTEX
8
C2
10
-48.512783476392556
20
-56.21306678509757
0
VERTEX
8
C2
10
-48.52240544035874
20
-56.214980712728924
0
VERTEX
8
C2
10
-48.53169526940343
20
-56.218134184762256
0
VERTEX
8
C2
10
-48.54049401197605
20
-56.22247324441677
0
VERTEX
8
C2
10
-48.54865111915171
20
-56.227923649178756
0
VERTEX
8
C2
10
-48.55602702056504
20
-56.23439214111161
0
VERTEX
8
C2
10
-48.56249551249789
20
-56.241768042524946
0
VERTEX
8
C2
10
-48.567945917259884
20
-56.2499251497006
0
VERTEX
8
C2
10
-48.572284976914396
20
-56.25872389227322
0
VERTEX
8
C2
10
-48.57543844894773
20
-56.268013721317914
0
VERTEX
8
C2
10
-48.577352376579086
20
-56.277635685284096
0
VERTEX
8
C2
10
-48.57799401197605
20
-56.2874251497006
0
VERTEX
8
C2
10
-48.577352376579086
20
-56.2972146141171
0
VERTEX
8
C2
10
-48.57543844894773
20
-56.30683657808329
0
VERTEX
8
C2
10
-48.572284976914396
20
-56.31612640712798
0
VERTEX
8
C2
10
-48.567945917259884
20
-56.324925149700604
0
VERTEX
8
C2
10
-48.56249551249789
20
-56.33308225687625
0
VERTEX
8
C2
10
-48.55602702056504
20
-56.34045815828959
0
VERTEX
8
C2
10
-48.54865111915171
20
-56.34692665022244
0
VERTEX
8
C2
10
-48.54049401197605
20
-56.35237705498444
0
VERTEX
8
C2
10
-48.53169526940343
20
-56.35671611463895
0
VERTEX
8
C2
10
-48.52240544035874
20
-56.35986958667228
0
VERTEX
8
C2
10
-48.512783476392556
20
-56.36178351430364
0
VERTEX
8
C2
10
-48.50299401197605
20
-56.3624251497006
0
VERTEX
8
C2
10
-48.49320454755954
20
-56.36178351430364
0
VERTEX
8
C2
10
-48.48358258359336
20
-56.35986958667228
0
VERTEX
8
C2
10
-48.47429275454867
20
-56.35671611463895
0
VERTEX
8
C2
10
-48.46549401197605
20
-56.35237705498444
0
VERTEX
8
C2
10
-48.45733690480039
20
-56.34692665022244
0
VERTEX
8
C2
10
-48.44996100338706
20
-56.34045815828959
0
VERTEX
8
C2
10
-48.44349251145421
20
-56.33308225687625
0
VERTEX
8
C2
10
-48.438042106692215
20
-56.324925149700604
0
VERTEX
8
C2
10
-48.4337030470377
20
-56.31612640712798
0
VERTEX
8
C2
10
-48.43054957500437
20
-56.30683657808329
0
VERTEX
8
C2
10
-48.428635647373014
20
-56.2972146141171
0
VERTEX
8
C2
10
-48.42799401197605
20
-56.2874251497006
0
VERTEX
8
C2
10
-48.428635647373014
20
-56.277635685284096
0
VERTEX
8
C2
10
-48.43054957500437
20
-56.268013721317914
0
VERTEX
8
C2
10
-48.4337030470377
20
-56.25872389227322
0
VERTEX
8
C2
10
-48.438042106692215
20
-56.2499251497006
0
VERTEX
8
C2
10
-48.44349251145421
20
-56.241768042524946
0
VERTEX
8
C2
10
-48.44996100338706
20
-56.23439214111161
0
VERTEX
8
C2
10
-48.45733690480039
20
-56.227923649178756
0
VERTEX
8
C2
10
-48.46549401197605
20
-56.22247324441677
0
VERTEX
8
C2
10
-48.47429275454867
20
-56.218134184762256
0
VERTEX
8
C2
10
-48.48358258359336
20
-56.214980712728924
0
VERTEX
8
C2
10
-48.49320454755954
20
-56.21306678509757
0
VERTEX
8
C2
10
-48.50299401197605
20
-56.2124251497006
0
SEQEND
0
POLYLINE
8
C2
66
1
70
1
0
VERTEX
8
C2
10
-39.700598802395206
20
-57.565029940119764
0
VERTEX
8
C2
10
-39.700598802395206
20
-55.209580838323355
0
VERTEX
8
C2
10
-40.05988023952095
20
-55.209580838323355
0
VERTEX
8
C2
10
-40.05988023952095
20
-55.808383233532936
0
VERTEX
8
C2
10
-39.82035928143712
20
-55.808383233532936
0
VERTEX
8
C2
10
-39.82035928143712
20
-56.047904191616766
0
VERTEX
8
C2
10
-40.05988023952095
20
-56.047904191616766
0
VERTEX
8
C2
10
-40.05988023952095
20
-57.0059880239521
0
VERTEX
8
C2
10
-39.82035928143712
20
-57.0059880239521
0
VERTEX
8
C2
10
-39.82035928143712
20
-57.24550898203593
0
VERTEX
8
C2
10
-40.05988023952095
20
-57.24550898203593
0
VERTEX
8
C2
10
-40.05988023952095
20
-57.565029940119764
0
VERTEX
8
C2
10
-39.700598802395206
20
-57.565029940119764
0
SEQEND
0
POLYLINE
8
C2
66
1
70
1
0
VERTEX
8
C2
10
-38.802794855723405
20
-55.808383233532936
0
VERTEX
8
C2
10
-38.62275449101796
20
-55.808383233532936
0
VERTEX
8
C2
10
-38.62275449101796
20
-55.32934131736527
0
VERTEX
8
C2
10
-38.50299401197604
20
-55.32934131736527
0
VERTEX
8
C2
10
-38.50299401197604
20
-55.68862275449102
0
VERTEX
8
C2
10
-38.45508982035928
20
-55.68862275449102
0
VERTEX
8
C2
10
-38.450908415027854
20
-55.71060645197381
0
VERTEX
8
C2
10
-38.438948169661785
20
-55.7295199296113
0
VERTEX
8
C2
10
-38.42087943942798
20
-55.742721751201444
0
VERTEX
8
C2
10
-38.39922568400313
20
-55.74836816436037
0
VERTEX
8
C2
10
-38.3770110438751
20
-55.745670597022404
0
VERTEX
8
C2
10
-38.35733799209379
20
-55.73500578857734
0
VERTEX
8
C2
10
-38.34295404617954
20
-55.717863174847324
0
VERTEX
8
C2
10
-38.33586805274402
20
-55.69663687506163
0
VERTEX
8
C2
10
-38.337069634105575
20
-55.67429133170749
0
VERTEX
8
C2
10
-38.34639097868725
20
-55.65394729964032
0
VERTEX
8
C2
10
-38.362530277403394
20
-55.638446004774686
0
VERTEX
8
C2
10
-38.38323353293413
20
-55.629952341490224
0
VERTEX
8
C2
10
-38.38323353293413
20
-55.209580838323355
0
VERTEX
8
C2
10
-39.34131736526946
20
-55.209580838323355
0
VERTEX
8
C2
10
-39.34131736526946
20
-55.808383233532936
0
VERTEX
8
C2
10
-39.16127700056401
20
-55.808383233532936
0
VERTEX
8
C2
10
-39.18195948191308
20
-55.76924847638517
0
VERTEX
8
C2
10
-39.194212662147436
20
-55.72671432744678
0
VERTEX
8
C2
10
-39.19751991506739
20
-55.682574137937756
0
VERTEX
8
C2
10
-39.191741798220065
20
-55.63868897395871
0
VERTEX
8
C2
10
-39.177121932158755
20
-55.59690914906536
0
VERTEX
8
C2
10
-39.154276728761715
20
-55.55899621019858
0
VERTEX
8
C2
10
-39.1241694016915
20
-55.5265486662475
0
VERTEX
8
C2
10
-39.08806935478201
20
-55.50093459072444
0
VERTEX
8
C2
10
-39.04749866064506
20
-55.483233940199234
0
VERTEX
8
C2
10
-39.00416788609917
20
-55.474193020499236
0
VERTEX
8
C2
10
-38.95990397018825
20
-55.474193020499236
0
VERTEX
8
C2
10
-38.91657319564236
20
-55.483233940199234
0
VERTEX
8
C2
10
-38.87600250150541
20
-55.50093459072444
0
VERTEX
8
C2
10
-38.839902454595915
20
-55.5265486662475
0
VERTEX
8
C2
10
-38.8097951275257
20
-55.55899621019858
0
VERTEX
8
C2
10
-38.78694992412866
20
-55.59690914906536
0
VERTEX
8
C2
10
-38.772330058067354
20
-55.63868897395871
0
VERTEX
8
C2
10
-38.76655194122003
20
-55.682574137937756
0
VERTEX
8
C2
10
-38.76985919413998
20
-55.72671432744678
0
VERTEX
8
C2
10
-38.78211237437432
20
-55.76924847638517
0
VERTEX
8
C2
10
-38.802794855723405
20
-55.808383233532936
0
SEQEND
0
POLYLINE
8
C2
66
1
70
1
0
VERTEX
8
C2
10
-39.35079780198551
20
-53.59281437125749
0
VERTEX
8
C2
10
-40.359281437125745
20
-53.59281437125749
0
VERTEX
8
C2
10
-40.359281437125745
20
-54.37125748502994
0
VERTEX
8
C2
10
-40.47904191616766
20
-54.37125748502994
0
VERTEX
8
C2
10
-40.47904191616766
20
-53.59281437125749
0
VERTEX
8
C2
10
-41.72704650939173
20
-53.59281437125749
0
VERTEX
8
C2
10
-41.71917977378267
20
-53.63639773699489
0
VERTEX
8
C2
10
-41.7203856950356
20
-53.68066895848329
0
VERTEX
8
C2
10
-41.730613373825875
20
-53.72375944333442
0
VERTEX
8
C2
10
-41.74943112198015
20
-53.76385043549657
0
VERTEX
8
C2
10
-41.77604468309926
20
-53.79924978100891
0
VERTEX
8
C2
10
-41.8093307564009
20
-53.828463350155815
0
VERTEX
8
C2
10
-41.84788440881309
20
-53.85025810144651
0
VERTEX
8
C2
10
-41.89007837415669
20
-53.86371412562626
0
VERTEX
8
C2
10
-41.934131736526936
20
-53.868263473053894
0
VERTEX
8
C2
10
-41.9781850988972
20
-53.86371412562626
0
VERTEX
8
C2
10
-42.0203790642408
20
-53.85025810144651
0
VERTEX
8
C2
10
-42.05893271665299
20
-53.828463350155815
0
VERTEX
8
C2
10
-42.09221878995463
20
-53.79924978100891
0
VERTEX
8
C2
10
-42.11883235107375
20
-53.76385043549657
0
VERTEX
8
C2
10
-42.13765009922801
20
-53.72375944333442
0
VERTEX
8
C2
10
-42.147877778018284
20
-53.68066895848329
0
VERTEX
8
C2
10
-42.149083699271216
20
-53.63639773699489
0
VERTEX
8
C2
10
-42.14121696366216
20
-53.59281437125749
0
VERTEX
8
C2
10
-42.45508982035928
20
-53.59281437125749
0
VERTEX
8
C2
10
-42.45508982035928
20
-54.550898203592816
0
VERTEX
8
C2
10
-40.47904191616766
20
-54.550898203592816
0
VERTEX
8
C2
10
-40.47904191616766
20
-54.49101796407186
0
VERTEX
8
C2
10
-40.359281437125745
20
-54.49101796407186
0
VERTEX
8
C2
10
-40.359281437125745
20
-54.550898203592816
0
VERTEX
8
C2
10
-38.38323353293413
20
-54.550898203592816
0
VERTEX
8
C2
10
-38.38323353293413
20
-53.59281437125749
0
VERTEX
8
C2
10
-38.936627347715074
20
-53.59281437125749
0
VERTEX
8
C2
10
-38.92876061210603
20
-53.63639773699489
0
VERTEX
8
C2
10
-38.92996653335895
20
-53.68066895848329
0
VERTEX
8
C2
10
-38.94019421214922
20
-53.72375944333442
0
VERTEX
8
C2
10
-38.9590119603035
20
-53.76385043549657
0
VERTEX
8
C2
10
-38.985625521422605
20
-53.79924978100892
0
VERTEX
8
C2
10
-39.018911594724244
20
-53.828463350155815
0
VERTEX
8
C2
10
-39.057465247136435
20
-53.85025810144651
0
VERTEX
8
C2
10
-39.099659212480034
20
-53.86371412562626
0
VERTEX
8
C2
10
-39.1437125748503
20
-53.868263473053894
0
VERTEX
8
C2
10
-39.18776593722056
20
-53.86371412562626
0
VERTEX
8
C2
10
-39.22995990256416
20
-53.85025810144651
0
VERTEX
8
C2
10
-39.26851355497635
20
-53.828463350155815
0
VERTEX
8
C2
10
-39.30179962827799
20
-53.79924978100892
0
VERTEX
8
C2
10
-39.3284131893971
20
-53.76385043549657
0
VERTEX
8
C2
10
-39.34723093755136
20
-53.72375944333442
0
VERTEX
8
C2
10
-39.357458616341646
20
-53.68066895848329
0
VERTEX
8
C2
10
-39.358664537594564
20
-53.63639773699489
0
VERTEX
8
C2
10
-39.35079780198551
20
-53.59281437125749
0
SEQEND
0
POLYLINE
8
C2
66
1
70
1
0
VERTEX
8
C2
10
-41.67704635272939
20
-55.808383233532936
0
VERTEX
8
C2
10
-41.49700598802394
20
-55.808383233532936
0
VERTEX
8
C2
10
-41.49700598802394
20
-55.209580838323355
0
VERTEX
8
C2
10
-42.45508982035928
20
-55.209580838323355
0
VERTEX
8
C2
10
-42.45508982035928
20
-55.26946107784431
0
VERTEX
8
C2
10
-42.874251497005986
20
-55.26946107784431
0
VERTEX
8
C2
10
-42.874251497005986
20
-54.79041916167665
0
VERTEX
8
C2
10
-43.113772455089816
20
-54.79041916167665
0
VERTEX
8
C2
10
-43.113772455089816
20
-55.38922155688623
0
VERTEX
8
C2
10
-42.45508982035928
20
-55.38922155688623
0
VERTEX
8
C2
10
-42.45508982035928
20
-55.68862275449102
0
VERTEX
8
C2
10
-42.41317365269461
20
-55.68862275449102
0
VERTEX
8
C2
10
-42.40917948653794
20
-55.710126007477676
0
VERTEX
8
C2
10
-42.39772983040173
20
-55.72876061578206
0
VERTEX
8
C2
10
-42.38035212737607
20
-55.74204062669498
0
VERTEX
8
C2
10
-42.35936465253339
20
-55.74819441837347
0
VERTEX
8
C2
10
-42.33756724309545
20
-55.74640104331787
0
VERTEX
8
C2
10
-42.317867785729945
20
-55.7368997469958
0
VERTEX
8
C2
10
-42.30289428949439
20
-55.72095805126482
0
VERTEX
8
C2
10
-42.29464429589463
20
-55.70070266042932
0
VERTEX
8
C2
10
-42.29421839656128
20
-55.67883574793457
0
VERTEX
8
C2
10
-42.30167340865867
20
-55.65827447251394
0
VERTEX
8
C2
10
-42.3160147951824
20
-55.641761814191554
0
VERTEX
8
C2
10
-42.33532934131736
20
-55.631500646621745
0
VERTEX
8
C2
10
-42.33532934131736
20
-55.32934131736527
0
VERTEX
8
C2
10
-42.21556886227545
20
-55.32934131736527
0
VERTEX
8
C2
10
-42.21556886227545
20
-55.808383233532936
0
VERTEX
8
C2
10
-42.03552849757
20
-55.808383233532936
0
VERTEX
8
C2
10
-42.05621097891908
20
-55.76924847638517
0
VERTEX
8
C2
10
-42.06846415915342
20
-55.72671432744678
0
VERTEX
8
C2
10
-42.071771412073375
20
-55.68257413793775
0
VERTEX
8
C2
10
-42.06599329522605
20
-55.63868897395871
0
VERTEX
8
C2
10
-42.05137342916474
20
-55.59690914906536
0
VERTEX
8
C2
10
-42.0285282257677
20
-55.55899621019857
0
VERTEX
8
C2
10
-41.99842089869749
20
-55.5265486662475
0
VERTEX
8
C2
10
-41.96232085178799
20
-55.50093459072444
0
VERTEX
8
C2
10
-41.92175015765105
20
-55.48323394019923
0
VERTEX
8
C2
10
-41.878419383105154
20
-55.47419302049923
0
VERTEX
8
C2
10
-41.834155467194236
20
-55.47419302049923
0
VERTEX
8
C2
10
-41.79082469264834
20
-55.483233940199234
0
VERTEX
8
C2
10
-41.7502539985114
20
-55.50093459072444
0
VERTEX
8
C2
10
-41.7141539516019
20
-55.5265486662475
0
VERTEX
8
C2
10
-41.68404662453169
20
-55.55899621019858
0
VERTEX
8
C2
10
-41.66120142113465
20
-55.59690914906536
0
VERTEX
8
C2
10
-41.64658155507334
20
-55.63868897395871
0
VERTEX
8
C2
10
-41.640803438226015
20
-55.682574137937756
0
VERTEX
8
C2
10
-41.64411069114597
20
-55.72671432744678
0
VERTEX
8
C2
10
-41.65636387138032
20
-55.76924847638517
0
VERTEX
8
C2
10
-41.67704635272939
20
-55.808383233532936
0
SEQEND
0
POLYLINE
8
C2
66
1
70
1
0
VERTEX
8
C2
10
-33.413573298837164
20
-55.808383233532936
0
VERTEX
8
C2
10
-33.23353293413173
20
-55.808383233532936
0
VERTEX
8
C2
10
-33.23353293413173
20
-55.32934131736527
0
VERTEX
8
C2
10
-33.113772455089816
20
-55.32934131736527
0
VERTEX
8
C2
10
-33.113772455089816
20
-55.631500646621745
0
VERTEX
8
C2
10
-33.13308700122478
20
-55.641761814191554
0
VERTEX
8
C2
10
-33.14742838774852
20
-55.65827447251394
0
VERTEX
8
C2
10
-33.1548833998459
20
-55.67883574793457
0
VERTEX
8
C2
10
-33.15445750051255
20
-55.70070266042932
0
VERTEX
8
C2
10
-33.14620750691279
20
-55.72095805126482
0
VERTEX
8
C2
10
-33.13123401067723
20
-55.7368997469958
0
VERTEX
8
C2
10
-33.11153455331173
20
-55.74640104331787
0
VERTEX
8
C2
10
-33.08973714387379
20
-55.74819441837347
0
VERTEX
8
C2
10
-33.06874966903109
20
-55.74204062669498
0
VERTEX
8
C2
10
-33.05137196600545
20
-55.72876061578206
0
VERTEX
8
C2
10
-33.03992230986924
20
-55.710126007477676
0
VERTEX
8
C2
10
-33.03592814371257
20
-55.68862275449102
0
VERTEX
8
C2
10
-32.9940119760479
20
-55.68862275449102
0
VERTEX
8
C2
10
-32.9940119760479
20
-55.38922155688623
0
VERTEX
8
C2
10
-32.33532934131736
20
-55.38922155688623
0
VERTEX
8
C2
10
-32.33532934131736
20
-54.79041916167665
0
VERTEX
8
C2
10
-32.57485029940119
20
-54.79041916167665
0
VERTEX
8
C2
10
-32.57485029940119
20
-55.26946107784431
0
VERTEX
8
C2
10
-32.9940119760479
20
-55.26946107784431
0
VERTEX
8
C2
10
-32.9940119760479
20
-55.209580838323355
0
VERTEX
8
C2
10
-33.952095808383234
20
-55.209580838323355
0
VERTEX
8
C2
10
-33.952095808383234
20
-55.808383233532936
0
VERTEX
8
C2
10
-33.772055443677786
20
-55.808383233532936
0
VERTEX
8
C2
10
-33.792737925026856
20
-55.76924847638517
0
VERTEX
8
C2
10
-33.80499110526121
20
-55.72671432744678
0
VERTEX
8
C2
10
-33.80829835818116
20
-55.68257413793775
0
VERTEX
8
C2
10
-33.80252024133384
20
-55.63868897395871
0
VERTEX
8
C2
10
-33.78790037527253
20
-55.59690914906536
0
VERTEX
8
C2
10
-33.76505517187549
20
-55.55899621019857
0
VERTEX
8
C2
10
-33.734947844805276
20
-55.5265486662475
0
VERTEX
8
C2
10
-33.69884779789578
20
-55.50093459072444
0
VERTEX
8
C2
10
-33.658277103758834
20
-55.48323394019923
0
VERTEX
8
C2
10
-33.61494632921294
20
-55.47419302049923
0
VERTEX
8
C2
10
-33.57068241330202
20
-55.47419302049923
0
VERTEX
8
C2
10
-33.52735163875613
20
-55.48323394019923
0
VERTEX
8
C2
10
-33.486780944619184
20
-55.50093459072444
0
VERTEX
8
C2
10
-33.45068089770969
20
-55.5265486662475
0
VERTEX
8
C2
10
-33.420573570639476
20
-55.55899621019857
0
VERTEX
8
C2
10
-33.397728367242436
20
-55.59690914906536
0
VERTEX
8
C2
10
-33.38310850118113
20
-55.63868897395871
0
VERTEX
8
C2
10
-33.3773303843338
20
-55.68257413793775
0
VERTEX
8
C2
10
-33.380637637253756
20
-55.72671432744678
0
VERTEX
8
C2
10
-33.392890817488095
20
-55.76924847638517
0
VERTEX
8
C2
10
-33.413573298837164
20
-55.808383233532936
0
SEQEND
0
POLYLINE
8
C2
66
1
70
1
0
VERTEX
8
C2
10
-34.31137724550898
20
-57.565029940119764
0
VERTEX
8
C2
10
-34.31137724550898
20
-55.209580838323355
0
VERTEX
8
C2
10
-34.67065868263472
20
-55.209580838323355
0
VERTEX
8
C2
10
-34.67065868263472
20
-55.808383233532936
0
VERTEX
8
C2
10
-34.431137724550894
20
-55.808383233532936
0
VERTEX
8
C2
10
-34.431137724550894
20
-56.047904191616766
0
VERTEX
8
C2
10
-34.67065868263472
20
-56.047904191616766
0
VERTEX
8
C2
10
-34.67065868263472
20
-57.0059880239521
0
VERTEX
8
C2
10
-34.431137724550894
20
-57.0059880239521
0
VERTEX
8
C2
10
-34.431137724550894
20
-57.24550898203593
0
VERTEX
8
C2
10
-34.67065868263472
20
-57.24550898203593
0
VERTEX
8
C2
10
-34.67065868263472
20
-57.565029940119764
0
VERTEX
8
C2
10
-34.31137724550898
20
-57.565029940119764
0
SEQEND
0
POLYLINE
8
C2
66
1
70
1
0
VERTEX
8
C2
10
-36.287824795843164
20
-55.808383233532936
0
VERTEX
8
C2
10
-36.107784431137716
20
-55.808383233532936
0
VERTEX
8
C2
10
-36.107784431137716
20
-55.209580838323355
0
VERTEX
8
C2
10
-37.06586826347305
20
-55.209580838323355
0
VERTEX
8
C2
10
-37.06586826347305
20
-55.629952341490224
0
VERTEX
8
C2
10
-37.08657151900378
20
-55.638446004774686
0
VERTEX
8
C2
10
-37.102710817719924
20
-55.65394729964032
0
VERTEX
8
C2
10
-37.1120321623016
20
-55.67429133170749
0
VERTEX
8
C2
10
-37.11323374366316
20
-55.69663687506163
0
VERTEX
8
C2
10
-37.106147750227635
20
-55.717863174847324
0
VERTEX
8
C2
10
-37.09176380431339
20
-55.73500578857734
0
VERTEX
8
C2
10
-37.07209075253208
20
-55.74567059702241
0
VERTEX
8
C2
10
-37.04987611240405
20
-55.74836816436037
0
VERTEX
8
C2
10
-37.0282223569792
20
-55.742721751201444
0
VERTEX
8
C2
10
-37.01015362674539
20
-55.7295199296113
0
VERTEX
8
C2
10
-36.99819338137932
20
-55.71060645197381
0
VERTEX
8
C2
10
-36.9940119760479
20
-55.68862275449102
0
VERTEX
8
C2
10
-36.946107784431135
20
-55.68862275449102
0
VERTEX
8
C2
10
-36.946107784431135
20
-55.32934131736527
0
VERTEX
8
C2
10
-36.82634730538922
20
-55.32934131736527
0
VERTEX
8
C2
10
-36.82634730538922
20
-55.808383233532936
0
VERTEX
8
C2
10
-36.64630694068377
20
-55.808383233532936
0
VERTEX
8
C2
10
-36.666989422032856
20
-55.76924847638517
0
VERTEX
8
C2
10
-36.679242602267195
20
-55.72671432744678
0
VERTEX
8
C2
10
-36.68254985518715
20
-55.68257413793775
0
VERTEX
8
C2
10
-36.67677173833982
20
-55.63868897395871
0
VERTEX
8
C2
10
-36.662151872278514
20
-55.59690914906536
0
VERTEX
8
C2
10
-36.639306668881474
20
-55.55899621019857
0
VERTEX
8
C2
10
-36.609199341811276
20
-55.5265486662475
0
VERTEX
8
C2
10
-36.573099294901766
20
-55.50093459072444
0
VERTEX
8
C2
10
-36.53252860076482
20
-55.48323394019923
0
VERTEX
8
C2
10
-36.48919782621893
20
-55.47419302049923
0
VERTEX
8
C2
10
-36.44493391030801
20
-55.47419302049923
0
VERTEX
8
C2
10
-36.401603135762116
20
-55.48323394019923
0
VERTEX
8
C2
10
-36.36103244162517
20
-55.50093459072444
0
VERTEX
8
C2
10
-36.324932394715674
20
-55.5265486662475
0
VERTEX
8
C2
10
-36.29482506764546
20
-55.55899621019857
0
VERTEX
8
C2
10
-36.27197986424842
20
-55.59690914906536
0
VERTEX
8
C2
10
-36.25735999818711
20
-55.63868897395871
0
VERTEX
8
C2
10
-36.25158188133979
20
-55.68257413793775
0
VERTEX
8
C2
10
-36.25488913425974
20
-55.72671432744678
0
VERTEX
8
C2
10
-36.267142314494095
20
-55.76924847638517
0
VERTEX
8
C2
10
-36.287824795843164
20
-55.808383233532936
0
SEQEND
0
POLYLINE
8
C2
66
1
70
1
0
VERTEX
8
C2
10
-36.5124744486921
20
-53.59281437125749
0
VERTEX
8
C2
10
-37.06586826347305
20
-53.59281437125749
0
VERTEX
8
C2
10
-37.06586826347305
20
-54.550898203592816
0
VERTEX
8
C2
10
-35.08982035928143
20
-54.550898203592816
0
VERTEX
8
C2
10
-35.08982035928143
20
-54.49101796407186
0
VERTEX
8
C2
10
-34.97005988023952
20
-54.49101796407186
0
VERTEX
8
C2
10
-34.97005988023952
20
-54.550898203592816
0
VERTEX
8
C2
10
-32.9940119760479
20
-54.550898203592816
0
VERTEX
8
C2
10
-32.9940119760479
20
-53.59281437125749
0
VERTEX
8
C2
10
-33.30788483274502
20
-53.59281437125749
0
VERTEX
8
C2
10
-33.30001809713596
20
-53.63639773699489
0
VERTEX
8
C2
10
-33.30122401838889
20
-53.68066895848329
0
VERTEX
8
C2
10
-33.311451697179166
20
-53.72375944333442
0
VERTEX
8
C2
10
-33.33026944533343
20
-53.76385043549657
0
VERTEX
8
C2
10
-33.35688300645255
20
-53.79924978100892
0
VERTEX
8
C2
10
-33.39016907975419
20
-53.828463350155815
0
VERTEX
8
C2
10
-33.42872273216638
20
-53.85025810144651
0
VERTEX
8
C2
10
-33.47091669750998
20
-53.86371412562626
0
VERTEX
8
C2
10
-33.51497005988024
20
-53.868263473053894
0
VERTEX
8
C2
10
-33.55902342225049
20
-53.86371412562626
0
VERTEX
8
C2
10
-33.60121738759409
20
-53.85025810144651
0
VERTEX
8
C2
10
-33.63977104000628
20
-53.828463350155815
0
VERTEX
8
C2
10
-33.673057113307934
20
-53.79924978100892
0
VERTEX
8
C2
10
-33.69967067442704
20
-53.76385043549657
0
VERTEX
8
C2
10
-33.7184884225813
20
-53.72375944333442
0
VERTEX
8
C2
10
-33.728716101371575
20
-53.68066895848329
0
VERTEX
8
C2
10
-33.72992202262451
20
-53.63639773699489
0
VERTEX
8
C2
10
-33.72205528701545
20
-53.59281437125749
0
VERTEX
8
C2
10
-34.97005988023952
20
-53.59281437125749
0
VERTEX
8
C2
10
-34.97005988023952
20
-54.37125748502994
0
VERTEX
8
C2
10
-35.08982035928143
20
-54.37125748502994
0
VERTEX
8
C2
10
-35.08982035928143
20
-53.59281437125749
0
VERTEX
8
C2
10
-36.09830399442167
20
-53.59281437125749
0
VERTEX
8
C2
10
-36.090437258812614
20
-53.63639773699489
0
VERTEX
8
C2
10
-36.09164318006553
20
-53.68066895848329
0
VERTEX
8
C2
10
-36.10187085885582
20
-53.72375944333442
0
VERTEX
8
C2
10
-36.12068860701008
20
-53.76385043549657
0
VERTEX
8
C2
10
-36.14730216812919
20
-53.79924978100892
0
VERTEX
8
C2
10
-36.18058824143084
20
-53.828463350155815
0
VERTEX
8
C2
10
-36.219141893843016
20
-53.85025810144651
0
VERTEX
8
C2
10
-36.261335859186616
20
-53.86371412562626
0
VERTEX
8
C2
10
-36.30538922155688
20
-53.868263473053894
0
VERTEX
8
C2
10
-36.34944258392714
20
-53.86371412562626
0
VERTEX
8
C2
10
-36.39163654927074
20
-53.85025810144651
0
VERTEX
8
C2
10
-36.43019020168293
20
-53.828463350155815
0
VERTEX
8
C2
10
-36.46347627498457
20
-53.79924978100892
0
VERTEX
8
C2
10
-36.49008983610368
20
-53.76385043549657
0
VERTEX
8
C2
10
-36.508907584257955
20
-53.72375944333442
0
VERTEX
8
C2
10
-36.51913526304823
20
-53.68066895848329
0
VERTEX
8
C2
10
-36.52034118430116
20
-53.63639773699489
0
VERTEX
8
C2
10
-36.5124744486921
20
-53.59281437125749
0
SEQEND
0
POLYLINE
8
C2
66
1
70
1
0
VERTEX
8
C2
10
-35.38922155688623
20
-57.565029940119764
0
VERTEX
8
C2
10
-35.38922155688623
20
-57.24550898203593
0
VERTEX
8
C2
10
-35.62874251497006
20
-57.24550898203593
0
VERTEX
8
C2
10
-35.62874251497006
20
-57.0059880239521
0
VERTEX
8
C2
10
-35.38922155688623
20
-57.0059880239521
0
VERTEX
8
C2
10
-35.38922155688623
20
-56.047904191616766
0
VERTEX
8
C2
10
-35.62874251497006
20
-56.047904191616766
0
VERTEX
8
C2
10
-35.62874251497006
20
-55.808383233532936
0
VERTEX
8
C2
10
-35.38922155688623
20
-55.808383233532936
0
VERTEX
8
C2
10
-35.38922155688623
20
-55.209580838323355
0
VERTEX
8
C2
10
-35.74850299401197
20
-55.209580838323355
0
VERTEX
8
C2
10
-35.74850299401197
20
-57.565029940119764
0
VERTEX
8
C2
10
-35.38922155688623
20
-57.565029940119764
0
SEQEND
0
POLYLINE
8
C2
66
1
70
1
0
VERTEX
8
C2
10
-40.778443113772454
20
-57.565029940119764
0
VERTEX
8
C2
10
-40.778443113772454
20
-57.24550898203593
0
VERTEX
8
C2
10
-41.017964071856284
20
-57.24550898203593
0
VERTEX
8
C2
10
-41.017964071856284
20
-57.0059880239521
0
VERTEX
8
C2
10
-40.778443113772454
20
-57.0059880239521
0
VERTEX
8
C2
10
-40.778443113772454
20
-56.047904191616766
0
VERTEX
8
C2
10
-41.017964071856284
20
-56.047904191616766
0
VERTEX
8
C2
10
-41.017964071856284
20
-55.808383233532936
0
VERTEX
8
C2
10
-40.778443113772454
20
-55.808383233532936
0
VERTEX
8
C2
10
-40.778443113772454
20
-55.209580838323355
0
VERTEX
8
C2
10
-41.1377245508982
20
-55.209580838323355
0
VERTEX
8
C2
10
-41.1377245508982
20
-57.565029940119764
0
VERTEX
8
C2
10
-40.778443113772454
20
-57.565029940119764
0
SEQEND
0
POLYLINE
8
C2
66
1
70
1
0
VERTEX
8
C2
10
-41.8562874251497
20
-55.61362275449102
0
VERTEX
8
C2
10
-41.8660768895662
20
-55.614264389887985
0
VERTEX
8
C2
10
-41.875698853532384
20
-55.61617831751934
0
VERTEX
8
C2
10
-41.884988682577074
20
-55.619331789552675
0
VERTEX
8
C2
10
-41.893787425149696
20
-55.62367084920719
0
VERTEX
8
C2
10
-41.901944532325345
20
-55.62912125396918
0
VERTEX
8
C2
10
-41.909320433738685
20
-55.63558974590203
0
VERTEX
8
C2
10
-41.915788925671535
20
-55.642965647315364
0
VERTEX
8
C2
10
-41.92123933043354
20
-55.65112275449102
0
VERTEX
8
C2
10
-41.92557839008805
20
-55.659921497063635
0
VERTEX
8
C2
10
-41.92873186212138
20
-55.66921132610833
0
VERTEX
8
C2
10
-41.93064578975273
20
-55.678833290074515
0
VERTEX
8
C2
10
-41.93128742514969
20
-55.68862275449102
0
VERTEX
8
C2
10
-41.93064578975273
20
-55.69841221890752
0
VERTEX
8
C2
10
-41.92873186212138
20
-55.70803418287371
0
VERTEX
8
C2
10
-41.92557839008805
20
-55.7173240119184
0
VERTEX
8
C2
10
-41.92123933043354
20
-55.72612275449102
0
VERTEX
8
C2
10
-41.915788925671535
20
-55.73427986166667
0
VERTEX
8
C2
10
-41.909320433738685
20
-55.74165576308001
0
VERTEX
8
C2
10
-41.901944532325345
20
-55.74812425501286
0
VERTEX
8
C2
10
-41.893787425149696
20
-55.753574659774856
0
VERTEX
8
C2
10
-41.884988682577074
20
-55.75791371942937
0
VERTEX
8
C2
10
-41.875698853532384
20
-55.7610671914627
0
VERTEX
8
C2
10
-41.8660768895662
20
-55.76298111909406
0
VERTEX
8
C2
10
-41.8562874251497
20
-55.763622754491024
0
VERTEX
8
C2
10
-41.84649796073319
20
-55.76298111909406
0
VERTEX
8
C2
10
-41.836875996767006
20
-55.7610671914627
0
VERTEX
8
C2
10
-41.827586167722316
20
-55.75791371942937
0
VERTEX
8
C2
10
-41.818787425149694
20
-55.753574659774856
0
VERTEX
8
C2
10
-41.810630317974045
20
-55.74812425501286
0
VERTEX
8
C2
10
-41.803254416560705
20
-55.74165576308001
0
VERTEX
8
C2
10
-41.796785924627855
20
-55.73427986166667
0
VERTEX
8
C2
10
-41.79133551986587
20
-55.72612275449102
0
VERTEX
8
C2
10
-41.786996460211355
20
-55.7173240119184
0
VERTEX
8
C2
10
-41.78384298817802
20
-55.70803418287371
0
VERTEX
8
C2
10
-41.78192906054666
20
-55.69841221890752
0
VERTEX
8
C2
10
-41.7812874251497
20
-55.68862275449102
0
VERTEX
8
C2
10
-41.78192906054666
20
-55.678833290074515
0
VERTEX
8
C2
10
-41.78384298817802
20
-55.66921132610833
0
VERTEX
8
C2
10
-41.786996460211355
20
-55.659921497063635
0
VERTEX
8
C2
10
-41.79133551986587
20
-55.65112275449102
0
VERTEX
8
C2
10
-41.796785924627855
20
-55.642965647315364
0
VERTEX
8
C2
10
-41.803254416560705
20
-55.63558974590203
0
VERTEX
8
C2
10
-41.810630317974045
20
-55.62912125396918
0
VERTEX
8
C2
10
-41.818787425149694
20
-55.62367084920719
0
VERTEX
8
C2
10
-41.827586167722316
20
-55.619331789552675
0
VERTEX
8
C2
10
-41.836875996767006
20
-55.61617831751934
0
VERTEX
8
C2
10
-41.84649796073319
20
-55.614264389887985
0
VERTEX
8
C2
10
-41.8562874251497
20
-55.61362275449102
0
SEQEND
0
POLYLINE
8
C2
66
1
70
1
0
VERTEX
8
C2
10
-39.1437125748503
20
-53.577694610778444
0
VERTEX
8
C2
10
-39.1535020392668
20
-53.57833624617541
0
VERTEX
8
C2
10
-39.16312400323298
20
-53.58025017380677
0
VERTEX
8
C2
10
-39.172413832277684
20
-53.5834036458401
0
VERTEX
8
C2
10
-39.18121257485029
20
-53.58774270549461
0
VERTEX
8
C2
10
-39.189369682025955
20
-53.5931931102566
0
VERTEX
8
C2
10
-39.19674558343928
20
-53.59966160218946
0
VERTEX
8
C2
10
-39.20321407537213
20
-53.60703750360279
0
VERTEX
8
C2
10
-39.20866448013413
20
-53.615194610778445
0
VERTEX
8
C2
10
-39.213003539788645
20
-53.62399335335106
0
VERTEX
8
C2
10
-39.21615701182198
20
-53.63328318239576
0
VERTEX
8
C2
10
-39.21807093945333
20
-53.64290514636194
0
VERTEX
8
C2
10
-39.2187125748503
20
-53.65269461077845
0
VERTEX
8
C2
10
-39.21807093945333
20
-53.662484075194946
0
VERTEX
8
C2
10
-39.21615701182198
20
-53.672106039161136
0
VERTEX
8
C2
10
-39.213003539788645
20
-53.681395868205826
0
VERTEX
8
C2
10
-39.20866448013413
20
-53.69019461077845
0
VERTEX
8
C2
10
-39.20321407537213
20
-53.6983517179541
0
VERTEX
8
C2
10
-39.19674558343928
20
-53.70572761936744
0
VERTEX
8
C2
10
-39.189369682025955
20
-53.71219611130029
0
VERTEX
8
C2
10
-39.18121257485029
20
-53.71764651606228
0
VERTEX
8
C2
10
-39.172413832277684
20
-53.72198557571679
0
VERTEX
8
C2
10
-39.16312400323298
20
-53.725139047750126
0
VERTEX
8
C2
10
-39.1535020392668
20
-53.72705297538148
0
VERTEX
8
C2
10
-39.1437125748503
20
-53.72769461077844
0
VERTEX
8
C2
10
-39.133923110433784
20
-53.72705297538148
0
VERTEX
8
C2
10
-39.1243011464676
20
-53.725139047750126
0
VERTEX
8
C2
10
-39.11501131742291
20
-53.72198557571679
0
VERTEX
8
C2
10
-39.10621257485029
20
-53.71764651606228
0
VERTEX
8
C2
10
-39.09805546767464
20
-53.71219611130029
0
VERTEX
8
C2
10
-39.0906795662613
20
-53.70572761936744
0
VERTEX
8
C2
10
-39.08421107432845
20
-53.6983517179541
0
VERTEX
8
C2
10
-39.07876066956646
20
-53.69019461077845
0
VERTEX
8
C2
10
-39.07442160991195
20
-53.681395868205826
0
VERTEX
8
C2
10
-39.07126813787862
20
-53.672106039161136
0
VERTEX
8
C2
10
-39.069354210247255
20
-53.662484075194946
0
VERTEX
8
C2
10
-39.068712574850295
20
-53.65269461077845
0
VERTEX
8
C2
10
-39.069354210247255
20
-53.64290514636194
0
VERTEX
8
C2
10
-39.07126813787862
20
-53.63328318239576
0
VERTEX
8
C2
10
-39.07442160991195
20
-53.62399335335106
0
VERTEX
8
C2
10
-39.07876066956646
20
-53.615194610778445
0
VERTEX
8
C2
10
-39.08421107432845
20
-53.60703750360279
0
VERTEX
8
C2
10
-39.0906795662613
20
-53.59966160218946
0
VERTEX
8
C2
10
-39.09805546767464
20
-53.5931931102566
0
VERTEX
8
C2
10
-39.10621257485029
20
-53.58774270549461
0
VERTEX
8
C2
10
-39.11501131742291
20
-53.5834036458401
0
VERTEX
8
C2
10
-39.1243011464676
20
-53.58025017380677
0
VERTEX
8
C2
10
-39.133923110433784
20
-53.57833624617541
0
VERTEX
8
C2
10
-39.1437125748503
20
-53.577694610778444
0
SEQEND
0
POLYLINE
8
C2
66
1
70
1
0
VERTEX
8
C2
10
-41.934131736526936
20
-53.577694610778444
0
VERTEX
8
C2
10
-41.94392120094345
20
-53.57833624617541
0
VERTEX
8
C2
10
-41.95354316490963
20
-53.58025017380677
0
VERTEX
8
C2
10
-41.96283299395432
20
-53.5834036458401
0
VERTEX
8
C2
10
-41.971631736526945
20
-53.58774270549461
0
VERTEX
8
C2
10
-41.97978884370259
20
-53.5931931102566
0
VERTEX
8
C2
10
-41.98716474511593
20
-53.59966160218946
0
VERTEX
8
C2
10
-41.99363323704878
20
-53.60703750360279
0
VERTEX
8
C2
10
-41.99908364181077
20
-53.615194610778445
0
VERTEX
8
C2
10
-42.00342270146528
20
-53.62399335335106
0
VERTEX
8
C2
10
-42.00657617349863
20
-53.63328318239576
0
VERTEX
8
C2
10
-42.00849010112998
20
-53.64290514636194
0
VERTEX
8
C2
10
-42.00913173652694
20
-53.65269461077845
0
VERTEX
8
C2
10
-42.00849010112998
20
-53.662484075194946
0
VERTEX
8
C2
10
-42.00657617349863
20
-53.672106039161136
0
VERTEX
8
C2
10
-42.00342270146528
20
-53.681395868205826
0
VERTEX
8
C2
10
-41.99908364181077
20
-53.69019461077845
0
VERTEX
8
C2
10
-41.99363323704878
20
-53.6983517179541
0
VERTEX
8
C2
10
-41.98716474511593
20
-53.70572761936744
0
VERTEX
8
C2
10
-41.97978884370259
20
-53.71219611130029
0
VERTEX
8
C2
10
-41.971631736526945
20
-53.71764651606228
0
VERTEX
8
C2
10
-41.96283299395432
20
-53.72198557571679
0
VERTEX
8
C2
10
-41.95354316490963
20
-53.725139047750126
0
VERTEX
8
C2
10
-41.94392120094345
20
-53.72705297538148
0
VERTEX
8
C2
10
-41.934131736526936
20
-53.72769461077844
0
VERTEX
8
C2
10
-41.92434227211044
20
-53.72705297538148
0
VERTEX
8
C2
10
-41.914720308144254
20
-53.725139047750126
0
VERTEX
8
C2
10
-41.905430479099564
20
-53.72198557571679
0
VERTEX
8
C2
10
-41.89663173652694
20
-53.71764651606228
0
VERTEX
8
C2
10
-41.88847462935129
20
-53.71219611130029
0
VERTEX
8
C2
10
-41.88109872793795
20
-53.70572761936744
0
VERTEX
8
C2
10
-41.8746302360051
20
-53.6983517179541
0
VERTEX
8
C2
10
-41.869179831243116
20
-53.69019461077845
0
VERTEX
8
C2
10
-41.86484077158859
20
-53.681395868205826
0
VERTEX
8
C2
10
-41.86168729955526
20
-53.672106039161136
0
VERTEX
8
C2
10
-41.85977337192391
20
-53.662484075194946
0
VERTEX
8
C2
10
-41.85913173652695
20
-53.65269461077845
0
VERTEX
8
C2
10
-41.85977337192391
20
-53.64290514636194
0
VERTEX
8
C2
10
-41.86168729955526
20
-53.63328318239576
0
VERTEX
8
C2
10
-41.86484077158859
20
-53.62399335335106
0
VERTEX
8
C2
10
-41.869179831243116
20
-53.615194610778445
0
VERTEX
8
C2
10
-41.8746302360051
20
-53.60703750360279
0
VERTEX
8
C2
10
-41.88109872793795
20
-53.59966160218946
0
VERTEX
8
C2
10
-41.88847462935129
20
-53.5931931102566
0
VERTEX
8
C2
10
-41.89663173652694
20
-53.58774270549461
0
VERTEX
8
C2
10
-41.905430479099564
20
-53.5834036458401
0
VERTEX
8
C2
10
-41.914720308144254
20
-53.58025017380677
0
VERTEX
8
C2
10
-41.92434227211044
20
-53.57833624617541
0
VERTEX
8
C2
10
-41.934131736526936
20
-53.577694610778444
0
SEQEND
0
POLYLINE
8
C2
66
1
70
1
0
VERTEX
8
C2
10
-38.9820359281437
20
-55.61362275449102
0
VERTEX
8
C2
10
-38.991825392560216
20
-55.614264389887985
0
VERTEX
8
C2
10
-39.0014473565264
20
-55.61617831751934
0
VERTEX
8
C2
10
-39.01073718557109
20
-55.619331789552675
0
VERTEX
8
C2
10
-39.01953592814371
20
-55.62367084920719
0
VERTEX
8
C2
10
-39.02769303531936
20
-55.62912125396918
0
VERTEX
8
C2
10
-39.0350689367327
20
-55.63558974590203
0
VERTEX
8
C2
10
-39.04153742866555
20
-55.642965647315364
0
VERTEX
8
C2
10
-39.046987833427536
20
-55.65112275449102
0
VERTEX
8
C2
10
-39.05132689308205
20
-55.659921497063635
0
VERTEX
8
C2
10
-39.054480365115396
20
-55.66921132610833
0
VERTEX
8
C2
10
-39.056394292746745
20
-55.678833290074515
0
VERTEX
8
C2
10
-39.057035928143705
20
-55.68862275449102
0
VERTEX
8
C2
10
-39.056394292746745
20
-55.69841221890752
0
VERTEX
8
C2
10
-39.054480365115396
20
-55.70803418287371
0
VERTEX
8
C2
10
-39.05132689308205
20
-55.7173240119184
0
VERTEX
8
C2
10
-39.046987833427536
20
-55.72612275449102
0
VERTEX
8
C2
10
-39.04153742866555
20
-55.73427986166667
0
VERTEX
8
C2
10
-39.0350689367327
20
-55.74165576308001
0
VERTEX
8
C2
10
-39.02769303531936
20
-55.74812425501286
0
VERTEX
8
C2
10
-39.01953592814371
20
-55.753574659774856
0
VERTEX
8
C2
10
-39.01073718557109
20
-55.75791371942937
0
VERTEX
8
C2
10
-39.0014473565264
20
-55.7610671914627
0
VERTEX
8
C2
10
-38.991825392560216
20
-55.76298111909406
0
VERTEX
8
C2
10
-38.9820359281437
20
-55.763622754491024
0
VERTEX
8
C2
10
-38.9722464637272
20
-55.76298111909406
0
VERTEX
8
C2
10
-38.96262449976102
20
-55.7610671914627
0
VERTEX
8
C2
10
-38.95333467071633
20
-55.75791371942937
0
VERTEX
8
C2
10
-38.94453592814371
20
-55.753574659774856
0
VERTEX
8
C2
10
-38.93637882096806
20
-55.74812425501286
0
VERTEX
8
C2
10
-38.92900291955472
20
-55.74165576308001
0
VERTEX
8
C2
10
-38.92253442762187
20
-55.73427986166667
0
VERTEX
8
C2
10
-38.91708402285988
20
-55.72612275449102
0
VERTEX
8
C2
10
-38.912744963205355
20
-55.7173240119184
0
VERTEX
8
C2
10
-38.90959149117202
20
-55.70803418287371
0
VERTEX
8
C2
10
-38.90767756354067
20
-55.69841221890752
0
VERTEX
8
C2
10
-38.90703592814371
20
-55.68862275449102
0
VERTEX
8
C2
10
-38.90767756354067
20
-55.678833290074515
0
VERTEX
8
C2
10
-38.90959149117202
20
-55.66921132610833
0
VERTEX
8
C2
10
-38.912744963205355
20
-55.659921497063635
0
VERTEX
8
C2
10
-38.91708402285988
20
-55.65112275449102
0
VERTEX
8
C2
10
-38.92253442762187
20
-55.642965647315364
0
VERTEX
8
C2
10
-38.92900291955472
20
-55.63558974590203
0
VERTEX
8
C2
10
-38.93637882096806
20
-55.62912125396918
0
VERTEX
8
C2
10
-38.94453592814371
20
-55.62367084920719
0
VERTEX
8
C2
10
-38.95333467071633
20
-55.619331789552675
0
VERTEX
8
C2
10
-38.96262449976102
20
-55.61617831751934
0
VERTEX
8
C2
10
-38.9722464637272
20
-55.614264389887985
0
VERTEX
8
C2
10
-38.9820359281437
20
-55.61362275449102
0
SEQEND
0
POLYLINE
8
C2
66
1
70
1
0
VERTEX
8
C2
10
-33.51497005988024
20
-53.577694610778444
0
VERTEX
8
C2
10
-33.52475952429674
20
-53.57833624617541
0
VERTEX
8
C2
10
-33.53438148826292
20
-53.58025017380677
0
VERTEX
8
C2
10
-33.54367131730761
20
-53.5834036458401
0
VERTEX
8
C2
10
-33.552470059880235
20
-53.58774270549461
0
VERTEX
8
C2
10
-33.560627167055884
20
-53.5931931102566
0
VERTEX
8
C2
10
-33.568003068469224
20
-53.59966160218946
0
VERTEX
8
C2
10
-33.574471560402074
20
-53.60703750360279
0
VERTEX
8
C2
10
-33.579921965164075
20
-53.615194610778445
0
VERTEX
8
C2
10
-33.58426102481859
20
-53.62399335335106
0
VERTEX
8
C2
10
-33.58741449685192
20
-53.63328318239576
0
VERTEX
8
C2
10
-33.58932842448327
20
-53.64290514636194
0
VERTEX
8
C2
10
-33.58997005988023
20
-53.65269461077845
0
VERTEX
8
C2
10
-33.58932842448327
20
-53.662484075194946
0
VERTEX
8
C2
10
-33.58741449685192
20
-53.672106039161136
0
VERTEX
8
C2
10
-33.58426102481859
20
-53.681395868205826
0
VERTEX
8
C2
10
-33.579921965164075
20
-53.69019461077845
0
VERTEX
8
C2
10
-33.574471560402074
20
-53.6983517179541
0
VERTEX
8
C2
10
-33.568003068469224
20
-53.70572761936744
0
VERTEX
8
C2
10
-33.560627167055884
20
-53.71219611130029
0
VERTEX
8
C2
10
-33.552470059880235
20
-53.71764651606228
0
VERTEX
8
C2
10
-33.54367131730761
20
-53.72198557571679
0
VERTEX
8
C2
10
-33.53438148826292
20
-53.725139047750126
0
VERTEX
8
C2
10
-33.52475952429674
20
-53.72705297538148
0
VERTEX
8
C2
10
-33.51497005988024
20
-53.72769461077844
0
VERTEX
8
C2
10
-33.50518059546373
20
-53.72705297538148
0
VERTEX
8
C2
10
-33.495558631497545
20
-53.725139047750126
0
VERTEX
8
C2
10
-33.486268802452855
20
-53.72198557571679
0
VERTEX
8
C2
10
-33.47747005988023
20
-53.71764651606228
0
VERTEX
8
C2
10
-33.469312952704584
20
-53.71219611130029
0
VERTEX
8
C2
10
-33.461937051291244
20
-53.70572761936744
0
VERTEX
8
C2
10
-33.455468559358394
20
-53.6983517179541
0
VERTEX
8
C2
10
-33.45001815459641
20
-53.69019461077845
0
VERTEX
8
C2
10
-33.445679094941895
20
-53.681395868205826
0
VERTEX
8
C2
10
-33.44252562290855
20
-53.672106039161136
0
VERTEX
8
C2
10
-33.4406116952772
20
-53.662484075194946
0
VERTEX
8
C2
10
-33.43997005988024
20
-53.65269461077845
0
VERTEX
8
C2
10
-33.4406116952772
20
-53.64290514636194
0
VERTEX
8
C2
10
-33.44252562290855
20
-53.63328318239576
0
VERTEX
8
C2
10
-33.445679094941895
20
-53.62399335335106
0
VERTEX
8
C2
10
-33.45001815459641
20
-53.615194610778445
0
VERTEX
8
C2
10
-33.455468559358394
20
-53.60703750360279
0
VERTEX
8
C2
10
-33.461937051291244
20
-53.59966160218946
0
VERTEX
8
C2
10
-33.469312952704584
20
-53.5931931102566
0
VERTEX
8
C2
10
-33.47747005988023
20
-53.58774270549461
0
VERTEX
8
C2
10
-33.486268802452855
20
-53.5834036458401
0
VERTEX
8
C2
10
-33.495558631497545
20
-53.58025017380677
0
VERTEX
8
C2
10
-33.50518059546373
20
-53.57833624617541
0
VERTEX
8
C2
10
-33.51497005988024
20
-53.577694610778444
0
SEQEND
0
POLYLINE
8
C2
66
1
70
1
0
VERTEX
8
C2
10
-37.72455089820359
20
-56.69146706586827
0
VERTEX
8
C2
10
-37.73434036262009
20
-56.692108701265234
0
VERTEX
8
C2
10
-37.74396232658627
20
-56.69402262889658
0
VERTEX
8
C2
10
-37.753252155630975
20
-56.69717610092992
0
VERTEX
8
C2
10
-37.76205089820358
20
-56.701515160584435
0
VERTEX
8
C2
10
-37.770208005379246
20
-56.70696556534642
0
VERTEX
8
C2
10
-37.777583906792586
20
-56.71343405727927
0
VERTEX
8
C2
10
-37.784052398725436
20
-56.72080995869261
0
VERTEX
8
C2
10
-37.78950280348742
20
-56.72896706586827
0
VERTEX
8
C2
10
-37.793841863141935
20
-56.737765808440884
0
VERTEX
8
C2
10
-37.79699533517527
20
-56.74705563748558
0
VERTEX
8
C2
10
-37.79890926280662
20
-56.75667760145176
0
VERTEX
8
C2
10
-37.79955089820359
20
-56.76646706586827
0
VERTEX
8
C2
10
-37.79890926280662
20
-56.77625653028477
0
VERTEX
8
C2
10
-37.79699533517527
20
-56.78587849425095
0
VERTEX
8
C2
10
-37.793841863141935
20
-56.79516832329565
0
VERTEX
8
C2
10
-37.78950280348742
20
-56.803967065868264
0
VERTEX
8
C2
10
-37.784052398725436
20
-56.81212417304392
0
VERTEX
8
C2
10
-37.777583906792586
20
-56.81950007445726
0
VERTEX
8
C2
10
-37.770208005379246
20
-56.82596856639011
0
VERTEX
8
C2
10
-37.76205089820358
20
-56.8314189711521
0
VERTEX
8
C2
10
-37.753252155630975
20
-56.83575803080661
0
VERTEX
8
C2
10
-37.74396232658627
20
-56.83891150283995
0
VERTEX
8
C2
10
-37.73434036262009
20
-56.8408254304713
0
VERTEX
8
C2
10
-37.72455089820359
20
-56.841467065868265
0
VERTEX
8
C2
10
-37.71476143378709
20
-56.8408254304713
0
VERTEX
8
C2
10
-37.70513946982091
20
-56.83891150283995
0
VERTEX
8
C2
10
-37.6958496407762
20
-56.83575803080661
0
VERTEX
8
C2
10
-37.687050898203594
20
-56.8314189711521
0
VERTEX
8
C2
10
-37.67889379102793
20
-56.82596856639011
0
VERTEX
8
C2
10
-37.67151788961459
20
-56.81950007445726
0
VERTEX
8
C2
10
-37.66504939768174
20
-56.81212417304392
0
VERTEX
8
C2
10
-37.659598992919754
20
-56.803967065868264
0
VERTEX
8
C2
10
-37.65525993326524
20
-56.79516832329565
0
VERTEX
8
C2
10
-37.65210646123191
20
-56.78587849425095
0
VERTEX
8
C2
10
-37.65019253360056
20
-56.77625653028477
0
VERTEX
8
C2
10
-37.649550898203586
20
-56.76646706586827
0
VERTEX
8
C2
10
-37.65019253360056
20
-56.75667760145176
0
VERTEX
8
C2
10
-37.65210646123191
20
-56.74705563748558
0
VERTEX
8
C2
10
-37.65525993326524
20
-56.737765808440884
0
VERTEX
8
C2
10
-37.659598992919754
20
-56.72896706586827
0
VERTEX
8
C2
10
-37.66504939768174
20
-56.72080995869261
0
VERTEX
8
C2
10
-37.67151788961459
20
-56.71343405727927
0
VERTEX
8
C2
10
-37.67889379102793
20
-56.70696556534642
0
VERTEX
8
C2
10
-37.687050898203594
20
-56.701515160584435
0
VERTEX
8
C2
10
-37.6958496407762
20
-56.69717610092992
0
VERTEX
8
C2
10
-37.70513946982091
20
-56.69402262889658
0
VERTEX
8
C2
10
-37.71476143378709
20
-56.692108701265234
0
VERTEX
8
C2
10
-37.72455089820359
20
-56.69146706586827
0
SEQEND
0
POLYLINE
8
C2
66
1
70
1
0
VERTEX
8
C2
10
-33.592814371257475
20
-55.61362275449102
0
VERTEX
8
C2
10
-33.60260383567399
20
-55.614264389887985
0
VERTEX
8
C2
10
-33.61222579964017
20
-55.61617831751934
0
VERTEX
8
C2
10
-33.62151562868486
20
-55.619331789552675
0
VERTEX
8
C2
10
-33.630314371257484
20
-55.62367084920719
0
VERTEX
8
C2
10
-33.63847147843313
20
-55.62912125396918
0
VERTEX
8
C2
10
-33.64584737984647
20
-55.63558974590203
0
VERTEX
8
C2
10
-33.65231587177932
20
-55.642965647315364
0
VERTEX
8
C2
10
-33.65776627654131
20
-55.65112275449102
0
VERTEX
8
C2
10
-33.66210533619582
20
-55.659921497063635
0
VERTEX
8
C2
10
-33.665258808229154
20
-55.66921132610833
0
VERTEX
8
C2
10
-33.66717273586052
20
-55.678833290074515
0
VERTEX
8
C2
10
-33.66781437125748
20
-55.68862275449102
0
VERTEX
8
C2
10
-33.66717273586052
20
-55.69841221890752
0
VERTEX
8
C2
10
-33.665258808229154
20
-55.70803418287371
0
VERTEX
8
C2
10
-33.66210533619582
20
-55.7173240119184
0
VERTEX
8
C2
10
-33.65776627654131
20
-55.72612275449102
0
VERTEX
8
C2
10
-33.65231587177932
20
-55.73427986166667
0
VERTEX
8
C2
10
-33.64584737984647
20
-55.74165576308001
0
VERTEX
8
C2
10
-33.63847147843313
20
-55.74812425501286
0
VERTEX
8
C2
10
-33.630314371257484
20
-55.753574659774856
0
VERTEX
8
C2
10
-33.62151562868486
20
-55.75791371942937
0
VERTEX
8
C2
10
-33.61222579964017
20
-55.7610671914627
0
VERTEX
8
C2
10
-33.60260383567399
20
-55.76298111909406
0
VERTEX
8
C2
10
-33.592814371257475
20
-55.763622754491024
0
VERTEX
8
C2
10
-33.583024906840976
20
-55.76298111909406
0
VERTEX
8
C2
10
-33.57340294287479
20
-55.7610671914627
0
VERTEX
8
C2
10
-33.5641131138301
20
-55.75791371942937
0
VERTEX
8
C2
10
-33.55531437125748
20
-55.753574659774856
0
VERTEX
8
C2
10
-33.54715726408183
20
-55.74812425501286
0
VERTEX
8
C2
10
-33.53978136266849
20
-55.74165576308001
0
VERTEX
8
C2
10
-33.53331287073564
20
-55.73427986166667
0
VERTEX
8
C2
10
-33.52786246597364
20
-55.72612275449102
0
VERTEX
8
C2
10
-33.52352340631913
20
-55.7173240119184
0
VERTEX
8
C2
10
-33.520369934285796
20
-55.70803418287371
0
VERTEX
8
C2
10
-33.518456006654446
20
-55.69841221890752
0
VERTEX
8
C2
10
-33.51781437125749
20
-55.68862275449102
0
VERTEX
8
C2
10
-33.518456006654446
20
-55.678833290074515
0
VERTEX
8
C2
10
-33.520369934285796
20
-55.66921132610833
0
VERTEX
8
C2
10
-33.52352340631913
20
-55.659921497063635
0
VERTEX
8
C2
10
-33.52786246597364
20
-55.65112275449102
0
VERTEX
8
C2
10
-33.53331287073564
20
-55.642965647315364
0
VERTEX
8
C2
10
-33.53978136266849
20
-55.63558974590203
0
VERTEX
8
C2
10
-33.54715726408183
20
-55.62912125396918
0
VERTEX
8
C2
10
-33.55531437125748
20
-55.62367084920719
0
VERTEX
8
C2
10
-33.5641131138301
20
-55.619331789552675
0
VERTEX
8
C2
10
-33.57340294287479
20
-55.61617831751934
0
VERTEX
8
C2
10
-33.583024906840976
20
-55.614264389887985
0
VERTEX
8
C2
10
-33.592814371257475
20
-55.61362275449102
0
SEQEND
0
POLYLINE
8
C2
66
1
70
1
0
VERTEX
8
C2
10
-37.72455089820359
20
-55.73338323353293
0
VERTEX
8
C2
10
-37.73434036262009
20
-55.7340248689299
0
VERTEX
8
C2
10
-37.74396232658627
20
-55.73593879656126
0
VERTEX
8
C2
10
-37.753252155630975
20
-55.73909226859459
0
VERTEX
8
C2
10
-37.76205089820358
20
-55.7434313282491
0
VERTEX
8
C2
10
-37.770208005379246
20
-55.748881733011096
0
VERTEX
8
C2
10
-37.777583906792586
20
-55.755350224943946
0
VERTEX
8
C2
10
-37.784052398725436
20
-55.762726126357286
0
VERTEX
8
C2
10
-37.78950280348742
20
-55.770883233532935
0
VERTEX
8
C2
10
-37.793841863141935
20
-55.77968197610556
0
VERTEX
8
C2
10
-37.79699533517527
20
-55.78897180515025
0
VERTEX
8
C2
10
-37.79890926280662
20
-55.79859376911644
0
VERTEX
8
C2
10
-37.79955089820359
20
-55.808383233532936
0
VERTEX
8
C2
10
-37.79890926280662
20
-55.81817269794944
0
VERTEX
8
C2
10
-37.79699533517527
20
-55.827794661915625
0
VERTEX
8
C2
10
-37.793841863141935
20
-55.83708449096032
0
VERTEX
8
C2
10
-37.78950280348742
20
-55.84588323353294
0
VERTEX
8
C2
10
-37.784052398725436
20
-55.85404034070859
0
VERTEX
8
C2
10
-37.777583906792586
20
-55.861416242121926
0
VERTEX
8
C2
10
-37.770208005379246
20
-55.867884734054776
0
VERTEX
8
C2
10
-37.76205089820358
20
-55.87333513881677
0
VERTEX
8
C2
10
-37.753252155630975
20
-55.87767419847128
0
VERTEX
8
C2
10
-37.74396232658627
20
-55.880827670504615
0
VERTEX
8
C2
10
-37.73434036262009
20
-55.88274159813597
0
VERTEX
8
C2
10
-37.72455089820359
20
-55.88338323353294
0
VERTEX
8
C2
10
-37.71476143378709
20
-55.88274159813597
0
VERTEX
8
C2
10
-37.70513946982091
20
-55.880827670504615
0
VERTEX
8
C2
10
-37.6958496407762
20
-55.87767419847128
0
VERTEX
8
C2
10
-37.687050898203594
20
-55.87333513881677
0
VERTEX
8
C2
10
-37.67889379102793
20
-55.867884734054776
0
VERTEX
8
C2
10
-37.67151788961459
20
-55.861416242121926
0
VERTEX
8
C2
10
-37.66504939768174
20
-55.85404034070859
0
VERTEX
8
C2
10
-37.659598992919754
20
-55.84588323353294
0
VERTEX
8
C2
10
-37.65525993326524
20
-55.83708449096032
0
VERTEX
8
C2
10
-37.65210646123191
20
-55.827794661915625
0
VERTEX
8
C2
10
-37.65019253360056
20
-55.81817269794944
0
VERTEX
8
C2
10
-37.649550898203586
20
-55.808383233532936
0
VERTEX
8
C2
10
-37.65019253360056
20
-55.79859376911644
0
VERTEX
8
C2
10
-37.65210646123191
20
-55.78897180515025
0
VERTEX
8
C2
10
-37.65525993326524
20
-55.77968197610556
0
VERTEX
8
C2
10
-37.659598992919754
20
-55.770883233532935
0
VERTEX
8
C2
10
-37.66504939768174
20
-55.762726126357286
0
VERTEX
8
C2
10
-37.67151788961459
20
-55.755350224943946
0
VERTEX
8
C2
10
-37.67889379102793
20
-55.748881733011096
0
VERTEX
8
C2
10
-37.687050898203594
20
-55.7434313282491
0
VERTEX
8
C2
10
-37.6958496407762
20
-55.73909226859459
0
VERTEX
8
C2
10
-37.70513946982091
20
-55.73593879656126
0
VERTEX
8
C2
10
-37.71476143378709
20
-55.7340248689299
0
VERTEX
8
C2
10
-37.72455089820359
20
-55.73338323353293
0
SEQEND
0
POLYLINE
8
C2
66
1
70
1
0
VERTEX
8
C2
10
-37.72455089820359
20
-54.77529940119761
0
VERTEX
8
C2
10
-37.73434036262009
20
-54.775941036594574
0
VERTEX
8
C2
10
-37.74396232658627
20
-54.77785496422593
0
VERTEX
8
C2
10
-37.753252155630975
20
-54.78100843625926
0
VERTEX
8
C2
10
-37.76205089820358
20
-54.785347495913776
0
VERTEX
8
C2
10
-37.770208005379246
20
-54.79079790067576
0
VERTEX
8
C2
10
-37.777583906792586
20
-54.79726639260862
0
VERTEX
8
C2
10
-37.784052398725436
20
-54.80464229402195
0
VERTEX
8
C2
10
-37.78950280348742
20
-54.81279940119761
0
VERTEX
8
C2
10
-37.793841863141935
20
-54.821598143770224
0
VERTEX
8
C2
10
-37.79699533517527
20
-54.83088797281492
0
VERTEX
8
C2
10
-37.79890926280662
20
-54.8405099367811
0
VERTEX
8
C2
10
-37.79955089820359
20
-54.85029940119761
0
VERTEX
8
C2
10
-37.79890926280662
20
-54.86008886561411
0
VERTEX
8
C2
10
-37.79699533517527
20
-54.8697108295803
0
VERTEX
8
C2
10
-37.793841863141935
20
-54.87900065862499
0
VERTEX
8
C2
10
-37.78950280348742
20
-54.887799401197604
0
VERTEX
8
C2
10
-37.784052398725436
20
-54.89595650837326
0
VERTEX
8
C2
10
-37.777583906792586
20
-54.9033324097866
0
VERTEX
8
C2
10
-37.770208005379246
20
-54.90980090171945
0
VERTEX
8
C2
10
-37.76205089820358
20
-54.91525130648144
0
VERTEX
8
C2
10
-37.753252155630975
20
-54.91959036613596
0
VERTEX
8
C2
10
-37.74396232658627
20
-54.92274383816929
0
VERTEX
8
C2
10
-37.73434036262009
20
-54.924657765800646
0
VERTEX
8
C2
10
-37.72455089820359
20
-54.925299401197606
0
VERTEX
8
C2
10
-37.71476143378709
20
-54.924657765800646
0
VERTEX
8
C2
10
-37.70513946982091
20
-54.92274383816929
0
VERTEX
8
C2
10
-37.6958496407762
20
-54.91959036613596
0
VERTEX
8
C2
10
-37.687050898203594
20
-54.91525130648144
0
VERTEX
8
C2
10
-37.67889379102793
20
-54.90980090171945
0
VERTEX
8
C2
10
-37.67151788961459
20
-54.9033324097866
0
VERTEX
8
C2
10
-37.66504939768174
20
-54.89595650837326
0
VERTEX
8
C2
10
-37.659598992919754
20
-54.887799401197604
0
VERTEX
8
C2
10
-37.65525993326524
20
-54.87900065862499
0
VERTEX
8
C2
10
-37.65210646123191
20
-54.8697108295803
0
VERTEX
8
C2
10
-37.65019253360056
20
-54.86008886561411
0
VERTEX
8
C2
10
-37.649550898203586
20
-54.85029940119761
0
VERTEX
8
C2
10
-37.65019253360056
20
-54.8405099367811
0
VERTEX
8
C2
10
-37.65210646123191
20
-54.83088797281492
0
VERTEX
8
C2
10
-37.65525993326524
20
-54.821598143770224
0
VERTEX
8
C2
10
-37.659598992919754
20
-54.81279940119761
0
VERTEX
8
C2
10
-37.66504939768174
20
-54.80464229402195
0
VERTEX
8
C2
10
-37.67151788961459
20
-54.79726639260862
0
VERTEX
8
C2
10
-37.67889379102793
20
-54.79079790067576
0
VERTEX
8
C2
10
-37.687050898203594
20
-54.785347495913776
0
VERTEX
8
C2
10
-37.6958496407762
20
-54.78100843625926
0
VERTEX
8
C2
10
-37.70513946982091
20
-54.77785496422593
0
VERTEX
8
C2
10
-37.71476143378709
20
-54.775941036594574
0
VERTEX
8
C2
10
-37.72455089820359
20
-54.77529940119761
0
SEQEND
0
POLYLINE
8
C2
66
1
70
1
0
VERTEX
8
C2
10
-37.72455089820359
20
-53.81721556886228
0
VERTEX
8
C2
10
-37.73434036262009
20
-53.81785720425924
0
VERTEX
8
C2
10
-37.74396232658627
20
-53.8197711318906
0
VERTEX
8
C2
10
-37.753252155630975
20
-53.82292460392393
0
VERTEX
8
C2
10
-37.76205089820358
20
-53.82726366357844
0
VERTEX
8
C2
10
-37.770208005379246
20
-53.83271406834044
0
VERTEX
8
C2
10
-37.777583906792586
20
-53.83918256027329
0
VERTEX
8
C2
10
-37.784052398725436
20
-53.84655846168663
0
VERTEX
8
C2
10
-37.78950280348742
20
-53.854715568862275
0
VERTEX
8
C2
10
-37.793841863141935
20
-53.8635143114349
0
VERTEX
8
C2
10
-37.79699533517527
20
-53.87280414047959
0
VERTEX
8
C2
10
-37.79890926280662
20
-53.88242610444578
0
VERTEX
8
C2
10
-37.79955089820359
20
-53.89221556886228
0
VERTEX
8
C2
10
-37.79890926280662
20
-53.90200503327878
0
VERTEX
8
C2
10
-37.79699533517527
20
-53.911626997244966
0
VERTEX
8
C2
10
-37.793841863141935
20
-53.92091682628966
0
VERTEX
8
C2
10
-37.78950280348742
20
-53.92971556886228
0
VERTEX
8
C2
10
-37.784052398725436
20
-53.937872676037934
0
VERTEX
8
C2
10
-37.777583906792586
20
-53.94524857745127
0
VERTEX
8
C2
10
-37.770208005379246
20
-53.951717069384124
0
VERTEX
8
C2
10
-37.76205089820358
20
-53.95716747414611
0
VERTEX
8
C2
10
-37.753252155630975
20
-53.96150653380062
0
VERTEX
8
C2
10
-37.74396232658627
20
-53.964660005833956
0
VERTEX
8
C2
10
-37.73434036262009
20
-53.96657393346531
0
VERTEX
8
C2
10
-37.72455089820359
20
-53.96721556886228
0
VERTEX
8
C2
10
-37.71476143378709
20
-53.96657393346531
0
VERTEX
8
C2
10
-37.70513946982091
20
-53.964660005833956
0
VERTEX
8
C2
10
-37.6958496407762
20
-53.96150653380062
0
VERTEX
8
C2
10
-37.687050898203594
20
-53.95716747414611
0
VERTEX
8
C2
10
-37.67889379102793
20
-53.951717069384124
0
VERTEX
8
C2
10
-37.67151788961459
20
-53.94524857745127
0
VERTEX
8
C2
10
-37.66504939768174
20
-53.937872676037934
0
VERTEX
8
C2
10
-37.659598992919754
20
-53.92971556886228
0
VERTEX
8
C2
10
-37.65525993326524
20
-53.92091682628966
0
VERTEX
8
C2
10
-37.65210646123191
20
-53.911626997244966
0
VERTEX
8
C2
10
-37.65019253360056
20
-53.90200503327878
0
VERTEX
8
C2
10
-37.649550898203586
20
-53.89221556886228
0
VERTEX
8
C2
10
-37.65019253360056
20
-53.88242610444578
0
VERTEX
8
C2
10
-37.65210646123191
20
-53.87280414047959
0
VERTEX
8
C2
10
-37.65525993326524
20
-53.8635143114349
0
VERTEX
8
C2
10
-37.659598992919754
20
-53.854715568862275
0
VERTEX
8
C2
10
-37.66504939768174
20
-53.84655846168663
0
VERTEX
8
C2
10
-37.67151788961459
20
-53.83918256027329
0
VERTEX
8
C2
10
-37.67889379102793
20
-53.83271406834044
0
VERTEX
8
C2
10
-37.687050898203594
20
-53.82726366357844
0
VERTEX
8
C2
10
-37.6958496407762
20
-53.82292460392393
0
VERTEX
8
C2
10
-37.70513946982091
20
-53.8197711318906
0
VERTEX
8
C2
10
-37.71476143378709
20
-53.81785720425924
0
VERTEX
8
C2
10
-37.72455089820359
20
-53.81721556886228
0
SEQEND
0
POLYLINE
8
C2
66
1
70
1
0
VERTEX
8
C2
10
-36.30538922155688
20
-53.577694610778444
0
VERTEX
8
C2
10
-36.31517868597338
20
-53.57833624617541
0
VERTEX
8
C2
10
-36.324800649939576
20
-53.58025017380677
0
VERTEX
8
C2
10
-36.334090478984265
20
-53.5834036458401
0
VERTEX
8
C2
10
-36.34288922155689
20
-53.58774270549461
0
VERTEX
8
C2
10
-36.35104632873254
20
-53.5931931102566
0
VERTEX
8
C2
10
-36.35842223014588
20
-53.59966160218946
0
VERTEX
8
C2
10
-36.36489072207873
20
-53.60703750360279
0
VERTEX
8
C2
10
-36.370341126840714
20
-53.615194610778445
0
VERTEX
8
C2
10
-36.374680186495226
20
-53.62399335335106
0
VERTEX
8
C2
10
-36.37783365852856
20
-53.63328318239576
0
VERTEX
8
C2
10
-36.37974758615992
20
-53.64290514636194
0
VERTEX
8
C2
10
-36.38038922155688
20
-53.65269461077845
0
VERTEX
8
C2
10
-36.37974758615992
20
-53.662484075194946
0
VERTEX
8
C2
10
-36.37783365852856
20
-53.672106039161136
0
VERTEX
8
C2
10
-36.374680186495226
20
-53.681395868205826
0
VERTEX
8
C2
10
-36.370341126840714
20
-53.69019461077845
0
VERTEX
8
C2
10
-36.36489072207873
20
-53.6983517179541
0
VERTEX
8
C2
10
-36.35842223014588
20
-53.70572761936744
0
VERTEX
8
C2
10
-36.35104632873254
20
-53.71219611130029
0
VERTEX
8
C2
10
-36.34288922155689
20
-53.71764651606228
0
VERTEX
8
C2
10
-36.334090478984265
20
-53.72198557571679
0
VERTEX
8
C2
10
-36.324800649939576
20
-53.725139047750126
0
VERTEX
8
C2
10
-36.31517868597338
20
-53.72705297538148
0
VERTEX
8
C2
10
-36.30538922155688
20
-53.72769461077844
0
VERTEX
8
C2
10
-36.29559975714038
20
-53.72705297538148
0
VERTEX
8
C2
10
-36.2859777931742
20
-53.725139047750126
0
VERTEX
8
C2
10
-36.27668796412949
20
-53.72198557571679
0
VERTEX
8
C2
10
-36.267889221556885
20
-53.71764651606228
0
VERTEX
8
C2
10
-36.25973211438122
20
-53.71219611130029
0
VERTEX
8
C2
10
-36.2523562129679
20
-53.70572761936744
0
VERTEX
8
C2
10
-36.24588772103503
20
-53.6983517179541
0
VERTEX
8
C2
10
-36.240437316273045
20
-53.69019461077845
0
VERTEX
8
C2
10
-36.23609825661853
20
-53.681395868205826
0
VERTEX
8
C2
10
-36.2329447845852
20
-53.672106039161136
0
VERTEX
8
C2
10
-36.23103085695385
20
-53.662484075194946
0
VERTEX
8
C2
10
-36.23038922155688
20
-53.65269461077845
0
VERTEX
8
C2
10
-36.23103085695385
20
-53.64290514636194
0
VERTEX
8
C2
10
-36.2329447845852
20
-53.63328318239576
0
VERTEX
8
C2
10
-36.23609825661853
20
-53.62399335335106
0
VERTEX
8
C2
10
-36.240437316273045
20
-53.615194610778445
0
VERTEX
8
C2
10
-36.24588772103503
20
-53.60703750360279
0
VERTEX
8
C2
10
-36.2523562129679
20
-53.59966160218946
0
VERTEX
8
C2
10
-36.25973211438122
20
-53.5931931102566
0
VERTEX
8
C2
10
-36.267889221556885
20
-53.58774270549461
0
VERTEX
8
C2
10
-36.27668796412949
20
-53.5834036458401
0
VERTEX
8
C2
10
-36.2859777931742
20
-53.58025017380677
0
VERTEX
8
C2
10
-36.29559975714038
20
-53.57833624617541
0
VERTEX
8
C2
10
-36.30538922155688
20
-53.577694610778444
0
SEQEND
0
POLYLINE
8
C2
66
1
70
1
0
VERTEX
8
C2
10
-37.72455089820359
20
-53.338173652694614
0
VERTEX
8
C2
10
-37.73434036262009
20
-53.33881528809158
0
VERTEX
8
C2
10
-37.74396232658627
20
-53.34072921572293
0
VERTEX
8
C2
10
-37.753252155630975
20
-53.34388268775627
0
VERTEX
8
C2
10
-37.76205089820358
20
-53.34822174741078
0
VERTEX
8
C2
10
-37.770208005379246
20
-53.35367215217277
0
VERTEX
8
C2
10
-37.777583906792586
20
-53.36014064410562
0
VERTEX
8
C2
10
-37.784052398725436
20
-53.36751654551896
0
VERTEX
8
C2
10
-37.78950280348742
20
-53.375673652694616
0
VERTEX
8
C2
10
-37.793841863141935
20
-53.38447239526723
0
VERTEX
8
C2
10
-37.79699533517527
20
-53.39376222431193
0
VERTEX
8
C2
10
-37.79890926280662
20
-53.40338418827811
0
VERTEX
8
C2
10
-37.79955089820359
20
-53.41317365269461
0
VERTEX
8
C2
10
-37.79890926280662
20
-53.42296311711112
0
VERTEX
8
C2
10
-37.79699533517527
20
-53.4325850810773
0
VERTEX
8
C2
10
-37.793841863141935
20
-53.441874910121996
0
VERTEX
8
C2
10
-37.78950280348742
20
-53.45067365269461
0
VERTEX
8
C2
10
-37.784052398725436
20
-53.45883075987027
0
VERTEX
8
C2
10
-37.777583906792586
20
-53.46620666128361
0
VERTEX
8
C2
10
-37.770208005379246
20
-53.47267515321646
0
VERTEX
8
C2
10
-37.76205089820358
20
-53.478125557978444
0
VERTEX
8
C2
10
-37.753252155630975
20
-53.48246461763296
0
VERTEX
8
C2
10
-37.74396232658627
20
-53.485618089666296
0
VERTEX
8
C2
10
-37.73434036262009
20
-53.487532017297646
0
VERTEX
8
C2
10
-37.72455089820359
20
-53.48817365269461
0
VERTEX
8
C2
10
-37.71476143378709
20
-53.487532017297646
0
VERTEX
8
C2
10
-37.70513946982091
20
-53.485618089666296
0
VERTEX
8
C2
10
-37.6958496407762
20
-53.48246461763296
0
VERTEX
8
C2
10
-37.687050898203594
20
-53.478125557978444
0
VERTEX
8
C2
10
-37.67889379102793
20
-53.47267515321646
0
VERTEX
8
C2
10
-37.67151788961459
20
-53.46620666128361
0
VERTEX
8
C2
10
-37.66504939768174
20
-53.45883075987027
0
VERTEX
8
C2
10
-37.659598992919754
20
-53.45067365269461
0
VERTEX
8
C2
10
-37.65525993326524
20
-53.441874910121996
0
VERTEX
8
C2
10
-37.65210646123191
20
-53.4325850810773
0
VERTEX
8
C2
10
-37.65019253360056
20
-53.42296311711112
0
VERTEX
8
C2
10
-37.649550898203586
20
-53.41317365269461
0
VERTEX
8
C2
10
-37.65019253360056
20
-53.40338418827811
0
VERTEX
8
C2
10
-37.65210646123191
20
-53.39376222431193
0
VERTEX
8
C2
10
-37.65525993326524
20
-53.38447239526723
0
VERTEX
8
C2
10
-37.659598992919754
20
-53.375673652694616
0
VERTEX
8
C2
10
-37.66504939768174
20
-53.36751654551896
0
VERTEX
8
C2
10
-37.67151788961459
20
-53.36014064410562
0
VERTEX
8
C2
10
-37.67889379102793
20
-53.35367215217277
0
VERTEX
8
C2
10
-37.687050898203594
20
-53.34822174741078
0
VERTEX
8
C2
10
-37.6958496407762
20
-53.34388268775627
0
VERTEX
8
C2
10
-37.70513946982091
20
-53.34072921572293
0
VERTEX
8
C2
10
-37.71476143378709
20
-53.33881528809158
0
VERTEX
8
C2
10
-37.72455089820359
20
-53.338173652694614
0
SEQEND
0
POLYLINE
8
C2
66
1
70
1
0
VERTEX
8
C2
10
-36.467065868263475
20
-55.61362275449102
0
VERTEX
8
C2
10
-36.476855332679975
20
-55.614264389887985
0
VERTEX
8
C2
10
-36.48647729664616
20
-55.61617831751934
0
VERTEX
8
C2
10
-36.49576712569085
20
-55.619331789552675
0
VERTEX
8
C2
10
-36.50456586826347
20
-55.62367084920719
0
VERTEX
8
C2
10
-36.51272297543912
20
-55.62912125396918
0
VERTEX
8
C2
10
-36.52009887685246
20
-55.63558974590203
0
VERTEX
8
C2
10
-36.52656736878531
20
-55.642965647315364
0
VERTEX
8
C2
10
-36.532017773547295
20
-55.65112275449102
0
VERTEX
8
C2
10
-36.53635683320182
20
-55.659921497063635
0
VERTEX
8
C2
10
-36.539510305235154
20
-55.66921132610833
0
VERTEX
8
C2
10
-36.541424232866504
20
-55.678833290074515
0
VERTEX
8
C2
10
-36.542065868263464
20
-55.68862275449102
0
VERTEX
8
C2
10
-36.541424232866504
20
-55.69841221890752
0
VERTEX
8
C2
10
-36.539510305235154
20
-55.70803418287371
0
VERTEX
8
C2
10
-36.53635683320182
20
-55.7173240119184
0
VERTEX
8
C2
10
-36.532017773547295
20
-55.72612275449102
0
VERTEX
8
C2
10
-36.52656736878531
20
-55.73427986166667
0
VERTEX
8
C2
10
-36.52009887685246
20
-55.74165576308001
0
VERTEX
8
C2
10
-36.51272297543912
20
-55.74812425501286
0
VERTEX
8
C2
10
-36.50456586826347
20
-55.753574659774856
0
VERTEX
8
C2
10
-36.49576712569085
20
-55.75791371942937
0
VERTEX
8
C2
10
-36.48647729664616
20
-55.7610671914627
0
VERTEX
8
C2
10
-36.476855332679975
20
-55.76298111909406
0
VERTEX
8
C2
10
-36.467065868263475
20
-55.763622754491024
0
VERTEX
8
C2
10
-36.45727640384696
20
-55.76298111909406
0
VERTEX
8
C2
10
-36.44765443988078
20
-55.7610671914627
0
VERTEX
8
C2
10
-36.43836461083609
20
-55.75791371942937
0
VERTEX
8
C2
10
-36.42956586826347
20
-55.753574659774856
0
VERTEX
8
C2
10
-36.42140876108782
20
-55.74812425501286
0
VERTEX
8
C2
10
-36.41403285967448
20
-55.74165576308001
0
VERTEX
8
C2
10
-36.40756436774163
20
-55.73427986166667
0
VERTEX
8
C2
10
-36.40211396297964
20
-55.72612275449102
0
VERTEX
8
C2
10
-36.39777490332513
20
-55.7173240119184
0
VERTEX
8
C2
10
-36.39462143129178
20
-55.70803418287371
0
VERTEX
8
C2
10
-36.39270750366043
20
-55.69841221890752
0
VERTEX
8
C2
10
-36.39206586826347
20
-55.68862275449102
0
VERTEX
8
C2
10
-36.39270750366043
20
-55.678833290074515
0
VERTEX
8
C2
10
-36.39462143129178
20
-55.66921132610833
0
VERTEX
8
C2
10
-36.39777490332513
20
-55.659921497063635
0
VERTEX
8
C2
10
-36.40211396297964
20
-55.65112275449102
0
VERTEX
8
C2
10
-36.40756436774163
20
-55.642965647315364
0
VERTEX
8
C2
10
-36.41403285967448
20
-55.63558974590203
0
VERTEX
8
C2
10
-36.42140876108782
20
-55.62912125396918
0
VERTEX
8
C2
10
-36.42956586826347
20
-55.62367084920719
0
VERTEX
8
C2
10
-36.43836461083609
20
-55.619331789552675
0
VERTEX
8
C2
10
-36.44765443988078
20
-55.61617831751934
0
VERTEX
8
C2
10
-36.45727640384696
20
-55.614264389887985
0
VERTEX
8
C2
10
-36.467065868263475
20
-55.61362275449102
0
SEQEND
0
POLYLINE
8
C2
66
1
70
1
0
VERTEX
8
C2
10
-37.72455089820359
20
-54.29625748502994
0
VERTEX
8
C2
10
-37.73434036262009
20
-54.29689912042691
0
VERTEX
8
C2
10
-37.74396232658627
20
-54.298813048058264
0
VERTEX
8
C2
10
-37.753252155630975
20
-54.3019665200916
0
VERTEX
8
C2
10
-37.76205089820358
20
-54.30630557974611
0
VERTEX
8
C2
10
-37.770208005379246
20
-54.3117559845081
0
VERTEX
8
C2
10
-37.777583906792586
20
-54.31822447644095
0
VERTEX
8
C2
10
-37.784052398725436
20
-54.325600377854286
0
VERTEX
8
C2
10
-37.78950280348742
20
-54.33375748502994
0
VERTEX
8
C2
10
-37.793841863141935
20
-54.342556227602564
0
VERTEX
8
C2
10
-37.79699533517527
20
-54.351846056647254
0
VERTEX
8
C2
10
-37.79890926280662
20
-54.36146802061344
0
VERTEX
8
C2
10
-37.79955089820359
20
-54.37125748502994
0
VERTEX
8
C2
10
-37.79890926280662
20
-54.38104694944645
0
VERTEX
8
C2
10
-37.79699533517527
20
-54.39066891341263
0
VERTEX
8
C2
10
-37.793841863141935
20
-54.39995874245732
0
VERTEX
8
C2
10
-37.78950280348742
20
-54.408757485029945
0
VERTEX
8
C2
10
-37.784052398725436
20
-54.4169145922056
0
VERTEX
8
C2
10
-37.777583906792586
20
-54.42429049361893
0
VERTEX
8
C2
10
-37.770208005379246
20
-54.43075898555178
0
VERTEX
8
C2
10
-37.76205089820358
20
-54.43620939031378
0
VERTEX
8
C2
10
-37.753252155630975
20
-54.44054844996829
0
VERTEX
8
C2
10
-37.74396232658627
20
-54.44370192200162
0
VERTEX
8
C2
10
-37.73434036262009
20
-54.44561584963298
0
VERTEX
8
C2
10
-37.72455089820359
20
-54.446257485029946
0
VERTEX
8
C2
10
-37.71476143378709
20
-54.44561584963298
0
VERTEX
8
C2
10
-37.70513946982091
20
-54.44370192200162
0
VERTEX
8
C2
10
-37.6958496407762
20
-54.44054844996829
0
VERTEX
8
C2
10
-37.687050898203594
20
-54.43620939031378
0
VERTEX
8
C2
10
-37.67889379102793
20
-54.43075898555178
0
VERTEX
8
C2
10
-37.67151788961459
20
-54.42429049361893
0
VERTEX
8
C2
10
-37.66504939768174
20
-54.4169145922056
0
VERTEX
8
C2
10
-37.659598992919754
20
-54.408757485029945
0
VERTEX
8
C2
10
-37.65525993326524
20
-54.39995874245732
0
VERTEX
8
C2
10
-37.65210646123191
20
-54.39066891341263
0
VERTEX
8
C2
10
-37.65019253360056
20
-54.38104694944645
0
VERTEX
8
C2
10
-37.649550898203586
20
-54.37125748502994
0
VERTEX
8
C2
10
-37.65019253360056
20
-54.36146802061344
0
VERTEX
8
C2
10
-37.65210646123191
20
-54.351846056647254
0
VERTEX
8
C2
10
-37.65525993326524
20
-54.342556227602564
0
VERTEX
8
C2
10
-37.659598992919754
20
-54.33375748502994
0
VERTEX
8
C2
10
-37.66504939768174
20
-54.325600377854286
0
VERTEX
8
C2
10
-37.67151788961459
20
-54.31822447644095
0
VERTEX
8
C2
10
-37.67889379102793
20
-54.3117559845081
0
VERTEX
8
C2
10
-37.687050898203594
20
-54.30630557974611
0
VERTEX
8
C2
10
-37.6958496407762
20
-54.3019665200916
0
VERTEX
8
C2
10
-37.70513946982091
20
-54.298813048058264
0
VERTEX
8
C2
10
-37.71476143378709
20
-54.29689912042691
0
VERTEX
8
C2
10
-37.72455089820359
20
-54.29625748502994
0
SEQEND
0
POLYLINE
8
C2
66
1
70
1
0
VERTEX
8
C2
10
-37.72455089820359
20
-55.254341317365274
0
VERTEX
8
C2
10
-37.73434036262009
20
-55.254982952762234
0
VERTEX
8
C2
10
-37.74396232658627
20
-55.25689688039359
0
VERTEX
8
C2
10
-37.753252155630975
20
-55.26005035242692
0
VERTEX
8
C2
10
-37.76205089820358
20
-55.26438941208144
0
VERTEX
8
C2
10
-37.770208005379246
20
-55.26983981684343
0
VERTEX
8
C2
10
-37.777583906792586
20
-55.27630830877628
0
VERTEX
8
C2
10
-37.784052398725436
20
-55.28368421018962
0
VERTEX
8
C2
10
-37.78950280348742
20
-55.291841317365275
0
VERTEX
8
C2
10
-37.793841863141935
20
-55.30064005993789
0
VERTEX
8
C2
10
-37.79699533517527
20
-55.30992988898258
0
VERTEX
8
C2
10
-37.79890926280662
20
-55.31955185294877
0
VERTEX
8
C2
10
-37.79955089820359
20
-55.32934131736527
0
VERTEX
8
C2
10
-37.79890926280662
20
-55.339130781781776
0
VERTEX
8
C2
10
-37.79699533517527
20
-55.34875274574796
0
VERTEX
8
C2
10
-37.793841863141935
20
-55.358042574792655
0
VERTEX
8
C2
10
-37.78950280348742
20
-55.36684131736527
0
VERTEX
8
C2
10
-37.784052398725436
20
-55.37499842454093
0
VERTEX
8
C2
10
-37.777583906792586
20
-55.38237432595427
0
VERTEX
8
C2
10
-37.770208005379246
20
-55.38884281788712
0
VERTEX
8
C2
10
-37.76205089820358
20
-55.394293222649104
0
VERTEX
8
C2
10
-37.753252155630975
20
-55.398632282303616
0
VERTEX
8
C2
10
-37.74396232658627
20
-55.401785754336956
0
VERTEX
8
C2
10
-37.73434036262009
20
-55.403699681968305
0
VERTEX
8
C2
10
-37.72455089820359
20
-55.40434131736527
0
VERTEX
8
C2
10
-37.71476143378709
20
-55.403699681968305
0
VERTEX
8
C2
10
-37.70513946982091
20
-55.401785754336956
0
VERTEX
8
C2
10
-37.6958496407762
20
-55.398632282303616
0
VERTEX
8
C2
10
-37.687050898203594
20
-55.394293222649104
0
VERTEX
8
C2
10
-37.67889379102793
20
-55.38884281788712
0
VERTEX
8
C2
10
-37.67151788961459
20
-55.38237432595427
0
VERTEX
8
C2
10
-37.66504939768174
20
-55.37499842454093
0
VERTEX
8
C2
10
-37.659598992919754
20
-55.36684131736527
0
VERTEX
8
C2
10
-37.65525993326524
20
-55.358042574792655
0
VERTEX
8
C2
10
-37.65210646123191
20
-55.34875274574796
0
VERTEX
8
C2
10
-37.65019253360056
20
-55.339130781781776
0
VERTEX
8
C2
10
-37.649550898203586
20
-55.32934131736527
0
VERTEX
8
C2
10
-37.65019253360056
20
-55.31955185294877
0
VERTEX
8
C2
10
-37.65210646123191
20
-55.30992988898258
0
VERTEX
8
C2
10
-37.65525993326524
20
-55.30064005993789
0
VERTEX
8
C2
10
-37.659598992919754
20
-55.291841317365275
0
VERTEX
8
C2
10
-37.66504939768174
20
-55.28368421018962
0
VERTEX
8
C2
10
-37.67151788961459
20
-55.27630830877628
0
VERTEX
8
C2
10
-37.67889379102793
20
-55.26983981684343
0
VERTEX
8
C2
10
-37.687050898203594
20
-55.26438941208144
0
VERTEX
8
C2
10
-37.6958496407762
20
-55.26005035242692
0
VERTEX
8
C2
10
-37.70513946982091
20
-55.25689688039359
0
VERTEX
8
C2
10
-37.71476143378709
20
-55.254982952762234
0
VERTEX
8
C2
10
-37.72455089820359
20
-55.254341317365274
0
SEQEND
0
POLYLINE
8
C2
66
1
70
1
0
VERTEX
8
C2
10
-37.72455089820359
20
-56.2124251497006
0
VERTEX
8
C2
10
-37.73434036262009
20
-56.21306678509757
0
VERTEX
8
C2
10
-37.74396232658627
20
-56.214980712728924
0
VERTEX
8
C2
10
-37.753252155630975
20
-56.218134184762256
0
VERTEX
8
C2
10
-37.76205089820358
20
-56.22247324441677
0
VERTEX
8
C2
10
-37.770208005379246
20
-56.227923649178756
0
VERTEX
8
C2
10
-37.777583906792586
20
-56.23439214111161
0
VERTEX
8
C2
10
-37.784052398725436
20
-56.241768042524946
0
VERTEX
8
C2
10
-37.78950280348742
20
-56.2499251497006
0
VERTEX
8
C2
10
-37.793841863141935
20
-56.25872389227322
0
VERTEX
8
C2
10
-37.79699533517527
20
-56.268013721317914
0
VERTEX
8
C2
10
-37.79890926280662
20
-56.277635685284096
0
VERTEX
8
C2
10
-37.79955089820359
20
-56.2874251497006
0
VERTEX
8
C2
10
-37.79890926280662
20
-56.2972146141171
0
VERTEX
8
C2
10
-37.79699533517527
20
-56.30683657808329
0
VERTEX
8
C2
10
-37.793841863141935
20
-56.31612640712798
0
VERTEX
8
C2
10
-37.78950280348742
20
-56.324925149700604
0
VERTEX
8
C2
10
-37.784052398725436
20
-56.33308225687625
0
VERTEX
8
C2
10
-37.777583906792586
20
-56.34045815828959
0
VERTEX
8
C2
10
-37.770208005379246
20
-56.34692665022244
0
VERTEX
8
C2
10
-37.76205089820358
20
-56.35237705498444
0
VERTEX
8
C2
10
-37.753252155630975
20
-56.35671611463895
0
VERTEX
8
C2
10
-37.74396232658627
20
-56.35986958667228
0
VERTEX
8
C2
10
-37.73434036262009
20
-56.36178351430364
0
VERTEX
8
C2
10
-37.72455089820359
20
-56.3624251497006
0
VERTEX
8
C2
10
-37.71476143378709
20
-56.36178351430364
0
VERTEX
8
C2
10
-37.70513946982091
20
-56.35986958667228
0
VERTEX
8
C2
10
-37.6958496407762
20
-56.35671611463895
0
VERTEX
8
C2
10
-37.687050898203594
20
-56.35237705498444
0
VERTEX
8
C2
10
-37.67889379102793
20
-56.34692665022244
0
VERTEX
8
C2
10
-37.67151788961459
20
-56.34045815828959
0
VERTEX
8
C2
10
-37.66504939768174
20
-56.33308225687625
0
VERTEX
8
C2
10
-37.659598992919754
20
-56.324925149700604
0
VERTEX
8
C2
10
-37.65525993326524
20
-56.31612640712798
0
VERTEX
8
C2
10
-37.65210646123191
20
-56.30683657808329
0
VERTEX
8
C2
10
-37.65019253360056
20
-56.2972146141171
0
VERTEX
8
C2
10
-37.649550898203586
20
-56.2874251497006
0
VERTEX
8
C2
10
-37.65019253360056
20
-56.277635685284096
0
VERTEX
8
C2
10
-37.65210646123191
20
-56.268013721317914
0
VERTEX
8
C2
10
-37.65525993326524
20
-56.25872389227322
0
VERTEX
8
C2
10
-37.659598992919754
20
-56.2499251497006
0
VERTEX
8
C2
10
-37.66504939768174
20
-56.241768042524946
0
VERTEX
8
C2
10
-37.67151788961459
20
-56.23439214111161
0
VERTEX
8
C2
10
-37.67889379102793
20
-56.227923649178756
0
VERTEX
8
C2
10
-37.687050898203594
20
-56.22247324441677
0
VERTEX
8
C2
10
-37.6958496407762
20
-56.218134184762256
0
VERTEX
8
C2
10
-37.70513946982091
20
-56.214980712728924
0
VERTEX
8
C2
10
-37.71476143378709
20
-56.21306678509757
0
VERTEX
8
C2
10
-37.72455089820359
20
-56.2124251497006
0
SEQEND
0
POLYLINE
8
C2
66
1
70
1
0
VERTEX
8
C2
10
-28.92215568862275
20
-57.565029940119764
0
VERTEX
8
C2
10
-28.92215568862275
20
-55.209580838323355
0
VERTEX
8
C2
10
-29.281437125748496
20
-55.209580838323355
0
VERTEX
8
C2
10
-29.281437125748496
20
-55.808383233532936
0
VERTEX
8
C2
10
-29.041916167664667
20
-55.808383233532936
0
VERTEX
8
C2
10
-29.041916167664667
20
-56.047904191616766
0
VERTEX
8
C2
10
-29.281437125748496
20
-56.047904191616766
0
VERTEX
8
C2
10
-29.281437125748496
20
-57.0059880239521
0
VERTEX
8
C2
10
-29.041916167664667
20
-57.0059880239521
0
VERTEX
8
C2
10
-29.041916167664667
20
-57.24550898203593
0
VERTEX
8
C2
10
-29.281437125748496
20
-57.24550898203593
0
VERTEX
8
C2
10
-29.281437125748496
20
-57.565029940119764
0
VERTEX
8
C2
10
-28.92215568862275
20
-57.565029940119764
0
SEQEND
0
POLYLINE
8
C2
66
1
70
1
0
VERTEX
8
C2
10
-28.02435174195095
20
-55.808383233532936
0
VERTEX
8
C2
10
-27.844311377245504
20
-55.808383233532936
0
VERTEX
8
C2
10
-27.844311377245504
20
-55.32934131736527
0
VERTEX
8
C2
10
-27.72455089820359
20
-55.32934131736527
0
VERTEX
8
C2
10
-27.72455089820359
20
-55.68862275449102
0
VERTEX
8
C2
10
-27.676646706586823
20
-55.68862275449102
0
VERTEX
8
C2
10
-27.6724653012554
20
-55.71060645197381
0
VERTEX
8
C2
10
-27.66050505588933
20
-55.7295199296113
0
VERTEX
8
C2
10
-27.642436325655524
20
-55.742721751201444
0
VERTEX
8
C2
10
-27.620782570230674
20
-55.74836816436037
0
VERTEX
8
C2
10
-27.598567930102647
20
-55.745670597022404
0
VERTEX
8
C2
10
-27.578894878321336
20
-55.73500578857734
0
VERTEX
8
C2
10
-27.56451093240709
20
-55.717863174847324
0
VERTEX
8
C2
10
-27.557424938971565
20
-55.69663687506163
0
VERTEX
8
C2
10
-27.55862652033312
20
-55.67429133170749
0
VERTEX
8
C2
10
-27.5679478649148
20
-55.65394729964032
0
VERTEX
8
C2
10
-27.58408716363094
20
-55.638446004774686
0
VERTEX
8
C2
10
-27.604790419161674
20
-55.629952341490224
0
VERTEX
8
C2
10
-27.604790419161674
20
-55.209580838323355
0
VERTEX
8
C2
10
-28.562874251497007
20
-55.209580838323355
0
VERTEX
8
C2
10
-28.562874251497007
20
-55.808383233532936
0
VERTEX
8
C2
10
-28.38283388679156
20
-55.808383233532936
0
VERTEX
8
C2
10
-28.40351636814063
20
-55.76924847638517
0
VERTEX
8
C2
10
-28.415769548374982
20
-55.72671432744678
0
VERTEX
8
C2
10
-28.419076801294935
20
-55.682574137937756
0
VERTEX
8
C2
10
-28.41329868444761
20
-55.63868897395871
0
VERTEX
8
C2
10
-28.3986788183863
20
-55.59690914906536
0
VERTEX
8
C2
10
-28.37583361498926
20
-55.55899621019858
0
VERTEX
8
C2
10
-28.34572628791905
20
-55.5265486662475
0
VERTEX
8
C2
10
-28.309626241009553
20
-55.50093459072444
0
VERTEX
8
C2
10
-28.269055546872607
20
-55.483233940199234
0
VERTEX
8
C2
10
-28.225724772326714
20
-55.474193020499236
0
VERTEX
8
C2
10
-28.181460856415796
20
-55.474193020499236
0
VERTEX
8
C2
10
-28.138130081869903
20
-55.483233940199234
0
VERTEX
8
C2
10
-28.097559387732957
20
-55.50093459072444
0
VERTEX
8
C2
10
-28.06145934082346
20
-55.5265486662475
0
VERTEX
8
C2
10
-28.03135201375325
20
-55.55899621019858
0
VERTEX
8
C2
10
-28.00850681035621
20
-55.59690914906536
0
VERTEX
8
C2
10
-27.9938869442949
20
-55.63868897395871
0
VERTEX
8
C2
10
-27.988108827447576
20
-55.682574137937756
0
VERTEX
8
C2
10
-27.99141608036753
20
-55.72671432744678
0
VERTEX
8
C2
10
-28.003669260601868
20
-55.76924847638517
0
VERTEX
8
C2
10
-28.02435174195095
20
-55.808383233532936
0
SEQEND
0
POLYLINE
8
C2
66
1
70
1
0
VERTEX
8
C2
10
-28.572354688213053
20
-53.59281437125749
0
VERTEX
8
C2
10
-29.58083832335329
20
-53.59281437125749
0
VERTEX
8
C2
10
-29.58083832335329
20
-54.37125748502994
0
VERTEX
8
C2
10
-29.700598802395206
20
-54.37125748502994
0
VERTEX
8
C2
10
-29.700598802395206
20
-53.59281437125749
0
VERTEX
8
C2
10
-30.948603395619273
20
-53.59281437125749
0
VERTEX
8
C2
10
-30.940736660010216
20
-53.63639773699489
0
VERTEX
8
C2
10
-30.94194258126315
20
-53.68066895848329
0
VERTEX
8
C2
10
-30.95217026005342
20
-53.72375944333442
0
VERTEX
8
C2
10
-30.970988008207698
20
-53.76385043549657
0
VERTEX
8
C2
10
-30.997601569326804
20
-53.79924978100891
0
VERTEX
8
C2
10
-31.030887642628443
20
-53.828463350155815
0
VERTEX
8
C2
10
-31.069441295040633
20
-53.85025810144651
0
VERTEX
8
C2
10
-31.111635260384233
20
-53.86371412562626
0
VERTEX
8
C2
10
-31.155688622754482
20
-53.868263473053894
0
VERTEX
8
C2
10
-31.199741985124746
20
-53.86371412562626
0
VERTEX
8
C2
10
-31.241935950468346
20
-53.85025810144651
0
VERTEX
8
C2
10
-31.280489602880536
20
-53.828463350155815
0
VERTEX
8
C2
10
-31.313775676182175
20
-53.79924978100891
0
VERTEX
8
C2
10
-31.340389237301295
20
-53.76385043549657
0
VERTEX
8
C2
10
-31.359206985455558
20
-53.72375944333442
0
VERTEX
8
C2
10
-31.36943466424583
20
-53.68066895848329
0
VERTEX
8
C2
10
-31.370640585498762
20
-53.63639773699489
0
VERTEX
8
C2
10
-31.362773849889706
20
-53.59281437125749
0
VERTEX
8
C2
10
-31.676646706586823
20
-53.59281437125749
0
VERTEX
8
C2
10
-31.676646706586823
20
-54.550898203592816
0
VERTEX
8
C2
10
-29.700598802395206
20
-54.550898203592816
0
VERTEX
8
C2
10
-29.700598802395206
20
-54.49101796407186
0
VERTEX
8
C2
10
-29.58083832335329
20
-54.49101796407186
0
VERTEX
8
C2
10
-29.58083832335329
20
-54.550898203592816
0
VERTEX
8
C2
10
-27.604790419161674
20
-54.550898203592816
0
VERTEX
8
C2
10
-27.604790419161674
20
-53.59281437125749
0
VERTEX
8
C2
10
-28.15818423394262
20
-53.59281437125749
0
VERTEX
8
C2
10
-28.150317498333578
20
-53.63639773699489
0
VERTEX
8
C2
10
-28.151523419586496
20
-53.68066895848329
0
VERTEX
8
C2
10
-28.16175109837677
20
-53.72375944333442
0
VERTEX
8
C2
10
-28.180568846531045
20
-53.76385043549657
0
VERTEX
8
C2
10
-28.20718240765015
20
-53.79924978100892
0
VERTEX
8
C2
10
-28.24046848095179
20
-53.828463350155815
0
VERTEX
8
C2
10
-28.27902213336398
20
-53.85025810144651
0
VERTEX
8
C2
10
-28.32121609870758
20
-53.86371412562626
0
VERTEX
8
C2
10
-28.365269461077844
20
-53.868263473053894
0
VERTEX
8
C2
10
-28.409322823448107
20
-53.86371412562626
0
VERTEX
8
C2
10
-28.451516788791707
20
-53.85025810144651
0
VERTEX
8
C2
10
-28.490070441203898
20
-53.828463350155815
0
VERTEX
8
C2
10
-28.523356514505537
20
-53.79924978100892
0
VERTEX
8
C2
10
-28.549970075624643
20
-53.76385043549657
0
VERTEX
8
C2
10
-28.568787823778905
20
-53.72375944333442
0
VERTEX
8
C2
10
-28.57901550256919
20
-53.68066895848329
0
VERTEX
8
C2
10
-28.58022142382211
20
-53.63639773699489
0
VERTEX
8
C2
10
-28.572354688213053
20
-53.59281437125749
0
SEQEND
0
POLYLINE
8
C2
66
1
70
1
0
VERTEX
8
C2
10
-30.898603238956937
20
-55.808383233532936
0
VERTEX
8
C2
10
-30.71856287425149
20
-55.808383233532936
0
VERTEX
8
C2
10
-30.71856287425149
20
-55.209580838323355
0
VERTEX
8
C2
10
-31.676646706586823
20
-55.209580838323355
0
VERTEX
8
C2
10
-31.676646706586823
20
-55.26946107784431
0
VERTEX
8
C2
10
-32.09580838323353
20
-55.26946107784431
0
VERTEX
8
C2
10
-32.09580838323353
20
-54.79041916167665
0
VERTEX
8
C2
10
-32.33532934131736
20
-54.79041916167665
0
VERTEX
8
C2
10
-32.33532934131736
20
-55.38922155688623
0
VERTEX
8
C2
10
-31.676646706586823
20
-55.38922155688623
0
VERTEX
8
C2
10
-31.676646706586823
20
-55.68862275449102
0
VERTEX
8
C2
10
-31.634730538922156
20
-55.68862275449102
0
VERTEX
8
C2
10
-31.630736372765483
20
-55.710126007477676
0
VERTEX
8
C2
10
-31.619286716629276
20
-55.72876061578206
0
VERTEX
8
C2
10
-31.601909013603617
20
-55.74204062669498
0
VERTEX
8
C2
10
-31.580921538760933
20
-55.74819441837347
0
VERTEX
8
C2
10
-31.559124129322996
20
-55.74640104331787
0
VERTEX
8
C2
10
-31.53942467195749
20
-55.7368997469958
0
VERTEX
8
C2
10
-31.524451175721936
20
-55.72095805126482
0
VERTEX
8
C2
10
-31.516201182122174
20
-55.70070266042932
0
VERTEX
8
C2
10
-31.515775282788823
20
-55.67883574793457
0
VERTEX
8
C2
10
-31.52323029488622
20
-55.65827447251394
0
VERTEX
8
C2
10
-31.537571681409943
20
-55.641761814191554
0
VERTEX
8
C2
10
-31.556886227544908
20
-55.631500646621745
0
VERTEX
8
C2
10
-31.556886227544908
20
-55.32934131736527
0
VERTEX
8
C2
10
-31.437125748502993
20
-55.32934131736527
0
VERTEX
8
C2
10
-31.437125748502993
20
-55.808383233532936
0
VERTEX
8
C2
10
-31.257085383797545
20
-55.808383233532936
0
VERTEX
8
C2
10
-31.27776786514663
20
-55.76924847638517
0
VERTEX
8
C2
10
-31.290021045380968
20
-55.72671432744678
0
VERTEX
8
C2
10
-31.29332829830092
20
-55.68257413793775
0
VERTEX
8
C2
10
-31.287550181453597
20
-55.63868897395871
0
VERTEX
8
C2
10
-31.272930315392287
20
-55.59690914906536
0
VERTEX
8
C2
10
-31.250085111995247
20
-55.55899621019857
0
VERTEX
8
C2
10
-31.219977784925035
20
-55.5265486662475
0
VERTEX
8
C2
10
-31.18387773801554
20
-55.50093459072444
0
VERTEX
8
C2
10
-31.143307043878593
20
-55.48323394019923
0
VERTEX
8
C2
10
-31.0999762693327
20
-55.47419302049923
0
VERTEX
8
C2
10
-31.055712353421782
20
-55.47419302049923
0
VERTEX
8
C2
10
-31.01238157887589
20
-55.483233940199234
0
VERTEX
8
C2
10
-30.971810884738943
20
-55.50093459072444
0
VERTEX
8
C2
10
-30.935710837829447
20
-55.5265486662475
0
VERTEX
8
C2
10
-30.905603510759235
20
-55.55899621019858
0
VERTEX
8
C2
10
-30.882758307362195
20
-55.59690914906536
0
VERTEX
8
C2
10
-30.868138441300886
20
-55.63868897395871
0
VERTEX
8
C2
10
-30.86236032445356
20
-55.682574137937756
0
VERTEX
8
C2
10
-30.865667577373515
20
-55.72671432744678
0
VERTEX
8
C2
10
-30.877920757607868
20
-55.76924847638517
0
VERTEX
8
C2
10
-30.898603238956937
20
-55.808383233532936
0
SEQEND
0
POLYLINE
8
C2
66
1
70
1
0
VERTEX
8
C2
10
-22.63513018506471
20
-55.808383233532936
0
VERTEX
8
C2
10
-22.455089820359277
20
-55.808383233532936
0
VERTEX
8
C2
10
-22.455089820359277
20
-55.32934131736527
0
VERTEX
8
C2
10
-22.33532934131736
20
-55.32934131736527
0
VERTEX
8
C2
10
-22.33532934131736
20
-55.631500646621745
0
VERTEX
8
C2
10
-22.354643887452326
20
-55.641761814191554
0
VERTEX
8
C2
10
-22.368985273976065
20
-55.65827447251394
0
VERTEX
8
C2
10
-22.376440286073446
20
-55.67883574793457
0
VERTEX
8
C2
10
-22.376014386740096
20
-55.70070266042932
0
VERTEX
8
C2
10
-22.367764393140334
20
-55.72095805126482
0
VERTEX
8
C2
10
-22.35279089690478
20
-55.7368997469958
0
VERTEX
8
C2
10
-22.333091439539274
20
-55.74640104331787
0
VERTEX
8
C2
10
-22.311294030101337
20
-55.74819441837347
0
VERTEX
8
C2
10
-22.29030655525864
20
-55.74204062669498
0
VERTEX
8
C2
10
-22.272928852232994
20
-55.72876061578206
0
VERTEX
8
C2
10
-22.261479196096786
20
-55.710126007477676
0
VERTEX
8
C2
10
-22.257485029940113
20
-55.68862275449102
0
VERTEX
8
C2
10
-22.215568862275447
20
-55.68862275449102
0
VERTEX
8
C2
10
-22.215568862275447
20
-55.38922155688623
0
VERTEX
8
C2
10
-21.556886227544908
20
-55.38922155688623
0
VERTEX
8
C2
10
-21.556886227544908
20
-54.79041916167665
0
VERTEX
8
C2
10
-21.796407185628738
20
-54.79041916167665
0
VERTEX
8
C2
10
-21.796407185628738
20
-55.26946107784431
0
VERTEX
8
C2
10
-22.215568862275447
20
-55.26946107784431
0
VERTEX
8
C2
10
-22.215568862275447
20
-55.209580838323355
0
VERTEX
8
C2
10
-23.17365269461078
20
-55.209580838323355
0
VERTEX
8
C2
10
-23.17365269461078
20
-55.808383233532936
0
VERTEX
8
C2
10
-22.993612329905332
20
-55.808383233532936
0
VERTEX
8
C2
10
-23.014294811254402
20
-55.76924847638517
0
VERTEX
8
C2
10
-23.026547991488755
20
-55.72671432744678
0
VERTEX
8
C2
10
-23.029855244408708
20
-55.68257413793775
0
VERTEX
8
C2
10
-23.024077127561384
20
-55.63868897395871
0
VERTEX
8
C2
10
-23.009457261500074
20
-55.59690914906536
0
VERTEX
8
C2
10
-22.986612058103034
20
-55.55899621019857
0
VERTEX
8
C2
10
-22.956504731032823
20
-55.5265486662475
0
VERTEX
8
C2
10
-22.920404684123326
20
-55.50093459072444
0
VERTEX
8
C2
10
-22.87983398998638
20
-55.48323394019923
0
VERTEX
8
C2
10
-22.836503215440487
20
-55.47419302049923
0
VERTEX
8
C2
10
-22.79223929952957
20
-55.47419302049923
0
VERTEX
8
C2
10
-22.748908524983676
20
-55.48323394019923
0
VERTEX
8
C2
10
-22.70833783084673
20
-55.50093459072444
0
VERTEX
8
C2
10
-22.672237783937234
20
-55.5265486662475
0
VERTEX
8
C2
10
-22.642130456867022
20
-55.55899621019857
0
VERTEX
8
C2
10
-22.619285253469982
20
-55.59690914906536
0
VERTEX
8
C2
10
-22.604665387408673
20
-55.63868897395871
0
VERTEX
8
C2
10
-22.59888727056135
20
-55.68257413793775
0
VERTEX
8
C2
10
-22.6021945234813
20
-55.72671432744678
0
VERTEX
8
C2
10
-22.61444770371564
20
-55.76924847638517
0
VERTEX
8
C2
10
-22.63513018506471
20
-55.808383233532936
0
SEQEND
0
POLYLINE
8
C2
66
1
70
1
0
VERTEX
8
C2
10
-23.532934131736525
20
-57.565029940119764
0
VERTEX
8
C2
10
-23.532934131736525
20
-55.209580838323355
0
VERTEX
8
C2
10
-23.89221556886227
20
-55.209580838323355
0
VERTEX
8
C2
10
-23.89221556886227
20
-55.808383233532936
0
VERTEX
8
C2
10
-23.65269461077844
20
-55.808383233532936
0
VERTEX
8
C2
10
-23.65269461077844
20
-56.047904191616766
0
VERTEX
8
C2
10
-23.89221556886227
20
-56.047904191616766
0
VERTEX
8
C2
10
-23.89221556886227
20
-57.0059880239521
0
VERTEX
8
C2
10
-23.65269461077844
20
-57.0059880239521
0
VERTEX
8
C2
10
-23.65269461077844
20
-57.24550898203593
0
VERTEX
8
C2
10
-23.89221556886227
20
-57.24550898203593
0
VERTEX
8
C2
10
-23.89221556886227
20
-57.565029940119764
0
VERTEX
8
C2
10
-23.532934131736525
20
-57.565029940119764
0
SEQEND
0
POLYLINE
8
C2
66
1
70
1
0
VERTEX
8
C2
10
-25.50938168207071
20
-55.808383233532936
0
VERTEX
8
C2
10
-25.329341317365262
20
-55.808383233532936
0
VERTEX
8
C2
10
-25.329341317365262
20
-55.209580838323355
0
VERTEX
8
C2
10
-26.287425149700596
20
-55.209580838323355
0
VERTEX
8
C2
10
-26.287425149700596
20
-55.629952341490224
0
VERTEX
8
C2
10
-26.30812840523133
20
-55.638446004774686
0
VERTEX
8
C2
10
-26.32426770394747
20
-55.65394729964032
0
VERTEX
8
C2
10
-26.33358904852915
20
-55.67429133170749
0
VERTEX
8
C2
10
-26.334790629890705
20
-55.69663687506163
0
VERTEX
8
C2
10
-26.32770463645518
20
-55.717863174847324
0
VERTEX
8
C2
10
-26.313320690540934
20
-55.73500578857734
0
VERTEX
8
C2
10
-26.293647638759623
20
-55.74567059702241
0
VERTEX
8
C2
10
-26.271432998631596
20
-55.74836816436037
0
VERTEX
8
C2
10
-26.249779243206746
20
-55.742721751201444
0
VERTEX
8
C2
10
-26.23171051297294
20
-55.7295199296113
0
VERTEX
8
C2
10
-26.21975026760687
20
-55.71060645197381
0
VERTEX
8
C2
10
-26.215568862275447
20
-55.68862275449102
0
VERTEX
8
C2
10
-26.16766467065868
20
-55.68862275449102
0
VERTEX
8
C2
10
-26.16766467065868
20
-55.32934131736527
0
VERTEX
8
C2
10
-26.047904191616766
20
-55.32934131736527
0
VERTEX
8
C2
10
-26.047904191616766
20
-55.808383233532936
0
VERTEX
8
C2
10
-25.867863826911318
20
-55.808383233532936
0
VERTEX
8
C2
10
-25.888546308260402
20
-55.76924847638517
0
VERTEX
8
C2
10
-25.90079948849474
20
-55.72671432744678
0
VERTEX
8
C2
10
-25.904106741414694
20
-55.68257413793775
0
VERTEX
8
C2
10
-25.89832862456737
20
-55.63868897395871
0
VERTEX
8
C2
10
-25.88370875850606
20
-55.59690914906536
0
VERTEX
8
C2
10
-25.86086355510902
20
-55.55899621019857
0
VERTEX
8
C2
10
-25.830756228038823
20
-55.5265486662475
0
VERTEX
8
C2
10
-25.794656181129312
20
-55.50093459072444
0
VERTEX
8
C2
10
-25.754085486992366
20
-55.48323394019923
0
VERTEX
8
C2
10
-25.710754712446473
20
-55.47419302049923
0
VERTEX
8
C2
10
-25.666490796535555
20
-55.47419302049923
0
VERTEX
8
C2
10
-25.623160021989662
20
-55.48323394019923
0
VERTEX
8
C2
10
-25.582589327852716
20
-55.50093459072444
0
VERTEX
8
C2
10
-25.54648928094322
20
-55.5265486662475
0
VERTEX
8
C2
10
-25.516381953873008
20
-55.55899621019857
0
VERTEX
8
C2
10
-25.49353675047597
20
-55.59690914906536
0
VERTEX
8
C2
10
-25.47891688441466
20
-55.63868897395871
0
VERTEX
8
C2
10
-25.473138767567335
20
-55.68257413793775
0
VERTEX
8
C2
10
-25.476446020487288
20
-55.72671432744678
0
VERTEX
8
C2
10
-25.48869920072164
20
-55.76924847638517
0
VERTEX
8
C2
10
-25.50938168207071
20
-55.808383233532936
0
SEQEND
0
POLYLINE
8
C2
66
1
70
1
0
VERTEX
8
C2
10
-25.73403133491965
20
-53.59281437125749
0
VERTEX
8
C2
10
-26.287425149700596
20
-53.59281437125749
0
VERTEX
8
C2
10
-26.287425149700596
20
-54.550898203592816
0
VERTEX
8
C2
10
-24.31137724550898
20
-54.550898203592816
0
VERTEX
8
C2
10
-24.31137724550898
20
-54.49101796407186
0
VERTEX
8
C2
10
-24.191616766467064
20
-54.49101796407186
0
VERTEX
8
C2
10
-24.191616766467064
20
-54.550898203592816
0
VERTEX
8
C2
10
-22.215568862275447
20
-54.550898203592816
0
VERTEX
8
C2
10
-22.215568862275447
20
-53.59281437125749
0
VERTEX
8
C2
10
-22.529441718972564
20
-53.59281437125749
0
VERTEX
8
C2
10
-22.521574983363507
20
-53.63639773699489
0
VERTEX
8
C2
10
-22.52278090461644
20
-53.68066895848329
0
VERTEX
8
C2
10
-22.533008583406712
20
-53.72375944333442
0
VERTEX
8
C2
10
-22.551826331560974
20
-53.76385043549657
0
VERTEX
8
C2
10
-22.578439892680095
20
-53.79924978100892
0
VERTEX
8
C2
10
-22.611725965981734
20
-53.828463350155815
0
VERTEX
8
C2
10
-22.650279618393924
20
-53.85025810144651
0
VERTEX
8
C2
10
-22.692473583737524
20
-53.86371412562626
0
VERTEX
8
C2
10
-22.736526946107787
20
-53.868263473053894
0
VERTEX
8
C2
10
-22.780580308478036
20
-53.86371412562626
0
VERTEX
8
C2
10
-22.822774273821636
20
-53.85025810144651
0
VERTEX
8
C2
10
-22.861327926233827
20
-53.828463350155815
0
VERTEX
8
C2
10
-22.89461399953548
20
-53.79924978100892
0
VERTEX
8
C2
10
-22.921227560654586
20
-53.76385043549657
0
VERTEX
8
C2
10
-22.94004530880885
20
-53.72375944333442
0
VERTEX
8
C2
10
-22.95027298759912
20
-53.68066895848329
0
VERTEX
8
C2
10
-22.951478908852053
20
-53.63639773699489
0
VERTEX
8
C2
10
-22.943612173242997
20
-53.59281437125749
0
VERTEX
8
C2
10
-24.191616766467064
20
-53.59281437125749
0
VERTEX
8
C2
10
-24.191616766467064
20
-54.37125748502994
0
VERTEX
8
C2
10
-24.31137724550898
20
-54.37125748502994
0
VERTEX
8
C2
10
-24.31137724550898
20
-53.59281437125749
0
VERTEX
8
C2
10
-25.319860880649216
20
-53.59281437125749
0
VERTEX
8
C2
10
-25.31199414504016
20
-53.63639773699489
0
VERTEX
8
C2
10
-25.313200066293078
20
-53.68066895848329
0
VERTEX
8
C2
10
-25.323427745083364
20
-53.72375944333442
0
VERTEX
8
C2
10
-25.342245493237627
20
-53.76385043549657
0
VERTEX
8
C2
10
-25.368859054356733
20
-53.79924978100892
0
VERTEX
8
C2
10
-25.402145127658386
20
-53.828463350155815
0
VERTEX
8
C2
10
-25.440698780070562
20
-53.85025810144651
0
VERTEX
8
C2
10
-25.482892745414162
20
-53.86371412562626
0
VERTEX
8
C2
10
-25.526946107784426
20
-53.868263473053894
0
VERTEX
8
C2
10
-25.57099947015469
20
-53.86371412562626
0
VERTEX
8
C2
10
-25.61319343549829
20
-53.85025810144651
0
VERTEX
8
C2
10
-25.65174708791048
20
-53.828463350155815
0
VERTEX
8
C2
10
-25.685033161212118
20
-53.79924978100892
0
VERTEX
8
C2
10
-25.711646722331224
20
-53.76385043549657
0
VERTEX
8
C2
10
-25.7304644704855
20
-53.72375944333442
0
VERTEX
8
C2
10
-25.740692149275773
20
-53.68066895848329
0
VERTEX
8
C2
10
-25.741898070528705
20
-53.63639773699489
0
VERTEX
8
C2
10
-25.73403133491965
20
-53.59281437125749
0
SEQEND
0
POLYLINE
8
C2
66
1
70
1
0
VERTEX
8
C2
10
-24.610778443113773
20
-57.565029940119764
0
VERTEX
8
C2
10
-24.610778443113773
20
-57.24550898203593
0
VERTEX
8
C2
10
-24.850299401197603
20
-57.24550898203593
0
VERTEX
8
C2
10
-24.850299401197603
20
-57.0059880239521
0
VERTEX
8
C2
10
-24.610778443113773
20
-57.0059880239521
0
VERTEX
8
C2
10
-24.610778443113773
20
-56.047904191616766
0
VERTEX
8
C2
10
-24.850299401197603
20
-56.047904191616766
0
VERTEX
8
C2
10
-24.850299401197603
20
-55.808383233532936
0
VERTEX
8
C2
10
-24.610778443113773
20
-55.808383233532936
0
VERTEX
8
C2
10
-24.610778443113773
20
-55.209580838323355
0
VERTEX
8
C2
10
-24.970059880239518
20
-55.209580838323355
0
VERTEX
8
C2
10
-24.970059880239518
20
-57.565029940119764
0
VERTEX
8
C2
10
-24.610778443113773
20
-57.565029940119764
0
SEQEND
0
POLYLINE
8
C2
66
1
70
1
0
VERTEX
8
C2
10
-30.0
20
-57.565029940119764
0
VERTEX
8
C2
10
-30.0
20
-57.24550898203593
0
VERTEX
8
C2
10
-30.23952095808383
20
-57.24550898203593
0
VERTEX
8
C2
10
-30.23952095808383
20
-57.0059880239521
0
VERTEX
8
C2
10
-30.0
20
-57.0059880239521
0
VERTEX
8
C2
10
-30.0
20
-56.047904191616766
0
VERTEX
8
C2
10
-30.23952095808383
20
-56.047904191616766
0
VERTEX
8
C2
10
-30.23952095808383
20
-55.808383233532936
0
VERTEX
8
C2
10
-30.0
20
-55.808383233532936
0
VERTEX
8
C2
10
-30.0
20
-55.209580838323355
0
VERTEX
8
C2
10
-30.359281437125745
20
-55.209580838323355
0
VERTEX
8
C2
10
-30.359281437125745
20
-57.565029940119764
0
VERTEX
8
C2
10
-30.0
20
-57.565029940119764
0
SEQEND
0
POLYLINE
8
C2
66
1
70
1
0
VERTEX
8
C2
10
-31.07784431137725
20
-55.61362275449102
0
VERTEX
8
C2
10
-31.087633775793748
20
-55.614264389887985
0
VERTEX
8
C2
10
-31.09725573975993
20
-55.61617831751934
0
VERTEX
8
C2
10
-31.10654556880462
20
-55.619331789552675
0
VERTEX
8
C2
10
-31.115344311377243
20
-55.62367084920719
0
VERTEX
8
C2
10
-31.12350141855289
20
-55.62912125396918
0
VERTEX
8
C2
10
-31.13087731996623
20
-55.63558974590203
0
VERTEX
8
C2
10
-31.13734581189908
20
-55.642965647315364
0
VERTEX
8
C2
10
-31.142796216661083
20
-55.65112275449102
0
VERTEX
8
C2
10
-31.147135276315595
20
-55.659921497063635
0
VERTEX
8
C2
10
-31.150288748348927
20
-55.66921132610833
0
VERTEX
8
C2
10
-31.152202675980277
20
-55.678833290074515
0
VERTEX
8
C2
10
-31.152844311377237
20
-55.68862275449102
0
VERTEX
8
C2
10
-31.152202675980277
20
-55.69841221890752
0
VERTEX
8
C2
10
-31.150288748348927
20
-55.70803418287371
0
VERTEX
8
C2
10
-31.147135276315595
20
-55.7173240119184
0
VERTEX
8
C2
10
-31.142796216661083
20
-55.72612275449102
0
VERTEX
8
C2
10
-31.13734581189908
20
-55.73427986166667
0
VERTEX
8
C2
10
-31.13087731996623
20
-55.74165576308001
0
VERTEX
8
C2
10
-31.12350141855289
20
-55.74812425501286
0
VERTEX
8
C2
10
-31.115344311377243
20
-55.753574659774856
0
VERTEX
8
C2
10
-31.10654556880462
20
-55.75791371942937
0
VERTEX
8
C2
10
-31.09725573975993
20
-55.7610671914627
0
VERTEX
8
C2
10
-31.087633775793748
20
-55.76298111909406
0
VERTEX
8
C2
10
-31.07784431137725
20
-55.763622754491024
0
VERTEX
8
C2
10
-31.068054846960734
20
-55.76298111909406
0
VERTEX
8
C2
10
-31.058432882994552
20
-55.7610671914627
0
VERTEX
8
C2
10
-31.049143053949862
20
-55.75791371942937
0
VERTEX
8
C2
10
-31.04034431137724
20
-55.753574659774856
0
VERTEX
8
C2
10
-31.03218720420159
20
-55.74812425501286
0
VERTEX
8
C2
10
-31.02481130278825
20
-55.74165576308001
0
VERTEX
8
C2
10
-31.0183428108554
20
-55.73427986166667
0
VERTEX
8
C2
10
-31.012892406093414
20
-55.72612275449102
0
VERTEX
8
C2
10
-31.0085533464389
20
-55.7173240119184
0
VERTEX
8
C2
10
-31.00539987440557
20
-55.70803418287371
0
VERTEX
8
C2
10
-31.003485946774205
20
-55.69841221890752
0
VERTEX
8
C2
10
-31.002844311377245
20
-55.68862275449102
0
VERTEX
8
C2
10
-31.003485946774205
20
-55.678833290074515
0
VERTEX
8
C2
10
-31.00539987440557
20
-55.66921132610833
0
VERTEX
8
C2
10
-31.0085533464389
20
-55.659921497063635
0
VERTEX
8
C2
10
-31.012892406093414
20
-55.65112275449102
0
VERTEX
8
C2
10
-31.0183428108554
20
-55.642965647315364
0
VERTEX
8
C2
10
-31.02481130278825
20
-55.63558974590203
0
VERTEX
8
C2
10
-31.03218720420159
20
-55.62912125396918
0
VERTEX
8
C2
10
-31.04034431137724
20
-55.62367084920719
0
VERTEX
8
C2
10
-31.049143053949862
20
-55.619331789552675
0
VERTEX
8
C2
10
-31.058432882994552
20
-55.61617831751934
0
VERTEX
8
C2
10
-31.068054846960734
20
-55.614264389887985
0
VERTEX
8
C2
10
-31.07784431137725
20
-55.61362275449102
0
SEQEND
0
POLYLINE
8
C2
66
1
70
1
0
VERTEX
8
C2
10
-28.365269461077844
20
-53.577694610778444
0
VERTEX
8
C2
10
-28.375058925494343
20
-53.57833624617541
0
VERTEX
8
C2
10
-28.384680889460526
20
-53.58025017380677
0
VERTEX
8
C2
10
-28.39397071850523
20
-53.5834036458401
0
VERTEX
8
C2
10
-28.40276946107784
20
-53.58774270549461
0
VERTEX
8
C2
10
-28.4109265682535
20
-53.5931931102566
0
VERTEX
8
C2
10
-28.418302469666827
20
-53.59966160218946
0
VERTEX
8
C2
10
-28.424770961599677
20
-53.60703750360279
0
VERTEX
8
C2
10
-28.43022136636168
20
-53.615194610778445
0
VERTEX
8
C2
10
-28.43456042601619
20
-53.62399335335106
0
VERTEX
8
C2
10
-28.437713898049523
20
-53.63328318239576
0
VERTEX
8
C2
10
-28.439627825680873
20
-53.64290514636194
0
VERTEX
8
C2
10
-28.440269461077847
20
-53.65269461077845
0
VERTEX
8
C2
10
-28.439627825680873
20
-53.662484075194946
0
VERTEX
8
C2
10
-28.437713898049523
20
-53.672106039161136
0
VERTEX
8
C2
10
-28.43456042601619
20
-53.681395868205826
0
VERTEX
8
C2
10
-28.43022136636168
20
-53.69019461077845
0
VERTEX
8
C2
10
-28.424770961599677
20
-53.6983517179541
0
VERTEX
8
C2
10
-28.418302469666827
20
-53.70572761936744
0
VERTEX
8
C2
10
-28.4109265682535
20
-53.71219611130029
0
VERTEX
8
C2
10
-28.40276946107784
20
-53.71764651606228
0
VERTEX
8
C2
10
-28.39397071850523
20
-53.72198557571679
0
VERTEX
8
C2
10
-28.384680889460526
20
-53.725139047750126
0
VERTEX
8
C2
10
-28.375058925494343
20
-53.72705297538148
0
VERTEX
8
C2
10
-28.365269461077844
20
-53.72769461077844
0
VERTEX
8
C2
10
-28.35547999666133
20
-53.72705297538148
0
VERTEX
8
C2
10
-28.345858032695148
20
-53.725139047750126
0
VERTEX
8
C2
10
-28.336568203650458
20
-53.72198557571679
0
VERTEX
8
C2
10
-28.327769461077835
20
-53.71764651606228
0
VERTEX
8
C2
10
-28.319612353902187
20
-53.71219611130029
0
VERTEX
8
C2
10
-28.312236452488847
20
-53.70572761936744
0
VERTEX
8
C2
10
-28.305767960555997
20
-53.6983517179541
0
VERTEX
8
C2
10
-28.30031755579401
20
-53.69019461077845
0
VERTEX
8
C2
10
-28.295978496139497
20
-53.681395868205826
0
VERTEX
8
C2
10
-28.292825024106165
20
-53.672106039161136
0
VERTEX
8
C2
10
-28.2909110964748
20
-53.662484075194946
0
VERTEX
8
C2
10
-28.29026946107784
20
-53.65269461077845
0
VERTEX
8
C2
10
-28.2909110964748
20
-53.64290514636194
0
VERTEX
8
C2
10
-28.292825024106165
20
-53.63328318239576
0
VERTEX
8
C2
10
-28.295978496139497
20
-53.62399335335106
0
VERTEX
8
C2
10
-28.30031755579401
20
-53.615194610778445
0
VERTEX
8
C2
10
-28.305767960555997
20
-53.60703750360279
0
VERTEX
8
C2
10
-28.312236452488847
20
-53.59966160218946
0
VERTEX
8
C2
10
-28.319612353902187
20
-53.5931931102566
0
VERTEX
8
C2
10
-28.327769461077835
20
-53.58774270549461
0
VERTEX
8
C2
10
-28.336568203650458
20
-53.5834036458401
0
VERTEX
8
C2
10
-28.345858032695148
20
-53.58025017380677
0
VERTEX
8
C2
10
-28.35547999666133
20
-53.57833624617541
0
VERTEX
8
C2
10
-28.365269461077844
20
-53.577694610778444
0
SEQEND
0
POLYLINE
8
C2
66
1
70
1
0
VERTEX
8
C2
10
-31.155688622754482
20
-53.577694610778444
0
VERTEX
8
C2
10
-31.165478087170996
20
-53.57833624617541
0
VERTEX
8
C2
10
-31.17510005113718
20
-53.58025017380677
0
VERTEX
8
C2
10
-31.184389880181868
20
-53.5834036458401
0
VERTEX
8
C2
10
-31.19318862275449
20
-53.58774270549461
0
VERTEX
8
C2
10
-31.20134572993014
20
-53.5931931102566
0
VERTEX
8
C2
10
-31.20872163134348
20
-53.59966160218946
0
VERTEX
8
C2
10
-31.21519012327633
20
-53.60703750360279
0
VERTEX
8
C2
10
-31.220640528038317
20
-53.615194610778445
0
VERTEX
8
C2
10
-31.22497958769283
20
-53.62399335335106
0
VERTEX
8
C2
10
-31.228133059726176
20
-53.63328318239576
0
VERTEX
8
C2
10
-31.230046987357525
20
-53.64290514636194
0
VERTEX
8
C2
10
-31.230688622754485
20
-53.65269461077845
0
VERTEX
8
C2
10
-31.230046987357525
20
-53.662484075194946
0
VERTEX
8
C2
10
-31.228133059726176
20
-53.672106039161136
0
VERTEX
8
C2
10
-31.22497958769283
20
-53.681395868205826
0
VERTEX
8
C2
10
-31.220640528038317
20
-53.69019461077845
0
VERTEX
8
C2
10
-31.21519012327633
20
-53.6983517179541
0
VERTEX
8
C2
10
-31.20872163134348
20
-53.70572761936744
0
VERTEX
8
C2
10
-31.20134572993014
20
-53.71219611130029
0
VERTEX
8
C2
10
-31.19318862275449
20
-53.71764651606228
0
VERTEX
8
C2
10
-31.184389880181868
20
-53.72198557571679
0
VERTEX
8
C2
10
-31.17510005113718
20
-53.725139047750126
0
VERTEX
8
C2
10
-31.165478087170996
20
-53.72705297538148
0
VERTEX
8
C2
10
-31.155688622754482
20
-53.72769461077844
0
VERTEX
8
C2
10
-31.145899158337983
20
-53.72705297538148
0
VERTEX
8
C2
10
-31.1362771943718
20
-53.725139047750126
0
VERTEX
8
C2
10
-31.12698736532711
20
-53.72198557571679
0
VERTEX
8
C2
10
-31.118188622754488
20
-53.71764651606228
0
VERTEX
8
C2
10
-31.11003151557884
20
-53.71219611130029
0
VERTEX
8
C2
10
-31.1026556141655
20
-53.70572761936744
0
VERTEX
8
C2
10
-31.09618712223265
20
-53.6983517179541
0
VERTEX
8
C2
10
-31.090736717470662
20
-53.69019461077845
0
VERTEX
8
C2
10
-31.086397657816136
20
-53.681395868205826
0
VERTEX
8
C2
10
-31.083244185782803
20
-53.672106039161136
0
VERTEX
8
C2
10
-31.081330258151453
20
-53.662484075194946
0
VERTEX
8
C2
10
-31.080688622754494
20
-53.65269461077845
0
VERTEX
8
C2
10
-31.081330258151453
20
-53.64290514636194
0
VERTEX
8
C2
10
-31.083244185782803
20
-53.63328318239576
0
VERTEX
8
C2
10
-31.086397657816136
20
-53.62399335335106
0
VERTEX
8
C2
10
-31.090736717470662
20
-53.615194610778445
0
VERTEX
8
C2
10
-31.09618712223265
20
-53.60703750360279
0
VERTEX
8
C2
10
-31.1026556141655
20
-53.59966160218946
0
VERTEX
8
C2
10
-31.11003151557884
20
-53.5931931102566
0
VERTEX
8
C2
10
-31.118188622754488
20
-53.58774270549461
0
VERTEX
8
C2
10
-31.12698736532711
20
-53.5834036458401
0
VERTEX
8
C2
10
-31.1362771943718
20
-53.58025017380677
0
VERTEX
8
C2
10
-31.145899158337983
20
-53.57833624617541
0
VERTEX
8
C2
10
-31.155688622754482
20
-53.577694610778444
0
SEQEND
0
POLYLINE
8
C2
66
1
70
1
0
VERTEX
8
C2
10
-28.203592814371248
20
-55.61362275449102
0
VERTEX
8
C2
10
-28.213382278787762
20
-55.614264389887985
0
VERTEX
8
C2
10
-28.223004242753944
20
-55.61617831751934
0
VERTEX
8
C2
10
-28.232294071798634
20
-55.619331789552675
0
VERTEX
8
C2
10
-28.241092814371257
20
-55.62367084920719
0
VERTEX
8
C2
10
-28.249249921546905
20
-55.62912125396918
0
VERTEX
8
C2
10
-28.256625822960245
20
-55.63558974590203
0
VERTEX
8
C2
10
-28.263094314893095
20
-55.642965647315364
0
VERTEX
8
C2
10
-28.268544719655083
20
-55.65112275449102
0
VERTEX
8
C2
10
-28.272883779309595
20
-55.659921497063635
0
VERTEX
8
C2
10
-28.27603725134294
20
-55.66921132610833
0
VERTEX
8
C2
10
-28.27795117897429
20
-55.678833290074515
0
VERTEX
8
C2
10
-28.27859281437125
20
-55.68862275449102
0
VERTEX
8
C2
10
-28.27795117897429
20
-55.69841221890752
0
VERTEX
8
C2
10
-28.27603725134294
20
-55.70803418287371
0
VERTEX
8
C2
10
-28.272883779309595
20
-55.7173240119184
0
VERTEX
8
C2
10
-28.268544719655083
20
-55.72612275449102
0
VERTEX
8
C2
10
-28.263094314893095
20
-55.73427986166667
0
VERTEX
8
C2
10
-28.256625822960245
20
-55.74165576308001
0
VERTEX
8
C2
10
-28.249249921546905
20
-55.74812425501286
0
VERTEX
8
C2
10
-28.241092814371257
20
-55.753574659774856
0
VERTEX
8
C2
10
-28.232294071798634
20
-55.75791371942937
0
VERTEX
8
C2
10
-28.223004242753944
20
-55.7610671914627
0
VERTEX
8
C2
10
-28.213382278787762
20
-55.76298111909406
0
VERTEX
8
C2
10
-28.203592814371248
20
-55.763622754491024
0
VERTEX
8
C2
10
-28.19380334995475
20
-55.76298111909406
0
VERTEX
8
C2
10
-28.184181385988566
20
-55.7610671914627
0
VERTEX
8
C2
10
-28.174891556943876
20
-55.75791371942937
0
VERTEX
8
C2
10
-28.166092814371254
20
-55.753574659774856
0
VERTEX
8
C2
10
-28.157935707195605
20
-55.74812425501286
0
VERTEX
8
C2
10
-28.150559805782265
20
-55.74165576308001
0
VERTEX
8
C2
10
-28.144091313849415
20
-55.73427986166667
0
VERTEX
8
C2
10
-28.138640909087428
20
-55.72612275449102
0
VERTEX
8
C2
10
-28.1343018494329
20
-55.7173240119184
0
VERTEX
8
C2
10
-28.13114837739957
20
-55.70803418287371
0
VERTEX
8
C2
10
-28.12923444976822
20
-55.69841221890752
0
VERTEX
8
C2
10
-28.12859281437126
20
-55.68862275449102
0
VERTEX
8
C2
10
-28.12923444976822
20
-55.678833290074515
0
VERTEX
8
C2
10
-28.13114837739957
20
-55.66921132610833
0
VERTEX
8
C2
10
-28.1343018494329
20
-55.659921497063635
0
VERTEX
8
C2
10
-28.138640909087428
20
-55.65112275449102
0
VERTEX
8
C2
10
-28.144091313849415
20
-55.642965647315364
0
VERTEX
8
C2
10
-28.150559805782265
20
-55.63558974590203
0
VERTEX
8
C2
10
-28.157935707195605
20
-55.62912125396918
0
VERTEX
8
C2
10
-28.166092814371254
20
-55.62367084920719
0
VERTEX
8
C2
10
-28.174891556943876
20
-55.619331789552675
0
VERTEX
8
C2
10
-28.184181385988566
20
-55.61617831751934
0
VERTEX
8
C2
10
-28.19380334995475
20
-55.614264389887985
0
VERTEX
8
C2
10
-28.203592814371248
20
-55.61362275449102
0
SEQEND
0
POLYLINE
8
C2
66
1
70
1
0
VERTEX
8
C2
10
-22.736526946107787
20
-53.577694610778444
0
VERTEX
8
C2
10
-22.746316410524287
20
-53.57833624617541
0
VERTEX
8
C2
10
-22.75593837449047
20
-53.58025017380677
0
VERTEX
8
C2
10
-22.76522820353516
20
-53.5834036458401
0
VERTEX
8
C2
10
-22.77402694610778
20
-53.58774270549461
0
VERTEX
8
C2
10
-22.78218405328343
20
-53.5931931102566
0
VERTEX
8
C2
10
-22.78955995469677
20
-53.59966160218946
0
VERTEX
8
C2
10
-22.79602844662962
20
-53.60703750360279
0
VERTEX
8
C2
10
-22.80147885139162
20
-53.615194610778445
0
VERTEX
8
C2
10
-22.805817911046134
20
-53.62399335335106
0
VERTEX
8
C2
10
-22.808971383079466
20
-53.63328318239576
0
VERTEX
8
C2
10
-22.810885310710816
20
-53.64290514636194
0
VERTEX
8
C2
10
-22.811526946107776
20
-53.65269461077845
0
VERTEX
8
C2
10
-22.810885310710816
20
-53.662484075194946
0
VERTEX
8
C2
10
-22.808971383079466
20
-53.672106039161136
0
VERTEX
8
C2
10
-22.805817911046134
20
-53.681395868205826
0
VERTEX
8
C2
10
-22.80147885139162
20
-53.69019461077845
0
VERTEX
8
C2
10
-22.79602844662962
20
-53.6983517179541
0
VERTEX
8
C2
10
-22.78955995469677
20
-53.70572761936744
0
VERTEX
8
C2
10
-22.78218405328343
20
-53.71219611130029
0
VERTEX
8
C2
10
-22.77402694610778
20
-53.71764651606228
0
VERTEX
8
C2
10
-22.76522820353516
20
-53.72198557571679
0
VERTEX
8
C2
10
-22.75593837449047
20
-53.725139047750126
0
VERTEX
8
C2
10
-22.746316410524287
20
-53.72705297538148
0
VERTEX
8
C2
10
-22.736526946107787
20
-53.72769461077844
0
VERTEX
8
C2
10
-22.726737481691274
20
-53.72705297538148
0
VERTEX
8
C2
10
-22.71711551772509
20
-53.725139047750126
0
VERTEX
8
C2
10
-22.7078256886804
20
-53.72198557571679
0
VERTEX
8
C2
10
-22.69902694610778
20
-53.71764651606228
0
VERTEX
8
C2
10
-22.69086983893213
20
-53.71219611130029
0
VERTEX
8
C2
10
-22.68349393751879
20
-53.70572761936744
0
VERTEX
8
C2
10
-22.67702544558594
20
-53.6983517179541
0
VERTEX
8
C2
10
-22.671575040823953
20
-53.69019461077845
0
VERTEX
8
C2
10
-22.66723598116944
20
-53.681395868205826
0
VERTEX
8
C2
10
-22.664082509136094
20
-53.672106039161136
0
VERTEX
8
C2
10
-22.662168581504744
20
-53.662484075194946
0
VERTEX
8
C2
10
-22.661526946107784
20
-53.65269461077845
0
VERTEX
8
C2
10
-22.662168581504744
20
-53.64290514636194
0
VERTEX
8
C2
10
-22.664082509136094
20
-53.63328318239576
0
VERTEX
8
C2
10
-22.66723598116944
20
-53.62399335335106
0
VERTEX
8
C2
10
-22.671575040823953
20
-53.615194610778445
0
VERTEX
8
C2
10
-22.67702544558594
20
-53.60703750360279
0
VERTEX
8
C2
10
-22.68349393751879
20
-53.59966160218946
0
VERTEX
8
C2
10
-22.69086983893213
20
-53.5931931102566
0
VERTEX
8
C2
10
-22.69902694610778
20
-53.58774270549461
0
VERTEX
8
C2
10
-22.7078256886804
20
-53.5834036458401
0
VERTEX
8
C2
10
-22.71711551772509
20
-53.58025017380677
0
VERTEX
8
C2
10
-22.726737481691274
20
-53.57833624617541
0
VERTEX
8
C2
10
-22.736526946107787
20
-53.577694610778444
0
SEQEND
0
POLYLINE
8
C2
66
1
70
1
0
VERTEX
8
C2
10
-26.946107784431135
20
-56.69146706586827
0
VERTEX
8
C2
10
-26.955897248847634
20
-56.692108701265234
0
VERTEX
8
C2
10
-26.965519212813817
20
-56.69402262889658
0
VERTEX
8
C2
10
-26.97480904185852
20
-56.69717610092992
0
VERTEX
8
C2
10
-26.98360778443113
20
-56.701515160584435
0
VERTEX
8
C2
10
-26.991764891606792
20
-56.70696556534642
0
VERTEX
8
C2
10
-26.999140793020132
20
-56.71343405727927
0
VERTEX
8
C2
10
-27.005609284952982
20
-56.72080995869261
0
VERTEX
8
C2
10
-27.01105968971497
20
-56.72896706586827
0
VERTEX
8
C2
10
-27.01539874936948
20
-56.737765808440884
0
VERTEX
8
C2
10
-27.018552221402814
20
-56.74705563748558
0
VERTEX
8
C2
10
-27.020466149034164
20
-56.75667760145176
0
VERTEX
8
C2
10
-27.021107784431138
20
-56.76646706586827
0
VERTEX
8
C2
10
-27.020466149034164
20
-56.77625653028477
0
VERTEX
8
C2
10
-27.018552221402814
20
-56.78587849425095
0
VERTEX
8
C2
10
-27.01539874936948
20
-56.79516832329565
0
VERTEX
8
C2
10
-27.01105968971497
20
-56.803967065868264
0
VERTEX
8
C2
10
-27.005609284952982
20
-56.81212417304392
0
VERTEX
8
C2
10
-26.999140793020132
20
-56.81950007445726
0
VERTEX
8
C2
10
-26.991764891606792
20
-56.82596856639011
0
VERTEX
8
C2
10
-26.98360778443113
20
-56.8314189711521
0
VERTEX
8
C2
10
-26.97480904185852
20
-56.83575803080661
0
VERTEX
8
C2
10
-26.965519212813817
20
-56.83891150283995
0
VERTEX
8
C2
10
-26.955897248847634
20
-56.8408254304713
0
VERTEX
8
C2
10
-26.946107784431135
20
-56.841467065868265
0
VERTEX
8
C2
10
-26.936318320014635
20
-56.8408254304713
0
VERTEX
8
C2
10
-26.926696356048453
20
-56.83891150283995
0
VERTEX
8
C2
10
-26.91740652700375
20
-56.83575803080661
0
VERTEX
8
C2
10
-26.90860778443114
20
-56.8314189711521
0
VERTEX
8
C2
10
-26.900450677255478
20
-56.82596856639011
0
VERTEX
8
C2
10
-26.893074775842138
20
-56.81950007445726
0
VERTEX
8
C2
10
-26.886606283909288
20
-56.81212417304392
0
VERTEX
8
C2
10
-26.8811558791473
20
-56.803967065868264
0
VERTEX
8
C2
10
-26.876816819492788
20
-56.79516832329565
0
VERTEX
8
C2
10
-26.873663347459456
20
-56.78587849425095
0
VERTEX
8
C2
10
-26.871749419828106
20
-56.77625653028477
0
VERTEX
8
C2
10
-26.871107784431132
20
-56.76646706586827
0
VERTEX
8
C2
10
-26.871749419828106
20
-56.75667760145176
0
VERTEX
8
C2
10
-26.873663347459456
20
-56.74705563748558
0
VERTEX
8
C2
10
-26.876816819492788
20
-56.737765808440884
0
VERTEX
8
C2
10
-26.8811558791473
20
-56.72896706586827
0
VERTEX
8
C2
10
-26.886606283909288
20
-56.72080995869261
0
VERTEX
8
C2
10
-26.893074775842138
20
-56.71343405727927
0
VERTEX
8
C2
10
-26.900450677255478
20
-56.70696556534642
0
VERTEX
8
C2
10
-26.90860778443114
20
-56.701515160584435
0
VERTEX
8
C2
10
-26.91740652700375
20
-56.69717610092992
0
VERTEX
8
C2
10
-26.926696356048453
20
-56.69402262889658
0
VERTEX
8
C2
10
-26.936318320014635
20
-56.692108701265234
0
VERTEX
8
C2
10
-26.946107784431135
20
-56.69146706586827
0
SEQEND
0
POLYLINE
8
C2
66
1
70
1
0
VERTEX
8
C2
10
-22.81437125748502
20
-55.61362275449102
0
VERTEX
8
C2
10
-22.824160721901535
20
-55.614264389887985
0
VERTEX
8
C2
10
-22.833782685867718
20
-55.61617831751934
0
VERTEX
8
C2
10
-22.843072514912407
20
-55.619331789552675
0
VERTEX
8
C2
10
-22.85187125748503
20
-55.62367084920719
0
VERTEX
8
C2
10
-22.86002836466068
20
-55.62912125396918
0
VERTEX
8
C2
10
-22.86740426607402
20
-55.63558974590203
0
VERTEX
8
C2
10
-22.87387275800687
20
-55.642965647315364
0
VERTEX
8
C2
10
-22.879323162768856
20
-55.65112275449102
0
VERTEX
8
C2
10
-22.883662222423368
20
-55.659921497063635
0
VERTEX
8
C2
10
-22.8868156944567
20
-55.66921132610833
0
VERTEX
8
C2
10
-22.888729622088064
20
-55.678833290074515
0
VERTEX
8
C2
10
-22.889371257485024
20
-55.68862275449102
0
VERTEX
8
C2
10
-22.888729622088064
20
-55.69841221890752
0
VERTEX
8
C2
10
-22.8868156944567
20
-55.70803418287371
0
VERTEX
8
C2
10
-22.883662222423368
20
-55.7173240119184
0
VERTEX
8
C2
10
-22.879323162768856
20
-55.72612275449102
0
VERTEX
8
C2
10
-22.87387275800687
20
-55.73427986166667
0
VERTEX
8
C2
10
-22.86740426607402
20
-55.74165576308001
0
VERTEX
8
C2
10
-22.86002836466068
20
-55.74812425501286
0
VERTEX
8
C2
10
-22.85187125748503
20
-55.753574659774856
0
VERTEX
8
C2
10
-22.843072514912407
20
-55.75791371942937
0
VERTEX
8
C2
10
-22.833782685867718
20
-55.7610671914627
0
VERTEX
8
C2
10
-22.824160721901535
20
-55.76298111909406
0
VERTEX
8
C2
10
-22.81437125748502
20
-55.763622754491024
0
VERTEX
8
C2
10
-22.80458179306852
20
-55.76298111909406
0
VERTEX
8
C2
10
-22.79495982910234
20
-55.7610671914627
0
VERTEX
8
C2
10
-22.78567000005765
20
-55.75791371942937
0
VERTEX
8
C2
10
-22.776871257485027
20
-55.753574659774856
0
VERTEX
8
C2
10
-22.76871415030938
20
-55.74812425501286
0
VERTEX
8
C2
10
-22.76133824889604
20
-55.74165576308001
0
VERTEX
8
C2
10
-22.75486975696319
20
-55.73427986166667
0
VERTEX
8
C2
10
-22.749419352201187
20
-55.72612275449102
0
VERTEX
8
C2
10
-22.745080292546675
20
-55.7173240119184
0
VERTEX
8
C2
10
-22.741926820513342
20
-55.70803418287371
0
VERTEX
8
C2
10
-22.740012892881992
20
-55.69841221890752
0
VERTEX
8
C2
10
-22.739371257485033
20
-55.68862275449102
0
VERTEX
8
C2
10
-22.740012892881992
20
-55.678833290074515
0
VERTEX
8
C2
10
-22.741926820513342
20
-55.66921132610833
0
VERTEX
8
C2
10
-22.745080292546675
20
-55.659921497063635
0
VERTEX
8
C2
10
-22.749419352201187
20
-55.65112275449102
0
VERTEX
8
C2
10
-22.75486975696319
20
-55.642965647315364
0
VERTEX
8
C2
10
-22.76133824889604
20
-55.63558974590203
0
VERTEX
8
C2
10
-22.76871415030938
20
-55.62912125396918
0
VERTEX
8
C2
10
-22.776871257485027
20
-55.62367084920719
0
VERTEX
8
C2
10
-22.78567000005765
20
-55.619331789552675
0
VERTEX
8
C2
10
-22.79495982910234
20
-55.61617831751934
0
VERTEX
8
C2
10
-22.80458179306852
20
-55.614264389887985
0
VERTEX
8
C2
10
-22.81437125748502
20
-55.61362275449102
0
SEQEND
0
POLYLINE
8
C2
66
1
70
1
0
VERTEX
8
C2
10
-26.946107784431135
20
-55.73338323353293
0
VERTEX
8
C2
10
-26.955897248847634
20
-55.7340248689299
0
VERTEX
8
C2
10
-26.965519212813817
20
-55.73593879656126
0
VERTEX
8
C2
10
-26.97480904185852
20
-55.73909226859459
0
VERTEX
8
C2
10
-26.98360778443113
20
-55.7434313282491
0
VERTEX
8
C2
10
-26.991764891606792
20
-55.748881733011096
0
VERTEX
8
C2
10
-26.999140793020132
20
-55.755350224943946
0
VERTEX
8
C2
10
-27.005609284952982
20
-55.762726126357286
0
VERTEX
8
C2
10
-27.01105968971497
20
-55.770883233532935
0
VERTEX
8
C2
10
-27.01539874936948
20
-55.77968197610556
0
VERTEX
8
C2
10
-27.018552221402814
20
-55.78897180515025
0
VERTEX
8
C2
10
-27.020466149034164
20
-55.79859376911644
0
VERTEX
8
C2
10
-27.021107784431138
20
-55.808383233532936
0
VERTEX
8
C2
10
-27.020466149034164
20
-55.81817269794944
0
VERTEX
8
C2
10
-27.018552221402814
20
-55.827794661915625
0
VERTEX
8
C2
10
-27.01539874936948
20
-55.83708449096032
0
VERTEX
8
C2
10
-27.01105968971497
20
-55.84588323353294
0
VERTEX
8
C2
10
-27.005609284952982
20
-55.85404034070859
0
VERTEX
8
C2
10
-26.999140793020132
20
-55.861416242121926
0
VERTEX
8
C2
10
-26.991764891606792
20
-55.867884734054776
0
VERTEX
8
C2
10
-26.98360778443113
20
-55.87333513881677
0
VERTEX
8
C2
10
-26.97480904185852
20
-55.87767419847128
0
VERTEX
8
C2
10
-26.965519212813817
20
-55.880827670504615
0
VERTEX
8
C2
10
-26.955897248847634
20
-55.88274159813597
0
VERTEX
8
C2
10
-26.946107784431135
20
-55.88338323353294
0
VERTEX
8
C2
10
-26.936318320014635
20
-55.88274159813597
0
VERTEX
8
C2
10
-26.926696356048453
20
-55.880827670504615
0
VERTEX
8
C2
10
-26.91740652700375
20
-55.87767419847128
0
VERTEX
8
C2
10
-26.90860778443114
20
-55.87333513881677
0
VERTEX
8
C2
10
-26.900450677255478
20
-55.867884734054776
0
VERTEX
8
C2
10
-26.893074775842138
20
-55.861416242121926
0
VERTEX
8
C2
10
-26.886606283909288
20
-55.85404034070859
0
VERTEX
8
C2
10
-26.8811558791473
20
-55.84588323353294
0
VERTEX
8
C2
10
-26.876816819492788
20
-55.83708449096032
0
VERTEX
8
C2
10
-26.873663347459456
20
-55.827794661915625
0
VERTEX
8
C2
10
-26.871749419828106
20
-55.81817269794944
0
VERTEX
8
C2
10
-26.871107784431132
20
-55.808383233532936
0
VERTEX
8
C2
10
-26.871749419828106
20
-55.79859376911644
0
VERTEX
8
C2
10
-26.873663347459456
20
-55.78897180515025
0
VERTEX
8
C2
10
-26.876816819492788
20
-55.77968197610556
0
VERTEX
8
C2
10
-26.8811558791473
20
-55.770883233532935
0
VERTEX
8
C2
10
-26.886606283909288
20
-55.762726126357286
0
VERTEX
8
C2
10
-26.893074775842138
20
-55.755350224943946
0
VERTEX
8
C2
10
-26.900450677255478
20
-55.748881733011096
0
VERTEX
8
C2
10
-26.90860778443114
20
-55.7434313282491
0
VERTEX
8
C2
10
-26.91740652700375
20
-55.73909226859459
0
VERTEX
8
C2
10
-26.926696356048453
20
-55.73593879656126
0
VERTEX
8
C2
10
-26.936318320014635
20
-55.7340248689299
0
VERTEX
8
C2
10
-26.946107784431135
20
-55.73338323353293
0
SEQEND
0
POLYLINE
8
C2
66
1
70
1
0
VERTEX
8
C2
10
-26.946107784431135
20
-54.77529940119761
0
VERTEX
8
C2
10
-26.955897248847634
20
-54.775941036594574
0
VERTEX
8
C2
10
-26.965519212813817
20
-54.77785496422593
0
VERTEX
8
C2
10
-26.97480904185852
20
-54.78100843625926
0
VERTEX
8
C2
10
-26.98360778443113
20
-54.785347495913776
0
VERTEX
8
C2
10
-26.991764891606792
20
-54.79079790067576
0
VERTEX
8
C2
10
-26.999140793020132
20
-54.79726639260862
0
VERTEX
8
C2
10
-27.005609284952982
20
-54.80464229402195
0
VERTEX
8
C2
10
-27.01105968971497
20
-54.81279940119761
0
VERTEX
8
C2
10
-27.01539874936948
20
-54.821598143770224
0
VERTEX
8
C2
10
-27.018552221402814
20
-54.83088797281492
0
VERTEX
8
C2
10
-27.020466149034164
20
-54.8405099367811
0
VERTEX
8
C2
10
-27.021107784431138
20
-54.85029940119761
0
VERTEX
8
C2
10
-27.020466149034164
20
-54.86008886561411
0
VERTEX
8
C2
10
-27.018552221402814
20
-54.8697108295803
0
VERTEX
8
C2
10
-27.01539874936948
20
-54.87900065862499
0
VERTEX
8
C2
10
-27.01105968971497
20
-54.887799401197604
0
VERTEX
8
C2
10
-27.005609284952982
20
-54.89595650837326
0
VERTEX
8
C2
10
-26.999140793020132
20
-54.9033324097866
0
VERTEX
8
C2
10
-26.991764891606792
20
-54.90980090171945
0
VERTEX
8
C2
10
-26.98360778443113
20
-54.91525130648144
0
VERTEX
8
C2
10
-26.97480904185852
20
-54.91959036613596
0
VERTEX
8
C2
10
-26.965519212813817
20
-54.92274383816929
0
VERTEX
8
C2
10
-26.955897248847634
20
-54.924657765800646
0
VERTEX
8
C2
10
-26.946107784431135
20
-54.925299401197606
0
VERTEX
8
C2
10
-26.936318320014635
20
-54.924657765800646
0
VERTEX
8
C2
10
-26.926696356048453
20
-54.92274383816929
0
VERTEX
8
C2
10
-26.91740652700375
20
-54.91959036613596
0
VERTEX
8
C2
10
-26.90860778443114
20
-54.91525130648144
0
VERTEX
8
C2
10
-26.900450677255478
20
-54.90980090171945
0
VERTEX
8
C2
10
-26.893074775842138
20
-54.9033324097866
0
VERTEX
8
C2
10
-26.886606283909288
20
-54.89595650837326
0
VERTEX
8
C2
10
-26.8811558791473
20
-54.887799401197604
0
VERTEX
8
C2
10
-26.876816819492788
20
-54.87900065862499
0
VERTEX
8
C2
10
-26.873663347459456
20
-54.8697108295803
0
VERTEX
8
C2
10
-26.871749419828106
20
-54.86008886561411
0
VERTEX
8
C2
10
-26.871107784431132
20
-54.85029940119761
0
VERTEX
8
C2
10
-26.871749419828106
20
-54.8405099367811
0
VERTEX
8
C2
10
-26.873663347459456
20
-54.83088797281492
0
VERTEX
8
C2
10
-26.876816819492788
20
-54.821598143770224
0
VERTEX
8
C2
10
-26.8811558791473
20
-54.81279940119761
0
VERTEX
8
C2
10
-26.886606283909288
20
-54.80464229402195
0
VERTEX
8
C2
10
-26.893074775842138
20
-54.79726639260862
0
VERTEX
8
C2
10
-26.900450677255478
20
-54.79079790067576
0
VERTEX
8
C2
10
-26.90860778443114
20
-54.785347495913776
0
VERTEX
8
C2
10
-26.91740652700375
20
-54.78100843625926
0
VERTEX
8
C2
10
-26.926696356048453
20
-54.77785496422593
0
VERTEX
8
C2
10
-26.936318320014635
20
-54.775941036594574
0
VERTEX
8
C2
10
-26.946107784431135
20
-54.77529940119761
0
SEQEND
0
POLYLINE
8
C2
66
1
70
1
0
VERTEX
8
C2
10
-26.946107784431135
20
-53.81721556886228
0
VERTEX
8
C2
10
-26.955897248847634
20
-53.81785720425924
0
VERTEX
8
C2
10
-26.965519212813817
20
-53.8197711318906
0
VERTEX
8
C2
10
-26.97480904185852
20
-53.82292460392393
0
VERTEX
8
C2
10
-26.98360778443113
20
-53.82726366357844
0
VERTEX
8
C2
10
-26.991764891606792
20
-53.83271406834044
0
VERTEX
8
C2
10
-26.999140793020132
20
-53.83918256027329
0
VERTEX
8
C2
10
-27.005609284952982
20
-53.84655846168663
0
VERTEX
8
C2
10
-27.01105968971497
20
-53.854715568862275
0
VERTEX
8
C2
10
-27.01539874936948
20
-53.8635143114349
0
VERTEX
8
C2
10
-27.018552221402814
20
-53.87280414047959
0
VERTEX
8
C2
10
-27.020466149034164
20
-53.88242610444578
0
VERTEX
8
C2
10
-27.021107784431138
20
-53.89221556886228
0
VERTEX
8
C2
10
-27.020466149034164
20
-53.90200503327878
0
VERTEX
8
C2
10
-27.018552221402814
20
-53.911626997244966
0
VERTEX
8
C2
10
-27.01539874936948
20
-53.92091682628966
0
VERTEX
8
C2
10
-27.01105968971497
20
-53.92971556886228
0
VERTEX
8
C2
10
-27.005609284952982
20
-53.937872676037934
0
VERTEX
8
C2
10
-26.999140793020132
20
-53.94524857745127
0
VERTEX
8
C2
10
-26.991764891606792
20
-53.951717069384124
0
VERTEX
8
C2
10
-26.98360778443113
20
-53.95716747414611
0
VERTEX
8
C2
10
-26.97480904185852
20
-53.96150653380062
0
VERTEX
8
C2
10
-26.965519212813817
20
-53.964660005833956
0
VERTEX
8
C2
10
-26.955897248847634
20
-53.96657393346531
0
VERTEX
8
C2
10
-26.946107784431135
20
-53.96721556886228
0
VERTEX
8
C2
10
-26.936318320014635
20
-53.96657393346531
0
VERTEX
8
C2
10
-26.926696356048453
20
-53.964660005833956
0
VERTEX
8
C2
10
-26.91740652700375
20
-53.96150653380062
0
VERTEX
8
C2
10
-26.90860778443114
20
-53.95716747414611
0
VERTEX
8
C2
10
-26.900450677255478
20
-53.951717069384124
0
VERTEX
8
C2
10
-26.893074775842138
20
-53.94524857745127
0
VERTEX
8
C2
10
-26.886606283909288
20
-53.937872676037934
0
VERTEX
8
C2
10
-26.8811558791473
20
-53.92971556886228
0
VERTEX
8
C2
10
-26.876816819492788
20
-53.92091682628966
0
VERTEX
8
C2
10
-26.873663347459456
20
-53.911626997244966
0
VERTEX
8
C2
10
-26.871749419828106
20
-53.90200503327878
0
VERTEX
8
C2
10
-26.871107784431132
20
-53.89221556886228
0
VERTEX
8
C2
10
-26.871749419828106
20
-53.88242610444578
0
VERTEX
8
C2
10
-26.873663347459456
20
-53.87280414047959
0
VERTEX
8
C2
10
-26.876816819492788
20
-53.8635143114349
0
VERTEX
8
C2
10
-26.8811558791473
20
-53.854715568862275
0
VERTEX
8
C2
10
-26.886606283909288
20
-53.84655846168663
0
VERTEX
8
C2
10
-26.893074775842138
20
-53.83918256027329
0
VERTEX
8
C2
10
-26.900450677255478
20
-53.83271406834044
0
VERTEX
8
C2
10
-26.90860778443114
20
-53.82726366357844
0
VERTEX
8
C2
10
-26.91740652700375
20
-53.82292460392393
0
VERTEX
8
C2
10
-26.926696356048453
20
-53.8197711318906
0
VERTEX
8
C2
10
-26.936318320014635
20
-53.81785720425924
0
VERTEX
8
C2
10
-26.946107784431135
20
-53.81721556886228
0
SEQEND
0
POLYLINE
8
C2
66
1
70
1
0
VERTEX
8
C2
10
-25.526946107784426
20
-53.577694610778444
0
VERTEX
8
C2
10
-25.536735572200925
20
-53.57833624617541
0
VERTEX
8
C2
10
-25.546357536167122
20
-53.58025017380677
0
VERTEX
8
C2
10
-25.55564736521181
20
-53.5834036458401
0
VERTEX
8
C2
10
-25.564446107784434
20
-53.58774270549461
0
VERTEX
8
C2
10
-25.572603214960083
20
-53.5931931102566
0
VERTEX
8
C2
10
-25.579979116373423
20
-53.59966160218946
0
VERTEX
8
C2
10
-25.586447608306273
20
-53.60703750360279
0
VERTEX
8
C2
10
-25.59189801306826
20
-53.615194610778445
0
VERTEX
8
C2
10
-25.596237072722772
20
-53.62399335335106
0
VERTEX
8
C2
10
-25.599390544756105
20
-53.63328318239576
0
VERTEX
8
C2
10
-25.60130447238747
20
-53.64290514636194
0
VERTEX
8
C2
10
-25.60194610778443
20
-53.65269461077845
0
VERTEX
8
C2
10
-25.60130447238747
20
-53.662484075194946
0
VERTEX
8
C2
10
-25.599390544756105
20
-53.672106039161136
0
VERTEX
8
C2
10
-25.596237072722772
20
-53.681395868205826
0
VERTEX
8
C2
10
-25.59189801306826
20
-53.69019461077845
0
VERTEX
8
C2
10
-25.586447608306273
20
-53.6983517179541
0
VERTEX
8
C2
10
-25.579979116373423
20
-53.70572761936744
0
VERTEX
8
C2
10
-25.572603214960083
20
-53.71219611130029
0
VERTEX
8
C2
10
-25.564446107784434
20
-53.71764651606228
0
VERTEX
8
C2
10
-25.55564736521181
20
-53.72198557571679
0
VERTEX
8
C2
10
-25.546357536167122
20
-53.725139047750126
0
VERTEX
8
C2
10
-25.536735572200925
20
-53.72705297538148
0
VERTEX
8
C2
10
-25.526946107784426
20
-53.72769461077844
0
VERTEX
8
C2
10
-25.517156643367926
20
-53.72705297538148
0
VERTEX
8
C2
10
-25.507534679401743
20
-53.725139047750126
0
VERTEX
8
C2
10
-25.49824485035704
20
-53.72198557571679
0
VERTEX
8
C2
10
-25.48944610778443
20
-53.71764651606228
0
VERTEX
8
C2
10
-25.48128900060877
20
-53.71219611130029
0
VERTEX
8
C2
10
-25.473913099195443
20
-53.70572761936744
0
VERTEX
8
C2
10
-25.46744460726258
20
-53.6983517179541
0
VERTEX
8
C2
10
-25.46199420250059
20
-53.69019461077845
0
VERTEX
8
C2
10
-25.45765514284608
20
-53.681395868205826
0
VERTEX
8
C2
10
-25.454501670812746
20
-53.672106039161136
0
VERTEX
8
C2
10
-25.452587743181397
20
-53.662484075194946
0
VERTEX
8
C2
10
-25.451946107784423
20
-53.65269461077845
0
VERTEX
8
C2
10
-25.452587743181397
20
-53.64290514636194
0
VERTEX
8
C2
10
-25.454501670812746
20
-53.63328318239576
0
VERTEX
8
C2
10
-25.45765514284608
20
-53.62399335335106
0
VERTEX
8
C2
10
-25.46199420250059
20
-53.615194610778445
0
VERTEX
8
C2
10
-25.46744460726258
20
-53.60703750360279
0
VERTEX
8
C2
10
-25.473913099195443
20
-53.59966160218946
0
VERTEX
8
C2
10
-25.48128900060877
20
-53.5931931102566
0
VERTEX
8
C2
10
-25.48944610778443
20
-53.58774270549461
0
VERTEX
8
C2
10
-25.49824485035704
20
-53.5834036458401
0
VERTEX
8
C2
10
-25.507534679401743
20
-53.58025017380677
0
VERTEX
8
C2
10
-25.517156643367926
20
-53.57833624617541
0
VERTEX
8
C2
10
-25.526946107784426
20
-53.577694610778444
0
SEQEND
0
POLYLINE
8
C2
66
1
70
1
0
VERTEX
8
C2
10
-26.946107784431135
20
-53.338173652694614
0
VERTEX
8
C2
10
-26.955897248847634
20
-53.33881528809158
0
VERTEX
8
C2
10
-26.965519212813817
20
-53.34072921572293
0
VERTEX
8
C2
10
-26.97480904185852
20
-53.34388268775627
0
VERTEX
8
C2
10
-26.98360778443113
20
-53.34822174741078
0
VERTEX
8
C2
10
-26.991764891606792
20
-53.35367215217277
0
VERTEX
8
C2
10
-26.999140793020132
20
-53.36014064410562
0
VERTEX
8
C2
10
-27.005609284952982
20
-53.36751654551896
0
VERTEX
8
C2
10
-27.01105968971497
20
-53.375673652694616
0
VERTEX
8
C2
10
-27.01539874936948
20
-53.38447239526723
0
VERTEX
8
C2
10
-27.018552221402814
20
-53.39376222431193
0
VERTEX
8
C2
10
-27.020466149034164
20
-53.40338418827811
0
VERTEX
8
C2
10
-27.021107784431138
20
-53.41317365269461
0
VERTEX
8
C2
10
-27.020466149034164
20
-53.42296311711112
0
VERTEX
8
C2
10
-27.018552221402814
20
-53.4325850810773
0
VERTEX
8
C2
10
-27.01539874936948
20
-53.441874910121996
0
VERTEX
8
C2
10
-27.01105968971497
20
-53.45067365269461
0
VERTEX
8
C2
10
-27.005609284952982
20
-53.45883075987027
0
VERTEX
8
C2
10
-26.999140793020132
20
-53.46620666128361
0
VERTEX
8
C2
10
-26.991764891606792
20
-53.47267515321646
0
VERTEX
8
C2
10
-26.98360778443113
20
-53.478125557978444
0
VERTEX
8
C2
10
-26.97480904185852
20
-53.48246461763296
0
VERTEX
8
C2
10
-26.965519212813817
20
-53.485618089666296
0
VERTEX
8
C2
10
-26.955897248847634
20
-53.487532017297646
0
VERTEX
8
C2
10
-26.946107784431135
20
-53.48817365269461
0
VERTEX
8
C2
10
-26.936318320014635
20
-53.487532017297646
0
VERTEX
8
C2
10
-26.926696356048453
20
-53.485618089666296
0
VERTEX
8
C2
10
-26.91740652700375
20
-53.48246461763296
0
VERTEX
8
C2
10
-26.90860778443114
20
-53.478125557978444
0
VERTEX
8
C2
10
-26.900450677255478
20
-53.47267515321646
0
VERTEX
8
C2
10
-26.893074775842138
20
-53.46620666128361
0
VERTEX
8
C2
10
-26.886606283909288
20
-53.45883075987027
0
VERTEX
8
C2
10
-26.8811558791473
20
-53.45067365269461
0
VERTEX
8
C2
10
-26.876816819492788
20
-53.441874910121996
0
VERTEX
8
C2
10
-26.873663347459456
20
-53.4325850810773
0
VERTEX
8
C2
10
-26.871749419828106
20
-53.42296311711112
0
VERTEX
8
C2
10
-26.871107784431132
20
-53.41317365269461
0
VERTEX
8
C2
10
-26.871749419828106
20
-53.40338418827811
0
VERTEX
8
C2
10
-26.873663347459456
20
-53.39376222431193
0
VERTEX
8
C2
10
-26.876816819492788
20
-53.38447239526723
0
VERTEX
8
C2
10
-26.8811558791473
20
-53.375673652694616
0
VERTEX
8
C2
10
-26.886606283909288
20
-53.36751654551896
0
VERTEX
8
C2
10
-26.893074775842138
20
-53.36014064410562
0
VERTEX
8
C2
10
-26.900450677255478
20
-53.35367215217277
0
VERTEX
8
C2
10
-26.90860778443114
20
-53.34822174741078
0
VERTEX
8
C2
10
-26.91740652700375
20
-53.34388268775627
0
VERTEX
8
C2
10
-26.926696356048453
20
-53.34072921572293
0
VERTEX
8
C2
10
-26.936318320014635
20
-53.33881528809158
0
VERTEX
8
C2
10
-26.946107784431135
20
-53.338173652694614
0
SEQEND
0
POLYLINE
8
C2
66
1
70
1
0
VERTEX
8
C2
10
-25.68862275449102
20
-55.61362275449102
0
VERTEX
8
C2
10
-25.69841221890752
20
-55.614264389887985
0
VERTEX
8
C2
10
-25.708034182873703
20
-55.61617831751934
0
VERTEX
8
C2
10
-25.717324011918393
20
-55.619331789552675
0
VERTEX
8
C2
10
-25.726122754491016
20
-55.62367084920719
0
VERTEX
8
C2
10
-25.734279861666664
20
-55.62912125396918
0
VERTEX
8
C2
10
-25.741655763080004
20
-55.63558974590203
0
VERTEX
8
C2
10
-25.748124255012854
20
-55.642965647315364
0
VERTEX
8
C2
10
-25.75357465977484
20
-55.65112275449102
0
VERTEX
8
C2
10
-25.757913719429368
20
-55.659921497063635
0
VERTEX
8
C2
10
-25.7610671914627
20
-55.66921132610833
0
VERTEX
8
C2
10
-25.76298111909405
20
-55.678833290074515
0
VERTEX
8
C2
10
-25.76362275449101
20
-55.68862275449102
0
VERTEX
8
C2
10
-25.76298111909405
20
-55.69841221890752
0
VERTEX
8
C2
10
-25.7610671914627
20
-55.70803418287371
0
VERTEX
8
C2
10
-25.757913719429368
20
-55.7173240119184
0
VERTEX
8
C2
10
-25.75357465977484
20
-55.72612275449102
0
VERTEX
8
C2
10
-25.748124255012854
20
-55.73427986166667
0
VERTEX
8
C2
10
-25.741655763080004
20
-55.74165576308001
0
VERTEX
8
C2
10
-25.734279861666664
20
-55.74812425501286
0
VERTEX
8
C2
10
-25.726122754491016
20
-55.753574659774856
0
VERTEX
8
C2
10
-25.717324011918393
20
-55.75791371942937
0
VERTEX
8
C2
10
-25.708034182873703
20
-55.7610671914627
0
VERTEX
8
C2
10
-25.69841221890752
20
-55.76298111909406
0
VERTEX
8
C2
10
-25.68862275449102
20
-55.763622754491024
0
VERTEX
8
C2
10
-25.678833290074508
20
-55.76298111909406
0
VERTEX
8
C2
10
-25.669211326108325
20
-55.7610671914627
0
VERTEX
8
C2
10
-25.659921497063635
20
-55.75791371942937
0
VERTEX
8
C2
10
-25.651122754491013
20
-55.753574659774856
0
VERTEX
8
C2
10
-25.642965647315364
20
-55.74812425501286
0
VERTEX
8
C2
10
-25.635589745902024
20
-55.74165576308001
0
VERTEX
8
C2
10
-25.629121253969174
20
-55.73427986166667
0
VERTEX
8
C2
10
-25.623670849207187
20
-55.72612275449102
0
VERTEX
8
C2
10
-25.619331789552675
20
-55.7173240119184
0
VERTEX
8
C2
10
-25.616178317519328
20
-55.70803418287371
0
VERTEX
8
C2
10
-25.61426438988798
20
-55.69841221890752
0
VERTEX
8
C2
10
-25.61362275449102
20
-55.68862275449102
0
VERTEX
8
C2
10
-25.61426438988798
20
-55.678833290074515
0
VERTEX
8
C2
10
-25.616178317519328
20
-55.66921132610833
0
VERTEX
8
C2
10
-25.619331789552675
20
-55.659921497063635
0
VERTEX
8
C2
10
-25.623670849207187
20
-55.65112275449102
0
VERTEX
8
C2
10
-25.629121253969174
20
-55.642965647315364
0
VERTEX
8
C2
10
-25.635589745902024
20
-55.63558974590203
0
VERTEX
8
C2
10
-25.642965647315364
20
-55.62912125396918
0
VERTEX
8
C2
10
-25.651122754491013
20
-55.62367084920719
0
VERTEX
8
C2
10
-25.659921497063635
20
-55.619331789552675
0
VERTEX
8
C2
10
-25.669211326108325
20
-55.61617831751934
0
VERTEX
8
C2
10
-25.678833290074508
20
-55.614264389887985
0
VERTEX
8
C2
10
-25.68862275449102
20
-55.61362275449102
0
SEQEND
0
POLYLINE
8
C2
66
1
70
1
0
VERTEX
8
C2
10
-26.946107784431135
20
-54.29625748502994
0
VERTEX
8
C2
10
-26.955897248847634
20
-54.29689912042691
0
VERTEX
8
C2
10
-26.965519212813817
20
-54.298813048058264
0
VERTEX
8
C2
10
-26.97480904185852
20
-54.3019665200916
0
VERTEX
8
C2
10
-26.98360778443113
20
-54.30630557974611
0
VERTEX
8
C2
10
-26.991764891606792
20
-54.3117559845081
0
VERTEX
8
C2
10
-26.999140793020132
20
-54.31822447644095
0
VERTEX
8
C2
10
-27.005609284952982
20
-54.325600377854286
0
VERTEX
8
C2
10
-27.01105968971497
20
-54.33375748502994
0
VERTEX
8
C2
10
-27.01539874936948
20
-54.342556227602564
0
VERTEX
8
C2
10
-27.018552221402814
20
-54.351846056647254
0
VERTEX
8
C2
10
-27.020466149034164
20
-54.36146802061344
0
VERTEX
8
C2
10
-27.021107784431138
20
-54.37125748502994
0
VERTEX
8
C2
10
-27.020466149034164
20
-54.38104694944645
0
VERTEX
8
C2
10
-27.018552221402814
20
-54.39066891341263
0
VERTEX
8
C2
10
-27.01539874936948
20
-54.39995874245732
0
VERTEX
8
C2
10
-27.01105968971497
20
-54.408757485029945
0
VERTEX
8
C2
10
-27.005609284952982
20
-54.4169145922056
0
VERTEX
8
C2
10
-26.999140793020132
20
-54.42429049361893
0
VERTEX
8
C2
10
-26.991764891606792
20
-54.43075898555178
0
VERTEX
8
C2
10
-26.98360778443113
20
-54.43620939031378
0
VERTEX
8
C2
10
-26.97480904185852
20
-54.44054844996829
0
VERTEX
8
C2
10
-26.965519212813817
20
-54.44370192200162
0
VERTEX
8
C2
10
-26.955897248847634
20
-54.44561584963298
0
VERTEX
8
C2
10
-26.946107784431135
20
-54.446257485029946
0
VERTEX
8
C2
10
-26.936318320014635
20
-54.44561584963298
0
VERTEX
8
C2
10
-26.926696356048453
20
-54.44370192200162
0
VERTEX
8
C2
10
-26.91740652700375
20
-54.44054844996829
0
VERTEX
8
C2
10
-26.90860778443114
20
-54.43620939031378
0
VERTEX
8
C2
10
-26.900450677255478
20
-54.43075898555178
0
VERTEX
8
C2
10
-26.893074775842138
20
-54.42429049361893
0
VERTEX
8
C2
10
-26.886606283909288
20
-54.4169145922056
0
VERTEX
8
C2
10
-26.8811558791473
20
-54.408757485029945
0
VERTEX
8
C2
10
-26.876816819492788
20
-54.39995874245732
0
VERTEX
8
C2
10
-26.873663347459456
20
-54.39066891341263
0
VERTEX
8
C2
10
-26.871749419828106
20
-54.38104694944645
0
VERTEX
8
C2
10
-26.871107784431132
20
-54.37125748502994
0
VERTEX
8
C2
10
-26.871749419828106
20
-54.36146802061344
0
VERTEX
8
C2
10
-26.873663347459456
20
-54.351846056647254
0
VERTEX
8
C2
10
-26.876816819492788
20
-54.342556227602564
0
VERTEX
8
C2
10
-26.8811558791473
20
-54.33375748502994
0
VERTEX
8
C2
10
-26.886606283909288
20
-54.325600377854286
0
VERTEX
8
C2
10
-26.893074775842138
20
-54.31822447644095
0
VERTEX
8
C2
10
-26.900450677255478
20
-54.3117559845081
0
VERTEX
8
C2
10
-26.90860778443114
20
-54.30630557974611
0
VERTEX
8
C2
10
-26.91740652700375
20
-54.3019665200916
0
VERTEX
8
C2
10
-26.926696356048453
20
-54.298813048058264
0
VERTEX
8
C2
10
-26.936318320014635
20
-54.29689912042691
0
VERTEX
8
C2
10
-26.946107784431135
20
-54.29625748502994
0
SEQEND
0
POLYLINE
8
C2
66
1
70
1
0
VERTEX
8
C2
10
-26.946107784431135
20
-55.254341317365274
0
VERTEX
8
C2
10
-26.955897248847634
20
-55.254982952762234
0
VERTEX
8
C2
10
-26.965519212813817
20
-55.25689688039359
0
VERTEX
8
C2
10
-26.97480904185852
20
-55.26005035242692
0
VERTEX
8
C2
10
-26.98360778443113
20
-55.26438941208144
0
VERTEX
8
C2
10
-26.991764891606792
20
-55.26983981684343
0
VERTEX
8
C2
10
-26.999140793020132
20
-55.27630830877628
0
VERTEX
8
C2
10
-27.005609284952982
20
-55.28368421018962
0
VERTEX
8
C2
10
-27.01105968971497
20
-55.291841317365275
0
VERTEX
8
C2
10
-27.01539874936948
20
-55.30064005993789
0
VERTEX
8
C2
10
-27.018552221402814
20
-55.30992988898258
0
VERTEX
8
C2
10
-27.020466149034164
20
-55.31955185294877
0
VERTEX
8
C2
10
-27.021107784431138
20
-55.32934131736527
0
VERTEX
8
C2
10
-27.020466149034164
20
-55.339130781781776
0
VERTEX
8
C2
10
-27.018552221402814
20
-55.34875274574796
0
VERTEX
8
C2
10
-27.01539874936948
20
-55.358042574792655
0
VERTEX
8
C2
10
-27.01105968971497
20
-55.36684131736527
0
VERTEX
8
C2
10
-27.005609284952982
20
-55.37499842454093
0
VERTEX
8
C2
10
-26.999140793020132
20
-55.38237432595427
0
VERTEX
8
C2
10
-26.991764891606792
20
-55.38884281788712
0
VERTEX
8
C2
10
-26.98360778443113
20
-55.394293222649104
0
VERTEX
8
C2
10
-26.97480904185852
20
-55.398632282303616
0
VERTEX
8
C2
10
-26.965519212813817
20
-55.401785754336956
0
VERTEX
8
C2
10
-26.955897248847634
20
-55.403699681968305
0
VERTEX
8
C2
10
-26.946107784431135
20
-55.40434131736527
0
VERTEX
8
C2
10
-26.936318320014635
20
-55.403699681968305
0
VERTEX
8
C2
10
-26.926696356048453
20
-55.401785754336956
0
VERTEX
8
C2
10
-26.91740652700375
20
-55.398632282303616
0
VERTEX
8
C2
10
-26.90860778443114
20
-55.394293222649104
0
VERTEX
8
C2
10
-26.900450677255478
20
-55.38884281788712
0
VERTEX
8
C2
10
-26.893074775842138
20
-55.38237432595427
0
VERTEX
8
C2
10
-26.886606283909288
20
-55.37499842454093
0
VERTEX
8
C2
10
-26.8811558791473
20
-55.36684131736527
0
VERTEX
8
C2
10
-26.876816819492788
20
-55.358042574792655
0
VERTEX
8
C2
10
-26.873663347459456
20
-55.34875274574796
0
VERTEX
8
C2
10
-26.871749419828106
20
-55.339130781781776
0
VERTEX
8
C2
10
-26.871107784431132
20
-55.32934131736527
0
VERTEX
8
C2
10
-26.871749419828106
20
-55.31955185294877
0
VERTEX
8
C2
10
-26.873663347459456
20
-55.30992988898258
0
VERTEX
8
C2
10
-26.876816819492788
20
-55.30064005993789
0
VERTEX
8
C2
10
-26.8811558791473
20
-55.291841317365275
0
VERTEX
8
C2
10
-26.886606283909288
20
-55.28368421018962
0
VERTEX
8
C2
10
-26.893074775842138
20
-55.27630830877628
0
VERTEX
8
C2
10
-26.900450677255478
20
-55.26983981684343
0
VERTEX
8
C2
10
-26.90860778443114
20
-55.26438941208144
0
VERTEX
8
C2
10
-26.91740652700375
20
-55.26005035242692
0
VERTEX
8
C2
10
-26.926696356048453
20
-55.25689688039359
0
VERTEX
8
C2
10
-26.936318320014635
20
-55.254982952762234
0
VERTEX
8
C2
10
-26.946107784431135
20
-55.254341317365274
0
SEQEND
0
POLYLINE
8
C2
66
1
70
1
0
VERTEX
8
C2
10
-26.946107784431135
20
-56.2124251497006
0
VERTEX
8
C2
10
-26.955897248847634
20
-56.21306678509757
0
VERTEX
8
C2
10
-26.965519212813817
20
-56.214980712728924
0
VERTEX
8
C2
10
-26.97480904185852
20
-56.218134184762256
0
VERTEX
8
C2
10
-26.98360778443113
20
-56.22247324441677
0
VERTEX
8
C2
10
-26.991764891606792
20
-56.227923649178756
0
VERTEX
8
C2
10
-26.999140793020132
20
-56.23439214111161
0
VERTEX
8
C2
10
-27.005609284952982
20
-56.241768042524946
0
VERTEX
8
C2
10
-27.01105968971497
20
-56.2499251497006
0
VERTEX
8
C2
10
-27.01539874936948
20
-56.25872389227322
0
VERTEX
8
C2
10
-27.018552221402814
20
-56.268013721317914
0
VERTEX
8
C2
10
-27.020466149034164
20
-56.277635685284096
0
VERTEX
8
C2
10
-27.021107784431138
20
-56.2874251497006
0
VERTEX
8
C2
10
-27.020466149034164
20
-56.2972146141171
0
VERTEX
8
C2
10
-27.018552221402814
20
-56.30683657808329
0
VERTEX
8
C2
10
-27.01539874936948
20
-56.31612640712798
0
VERTEX
8
C2
10
-27.01105968971497
20
-56.324925149700604
0
VERTEX
8
C2
10
-27.005609284952982
20
-56.33308225687625
0
VERTEX
8
C2
10
-26.999140793020132
20
-56.34045815828959
0
VERTEX
8
C2
10
-26.991764891606792
20
-56.34692665022244
0
VERTEX
8
C2
10
-26.98360778443113
20
-56.35237705498444
0
VERTEX
8
C2
10
-26.97480904185852
20
-56.35671611463895
0
VERTEX
8
C2
10
-26.965519212813817
20
-56.35986958667228
0
VERTEX
8
C2
10
-26.955897248847634
20
-56.36178351430364
0
VERTEX
8
C2
10
-26.946107784431135
20
-56.3624251497006
0
VERTEX
8
C2
10
-26.936318320014635
20
-56.36178351430364
0
VERTEX
8
C2
10
-26.926696356048453
20
-56.35986958667228
0
VERTEX
8
C2
10
-26.91740652700375
20
-56.35671611463895
0
VERTEX
8
C2
10
-26.90860778443114
20
-56.35237705498444
0
VERTEX
8
C2
10
-26.900450677255478
20
-56.34692665022244
0
VERTEX
8
C2
10
-26.893074775842138
20
-56.34045815828959
0
VERTEX
8
C2
10
-26.886606283909288
20
-56.33308225687625
0
VERTEX
8
C2
10
-26.8811558791473
20
-56.324925149700604
0
VERTEX
8
C2
10
-26.876816819492788
20
-56.31612640712798
0
VERTEX
8
C2
10
-26.873663347459456
20
-56.30683657808329
0
VERTEX
8
C2
10
-26.871749419828106
20
-56.2972146141171
0
VERTEX
8
C2
10
-26.871107784431132
20
-56.2874251497006
0
VERTEX
8
C2
10
-26.871749419828106
20
-56.277635685284096
0
VERTEX
8
C2
10
-26.873663347459456
20
-56.268013721317914
0
VERTEX
8
C2
10
-26.876816819492788
20
-56.25872389227322
0
VERTEX
8
C2
10
-26.8811558791473
20
-56.2499251497006
0
VERTEX
8
C2
10
-26.886606283909288
20
-56.241768042524946
0
VERTEX
8
C2
10
-26.893074775842138
20
-56.23439214111161
0
VERTEX
8
C2
10
-26.900450677255478
20
-56.227923649178756
0
VERTEX
8
C2
10
-26.90860778443114
20
-56.22247324441677
0
VERTEX
8
C2
10
-26.91740652700375
20
-56.218134184762256
0
VERTEX
8
C2
10
-26.926696356048453
20
-56.214980712728924
0
VERTEX
8
C2
10
-26.936318320014635
20
-56.21306678509757
0
VERTEX
8
C2
10
-26.946107784431135
20
-56.2124251497006
0
SEQEND
0
POLYLINE
8
C2
66
1
70
1
0
VERTEX
8
C2
10
-18.143712574850298
20
-57.565029940119764
0
VERTEX
8
C2
10
-18.143712574850298
20
-55.209580838323355
0
VERTEX
8
C2
10
-18.502994011976043
20
-55.209580838323355
0
VERTEX
8
C2
10
-18.502994011976043
20
-55.808383233532936
0
VERTEX
8
C2
10
-18.263473053892213
20
-55.808383233532936
0
VERTEX
8
C2
10
-18.263473053892213
20
-56.047904191616766
0
VERTEX
8
C2
10
-18.502994011976043
20
-56.047904191616766
0
VERTEX
8
C2
10
-18.502994011976043
20
-57.0059880239521
0
VERTEX
8
C2
10
-18.263473053892213
20
-57.0059880239521
0
VERTEX
8
C2
10
-18.263473053892213
20
-57.24550898203593
0
VERTEX
8
C2
10
-18.502994011976043
20
-57.24550898203593
0
VERTEX
8
C2
10
-18.502994011976043
20
-57.565029940119764
0
VERTEX
8
C2
10
-18.143712574850298
20
-57.565029940119764
0
SEQEND
0
POLYLINE
8
C2
66
1
70
1
0
VERTEX
8
C2
10
-17.245908628178498
20
-55.808383233532936
0
VERTEX
8
C2
10
-17.06586826347305
20
-55.808383233532936
0
VERTEX
8
C2
10
-17.06586826347305
20
-55.32934131736527
0
VERTEX
8
C2
10
-16.946107784431135
20
-55.32934131736527
0
VERTEX
8
C2
10
-16.946107784431135
20
-55.68862275449102
0
VERTEX
8
C2
10
-16.89820359281437
20
-55.68862275449102
0
VERTEX
8
C2
10
-16.894022187482946
20
-55.71060645197381
0
VERTEX
8
C2
10
-16.882061942116877
20
-55.7295199296113
0
VERTEX
8
C2
10
-16.86399321188307
20
-55.742721751201444
0
VERTEX
8
C2
10
-16.84233945645822
20
-55.74836816436037
0
VERTEX
8
C2
10
-16.820124816330193
20
-55.745670597022404
0
VERTEX
8
C2
10
-16.800451764548882
20
-55.73500578857734
0
VERTEX
8
C2
10
-16.786067818634635
20
-55.717863174847324
0
VERTEX
8
C2
10
-16.77898182519911
20
-55.69663687506163
0
VERTEX
8
C2
10
-16.780183406560667
20
-55.67429133170749
0
VERTEX
8
C2
10
-16.789504751142346
20
-55.65394729964032
0
VERTEX
8
C2
10
-16.805644049858486
20
-55.638446004774686
0
VERTEX
8
C2
10
-16.82634730538922
20
-55.629952341490224
0
VERTEX
8
C2
10
-16.82634730538922
20
-55.209580838323355
0
VERTEX
8
C2
10
-17.784431137724553
20
-55.209580838323355
0
VERTEX
8
C2
10
-17.784431137724553
20
-55.808383233532936
0
VERTEX
8
C2
10
-17.604390773019105
20
-55.808383233532936
0
VERTEX
8
C2
10
-17.625073254368175
20
-55.76924847638517
0
VERTEX
8
C2
10
-17.637326434602528
20
-55.72671432744678
0
VERTEX
8
C2
10
-17.64063368752248
20
-55.682574137937756
0
VERTEX
8
C2
10
-17.634855570675157
20
-55.63868897395871
0
VERTEX
8
C2
10
-17.620235704613847
20
-55.59690914906536
0
VERTEX
8
C2
10
-17.597390501216807
20
-55.55899621019858
0
VERTEX
8
C2
10
-17.567283174146596
20
-55.5265486662475
0
VERTEX
8
C2
10
-17.5311831272371
20
-55.50093459072444
0
VERTEX
8
C2
10
-17.490612433100154
20
-55.483233940199234
0
VERTEX
8
C2
10
-17.44728165855426
20
-55.474193020499236
0
VERTEX
8
C2
10
-17.403017742643343
20
-55.474193020499236
0
VERTEX
8
C2
10
-17.35968696809745
20
-55.483233940199234
0
VERTEX
8
C2
10
-17.319116273960503
20
-55.50093459072444
0
VERTEX
8
C2
10
-17.283016227051007
20
-55.5265486662475
0
VERTEX
8
C2
10
-17.252908899980795
20
-55.55899621019858
0
VERTEX
8
C2
10
-17.230063696583755
20
-55.59690914906536
0
VERTEX
8
C2
10
-17.215443830522446
20
-55.63868897395871
0
VERTEX
8
C2
10
-17.209665713675122
20
-55.682574137937756
0
VERTEX
8
C2
10
-17.212972966595075
20
-55.72671432744678
0
VERTEX
8
C2
10
-17.225226146829414
20
-55.76924847638517
0
VERTEX
8
C2
10
-17.245908628178498
20
-55.808383233532936
0
SEQEND
0
POLYLINE
8
C2
66
1
70
1
0
VERTEX
8
C2
10
-17.7939115744406
20
-53.59281437125749
0
VERTEX
8
C2
10
-18.802395209580837
20
-53.59281437125749
0
VERTEX
8
C2
10
-18.802395209580837
20
-54.37125748502994
0
VERTEX
8
C2
10
-18.92215568862275
20
-54.37125748502994
0
VERTEX
8
C2
10
-18.92215568862275
20
-53.59281437125749
0
VERTEX
8
C2
10
-20.17016028184682
20
-53.59281437125749
0
VERTEX
8
C2
10
-20.162293546237763
20
-53.63639773699489
0
VERTEX
8
C2
10
-20.163499467490695
20
-53.68066895848329
0
VERTEX
8
C2
10
-20.173727146280967
20
-53.72375944333442
0
VERTEX
8
C2
10
-20.192544894435244
20
-53.76385043549657
0
VERTEX
8
C2
10
-20.21915845555435
20
-53.79924978100891
0
VERTEX
8
C2
10
-20.25244452885599
20
-53.828463350155815
0
VERTEX
8
C2
10
-20.29099818126818
20
-53.85025810144651
0
VERTEX
8
C2
10
-20.33319214661178
20
-53.86371412562626
0
VERTEX
8
C2
10
-20.37724550898203
20
-53.868263473053894
0
VERTEX
8
C2
10
-20.421298871352292
20
-53.86371412562626
0
VERTEX
8
C2
10
-20.46349283669589
20
-53.85025810144651
0
VERTEX
8
C2
10
-20.502046489108082
20
-53.828463350155815
0
VERTEX
8
C2
10
-20.53533256240972
20
-53.79924978100891
0
VERTEX
8
C2
10
-20.56194612352884
20
-53.76385043549657
0
VERTEX
8
C2
10
-20.580763871683104
20
-53.72375944333442
0
VERTEX
8
C2
10
-20.590991550473376
20
-53.68066895848329
0
VERTEX
8
C2
10
-20.59219747172631
20
-53.63639773699489
0
VERTEX
8
C2
10
-20.584330736117252
20
-53.59281437125749
0
VERTEX
8
C2
10
-20.89820359281437
20
-53.59281437125749
0
VERTEX
8
C2
10
-20.89820359281437
20
-54.550898203592816
0
VERTEX
8
C2
10
-18.92215568862275
20
-54.550898203592816
0
VERTEX
8
C2
10
-18.92215568862275
20
-54.49101796407186
0
VERTEX
8
C2
10
-18.802395209580837
20
-54.49101796407186
0
VERTEX
8
C2
10
-18.802395209580837
20
-54.550898203592816
0
VERTEX
8
C2
10
-16.82634730538922
20
-54.550898203592816
0
VERTEX
8
C2
10
-16.82634730538922
20
-53.59281437125749
0
VERTEX
8
C2
10
-17.379741120170166
20
-53.59281437125749
0
VERTEX
8
C2
10
-17.371874384561124
20
-53.63639773699489
0
VERTEX
8
C2
10
-17.373080305814042
20
-53.68066895848329
0
VERTEX
8
C2
10
-17.383307984604315
20
-53.72375944333442
0
VERTEX
8
C2
10
-17.40212573275859
20
-53.76385043549657
0
VERTEX
8
C2
10
-17.428739293877697
20
-53.79924978100892
0
VERTEX
8
C2
10
-17.462025367179336
20
-53.828463350155815
0
VERTEX
8
C2
10
-17.500579019591527
20
-53.85025810144651
0
VERTEX
8
C2
10
-17.542772984935127
20
-53.86371412562626
0
VERTEX
8
C2
10
-17.58682634730539
20
-53.868263473053894
0
VERTEX
8
C2
10
-17.630879709675654
20
-53.86371412562626
0
VERTEX
8
C2
10
-17.673073675019253
20
-53.85025810144651
0
VERTEX
8
C2
10
-17.711627327431444
20
-53.828463350155815
0
VERTEX
8
C2
10
-17.744913400733083
20
-53.79924978100892
0
VERTEX
8
C2
10
-17.77152696185219
20
-53.76385043549657
0
VERTEX
8
C2
10
-17.79034471000645
20
-53.72375944333442
0
VERTEX
8
C2
10
-17.800572388796738
20
-53.68066895848329
0
VERTEX
8
C2
10
-17.801778310049656
20
-53.63639773699489
0
VERTEX
8
C2
10
-17.7939115744406
20
-53.59281437125749
0
SEQEND
0
POLYLINE
8
C2
66
1
70
1
0
VERTEX
8
C2
10
-20.120160125184483
20
-55.808383233532936
0
VERTEX
8
C2
10
-19.940119760479035
20
-55.808383233532936
0
VERTEX
8
C2
10
-19.940119760479035
20
-55.209580838323355
0
VERTEX
8
C2
10
-20.89820359281437
20
-55.209580838323355
0
VERTEX
8
C2
10
-20.89820359281437
20
-55.26946107784431
0
VERTEX
8
C2
10
-21.317365269461078
20
-55.26946107784431
0
VERTEX
8
C2
10
-21.317365269461078
20
-54.79041916167665
0
VERTEX
8
C2
10
-21.556886227544908
20
-54.79041916167665
0
VERTEX
8
C2
10
-21.556886227544908
20
-55.38922155688623
0
VERTEX
8
C2
10
-20.89820359281437
20
-55.38922155688623
0
VERTEX
8
C2
10
-20.89820359281437
20
-55.68862275449102
0
VERTEX
8
C2
10
-20.856287425149702
20
-55.68862275449102
0
VERTEX
8
C2
10
-20.85229325899303
20
-55.710126007477676
0
VERTEX
8
C2
10
-20.840843602856822
20
-55.72876061578206
0
VERTEX
8
C2
10
-20.823465899831163
20
-55.74204062669498
0
VERTEX
8
C2
10
-20.80247842498848
20
-55.74819441837347
0
VERTEX
8
C2
10
-20.78068101555054
20
-55.74640104331787
0
VERTEX
8
C2
10
-20.760981558185037
20
-55.7368997469958
0
VERTEX
8
C2
10
-20.74600806194948
20
-55.72095805126482
0
VERTEX
8
C2
10
-20.73775806834972
20
-55.70070266042932
0
VERTEX
8
C2
10
-20.73733216901637
20
-55.67883574793457
0
VERTEX
8
C2
10
-20.744787181113765
20
-55.65827447251394
0
VERTEX
8
C2
10
-20.75912856763749
20
-55.641761814191554
0
VERTEX
8
C2
10
-20.778443113772454
20
-55.631500646621745
0
VERTEX
8
C2
10
-20.778443113772454
20
-55.32934131736527
0
VERTEX
8
C2
10
-20.65868263473054
20
-55.32934131736527
0
VERTEX
8
C2
10
-20.65868263473054
20
-55.808383233532936
0
VERTEX
8
C2
10
-20.47864227002509
20
-55.808383233532936
0
VERTEX
8
C2
10
-20.499324751374175
20
-55.76924847638517
0
VERTEX
8
C2
10
-20.511577931608514
20
-55.72671432744678
0
VERTEX
8
C2
10
-20.514885184528467
20
-55.68257413793775
0
VERTEX
8
C2
10
-20.509107067681143
20
-55.63868897395871
0
VERTEX
8
C2
10
-20.494487201619833
20
-55.59690914906536
0
VERTEX
8
C2
10
-20.471641998222793
20
-55.55899621019857
0
VERTEX
8
C2
10
-20.44153467115258
20
-55.5265486662475
0
VERTEX
8
C2
10
-20.405434624243085
20
-55.50093459072444
0
VERTEX
8
C2
10
-20.36486393010614
20
-55.48323394019923
0
VERTEX
8
C2
10
-20.321533155560246
20
-55.47419302049923
0
VERTEX
8
C2
10
-20.27726923964933
20
-55.47419302049923
0
VERTEX
8
C2
10
-20.233938465103435
20
-55.483233940199234
0
VERTEX
8
C2
10
-20.19336777096649
20
-55.50093459072444
0
VERTEX
8
C2
10
-20.157267724056993
20
-55.5265486662475
0
VERTEX
8
C2
10
-20.12716039698678
20
-55.55899621019858
0
VERTEX
8
C2
10
-20.10431519358974
20
-55.59690914906536
0
VERTEX
8
C2
10
-20.089695327528432
20
-55.63868897395871
0
VERTEX
8
C2
10
-20.083917210681108
20
-55.682574137937756
0
VERTEX
8
C2
10
-20.08722446360106
20
-55.72671432744678
0
VERTEX
8
C2
10
-20.099477643835414
20
-55.76924847638517
0
VERTEX
8
C2
10
-20.120160125184483
20
-55.808383233532936
0
SEQEND
0
POLYLINE
8
C2
66
1
70
1
0
VERTEX
8
C2
10
-11.856687071292257
20
-55.808383233532936
0
VERTEX
8
C2
10
-11.676646706586823
20
-55.808383233532936
0
VERTEX
8
C2
10
-11.676646706586823
20
-55.32934131736527
0
VERTEX
8
C2
10
-11.556886227544908
20
-55.32934131736527
0
VERTEX
8
C2
10
-11.556886227544908
20
-55.631500646621745
0
VERTEX
8
C2
10
-11.576200773679872
20
-55.641761814191554
0
VERTEX
8
C2
10
-11.590542160203611
20
-55.65827447251394
0
VERTEX
8
C2
10
-11.597997172300992
20
-55.67883574793457
0
VERTEX
8
C2
10
-11.597571272967642
20
-55.70070266042932
0
VERTEX
8
C2
10
-11.58932127936788
20
-55.72095805126482
0
VERTEX
8
C2
10
-11.574347783132325
20
-55.7368997469958
0
VERTEX
8
C2
10
-11.55464832576682
20
-55.74640104331787
0
VERTEX
8
C2
10
-11.532850916328883
20
-55.74819441837347
0
VERTEX
8
C2
10
-11.511863441486184
20
-55.74204062669498
0
VERTEX
8
C2
10
-11.49448573846054
20
-55.72876061578206
0
VERTEX
8
C2
10
-11.483036082324332
20
-55.710126007477676
0
VERTEX
8
C2
10
-11.47904191616766
20
-55.68862275449102
0
VERTEX
8
C2
10
-11.437125748502993
20
-55.68862275449102
0
VERTEX
8
C2
10
-11.437125748502993
20
-55.38922155688623
0
VERTEX
8
C2
10
-10.778443113772454
20
-55.38922155688623
0
VERTEX
8
C2
10
-10.778443113772454
20
-54.79041916167665
0
VERTEX
8
C2
10
-11.017964071856284
20
-54.79041916167665
0
VERTEX
8
C2
10
-11.017964071856284
20
-55.26946107784431
0
VERTEX
8
C2
10
-11.437125748502993
20
-55.26946107784431
0
VERTEX
8
C2
10
-11.437125748502993
20
-55.209580838323355
0
VERTEX
8
C2
10
-12.395209580838326
20
-55.209580838323355
0
VERTEX
8
C2
10
-12.395209580838326
20
-55.808383233532936
0
VERTEX
8
C2
10
-12.215169216132878
20
-55.808383233532936
0
VERTEX
8
C2
10
-12.235851697481948
20
-55.76924847638517
0
VERTEX
8
C2
10
-12.248104877716301
20
-55.72671432744678
0
VERTEX
8
C2
10
-12.251412130636254
20
-55.68257413793775
0
VERTEX
8
C2
10
-12.24563401378893
20
-55.63868897395871
0
VERTEX
8
C2
10
-12.23101414772762
20
-55.59690914906536
0
VERTEX
8
C2
10
-12.20816894433058
20
-55.55899621019857
0
VERTEX
8
C2
10
-12.178061617260369
20
-55.5265486662475
0
VERTEX
8
C2
10
-12.141961570350873
20
-55.50093459072444
0
VERTEX
8
C2
10
-12.101390876213927
20
-55.48323394019923
0
VERTEX
8
C2
10
-12.058060101668033
20
-55.47419302049923
0
VERTEX
8
C2
10
-12.013796185757116
20
-55.47419302049923
0
VERTEX
8
C2
10
-11.970465411211222
20
-55.48323394019923
0
VERTEX
8
C2
10
-11.929894717074276
20
-55.50093459072444
0
VERTEX
8
C2
10
-11.89379467016478
20
-55.5265486662475
0
VERTEX
8
C2
10
-11.863687343094568
20
-55.55899621019857
0
VERTEX
8
C2
10
-11.840842139697529
20
-55.59690914906536
0
VERTEX
8
C2
10
-11.826222273636219
20
-55.63868897395871
0
VERTEX
8
C2
10
-11.820444156788895
20
-55.68257413793775
0
VERTEX
8
C2
10
-11.823751409708848
20
-55.72671432744678
0
VERTEX
8
C2
10
-11.836004589943187
20
-55.76924847638517
0
VERTEX
8
C2
10
-11.856687071292257
20
-55.808383233532936
0
SEQEND
0
POLYLINE
8
C2
66
1
70
1
0
VERTEX
8
C2
10
-12.754491017964071
20
-57.565029940119764
0
VERTEX
8
C2
10
-12.754491017964071
20
-55.209580838323355
0
VERTEX
8
C2
10
-13.113772455089816
20
-55.209580838323355
0
VERTEX
8
C2
10
-13.113772455089816
20
-55.808383233532936
0
VERTEX
8
C2
10
-12.874251497005986
20
-55.808383233532936
0
VERTEX
8
C2
10
-12.874251497005986
20
-56.047904191616766
0
VERTEX
8
C2
10
-13.113772455089816
20
-56.047904191616766
0
VERTEX
8
C2
10
-13.113772455089816
20
-57.0059880239521
0
VERTEX
8
C2
10
-12.874251497005986
20
-57.0059880239521
0
VERTEX
8
C2
10
-12.874251497005986
20
-57.24550898203593
0
VERTEX
8
C2
10
-13.113772455089816
20
-57.24550898203593
0
VERTEX
8
C2
10
-13.113772455089816
20
-57.565029940119764
0
VERTEX
8
C2
10
-12.754491017964071
20
-57.565029940119764
0
SEQEND
0
POLYLINE
8
C2
66
1
70
1
0
VERTEX
8
C2
10
-14.730938568298257
20
-55.808383233532936
0
VERTEX
8
C2
10
-14.550898203592808
20
-55.808383233532936
0
VERTEX
8
C2
10
-14.550898203592808
20
-55.209580838323355
0
VERTEX
8
C2
10
-15.508982035928142
20
-55.209580838323355
0
VERTEX
8
C2
10
-15.508982035928142
20
-55.629952341490224
0
VERTEX
8
C2
10
-15.529685291458875
20
-55.638446004774686
0
VERTEX
8
C2
10
-15.545824590175016
20
-55.65394729964032
0
VERTEX
8
C2
10
-15.555145934756695
20
-55.67429133170749
0
VERTEX
8
C2
10
-15.556347516118251
20
-55.69663687506163
0
VERTEX
8
C2
10
-15.549261522682727
20
-55.717863174847324
0
VERTEX
8
C2
10
-15.53487757676848
20
-55.73500578857734
0
VERTEX
8
C2
10
-15.515204524987169
20
-55.74567059702241
0
VERTEX
8
C2
10
-15.492989884859142
20
-55.74836816436037
0
VERTEX
8
C2
10
-15.471336129434292
20
-55.742721751201444
0
VERTEX
8
C2
10
-15.453267399200485
20
-55.7295199296113
0
VERTEX
8
C2
10
-15.441307153834416
20
-55.71060645197381
0
VERTEX
8
C2
10
-15.437125748502993
20
-55.68862275449102
0
VERTEX
8
C2
10
-15.389221556886227
20
-55.68862275449102
0
VERTEX
8
C2
10
-15.389221556886227
20
-55.32934131736527
0
VERTEX
8
C2
10
-15.269461077844312
20
-55.32934131736527
0
VERTEX
8
C2
10
-15.269461077844312
20
-55.808383233532936
0
VERTEX
8
C2
10
-15.089420713138864
20
-55.808383233532936
0
VERTEX
8
C2
10
-15.110103194487948
20
-55.76924847638517
0
VERTEX
8
C2
10
-15.122356374722287
20
-55.72671432744678
0
VERTEX
8
C2
10
-15.12566362764224
20
-55.68257413793775
0
VERTEX
8
C2
10
-15.119885510794916
20
-55.63868897395871
0
VERTEX
8
C2
10
-15.105265644733606
20
-55.59690914906536
0
VERTEX
8
C2
10
-15.082420441336566
20
-55.55899621019857
0
VERTEX
8
C2
10
-15.052313114266369
20
-55.5265486662475
0
VERTEX
8
C2
10
-15.016213067356858
20
-55.50093459072444
0
VERTEX
8
C2
10
-14.975642373219912
20
-55.48323394019923
0
VERTEX
8
C2
10
-14.93231159867402
20
-55.47419302049923
0
VERTEX
8
C2
10
-14.888047682763101
20
-55.47419302049923
0
VERTEX
8
C2
10
-14.844716908217208
20
-55.48323394019923
0
VERTEX
8
C2
10
-14.804146214080262
20
-55.50093459072444
0
VERTEX
8
C2
10
-14.768046167170766
20
-55.5265486662475
0
VERTEX
8
C2
10
-14.737938840100554
20
-55.55899621019857
0
VERTEX
8
C2
10
-14.715093636703514
20
-55.59690914906536
0
VERTEX
8
C2
10
-14.700473770642205
20
-55.63868897395871
0
VERTEX
8
C2
10
-14.69469565379488
20
-55.68257413793775
0
VERTEX
8
C2
10
-14.698002906714834
20
-55.72671432744678
0
VERTEX
8
C2
10
-14.710256086949187
20
-55.76924847638517
0
VERTEX
8
C2
10
-14.730938568298257
20
-55.808383233532936
0
SEQEND
0
POLYLINE
8
C2
66
1
70
1
0
VERTEX
8
C2
10
-14.955588221147195
20
-53.59281437125749
0
VERTEX
8
C2
10
-15.508982035928142
20
-53.59281437125749
0
VERTEX
8
C2
10
-15.508982035928142
20
-54.550898203592816
0
VERTEX
8
C2
10
-13.532934131736525
20
-54.550898203592816
0
VERTEX
8
C2
10
-13.532934131736525
20
-54.49101796407186
0
VERTEX
8
C2
10
-13.41317365269461
20
-54.49101796407186
0
VERTEX
8
C2
10
-13.41317365269461
20
-54.550898203592816
0
VERTEX
8
C2
10
-11.437125748502993
20
-54.550898203592816
0
VERTEX
8
C2
10
-11.437125748502993
20
-53.59281437125749
0
VERTEX
8
C2
10
-11.75099860520011
20
-53.59281437125749
0
VERTEX
8
C2
10
-11.743131869591053
20
-53.63639773699489
0
VERTEX
8
C2
10
-11.744337790843986
20
-53.68066895848329
0
VERTEX
8
C2
10
-11.754565469634258
20
-53.72375944333442
0
VERTEX
8
C2
10
-11.77338321778852
20
-53.76385043549657
0
VERTEX
8
C2
10
-11.79999677890764
20
-53.79924978100892
0
VERTEX
8
C2
10
-11.83328285220928
20
-53.828463350155815
0
VERTEX
8
C2
10
-11.87183650462147
20
-53.85025810144651
0
VERTEX
8
C2
10
-11.91403046996507
20
-53.86371412562626
0
VERTEX
8
C2
10
-11.958083832335333
20
-53.868263473053894
0
VERTEX
8
C2
10
-12.002137194705583
20
-53.86371412562626
0
VERTEX
8
C2
10
-12.044331160049182
20
-53.85025810144651
0
VERTEX
8
C2
10
-12.082884812461373
20
-53.828463350155815
0
VERTEX
8
C2
10
-12.116170885763026
20
-53.79924978100892
0
VERTEX
8
C2
10
-12.142784446882132
20
-53.76385043549657
0
VERTEX
8
C2
10
-12.161602195036394
20
-53.72375944333442
0
VERTEX
8
C2
10
-12.171829873826667
20
-53.68066895848329
0
VERTEX
8
C2
10
-12.173035795079599
20
-53.63639773699489
0
VERTEX
8
C2
10
-12.165169059470543
20
-53.59281437125749
0
VERTEX
8
C2
10
-13.41317365269461
20
-53.59281437125749
0
VERTEX
8
C2
10
-13.41317365269461
20
-54.37125748502994
0
VERTEX
8
C2
10
-13.532934131736525
20
-54.37125748502994
0
VERTEX
8
C2
10
-13.532934131736525
20
-53.59281437125749
0
VERTEX
8
C2
10
-14.541417766876762
20
-53.59281437125749
0
VERTEX
8
C2
10
-14.533551031267706
20
-53.63639773699489
0
VERTEX
8
C2
10
-14.534756952520624
20
-53.68066895848329
0
VERTEX
8
C2
10
-14.54498463131091
20
-53.72375944333442
0
VERTEX
8
C2
10
-14.563802379465173
20
-53.76385043549657
0
VERTEX
8
C2
10
-14.590415940584279
20
-53.79924978100892
0
VERTEX
8
C2
10
-14.623702013885932
20
-53.828463350155815
0
VERTEX
8
C2
10
-14.662255666298108
20
-53.85025810144651
0
VERTEX
8
C2
10
-14.704449631641708
20
-53.86371412562626
0
VERTEX
8
C2
10
-14.748502994011972
20
-53.868263473053894
0
VERTEX
8
C2
10
-14.792556356382235
20
-53.86371412562626
0
VERTEX
8
C2
10
-14.834750321725835
20
-53.85025810144651
0
VERTEX
8
C2
10
-14.873303974138025
20
-53.828463350155815
0
VERTEX
8
C2
10
-14.906590047439664
20
-53.79924978100892
0
VERTEX
8
C2
10
-14.93320360855877
20
-53.76385043549657
0
VERTEX
8
C2
10
-14.952021356713047
20
-53.72375944333442
0
VERTEX
8
C2
10
-14.96224903550332
20
-53.68066895848329
0
VERTEX
8
C2
10
-14.963454956756252
20
-53.63639773699489
0
VERTEX
8
C2
10
-14.955588221147195
20
-53.59281437125749
0
SEQEND
0
POLYLINE
8
C2
66
1
70
1
0
VERTEX
8
C2
10
-13.83233532934132
20
-57.565029940119764
0
VERTEX
8
C2
10
-13.83233532934132
20
-57.24550898203593
0
VERTEX
8
C2
10
-14.071856287425149
20
-57.24550898203593
0
VERTEX
8
C2
10
-14.071856287425149
20
-57.0059880239521
0
VERTEX
8
C2
10
-13.83233532934132
20
-57.0059880239521
0
VERTEX
8
C2
10
-13.83233532934132
20
-56.047904191616766
0
VERTEX
8
C2
10
-14.071856287425149
20
-56.047904191616766
0
VERTEX
8
C2
10
-14.071856287425149
20
-55.808383233532936
0
VERTEX
8
C2
10
-13.83233532934132
20
-55.808383233532936
0
VERTEX
8
C2
10
-13.83233532934132
20
-55.209580838323355
0
VERTEX
8
C2
10
-14.191616766467064
20
-55.209580838323355
0
VERTEX
8
C2
10
-14.191616766467064
20
-57.565029940119764
0
VERTEX
8
C2
10
-13.83233532934132
20
-57.565029940119764
0
SEQEND
0
POLYLINE
8
C2
66
1
70
1
0
VERTEX
8
C2
10
-19.221556886227546
20
-57.565029940119764
0
VERTEX
8
C2
10
-19.221556886227546
20
-57.24550898203593
0
VERTEX
8
C2
10
-19.461077844311376
20
-57.24550898203593
0
VERTEX
8
C2
10
-19.461077844311376
20
-57.0059880239521
0
VERTEX
8
C2
10
-19.221556886227546
20
-57.0059880239521
0
VERTEX
8
C2
10
-19.221556886227546
20
-56.047904191616766
0
VERTEX
8
C2
10
-19.461077844311376
20
-56.047904191616766
0
VERTEX
8
C2
10
-19.461077844311376
20
-55.808383233532936
0
VERTEX
8
C2
10
-19.221556886227546
20
-55.808383233532936
0
VERTEX
8
C2
10
-19.221556886227546
20
-55.209580838323355
0
VERTEX
8
C2
10
-19.58083832335329
20
-55.209580838323355
0
VERTEX
8
C2
10
-19.58083832335329
20
-57.565029940119764
0
VERTEX
8
C2
10
-19.221556886227546
20
-57.565029940119764
0
SEQEND
0
POLYLINE
8
C2
66
1
70
1
0
VERTEX
8
C2
10
-20.299401197604794
20
-55.61362275449102
0
VERTEX
8
C2
10
-20.309190662021294
20
-55.614264389887985
0
VERTEX
8
C2
10
-20.318812625987476
20
-55.61617831751934
0
VERTEX
8
C2
10
-20.328102455032166
20
-55.619331789552675
0
VERTEX
8
C2
10
-20.33690119760479
20
-55.62367084920719
0
VERTEX
8
C2
10
-20.345058304780437
20
-55.62912125396918
0
VERTEX
8
C2
10
-20.352434206193777
20
-55.63558974590203
0
VERTEX
8
C2
10
-20.358902698126627
20
-55.642965647315364
0
VERTEX
8
C2
10
-20.36435310288863
20
-55.65112275449102
0
VERTEX
8
C2
10
-20.36869216254314
20
-55.659921497063635
0
VERTEX
8
C2
10
-20.371845634576474
20
-55.66921132610833
0
VERTEX
8
C2
10
-20.373759562207823
20
-55.678833290074515
0
VERTEX
8
C2
10
-20.374401197604783
20
-55.68862275449102
0
VERTEX
8
C2
10
-20.373759562207823
20
-55.69841221890752
0
VERTEX
8
C2
10
-20.371845634576474
20
-55.70803418287371
0
VERTEX
8
C2
10
-20.36869216254314
20
-55.7173240119184
0
VERTEX
8
C2
10
-20.36435310288863
20
-55.72612275449102
0
VERTEX
8
C2
10
-20.358902698126627
20
-55.73427986166667
0
VERTEX
8
C2
10
-20.352434206193777
20
-55.74165576308001
0
VERTEX
8
C2
10
-20.345058304780437
20
-55.74812425501286
0
VERTEX
8
C2
10
-20.33690119760479
20
-55.753574659774856
0
VERTEX
8
C2
10
-20.328102455032166
20
-55.75791371942937
0
VERTEX
8
C2
10
-20.318812625987476
20
-55.7610671914627
0
VERTEX
8
C2
10
-20.309190662021294
20
-55.76298111909406
0
VERTEX
8
C2
10
-20.299401197604794
20
-55.763622754491024
0
VERTEX
8
C2
10
-20.28961173318828
20
-55.76298111909406
0
VERTEX
8
C2
10
-20.279989769222098
20
-55.7610671914627
0
VERTEX
8
C2
10
-20.27069994017741
20
-55.75791371942937
0
VERTEX
8
C2
10
-20.261901197604786
20
-55.753574659774856
0
VERTEX
8
C2
10
-20.253744090429137
20
-55.74812425501286
0
VERTEX
8
C2
10
-20.246368189015797
20
-55.74165576308001
0
VERTEX
8
C2
10
-20.239899697082947
20
-55.73427986166667
0
VERTEX
8
C2
10
-20.23444929232096
20
-55.72612275449102
0
VERTEX
8
C2
10
-20.230110232666448
20
-55.7173240119184
0
VERTEX
8
C2
10
-20.226956760633115
20
-55.70803418287371
0
VERTEX
8
C2
10
-20.22504283300175
20
-55.69841221890752
0
VERTEX
8
C2
10
-20.22440119760479
20
-55.68862275449102
0
VERTEX
8
C2
10
-20.22504283300175
20
-55.678833290074515
0
VERTEX
8
C2
10
-20.226956760633115
20
-55.66921132610833
0
VERTEX
8
C2
10
-20.230110232666448
20
-55.659921497063635
0
VERTEX
8
C2
10
-20.23444929232096
20
-55.65112275449102
0
VERTEX
8
C2
10
-20.239899697082947
20
-55.642965647315364
0
VERTEX
8
C2
10
-20.246368189015797
20
-55.63558974590203
0
VERTEX
8
C2
10
-20.253744090429137
20
-55.62912125396918
0
VERTEX
8
C2
10
-20.261901197604786
20
-55.62367084920719
0
VERTEX
8
C2
10
-20.27069994017741
20
-55.619331789552675
0
VERTEX
8
C2
10
-20.279989769222098
20
-55.61617831751934
0
VERTEX
8
C2
10
-20.28961173318828
20
-55.614264389887985
0
VERTEX
8
C2
10
-20.299401197604794
20
-55.61362275449102
0
SEQEND
0
POLYLINE
8
C2
66
1
70
1
0
VERTEX
8
C2
10
-17.58682634730539
20
-53.577694610778444
0
VERTEX
8
C2
10
-17.59661581172189
20
-53.57833624617541
0
VERTEX
8
C2
10
-17.606237775688072
20
-53.58025017380677
0
VERTEX
8
C2
10
-17.615527604732776
20
-53.5834036458401
0
VERTEX
8
C2
10
-17.624326347305384
20
-53.58774270549461
0
VERTEX
8
C2
10
-17.632483454481047
20
-53.5931931102566
0
VERTEX
8
C2
10
-17.639859355894373
20
-53.59966160218946
0
VERTEX
8
C2
10
-17.646327847827223
20
-53.60703750360279
0
VERTEX
8
C2
10
-17.651778252589224
20
-53.615194610778445
0
VERTEX
8
C2
10
-17.656117312243737
20
-53.62399335335106
0
VERTEX
8
C2
10
-17.65927078427707
20
-53.63328318239576
0
VERTEX
8
C2
10
-17.66118471190842
20
-53.64290514636194
0
VERTEX
8
C2
10
-17.661826347305393
20
-53.65269461077845
0
VERTEX
8
C2
10
-17.66118471190842
20
-53.662484075194946
0
VERTEX
8
C2
10
-17.65927078427707
20
-53.672106039161136
0
VERTEX
8
C2
10
-17.656117312243737
20
-53.681395868205826
0
VERTEX
8
C2
10
-17.651778252589224
20
-53.69019461077845
0
VERTEX
8
C2
10
-17.646327847827223
20
-53.6983517179541
0
VERTEX
8
C2
10
-17.639859355894373
20
-53.70572761936744
0
VERTEX
8
C2
10
-17.632483454481047
20
-53.71219611130029
0
VERTEX
8
C2
10
-17.624326347305384
20
-53.71764651606228
0
VERTEX
8
C2
10
-17.615527604732776
20
-53.72198557571679
0
VERTEX
8
C2
10
-17.606237775688072
20
-53.725139047750126
0
VERTEX
8
C2
10
-17.59661581172189
20
-53.72705297538148
0
VERTEX
8
C2
10
-17.58682634730539
20
-53.72769461077844
0
VERTEX
8
C2
10
-17.577036882888876
20
-53.72705297538148
0
VERTEX
8
C2
10
-17.567414918922694
20
-53.725139047750126
0
VERTEX
8
C2
10
-17.558125089878004
20
-53.72198557571679
0
VERTEX
8
C2
10
-17.54932634730538
20
-53.71764651606228
0
VERTEX
8
C2
10
-17.541169240129733
20
-53.71219611130029
0
VERTEX
8
C2
10
-17.533793338716393
20
-53.70572761936744
0
VERTEX
8
C2
10
-17.527324846783543
20
-53.6983517179541
0
VERTEX
8
C2
10
-17.521874442021556
20
-53.69019461077845
0
VERTEX
8
C2
10
-17.517535382367043
20
-53.681395868205826
0
VERTEX
8
C2
10
-17.51438191033371
20
-53.672106039161136
0
VERTEX
8
C2
10
-17.512467982702347
20
-53.662484075194946
0
VERTEX
8
C2
10
-17.511826347305387
20
-53.65269461077845
0
VERTEX
8
C2
10
-17.512467982702347
20
-53.64290514636194
0
VERTEX
8
C2
10
-17.51438191033371
20
-53.63328318239576
0
VERTEX
8
C2
10
-17.517535382367043
20
-53.62399335335106
0
VERTEX
8
C2
10
-17.521874442021556
20
-53.615194610778445
0
VERTEX
8
C2
10
-17.527324846783543
20
-53.60703750360279
0
VERTEX
8
C2
10
-17.533793338716393
20
-53.59966160218946
0
VERTEX
8
C2
10
-17.541169240129733
20
-53.5931931102566
0
VERTEX
8
C2
10
-17.54932634730538
20
-53.58774270549461
0
VERTEX
8
C2
10
-17.558125089878004
20
-53.5834036458401
0
VERTEX
8
C2
10
-17.567414918922694
20
-53.58025017380677
0
VERTEX
8
C2
10
-17.577036882888876
20
-53.57833624617541
0
VERTEX
8
C2
10
-17.58682634730539
20
-53.577694610778444
0
SEQEND
0
POLYLINE
8
C2
66
1
70
1
0
VERTEX
8
C2
10
-20.37724550898203
20
-53.577694610778444
0
VERTEX
8
C2
10
-20.387034973398542
20
-53.57833624617541
0
VERTEX
8
C2
10
-20.396656937364725
20
-53.58025017380677
0
VERTEX
8
C2
10
-20.405946766409414
20
-53.5834036458401
0
VERTEX
8
C2
10
-20.414745508982037
20
-53.58774270549461
0
VERTEX
8
C2
10
-20.422902616157685
20
-53.5931931102566
0
VERTEX
8
C2
10
-20.430278517571026
20
-53.59966160218946
0
VERTEX
8
C2
10
-20.436747009503875
20
-53.60703750360279
0
VERTEX
8
C2
10
-20.442197414265863
20
-53.615194610778445
0
VERTEX
8
C2
10
-20.446536473920375
20
-53.62399335335106
0
VERTEX
8
C2
10
-20.449689945953722
20
-53.63328318239576
0
VERTEX
8
C2
10
-20.45160387358507
20
-53.64290514636194
0
VERTEX
8
C2
10
-20.45224550898203
20
-53.65269461077845
0
VERTEX
8
C2
10
-20.45160387358507
20
-53.662484075194946
0
VERTEX
8
C2
10
-20.449689945953722
20
-53.672106039161136
0
VERTEX
8
C2
10
-20.446536473920375
20
-53.681395868205826
0
VERTEX
8
C2
10
-20.442197414265863
20
-53.69019461077845
0
VERTEX
8
C2
10
-20.436747009503875
20
-53.6983517179541
0
VERTEX
8
C2
10
-20.430278517571026
20
-53.70572761936744
0
VERTEX
8
C2
10
-20.422902616157685
20
-53.71219611130029
0
VERTEX
8
C2
10
-20.414745508982037
20
-53.71764651606228
0
VERTEX
8
C2
10
-20.405946766409414
20
-53.72198557571679
0
VERTEX
8
C2
10
-20.396656937364725
20
-53.725139047750126
0
VERTEX
8
C2
10
-20.387034973398542
20
-53.72705297538148
0
VERTEX
8
C2
10
-20.37724550898203
20
-53.72769461077844
0
VERTEX
8
C2
10
-20.36745604456553
20
-53.72705297538148
0
VERTEX
8
C2
10
-20.357834080599346
20
-53.725139047750126
0
VERTEX
8
C2
10
-20.348544251554657
20
-53.72198557571679
0
VERTEX
8
C2
10
-20.339745508982034
20
-53.71764651606228
0
VERTEX
8
C2
10
-20.331588401806385
20
-53.71219611130029
0
VERTEX
8
C2
10
-20.324212500393045
20
-53.70572761936744
0
VERTEX
8
C2
10
-20.317744008460195
20
-53.6983517179541
0
VERTEX
8
C2
10
-20.31229360369821
20
-53.69019461077845
0
VERTEX
8
C2
10
-20.30795454404368
20
-53.681395868205826
0
VERTEX
8
C2
10
-20.30480107201035
20
-53.672106039161136
0
VERTEX
8
C2
10
-20.302887144379
20
-53.662484075194946
0
VERTEX
8
C2
10
-20.30224550898204
20
-53.65269461077845
0
VERTEX
8
C2
10
-20.302887144379
20
-53.64290514636194
0
VERTEX
8
C2
10
-20.30480107201035
20
-53.63328318239576
0
VERTEX
8
C2
10
-20.30795454404368
20
-53.62399335335106
0
VERTEX
8
C2
10
-20.31229360369821
20
-53.615194610778445
0
VERTEX
8
C2
10
-20.317744008460195
20
-53.60703750360279
0
VERTEX
8
C2
10
-20.324212500393045
20
-53.59966160218946
0
VERTEX
8
C2
10
-20.331588401806385
20
-53.5931931102566
0
VERTEX
8
C2
10
-20.339745508982034
20
-53.58774270549461
0
VERTEX
8
C2
10
-20.348544251554657
20
-53.5834036458401
0
VERTEX
8
C2
10
-20.357834080599346
20
-53.58025017380677
0
VERTEX
8
C2
10
-20.36745604456553
20
-53.57833624617541
0
VERTEX
8
C2
10
-20.37724550898203
20
-53.577694610778444
0
SEQEND
0
POLYLINE
8
C2
66
1
70
1
0
VERTEX
8
C2
10
-17.425149700598794
20
-55.61362275449102
0
VERTEX
8
C2
10
-17.434939165015308
20
-55.614264389887985
0
VERTEX
8
C2
10
-17.44456112898149
20
-55.61617831751934
0
VERTEX
8
C2
10
-17.45385095802618
20
-55.619331789552675
0
VERTEX
8
C2
10
-17.462649700598803
20
-55.62367084920719
0
VERTEX
8
C2
10
-17.47080680777445
20
-55.62912125396918
0
VERTEX
8
C2
10
-17.47818270918779
20
-55.63558974590203
0
VERTEX
8
C2
10
-17.48465120112064
20
-55.642965647315364
0
VERTEX
8
C2
10
-17.49010160588263
20
-55.65112275449102
0
VERTEX
8
C2
10
-17.49444066553714
20
-55.659921497063635
0
VERTEX
8
C2
10
-17.497594137570488
20
-55.66921132610833
0
VERTEX
8
C2
10
-17.499508065201837
20
-55.678833290074515
0
VERTEX
8
C2
10
-17.500149700598797
20
-55.68862275449102
0
VERTEX
8
C2
10
-17.499508065201837
20
-55.69841221890752
0
VERTEX
8
C2
10
-17.497594137570488
20
-55.70803418287371
0
VERTEX
8
C2
10
-17.49444066553714
20
-55.7173240119184
0
VERTEX
8
C2
10
-17.49010160588263
20
-55.72612275449102
0
VERTEX
8
C2
10
-17.48465120112064
20
-55.73427986166667
0
VERTEX
8
C2
10
-17.47818270918779
20
-55.74165576308001
0
VERTEX
8
C2
10
-17.47080680777445
20
-55.74812425501286
0
VERTEX
8
C2
10
-17.462649700598803
20
-55.753574659774856
0
VERTEX
8
C2
10
-17.45385095802618
20
-55.75791371942937
0
VERTEX
8
C2
10
-17.44456112898149
20
-55.7610671914627
0
VERTEX
8
C2
10
-17.434939165015308
20
-55.76298111909406
0
VERTEX
8
C2
10
-17.425149700598794
20
-55.763622754491024
0
VERTEX
8
C2
10
-17.415360236182295
20
-55.76298111909406
0
VERTEX
8
C2
10
-17.405738272216112
20
-55.7610671914627
0
VERTEX
8
C2
10
-17.396448443171423
20
-55.75791371942937
0
VERTEX
8
C2
10
-17.3876497005988
20
-55.753574659774856
0
VERTEX
8
C2
10
-17.37949259342315
20
-55.74812425501286
0
VERTEX
8
C2
10
-17.37211669200981
20
-55.74165576308001
0
VERTEX
8
C2
10
-17.36564820007696
20
-55.73427986166667
0
VERTEX
8
C2
10
-17.360197795314974
20
-55.72612275449102
0
VERTEX
8
C2
10
-17.355858735660448
20
-55.7173240119184
0
VERTEX
8
C2
10
-17.352705263627115
20
-55.70803418287371
0
VERTEX
8
C2
10
-17.350791335995766
20
-55.69841221890752
0
VERTEX
8
C2
10
-17.350149700598806
20
-55.68862275449102
0
VERTEX
8
C2
10
-17.350791335995766
20
-55.678833290074515
0
VERTEX
8
C2
10
-17.352705263627115
20
-55.66921132610833
0
VERTEX
8
C2
10
-17.355858735660448
20
-55.659921497063635
0
VERTEX
8
C2
10
-17.360197795314974
20
-55.65112275449102
0
VERTEX
8
C2
10
-17.36564820007696
20
-55.642965647315364
0
VERTEX
8
C2
10
-17.37211669200981
20
-55.63558974590203
0
VERTEX
8
C2
10
-17.37949259342315
20
-55.62912125396918
0
VERTEX
8
C2
10
-17.3876497005988
20
-55.62367084920719
0
VERTEX
8
C2
10
-17.396448443171423
20
-55.619331789552675
0
VERTEX
8
C2
10
-17.405738272216112
20
-55.61617831751934
0
VERTEX
8
C2
10
-17.415360236182295
20
-55.614264389887985
0
VERTEX
8
C2
10
-17.425149700598794
20
-55.61362275449102
0
SEQEND
0
POLYLINE
8
C2
66
1
70
1
0
VERTEX
8
C2
10
-11.958083832335333
20
-53.577694610778444
0
VERTEX
8
C2
10
-11.967873296751833
20
-53.57833624617541
0
VERTEX
8
C2
10
-11.977495260718015
20
-53.58025017380677
0
VERTEX
8
C2
10
-11.986785089762705
20
-53.5834036458401
0
VERTEX
8
C2
10
-11.995583832335328
20
-53.58774270549461
0
VERTEX
8
C2
10
-12.003740939510976
20
-53.5931931102566
0
VERTEX
8
C2
10
-12.011116840924316
20
-53.59966160218946
0
VERTEX
8
C2
10
-12.017585332857166
20
-53.60703750360279
0
VERTEX
8
C2
10
-12.023035737619168
20
-53.615194610778445
0
VERTEX
8
C2
10
-12.02737479727368
20
-53.62399335335106
0
VERTEX
8
C2
10
-12.030528269307013
20
-53.63328318239576
0
VERTEX
8
C2
10
-12.032442196938362
20
-53.64290514636194
0
VERTEX
8
C2
10
-12.033083832335322
20
-53.65269461077845
0
VERTEX
8
C2
10
-12.032442196938362
20
-53.662484075194946
0
VERTEX
8
C2
10
-12.030528269307013
20
-53.672106039161136
0
VERTEX
8
C2
10
-12.02737479727368
20
-53.681395868205826
0
VERTEX
8
C2
10
-12.023035737619168
20
-53.69019461077845
0
VERTEX
8
C2
10
-12.017585332857166
20
-53.6983517179541
0
VERTEX
8
C2
10
-12.011116840924316
20
-53.70572761936744
0
VERTEX
8
C2
10
-12.003740939510976
20
-53.71219611130029
0
VERTEX
8
C2
10
-11.995583832335328
20
-53.71764651606228
0
VERTEX
8
C2
10
-11.986785089762705
20
-53.72198557571679
0
VERTEX
8
C2
10
-11.977495260718015
20
-53.725139047750126
0
VERTEX
8
C2
10
-11.967873296751833
20
-53.72705297538148
0
VERTEX
8
C2
10
-11.958083832335333
20
-53.72769461077844
0
VERTEX
8
C2
10
-11.94829436791882
20
-53.72705297538148
0
VERTEX
8
C2
10
-11.938672403952637
20
-53.725139047750126
0
VERTEX
8
C2
10
-11.929382574907947
20
-53.72198557571679
0
VERTEX
8
C2
10
-11.920583832335325
20
-53.71764651606228
0
VERTEX
8
C2
10
-11.912426725159676
20
-53.71219611130029
0
VERTEX
8
C2
10
-11.905050823746336
20
-53.70572761936744
0
VERTEX
8
C2
10
-11.898582331813486
20
-53.6983517179541
0
VERTEX
8
C2
10
-11.893131927051499
20
-53.69019461077845
0
VERTEX
8
C2
10
-11.888792867396987
20
-53.681395868205826
0
VERTEX
8
C2
10
-11.88563939536364
20
-53.672106039161136
0
VERTEX
8
C2
10
-11.88372546773229
20
-53.662484075194946
0
VERTEX
8
C2
10
-11.88308383233533
20
-53.65269461077845
0
VERTEX
8
C2
10
-11.88372546773229
20
-53.64290514636194
0
VERTEX
8
C2
10
-11.88563939536364
20
-53.63328318239576
0
VERTEX
8
C2
10
-11.888792867396987
20
-53.62399335335106
0
VERTEX
8
C2
10
-11.893131927051499
20
-53.615194610778445
0
VERTEX
8
C2
10
-11.898582331813486
20
-53.60703750360279
0
VERTEX
8
C2
10
-11.905050823746336
20
-53.59966160218946
0
VERTEX
8
C2
10
-11.912426725159676
20
-53.5931931102566
0
VERTEX
8
C2
10
-11.920583832335325
20
-53.58774270549461
0
VERTEX
8
C2
10
-11.929382574907947
20
-53.5834036458401
0
VERTEX
8
C2
10
-11.938672403952637
20
-53.58025017380677
0
VERTEX
8
C2
10
-11.94829436791882
20
-53.57833624617541
0
VERTEX
8
C2
10
-11.958083832335333
20
-53.577694610778444
0
SEQEND
0
POLYLINE
8
C2
66
1
70
1
0
VERTEX
8
C2
10
-16.16766467065868
20
-56.69146706586827
0
VERTEX
8
C2
10
-16.17745413507518
20
-56.692108701265234
0
VERTEX
8
C2
10
-16.187076099041363
20
-56.69402262889658
0
VERTEX
8
C2
10
-16.196365928086067
20
-56.69717610092992
0
VERTEX
8
C2
10
-16.205164670658675
20
-56.701515160584435
0
VERTEX
8
C2
10
-16.213321777834338
20
-56.70696556534642
0
VERTEX
8
C2
10
-16.220697679247678
20
-56.71343405727927
0
VERTEX
8
C2
10
-16.227166171180528
20
-56.72080995869261
0
VERTEX
8
C2
10
-16.232616575942515
20
-56.72896706586827
0
VERTEX
8
C2
10
-16.236955635597027
20
-56.737765808440884
0
VERTEX
8
C2
10
-16.24010910763036
20
-56.74705563748558
0
VERTEX
8
C2
10
-16.24202303526171
20
-56.75667760145176
0
VERTEX
8
C2
10
-16.242664670658684
20
-56.76646706586827
0
VERTEX
8
C2
10
-16.24202303526171
20
-56.77625653028477
0
VERTEX
8
C2
10
-16.24010910763036
20
-56.78587849425095
0
VERTEX
8
C2
10
-16.236955635597027
20
-56.79516832329565
0
VERTEX
8
C2
10
-16.232616575942515
20
-56.803967065868264
0
VERTEX
8
C2
10
-16.227166171180528
20
-56.81212417304392
0
VERTEX
8
C2
10
-16.220697679247678
20
-56.81950007445726
0
VERTEX
8
C2
10
-16.213321777834338
20
-56.82596856639011
0
VERTEX
8
C2
10
-16.205164670658675
20
-56.8314189711521
0
VERTEX
8
C2
10
-16.196365928086067
20
-56.83575803080661
0
VERTEX
8
C2
10
-16.187076099041363
20
-56.83891150283995
0
VERTEX
8
C2
10
-16.17745413507518
20
-56.8408254304713
0
VERTEX
8
C2
10
-16.16766467065868
20
-56.841467065868265
0
VERTEX
8
C2
10
-16.15787520624218
20
-56.8408254304713
0
VERTEX
8
C2
10
-16.148253242276
20
-56.83891150283995
0
VERTEX
8
C2
10
-16.138963413231295
20
-56.83575803080661
0
VERTEX
8
C2
10
-16.130164670658687
20
-56.8314189711521
0
VERTEX
8
C2
10
-16.122007563483024
20
-56.82596856639011
0
VERTEX
8
C2
10
-16.114631662069684
20
-56.81950007445726
0
VERTEX
8
C2
10
-16.108163170136834
20
-56.81212417304392
0
VERTEX
8
C2
10
-16.102712765374847
20
-56.803967065868264
0
VERTEX
8
C2
10
-16.098373705720334
20
-56.79516832329565
0
VERTEX
8
C2
10
-16.095220233687
20
-56.78587849425095
0
VERTEX
8
C2
10
-16.093306306055652
20
-56.77625653028477
0
VERTEX
8
C2
10
-16.092664670658678
20
-56.76646706586827
0
VERTEX
8
C2
10
-16.093306306055652
20
-56.75667760145176
0
VERTEX
8
C2
10
-16.095220233687
20
-56.74705563748558
0
VERTEX
8
C2
10
-16.098373705720334
20
-56.737765808440884
0
VERTEX
8
C2
10
-16.102712765374847
20
-56.72896706586827
0
VERTEX
8
C2
10
-16.108163170136834
20
-56.72080995869261
0
VERTEX
8
C2
10
-16.114631662069684
20
-56.71343405727927
0
VERTEX
8
C2
10
-16.122007563483024
20
-56.70696556534642
0
VERTEX
8
C2
10
-16.130164670658687
20
-56.701515160584435
0
VERTEX
8
C2
10
-16.138963413231295
20
-56.69717610092992
0
VERTEX
8
C2
10
-16.148253242276
20
-56.69402262889658
0
VERTEX
8
C2
10
-16.15787520624218
20
-56.692108701265234
0
VERTEX
8
C2
10
-16.16766467065868
20
-56.69146706586827
0
SEQEND
0
POLYLINE
8
C2
66
1
70
1
0
VERTEX
8
C2
10
-12.035928143712567
20
-55.61362275449102
0
VERTEX
8
C2
10
-12.045717608129081
20
-55.614264389887985
0
VERTEX
8
C2
10
-12.055339572095264
20
-55.61617831751934
0
VERTEX
8
C2
10
-12.064629401139953
20
-55.619331789552675
0
VERTEX
8
C2
10
-12.073428143712576
20
-55.62367084920719
0
VERTEX
8
C2
10
-12.081585250888224
20
-55.62912125396918
0
VERTEX
8
C2
10
-12.088961152301565
20
-55.63558974590203
0
VERTEX
8
C2
10
-12.095429644234414
20
-55.642965647315364
0
VERTEX
8
C2
10
-12.100880048996402
20
-55.65112275449102
0
VERTEX
8
C2
10
-12.105219108650914
20
-55.659921497063635
0
VERTEX
8
C2
10
-12.108372580684247
20
-55.66921132610833
0
VERTEX
8
C2
10
-12.11028650831561
20
-55.678833290074515
0
VERTEX
8
C2
10
-12.11092814371257
20
-55.68862275449102
0
VERTEX
8
C2
10
-12.11028650831561
20
-55.69841221890752
0
VERTEX
8
C2
10
-12.108372580684247
20
-55.70803418287371
0
VERTEX
8
C2
10
-12.105219108650914
20
-55.7173240119184
0
VERTEX
8
C2
10
-12.100880048996402
20
-55.72612275449102
0
VERTEX
8
C2
10
-12.095429644234414
20
-55.73427986166667
0
VERTEX
8
C2
10
-12.088961152301565
20
-55.74165576308001
0
VERTEX
8
C2
10
-12.081585250888224
20
-55.74812425501286
0
VERTEX
8
C2
10
-12.073428143712576
20
-55.753574659774856
0
VERTEX
8
C2
10
-12.064629401139953
20
-55.75791371942937
0
VERTEX
8
C2
10
-12.055339572095264
20
-55.7610671914627
0
VERTEX
8
C2
10
-12.045717608129081
20
-55.76298111909406
0
VERTEX
8
C2
10
-12.035928143712567
20
-55.763622754491024
0
VERTEX
8
C2
10
-12.026138679296068
20
-55.76298111909406
0
VERTEX
8
C2
10
-12.016516715329885
20
-55.7610671914627
0
VERTEX
8
C2
10
-12.007226886285196
20
-55.75791371942937
0
VERTEX
8
C2
10
-11.998428143712573
20
-55.753574659774856
0
VERTEX
8
C2
10
-11.990271036536924
20
-55.74812425501286
0
VERTEX
8
C2
10
-11.982895135123584
20
-55.74165576308001
0
VERTEX
8
C2
10
-11.976426643190734
20
-55.73427986166667
0
VERTEX
8
C2
10
-11.970976238428733
20
-55.72612275449102
0
VERTEX
8
C2
10
-11.96663717877422
20
-55.7173240119184
0
VERTEX
8
C2
10
-11.963483706740888
20
-55.70803418287371
0
VERTEX
8
C2
10
-11.961569779109539
20
-55.69841221890752
0
VERTEX
8
C2
10
-11.960928143712579
20
-55.68862275449102
0
VERTEX
8
C2
10
-11.961569779109539
20
-55.678833290074515
0
VERTEX
8
C2
10
-11.963483706740888
20
-55.66921132610833
0
VERTEX
8
C2
10
-11.96663717877422
20
-55.659921497063635
0
VERTEX
8
C2
10
-11.970976238428733
20
-55.65112275449102
0
VERTEX
8
C2
10
-11.976426643190734
20
-55.642965647315364
0
VERTEX
8
C2
10
-11.982895135123584
20
-55.63558974590203
0
VERTEX
8
C2
10
-11.990271036536924
20
-55.62912125396918
0
VERTEX
8
C2
10
-11.998428143712573
20
-55.62367084920719
0
VERTEX
8
C2
10
-12.007226886285196
20
-55.619331789552675
0
VERTEX
8
C2
10
-12.016516715329885
20
-55.61617831751934
0
VERTEX
8
C2
10
-12.026138679296068
20
-55.614264389887985
0
VERTEX
8
C2
10
-12.035928143712567
20
-55.61362275449102
0
SEQEND
0
POLYLINE
8
C2
66
1
70
1
0
VERTEX
8
C2
10
-16.16766467065868
20
-55.73338323353293
0
VERTEX
8
C2
10
-16.17745413507518
20
-55.7340248689299
0
VERTEX
8
C2
10
-16.187076099041363
20
-55.73593879656126
0
VERTEX
8
C2
10
-16.196365928086067
20
-55.73909226859459
0
VERTEX
8
C2
10
-16.205164670658675
20
-55.7434313282491
0
VERTEX
8
C2
10
-16.213321777834338
20
-55.748881733011096
0
VERTEX
8
C2
10
-16.220697679247678
20
-55.755350224943946
0
VERTEX
8
C2
10
-16.227166171180528
20
-55.762726126357286
0
VERTEX
8
C2
10
-16.232616575942515
20
-55.770883233532935
0
VERTEX
8
C2
10
-16.236955635597027
20
-55.77968197610556
0
VERTEX
8
C2
10
-16.24010910763036
20
-55.78897180515025
0
VERTEX
8
C2
10
-16.24202303526171
20
-55.79859376911644
0
VERTEX
8
C2
10
-16.242664670658684
20
-55.808383233532936
0
VERTEX
8
C2
10
-16.24202303526171
20
-55.81817269794944
0
VERTEX
8
C2
10
-16.24010910763036
20
-55.827794661915625
0
VERTEX
8
C2
10
-16.236955635597027
20
-55.83708449096032
0
VERTEX
8
C2
10
-16.232616575942515
20
-55.84588323353294
0
VERTEX
8
C2
10
-16.227166171180528
20
-55.85404034070859
0
VERTEX
8
C2
10
-16.220697679247678
20
-55.861416242121926
0
VERTEX
8
C2
10
-16.213321777834338
20
-55.867884734054776
0
VERTEX
8
C2
10
-16.205164670658675
20
-55.87333513881677
0
VERTEX
8
C2
10
-16.196365928086067
20
-55.87767419847128
0
VERTEX
8
C2
10
-16.187076099041363
20
-55.880827670504615
0
VERTEX
8
C2
10
-16.17745413507518
20
-55.88274159813597
0
VERTEX
8
C2
10
-16.16766467065868
20
-55.88338323353294
0
VERTEX
8
C2
10
-16.15787520624218
20
-55.88274159813597
0
VERTEX
8
C2
10
-16.148253242276
20
-55.880827670504615
0
VERTEX
8
C2
10
-16.138963413231295
20
-55.87767419847128
0
VERTEX
8
C2
10
-16.130164670658687
20
-55.87333513881677
0
VERTEX
8
C2
10
-16.122007563483024
20
-55.867884734054776
0
VERTEX
8
C2
10
-16.114631662069684
20
-55.861416242121926
0
VERTEX
8
C2
10
-16.108163170136834
20
-55.85404034070859
0
VERTEX
8
C2
10
-16.102712765374847
20
-55.84588323353294
0
VERTEX
8
C2
10
-16.098373705720334
20
-55.83708449096032
0
VERTEX
8
C2
10
-16.095220233687
20
-55.827794661915625
0
VERTEX
8
C2
10
-16.093306306055652
20
-55.81817269794944
0
VERTEX
8
C2
10
-16.092664670658678
20
-55.808383233532936
0
VERTEX
8
C2
10
-16.093306306055652
20
-55.79859376911644
0
VERTEX
8
C2
10
-16.095220233687
20
-55.78897180515025
0
VERTEX
8
C2
10
-16.098373705720334
20
-55.77968197610556
0
VERTEX
8
C2
10
-16.102712765374847
20
-55.770883233532935
0
VERTEX
8
C2
10
-16.108163170136834
20
-55.762726126357286
0
VERTEX
8
C2
10
-16.114631662069684
20
-55.755350224943946
0
VERTEX
8
C2
10
-16.122007563483024
20
-55.748881733011096
0
VERTEX
8
C2
10
-16.130164670658687
20
-55.7434313282491
0
VERTEX
8
C2
10
-16.138963413231295
20
-55.73909226859459
0
VERTEX
8
C2
10
-16.148253242276
20
-55.73593879656126
0
VERTEX
8
C2
10
-16.15787520624218
20
-55.7340248689299
0
VERTEX
8
C2
10
-16.16766467065868
20
-55.73338323353293
0
SEQEND
0
POLYLINE
8
C2
66
1
70
1
0
VERTEX
8
C2
10
-16.16766467065868
20
-54.77529940119761
0
VERTEX
8
C2
10
-16.17745413507518
20
-54.775941036594574
0
VERTEX
8
C2
10
-16.187076099041363
20
-54.77785496422593
0
VERTEX
8
C2
10
-16.196365928086067
20
-54.78100843625926
0
VERTEX
8
C2
10
-16.205164670658675
20
-54.785347495913776
0
VERTEX
8
C2
10
-16.213321777834338
20
-54.79079790067576
0
VERTEX
8
C2
10
-16.220697679247678
20
-54.79726639260862
0
VERTEX
8
C2
10
-16.227166171180528
20
-54.80464229402195
0
VERTEX
8
C2
10
-16.232616575942515
20
-54.81279940119761
0
VERTEX
8
C2
10
-16.236955635597027
20
-54.821598143770224
0
VERTEX
8
C2
10
-16.24010910763036
20
-54.83088797281492
0
VERTEX
8
C2
10
-16.24202303526171
20
-54.8405099367811
0
VERTEX
8
C2
10
-16.242664670658684
20
-54.85029940119761
0
VERTEX
8
C2
10
-16.24202303526171
20
-54.86008886561411
0
VERTEX
8
C2
10
-16.24010910763036
20
-54.8697108295803
0
VERTEX
8
C2
10
-16.236955635597027
20
-54.87900065862499
0
VERTEX
8
C2
10
-16.232616575942515
20
-54.887799401197604
0
VERTEX
8
C2
10
-16.227166171180528
20
-54.89595650837326
0
VERTEX
8
C2
10
-16.220697679247678
20
-54.9033324097866
0
VERTEX
8
C2
10
-16.213321777834338
20
-54.90980090171945
0
VERTEX
8
C2
10
-16.205164670658675
20
-54.91525130648144
0
VERTEX
8
C2
10
-16.196365928086067
20
-54.91959036613596
0
VERTEX
8
C2
10
-16.187076099041363
20
-54.92274383816929
0
VERTEX
8
C2
10
-16.17745413507518
20
-54.924657765800646
0
VERTEX
8
C2
10
-16.16766467065868
20
-54.925299401197606
0
VERTEX
8
C2
10
-16.15787520624218
20
-54.924657765800646
0
VERTEX
8
C2
10
-16.148253242276
20
-54.92274383816929
0
VERTEX
8
C2
10
-16.138963413231295
20
-54.91959036613596
0
VERTEX
8
C2
10
-16.130164670658687
20
-54.91525130648144
0
VERTEX
8
C2
10
-16.122007563483024
20
-54.90980090171945
0
VERTEX
8
C2
10
-16.114631662069684
20
-54.9033324097866
0
VERTEX
8
C2
10
-16.108163170136834
20
-54.89595650837326
0
VERTEX
8
C2
10
-16.102712765374847
20
-54.887799401197604
0
VERTEX
8
C2
10
-16.098373705720334
20
-54.87900065862499
0
VERTEX
8
C2
10
-16.095220233687
20
-54.8697108295803
0
VERTEX
8
C2
10
-16.093306306055652
20
-54.86008886561411
0
VERTEX
8
C2
10
-16.092664670658678
20
-54.85029940119761
0
VERTEX
8
C2
10
-16.093306306055652
20
-54.8405099367811
0
VERTEX
8
C2
10
-16.095220233687
20
-54.83088797281492
0
VERTEX
8
C2
10
-16.098373705720334
20
-54.821598143770224
0
VERTEX
8
C2
10
-16.102712765374847
20
-54.81279940119761
0
VERTEX
8
C2
10
-16.108163170136834
20
-54.80464229402195
0
VERTEX
8
C2
10
-16.114631662069684
20
-54.79726639260862
0
VERTEX
8
C2
10
-16.122007563483024
20
-54.79079790067576
0
VERTEX
8
C2
10
-16.130164670658687
20
-54.785347495913776
0
VERTEX
8
C2
10
-16.138963413231295
20
-54.78100843625926
0
VERTEX
8
C2
10
-16.148253242276
20
-54.77785496422593
0
VERTEX
8
C2
10
-16.15787520624218
20
-54.775941036594574
0
VERTEX
8
C2
10
-16.16766467065868
20
-54.77529940119761
0
SEQEND
0
POLYLINE
8
C2
66
1
70
1
0
VERTEX
8
C2
10
-16.16766467065868
20
-53.81721556886228
0
VERTEX
8
C2
10
-16.17745413507518
20
-53.81785720425924
0
VERTEX
8
C2
10
-16.187076099041363
20
-53.8197711318906
0
VERTEX
8
C2
10
-16.196365928086067
20
-53.82292460392393
0
VERTEX
8
C2
10
-16.205164670658675
20
-53.82726366357844
0
VERTEX
8
C2
10
-16.213321777834338
20
-53.83271406834044
0
VERTEX
8
C2
10
-16.220697679247678
20
-53.83918256027329
0
VERTEX
8
C2
10
-16.227166171180528
20
-53.84655846168663
0
VERTEX
8
C2
10
-16.232616575942515
20
-53.854715568862275
0
VERTEX
8
C2
10
-16.236955635597027
20
-53.8635143114349
0
VERTEX
8
C2
10
-16.24010910763036
20
-53.87280414047959
0
VERTEX
8
C2
10
-16.24202303526171
20
-53.88242610444578
0
VERTEX
8
C2
10
-16.242664670658684
20
-53.89221556886228
0
VERTEX
8
C2
10
-16.24202303526171
20
-53.90200503327878
0
VERTEX
8
C2
10
-16.24010910763036
20
-53.911626997244966
0
VERTEX
8
C2
10
-16.236955635597027
20
-53.92091682628966
0
VERTEX
8
C2
10
-16.232616575942515
20
-53.92971556886228
0
VERTEX
8
C2
10
-16.227166171180528
20
-53.937872676037934
0
VERTEX
8
C2
10
-16.220697679247678
20
-53.94524857745127
0
VERTEX
8
C2
10
-16.213321777834338
20
-53.951717069384124
0
VERTEX
8
C2
10
-16.205164670658675
20
-53.95716747414611
0
VERTEX
8
C2
10
-16.196365928086067
20
-53.96150653380062
0
VERTEX
8
C2
10
-16.187076099041363
20
-53.964660005833956
0
VERTEX
8
C2
10
-16.17745413507518
20
-53.96657393346531
0
VERTEX
8
C2
10
-16.16766467065868
20
-53.96721556886228
0
VERTEX
8
C2
10
-16.15787520624218
20
-53.96657393346531
0
VERTEX
8
C2
10
-16.148253242276
20
-53.964660005833956
0
VERTEX
8
C2
10
-16.138963413231295
20
-53.96150653380062
0
VERTEX
8
C2
10
-16.130164670658687
20
-53.95716747414611
0
VERTEX
8
C2
10
-16.122007563483024
20
-53.951717069384124
0
VERTEX
8
C2
10
-16.114631662069684
20
-53.94524857745127
0
VERTEX
8
C2
10
-16.108163170136834
20
-53.937872676037934
0
VERTEX
8
C2
10
-16.102712765374847
20
-53.92971556886228
0
VERTEX
8
C2
10
-16.098373705720334
20
-53.92091682628966
0
VERTEX
8
C2
10
-16.095220233687
20
-53.911626997244966
0
VERTEX
8
C2
10
-16.093306306055652
20
-53.90200503327878
0
VERTEX
8
C2
10
-16.092664670658678
20
-53.89221556886228
0
VERTEX
8
C2
10
-16.093306306055652
20
-53.88242610444578
0
VERTEX
8
C2
10
-16.095220233687
20
-53.87280414047959
0
VERTEX
8
C2
10
-16.098373705720334
20
-53.8635143114349
0
VERTEX
8
C2
10
-16.102712765374847
20
-53.854715568862275
0
VERTEX
8
C2
10
-16.108163170136834
20
-53.84655846168663
0
VERTEX
8
C2
10
-16.114631662069684
20
-53.83918256027329
0
VERTEX
8
C2
10
-16.122007563483024
20
-53.83271406834044
0
VERTEX
8
C2
10
-16.130164670658687
20
-53.82726366357844
0
VERTEX
8
C2
10
-16.138963413231295
20
-53.82292460392393
0
VERTEX
8
C2
10
-16.148253242276
20
-53.8197711318906
0
VERTEX
8
C2
10
-16.15787520624218
20
-53.81785720425924
0
VERTEX
8
C2
10
-16.16766467065868
20
-53.81721556886228
0
SEQEND
0
POLYLINE
8
C2
66
1
70
1
0
VERTEX
8
C2
10
-14.748502994011972
20
-53.577694610778444
0
VERTEX
8
C2
10
-14.758292458428471
20
-53.57833624617541
0
VERTEX
8
C2
10
-14.767914422394668
20
-53.58025017380677
0
VERTEX
8
C2
10
-14.777204251439358
20
-53.5834036458401
0
VERTEX
8
C2
10
-14.78600299401198
20
-53.58774270549461
0
VERTEX
8
C2
10
-14.794160101187629
20
-53.5931931102566
0
VERTEX
8
C2
10
-14.801536002600969
20
-53.59966160218946
0
VERTEX
8
C2
10
-14.808004494533819
20
-53.60703750360279
0
VERTEX
8
C2
10
-14.813454899295806
20
-53.615194610778445
0
VERTEX
8
C2
10
-14.817793958950318
20
-53.62399335335106
0
VERTEX
8
C2
10
-14.82094743098365
20
-53.63328318239576
0
VERTEX
8
C2
10
-14.822861358615015
20
-53.64290514636194
0
VERTEX
8
C2
10
-14.823502994011974
20
-53.65269461077845
0
VERTEX
8
C2
10
-14.822861358615015
20
-53.662484075194946
0
VERTEX
8
C2
10
-14.82094743098365
20
-53.672106039161136
0
VERTEX
8
C2
10
-14.817793958950318
20
-53.681395868205826
0
VERTEX
8
C2
10
-14.813454899295806
20
-53.69019461077845
0
VERTEX
8
C2
10
-14.808004494533819
20
-53.6983517179541
0
VERTEX
8
C2
10
-14.801536002600969
20
-53.70572761936744
0
VERTEX
8
C2
10
-14.794160101187629
20
-53.71219611130029
0
VERTEX
8
C2
10
-14.78600299401198
20
-53.71764651606228
0
VERTEX
8
C2
10
-14.777204251439358
20
-53.72198557571679
0
VERTEX
8
C2
10
-14.767914422394668
20
-53.725139047750126
0
VERTEX
8
C2
10
-14.758292458428471
20
-53.72705297538148
0
VERTEX
8
C2
10
-14.748502994011972
20
-53.72769461077844
0
VERTEX
8
C2
10
-14.738713529595472
20
-53.72705297538148
0
VERTEX
8
C2
10
-14.72909156562929
20
-53.725139047750126
0
VERTEX
8
C2
10
-14.719801736584586
20
-53.72198557571679
0
VERTEX
8
C2
10
-14.711002994011977
20
-53.71764651606228
0
VERTEX
8
C2
10
-14.702845886836315
20
-53.71219611130029
0
VERTEX
8
C2
10
-14.695469985422989
20
-53.70572761936744
0
VERTEX
8
C2
10
-14.689001493490125
20
-53.6983517179541
0
VERTEX
8
C2
10
-14.683551088728137
20
-53.69019461077845
0
VERTEX
8
C2
10
-14.679212029073625
20
-53.681395868205826
0
VERTEX
8
C2
10
-14.676058557040292
20
-53.672106039161136
0
VERTEX
8
C2
10
-14.674144629408943
20
-53.662484075194946
0
VERTEX
8
C2
10
-14.673502994011969
20
-53.65269461077845
0
VERTEX
8
C2
10
-14.674144629408943
20
-53.64290514636194
0
VERTEX
8
C2
10
-14.676058557040292
20
-53.63328318239576
0
VERTEX
8
C2
10
-14.679212029073625
20
-53.62399335335106
0
VERTEX
8
C2
10
-14.683551088728137
20
-53.615194610778445
0
VERTEX
8
C2
10
-14.689001493490125
20
-53.60703750360279
0
VERTEX
8
C2
10
-14.695469985422989
20
-53.59966160218946
0
VERTEX
8
C2
10
-14.702845886836315
20
-53.5931931102566
0
VERTEX
8
C2
10
-14.711002994011977
20
-53.58774270549461
0
VERTEX
8
C2
10
-14.719801736584586
20
-53.5834036458401
0
VERTEX
8
C2
10
-14.72909156562929
20
-53.58025017380677
0
VERTEX
8
C2
10
-14.738713529595472
20
-53.57833624617541
0
VERTEX
8
C2
10
-14.748502994011972
20
-53.577694610778444
0
SEQEND
0
POLYLINE
8
C2
66
1
70
1
0
VERTEX
8
C2
10
-16.16766467065868
20
-53.338173652694614
0
VERTEX
8
C2
10
-16.17745413507518
20
-53.33881528809158
0
VERTEX
8
C2
10
-16.187076099041363
20
-53.34072921572293
0
VERTEX
8
C2
10
-16.196365928086067
20
-53.34388268775627
0
VERTEX
8
C2
10
-16.205164670658675
20
-53.34822174741078
0
VERTEX
8
C2
10
-16.213321777834338
20
-53.35367215217277
0
VERTEX
8
C2
10
-16.220697679247678
20
-53.36014064410562
0
VERTEX
8
C2
10
-16.227166171180528
20
-53.36751654551896
0
VERTEX
8
C2
10
-16.232616575942515
20
-53.375673652694616
0
VERTEX
8
C2
10
-16.236955635597027
20
-53.38447239526723
0
VERTEX
8
C2
10
-16.24010910763036
20
-53.39376222431193
0
VERTEX
8
C2
10
-16.24202303526171
20
-53.40338418827811
0
VERTEX
8
C2
10
-16.242664670658684
20
-53.41317365269461
0
VERTEX
8
C2
10
-16.24202303526171
20
-53.42296311711112
0
VERTEX
8
C2
10
-16.24010910763036
20
-53.4325850810773
0
VERTEX
8
C2
10
-16.236955635597027
20
-53.441874910121996
0
VERTEX
8
C2
10
-16.232616575942515
20
-53.45067365269461
0
VERTEX
8
C2
10
-16.227166171180528
20
-53.45883075987027
0
VERTEX
8
C2
10
-16.220697679247678
20
-53.46620666128361
0
VERTEX
8
C2
10
-16.213321777834338
20
-53.47267515321646
0
VERTEX
8
C2
10
-16.205164670658675
20
-53.478125557978444
0
VERTEX
8
C2
10
-16.196365928086067
20
-53.48246461763296
0
VERTEX
8
C2
10
-16.187076099041363
20
-53.485618089666296
0
VERTEX
8
C2
10
-16.17745413507518
20
-53.487532017297646
0
VERTEX
8
C2
10
-16.16766467065868
20
-53.48817365269461
0
VERTEX
8
C2
10
-16.15787520624218
20
-53.487532017297646
0
VERTEX
8
C2
10
-16.148253242276
20
-53.485618089666296
0
VERTEX
8
C2
10
-16.138963413231295
20
-53.48246461763296
0
VERTEX
8
C2
10
-16.130164670658687
20
-53.478125557978444
0
VERTEX
8
C2
10
-16.122007563483024
20
-53.47267515321646
0
VERTEX
8
C2
10
-16.114631662069684
20
-53.46620666128361
0
VERTEX
8
C2
10
-16.108163170136834
20
-53.45883075987027
0
VERTEX
8
C2
10
-16.102712765374847
20
-53.45067365269461
0
VERTEX
8
C2
10
-16.098373705720334
20
-53.441874910121996
0
VERTEX
8
C2
10
-16.095220233687
20
-53.4325850810773
0
VERTEX
8
C2
10
-16.093306306055652
20
-53.42296311711112
0
VERTEX
8
C2
10
-16.092664670658678
20
-53.41317365269461
0
VERTEX
8
C2
10
-16.093306306055652
20
-53.40338418827811
0
VERTEX
8
C2
10
-16.095220233687
20
-53.39376222431193
0
VERTEX
8
C2
10
-16.098373705720334
20
-53.38447239526723
0
VERTEX
8
C2
10
-16.102712765374847
20
-53.375673652694616
0
VERTEX
8
C2
10
-16.108163170136834
20
-53.36751654551896
0
VERTEX
8
C2
10
-16.114631662069684
20
-53.36014064410562
0
VERTEX
8
C2
10
-16.122007563483024
20
-53.35367215217277
0
VERTEX
8
C2
10
-16.130164670658687
20
-53.34822174741078
0
VERTEX
8
C2
10
-16.138963413231295
20
-53.34388268775627
0
VERTEX
8
C2
10
-16.148253242276
20
-53.34072921572293
0
VERTEX
8
C2
10
-16.15787520624218
20
-53.33881528809158
0
VERTEX
8
C2
10
-16.16766467065868
20
-53.338173652694614
0
SEQEND
0
POLYLINE
8
C2
66
1
70
1
0
VERTEX
8
C2
10
-14.910179640718567
20
-55.61362275449102
0
VERTEX
8
C2
10
-14.919969105135067
20
-55.614264389887985
0
VERTEX
8
C2
10
-14.92959106910125
20
-55.61617831751934
0
VERTEX
8
C2
10
-14.93888089814594
20
-55.619331789552675
0
VERTEX
8
C2
10
-14.947679640718562
20
-55.62367084920719
0
VERTEX
8
C2
10
-14.95583674789421
20
-55.62912125396918
0
VERTEX
8
C2
10
-14.96321264930755
20
-55.63558974590203
0
VERTEX
8
C2
10
-14.9696811412404
20
-55.642965647315364
0
VERTEX
8
C2
10
-14.975131546002387
20
-55.65112275449102
0
VERTEX
8
C2
10
-14.979470605656914
20
-55.659921497063635
0
VERTEX
8
C2
10
-14.982624077690247
20
-55.66921132610833
0
VERTEX
8
C2
10
-14.984538005321596
20
-55.678833290074515
0
VERTEX
8
C2
10
-14.985179640718556
20
-55.68862275449102
0
VERTEX
8
C2
10
-14.984538005321596
20
-55.69841221890752
0
VERTEX
8
C2
10
-14.982624077690247
20
-55.70803418287371
0
VERTEX
8
C2
10
-14.979470605656914
20
-55.7173240119184
0
VERTEX
8
C2
10
-14.975131546002387
20
-55.72612275449102
0
VERTEX
8
C2
10
-14.9696811412404
20
-55.73427986166667
0
VERTEX
8
C2
10
-14.96321264930755
20
-55.74165576308001
0
VERTEX
8
C2
10
-14.95583674789421
20
-55.74812425501286
0
VERTEX
8
C2
10
-14.947679640718562
20
-55.753574659774856
0
VERTEX
8
C2
10
-14.93888089814594
20
-55.75791371942937
0
VERTEX
8
C2
10
-14.92959106910125
20
-55.7610671914627
0
VERTEX
8
C2
10
-14.919969105135067
20
-55.76298111909406
0
VERTEX
8
C2
10
-14.910179640718567
20
-55.763622754491024
0
VERTEX
8
C2
10
-14.900390176302054
20
-55.76298111909406
0
VERTEX
8
C2
10
-14.890768212335871
20
-55.7610671914627
0
VERTEX
8
C2
10
-14.881478383291181
20
-55.75791371942937
0
VERTEX
8
C2
10
-14.872679640718559
20
-55.753574659774856
0
VERTEX
8
C2
10
-14.86452253354291
20
-55.74812425501286
0
VERTEX
8
C2
10
-14.85714663212957
20
-55.74165576308001
0
VERTEX
8
C2
10
-14.85067814019672
20
-55.73427986166667
0
VERTEX
8
C2
10
-14.845227735434733
20
-55.72612275449102
0
VERTEX
8
C2
10
-14.84088867578022
20
-55.7173240119184
0
VERTEX
8
C2
10
-14.837735203746874
20
-55.70803418287371
0
VERTEX
8
C2
10
-14.835821276115524
20
-55.69841221890752
0
VERTEX
8
C2
10
-14.835179640718565
20
-55.68862275449102
0
VERTEX
8
C2
10
-14.835821276115524
20
-55.678833290074515
0
VERTEX
8
C2
10
-14.837735203746874
20
-55.66921132610833
0
VERTEX
8
C2
10
-14.84088867578022
20
-55.659921497063635
0
VERTEX
8
C2
10
-14.845227735434733
20
-55.65112275449102
0
VERTEX
8
C2
10
-14.85067814019672
20
-55.642965647315364
0
VERTEX
8
C2
10
-14.85714663212957
20
-55.63558974590203
0
VERTEX
8
C2
10
-14.86452253354291
20
-55.62912125396918
0
VERTEX
8
C2
10
-14.872679640718559
20
-55.62367084920719
0
VERTEX
8
C2
10
-14.881478383291181
20
-55.619331789552675
0
VERTEX
8
C2
10
-14.890768212335871
20
-55.61617831751934
0
VERTEX
8
C2
10
-14.900390176302054
20
-55.614264389887985
0
VERTEX
8
C2
10
-14.910179640718567
20
-55.61362275449102
0
SEQEND
0
POLYLINE
8
C2
66
1
70
1
0
VERTEX
8
C2
10
-16.16766467065868
20
-54.29625748502994
0
VERTEX
8
C2
10
-16.17745413507518
20
-54.29689912042691
0
VERTEX
8
C2
10
-16.187076099041363
20
-54.298813048058264
0
VERTEX
8
C2
10
-16.196365928086067
20
-54.3019665200916
0
VERTEX
8
C2
10
-16.205164670658675
20
-54.30630557974611
0
VERTEX
8
C2
10
-16.213321777834338
20
-54.3117559845081
0
VERTEX
8
C2
10
-16.220697679247678
20
-54.31822447644095
0
VERTEX
8
C2
10
-16.227166171180528
20
-54.325600377854286
0
VERTEX
8
C2
10
-16.232616575942515
20
-54.33375748502994
0
VERTEX
8
C2
10
-16.236955635597027
20
-54.342556227602564
0
VERTEX
8
C2
10
-16.24010910763036
20
-54.351846056647254
0
VERTEX
8
C2
10
-16.24202303526171
20
-54.36146802061344
0
VERTEX
8
C2
10
-16.242664670658684
20
-54.37125748502994
0
VERTEX
8
C2
10
-16.24202303526171
20
-54.38104694944645
0
VERTEX
8
C2
10
-16.24010910763036
20
-54.39066891341263
0
VERTEX
8
C2
10
-16.236955635597027
20
-54.39995874245732
0
VERTEX
8
C2
10
-16.232616575942515
20
-54.408757485029945
0
VERTEX
8
C2
10
-16.227166171180528
20
-54.4169145922056
0
VERTEX
8
C2
10
-16.220697679247678
20
-54.42429049361893
0
VERTEX
8
C2
10
-16.213321777834338
20
-54.43075898555178
0
VERTEX
8
C2
10
-16.205164670658675
20
-54.43620939031378
0
VERTEX
8
C2
10
-16.196365928086067
20
-54.44054844996829
0
VERTEX
8
C2
10
-16.187076099041363
20
-54.44370192200162
0
VERTEX
8
C2
10
-16.17745413507518
20
-54.44561584963298
0
VERTEX
8
C2
10
-16.16766467065868
20
-54.446257485029946
0
VERTEX
8
C2
10
-16.15787520624218
20
-54.44561584963298
0
VERTEX
8
C2
10
-16.148253242276
20
-54.44370192200162
0
VERTEX
8
C2
10
-16.138963413231295
20
-54.44054844996829
0
VERTEX
8
C2
10
-16.130164670658687
20
-54.43620939031378
0
VERTEX
8
C2
10
-16.122007563483024
20
-54.43075898555178
0
VERTEX
8
C2
10
-16.114631662069684
20
-54.42429049361893
0
VERTEX
8
C2
10
-16.108163170136834
20
-54.4169145922056
0
VERTEX
8
C2
10
-16.102712765374847
20
-54.408757485029945
0
VERTEX
8
C2
10
-16.098373705720334
20
-54.39995874245732
0
VERTEX
8
C2
10
-16.095220233687
20
-54.39066891341263
0
VERTEX
8
C2
10
-16.093306306055652
20
-54.38104694944645
0
VERTEX
8
C2
10
-16.092664670658678
20
-54.37125748502994
0
VERTEX
8
C2
10
-16.093306306055652
20
-54.36146802061344
0
VERTEX
8
C2
10
-16.095220233687
20
-54.351846056647254
0
VERTEX
8
C2
10
-16.098373705720334
20
-54.342556227602564
0
VERTEX
8
C2
10
-16.102712765374847
20
-54.33375748502994
0
VERTEX
8
C2
10
-16.108163170136834
20
-54.325600377854286
0
VERTEX
8
C2
10
-16.114631662069684
20
-54.31822447644095
0
VERTEX
8
C2
10
-16.122007563483024
20
-54.3117559845081
0
VERTEX
8
C2
10
-16.130164670658687
20
-54.30630557974611
0
VERTEX
8
C2
10
-16.138963413231295
20
-54.3019665200916
0
VERTEX
8
C2
10
-16.148253242276
20
-54.298813048058264
0
VERTEX
8
C2
10
-16.15787520624218
20
-54.29689912042691
0
VERTEX
8
C2
10
-16.16766467065868
20
-54.29625748502994
0
SEQEND
0
POLYLINE
8
C2
66
1
70
1
0
VERTEX
8
C2
10
-16.16766467065868
20
-55.254341317365274
0
VERTEX
8
C2
10
-16.17745413507518
20
-55.254982952762234
0
VERTEX
8
C2
10
-16.187076099041363
20
-55.25689688039359
0
VERTEX
8
C2
10
-16.196365928086067
20
-55.26005035242692
0
VERTEX
8
C2
10
-16.205164670658675
20
-55.26438941208144
0
VERTEX
8
C2
10
-16.213321777834338
20
-55.26983981684343
0
VERTEX
8
C2
10
-16.220697679247678
20
-55.27630830877628
0
VERTEX
8
C2
10
-16.227166171180528
20
-55.28368421018962
0
VERTEX
8
C2
10
-16.232616575942515
20
-55.291841317365275
0
VERTEX
8
C2
10
-16.236955635597027
20
-55.30064005993789
0
VERTEX
8
C2
10
-16.24010910763036
20
-55.30992988898258
0
VERTEX
8
C2
10
-16.24202303526171
20
-55.31955185294877
0
VERTEX
8
C2
10
-16.242664670658684
20
-55.32934131736527
0
VERTEX
8
C2
10
-16.24202303526171
20
-55.339130781781776
0
VERTEX
8
C2
10
-16.24010910763036
20
-55.34875274574796
0
VERTEX
8
C2
10
-16.236955635597027
20
-55.358042574792655
0
VERTEX
8
C2
10
-16.232616575942515
20
-55.36684131736527
0
VERTEX
8
C2
10
-16.227166171180528
20
-55.37499842454093
0
VERTEX
8
C2
10
-16.220697679247678
20
-55.38237432595427
0
VERTEX
8
C2
10
-16.213321777834338
20
-55.38884281788712
0
VERTEX
8
C2
10
-16.205164670658675
20
-55.394293222649104
0
VERTEX
8
C2
10
-16.196365928086067
20
-55.398632282303616
0
VERTEX
8
C2
10
-16.187076099041363
20
-55.401785754336956
0
VERTEX
8
C2
10
-16.17745413507518
20
-55.403699681968305
0
VERTEX
8
C2
10
-16.16766467065868
20
-55.40434131736527
0
VERTEX
8
C2
10
-16.15787520624218
20
-55.403699681968305
0
VERTEX
8
C2
10
-16.148253242276
20
-55.401785754336956
0
VERTEX
8
C2
10
-16.138963413231295
20
-55.398632282303616
0
VERTEX
8
C2
10
-16.130164670658687
20
-55.394293222649104
0
VERTEX
8
C2
10
-16.122007563483024
20
-55.38884281788712
0
VERTEX
8
C2
10
-16.114631662069684
20
-55.38237432595427
0
VERTEX
8
C2
10
-16.108163170136834
20
-55.37499842454093
0
VERTEX
8
C2
10
-16.102712765374847
20
-55.36684131736527
0
VERTEX
8
C2
10
-16.098373705720334
20
-55.358042574792655
0
VERTEX
8
C2
10
-16.095220233687
20
-55.34875274574796
0
VERTEX
8
C2
10
-16.093306306055652
20
-55.339130781781776
0
VERTEX
8
C2
10
-16.092664670658678
20
-55.32934131736527
0
VERTEX
8
C2
10
-16.093306306055652
20
-55.31955185294877
0
VERTEX
8
C2
10
-16.095220233687
20
-55.30992988898258
0
VERTEX
8
C2
10
-16.098373705720334
20
-55.30064005993789
0
VERTEX
8
C2
10
-16.102712765374847
20
-55.291841317365275
0
VERTEX
8
C2
10
-16.108163170136834
20
-55.28368421018962
0
VERTEX
8
C2
10
-16.114631662069684
20
-55.27630830877628
0
VERTEX
8
C2
10
-16.122007563483024
20
-55.26983981684343
0
VERTEX
8
C2
10
-16.130164670658687
20
-55.26438941208144
0
VERTEX
8
C2
10
-16.138963413231295
20
-55.26005035242692
0
VERTEX
8
C2
10
-16.148253242276
20
-55.25689688039359
0
VERTEX
8
C2
10
-16.15787520624218
20
-55.254982952762234
0
VERTEX
8
C2
10
-16.16766467065868
20
-55.254341317365274
0
SEQEND
0
POLYLINE
8
C2
66
1
70
1
0
VERTEX
8
C2
10
-16.16766467065868
20
-56.2124251497006
0
VERTEX
8
C2
10
-16.17745413507518
20
-56.21306678509757
0
VERTEX
8
C2
10
-16.187076099041363
20
-56.214980712728924
0
VERTEX
8
C2
10
-16.196365928086067
20
-56.218134184762256
0
VERTEX
8
C2
10
-16.205164670658675
20
-56.22247324441677
0
VERTEX
8
C2
10
-16.213321777834338
20
-56.227923649178756
0
VERTEX
8
C2
10
-16.220697679247678
20
-56.23439214111161
0
VERTEX
8
C2
10
-16.227166171180528
20
-56.241768042524946
0
VERTEX
8
C2
10
-16.232616575942515
20
-56.2499251497006
0
VERTEX
8
C2
10
-16.236955635597027
20
-56.25872389227322
0
VERTEX
8
C2
10
-16.24010910763036
20
-56.268013721317914
0
VERTEX
8
C2
10
-16.24202303526171
20
-56.277635685284096
0
VERTEX
8
C2
10
-16.242664670658684
20
-56.2874251497006
0
VERTEX
8
C2
10
-16.24202303526171
20
-56.2972146141171
0
VERTEX
8
C2
10
-16.24010910763036
20
-56.30683657808329
0
VERTEX
8
C2
10
-16.236955635597027
20
-56.31612640712798
0
VERTEX
8
C2
10
-16.232616575942515
20
-56.324925149700604
0
VERTEX
8
C2
10
-16.227166171180528
20
-56.33308225687625
0
VERTEX
8
C2
10
-16.220697679247678
20
-56.34045815828959
0
VERTEX
8
C2
10
-16.213321777834338
20
-56.34692665022244
0
VERTEX
8
C2
10
-16.205164670658675
20
-56.35237705498444
0
VERTEX
8
C2
10
-16.196365928086067
20
-56.35671611463895
0
VERTEX
8
C2
10
-16.187076099041363
20
-56.35986958667228
0
VERTEX
8
C2
10
-16.17745413507518
20
-56.36178351430364
0
VERTEX
8
C2
10
-16.16766467065868
20
-56.3624251497006
0
VERTEX
8
C2
10
-16.15787520624218
20
-56.36178351430364
0
VERTEX
8
C2
10
-16.148253242276
20
-56.35986958667228
0
VERTEX
8
C2
10
-16.138963413231295
20
-56.35671611463895
0
VERTEX
8
C2
10
-16.130164670658687
20
-56.35237705498444
0
VERTEX
8
C2
10
-16.122007563483024
20
-56.34692665022244
0
VERTEX
8
C2
10
-16.114631662069684
20
-56.34045815828959
0
VERTEX
8
C2
10
-16.108163170136834
20
-56.33308225687625
0
VERTEX
8
C2
10
-16.102712765374847
20
-56.324925149700604
0
VERTEX
8
C2
10
-16.098373705720334
20
-56.31612640712798
0
VERTEX
8
C2
10
-16.095220233687
20
-56.30683657808329
0
VERTEX
8
C2
10
-16.093306306055652
20
-56.2972146141171
0
VERTEX
8
C2
10
-16.092664670658678
20
-56.2874251497006
0
VERTEX
8
C2
10
-16.093306306055652
20
-56.277635685284096
0
VERTEX
8
C2
10
-16.095220233687
20
-56.268013721317914
0
VERTEX
8
C2
10
-16.098373705720334
20
-56.25872389227322
0
VERTEX
8
C2
10
-16.102712765374847
20
-56.2499251497006
0
VERTEX
8
C2
10
-16.108163170136834
20
-56.241768042524946
0
VERTEX
8
C2
10
-16.114631662069684
20
-56.23439214111161
0
VERTEX
8
C2
10
-16.122007563483024
20
-56.227923649178756
0
VERTEX
8
C2
10
-16.130164670658687
20
-56.22247324441677
0
VERTEX
8
C2
10
-16.138963413231295
20
-56.218134184762256
0
VERTEX
8
C2
10
-16.148253242276
20
-56.214980712728924
0
VERTEX
8
C2
10
-16.15787520624218
20
-56.21306678509757
0
VERTEX
8
C2
10
-16.16766467065868
20
-56.2124251497006
0
SEQEND
0
POLYLINE
8
C2
66
1
70
1
0
VERTEX
8
C2
10
-7.365269461077844
20
-57.565029940119764
0
VERTEX
8
C2
10
-7.365269461077844
20
-55.209580838323355
0
VERTEX
8
C2
10
-7.724550898203589
20
-55.209580838323355
0
VERTEX
8
C2
10
-7.724550898203589
20
-55.808383233532936
0
VERTEX
8
C2
10
-7.485029940119759
20
-55.808383233532936
0
VERTEX
8
C2
10
-7.485029940119759
20
-56.047904191616766
0
VERTEX
8
C2
10
-7.724550898203589
20
-56.047904191616766
0
VERTEX
8
C2
10
-7.724550898203589
20
-57.0059880239521
0
VERTEX
8
C2
10
-7.485029940119759
20
-57.0059880239521
0
VERTEX
8
C2
10
-7.485029940119759
20
-57.24550898203593
0
VERTEX
8
C2
10
-7.724550898203589
20
-57.24550898203593
0
VERTEX
8
C2
10
-7.724550898203589
20
-57.565029940119764
0
VERTEX
8
C2
10
-7.365269461077844
20
-57.565029940119764
0
SEQEND
0
POLYLINE
8
C2
66
1
70
1
0
VERTEX
8
C2
10
-6.467465514406044
20
-55.808383233532936
0
VERTEX
8
C2
10
-6.287425149700596
20
-55.808383233532936
0
VERTEX
8
C2
10
-6.287425149700596
20
-55.32934131736527
0
VERTEX
8
C2
10
-6.167664670658681
20
-55.32934131736527
0
VERTEX
8
C2
10
-6.167664670658681
20
-55.68862275449102
0
VERTEX
8
C2
10
-6.119760479041915
20
-55.68862275449102
0
VERTEX
8
C2
10
-6.115579073710492
20
-55.71060645197381
0
VERTEX
8
C2
10
-6.103618828344423
20
-55.7295199296113
0
VERTEX
8
C2
10
-6.085550098110616
20
-55.742721751201444
0
VERTEX
8
C2
10
-6.063896342685766
20
-55.74836816436037
0
VERTEX
8
C2
10
-6.041681702557739
20
-55.745670597022404
0
VERTEX
8
C2
10
-6.022008650776428
20
-55.73500578857734
0
VERTEX
8
C2
10
-6.007624704862181
20
-55.717863174847324
0
VERTEX
8
C2
10
-6.000538711426657
20
-55.69663687506163
0
VERTEX
8
C2
10
-6.001740292788213
20
-55.67429133170749
0
VERTEX
8
C2
10
-6.011061637369892
20
-55.65394729964032
0
VERTEX
8
C2
10
-6.027200936086032
20
-55.638446004774686
0
VERTEX
8
C2
10
-6.047904191616766
20
-55.629952341490224
0
VERTEX
8
C2
10
-6.047904191616766
20
-55.209580838323355
0
VERTEX
8
C2
10
-7.005988023952099
20
-55.209580838323355
0
VERTEX
8
C2
10
-7.005988023952099
20
-55.808383233532936
0
VERTEX
8
C2
10
-6.825947659246651
20
-55.808383233532936
0
VERTEX
8
C2
10
-6.846630140595721
20
-55.76924847638517
0
VERTEX
8
C2
10
-6.858883320830074
20
-55.72671432744678
0
VERTEX
8
C2
10
-6.862190573750027
20
-55.682574137937756
0
VERTEX
8
C2
10
-6.856412456902703
20
-55.63868897395871
0
VERTEX
8
C2
10
-6.8417925908413935
20
-55.59690914906536
0
VERTEX
8
C2
10
-6.818947387444354
20
-55.55899621019858
0
VERTEX
8
C2
10
-6.788840060374142
20
-55.5265486662475
0
VERTEX
8
C2
10
-6.752740013464646
20
-55.50093459072444
0
VERTEX
8
C2
10
-6.7121693193277
20
-55.483233940199234
0
VERTEX
8
C2
10
-6.668838544781806
20
-55.474193020499236
0
VERTEX
8
C2
10
-6.624574628870889
20
-55.474193020499236
0
VERTEX
8
C2
10
-6.581243854324995
20
-55.483233940199234
0
VERTEX
8
C2
10
-6.5406731601880495
20
-55.50093459072444
0
VERTEX
8
C2
10
-6.504573113278553
20
-55.5265486662475
0
VERTEX
8
C2
10
-6.4744657862083415
20
-55.55899621019858
0
VERTEX
8
C2
10
-6.451620582811302
20
-55.59690914906536
0
VERTEX
8
C2
10
-6.437000716749992
20
-55.63868897395871
0
VERTEX
8
C2
10
-6.431222599902668
20
-55.682574137937756
0
VERTEX
8
C2
10
-6.434529852822621
20
-55.72671432744678
0
VERTEX
8
C2
10
-6.44678303305696
20
-55.76924847638517
0
VERTEX
8
C2
10
-6.467465514406044
20
-55.808383233532936
0
SEQEND
0
POLYLINE
8
C2
66
1
70
1
0
VERTEX
8
C2
10
-7.015468460668146
20
-53.59281437125749
0
VERTEX
8
C2
10
-8.023952095808383
20
-53.59281437125749
0
VERTEX
8
C2
10
-8.023952095808383
20
-54.37125748502994
0
VERTEX
8
C2
10
-8.143712574850298
20
-54.37125748502994
0
VERTEX
8
C2
10
-8.143712574850298
20
-53.59281437125749
0
VERTEX
8
C2
10
-9.391717168074365
20
-53.59281437125749
0
VERTEX
8
C2
10
-9.383850432465309
20
-53.63639773699489
0
VERTEX
8
C2
10
-9.385056353718241
20
-53.68066895848329
0
VERTEX
8
C2
10
-9.395284032508513
20
-53.72375944333442
0
VERTEX
8
C2
10
-9.41410178066279
20
-53.76385043549657
0
VERTEX
8
C2
10
-9.440715341781896
20
-53.79924978100891
0
VERTEX
8
C2
10
-9.474001415083535
20
-53.828463350155815
0
VERTEX
8
C2
10
-9.512555067495725
20
-53.85025810144651
0
VERTEX
8
C2
10
-9.554749032839325
20
-53.86371412562626
0
VERTEX
8
C2
10
-9.598802395209574
20
-53.868263473053894
0
VERTEX
8
C2
10
-9.642855757579838
20
-53.86371412562626
0
VERTEX
8
C2
10
-9.685049722923438
20
-53.85025810144651
0
VERTEX
8
C2
10
-9.723603375335628
20
-53.828463350155815
0
VERTEX
8
C2
10
-9.756889448637267
20
-53.79924978100891
0
VERTEX
8
C2
10
-9.783503009756387
20
-53.76385043549657
0
VERTEX
8
C2
10
-9.80232075791065
20
-53.72375944333442
0
VERTEX
8
C2
10
-9.812548436700922
20
-53.68066895848329
0
VERTEX
8
C2
10
-9.813754357953854
20
-53.63639773699489
0
VERTEX
8
C2
10
-9.805887622344798
20
-53.59281437125749
0
VERTEX
8
C2
10
-10.119760479041915
20
-53.59281437125749
0
VERTEX
8
C2
10
-10.119760479041915
20
-54.550898203592816
0
VERTEX
8
C2
10
-8.143712574850298
20
-54.550898203592816
0
VERTEX
8
C2
10
-8.143712574850298
20
-54.49101796407186
0
VERTEX
8
C2
10
-8.023952095808383
20
-54.49101796407186
0
VERTEX
8
C2
10
-8.023952095808383
20
-54.550898203592816
0
VERTEX
8
C2
10
-6.047904191616766
20
-54.550898203592816
0
VERTEX
8
C2
10
-6.047904191616766
20
-53.59281437125749
0
VERTEX
8
C2
10
-6.6012980063977125
20
-53.59281437125749
0
VERTEX
8
C2
10
-6.59343127078867
20
-53.63639773699489
0
VERTEX
8
C2
10
-6.5946371920415885
20
-53.68066895848329
0
VERTEX
8
C2
10
-6.604864870831861
20
-53.72375944333442
0
VERTEX
8
C2
10
-6.6236826189861375
20
-53.76385043549657
0
VERTEX
8
C2
10
-6.650296180105244
20
-53.79924978100892
0
VERTEX
8
C2
10
-6.6835822534068825
20
-53.828463350155815
0
VERTEX
8
C2
10
-6.722135905819073
20
-53.85025810144651
0
VERTEX
8
C2
10
-6.764329871162673
20
-53.86371412562626
0
VERTEX
8
C2
10
-6.808383233532936
20
-53.868263473053894
0
VERTEX
8
C2
10
-6.8524365959032
20
-53.86371412562626
0
VERTEX
8
C2
10
-6.8946305612467995
20
-53.85025810144651
0
VERTEX
8
C2
10
-6.93318421365899
20
-53.828463350155815
0
VERTEX
8
C2
10
-6.966470286960629
20
-53.79924978100892
0
VERTEX
8
C2
10
-6.993083848079735
20
-53.76385043549657
0
VERTEX
8
C2
10
-7.011901596233997
20
-53.72375944333442
0
VERTEX
8
C2
10
-7.022129275024284
20
-53.68066895848329
0
VERTEX
8
C2
10
-7.023335196277202
20
-53.63639773699489
0
VERTEX
8
C2
10
-7.015468460668146
20
-53.59281437125749
0
SEQEND
0
POLYLINE
8
C2
66
1
70
1
0
VERTEX
8
C2
10
-9.34171701141203
20
-55.808383233532936
0
VERTEX
8
C2
10
-9.161676646706582
20
-55.808383233532936
0
VERTEX
8
C2
10
-9.161676646706582
20
-55.209580838323355
0
VERTEX
8
C2
10
-10.119760479041915
20
-55.209580838323355
0
VERTEX
8
C2
10
-10.119760479041915
20
-55.26946107784431
0
VERTEX
8
C2
10
-10.538922155688624
20
-55.26946107784431
0
VERTEX
8
C2
10
-10.538922155688624
20
-54.79041916167665
0
VERTEX
8
C2
10
-10.778443113772454
20
-54.79041916167665
0
VERTEX
8
C2
10
-10.778443113772454
20
-55.38922155688623
0
VERTEX
8
C2
10
-10.119760479041915
20
-55.38922155688623
0
VERTEX
8
C2
10
-10.119760479041915
20
-55.68862275449102
0
VERTEX
8
C2
10
-10.077844311377248
20
-55.68862275449102
0
VERTEX
8
C2
10
-10.073850145220575
20
-55.710126007477676
0
VERTEX
8
C2
10
-10.062400489084368
20
-55.72876061578206
0
VERTEX
8
C2
10
-10.04502278605871
20
-55.74204062669498
0
VERTEX
8
C2
10
-10.024035311216025
20
-55.74819441837347
0
VERTEX
8
C2
10
-10.002237901778088
20
-55.74640104331787
0
VERTEX
8
C2
10
-9.982538444412583
20
-55.7368997469958
0
VERTEX
8
C2
10
-9.967564948177028
20
-55.72095805126482
0
VERTEX
8
C2
10
-9.959314954577266
20
-55.70070266042932
0
VERTEX
8
C2
10
-9.958889055243915
20
-55.67883574793457
0
VERTEX
8
C2
10
-9.96634406734131
20
-55.65827447251394
0
VERTEX
8
C2
10
-9.980685453865036
20
-55.641761814191554
0
VERTEX
8
C2
10
-10.0
20
-55.631500646621745
0
VERTEX
8
C2
10
-10.0
20
-55.32934131736527
0
VERTEX
8
C2
10
-9.880239520958085
20
-55.32934131736527
0
VERTEX
8
C2
10
-9.880239520958085
20
-55.808383233532936
0
VERTEX
8
C2
10
-9.700199156252637
20
-55.808383233532936
0
VERTEX
8
C2
10
-9.720881637601721
20
-55.76924847638517
0
VERTEX
8
C2
10
-9.73313481783606
20
-55.72671432744678
0
VERTEX
8
C2
10
-9.736442070756013
20
-55.68257413793775
0
VERTEX
8
C2
10
-9.730663953908689
20
-55.63868897395871
0
VERTEX
8
C2
10
-9.71604408784738
20
-55.59690914906536
0
VERTEX
8
C2
10
-9.69319888445034
20
-55.55899621019857
0
VERTEX
8
C2
10
-9.663091557380127
20
-55.5265486662475
0
VERTEX
8
C2
10
-9.626991510470631
20
-55.50093459072444
0
VERTEX
8
C2
10
-9.586420816333685
20
-55.48323394019923
0
VERTEX
8
C2
10
-9.543090041787792
20
-55.47419302049923
0
VERTEX
8
C2
10
-9.498826125876874
20
-55.47419302049923
0
VERTEX
8
C2
10
-9.455495351330981
20
-55.483233940199234
0
VERTEX
8
C2
10
-9.414924657194035
20
-55.50093459072444
0
VERTEX
8
C2
10
-9.37882461028454
20
-55.5265486662475
0
VERTEX
8
C2
10
-9.348717283214327
20
-55.55899621019858
0
VERTEX
8
C2
10
-9.325872079817287
20
-55.59690914906536
0
VERTEX
8
C2
10
-9.311252213755978
20
-55.63868897395871
0
VERTEX
8
C2
10
-9.305474096908654
20
-55.682574137937756
0
VERTEX
8
C2
10
-9.308781349828607
20
-55.72671432744678
0
VERTEX
8
C2
10
-9.32103453006296
20
-55.76924847638517
0
VERTEX
8
C2
10
-9.34171701141203
20
-55.808383233532936
0
SEQEND
0
POLYLINE
8
C2
66
1
70
1
0
VERTEX
8
C2
10
-1.0782439575198026
20
-55.808383233532936
0
VERTEX
8
C2
10
-0.8982035928143688
20
-55.808383233532936
0
VERTEX
8
C2
10
-0.8982035928143688
20
-55.32934131736527
0
VERTEX
8
C2
10
-0.7784431137724539
20
-55.32934131736527
0
VERTEX
8
C2
10
-0.7784431137724539
20
-55.631500646621745
0
VERTEX
8
C2
10
-0.7977576599074183
20
-55.641761814191554
0
VERTEX
8
C2
10
-0.8120990464311575
20
-55.65827447251394
0
VERTEX
8
C2
10
-0.8195540585285386
20
-55.67883574793457
0
VERTEX
8
C2
10
-0.8191281591951878
20
-55.70070266042932
0
VERTEX
8
C2
10
-0.810878165595426
20
-55.72095805126482
0
VERTEX
8
C2
10
-0.7959046693598708
20
-55.7368997469958
0
VERTEX
8
C2
10
-0.7762052119943661
20
-55.74640104331787
0
VERTEX
8
C2
10
-0.7544078025564289
20
-55.74819441837347
0
VERTEX
8
C2
10
-0.7334203277137306
20
-55.74204062669498
0
VERTEX
8
C2
10
-0.716042624688086
20
-55.72876061578206
0
VERTEX
8
C2
10
-0.7045929685518786
20
-55.710126007477676
0
VERTEX
8
C2
10
-0.7005988023952057
20
-55.68862275449102
0
VERTEX
8
C2
10
-0.658682634730539
20
-55.68862275449102
0
VERTEX
8
C2
10
-0.658682634730539
20
-55.38922155688623
0
VERTEX
8
C2
10
0.0
20
-55.38922155688623
0
VERTEX
8
C2
10
0.0
20
-54.79041916167665
0
VERTEX
8
C2
10
-0.23952095808382978
20
-54.79041916167665
0
VERTEX
8
C2
10
-0.23952095808382978
20
-55.26946107784431
0
VERTEX
8
C2
10
-0.658682634730539
20
-55.26946107784431
0
VERTEX
8
C2
10
-0.658682634730539
20
-55.209580838323355
0
VERTEX
8
C2
10
-1.6167664670658723
20
-55.209580838323355
0
VERTEX
8
C2
10
-1.6167664670658723
20
-55.808383233532936
0
VERTEX
8
C2
10
-1.4367261023604243
20
-55.808383233532936
0
VERTEX
8
C2
10
-1.457408583709494
20
-55.76924847638517
0
VERTEX
8
C2
10
-1.4696617639438472
20
-55.72671432744678
0
VERTEX
8
C2
10
-1.4729690168638
20
-55.68257413793775
0
VERTEX
8
C2
10
-1.467190900016476
20
-55.63868897395871
0
VERTEX
8
C2
10
-1.4525710339551665
20
-55.59690914906536
0
VERTEX
8
C2
10
-1.4297258305581266
20
-55.55899621019857
0
VERTEX
8
C2
10
-1.3996185034879147
20
-55.5265486662475
0
VERTEX
8
C2
10
-1.3635184565784186
20
-55.50093459072444
0
VERTEX
8
C2
10
-1.3229477624414727
20
-55.48323394019923
0
VERTEX
8
C2
10
-1.2796169878955794
20
-55.47419302049923
0
VERTEX
8
C2
10
-1.2353530719846617
20
-55.47419302049923
0
VERTEX
8
C2
10
-1.1920222974387684
20
-55.48323394019923
0
VERTEX
8
C2
10
-1.1514516033018225
20
-55.50093459072444
0
VERTEX
8
C2
10
-1.1153515563923264
20
-55.5265486662475
0
VERTEX
8
C2
10
-1.0852442293221145
20
-55.55899621019857
0
VERTEX
8
C2
10
-1.0623990259250746
20
-55.59690914906536
0
VERTEX
8
C2
10
-1.0477791598637651
20
-55.63868897395871
0
VERTEX
8
C2
10
-1.042001043016441
20
-55.68257413793775
0
VERTEX
8
C2
10
-1.045308295936394
20
-55.72671432744678
0
VERTEX
8
C2
10
-1.0575614761707328
20
-55.76924847638517
0
VERTEX
8
C2
10
-1.0782439575198026
20
-55.808383233532936
0
SEQEND
0
POLYLINE
8
C2
66
1
70
1
0
VERTEX
8
C2
10
-1.976047904191617
20
-57.565029940119764
0
VERTEX
8
C2
10
-1.976047904191617
20
-55.209580838323355
0
VERTEX
8
C2
10
-2.3353293413173617
20
-55.209580838323355
0
VERTEX
8
C2
10
-2.3353293413173617
20
-55.808383233532936
0
VERTEX
8
C2
10
-2.095808383233532
20
-55.808383233532936
0
VERTEX
8
C2
10
-2.095808383233532
20
-56.047904191616766
0
VERTEX
8
C2
10
-2.3353293413173617
20
-56.047904191616766
0
VERTEX
8
C2
10
-2.3353293413173617
20
-57.0059880239521
0
VERTEX
8
C2
10
-2.095808383233532
20
-57.0059880239521
0
VERTEX
8
C2
10
-2.095808383233532
20
-57.24550898203593
0
VERTEX
8
C2
10
-2.3353293413173617
20
-57.24550898203593
0
VERTEX
8
C2
10
-2.3353293413173617
20
-57.565029940119764
0
VERTEX
8
C2
10
-1.976047904191617
20
-57.565029940119764
0
SEQEND
0
POLYLINE
8
C2
66
1
70
1
0
VERTEX
8
C2
10
-3.9524954545258026
20
-55.808383233532936
0
VERTEX
8
C2
10
-3.7724550898203546
20
-55.808383233532936
0
VERTEX
8
C2
10
-3.7724550898203546
20
-55.209580838323355
0
VERTEX
8
C2
10
-4.730538922155688
20
-55.209580838323355
0
VERTEX
8
C2
10
-4.730538922155688
20
-55.629952341490224
0
VERTEX
8
C2
10
-4.7512421776864215
20
-55.638446004774686
0
VERTEX
8
C2
10
-4.767381476402562
20
-55.65394729964032
0
VERTEX
8
C2
10
-4.776702820984241
20
-55.67429133170749
0
VERTEX
8
C2
10
-4.777904402345797
20
-55.69663687506163
0
VERTEX
8
C2
10
-4.770818408910273
20
-55.717863174847324
0
VERTEX
8
C2
10
-4.756434462996026
20
-55.73500578857734
0
VERTEX
8
C2
10
-4.736761411214715
20
-55.74567059702241
0
VERTEX
8
C2
10
-4.714546771086688
20
-55.74836816436037
0
VERTEX
8
C2
10
-4.692893015661838
20
-55.742721751201444
0
VERTEX
8
C2
10
-4.674824285428031
20
-55.7295199296113
0
VERTEX
8
C2
10
-4.662864040061962
20
-55.71060645197381
0
VERTEX
8
C2
10
-4.658682634730539
20
-55.68862275449102
0
VERTEX
8
C2
10
-4.610778443113773
20
-55.68862275449102
0
VERTEX
8
C2
10
-4.610778443113773
20
-55.32934131736527
0
VERTEX
8
C2
10
-4.491017964071858
20
-55.32934131736527
0
VERTEX
8
C2
10
-4.491017964071858
20
-55.808383233532936
0
VERTEX
8
C2
10
-4.31097759936641
20
-55.808383233532936
0
VERTEX
8
C2
10
-4.331660080715494
20
-55.76924847638517
0
VERTEX
8
C2
10
-4.343913260949833
20
-55.72671432744678
0
VERTEX
8
C2
10
-4.347220513869786
20
-55.68257413793775
0
VERTEX
8
C2
10
-4.341442397022462
20
-55.63868897395871
0
VERTEX
8
C2
10
-4.326822530961152
20
-55.59690914906536
0
VERTEX
8
C2
10
-4.303977327564112
20
-55.55899621019857
0
VERTEX
8
C2
10
-4.273870000493915
20
-55.5265486662475
0
VERTEX
8
C2
10
-4.2377699535844044
20
-55.50093459072444
0
VERTEX
8
C2
10
-4.1971992594474585
20
-55.48323394019923
0
VERTEX
8
C2
10
-4.153868484901565
20
-55.47419302049923
0
VERTEX
8
C2
10
-4.1096045689906475
20
-55.47419302049923
0
VERTEX
8
C2
10
-4.066273794444754
20
-55.48323394019923
0
VERTEX
8
C2
10
-4.025703100307808
20
-55.50093459072444
0
VERTEX
8
C2
10
-3.9896030533983122
20
-55.5265486662475
0
VERTEX
8
C2
10
-3.9594957263281003
20
-55.55899621019857
0
VERTEX
8
C2
10
-3.9366505229310604
20
-55.59690914906536
0
VERTEX
8
C2
10
-3.922030656869751
20
-55.63868897395871
0
VERTEX
8
C2
10
-3.916252540022427
20
-55.68257413793775
0
VERTEX
8
C2
10
-3.9195597929423798
20
-55.72671432744678
0
VERTEX
8
C2
10
-3.931812973176733
20
-55.76924847638517
0
VERTEX
8
C2
10
-3.9524954545258026
20
-55.808383233532936
0
SEQEND
0
POLYLINE
8
C2
66
1
70
1
0
VERTEX
8
C2
10
-4.177145107374741
20
-53.59281437125749
0
VERTEX
8
C2
10
-4.730538922155688
20
-53.59281437125749
0
VERTEX
8
C2
10
-4.730538922155688
20
-54.550898203592816
0
VERTEX
8
C2
10
-2.754491017964071
20
-54.550898203592816
0
VERTEX
8
C2
10
-2.754491017964071
20
-54.49101796407186
0
VERTEX
8
C2
10
-2.634730538922156
20
-54.49101796407186
0
VERTEX
8
C2
10
-2.634730538922156
20
-54.550898203592816
0
VERTEX
8
C2
10
-0.658682634730539
20
-54.550898203592816
0
VERTEX
8
C2
10
-0.658682634730539
20
-53.59281437125749
0
VERTEX
8
C2
10
-0.9725554914276557
20
-53.59281437125749
0
VERTEX
8
C2
10
-0.9646887558185995
20
-53.63639773699489
0
VERTEX
8
C2
10
-0.9658946770715318
20
-53.68066895848329
0
VERTEX
8
C2
10
-0.9761223558618042
20
-53.72375944333442
0
VERTEX
8
C2
10
-0.9949401040160666
20
-53.76385043549657
0
VERTEX
8
C2
10
-1.0215536651351869
20
-53.79924978100892
0
VERTEX
8
C2
10
-1.0548397384368258
20
-53.828463350155815
0
VERTEX
8
C2
10
-1.093393390849016
20
-53.85025810144651
0
VERTEX
8
C2
10
-1.135587356192616
20
-53.86371412562626
0
VERTEX
8
C2
10
-1.1796407185628794
20
-53.868263473053894
0
VERTEX
8
C2
10
-1.2236940809331287
20
-53.86371412562626
0
VERTEX
8
C2
10
-1.2658880462767286
20
-53.85025810144651
0
VERTEX
8
C2
10
-1.304441698688919
20
-53.828463350155815
0
VERTEX
8
C2
10
-1.337727771990572
20
-53.79924978100892
0
VERTEX
8
C2
10
-1.364341333109678
20
-53.76385043549657
0
VERTEX
8
C2
10
-1.3831590812639405
20
-53.72375944333442
0
VERTEX
8
C2
10
-1.393386760054213
20
-53.68066895848329
0
VERTEX
8
C2
10
-1.3945926813071452
20
-53.63639773699489
0
VERTEX
8
C2
10
-1.386725945698089
20
-53.59281437125749
0
VERTEX
8
C2
10
-2.634730538922156
20
-53.59281437125749
0
VERTEX
8
C2
10
-2.634730538922156
20
-54.37125748502994
0
VERTEX
8
C2
10
-2.754491017964071
20
-54.37125748502994
0
VERTEX
8
C2
10
-2.754491017964071
20
-53.59281437125749
0
VERTEX
8
C2
10
-3.7629746531043082
20
-53.59281437125749
0
VERTEX
8
C2
10
-3.755107917495252
20
-53.63639773699489
0
VERTEX
8
C2
10
-3.75631383874817
20
-53.68066895848329
0
VERTEX
8
C2
10
-3.7665415175384567
20
-53.72375944333442
0
VERTEX
8
C2
10
-3.785359265692719
20
-53.76385043549657
0
VERTEX
8
C2
10
-3.811972826811825
20
-53.79924978100892
0
VERTEX
8
C2
10
-3.8452589001134783
20
-53.828463350155815
0
VERTEX
8
C2
10
-3.8838125525256544
20
-53.85025810144651
0
VERTEX
8
C2
10
-3.9260065178692543
20
-53.86371412562626
0
VERTEX
8
C2
10
-3.9700598802395177
20
-53.868263473053894
0
VERTEX
8
C2
10
-4.014113242609781
20
-53.86371412562626
0
VERTEX
8
C2
10
-4.056307207953381
20
-53.85025810144651
0
VERTEX
8
C2
10
-4.094860860365571
20
-53.828463350155815
0
VERTEX
8
C2
10
-4.12814693366721
20
-53.79924978100892
0
VERTEX
8
C2
10
-4.154760494786316
20
-53.76385043549657
0
VERTEX
8
C2
10
-4.173578242940593
20
-53.72375944333442
0
VERTEX
8
C2
10
-4.183805921730865
20
-53.68066895848329
0
VERTEX
8
C2
10
-4.185011842983798
20
-53.63639773699489
0
VERTEX
8
C2
10
-4.177145107374741
20
-53.59281437125749
0
SEQEND
0
POLYLINE
8
C2
66
1
70
1
0
VERTEX
8
C2
10
-3.0538922155688653
20
-57.565029940119764
0
VERTEX
8
C2
10
-3.0538922155688653
20
-57.24550898203593
0
VERTEX
8
C2
10
-3.293413173652695
20
-57.24550898203593
0
VERTEX
8
C2
10
-3.293413173652695
20
-57.0059880239521
0
VERTEX
8
C2
10
-3.0538922155688653
20
-57.0059880239521
0
VERTEX
8
C2
10
-3.0538922155688653
20
-56.047904191616766
0
VERTEX
8
C2
10
-3.293413173652695
20
-56.047904191616766
0
VERTEX
8
C2
10
-3.293413173652695
20
-55.808383233532936
0
VERTEX
8
C2
10
-3.0538922155688653
20
-55.808383233532936
0
VERTEX
8
C2
10
-3.0538922155688653
20
-55.209580838323355
0
VERTEX
8
C2
10
-3.41317365269461
20
-55.209580838323355
0
VERTEX
8
C2
10
-3.41317365269461
20
-57.565029940119764
0
VERTEX
8
C2
10
-3.0538922155688653
20
-57.565029940119764
0
SEQEND
0
POLYLINE
8
C2
66
1
70
1
0
VERTEX
8
C2
10
-8.443113772455092
20
-57.565029940119764
0
VERTEX
8
C2
10
-8.443113772455092
20
-57.24550898203593
0
VERTEX
8
C2
10
-8.682634730538922
20
-57.24550898203593
0
VERTEX
8
C2
10
-8.682634730538922
20
-57.0059880239521
0
VERTEX
8
C2
10
-8.443113772455092
20
-57.0059880239521
0
VERTEX
8
C2
10
-8.443113772455092
20
-56.047904191616766
0
VERTEX
8
C2
10
-8.682634730538922
20
-56.047904191616766
0
VERTEX
8
C2
10
-8.682634730538922
20
-55.808383233532936
0
VERTEX
8
C2
10
-8.443113772455092
20
-55.808383233532936
0
VERTEX
8
C2
10
-8.443113772455092
20
-55.209580838323355
0
VERTEX
8
C2
10
-8.802395209580837
20
-55.209580838323355
0
VERTEX
8
C2
10
-8.802395209580837
20
-57.565029940119764
0
VERTEX
8
C2
10
-8.443113772455092
20
-57.565029940119764
0
SEQEND
0
POLYLINE
8
C2
66
1
70
1
0
VERTEX
8
C2
10
-9.52095808383234
20
-55.61362275449102
0
VERTEX
8
C2
10
-9.53074754824884
20
-55.614264389887985
0
VERTEX
8
C2
10
-9.540369512215022
20
-55.61617831751934
0
VERTEX
8
C2
10
-9.549659341259712
20
-55.619331789552675
0
VERTEX
8
C2
10
-9.558458083832335
20
-55.62367084920719
0
VERTEX
8
C2
10
-9.566615191007983
20
-55.62912125396918
0
VERTEX
8
C2
10
-9.573991092421323
20
-55.63558974590203
0
VERTEX
8
C2
10
-9.580459584354173
20
-55.642965647315364
0
VERTEX
8
C2
10
-9.585909989116175
20
-55.65112275449102
0
VERTEX
8
C2
10
-9.590249048770687
20
-55.659921497063635
0
VERTEX
8
C2
10
-9.59340252080402
20
-55.66921132610833
0
VERTEX
8
C2
10
-9.59531644843537
20
-55.678833290074515
0
VERTEX
8
C2
10
-9.595958083832329
20
-55.68862275449102
0
VERTEX
8
C2
10
-9.59531644843537
20
-55.69841221890752
0
VERTEX
8
C2
10
-9.59340252080402
20
-55.70803418287371
0
VERTEX
8
C2
10
-9.590249048770687
20
-55.7173240119184
0
VERTEX
8
C2
10
-9.585909989116175
20
-55.72612275449102
0
VERTEX
8
C2
10
-9.580459584354173
20
-55.73427986166667
0
VERTEX
8
C2
10
-9.573991092421323
20
-55.74165576308001
0
VERTEX
8
C2
10
-9.566615191007983
20
-55.74812425501286
0
VERTEX
8
C2
10
-9.558458083832335
20
-55.753574659774856
0
VERTEX
8
C2
10
-9.549659341259712
20
-55.75791371942937
0
VERTEX
8
C2
10
-9.540369512215022
20
-55.7610671914627
0
VERTEX
8
C2
10
-9.53074754824884
20
-55.76298111909406
0
VERTEX
8
C2
10
-9.52095808383234
20
-55.763622754491024
0
VERTEX
8
C2
10
-9.511168619415827
20
-55.76298111909406
0
VERTEX
8
C2
10
-9.501546655449644
20
-55.7610671914627
0
VERTEX
8
C2
10
-9.492256826404954
20
-55.75791371942937
0
VERTEX
8
C2
10
-9.483458083832332
20
-55.753574659774856
0
VERTEX
8
C2
10
-9.475300976656683
20
-55.74812425501286
0
VERTEX
8
C2
10
-9.467925075243343
20
-55.74165576308001
0
VERTEX
8
C2
10
-9.461456583310493
20
-55.73427986166667
0
VERTEX
8
C2
10
-9.456006178548506
20
-55.72612275449102
0
VERTEX
8
C2
10
-9.451667118893994
20
-55.7173240119184
0
VERTEX
8
C2
10
-9.448513646860661
20
-55.70803418287371
0
VERTEX
8
C2
10
-9.446599719229297
20
-55.69841221890752
0
VERTEX
8
C2
10
-9.445958083832338
20
-55.68862275449102
0
VERTEX
8
C2
10
-9.446599719229297
20
-55.678833290074515
0
VERTEX
8
C2
10
-9.448513646860661
20
-55.66921132610833
0
VERTEX
8
C2
10
-9.451667118893994
20
-55.659921497063635
0
VERTEX
8
C2
10
-9.456006178548506
20
-55.65112275449102
0
VERTEX
8
C2
10
-9.461456583310493
20
-55.642965647315364
0
VERTEX
8
C2
10
-9.467925075243343
20
-55.63558974590203
0
VERTEX
8
C2
10
-9.475300976656683
20
-55.62912125396918
0
VERTEX
8
C2
10
-9.483458083832332
20
-55.62367084920719
0
VERTEX
8
C2
10
-9.492256826404954
20
-55.619331789552675
0
VERTEX
8
C2
10
-9.501546655449644
20
-55.61617831751934
0
VERTEX
8
C2
10
-9.511168619415827
20
-55.614264389887985
0
VERTEX
8
C2
10
-9.52095808383234
20
-55.61362275449102
0
SEQEND
0
POLYLINE
8
C2
66
1
70
1
0
VERTEX
8
C2
10
-6.808383233532936
20
-53.577694610778444
0
VERTEX
8
C2
10
-6.818172697949436
20
-53.57833624617541
0
VERTEX
8
C2
10
-6.827794661915618
20
-53.58025017380677
0
VERTEX
8
C2
10
-6.837084490960322
20
-53.5834036458401
0
VERTEX
8
C2
10
-6.8458832335329305
20
-53.58774270549461
0
VERTEX
8
C2
10
-6.854040340708593
20
-53.5931931102566
0
VERTEX
8
C2
10
-6.861416242121919
20
-53.59966160218946
0
VERTEX
8
C2
10
-6.867884734054769
20
-53.60703750360279
0
VERTEX
8
C2
10
-6.8733351388167705
20
-53.615194610778445
0
VERTEX
8
C2
10
-6.877674198471283
20
-53.62399335335106
0
VERTEX
8
C2
10
-6.880827670504615
20
-53.63328318239576
0
VERTEX
8
C2
10
-6.882741598135965
20
-53.64290514636194
0
VERTEX
8
C2
10
-6.883383233532939
20
-53.65269461077845
0
VERTEX
8
C2
10
-6.882741598135965
20
-53.662484075194946
0
VERTEX
8
C2
10
-6.880827670504615
20
-53.672106039161136
0
VERTEX
8
C2
10
-6.877674198471283
20
-53.681395868205826
0
VERTEX
8
C2
10
-6.8733351388167705
20
-53.69019461077845
0
VERTEX
8
C2
10
-6.867884734054769
20
-53.6983517179541
0
VERTEX
8
C2
10
-6.861416242121919
20
-53.70572761936744
0
VERTEX
8
C2
10
-6.854040340708593
20
-53.71219611130029
0
VERTEX
8
C2
10
-6.8458832335329305
20
-53.71764651606228
0
VERTEX
8
C2
10
-6.837084490960322
20
-53.72198557571679
0
VERTEX
8
C2
10
-6.827794661915618
20
-53.725139047750126
0
VERTEX
8
C2
10
-6.818172697949436
20
-53.72705297538148
0
VERTEX
8
C2
10
-6.808383233532936
20
-53.72769461077844
0
VERTEX
8
C2
10
-6.798593769116422
20
-53.72705297538148
0
VERTEX
8
C2
10
-6.78897180515024
20
-53.725139047750126
0
VERTEX
8
C2
10
-6.77968197610555
20
-53.72198557571679
0
VERTEX
8
C2
10
-6.770883233532928
20
-53.71764651606228
0
VERTEX
8
C2
10
-6.762726126357279
20
-53.71219611130029
0
VERTEX
8
C2
10
-6.755350224943939
20
-53.70572761936744
0
VERTEX
8
C2
10
-6.748881733011089
20
-53.6983517179541
0
VERTEX
8
C2
10
-6.743431328249102
20
-53.69019461077845
0
VERTEX
8
C2
10
-6.7390922685945895
20
-53.681395868205826
0
VERTEX
8
C2
10
-6.735938796561257
20
-53.672106039161136
0
VERTEX
8
C2
10
-6.734024868929893
20
-53.662484075194946
0
VERTEX
8
C2
10
-6.733383233532933
20
-53.65269461077845
0
VERTEX
8
C2
10
-6.734024868929893
20
-53.64290514636194
0
VERTEX
8
C2
10
-6.735938796561257
20
-53.63328318239576
0
VERTEX
8
C2
10
-6.7390922685945895
20
-53.62399335335106
0
VERTEX
8
C2
10
-6.743431328249102
20
-53.615194610778445
0
VERTEX
8
C2
10
-6.748881733011089
20
-53.60703750360279
0
VERTEX
8
C2
10
-6.755350224943939
20
-53.59966160218946
0
VERTEX
8
C2
10
-6.762726126357279
20
-53.5931931102566
0
VERTEX
8
C2
10
-6.770883233532928
20
-53.58774270549461
0
VERTEX
8
C2
10
-6.77968197610555
20
-53.5834036458401
0
VERTEX
8
C2
10
-6.78897180515024
20
-53.58025017380677
0
VERTEX
8
C2
10
-6.798593769116422
20
-53.57833624617541
0
VERTEX
8
C2
10
-6.808383233532936
20
-53.577694610778444
0
SEQEND
0
POLYLINE
8
C2
66
1
70
1
0
VERTEX
8
C2
10
-9.598802395209574
20
-53.577694610778444
0
VERTEX
8
C2
10
-9.608591859626088
20
-53.57833624617541
0
VERTEX
8
C2
10
-9.61821382359227
20
-53.58025017380677
0
VERTEX
8
C2
10
-9.62750365263696
20
-53.5834036458401
0
VERTEX
8
C2
10
-9.636302395209583
20
-53.58774270549461
0
VERTEX
8
C2
10
-9.644459502385232
20
-53.5931931102566
0
VERTEX
8
C2
10
-9.651835403798572
20
-53.59966160218946
0
VERTEX
8
C2
10
-9.658303895731422
20
-53.60703750360279
0
VERTEX
8
C2
10
-9.663754300493409
20
-53.615194610778445
0
VERTEX
8
C2
10
-9.668093360147921
20
-53.62399335335106
0
VERTEX
8
C2
10
-9.671246832181268
20
-53.63328318239576
0
VERTEX
8
C2
10
-9.673160759812617
20
-53.64290514636194
0
VERTEX
8
C2
10
-9.673802395209577
20
-53.65269461077845
0
VERTEX
8
C2
10
-9.673160759812617
20
-53.662484075194946
0
VERTEX
8
C2
10
-9.671246832181268
20
-53.672106039161136
0
VERTEX
8
C2
10
-9.668093360147921
20
-53.681395868205826
0
VERTEX
8
C2
10
-9.663754300493409
20
-53.69019461077845
0
VERTEX
8
C2
10
-9.658303895731422
20
-53.6983517179541
0
VERTEX
8
C2
10
-9.651835403798572
20
-53.70572761936744
0
VERTEX
8
C2
10
-9.644459502385232
20
-53.71219611130029
0
VERTEX
8
C2
10
-9.636302395209583
20
-53.71764651606228
0
VERTEX
8
C2
10
-9.62750365263696
20
-53.72198557571679
0
VERTEX
8
C2
10
-9.61821382359227
20
-53.725139047750126
0
VERTEX
8
C2
10
-9.608591859626088
20
-53.72705297538148
0
VERTEX
8
C2
10
-9.598802395209574
20
-53.72769461077844
0
VERTEX
8
C2
10
-9.589012930793075
20
-53.72705297538148
0
VERTEX
8
C2
10
-9.579390966826892
20
-53.725139047750126
0
VERTEX
8
C2
10
-9.570101137782203
20
-53.72198557571679
0
VERTEX
8
C2
10
-9.56130239520958
20
-53.71764651606228
0
VERTEX
8
C2
10
-9.553145288033932
20
-53.71219611130029
0
VERTEX
8
C2
10
-9.545769386620591
20
-53.70572761936744
0
VERTEX
8
C2
10
-9.539300894687742
20
-53.6983517179541
0
VERTEX
8
C2
10
-9.533850489925754
20
-53.69019461077845
0
VERTEX
8
C2
10
-9.529511430271228
20
-53.681395868205826
0
VERTEX
8
C2
10
-9.526357958237895
20
-53.672106039161136
0
VERTEX
8
C2
10
-9.524444030606546
20
-53.662484075194946
0
VERTEX
8
C2
10
-9.523802395209586
20
-53.65269461077845
0
VERTEX
8
C2
10
-9.524444030606546
20
-53.64290514636194
0
VERTEX
8
C2
10
-9.526357958237895
20
-53.63328318239576
0
VERTEX
8
C2
10
-9.529511430271228
20
-53.62399335335106
0
VERTEX
8
C2
10
-9.533850489925754
20
-53.615194610778445
0
VERTEX
8
C2
10
-9.539300894687742
20
-53.60703750360279
0
VERTEX
8
C2
10
-9.545769386620591
20
-53.59966160218946
0
VERTEX
8
C2
10
-9.553145288033932
20
-53.5931931102566
0
VERTEX
8
C2
10
-9.56130239520958
20
-53.58774270549461
0
VERTEX
8
C2
10
-9.570101137782203
20
-53.5834036458401
0
VERTEX
8
C2
10
-9.579390966826892
20
-53.58025017380677
0
VERTEX
8
C2
10
-9.589012930793075
20
-53.57833624617541
0
VERTEX
8
C2
10
-9.598802395209574
20
-53.577694610778444
0
SEQEND
0
POLYLINE
8
C2
66
1
70
1
0
VERTEX
8
C2
10
-6.64670658682634
20
-55.61362275449102
0
VERTEX
8
C2
10
-6.656496051242854
20
-55.614264389887985
0
VERTEX
8
C2
10
-6.666118015209037
20
-55.61617831751934
0
VERTEX
8
C2
10
-6.675407844253726
20
-55.619331789552675
0
VERTEX
8
C2
10
-6.684206586826349
20
-55.62367084920719
0
VERTEX
8
C2
10
-6.6923636940019975
20
-55.62912125396918
0
VERTEX
8
C2
10
-6.699739595415338
20
-55.63558974590203
0
VERTEX
8
C2
10
-6.7062080873481875
20
-55.642965647315364
0
VERTEX
8
C2
10
-6.711658492110175
20
-55.65112275449102
0
VERTEX
8
C2
10
-6.715997551764687
20
-55.659921497063635
0
VERTEX
8
C2
10
-6.719151023798034
20
-55.66921132610833
0
VERTEX
8
C2
10
-6.721064951429383
20
-55.678833290074515
0
VERTEX
8
C2
10
-6.721706586826343
20
-55.68862275449102
0
VERTEX
8
C2
10
-6.721064951429383
20
-55.69841221890752
0
VERTEX
8
C2
10
-6.719151023798034
20
-55.70803418287371
0
VERTEX
8
C2
10
-6.715997551764687
20
-55.7173240119184
0
VERTEX
8
C2
10
-6.711658492110175
20
-55.72612275449102
0
VERTEX
8
C2
10
-6.7062080873481875
20
-55.73427986166667
0
VERTEX
8
C2
10
-6.699739595415338
20
-55.74165576308001
0
VERTEX
8
C2
10
-6.6923636940019975
20
-55.74812425501286
0
VERTEX
8
C2
10
-6.684206586826349
20
-55.753574659774856
0
VERTEX
8
C2
10
-6.675407844253726
20
-55.75791371942937
0
VERTEX
8
C2
10
-6.666118015209037
20
-55.7610671914627
0
VERTEX
8
C2
10
-6.656496051242854
20
-55.76298111909406
0
VERTEX
8
C2
10
-6.64670658682634
20
-55.763622754491024
0
VERTEX
8
C2
10
-6.636917122409841
20
-55.76298111909406
0
VERTEX
8
C2
10
-6.627295158443658
20
-55.7610671914627
0
VERTEX
8
C2
10
-6.618005329398969
20
-55.75791371942937
0
VERTEX
8
C2
10
-6.609206586826346
20
-55.753574659774856
0
VERTEX
8
C2
10
-6.6010494796506975
20
-55.74812425501286
0
VERTEX
8
C2
10
-6.5936735782373574
20
-55.74165576308001
0
VERTEX
8
C2
10
-6.5872050863045075
20
-55.73427986166667
0
VERTEX
8
C2
10
-6.58175468154252
20
-55.72612275449102
0
VERTEX
8
C2
10
-6.577415621887994
20
-55.7173240119184
0
VERTEX
8
C2
10
-6.574262149854661
20
-55.70803418287371
0
VERTEX
8
C2
10
-6.572348222223312
20
-55.69841221890752
0
VERTEX
8
C2
10
-6.571706586826352
20
-55.68862275449102
0
VERTEX
8
C2
10
-6.572348222223312
20
-55.678833290074515
0
VERTEX
8
C2
10
-6.574262149854661
20
-55.66921132610833
0
VERTEX
8
C2
10
-6.577415621887994
20
-55.659921497063635
0
VERTEX
8
C2
10
-6.58175468154252
20
-55.65112275449102
0
VERTEX
8
C2
10
-6.5872050863045075
20
-55.642965647315364
0
VERTEX
8
C2
10
-6.5936735782373574
20
-55.63558974590203
0
VERTEX
8
C2
10
-6.6010494796506975
20
-55.62912125396918
0
VERTEX
8
C2
10
-6.609206586826346
20
-55.62367084920719
0
VERTEX
8
C2
10
-6.618005329398969
20
-55.619331789552675
0
VERTEX
8
C2
10
-6.627295158443658
20
-55.61617831751934
0
VERTEX
8
C2
10
-6.636917122409841
20
-55.614264389887985
0
VERTEX
8
C2
10
-6.64670658682634
20
-55.61362275449102
0
SEQEND
0
POLYLINE
8
C2
66
1
70
1
0
VERTEX
8
C2
10
-1.1796407185628794
20
-53.577694610778444
0
VERTEX
8
C2
10
-1.189430182979379
20
-53.57833624617541
0
VERTEX
8
C2
10
-1.1990521469455615
20
-53.58025017380677
0
VERTEX
8
C2
10
-1.2083419759902512
20
-53.5834036458401
0
VERTEX
8
C2
10
-1.2171407185628738
20
-53.58774270549461
0
VERTEX
8
C2
10
-1.2252978257385223
20
-53.5931931102566
0
VERTEX
8
C2
10
-1.2326737271518624
20
-53.59966160218946
0
VERTEX
8
C2
10
-1.2391422190847123
20
-53.60703750360279
0
VERTEX
8
C2
10
-1.2445926238467138
20
-53.615194610778445
0
VERTEX
8
C2
10
-1.248931683501226
20
-53.62399335335106
0
VERTEX
8
C2
10
-1.2520851555345587
20
-53.63328318239576
0
VERTEX
8
C2
10
-1.2539990831659082
20
-53.64290514636194
0
VERTEX
8
C2
10
-1.254640718562868
20
-53.65269461077845
0
VERTEX
8
C2
10
-1.2539990831659082
20
-53.662484075194946
0
VERTEX
8
C2
10
-1.2520851555345587
20
-53.672106039161136
0
VERTEX
8
C2
10
-1.248931683501226
20
-53.681395868205826
0
VERTEX
8
C2
10
-1.2445926238467138
20
-53.69019461077845
0
VERTEX
8
C2
10
-1.2391422190847123
20
-53.6983517179541
0
VERTEX
8
C2
10
-1.2326737271518624
20
-53.70572761936744
0
VERTEX
8
C2
10
-1.2252978257385223
20
-53.71219611130029
0
VERTEX
8
C2
10
-1.2171407185628738
20
-53.71764651606228
0
VERTEX
8
C2
10
-1.2083419759902512
20
-53.72198557571679
0
VERTEX
8
C2
10
-1.1990521469455615
20
-53.725139047750126
0
VERTEX
8
C2
10
-1.189430182979379
20
-53.72705297538148
0
VERTEX
8
C2
10
-1.1796407185628794
20
-53.72769461077844
0
VERTEX
8
C2
10
-1.1698512541463657
20
-53.72705297538148
0
VERTEX
8
C2
10
-1.1602292901801832
20
-53.725139047750126
0
VERTEX
8
C2
10
-1.1509394611354935
20
-53.72198557571679
0
VERTEX
8
C2
10
-1.142140718562871
20
-53.71764651606228
0
VERTEX
8
C2
10
-1.1339836113872224
20
-53.71219611130029
0
VERTEX
8
C2
10
-1.1266077099738823
20
-53.70572761936744
0
VERTEX
8
C2
10
-1.1201392180410323
20
-53.6983517179541
0
VERTEX
8
C2
10
-1.1146888132790451
20
-53.69019461077845
0
VERTEX
8
C2
10
-1.1103497536245328
20
-53.681395868205826
0
VERTEX
8
C2
10
-1.107196281591186
20
-53.672106039161136
0
VERTEX
8
C2
10
-1.1052823539598364
20
-53.662484075194946
0
VERTEX
8
C2
10
-1.1046407185628766
20
-53.65269461077845
0
VERTEX
8
C2
10
-1.1052823539598364
20
-53.64290514636194
0
VERTEX
8
C2
10
-1.107196281591186
20
-53.63328318239576
0
VERTEX
8
C2
10
-1.1103497536245328
20
-53.62399335335106
0
VERTEX
8
C2
10
-1.1146888132790451
20
-53.615194610778445
0
VERTEX
8
C2
10
-1.1201392180410323
20
-53.60703750360279
0
VERTEX
8
C2
10
-1.1266077099738823
20
-53.59966160218946
0
VERTEX
8
C2
10
-1.1339836113872224
20
-53.5931931102566
0
VERTEX
8
C2
10
-1.142140718562871
20
-53.58774270549461
0
VERTEX
8
C2
10
-1.1509394611354935
20
-53.5834036458401
0
VERTEX
8
C2
10
-1.1602292901801832
20
-53.58025017380677
0
VERTEX
8
C2
10
-1.1698512541463657
20
-53.57833624617541
0
VERTEX
8
C2
10
-1.1796407185628794
20
-53.577694610778444
0
SEQEND
0
POLYLINE
8
C2
66
1
70
1
0
VERTEX
8
C2
10
-5.389221556886227
20
-56.69146706586827
0
VERTEX
8
C2
10
-5.3990110213027265
20
-56.692108701265234
0
VERTEX
8
C2
10
-5.408632985268909
20
-56.69402262889658
0
VERTEX
8
C2
10
-5.417922814313613
20
-56.69717610092992
0
VERTEX
8
C2
10
-5.426721556886221
20
-56.701515160584435
0
VERTEX
8
C2
10
-5.434878664061884
20
-56.70696556534642
0
VERTEX
8
C2
10
-5.442254565475224
20
-56.71343405727927
0
VERTEX
8
C2
10
-5.448723057408074
20
-56.72080995869261
0
VERTEX
8
C2
10
-5.454173462170061
20
-56.72896706586827
0
VERTEX
8
C2
10
-5.458512521824574
20
-56.737765808440884
0
VERTEX
8
C2
10
-5.461665993857906
20
-56.74705563748558
0
VERTEX
8
C2
10
-5.463579921489256
20
-56.75667760145176
0
VERTEX
8
C2
10
-5.46422155688623
20
-56.76646706586827
0
VERTEX
8
C2
10
-5.463579921489256
20
-56.77625653028477
0
VERTEX
8
C2
10
-5.461665993857906
20
-56.78587849425095
0
VERTEX
8
C2
10
-5.458512521824574
20
-56.79516832329565
0
VERTEX
8
C2
10
-5.454173462170061
20
-56.803967065868264
0
VERTEX
8
C2
10
-5.448723057408074
20
-56.81212417304392
0
VERTEX
8
C2
10
-5.442254565475224
20
-56.81950007445726
0
VERTEX
8
C2
10
-5.434878664061884
20
-56.82596856639011
0
VERTEX
8
C2
10
-5.426721556886221
20
-56.8314189711521
0
VERTEX
8
C2
10
-5.417922814313613
20
-56.83575803080661
0
VERTEX
8
C2
10
-5.408632985268909
20
-56.83891150283995
0
VERTEX
8
C2
10
-5.3990110213027265
20
-56.8408254304713
0
VERTEX
8
C2
10
-5.389221556886227
20
-56.841467065868265
0
VERTEX
8
C2
10
-5.379432092469727
20
-56.8408254304713
0
VERTEX
8
C2
10
-5.369810128503545
20
-56.83891150283995
0
VERTEX
8
C2
10
-5.360520299458841
20
-56.83575803080661
0
VERTEX
8
C2
10
-5.351721556886233
20
-56.8314189711521
0
VERTEX
8
C2
10
-5.34356444971057
20
-56.82596856639011
0
VERTEX
8
C2
10
-5.33618854829723
20
-56.81950007445726
0
VERTEX
8
C2
10
-5.32972005636438
20
-56.81212417304392
0
VERTEX
8
C2
10
-5.324269651602393
20
-56.803967065868264
0
VERTEX
8
C2
10
-5.31993059194788
20
-56.79516832329565
0
VERTEX
8
C2
10
-5.316777119914548
20
-56.78587849425095
0
VERTEX
8
C2
10
-5.314863192283198
20
-56.77625653028477
0
VERTEX
8
C2
10
-5.314221556886224
20
-56.76646706586827
0
VERTEX
8
C2
10
-5.314863192283198
20
-56.75667760145176
0
VERTEX
8
C2
10
-5.316777119914548
20
-56.74705563748558
0
VERTEX
8
C2
10
-5.31993059194788
20
-56.737765808440884
0
VERTEX
8
C2
10
-5.324269651602393
20
-56.72896706586827
0
VERTEX
8
C2
10
-5.32972005636438
20
-56.72080995869261
0
VERTEX
8
C2
10
-5.33618854829723
20
-56.71343405727927
0
VERTEX
8
C2
10
-5.34356444971057
20
-56.70696556534642
0
VERTEX
8
C2
10
-5.351721556886233
20
-56.701515160584435
0
VERTEX
8
C2
10
-5.360520299458841
20
-56.69717610092992
0
VERTEX
8
C2
10
-5.369810128503545
20
-56.69402262889658
0
VERTEX
8
C2
10
-5.379432092469727
20
-56.692108701265234
0
VERTEX
8
C2
10
-5.389221556886227
20
-56.69146706586827
0
SEQEND
0
POLYLINE
8
C2
66
1
70
1
0
VERTEX
8
C2
10
-1.2574850299401135
20
-55.61362275449102
0
VERTEX
8
C2
10
-1.2672744943566272
20
-55.614264389887985
0
VERTEX
8
C2
10
-1.2768964583228097
20
-55.61617831751934
0
VERTEX
8
C2
10
-1.2861862873674994
20
-55.619331789552675
0
VERTEX
8
C2
10
-1.294985029940122
20
-55.62367084920719
0
VERTEX
8
C2
10
-1.3031421371157705
20
-55.62912125396918
0
VERTEX
8
C2
10
-1.3105180385291106
20
-55.63558974590203
0
VERTEX
8
C2
10
-1.3169865304619606
20
-55.642965647315364
0
VERTEX
8
C2
10
-1.3224369352239478
20
-55.65112275449102
0
VERTEX
8
C2
10
-1.32677599487846
20
-55.659921497063635
0
VERTEX
8
C2
10
-1.3299294669117927
20
-55.66921132610833
0
VERTEX
8
C2
10
-1.3318433945431565
20
-55.678833290074515
0
VERTEX
8
C2
10
-1.3324850299401163
20
-55.68862275449102
0
VERTEX
8
C2
10
-1.3318433945431565
20
-55.69841221890752
0
VERTEX
8
C2
10
-1.3299294669117927
20
-55.70803418287371
0
VERTEX
8
C2
10
-1.32677599487846
20
-55.7173240119184
0
VERTEX
8
C2
10
-1.3224369352239478
20
-55.72612275449102
0
VERTEX
8
C2
10
-1.3169865304619606
20
-55.73427986166667
0
VERTEX
8
C2
10
-1.3105180385291106
20
-55.74165576308001
0
VERTEX
8
C2
10
-1.3031421371157705
20
-55.74812425501286
0
VERTEX
8
C2
10
-1.294985029940122
20
-55.753574659774856
0
VERTEX
8
C2
10
-1.2861862873674994
20
-55.75791371942937
0
VERTEX
8
C2
10
-1.2768964583228097
20
-55.7610671914627
0
VERTEX
8
C2
10
-1.2672744943566272
20
-55.76298111909406
0
VERTEX
8
C2
10
-1.2574850299401135
20
-55.763622754491024
0
VERTEX
8
C2
10
-1.247695565523614
20
-55.76298111909406
0
VERTEX
8
C2
10
-1.2380736015574314
20
-55.7610671914627
0
VERTEX
8
C2
10
-1.2287837725127417
20
-55.75791371942937
0
VERTEX
8
C2
10
-1.2199850299401191
20
-55.753574659774856
0
VERTEX
8
C2
10
-1.2118279227644706
20
-55.74812425501286
0
VERTEX
8
C2
10
-1.2044520213511305
20
-55.74165576308001
0
VERTEX
8
C2
10
-1.1979835294182806
20
-55.73427986166667
0
VERTEX
8
C2
10
-1.1925331246562791
20
-55.72612275449102
0
VERTEX
8
C2
10
-1.1881940650017668
20
-55.7173240119184
0
VERTEX
8
C2
10
-1.1850405929684342
20
-55.70803418287371
0
VERTEX
8
C2
10
-1.1831266653370847
20
-55.69841221890752
0
VERTEX
8
C2
10
-1.1824850299401248
20
-55.68862275449102
0
VERTEX
8
C2
10
-1.1831266653370847
20
-55.678833290074515
0
VERTEX
8
C2
10
-1.1850405929684342
20
-55.66921132610833
0
VERTEX
8
C2
10
-1.1881940650017668
20
-55.659921497063635
0
VERTEX
8
C2
10
-1.1925331246562791
20
-55.65112275449102
0
VERTEX
8
C2
10
-1.1979835294182806
20
-55.642965647315364
0
VERTEX
8
C2
10
-1.2044520213511305
20
-55.63558974590203
0
VERTEX
8
C2
10
-1.2118279227644706
20
-55.62912125396918
0
VERTEX
8
C2
10
-1.2199850299401191
20
-55.62367084920719
0
VERTEX
8
C2
10
-1.2287837725127417
20
-55.619331789552675
0
VERTEX
8
C2
10
-1.2380736015574314
20
-55.61617831751934
0
VERTEX
8
C2
10
-1.247695565523614
20
-55.614264389887985
0
VERTEX
8
C2
10
-1.2574850299401135
20
-55.61362275449102
0
SEQEND
0
POLYLINE
8
C2
66
1
70
1
0
VERTEX
8
C2
10
-5.389221556886227
20
-55.73338323353293
0
VERTEX
8
C2
10
-5.3990110213027265
20
-55.7340248689299
0
VERTEX
8
C2
10
-5.408632985268909
20
-55.73593879656126
0
VERTEX
8
C2
10
-5.417922814313613
20
-55.73909226859459
0
VERTEX
8
C2
10
-5.426721556886221
20
-55.7434313282491
0
VERTEX
8
C2
10
-5.434878664061884
20
-55.748881733011096
0
VERTEX
8
C2
10
-5.442254565475224
20
-55.755350224943946
0
VERTEX
8
C2
10
-5.448723057408074
20
-55.762726126357286
0
VERTEX
8
C2
10
-5.454173462170061
20
-55.770883233532935
0
VERTEX
8
C2
10
-5.458512521824574
20
-55.77968197610556
0
VERTEX
8
C2
10
-5.461665993857906
20
-55.78897180515025
0
VERTEX
8
C2
10
-5.463579921489256
20
-55.79859376911644
0
VERTEX
8
C2
10
-5.46422155688623
20
-55.808383233532936
0
VERTEX
8
C2
10
-5.463579921489256
20
-55.81817269794944
0
VERTEX
8
C2
10
-5.461665993857906
20
-55.827794661915625
0
VERTEX
8
C2
10
-5.458512521824574
20
-55.83708449096032
0
VERTEX
8
C2
10
-5.454173462170061
20
-55.84588323353294
0
VERTEX
8
C2
10
-5.448723057408074
20
-55.85404034070859
0
VERTEX
8
C2
10
-5.442254565475224
20
-55.861416242121926
0
VERTEX
8
C2
10
-5.434878664061884
20
-55.867884734054776
0
VERTEX
8
C2
10
-5.426721556886221
20
-55.87333513881677
0
VERTEX
8
C2
10
-5.417922814313613
20
-55.87767419847128
0
VERTEX
8
C2
10
-5.408632985268909
20
-55.880827670504615
0
VERTEX
8
C2
10
-5.3990110213027265
20
-55.88274159813597
0
VERTEX
8
C2
10
-5.389221556886227
20
-55.88338323353294
0
VERTEX
8
C2
10
-5.379432092469727
20
-55.88274159813597
0
VERTEX
8
C2
10
-5.369810128503545
20
-55.880827670504615
0
VERTEX
8
C2
10
-5.360520299458841
20
-55.87767419847128
0
VERTEX
8
C2
10
-5.351721556886233
20
-55.87333513881677
0
VERTEX
8
C2
10
-5.34356444971057
20
-55.867884734054776
0
VERTEX
8
C2
10
-5.33618854829723
20
-55.861416242121926
0
VERTEX
8
C2
10
-5.32972005636438
20
-55.85404034070859
0
VERTEX
8
C2
10
-5.324269651602393
20
-55.84588323353294
0
VERTEX
8
C2
10
-5.31993059194788
20
-55.83708449096032
0
VERTEX
8
C2
10
-5.316777119914548
20
-55.827794661915625
0
VERTEX
8
C2
10
-5.314863192283198
20
-55.81817269794944
0
VERTEX
8
C2
10
-5.314221556886224
20
-55.808383233532936
0
VERTEX
8
C2
10
-5.314863192283198
20
-55.79859376911644
0
VERTEX
8
C2
10
-5.316777119914548
20
-55.78897180515025
0
VERTEX
8
C2
10
-5.31993059194788
20
-55.77968197610556
0
VERTEX
8
C2
10
-5.324269651602393
20
-55.770883233532935
0
VERTEX
8
C2
10
-5.32972005636438
20
-55.762726126357286
0
VERTEX
8
C2
10
-5.33618854829723
20
-55.755350224943946
0
VERTEX
8
C2
10
-5.34356444971057
20
-55.748881733011096
0
VERTEX
8
C2
10
-5.351721556886233
20
-55.7434313282491
0
VERTEX
8
C2
10
-5.360520299458841
20
-55.73909226859459
0
VERTEX
8
C2
10
-5.369810128503545
20
-55.73593879656126
0
VERTEX
8
C2
10
-5.379432092469727
20
-55.7340248689299
0
VERTEX
8
C2
10
-5.389221556886227
20
-55.73338323353293
0
SEQEND
0
POLYLINE
8
C2
66
1
70
1
0
VERTEX
8
C2
10
-5.389221556886227
20
-54.77529940119761
0
VERTEX
8
C2
10
-5.3990110213027265
20
-54.775941036594574
0
VERTEX
8
C2
10
-5.408632985268909
20
-54.77785496422593
0
VERTEX
8
C2
10
-5.417922814313613
20
-54.78100843625926
0
VERTEX
8
C2
10
-5.426721556886221
20
-54.785347495913776
0
VERTEX
8
C2
10
-5.434878664061884
20
-54.79079790067576
0
VERTEX
8
C2
10
-5.442254565475224
20
-54.79726639260862
0
VERTEX
8
C2
10
-5.448723057408074
20
-54.80464229402195
0
VERTEX
8
C2
10
-5.454173462170061
20
-54.81279940119761
0
VERTEX
8
C2
10
-5.458512521824574
20
-54.821598143770224
0
VERTEX
8
C2
10
-5.461665993857906
20
-54.83088797281492
0
VERTEX
8
C2
10
-5.463579921489256
20
-54.8405099367811
0
VERTEX
8
C2
10
-5.46422155688623
20
-54.85029940119761
0
VERTEX
8
C2
10
-5.463579921489256
20
-54.86008886561411
0
VERTEX
8
C2
10
-5.461665993857906
20
-54.8697108295803
0
VERTEX
8
C2
10
-5.458512521824574
20
-54.87900065862499
0
VERTEX
8
C2
10
-5.454173462170061
20
-54.887799401197604
0
VERTEX
8
C2
10
-5.448723057408074
20
-54.89595650837326
0
VERTEX
8
C2
10
-5.442254565475224
20
-54.9033324097866
0
VERTEX
8
C2
10
-5.434878664061884
20
-54.90980090171945
0
VERTEX
8
C2
10
-5.426721556886221
20
-54.91525130648144
0
VERTEX
8
C2
10
-5.417922814313613
20
-54.91959036613596
0
VERTEX
8
C2
10
-5.408632985268909
20
-54.92274383816929
0
VERTEX
8
C2
10
-5.3990110213027265
20
-54.924657765800646
0
VERTEX
8
C2
10
-5.389221556886227
20
-54.925299401197606
0
VERTEX
8
C2
10
-5.379432092469727
20
-54.924657765800646
0
VERTEX
8
C2
10
-5.369810128503545
20
-54.92274383816929
0
VERTEX
8
C2
10
-5.360520299458841
20
-54.91959036613596
0
VERTEX
8
C2
10
-5.351721556886233
20
-54.91525130648144
0
VERTEX
8
C2
10
-5.34356444971057
20
-54.90980090171945
0
VERTEX
8
C2
10
-5.33618854829723
20
-54.9033324097866
0
VERTEX
8
C2
10
-5.32972005636438
20
-54.89595650837326
0
VERTEX
8
C2
10
-5.324269651602393
20
-54.887799401197604
0
VERTEX
8
C2
10
-5.31993059194788
20
-54.87900065862499
0
VERTEX
8
C2
10
-5.316777119914548
20
-54.8697108295803
0
VERTEX
8
C2
10
-5.314863192283198
20
-54.86008886561411
0
VERTEX
8
C2
10
-5.314221556886224
20
-54.85029940119761
0
VERTEX
8
C2
10
-5.314863192283198
20
-54.8405099367811
0
VERTEX
8
C2
10
-5.316777119914548
20
-54.83088797281492
0
VERTEX
8
C2
10
-5.31993059194788
20
-54.821598143770224
0
VERTEX
8
C2
10
-5.324269651602393
20
-54.81279940119761
0
VERTEX
8
C2
10
-5.32972005636438
20
-54.80464229402195
0
VERTEX
8
C2
10
-5.33618854829723
20
-54.79726639260862
0
VERTEX
8
C2
10
-5.34356444971057
20
-54.79079790067576
0
VERTEX
8
C2
10
-5.351721556886233
20
-54.785347495913776
0
VERTEX
8
C2
10
-5.360520299458841
20
-54.78100843625926
0
VERTEX
8
C2
10
-5.369810128503545
20
-54.77785496422593
0
VERTEX
8
C2
10
-5.379432092469727
20
-54.775941036594574
0
VERTEX
8
C2
10
-5.389221556886227
20
-54.77529940119761
0
SEQEND
0
POLYLINE
8
C2
66
1
70
1
0
VERTEX
8
C2
10
-5.389221556886227
20
-53.81721556886228
0
VERTEX
8
C2
10
-5.3990110213027265
20
-53.81785720425924
0
VERTEX
8
C2
10
-5.408632985268909
20
-53.8197711318906
0
VERTEX
8
C2
10
-5.417922814313613
20
-53.82292460392393
0
VERTEX
8
C2
10
-5.426721556886221
20
-53.82726366357844
0
VERTEX
8
C2
10
-5.434878664061884
20
-53.83271406834044
0
VERTEX
8
C2
10
-5.442254565475224
20
-53.83918256027329
0
VERTEX
8
C2
10
-5.448723057408074
20
-53.84655846168663
0
VERTEX
8
C2
10
-5.454173462170061
20
-53.854715568862275
0
VERTEX
8
C2
10
-5.458512521824574
20
-53.8635143114349
0
VERTEX
8
C2
10
-5.461665993857906
20
-53.87280414047959
0
VERTEX
8
C2
10
-5.463579921489256
20
-53.88242610444578
0
VERTEX
8
C2
10
-5.46422155688623
20
-53.89221556886228
0
VERTEX
8
C2
10
-5.463579921489256
20
-53.90200503327878
0
VERTEX
8
C2
10
-5.461665993857906
20
-53.911626997244966
0
VERTEX
8
C2
10
-5.458512521824574
20
-53.92091682628966
0
VERTEX
8
C2
10
-5.454173462170061
20
-53.92971556886228
0
VERTEX
8
C2
10
-5.448723057408074
20
-53.937872676037934
0
VERTEX
8
C2
10
-5.442254565475224
20
-53.94524857745127
0
VERTEX
8
C2
10
-5.434878664061884
20
-53.951717069384124
0
VERTEX
8
C2
10
-5.426721556886221
20
-53.95716747414611
0
VERTEX
8
C2
10
-5.417922814313613
20
-53.96150653380062
0
VERTEX
8
C2
10
-5.408632985268909
20
-53.964660005833956
0
VERTEX
8
C2
10
-5.3990110213027265
20
-53.96657393346531
0
VERTEX
8
C2
10
-5.389221556886227
20
-53.96721556886228
0
VERTEX
8
C2
10
-5.379432092469727
20
-53.96657393346531
0
VERTEX
8
C2
10
-5.369810128503545
20
-53.964660005833956
0
VERTEX
8
C2
10
-5.360520299458841
20
-53.96150653380062
0
VERTEX
8
C2
10
-5.351721556886233
20
-53.95716747414611
0
VERTEX
8
C2
10
-5.34356444971057
20
-53.951717069384124
0
VERTEX
8
C2
10
-5.33618854829723
20
-53.94524857745127
0
VERTEX
8
C2
10
-5.32972005636438
20
-53.937872676037934
0
VERTEX
8
C2
10
-5.324269651602393
20
-53.92971556886228
0
VERTEX
8
C2
10
-5.31993059194788
20
-53.92091682628966
0
VERTEX
8
C2
10
-5.316777119914548
20
-53.911626997244966
0
VERTEX
8
C2
10
-5.314863192283198
20
-53.90200503327878
0
VERTEX
8
C2
10
-5.314221556886224
20
-53.89221556886228
0
VERTEX
8
C2
10
-5.314863192283198
20
-53.88242610444578
0
VERTEX
8
C2
10
-5.316777119914548
20
-53.87280414047959
0
VERTEX
8
C2
10
-5.31993059194788
20
-53.8635143114349
0
VERTEX
8
C2
10
-5.324269651602393
20
-53.854715568862275
0
VERTEX
8
C2
10
-5.32972005636438
20
-53.84655846168663
0
VERTEX
8
C2
10
-5.33618854829723
20
-53.83918256027329
0
VERTEX
8
C2
10
-5.34356444971057
20
-53.83271406834044
0
VERTEX
8
C2
10
-5.351721556886233
20
-53.82726366357844
0
VERTEX
8
C2
10
-5.360520299458841
20
-53.82292460392393
0
VERTEX
8
C2
10
-5.369810128503545
20
-53.8197711318906
0
VERTEX
8
C2
10
-5.379432092469727
20
-53.81785720425924
0
VERTEX
8
C2
10
-5.389221556886227
20
-53.81721556886228
0
SEQEND
0
POLYLINE
8
C2
66
1
70
1
0
VERTEX
8
C2
10
-3.9700598802395177
20
-53.577694610778444
0
VERTEX
8
C2
10
-3.9798493446560173
20
-53.57833624617541
0
VERTEX
8
C2
10
-3.989471308622214
20
-53.58025017380677
0
VERTEX
8
C2
10
-3.9987611376669037
20
-53.5834036458401
0
VERTEX
8
C2
10
-4.007559880239526
20
-53.58774270549461
0
VERTEX
8
C2
10
-4.015716987415175
20
-53.5931931102566
0
VERTEX
8
C2
10
-4.023092888828515
20
-53.59966160218946
0
VERTEX
8
C2
10
-4.029561380761365
20
-53.60703750360279
0
VERTEX
8
C2
10
-4.035011785523352
20
-53.615194610778445
0
VERTEX
8
C2
10
-4.039350845177864
20
-53.62399335335106
0
VERTEX
8
C2
10
-4.042504317211197
20
-53.63328318239576
0
VERTEX
8
C2
10
-4.044418244842561
20
-53.64290514636194
0
VERTEX
8
C2
10
-4.045059880239521
20
-53.65269461077845
0
VERTEX
8
C2
10
-4.044418244842561
20
-53.662484075194946
0
VERTEX
8
C2
10
-4.042504317211197
20
-53.672106039161136
0
VERTEX
8
C2
10
-4.039350845177864
20
-53.681395868205826
0
VERTEX
8
C2
10
-4.035011785523352
20
-53.69019461077845
0
VERTEX
8
C2
10
-4.029561380761365
20
-53.6983517179541
0
VERTEX
8
C2
10
-4.023092888828515
20
-53.70572761936744
0
VERTEX
8
C2
10
-4.015716987415175
20
-53.71219611130029
0
VERTEX
8
C2
10
-4.007559880239526
20
-53.71764651606228
0
VERTEX
8
C2
10
-3.9987611376669037
20
-53.72198557571679
0
VERTEX
8
C2
10
-3.989471308622214
20
-53.725139047750126
0
VERTEX
8
C2
10
-3.9798493446560173
20
-53.72705297538148
0
VERTEX
8
C2
10
-3.9700598802395177
20
-53.72769461077844
0
VERTEX
8
C2
10
-3.960270415823018
20
-53.72705297538148
0
VERTEX
8
C2
10
-3.9506484518568357
20
-53.725139047750126
0
VERTEX
8
C2
10
-3.941358622812132
20
-53.72198557571679
0
VERTEX
8
C2
10
-3.9325598802395234
20
-53.71764651606228
0
VERTEX
8
C2
10
-3.9244027730638606
20
-53.71219611130029
0
VERTEX
8
C2
10
-3.9170268716505348
20
-53.70572761936744
0
VERTEX
8
C2
10
-3.9105583797176706
20
-53.6983517179541
0
VERTEX
8
C2
10
-3.9051079749556834
20
-53.69019461077845
0
VERTEX
8
C2
10
-3.900768915301171
20
-53.681395868205826
0
VERTEX
8
C2
10
-3.8976154432678385
20
-53.672106039161136
0
VERTEX
8
C2
10
-3.895701515636489
20
-53.662484075194946
0
VERTEX
8
C2
10
-3.895059880239515
20
-53.65269461077845
0
VERTEX
8
C2
10
-3.895701515636489
20
-53.64290514636194
0
VERTEX
8
C2
10
-3.8976154432678385
20
-53.63328318239576
0
VERTEX
8
C2
10
-3.900768915301171
20
-53.62399335335106
0
VERTEX
8
C2
10
-3.9051079749556834
20
-53.615194610778445
0
VERTEX
8
C2
10
-3.9105583797176706
20
-53.60703750360279
0
VERTEX
8
C2
10
-3.9170268716505348
20
-53.59966160218946
0
VERTEX
8
C2
10
-3.9244027730638606
20
-53.5931931102566
0
VERTEX
8
C2
10
-3.9325598802395234
20
-53.58774270549461
0
VERTEX
8
C2
10
-3.941358622812132
20
-53.5834036458401
0
VERTEX
8
C2
10
-3.9506484518568357
20
-53.58025017380677
0
VERTEX
8
C2
10
-3.960270415823018
20
-53.57833624617541
0
VERTEX
8
C2
10
-3.9700598802395177
20
-53.577694610778444
0
SEQEND
0
POLYLINE
8
C2
66
1
70
1
0
VERTEX
8
C2
10
-5.389221556886227
20
-53.338173652694614
0
VERTEX
8
C2
10
-5.3990110213027265
20
-53.33881528809158
0
VERTEX
8
C2
10
-5.408632985268909
20
-53.34072921572293
0
VERTEX
8
C2
10
-5.417922814313613
20
-53.34388268775627
0
VERTEX
8
C2
10
-5.426721556886221
20
-53.34822174741078
0
VERTEX
8
C2
10
-5.434878664061884
20
-53.35367215217277
0
VERTEX
8
C2
10
-5.442254565475224
20
-53.36014064410562
0
VERTEX
8
C2
10
-5.448723057408074
20
-53.36751654551896
0
VERTEX
8
C2
10
-5.454173462170061
20
-53.375673652694616
0
VERTEX
8
C2
10
-5.458512521824574
20
-53.38447239526723
0
VERTEX
8
C2
10
-5.461665993857906
20
-53.39376222431193
0
VERTEX
8
C2
10
-5.463579921489256
20
-53.40338418827811
0
VERTEX
8
C2
10
-5.46422155688623
20
-53.41317365269461
0
VERTEX
8
C2
10
-5.463579921489256
20
-53.42296311711112
0
VERTEX
8
C2
10
-5.461665993857906
20
-53.4325850810773
0
VERTEX
8
C2
10
-5.458512521824574
20
-53.441874910121996
0
VERTEX
8
C2
10
-5.454173462170061
20
-53.45067365269461
0
VERTEX
8
C2
10
-5.448723057408074
20
-53.45883075987027
0
VERTEX
8
C2
10
-5.442254565475224
20
-53.46620666128361
0
VERTEX
8
C2
10
-5.434878664061884
20
-53.47267515321646
0
VERTEX
8
C2
10
-5.426721556886221
20
-53.478125557978444
0
VERTEX
8
C2
10
-5.417922814313613
20
-53.48246461763296
0
VERTEX
8
C2
10
-5.408632985268909
20
-53.485618089666296
0
VERTEX
8
C2
10
-5.3990110213027265
20
-53.487532017297646
0
VERTEX
8
C2
10
-5.389221556886227
20
-53.48817365269461
0
VERTEX
8
C2
10
-5.379432092469727
20
-53.487532017297646
0
VERTEX
8
C2
10
-5.369810128503545
20
-53.485618089666296
0
VERTEX
8
C2
10
-5.360520299458841
20
-53.48246461763296
0
VERTEX
8
C2
10
-5.351721556886233
20
-53.478125557978444
0
VERTEX
8
C2
10
-5.34356444971057
20
-53.47267515321646
0
VERTEX
8
C2
10
-5.33618854829723
20
-53.46620666128361
0
VERTEX
8
C2
10
-5.32972005636438
20
-53.45883075987027
0
VERTEX
8
C2
10
-5.324269651602393
20
-53.45067365269461
0
VERTEX
8
C2
10
-5.31993059194788
20
-53.441874910121996
0
VERTEX
8
C2
10
-5.316777119914548
20
-53.4325850810773
0
VERTEX
8
C2
10
-5.314863192283198
20
-53.42296311711112
0
VERTEX
8
C2
10
-5.314221556886224
20
-53.41317365269461
0
VERTEX
8
C2
10
-5.314863192283198
20
-53.40338418827811
0
VERTEX
8
C2
10
-5.316777119914548
20
-53.39376222431193
0
VERTEX
8
C2
10
-5.31993059194788
20
-53.38447239526723
0
VERTEX
8
C2
10
-5.324269651602393
20
-53.375673652694616
0
VERTEX
8
C2
10
-5.32972005636438
20
-53.36751654551896
0
VERTEX
8
C2
10
-5.33618854829723
20
-53.36014064410562
0
VERTEX
8
C2
10
-5.34356444971057
20
-53.35367215217277
0
VERTEX
8
C2
10
-5.351721556886233
20
-53.34822174741078
0
VERTEX
8
C2
10
-5.360520299458841
20
-53.34388268775627
0
VERTEX
8
C2
10
-5.369810128503545
20
-53.34072921572293
0
VERTEX
8
C2
10
-5.379432092469727
20
-53.33881528809158
0
VERTEX
8
C2
10
-5.389221556886227
20
-53.338173652694614
0
SEQEND
0
POLYLINE
8
C2
66
1
70
1
0
VERTEX
8
C2
10
-4.1317365269461135
20
-55.61362275449102
0
VERTEX
8
C2
10
-4.141525991362613
20
-55.614264389887985
0
VERTEX
8
C2
10
-4.1511479553287955
20
-55.61617831751934
0
VERTEX
8
C2
10
-4.160437784373485
20
-55.619331789552675
0
VERTEX
8
C2
10
-4.169236526946108
20
-55.62367084920719
0
VERTEX
8
C2
10
-4.177393634121756
20
-55.62912125396918
0
VERTEX
8
C2
10
-4.1847695355350965
20
-55.63558974590203
0
VERTEX
8
C2
10
-4.191238027467946
20
-55.642965647315364
0
VERTEX
8
C2
10
-4.196688432229934
20
-55.65112275449102
0
VERTEX
8
C2
10
-4.20102749188446
20
-55.659921497063635
0
VERTEX
8
C2
10
-4.204180963917793
20
-55.66921132610833
0
VERTEX
8
C2
10
-4.206094891549142
20
-55.678833290074515
0
VERTEX
8
C2
10
-4.206736526946102
20
-55.68862275449102
0
VERTEX
8
C2
10
-4.206094891549142
20
-55.69841221890752
0
VERTEX
8
C2
10
-4.204180963917793
20
-55.70803418287371
0
VERTEX
8
C2
10
-4.20102749188446
20
-55.7173240119184
0
VERTEX
8
C2
10
-4.196688432229934
20
-55.72612275449102
0
VERTEX
8
C2
10
-4.191238027467946
20
-55.73427986166667
0
VERTEX
8
C2
10
-4.1847695355350965
20
-55.74165576308001
0
VERTEX
8
C2
10
-4.177393634121756
20
-55.74812425501286
0
VERTEX
8
C2
10
-4.169236526946108
20
-55.753574659774856
0
VERTEX
8
C2
10
-4.160437784373485
20
-55.75791371942937
0
VERTEX
8
C2
10
-4.1511479553287955
20
-55.7610671914627
0
VERTEX
8
C2
10
-4.141525991362613
20
-55.76298111909406
0
VERTEX
8
C2
10
-4.1317365269461135
20
-55.763622754491024
0
VERTEX
8
C2
10
-4.1219470625296
20
-55.76298111909406
0
VERTEX
8
C2
10
-4.112325098563417
20
-55.7610671914627
0
VERTEX
8
C2
10
-4.1030352695187275
20
-55.75791371942937
0
VERTEX
8
C2
10
-4.094236526946105
20
-55.753574659774856
0
VERTEX
8
C2
10
-4.086079419770456
20
-55.74812425501286
0
VERTEX
8
C2
10
-4.078703518357116
20
-55.74165576308001
0
VERTEX
8
C2
10
-4.072235026424266
20
-55.73427986166667
0
VERTEX
8
C2
10
-4.066784621662279
20
-55.72612275449102
0
VERTEX
8
C2
10
-4.062445562007767
20
-55.7173240119184
0
VERTEX
8
C2
10
-4.05929208997442
20
-55.70803418287371
0
VERTEX
8
C2
10
-4.0573781623430705
20
-55.69841221890752
0
VERTEX
8
C2
10
-4.056736526946111
20
-55.68862275449102
0
VERTEX
8
C2
10
-4.0573781623430705
20
-55.678833290074515
0
VERTEX
8
C2
10
-4.05929208997442
20
-55.66921132610833
0
VERTEX
8
C2
10
-4.062445562007767
20
-55.659921497063635
0
VERTEX
8
C2
10
-4.066784621662279
20
-55.65112275449102
0
VERTEX
8
C2
10
-4.072235026424266
20
-55.642965647315364
0
VERTEX
8
C2
10
-4.078703518357116
20
-55.63558974590203
0
VERTEX
8
C2
10
-4.086079419770456
20
-55.62912125396918
0
VERTEX
8
C2
10
-4.094236526946105
20
-55.62367084920719
0
VERTEX
8
C2
10
-4.1030352695187275
20
-55.619331789552675
0
VERTEX
8
C2
10
-4.112325098563417
20
-55.61617831751934
0
VERTEX
8
C2
10
-4.1219470625296
20
-55.614264389887985
0
VERTEX
8
C2
10
-4.1317365269461135
20
-55.61362275449102
0
SEQEND
0
POLYLINE
8
C2
66
1
70
1
0
VERTEX
8
C2
10
-5.389221556886227
20
-54.29625748502994
0
VERTEX
8
C2
10
-5.3990110213027265
20
-54.29689912042691
0
VERTEX
8
C2
10
-5.408632985268909
20
-54.298813048058264
0
VERTEX
8
C2
10
-5.417922814313613
20
-54.3019665200916
0
VERTEX
8
C2
10
-5.426721556886221
20
-54.30630557974611
0
VERTEX
8
C2
10
-5.434878664061884
20
-54.3117559845081
0
VERTEX
8
C2
10
-5.442254565475224
20
-54.31822447644095
0
VERTEX
8
C2
10
-5.448723057408074
20
-54.325600377854286
0
VERTEX
8
C2
10
-5.454173462170061
20
-54.33375748502994
0
VERTEX
8
C2
10
-5.458512521824574
20
-54.342556227602564
0
VERTEX
8
C2
10
-5.461665993857906
20
-54.351846056647254
0
VERTEX
8
C2
10
-5.463579921489256
20
-54.36146802061344
0
VERTEX
8
C2
10
-5.46422155688623
20
-54.37125748502994
0
VERTEX
8
C2
10
-5.463579921489256
20
-54.38104694944645
0
VERTEX
8
C2
10
-5.461665993857906
20
-54.39066891341263
0
VERTEX
8
C2
10
-5.458512521824574
20
-54.39995874245732
0
VERTEX
8
C2
10
-5.454173462170061
20
-54.408757485029945
0
VERTEX
8
C2
10
-5.448723057408074
20
-54.4169145922056
0
VERTEX
8
C2
10
-5.442254565475224
20
-54.42429049361893
0
VERTEX
8
C2
10
-5.434878664061884
20
-54.43075898555178
0
VERTEX
8
C2
10
-5.426721556886221
20
-54.43620939031378
0
VERTEX
8
C2
10
-5.417922814313613
20
-54.44054844996829
0
VERTEX
8
C2
10
-5.408632985268909
20
-54.44370192200162
0
VERTEX
8
C2
10
-5.3990110213027265
20
-54.44561584963298
0
VERTEX
8
C2
10
-5.389221556886227
20
-54.446257485029946
0
VERTEX
8
C2
10
-5.379432092469727
20
-54.44561584963298
0
VERTEX
8
C2
10
-5.369810128503545
20
-54.44370192200162
0
VERTEX
8
C2
10
-5.360520299458841
20
-54.44054844996829
0
VERTEX
8
C2
10
-5.351721556886233
20
-54.43620939031378
0
VERTEX
8
C2
10
-5.34356444971057
20
-54.43075898555178
0
VERTEX
8
C2
10
-5.33618854829723
20
-54.42429049361893
0
VERTEX
8
C2
10
-5.32972005636438
20
-54.4169145922056
0
VERTEX
8
C2
10
-5.324269651602393
20
-54.408757485029945
0
VERTEX
8
C2
10
-5.31993059194788
20
-54.39995874245732
0
VERTEX
8
C2
10
-5.316777119914548
20
-54.39066891341263
0
VERTEX
8
C2
10
-5.314863192283198
20
-54.38104694944645
0
VERTEX
8
C2
10
-5.314221556886224
20
-54.37125748502994
0
VERTEX
8
C2
10
-5.314863192283198
20
-54.36146802061344
0
VERTEX
8
C2
10
-5.316777119914548
20
-54.351846056647254
0
VERTEX
8
C2
10
-5.31993059194788
20
-54.342556227602564
0
VERTEX
8
C2
10
-5.324269651602393
20
-54.33375748502994
0
VERTEX
8
C2
10
-5.32972005636438
20
-54.325600377854286
0
VERTEX
8
C2
10
-5.33618854829723
20
-54.31822447644095
0
VERTEX
8
C2
10
-5.34356444971057
20
-54.3117559845081
0
VERTEX
8
C2
10
-5.351721556886233
20
-54.30630557974611
0
VERTEX
8
C2
10
-5.360520299458841
20
-54.3019665200916
0
VERTEX
8
C2
10
-5.369810128503545
20
-54.298813048058264
0
VERTEX
8
C2
10
-5.379432092469727
20
-54.29689912042691
0
VERTEX
8
C2
10
-5.389221556886227
20
-54.29625748502994
0
SEQEND
0
POLYLINE
8
C2
66
1
70
1
0
VERTEX
8
C2
10
-5.389221556886227
20
-55.254341317365274
0
VERTEX
8
C2
10
-5.3990110213027265
20
-55.254982952762234
0
VERTEX
8
C2
10
-5.408632985268909
20
-55.25689688039359
0
VERTEX
8
C2
10
-5.417922814313613
20
-55.26005035242692
0
VERTEX
8
C2
10
-5.426721556886221
20
-55.26438941208144
0
VERTEX
8
C2
10
-5.434878664061884
20
-55.26983981684343
0
VERTEX
8
C2
10
-5.442254565475224
20
-55.27630830877628
0
VERTEX
8
C2
10
-5.448723057408074
20
-55.28368421018962
0
VERTEX
8
C2
10
-5.454173462170061
20
-55.291841317365275
0
VERTEX
8
C2
10
-5.458512521824574
20
-55.30064005993789
0
VERTEX
8
C2
10
-5.461665993857906
20
-55.30992988898258
0
VERTEX
8
C2
10
-5.463579921489256
20
-55.31955185294877
0
VERTEX
8
C2
10
-5.46422155688623
20
-55.32934131736527
0
VERTEX
8
C2
10
-5.463579921489256
20
-55.339130781781776
0
VERTEX
8
C2
10
-5.461665993857906
20
-55.34875274574796
0
VERTEX
8
C2
10
-5.458512521824574
20
-55.358042574792655
0
VERTEX
8
C2
10
-5.454173462170061
20
-55.36684131736527
0
VERTEX
8
C2
10
-5.448723057408074
20
-55.37499842454093
0
VERTEX
8
C2
10
-5.442254565475224
20
-55.38237432595427
0
VERTEX
8
C2
10
-5.434878664061884
20
-55.38884281788712
0
VERTEX
8
C2
10
-5.426721556886221
20
-55.394293222649104
0
VERTEX
8
C2
10
-5.417922814313613
20
-55.398632282303616
0
VERTEX
8
C2
10
-5.408632985268909
20
-55.401785754336956
0
VERTEX
8
C2
10
-5.3990110213027265
20
-55.403699681968305
0
VERTEX
8
C2
10
-5.389221556886227
20
-55.40434131736527
0
VERTEX
8
C2
10
-5.379432092469727
20
-55.403699681968305
0
VERTEX
8
C2
10
-5.369810128503545
20
-55.401785754336956
0
VERTEX
8
C2
10
-5.360520299458841
20
-55.398632282303616
0
VERTEX
8
C2
10
-5.351721556886233
20
-55.394293222649104
0
VERTEX
8
C2
10
-5.34356444971057
20
-55.38884281788712
0
VERTEX
8
C2
10
-5.33618854829723
20
-55.38237432595427
0
VERTEX
8
C2
10
-5.32972005636438
20
-55.37499842454093
0
VERTEX
8
C2
10
-5.324269651602393
20
-55.36684131736527
0
VERTEX
8
C2
10
-5.31993059194788
20
-55.358042574792655
0
VERTEX
8
C2
10
-5.316777119914548
20
-55.34875274574796
0
VERTEX
8
C2
10
-5.314863192283198
20
-55.339130781781776
0
VERTEX
8
C2
10
-5.314221556886224
20
-55.32934131736527
0
VERTEX
8
C2
10
-5.314863192283198
20
-55.31955185294877
0
VERTEX
8
C2
10
-5.316777119914548
20
-55.30992988898258
0
VERTEX
8
C2
10
-5.31993059194788
20
-55.30064005993789
0
VERTEX
8
C2
10
-5.324269651602393
20
-55.291841317365275
0
VERTEX
8
C2
10
-5.32972005636438
20
-55.28368421018962
0
VERTEX
8
C2
10
-5.33618854829723
20
-55.27630830877628
0
VERTEX
8
C2
10
-5.34356444971057
20
-55.26983981684343
0
VERTEX
8
C2
10
-5.351721556886233
20
-55.26438941208144
0
VERTEX
8
C2
10
-5.360520299458841
20
-55.26005035242692
0
VERTEX
8
C2
10
-5.369810128503545
20
-55.25689688039359
0
VERTEX
8
C2
10
-5.379432092469727
20
-55.254982952762234
0
VERTEX
8
C2
10
-5.389221556886227
20
-55.254341317365274
0
SEQEND
0
POLYLINE
8
C2
66
1
70
1
0
VERTEX
8
C2
10
-5.389221556886227
20
-56.2124251497006
0
VERTEX
8
C2
10
-5.3990110213027265
20
-56.21306678509757
0
VERTEX
8
C2
10
-5.408632985268909
20
-56.214980712728924
0
VERTEX
8
C2
10
-5.417922814313613
20
-56.218134184762256
0
VERTEX
8
C2
10
-5.426721556886221
20
-56.22247324441677
0
VERTEX
8
C2
10
-5.434878664061884
20
-56.227923649178756
0
VERTEX
8
C2
10
-5.442254565475224
20
-56.23439214111161
0
VERTEX
8
C2
10
-5.448723057408074
20
-56.241768042524946
0
VERTEX
8
C2
10
-5.454173462170061
20
-56.2499251497006
0
VERTEX
8
C2
10
-5.458512521824574
20
-56.25872389227322
0
VERTEX
8
C2
10
-5.461665993857906
20
-56.268013721317914
0
VERTEX
8
C2
10
-5.463579921489256
20
-56.277635685284096
0
VERTEX
8
C2
10
-5.46422155688623
20
-56.2874251497006
0
VERTEX
8
C2
10
-5.463579921489256
20
-56.2972146141171
0
VERTEX
8
C2
10
-5.461665993857906
20
-56.30683657808329
0
VERTEX
8
C2
10
-5.458512521824574
20
-56.31612640712798
0
VERTEX
8
C2
10
-5.454173462170061
20
-56.324925149700604
0
VERTEX
8
C2
10
-5.448723057408074
20
-56.33308225687625
0
VERTEX
8
C2
10
-5.442254565475224
20
-56.34045815828959
0
VERTEX
8
C2
10
-5.434878664061884
20
-56.34692665022244
0
VERTEX
8
C2
10
-5.426721556886221
20
-56.35237705498444
0
VERTEX
8
C2
10
-5.417922814313613
20
-56.35671611463895
0
VERTEX
8
C2
10
-5.408632985268909
20
-56.35986958667228
0
VERTEX
8
C2
10
-5.3990110213027265
20
-56.36178351430364
0
VERTEX
8
C2
10
-5.389221556886227
20
-56.3624251497006
0
VERTEX
8
C2
10
-5.379432092469727
20
-56.36178351430364
0
VERTEX
8
C2
10
-5.369810128503545
20
-56.35986958667228
0
VERTEX
8
C2
10
-5.360520299458841
20
-56.35671611463895
0
VERTEX
8
C2
10
-5.351721556886233
20
-56.35237705498444
0
VERTEX
8
C2
10
-5.34356444971057
20
-56.34692665022244
0
VERTEX
8
C2
10
-5.33618854829723
20
-56.34045815828959
0
VERTEX
8
C2
10
-5.32972005636438
20
-56.33308225687625
0
VERTEX
8
C2
10
-5.324269651602393
20
-56.324925149700604
0
VERTEX
8
C2
10
-5.31993059194788
20
-56.31612640712798
0
VERTEX
8
C2
10
-5.316777119914548
20
-56.30683657808329
0
VERTEX
8
C2
10
-5.314863192283198
20
-56.2972146141171
0
VERTEX
8
C2
10
-5.314221556886224
20
-56.2874251497006
0
VERTEX
8
C2
10
-5.314863192283198
20
-56.277635685284096
0
VERTEX
8
C2
10
-5.316777119914548
20
-56.268013721317914
0
VERTEX
8
C2
10
-5.31993059194788
20
-56.25872389227322
0
VERTEX
8
C2
10
-5.324269651602393
20
-56.2499251497006
0
VERTEX
8
C2
10
-5.32972005636438
20
-56.241768042524946
0
VERTEX
8
C2
10
-5.33618854829723
20
-56.23439214111161
0
VERTEX
8
C2
10
-5.34356444971057
20
-56.227923649178756
0
VERTEX
8
C2
10
-5.351721556886233
20
-56.22247324441677
0
VERTEX
8
C2
10
-5.360520299458841
20
-56.218134184762256
0
VERTEX
8
C2
10
-5.369810128503545
20
-56.214980712728924
0
VERTEX
8
C2
10
-5.379432092469727
20
-56.21306678509757
0
VERTEX
8
C2
10
-5.389221556886227
20
-56.2124251497006
0
SEQEND
0
POLYLINE
8
C2
66
1
70
1
0
VERTEX
8
C2
10
3.41317365269461
20
-57.565029940119764
0
VERTEX
8
C2
10
3.41317365269461
20
-55.209580838323355
0
VERTEX
8
C2
10
3.0538922155688653
20
-55.209580838323355
0
VERTEX
8
C2
10
3.0538922155688653
20
-55.808383233532936
0
VERTEX
8
C2
10
3.293413173652695
20
-55.808383233532936
0
VERTEX
8
C2
10
3.293413173652695
20
-56.047904191616766
0
VERTEX
8
C2
10
3.0538922155688653
20
-56.047904191616766
0
VERTEX
8
C2
10
3.0538922155688653
20
-57.0059880239521
0
VERTEX
8
C2
10
3.293413173652695
20
-57.0059880239521
0
VERTEX
8
C2
10
3.293413173652695
20
-57.24550898203593
0
VERTEX
8
C2
10
3.0538922155688653
20
-57.24550898203593
0
VERTEX
8
C2
10
3.0538922155688653
20
-57.565029940119764
0
VERTEX
8
C2
10
3.41317365269461
20
-57.565029940119764
0
SEQEND
0
POLYLINE
8
C2
66
1
70
1
0
VERTEX
8
C2
10
4.31097759936641
20
-55.808383233532936
0
VERTEX
8
C2
10
4.491017964071858
20
-55.808383233532936
0
VERTEX
8
C2
10
4.491017964071858
20
-55.32934131736527
0
VERTEX
8
C2
10
4.610778443113773
20
-55.32934131736527
0
VERTEX
8
C2
10
4.610778443113773
20
-55.68862275449102
0
VERTEX
8
C2
10
4.658682634730539
20
-55.68862275449102
0
VERTEX
8
C2
10
4.662864040061962
20
-55.71060645197381
0
VERTEX
8
C2
10
4.674824285428031
20
-55.7295199296113
0
VERTEX
8
C2
10
4.692893015661838
20
-55.742721751201444
0
VERTEX
8
C2
10
4.714546771086688
20
-55.74836816436037
0
VERTEX
8
C2
10
4.736761411214715
20
-55.745670597022404
0
VERTEX
8
C2
10
4.756434462996026
20
-55.73500578857734
0
VERTEX
8
C2
10
4.770818408910273
20
-55.717863174847324
0
VERTEX
8
C2
10
4.777904402345797
20
-55.69663687506163
0
VERTEX
8
C2
10
4.776702820984241
20
-55.67429133170749
0
VERTEX
8
C2
10
4.767381476402562
20
-55.65394729964032
0
VERTEX
8
C2
10
4.7512421776864215
20
-55.638446004774686
0
VERTEX
8
C2
10
4.730538922155688
20
-55.629952341490224
0
VERTEX
8
C2
10
4.730538922155688
20
-55.209580838323355
0
VERTEX
8
C2
10
3.7724550898203546
20
-55.209580838323355
0
VERTEX
8
C2
10
3.7724550898203546
20
-55.808383233532936
0
VERTEX
8
C2
10
3.9524954545258026
20
-55.808383233532936
0
VERTEX
8
C2
10
3.931812973176733
20
-55.76924847638517
0
VERTEX
8
C2
10
3.9195597929423798
20
-55.72671432744678
0
VERTEX
8
C2
10
3.916252540022427
20
-55.682574137937756
0
VERTEX
8
C2
10
3.922030656869751
20
-55.63868897395871
0
VERTEX
8
C2
10
3.9366505229310604
20
-55.59690914906536
0
VERTEX
8
C2
10
3.9594957263281003
20
-55.55899621019858
0
VERTEX
8
C2
10
3.9896030533983122
20
-55.5265486662475
0
VERTEX
8
C2
10
4.025703100307808
20
-55.50093459072444
0
VERTEX
8
C2
10
4.066273794444754
20
-55.483233940199234
0
VERTEX
8
C2
10
4.1096045689906475
20
-55.474193020499236
0
VERTEX
8
C2
10
4.153868484901565
20
-55.474193020499236
0
VERTEX
8
C2
10
4.1971992594474585
20
-55.483233940199234
0
VERTEX
8
C2
10
4.2377699535844044
20
-55.50093459072444
0
VERTEX
8
C2
10
4.2738700004939005
20
-55.5265486662475
0
VERTEX
8
C2
10
4.303977327564112
20
-55.55899621019858
0
VERTEX
8
C2
10
4.326822530961152
20
-55.59690914906536
0
VERTEX
8
C2
10
4.341442397022462
20
-55.63868897395871
0
VERTEX
8
C2
10
4.347220513869786
20
-55.682574137937756
0
VERTEX
8
C2
10
4.343913260949833
20
-55.72671432744678
0
VERTEX
8
C2
10
4.331660080715494
20
-55.76924847638517
0
VERTEX
8
C2
10
4.31097759936641
20
-55.808383233532936
0
SEQEND
0
POLYLINE
8
C2
66
1
70
1
0
VERTEX
8
C2
10
3.7629746531043082
20
-53.59281437125749
0
VERTEX
8
C2
10
2.754491017964071
20
-53.59281437125749
0
VERTEX
8
C2
10
2.754491017964071
20
-54.37125748502994
0
VERTEX
8
C2
10
2.634730538922156
20
-54.37125748502994
0
VERTEX
8
C2
10
2.634730538922156
20
-53.59281437125749
0
VERTEX
8
C2
10
1.386725945698089
20
-53.59281437125749
0
VERTEX
8
C2
10
1.3945926813071452
20
-53.63639773699489
0
VERTEX
8
C2
10
1.393386760054213
20
-53.68066895848329
0
VERTEX
8
C2
10
1.3831590812639405
20
-53.72375944333442
0
VERTEX
8
C2
10
1.3643413331096639
20
-53.76385043549657
0
VERTEX
8
C2
10
1.3377277719905578
20
-53.79924978100891
0
VERTEX
8
C2
10
1.304441698688919
20
-53.828463350155815
0
VERTEX
8
C2
10
1.2658880462767286
20
-53.85025810144651
0
VERTEX
8
C2
10
1.2236940809331287
20
-53.86371412562626
0
VERTEX
8
C2
10
1.1796407185628794
20
-53.868263473053894
0
VERTEX
8
C2
10
1.135587356192616
20
-53.86371412562626
0
VERTEX
8
C2
10
1.093393390849016
20
-53.85025810144651
0
VERTEX
8
C2
10
1.0548397384368258
20
-53.828463350155815
0
VERTEX
8
C2
10
1.0215536651351869
20
-53.79924978100891
0
VERTEX
8
C2
10
0.9949401040160666
20
-53.76385043549657
0
VERTEX
8
C2
10
0.9761223558618042
20
-53.72375944333442
0
VERTEX
8
C2
10
0.9658946770715318
20
-53.68066895848329
0
VERTEX
8
C2
10
0.9646887558185995
20
-53.63639773699489
0
VERTEX
8
C2
10
0.9725554914276557
20
-53.59281437125749
0
VERTEX
8
C2
10
0.658682634730539
20
-53.59281437125749
0
VERTEX
8
C2
10
0.658682634730539
20
-54.550898203592816
0
VERTEX
8
C2
10
2.634730538922156
20
-54.550898203592816
0
VERTEX
8
C2
10
2.634730538922156
20
-54.49101796407186
0
VERTEX
8
C2
10
2.754491017964071
20
-54.49101796407186
0
VERTEX
8
C2
10
2.754491017964071
20
-54.550898203592816
0
VERTEX
8
C2
10
4.730538922155688
20
-54.550898203592816
0
VERTEX
8
C2
10
4.730538922155688
20
-53.59281437125749
0
VERTEX
8
C2
10
4.177145107374741
20
-53.59281437125749
0
VERTEX
8
C2
10
4.1850118429837835
20
-53.63639773699489
0
VERTEX
8
C2
10
4.183805921730865
20
-53.68066895848329
0
VERTEX
8
C2
10
4.173578242940593
20
-53.72375944333442
0
VERTEX
8
C2
10
4.154760494786316
20
-53.76385043549657
0
VERTEX
8
C2
10
4.12814693366721
20
-53.79924978100892
0
VERTEX
8
C2
10
4.094860860365571
20
-53.828463350155815
0
VERTEX
8
C2
10
4.056307207953381
20
-53.85025810144651
0
VERTEX
8
C2
10
4.014113242609781
20
-53.86371412562626
0
VERTEX
8
C2
10
3.9700598802395177
20
-53.868263473053894
0
VERTEX
8
C2
10
3.9260065178692543
20
-53.86371412562626
0
VERTEX
8
C2
10
3.8838125525256544
20
-53.85025810144651
0
VERTEX
8
C2
10
3.845258900113464
20
-53.828463350155815
0
VERTEX
8
C2
10
3.811972826811825
20
-53.79924978100892
0
VERTEX
8
C2
10
3.785359265692719
20
-53.76385043549657
0
VERTEX
8
C2
10
3.7665415175384567
20
-53.72375944333442
0
VERTEX
8
C2
10
3.75631383874817
20
-53.68066895848329
0
VERTEX
8
C2
10
3.755107917495252
20
-53.63639773699489
0
VERTEX
8
C2
10
3.7629746531043082
20
-53.59281437125749
0
SEQEND
0
POLYLINE
8
C2
66
1
70
1
0
VERTEX
8
C2
10
1.4367261023604243
20
-55.808383233532936
0
VERTEX
8
C2
10
1.6167664670658723
20
-55.808383233532936
0
VERTEX
8
C2
10
1.6167664670658723
20
-55.209580838323355
0
VERTEX
8
C2
10
0.658682634730539
20
-55.209580838323355
0
VERTEX
8
C2
10
0.658682634730539
20
-55.26946107784431
0
VERTEX
8
C2
10
0.23952095808382978
20
-55.26946107784431
0
VERTEX
8
C2
10
0.23952095808382978
20
-54.79041916167665
0
VERTEX
8
C2
10
0.0
20
-54.79041916167665
0
VERTEX
8
C2
10
0.0
20
-55.38922155688623
0
VERTEX
8
C2
10
0.658682634730539
20
-55.38922155688623
0
VERTEX
8
C2
10
0.658682634730539
20
-55.68862275449102
0
VERTEX
8
C2
10
0.7005988023952057
20
-55.68862275449102
0
VERTEX
8
C2
10
0.7045929685518786
20
-55.710126007477676
0
VERTEX
8
C2
10
0.716042624688086
20
-55.72876061578206
0
VERTEX
8
C2
10
0.7334203277137448
20
-55.74204062669498
0
VERTEX
8
C2
10
0.7544078025564289
20
-55.74819441837347
0
VERTEX
8
C2
10
0.7762052119943661
20
-55.74640104331787
0
VERTEX
8
C2
10
0.7959046693598708
20
-55.7368997469958
0
VERTEX
8
C2
10
0.810878165595426
20
-55.72095805126482
0
VERTEX
8
C2
10
0.8191281591951878
20
-55.70070266042932
0
VERTEX
8
C2
10
0.8195540585285386
20
-55.67883574793457
0
VERTEX
8
C2
10
0.8120990464311433
20
-55.65827447251394
0
VERTEX
8
C2
10
0.7977576599074183
20
-55.641761814191554
0
VERTEX
8
C2
10
0.7784431137724539
20
-55.631500646621745
0
VERTEX
8
C2
10
0.7784431137724539
20
-55.32934131736527
0
VERTEX
8
C2
10
0.8982035928143688
20
-55.32934131736527
0
VERTEX
8
C2
10
0.8982035928143688
20
-55.808383233532936
0
VERTEX
8
C2
10
1.0782439575198168
20
-55.808383233532936
0
VERTEX
8
C2
10
1.0575614761707328
20
-55.76924847638517
0
VERTEX
8
C2
10
1.045308295936394
20
-55.72671432744678
0
VERTEX
8
C2
10
1.042001043016441
20
-55.68257413793775
0
VERTEX
8
C2
10
1.0477791598637651
20
-55.63868897395871
0
VERTEX
8
C2
10
1.0623990259250746
20
-55.59690914906536
0
VERTEX
8
C2
10
1.0852442293221145
20
-55.55899621019857
0
VERTEX
8
C2
10
1.1153515563923264
20
-55.5265486662475
0
VERTEX
8
C2
10
1.1514516033018225
20
-55.50093459072444
0
VERTEX
8
C2
10
1.1920222974387684
20
-55.48323394019923
0
VERTEX
8
C2
10
1.2353530719846617
20
-55.47419302049923
0
VERTEX
8
C2
10
1.2796169878955794
20
-55.47419302049923
0
VERTEX
8
C2
10
1.3229477624414727
20
-55.483233940199234
0
VERTEX
8
C2
10
1.3635184565784186
20
-55.50093459072444
0
VERTEX
8
C2
10
1.3996185034879147
20
-55.5265486662475
0
VERTEX
8
C2
10
1.4297258305581266
20
-55.55899621019858
0
VERTEX
8
C2
10
1.4525710339551665
20
-55.59690914906536
0
VERTEX
8
C2
10
1.467190900016476
20
-55.63868897395871
0
VERTEX
8
C2
10
1.4729690168638
20
-55.682574137937756
0
VERTEX
8
C2
10
1.4696617639438472
20
-55.72671432744678
0
VERTEX
8
C2
10
1.457408583709494
20
-55.76924847638517
0
VERTEX
8
C2
10
1.4367261023604243
20
-55.808383233532936
0
SEQEND
0
POLYLINE
8
C2
66
1
70
1
0
VERTEX
8
C2
10
9.700199156252651
20
-55.808383233532936
0
VERTEX
8
C2
10
9.880239520958085
20
-55.808383233532936
0
VERTEX
8
C2
10
9.880239520958085
20
-55.32934131736527
0
VERTEX
8
C2
10
10.0
20
-55.32934131736527
0
VERTEX
8
C2
10
10.0
20
-55.631500646621745
0
VERTEX
8
C2
10
9.980685453865036
20
-55.641761814191554
0
VERTEX
8
C2
10
9.966344067341296
20
-55.65827447251394
0
VERTEX
8
C2
10
9.958889055243915
20
-55.67883574793457
0
VERTEX
8
C2
10
9.959314954577266
20
-55.70070266042932
0
VERTEX
8
C2
10
9.967564948177028
20
-55.72095805126482
0
VERTEX
8
C2
10
9.982538444412583
20
-55.7368997469958
0
VERTEX
8
C2
10
10.002237901778088
20
-55.74640104331787
0
VERTEX
8
C2
10
10.024035311216025
20
-55.74819441837347
0
VERTEX
8
C2
10
10.045022786058723
20
-55.74204062669498
0
VERTEX
8
C2
10
10.062400489084368
20
-55.72876061578206
0
VERTEX
8
C2
10
10.073850145220575
20
-55.710126007477676
0
VERTEX
8
C2
10
10.077844311377248
20
-55.68862275449102
0
VERTEX
8
C2
10
10.119760479041915
20
-55.68862275449102
0
VERTEX
8
C2
10
10.119760479041915
20
-55.38922155688623
0
VERTEX
8
C2
10
10.778443113772454
20
-55.38922155688623
0
VERTEX
8
C2
10
10.778443113772454
20
-54.79041916167665
0
VERTEX
8
C2
10
10.538922155688624
20
-54.79041916167665
0
VERTEX
8
C2
10
10.538922155688624
20
-55.26946107784431
0
VERTEX
8
C2
10
10.119760479041915
20
-55.26946107784431
0
VERTEX
8
C2
10
10.119760479041915
20
-55.209580838323355
0
VERTEX
8
C2
10
9.161676646706582
20
-55.209580838323355
0
VERTEX
8
C2
10
9.161676646706582
20
-55.808383233532936
0
VERTEX
8
C2
10
9.34171701141203
20
-55.808383233532936
0
VERTEX
8
C2
10
9.32103453006296
20
-55.76924847638517
0
VERTEX
8
C2
10
9.308781349828607
20
-55.72671432744678
0
VERTEX
8
C2
10
9.305474096908654
20
-55.68257413793775
0
VERTEX
8
C2
10
9.311252213755978
20
-55.63868897395871
0
VERTEX
8
C2
10
9.325872079817287
20
-55.59690914906536
0
VERTEX
8
C2
10
9.348717283214327
20
-55.55899621019857
0
VERTEX
8
C2
10
9.37882461028454
20
-55.5265486662475
0
VERTEX
8
C2
10
9.414924657194035
20
-55.50093459072444
0
VERTEX
8
C2
10
9.455495351330981
20
-55.48323394019923
0
VERTEX
8
C2
10
9.498826125876874
20
-55.47419302049923
0
VERTEX
8
C2
10
9.543090041787792
20
-55.47419302049923
0
VERTEX
8
C2
10
9.586420816333685
20
-55.48323394019923
0
VERTEX
8
C2
10
9.626991510470631
20
-55.50093459072444
0
VERTEX
8
C2
10
9.663091557380127
20
-55.5265486662475
0
VERTEX
8
C2
10
9.69319888445034
20
-55.55899621019857
0
VERTEX
8
C2
10
9.71604408784738
20
-55.59690914906536
0
VERTEX
8
C2
10
9.730663953908689
20
-55.63868897395871
0
VERTEX
8
C2
10
9.736442070756013
20
-55.68257413793775
0
VERTEX
8
C2
10
9.73313481783606
20
-55.72671432744678
0
VERTEX
8
C2
10
9.720881637601721
20
-55.76924847638517
0
VERTEX
8
C2
10
9.700199156252651
20
-55.808383233532936
0
SEQEND
0
POLYLINE
8
C2
66
1
70
1
0
VERTEX
8
C2
10
8.802395209580837
20
-57.565029940119764
0
VERTEX
8
C2
10
8.802395209580837
20
-55.209580838323355
0
VERTEX
8
C2
10
8.443113772455092
20
-55.209580838323355
0
VERTEX
8
C2
10
8.443113772455092
20
-55.808383233532936
0
VERTEX
8
C2
10
8.682634730538922
20
-55.808383233532936
0
VERTEX
8
C2
10
8.682634730538922
20
-56.047904191616766
0
VERTEX
8
C2
10
8.443113772455092
20
-56.047904191616766
0
VERTEX
8
C2
10
8.443113772455092
20
-57.0059880239521
0
VERTEX
8
C2
10
8.682634730538922
20
-57.0059880239521
0
VERTEX
8
C2
10
8.682634730538922
20
-57.24550898203593
0
VERTEX
8
C2
10
8.443113772455092
20
-57.24550898203593
0
VERTEX
8
C2
10
8.443113772455092
20
-57.565029940119764
0
VERTEX
8
C2
10
8.802395209580837
20
-57.565029940119764
0
SEQEND
0
POLYLINE
8
C2
66
1
70
1
0
VERTEX
8
C2
10
6.825947659246651
20
-55.808383233532936
0
VERTEX
8
C2
10
7.005988023952099
20
-55.808383233532936
0
VERTEX
8
C2
10
7.005988023952099
20
-55.209580838323355
0
VERTEX
8
C2
10
6.047904191616766
20
-55.209580838323355
0
VERTEX
8
C2
10
6.047904191616766
20
-55.629952341490224
0
VERTEX
8
C2
10
6.027200936086032
20
-55.638446004774686
0
VERTEX
8
C2
10
6.011061637369892
20
-55.65394729964032
0
VERTEX
8
C2
10
6.001740292788213
20
-55.67429133170749
0
VERTEX
8
C2
10
6.000538711426657
20
-55.69663687506163
0
VERTEX
8
C2
10
6.007624704862181
20
-55.717863174847324
0
VERTEX
8
C2
10
6.022008650776428
20
-55.73500578857734
0
VERTEX
8
C2
10
6.041681702557739
20
-55.74567059702241
0
VERTEX
8
C2
10
6.063896342685766
20
-55.74836816436037
0
VERTEX
8
C2
10
6.085550098110616
20
-55.742721751201444
0
VERTEX
8
C2
10
6.103618828344423
20
-55.7295199296113
0
VERTEX
8
C2
10
6.115579073710492
20
-55.71060645197381
0
VERTEX
8
C2
10
6.119760479041915
20
-55.68862275449102
0
VERTEX
8
C2
10
6.167664670658681
20
-55.68862275449102
0
VERTEX
8
C2
10
6.167664670658681
20
-55.32934131736527
0
VERTEX
8
C2
10
6.287425149700596
20
-55.32934131736527
0
VERTEX
8
C2
10
6.287425149700596
20
-55.808383233532936
0
VERTEX
8
C2
10
6.467465514406044
20
-55.808383233532936
0
VERTEX
8
C2
10
6.44678303305696
20
-55.76924847638517
0
VERTEX
8
C2
10
6.434529852822621
20
-55.72671432744678
0
VERTEX
8
C2
10
6.431222599902668
20
-55.68257413793775
0
VERTEX
8
C2
10
6.437000716749992
20
-55.63868897395871
0
VERTEX
8
C2
10
6.451620582811302
20
-55.59690914906536
0
VERTEX
8
C2
10
6.4744657862083415
20
-55.55899621019857
0
VERTEX
8
C2
10
6.504573113278539
20
-55.5265486662475
0
VERTEX
8
C2
10
6.5406731601880495
20
-55.50093459072444
0
VERTEX
8
C2
10
6.581243854324995
20
-55.48323394019923
0
VERTEX
8
C2
10
6.624574628870889
20
-55.47419302049923
0
VERTEX
8
C2
10
6.668838544781806
20
-55.47419302049923
0
VERTEX
8
C2
10
6.7121693193277
20
-55.48323394019923
0
VERTEX
8
C2
10
6.752740013464646
20
-55.50093459072444
0
VERTEX
8
C2
10
6.788840060374142
20
-55.5265486662475
0
VERTEX
8
C2
10
6.818947387444354
20
-55.55899621019857
0
VERTEX
8
C2
10
6.8417925908413935
20
-55.59690914906536
0
VERTEX
8
C2
10
6.856412456902703
20
-55.63868897395871
0
VERTEX
8
C2
10
6.862190573750027
20
-55.68257413793775
0
VERTEX
8
C2
10
6.858883320830074
20
-55.72671432744678
0
VERTEX
8
C2
10
6.846630140595721
20
-55.76924847638517
0
VERTEX
8
C2
10
6.825947659246651
20
-55.808383233532936
0
SEQEND
0
POLYLINE
8
C2
66
1
70
1
0
VERTEX
8
C2
10
6.6012980063977125
20
-53.59281437125749
0
VERTEX
8
C2
10
6.047904191616766
20
-53.59281437125749
0
VERTEX
8
C2
10
6.047904191616766
20
-54.550898203592816
0
VERTEX
8
C2
10
8.023952095808383
20
-54.550898203592816
0
VERTEX
8
C2
10
8.023952095808383
20
-54.49101796407186
0
VERTEX
8
C2
10
8.143712574850298
20
-54.49101796407186
0
VERTEX
8
C2
10
8.143712574850298
20
-54.550898203592816
0
VERTEX
8
C2
10
10.119760479041915
20
-54.550898203592816
0
VERTEX
8
C2
10
10.119760479041915
20
-53.59281437125749
0
VERTEX
8
C2
10
9.805887622344798
20
-53.59281437125749
0
VERTEX
8
C2
10
9.813754357953854
20
-53.63639773699489
0
VERTEX
8
C2
10
9.812548436700922
20
-53.68066895848329
0
VERTEX
8
C2
10
9.80232075791065
20
-53.72375944333442
0
VERTEX
8
C2
10
9.783503009756387
20
-53.76385043549657
0
VERTEX
8
C2
10
9.756889448637267
20
-53.79924978100892
0
VERTEX
8
C2
10
9.723603375335628
20
-53.828463350155815
0
VERTEX
8
C2
10
9.685049722923438
20
-53.85025810144651
0
VERTEX
8
C2
10
9.642855757579838
20
-53.86371412562626
0
VERTEX
8
C2
10
9.598802395209574
20
-53.868263473053894
0
VERTEX
8
C2
10
9.554749032839325
20
-53.86371412562626
0
VERTEX
8
C2
10
9.512555067495725
20
-53.85025810144651
0
VERTEX
8
C2
10
9.474001415083535
20
-53.828463350155815
0
VERTEX
8
C2
10
9.440715341781882
20
-53.79924978100892
0
VERTEX
8
C2
10
9.414101780662776
20
-53.76385043549657
0
VERTEX
8
C2
10
9.395284032508513
20
-53.72375944333442
0
VERTEX
8
C2
10
9.385056353718241
20
-53.68066895848329
0
VERTEX
8
C2
10
9.383850432465309
20
-53.63639773699489
0
VERTEX
8
C2
10
9.391717168074365
20
-53.59281437125749
0
VERTEX
8
C2
10
8.143712574850298
20
-53.59281437125749
0
VERTEX
8
C2
10
8.143712574850298
20
-54.37125748502994
0
VERTEX
8
C2
10
8.023952095808383
20
-54.37125748502994
0
VERTEX
8
C2
10
8.023952095808383
20
-53.59281437125749
0
VERTEX
8
C2
10
7.015468460668146
20
-53.59281437125749
0
VERTEX
8
C2
10
7.023335196277202
20
-53.63639773699489
0
VERTEX
8
C2
10
7.022129275024284
20
-53.68066895848329
0
VERTEX
8
C2
10
7.011901596233997
20
-53.72375944333442
0
VERTEX
8
C2
10
6.993083848079735
20
-53.76385043549657
0
VERTEX
8
C2
10
6.966470286960629
20
-53.79924978100892
0
VERTEX
8
C2
10
6.933184213658976
20
-53.828463350155815
0
VERTEX
8
C2
10
6.8946305612467995
20
-53.85025810144651
0
VERTEX
8
C2
10
6.8524365959032
20
-53.86371412562626
0
VERTEX
8
C2
10
6.808383233532936
20
-53.868263473053894
0
VERTEX
8
C2
10
6.764329871162673
20
-53.86371412562626
0
VERTEX
8
C2
10
6.722135905819073
20
-53.85025810144651
0
VERTEX
8
C2
10
6.6835822534068825
20
-53.828463350155815
0
VERTEX
8
C2
10
6.650296180105244
20
-53.79924978100892
0
VERTEX
8
C2
10
6.6236826189861375
20
-53.76385043549657
0
VERTEX
8
C2
10
6.604864870831861
20
-53.72375944333442
0
VERTEX
8
C2
10
6.5946371920415885
20
-53.68066895848329
0
VERTEX
8
C2
10
6.593431270788656
20
-53.63639773699489
0
VERTEX
8
C2
10
6.6012980063977125
20
-53.59281437125749
0
SEQEND
0
POLYLINE
8
C2
66
1
70
1
0
VERTEX
8
C2
10
7.724550898203589
20
-57.565029940119764
0
VERTEX
8
C2
10
7.724550898203589
20
-57.24550898203593
0
VERTEX
8
C2
10
7.485029940119759
20
-57.24550898203593
0
VERTEX
8
C2
10
7.485029940119759
20
-57.0059880239521
0
VERTEX
8
C2
10
7.724550898203589
20
-57.0059880239521
0
VERTEX
8
C2
10
7.724550898203589
20
-56.047904191616766
0
VERTEX
8
C2
10
7.485029940119759
20
-56.047904191616766
0
VERTEX
8
C2
10
7.485029940119759
20
-55.808383233532936
0
VERTEX
8
C2
10
7.724550898203589
20
-55.808383233532936
0
VERTEX
8
C2
10
7.724550898203589
20
-55.209580838323355
0
VERTEX
8
C2
10
7.365269461077844
20
-55.209580838323355
0
VERTEX
8
C2
10
7.365269461077844
20
-57.565029940119764
0
VERTEX
8
C2
10
7.724550898203589
20
-57.565029940119764
0
SEQEND
0
POLYLINE
8
C2
66
1
70
1
0
VERTEX
8
C2
10
2.3353293413173617
20
-57.565029940119764
0
VERTEX
8
C2
10
2.3353293413173617
20
-57.24550898203593
0
VERTEX
8
C2
10
2.095808383233532
20
-57.24550898203593
0
VERTEX
8
C2
10
2.095808383233532
20
-57.0059880239521
0
VERTEX
8
C2
10
2.3353293413173617
20
-57.0059880239521
0
VERTEX
8
C2
10
2.3353293413173617
20
-56.047904191616766
0
VERTEX
8
C2
10
2.095808383233532
20
-56.047904191616766
0
VERTEX
8
C2
10
2.095808383233532
20
-55.808383233532936
0
VERTEX
8
C2
10
2.3353293413173617
20
-55.808383233532936
0
VERTEX
8
C2
10
2.3353293413173617
20
-55.209580838323355
0
VERTEX
8
C2
10
1.976047904191617
20
-55.209580838323355
0
VERTEX
8
C2
10
1.976047904191617
20
-57.565029940119764
0
VERTEX
8
C2
10
2.3353293413173617
20
-57.565029940119764
0
SEQEND
0
POLYLINE
8
C2
66
1
70
1
0
VERTEX
8
C2
10
1.2574850299401135
20
-55.61362275449102
0
VERTEX
8
C2
10
1.247695565523614
20
-55.614264389887985
0
VERTEX
8
C2
10
1.2380736015574314
20
-55.61617831751934
0
VERTEX
8
C2
10
1.2287837725127417
20
-55.619331789552675
0
VERTEX
8
C2
10
1.2199850299401191
20
-55.62367084920719
0
VERTEX
8
C2
10
1.2118279227644706
20
-55.62912125396918
0
VERTEX
8
C2
10
1.2044520213511305
20
-55.63558974590203
0
VERTEX
8
C2
10
1.1979835294182806
20
-55.642965647315364
0
VERTEX
8
C2
10
1.1925331246562791
20
-55.65112275449102
0
VERTEX
8
C2
10
1.1881940650017668
20
-55.659921497063635
0
VERTEX
8
C2
10
1.1850405929684342
20
-55.66921132610833
0
VERTEX
8
C2
10
1.1831266653370847
20
-55.678833290074515
0
VERTEX
8
C2
10
1.1824850299401248
20
-55.68862275449102
0
VERTEX
8
C2
10
1.1831266653370847
20
-55.69841221890752
0
VERTEX
8
C2
10
1.1850405929684342
20
-55.70803418287371
0
VERTEX
8
C2
10
1.1881940650017668
20
-55.7173240119184
0
VERTEX
8
C2
10
1.1925331246562791
20
-55.72612275449102
0
VERTEX
8
C2
10
1.1979835294182806
20
-55.73427986166667
0
VERTEX
8
C2
10
1.2044520213511305
20
-55.74165576308001
0
VERTEX
8
C2
10
1.2118279227644706
20
-55.74812425501286
0
VERTEX
8
C2
10
1.2199850299401191
20
-55.753574659774856
0
VERTEX
8
C2
10
1.2287837725127417
20
-55.75791371942937
0
VERTEX
8
C2
10
1.2380736015574314
20
-55.7610671914627
0
VERTEX
8
C2
10
1.247695565523614
20
-55.76298111909406
0
VERTEX
8
C2
10
1.2574850299401135
20
-55.763622754491024
0
VERTEX
8
C2
10
1.2672744943566272
20
-55.76298111909406
0
VERTEX
8
C2
10
1.2768964583228097
20
-55.7610671914627
0
VERTEX
8
C2
10
1.2861862873674994
20
-55.75791371942937
0
VERTEX
8
C2
10
1.294985029940122
20
-55.753574659774856
0
VERTEX
8
C2
10
1.3031421371157705
20
-55.74812425501286
0
VERTEX
8
C2
10
1.3105180385291106
20
-55.74165576308001
0
VERTEX
8
C2
10
1.3169865304619606
20
-55.73427986166667
0
VERTEX
8
C2
10
1.3224369352239478
20
-55.72612275449102
0
VERTEX
8
C2
10
1.32677599487846
20
-55.7173240119184
0
VERTEX
8
C2
10
1.3299294669117927
20
-55.70803418287371
0
VERTEX
8
C2
10
1.3318433945431565
20
-55.69841221890752
0
VERTEX
8
C2
10
1.3324850299401163
20
-55.68862275449102
0
VERTEX
8
C2
10
1.3318433945431565
20
-55.678833290074515
0
VERTEX
8
C2
10
1.3299294669117927
20
-55.66921132610833
0
VERTEX
8
C2
10
1.32677599487846
20
-55.659921497063635
0
VERTEX
8
C2
10
1.3224369352239478
20
-55.65112275449102
0
VERTEX
8
C2
10
1.3169865304619606
20
-55.642965647315364
0
VERTEX
8
C2
10
1.3105180385291106
20
-55.63558974590203
0
VERTEX
8
C2
10
1.3031421371157705
20
-55.62912125396918
0
VERTEX
8
C2
10
1.294985029940122
20
-55.62367084920719
0
VERTEX
8
C2
10
1.2861862873674994
20
-55.619331789552675
0
VERTEX
8
C2
10
1.2768964583228097
20
-55.61617831751934
0
VERTEX
8
C2
10
1.2672744943566272
20
-55.614264389887985
0
VERTEX
8
C2
10
1.2574850299401135
20
-55.61362275449102
0
SEQEND
0
POLYLINE
8
C2
66
1
70
1
0
VERTEX
8
C2
10
3.9700598802395177
20
-53.577694610778444
0
VERTEX
8
C2
10
3.960270415823018
20
-53.57833624617541
0
VERTEX
8
C2
10
3.9506484518568357
20
-53.58025017380677
0
VERTEX
8
C2
10
3.941358622812132
20
-53.5834036458401
0
VERTEX
8
C2
10
3.9325598802395234
20
-53.58774270549461
0
VERTEX
8
C2
10
3.9244027730638606
20
-53.5931931102566
0
VERTEX
8
C2
10
3.9170268716505348
20
-53.59966160218946
0
VERTEX
8
C2
10
3.910558379717685
20
-53.60703750360279
0
VERTEX
8
C2
10
3.9051079749556834
20
-53.615194610778445
0
VERTEX
8
C2
10
3.900768915301171
20
-53.62399335335106
0
VERTEX
8
C2
10
3.8976154432678385
20
-53.63328318239576
0
VERTEX
8
C2
10
3.895701515636489
20
-53.64290514636194
0
VERTEX
8
C2
10
3.895059880239515
20
-53.65269461077845
0
VERTEX
8
C2
10
3.895701515636489
20
-53.662484075194946
0
VERTEX
8
C2
10
3.8976154432678385
20
-53.672106039161136
0
VERTEX
8
C2
10
3.900768915301171
20
-53.681395868205826
0
VERTEX
8
C2
10
3.9051079749556834
20
-53.69019461077845
0
VERTEX
8
C2
10
3.910558379717685
20
-53.6983517179541
0
VERTEX
8
C2
10
3.9170268716505348
20
-53.70572761936744
0
VERTEX
8
C2
10
3.9244027730638606
20
-53.71219611130029
0
VERTEX
8
C2
10
3.9325598802395234
20
-53.71764651606228
0
VERTEX
8
C2
10
3.941358622812132
20
-53.72198557571679
0
VERTEX
8
C2
10
3.9506484518568357
20
-53.725139047750126
0
VERTEX
8
C2
10
3.960270415823018
20
-53.72705297538148
0
VERTEX
8
C2
10
3.9700598802395177
20
-53.72769461077844
0
VERTEX
8
C2
10
3.9798493446560315
20
-53.72705297538148
0
VERTEX
8
C2
10
3.989471308622214
20
-53.725139047750126
0
VERTEX
8
C2
10
3.9987611376669037
20
-53.72198557571679
0
VERTEX
8
C2
10
4.007559880239526
20
-53.71764651606228
0
VERTEX
8
C2
10
4.015716987415175
20
-53.71219611130029
0
VERTEX
8
C2
10
4.023092888828515
20
-53.70572761936744
0
VERTEX
8
C2
10
4.029561380761365
20
-53.6983517179541
0
VERTEX
8
C2
10
4.035011785523352
20
-53.69019461077845
0
VERTEX
8
C2
10
4.039350845177864
20
-53.681395868205826
0
VERTEX
8
C2
10
4.042504317211197
20
-53.672106039161136
0
VERTEX
8
C2
10
4.044418244842561
20
-53.662484075194946
0
VERTEX
8
C2
10
4.045059880239521
20
-53.65269461077845
0
VERTEX
8
C2
10
4.044418244842561
20
-53.64290514636194
0
VERTEX
8
C2
10
4.042504317211197
20
-53.63328318239576
0
VERTEX
8
C2
10
4.039350845177864
20
-53.62399335335106
0
VERTEX
8
C2
10
4.035011785523352
20
-53.615194610778445
0
VERTEX
8
C2
10
4.029561380761365
20
-53.60703750360279
0
VERTEX
8
C2
10
4.023092888828515
20
-53.59966160218946
0
VERTEX
8
C2
10
4.015716987415175
20
-53.5931931102566
0
VERTEX
8
C2
10
4.007559880239526
20
-53.58774270549461
0
VERTEX
8
C2
10
3.9987611376669037
20
-53.5834036458401
0
VERTEX
8
C2
10
3.989471308622214
20
-53.58025017380677
0
VERTEX
8
C2
10
3.9798493446560315
20
-53.57833624617541
0
VERTEX
8
C2
10
3.9700598802395177
20
-53.577694610778444
0
SEQEND
0
POLYLINE
8
C2
66
1
70
1
0
VERTEX
8
C2
10
1.1796407185628794
20
-53.577694610778444
0
VERTEX
8
C2
10
1.1698512541463657
20
-53.57833624617541
0
VERTEX
8
C2
10
1.1602292901801832
20
-53.58025017380677
0
VERTEX
8
C2
10
1.1509394611354935
20
-53.5834036458401
0
VERTEX
8
C2
10
1.142140718562871
20
-53.58774270549461
0
VERTEX
8
C2
10
1.1339836113872224
20
-53.5931931102566
0
VERTEX
8
C2
10
1.1266077099738823
20
-53.59966160218946
0
VERTEX
8
C2
10
1.1201392180410323
20
-53.60703750360279
0
VERTEX
8
C2
10
1.1146888132790451
20
-53.615194610778445
0
VERTEX
8
C2
10
1.1103497536245328
20
-53.62399335335106
0
VERTEX
8
C2
10
1.107196281591186
20
-53.63328318239576
0
VERTEX
8
C2
10
1.1052823539598364
20
-53.64290514636194
0
VERTEX
8
C2
10
1.1046407185628766
20
-53.65269461077845
0
VERTEX
8
C2
10
1.1052823539598364
20
-53.662484075194946
0
VERTEX
8
C2
10
1.107196281591186
20
-53.672106039161136
0
VERTEX
8
C2
10
1.1103497536245328
20
-53.681395868205826
0
VERTEX
8
C2
10
1.1146888132790451
20
-53.69019461077845
0
VERTEX
8
C2
10
1.1201392180410323
20
-53.6983517179541
0
VERTEX
8
C2
10
1.1266077099738823
20
-53.70572761936744
0
VERTEX
8
C2
10
1.1339836113872224
20
-53.71219611130029
0
VERTEX
8
C2
10
1.142140718562871
20
-53.71764651606228
0
VERTEX
8
C2
10
1.1509394611354935
20
-53.72198557571679
0
VERTEX
8
C2
10
1.1602292901801832
20
-53.725139047750126
0
VERTEX
8
C2
10
1.1698512541463657
20
-53.72705297538148
0
VERTEX
8
C2
10
1.1796407185628794
20
-53.72769461077844
0
VERTEX
8
C2
10
1.189430182979379
20
-53.72705297538148
0
VERTEX
8
C2
10
1.1990521469455615
20
-53.725139047750126
0
VERTEX
8
C2
10
1.2083419759902512
20
-53.72198557571679
0
VERTEX
8
C2
10
1.2171407185628738
20
-53.71764651606228
0
VERTEX
8
C2
10
1.2252978257385223
20
-53.71219611130029
0
VERTEX
8
C2
10
1.2326737271518624
20
-53.70572761936744
0
VERTEX
8
C2
10
1.2391422190847123
20
-53.6983517179541
0
VERTEX
8
C2
10
1.2445926238466996
20
-53.69019461077845
0
VERTEX
8
C2
10
1.248931683501226
20
-53.681395868205826
0
VERTEX
8
C2
10
1.2520851555345587
20
-53.672106039161136
0
VERTEX
8
C2
10
1.2539990831659082
20
-53.662484075194946
0
VERTEX
8
C2
10
1.254640718562868
20
-53.65269461077845
0
VERTEX
8
C2
10
1.2539990831659082
20
-53.64290514636194
0
VERTEX
8
C2
10
1.2520851555345587
20
-53.63328318239576
0
VERTEX
8
C2
10
1.248931683501226
20
-53.62399335335106
0
VERTEX
8
C2
10
1.2445926238466996
20
-53.615194610778445
0
VERTEX
8
C2
10
1.2391422190847123
20
-53.60703750360279
0
VERTEX
8
C2
10
1.2326737271518624
20
-53.59966160218946
0
VERTEX
8
C2
10
1.2252978257385223
20
-53.5931931102566
0
VERTEX
8
C2
10
1.2171407185628738
20
-53.58774270549461
0
VERTEX
8
C2
10
1.2083419759902512
20
-53.5834036458401
0
VERTEX
8
C2
10
1.1990521469455615
20
-53.58025017380677
0
VERTEX
8
C2
10
1.189430182979379
20
-53.57833624617541
0
VERTEX
8
C2
10
1.1796407185628794
20
-53.577694610778444
0
SEQEND
0
POLYLINE
8
C2
66
1
70
1
0
VERTEX
8
C2
10
4.1317365269461135
20
-55.61362275449102
0
VERTEX
8
C2
10
4.1219470625296
20
-55.614264389887985
0
VERTEX
8
C2
10
4.112325098563417
20
-55.61617831751934
0
VERTEX
8
C2
10
4.1030352695187275
20
-55.619331789552675
0
VERTEX
8
C2
10
4.094236526946105
20
-55.62367084920719
0
VERTEX
8
C2
10
4.086079419770456
20
-55.62912125396918
0
VERTEX
8
C2
10
4.078703518357116
20
-55.63558974590203
0
VERTEX
8
C2
10
4.072235026424266
20
-55.642965647315364
0
VERTEX
8
C2
10
4.066784621662279
20
-55.65112275449102
0
VERTEX
8
C2
10
4.062445562007767
20
-55.659921497063635
0
VERTEX
8
C2
10
4.05929208997442
20
-55.66921132610833
0
VERTEX
8
C2
10
4.0573781623430705
20
-55.678833290074515
0
VERTEX
8
C2
10
4.056736526946111
20
-55.68862275449102
0
VERTEX
8
C2
10
4.0573781623430705
20
-55.69841221890752
0
VERTEX
8
C2
10
4.05929208997442
20
-55.70803418287371
0
VERTEX
8
C2
10
4.062445562007767
20
-55.7173240119184
0
VERTEX
8
C2
10
4.066784621662279
20
-55.72612275449102
0
VERTEX
8
C2
10
4.072235026424266
20
-55.73427986166667
0
VERTEX
8
C2
10
4.078703518357116
20
-55.74165576308001
0
VERTEX
8
C2
10
4.086079419770456
20
-55.74812425501286
0
VERTEX
8
C2
10
4.094236526946105
20
-55.753574659774856
0
VERTEX
8
C2
10
4.1030352695187275
20
-55.75791371942937
0
VERTEX
8
C2
10
4.112325098563417
20
-55.7610671914627
0
VERTEX
8
C2
10
4.1219470625296
20
-55.76298111909406
0
VERTEX
8
C2
10
4.1317365269461135
20
-55.763622754491024
0
VERTEX
8
C2
10
4.141525991362613
20
-55.76298111909406
0
VERTEX
8
C2
10
4.1511479553287955
20
-55.7610671914627
0
VERTEX
8
C2
10
4.160437784373485
20
-55.75791371942937
0
VERTEX
8
C2
10
4.169236526946108
20
-55.753574659774856
0
VERTEX
8
C2
10
4.177393634121756
20
-55.74812425501286
0
VERTEX
8
C2
10
4.1847695355350965
20
-55.74165576308001
0
VERTEX
8
C2
10
4.191238027467946
20
-55.73427986166667
0
VERTEX
8
C2
10
4.196688432229934
20
-55.72612275449102
0
VERTEX
8
C2
10
4.20102749188446
20
-55.7173240119184
0
VERTEX
8
C2
10
4.204180963917793
20
-55.70803418287371
0
VERTEX
8
C2
10
4.206094891549142
20
-55.69841221890752
0
VERTEX
8
C2
10
4.206736526946102
20
-55.68862275449102
0
VERTEX
8
C2
10
4.206094891549142
20
-55.678833290074515
0
VERTEX
8
C2
10
4.204180963917793
20
-55.66921132610833
0
VERTEX
8
C2
10
4.20102749188446
20
-55.659921497063635
0
VERTEX
8
C2
10
4.196688432229934
20
-55.65112275449102
0
VERTEX
8
C2
10
4.191238027467946
20
-55.642965647315364
0
VERTEX
8
C2
10
4.1847695355350965
20
-55.63558974590203
0
VERTEX
8
C2
10
4.177393634121756
20
-55.62912125396918
0
VERTEX
8
C2
10
4.169236526946108
20
-55.62367084920719
0
VERTEX
8
C2
10
4.160437784373485
20
-55.619331789552675
0
VERTEX
8
C2
10
4.1511479553287955
20
-55.61617831751934
0
VERTEX
8
C2
10
4.141525991362613
20
-55.614264389887985
0
VERTEX
8
C2
10
4.1317365269461135
20
-55.61362275449102
0
SEQEND
0
POLYLINE
8
C2
66
1
70
1
0
VERTEX
8
C2
10
9.598802395209574
20
-53.577694610778444
0
VERTEX
8
C2
10
9.589012930793075
20
-53.57833624617541
0
VERTEX
8
C2
10
9.579390966826892
20
-53.58025017380677
0
VERTEX
8
C2
10
9.570101137782203
20
-53.5834036458401
0
VERTEX
8
C2
10
9.56130239520958
20
-53.58774270549461
0
VERTEX
8
C2
10
9.553145288033932
20
-53.5931931102566
0
VERTEX
8
C2
10
9.545769386620591
20
-53.59966160218946
0
VERTEX
8
C2
10
9.539300894687742
20
-53.60703750360279
0
VERTEX
8
C2
10
9.53385048992574
20
-53.615194610778445
0
VERTEX
8
C2
10
9.529511430271228
20
-53.62399335335106
0
VERTEX
8
C2
10
9.526357958237895
20
-53.63328318239576
0
VERTEX
8
C2
10
9.524444030606546
20
-53.64290514636194
0
VERTEX
8
C2
10
9.523802395209586
20
-53.65269461077845
0
VERTEX
8
C2
10
9.524444030606546
20
-53.662484075194946
0
VERTEX
8
C2
10
9.526357958237895
20
-53.672106039161136
0
VERTEX
8
C2
10
9.529511430271228
20
-53.681395868205826
0
VERTEX
8
C2
10
9.53385048992574
20
-53.69019461077845
0
VERTEX
8
C2
10
9.539300894687742
20
-53.6983517179541
0
VERTEX
8
C2
10
9.545769386620591
20
-53.70572761936744
0
VERTEX
8
C2
10
9.553145288033932
20
-53.71219611130029
0
VERTEX
8
C2
10
9.56130239520958
20
-53.71764651606228
0
VERTEX
8
C2
10
9.570101137782203
20
-53.72198557571679
0
VERTEX
8
C2
10
9.579390966826892
20
-53.725139047750126
0
VERTEX
8
C2
10
9.589012930793075
20
-53.72705297538148
0
VERTEX
8
C2
10
9.598802395209574
20
-53.72769461077844
0
VERTEX
8
C2
10
9.608591859626088
20
-53.72705297538148
0
VERTEX
8
C2
10
9.61821382359227
20
-53.725139047750126
0
VERTEX
8
C2
10
9.62750365263696
20
-53.72198557571679
0
VERTEX
8
C2
10
9.636302395209583
20
-53.71764651606228
0
VERTEX
8
C2
10
9.644459502385232
20
-53.71219611130029
0
VERTEX
8
C2
10
9.651835403798572
20
-53.70572761936744
0
VERTEX
8
C2
10
9.658303895731422
20
-53.6983517179541
0
VERTEX
8
C2
10
9.663754300493409
20
-53.69019461077845
0
VERTEX
8
C2
10
9.668093360147921
20
-53.681395868205826
0
VERTEX
8
C2
10
9.671246832181268
20
-53.672106039161136
0
VERTEX
8
C2
10
9.673160759812617
20
-53.662484075194946
0
VERTEX
8
C2
10
9.673802395209577
20
-53.65269461077845
0
VERTEX
8
C2
10
9.673160759812617
20
-53.64290514636194
0
VERTEX
8
C2
10
9.671246832181268
20
-53.63328318239576
0
VERTEX
8
C2
10
9.668093360147921
20
-53.62399335335106
0
VERTEX
8
C2
10
9.663754300493409
20
-53.615194610778445
0
VERTEX
8
C2
10
9.658303895731422
20
-53.60703750360279
0
VERTEX
8
C2
10
9.651835403798572
20
-53.59966160218946
0
VERTEX
8
C2
10
9.644459502385232
20
-53.5931931102566
0
VERTEX
8
C2
10
9.636302395209583
20
-53.58774270549461
0
VERTEX
8
C2
10
9.62750365263696
20
-53.5834036458401
0
VERTEX
8
C2
10
9.61821382359227
20
-53.58025017380677
0
VERTEX
8
C2
10
9.608591859626088
20
-53.57833624617541
0
VERTEX
8
C2
10
9.598802395209574
20
-53.577694610778444
0
SEQEND
0
POLYLINE
8
C2
66
1
70
1
0
VERTEX
8
C2
10
5.389221556886227
20
-56.69146706586827
0
VERTEX
8
C2
10
5.379432092469727
20
-56.692108701265234
0
VERTEX
8
C2
10
5.369810128503545
20
-56.69402262889658
0
VERTEX
8
C2
10
5.360520299458841
20
-56.69717610092992
0
VERTEX
8
C2
10
5.351721556886233
20
-56.701515160584435
0
VERTEX
8
C2
10
5.34356444971057
20
-56.70696556534642
0
VERTEX
8
C2
10
5.33618854829723
20
-56.71343405727927
0
VERTEX
8
C2
10
5.32972005636438
20
-56.72080995869261
0
VERTEX
8
C2
10
5.324269651602393
20
-56.72896706586827
0
VERTEX
8
C2
10
5.31993059194788
20
-56.737765808440884
0
VERTEX
8
C2
10
5.316777119914548
20
-56.74705563748558
0
VERTEX
8
C2
10
5.314863192283198
20
-56.75667760145176
0
VERTEX
8
C2
10
5.314221556886224
20
-56.76646706586827
0
VERTEX
8
C2
10
5.314863192283198
20
-56.77625653028477
0
VERTEX
8
C2
10
5.316777119914548
20
-56.78587849425095
0
VERTEX
8
C2
10
5.31993059194788
20
-56.79516832329565
0
VERTEX
8
C2
10
5.324269651602393
20
-56.803967065868264
0
VERTEX
8
C2
10
5.32972005636438
20
-56.81212417304392
0
VERTEX
8
C2
10
5.33618854829723
20
-56.81950007445726
0
VERTEX
8
C2
10
5.34356444971057
20
-56.82596856639011
0
VERTEX
8
C2
10
5.351721556886233
20
-56.8314189711521
0
VERTEX
8
C2
10
5.360520299458841
20
-56.83575803080661
0
VERTEX
8
C2
10
5.369810128503545
20
-56.83891150283995
0
VERTEX
8
C2
10
5.379432092469727
20
-56.8408254304713
0
VERTEX
8
C2
10
5.389221556886227
20
-56.841467065868265
0
VERTEX
8
C2
10
5.3990110213027265
20
-56.8408254304713
0
VERTEX
8
C2
10
5.408632985268909
20
-56.83891150283995
0
VERTEX
8
C2
10
5.417922814313613
20
-56.83575803080661
0
VERTEX
8
C2
10
5.426721556886221
20
-56.8314189711521
0
VERTEX
8
C2
10
5.434878664061884
20
-56.82596856639011
0
VERTEX
8
C2
10
5.442254565475224
20
-56.81950007445726
0
VERTEX
8
C2
10
5.448723057408074
20
-56.81212417304392
0
VERTEX
8
C2
10
5.454173462170061
20
-56.803967065868264
0
VERTEX
8
C2
10
5.458512521824574
20
-56.79516832329565
0
VERTEX
8
C2
10
5.461665993857906
20
-56.78587849425095
0
VERTEX
8
C2
10
5.463579921489256
20
-56.77625653028477
0
VERTEX
8
C2
10
5.46422155688623
20
-56.76646706586827
0
VERTEX
8
C2
10
5.463579921489256
20
-56.75667760145176
0
VERTEX
8
C2
10
5.461665993857906
20
-56.74705563748558
0
VERTEX
8
C2
10
5.458512521824574
20
-56.737765808440884
0
VERTEX
8
C2
10
5.454173462170061
20
-56.72896706586827
0
VERTEX
8
C2
10
5.448723057408074
20
-56.72080995869261
0
VERTEX
8
C2
10
5.442254565475224
20
-56.71343405727927
0
VERTEX
8
C2
10
5.434878664061884
20
-56.70696556534642
0
VERTEX
8
C2
10
5.426721556886221
20
-56.701515160584435
0
VERTEX
8
C2
10
5.417922814313613
20
-56.69717610092992
0
VERTEX
8
C2
10
5.408632985268909
20
-56.69402262889658
0
VERTEX
8
C2
10
5.3990110213027265
20
-56.692108701265234
0
VERTEX
8
C2
10
5.389221556886227
20
-56.69146706586827
0
SEQEND
0
POLYLINE
8
C2
66
1
70
1
0
VERTEX
8
C2
10
9.52095808383234
20
-55.61362275449102
0
VERTEX
8
C2
10
9.511168619415827
20
-55.614264389887985
0
VERTEX
8
C2
10
9.501546655449644
20
-55.61617831751934
0
VERTEX
8
C2
10
9.492256826404954
20
-55.619331789552675
0
VERTEX
8
C2
10
9.483458083832332
20
-55.62367084920719
0
VERTEX
8
C2
10
9.475300976656683
20
-55.62912125396918
0
VERTEX
8
C2
10
9.467925075243343
20
-55.63558974590203
0
VERTEX
8
C2
10
9.461456583310493
20
-55.642965647315364
0
VERTEX
8
C2
10
9.456006178548506
20
-55.65112275449102
0
VERTEX
8
C2
10
9.451667118893994
20
-55.659921497063635
0
VERTEX
8
C2
10
9.448513646860661
20
-55.66921132610833
0
VERTEX
8
C2
10
9.446599719229297
20
-55.678833290074515
0
VERTEX
8
C2
10
9.445958083832338
20
-55.68862275449102
0
VERTEX
8
C2
10
9.446599719229297
20
-55.69841221890752
0
VERTEX
8
C2
10
9.448513646860661
20
-55.70803418287371
0
VERTEX
8
C2
10
9.451667118893994
20
-55.7173240119184
0
VERTEX
8
C2
10
9.456006178548506
20
-55.72612275449102
0
VERTEX
8
C2
10
9.461456583310493
20
-55.73427986166667
0
VERTEX
8
C2
10
9.467925075243343
20
-55.74165576308001
0
VERTEX
8
C2
10
9.475300976656683
20
-55.74812425501286
0
VERTEX
8
C2
10
9.483458083832332
20
-55.753574659774856
0
VERTEX
8
C2
10
9.492256826404954
20
-55.75791371942937
0
VERTEX
8
C2
10
9.501546655449644
20
-55.7610671914627
0
VERTEX
8
C2
10
9.511168619415827
20
-55.76298111909406
0
VERTEX
8
C2
10
9.52095808383234
20
-55.763622754491024
0
VERTEX
8
C2
10
9.53074754824884
20
-55.76298111909406
0
VERTEX
8
C2
10
9.540369512215022
20
-55.7610671914627
0
VERTEX
8
C2
10
9.549659341259712
20
-55.75791371942937
0
VERTEX
8
C2
10
9.558458083832335
20
-55.753574659774856
0
VERTEX
8
C2
10
9.566615191007983
20
-55.74812425501286
0
VERTEX
8
C2
10
9.573991092421323
20
-55.74165576308001
0
VERTEX
8
C2
10
9.580459584354173
20
-55.73427986166667
0
VERTEX
8
C2
10
9.585909989116175
20
-55.72612275449102
0
VERTEX
8
C2
10
9.590249048770687
20
-55.7173240119184
0
VERTEX
8
C2
10
9.59340252080402
20
-55.70803418287371
0
VERTEX
8
C2
10
9.59531644843537
20
-55.69841221890752
0
VERTEX
8
C2
10
9.595958083832329
20
-55.68862275449102
0
VERTEX
8
C2
10
9.59531644843537
20
-55.678833290074515
0
VERTEX
8
C2
10
9.59340252080402
20
-55.66921132610833
0
VERTEX
8
C2
10
9.590249048770687
20
-55.659921497063635
0
VERTEX
8
C2
10
9.585909989116175
20
-55.65112275449102
0
VERTEX
8
C2
10
9.580459584354173
20
-55.642965647315364
0
VERTEX
8
C2
10
9.573991092421323
20
-55.63558974590203
0
VERTEX
8
C2
10
9.566615191007983
20
-55.62912125396918
0
VERTEX
8
C2
10
9.558458083832335
20
-55.62367084920719
0
VERTEX
8
C2
10
9.549659341259712
20
-55.619331789552675
0
VERTEX
8
C2
10
9.540369512215022
20
-55.61617831751934
0
VERTEX
8
C2
10
9.53074754824884
20
-55.614264389887985
0
VERTEX
8
C2
10
9.52095808383234
20
-55.61362275449102
0
SEQEND
0
POLYLINE
8
C2
66
1
70
1
0
VERTEX
8
C2
10
5.389221556886227
20
-55.73338323353293
0
VERTEX
8
C2
10
5.379432092469727
20
-55.7340248689299
0
VERTEX
8
C2
10
5.369810128503545
20
-55.73593879656126
0
VERTEX
8
C2
10
5.360520299458841
20
-55.73909226859459
0
VERTEX
8
C2
10
5.351721556886233
20
-55.7434313282491
0
VERTEX
8
C2
10
5.34356444971057
20
-55.748881733011096
0
VERTEX
8
C2
10
5.33618854829723
20
-55.755350224943946
0
VERTEX
8
C2
10
5.32972005636438
20
-55.762726126357286
0
VERTEX
8
C2
10
5.324269651602393
20
-55.770883233532935
0
VERTEX
8
C2
10
5.31993059194788
20
-55.77968197610556
0
VERTEX
8
C2
10
5.316777119914548
20
-55.78897180515025
0
VERTEX
8
C2
10
5.314863192283198
20
-55.79859376911644
0
VERTEX
8
C2
10
5.314221556886224
20
-55.808383233532936
0
VERTEX
8
C2
10
5.314863192283198
20
-55.81817269794944
0
VERTEX
8
C2
10
5.316777119914548
20
-55.827794661915625
0
VERTEX
8
C2
10
5.31993059194788
20
-55.83708449096032
0
VERTEX
8
C2
10
5.324269651602393
20
-55.84588323353294
0
VERTEX
8
C2
10
5.32972005636438
20
-55.85404034070859
0
VERTEX
8
C2
10
5.33618854829723
20
-55.861416242121926
0
VERTEX
8
C2
10
5.34356444971057
20
-55.867884734054776
0
VERTEX
8
C2
10
5.351721556886233
20
-55.87333513881677
0
VERTEX
8
C2
10
5.360520299458841
20
-55.87767419847128
0
VERTEX
8
C2
10
5.369810128503545
20
-55.880827670504615
0
VERTEX
8
C2
10
5.379432092469727
20
-55.88274159813597
0
VERTEX
8
C2
10
5.389221556886227
20
-55.88338323353294
0
VERTEX
8
C2
10
5.3990110213027265
20
-55.88274159813597
0
VERTEX
8
C2
10
5.408632985268909
20
-55.880827670504615
0
VERTEX
8
C2
10
5.417922814313613
20
-55.87767419847128
0
VERTEX
8
C2
10
5.426721556886221
20
-55.87333513881677
0
VERTEX
8
C2
10
5.434878664061884
20
-55.867884734054776
0
VERTEX
8
C2
10
5.442254565475224
20
-55.861416242121926
0
VERTEX
8
C2
10
5.448723057408074
20
-55.85404034070859
0
VERTEX
8
C2
10
5.454173462170061
20
-55.84588323353294
0
VERTEX
8
C2
10
5.458512521824574
20
-55.83708449096032
0
VERTEX
8
C2
10
5.461665993857906
20
-55.827794661915625
0
VERTEX
8
C2
10
5.463579921489256
20
-55.81817269794944
0
VERTEX
8
C2
10
5.46422155688623
20
-55.808383233532936
0
VERTEX
8
C2
10
5.463579921489256
20
-55.79859376911644
0
VERTEX
8
C2
10
5.461665993857906
20
-55.78897180515025
0
VERTEX
8
C2
10
5.458512521824574
20
-55.77968197610556
0
VERTEX
8
C2
10
5.454173462170061
20
-55.770883233532935
0
VERTEX
8
C2
10
5.448723057408074
20
-55.762726126357286
0
VERTEX
8
C2
10
5.442254565475224
20
-55.755350224943946
0
VERTEX
8
C2
10
5.434878664061884
20
-55.748881733011096
0
VERTEX
8
C2
10
5.426721556886221
20
-55.7434313282491
0
VERTEX
8
C2
10
5.417922814313613
20
-55.73909226859459
0
VERTEX
8
C2
10
5.408632985268909
20
-55.73593879656126
0
VERTEX
8
C2
10
5.3990110213027265
20
-55.7340248689299
0
VERTEX
8
C2
10
5.389221556886227
20
-55.73338323353293
0
SEQEND
0
POLYLINE
8
C2
66
1
70
1
0
VERTEX
8
C2
10
5.389221556886227
20
-54.77529940119761
0
VERTEX
8
C2
10
5.379432092469727
20
-54.775941036594574
0
VERTEX
8
C2
10
5.369810128503545
20
-54.77785496422593
0
VERTEX
8
C2
10
5.360520299458841
20
-54.78100843625926
0
VERTEX
8
C2
10
5.351721556886233
20
-54.785347495913776
0
VERTEX
8
C2
10
5.34356444971057
20
-54.79079790067576
0
VERTEX
8
C2
10
5.33618854829723
20
-54.79726639260862
0
VERTEX
8
C2
10
5.32972005636438
20
-54.80464229402195
0
VERTEX
8
C2
10
5.324269651602393
20
-54.81279940119761
0
VERTEX
8
C2
10
5.31993059194788
20
-54.821598143770224
0
VERTEX
8
C2
10
5.316777119914548
20
-54.83088797281492
0
VERTEX
8
C2
10
5.314863192283198
20
-54.8405099367811
0
VERTEX
8
C2
10
5.314221556886224
20
-54.85029940119761
0
VERTEX
8
C2
10
5.314863192283198
20
-54.86008886561411
0
VERTEX
8
C2
10
5.316777119914548
20
-54.8697108295803
0
VERTEX
8
C2
10
5.31993059194788
20
-54.87900065862499
0
VERTEX
8
C2
10
5.324269651602393
20
-54.887799401197604
0
VERTEX
8
C2
10
5.32972005636438
20
-54.89595650837326
0
VERTEX
8
C2
10
5.33618854829723
20
-54.9033324097866
0
VERTEX
8
C2
10
5.34356444971057
20
-54.90980090171945
0
VERTEX
8
C2
10
5.351721556886233
20
-54.91525130648144
0
VERTEX
8
C2
10
5.360520299458841
20
-54.91959036613596
0
VERTEX
8
C2
10
5.369810128503545
20
-54.92274383816929
0
VERTEX
8
C2
10
5.379432092469727
20
-54.924657765800646
0
VERTEX
8
C2
10
5.389221556886227
20
-54.925299401197606
0
VERTEX
8
C2
10
5.3990110213027265
20
-54.924657765800646
0
VERTEX
8
C2
10
5.408632985268909
20
-54.92274383816929
0
VERTEX
8
C2
10
5.417922814313613
20
-54.91959036613596
0
VERTEX
8
C2
10
5.426721556886221
20
-54.91525130648144
0
VERTEX
8
C2
10
5.434878664061884
20
-54.90980090171945
0
VERTEX
8
C2
10
5.442254565475224
20
-54.9033324097866
0
VERTEX
8
C2
10
5.448723057408074
20
-54.89595650837326
0
VERTEX
8
C2
10
5.454173462170061
20
-54.887799401197604
0
VERTEX
8
C2
10
5.458512521824574
20
-54.87900065862499
0
VERTEX
8
C2
10
5.461665993857906
20
-54.8697108295803
0
VERTEX
8
C2
10
5.463579921489256
20
-54.86008886561411
0
VERTEX
8
C2
10
5.46422155688623
20
-54.85029940119761
0
VERTEX
8
C2
10
5.463579921489256
20
-54.8405099367811
0
VERTEX
8
C2
10
5.461665993857906
20
-54.83088797281492
0
VERTEX
8
C2
10
5.458512521824574
20
-54.821598143770224
0
VERTEX
8
C2
10
5.454173462170061
20
-54.81279940119761
0
VERTEX
8
C2
10
5.448723057408074
20
-54.80464229402195
0
VERTEX
8
C2
10
5.442254565475224
20
-54.79726639260862
0
VERTEX
8
C2
10
5.434878664061884
20
-54.79079790067576
0
VERTEX
8
C2
10
5.426721556886221
20
-54.785347495913776
0
VERTEX
8
C2
10
5.417922814313613
20
-54.78100843625926
0
VERTEX
8
C2
10
5.408632985268909
20
-54.77785496422593
0
VERTEX
8
C2
10
5.3990110213027265
20
-54.775941036594574
0
VERTEX
8
C2
10
5.389221556886227
20
-54.77529940119761
0
SEQEND
0
POLYLINE
8
C2
66
1
70
1
0
VERTEX
8
C2
10
5.389221556886227
20
-53.81721556886228
0
VERTEX
8
C2
10
5.379432092469727
20
-53.81785720425924
0
VERTEX
8
C2
10
5.369810128503545
20
-53.8197711318906
0
VERTEX
8
C2
10
5.360520299458841
20
-53.82292460392393
0
VERTEX
8
C2
10
5.351721556886233
20
-53.82726366357844
0
VERTEX
8
C2
10
5.34356444971057
20
-53.83271406834044
0
VERTEX
8
C2
10
5.33618854829723
20
-53.83918256027329
0
VERTEX
8
C2
10
5.32972005636438
20
-53.84655846168663
0
VERTEX
8
C2
10
5.324269651602393
20
-53.854715568862275
0
VERTEX
8
C2
10
5.31993059194788
20
-53.8635143114349
0
VERTEX
8
C2
10
5.316777119914548
20
-53.87280414047959
0
VERTEX
8
C2
10
5.314863192283198
20
-53.88242610444578
0
VERTEX
8
C2
10
5.314221556886224
20
-53.89221556886228
0
VERTEX
8
C2
10
5.314863192283198
20
-53.90200503327878
0
VERTEX
8
C2
10
5.316777119914548
20
-53.911626997244966
0
VERTEX
8
C2
10
5.31993059194788
20
-53.92091682628966
0
VERTEX
8
C2
10
5.324269651602393
20
-53.92971556886228
0
VERTEX
8
C2
10
5.32972005636438
20
-53.937872676037934
0
VERTEX
8
C2
10
5.33618854829723
20
-53.94524857745127
0
VERTEX
8
C2
10
5.34356444971057
20
-53.951717069384124
0
VERTEX
8
C2
10
5.351721556886233
20
-53.95716747414611
0
VERTEX
8
C2
10
5.360520299458841
20
-53.96150653380062
0
VERTEX
8
C2
10
5.369810128503545
20
-53.964660005833956
0
VERTEX
8
C2
10
5.379432092469727
20
-53.96657393346531
0
VERTEX
8
C2
10
5.389221556886227
20
-53.96721556886228
0
VERTEX
8
C2
10
5.3990110213027265
20
-53.96657393346531
0
VERTEX
8
C2
10
5.408632985268909
20
-53.964660005833956
0
VERTEX
8
C2
10
5.417922814313613
20
-53.96150653380062
0
VERTEX
8
C2
10
5.426721556886221
20
-53.95716747414611
0
VERTEX
8
C2
10
5.434878664061884
20
-53.951717069384124
0
VERTEX
8
C2
10
5.442254565475224
20
-53.94524857745127
0
VERTEX
8
C2
10
5.448723057408074
20
-53.937872676037934
0
VERTEX
8
C2
10
5.454173462170061
20
-53.92971556886228
0
VERTEX
8
C2
10
5.458512521824574
20
-53.92091682628966
0
VERTEX
8
C2
10
5.461665993857906
20
-53.911626997244966
0
VERTEX
8
C2
10
5.463579921489256
20
-53.90200503327878
0
VERTEX
8
C2
10
5.46422155688623
20
-53.89221556886228
0
VERTEX
8
C2
10
5.463579921489256
20
-53.88242610444578
0
VERTEX
8
C2
10
5.461665993857906
20
-53.87280414047959
0
VERTEX
8
C2
10
5.458512521824574
20
-53.8635143114349
0
VERTEX
8
C2
10
5.454173462170061
20
-53.854715568862275
0
VERTEX
8
C2
10
5.448723057408074
20
-53.84655846168663
0
VERTEX
8
C2
10
5.442254565475224
20
-53.83918256027329
0
VERTEX
8
C2
10
5.434878664061884
20
-53.83271406834044
0
VERTEX
8
C2
10
5.426721556886221
20
-53.82726366357844
0
VERTEX
8
C2
10
5.417922814313613
20
-53.82292460392393
0
VERTEX
8
C2
10
5.408632985268909
20
-53.8197711318906
0
VERTEX
8
C2
10
5.3990110213027265
20
-53.81785720425924
0
VERTEX
8
C2
10
5.389221556886227
20
-53.81721556886228
0
SEQEND
0
POLYLINE
8
C2
66
1
70
1
0
VERTEX
8
C2
10
6.808383233532936
20
-53.577694610778444
0
VERTEX
8
C2
10
6.798593769116437
20
-53.57833624617541
0
VERTEX
8
C2
10
6.78897180515024
20
-53.58025017380677
0
VERTEX
8
C2
10
6.77968197610555
20
-53.5834036458401
0
VERTEX
8
C2
10
6.770883233532928
20
-53.58774270549461
0
VERTEX
8
C2
10
6.762726126357279
20
-53.5931931102566
0
VERTEX
8
C2
10
6.755350224943939
20
-53.59966160218946
0
VERTEX
8
C2
10
6.748881733011089
20
-53.60703750360279
0
VERTEX
8
C2
10
6.743431328249102
20
-53.615194610778445
0
VERTEX
8
C2
10
6.7390922685945895
20
-53.62399335335106
0
VERTEX
8
C2
10
6.735938796561257
20
-53.63328318239576
0
VERTEX
8
C2
10
6.734024868929893
20
-53.64290514636194
0
VERTEX
8
C2
10
6.733383233532933
20
-53.65269461077845
0
VERTEX
8
C2
10
6.734024868929893
20
-53.662484075194946
0
VERTEX
8
C2
10
6.735938796561257
20
-53.672106039161136
0
VERTEX
8
C2
10
6.7390922685945895
20
-53.681395868205826
0
VERTEX
8
C2
10
6.743431328249102
20
-53.69019461077845
0
VERTEX
8
C2
10
6.748881733011089
20
-53.6983517179541
0
VERTEX
8
C2
10
6.755350224943939
20
-53.70572761936744
0
VERTEX
8
C2
10
6.762726126357279
20
-53.71219611130029
0
VERTEX
8
C2
10
6.770883233532928
20
-53.71764651606228
0
VERTEX
8
C2
10
6.77968197610555
20
-53.72198557571679
0
VERTEX
8
C2
10
6.78897180515024
20
-53.725139047750126
0
VERTEX
8
C2
10
6.798593769116437
20
-53.72705297538148
0
VERTEX
8
C2
10
6.808383233532936
20
-53.72769461077844
0
VERTEX
8
C2
10
6.818172697949436
20
-53.72705297538148
0
VERTEX
8
C2
10
6.827794661915618
20
-53.725139047750126
0
VERTEX
8
C2
10
6.837084490960322
20
-53.72198557571679
0
VERTEX
8
C2
10
6.8458832335329305
20
-53.71764651606228
0
VERTEX
8
C2
10
6.854040340708593
20
-53.71219611130029
0
VERTEX
8
C2
10
6.861416242121919
20
-53.70572761936744
0
VERTEX
8
C2
10
6.867884734054783
20
-53.6983517179541
0
VERTEX
8
C2
10
6.8733351388167705
20
-53.69019461077845
0
VERTEX
8
C2
10
6.877674198471283
20
-53.681395868205826
0
VERTEX
8
C2
10
6.880827670504615
20
-53.672106039161136
0
VERTEX
8
C2
10
6.882741598135965
20
-53.662484075194946
0
VERTEX
8
C2
10
6.883383233532939
20
-53.65269461077845
0
VERTEX
8
C2
10
6.882741598135965
20
-53.64290514636194
0
VERTEX
8
C2
10
6.880827670504615
20
-53.63328318239576
0
VERTEX
8
C2
10
6.877674198471283
20
-53.62399335335106
0
VERTEX
8
C2
10
6.8733351388167705
20
-53.615194610778445
0
VERTEX
8
C2
10
6.867884734054783
20
-53.60703750360279
0
VERTEX
8
C2
10
6.861416242121919
20
-53.59966160218946
0
VERTEX
8
C2
10
6.854040340708593
20
-53.5931931102566
0
VERTEX
8
C2
10
6.8458832335329305
20
-53.58774270549461
0
VERTEX
8
C2
10
6.837084490960322
20
-53.5834036458401
0
VERTEX
8
C2
10
6.827794661915618
20
-53.58025017380677
0
VERTEX
8
C2
10
6.818172697949436
20
-53.57833624617541
0
VERTEX
8
C2
10
6.808383233532936
20
-53.577694610778444
0
SEQEND
0
POLYLINE
8
C2
66
1
70
1
0
VERTEX
8
C2
10
5.389221556886227
20
-53.338173652694614
0
VERTEX
8
C2
10
5.379432092469727
20
-53.33881528809158
0
VERTEX
8
C2
10
5.369810128503545
20
-53.34072921572293
0
VERTEX
8
C2
10
5.360520299458841
20
-53.34388268775627
0
VERTEX
8
C2
10
5.351721556886233
20
-53.34822174741078
0
VERTEX
8
C2
10
5.34356444971057
20
-53.35367215217277
0
VERTEX
8
C2
10
5.33618854829723
20
-53.36014064410562
0
VERTEX
8
C2
10
5.32972005636438
20
-53.36751654551896
0
VERTEX
8
C2
10
5.324269651602393
20
-53.375673652694616
0
VERTEX
8
C2
10
5.31993059194788
20
-53.38447239526723
0
VERTEX
8
C2
10
5.316777119914548
20
-53.39376222431193
0
VERTEX
8
C2
10
5.314863192283198
20
-53.40338418827811
0
VERTEX
8
C2
10
5.314221556886224
20
-53.41317365269461
0
VERTEX
8
C2
10
5.314863192283198
20
-53.42296311711112
0
VERTEX
8
C2
10
5.316777119914548
20
-53.4325850810773
0
VERTEX
8
C2
10
5.31993059194788
20
-53.441874910121996
0
VERTEX
8
C2
10
5.324269651602393
20
-53.45067365269461
0
VERTEX
8
C2
10
5.32972005636438
20
-53.45883075987027
0
VERTEX
8
C2
10
5.33618854829723
20
-53.46620666128361
0
VERTEX
8
C2
10
5.34356444971057
20
-53.47267515321646
0
VERTEX
8
C2
10
5.351721556886233
20
-53.478125557978444
0
VERTEX
8
C2
10
5.360520299458841
20
-53.48246461763296
0
VERTEX
8
C2
10
5.369810128503545
20
-53.485618089666296
0
VERTEX
8
C2
10
5.379432092469727
20
-53.487532017297646
0
VERTEX
8
C2
10
5.389221556886227
20
-53.48817365269461
0
VERTEX
8
C2
10
5.3990110213027265
20
-53.487532017297646
0
VERTEX
8
C2
10
5.408632985268909
20
-53.485618089666296
0
VERTEX
8
C2
10
5.417922814313613
20
-53.48246461763296
0
VERTEX
8
C2
10
5.426721556886221
20
-53.478125557978444
0
VERTEX
8
C2
10
5.434878664061884
20
-53.47267515321646
0
VERTEX
8
C2
10
5.442254565475224
20
-53.46620666128361
0
VERTEX
8
C2
10
5.448723057408074
20
-53.45883075987027
0
VERTEX
8
C2
10
5.454173462170061
20
-53.45067365269461
0
VERTEX
8
C2
10
5.458512521824574
20
-53.441874910121996
0
VERTEX
8
C2
10
5.461665993857906
20
-53.4325850810773
0
VERTEX
8
C2
10
5.463579921489256
20
-53.42296311711112
0
VERTEX
8
C2
10
5.46422155688623
20
-53.41317365269461
0
VERTEX
8
C2
10
5.463579921489256
20
-53.40338418827811
0
VERTEX
8
C2
10
5.461665993857906
20
-53.39376222431193
0
VERTEX
8
C2
10
5.458512521824574
20
-53.38447239526723
0
VERTEX
8
C2
10
5.454173462170061
20
-53.375673652694616
0
VERTEX
8
C2
10
5.448723057408074
20
-53.36751654551896
0
VERTEX
8
C2
10
5.442254565475224
20
-53.36014064410562
0
VERTEX
8
C2
10
5.434878664061884
20
-53.35367215217277
0
VERTEX
8
C2
10
5.426721556886221
20
-53.34822174741078
0
VERTEX
8
C2
10
5.417922814313613
20
-53.34388268775627
0
VERTEX
8
C2
10
5.408632985268909
20
-53.34072921572293
0
VERTEX
8
C2
10
5.3990110213027265
20
-53.33881528809158
0
VERTEX
8
C2
10
5.389221556886227
20
-53.338173652694614
0
SEQEND
0
POLYLINE
8
C2
66
1
70
1
0
VERTEX
8
C2
10
6.64670658682634
20
-55.61362275449102
0
VERTEX
8
C2
10
6.636917122409841
20
-55.614264389887985
0
VERTEX
8
C2
10
6.627295158443658
20
-55.61617831751934
0
VERTEX
8
C2
10
6.618005329398969
20
-55.619331789552675
0
VERTEX
8
C2
10
6.609206586826346
20
-55.62367084920719
0
VERTEX
8
C2
10
6.6010494796506975
20
-55.62912125396918
0
VERTEX
8
C2
10
6.5936735782373574
20
-55.63558974590203
0
VERTEX
8
C2
10
6.5872050863045075
20
-55.642965647315364
0
VERTEX
8
C2
10
6.58175468154252
20
-55.65112275449102
0
VERTEX
8
C2
10
6.577415621887994
20
-55.659921497063635
0
VERTEX
8
C2
10
6.574262149854661
20
-55.66921132610833
0
VERTEX
8
C2
10
6.572348222223312
20
-55.678833290074515
0
VERTEX
8
C2
10
6.571706586826352
20
-55.68862275449102
0
VERTEX
8
C2
10
6.572348222223312
20
-55.69841221890752
0
VERTEX
8
C2
10
6.574262149854661
20
-55.70803418287371
0
VERTEX
8
C2
10
6.577415621887994
20
-55.7173240119184
0
VERTEX
8
C2
10
6.58175468154252
20
-55.72612275449102
0
VERTEX
8
C2
10
6.5872050863045075
20
-55.73427986166667
0
VERTEX
8
C2
10
6.5936735782373574
20
-55.74165576308001
0
VERTEX
8
C2
10
6.6010494796506975
20
-55.74812425501286
0
VERTEX
8
C2
10
6.609206586826346
20
-55.753574659774856
0
VERTEX
8
C2
10
6.618005329398969
20
-55.75791371942937
0
VERTEX
8
C2
10
6.627295158443658
20
-55.7610671914627
0
VERTEX
8
C2
10
6.636917122409841
20
-55.76298111909406
0
VERTEX
8
C2
10
6.64670658682634
20
-55.763622754491024
0
VERTEX
8
C2
10
6.656496051242854
20
-55.76298111909406
0
VERTEX
8
C2
10
6.666118015209037
20
-55.7610671914627
0
VERTEX
8
C2
10
6.675407844253726
20
-55.75791371942937
0
VERTEX
8
C2
10
6.684206586826349
20
-55.753574659774856
0
VERTEX
8
C2
10
6.6923636940019975
20
-55.74812425501286
0
VERTEX
8
C2
10
6.699739595415338
20
-55.74165576308001
0
VERTEX
8
C2
10
6.7062080873481875
20
-55.73427986166667
0
VERTEX
8
C2
10
6.711658492110175
20
-55.72612275449102
0
VERTEX
8
C2
10
6.715997551764687
20
-55.7173240119184
0
VERTEX
8
C2
10
6.719151023798034
20
-55.70803418287371
0
VERTEX
8
C2
10
6.721064951429383
20
-55.69841221890752
0
VERTEX
8
C2
10
6.721706586826343
20
-55.68862275449102
0
VERTEX
8
C2
10
6.721064951429383
20
-55.678833290074515
0
VERTEX
8
C2
10
6.719151023798034
20
-55.66921132610833
0
VERTEX
8
C2
10
6.715997551764687
20
-55.659921497063635
0
VERTEX
8
C2
10
6.711658492110175
20
-55.65112275449102
0
VERTEX
8
C2
10
6.7062080873481875
20
-55.642965647315364
0
VERTEX
8
C2
10
6.699739595415338
20
-55.63558974590203
0
VERTEX
8
C2
10
6.6923636940019975
20
-55.62912125396918
0
VERTEX
8
C2
10
6.684206586826349
20
-55.62367084920719
0
VERTEX
8
C2
10
6.675407844253726
20
-55.619331789552675
0
VERTEX
8
C2
10
6.666118015209037
20
-55.61617831751934
0
VERTEX
8
C2
10
6.656496051242854
20
-55.614264389887985
0
VERTEX
8
C2
10
6.64670658682634
20
-55.61362275449102
0
SEQEND
0
POLYLINE
8
C2
66
1
70
1
0
VERTEX
8
C2
10
5.389221556886227
20
-54.29625748502994
0
VERTEX
8
C2
10
5.379432092469727
20
-54.29689912042691
0
VERTEX
8
C2
10
5.369810128503545
20
-54.298813048058264
0
VERTEX
8
C2
10
5.360520299458841
20
-54.3019665200916
0
VERTEX
8
C2
10
5.351721556886233
20
-54.30630557974611
0
VERTEX
8
C2
10
5.34356444971057
20
-54.3117559845081
0
VERTEX
8
C2
10
5.33618854829723
20
-54.31822447644095
0
VERTEX
8
C2
10
5.32972005636438
20
-54.325600377854286
0
VERTEX
8
C2
10
5.324269651602393
20
-54.33375748502994
0
VERTEX
8
C2
10
5.31993059194788
20
-54.342556227602564
0
VERTEX
8
C2
10
5.316777119914548
20
-54.351846056647254
0
VERTEX
8
C2
10
5.314863192283198
20
-54.36146802061344
0
VERTEX
8
C2
10
5.314221556886224
20
-54.37125748502994
0
VERTEX
8
C2
10
5.314863192283198
20
-54.38104694944645
0
VERTEX
8
C2
10
5.316777119914548
20
-54.39066891341263
0
VERTEX
8
C2
10
5.31993059194788
20
-54.39995874245732
0
VERTEX
8
C2
10
5.324269651602393
20
-54.408757485029945
0
VERTEX
8
C2
10
5.32972005636438
20
-54.4169145922056
0
VERTEX
8
C2
10
5.33618854829723
20
-54.42429049361893
0
VERTEX
8
C2
10
5.34356444971057
20
-54.43075898555178
0
VERTEX
8
C2
10
5.351721556886233
20
-54.43620939031378
0
VERTEX
8
C2
10
5.360520299458841
20
-54.44054844996829
0
VERTEX
8
C2
10
5.369810128503545
20
-54.44370192200162
0
VERTEX
8
C2
10
5.379432092469727
20
-54.44561584963298
0
VERTEX
8
C2
10
5.389221556886227
20
-54.446257485029946
0
VERTEX
8
C2
10
5.3990110213027265
20
-54.44561584963298
0
VERTEX
8
C2
10
5.408632985268909
20
-54.44370192200162
0
VERTEX
8
C2
10
5.417922814313613
20
-54.44054844996829
0
VERTEX
8
C2
10
5.426721556886221
20
-54.43620939031378
0
VERTEX
8
C2
10
5.434878664061884
20
-54.43075898555178
0
VERTEX
8
C2
10
5.442254565475224
20
-54.42429049361893
0
VERTEX
8
C2
10
5.448723057408074
20
-54.4169145922056
0
VERTEX
8
C2
10
5.454173462170061
20
-54.408757485029945
0
VERTEX
8
C2
10
5.458512521824574
20
-54.39995874245732
0
VERTEX
8
C2
10
5.461665993857906
20
-54.39066891341263
0
VERTEX
8
C2
10
5.463579921489256
20
-54.38104694944645
0
VERTEX
8
C2
10
5.46422155688623
20
-54.37125748502994
0
VERTEX
8
C2
10
5.463579921489256
20
-54.36146802061344
0
VERTEX
8
C2
10
5.461665993857906
20
-54.351846056647254
0
VERTEX
8
C2
10
5.458512521824574
20
-54.342556227602564
0
VERTEX
8
C2
10
5.454173462170061
20
-54.33375748502994
0
VERTEX
8
C2
10
5.448723057408074
20
-54.325600377854286
0
VERTEX
8
C2
10
5.442254565475224
20
-54.31822447644095
0
VERTEX
8
C2
10
5.434878664061884
20
-54.3117559845081
0
VERTEX
8
C2
10
5.426721556886221
20
-54.30630557974611
0
VERTEX
8
C2
10
5.417922814313613
20
-54.3019665200916
0
VERTEX
8
C2
10
5.408632985268909
20
-54.298813048058264
0
VERTEX
8
C2
10
5.3990110213027265
20
-54.29689912042691
0
VERTEX
8
C2
10
5.389221556886227
20
-54.29625748502994
0
SEQEND
0
POLYLINE
8
C2
66
1
70
1
0
VERTEX
8
C2
10
5.389221556886227
20
-55.254341317365274
0
VERTEX
8
C2
10
5.379432092469727
20
-55.254982952762234
0
VERTEX
8
C2
10
5.369810128503545
20
-55.25689688039359
0
VERTEX
8
C2
10
5.360520299458841
20
-55.26005035242692
0
VERTEX
8
C2
10
5.351721556886233
20
-55.26438941208144
0
VERTEX
8
C2
10
5.34356444971057
20
-55.26983981684343
0
VERTEX
8
C2
10
5.33618854829723
20
-55.27630830877628
0
VERTEX
8
C2
10
5.32972005636438
20
-55.28368421018962
0
VERTEX
8
C2
10
5.324269651602393
20
-55.291841317365275
0
VERTEX
8
C2
10
5.31993059194788
20
-55.30064005993789
0
VERTEX
8
C2
10
5.316777119914548
20
-55.30992988898258
0
VERTEX
8
C2
10
5.314863192283198
20
-55.31955185294877
0
VERTEX
8
C2
10
5.314221556886224
20
-55.32934131736527
0
VERTEX
8
C2
10
5.314863192283198
20
-55.339130781781776
0
VERTEX
8
C2
10
5.316777119914548
20
-55.34875274574796
0
VERTEX
8
C2
10
5.31993059194788
20
-55.358042574792655
0
VERTEX
8
C2
10
5.324269651602393
20
-55.36684131736527
0
VERTEX
8
C2
10
5.32972005636438
20
-55.37499842454093
0
VERTEX
8
C2
10
5.33618854829723
20
-55.38237432595427
0
VERTEX
8
C2
10
5.34356444971057
20
-55.38884281788712
0
VERTEX
8
C2
10
5.351721556886233
20
-55.394293222649104
0
VERTEX
8
C2
10
5.360520299458841
20
-55.398632282303616
0
VERTEX
8
C2
10
5.369810128503545
20
-55.401785754336956
0
VERTEX
8
C2
10
5.379432092469727
20
-55.403699681968305
0
VERTEX
8
C2
10
5.389221556886227
20
-55.40434131736527
0
VERTEX
8
C2
10
5.3990110213027265
20
-55.403699681968305
0
VERTEX
8
C2
10
5.408632985268909
20
-55.401785754336956
0
VERTEX
8
C2
10
5.417922814313613
20
-55.398632282303616
0
VERTEX
8
C2
10
5.426721556886221
20
-55.394293222649104
0
VERTEX
8
C2
10
5.434878664061884
20
-55.38884281788712
0
VERTEX
8
C2
10
5.442254565475224
20
-55.38237432595427
0
VERTEX
8
C2
10
5.448723057408074
20
-55.37499842454093
0
VERTEX
8
C2
10
5.454173462170061
20
-55.36684131736527
0
VERTEX
8
C2
10
5.458512521824574
20
-55.358042574792655
0
VERTEX
8
C2
10
5.461665993857906
20
-55.34875274574796
0
VERTEX
8
C2
10
5.463579921489256
20
-55.339130781781776
0
VERTEX
8
C2
10
5.46422155688623
20
-55.32934131736527
0
VERTEX
8
C2
10
5.463579921489256
20
-55.31955185294877
0
VERTEX
8
C2
10
5.461665993857906
20
-55.30992988898258
0
VERTEX
8
C2
10
5.458512521824574
20
-55.30064005993789
0
VERTEX
8
C2
10
5.454173462170061
20
-55.291841317365275
0
VERTEX
8
C2
10
5.448723057408074
20
-55.28368421018962
0
VERTEX
8
C2
10
5.442254565475224
20
-55.27630830877628
0
VERTEX
8
C2
10
5.434878664061884
20
-55.26983981684343
0
VERTEX
8
C2
10
5.426721556886221
20
-55.26438941208144
0
VERTEX
8
C2
10
5.417922814313613
20
-55.26005035242692
0
VERTEX
8
C2
10
5.408632985268909
20
-55.25689688039359
0
VERTEX
8
C2
10
5.3990110213027265
20
-55.254982952762234
0
VERTEX
8
C2
10
5.389221556886227
20
-55.254341317365274
0
SEQEND
0
POLYLINE
8
C2
66
1
70
1
0
VERTEX
8
C2
10
5.389221556886227
20
-56.2124251497006
0
VERTEX
8
C2
10
5.379432092469727
20
-56.21306678509757
0
VERTEX
8
C2
10
5.369810128503545
20
-56.214980712728924
0
VERTEX
8
C2
10
5.360520299458841
20
-56.218134184762256
0
VERTEX
8
C2
10
5.351721556886233
20
-56.22247324441677
0
VERTEX
8
C2
10
5.34356444971057
20
-56.227923649178756
0
VERTEX
8
C2
10
5.33618854829723
20
-56.23439214111161
0
VERTEX
8
C2
10
5.32972005636438
20
-56.241768042524946
0
VERTEX
8
C2
10
5.324269651602393
20
-56.2499251497006
0
VERTEX
8
C2
10
5.31993059194788
20
-56.25872389227322
0
VERTEX
8
C2
10
5.316777119914548
20
-56.268013721317914
0
VERTEX
8
C2
10
5.314863192283198
20
-56.277635685284096
0
VERTEX
8
C2
10
5.314221556886224
20
-56.2874251497006
0
VERTEX
8
C2
10
5.314863192283198
20
-56.2972146141171
0
VERTEX
8
C2
10
5.316777119914548
20
-56.30683657808329
0
VERTEX
8
C2
10
5.31993059194788
20
-56.31612640712798
0
VERTEX
8
C2
10
5.324269651602393
20
-56.324925149700604
0
VERTEX
8
C2
10
5.32972005636438
20
-56.33308225687625
0
VERTEX
8
C2
10
5.33618854829723
20
-56.34045815828959
0
VERTEX
8
C2
10
5.34356444971057
20
-56.34692665022244
0
VERTEX
8
C2
10
5.351721556886233
20
-56.35237705498444
0
VERTEX
8
C2
10
5.360520299458841
20
-56.35671611463895
0
VERTEX
8
C2
10
5.369810128503545
20
-56.35986958667228
0
VERTEX
8
C2
10
5.379432092469727
20
-56.36178351430364
0
VERTEX
8
C2
10
5.389221556886227
20
-56.3624251497006
0
VERTEX
8
C2
10
5.3990110213027265
20
-56.36178351430364
0
VERTEX
8
C2
10
5.408632985268909
20
-56.35986958667228
0
VERTEX
8
C2
10
5.417922814313613
20
-56.35671611463895
0
VERTEX
8
C2
10
5.426721556886221
20
-56.35237705498444
0
VERTEX
8
C2
10
5.434878664061884
20
-56.34692665022244
0
VERTEX
8
C2
10
5.442254565475224
20
-56.34045815828959
0
VERTEX
8
C2
10
5.448723057408074
20
-56.33308225687625
0
VERTEX
8
C2
10
5.454173462170061
20
-56.324925149700604
0
VERTEX
8
C2
10
5.458512521824574
20
-56.31612640712798
0
VERTEX
8
C2
10
5.461665993857906
20
-56.30683657808329
0
VERTEX
8
C2
10
5.463579921489256
20
-56.2972146141171
0
VERTEX
8
C2
10
5.46422155688623
20
-56.2874251497006
0
VERTEX
8
C2
10
5.463579921489256
20
-56.277635685284096
0
VERTEX
8
C2
10
5.461665993857906
20
-56.268013721317914
0
VERTEX
8
C2
10
5.458512521824574
20
-56.25872389227322
0
VERTEX
8
C2
10
5.454173462170061
20
-56.2499251497006
0
VERTEX
8
C2
10
5.448723057408074
20
-56.241768042524946
0
VERTEX
8
C2
10
5.442254565475224
20
-56.23439214111161
0
VERTEX
8
C2
10
5.434878664061884
20
-56.227923649178756
0
VERTEX
8
C2
10
5.426721556886221
20
-56.22247324441677
0
VERTEX
8
C2
10
5.417922814313613
20
-56.218134184762256
0
VERTEX
8
C2
10
5.408632985268909
20
-56.214980712728924
0
VERTEX
8
C2
10
5.3990110213027265
20
-56.21306678509757
0
VERTEX
8
C2
10
5.389221556886227
20
-56.2124251497006
0
SEQEND
0
POLYLINE
8
C2
66
1
70
1
0
VERTEX
8
C2
10
14.191616766467064
20
-57.565029940119764
0
VERTEX
8
C2
10
14.191616766467064
20
-55.209580838323355
0
VERTEX
8
C2
10
13.83233532934132
20
-55.209580838323355
0
VERTEX
8
C2
10
13.83233532934132
20
-55.808383233532936
0
VERTEX
8
C2
10
14.071856287425149
20
-55.808383233532936
0
VERTEX
8
C2
10
14.071856287425149
20
-56.047904191616766
0
VERTEX
8
C2
10
13.83233532934132
20
-56.047904191616766
0
VERTEX
8
C2
10
13.83233532934132
20
-57.0059880239521
0
VERTEX
8
C2
10
14.071856287425149
20
-57.0059880239521
0
VERTEX
8
C2
10
14.071856287425149
20
-57.24550898203593
0
VERTEX
8
C2
10
13.83233532934132
20
-57.24550898203593
0
VERTEX
8
C2
10
13.83233532934132
20
-57.565029940119764
0
VERTEX
8
C2
10
14.191616766467064
20
-57.565029940119764
0
SEQEND
0
POLYLINE
8
C2
66
1
70
1
0
VERTEX
8
C2
10
15.089420713138864
20
-55.808383233532936
0
VERTEX
8
C2
10
15.269461077844312
20
-55.808383233532936
0
VERTEX
8
C2
10
15.269461077844312
20
-55.32934131736527
0
VERTEX
8
C2
10
15.389221556886227
20
-55.32934131736527
0
VERTEX
8
C2
10
15.389221556886227
20
-55.68862275449102
0
VERTEX
8
C2
10
15.437125748502993
20
-55.68862275449102
0
VERTEX
8
C2
10
15.441307153834416
20
-55.71060645197381
0
VERTEX
8
C2
10
15.453267399200485
20
-55.7295199296113
0
VERTEX
8
C2
10
15.471336129434292
20
-55.742721751201444
0
VERTEX
8
C2
10
15.492989884859142
20
-55.74836816436037
0
VERTEX
8
C2
10
15.515204524987169
20
-55.745670597022404
0
VERTEX
8
C2
10
15.53487757676848
20
-55.73500578857734
0
VERTEX
8
C2
10
15.549261522682727
20
-55.717863174847324
0
VERTEX
8
C2
10
15.556347516118251
20
-55.69663687506163
0
VERTEX
8
C2
10
15.555145934756695
20
-55.67429133170749
0
VERTEX
8
C2
10
15.545824590175016
20
-55.65394729964032
0
VERTEX
8
C2
10
15.529685291458875
20
-55.638446004774686
0
VERTEX
8
C2
10
15.508982035928142
20
-55.629952341490224
0
VERTEX
8
C2
10
15.508982035928142
20
-55.209580838323355
0
VERTEX
8
C2
10
14.550898203592808
20
-55.209580838323355
0
VERTEX
8
C2
10
14.550898203592808
20
-55.808383233532936
0
VERTEX
8
C2
10
14.730938568298257
20
-55.808383233532936
0
VERTEX
8
C2
10
14.710256086949187
20
-55.76924847638517
0
VERTEX
8
C2
10
14.698002906714834
20
-55.72671432744678
0
VERTEX
8
C2
10
14.69469565379488
20
-55.682574137937756
0
VERTEX
8
C2
10
14.700473770642205
20
-55.63868897395871
0
VERTEX
8
C2
10
14.715093636703514
20
-55.59690914906536
0
VERTEX
8
C2
10
14.737938840100554
20
-55.55899621019858
0
VERTEX
8
C2
10
14.768046167170766
20
-55.5265486662475
0
VERTEX
8
C2
10
14.804146214080262
20
-55.50093459072444
0
VERTEX
8
C2
10
14.844716908217208
20
-55.483233940199234
0
VERTEX
8
C2
10
14.888047682763101
20
-55.474193020499236
0
VERTEX
8
C2
10
14.93231159867402
20
-55.474193020499236
0
VERTEX
8
C2
10
14.975642373219912
20
-55.483233940199234
0
VERTEX
8
C2
10
15.016213067356858
20
-55.50093459072444
0
VERTEX
8
C2
10
15.052313114266354
20
-55.5265486662475
0
VERTEX
8
C2
10
15.082420441336566
20
-55.55899621019858
0
VERTEX
8
C2
10
15.105265644733606
20
-55.59690914906536
0
VERTEX
8
C2
10
15.119885510794916
20
-55.63868897395871
0
VERTEX
8
C2
10
15.12566362764224
20
-55.682574137937756
0
VERTEX
8
C2
10
15.122356374722287
20
-55.72671432744678
0
VERTEX
8
C2
10
15.110103194487948
20
-55.76924847638517
0
VERTEX
8
C2
10
15.089420713138864
20
-55.808383233532936
0
SEQEND
0
POLYLINE
8
C2
66
1
70
1
0
VERTEX
8
C2
10
14.541417766876762
20
-53.59281437125749
0
VERTEX
8
C2
10
13.532934131736525
20
-53.59281437125749
0
VERTEX
8
C2
10
13.532934131736525
20
-54.37125748502994
0
VERTEX
8
C2
10
13.41317365269461
20
-54.37125748502994
0
VERTEX
8
C2
10
13.41317365269461
20
-53.59281437125749
0
VERTEX
8
C2
10
12.165169059470543
20
-53.59281437125749
0
VERTEX
8
C2
10
12.173035795079599
20
-53.63639773699489
0
VERTEX
8
C2
10
12.171829873826667
20
-53.68066895848329
0
VERTEX
8
C2
10
12.161602195036394
20
-53.72375944333442
0
VERTEX
8
C2
10
12.142784446882118
20
-53.76385043549657
0
VERTEX
8
C2
10
12.116170885763012
20
-53.79924978100891
0
VERTEX
8
C2
10
12.082884812461373
20
-53.828463350155815
0
VERTEX
8
C2
10
12.044331160049182
20
-53.85025810144651
0
VERTEX
8
C2
10
12.002137194705583
20
-53.86371412562626
0
VERTEX
8
C2
10
11.958083832335333
20
-53.868263473053894
0
VERTEX
8
C2
10
11.91403046996507
20
-53.86371412562626
0
VERTEX
8
C2
10
11.87183650462147
20
-53.85025810144651
0
VERTEX
8
C2
10
11.83328285220928
20
-53.828463350155815
0
VERTEX
8
C2
10
11.79999677890764
20
-53.79924978100891
0
VERTEX
8
C2
10
11.77338321778852
20
-53.76385043549657
0
VERTEX
8
C2
10
11.754565469634258
20
-53.72375944333442
0
VERTEX
8
C2
10
11.744337790843986
20
-53.68066895848329
0
VERTEX
8
C2
10
11.743131869591053
20
-53.63639773699489
0
VERTEX
8
C2
10
11.75099860520011
20
-53.59281437125749
0
VERTEX
8
C2
10
11.437125748502993
20
-53.59281437125749
0
VERTEX
8
C2
10
11.437125748502993
20
-54.550898203592816
0
VERTEX
8
C2
10
13.41317365269461
20
-54.550898203592816
0
VERTEX
8
C2
10
13.41317365269461
20
-54.49101796407186
0
VERTEX
8
C2
10
13.532934131736525
20
-54.49101796407186
0
VERTEX
8
C2
10
13.532934131736525
20
-54.550898203592816
0
VERTEX
8
C2
10
15.508982035928142
20
-54.550898203592816
0
VERTEX
8
C2
10
15.508982035928142
20
-53.59281437125749
0
VERTEX
8
C2
10
14.955588221147195
20
-53.59281437125749
0
VERTEX
8
C2
10
14.963454956756237
20
-53.63639773699489
0
VERTEX
8
C2
10
14.96224903550332
20
-53.68066895848329
0
VERTEX
8
C2
10
14.952021356713047
20
-53.72375944333442
0
VERTEX
8
C2
10
14.93320360855877
20
-53.76385043549657
0
VERTEX
8
C2
10
14.906590047439664
20
-53.79924978100892
0
VERTEX
8
C2
10
14.873303974138025
20
-53.828463350155815
0
VERTEX
8
C2
10
14.834750321725835
20
-53.85025810144651
0
VERTEX
8
C2
10
14.792556356382235
20
-53.86371412562626
0
VERTEX
8
C2
10
14.748502994011972
20
-53.868263473053894
0
VERTEX
8
C2
10
14.704449631641708
20
-53.86371412562626
0
VERTEX
8
C2
10
14.662255666298108
20
-53.85025810144651
0
VERTEX
8
C2
10
14.623702013885918
20
-53.828463350155815
0
VERTEX
8
C2
10
14.590415940584279
20
-53.79924978100892
0
VERTEX
8
C2
10
14.563802379465173
20
-53.76385043549657
0
VERTEX
8
C2
10
14.54498463131091
20
-53.72375944333442
0
VERTEX
8
C2
10
14.534756952520624
20
-53.68066895848329
0
VERTEX
8
C2
10
14.533551031267706
20
-53.63639773699489
0
VERTEX
8
C2
10
14.541417766876762
20
-53.59281437125749
0
SEQEND
0
POLYLINE
8
C2
66
1
70
1
0
VERTEX
8
C2
10
12.215169216132878
20
-55.808383233532936
0
VERTEX
8
C2
10
12.395209580838326
20
-55.808383233532936
0
VERTEX
8
C2
10
12.395209580838326
20
-55.209580838323355
0
VERTEX
8
C2
10
11.437125748502993
20
-55.209580838323355
0
VERTEX
8
C2
10
11.437125748502993
20
-55.26946107784431
0
VERTEX
8
C2
10
11.017964071856284
20
-55.26946107784431
0
VERTEX
8
C2
10
11.017964071856284
20
-54.79041916167665
0
VERTEX
8
C2
10
10.778443113772454
20
-54.79041916167665
0
VERTEX
8
C2
10
10.778443113772454
20
-55.38922155688623
0
VERTEX
8
C2
10
11.437125748502993
20
-55.38922155688623
0
VERTEX
8
C2
10
11.437125748502993
20
-55.68862275449102
0
VERTEX
8
C2
10
11.47904191616766
20
-55.68862275449102
0
VERTEX
8
C2
10
11.483036082324332
20
-55.710126007477676
0
VERTEX
8
C2
10
11.49448573846054
20
-55.72876061578206
0
VERTEX
8
C2
10
11.511863441486199
20
-55.74204062669498
0
VERTEX
8
C2
10
11.532850916328883
20
-55.74819441837347
0
VERTEX
8
C2
10
11.55464832576682
20
-55.74640104331787
0
VERTEX
8
C2
10
11.574347783132325
20
-55.7368997469958
0
VERTEX
8
C2
10
11.58932127936788
20
-55.72095805126482
0
VERTEX
8
C2
10
11.597571272967642
20
-55.70070266042932
0
VERTEX
8
C2
10
11.597997172300992
20
-55.67883574793457
0
VERTEX
8
C2
10
11.590542160203597
20
-55.65827447251394
0
VERTEX
8
C2
10
11.576200773679872
20
-55.641761814191554
0
VERTEX
8
C2
10
11.556886227544908
20
-55.631500646621745
0
VERTEX
8
C2
10
11.556886227544908
20
-55.32934131736527
0
VERTEX
8
C2
10
11.676646706586823
20
-55.32934131736527
0
VERTEX
8
C2
10
11.676646706586823
20
-55.808383233532936
0
VERTEX
8
C2
10
11.85668707129227
20
-55.808383233532936
0
VERTEX
8
C2
10
11.836004589943187
20
-55.76924847638517
0
VERTEX
8
C2
10
11.823751409708848
20
-55.72671432744678
0
VERTEX
8
C2
10
11.820444156788895
20
-55.68257413793775
0
VERTEX
8
C2
10
11.826222273636219
20
-55.63868897395871
0
VERTEX
8
C2
10
11.840842139697529
20
-55.59690914906536
0
VERTEX
8
C2
10
11.863687343094568
20
-55.55899621019857
0
VERTEX
8
C2
10
11.89379467016478
20
-55.5265486662475
0
VERTEX
8
C2
10
11.929894717074276
20
-55.50093459072444
0
VERTEX
8
C2
10
11.970465411211222
20
-55.48323394019923
0
VERTEX
8
C2
10
12.013796185757116
20
-55.47419302049923
0
VERTEX
8
C2
10
12.058060101668033
20
-55.47419302049923
0
VERTEX
8
C2
10
12.101390876213927
20
-55.483233940199234
0
VERTEX
8
C2
10
12.141961570350873
20
-55.50093459072444
0
VERTEX
8
C2
10
12.178061617260369
20
-55.5265486662475
0
VERTEX
8
C2
10
12.20816894433058
20
-55.55899621019858
0
VERTEX
8
C2
10
12.23101414772762
20
-55.59690914906536
0
VERTEX
8
C2
10
12.24563401378893
20
-55.63868897395871
0
VERTEX
8
C2
10
12.251412130636254
20
-55.682574137937756
0
VERTEX
8
C2
10
12.248104877716301
20
-55.72671432744678
0
VERTEX
8
C2
10
12.235851697481948
20
-55.76924847638517
0
VERTEX
8
C2
10
12.215169216132878
20
-55.808383233532936
0
SEQEND
0
POLYLINE
8
C2
66
1
70
1
0
VERTEX
8
C2
10
20.478642270025105
20
-55.808383233532936
0
VERTEX
8
C2
10
20.65868263473054
20
-55.808383233532936
0
VERTEX
8
C2
10
20.65868263473054
20
-55.32934131736527
0
VERTEX
8
C2
10
20.778443113772468
20
-55.32934131736527
0
VERTEX
8
C2
10
20.778443113772468
20
-55.631500646621745
0
VERTEX
8
C2
10
20.75912856763749
20
-55.641761814191554
0
VERTEX
8
C2
10
20.74478718111375
20
-55.65827447251394
0
VERTEX
8
C2
10
20.73733216901637
20
-55.67883574793457
0
VERTEX
8
C2
10
20.73775806834972
20
-55.70070266042932
0
VERTEX
8
C2
10
20.746008061949468
20
-55.72095805126482
0
VERTEX
8
C2
10
20.760981558185037
20
-55.7368997469958
0
VERTEX
8
C2
10
20.78068101555054
20
-55.74640104331787
0
VERTEX
8
C2
10
20.80247842498848
20
-55.74819441837347
0
VERTEX
8
C2
10
20.823465899831163
20
-55.74204062669498
0
VERTEX
8
C2
10
20.840843602856822
20
-55.72876061578206
0
VERTEX
8
C2
10
20.852293258993043
20
-55.710126007477676
0
VERTEX
8
C2
10
20.856287425149688
20
-55.68862275449102
0
VERTEX
8
C2
10
20.89820359281437
20
-55.68862275449102
0
VERTEX
8
C2
10
20.89820359281437
20
-55.38922155688623
0
VERTEX
8
C2
10
21.556886227544922
20
-55.38922155688623
0
VERTEX
8
C2
10
21.556886227544922
20
-54.79041916167665
0
VERTEX
8
C2
10
21.317365269461064
20
-54.79041916167665
0
VERTEX
8
C2
10
21.317365269461064
20
-55.26946107784431
0
VERTEX
8
C2
10
20.89820359281437
20
-55.26946107784431
0
VERTEX
8
C2
10
20.89820359281437
20
-55.209580838323355
0
VERTEX
8
C2
10
19.94011976047905
20
-55.209580838323355
0
VERTEX
8
C2
10
19.94011976047905
20
-55.808383233532936
0
VERTEX
8
C2
10
20.120160125184483
20
-55.808383233532936
0
VERTEX
8
C2
10
20.099477643835414
20
-55.76924847638517
0
VERTEX
8
C2
10
20.08722446360106
20
-55.72671432744678
0
VERTEX
8
C2
10
20.083917210681122
20
-55.68257413793775
0
VERTEX
8
C2
10
20.089695327528418
20
-55.63868897395871
0
VERTEX
8
C2
10
20.104315193589755
20
-55.59690914906536
0
VERTEX
8
C2
10
20.12716039698678
20
-55.55899621019857
0
VERTEX
8
C2
10
20.15726772405698
20
-55.5265486662475
0
VERTEX
8
C2
10
20.193367770966475
20
-55.50093459072444
0
VERTEX
8
C2
10
20.233938465103435
20
-55.48323394019923
0
VERTEX
8
C2
10
20.27726923964933
20
-55.47419302049923
0
VERTEX
8
C2
10
20.32153315556026
20
-55.47419302049923
0
VERTEX
8
C2
10
20.364863930106154
20
-55.48323394019923
0
VERTEX
8
C2
10
20.405434624243085
20
-55.50093459072444
0
VERTEX
8
C2
10
20.44153467115258
20
-55.5265486662475
0
VERTEX
8
C2
10
20.47164199822278
20
-55.55899621019857
0
VERTEX
8
C2
10
20.494487201619833
20
-55.59690914906536
0
VERTEX
8
C2
10
20.509107067681143
20
-55.63868897395871
0
VERTEX
8
C2
10
20.514885184528467
20
-55.68257413793775
0
VERTEX
8
C2
10
20.511577931608528
20
-55.72671432744678
0
VERTEX
8
C2
10
20.499324751374175
20
-55.76924847638517
0
VERTEX
8
C2
10
20.478642270025105
20
-55.808383233532936
0
SEQEND
0
POLYLINE
8
C2
66
1
70
1
0
VERTEX
8
C2
10
19.58083832335329
20
-57.565029940119764
0
VERTEX
8
C2
10
19.58083832335329
20
-55.209580838323355
0
VERTEX
8
C2
10
19.221556886227532
20
-55.209580838323355
0
VERTEX
8
C2
10
19.221556886227532
20
-55.808383233532936
0
VERTEX
8
C2
10
19.46107784431136
20
-55.808383233532936
0
VERTEX
8
C2
10
19.46107784431136
20
-56.047904191616766
0
VERTEX
8
C2
10
19.221556886227532
20
-56.047904191616766
0
VERTEX
8
C2
10
19.221556886227532
20
-57.0059880239521
0
VERTEX
8
C2
10
19.46107784431136
20
-57.0059880239521
0
VERTEX
8
C2
10
19.46107784431136
20
-57.24550898203593
0
VERTEX
8
C2
10
19.221556886227532
20
-57.24550898203593
0
VERTEX
8
C2
10
19.221556886227532
20
-57.565029940119764
0
VERTEX
8
C2
10
19.58083832335329
20
-57.565029940119764
0
SEQEND
0
POLYLINE
8
C2
66
1
70
1
0
VERTEX
8
C2
10
17.60439077301912
20
-55.808383233532936
0
VERTEX
8
C2
10
17.784431137724553
20
-55.808383233532936
0
VERTEX
8
C2
10
17.784431137724553
20
-55.209580838323355
0
VERTEX
8
C2
10
16.826347305389206
20
-55.209580838323355
0
VERTEX
8
C2
10
16.826347305389206
20
-55.629952341490224
0
VERTEX
8
C2
10
16.805644049858486
20
-55.638446004774686
0
VERTEX
8
C2
10
16.789504751142346
20
-55.65394729964032
0
VERTEX
8
C2
10
16.780183406560667
20
-55.67429133170749
0
VERTEX
8
C2
10
16.77898182519911
20
-55.69663687506163
0
VERTEX
8
C2
10
16.786067818634635
20
-55.717863174847324
0
VERTEX
8
C2
10
16.800451764548868
20
-55.73500578857734
0
VERTEX
8
C2
10
16.820124816330193
20
-55.74567059702241
0
VERTEX
8
C2
10
16.84233945645822
20
-55.74836816436037
0
VERTEX
8
C2
10
16.863993211883056
20
-55.742721751201444
0
VERTEX
8
C2
10
16.88206194211689
20
-55.7295199296113
0
VERTEX
8
C2
10
16.894022187482946
20
-55.71060645197381
0
VERTEX
8
C2
10
16.89820359281437
20
-55.68862275449102
0
VERTEX
8
C2
10
16.946107784431135
20
-55.68862275449102
0
VERTEX
8
C2
10
16.946107784431135
20
-55.32934131736527
0
VERTEX
8
C2
10
17.065868263473064
20
-55.32934131736527
0
VERTEX
8
C2
10
17.065868263473064
20
-55.808383233532936
0
VERTEX
8
C2
10
17.245908628178498
20
-55.808383233532936
0
VERTEX
8
C2
10
17.225226146829428
20
-55.76924847638517
0
VERTEX
8
C2
10
17.212972966595075
20
-55.72671432744678
0
VERTEX
8
C2
10
17.209665713675136
20
-55.68257413793775
0
VERTEX
8
C2
10
17.21544383052243
20
-55.63868897395871
0
VERTEX
8
C2
10
17.23006369658374
20
-55.59690914906536
0
VERTEX
8
C2
10
17.252908899980795
20
-55.55899621019857
0
VERTEX
8
C2
10
17.283016227050993
20
-55.5265486662475
0
VERTEX
8
C2
10
17.31911627396049
20
-55.50093459072444
0
VERTEX
8
C2
10
17.35968696809745
20
-55.48323394019923
0
VERTEX
8
C2
10
17.403017742643343
20
-55.47419302049923
0
VERTEX
8
C2
10
17.447281658554274
20
-55.47419302049923
0
VERTEX
8
C2
10
17.490612433100168
20
-55.48323394019923
0
VERTEX
8
C2
10
17.5311831272371
20
-55.50093459072444
0
VERTEX
8
C2
10
17.567283174146596
20
-55.5265486662475
0
VERTEX
8
C2
10
17.597390501216793
20
-55.55899621019857
0
VERTEX
8
C2
10
17.620235704613847
20
-55.59690914906536
0
VERTEX
8
C2
10
17.634855570675157
20
-55.63868897395871
0
VERTEX
8
C2
10
17.64063368752248
20
-55.68257413793775
0
VERTEX
8
C2
10
17.637326434602514
20
-55.72671432744678
0
VERTEX
8
C2
10
17.62507325436819
20
-55.76924847638517
0
VERTEX
8
C2
10
17.60439077301912
20
-55.808383233532936
0
SEQEND
0
POLYLINE
8
C2
66
1
70
1
0
VERTEX
8
C2
10
17.37974112017018
20
-53.59281437125749
0
VERTEX
8
C2
10
16.826347305389206
20
-53.59281437125749
0
VERTEX
8
C2
10
16.826347305389206
20
-54.550898203592816
0
VERTEX
8
C2
10
18.802395209580837
20
-54.550898203592816
0
VERTEX
8
C2
10
18.802395209580837
20
-54.49101796407186
0
VERTEX
8
C2
10
18.922155688622766
20
-54.49101796407186
0
VERTEX
8
C2
10
18.922155688622766
20
-54.550898203592816
0
VERTEX
8
C2
10
20.89820359281437
20
-54.550898203592816
0
VERTEX
8
C2
10
20.89820359281437
20
-53.59281437125749
0
VERTEX
8
C2
10
20.584330736117252
20
-53.59281437125749
0
VERTEX
8
C2
10
20.592197471726294
20
-53.63639773699489
0
VERTEX
8
C2
10
20.59099155047339
20
-53.68066895848329
0
VERTEX
8
C2
10
20.58076387168309
20
-53.72375944333442
0
VERTEX
8
C2
10
20.56194612352884
20
-53.76385043549657
0
VERTEX
8
C2
10
20.53533256240972
20
-53.79924978100892
0
VERTEX
8
C2
10
20.502046489108082
20
-53.828463350155815
0
VERTEX
8
C2
10
20.46349283669589
20
-53.85025810144651
0
VERTEX
8
C2
10
20.421298871352306
20
-53.86371412562626
0
VERTEX
8
C2
10
20.37724550898203
20
-53.868263473053894
0
VERTEX
8
C2
10
20.33319214661178
20
-53.86371412562626
0
VERTEX
8
C2
10
20.290998181268165
20
-53.85025810144651
0
VERTEX
8
C2
10
20.252444528855975
20
-53.828463350155815
0
VERTEX
8
C2
10
20.219158455554336
20
-53.79924978100892
0
VERTEX
8
C2
10
20.192544894435244
20
-53.76385043549657
0
VERTEX
8
C2
10
20.173727146280967
20
-53.72375944333442
0
VERTEX
8
C2
10
20.163499467490695
20
-53.68066895848329
0
VERTEX
8
C2
10
20.162293546237763
20
-53.63639773699489
0
VERTEX
8
C2
10
20.170160281846805
20
-53.59281437125749
0
VERTEX
8
C2
10
18.922155688622766
20
-53.59281437125749
0
VERTEX
8
C2
10
18.922155688622766
20
-54.37125748502994
0
VERTEX
8
C2
10
18.802395209580837
20
-54.37125748502994
0
VERTEX
8
C2
10
18.802395209580837
20
-53.59281437125749
0
VERTEX
8
C2
10
17.7939115744406
20
-53.59281437125749
0
VERTEX
8
C2
10
17.80177831004967
20
-53.63639773699489
0
VERTEX
8
C2
10
17.800572388796738
20
-53.68066895848329
0
VERTEX
8
C2
10
17.790344710006465
20
-53.72375944333442
0
VERTEX
8
C2
10
17.77152696185219
20
-53.76385043549657
0
VERTEX
8
C2
10
17.74491340073307
20
-53.79924978100892
0
VERTEX
8
C2
10
17.71162732743143
20
-53.828463350155815
0
VERTEX
8
C2
10
17.67307367501924
20
-53.85025810144651
0
VERTEX
8
C2
10
17.630879709675654
20
-53.86371412562626
0
VERTEX
8
C2
10
17.586826347305376
20
-53.868263473053894
0
VERTEX
8
C2
10
17.542772984935127
20
-53.86371412562626
0
VERTEX
8
C2
10
17.500579019591513
20
-53.85025810144651
0
VERTEX
8
C2
10
17.46202536717935
20
-53.828463350155815
0
VERTEX
8
C2
10
17.428739293877683
20
-53.79924978100892
0
VERTEX
8
C2
10
17.40212573275859
20
-53.76385043549657
0
VERTEX
8
C2
10
17.383307984604315
20
-53.72375944333442
0
VERTEX
8
C2
10
17.373080305814042
20
-53.68066895848329
0
VERTEX
8
C2
10
17.37187438456111
20
-53.63639773699489
0
VERTEX
8
C2
10
17.37974112017018
20
-53.59281437125749
0
SEQEND
0
POLYLINE
8
C2
66
1
70
1
0
VERTEX
8
C2
10
18.502994011976043
20
-57.565029940119764
0
VERTEX
8
C2
10
18.502994011976043
20
-57.24550898203593
0
VERTEX
8
C2
10
18.263473053892213
20
-57.24550898203593
0
VERTEX
8
C2
10
18.263473053892213
20
-57.0059880239521
0
VERTEX
8
C2
10
18.502994011976043
20
-57.0059880239521
0
VERTEX
8
C2
10
18.502994011976043
20
-56.047904191616766
0
VERTEX
8
C2
10
18.263473053892213
20
-56.047904191616766
0
VERTEX
8
C2
10
18.263473053892213
20
-55.808383233532936
0
VERTEX
8
C2
10
18.502994011976043
20
-55.808383233532936
0
VERTEX
8
C2
10
18.502994011976043
20
-55.209580838323355
0
VERTEX
8
C2
10
18.143712574850284
20
-55.209580838323355
0
VERTEX
8
C2
10
18.143712574850284
20
-57.565029940119764
0
VERTEX
8
C2
10
18.502994011976043
20
-57.565029940119764
0
SEQEND
0
POLYLINE
8
C2
66
1
70
1
0
VERTEX
8
C2
10
13.113772455089816
20
-57.565029940119764
0
VERTEX
8
C2
10
13.113772455089816
20
-57.24550898203593
0
VERTEX
8
C2
10
12.874251497005986
20
-57.24550898203593
0
VERTEX
8
C2
10
12.874251497005986
20
-57.0059880239521
0
VERTEX
8
C2
10
13.113772455089816
20
-57.0059880239521
0
VERTEX
8
C2
10
13.113772455089816
20
-56.047904191616766
0
VERTEX
8
C2
10
12.874251497005986
20
-56.047904191616766
0
VERTEX
8
C2
10
12.874251497005986
20
-55.808383233532936
0
VERTEX
8
C2
10
13.113772455089816
20
-55.808383233532936
0
VERTEX
8
C2
10
13.113772455089816
20
-55.209580838323355
0
VERTEX
8
C2
10
12.754491017964071
20
-55.209580838323355
0
VERTEX
8
C2
10
12.754491017964071
20
-57.565029940119764
0
VERTEX
8
C2
10
13.113772455089816
20
-57.565029940119764
0
SEQEND
0
POLYLINE
8
C2
66
1
70
1
0
VERTEX
8
C2
10
12.035928143712567
20
-55.61362275449102
0
VERTEX
8
C2
10
12.026138679296068
20
-55.614264389887985
0
VERTEX
8
C2
10
12.016516715329885
20
-55.61617831751934
0
VERTEX
8
C2
10
12.007226886285196
20
-55.619331789552675
0
VERTEX
8
C2
10
11.998428143712573
20
-55.62367084920719
0
VERTEX
8
C2
10
11.990271036536924
20
-55.62912125396918
0
VERTEX
8
C2
10
11.982895135123584
20
-55.63558974590203
0
VERTEX
8
C2
10
11.976426643190734
20
-55.642965647315364
0
VERTEX
8
C2
10
11.970976238428733
20
-55.65112275449102
0
VERTEX
8
C2
10
11.96663717877422
20
-55.659921497063635
0
VERTEX
8
C2
10
11.963483706740888
20
-55.66921132610833
0
VERTEX
8
C2
10
11.961569779109539
20
-55.678833290074515
0
VERTEX
8
C2
10
11.960928143712579
20
-55.68862275449102
0
VERTEX
8
C2
10
11.961569779109539
20
-55.69841221890752
0
VERTEX
8
C2
10
11.963483706740888
20
-55.70803418287371
0
VERTEX
8
C2
10
11.96663717877422
20
-55.7173240119184
0
VERTEX
8
C2
10
11.970976238428733
20
-55.72612275449102
0
VERTEX
8
C2
10
11.976426643190734
20
-55.73427986166667
0
VERTEX
8
C2
10
11.982895135123584
20
-55.74165576308001
0
VERTEX
8
C2
10
11.990271036536924
20
-55.74812425501286
0
VERTEX
8
C2
10
11.998428143712573
20
-55.753574659774856
0
VERTEX
8
C2
10
12.007226886285196
20
-55.75791371942937
0
VERTEX
8
C2
10
12.016516715329885
20
-55.7610671914627
0
VERTEX
8
C2
10
12.026138679296068
20
-55.76298111909406
0
VERTEX
8
C2
10
12.035928143712567
20
-55.763622754491024
0
VERTEX
8
C2
10
12.045717608129081
20
-55.76298111909406
0
VERTEX
8
C2
10
12.055339572095264
20
-55.7610671914627
0
VERTEX
8
C2
10
12.064629401139953
20
-55.75791371942937
0
VERTEX
8
C2
10
12.073428143712576
20
-55.753574659774856
0
VERTEX
8
C2
10
12.081585250888224
20
-55.74812425501286
0
VERTEX
8
C2
10
12.088961152301565
20
-55.74165576308001
0
VERTEX
8
C2
10
12.095429644234414
20
-55.73427986166667
0
VERTEX
8
C2
10
12.100880048996402
20
-55.72612275449102
0
VERTEX
8
C2
10
12.105219108650914
20
-55.7173240119184
0
VERTEX
8
C2
10
12.108372580684247
20
-55.70803418287371
0
VERTEX
8
C2
10
12.11028650831561
20
-55.69841221890752
0
VERTEX
8
C2
10
12.11092814371257
20
-55.68862275449102
0
VERTEX
8
C2
10
12.11028650831561
20
-55.678833290074515
0
VERTEX
8
C2
10
12.108372580684247
20
-55.66921132610833
0
VERTEX
8
C2
10
12.105219108650914
20
-55.659921497063635
0
VERTEX
8
C2
10
12.100880048996402
20
-55.65112275449102
0
VERTEX
8
C2
10
12.095429644234414
20
-55.642965647315364
0
VERTEX
8
C2
10
12.088961152301565
20
-55.63558974590203
0
VERTEX
8
C2
10
12.081585250888224
20
-55.62912125396918
0
VERTEX
8
C2
10
12.073428143712576
20
-55.62367084920719
0
VERTEX
8
C2
10
12.064629401139953
20
-55.619331789552675
0
VERTEX
8
C2
10
12.055339572095264
20
-55.61617831751934
0
VERTEX
8
C2
10
12.045717608129081
20
-55.614264389887985
0
VERTEX
8
C2
10
12.035928143712567
20
-55.61362275449102
0
SEQEND
0
POLYLINE
8
C2
66
1
70
1
0
VERTEX
8
C2
10
14.748502994011972
20
-53.577694610778444
0
VERTEX
8
C2
10
14.738713529595472
20
-53.57833624617541
0
VERTEX
8
C2
10
14.72909156562929
20
-53.58025017380677
0
VERTEX
8
C2
10
14.719801736584586
20
-53.5834036458401
0
VERTEX
8
C2
10
14.711002994011977
20
-53.58774270549461
0
VERTEX
8
C2
10
14.702845886836315
20
-53.5931931102566
0
VERTEX
8
C2
10
14.695469985422989
20
-53.59966160218946
0
VERTEX
8
C2
10
14.689001493490139
20
-53.60703750360279
0
VERTEX
8
C2
10
14.683551088728137
20
-53.615194610778445
0
VERTEX
8
C2
10
14.679212029073625
20
-53.62399335335106
0
VERTEX
8
C2
10
14.676058557040292
20
-53.63328318239576
0
VERTEX
8
C2
10
14.674144629408943
20
-53.64290514636194
0
VERTEX
8
C2
10
14.673502994011969
20
-53.65269461077845
0
VERTEX
8
C2
10
14.674144629408943
20
-53.662484075194946
0
VERTEX
8
C2
10
14.676058557040292
20
-53.672106039161136
0
VERTEX
8
C2
10
14.679212029073625
20
-53.681395868205826
0
VERTEX
8
C2
10
14.683551088728137
20
-53.69019461077845
0
VERTEX
8
C2
10
14.689001493490139
20
-53.6983517179541
0
VERTEX
8
C2
10
14.695469985422989
20
-53.70572761936744
0
VERTEX
8
C2
10
14.702845886836315
20
-53.71219611130029
0
VERTEX
8
C2
10
14.711002994011977
20
-53.71764651606228
0
VERTEX
8
C2
10
14.719801736584586
20
-53.72198557571679
0
VERTEX
8
C2
10
14.72909156562929
20
-53.725139047750126
0
VERTEX
8
C2
10
14.738713529595472
20
-53.72705297538148
0
VERTEX
8
C2
10
14.748502994011972
20
-53.72769461077844
0
VERTEX
8
C2
10
14.758292458428485
20
-53.72705297538148
0
VERTEX
8
C2
10
14.767914422394668
20
-53.725139047750126
0
VERTEX
8
C2
10
14.777204251439358
20
-53.72198557571679
0
VERTEX
8
C2
10
14.78600299401198
20
-53.71764651606228
0
VERTEX
8
C2
10
14.794160101187629
20
-53.71219611130029
0
VERTEX
8
C2
10
14.801536002600969
20
-53.70572761936744
0
VERTEX
8
C2
10
14.808004494533819
20
-53.6983517179541
0
VERTEX
8
C2
10
14.813454899295806
20
-53.69019461077845
0
VERTEX
8
C2
10
14.817793958950318
20
-53.681395868205826
0
VERTEX
8
C2
10
14.82094743098365
20
-53.672106039161136
0
VERTEX
8
C2
10
14.822861358615015
20
-53.662484075194946
0
VERTEX
8
C2
10
14.823502994011974
20
-53.65269461077845
0
VERTEX
8
C2
10
14.822861358615015
20
-53.64290514636194
0
VERTEX
8
C2
10
14.82094743098365
20
-53.63328318239576
0
VERTEX
8
C2
10
14.817793958950318
20
-53.62399335335106
0
VERTEX
8
C2
10
14.813454899295806
20
-53.615194610778445
0
VERTEX
8
C2
10
14.808004494533819
20
-53.60703750360279
0
VERTEX
8
C2
10
14.801536002600969
20
-53.59966160218946
0
VERTEX
8
C2
10
14.794160101187629
20
-53.5931931102566
0
VERTEX
8
C2
10
14.78600299401198
20
-53.58774270549461
0
VERTEX
8
C2
10
14.777204251439358
20
-53.5834036458401
0
VERTEX
8
C2
10
14.767914422394668
20
-53.58025017380677
0
VERTEX
8
C2
10
14.758292458428485
20
-53.57833624617541
0
VERTEX
8
C2
10
14.748502994011972
20
-53.577694610778444
0
SEQEND
0
POLYLINE
8
C2
66
1
70
1
0
VERTEX
8
C2
10
11.958083832335333
20
-53.577694610778444
0
VERTEX
8
C2
10
11.94829436791882
20
-53.57833624617541
0
VERTEX
8
C2
10
11.938672403952637
20
-53.58025017380677
0
VERTEX
8
C2
10
11.929382574907947
20
-53.5834036458401
0
VERTEX
8
C2
10
11.920583832335325
20
-53.58774270549461
0
VERTEX
8
C2
10
11.912426725159676
20
-53.5931931102566
0
VERTEX
8
C2
10
11.905050823746336
20
-53.59966160218946
0
VERTEX
8
C2
10
11.898582331813486
20
-53.60703750360279
0
VERTEX
8
C2
10
11.893131927051499
20
-53.615194610778445
0
VERTEX
8
C2
10
11.888792867396987
20
-53.62399335335106
0
VERTEX
8
C2
10
11.88563939536364
20
-53.63328318239576
0
VERTEX
8
C2
10
11.88372546773229
20
-53.64290514636194
0
VERTEX
8
C2
10
11.88308383233533
20
-53.65269461077845
0
VERTEX
8
C2
10
11.88372546773229
20
-53.662484075194946
0
VERTEX
8
C2
10
11.88563939536364
20
-53.672106039161136
0
VERTEX
8
C2
10
11.888792867396987
20
-53.681395868205826
0
VERTEX
8
C2
10
11.893131927051499
20
-53.69019461077845
0
VERTEX
8
C2
10
11.898582331813486
20
-53.6983517179541
0
VERTEX
8
C2
10
11.905050823746336
20
-53.70572761936744
0
VERTEX
8
C2
10
11.912426725159676
20
-53.71219611130029
0
VERTEX
8
C2
10
11.920583832335325
20
-53.71764651606228
0
VERTEX
8
C2
10
11.929382574907947
20
-53.72198557571679
0
VERTEX
8
C2
10
11.938672403952637
20
-53.725139047750126
0
VERTEX
8
C2
10
11.94829436791882
20
-53.72705297538148
0
VERTEX
8
C2
10
11.958083832335333
20
-53.72769461077844
0
VERTEX
8
C2
10
11.967873296751833
20
-53.72705297538148
0
VERTEX
8
C2
10
11.977495260718015
20
-53.725139047750126
0
VERTEX
8
C2
10
11.986785089762705
20
-53.72198557571679
0
VERTEX
8
C2
10
11.995583832335328
20
-53.71764651606228
0
VERTEX
8
C2
10
12.003740939510976
20
-53.71219611130029
0
VERTEX
8
C2
10
12.011116840924316
20
-53.70572761936744
0
VERTEX
8
C2
10
12.017585332857166
20
-53.6983517179541
0
VERTEX
8
C2
10
12.023035737619153
20
-53.69019461077845
0
VERTEX
8
C2
10
12.02737479727368
20
-53.681395868205826
0
VERTEX
8
C2
10
12.030528269307013
20
-53.672106039161136
0
VERTEX
8
C2
10
12.032442196938362
20
-53.662484075194946
0
VERTEX
8
C2
10
12.033083832335322
20
-53.65269461077845
0
VERTEX
8
C2
10
12.032442196938362
20
-53.64290514636194
0
VERTEX
8
C2
10
12.030528269307013
20
-53.63328318239576
0
VERTEX
8
C2
10
12.02737479727368
20
-53.62399335335106
0
VERTEX
8
C2
10
12.023035737619153
20
-53.615194610778445
0
VERTEX
8
C2
10
12.017585332857166
20
-53.60703750360279
0
VERTEX
8
C2
10
12.011116840924316
20
-53.59966160218946
0
VERTEX
8
C2
10
12.003740939510976
20
-53.5931931102566
0
VERTEX
8
C2
10
11.995583832335328
20
-53.58774270549461
0
VERTEX
8
C2
10
11.986785089762705
20
-53.5834036458401
0
VERTEX
8
C2
10
11.977495260718015
20
-53.58025017380677
0
VERTEX
8
C2
10
11.967873296751833
20
-53.57833624617541
0
VERTEX
8
C2
10
11.958083832335333
20
-53.577694610778444
0
SEQEND
0
POLYLINE
8
C2
66
1
70
1
0
VERTEX
8
C2
10
14.910179640718567
20
-55.61362275449102
0
VERTEX
8
C2
10
14.900390176302054
20
-55.614264389887985
0
VERTEX
8
C2
10
14.890768212335871
20
-55.61617831751934
0
VERTEX
8
C2
10
14.881478383291181
20
-55.619331789552675
0
VERTEX
8
C2
10
14.872679640718559
20
-55.62367084920719
0
VERTEX
8
C2
10
14.86452253354291
20
-55.62912125396918
0
VERTEX
8
C2
10
14.85714663212957
20
-55.63558974590203
0
VERTEX
8
C2
10
14.85067814019672
20
-55.642965647315364
0
VERTEX
8
C2
10
14.845227735434733
20
-55.65112275449102
0
VERTEX
8
C2
10
14.84088867578022
20
-55.659921497063635
0
VERTEX
8
C2
10
14.837735203746874
20
-55.66921132610833
0
VERTEX
8
C2
10
14.835821276115524
20
-55.678833290074515
0
VERTEX
8
C2
10
14.835179640718565
20
-55.68862275449102
0
VERTEX
8
C2
10
14.835821276115524
20
-55.69841221890752
0
VERTEX
8
C2
10
14.837735203746874
20
-55.70803418287371
0
VERTEX
8
C2
10
14.84088867578022
20
-55.7173240119184
0
VERTEX
8
C2
10
14.845227735434733
20
-55.72612275449102
0
VERTEX
8
C2
10
14.85067814019672
20
-55.73427986166667
0
VERTEX
8
C2
10
14.85714663212957
20
-55.74165576308001
0
VERTEX
8
C2
10
14.86452253354291
20
-55.74812425501286
0
VERTEX
8
C2
10
14.872679640718559
20
-55.753574659774856
0
VERTEX
8
C2
10
14.881478383291181
20
-55.75791371942937
0
VERTEX
8
C2
10
14.890768212335871
20
-55.7610671914627
0
VERTEX
8
C2
10
14.900390176302054
20
-55.76298111909406
0
VERTEX
8
C2
10
14.910179640718567
20
-55.763622754491024
0
VERTEX
8
C2
10
14.919969105135067
20
-55.76298111909406
0
VERTEX
8
C2
10
14.92959106910125
20
-55.7610671914627
0
VERTEX
8
C2
10
14.93888089814594
20
-55.75791371942937
0
VERTEX
8
C2
10
14.947679640718562
20
-55.753574659774856
0
VERTEX
8
C2
10
14.95583674789421
20
-55.74812425501286
0
VERTEX
8
C2
10
14.96321264930755
20
-55.74165576308001
0
VERTEX
8
C2
10
14.9696811412404
20
-55.73427986166667
0
VERTEX
8
C2
10
14.975131546002387
20
-55.72612275449102
0
VERTEX
8
C2
10
14.979470605656914
20
-55.7173240119184
0
VERTEX
8
C2
10
14.982624077690247
20
-55.70803418287371
0
VERTEX
8
C2
10
14.984538005321596
20
-55.69841221890752
0
VERTEX
8
C2
10
14.985179640718556
20
-55.68862275449102
0
VERTEX
8
C2
10
14.984538005321596
20
-55.678833290074515
0
VERTEX
8
C2
10
14.982624077690247
20
-55.66921132610833
0
VERTEX
8
C2
10
14.979470605656914
20
-55.659921497063635
0
VERTEX
8
C2
10
14.975131546002387
20
-55.65112275449102
0
VERTEX
8
C2
10
14.9696811412404
20
-55.642965647315364
0
VERTEX
8
C2
10
14.96321264930755
20
-55.63558974590203
0
VERTEX
8
C2
10
14.95583674789421
20
-55.62912125396918
0
VERTEX
8
C2
10
14.947679640718562
20
-55.62367084920719
0
VERTEX
8
C2
10
14.93888089814594
20
-55.619331789552675
0
VERTEX
8
C2
10
14.92959106910125
20
-55.61617831751934
0
VERTEX
8
C2
10
14.919969105135067
20
-55.614264389887985
0
VERTEX
8
C2
10
14.910179640718567
20
-55.61362275449102
0
SEQEND
0
POLYLINE
8
C2
66
1
70
1
0
VERTEX
8
C2
10
20.37724550898203
20
-53.577694610778444
0
VERTEX
8
C2
10
20.367456044565543
20
-53.57833624617541
0
VERTEX
8
C2
10
20.357834080599346
20
-53.58025017380677
0
VERTEX
8
C2
10
20.348544251554657
20
-53.5834036458401
0
VERTEX
8
C2
10
20.339745508982034
20
-53.58774270549461
0
VERTEX
8
C2
10
20.33158840180637
20
-53.5931931102566
0
VERTEX
8
C2
10
20.324212500393045
20
-53.59966160218946
0
VERTEX
8
C2
10
20.317744008460195
20
-53.60703750360279
0
VERTEX
8
C2
10
20.312293603698194
20
-53.615194610778445
0
VERTEX
8
C2
10
20.30795454404368
20
-53.62399335335106
0
VERTEX
8
C2
10
20.304801072010363
20
-53.63328318239576
0
VERTEX
8
C2
10
20.302887144379
20
-53.64290514636194
0
VERTEX
8
C2
10
20.30224550898204
20
-53.65269461077845
0
VERTEX
8
C2
10
20.302887144379
20
-53.662484075194946
0
VERTEX
8
C2
10
20.304801072010363
20
-53.672106039161136
0
VERTEX
8
C2
10
20.30795454404368
20
-53.681395868205826
0
VERTEX
8
C2
10
20.312293603698194
20
-53.69019461077845
0
VERTEX
8
C2
10
20.317744008460195
20
-53.6983517179541
0
VERTEX
8
C2
10
20.324212500393045
20
-53.70572761936744
0
VERTEX
8
C2
10
20.33158840180637
20
-53.71219611130029
0
VERTEX
8
C2
10
20.339745508982034
20
-53.71764651606228
0
VERTEX
8
C2
10
20.348544251554657
20
-53.72198557571679
0
VERTEX
8
C2
10
20.357834080599346
20
-53.725139047750126
0
VERTEX
8
C2
10
20.367456044565543
20
-53.72705297538148
0
VERTEX
8
C2
10
20.37724550898203
20
-53.72769461077844
0
VERTEX
8
C2
10
20.387034973398542
20
-53.72705297538148
0
VERTEX
8
C2
10
20.39665693736471
20
-53.725139047750126
0
VERTEX
8
C2
10
20.40594676640943
20
-53.72198557571679
0
VERTEX
8
C2
10
20.414745508982023
20
-53.71764651606228
0
VERTEX
8
C2
10
20.422902616157685
20
-53.71219611130029
0
VERTEX
8
C2
10
20.43027851757101
20
-53.70572761936744
0
VERTEX
8
C2
10
20.43674700950389
20
-53.6983517179541
0
VERTEX
8
C2
10
20.442197414265863
20
-53.69019461077845
0
VERTEX
8
C2
10
20.446536473920375
20
-53.681395868205826
0
VERTEX
8
C2
10
20.449689945953722
20
-53.672106039161136
0
VERTEX
8
C2
10
20.451603873585057
20
-53.662484075194946
0
VERTEX
8
C2
10
20.452245508982045
20
-53.65269461077845
0
VERTEX
8
C2
10
20.451603873585057
20
-53.64290514636194
0
VERTEX
8
C2
10
20.449689945953722
20
-53.63328318239576
0
VERTEX
8
C2
10
20.446536473920375
20
-53.62399335335106
0
VERTEX
8
C2
10
20.442197414265863
20
-53.615194610778445
0
VERTEX
8
C2
10
20.43674700950389
20
-53.60703750360279
0
VERTEX
8
C2
10
20.43027851757101
20
-53.59966160218946
0
VERTEX
8
C2
10
20.422902616157685
20
-53.5931931102566
0
VERTEX
8
C2
10
20.414745508982023
20
-53.58774270549461
0
VERTEX
8
C2
10
20.40594676640943
20
-53.5834036458401
0
VERTEX
8
C2
10
20.39665693736471
20
-53.58025017380677
0
VERTEX
8
C2
10
20.387034973398542
20
-53.57833624617541
0
VERTEX
8
C2
10
20.37724550898203
20
-53.577694610778444
0
SEQEND
0
POLYLINE
8
C2
66
1
70
1
0
VERTEX
8
C2
10
16.16766467065868
20
-56.69146706586827
0
VERTEX
8
C2
10
16.15787520624218
20
-56.692108701265234
0
VERTEX
8
C2
10
16.148253242276
20
-56.69402262889658
0
VERTEX
8
C2
10
16.138963413231295
20
-56.69717610092992
0
VERTEX
8
C2
10
16.130164670658687
20
-56.701515160584435
0
VERTEX
8
C2
10
16.122007563483024
20
-56.70696556534642
0
VERTEX
8
C2
10
16.114631662069684
20
-56.71343405727927
0
VERTEX
8
C2
10
16.108163170136834
20
-56.72080995869261
0
VERTEX
8
C2
10
16.102712765374847
20
-56.72896706586827
0
VERTEX
8
C2
10
16.098373705720334
20
-56.737765808440884
0
VERTEX
8
C2
10
16.095220233687
20
-56.74705563748558
0
VERTEX
8
C2
10
16.093306306055652
20
-56.75667760145176
0
VERTEX
8
C2
10
16.092664670658678
20
-56.76646706586827
0
VERTEX
8
C2
10
16.093306306055652
20
-56.77625653028477
0
VERTEX
8
C2
10
16.095220233687
20
-56.78587849425095
0
VERTEX
8
C2
10
16.098373705720334
20
-56.79516832329565
0
VERTEX
8
C2
10
16.102712765374847
20
-56.803967065868264
0
VERTEX
8
C2
10
16.108163170136834
20
-56.81212417304392
0
VERTEX
8
C2
10
16.114631662069684
20
-56.81950007445726
0
VERTEX
8
C2
10
16.122007563483024
20
-56.82596856639011
0
VERTEX
8
C2
10
16.130164670658687
20
-56.8314189711521
0
VERTEX
8
C2
10
16.138963413231295
20
-56.83575803080661
0
VERTEX
8
C2
10
16.148253242276
20
-56.83891150283995
0
VERTEX
8
C2
10
16.15787520624218
20
-56.8408254304713
0
VERTEX
8
C2
10
16.16766467065868
20
-56.841467065868265
0
VERTEX
8
C2
10
16.17745413507518
20
-56.8408254304713
0
VERTEX
8
C2
10
16.187076099041363
20
-56.83891150283995
0
VERTEX
8
C2
10
16.196365928086067
20
-56.83575803080661
0
VERTEX
8
C2
10
16.205164670658675
20
-56.8314189711521
0
VERTEX
8
C2
10
16.213321777834338
20
-56.82596856639011
0
VERTEX
8
C2
10
16.220697679247678
20
-56.81950007445726
0
VERTEX
8
C2
10
16.227166171180528
20
-56.81212417304392
0
VERTEX
8
C2
10
16.232616575942515
20
-56.803967065868264
0
VERTEX
8
C2
10
16.236955635597027
20
-56.79516832329565
0
VERTEX
8
C2
10
16.24010910763036
20
-56.78587849425095
0
VERTEX
8
C2
10
16.24202303526171
20
-56.77625653028477
0
VERTEX
8
C2
10
16.242664670658684
20
-56.76646706586827
0
VERTEX
8
C2
10
16.24202303526171
20
-56.75667760145176
0
VERTEX
8
C2
10
16.24010910763036
20
-56.74705563748558
0
VERTEX
8
C2
10
16.236955635597027
20
-56.737765808440884
0
VERTEX
8
C2
10
16.232616575942515
20
-56.72896706586827
0
VERTEX
8
C2
10
16.227166171180528
20
-56.72080995869261
0
VERTEX
8
C2
10
16.220697679247678
20
-56.71343405727927
0
VERTEX
8
C2
10
16.213321777834338
20
-56.70696556534642
0
VERTEX
8
C2
10
16.205164670658675
20
-56.701515160584435
0
VERTEX
8
C2
10
16.196365928086067
20
-56.69717610092992
0
VERTEX
8
C2
10
16.187076099041363
20
-56.69402262889658
0
VERTEX
8
C2
10
16.17745413507518
20
-56.692108701265234
0
VERTEX
8
C2
10
16.16766467065868
20
-56.69146706586827
0
SEQEND
0
POLYLINE
8
C2
66
1
70
1
0
VERTEX
8
C2
10
20.29940119760478
20
-55.61362275449102
0
VERTEX
8
C2
10
20.289611733188295
20
-55.614264389887985
0
VERTEX
8
C2
10
20.279989769222098
20
-55.61617831751934
0
VERTEX
8
C2
10
20.27069994017741
20
-55.619331789552675
0
VERTEX
8
C2
10
20.261901197604786
20
-55.62367084920719
0
VERTEX
8
C2
10
20.253744090429123
20
-55.62912125396918
0
VERTEX
8
C2
10
20.246368189015797
20
-55.63558974590203
0
VERTEX
8
C2
10
20.239899697082947
20
-55.642965647315364
0
VERTEX
8
C2
10
20.234449292320946
20
-55.65112275449102
0
VERTEX
8
C2
10
20.230110232666433
20
-55.659921497063635
0
VERTEX
8
C2
10
20.226956760633115
20
-55.66921132610833
0
VERTEX
8
C2
10
20.22504283300175
20
-55.678833290074515
0
VERTEX
8
C2
10
20.22440119760479
20
-55.68862275449102
0
VERTEX
8
C2
10
20.22504283300175
20
-55.69841221890752
0
VERTEX
8
C2
10
20.226956760633115
20
-55.70803418287371
0
VERTEX
8
C2
10
20.230110232666433
20
-55.7173240119184
0
VERTEX
8
C2
10
20.234449292320946
20
-55.72612275449102
0
VERTEX
8
C2
10
20.239899697082947
20
-55.73427986166667
0
VERTEX
8
C2
10
20.246368189015797
20
-55.74165576308001
0
VERTEX
8
C2
10
20.253744090429123
20
-55.74812425501286
0
VERTEX
8
C2
10
20.261901197604786
20
-55.753574659774856
0
VERTEX
8
C2
10
20.27069994017741
20
-55.75791371942937
0
VERTEX
8
C2
10
20.279989769222098
20
-55.7610671914627
0
VERTEX
8
C2
10
20.289611733188295
20
-55.76298111909406
0
VERTEX
8
C2
10
20.29940119760478
20
-55.763622754491024
0
VERTEX
8
C2
10
20.309190662021294
20
-55.76298111909406
0
VERTEX
8
C2
10
20.31881262598749
20
-55.7610671914627
0
VERTEX
8
C2
10
20.32810245503218
20
-55.75791371942937
0
VERTEX
8
C2
10
20.336901197604774
20
-55.753574659774856
0
VERTEX
8
C2
10
20.345058304780437
20
-55.74812425501286
0
VERTEX
8
C2
10
20.35243420619379
20
-55.74165576308001
0
VERTEX
8
C2
10
20.35890269812664
20
-55.73427986166667
0
VERTEX
8
C2
10
20.364353102888614
20
-55.72612275449102
0
VERTEX
8
C2
10
20.368692162543127
20
-55.7173240119184
0
VERTEX
8
C2
10
20.371845634576474
20
-55.70803418287371
0
VERTEX
8
C2
10
20.373759562207837
20
-55.69841221890752
0
VERTEX
8
C2
10
20.374401197604797
20
-55.68862275449102
0
VERTEX
8
C2
10
20.373759562207837
20
-55.678833290074515
0
VERTEX
8
C2
10
20.371845634576474
20
-55.66921132610833
0
VERTEX
8
C2
10
20.368692162543127
20
-55.659921497063635
0
VERTEX
8
C2
10
20.364353102888614
20
-55.65112275449102
0
VERTEX
8
C2
10
20.35890269812664
20
-55.642965647315364
0
VERTEX
8
C2
10
20.35243420619379
20
-55.63558974590203
0
VERTEX
8
C2
10
20.345058304780437
20
-55.62912125396918
0
VERTEX
8
C2
10
20.336901197604774
20
-55.62367084920719
0
VERTEX
8
C2
10
20.32810245503218
20
-55.619331789552675
0
VERTEX
8
C2
10
20.31881262598749
20
-55.61617831751934
0
VERTEX
8
C2
10
20.309190662021294
20
-55.614264389887985
0
VERTEX
8
C2
10
20.29940119760478
20
-55.61362275449102
0
SEQEND
0
POLYLINE
8
C2
66
1
70
1
0
VERTEX
8
C2
10
16.16766467065868
20
-55.73338323353293
0
VERTEX
8
C2
10
16.15787520624218
20
-55.7340248689299
0
VERTEX
8
C2
10
16.148253242276
20
-55.73593879656126
0
VERTEX
8
C2
10
16.138963413231295
20
-55.73909226859459
0
VERTEX
8
C2
10
16.130164670658687
20
-55.7434313282491
0
VERTEX
8
C2
10
16.122007563483024
20
-55.748881733011096
0
VERTEX
8
C2
10
16.114631662069684
20
-55.755350224943946
0
VERTEX
8
C2
10
16.108163170136834
20
-55.762726126357286
0
VERTEX
8
C2
10
16.102712765374847
20
-55.770883233532935
0
VERTEX
8
C2
10
16.098373705720334
20
-55.77968197610556
0
VERTEX
8
C2
10
16.095220233687
20
-55.78897180515025
0
VERTEX
8
C2
10
16.093306306055652
20
-55.79859376911644
0
VERTEX
8
C2
10
16.092664670658678
20
-55.808383233532936
0
VERTEX
8
C2
10
16.093306306055652
20
-55.81817269794944
0
VERTEX
8
C2
10
16.095220233687
20
-55.827794661915625
0
VERTEX
8
C2
10
16.098373705720334
20
-55.83708449096032
0
VERTEX
8
C2
10
16.102712765374847
20
-55.84588323353294
0
VERTEX
8
C2
10
16.108163170136834
20
-55.85404034070859
0
VERTEX
8
C2
10
16.114631662069684
20
-55.861416242121926
0
VERTEX
8
C2
10
16.122007563483024
20
-55.867884734054776
0
VERTEX
8
C2
10
16.130164670658687
20
-55.87333513881677
0
VERTEX
8
C2
10
16.138963413231295
20
-55.87767419847128
0
VERTEX
8
C2
10
16.148253242276
20
-55.880827670504615
0
VERTEX
8
C2
10
16.15787520624218
20
-55.88274159813597
0
VERTEX
8
C2
10
16.16766467065868
20
-55.88338323353294
0
VERTEX
8
C2
10
16.17745413507518
20
-55.88274159813597
0
VERTEX
8
C2
10
16.187076099041363
20
-55.880827670504615
0
VERTEX
8
C2
10
16.196365928086067
20
-55.87767419847128
0
VERTEX
8
C2
10
16.205164670658675
20
-55.87333513881677
0
VERTEX
8
C2
10
16.213321777834338
20
-55.867884734054776
0
VERTEX
8
C2
10
16.220697679247678
20
-55.861416242121926
0
VERTEX
8
C2
10
16.227166171180528
20
-55.85404034070859
0
VERTEX
8
C2
10
16.232616575942515
20
-55.84588323353294
0
VERTEX
8
C2
10
16.236955635597027
20
-55.83708449096032
0
VERTEX
8
C2
10
16.24010910763036
20
-55.827794661915625
0
VERTEX
8
C2
10
16.24202303526171
20
-55.81817269794944
0
VERTEX
8
C2
10
16.242664670658684
20
-55.808383233532936
0
VERTEX
8
C2
10
16.24202303526171
20
-55.79859376911644
0
VERTEX
8
C2
10
16.24010910763036
20
-55.78897180515025
0
VERTEX
8
C2
10
16.236955635597027
20
-55.77968197610556
0
VERTEX
8
C2
10
16.232616575942515
20
-55.770883233532935
0
VERTEX
8
C2
10
16.227166171180528
20
-55.762726126357286
0
VERTEX
8
C2
10
16.220697679247678
20
-55.755350224943946
0
VERTEX
8
C2
10
16.213321777834338
20
-55.748881733011096
0
VERTEX
8
C2
10
16.205164670658675
20
-55.7434313282491
0
VERTEX
8
C2
10
16.196365928086067
20
-55.73909226859459
0
VERTEX
8
C2
10
16.187076099041363
20
-55.73593879656126
0
VERTEX
8
C2
10
16.17745413507518
20
-55.7340248689299
0
VERTEX
8
C2
10
16.16766467065868
20
-55.73338323353293
0
SEQEND
0
POLYLINE
8
C2
66
1
70
1
0
VERTEX
8
C2
10
16.16766467065868
20
-54.77529940119761
0
VERTEX
8
C2
10
16.15787520624218
20
-54.775941036594574
0
VERTEX
8
C2
10
16.148253242276
20
-54.77785496422593
0
VERTEX
8
C2
10
16.138963413231295
20
-54.78100843625926
0
VERTEX
8
C2
10
16.130164670658687
20
-54.785347495913776
0
VERTEX
8
C2
10
16.122007563483024
20
-54.79079790067576
0
VERTEX
8
C2
10
16.114631662069684
20
-54.79726639260862
0
VERTEX
8
C2
10
16.108163170136834
20
-54.80464229402195
0
VERTEX
8
C2
10
16.102712765374847
20
-54.81279940119761
0
VERTEX
8
C2
10
16.098373705720334
20
-54.821598143770224
0
VERTEX
8
C2
10
16.095220233687
20
-54.83088797281492
0
VERTEX
8
C2
10
16.093306306055652
20
-54.8405099367811
0
VERTEX
8
C2
10
16.092664670658678
20
-54.85029940119761
0
VERTEX
8
C2
10
16.093306306055652
20
-54.86008886561411
0
VERTEX
8
C2
10
16.095220233687
20
-54.8697108295803
0
VERTEX
8
C2
10
16.098373705720334
20
-54.87900065862499
0
VERTEX
8
C2
10
16.102712765374847
20
-54.887799401197604
0
VERTEX
8
C2
10
16.108163170136834
20
-54.89595650837326
0
VERTEX
8
C2
10
16.114631662069684
20
-54.9033324097866
0
VERTEX
8
C2
10
16.122007563483024
20
-54.90980090171945
0
VERTEX
8
C2
10
16.130164670658687
20
-54.91525130648144
0
VERTEX
8
C2
10
16.138963413231295
20
-54.91959036613596
0
VERTEX
8
C2
10
16.148253242276
20
-54.92274383816929
0
VERTEX
8
C2
10
16.15787520624218
20
-54.924657765800646
0
VERTEX
8
C2
10
16.16766467065868
20
-54.925299401197606
0
VERTEX
8
C2
10
16.17745413507518
20
-54.924657765800646
0
VERTEX
8
C2
10
16.187076099041363
20
-54.92274383816929
0
VERTEX
8
C2
10
16.196365928086067
20
-54.91959036613596
0
VERTEX
8
C2
10
16.205164670658675
20
-54.91525130648144
0
VERTEX
8
C2
10
16.213321777834338
20
-54.90980090171945
0
VERTEX
8
C2
10
16.220697679247678
20
-54.9033324097866
0
VERTEX
8
C2
10
16.227166171180528
20
-54.89595650837326
0
VERTEX
8
C2
10
16.232616575942515
20
-54.887799401197604
0
VERTEX
8
C2
10
16.236955635597027
20
-54.87900065862499
0
VERTEX
8
C2
10
16.24010910763036
20
-54.8697108295803
0
VERTEX
8
C2
10
16.24202303526171
20
-54.86008886561411
0
VERTEX
8
C2
10
16.242664670658684
20
-54.85029940119761
0
VERTEX
8
C2
10
16.24202303526171
20
-54.8405099367811
0
VERTEX
8
C2
10
16.24010910763036
20
-54.83088797281492
0
VERTEX
8
C2
10
16.236955635597027
20
-54.821598143770224
0
VERTEX
8
C2
10
16.232616575942515
20
-54.81279940119761
0
VERTEX
8
C2
10
16.227166171180528
20
-54.80464229402195
0
VERTEX
8
C2
10
16.220697679247678
20
-54.79726639260862
0
VERTEX
8
C2
10
16.213321777834338
20
-54.79079790067576
0
VERTEX
8
C2
10
16.205164670658675
20
-54.785347495913776
0
VERTEX
8
C2
10
16.196365928086067
20
-54.78100843625926
0
VERTEX
8
C2
10
16.187076099041363
20
-54.77785496422593
0
VERTEX
8
C2
10
16.17745413507518
20
-54.775941036594574
0
VERTEX
8
C2
10
16.16766467065868
20
-54.77529940119761
0
SEQEND
0
POLYLINE
8
C2
66
1
70
1
0
VERTEX
8
C2
10
16.16766467065868
20
-53.81721556886228
0
VERTEX
8
C2
10
16.15787520624218
20
-53.81785720425924
0
VERTEX
8
C2
10
16.148253242276
20
-53.8197711318906
0
VERTEX
8
C2
10
16.138963413231295
20
-53.82292460392393
0
VERTEX
8
C2
10
16.130164670658687
20
-53.82726366357844
0
VERTEX
8
C2
10
16.122007563483024
20
-53.83271406834044
0
VERTEX
8
C2
10
16.114631662069684
20
-53.83918256027329
0
VERTEX
8
C2
10
16.108163170136834
20
-53.84655846168663
0
VERTEX
8
C2
10
16.102712765374847
20
-53.854715568862275
0
VERTEX
8
C2
10
16.098373705720334
20
-53.8635143114349
0
VERTEX
8
C2
10
16.095220233687
20
-53.87280414047959
0
VERTEX
8
C2
10
16.093306306055652
20
-53.88242610444578
0
VERTEX
8
C2
10
16.092664670658678
20
-53.89221556886228
0
VERTEX
8
C2
10
16.093306306055652
20
-53.90200503327878
0
VERTEX
8
C2
10
16.095220233687
20
-53.911626997244966
0
VERTEX
8
C2
10
16.098373705720334
20
-53.92091682628966
0
VERTEX
8
C2
10
16.102712765374847
20
-53.92971556886228
0
VERTEX
8
C2
10
16.108163170136834
20
-53.937872676037934
0
VERTEX
8
C2
10
16.114631662069684
20
-53.94524857745127
0
VERTEX
8
C2
10
16.122007563483024
20
-53.951717069384124
0
VERTEX
8
C2
10
16.130164670658687
20
-53.95716747414611
0
VERTEX
8
C2
10
16.138963413231295
20
-53.96150653380062
0
VERTEX
8
C2
10
16.148253242276
20
-53.964660005833956
0
VERTEX
8
C2
10
16.15787520624218
20
-53.96657393346531
0
VERTEX
8
C2
10
16.16766467065868
20
-53.96721556886228
0
VERTEX
8
C2
10
16.17745413507518
20
-53.96657393346531
0
VERTEX
8
C2
10
16.187076099041363
20
-53.964660005833956
0
VERTEX
8
C2
10
16.196365928086067
20
-53.96150653380062
0
VERTEX
8
C2
10
16.205164670658675
20
-53.95716747414611
0
VERTEX
8
C2
10
16.213321777834338
20
-53.951717069384124
0
VERTEX
8
C2
10
16.220697679247678
20
-53.94524857745127
0
VERTEX
8
C2
10
16.227166171180528
20
-53.937872676037934
0
VERTEX
8
C2
10
16.232616575942515
20
-53.92971556886228
0
VERTEX
8
C2
10
16.236955635597027
20
-53.92091682628966
0
VERTEX
8
C2
10
16.24010910763036
20
-53.911626997244966
0
VERTEX
8
C2
10
16.24202303526171
20
-53.90200503327878
0
VERTEX
8
C2
10
16.242664670658684
20
-53.89221556886228
0
VERTEX
8
C2
10
16.24202303526171
20
-53.88242610444578
0
VERTEX
8
C2
10
16.24010910763036
20
-53.87280414047959
0
VERTEX
8
C2
10
16.236955635597027
20
-53.8635143114349
0
VERTEX
8
C2
10
16.232616575942515
20
-53.854715568862275
0
VERTEX
8
C2
10
16.227166171180528
20
-53.84655846168663
0
VERTEX
8
C2
10
16.220697679247678
20
-53.83918256027329
0
VERTEX
8
C2
10
16.213321777834338
20
-53.83271406834044
0
VERTEX
8
C2
10
16.205164670658675
20
-53.82726366357844
0
VERTEX
8
C2
10
16.196365928086067
20
-53.82292460392393
0
VERTEX
8
C2
10
16.187076099041363
20
-53.8197711318906
0
VERTEX
8
C2
10
16.17745413507518
20
-53.81785720425924
0
VERTEX
8
C2
10
16.16766467065868
20
-53.81721556886228
0
SEQEND
0
POLYLINE
8
C2
66
1
70
1
0
VERTEX
8
C2
10
17.586826347305376
20
-53.577694610778444
0
VERTEX
8
C2
10
17.57703688288889
20
-53.57833624617541
0
VERTEX
8
C2
10
17.567414918922694
20
-53.58025017380677
0
VERTEX
8
C2
10
17.558125089878004
20
-53.5834036458401
0
VERTEX
8
C2
10
17.54932634730538
20
-53.58774270549461
0
VERTEX
8
C2
10
17.541169240129747
20
-53.5931931102566
0
VERTEX
8
C2
10
17.533793338716393
20
-53.59966160218946
0
VERTEX
8
C2
10
17.527324846783543
20
-53.60703750360279
0
VERTEX
8
C2
10
17.52187444202154
20
-53.615194610778445
0
VERTEX
8
C2
10
17.51753538236703
20
-53.62399335335106
0
VERTEX
8
C2
10
17.51438191033371
20
-53.63328318239576
0
VERTEX
8
C2
10
17.512467982702347
20
-53.64290514636194
0
VERTEX
8
C2
10
17.511826347305387
20
-53.65269461077845
0
VERTEX
8
C2
10
17.512467982702347
20
-53.662484075194946
0
VERTEX
8
C2
10
17.51438191033371
20
-53.672106039161136
0
VERTEX
8
C2
10
17.51753538236703
20
-53.681395868205826
0
VERTEX
8
C2
10
17.52187444202154
20
-53.69019461077845
0
VERTEX
8
C2
10
17.527324846783543
20
-53.6983517179541
0
VERTEX
8
C2
10
17.533793338716393
20
-53.70572761936744
0
VERTEX
8
C2
10
17.541169240129747
20
-53.71219611130029
0
VERTEX
8
C2
10
17.54932634730538
20
-53.71764651606228
0
VERTEX
8
C2
10
17.558125089878004
20
-53.72198557571679
0
VERTEX
8
C2
10
17.567414918922694
20
-53.725139047750126
0
VERTEX
8
C2
10
17.57703688288889
20
-53.72705297538148
0
VERTEX
8
C2
10
17.586826347305376
20
-53.72769461077844
0
VERTEX
8
C2
10
17.59661581172189
20
-53.72705297538148
0
VERTEX
8
C2
10
17.606237775688086
20
-53.725139047750126
0
VERTEX
8
C2
10
17.615527604732776
20
-53.72198557571679
0
VERTEX
8
C2
10
17.6243263473054
20
-53.71764651606228
0
VERTEX
8
C2
10
17.632483454481033
20
-53.71219611130029
0
VERTEX
8
C2
10
17.639859355894387
20
-53.70572761936744
0
VERTEX
8
C2
10
17.646327847827237
20
-53.6983517179541
0
VERTEX
8
C2
10
17.65177825258921
20
-53.69019461077845
0
VERTEX
8
C2
10
17.656117312243722
20
-53.681395868205826
0
VERTEX
8
C2
10
17.65927078427707
20
-53.672106039161136
0
VERTEX
8
C2
10
17.661184711908433
20
-53.662484075194946
0
VERTEX
8
C2
10
17.661826347305393
20
-53.65269461077845
0
VERTEX
8
C2
10
17.661184711908433
20
-53.64290514636194
0
VERTEX
8
C2
10
17.65927078427707
20
-53.63328318239576
0
VERTEX
8
C2
10
17.656117312243722
20
-53.62399335335106
0
VERTEX
8
C2
10
17.65177825258921
20
-53.615194610778445
0
VERTEX
8
C2
10
17.646327847827237
20
-53.60703750360279
0
VERTEX
8
C2
10
17.639859355894387
20
-53.59966160218946
0
VERTEX
8
C2
10
17.632483454481033
20
-53.5931931102566
0
VERTEX
8
C2
10
17.6243263473054
20
-53.58774270549461
0
VERTEX
8
C2
10
17.615527604732776
20
-53.5834036458401
0
VERTEX
8
C2
10
17.606237775688086
20
-53.58025017380677
0
VERTEX
8
C2
10
17.59661581172189
20
-53.57833624617541
0
VERTEX
8
C2
10
17.586826347305376
20
-53.577694610778444
0
SEQEND
0
POLYLINE
8
C2
66
1
70
1
0
VERTEX
8
C2
10
16.16766467065868
20
-53.338173652694614
0
VERTEX
8
C2
10
16.15787520624218
20
-53.33881528809158
0
VERTEX
8
C2
10
16.148253242276
20
-53.34072921572293
0
VERTEX
8
C2
10
16.138963413231295
20
-53.34388268775627
0
VERTEX
8
C2
10
16.130164670658687
20
-53.34822174741078
0
VERTEX
8
C2
10
16.122007563483024
20
-53.35367215217277
0
VERTEX
8
C2
10
16.114631662069684
20
-53.36014064410562
0
VERTEX
8
C2
10
16.108163170136834
20
-53.36751654551896
0
VERTEX
8
C2
10
16.102712765374847
20
-53.375673652694616
0
VERTEX
8
C2
10
16.098373705720334
20
-53.38447239526723
0
VERTEX
8
C2
10
16.095220233687
20
-53.39376222431193
0
VERTEX
8
C2
10
16.093306306055652
20
-53.40338418827811
0
VERTEX
8
C2
10
16.092664670658678
20
-53.41317365269461
0
VERTEX
8
C2
10
16.093306306055652
20
-53.42296311711112
0
VERTEX
8
C2
10
16.095220233687
20
-53.4325850810773
0
VERTEX
8
C2
10
16.098373705720334
20
-53.441874910121996
0
VERTEX
8
C2
10
16.102712765374847
20
-53.45067365269461
0
VERTEX
8
C2
10
16.108163170136834
20
-53.45883075987027
0
VERTEX
8
C2
10
16.114631662069684
20
-53.46620666128361
0
VERTEX
8
C2
10
16.122007563483024
20
-53.47267515321646
0
VERTEX
8
C2
10
16.130164670658687
20
-53.478125557978444
0
VERTEX
8
C2
10
16.138963413231295
20
-53.48246461763296
0
VERTEX
8
C2
10
16.148253242276
20
-53.485618089666296
0
VERTEX
8
C2
10
16.15787520624218
20
-53.487532017297646
0
VERTEX
8
C2
10
16.16766467065868
20
-53.48817365269461
0
VERTEX
8
C2
10
16.17745413507518
20
-53.487532017297646
0
VERTEX
8
C2
10
16.187076099041363
20
-53.485618089666296
0
VERTEX
8
C2
10
16.196365928086067
20
-53.48246461763296
0
VERTEX
8
C2
10
16.205164670658675
20
-53.478125557978444
0
VERTEX
8
C2
10
16.213321777834338
20
-53.47267515321646
0
VERTEX
8
C2
10
16.220697679247678
20
-53.46620666128361
0
VERTEX
8
C2
10
16.227166171180528
20
-53.45883075987027
0
VERTEX
8
C2
10
16.232616575942515
20
-53.45067365269461
0
VERTEX
8
C2
10
16.236955635597027
20
-53.441874910121996
0
VERTEX
8
C2
10
16.24010910763036
20
-53.4325850810773
0
VERTEX
8
C2
10
16.24202303526171
20
-53.42296311711112
0
VERTEX
8
C2
10
16.242664670658684
20
-53.41317365269461
0
VERTEX
8
C2
10
16.24202303526171
20
-53.40338418827811
0
VERTEX
8
C2
10
16.24010910763036
20
-53.39376222431193
0
VERTEX
8
C2
10
16.236955635597027
20
-53.38447239526723
0
VERTEX
8
C2
10
16.232616575942515
20
-53.375673652694616
0
VERTEX
8
C2
10
16.227166171180528
20
-53.36751654551896
0
VERTEX
8
C2
10
16.220697679247678
20
-53.36014064410562
0
VERTEX
8
C2
10
16.213321777834338
20
-53.35367215217277
0
VERTEX
8
C2
10
16.205164670658675
20
-53.34822174741078
0
VERTEX
8
C2
10
16.196365928086067
20
-53.34388268775627
0
VERTEX
8
C2
10
16.187076099041363
20
-53.34072921572293
0
VERTEX
8
C2
10
16.17745413507518
20
-53.33881528809158
0
VERTEX
8
C2
10
16.16766467065868
20
-53.338173652694614
0
SEQEND
0
POLYLINE
8
C2
66
1
70
1
0
VERTEX
8
C2
10
17.425149700598794
20
-55.61362275449102
0
VERTEX
8
C2
10
17.41536023618231
20
-55.614264389887985
0
VERTEX
8
C2
10
17.405738272216112
20
-55.61617831751934
0
VERTEX
8
C2
10
17.396448443171423
20
-55.619331789552675
0
VERTEX
8
C2
10
17.3876497005988
20
-55.62367084920719
0
VERTEX
8
C2
10
17.379492593423137
20
-55.62912125396918
0
VERTEX
8
C2
10
17.37211669200981
20
-55.63558974590203
0
VERTEX
8
C2
10
17.36564820007696
20
-55.642965647315364
0
VERTEX
8
C2
10
17.36019779531496
20
-55.65112275449102
0
VERTEX
8
C2
10
17.355858735660448
20
-55.659921497063635
0
VERTEX
8
C2
10
17.35270526362713
20
-55.66921132610833
0
VERTEX
8
C2
10
17.350791335995766
20
-55.678833290074515
0
VERTEX
8
C2
10
17.350149700598806
20
-55.68862275449102
0
VERTEX
8
C2
10
17.350791335995766
20
-55.69841221890752
0
VERTEX
8
C2
10
17.35270526362713
20
-55.70803418287371
0
VERTEX
8
C2
10
17.355858735660448
20
-55.7173240119184
0
VERTEX
8
C2
10
17.36019779531496
20
-55.72612275449102
0
VERTEX
8
C2
10
17.36564820007696
20
-55.73427986166667
0
VERTEX
8
C2
10
17.37211669200981
20
-55.74165576308001
0
VERTEX
8
C2
10
17.379492593423137
20
-55.74812425501286
0
VERTEX
8
C2
10
17.3876497005988
20
-55.753574659774856
0
VERTEX
8
C2
10
17.396448443171423
20
-55.75791371942937
0
VERTEX
8
C2
10
17.405738272216112
20
-55.7610671914627
0
VERTEX
8
C2
10
17.41536023618231
20
-55.76298111909406
0
VERTEX
8
C2
10
17.425149700598794
20
-55.763622754491024
0
VERTEX
8
C2
10
17.434939165015308
20
-55.76298111909406
0
VERTEX
8
C2
10
17.444561128981476
20
-55.7610671914627
0
VERTEX
8
C2
10
17.453850958026194
20
-55.75791371942937
0
VERTEX
8
C2
10
17.46264970059879
20
-55.753574659774856
0
VERTEX
8
C2
10
17.47080680777445
20
-55.74812425501286
0
VERTEX
8
C2
10
17.478182709187806
20
-55.74165576308001
0
VERTEX
8
C2
10
17.484651201120656
20
-55.73427986166667
0
VERTEX
8
C2
10
17.49010160588263
20
-55.72612275449102
0
VERTEX
8
C2
10
17.49444066553714
20
-55.7173240119184
0
VERTEX
8
C2
10
17.497594137570488
20
-55.70803418287371
0
VERTEX
8
C2
10
17.499508065201823
20
-55.69841221890752
0
VERTEX
8
C2
10
17.50014970059881
20
-55.68862275449102
0
VERTEX
8
C2
10
17.499508065201823
20
-55.678833290074515
0
VERTEX
8
C2
10
17.497594137570488
20
-55.66921132610833
0
VERTEX
8
C2
10
17.49444066553714
20
-55.659921497063635
0
VERTEX
8
C2
10
17.49010160588263
20
-55.65112275449102
0
VERTEX
8
C2
10
17.484651201120656
20
-55.642965647315364
0
VERTEX
8
C2
10
17.478182709187806
20
-55.63558974590203
0
VERTEX
8
C2
10
17.47080680777445
20
-55.62912125396918
0
VERTEX
8
C2
10
17.46264970059879
20
-55.62367084920719
0
VERTEX
8
C2
10
17.453850958026194
20
-55.619331789552675
0
VERTEX
8
C2
10
17.444561128981476
20
-55.61617831751934
0
VERTEX
8
C2
10
17.434939165015308
20
-55.614264389887985
0
VERTEX
8
C2
10
17.425149700598794
20
-55.61362275449102
0
SEQEND
0
POLYLINE
8
C2
66
1
70
1
0
VERTEX
8
C2
10
16.16766467065868
20
-54.29625748502994
0
VERTEX
8
C2
10
16.15787520624218
20
-54.29689912042691
0
VERTEX
8
C2
10
16.148253242276
20
-54.298813048058264
0
VERTEX
8
C2
10
16.138963413231295
20
-54.3019665200916
0
VERTEX
8
C2
10
16.130164670658687
20
-54.30630557974611
0
VERTEX
8
C2
10
16.122007563483024
20
-54.3117559845081
0
VERTEX
8
C2
10
16.114631662069684
20
-54.31822447644095
0
VERTEX
8
C2
10
16.108163170136834
20
-54.325600377854286
0
VERTEX
8
C2
10
16.102712765374847
20
-54.33375748502994
0
VERTEX
8
C2
10
16.098373705720334
20
-54.342556227602564
0
VERTEX
8
C2
10
16.095220233687
20
-54.351846056647254
0
VERTEX
8
C2
10
16.093306306055652
20
-54.36146802061344
0
VERTEX
8
C2
10
16.092664670658678
20
-54.37125748502994
0
VERTEX
8
C2
10
16.093306306055652
20
-54.38104694944645
0
VERTEX
8
C2
10
16.095220233687
20
-54.39066891341263
0
VERTEX
8
C2
10
16.098373705720334
20
-54.39995874245732
0
VERTEX
8
C2
10
16.102712765374847
20
-54.408757485029945
0
VERTEX
8
C2
10
16.108163170136834
20
-54.4169145922056
0
VERTEX
8
C2
10
16.114631662069684
20
-54.42429049361893
0
VERTEX
8
C2
10
16.122007563483024
20
-54.43075898555178
0
VERTEX
8
C2
10
16.130164670658687
20
-54.43620939031378
0
VERTEX
8
C2
10
16.138963413231295
20
-54.44054844996829
0
VERTEX
8
C2
10
16.148253242276
20
-54.44370192200162
0
VERTEX
8
C2
10
16.15787520624218
20
-54.44561584963298
0
VERTEX
8
C2
10
16.16766467065868
20
-54.446257485029946
0
VERTEX
8
C2
10
16.17745413507518
20
-54.44561584963298
0
VERTEX
8
C2
10
16.187076099041363
20
-54.44370192200162
0
VERTEX
8
C2
10
16.196365928086067
20
-54.44054844996829
0
VERTEX
8
C2
10
16.205164670658675
20
-54.43620939031378
0
VERTEX
8
C2
10
16.213321777834338
20
-54.43075898555178
0
VERTEX
8
C2
10
16.220697679247678
20
-54.42429049361893
0
VERTEX
8
C2
10
16.227166171180528
20
-54.4169145922056
0
VERTEX
8
C2
10
16.232616575942515
20
-54.408757485029945
0
VERTEX
8
C2
10
16.236955635597027
20
-54.39995874245732
0
VERTEX
8
C2
10
16.24010910763036
20
-54.39066891341263
0
VERTEX
8
C2
10
16.24202303526171
20
-54.38104694944645
0
VERTEX
8
C2
10
16.242664670658684
20
-54.37125748502994
0
VERTEX
8
C2
10
16.24202303526171
20
-54.36146802061344
0
VERTEX
8
C2
10
16.24010910763036
20
-54.351846056647254
0
VERTEX
8
C2
10
16.236955635597027
20
-54.342556227602564
0
VERTEX
8
C2
10
16.232616575942515
20
-54.33375748502994
0
VERTEX
8
C2
10
16.227166171180528
20
-54.325600377854286
0
VERTEX
8
C2
10
16.220697679247678
20
-54.31822447644095
0
VERTEX
8
C2
10
16.213321777834338
20
-54.3117559845081
0
VERTEX
8
C2
10
16.205164670658675
20
-54.30630557974611
0
VERTEX
8
C2
10
16.196365928086067
20
-54.3019665200916
0
VERTEX
8
C2
10
16.187076099041363
20
-54.298813048058264
0
VERTEX
8
C2
10
16.17745413507518
20
-54.29689912042691
0
VERTEX
8
C2
10
16.16766467065868
20
-54.29625748502994
0
SEQEND
0
POLYLINE
8
C2
66
1
70
1
0
VERTEX
8
C2
10
16.16766467065868
20
-55.254341317365274
0
VERTEX
8
C2
10
16.15787520624218
20
-55.254982952762234
0
VERTEX
8
C2
10
16.148253242276
20
-55.25689688039359
0
VERTEX
8
C2
10
16.138963413231295
20
-55.26005035242692
0
VERTEX
8
C2
10
16.130164670658687
20
-55.26438941208144
0
VERTEX
8
C2
10
16.122007563483024
20
-55.26983981684343
0
VERTEX
8
C2
10
16.114631662069684
20
-55.27630830877628
0
VERTEX
8
C2
10
16.108163170136834
20
-55.28368421018962
0
VERTEX
8
C2
10
16.102712765374847
20
-55.291841317365275
0
VERTEX
8
C2
10
16.098373705720334
20
-55.30064005993789
0
VERTEX
8
C2
10
16.095220233687
20
-55.30992988898258
0
VERTEX
8
C2
10
16.093306306055652
20
-55.31955185294877
0
VERTEX
8
C2
10
16.092664670658678
20
-55.32934131736527
0
VERTEX
8
C2
10
16.093306306055652
20
-55.339130781781776
0
VERTEX
8
C2
10
16.095220233687
20
-55.34875274574796
0
VERTEX
8
C2
10
16.098373705720334
20
-55.358042574792655
0
VERTEX
8
C2
10
16.102712765374847
20
-55.36684131736527
0
VERTEX
8
C2
10
16.108163170136834
20
-55.37499842454093
0
VERTEX
8
C2
10
16.114631662069684
20
-55.38237432595427
0
VERTEX
8
C2
10
16.122007563483024
20
-55.38884281788712
0
VERTEX
8
C2
10
16.130164670658687
20
-55.394293222649104
0
VERTEX
8
C2
10
16.138963413231295
20
-55.398632282303616
0
VERTEX
8
C2
10
16.148253242276
20
-55.401785754336956
0
VERTEX
8
C2
10
16.15787520624218
20
-55.403699681968305
0
VERTEX
8
C2
10
16.16766467065868
20
-55.40434131736527
0
VERTEX
8
C2
10
16.17745413507518
20
-55.403699681968305
0
VERTEX
8
C2
10
16.187076099041363
20
-55.401785754336956
0
VERTEX
8
C2
10
16.196365928086067
20
-55.398632282303616
0
VERTEX
8
C2
10
16.205164670658675
20
-55.394293222649104
0
VERTEX
8
C2
10
16.213321777834338
20
-55.38884281788712
0
VERTEX
8
C2
10
16.220697679247678
20
-55.38237432595427
0
VERTEX
8
C2
10
16.227166171180528
20
-55.37499842454093
0
VERTEX
8
C2
10
16.232616575942515
20
-55.36684131736527
0
VERTEX
8
C2
10
16.236955635597027
20
-55.358042574792655
0
VERTEX
8
C2
10
16.24010910763036
20
-55.34875274574796
0
VERTEX
8
C2
10
16.24202303526171
20
-55.339130781781776
0
VERTEX
8
C2
10
16.242664670658684
20
-55.32934131736527
0
VERTEX
8
C2
10
16.24202303526171
20
-55.31955185294877
0
VERTEX
8
C2
10
16.24010910763036
20
-55.30992988898258
0
VERTEX
8
C2
10
16.236955635597027
20
-55.30064005993789
0
VERTEX
8
C2
10
16.232616575942515
20
-55.291841317365275
0
VERTEX
8
C2
10
16.227166171180528
20
-55.28368421018962
0
VERTEX
8
C2
10
16.220697679247678
20
-55.27630830877628
0
VERTEX
8
C2
10
16.213321777834338
20
-55.26983981684343
0
VERTEX
8
C2
10
16.205164670658675
20
-55.26438941208144
0
VERTEX
8
C2
10
16.196365928086067
20
-55.26005035242692
0
VERTEX
8
C2
10
16.187076099041363
20
-55.25689688039359
0
VERTEX
8
C2
10
16.17745413507518
20
-55.254982952762234
0
VERTEX
8
C2
10
16.16766467065868
20
-55.254341317365274
0
SEQEND
0
POLYLINE
8
C2
66
1
70
1
0
VERTEX
8
C2
10
16.16766467065868
20
-56.2124251497006
0
VERTEX
8
C2
10
16.15787520624218
20
-56.21306678509757
0
VERTEX
8
C2
10
16.148253242276
20
-56.214980712728924
0
VERTEX
8
C2
10
16.138963413231295
20
-56.218134184762256
0
VERTEX
8
C2
10
16.130164670658687
20
-56.22247324441677
0
VERTEX
8
C2
10
16.122007563483024
20
-56.227923649178756
0
VERTEX
8
C2
10
16.114631662069684
20
-56.23439214111161
0
VERTEX
8
C2
10
16.108163170136834
20
-56.241768042524946
0
VERTEX
8
C2
10
16.102712765374847
20
-56.2499251497006
0
VERTEX
8
C2
10
16.098373705720334
20
-56.25872389227322
0
VERTEX
8
C2
10
16.095220233687
20
-56.268013721317914
0
VERTEX
8
C2
10
16.093306306055652
20
-56.277635685284096
0
VERTEX
8
C2
10
16.092664670658678
20
-56.2874251497006
0
VERTEX
8
C2
10
16.093306306055652
20
-56.2972146141171
0
VERTEX
8
C2
10
16.095220233687
20
-56.30683657808329
0
VERTEX
8
C2
10
16.098373705720334
20
-56.31612640712798
0
VERTEX
8
C2
10
16.102712765374847
20
-56.324925149700604
0
VERTEX
8
C2
10
16.108163170136834
20
-56.33308225687625
0
VERTEX
8
C2
10
16.114631662069684
20
-56.34045815828959
0
VERTEX
8
C2
10
16.122007563483024
20
-56.34692665022244
0
VERTEX
8
C2
10
16.130164670658687
20
-56.35237705498444
0
VERTEX
8
C2
10
16.138963413231295
20
-56.35671611463895
0
VERTEX
8
C2
10
16.148253242276
20
-56.35986958667228
0
VERTEX
8
C2
10
16.15787520624218
20
-56.36178351430364
0
VERTEX
8
C2
10
16.16766467065868
20
-56.3624251497006
0
VERTEX
8
C2
10
16.17745413507518
20
-56.36178351430364
0
VERTEX
8
C2
10
16.187076099041363
20
-56.35986958667228
0
VERTEX
8
C2
10
16.196365928086067
20
-56.35671611463895
0
VERTEX
8
C2
10
16.205164670658675
20
-56.35237705498444
0
VERTEX
8
C2
10
16.213321777834338
20
-56.34692665022244
0
VERTEX
8
C2
10
16.220697679247678
20
-56.34045815828959
0
VERTEX
8
C2
10
16.227166171180528
20
-56.33308225687625
0
VERTEX
8
C2
10
16.232616575942515
20
-56.324925149700604
0
VERTEX
8
C2
10
16.236955635597027
20
-56.31612640712798
0
VERTEX
8
C2
10
16.24010910763036
20
-56.30683657808329
0
VERTEX
8
C2
10
16.24202303526171
20
-56.2972146141171
0
VERTEX
8
C2
10
16.242664670658684
20
-56.2874251497006
0
VERTEX
8
C2
10
16.24202303526171
20
-56.277635685284096
0
VERTEX
8
C2
10
16.24010910763036
20
-56.268013721317914
0
VERTEX
8
C2
10
16.236955635597027
20
-56.25872389227322
0
VERTEX
8
C2
10
16.232616575942515
20
-56.2499251497006
0
VERTEX
8
C2
10
16.227166171180528
20
-56.241768042524946
0
VERTEX
8
C2
10
16.220697679247678
20
-56.23439214111161
0
VERTEX
8
C2
10
16.213321777834338
20
-56.227923649178756
0
VERTEX
8
C2
10
16.205164670658675
20
-56.22247324441677
0
VERTEX
8
C2
10
16.196365928086067
20
-56.218134184762256
0
VERTEX
8
C2
10
16.187076099041363
20
-56.214980712728924
0
VERTEX
8
C2
10
16.17745413507518
20
-56.21306678509757
0
VERTEX
8
C2
10
16.16766467065868
20
-56.2124251497006
0
SEQEND
0
POLYLINE
8
C2
66
1
70
1
0
VERTEX
8
C2
10
24.970059880239504
20
-57.565029940119764
0
VERTEX
8
C2
10
24.970059880239504
20
-55.209580838323355
0
VERTEX
8
C2
10
24.610778443113773
20
-55.209580838323355
0
VERTEX
8
C2
10
24.610778443113773
20
-55.808383233532936
0
VERTEX
8
C2
10
24.850299401197603
20
-55.808383233532936
0
VERTEX
8
C2
10
24.850299401197603
20
-56.047904191616766
0
VERTEX
8
C2
10
24.610778443113773
20
-56.047904191616766
0
VERTEX
8
C2
10
24.610778443113773
20
-57.0059880239521
0
VERTEX
8
C2
10
24.850299401197603
20
-57.0059880239521
0
VERTEX
8
C2
10
24.850299401197603
20
-57.24550898203593
0
VERTEX
8
C2
10
24.610778443113773
20
-57.24550898203593
0
VERTEX
8
C2
10
24.610778443113773
20
-57.565029940119764
0
VERTEX
8
C2
10
24.970059880239504
20
-57.565029940119764
0
SEQEND
0
POLYLINE
8
C2
66
1
70
1
0
VERTEX
8
C2
10
25.867863826911318
20
-55.808383233532936
0
VERTEX
8
C2
10
26.04790419161675
20
-55.808383233532936
0
VERTEX
8
C2
10
26.04790419161675
20
-55.32934131736527
0
VERTEX
8
C2
10
26.16766467065868
20
-55.32934131736527
0
VERTEX
8
C2
10
26.16766467065868
20
-55.68862275449102
0
VERTEX
8
C2
10
26.215568862275447
20
-55.68862275449102
0
VERTEX
8
C2
10
26.21975026760687
20
-55.71060645197381
0
VERTEX
8
C2
10
26.231710512972924
20
-55.7295199296113
0
VERTEX
8
C2
10
26.24977924320676
20
-55.742721751201444
0
VERTEX
8
C2
10
26.271432998631596
20
-55.74836816436037
0
VERTEX
8
C2
10
26.293647638759623
20
-55.745670597022404
0
VERTEX
8
C2
10
26.313320690540948
20
-55.73500578857734
0
VERTEX
8
C2
10
26.32770463645518
20
-55.717863174847324
0
VERTEX
8
C2
10
26.33479062989072
20
-55.69663687506163
0
VERTEX
8
C2
10
26.333589048529163
20
-55.67429133170749
0
VERTEX
8
C2
10
26.324267703947484
20
-55.65394729964032
0
VERTEX
8
C2
10
26.30812840523133
20
-55.638446004774686
0
VERTEX
8
C2
10
26.28742514970061
20
-55.629952341490224
0
VERTEX
8
C2
10
26.28742514970061
20
-55.209580838323355
0
VERTEX
8
C2
10
25.329341317365262
20
-55.209580838323355
0
VERTEX
8
C2
10
25.329341317365262
20
-55.808383233532936
0
VERTEX
8
C2
10
25.509381682070696
20
-55.808383233532936
0
VERTEX
8
C2
10
25.488699200721626
20
-55.76924847638517
0
VERTEX
8
C2
10
25.476446020487302
20
-55.72671432744678
0
VERTEX
8
C2
10
25.473138767567335
20
-55.682574137937756
0
VERTEX
8
C2
10
25.47891688441466
20
-55.63868897395871
0
VERTEX
8
C2
10
25.49353675047597
20
-55.59690914906536
0
VERTEX
8
C2
10
25.516381953873022
20
-55.55899621019858
0
VERTEX
8
C2
10
25.54648928094322
20
-55.5265486662475
0
VERTEX
8
C2
10
25.582589327852716
20
-55.50093459072444
0
VERTEX
8
C2
10
25.623160021989648
20
-55.483233940199234
0
VERTEX
8
C2
10
25.66649079653554
20
-55.474193020499236
0
VERTEX
8
C2
10
25.710754712446473
20
-55.474193020499236
0
VERTEX
8
C2
10
25.754085486992366
20
-55.483233940199234
0
VERTEX
8
C2
10
25.794656181129326
20
-55.50093459072444
0
VERTEX
8
C2
10
25.830756228038823
20
-55.5265486662475
0
VERTEX
8
C2
10
25.86086355510902
20
-55.55899621019858
0
VERTEX
8
C2
10
25.883708758506074
20
-55.59690914906536
0
VERTEX
8
C2
10
25.898328624567384
20
-55.63868897395871
0
VERTEX
8
C2
10
25.90410674141468
20
-55.682574137937756
0
VERTEX
8
C2
10
25.90079948849474
20
-55.72671432744678
0
VERTEX
8
C2
10
25.888546308260388
20
-55.76924847638517
0
VERTEX
8
C2
10
25.867863826911318
20
-55.808383233532936
0
SEQEND
0
POLYLINE
8
C2
66
1
70
1
0
VERTEX
8
C2
10
25.319860880649216
20
-53.59281437125749
0
VERTEX
8
C2
10
24.31137724550898
20
-53.59281437125749
0
VERTEX
8
C2
10
24.31137724550898
20
-54.37125748502994
0
VERTEX
8
C2
10
24.19161676646705
20
-54.37125748502994
0
VERTEX
8
C2
10
24.19161676646705
20
-53.59281437125749
0
VERTEX
8
C2
10
22.94361217324301
20
-53.59281437125749
0
VERTEX
8
C2
10
22.951478908852053
20
-53.63639773699489
0
VERTEX
8
C2
10
22.95027298759912
20
-53.68066895848329
0
VERTEX
8
C2
10
22.94004530880885
20
-53.72375944333442
0
VERTEX
8
C2
10
22.92122756065457
20
-53.76385043549657
0
VERTEX
8
C2
10
22.89461399953548
20
-53.79924978100891
0
VERTEX
8
C2
10
22.86132792623384
20
-53.828463350155815
0
VERTEX
8
C2
10
22.82277427382165
20
-53.85025810144651
0
VERTEX
8
C2
10
22.780580308478036
20
-53.86371412562626
0
VERTEX
8
C2
10
22.736526946107787
20
-53.868263473053894
0
VERTEX
8
C2
10
22.69247358373751
20
-53.86371412562626
0
VERTEX
8
C2
10
22.650279618393924
20
-53.85025810144651
0
VERTEX
8
C2
10
22.611725965981734
20
-53.828463350155815
0
VERTEX
8
C2
10
22.578439892680095
20
-53.79924978100891
0
VERTEX
8
C2
10
22.551826331560974
20
-53.76385043549657
0
VERTEX
8
C2
10
22.533008583406726
20
-53.72375944333442
0
VERTEX
8
C2
10
22.522780904616425
20
-53.68066895848329
0
VERTEX
8
C2
10
22.52157498336352
20
-53.63639773699489
0
VERTEX
8
C2
10
22.529441718972564
20
-53.59281437125749
0
VERTEX
8
C2
10
22.215568862275447
20
-53.59281437125749
0
VERTEX
8
C2
10
22.215568862275447
20
-54.550898203592816
0
VERTEX
8
C2
10
24.19161676646705
20
-54.550898203592816
0
VERTEX
8
C2
10
24.19161676646705
20
-54.49101796407186
0
VERTEX
8
C2
10
24.31137724550898
20
-54.49101796407186
0
VERTEX
8
C2
10
24.31137724550898
20
-54.550898203592816
0
VERTEX
8
C2
10
26.28742514970061
20
-54.550898203592816
0
VERTEX
8
C2
10
26.28742514970061
20
-53.59281437125749
0
VERTEX
8
C2
10
25.734031334919635
20
-53.59281437125749
0
VERTEX
8
C2
10
25.741898070528705
20
-53.63639773699489
0
VERTEX
8
C2
10
25.740692149275773
20
-53.68066895848329
0
VERTEX
8
C2
10
25.7304644704855
20
-53.72375944333442
0
VERTEX
8
C2
10
25.711646722331224
20
-53.76385043549657
0
VERTEX
8
C2
10
25.685033161212132
20
-53.79924978100892
0
VERTEX
8
C2
10
25.651747087910465
20
-53.828463350155815
0
VERTEX
8
C2
10
25.613193435498303
20
-53.85025810144651
0
VERTEX
8
C2
10
25.57099947015469
20
-53.86371412562626
0
VERTEX
8
C2
10
25.52694610778444
20
-53.868263473053894
0
VERTEX
8
C2
10
25.482892745414162
20
-53.86371412562626
0
VERTEX
8
C2
10
25.440698780070576
20
-53.85025810144651
0
VERTEX
8
C2
10
25.402145127658386
20
-53.828463350155815
0
VERTEX
8
C2
10
25.368859054356747
20
-53.79924978100892
0
VERTEX
8
C2
10
25.342245493237627
20
-53.76385043549657
0
VERTEX
8
C2
10
25.32342774508335
20
-53.72375944333442
0
VERTEX
8
C2
10
25.313200066293078
20
-53.68066895848329
0
VERTEX
8
C2
10
25.311994145040146
20
-53.63639773699489
0
VERTEX
8
C2
10
25.319860880649216
20
-53.59281437125749
0
SEQEND
0
POLYLINE
8
C2
66
1
70
1
0
VERTEX
8
C2
10
22.993612329905332
20
-55.808383233532936
0
VERTEX
8
C2
10
23.173652694610766
20
-55.808383233532936
0
VERTEX
8
C2
10
23.173652694610766
20
-55.209580838323355
0
VERTEX
8
C2
10
22.215568862275447
20
-55.209580838323355
0
VERTEX
8
C2
10
22.215568862275447
20
-55.26946107784431
0
VERTEX
8
C2
10
21.796407185628752
20
-55.26946107784431
0
VERTEX
8
C2
10
21.796407185628752
20
-54.79041916167665
0
VERTEX
8
C2
10
21.556886227544894
20
-54.79041916167665
0
VERTEX
8
C2
10
21.556886227544894
20
-55.38922155688623
0
VERTEX
8
C2
10
22.215568862275447
20
-55.38922155688623
0
VERTEX
8
C2
10
22.215568862275447
20
-55.68862275449102
0
VERTEX
8
C2
10
22.257485029940128
20
-55.68862275449102
0
VERTEX
8
C2
10
22.261479196096772
20
-55.710126007477676
0
VERTEX
8
C2
10
22.272928852232994
20
-55.72876061578206
0
VERTEX
8
C2
10
22.290306555258653
20
-55.74204062669498
0
VERTEX
8
C2
10
22.311294030101337
20
-55.74819441837347
0
VERTEX
8
C2
10
22.333091439539274
20
-55.74640104331787
0
VERTEX
8
C2
10
22.35279089690478
20
-55.7368997469958
0
VERTEX
8
C2
10
22.367764393140348
20
-55.72095805126482
0
VERTEX
8
C2
10
22.376014386740096
20
-55.70070266042932
0
VERTEX
8
C2
10
22.376440286073446
20
-55.67883574793457
0
VERTEX
8
C2
10
22.368985273976065
20
-55.65827447251394
0
VERTEX
8
C2
10
22.354643887452326
20
-55.641761814191554
0
VERTEX
8
C2
10
22.335329341317376
20
-55.631500646621745
0
VERTEX
8
C2
10
22.335329341317347
20
-55.32934131736527
0
VERTEX
8
C2
10
22.455089820359277
20
-55.32934131736527
0
VERTEX
8
C2
10
22.455089820359277
20
-55.808383233532936
0
VERTEX
8
C2
10
22.63513018506471
20
-55.808383233532936
0
VERTEX
8
C2
10
22.61444770371564
20
-55.76924847638517
0
VERTEX
8
C2
10
22.602194523481316
20
-55.72671432744678
0
VERTEX
8
C2
10
22.59888727056135
20
-55.68257413793775
0
VERTEX
8
C2
10
22.604665387408673
20
-55.63868897395871
0
VERTEX
8
C2
10
22.619285253469982
20
-55.59690914906536
0
VERTEX
8
C2
10
22.642130456867037
20
-55.55899621019857
0
VERTEX
8
C2
10
22.672237783937234
20
-55.5265486662475
0
VERTEX
8
C2
10
22.70833783084673
20
-55.50093459072444
0
VERTEX
8
C2
10
22.748908524983662
20
-55.48323394019923
0
VERTEX
8
C2
10
22.792239299529555
20
-55.47419302049923
0
VERTEX
8
C2
10
22.836503215440487
20
-55.47419302049923
0
VERTEX
8
C2
10
22.87983398998638
20
-55.483233940199234
0
VERTEX
8
C2
10
22.92040468412334
20
-55.50093459072444
0
VERTEX
8
C2
10
22.956504731032837
20
-55.5265486662475
0
VERTEX
8
C2
10
22.986612058103034
20
-55.55899621019858
0
VERTEX
8
C2
10
23.00945726150006
20
-55.59690914906536
0
VERTEX
8
C2
10
23.024077127561398
20
-55.63868897395871
0
VERTEX
8
C2
10
23.029855244408694
20
-55.682574137937756
0
VERTEX
8
C2
10
23.026547991488755
20
-55.72671432744678
0
VERTEX
8
C2
10
23.014294811254402
20
-55.76924847638517
0
VERTEX
8
C2
10
22.993612329905332
20
-55.808383233532936
0
SEQEND
0
POLYLINE
8
C2
66
1
70
1
0
VERTEX
8
C2
10
31.25708538379756
20
-55.808383233532936
0
VERTEX
8
C2
10
31.437125748502993
20
-55.808383233532936
0
VERTEX
8
C2
10
31.437125748502993
20
-55.32934131736527
0
VERTEX
8
C2
10
31.556886227544894
20
-55.32934131736527
0
VERTEX
8
C2
10
31.556886227544894
20
-55.631500646621745
0
VERTEX
8
C2
10
31.537571681409943
20
-55.641761814191554
0
VERTEX
8
C2
10
31.523230294886204
20
-55.65827447251394
0
VERTEX
8
C2
10
31.515775282788823
20
-55.67883574793457
0
VERTEX
8
C2
10
31.516201182122174
20
-55.70070266042932
0
VERTEX
8
C2
10
31.52445117572192
20
-55.72095805126482
0
VERTEX
8
C2
10
31.53942467195749
20
-55.7368997469958
0
VERTEX
8
C2
10
31.559124129322996
20
-55.74640104331787
0
VERTEX
8
C2
10
31.580921538760933
20
-55.74819441837347
0
VERTEX
8
C2
10
31.601909013603617
20
-55.74204062669498
0
VERTEX
8
C2
10
31.619286716629276
20
-55.72876061578206
0
VERTEX
8
C2
10
31.630736372765497
20
-55.710126007477676
0
VERTEX
8
C2
10
31.634730538922142
20
-55.68862275449102
0
VERTEX
8
C2
10
31.676646706586823
20
-55.68862275449102
0
VERTEX
8
C2
10
31.676646706586823
20
-55.38922155688623
0
VERTEX
8
C2
10
32.335329341317376
20
-55.38922155688623
0
VERTEX
8
C2
10
32.335329341317376
20
-54.79041916167665
0
VERTEX
8
C2
10
32.09580838323352
20
-54.79041916167665
0
VERTEX
8
C2
10
32.09580838323352
20
-55.26946107784431
0
VERTEX
8
C2
10
31.676646706586823
20
-55.26946107784431
0
VERTEX
8
C2
10
31.676646706586823
20
-55.209580838323355
0
VERTEX
8
C2
10
30.718562874251504
20
-55.209580838323355
0
VERTEX
8
C2
10
30.718562874251504
20
-55.808383233532936
0
VERTEX
8
C2
10
30.898603238956937
20
-55.808383233532936
0
VERTEX
8
C2
10
30.877920757607868
20
-55.76924847638517
0
VERTEX
8
C2
10
30.865667577373515
20
-55.72671432744678
0
VERTEX
8
C2
10
30.862360324453576
20
-55.68257413793775
0
VERTEX
8
C2
10
30.86813844130087
20
-55.63868897395871
0
VERTEX
8
C2
10
30.88275830736221
20
-55.59690914906536
0
VERTEX
8
C2
10
30.905603510759235
20
-55.55899621019857
0
VERTEX
8
C2
10
30.935710837829433
20
-55.5265486662475
0
VERTEX
8
C2
10
30.97181088473893
20
-55.50093459072444
0
VERTEX
8
C2
10
31.01238157887589
20
-55.48323394019923
0
VERTEX
8
C2
10
31.055712353421782
20
-55.47419302049923
0
VERTEX
8
C2
10
31.099976269332714
20
-55.47419302049923
0
VERTEX
8
C2
10
31.143307043878607
20
-55.48323394019923
0
VERTEX
8
C2
10
31.18387773801554
20
-55.50093459072444
0
VERTEX
8
C2
10
31.219977784925035
20
-55.5265486662475
0
VERTEX
8
C2
10
31.250085111995233
20
-55.55899621019857
0
VERTEX
8
C2
10
31.272930315392287
20
-55.59690914906536
0
VERTEX
8
C2
10
31.287550181453597
20
-55.63868897395871
0
VERTEX
8
C2
10
31.29332829830092
20
-55.68257413793775
0
VERTEX
8
C2
10
31.290021045380982
20
-55.72671432744678
0
VERTEX
8
C2
10
31.27776786514663
20
-55.76924847638517
0
VERTEX
8
C2
10
31.25708538379756
20
-55.808383233532936
0
SEQEND
0
POLYLINE
8
C2
66
1
70
1
0
VERTEX
8
C2
10
30.359281437125745
20
-57.565029940119764
0
VERTEX
8
C2
10
30.359281437125745
20
-55.209580838323355
0
VERTEX
8
C2
10
29.999999999999986
20
-55.209580838323355
0
VERTEX
8
C2
10
29.999999999999986
20
-55.808383233532936
0
VERTEX
8
C2
10
30.239520958083816
20
-55.808383233532936
0
VERTEX
8
C2
10
30.239520958083816
20
-56.047904191616766
0
VERTEX
8
C2
10
29.999999999999986
20
-56.047904191616766
0
VERTEX
8
C2
10
29.999999999999986
20
-57.0059880239521
0
VERTEX
8
C2
10
30.239520958083816
20
-57.0059880239521
0
VERTEX
8
C2
10
30.239520958083816
20
-57.24550898203593
0
VERTEX
8
C2
10
29.999999999999986
20
-57.24550898203593
0
VERTEX
8
C2
10
29.999999999999986
20
-57.565029940119764
0
VERTEX
8
C2
10
30.359281437125745
20
-57.565029940119764
0
SEQEND
0
POLYLINE
8
C2
66
1
70
1
0
VERTEX
8
C2
10
28.382833886791573
20
-55.808383233532936
0
VERTEX
8
C2
10
28.562874251497007
20
-55.808383233532936
0
VERTEX
8
C2
10
28.562874251497007
20
-55.209580838323355
0
VERTEX
8
C2
10
27.60479041916166
20
-55.209580838323355
0
VERTEX
8
C2
10
27.60479041916166
20
-55.629952341490224
0
VERTEX
8
C2
10
27.58408716363094
20
-55.638446004774686
0
VERTEX
8
C2
10
27.567947864914785
20
-55.65394729964032
0
VERTEX
8
C2
10
27.558626520333107
20
-55.67429133170749
0
VERTEX
8
C2
10
27.55742493897155
20
-55.69663687506163
0
VERTEX
8
C2
10
27.56451093240709
20
-55.717863174847324
0
VERTEX
8
C2
10
27.57889487832132
20
-55.73500578857734
0
VERTEX
8
C2
10
27.598567930102647
20
-55.74567059702241
0
VERTEX
8
C2
10
27.620782570230674
20
-55.74836816436037
0
VERTEX
8
C2
10
27.64243632565551
20
-55.742721751201444
0
VERTEX
8
C2
10
27.660505055889345
20
-55.7295199296113
0
VERTEX
8
C2
10
27.6724653012554
20
-55.71060645197381
0
VERTEX
8
C2
10
27.676646706586823
20
-55.68862275449102
0
VERTEX
8
C2
10
27.72455089820359
20
-55.68862275449102
0
VERTEX
8
C2
10
27.72455089820359
20
-55.32934131736527
0
VERTEX
8
C2
10
27.844311377245518
20
-55.32934131736527
0
VERTEX
8
C2
10
27.844311377245518
20
-55.808383233532936
0
VERTEX
8
C2
10
28.02435174195095
20
-55.808383233532936
0
VERTEX
8
C2
10
28.00366926060188
20
-55.76924847638517
0
VERTEX
8
C2
10
27.99141608036753
20
-55.72671432744678
0
VERTEX
8
C2
10
27.98810882744759
20
-55.68257413793775
0
VERTEX
8
C2
10
27.993886944294886
20
-55.63868897395871
0
VERTEX
8
C2
10
28.008506810356195
20
-55.59690914906536
0
VERTEX
8
C2
10
28.03135201375325
20
-55.55899621019857
0
VERTEX
8
C2
10
28.061459340823447
20
-55.5265486662475
0
VERTEX
8
C2
10
28.097559387732943
20
-55.50093459072444
0
VERTEX
8
C2
10
28.138130081869903
20
-55.48323394019923
0
VERTEX
8
C2
10
28.181460856415796
20
-55.47419302049923
0
VERTEX
8
C2
10
28.22572477232673
20
-55.47419302049923
0
VERTEX
8
C2
10
28.26905554687262
20
-55.48323394019923
0
VERTEX
8
C2
10
28.309626241009553
20
-55.50093459072444
0
VERTEX
8
C2
10
28.34572628791905
20
-55.5265486662475
0
VERTEX
8
C2
10
28.375833614989247
20
-55.55899621019857
0
VERTEX
8
C2
10
28.3986788183863
20
-55.59690914906536
0
VERTEX
8
C2
10
28.41329868444761
20
-55.63868897395871
0
VERTEX
8
C2
10
28.419076801294935
20
-55.68257413793775
0
VERTEX
8
C2
10
28.415769548374968
20
-55.72671432744678
0
VERTEX
8
C2
10
28.403516368140643
20
-55.76924847638517
0
VERTEX
8
C2
10
28.382833886791573
20
-55.808383233532936
0
SEQEND
0
POLYLINE
8
C2
66
1
70
1
0
VERTEX
8
C2
10
28.158184233942634
20
-53.59281437125749
0
VERTEX
8
C2
10
27.60479041916166
20
-53.59281437125749
0
VERTEX
8
C2
10
27.60479041916166
20
-54.550898203592816
0
VERTEX
8
C2
10
29.58083832335329
20
-54.550898203592816
0
VERTEX
8
C2
10
29.58083832335329
20
-54.49101796407186
0
VERTEX
8
C2
10
29.70059880239522
20
-54.49101796407186
0
VERTEX
8
C2
10
29.70059880239522
20
-54.550898203592816
0
VERTEX
8
C2
10
31.676646706586823
20
-54.550898203592816
0
VERTEX
8
C2
10
31.676646706586823
20
-53.59281437125749
0
VERTEX
8
C2
10
31.362773849889706
20
-53.59281437125749
0
VERTEX
8
C2
10
31.370640585498748
20
-53.63639773699489
0
VERTEX
8
C2
10
31.369434664245844
20
-53.68066895848329
0
VERTEX
8
C2
10
31.359206985455543
20
-53.72375944333442
0
VERTEX
8
C2
10
31.340389237301295
20
-53.76385043549657
0
VERTEX
8
C2
10
31.313775676182175
20
-53.79924978100892
0
VERTEX
8
C2
10
31.280489602880536
20
-53.828463350155815
0
VERTEX
8
C2
10
31.241935950468346
20
-53.85025810144651
0
VERTEX
8
C2
10
31.19974198512476
20
-53.86371412562626
0
VERTEX
8
C2
10
31.155688622754482
20
-53.868263473053894
0
VERTEX
8
C2
10
31.111635260384233
20
-53.86371412562626
0
VERTEX
8
C2
10
31.06944129504062
20
-53.85025810144651
0
VERTEX
8
C2
10
31.03088764262843
20
-53.828463350155815
0
VERTEX
8
C2
10
30.99760156932679
20
-53.79924978100892
0
VERTEX
8
C2
10
30.970988008207698
20
-53.76385043549657
0
VERTEX
8
C2
10
30.95217026005342
20
-53.72375944333442
0
VERTEX
8
C2
10
30.94194258126315
20
-53.68066895848329
0
VERTEX
8
C2
10
30.940736660010216
20
-53.63639773699489
0
VERTEX
8
C2
10
30.94860339561926
20
-53.59281437125749
0
VERTEX
8
C2
10
29.70059880239522
20
-53.59281437125749
0
VERTEX
8
C2
10
29.70059880239522
20
-54.37125748502994
0
VERTEX
8
C2
10
29.58083832335329
20
-54.37125748502994
0
VERTEX
8
C2
10
29.58083832335329
20
-53.59281437125749
0
VERTEX
8
C2
10
28.572354688213053
20
-53.59281437125749
0
VERTEX
8
C2
10
28.580221423822124
20
-53.63639773699489
0
VERTEX
8
C2
10
28.57901550256919
20
-53.68066895848329
0
VERTEX
8
C2
10
28.56878782377892
20
-53.72375944333442
0
VERTEX
8
C2
10
28.549970075624643
20
-53.76385043549657
0
VERTEX
8
C2
10
28.523356514505522
20
-53.79924978100892
0
VERTEX
8
C2
10
28.490070441203883
20
-53.828463350155815
0
VERTEX
8
C2
10
28.451516788791693
20
-53.85025810144651
0
VERTEX
8
C2
10
28.409322823448107
20
-53.86371412562626
0
VERTEX
8
C2
10
28.36526946107783
20
-53.868263473053894
0
VERTEX
8
C2
10
28.32121609870758
20
-53.86371412562626
0
VERTEX
8
C2
10
28.279022133363966
20
-53.85025810144651
0
VERTEX
8
C2
10
28.240468480951805
20
-53.828463350155815
0
VERTEX
8
C2
10
28.207182407650137
20
-53.79924978100892
0
VERTEX
8
C2
10
28.180568846531045
20
-53.76385043549657
0
VERTEX
8
C2
10
28.16175109837677
20
-53.72375944333442
0
VERTEX
8
C2
10
28.151523419586496
20
-53.68066895848329
0
VERTEX
8
C2
10
28.150317498333564
20
-53.63639773699489
0
VERTEX
8
C2
10
28.158184233942634
20
-53.59281437125749
0
SEQEND
0
POLYLINE
8
C2
66
1
70
1
0
VERTEX
8
C2
10
29.281437125748496
20
-57.565029940119764
0
VERTEX
8
C2
10
29.281437125748496
20
-57.24550898203593
0
VERTEX
8
C2
10
29.041916167664667
20
-57.24550898203593
0
VERTEX
8
C2
10
29.041916167664667
20
-57.0059880239521
0
VERTEX
8
C2
10
29.281437125748496
20
-57.0059880239521
0
VERTEX
8
C2
10
29.281437125748496
20
-56.047904191616766
0
VERTEX
8
C2
10
29.041916167664667
20
-56.047904191616766
0
VERTEX
8
C2
10
29.041916167664667
20
-55.808383233532936
0
VERTEX
8
C2
10
29.281437125748496
20
-55.808383233532936
0
VERTEX
8
C2
10
29.281437125748496
20
-55.209580838323355
0
VERTEX
8
C2
10
28.922155688622738
20
-55.209580838323355
0
VERTEX
8
C2
10
28.922155688622738
20
-57.565029940119764
0
VERTEX
8
C2
10
29.281437125748496
20
-57.565029940119764
0
SEQEND
0
POLYLINE
8
C2
66
1
70
1
0
VERTEX
8
C2
10
23.892215568862284
20
-57.565029940119764
0
VERTEX
8
C2
10
23.892215568862284
20
-57.24550898203593
0
VERTEX
8
C2
10
23.652694610778454
20
-57.24550898203593
0
VERTEX
8
C2
10
23.652694610778454
20
-57.0059880239521
0
VERTEX
8
C2
10
23.892215568862284
20
-57.0059880239521
0
VERTEX
8
C2
10
23.892215568862284
20
-56.047904191616766
0
VERTEX
8
C2
10
23.652694610778454
20
-56.047904191616766
0
VERTEX
8
C2
10
23.652694610778454
20
-55.808383233532936
0
VERTEX
8
C2
10
23.892215568862284
20
-55.808383233532936
0
VERTEX
8
C2
10
23.892215568862284
20
-55.209580838323355
0
VERTEX
8
C2
10
23.532934131736525
20
-55.209580838323355
0
VERTEX
8
C2
10
23.532934131736525
20
-57.565029940119764
0
VERTEX
8
C2
10
23.892215568862284
20
-57.565029940119764
0
SEQEND
0
POLYLINE
8
C2
66
1
70
1
0
VERTEX
8
C2
10
22.814371257485035
20
-55.61362275449102
0
VERTEX
8
C2
10
22.80458179306852
20
-55.614264389887985
0
VERTEX
8
C2
10
22.794959829102325
20
-55.61617831751934
0
VERTEX
8
C2
10
22.785670000057635
20
-55.619331789552675
0
VERTEX
8
C2
10
22.776871257485013
20
-55.62367084920719
0
VERTEX
8
C2
10
22.76871415030938
20
-55.62912125396918
0
VERTEX
8
C2
10
22.761338248896024
20
-55.63558974590203
0
VERTEX
8
C2
10
22.754869756963174
20
-55.642965647315364
0
VERTEX
8
C2
10
22.7494193522012
20
-55.65112275449102
0
VERTEX
8
C2
10
22.74508029254669
20
-55.659921497063635
0
VERTEX
8
C2
10
22.741926820513342
20
-55.66921132610833
0
VERTEX
8
C2
10
22.74001289288198
20
-55.678833290074515
0
VERTEX
8
C2
10
22.73937125748502
20
-55.68862275449102
0
VERTEX
8
C2
10
22.74001289288198
20
-55.69841221890752
0
VERTEX
8
C2
10
22.741926820513342
20
-55.70803418287371
0
VERTEX
8
C2
10
22.74508029254669
20
-55.7173240119184
0
VERTEX
8
C2
10
22.7494193522012
20
-55.72612275449102
0
VERTEX
8
C2
10
22.754869756963174
20
-55.73427986166667
0
VERTEX
8
C2
10
22.761338248896024
20
-55.74165576308001
0
VERTEX
8
C2
10
22.76871415030938
20
-55.74812425501286
0
VERTEX
8
C2
10
22.776871257485013
20
-55.753574659774856
0
VERTEX
8
C2
10
22.785670000057635
20
-55.75791371942937
0
VERTEX
8
C2
10
22.794959829102325
20
-55.7610671914627
0
VERTEX
8
C2
10
22.80458179306852
20
-55.76298111909406
0
VERTEX
8
C2
10
22.814371257485035
20
-55.763622754491024
0
VERTEX
8
C2
10
22.82416072190152
20
-55.76298111909406
0
VERTEX
8
C2
10
22.833782685867718
20
-55.7610671914627
0
VERTEX
8
C2
10
22.843072514912407
20
-55.75791371942937
0
VERTEX
8
C2
10
22.85187125748503
20
-55.753574659774856
0
VERTEX
8
C2
10
22.860028364660693
20
-55.74812425501286
0
VERTEX
8
C2
10
22.86740426607402
20
-55.74165576308001
0
VERTEX
8
C2
10
22.87387275800687
20
-55.73427986166667
0
VERTEX
8
C2
10
22.87932316276887
20
-55.72612275449102
0
VERTEX
8
C2
10
22.883662222423382
20
-55.7173240119184
0
VERTEX
8
C2
10
22.8868156944567
20
-55.70803418287371
0
VERTEX
8
C2
10
22.888729622088064
20
-55.69841221890752
0
VERTEX
8
C2
10
22.889371257485024
20
-55.68862275449102
0
VERTEX
8
C2
10
22.888729622088064
20
-55.678833290074515
0
VERTEX
8
C2
10
22.8868156944567
20
-55.66921132610833
0
VERTEX
8
C2
10
22.883662222423382
20
-55.659921497063635
0
VERTEX
8
C2
10
22.87932316276887
20
-55.65112275449102
0
VERTEX
8
C2
10
22.87387275800687
20
-55.642965647315364
0
VERTEX
8
C2
10
22.86740426607402
20
-55.63558974590203
0
VERTEX
8
C2
10
22.860028364660693
20
-55.62912125396918
0
VERTEX
8
C2
10
22.85187125748503
20
-55.62367084920719
0
VERTEX
8
C2
10
22.843072514912407
20
-55.619331789552675
0
VERTEX
8
C2
10
22.833782685867718
20
-55.61617831751934
0
VERTEX
8
C2
10
22.82416072190152
20
-55.614264389887985
0
VERTEX
8
C2
10
22.814371257485035
20
-55.61362275449102
0
SEQEND
0
POLYLINE
8
C2
66
1
70
1
0
VERTEX
8
C2
10
25.52694610778444
20
-53.577694610778444
0
VERTEX
8
C2
10
25.517156643367926
20
-53.57833624617541
0
VERTEX
8
C2
10
25.50753467940173
20
-53.58025017380677
0
VERTEX
8
C2
10
25.49824485035704
20
-53.5834036458401
0
VERTEX
8
C2
10
25.489446107784417
20
-53.58774270549461
0
VERTEX
8
C2
10
25.481289000608783
20
-53.5931931102566
0
VERTEX
8
C2
10
25.47391309919543
20
-53.59966160218946
0
VERTEX
8
C2
10
25.46744460726258
20
-53.60703750360279
0
VERTEX
8
C2
10
25.461994202500605
20
-53.615194610778445
0
VERTEX
8
C2
10
25.457655142846093
20
-53.62399335335106
0
VERTEX
8
C2
10
25.454501670812746
20
-53.63328318239576
0
VERTEX
8
C2
10
25.452587743181383
20
-53.64290514636194
0
VERTEX
8
C2
10
25.451946107784423
20
-53.65269461077845
0
VERTEX
8
C2
10
25.452587743181383
20
-53.662484075194946
0
VERTEX
8
C2
10
25.454501670812746
20
-53.672106039161136
0
VERTEX
8
C2
10
25.457655142846093
20
-53.681395868205826
0
VERTEX
8
C2
10
25.461994202500605
20
-53.69019461077845
0
VERTEX
8
C2
10
25.46744460726258
20
-53.6983517179541
0
VERTEX
8
C2
10
25.47391309919543
20
-53.70572761936744
0
VERTEX
8
C2
10
25.481289000608783
20
-53.71219611130029
0
VERTEX
8
C2
10
25.489446107784417
20
-53.71764651606228
0
VERTEX
8
C2
10
25.49824485035704
20
-53.72198557571679
0
VERTEX
8
C2
10
25.50753467940173
20
-53.725139047750126
0
VERTEX
8
C2
10
25.517156643367926
20
-53.72705297538148
0
VERTEX
8
C2
10
25.52694610778444
20
-53.72769461077844
0
VERTEX
8
C2
10
25.536735572200925
20
-53.72705297538148
0
VERTEX
8
C2
10
25.546357536167122
20
-53.725139047750126
0
VERTEX
8
C2
10
25.55564736521181
20
-53.72198557571679
0
VERTEX
8
C2
10
25.564446107784434
20
-53.71764651606228
0
VERTEX
8
C2
10
25.572603214960097
20
-53.71219611130029
0
VERTEX
8
C2
10
25.579979116373423
20
-53.70572761936744
0
VERTEX
8
C2
10
25.586447608306273
20
-53.6983517179541
0
VERTEX
8
C2
10
25.591898013068274
20
-53.69019461077845
0
VERTEX
8
C2
10
25.596237072722786
20
-53.681395868205826
0
VERTEX
8
C2
10
25.599390544756105
20
-53.672106039161136
0
VERTEX
8
C2
10
25.60130447238747
20
-53.662484075194946
0
VERTEX
8
C2
10
25.60194610778443
20
-53.65269461077845
0
VERTEX
8
C2
10
25.60130447238747
20
-53.64290514636194
0
VERTEX
8
C2
10
25.599390544756105
20
-53.63328318239576
0
VERTEX
8
C2
10
25.596237072722786
20
-53.62399335335106
0
VERTEX
8
C2
10
25.591898013068274
20
-53.615194610778445
0
VERTEX
8
C2
10
25.586447608306273
20
-53.60703750360279
0
VERTEX
8
C2
10
25.579979116373423
20
-53.59966160218946
0
VERTEX
8
C2
10
25.572603214960097
20
-53.5931931102566
0
VERTEX
8
C2
10
25.564446107784434
20
-53.58774270549461
0
VERTEX
8
C2
10
25.55564736521181
20
-53.5834036458401
0
VERTEX
8
C2
10
25.546357536167122
20
-53.58025017380677
0
VERTEX
8
C2
10
25.536735572200925
20
-53.57833624617541
0
VERTEX
8
C2
10
25.52694610778444
20
-53.577694610778444
0
SEQEND
0
POLYLINE
8
C2
66
1
70
1
0
VERTEX
8
C2
10
22.736526946107787
20
-53.577694610778444
0
VERTEX
8
C2
10
22.726737481691274
20
-53.57833624617541
0
VERTEX
8
C2
10
22.717115517725105
20
-53.58025017380677
0
VERTEX
8
C2
10
22.707825688680387
20
-53.5834036458401
0
VERTEX
8
C2
10
22.699026946107793
20
-53.58774270549461
0
VERTEX
8
C2
10
22.69086983893213
20
-53.5931931102566
0
VERTEX
8
C2
10
22.683493937518776
20
-53.59966160218946
0
VERTEX
8
C2
10
22.677025445585926
20
-53.60703750360279
0
VERTEX
8
C2
10
22.671575040823953
20
-53.615194610778445
0
VERTEX
8
C2
10
22.66723598116944
20
-53.62399335335106
0
VERTEX
8
C2
10
22.664082509136094
20
-53.63328318239576
0
VERTEX
8
C2
10
22.66216858150476
20
-53.64290514636194
0
VERTEX
8
C2
10
22.66152694610777
20
-53.65269461077845
0
VERTEX
8
C2
10
22.66216858150476
20
-53.662484075194946
0
VERTEX
8
C2
10
22.664082509136094
20
-53.672106039161136
0
VERTEX
8
C2
10
22.66723598116944
20
-53.681395868205826
0
VERTEX
8
C2
10
22.671575040823953
20
-53.69019461077845
0
VERTEX
8
C2
10
22.677025445585926
20
-53.6983517179541
0
VERTEX
8
C2
10
22.683493937518776
20
-53.70572761936744
0
VERTEX
8
C2
10
22.69086983893213
20
-53.71219611130029
0
VERTEX
8
C2
10
22.699026946107793
20
-53.71764651606228
0
VERTEX
8
C2
10
22.707825688680387
20
-53.72198557571679
0
VERTEX
8
C2
10
22.717115517725105
20
-53.725139047750126
0
VERTEX
8
C2
10
22.726737481691274
20
-53.72705297538148
0
VERTEX
8
C2
10
22.736526946107787
20
-53.72769461077844
0
VERTEX
8
C2
10
22.746316410524273
20
-53.72705297538148
0
VERTEX
8
C2
10
22.75593837449047
20
-53.725139047750126
0
VERTEX
8
C2
10
22.76522820353516
20
-53.72198557571679
0
VERTEX
8
C2
10
22.77402694610778
20
-53.71764651606228
0
VERTEX
8
C2
10
22.782184053283444
20
-53.71219611130029
0
VERTEX
8
C2
10
22.78955995469677
20
-53.70572761936744
0
VERTEX
8
C2
10
22.79602844662962
20
-53.6983517179541
0
VERTEX
8
C2
10
22.80147885139162
20
-53.69019461077845
0
VERTEX
8
C2
10
22.805817911046134
20
-53.681395868205826
0
VERTEX
8
C2
10
22.808971383079452
20
-53.672106039161136
0
VERTEX
8
C2
10
22.810885310710816
20
-53.662484075194946
0
VERTEX
8
C2
10
22.811526946107776
20
-53.65269461077845
0
VERTEX
8
C2
10
22.810885310710816
20
-53.64290514636194
0
VERTEX
8
C2
10
22.808971383079452
20
-53.63328318239576
0
VERTEX
8
C2
10
22.805817911046134
20
-53.62399335335106
0
VERTEX
8
C2
10
22.80147885139162
20
-53.615194610778445
0
VERTEX
8
C2
10
22.79602844662962
20
-53.60703750360279
0
VERTEX
8
C2
10
22.78955995469677
20
-53.59966160218946
0
VERTEX
8
C2
10
22.782184053283444
20
-53.5931931102566
0
VERTEX
8
C2
10
22.77402694610778
20
-53.58774270549461
0
VERTEX
8
C2
10
22.76522820353516
20
-53.5834036458401
0
VERTEX
8
C2
10
22.75593837449047
20
-53.58025017380677
0
VERTEX
8
C2
10
22.746316410524273
20
-53.57833624617541
0
VERTEX
8
C2
10
22.736526946107787
20
-53.577694610778444
0
SEQEND
0
POLYLINE
8
C2
66
1
70
1
0
VERTEX
8
C2
10
25.68862275449102
20
-55.61362275449102
0
VERTEX
8
C2
10
25.678833290074508
20
-55.614264389887985
0
VERTEX
8
C2
10
25.66921132610834
20
-55.61617831751934
0
VERTEX
8
C2
10
25.65992149706362
20
-55.619331789552675
0
VERTEX
8
C2
10
25.651122754491027
20
-55.62367084920719
0
VERTEX
8
C2
10
25.642965647315364
20
-55.62912125396918
0
VERTEX
8
C2
10
25.63558974590204
20
-55.63558974590203
0
VERTEX
8
C2
10
25.62912125396916
20
-55.642965647315364
0
VERTEX
8
C2
10
25.623670849207187
20
-55.65112275449102
0
VERTEX
8
C2
10
25.619331789552675
20
-55.659921497063635
0
VERTEX
8
C2
10
25.616178317519328
20
-55.66921132610833
0
VERTEX
8
C2
10
25.614264389887992
20
-55.678833290074515
0
VERTEX
8
C2
10
25.613622754491004
20
-55.68862275449102
0
VERTEX
8
C2
10
25.614264389887992
20
-55.69841221890752
0
VERTEX
8
C2
10
25.616178317519328
20
-55.70803418287371
0
VERTEX
8
C2
10
25.619331789552675
20
-55.7173240119184
0
VERTEX
8
C2
10
25.623670849207187
20
-55.72612275449102
0
VERTEX
8
C2
10
25.62912125396916
20
-55.73427986166667
0
VERTEX
8
C2
10
25.63558974590204
20
-55.74165576308001
0
VERTEX
8
C2
10
25.642965647315364
20
-55.74812425501286
0
VERTEX
8
C2
10
25.651122754491027
20
-55.753574659774856
0
VERTEX
8
C2
10
25.65992149706362
20
-55.75791371942937
0
VERTEX
8
C2
10
25.66921132610834
20
-55.7610671914627
0
VERTEX
8
C2
10
25.678833290074508
20
-55.76298111909406
0
VERTEX
8
C2
10
25.68862275449102
20
-55.763622754491024
0
VERTEX
8
C2
10
25.698412218907507
20
-55.76298111909406
0
VERTEX
8
C2
10
25.708034182873703
20
-55.7610671914627
0
VERTEX
8
C2
10
25.717324011918393
20
-55.75791371942937
0
VERTEX
8
C2
10
25.726122754491016
20
-55.753574659774856
0
VERTEX
8
C2
10
25.73427986166668
20
-55.74812425501286
0
VERTEX
8
C2
10
25.741655763080004
20
-55.74165576308001
0
VERTEX
8
C2
10
25.748124255012854
20
-55.73427986166667
0
VERTEX
8
C2
10
25.753574659774856
20
-55.72612275449102
0
VERTEX
8
C2
10
25.757913719429368
20
-55.7173240119184
0
VERTEX
8
C2
10
25.761067191462686
20
-55.70803418287371
0
VERTEX
8
C2
10
25.76298111909405
20
-55.69841221890752
0
VERTEX
8
C2
10
25.76362275449101
20
-55.68862275449102
0
VERTEX
8
C2
10
25.76298111909405
20
-55.678833290074515
0
VERTEX
8
C2
10
25.761067191462686
20
-55.66921132610833
0
VERTEX
8
C2
10
25.757913719429368
20
-55.659921497063635
0
VERTEX
8
C2
10
25.753574659774856
20
-55.65112275449102
0
VERTEX
8
C2
10
25.748124255012854
20
-55.642965647315364
0
VERTEX
8
C2
10
25.741655763080004
20
-55.63558974590203
0
VERTEX
8
C2
10
25.73427986166668
20
-55.62912125396918
0
VERTEX
8
C2
10
25.726122754491016
20
-55.62367084920719
0
VERTEX
8
C2
10
25.717324011918393
20
-55.619331789552675
0
VERTEX
8
C2
10
25.708034182873703
20
-55.61617831751934
0
VERTEX
8
C2
10
25.698412218907507
20
-55.614264389887985
0
VERTEX
8
C2
10
25.68862275449102
20
-55.61362275449102
0
SEQEND
0
POLYLINE
8
C2
66
1
70
1
0
VERTEX
8
C2
10
31.155688622754482
20
-53.577694610778444
0
VERTEX
8
C2
10
31.145899158337997
20
-53.57833624617541
0
VERTEX
8
C2
10
31.1362771943718
20
-53.58025017380677
0
VERTEX
8
C2
10
31.12698736532711
20
-53.5834036458401
0
VERTEX
8
C2
10
31.118188622754488
20
-53.58774270549461
0
VERTEX
8
C2
10
31.110031515578825
20
-53.5931931102566
0
VERTEX
8
C2
10
31.1026556141655
20
-53.59966160218946
0
VERTEX
8
C2
10
31.09618712223265
20
-53.60703750360279
0
VERTEX
8
C2
10
31.090736717470648
20
-53.615194610778445
0
VERTEX
8
C2
10
31.086397657816136
20
-53.62399335335106
0
VERTEX
8
C2
10
31.083244185782817
20
-53.63328318239576
0
VERTEX
8
C2
10
31.081330258151453
20
-53.64290514636194
0
VERTEX
8
C2
10
31.080688622754494
20
-53.65269461077845
0
VERTEX
8
C2
10
31.081330258151453
20
-53.662484075194946
0
VERTEX
8
C2
10
31.083244185782817
20
-53.672106039161136
0
VERTEX
8
C2
10
31.086397657816136
20
-53.681395868205826
0
VERTEX
8
C2
10
31.090736717470648
20
-53.69019461077845
0
VERTEX
8
C2
10
31.09618712223265
20
-53.6983517179541
0
VERTEX
8
C2
10
31.1026556141655
20
-53.70572761936744
0
VERTEX
8
C2
10
31.110031515578825
20
-53.71219611130029
0
VERTEX
8
C2
10
31.118188622754488
20
-53.71764651606228
0
VERTEX
8
C2
10
31.12698736532711
20
-53.72198557571679
0
VERTEX
8
C2
10
31.1362771943718
20
-53.725139047750126
0
VERTEX
8
C2
10
31.145899158337997
20
-53.72705297538148
0
VERTEX
8
C2
10
31.155688622754482
20
-53.72769461077844
0
VERTEX
8
C2
10
31.165478087170996
20
-53.72705297538148
0
VERTEX
8
C2
10
31.175100051137164
20
-53.725139047750126
0
VERTEX
8
C2
10
31.184389880181882
20
-53.72198557571679
0
VERTEX
8
C2
10
31.193188622754477
20
-53.71764651606228
0
VERTEX
8
C2
10
31.20134572993014
20
-53.71219611130029
0
VERTEX
8
C2
10
31.208721631343494
20
-53.70572761936744
0
VERTEX
8
C2
10
31.215190123276344
20
-53.6983517179541
0
VERTEX
8
C2
10
31.220640528038317
20
-53.69019461077845
0
VERTEX
8
C2
10
31.22497958769283
20
-53.681395868205826
0
VERTEX
8
C2
10
31.228133059726176
20
-53.672106039161136
0
VERTEX
8
C2
10
31.23004698735751
20
-53.662484075194946
0
VERTEX
8
C2
10
31.2306886227545
20
-53.65269461077845
0
VERTEX
8
C2
10
31.23004698735751
20
-53.64290514636194
0
VERTEX
8
C2
10
31.228133059726176
20
-53.63328318239576
0
VERTEX
8
C2
10
31.22497958769283
20
-53.62399335335106
0
VERTEX
8
C2
10
31.220640528038317
20
-53.615194610778445
0
VERTEX
8
C2
10
31.215190123276344
20
-53.60703750360279
0
VERTEX
8
C2
10
31.208721631343494
20
-53.59966160218946
0
VERTEX
8
C2
10
31.20134572993014
20
-53.5931931102566
0
VERTEX
8
C2
10
31.193188622754477
20
-53.58774270549461
0
VERTEX
8
C2
10
31.184389880181882
20
-53.5834036458401
0
VERTEX
8
C2
10
31.175100051137164
20
-53.58025017380677
0
VERTEX
8
C2
10
31.165478087170996
20
-53.57833624617541
0
VERTEX
8
C2
10
31.155688622754482
20
-53.577694610778444
0
SEQEND
0
POLYLINE
8
C2
66
1
70
1
0
VERTEX
8
C2
10
26.946107784431135
20
-56.69146706586827
0
VERTEX
8
C2
10
26.93631832001462
20
-56.692108701265234
0
VERTEX
8
C2
10
26.926696356048453
20
-56.69402262889658
0
VERTEX
8
C2
10
26.917406527003763
20
-56.69717610092992
0
VERTEX
8
C2
10
26.90860778443114
20
-56.701515160584435
0
VERTEX
8
C2
10
26.900450677255478
20
-56.70696556534642
0
VERTEX
8
C2
10
26.893074775842152
20
-56.71343405727927
0
VERTEX
8
C2
10
26.886606283909302
20
-56.72080995869261
0
VERTEX
8
C2
10
26.8811558791473
20
-56.72896706586827
0
VERTEX
8
C2
10
26.876816819492788
20
-56.737765808440884
0
VERTEX
8
C2
10
26.87366334745944
20
-56.74705563748558
0
VERTEX
8
C2
10
26.871749419828106
20
-56.75667760145176
0
VERTEX
8
C2
10
26.871107784431146
20
-56.76646706586827
0
VERTEX
8
C2
10
26.871749419828106
20
-56.77625653028477
0
VERTEX
8
C2
10
26.87366334745944
20
-56.78587849425095
0
VERTEX
8
C2
10
26.876816819492788
20
-56.79516832329565
0
VERTEX
8
C2
10
26.8811558791473
20
-56.803967065868264
0
VERTEX
8
C2
10
26.886606283909302
20
-56.81212417304392
0
VERTEX
8
C2
10
26.893074775842152
20
-56.81950007445726
0
VERTEX
8
C2
10
26.900450677255478
20
-56.82596856639011
0
VERTEX
8
C2
10
26.90860778443114
20
-56.8314189711521
0
VERTEX
8
C2
10
26.917406527003763
20
-56.83575803080661
0
VERTEX
8
C2
10
26.926696356048453
20
-56.83891150283995
0
VERTEX
8
C2
10
26.93631832001462
20
-56.8408254304713
0
VERTEX
8
C2
10
26.946107784431135
20
-56.841467065868265
0
VERTEX
8
C2
10
26.95589724884765
20
-56.8408254304713
0
VERTEX
8
C2
10
26.965519212813817
20
-56.83891150283995
0
VERTEX
8
C2
10
26.974809041858506
20
-56.83575803080661
0
VERTEX
8
C2
10
26.98360778443113
20
-56.8314189711521
0
VERTEX
8
C2
10
26.991764891606792
20
-56.82596856639011
0
VERTEX
8
C2
10
26.999140793020118
20
-56.81950007445726
0
VERTEX
8
C2
10
27.005609284952968
20
-56.81212417304392
0
VERTEX
8
C2
10
27.01105968971497
20
-56.803967065868264
0
VERTEX
8
C2
10
27.01539874936948
20
-56.79516832329565
0
VERTEX
8
C2
10
27.018552221402828
20
-56.78587849425095
0
VERTEX
8
C2
10
27.020466149034164
20
-56.77625653028477
0
VERTEX
8
C2
10
27.021107784431123
20
-56.76646706586827
0
VERTEX
8
C2
10
27.020466149034164
20
-56.75667760145176
0
VERTEX
8
C2
10
27.018552221402828
20
-56.74705563748558
0
VERTEX
8
C2
10
27.01539874936948
20
-56.737765808440884
0
VERTEX
8
C2
10
27.01105968971497
20
-56.72896706586827
0
VERTEX
8
C2
10
27.005609284952968
20
-56.72080995869261
0
VERTEX
8
C2
10
26.999140793020118
20
-56.71343405727927
0
VERTEX
8
C2
10
26.991764891606792
20
-56.70696556534642
0
VERTEX
8
C2
10
26.98360778443113
20
-56.701515160584435
0
VERTEX
8
C2
10
26.974809041858506
20
-56.69717610092992
0
VERTEX
8
C2
10
26.965519212813817
20
-56.69402262889658
0
VERTEX
8
C2
10
26.95589724884765
20
-56.692108701265234
0
VERTEX
8
C2
10
26.946107784431135
20
-56.69146706586827
0
SEQEND
0
POLYLINE
8
C2
66
1
70
1
0
VERTEX
8
C2
10
31.077844311377234
20
-55.61362275449102
0
VERTEX
8
C2
10
31.06805484696075
20
-55.614264389887985
0
VERTEX
8
C2
10
31.058432882994552
20
-55.61617831751934
0
VERTEX
8
C2
10
31.049143053949862
20
-55.619331789552675
0
VERTEX
8
C2
10
31.04034431137724
20
-55.62367084920719
0
VERTEX
8
C2
10
31.032187204201577
20
-55.62912125396918
0
VERTEX
8
C2
10
31.02481130278825
20
-55.63558974590203
0
VERTEX
8
C2
10
31.0183428108554
20
-55.642965647315364
0
VERTEX
8
C2
10
31.0128924060934
20
-55.65112275449102
0
VERTEX
8
C2
10
31.008553346438887
20
-55.659921497063635
0
VERTEX
8
C2
10
31.00539987440557
20
-55.66921132610833
0
VERTEX
8
C2
10
31.003485946774205
20
-55.678833290074515
0
VERTEX
8
C2
10
31.002844311377245
20
-55.68862275449102
0
VERTEX
8
C2
10
31.003485946774205
20
-55.69841221890752
0
VERTEX
8
C2
10
31.00539987440557
20
-55.70803418287371
0
VERTEX
8
C2
10
31.008553346438887
20
-55.7173240119184
0
VERTEX
8
C2
10
31.0128924060934
20
-55.72612275449102
0
VERTEX
8
C2
10
31.0183428108554
20
-55.73427986166667
0
VERTEX
8
C2
10
31.02481130278825
20
-55.74165576308001
0
VERTEX
8
C2
10
31.032187204201577
20
-55.74812425501286
0
VERTEX
8
C2
10
31.04034431137724
20
-55.753574659774856
0
VERTEX
8
C2
10
31.049143053949862
20
-55.75791371942937
0
VERTEX
8
C2
10
31.058432882994552
20
-55.7610671914627
0
VERTEX
8
C2
10
31.06805484696075
20
-55.76298111909406
0
VERTEX
8
C2
10
31.077844311377234
20
-55.763622754491024
0
VERTEX
8
C2
10
31.087633775793748
20
-55.76298111909406
0
VERTEX
8
C2
10
31.097255739759945
20
-55.7610671914627
0
VERTEX
8
C2
10
31.106545568804634
20
-55.75791371942937
0
VERTEX
8
C2
10
31.115344311377257
20
-55.753574659774856
0
VERTEX
8
C2
10
31.12350141855289
20
-55.74812425501286
0
VERTEX
8
C2
10
31.130877319966245
20
-55.74165576308001
0
VERTEX
8
C2
10
31.137345811899095
20
-55.73427986166667
0
VERTEX
8
C2
10
31.14279621666107
20
-55.72612275449102
0
VERTEX
8
C2
10
31.14713527631558
20
-55.7173240119184
0
VERTEX
8
C2
10
31.150288748348927
20
-55.70803418287371
0
VERTEX
8
C2
10
31.15220267598029
20
-55.69841221890752
0
VERTEX
8
C2
10
31.15284431137725
20
-55.68862275449102
0
VERTEX
8
C2
10
31.15220267598029
20
-55.678833290074515
0
VERTEX
8
C2
10
31.150288748348927
20
-55.66921132610833
0
VERTEX
8
C2
10
31.14713527631558
20
-55.659921497063635
0
VERTEX
8
C2
10
31.14279621666107
20
-55.65112275449102
0
VERTEX
8
C2
10
31.137345811899095
20
-55.642965647315364
0
VERTEX
8
C2
10
31.130877319966245
20
-55.63558974590203
0
VERTEX
8
C2
10
31.12350141855289
20
-55.62912125396918
0
VERTEX
8
C2
10
31.115344311377257
20
-55.62367084920719
0
VERTEX
8
C2
10
31.106545568804634
20
-55.619331789552675
0
VERTEX
8
C2
10
31.097255739759945
20
-55.61617831751934
0
VERTEX
8
C2
10
31.087633775793748
20
-55.614264389887985
0
VERTEX
8
C2
10
31.077844311377234
20
-55.61362275449102
0
SEQEND
0
POLYLINE
8
C2
66
1
70
1
0
VERTEX
8
C2
10
26.946107784431135
20
-55.73338323353293
0
VERTEX
8
C2
10
26.93631832001462
20
-55.7340248689299
0
VERTEX
8
C2
10
26.926696356048453
20
-55.73593879656126
0
VERTEX
8
C2
10
26.917406527003763
20
-55.73909226859459
0
VERTEX
8
C2
10
26.90860778443114
20
-55.7434313282491
0
VERTEX
8
C2
10
26.900450677255478
20
-55.748881733011096
0
VERTEX
8
C2
10
26.893074775842152
20
-55.755350224943946
0
VERTEX
8
C2
10
26.886606283909302
20
-55.762726126357286
0
VERTEX
8
C2
10
26.8811558791473
20
-55.770883233532935
0
VERTEX
8
C2
10
26.876816819492788
20
-55.77968197610556
0
VERTEX
8
C2
10
26.87366334745944
20
-55.78897180515025
0
VERTEX
8
C2
10
26.871749419828106
20
-55.79859376911644
0
VERTEX
8
C2
10
26.871107784431146
20
-55.808383233532936
0
VERTEX
8
C2
10
26.871749419828106
20
-55.81817269794944
0
VERTEX
8
C2
10
26.87366334745944
20
-55.827794661915625
0
VERTEX
8
C2
10
26.876816819492788
20
-55.83708449096032
0
VERTEX
8
C2
10
26.8811558791473
20
-55.84588323353294
0
VERTEX
8
C2
10
26.886606283909302
20
-55.85404034070859
0
VERTEX
8
C2
10
26.893074775842152
20
-55.861416242121926
0
VERTEX
8
C2
10
26.900450677255478
20
-55.867884734054776
0
VERTEX
8
C2
10
26.90860778443114
20
-55.87333513881677
0
VERTEX
8
C2
10
26.917406527003763
20
-55.87767419847128
0
VERTEX
8
C2
10
26.926696356048453
20
-55.880827670504615
0
VERTEX
8
C2
10
26.93631832001462
20
-55.88274159813597
0
VERTEX
8
C2
10
26.946107784431135
20
-55.88338323353294
0
VERTEX
8
C2
10
26.95589724884765
20
-55.88274159813597
0
VERTEX
8
C2
10
26.965519212813817
20
-55.880827670504615
0
VERTEX
8
C2
10
26.974809041858506
20
-55.87767419847128
0
VERTEX
8
C2
10
26.98360778443113
20
-55.87333513881677
0
VERTEX
8
C2
10
26.991764891606792
20
-55.867884734054776
0
VERTEX
8
C2
10
26.999140793020118
20
-55.861416242121926
0
VERTEX
8
C2
10
27.005609284952968
20
-55.85404034070859
0
VERTEX
8
C2
10
27.01105968971497
20
-55.84588323353294
0
VERTEX
8
C2
10
27.01539874936948
20
-55.83708449096032
0
VERTEX
8
C2
10
27.018552221402828
20
-55.827794661915625
0
VERTEX
8
C2
10
27.020466149034164
20
-55.81817269794944
0
VERTEX
8
C2
10
27.021107784431123
20
-55.808383233532936
0
VERTEX
8
C2
10
27.020466149034164
20
-55.79859376911644
0
VERTEX
8
C2
10
27.018552221402828
20
-55.78897180515025
0
VERTEX
8
C2
10
27.01539874936948
20
-55.77968197610556
0
VERTEX
8
C2
10
27.01105968971497
20
-55.770883233532935
0
VERTEX
8
C2
10
27.005609284952968
20
-55.762726126357286
0
VERTEX
8
C2
10
26.999140793020118
20
-55.755350224943946
0
VERTEX
8
C2
10
26.991764891606792
20
-55.748881733011096
0
VERTEX
8
C2
10
26.98360778443113
20
-55.7434313282491
0
VERTEX
8
C2
10
26.974809041858506
20
-55.73909226859459
0
VERTEX
8
C2
10
26.965519212813817
20
-55.73593879656126
0
VERTEX
8
C2
10
26.95589724884765
20
-55.7340248689299
0
VERTEX
8
C2
10
26.946107784431135
20
-55.73338323353293
0
SEQEND
0
POLYLINE
8
C2
66
1
70
1
0
VERTEX
8
C2
10
26.946107784431135
20
-54.77529940119761
0
VERTEX
8
C2
10
26.93631832001462
20
-54.775941036594574
0
VERTEX
8
C2
10
26.926696356048453
20
-54.77785496422593
0
VERTEX
8
C2
10
26.917406527003763
20
-54.78100843625926
0
VERTEX
8
C2
10
26.90860778443114
20
-54.785347495913776
0
VERTEX
8
C2
10
26.900450677255478
20
-54.79079790067576
0
VERTEX
8
C2
10
26.893074775842152
20
-54.79726639260862
0
VERTEX
8
C2
10
26.886606283909302
20
-54.80464229402195
0
VERTEX
8
C2
10
26.8811558791473
20
-54.81279940119761
0
VERTEX
8
C2
10
26.876816819492788
20
-54.821598143770224
0
VERTEX
8
C2
10
26.87366334745944
20
-54.83088797281492
0
VERTEX
8
C2
10
26.871749419828106
20
-54.8405099367811
0
VERTEX
8
C2
10
26.871107784431146
20
-54.85029940119761
0
VERTEX
8
C2
10
26.871749419828106
20
-54.86008886561411
0
VERTEX
8
C2
10
26.87366334745944
20
-54.8697108295803
0
VERTEX
8
C2
10
26.876816819492788
20
-54.87900065862499
0
VERTEX
8
C2
10
26.8811558791473
20
-54.887799401197604
0
VERTEX
8
C2
10
26.886606283909302
20
-54.89595650837326
0
VERTEX
8
C2
10
26.893074775842152
20
-54.9033324097866
0
VERTEX
8
C2
10
26.900450677255478
20
-54.90980090171945
0
VERTEX
8
C2
10
26.90860778443114
20
-54.91525130648144
0
VERTEX
8
C2
10
26.917406527003763
20
-54.91959036613596
0
VERTEX
8
C2
10
26.926696356048453
20
-54.92274383816929
0
VERTEX
8
C2
10
26.93631832001462
20
-54.924657765800646
0
VERTEX
8
C2
10
26.946107784431135
20
-54.925299401197606
0
VERTEX
8
C2
10
26.95589724884765
20
-54.924657765800646
0
VERTEX
8
C2
10
26.965519212813817
20
-54.92274383816929
0
VERTEX
8
C2
10
26.974809041858506
20
-54.91959036613596
0
VERTEX
8
C2
10
26.98360778443113
20
-54.91525130648144
0
VERTEX
8
C2
10
26.991764891606792
20
-54.90980090171945
0
VERTEX
8
C2
10
26.999140793020118
20
-54.9033324097866
0
VERTEX
8
C2
10
27.005609284952968
20
-54.89595650837326
0
VERTEX
8
C2
10
27.01105968971497
20
-54.887799401197604
0
VERTEX
8
C2
10
27.01539874936948
20
-54.87900065862499
0
VERTEX
8
C2
10
27.018552221402828
20
-54.8697108295803
0
VERTEX
8
C2
10
27.020466149034164
20
-54.86008886561411
0
VERTEX
8
C2
10
27.021107784431123
20
-54.85029940119761
0
VERTEX
8
C2
10
27.020466149034164
20
-54.8405099367811
0
VERTEX
8
C2
10
27.018552221402828
20
-54.83088797281492
0
VERTEX
8
C2
10
27.01539874936948
20
-54.821598143770224
0
VERTEX
8
C2
10
27.01105968971497
20
-54.81279940119761
0
VERTEX
8
C2
10
27.005609284952968
20
-54.80464229402195
0
VERTEX
8
C2
10
26.999140793020118
20
-54.79726639260862
0
VERTEX
8
C2
10
26.991764891606792
20
-54.79079790067576
0
VERTEX
8
C2
10
26.98360778443113
20
-54.785347495913776
0
VERTEX
8
C2
10
26.974809041858506
20
-54.78100843625926
0
VERTEX
8
C2
10
26.965519212813817
20
-54.77785496422593
0
VERTEX
8
C2
10
26.95589724884765
20
-54.775941036594574
0
VERTEX
8
C2
10
26.946107784431135
20
-54.77529940119761
0
SEQEND
0
POLYLINE
8
C2
66
1
70
1
0
VERTEX
8
C2
10
26.946107784431135
20
-53.81721556886228
0
VERTEX
8
C2
10
26.93631832001462
20
-53.81785720425924
0
VERTEX
8
C2
10
26.926696356048453
20
-53.8197711318906
0
VERTEX
8
C2
10
26.917406527003763
20
-53.82292460392393
0
VERTEX
8
C2
10
26.90860778443114
20
-53.82726366357844
0
VERTEX
8
C2
10
26.900450677255478
20
-53.83271406834044
0
VERTEX
8
C2
10
26.893074775842152
20
-53.83918256027329
0
VERTEX
8
C2
10
26.886606283909302
20
-53.84655846168663
0
VERTEX
8
C2
10
26.8811558791473
20
-53.854715568862275
0
VERTEX
8
C2
10
26.876816819492788
20
-53.8635143114349
0
VERTEX
8
C2
10
26.87366334745944
20
-53.87280414047959
0
VERTEX
8
C2
10
26.871749419828106
20
-53.88242610444578
0
VERTEX
8
C2
10
26.871107784431146
20
-53.89221556886228
0
VERTEX
8
C2
10
26.871749419828106
20
-53.90200503327878
0
VERTEX
8
C2
10
26.87366334745944
20
-53.911626997244966
0
VERTEX
8
C2
10
26.876816819492788
20
-53.92091682628966
0
VERTEX
8
C2
10
26.8811558791473
20
-53.92971556886228
0
VERTEX
8
C2
10
26.886606283909302
20
-53.937872676037934
0
VERTEX
8
C2
10
26.893074775842152
20
-53.94524857745127
0
VERTEX
8
C2
10
26.900450677255478
20
-53.951717069384124
0
VERTEX
8
C2
10
26.90860778443114
20
-53.95716747414611
0
VERTEX
8
C2
10
26.917406527003763
20
-53.96150653380062
0
VERTEX
8
C2
10
26.926696356048453
20
-53.964660005833956
0
VERTEX
8
C2
10
26.93631832001462
20
-53.96657393346531
0
VERTEX
8
C2
10
26.946107784431135
20
-53.96721556886228
0
VERTEX
8
C2
10
26.95589724884765
20
-53.96657393346531
0
VERTEX
8
C2
10
26.965519212813817
20
-53.964660005833956
0
VERTEX
8
C2
10
26.974809041858506
20
-53.96150653380062
0
VERTEX
8
C2
10
26.98360778443113
20
-53.95716747414611
0
VERTEX
8
C2
10
26.991764891606792
20
-53.951717069384124
0
VERTEX
8
C2
10
26.999140793020118
20
-53.94524857745127
0
VERTEX
8
C2
10
27.005609284952968
20
-53.937872676037934
0
VERTEX
8
C2
10
27.01105968971497
20
-53.92971556886228
0
VERTEX
8
C2
10
27.01539874936948
20
-53.92091682628966
0
VERTEX
8
C2
10
27.018552221402828
20
-53.911626997244966
0
VERTEX
8
C2
10
27.020466149034164
20
-53.90200503327878
0
VERTEX
8
C2
10
27.021107784431123
20
-53.89221556886228
0
VERTEX
8
C2
10
27.020466149034164
20
-53.88242610444578
0
VERTEX
8
C2
10
27.018552221402828
20
-53.87280414047959
0
VERTEX
8
C2
10
27.01539874936948
20
-53.8635143114349
0
VERTEX
8
C2
10
27.01105968971497
20
-53.854715568862275
0
VERTEX
8
C2
10
27.005609284952968
20
-53.84655846168663
0
VERTEX
8
C2
10
26.999140793020118
20
-53.83918256027329
0
VERTEX
8
C2
10
26.991764891606792
20
-53.83271406834044
0
VERTEX
8
C2
10
26.98360778443113
20
-53.82726366357844
0
VERTEX
8
C2
10
26.974809041858506
20
-53.82292460392393
0
VERTEX
8
C2
10
26.965519212813817
20
-53.8197711318906
0
VERTEX
8
C2
10
26.95589724884765
20
-53.81785720425924
0
VERTEX
8
C2
10
26.946107784431135
20
-53.81721556886228
0
SEQEND
0
POLYLINE
8
C2
66
1
70
1
0
VERTEX
8
C2
10
28.36526946107783
20
-53.577694610778444
0
VERTEX
8
C2
10
28.355479996661344
20
-53.57833624617541
0
VERTEX
8
C2
10
28.345858032695148
20
-53.58025017380677
0
VERTEX
8
C2
10
28.336568203650458
20
-53.5834036458401
0
VERTEX
8
C2
10
28.327769461077835
20
-53.58774270549461
0
VERTEX
8
C2
10
28.3196123539022
20
-53.5931931102566
0
VERTEX
8
C2
10
28.312236452488847
20
-53.59966160218946
0
VERTEX
8
C2
10
28.305767960555997
20
-53.60703750360279
0
VERTEX
8
C2
10
28.300317555793995
20
-53.615194610778445
0
VERTEX
8
C2
10
28.295978496139483
20
-53.62399335335106
0
VERTEX
8
C2
10
28.292825024106165
20
-53.63328318239576
0
VERTEX
8
C2
10
28.2909110964748
20
-53.64290514636194
0
VERTEX
8
C2
10
28.29026946107784
20
-53.65269461077845
0
VERTEX
8
C2
10
28.2909110964748
20
-53.662484075194946
0
VERTEX
8
C2
10
28.292825024106165
20
-53.672106039161136
0
VERTEX
8
C2
10
28.295978496139483
20
-53.681395868205826
0
VERTEX
8
C2
10
28.300317555793995
20
-53.69019461077845
0
VERTEX
8
C2
10
28.305767960555997
20
-53.6983517179541
0
VERTEX
8
C2
10
28.312236452488847
20
-53.70572761936744
0
VERTEX
8
C2
10
28.3196123539022
20
-53.71219611130029
0
VERTEX
8
C2
10
28.327769461077835
20
-53.71764651606228
0
VERTEX
8
C2
10
28.336568203650458
20
-53.72198557571679
0
VERTEX
8
C2
10
28.345858032695148
20
-53.725139047750126
0
VERTEX
8
C2
10
28.355479996661344
20
-53.72705297538148
0
VERTEX
8
C2
10
28.36526946107783
20
-53.72769461077844
0
VERTEX
8
C2
10
28.375058925494343
20
-53.72705297538148
0
VERTEX
8
C2
10
28.38468088946054
20
-53.725139047750126
0
VERTEX
8
C2
10
28.39397071850523
20
-53.72198557571679
0
VERTEX
8
C2
10
28.402769461077852
20
-53.71764651606228
0
VERTEX
8
C2
10
28.410926568253487
20
-53.71219611130029
0
VERTEX
8
C2
10
28.41830246966684
20
-53.70572761936744
0
VERTEX
8
C2
10
28.42477096159969
20
-53.6983517179541
0
VERTEX
8
C2
10
28.430221366361664
20
-53.69019461077845
0
VERTEX
8
C2
10
28.434560426016176
20
-53.681395868205826
0
VERTEX
8
C2
10
28.437713898049523
20
-53.672106039161136
0
VERTEX
8
C2
10
28.439627825680887
20
-53.662484075194946
0
VERTEX
8
C2
10
28.440269461077847
20
-53.65269461077845
0
VERTEX
8
C2
10
28.439627825680887
20
-53.64290514636194
0
VERTEX
8
C2
10
28.437713898049523
20
-53.63328318239576
0
VERTEX
8
C2
10
28.434560426016176
20
-53.62399335335106
0
VERTEX
8
C2
10
28.430221366361664
20
-53.615194610778445
0
VERTEX
8
C2
10
28.42477096159969
20
-53.60703750360279
0
VERTEX
8
C2
10
28.41830246966684
20
-53.59966160218946
0
VERTEX
8
C2
10
28.410926568253487
20
-53.5931931102566
0
VERTEX
8
C2
10
28.402769461077852
20
-53.58774270549461
0
VERTEX
8
C2
10
28.39397071850523
20
-53.5834036458401
0
VERTEX
8
C2
10
28.38468088946054
20
-53.58025017380677
0
VERTEX
8
C2
10
28.375058925494343
20
-53.57833624617541
0
VERTEX
8
C2
10
28.36526946107783
20
-53.577694610778444
0
SEQEND
0
POLYLINE
8
C2
66
1
70
1
0
VERTEX
8
C2
10
26.946107784431135
20
-53.338173652694614
0
VERTEX
8
C2
10
26.93631832001462
20
-53.33881528809158
0
VERTEX
8
C2
10
26.926696356048453
20
-53.34072921572293
0
VERTEX
8
C2
10
26.917406527003763
20
-53.34388268775627
0
VERTEX
8
C2
10
26.90860778443114
20
-53.34822174741078
0
VERTEX
8
C2
10
26.900450677255478
20
-53.35367215217277
0
VERTEX
8
C2
10
26.893074775842152
20
-53.36014064410562
0
VERTEX
8
C2
10
26.886606283909302
20
-53.36751654551896
0
VERTEX
8
C2
10
26.8811558791473
20
-53.375673652694616
0
VERTEX
8
C2
10
26.876816819492788
20
-53.38447239526723
0
VERTEX
8
C2
10
26.87366334745944
20
-53.39376222431193
0
VERTEX
8
C2
10
26.871749419828106
20
-53.40338418827811
0
VERTEX
8
C2
10
26.871107784431146
20
-53.41317365269461
0
VERTEX
8
C2
10
26.871749419828106
20
-53.42296311711112
0
VERTEX
8
C2
10
26.87366334745944
20
-53.4325850810773
0
VERTEX
8
C2
10
26.876816819492788
20
-53.441874910121996
0
VERTEX
8
C2
10
26.8811558791473
20
-53.45067365269461
0
VERTEX
8
C2
10
26.886606283909302
20
-53.45883075987027
0
VERTEX
8
C2
10
26.893074775842152
20
-53.46620666128361
0
VERTEX
8
C2
10
26.900450677255478
20
-53.47267515321646
0
VERTEX
8
C2
10
26.90860778443114
20
-53.478125557978444
0
VERTEX
8
C2
10
26.917406527003763
20
-53.48246461763296
0
VERTEX
8
C2
10
26.926696356048453
20
-53.485618089666296
0
VERTEX
8
C2
10
26.93631832001462
20
-53.487532017297646
0
VERTEX
8
C2
10
26.946107784431135
20
-53.48817365269461
0
VERTEX
8
C2
10
26.95589724884765
20
-53.487532017297646
0
VERTEX
8
C2
10
26.965519212813817
20
-53.485618089666296
0
VERTEX
8
C2
10
26.974809041858506
20
-53.48246461763296
0
VERTEX
8
C2
10
26.98360778443113
20
-53.478125557978444
0
VERTEX
8
C2
10
26.991764891606792
20
-53.47267515321646
0
VERTEX
8
C2
10
26.999140793020118
20
-53.46620666128361
0
VERTEX
8
C2
10
27.005609284952968
20
-53.45883075987027
0
VERTEX
8
C2
10
27.01105968971497
20
-53.45067365269461
0
VERTEX
8
C2
10
27.01539874936948
20
-53.441874910121996
0
VERTEX
8
C2
10
27.018552221402828
20
-53.4325850810773
0
VERTEX
8
C2
10
27.020466149034164
20
-53.42296311711112
0
VERTEX
8
C2
10
27.021107784431123
20
-53.41317365269461
0
VERTEX
8
C2
10
27.020466149034164
20
-53.40338418827811
0
VERTEX
8
C2
10
27.018552221402828
20
-53.39376222431193
0
VERTEX
8
C2
10
27.01539874936948
20
-53.38447239526723
0
VERTEX
8
C2
10
27.01105968971497
20
-53.375673652694616
0
VERTEX
8
C2
10
27.005609284952968
20
-53.36751654551896
0
VERTEX
8
C2
10
26.999140793020118
20
-53.36014064410562
0
VERTEX
8
C2
10
26.991764891606792
20
-53.35367215217277
0
VERTEX
8
C2
10
26.98360778443113
20
-53.34822174741078
0
VERTEX
8
C2
10
26.974809041858506
20
-53.34388268775627
0
VERTEX
8
C2
10
26.965519212813817
20
-53.34072921572293
0
VERTEX
8
C2
10
26.95589724884765
20
-53.33881528809158
0
VERTEX
8
C2
10
26.946107784431135
20
-53.338173652694614
0
SEQEND
0
POLYLINE
8
C2
66
1
70
1
0
VERTEX
8
C2
10
28.203592814371248
20
-55.61362275449102
0
VERTEX
8
C2
10
28.193803349954763
20
-55.614264389887985
0
VERTEX
8
C2
10
28.184181385988566
20
-55.61617831751934
0
VERTEX
8
C2
10
28.174891556943876
20
-55.619331789552675
0
VERTEX
8
C2
10
28.166092814371254
20
-55.62367084920719
0
VERTEX
8
C2
10
28.15793570719559
20
-55.62912125396918
0
VERTEX
8
C2
10
28.150559805782265
20
-55.63558974590203
0
VERTEX
8
C2
10
28.144091313849415
20
-55.642965647315364
0
VERTEX
8
C2
10
28.138640909087414
20
-55.65112275449102
0
VERTEX
8
C2
10
28.1343018494329
20
-55.659921497063635
0
VERTEX
8
C2
10
28.131148377399583
20
-55.66921132610833
0
VERTEX
8
C2
10
28.12923444976822
20
-55.678833290074515
0
VERTEX
8
C2
10
28.12859281437126
20
-55.68862275449102
0
VERTEX
8
C2
10
28.12923444976822
20
-55.69841221890752
0
VERTEX
8
C2
10
28.131148377399583
20
-55.70803418287371
0
VERTEX
8
C2
10
28.1343018494329
20
-55.7173240119184
0
VERTEX
8
C2
10
28.138640909087414
20
-55.72612275449102
0
VERTEX
8
C2
10
28.144091313849415
20
-55.73427986166667
0
VERTEX
8
C2
10
28.150559805782265
20
-55.74165576308001
0
VERTEX
8
C2
10
28.15793570719559
20
-55.74812425501286
0
VERTEX
8
C2
10
28.166092814371254
20
-55.753574659774856
0
VERTEX
8
C2
10
28.174891556943876
20
-55.75791371942937
0
VERTEX
8
C2
10
28.184181385988566
20
-55.7610671914627
0
VERTEX
8
C2
10
28.193803349954763
20
-55.76298111909406
0
VERTEX
8
C2
10
28.203592814371248
20
-55.763622754491024
0
VERTEX
8
C2
10
28.213382278787762
20
-55.76298111909406
0
VERTEX
8
C2
10
28.22300424275393
20
-55.7610671914627
0
VERTEX
8
C2
10
28.23229407179865
20
-55.75791371942937
0
VERTEX
8
C2
10
28.241092814371243
20
-55.753574659774856
0
VERTEX
8
C2
10
28.249249921546905
20
-55.74812425501286
0
VERTEX
8
C2
10
28.25662582296023
20
-55.74165576308001
0
VERTEX
8
C2
10
28.26309431489311
20
-55.73427986166667
0
VERTEX
8
C2
10
28.268544719655083
20
-55.72612275449102
0
VERTEX
8
C2
10
28.272883779309595
20
-55.7173240119184
0
VERTEX
8
C2
10
28.27603725134294
20
-55.70803418287371
0
VERTEX
8
C2
10
28.277951178974277
20
-55.69841221890752
0
VERTEX
8
C2
10
28.278592814371265
20
-55.68862275449102
0
VERTEX
8
C2
10
28.277951178974277
20
-55.678833290074515
0
VERTEX
8
C2
10
28.27603725134294
20
-55.66921132610833
0
VERTEX
8
C2
10
28.272883779309595
20
-55.659921497063635
0
VERTEX
8
C2
10
28.268544719655083
20
-55.65112275449102
0
VERTEX
8
C2
10
28.26309431489311
20
-55.642965647315364
0
VERTEX
8
C2
10
28.25662582296023
20
-55.63558974590203
0
VERTEX
8
C2
10
28.249249921546905
20
-55.62912125396918
0
VERTEX
8
C2
10
28.241092814371243
20
-55.62367084920719
0
VERTEX
8
C2
10
28.23229407179865
20
-55.619331789552675
0
VERTEX
8
C2
10
28.22300424275393
20
-55.61617831751934
0
VERTEX
8
C2
10
28.213382278787762
20
-55.614264389887985
0
VERTEX
8
C2
10
28.203592814371248
20
-55.61362275449102
0
SEQEND
0
POLYLINE
8
C2
66
1
70
1
0
VERTEX
8
C2
10
26.946107784431135
20
-54.29625748502994
0
VERTEX
8
C2
10
26.93631832001462
20
-54.29689912042691
0
VERTEX
8
C2
10
26.926696356048453
20
-54.298813048058264
0
VERTEX
8
C2
10
26.917406527003763
20
-54.3019665200916
0
VERTEX
8
C2
10
26.90860778443114
20
-54.30630557974611
0
VERTEX
8
C2
10
26.900450677255478
20
-54.3117559845081
0
VERTEX
8
C2
10
26.893074775842152
20
-54.31822447644095
0
VERTEX
8
C2
10
26.886606283909302
20
-54.325600377854286
0
VERTEX
8
C2
10
26.8811558791473
20
-54.33375748502994
0
VERTEX
8
C2
10
26.876816819492788
20
-54.342556227602564
0
VERTEX
8
C2
10
26.87366334745944
20
-54.351846056647254
0
VERTEX
8
C2
10
26.871749419828106
20
-54.36146802061344
0
VERTEX
8
C2
10
26.871107784431146
20
-54.37125748502994
0
VERTEX
8
C2
10
26.871749419828106
20
-54.38104694944645
0
VERTEX
8
C2
10
26.87366334745944
20
-54.39066891341263
0
VERTEX
8
C2
10
26.876816819492788
20
-54.39995874245732
0
VERTEX
8
C2
10
26.8811558791473
20
-54.408757485029945
0
VERTEX
8
C2
10
26.886606283909302
20
-54.4169145922056
0
VERTEX
8
C2
10
26.893074775842152
20
-54.42429049361893
0
VERTEX
8
C2
10
26.900450677255478
20
-54.43075898555178
0
VERTEX
8
C2
10
26.90860778443114
20
-54.43620939031378
0
VERTEX
8
C2
10
26.917406527003763
20
-54.44054844996829
0
VERTEX
8
C2
10
26.926696356048453
20
-54.44370192200162
0
VERTEX
8
C2
10
26.93631832001462
20
-54.44561584963298
0
VERTEX
8
C2
10
26.946107784431135
20
-54.446257485029946
0
VERTEX
8
C2
10
26.95589724884765
20
-54.44561584963298
0
VERTEX
8
C2
10
26.965519212813817
20
-54.44370192200162
0
VERTEX
8
C2
10
26.974809041858506
20
-54.44054844996829
0
VERTEX
8
C2
10
26.98360778443113
20
-54.43620939031378
0
VERTEX
8
C2
10
26.991764891606792
20
-54.43075898555178
0
VERTEX
8
C2
10
26.999140793020118
20
-54.42429049361893
0
VERTEX
8
C2
10
27.005609284952968
20
-54.4169145922056
0
VERTEX
8
C2
10
27.01105968971497
20
-54.408757485029945
0
VERTEX
8
C2
10
27.01539874936948
20
-54.39995874245732
0
VERTEX
8
C2
10
27.018552221402828
20
-54.39066891341263
0
VERTEX
8
C2
10
27.020466149034164
20
-54.38104694944645
0
VERTEX
8
C2
10
27.021107784431123
20
-54.37125748502994
0
VERTEX
8
C2
10
27.020466149034164
20
-54.36146802061344
0
VERTEX
8
C2
10
27.018552221402828
20
-54.351846056647254
0
VERTEX
8
C2
10
27.01539874936948
20
-54.342556227602564
0
VERTEX
8
C2
10
27.01105968971497
20
-54.33375748502994
0
VERTEX
8
C2
10
27.005609284952968
20
-54.325600377854286
0
VERTEX
8
C2
10
26.999140793020118
20
-54.31822447644095
0
VERTEX
8
C2
10
26.991764891606792
20
-54.3117559845081
0
VERTEX
8
C2
10
26.98360778443113
20
-54.30630557974611
0
VERTEX
8
C2
10
26.974809041858506
20
-54.3019665200916
0
VERTEX
8
C2
10
26.965519212813817
20
-54.298813048058264
0
VERTEX
8
C2
10
26.95589724884765
20
-54.29689912042691
0
VERTEX
8
C2
10
26.946107784431135
20
-54.29625748502994
0
SEQEND
0
POLYLINE
8
C2
66
1
70
1
0
VERTEX
8
C2
10
26.946107784431135
20
-55.254341317365274
0
VERTEX
8
C2
10
26.93631832001462
20
-55.254982952762234
0
VERTEX
8
C2
10
26.926696356048453
20
-55.25689688039359
0
VERTEX
8
C2
10
26.917406527003763
20
-55.26005035242692
0
VERTEX
8
C2
10
26.90860778443114
20
-55.26438941208144
0
VERTEX
8
C2
10
26.900450677255478
20
-55.26983981684343
0
VERTEX
8
C2
10
26.893074775842152
20
-55.27630830877628
0
VERTEX
8
C2
10
26.886606283909302
20
-55.28368421018962
0
VERTEX
8
C2
10
26.8811558791473
20
-55.291841317365275
0
VERTEX
8
C2
10
26.876816819492788
20
-55.30064005993789
0
VERTEX
8
C2
10
26.87366334745944
20
-55.30992988898258
0
VERTEX
8
C2
10
26.871749419828106
20
-55.31955185294877
0
VERTEX
8
C2
10
26.871107784431146
20
-55.32934131736527
0
VERTEX
8
C2
10
26.871749419828106
20
-55.339130781781776
0
VERTEX
8
C2
10
26.87366334745944
20
-55.34875274574796
0
VERTEX
8
C2
10
26.876816819492788
20
-55.358042574792655
0
VERTEX
8
C2
10
26.8811558791473
20
-55.36684131736527
0
VERTEX
8
C2
10
26.886606283909302
20
-55.37499842454093
0
VERTEX
8
C2
10
26.893074775842152
20
-55.38237432595427
0
VERTEX
8
C2
10
26.900450677255478
20
-55.38884281788712
0
VERTEX
8
C2
10
26.90860778443114
20
-55.394293222649104
0
VERTEX
8
C2
10
26.917406527003763
20
-55.398632282303616
0
VERTEX
8
C2
10
26.926696356048453
20
-55.401785754336956
0
VERTEX
8
C2
10
26.93631832001462
20
-55.403699681968305
0
VERTEX
8
C2
10
26.946107784431135
20
-55.40434131736527
0
VERTEX
8
C2
10
26.95589724884765
20
-55.403699681968305
0
VERTEX
8
C2
10
26.965519212813817
20
-55.401785754336956
0
VERTEX
8
C2
10
26.974809041858506
20
-55.398632282303616
0
VERTEX
8
C2
10
26.98360778443113
20
-55.394293222649104
0
VERTEX
8
C2
10
26.991764891606792
20
-55.38884281788712
0
VERTEX
8
C2
10
26.999140793020118
20
-55.38237432595427
0
VERTEX
8
C2
10
27.005609284952968
20
-55.37499842454093
0
VERTEX
8
C2
10
27.01105968971497
20
-55.36684131736527
0
VERTEX
8
C2
10
27.01539874936948
20
-55.358042574792655
0
VERTEX
8
C2
10
27.018552221402828
20
-55.34875274574796
0
VERTEX
8
C2
10
27.020466149034164
20
-55.339130781781776
0
VERTEX
8
C2
10
27.021107784431123
20
-55.32934131736527
0
VERTEX
8
C2
10
27.020466149034164
20
-55.31955185294877
0
VERTEX
8
C2
10
27.018552221402828
20
-55.30992988898258
0
VERTEX
8
C2
10
27.01539874936948
20
-55.30064005993789
0
VERTEX
8
C2
10
27.01105968971497
20
-55.291841317365275
0
VERTEX
8
C2
10
27.005609284952968
20
-55.28368421018962
0
VERTEX
8
C2
10
26.999140793020118
20
-55.27630830877628
0
VERTEX
8
C2
10
26.991764891606792
20
-55.26983981684343
0
VERTEX
8
C2
10
26.98360778443113
20
-55.26438941208144
0
VERTEX
8
C2
10
26.974809041858506
20
-55.26005035242692
0
VERTEX
8
C2
10
26.965519212813817
20
-55.25689688039359
0
VERTEX
8
C2
10
26.95589724884765
20
-55.254982952762234
0
VERTEX
8
C2
10
26.946107784431135
20
-55.254341317365274
0
SEQEND
0
POLYLINE
8
C2
66
1
70
1
0
VERTEX
8
C2
10
26.946107784431135
20
-56.2124251497006
0
VERTEX
8
C2
10
26.93631832001462
20
-56.21306678509757
0
VERTEX
8
C2
10
26.926696356048453
20
-56.214980712728924
0
VERTEX
8
C2
10
26.917406527003763
20
-56.218134184762256
0
VERTEX
8
C2
10
26.90860778443114
20
-56.22247324441677
0
VERTEX
8
C2
10
26.900450677255478
20
-56.227923649178756
0
VERTEX
8
C2
10
26.893074775842152
20
-56.23439214111161
0
VERTEX
8
C2
10
26.886606283909302
20
-56.241768042524946
0
VERTEX
8
C2
10
26.8811558791473
20
-56.2499251497006
0
VERTEX
8
C2
10
26.876816819492788
20
-56.25872389227322
0
VERTEX
8
C2
10
26.87366334745944
20
-56.268013721317914
0
VERTEX
8
C2
10
26.871749419828106
20
-56.277635685284096
0
VERTEX
8
C2
10
26.871107784431146
20
-56.2874251497006
0
VERTEX
8
C2
10
26.871749419828106
20
-56.2972146141171
0
VERTEX
8
C2
10
26.87366334745944
20
-56.30683657808329
0
VERTEX
8
C2
10
26.876816819492788
20
-56.31612640712798
0
VERTEX
8
C2
10
26.8811558791473
20
-56.324925149700604
0
VERTEX
8
C2
10
26.886606283909302
20
-56.33308225687625
0
VERTEX
8
C2
10
26.893074775842152
20
-56.34045815828959
0
VERTEX
8
C2
10
26.900450677255478
20
-56.34692665022244
0
VERTEX
8
C2
10
26.90860778443114
20
-56.35237705498444
0
VERTEX
8
C2
10
26.917406527003763
20
-56.35671611463895
0
VERTEX
8
C2
10
26.926696356048453
20
-56.35986958667228
0
VERTEX
8
C2
10
26.93631832001462
20
-56.36178351430364
0
VERTEX
8
C2
10
26.946107784431135
20
-56.3624251497006
0
VERTEX
8
C2
10
26.95589724884765
20
-56.36178351430364
0
VERTEX
8
C2
10
26.965519212813817
20
-56.35986958667228
0
VERTEX
8
C2
10
26.974809041858506
20
-56.35671611463895
0
VERTEX
8
C2
10
26.98360778443113
20
-56.35237705498444
0
VERTEX
8
C2
10
26.991764891606792
20
-56.34692665022244
0
VERTEX
8
C2
10
26.999140793020118
20
-56.34045815828959
0
VERTEX
8
C2
10
27.005609284952968
20
-56.33308225687625
0
VERTEX
8
C2
10
27.01105968971497
20
-56.324925149700604
0
VERTEX
8
C2
10
27.01539874936948
20
-56.31612640712798
0
VERTEX
8
C2
10
27.018552221402828
20
-56.30683657808329
0
VERTEX
8
C2
10
27.020466149034164
20
-56.2972146141171
0
VERTEX
8
C2
10
27.021107784431123
20
-56.2874251497006
0
VERTEX
8
C2
10
27.020466149034164
20
-56.277635685284096
0
VERTEX
8
C2
10
27.018552221402828
20
-56.268013721317914
0
VERTEX
8
C2
10
27.01539874936948
20
-56.25872389227322
0
VERTEX
8
C2
10
27.01105968971497
20
-56.2499251497006
0
VERTEX
8
C2
10
27.005609284952968
20
-56.241768042524946
0
VERTEX
8
C2
10
26.999140793020118
20
-56.23439214111161
0
VERTEX
8
C2
10
26.991764891606792
20
-56.227923649178756
0
VERTEX
8
C2
10
26.98360778443113
20
-56.22247324441677
0
VERTEX
8
C2
10
26.974809041858506
20
-56.218134184762256
0
VERTEX
8
C2
10
26.965519212813817
20
-56.214980712728924
0
VERTEX
8
C2
10
26.95589724884765
20
-56.21306678509757
0
VERTEX
8
C2
10
26.946107784431135
20
-56.2124251497006
0
SEQEND
0
POLYLINE
8
C2
66
1
70
1
0
VERTEX
8
C2
10
35.74850299401196
20
-57.565029940119764
0
VERTEX
8
C2
10
35.74850299401196
20
-55.209580838323355
0
VERTEX
8
C2
10
35.38922155688623
20
-55.209580838323355
0
VERTEX
8
C2
10
35.38922155688623
20
-55.808383233532936
0
VERTEX
8
C2
10
35.62874251497006
20
-55.808383233532936
0
VERTEX
8
C2
10
35.62874251497006
20
-56.047904191616766
0
VERTEX
8
C2
10
35.38922155688623
20
-56.047904191616766
0
VERTEX
8
C2
10
35.38922155688623
20
-57.0059880239521
0
VERTEX
8
C2
10
35.62874251497006
20
-57.0059880239521
0
VERTEX
8
C2
10
35.62874251497006
20
-57.24550898203593
0
VERTEX
8
C2
10
35.38922155688623
20
-57.24550898203593
0
VERTEX
8
C2
10
35.38922155688623
20
-57.565029940119764
0
VERTEX
8
C2
10
35.74850299401196
20
-57.565029940119764
0
SEQEND
0
POLYLINE
8
C2
66
1
70
1
0
VERTEX
8
C2
10
36.64630694068377
20
-55.808383233532936
0
VERTEX
8
C2
10
36.826347305389206
20
-55.808383233532936
0
VERTEX
8
C2
10
36.826347305389206
20
-55.32934131736527
0
VERTEX
8
C2
10
36.946107784431135
20
-55.32934131736527
0
VERTEX
8
C2
10
36.946107784431135
20
-55.68862275449102
0
VERTEX
8
C2
10
36.9940119760479
20
-55.68862275449102
0
VERTEX
8
C2
10
36.99819338137932
20
-55.71060645197381
0
VERTEX
8
C2
10
37.01015362674538
20
-55.7295199296113
0
VERTEX
8
C2
10
37.028222356979214
20
-55.742721751201444
0
VERTEX
8
C2
10
37.04987611240405
20
-55.74836816436037
0
VERTEX
8
C2
10
37.07209075253208
20
-55.745670597022404
0
VERTEX
8
C2
10
37.0917638043134
20
-55.73500578857734
0
VERTEX
8
C2
10
37.106147750227635
20
-55.717863174847324
0
VERTEX
8
C2
10
37.11323374366317
20
-55.69663687506163
0
VERTEX
8
C2
10
37.11203216230162
20
-55.67429133170749
0
VERTEX
8
C2
10
37.10271081771994
20
-55.65394729964032
0
VERTEX
8
C2
10
37.08657151900378
20
-55.638446004774686
0
VERTEX
8
C2
10
37.065868263473064
20
-55.629952341490224
0
VERTEX
8
C2
10
37.065868263473064
20
-55.209580838323355
0
VERTEX
8
C2
10
36.107784431137716
20
-55.209580838323355
0
VERTEX
8
C2
10
36.107784431137716
20
-55.808383233532936
0
VERTEX
8
C2
10
36.28782479584315
20
-55.808383233532936
0
VERTEX
8
C2
10
36.26714231449408
20
-55.76924847638517
0
VERTEX
8
C2
10
36.254889134259756
20
-55.72671432744678
0
VERTEX
8
C2
10
36.25158188133979
20
-55.682574137937756
0
VERTEX
8
C2
10
36.25735999818711
20
-55.63868897395871
0
VERTEX
8
C2
10
36.27197986424842
20
-55.59690914906536
0
VERTEX
8
C2
10
36.294825067645476
20
-55.55899621019858
0
VERTEX
8
C2
10
36.324932394715674
20
-55.5265486662475
0
VERTEX
8
C2
10
36.36103244162517
20
-55.50093459072444
0
VERTEX
8
C2
10
36.4016031357621
20
-55.483233940199234
0
VERTEX
8
C2
10
36.444933910307995
20
-55.474193020499236
0
VERTEX
8
C2
10
36.48919782621893
20
-55.474193020499236
0
VERTEX
8
C2
10
36.53252860076482
20
-55.483233940199234
0
VERTEX
8
C2
10
36.57309929490178
20
-55.50093459072444
0
VERTEX
8
C2
10
36.609199341811276
20
-55.5265486662475
0
VERTEX
8
C2
10
36.639306668881474
20
-55.55899621019858
0
VERTEX
8
C2
10
36.66215187227853
20
-55.59690914906536
0
VERTEX
8
C2
10
36.67677173833984
20
-55.63868897395871
0
VERTEX
8
C2
10
36.68254985518713
20
-55.682574137937756
0
VERTEX
8
C2
10
36.679242602267195
20
-55.72671432744678
0
VERTEX
8
C2
10
36.66698942203284
20
-55.76924847638517
0
VERTEX
8
C2
10
36.64630694068377
20
-55.808383233532936
0
SEQEND
0
POLYLINE
8
C2
66
1
70
1
0
VERTEX
8
C2
10
36.09830399442167
20
-53.59281437125749
0
VERTEX
8
C2
10
35.08982035928143
20
-53.59281437125749
0
VERTEX
8
C2
10
35.08982035928143
20
-54.37125748502994
0
VERTEX
8
C2
10
34.9700598802395
20
-54.37125748502994
0
VERTEX
8
C2
10
34.9700598802395
20
-53.59281437125749
0
VERTEX
8
C2
10
33.722055287015436
20
-53.59281437125749
0
VERTEX
8
C2
10
33.72992202262451
20
-53.63639773699489
0
VERTEX
8
C2
10
33.728716101371575
20
-53.68066895848329
0
VERTEX
8
C2
10
33.7184884225813
20
-53.72375944333442
0
VERTEX
8
C2
10
33.699670674427026
20
-53.76385043549657
0
VERTEX
8
C2
10
33.673057113307934
20
-53.79924978100891
0
VERTEX
8
C2
10
33.639771040006295
20
-53.828463350155815
0
VERTEX
8
C2
10
33.601217387594104
20
-53.85025810144651
0
VERTEX
8
C2
10
33.55902342225049
20
-53.86371412562626
0
VERTEX
8
C2
10
33.51497005988024
20
-53.868263473053894
0
VERTEX
8
C2
10
33.47091669750996
20
-53.86371412562626
0
VERTEX
8
C2
10
33.42872273216638
20
-53.85025810144651
0
VERTEX
8
C2
10
33.39016907975419
20
-53.828463350155815
0
VERTEX
8
C2
10
33.35688300645255
20
-53.79924978100891
0
VERTEX
8
C2
10
33.33026944533343
20
-53.76385043549657
0
VERTEX
8
C2
10
33.31145169717918
20
-53.72375944333442
0
VERTEX
8
C2
10
33.30122401838888
20
-53.68066895848329
0
VERTEX
8
C2
10
33.300018097135975
20
-53.63639773699489
0
VERTEX
8
C2
10
33.30788483274502
20
-53.59281437125749
0
VERTEX
8
C2
10
32.9940119760479
20
-53.59281437125749
0
VERTEX
8
C2
10
32.9940119760479
20
-54.550898203592816
0
VERTEX
8
C2
10
34.9700598802395
20
-54.550898203592816
0
VERTEX
8
C2
10
34.9700598802395
20
-54.49101796407186
0
VERTEX
8
C2
10
35.08982035928143
20
-54.49101796407186
0
VERTEX
8
C2
10
35.08982035928143
20
-54.550898203592816
0
VERTEX
8
C2
10
37.065868263473064
20
-54.550898203592816
0
VERTEX
8
C2
10
37.065868263473064
20
-53.59281437125749
0
VERTEX
8
C2
10
36.51247444869209
20
-53.59281437125749
0
VERTEX
8
C2
10
36.52034118430116
20
-53.63639773699489
0
VERTEX
8
C2
10
36.51913526304823
20
-53.68066895848329
0
VERTEX
8
C2
10
36.508907584257955
20
-53.72375944333442
0
VERTEX
8
C2
10
36.49008983610368
20
-53.76385043549657
0
VERTEX
8
C2
10
36.463476274984586
20
-53.79924978100892
0
VERTEX
8
C2
10
36.43019020168292
20
-53.828463350155815
0
VERTEX
8
C2
10
36.39163654927076
20
-53.85025810144651
0
VERTEX
8
C2
10
36.34944258392714
20
-53.86371412562626
0
VERTEX
8
C2
10
36.305389221556894
20
-53.868263473053894
0
VERTEX
8
C2
10
36.261335859186616
20
-53.86371412562626
0
VERTEX
8
C2
10
36.21914189384303
20
-53.85025810144651
0
VERTEX
8
C2
10
36.18058824143084
20
-53.828463350155815
0
VERTEX
8
C2
10
36.1473021681292
20
-53.79924978100892
0
VERTEX
8
C2
10
36.12068860701008
20
-53.76385043549657
0
VERTEX
8
C2
10
36.101870858855804
20
-53.72375944333442
0
VERTEX
8
C2
10
36.09164318006553
20
-53.68066895848329
0
VERTEX
8
C2
10
36.0904372588126
20
-53.63639773699489
0
VERTEX
8
C2
10
36.09830399442167
20
-53.59281437125749
0
SEQEND
0
POLYLINE
8
C2
66
1
70
1
0
VERTEX
8
C2
10
33.772055443677786
20
-55.808383233532936
0
VERTEX
8
C2
10
33.95209580838322
20
-55.808383233532936
0
VERTEX
8
C2
10
33.95209580838322
20
-55.209580838323355
0
VERTEX
8
C2
10
32.9940119760479
20
-55.209580838323355
0
VERTEX
8
C2
10
32.9940119760479
20
-55.26946107784431
0
VERTEX
8
C2
10
32.574850299401206
20
-55.26946107784431
0
VERTEX
8
C2
10
32.574850299401206
20
-54.79041916167665
0
VERTEX
8
C2
10
32.33532934131735
20
-54.79041916167665
0
VERTEX
8
C2
10
32.33532934131735
20
-55.38922155688623
0
VERTEX
8
C2
10
32.9940119760479
20
-55.38922155688623
0
VERTEX
8
C2
10
32.9940119760479
20
-55.68862275449102
0
VERTEX
8
C2
10
33.03592814371258
20
-55.68862275449102
0
VERTEX
8
C2
10
33.039922309869226
20
-55.710126007477676
0
VERTEX
8
C2
10
33.05137196600545
20
-55.72876061578206
0
VERTEX
8
C2
10
33.06874966903111
20
-55.74204062669498
0
VERTEX
8
C2
10
33.08973714387379
20
-55.74819441837347
0
VERTEX
8
C2
10
33.11153455331173
20
-55.74640104331787
0
VERTEX
8
C2
10
33.13123401067723
20
-55.7368997469958
0
VERTEX
8
C2
10
33.1462075069128
20
-55.72095805126482
0
VERTEX
8
C2
10
33.15445750051255
20
-55.70070266042932
0
VERTEX
8
C2
10
33.1548833998459
20
-55.67883574793457
0
VERTEX
8
C2
10
33.14742838774852
20
-55.65827447251394
0
VERTEX
8
C2
10
33.13308700122478
20
-55.641761814191554
0
VERTEX
8
C2
10
33.11377245508983
20
-55.631500646621745
0
VERTEX
8
C2
10
33.1137724550898
20
-55.32934131736527
0
VERTEX
8
C2
10
33.23353293413173
20
-55.32934131736527
0
VERTEX
8
C2
10
33.23353293413173
20
-55.808383233532936
0
VERTEX
8
C2
10
33.413573298837164
20
-55.808383233532936
0
VERTEX
8
C2
10
33.392890817488095
20
-55.76924847638517
0
VERTEX
8
C2
10
33.38063763725374
20
-55.72671432744678
0
VERTEX
8
C2
10
33.3773303843338
20
-55.68257413793775
0
VERTEX
8
C2
10
33.38310850118113
20
-55.63868897395871
0
VERTEX
8
C2
10
33.397728367242436
20
-55.59690914906536
0
VERTEX
8
C2
10
33.42057357063949
20
-55.55899621019857
0
VERTEX
8
C2
10
33.45068089770969
20
-55.5265486662475
0
VERTEX
8
C2
10
33.486780944619184
20
-55.50093459072444
0
VERTEX
8
C2
10
33.527351638756116
20
-55.48323394019923
0
VERTEX
8
C2
10
33.57068241330201
20
-55.47419302049923
0
VERTEX
8
C2
10
33.61494632921294
20
-55.47419302049923
0
VERTEX
8
C2
10
33.658277103758834
20
-55.483233940199234
0
VERTEX
8
C2
10
33.698847797895795
20
-55.50093459072444
0
VERTEX
8
C2
10
33.73494784480529
20
-55.5265486662475
0
VERTEX
8
C2
10
33.76505517187549
20
-55.55899621019858
0
VERTEX
8
C2
10
33.787900375272514
20
-55.59690914906536
0
VERTEX
8
C2
10
33.80252024133385
20
-55.63868897395871
0
VERTEX
8
C2
10
33.80829835818115
20
-55.682574137937756
0
VERTEX
8
C2
10
33.80499110526121
20
-55.72671432744678
0
VERTEX
8
C2
10
33.792737925026856
20
-55.76924847638517
0
VERTEX
8
C2
10
33.772055443677786
20
-55.808383233532936
0
SEQEND
0
POLYLINE
8
C2
66
1
70
1
0
VERTEX
8
C2
10
42.03552849757001
20
-55.808383233532936
0
VERTEX
8
C2
10
42.21556886227545
20
-55.808383233532936
0
VERTEX
8
C2
10
42.21556886227545
20
-55.32934131736527
0
VERTEX
8
C2
10
42.335329341317376
20
-55.32934131736527
0
VERTEX
8
C2
10
42.335329341317376
20
-55.631500646621745
0
VERTEX
8
C2
10
42.3160147951824
20
-55.641761814191554
0
VERTEX
8
C2
10
42.30167340865866
20
-55.65827447251394
0
VERTEX
8
C2
10
42.29421839656128
20
-55.67883574793457
0
VERTEX
8
C2
10
42.29464429589463
20
-55.70070266042932
0
VERTEX
8
C2
10
42.302894289494375
20
-55.72095805126482
0
VERTEX
8
C2
10
42.317867785729945
20
-55.7368997469958
0
VERTEX
8
C2
10
42.33756724309545
20
-55.74640104331787
0
VERTEX
8
C2
10
42.35936465253339
20
-55.74819441837347
0
VERTEX
8
C2
10
42.38035212737607
20
-55.74204062669498
0
VERTEX
8
C2
10
42.39772983040173
20
-55.72876061578206
0
VERTEX
8
C2
10
42.40917948653795
20
-55.710126007477676
0
VERTEX
8
C2
10
42.413173652694596
20
-55.68862275449102
0
VERTEX
8
C2
10
42.45508982035928
20
-55.68862275449102
0
VERTEX
8
C2
10
42.45508982035928
20
-55.38922155688623
0
VERTEX
8
C2
10
43.11377245508983
20
-55.38922155688623
0
VERTEX
8
C2
10
43.11377245508983
20
-54.79041916167665
0
VERTEX
8
C2
10
42.87425149700597
20
-54.79041916167665
0
VERTEX
8
C2
10
42.87425149700597
20
-55.26946107784431
0
VERTEX
8
C2
10
42.45508982035928
20
-55.26946107784431
0
VERTEX
8
C2
10
42.45508982035928
20
-55.209580838323355
0
VERTEX
8
C2
10
41.49700598802396
20
-55.209580838323355
0
VERTEX
8
C2
10
41.49700598802396
20
-55.808383233532936
0
VERTEX
8
C2
10
41.67704635272939
20
-55.808383233532936
0
VERTEX
8
C2
10
41.65636387138032
20
-55.76924847638517
0
VERTEX
8
C2
10
41.64411069114597
20
-55.72671432744678
0
VERTEX
8
C2
10
41.64080343822603
20
-55.68257413793775
0
VERTEX
8
C2
10
41.646581555073325
20
-55.63868897395871
0
VERTEX
8
C2
10
41.66120142113466
20
-55.59690914906536
0
VERTEX
8
C2
10
41.68404662453169
20
-55.55899621019857
0
VERTEX
8
C2
10
41.71415395160189
20
-55.5265486662475
0
VERTEX
8
C2
10
41.75025399851138
20
-55.50093459072444
0
VERTEX
8
C2
10
41.79082469264834
20
-55.48323394019923
0
VERTEX
8
C2
10
41.834155467194236
20
-55.47419302049923
0
VERTEX
8
C2
10
41.87841938310517
20
-55.47419302049923
0
VERTEX
8
C2
10
41.92175015765106
20
-55.48323394019923
0
VERTEX
8
C2
10
41.96232085178799
20
-55.50093459072444
0
VERTEX
8
C2
10
41.99842089869749
20
-55.5265486662475
0
VERTEX
8
C2
10
42.02852822576769
20
-55.55899621019857
0
VERTEX
8
C2
10
42.05137342916474
20
-55.59690914906536
0
VERTEX
8
C2
10
42.06599329522605
20
-55.63868897395871
0
VERTEX
8
C2
10
42.071771412073375
20
-55.68257413793775
0
VERTEX
8
C2
10
42.068464159153436
20
-55.72671432744678
0
VERTEX
8
C2
10
42.05621097891908
20
-55.76924847638517
0
VERTEX
8
C2
10
42.03552849757001
20
-55.808383233532936
0
SEQEND
0
POLYLINE
8
C2
66
1
70
1
0
VERTEX
8
C2
10
41.1377245508982
20
-57.565029940119764
0
VERTEX
8
C2
10
41.1377245508982
20
-55.209580838323355
0
VERTEX
8
C2
10
40.77844311377244
20
-55.209580838323355
0
VERTEX
8
C2
10
40.77844311377244
20
-55.808383233532936
0
VERTEX
8
C2
10
41.01796407185627
20
-55.808383233532936
0
VERTEX
8
C2
10
41.01796407185627
20
-56.047904191616766
0
VERTEX
8
C2
10
40.77844311377244
20
-56.047904191616766
0
VERTEX
8
C2
10
40.77844311377244
20
-57.0059880239521
0
VERTEX
8
C2
10
41.01796407185627
20
-57.0059880239521
0
VERTEX
8
C2
10
41.01796407185627
20
-57.24550898203593
0
VERTEX
8
C2
10
40.77844311377244
20
-57.24550898203593
0
VERTEX
8
C2
10
40.77844311377244
20
-57.565029940119764
0
VERTEX
8
C2
10
41.1377245508982
20
-57.565029940119764
0
SEQEND
0
POLYLINE
8
C2
66
1
70
1
0
VERTEX
8
C2
10
39.16127700056403
20
-55.808383233532936
0
VERTEX
8
C2
10
39.34131736526946
20
-55.808383233532936
0
VERTEX
8
C2
10
39.34131736526946
20
-55.209580838323355
0
VERTEX
8
C2
10
38.38323353293411
20
-55.209580838323355
0
VERTEX
8
C2
10
38.38323353293411
20
-55.629952341490224
0
VERTEX
8
C2
10
38.362530277403394
20
-55.638446004774686
0
VERTEX
8
C2
10
38.34639097868724
20
-55.65394729964032
0
VERTEX
8
C2
10
38.33706963410556
20
-55.67429133170749
0
VERTEX
8
C2
10
38.335868052744004
20
-55.69663687506163
0
VERTEX
8
C2
10
38.34295404617954
20
-55.717863174847324
0
VERTEX
8
C2
10
38.357337992093775
20
-55.73500578857734
0
VERTEX
8
C2
10
38.3770110438751
20
-55.74567059702241
0
VERTEX
8
C2
10
38.39922568400313
20
-55.74836816436037
0
VERTEX
8
C2
10
38.420879439427964
20
-55.742721751201444
0
VERTEX
8
C2
10
38.4389481696618
20
-55.7295199296113
0
VERTEX
8
C2
10
38.450908415027854
20
-55.71060645197381
0
VERTEX
8
C2
10
38.45508982035928
20
-55.68862275449102
0
VERTEX
8
C2
10
38.50299401197604
20
-55.68862275449102
0
VERTEX
8
C2
10
38.50299401197604
20
-55.32934131736527
0
VERTEX
8
C2
10
38.62275449101797
20
-55.32934131736527
0
VERTEX
8
C2
10
38.62275449101797
20
-55.808383233532936
0
VERTEX
8
C2
10
38.802794855723405
20
-55.808383233532936
0
VERTEX
8
C2
10
38.782112374374336
20
-55.76924847638517
0
VERTEX
8
C2
10
38.76985919413998
20
-55.72671432744678
0
VERTEX
8
C2
10
38.766551941220044
20
-55.68257413793775
0
VERTEX
8
C2
10
38.77233005806734
20
-55.63868897395871
0
VERTEX
8
C2
10
38.78694992412865
20
-55.59690914906536
0
VERTEX
8
C2
10
38.8097951275257
20
-55.55899621019857
0
VERTEX
8
C2
10
38.8399024545959
20
-55.5265486662475
0
VERTEX
8
C2
10
38.8760025015054
20
-55.50093459072444
0
VERTEX
8
C2
10
38.91657319564236
20
-55.48323394019923
0
VERTEX
8
C2
10
38.95990397018825
20
-55.47419302049923
0
VERTEX
8
C2
10
39.00416788609918
20
-55.47419302049923
0
VERTEX
8
C2
10
39.047498660645076
20
-55.48323394019923
0
VERTEX
8
C2
10
39.08806935478201
20
-55.50093459072444
0
VERTEX
8
C2
10
39.1241694016915
20
-55.5265486662475
0
VERTEX
8
C2
10
39.1542767287617
20
-55.55899621019857
0
VERTEX
8
C2
10
39.177121932158755
20
-55.59690914906536
0
VERTEX
8
C2
10
39.191741798220065
20
-55.63868897395871
0
VERTEX
8
C2
10
39.19751991506739
20
-55.68257413793775
0
VERTEX
8
C2
10
39.19421266214742
20
-55.72671432744678
0
VERTEX
8
C2
10
39.1819594819131
20
-55.76924847638517
0
VERTEX
8
C2
10
39.16127700056403
20
-55.808383233532936
0
SEQEND
0
POLYLINE
8
C2
66
1
70
1
0
VERTEX
8
C2
10
38.93662734771509
20
-53.59281437125749
0
VERTEX
8
C2
10
38.38323353293411
20
-53.59281437125749
0
VERTEX
8
C2
10
38.38323353293411
20
-54.550898203592816
0
VERTEX
8
C2
10
40.359281437125745
20
-54.550898203592816
0
VERTEX
8
C2
10
40.359281437125745
20
-54.49101796407186
0
VERTEX
8
C2
10
40.479041916167674
20
-54.49101796407186
0
VERTEX
8
C2
10
40.479041916167674
20
-54.550898203592816
0
VERTEX
8
C2
10
42.45508982035928
20
-54.550898203592816
0
VERTEX
8
C2
10
42.45508982035928
20
-53.59281437125749
0
VERTEX
8
C2
10
42.14121696366216
20
-53.59281437125749
0
VERTEX
8
C2
10
42.1490836992712
20
-53.63639773699489
0
VERTEX
8
C2
10
42.1478777780183
20
-53.68066895848329
0
VERTEX
8
C2
10
42.137650099228
20
-53.72375944333442
0
VERTEX
8
C2
10
42.11883235107375
20
-53.76385043549657
0
VERTEX
8
C2
10
42.09221878995463
20
-53.79924978100892
0
VERTEX
8
C2
10
42.05893271665299
20
-53.828463350155815
0
VERTEX
8
C2
10
42.0203790642408
20
-53.85025810144651
0
VERTEX
8
C2
10
41.978185098897214
20
-53.86371412562626
0
VERTEX
8
C2
10
41.934131736526936
20
-53.868263473053894
0
VERTEX
8
C2
10
41.89007837415669
20
-53.86371412562626
0
VERTEX
8
C2
10
41.84788440881307
20
-53.85025810144651
0
VERTEX
8
C2
10
41.80933075640088
20
-53.828463350155815
0
VERTEX
8
C2
10
41.776044683099244
20
-53.79924978100892
0
VERTEX
8
C2
10
41.74943112198015
20
-53.76385043549657
0
VERTEX
8
C2
10
41.730613373825875
20
-53.72375944333442
0
VERTEX
8
C2
10
41.7203856950356
20
-53.68066895848329
0
VERTEX
8
C2
10
41.71917977378267
20
-53.63639773699489
0
VERTEX
8
C2
10
41.72704650939171
20
-53.59281437125749
0
VERTEX
8
C2
10
40.479041916167674
20
-53.59281437125749
0
VERTEX
8
C2
10
40.479041916167674
20
-54.37125748502994
0
VERTEX
8
C2
10
40.359281437125745
20
-54.37125748502994
0
VERTEX
8
C2
10
40.359281437125745
20
-53.59281437125749
0
VERTEX
8
C2
10
39.35079780198551
20
-53.59281437125749
0
VERTEX
8
C2
10
39.35866453759458
20
-53.63639773699489
0
VERTEX
8
C2
10
39.357458616341646
20
-53.68066895848329
0
VERTEX
8
C2
10
39.34723093755137
20
-53.72375944333442
0
VERTEX
8
C2
10
39.3284131893971
20
-53.76385043549657
0
VERTEX
8
C2
10
39.301799628277976
20
-53.79924978100892
0
VERTEX
8
C2
10
39.26851355497634
20
-53.828463350155815
0
VERTEX
8
C2
10
39.22995990256415
20
-53.85025810144651
0
VERTEX
8
C2
10
39.18776593722056
20
-53.86371412562626
0
VERTEX
8
C2
10
39.143712574850284
20
-53.868263473053894
0
VERTEX
8
C2
10
39.099659212480034
20
-53.86371412562626
0
VERTEX
8
C2
10
39.05746524713642
20
-53.85025810144651
0
VERTEX
8
C2
10
39.01891159472426
20
-53.828463350155815
0
VERTEX
8
C2
10
38.98562552142259
20
-53.79924978100892
0
VERTEX
8
C2
10
38.9590119603035
20
-53.76385043549657
0
VERTEX
8
C2
10
38.94019421214922
20
-53.72375944333442
0
VERTEX
8
C2
10
38.92996653335895
20
-53.68066895848329
0
VERTEX
8
C2
10
38.92876061210602
20
-53.63639773699489
0
VERTEX
8
C2
10
38.93662734771509
20
-53.59281437125749
0
SEQEND
0
POLYLINE
8
C2
66
1
70
1
0
VERTEX
8
C2
10
40.05988023952095
20
-57.565029940119764
0
VERTEX
8
C2
10
40.05988023952095
20
-57.24550898203593
0
VERTEX
8
C2
10
39.82035928143712
20
-57.24550898203593
0
VERTEX
8
C2
10
39.82035928143712
20
-57.0059880239521
0
VERTEX
8
C2
10
40.05988023952095
20
-57.0059880239521
0
VERTEX
8
C2
10
40.05988023952095
20
-56.047904191616766
0
VERTEX
8
C2
10
39.82035928143712
20
-56.047904191616766
0
VERTEX
8
C2
10
39.82035928143712
20
-55.808383233532936
0
VERTEX
8
C2
10
40.05988023952095
20
-55.808383233532936
0
VERTEX
8
C2
10
40.05988023952095
20
-55.209580838323355
0
VERTEX
8
C2
10
39.70059880239519
20
-55.209580838323355
0
VERTEX
8
C2
10
39.70059880239519
20
-57.565029940119764
0
VERTEX
8
C2
10
40.05988023952095
20
-57.565029940119764
0
SEQEND
0
POLYLINE
8
C2
66
1
70
1
0
VERTEX
8
C2
10
34.67065868263474
20
-57.565029940119764
0
VERTEX
8
C2
10
34.67065868263474
20
-57.24550898203593
0
VERTEX
8
C2
10
34.43113772455091
20
-57.24550898203593
0
VERTEX
8
C2
10
34.43113772455091
20
-57.0059880239521
0
VERTEX
8
C2
10
34.67065868263474
20
-57.0059880239521
0
VERTEX
8
C2
10
34.67065868263474
20
-56.047904191616766
0
VERTEX
8
C2
10
34.43113772455091
20
-56.047904191616766
0
VERTEX
8
C2
10
34.43113772455091
20
-55.808383233532936
0
VERTEX
8
C2
10
34.67065868263474
20
-55.808383233532936
0
VERTEX
8
C2
10
34.67065868263474
20
-55.209580838323355
0
VERTEX
8
C2
10
34.31137724550898
20
-55.209580838323355
0
VERTEX
8
C2
10
34.31137724550898
20
-57.565029940119764
0
VERTEX
8
C2
10
34.67065868263474
20
-57.565029940119764
0
SEQEND
0
POLYLINE
8
C2
66
1
70
1
0
VERTEX
8
C2
10
33.59281437125749
20
-55.61362275449102
0
VERTEX
8
C2
10
33.583024906840976
20
-55.614264389887985
0
VERTEX
8
C2
10
33.57340294287478
20
-55.61617831751934
0
VERTEX
8
C2
10
33.56411311383009
20
-55.619331789552675
0
VERTEX
8
C2
10
33.555314371257495
20
-55.62367084920719
0
VERTEX
8
C2
10
33.54715726408183
20
-55.62912125396918
0
VERTEX
8
C2
10
33.53978136266848
20
-55.63558974590203
0
VERTEX
8
C2
10
33.53331287073563
20
-55.642965647315364
0
VERTEX
8
C2
10
33.527862465973655
20
-55.65112275449102
0
VERTEX
8
C2
10
33.52352340631914
20
-55.659921497063635
0
VERTEX
8
C2
10
33.520369934285796
20
-55.66921132610833
0
VERTEX
8
C2
10
33.51845600665443
20
-55.678833290074515
0
VERTEX
8
C2
10
33.51781437125747
20
-55.68862275449102
0
VERTEX
8
C2
10
33.51845600665443
20
-55.69841221890752
0
VERTEX
8
C2
10
33.520369934285796
20
-55.70803418287371
0
VERTEX
8
C2
10
33.52352340631914
20
-55.7173240119184
0
VERTEX
8
C2
10
33.527862465973655
20
-55.72612275449102
0
VERTEX
8
C2
10
33.53331287073563
20
-55.73427986166667
0
VERTEX
8
C2
10
33.53978136266848
20
-55.74165576308001
0
VERTEX
8
C2
10
33.54715726408183
20
-55.74812425501286
0
VERTEX
8
C2
10
33.555314371257495
20
-55.753574659774856
0
VERTEX
8
C2
10
33.56411311383009
20
-55.75791371942937
0
VERTEX
8
C2
10
33.57340294287478
20
-55.7610671914627
0
VERTEX
8
C2
10
33.583024906840976
20
-55.76298111909406
0
VERTEX
8
C2
10
33.59281437125749
20
-55.763622754491024
0
VERTEX
8
C2
10
33.602603835673975
20
-55.76298111909406
0
VERTEX
8
C2
10
33.61222579964017
20
-55.7610671914627
0
VERTEX
8
C2
10
33.62151562868486
20
-55.75791371942937
0
VERTEX
8
C2
10
33.630314371257484
20
-55.753574659774856
0
VERTEX
8
C2
10
33.638471478433146
20
-55.74812425501286
0
VERTEX
8
C2
10
33.64584737984647
20
-55.74165576308001
0
VERTEX
8
C2
10
33.65231587177932
20
-55.73427986166667
0
VERTEX
8
C2
10
33.657766276541324
20
-55.72612275449102
0
VERTEX
8
C2
10
33.662105336195836
20
-55.7173240119184
0
VERTEX
8
C2
10
33.665258808229154
20
-55.70803418287371
0
VERTEX
8
C2
10
33.66717273586052
20
-55.69841221890752
0
VERTEX
8
C2
10
33.66781437125748
20
-55.68862275449102
0
VERTEX
8
C2
10
33.66717273586052
20
-55.678833290074515
0
VERTEX
8
C2
10
33.665258808229154
20
-55.66921132610833
0
VERTEX
8
C2
10
33.662105336195836
20
-55.659921497063635
0
VERTEX
8
C2
10
33.657766276541324
20
-55.65112275449102
0
VERTEX
8
C2
10
33.65231587177932
20
-55.642965647315364
0
VERTEX
8
C2
10
33.64584737984647
20
-55.63558974590203
0
VERTEX
8
C2
10
33.638471478433146
20
-55.62912125396918
0
VERTEX
8
C2
10
33.630314371257484
20
-55.62367084920719
0
VERTEX
8
C2
10
33.62151562868486
20
-55.619331789552675
0
VERTEX
8
C2
10
33.61222579964017
20
-55.61617831751934
0
VERTEX
8
C2
10
33.602603835673975
20
-55.614264389887985
0
VERTEX
8
C2
10
33.59281437125749
20
-55.61362275449102
0
SEQEND
0
POLYLINE
8
C2
66
1
70
1
0
VERTEX
8
C2
10
36.305389221556894
20
-53.577694610778444
0
VERTEX
8
C2
10
36.29559975714038
20
-53.57833624617541
0
VERTEX
8
C2
10
36.28597779317418
20
-53.58025017380677
0
VERTEX
8
C2
10
36.27668796412949
20
-53.5834036458401
0
VERTEX
8
C2
10
36.26788922155687
20
-53.58774270549461
0
VERTEX
8
C2
10
36.25973211438124
20
-53.5931931102566
0
VERTEX
8
C2
10
36.25235621296788
20
-53.59966160218946
0
VERTEX
8
C2
10
36.24588772103503
20
-53.60703750360279
0
VERTEX
8
C2
10
36.24043731627306
20
-53.615194610778445
0
VERTEX
8
C2
10
36.23609825661855
20
-53.62399335335106
0
VERTEX
8
C2
10
36.2329447845852
20
-53.63328318239576
0
VERTEX
8
C2
10
36.231030856953836
20
-53.64290514636194
0
VERTEX
8
C2
10
36.23038922155688
20
-53.65269461077845
0
VERTEX
8
C2
10
36.231030856953836
20
-53.662484075194946
0
VERTEX
8
C2
10
36.2329447845852
20
-53.672106039161136
0
VERTEX
8
C2
10
36.23609825661855
20
-53.681395868205826
0
VERTEX
8
C2
10
36.24043731627306
20
-53.69019461077845
0
VERTEX
8
C2
10
36.24588772103503
20
-53.6983517179541
0
VERTEX
8
C2
10
36.25235621296788
20
-53.70572761936744
0
VERTEX
8
C2
10
36.25973211438124
20
-53.71219611130029
0
VERTEX
8
C2
10
36.26788922155687
20
-53.71764651606228
0
VERTEX
8
C2
10
36.27668796412949
20
-53.72198557571679
0
VERTEX
8
C2
10
36.28597779317418
20
-53.725139047750126
0
VERTEX
8
C2
10
36.29559975714038
20
-53.72705297538148
0
VERTEX
8
C2
10
36.305389221556894
20
-53.72769461077844
0
VERTEX
8
C2
10
36.31517868597338
20
-53.72705297538148
0
VERTEX
8
C2
10
36.324800649939576
20
-53.725139047750126
0
VERTEX
8
C2
10
36.334090478984265
20
-53.72198557571679
0
VERTEX
8
C2
10
36.34288922155689
20
-53.71764651606228
0
VERTEX
8
C2
10
36.35104632873252
20
-53.71219611130029
0
VERTEX
8
C2
10
36.35842223014588
20
-53.70572761936744
0
VERTEX
8
C2
10
36.36489072207873
20
-53.6983517179541
0
VERTEX
8
C2
10
36.37034112684073
20
-53.69019461077845
0
VERTEX
8
C2
10
36.37468018649524
20
-53.681395868205826
0
VERTEX
8
C2
10
36.37783365852856
20
-53.672106039161136
0
VERTEX
8
C2
10
36.37974758615992
20
-53.662484075194946
0
VERTEX
8
C2
10
36.38038922155688
20
-53.65269461077845
0
VERTEX
8
C2
10
36.37974758615992
20
-53.64290514636194
0
VERTEX
8
C2
10
36.37783365852856
20
-53.63328318239576
0
VERTEX
8
C2
10
36.37468018649524
20
-53.62399335335106
0
VERTEX
8
C2
10
36.37034112684073
20
-53.615194610778445
0
VERTEX
8
C2
10
36.36489072207873
20
-53.60703750360279
0
VERTEX
8
C2
10
36.35842223014588
20
-53.59966160218946
0
VERTEX
8
C2
10
36.35104632873255
20
-53.5931931102566
0
VERTEX
8
C2
10
36.34288922155689
20
-53.58774270549461
0
VERTEX
8
C2
10
36.334090478984265
20
-53.5834036458401
0
VERTEX
8
C2
10
36.324800649939576
20
-53.58025017380677
0
VERTEX
8
C2
10
36.31517868597338
20
-53.57833624617541
0
VERTEX
8
C2
10
36.305389221556894
20
-53.577694610778444
0
SEQEND
0
POLYLINE
8
C2
66
1
70
1
0
VERTEX
8
C2
10
33.51497005988024
20
-53.577694610778444
0
VERTEX
8
C2
10
33.50518059546373
20
-53.57833624617541
0
VERTEX
8
C2
10
33.49555863149753
20
-53.58025017380677
0
VERTEX
8
C2
10
33.48626880245284
20
-53.5834036458401
0
VERTEX
8
C2
10
33.47747005988025
20
-53.58774270549461
0
VERTEX
8
C2
10
33.469312952704584
20
-53.5931931102566
0
VERTEX
8
C2
10
33.46193705129123
20
-53.59966160218946
0
VERTEX
8
C2
10
33.45546855935838
20
-53.60703750360279
0
VERTEX
8
C2
10
33.45001815459641
20
-53.615194610778445
0
VERTEX
8
C2
10
33.445679094941895
20
-53.62399335335106
0
VERTEX
8
C2
10
33.44252562290855
20
-53.63328318239576
0
VERTEX
8
C2
10
33.440611695277184
20
-53.64290514636194
0
VERTEX
8
C2
10
33.439970059880224
20
-53.65269461077845
0
VERTEX
8
C2
10
33.440611695277184
20
-53.662484075194946
0
VERTEX
8
C2
10
33.44252562290855
20
-53.672106039161136
0
VERTEX
8
C2
10
33.445679094941895
20
-53.681395868205826
0
VERTEX
8
C2
10
33.45001815459641
20
-53.69019461077845
0
VERTEX
8
C2
10
33.45546855935838
20
-53.6983517179541
0
VERTEX
8
C2
10
33.46193705129123
20
-53.70572761936744
0
VERTEX
8
C2
10
33.469312952704584
20
-53.71219611130029
0
VERTEX
8
C2
10
33.47747005988025
20
-53.71764651606228
0
VERTEX
8
C2
10
33.48626880245284
20
-53.72198557571679
0
VERTEX
8
C2
10
33.49555863149753
20
-53.725139047750126
0
VERTEX
8
C2
10
33.50518059546373
20
-53.72705297538148
0
VERTEX
8
C2
10
33.51497005988024
20
-53.72769461077844
0
VERTEX
8
C2
10
33.52475952429673
20
-53.72705297538148
0
VERTEX
8
C2
10
33.53438148826292
20
-53.725139047750126
0
VERTEX
8
C2
10
33.54367131730761
20
-53.72198557571679
0
VERTEX
8
C2
10
33.552470059880235
20
-53.71764651606228
0
VERTEX
8
C2
10
33.5606271670559
20
-53.71219611130029
0
VERTEX
8
C2
10
33.568003068469224
20
-53.70572761936744
0
VERTEX
8
C2
10
33.574471560402074
20
-53.6983517179541
0
VERTEX
8
C2
10
33.579921965164075
20
-53.69019461077845
0
VERTEX
8
C2
10
33.58426102481859
20
-53.681395868205826
0
VERTEX
8
C2
10
33.587414496851906
20
-53.672106039161136
0
VERTEX
8
C2
10
33.58932842448327
20
-53.662484075194946
0
VERTEX
8
C2
10
33.58997005988023
20
-53.65269461077845
0
VERTEX
8
C2
10
33.58932842448327
20
-53.64290514636194
0
VERTEX
8
C2
10
33.587414496851906
20
-53.63328318239576
0
VERTEX
8
C2
10
33.58426102481859
20
-53.62399335335106
0
VERTEX
8
C2
10
33.579921965164075
20
-53.615194610778445
0
VERTEX
8
C2
10
33.574471560402074
20
-53.60703750360279
0
VERTEX
8
C2
10
33.568003068469224
20
-53.59966160218946
0
VERTEX
8
C2
10
33.5606271670559
20
-53.5931931102566
0
VERTEX
8
C2
10
33.552470059880235
20
-53.58774270549461
0
VERTEX
8
C2
10
33.54367131730761
20
-53.5834036458401
0
VERTEX
8
C2
10
33.53438148826292
20
-53.58025017380677
0
VERTEX
8
C2
10
33.52475952429673
20
-53.57833624617541
0
VERTEX
8
C2
10
33.51497005988024
20
-53.577694610778444
0
SEQEND
0
POLYLINE
8
C2
66
1
70
1
0
VERTEX
8
C2
10
36.467065868263475
20
-55.61362275449102
0
VERTEX
8
C2
10
36.45727640384696
20
-55.614264389887985
0
VERTEX
8
C2
10
36.44765443988079
20
-55.61617831751934
0
VERTEX
8
C2
10
36.438364610836075
20
-55.619331789552675
0
VERTEX
8
C2
10
36.42956586826348
20
-55.62367084920719
0
VERTEX
8
C2
10
36.42140876108782
20
-55.62912125396918
0
VERTEX
8
C2
10
36.414032859674464
20
-55.63558974590203
0
VERTEX
8
C2
10
36.407564367741614
20
-55.642965647315364
0
VERTEX
8
C2
10
36.40211396297964
20
-55.65112275449102
0
VERTEX
8
C2
10
36.39777490332513
20
-55.659921497063635
0
VERTEX
8
C2
10
36.39462143129178
20
-55.66921132610833
0
VERTEX
8
C2
10
36.392707503660446
20
-55.678833290074515
0
VERTEX
8
C2
10
36.39206586826346
20
-55.68862275449102
0
VERTEX
8
C2
10
36.392707503660446
20
-55.69841221890752
0
VERTEX
8
C2
10
36.39462143129178
20
-55.70803418287371
0
VERTEX
8
C2
10
36.39777490332513
20
-55.7173240119184
0
VERTEX
8
C2
10
36.40211396297964
20
-55.72612275449102
0
VERTEX
8
C2
10
36.407564367741614
20
-55.73427986166667
0
VERTEX
8
C2
10
36.414032859674464
20
-55.74165576308001
0
VERTEX
8
C2
10
36.42140876108782
20
-55.74812425501286
0
VERTEX
8
C2
10
36.42956586826348
20
-55.753574659774856
0
VERTEX
8
C2
10
36.438364610836075
20
-55.75791371942937
0
VERTEX
8
C2
10
36.44765443988079
20
-55.7610671914627
0
VERTEX
8
C2
10
36.45727640384696
20
-55.76298111909406
0
VERTEX
8
C2
10
36.467065868263475
20
-55.763622754491024
0
VERTEX
8
C2
10
36.47685533267996
20
-55.76298111909406
0
VERTEX
8
C2
10
36.48647729664616
20
-55.7610671914627
0
VERTEX
8
C2
10
36.49576712569085
20
-55.75791371942937
0
VERTEX
8
C2
10
36.50456586826347
20
-55.753574659774856
0
VERTEX
8
C2
10
36.51272297543913
20
-55.74812425501286
0
VERTEX
8
C2
10
36.52009887685246
20
-55.74165576308001
0
VERTEX
8
C2
10
36.52656736878531
20
-55.73427986166667
0
VERTEX
8
C2
10
36.53201777354731
20
-55.72612275449102
0
VERTEX
8
C2
10
36.53635683320182
20
-55.7173240119184
0
VERTEX
8
C2
10
36.53951030523514
20
-55.70803418287371
0
VERTEX
8
C2
10
36.541424232866504
20
-55.69841221890752
0
VERTEX
8
C2
10
36.542065868263464
20
-55.68862275449102
0
VERTEX
8
C2
10
36.541424232866504
20
-55.678833290074515
0
VERTEX
8
C2
10
36.53951030523514
20
-55.66921132610833
0
VERTEX
8
C2
10
36.53635683320182
20
-55.659921497063635
0
VERTEX
8
C2
10
36.53201777354731
20
-55.65112275449102
0
VERTEX
8
C2
10
36.52656736878531
20
-55.642965647315364
0
VERTEX
8
C2
10
36.52009887685246
20
-55.63558974590203
0
VERTEX
8
C2
10
36.51272297543913
20
-55.62912125396918
0
VERTEX
8
C2
10
36.50456586826347
20
-55.62367084920719
0
VERTEX
8
C2
10
36.49576712569085
20
-55.619331789552675
0
VERTEX
8
C2
10
36.48647729664616
20
-55.61617831751934
0
VERTEX
8
C2
10
36.47685533267996
20
-55.614264389887985
0
VERTEX
8
C2
10
36.467065868263475
20
-55.61362275449102
0
SEQEND
0
POLYLINE
8
C2
66
1
70
1
0
VERTEX
8
C2
10
41.934131736526936
20
-53.577694610778444
0
VERTEX
8
C2
10
41.92434227211045
20
-53.57833624617541
0
VERTEX
8
C2
10
41.914720308144254
20
-53.58025017380677
0
VERTEX
8
C2
10
41.905430479099564
20
-53.5834036458401
0
VERTEX
8
C2
10
41.89663173652694
20
-53.58774270549461
0
VERTEX
8
C2
10
41.88847462935128
20
-53.5931931102566
0
VERTEX
8
C2
10
41.88109872793795
20
-53.59966160218946
0
VERTEX
8
C2
10
41.8746302360051
20
-53.60703750360279
0
VERTEX
8
C2
10
41.8691798312431
20
-53.615194610778445
0
VERTEX
8
C2
10
41.86484077158859
20
-53.62399335335106
0
VERTEX
8
C2
10
41.86168729955527
20
-53.63328318239576
0
VERTEX
8
C2
10
41.85977337192391
20
-53.64290514636194
0
VERTEX
8
C2
10
41.85913173652695
20
-53.65269461077845
0
VERTEX
8
C2
10
41.85977337192391
20
-53.662484075194946
0
VERTEX
8
C2
10
41.86168729955527
20
-53.672106039161136
0
VERTEX
8
C2
10
41.86484077158859
20
-53.681395868205826
0
VERTEX
8
C2
10
41.8691798312431
20
-53.69019461077845
0
VERTEX
8
C2
10
41.8746302360051
20
-53.6983517179541
0
VERTEX
8
C2
10
41.88109872793795
20
-53.70572761936744
0
VERTEX
8
C2
10
41.88847462935128
20
-53.71219611130029
0
VERTEX
8
C2
10
41.89663173652694
20
-53.71764651606228
0
VERTEX
8
C2
10
41.905430479099564
20
-53.72198557571679
0
VERTEX
8
C2
10
41.914720308144254
20
-53.725139047750126
0
VERTEX
8
C2
10
41.92434227211045
20
-53.72705297538148
0
VERTEX
8
C2
10
41.934131736526936
20
-53.72769461077844
0
VERTEX
8
C2
10
41.94392120094345
20
-53.72705297538148
0
VERTEX
8
C2
10
41.95354316490962
20
-53.725139047750126
0
VERTEX
8
C2
10
41.962832993954336
20
-53.72198557571679
0
VERTEX
8
C2
10
41.97163173652693
20
-53.71764651606228
0
VERTEX
8
C2
10
41.97978884370259
20
-53.71219611130029
0
VERTEX
8
C2
10
41.98716474511592
20
-53.70572761936744
0
VERTEX
8
C2
10
41.9936332370488
20
-53.6983517179541
0
VERTEX
8
C2
10
41.99908364181077
20
-53.69019461077845
0
VERTEX
8
C2
10
42.00342270146528
20
-53.681395868205826
0
VERTEX
8
C2
10
42.00657617349863
20
-53.672106039161136
0
VERTEX
8
C2
10
42.008490101129965
20
-53.662484075194946
0
VERTEX
8
C2
10
42.00913173652695
20
-53.65269461077845
0
VERTEX
8
C2
10
42.008490101129965
20
-53.64290514636194
0
VERTEX
8
C2
10
42.00657617349863
20
-53.63328318239576
0
VERTEX
8
C2
10
42.00342270146528
20
-53.62399335335106
0
VERTEX
8
C2
10
41.99908364181077
20
-53.615194610778445
0
VERTEX
8
C2
10
41.9936332370488
20
-53.60703750360279
0
VERTEX
8
C2
10
41.98716474511592
20
-53.59966160218946
0
VERTEX
8
C2
10
41.97978884370259
20
-53.5931931102566
0
VERTEX
8
C2
10
41.97163173652693
20
-53.58774270549461
0
VERTEX
8
C2
10
41.962832993954336
20
-53.5834036458401
0
VERTEX
8
C2
10
41.95354316490962
20
-53.58025017380677
0
VERTEX
8
C2
10
41.94392120094345
20
-53.57833624617541
0
VERTEX
8
C2
10
41.934131736526936
20
-53.577694610778444
0
SEQEND
0
POLYLINE
8
C2
66
1
70
1
0
VERTEX
8
C2
10
37.72455089820359
20
-56.69146706586827
0
VERTEX
8
C2
10
37.714761433787075
20
-56.692108701265234
0
VERTEX
8
C2
10
37.70513946982091
20
-56.69402262889658
0
VERTEX
8
C2
10
37.69584964077622
20
-56.69717610092992
0
VERTEX
8
C2
10
37.687050898203594
20
-56.701515160584435
0
VERTEX
8
C2
10
37.67889379102793
20
-56.70696556534642
0
VERTEX
8
C2
10
37.671517889614606
20
-56.71343405727927
0
VERTEX
8
C2
10
37.665049397681756
20
-56.72080995869261
0
VERTEX
8
C2
10
37.659598992919754
20
-56.72896706586827
0
VERTEX
8
C2
10
37.65525993326524
20
-56.737765808440884
0
VERTEX
8
C2
10
37.652106461231895
20
-56.74705563748558
0
VERTEX
8
C2
10
37.65019253360056
20
-56.75667760145176
0
VERTEX
8
C2
10
37.6495508982036
20
-56.76646706586827
0
VERTEX
8
C2
10
37.65019253360056
20
-56.77625653028477
0
VERTEX
8
C2
10
37.652106461231895
20
-56.78587849425095
0
VERTEX
8
C2
10
37.65525993326524
20
-56.79516832329565
0
VERTEX
8
C2
10
37.659598992919754
20
-56.803967065868264
0
VERTEX
8
C2
10
37.665049397681756
20
-56.81212417304392
0
VERTEX
8
C2
10
37.671517889614606
20
-56.81950007445726
0
VERTEX
8
C2
10
37.67889379102793
20
-56.82596856639011
0
VERTEX
8
C2
10
37.687050898203594
20
-56.8314189711521
0
VERTEX
8
C2
10
37.69584964077622
20
-56.83575803080661
0
VERTEX
8
C2
10
37.70513946982091
20
-56.83891150283995
0
VERTEX
8
C2
10
37.714761433787075
20
-56.8408254304713
0
VERTEX
8
C2
10
37.72455089820359
20
-56.841467065868265
0
VERTEX
8
C2
10
37.7343403626201
20
-56.8408254304713
0
VERTEX
8
C2
10
37.74396232658627
20
-56.83891150283995
0
VERTEX
8
C2
10
37.75325215563096
20
-56.83575803080661
0
VERTEX
8
C2
10
37.76205089820358
20
-56.8314189711521
0
VERTEX
8
C2
10
37.770208005379246
20
-56.82596856639011
0
VERTEX
8
C2
10
37.77758390679257
20
-56.81950007445726
0
VERTEX
8
C2
10
37.78405239872542
20
-56.81212417304392
0
VERTEX
8
C2
10
37.78950280348742
20
-56.803967065868264
0
VERTEX
8
C2
10
37.793841863141935
20
-56.79516832329565
0
VERTEX
8
C2
10
37.79699533517528
20
-56.78587849425095
0
VERTEX
8
C2
10
37.79890926280662
20
-56.77625653028477
0
VERTEX
8
C2
10
37.79955089820358
20
-56.76646706586827
0
VERTEX
8
C2
10
37.79890926280662
20
-56.75667760145176
0
VERTEX
8
C2
10
37.79699533517528
20
-56.74705563748558
0
VERTEX
8
C2
10
37.793841863141935
20
-56.737765808440884
0
VERTEX
8
C2
10
37.78950280348742
20
-56.72896706586827
0
VERTEX
8
C2
10
37.78405239872542
20
-56.72080995869261
0
VERTEX
8
C2
10
37.77758390679257
20
-56.71343405727927
0
VERTEX
8
C2
10
37.770208005379246
20
-56.70696556534642
0
VERTEX
8
C2
10
37.76205089820358
20
-56.701515160584435
0
VERTEX
8
C2
10
37.75325215563096
20
-56.69717610092992
0
VERTEX
8
C2
10
37.74396232658627
20
-56.69402262889658
0
VERTEX
8
C2
10
37.7343403626201
20
-56.692108701265234
0
VERTEX
8
C2
10
37.72455089820359
20
-56.69146706586827
0
SEQEND
0
POLYLINE
8
C2
66
1
70
1
0
VERTEX
8
C2
10
41.85628742514969
20
-55.61362275449102
0
VERTEX
8
C2
10
41.8464979607332
20
-55.614264389887985
0
VERTEX
8
C2
10
41.836875996767006
20
-55.61617831751934
0
VERTEX
8
C2
10
41.827586167722316
20
-55.619331789552675
0
VERTEX
8
C2
10
41.818787425149694
20
-55.62367084920719
0
VERTEX
8
C2
10
41.81063031797403
20
-55.62912125396918
0
VERTEX
8
C2
10
41.803254416560705
20
-55.63558974590203
0
VERTEX
8
C2
10
41.796785924627855
20
-55.642965647315364
0
VERTEX
8
C2
10
41.791335519865854
20
-55.65112275449102
0
VERTEX
8
C2
10
41.78699646021134
20
-55.659921497063635
0
VERTEX
8
C2
10
41.78384298817802
20
-55.66921132610833
0
VERTEX
8
C2
10
41.78192906054666
20
-55.678833290074515
0
VERTEX
8
C2
10
41.7812874251497
20
-55.68862275449102
0
VERTEX
8
C2
10
41.78192906054666
20
-55.69841221890752
0
VERTEX
8
C2
10
41.78384298817802
20
-55.70803418287371
0
VERTEX
8
C2
10
41.78699646021134
20
-55.7173240119184
0
VERTEX
8
C2
10
41.791335519865854
20
-55.72612275449102
0
VERTEX
8
C2
10
41.796785924627855
20
-55.73427986166667
0
VERTEX
8
C2
10
41.803254416560705
20
-55.74165576308001
0
VERTEX
8
C2
10
41.81063031797403
20
-55.74812425501286
0
VERTEX
8
C2
10
41.818787425149694
20
-55.753574659774856
0
VERTEX
8
C2
10
41.827586167722316
20
-55.75791371942937
0
VERTEX
8
C2
10
41.836875996767006
20
-55.7610671914627
0
VERTEX
8
C2
10
41.8464979607332
20
-55.76298111909406
0
VERTEX
8
C2
10
41.85628742514969
20
-55.763622754491024
0
VERTEX
8
C2
10
41.8660768895662
20
-55.76298111909406
0
VERTEX
8
C2
10
41.8756988535324
20
-55.7610671914627
0
VERTEX
8
C2
10
41.88498868257709
20
-55.75791371942937
0
VERTEX
8
C2
10
41.89378742514968
20
-55.753574659774856
0
VERTEX
8
C2
10
41.901944532325345
20
-55.74812425501286
0
VERTEX
8
C2
10
41.9093204337387
20
-55.74165576308001
0
VERTEX
8
C2
10
41.91578892567155
20
-55.73427986166667
0
VERTEX
8
C2
10
41.92123933043352
20
-55.72612275449102
0
VERTEX
8
C2
10
41.925578390088035
20
-55.7173240119184
0
VERTEX
8
C2
10
41.92873186212138
20
-55.70803418287371
0
VERTEX
8
C2
10
41.930645789752745
20
-55.69841221890752
0
VERTEX
8
C2
10
41.931287425149705
20
-55.68862275449102
0
VERTEX
8
C2
10
41.930645789752745
20
-55.678833290074515
0
VERTEX
8
C2
10
41.92873186212138
20
-55.66921132610833
0
VERTEX
8
C2
10
41.925578390088035
20
-55.659921497063635
0
VERTEX
8
C2
10
41.92123933043352
20
-55.65112275449102
0
VERTEX
8
C2
10
41.91578892567155
20
-55.642965647315364
0
VERTEX
8
C2
10
41.9093204337387
20
-55.63558974590203
0
VERTEX
8
C2
10
41.901944532325345
20
-55.62912125396918
0
VERTEX
8
C2
10
41.89378742514968
20
-55.62367084920719
0
VERTEX
8
C2
10
41.88498868257709
20
-55.619331789552675
0
VERTEX
8
C2
10
41.8756988535324
20
-55.61617831751934
0
VERTEX
8
C2
10
41.8660768895662
20
-55.614264389887985
0
VERTEX
8
C2
10
41.85628742514969
20
-55.61362275449102
0
SEQEND
0
POLYLINE
8
C2
66
1
70
1
0
VERTEX
8
C2
10
37.72455089820359
20
-55.73338323353293
0
VERTEX
8
C2
10
37.714761433787075
20
-55.7340248689299
0
VERTEX
8
C2
10
37.70513946982091
20
-55.73593879656126
0
VERTEX
8
C2
10
37.69584964077622
20
-55.73909226859459
0
VERTEX
8
C2
10
37.687050898203594
20
-55.7434313282491
0
VERTEX
8
C2
10
37.67889379102793
20
-55.748881733011096
0
VERTEX
8
C2
10
37.671517889614606
20
-55.755350224943946
0
VERTEX
8
C2
10
37.665049397681756
20
-55.762726126357286
0
VERTEX
8
C2
10
37.659598992919754
20
-55.770883233532935
0
VERTEX
8
C2
10
37.65525993326524
20
-55.77968197610556
0
VERTEX
8
C2
10
37.652106461231895
20
-55.78897180515025
0
VERTEX
8
C2
10
37.65019253360056
20
-55.79859376911644
0
VERTEX
8
C2
10
37.6495508982036
20
-55.808383233532936
0
VERTEX
8
C2
10
37.65019253360056
20
-55.81817269794944
0
VERTEX
8
C2
10
37.652106461231895
20
-55.827794661915625
0
VERTEX
8
C2
10
37.65525993326524
20
-55.83708449096032
0
VERTEX
8
C2
10
37.659598992919754
20
-55.84588323353294
0
VERTEX
8
C2
10
37.665049397681756
20
-55.85404034070859
0
VERTEX
8
C2
10
37.671517889614606
20
-55.861416242121926
0
VERTEX
8
C2
10
37.67889379102793
20
-55.867884734054776
0
VERTEX
8
C2
10
37.687050898203594
20
-55.87333513881677
0
VERTEX
8
C2
10
37.69584964077622
20
-55.87767419847128
0
VERTEX
8
C2
10
37.70513946982091
20
-55.880827670504615
0
VERTEX
8
C2
10
37.714761433787075
20
-55.88274159813597
0
VERTEX
8
C2
10
37.72455089820359
20
-55.88338323353294
0
VERTEX
8
C2
10
37.7343403626201
20
-55.88274159813597
0
VERTEX
8
C2
10
37.74396232658627
20
-55.880827670504615
0
VERTEX
8
C2
10
37.75325215563096
20
-55.87767419847128
0
VERTEX
8
C2
10
37.76205089820358
20
-55.87333513881677
0
VERTEX
8
C2
10
37.770208005379246
20
-55.867884734054776
0
VERTEX
8
C2
10
37.77758390679257
20
-55.861416242121926
0
VERTEX
8
C2
10
37.78405239872542
20
-55.85404034070859
0
VERTEX
8
C2
10
37.78950280348742
20
-55.84588323353294
0
VERTEX
8
C2
10
37.793841863141935
20
-55.83708449096032
0
VERTEX
8
C2
10
37.79699533517528
20
-55.827794661915625
0
VERTEX
8
C2
10
37.79890926280662
20
-55.81817269794944
0
VERTEX
8
C2
10
37.79955089820358
20
-55.808383233532936
0
VERTEX
8
C2
10
37.79890926280662
20
-55.79859376911644
0
VERTEX
8
C2
10
37.79699533517528
20
-55.78897180515025
0
VERTEX
8
C2
10
37.793841863141935
20
-55.77968197610556
0
VERTEX
8
C2
10
37.78950280348742
20
-55.770883233532935
0
VERTEX
8
C2
10
37.78405239872542
20
-55.762726126357286
0
VERTEX
8
C2
10
37.77758390679257
20
-55.755350224943946
0
VERTEX
8
C2
10
37.770208005379246
20
-55.748881733011096
0
VERTEX
8
C2
10
37.76205089820358
20
-55.7434313282491
0
VERTEX
8
C2
10
37.75325215563096
20
-55.73909226859459
0
VERTEX
8
C2
10
37.74396232658627
20
-55.73593879656126
0
VERTEX
8
C2
10
37.7343403626201
20
-55.7340248689299
0
VERTEX
8
C2
10
37.72455089820359
20
-55.73338323353293
0
SEQEND
0
POLYLINE
8
C2
66
1
70
1
0
VERTEX
8
C2
10
37.72455089820359
20
-54.77529940119761
0
VERTEX
8
C2
10
37.714761433787075
20
-54.775941036594574
0
VERTEX
8
C2
10
37.70513946982091
20
-54.77785496422593
0
VERTEX
8
C2
10
37.69584964077622
20
-54.78100843625926
0
VERTEX
8
C2
10
37.687050898203594
20
-54.785347495913776
0
VERTEX
8
C2
10
37.67889379102793
20
-54.79079790067576
0
VERTEX
8
C2
10
37.671517889614606
20
-54.79726639260862
0
VERTEX
8
C2
10
37.665049397681756
20
-54.80464229402195
0
VERTEX
8
C2
10
37.659598992919754
20
-54.81279940119761
0
VERTEX
8
C2
10
37.65525993326524
20
-54.821598143770224
0
VERTEX
8
C2
10
37.652106461231895
20
-54.83088797281492
0
VERTEX
8
C2
10
37.65019253360056
20
-54.8405099367811
0
VERTEX
8
C2
10
37.6495508982036
20
-54.85029940119761
0
VERTEX
8
C2
10
37.65019253360056
20
-54.86008886561411
0
VERTEX
8
C2
10
37.652106461231895
20
-54.8697108295803
0
VERTEX
8
C2
10
37.65525993326524
20
-54.87900065862499
0
VERTEX
8
C2
10
37.659598992919754
20
-54.887799401197604
0
VERTEX
8
C2
10
37.665049397681756
20
-54.89595650837326
0
VERTEX
8
C2
10
37.671517889614606
20
-54.9033324097866
0
VERTEX
8
C2
10
37.67889379102793
20
-54.90980090171945
0
VERTEX
8
C2
10
37.687050898203594
20
-54.91525130648144
0
VERTEX
8
C2
10
37.69584964077622
20
-54.91959036613596
0
VERTEX
8
C2
10
37.70513946982091
20
-54.92274383816929
0
VERTEX
8
C2
10
37.714761433787075
20
-54.924657765800646
0
VERTEX
8
C2
10
37.72455089820359
20
-54.925299401197606
0
VERTEX
8
C2
10
37.7343403626201
20
-54.924657765800646
0
VERTEX
8
C2
10
37.74396232658627
20
-54.92274383816929
0
VERTEX
8
C2
10
37.75325215563096
20
-54.91959036613596
0
VERTEX
8
C2
10
37.76205089820358
20
-54.91525130648144
0
VERTEX
8
C2
10
37.770208005379246
20
-54.90980090171945
0
VERTEX
8
C2
10
37.77758390679257
20
-54.9033324097866
0
VERTEX
8
C2
10
37.78405239872542
20
-54.89595650837326
0
VERTEX
8
C2
10
37.78950280348742
20
-54.887799401197604
0
VERTEX
8
C2
10
37.793841863141935
20
-54.87900065862499
0
VERTEX
8
C2
10
37.79699533517528
20
-54.8697108295803
0
VERTEX
8
C2
10
37.79890926280662
20
-54.86008886561411
0
VERTEX
8
C2
10
37.79955089820358
20
-54.85029940119761
0
VERTEX
8
C2
10
37.79890926280662
20
-54.8405099367811
0
VERTEX
8
C2
10
37.79699533517528
20
-54.83088797281492
0
VERTEX
8
C2
10
37.793841863141935
20
-54.821598143770224
0
VERTEX
8
C2
10
37.78950280348742
20
-54.81279940119761
0
VERTEX
8
C2
10
37.78405239872542
20
-54.80464229402195
0
VERTEX
8
C2
10
37.77758390679257
20
-54.79726639260862
0
VERTEX
8
C2
10
37.770208005379246
20
-54.79079790067576
0
VERTEX
8
C2
10
37.76205089820358
20
-54.785347495913776
0
VERTEX
8
C2
10
37.75325215563096
20
-54.78100843625926
0
VERTEX
8
C2
10
37.74396232658627
20
-54.77785496422593
0
VERTEX
8
C2
10
37.7343403626201
20
-54.775941036594574
0
VERTEX
8
C2
10
37.72455089820359
20
-54.77529940119761
0
SEQEND
0
POLYLINE
8
C2
66
1
70
1
0
VERTEX
8
C2
10
37.72455089820359
20
-53.81721556886228
0
VERTEX
8
C2
10
37.714761433787075
20
-53.81785720425924
0
VERTEX
8
C2
10
37.70513946982091
20
-53.8197711318906
0
VERTEX
8
C2
10
37.69584964077622
20
-53.82292460392393
0
VERTEX
8
C2
10
37.687050898203594
20
-53.82726366357844
0
VERTEX
8
C2
10
37.67889379102793
20
-53.83271406834044
0
VERTEX
8
C2
10
37.671517889614606
20
-53.83918256027329
0
VERTEX
8
C2
10
37.665049397681756
20
-53.84655846168663
0
VERTEX
8
C2
10
37.659598992919754
20
-53.854715568862275
0
VERTEX
8
C2
10
37.65525993326524
20
-53.8635143114349
0
VERTEX
8
C2
10
37.652106461231895
20
-53.87280414047959
0
VERTEX
8
C2
10
37.65019253360056
20
-53.88242610444578
0
VERTEX
8
C2
10
37.6495508982036
20
-53.89221556886228
0
VERTEX
8
C2
10
37.65019253360056
20
-53.90200503327878
0
VERTEX
8
C2
10
37.652106461231895
20
-53.911626997244966
0
VERTEX
8
C2
10
37.65525993326524
20
-53.92091682628966
0
VERTEX
8
C2
10
37.659598992919754
20
-53.92971556886228
0
VERTEX
8
C2
10
37.665049397681756
20
-53.937872676037934
0
VERTEX
8
C2
10
37.671517889614606
20
-53.94524857745127
0
VERTEX
8
C2
10
37.67889379102793
20
-53.951717069384124
0
VERTEX
8
C2
10
37.687050898203594
20
-53.95716747414611
0
VERTEX
8
C2
10
37.69584964077622
20
-53.96150653380062
0
VERTEX
8
C2
10
37.70513946982091
20
-53.964660005833956
0
VERTEX
8
C2
10
37.714761433787075
20
-53.96657393346531
0
VERTEX
8
C2
10
37.72455089820359
20
-53.96721556886228
0
VERTEX
8
C2
10
37.7343403626201
20
-53.96657393346531
0
VERTEX
8
C2
10
37.74396232658627
20
-53.964660005833956
0
VERTEX
8
C2
10
37.75325215563096
20
-53.96150653380062
0
VERTEX
8
C2
10
37.76205089820358
20
-53.95716747414611
0
VERTEX
8
C2
10
37.770208005379246
20
-53.951717069384124
0
VERTEX
8
C2
10
37.77758390679257
20
-53.94524857745127
0
VERTEX
8
C2
10
37.78405239872542
20
-53.937872676037934
0
VERTEX
8
C2
10
37.78950280348742
20
-53.92971556886228
0
VERTEX
8
C2
10
37.793841863141935
20
-53.92091682628966
0
VERTEX
8
C2
10
37.79699533517528
20
-53.911626997244966
0
VERTEX
8
C2
10
37.79890926280662
20
-53.90200503327878
0
VERTEX
8
C2
10
37.79955089820358
20
-53.89221556886228
0
VERTEX
8
C2
10
37.79890926280662
20
-53.88242610444578
0
VERTEX
8
C2
10
37.79699533517528
20
-53.87280414047959
0
VERTEX
8
C2
10
37.793841863141935
20
-53.8635143114349
0
VERTEX
8
C2
10
37.78950280348742
20
-53.854715568862275
0
VERTEX
8
C2
10
37.78405239872542
20
-53.84655846168663
0
VERTEX
8
C2
10
37.77758390679257
20
-53.83918256027329
0
VERTEX
8
C2
10
37.770208005379246
20
-53.83271406834044
0
VERTEX
8
C2
10
37.76205089820358
20
-53.82726366357844
0
VERTEX
8
C2
10
37.75325215563096
20
-53.82292460392393
0
VERTEX
8
C2
10
37.74396232658627
20
-53.8197711318906
0
VERTEX
8
C2
10
37.7343403626201
20
-53.81785720425924
0
VERTEX
8
C2
10
37.72455089820359
20
-53.81721556886228
0
SEQEND
0
POLYLINE
8
C2
66
1
70
1
0
VERTEX
8
C2
10
39.143712574850284
20
-53.577694610778444
0
VERTEX
8
C2
10
39.1339231104338
20
-53.57833624617541
0
VERTEX
8
C2
10
39.1243011464676
20
-53.58025017380677
0
VERTEX
8
C2
10
39.11501131742291
20
-53.5834036458401
0
VERTEX
8
C2
10
39.10621257485029
20
-53.58774270549461
0
VERTEX
8
C2
10
39.098055467674655
20
-53.5931931102566
0
VERTEX
8
C2
10
39.0906795662613
20
-53.59966160218946
0
VERTEX
8
C2
10
39.08421107432845
20
-53.60703750360279
0
VERTEX
8
C2
10
39.07876066956645
20
-53.615194610778445
0
VERTEX
8
C2
10
39.07442160991194
20
-53.62399335335106
0
VERTEX
8
C2
10
39.07126813787862
20
-53.63328318239576
0
VERTEX
8
C2
10
39.069354210247255
20
-53.64290514636194
0
VERTEX
8
C2
10
39.068712574850295
20
-53.65269461077845
0
VERTEX
8
C2
10
39.069354210247255
20
-53.662484075194946
0
VERTEX
8
C2
10
39.07126813787862
20
-53.672106039161136
0
VERTEX
8
C2
10
39.07442160991194
20
-53.681395868205826
0
VERTEX
8
C2
10
39.07876066956645
20
-53.69019461077845
0
VERTEX
8
C2
10
39.08421107432845
20
-53.6983517179541
0
VERTEX
8
C2
10
39.0906795662613
20
-53.70572761936744
0
VERTEX
8
C2
10
39.098055467674655
20
-53.71219611130029
0
VERTEX
8
C2
10
39.10621257485029
20
-53.71764651606228
0
VERTEX
8
C2
10
39.11501131742291
20
-53.72198557571679
0
VERTEX
8
C2
10
39.1243011464676
20
-53.725139047750126
0
VERTEX
8
C2
10
39.1339231104338
20
-53.72705297538148
0
VERTEX
8
C2
10
39.143712574850284
20
-53.72769461077844
0
VERTEX
8
C2
10
39.1535020392668
20
-53.72705297538148
0
VERTEX
8
C2
10
39.163124003232994
20
-53.725139047750126
0
VERTEX
8
C2
10
39.172413832277684
20
-53.72198557571679
0
VERTEX
8
C2
10
39.181212574850306
20
-53.71764651606228
0
VERTEX
8
C2
10
39.18936968202594
20
-53.71219611130029
0
VERTEX
8
C2
10
39.196745583439295
20
-53.70572761936744
0
VERTEX
8
C2
10
39.203214075372145
20
-53.6983517179541
0
VERTEX
8
C2
10
39.20866448013412
20
-53.69019461077845
0
VERTEX
8
C2
10
39.21300353978863
20
-53.681395868205826
0
VERTEX
8
C2
10
39.21615701182198
20
-53.672106039161136
0
VERTEX
8
C2
10
39.21807093945334
20
-53.662484075194946
0
VERTEX
8
C2
10
39.2187125748503
20
-53.65269461077845
0
VERTEX
8
C2
10
39.21807093945334
20
-53.64290514636194
0
VERTEX
8
C2
10
39.21615701182198
20
-53.63328318239576
0
VERTEX
8
C2
10
39.21300353978863
20
-53.62399335335106
0
VERTEX
8
C2
10
39.20866448013412
20
-53.615194610778445
0
VERTEX
8
C2
10
39.203214075372145
20
-53.60703750360279
0
VERTEX
8
C2
10
39.196745583439295
20
-53.59966160218946
0
VERTEX
8
C2
10
39.18936968202594
20
-53.5931931102566
0
VERTEX
8
C2
10
39.181212574850306
20
-53.58774270549461
0
VERTEX
8
C2
10
39.172413832277684
20
-53.5834036458401
0
VERTEX
8
C2
10
39.163124003232994
20
-53.58025017380677
0
VERTEX
8
C2
10
39.1535020392668
20
-53.57833624617541
0
VERTEX
8
C2
10
39.143712574850284
20
-53.577694610778444
0
SEQEND
0
POLYLINE
8
C2
66
1
70
1
0
VERTEX
8
C2
10
37.72455089820359
20
-53.338173652694614
0
VERTEX
8
C2
10
37.714761433787075
20
-53.33881528809158
0
VERTEX
8
C2
10
37.70513946982091
20
-53.34072921572293
0
VERTEX
8
C2
10
37.69584964077622
20
-53.34388268775627
0
VERTEX
8
C2
10
37.687050898203594
20
-53.34822174741078
0
VERTEX
8
C2
10
37.67889379102793
20
-53.35367215217277
0
VERTEX
8
C2
10
37.671517889614606
20
-53.36014064410562
0
VERTEX
8
C2
10
37.665049397681756
20
-53.36751654551896
0
VERTEX
8
C2
10
37.659598992919754
20
-53.375673652694616
0
VERTEX
8
C2
10
37.65525993326524
20
-53.38447239526723
0
VERTEX
8
C2
10
37.652106461231895
20
-53.39376222431193
0
VERTEX
8
C2
10
37.65019253360056
20
-53.40338418827811
0
VERTEX
8
C2
10
37.6495508982036
20
-53.41317365269461
0
VERTEX
8
C2
10
37.65019253360056
20
-53.42296311711112
0
VERTEX
8
C2
10
37.652106461231895
20
-53.4325850810773
0
VERTEX
8
C2
10
37.65525993326524
20
-53.441874910121996
0
VERTEX
8
C2
10
37.659598992919754
20
-53.45067365269461
0
VERTEX
8
C2
10
37.665049397681756
20
-53.45883075987027
0
VERTEX
8
C2
10
37.671517889614606
20
-53.46620666128361
0
VERTEX
8
C2
10
37.67889379102793
20
-53.47267515321646
0
VERTEX
8
C2
10
37.687050898203594
20
-53.478125557978444
0
VERTEX
8
C2
10
37.69584964077622
20
-53.48246461763296
0
VERTEX
8
C2
10
37.70513946982091
20
-53.485618089666296
0
VERTEX
8
C2
10
37.714761433787075
20
-53.487532017297646
0
VERTEX
8
C2
10
37.72455089820359
20
-53.48817365269461
0
VERTEX
8
C2
10
37.7343403626201
20
-53.487532017297646
0
VERTEX
8
C2
10
37.74396232658627
20
-53.485618089666296
0
VERTEX
8
C2
10
37.75325215563096
20
-53.48246461763296
0
VERTEX
8
C2
10
37.76205089820358
20
-53.478125557978444
0
VERTEX
8
C2
10
37.770208005379246
20
-53.47267515321646
0
VERTEX
8
C2
10
37.77758390679257
20
-53.46620666128361
0
VERTEX
8
C2
10
37.78405239872542
20
-53.45883075987027
0
VERTEX
8
C2
10
37.78950280348742
20
-53.45067365269461
0
VERTEX
8
C2
10
37.793841863141935
20
-53.441874910121996
0
VERTEX
8
C2
10
37.79699533517528
20
-53.4325850810773
0
VERTEX
8
C2
10
37.79890926280662
20
-53.42296311711112
0
VERTEX
8
C2
10
37.79955089820358
20
-53.41317365269461
0
VERTEX
8
C2
10
37.79890926280662
20
-53.40338418827811
0
VERTEX
8
C2
10
37.79699533517528
20
-53.39376222431193
0
VERTEX
8
C2
10
37.793841863141935
20
-53.38447239526723
0
VERTEX
8
C2
10
37.78950280348742
20
-53.375673652694616
0
VERTEX
8
C2
10
37.78405239872542
20
-53.36751654551896
0
VERTEX
8
C2
10
37.77758390679257
20
-53.36014064410562
0
VERTEX
8
C2
10
37.770208005379246
20
-53.35367215217277
0
VERTEX
8
C2
10
37.76205089820358
20
-53.34822174741078
0
VERTEX
8
C2
10
37.75325215563096
20
-53.34388268775627
0
VERTEX
8
C2
10
37.74396232658627
20
-53.34072921572293
0
VERTEX
8
C2
10
37.7343403626201
20
-53.33881528809158
0
VERTEX
8
C2
10
37.72455089820359
20
-53.338173652694614
0
SEQEND
0
POLYLINE
8
C2
66
1
70
1
0
VERTEX
8
C2
10
38.9820359281437
20
-55.61362275449102
0
VERTEX
8
C2
10
38.97224646372722
20
-55.614264389887985
0
VERTEX
8
C2
10
38.96262449976102
20
-55.61617831751934
0
VERTEX
8
C2
10
38.95333467071633
20
-55.619331789552675
0
VERTEX
8
C2
10
38.94453592814371
20
-55.62367084920719
0
VERTEX
8
C2
10
38.936378820968045
20
-55.62912125396918
0
VERTEX
8
C2
10
38.92900291955472
20
-55.63558974590203
0
VERTEX
8
C2
10
38.92253442762187
20
-55.642965647315364
0
VERTEX
8
C2
10
38.91708402285987
20
-55.65112275449102
0
VERTEX
8
C2
10
38.912744963205355
20
-55.659921497063635
0
VERTEX
8
C2
10
38.90959149117204
20
-55.66921132610833
0
VERTEX
8
C2
10
38.90767756354067
20
-55.678833290074515
0
VERTEX
8
C2
10
38.90703592814371
20
-55.68862275449102
0
VERTEX
8
C2
10
38.90767756354067
20
-55.69841221890752
0
VERTEX
8
C2
10
38.90959149117204
20
-55.70803418287371
0
VERTEX
8
C2
10
38.912744963205355
20
-55.7173240119184
0
VERTEX
8
C2
10
38.91708402285987
20
-55.72612275449102
0
VERTEX
8
C2
10
38.92253442762187
20
-55.73427986166667
0
VERTEX
8
C2
10
38.92900291955472
20
-55.74165576308001
0
VERTEX
8
C2
10
38.936378820968045
20
-55.74812425501286
0
VERTEX
8
C2
10
38.94453592814371
20
-55.753574659774856
0
VERTEX
8
C2
10
38.95333467071633
20
-55.75791371942937
0
VERTEX
8
C2
10
38.96262449976102
20
-55.7610671914627
0
VERTEX
8
C2
10
38.97224646372722
20
-55.76298111909406
0
VERTEX
8
C2
10
38.9820359281437
20
-55.763622754491024
0
VERTEX
8
C2
10
38.991825392560216
20
-55.76298111909406
0
VERTEX
8
C2
10
39.001447356526384
20
-55.7610671914627
0
VERTEX
8
C2
10
39.0107371855711
20
-55.75791371942937
0
VERTEX
8
C2
10
39.019535928143696
20
-55.753574659774856
0
VERTEX
8
C2
10
39.02769303531936
20
-55.74812425501286
0
VERTEX
8
C2
10
39.03506893673271
20
-55.74165576308001
0
VERTEX
8
C2
10
39.04153742866556
20
-55.73427986166667
0
VERTEX
8
C2
10
39.046987833427536
20
-55.72612275449102
0
VERTEX
8
C2
10
39.05132689308205
20
-55.7173240119184
0
VERTEX
8
C2
10
39.054480365115396
20
-55.70803418287371
0
VERTEX
8
C2
10
39.05639429274673
20
-55.69841221890752
0
VERTEX
8
C2
10
39.05703592814372
20
-55.68862275449102
0
VERTEX
8
C2
10
39.05639429274673
20
-55.678833290074515
0
VERTEX
8
C2
10
39.054480365115396
20
-55.66921132610833
0
VERTEX
8
C2
10
39.05132689308205
20
-55.659921497063635
0
VERTEX
8
C2
10
39.046987833427536
20
-55.65112275449102
0
VERTEX
8
C2
10
39.04153742866556
20
-55.642965647315364
0
VERTEX
8
C2
10
39.03506893673271
20
-55.63558974590203
0
VERTEX
8
C2
10
39.02769303531936
20
-55.62912125396918
0
VERTEX
8
C2
10
39.019535928143696
20
-55.62367084920719
0
VERTEX
8
C2
10
39.0107371855711
20
-55.619331789552675
0
VERTEX
8
C2
10
39.001447356526384
20
-55.61617831751934
0
VERTEX
8
C2
10
38.991825392560216
20
-55.614264389887985
0
VERTEX
8
C2
10
38.9820359281437
20
-55.61362275449102
0
SEQEND
0
POLYLINE
8
C2
66
1
70
1
0
VERTEX
8
C2
10
37.72455089820359
20
-54.29625748502994
0
VERTEX
8
C2
10
37.714761433787075
20
-54.29689912042691
0
VERTEX
8
C2
10
37.70513946982091
20
-54.298813048058264
0
VERTEX
8
C2
10
37.69584964077622
20
-54.3019665200916
0
VERTEX
8
C2
10
37.687050898203594
20
-54.30630557974611
0
VERTEX
8
C2
10
37.67889379102793
20
-54.3117559845081
0
VERTEX
8
C2
10
37.671517889614606
20
-54.31822447644095
0
VERTEX
8
C2
10
37.665049397681756
20
-54.325600377854286
0
VERTEX
8
C2
10
37.659598992919754
20
-54.33375748502994
0
VERTEX
8
C2
10
37.65525993326524
20
-54.342556227602564
0
VERTEX
8
C2
10
37.652106461231895
20
-54.351846056647254
0
VERTEX
8
C2
10
37.65019253360056
20
-54.36146802061344
0
VERTEX
8
C2
10
37.6495508982036
20
-54.37125748502994
0
VERTEX
8
C2
10
37.65019253360056
20
-54.38104694944645
0
VERTEX
8
C2
10
37.652106461231895
20
-54.39066891341263
0
VERTEX
8
C2
10
37.65525993326524
20
-54.39995874245732
0
VERTEX
8
C2
10
37.659598992919754
20
-54.408757485029945
0
VERTEX
8
C2
10
37.665049397681756
20
-54.4169145922056
0
VERTEX
8
C2
10
37.671517889614606
20
-54.42429049361893
0
VERTEX
8
C2
10
37.67889379102793
20
-54.43075898555178
0
VERTEX
8
C2
10
37.687050898203594
20
-54.43620939031378
0
VERTEX
8
C2
10
37.69584964077622
20
-54.44054844996829
0
VERTEX
8
C2
10
37.70513946982091
20
-54.44370192200162
0
VERTEX
8
C2
10
37.714761433787075
20
-54.44561584963298
0
VERTEX
8
C2
10
37.72455089820359
20
-54.446257485029946
0
VERTEX
8
C2
10
37.7343403626201
20
-54.44561584963298
0
VERTEX
8
C2
10
37.74396232658627
20
-54.44370192200162
0
VERTEX
8
C2
10
37.75325215563096
20
-54.44054844996829
0
VERTEX
8
C2
10
37.76205089820358
20
-54.43620939031378
0
VERTEX
8
C2
10
37.770208005379246
20
-54.43075898555178
0
VERTEX
8
C2
10
37.77758390679257
20
-54.42429049361893
0
VERTEX
8
C2
10
37.78405239872542
20
-54.4169145922056
0
VERTEX
8
C2
10
37.78950280348742
20
-54.408757485029945
0
VERTEX
8
C2
10
37.793841863141935
20
-54.39995874245732
0
VERTEX
8
C2
10
37.79699533517528
20
-54.39066891341263
0
VERTEX
8
C2
10
37.79890926280662
20
-54.38104694944645
0
VERTEX
8
C2
10
37.79955089820358
20
-54.37125748502994
0
VERTEX
8
C2
10
37.79890926280662
20
-54.36146802061344
0
VERTEX
8
C2
10
37.79699533517528
20
-54.351846056647254
0
VERTEX
8
C2
10
37.793841863141935
20
-54.342556227602564
0
VERTEX
8
C2
10
37.78950280348742
20
-54.33375748502994
0
VERTEX
8
C2
10
37.78405239872542
20
-54.325600377854286
0
VERTEX
8
C2
10
37.77758390679257
20
-54.31822447644095
0
VERTEX
8
C2
10
37.770208005379246
20
-54.3117559845081
0
VERTEX
8
C2
10
37.76205089820358
20
-54.30630557974611
0
VERTEX
8
C2
10
37.75325215563096
20
-54.3019665200916
0
VERTEX
8
C2
10
37.74396232658627
20
-54.298813048058264
0
VERTEX
8
C2
10
37.7343403626201
20
-54.29689912042691
0
VERTEX
8
C2
10
37.72455089820359
20
-54.29625748502994
0
SEQEND
0
POLYLINE
8
C2
66
1
70
1
0
VERTEX
8
C2
10
37.72455089820359
20
-55.254341317365274
0
VERTEX
8
C2
10
37.714761433787075
20
-55.254982952762234
0
VERTEX
8
C2
10
37.70513946982091
20
-55.25689688039359
0
VERTEX
8
C2
10
37.69584964077622
20
-55.26005035242692
0
VERTEX
8
C2
10
37.687050898203594
20
-55.26438941208144
0
VERTEX
8
C2
10
37.67889379102793
20
-55.26983981684343
0
VERTEX
8
C2
10
37.671517889614606
20
-55.27630830877628
0
VERTEX
8
C2
10
37.665049397681756
20
-55.28368421018962
0
VERTEX
8
C2
10
37.659598992919754
20
-55.291841317365275
0
VERTEX
8
C2
10
37.65525993326524
20
-55.30064005993789
0
VERTEX
8
C2
10
37.652106461231895
20
-55.30992988898258
0
VERTEX
8
C2
10
37.65019253360056
20
-55.31955185294877
0
VERTEX
8
C2
10
37.6495508982036
20
-55.32934131736527
0
VERTEX
8
C2
10
37.65019253360056
20
-55.339130781781776
0
VERTEX
8
C2
10
37.652106461231895
20
-55.34875274574796
0
VERTEX
8
C2
10
37.65525993326524
20
-55.358042574792655
0
VERTEX
8
C2
10
37.659598992919754
20
-55.36684131736527
0
VERTEX
8
C2
10
37.665049397681756
20
-55.37499842454093
0
VERTEX
8
C2
10
37.671517889614606
20
-55.38237432595427
0
VERTEX
8
C2
10
37.67889379102793
20
-55.38884281788712
0
VERTEX
8
C2
10
37.687050898203594
20
-55.394293222649104
0
VERTEX
8
C2
10
37.69584964077622
20
-55.398632282303616
0
VERTEX
8
C2
10
37.70513946982091
20
-55.401785754336956
0
VERTEX
8
C2
10
37.714761433787075
20
-55.403699681968305
0
VERTEX
8
C2
10
37.72455089820359
20
-55.40434131736527
0
VERTEX
8
C2
10
37.7343403626201
20
-55.403699681968305
0
VERTEX
8
C2
10
37.74396232658627
20
-55.401785754336956
0
VERTEX
8
C2
10
37.75325215563096
20
-55.398632282303616
0
VERTEX
8
C2
10
37.76205089820358
20
-55.394293222649104
0
VERTEX
8
C2
10
37.770208005379246
20
-55.38884281788712
0
VERTEX
8
C2
10
37.77758390679257
20
-55.38237432595427
0
VERTEX
8
C2
10
37.78405239872542
20
-55.37499842454093
0
VERTEX
8
C2
10
37.78950280348742
20
-55.36684131736527
0
VERTEX
8
C2
10
37.793841863141935
20
-55.358042574792655
0
VERTEX
8
C2
10
37.79699533517528
20
-55.34875274574796
0
VERTEX
8
C2
10
37.79890926280662
20
-55.339130781781776
0
VERTEX
8
C2
10
37.79955089820358
20
-55.32934131736527
0
VERTEX
8
C2
10
37.79890926280662
20
-55.31955185294877
0
VERTEX
8
C2
10
37.79699533517528
20
-55.30992988898258
0
VERTEX
8
C2
10
37.793841863141935
20
-55.30064005993789
0
VERTEX
8
C2
10
37.78950280348742
20
-55.291841317365275
0
VERTEX
8
C2
10
37.78405239872542
20
-55.28368421018962
0
VERTEX
8
C2
10
37.77758390679257
20
-55.27630830877628
0
VERTEX
8
C2
10
37.770208005379246
20
-55.26983981684343
0
VERTEX
8
C2
10
37.76205089820358
20
-55.26438941208144
0
VERTEX
8
C2
10
37.75325215563096
20
-55.26005035242692
0
VERTEX
8
C2
10
37.74396232658627
20
-55.25689688039359
0
VERTEX
8
C2
10
37.7343403626201
20
-55.254982952762234
0
VERTEX
8
C2
10
37.72455089820359
20
-55.254341317365274
0
SEQEND
0
POLYLINE
8
C2
66
1
70
1
0
VERTEX
8
C2
10
37.72455089820359
20
-56.2124251497006
0
VERTEX
8
C2
10
37.714761433787075
20
-56.21306678509757
0
VERTEX
8
C2
10
37.70513946982091
20
-56.214980712728924
0
VERTEX
8
C2
10
37.69584964077622
20
-56.218134184762256
0
VERTEX
8
C2
10
37.687050898203594
20
-56.22247324441677
0
VERTEX
8
C2
10
37.67889379102793
20
-56.227923649178756
0
VERTEX
8
C2
10
37.671517889614606
20
-56.23439214111161
0
VERTEX
8
C2
10
37.665049397681756
20
-56.241768042524946
0
VERTEX
8
C2
10
37.659598992919754
20
-56.2499251497006
0
VERTEX
8
C2
10
37.65525993326524
20
-56.25872389227322
0
VERTEX
8
C2
10
37.652106461231895
20
-56.268013721317914
0
VERTEX
8
C2
10
37.65019253360056
20
-56.277635685284096
0
VERTEX
8
C2
10
37.6495508982036
20
-56.2874251497006
0
VERTEX
8
C2
10
37.65019253360056
20
-56.2972146141171
0
VERTEX
8
C2
10
37.652106461231895
20
-56.30683657808329
0
VERTEX
8
C2
10
37.65525993326524
20
-56.31612640712798
0
VERTEX
8
C2
10
37.659598992919754
20
-56.324925149700604
0
VERTEX
8
C2
10
37.665049397681756
20
-56.33308225687625
0
VERTEX
8
C2
10
37.671517889614606
20
-56.34045815828959
0
VERTEX
8
C2
10
37.67889379102793
20
-56.34692665022244
0
VERTEX
8
C2
10
37.687050898203594
20
-56.35237705498444
0
VERTEX
8
C2
10
37.69584964077622
20
-56.35671611463895
0
VERTEX
8
C2
10
37.70513946982091
20
-56.35986958667228
0
VERTEX
8
C2
10
37.714761433787075
20
-56.36178351430364
0
VERTEX
8
C2
10
37.72455089820359
20
-56.3624251497006
0
VERTEX
8
C2
10
37.7343403626201
20
-56.36178351430364
0
VERTEX
8
C2
10
37.74396232658627
20
-56.35986958667228
0
VERTEX
8
C2
10
37.75325215563096
20
-56.35671611463895
0
VERTEX
8
C2
10
37.76205089820358
20
-56.35237705498444
0
VERTEX
8
C2
10
37.770208005379246
20
-56.34692665022244
0
VERTEX
8
C2
10
37.77758390679257
20
-56.34045815828959
0
VERTEX
8
C2
10
37.78405239872542
20
-56.33308225687625
0
VERTEX
8
C2
10
37.78950280348742
20
-56.324925149700604
0
VERTEX
8
C2
10
37.793841863141935
20
-56.31612640712798
0
VERTEX
8
C2
10
37.79699533517528
20
-56.30683657808329
0
VERTEX
8
C2
10
37.79890926280662
20
-56.2972146141171
0
VERTEX
8
C2
10
37.79955089820358
20
-56.2874251497006
0
VERTEX
8
C2
10
37.79890926280662
20
-56.277635685284096
0
VERTEX
8
C2
10
37.79699533517528
20
-56.268013721317914
0
VERTEX
8
C2
10
37.793841863141935
20
-56.25872389227322
0
VERTEX
8
C2
10
37.78950280348742
20
-56.2499251497006
0
VERTEX
8
C2
10
37.78405239872542
20
-56.241768042524946
0
VERTEX
8
C2
10
37.77758390679257
20
-56.23439214111161
0
VERTEX
8
C2
10
37.770208005379246
20
-56.227923649178756
0
VERTEX
8
C2
10
37.76205089820358
20
-56.22247324441677
0
VERTEX
8
C2
10
37.75325215563096
20
-56.218134184762256
0
VERTEX
8
C2
10
37.74396232658627
20
-56.214980712728924
0
VERTEX
8
C2
10
37.7343403626201
20
-56.21306678509757
0
VERTEX
8
C2
10
37.72455089820359
20
-56.2124251497006
0
SEQEND
0
POLYLINE
8
C2
66
1
70
1
0
VERTEX
8
C2
10
46.52694610778441
20
-57.565029940119764
0
VERTEX
8
C2
10
46.52694610778441
20
-55.209580838323355
0
VERTEX
8
C2
10
46.16766467065868
20
-55.209580838323355
0
VERTEX
8
C2
10
46.16766467065868
20
-55.808383233532936
0
VERTEX
8
C2
10
46.40718562874251
20
-55.808383233532936
0
VERTEX
8
C2
10
46.40718562874251
20
-56.047904191616766
0
VERTEX
8
C2
10
46.16766467065868
20
-56.047904191616766
0
VERTEX
8
C2
10
46.16766467065868
20
-57.0059880239521
0
VERTEX
8
C2
10
46.40718562874251
20
-57.0059880239521
0
VERTEX
8
C2
10
46.40718562874251
20
-57.24550898203593
0
VERTEX
8
C2
10
46.16766467065868
20
-57.24550898203593
0
VERTEX
8
C2
10
46.16766467065868
20
-57.565029940119764
0
VERTEX
8
C2
10
46.52694610778441
20
-57.565029940119764
0
SEQEND
0
POLYLINE
8
C2
66
1
70
1
0
VERTEX
8
C2
10
47.424750054456226
20
-55.808383233532936
0
VERTEX
8
C2
10
47.60479041916166
20
-55.808383233532936
0
VERTEX
8
C2
10
47.60479041916166
20
-55.32934131736527
0
VERTEX
8
C2
10
47.72455089820359
20
-55.32934131736527
0
VERTEX
8
C2
10
47.72455089820359
20
-55.68862275449102
0
VERTEX
8
C2
10
47.772455089820355
20
-55.68862275449102
0
VERTEX
8
C2
10
47.77663649515178
20
-55.71060645197381
0
VERTEX
8
C2
10
47.78859674051783
20
-55.7295199296113
0
VERTEX
8
C2
10
47.80666547075167
20
-55.742721751201444
0
VERTEX
8
C2
10
47.828319226176504
20
-55.74836816436037
0
VERTEX
8
C2
10
47.85053386630453
20
-55.745670597022404
0
VERTEX
8
C2
10
47.870206918085856
20
-55.73500578857734
0
VERTEX
8
C2
10
47.88459086400009
20
-55.717863174847324
0
VERTEX
8
C2
10
47.89167685743563
20
-55.69663687506163
0
VERTEX
8
C2
10
47.89047527607407
20
-55.67429133170749
0
VERTEX
8
C2
10
47.88115393149239
20
-55.65394729964032
0
VERTEX
8
C2
10
47.86501463277624
20
-55.638446004774686
0
VERTEX
8
C2
10
47.84431137724552
20
-55.629952341490224
0
VERTEX
8
C2
10
47.84431137724552
20
-55.209580838323355
0
VERTEX
8
C2
10
46.88622754491017
20
-55.209580838323355
0
VERTEX
8
C2
10
46.88622754491017
20
-55.808383233532936
0
VERTEX
8
C2
10
47.066267909615604
20
-55.808383233532936
0
VERTEX
8
C2
10
47.045585428266534
20
-55.76924847638517
0
VERTEX
8
C2
10
47.03333224803221
20
-55.72671432744678
0
VERTEX
8
C2
10
47.03002499511224
20
-55.682574137937756
0
VERTEX
8
C2
10
47.03580311195957
20
-55.63868897395871
0
VERTEX
8
C2
10
47.050422978020876
20
-55.59690914906536
0
VERTEX
8
C2
10
47.07326818141793
20
-55.55899621019858
0
VERTEX
8
C2
10
47.10337550848813
20
-55.5265486662475
0
VERTEX
8
C2
10
47.139475555397624
20
-55.50093459072444
0
VERTEX
8
C2
10
47.180046249534556
20
-55.483233940199234
0
VERTEX
8
C2
10
47.22337702408045
20
-55.474193020499236
0
VERTEX
8
C2
10
47.26764093999138
20
-55.474193020499236
0
VERTEX
8
C2
10
47.310971714537274
20
-55.483233940199234
0
VERTEX
8
C2
10
47.351542408674234
20
-55.50093459072444
0
VERTEX
8
C2
10
47.38764245558373
20
-55.5265486662475
0
VERTEX
8
C2
10
47.41774978265393
20
-55.55899621019858
0
VERTEX
8
C2
10
47.44059498605098
20
-55.59690914906536
0
VERTEX
8
C2
10
47.45521485211229
20
-55.63868897395871
0
VERTEX
8
C2
10
47.46099296895959
20
-55.682574137937756
0
VERTEX
8
C2
10
47.45768571603965
20
-55.72671432744678
0
VERTEX
8
C2
10
47.445432535805296
20
-55.76924847638517
0
VERTEX
8
C2
10
47.424750054456226
20
-55.808383233532936
0
SEQEND
0
POLYLINE
8
C2
66
1
70
1
0
VERTEX
8
C2
10
46.876747108194124
20
-53.59281437125749
0
VERTEX
8
C2
10
45.86826347305389
20
-53.59281437125749
0
VERTEX
8
C2
10
45.86826347305389
20
-54.37125748502994
0
VERTEX
8
C2
10
45.74850299401196
20
-54.37125748502994
0
VERTEX
8
C2
10
45.74850299401196
20
-53.59281437125749
0
VERTEX
8
C2
10
44.50049840078792
20
-53.59281437125749
0
VERTEX
8
C2
10
44.50836513639696
20
-53.63639773699489
0
VERTEX
8
C2
10
44.50715921514403
20
-53.68066895848329
0
VERTEX
8
C2
10
44.496931536353756
20
-53.72375944333442
0
VERTEX
8
C2
10
44.47811378819948
20
-53.76385043549657
0
VERTEX
8
C2
10
44.45150022708039
20
-53.79924978100891
0
VERTEX
8
C2
10
44.41821415377875
20
-53.828463350155815
0
VERTEX
8
C2
10
44.37966050136656
20
-53.85025810144651
0
VERTEX
8
C2
10
44.337466536022944
20
-53.86371412562626
0
VERTEX
8
C2
10
44.293413173652695
20
-53.868263473053894
0
VERTEX
8
C2
10
44.24935981128242
20
-53.86371412562626
0
VERTEX
8
C2
10
44.20716584593883
20
-53.85025810144651
0
VERTEX
8
C2
10
44.16861219352664
20
-53.828463350155815
0
VERTEX
8
C2
10
44.135326120225
20
-53.79924978100891
0
VERTEX
8
C2
10
44.10871255910588
20
-53.76385043549657
0
VERTEX
8
C2
10
44.089894810951634
20
-53.72375944333442
0
VERTEX
8
C2
10
44.07966713216133
20
-53.68066895848329
0
VERTEX
8
C2
10
44.07846121090843
20
-53.63639773699489
0
VERTEX
8
C2
10
44.08632794651747
20
-53.59281437125749
0
VERTEX
8
C2
10
43.772455089820355
20
-53.59281437125749
0
VERTEX
8
C2
10
43.772455089820355
20
-54.550898203592816
0
VERTEX
8
C2
10
45.74850299401196
20
-54.550898203592816
0
VERTEX
8
C2
10
45.74850299401196
20
-54.49101796407186
0
VERTEX
8
C2
10
45.86826347305389
20
-54.49101796407186
0
VERTEX
8
C2
10
45.86826347305389
20
-54.550898203592816
0
VERTEX
8
C2
10
47.84431137724552
20
-54.550898203592816
0
VERTEX
8
C2
10
47.84431137724552
20
-53.59281437125749
0
VERTEX
8
C2
10
47.29091756246454
20
-53.59281437125749
0
VERTEX
8
C2
10
47.29878429807361
20
-53.63639773699489
0
VERTEX
8
C2
10
47.29757837682068
20
-53.68066895848329
0
VERTEX
8
C2
10
47.28735069803041
20
-53.72375944333442
0
VERTEX
8
C2
10
47.26853294987613
20
-53.76385043549657
0
VERTEX
8
C2
10
47.24191938875704
20
-53.79924978100892
0
VERTEX
8
C2
10
47.20863331545537
20
-53.828463350155815
0
VERTEX
8
C2
10
47.17007966304321
20
-53.85025810144651
0
VERTEX
8
C2
10
47.1278856976996
20
-53.86371412562626
0
VERTEX
8
C2
10
47.08383233532935
20
-53.868263473053894
0
VERTEX
8
C2
10
47.03977897295907
20
-53.86371412562626
0
VERTEX
8
C2
10
46.997585007615484
20
-53.85025810144651
0
VERTEX
8
C2
10
46.959031355203294
20
-53.828463350155815
0
VERTEX
8
C2
10
46.925745281901655
20
-53.79924978100892
0
VERTEX
8
C2
10
46.899131720782535
20
-53.76385043549657
0
VERTEX
8
C2
10
46.88031397262826
20
-53.72375944333442
0
VERTEX
8
C2
10
46.870086293837986
20
-53.68066895848329
0
VERTEX
8
C2
10
46.86888037258505
20
-53.63639773699489
0
VERTEX
8
C2
10
46.876747108194124
20
-53.59281437125749
0
SEQEND
0
POLYLINE
8
C2
66
1
70
1
0
VERTEX
8
C2
10
44.55049855745024
20
-55.808383233532936
0
VERTEX
8
C2
10
44.730538922155674
20
-55.808383233532936
0
VERTEX
8
C2
10
44.730538922155674
20
-55.209580838323355
0
VERTEX
8
C2
10
43.772455089820355
20
-55.209580838323355
0
VERTEX
8
C2
10
43.772455089820355
20
-55.26946107784431
0
VERTEX
8
C2
10
43.35329341317366
20
-55.26946107784431
0
VERTEX
8
C2
10
43.35329341317366
20
-54.79041916167665
0
VERTEX
8
C2
10
43.1137724550898
20
-54.79041916167665
0
VERTEX
8
C2
10
43.1137724550898
20
-55.38922155688623
0
VERTEX
8
C2
10
43.772455089820355
20
-55.38922155688623
0
VERTEX
8
C2
10
43.772455089820355
20
-55.68862275449102
0
VERTEX
8
C2
10
43.814371257485035
20
-55.68862275449102
0
VERTEX
8
C2
10
43.81836542364168
20
-55.710126007477676
0
VERTEX
8
C2
10
43.8298150797779
20
-55.72876061578206
0
VERTEX
8
C2
10
43.84719278280356
20
-55.74204062669498
0
VERTEX
8
C2
10
43.868180257646245
20
-55.74819441837347
0
VERTEX
8
C2
10
43.88997766708418
20
-55.74640104331787
0
VERTEX
8
C2
10
43.909677124449686
20
-55.7368997469958
0
VERTEX
8
C2
10
43.924650620685256
20
-55.72095805126482
0
VERTEX
8
C2
10
43.932900614285
20
-55.70070266042932
0
VERTEX
8
C2
10
43.933326513618354
20
-55.67883574793457
0
VERTEX
8
C2
10
43.92587150152097
20
-55.65827447251394
0
VERTEX
8
C2
10
43.911530114997234
20
-55.641761814191554
0
VERTEX
8
C2
10
43.892215568862284
20
-55.631500646621745
0
VERTEX
8
C2
10
43.892215568862255
20
-55.32934131736527
0
VERTEX
8
C2
10
44.011976047904184
20
-55.32934131736527
0
VERTEX
8
C2
10
44.011976047904184
20
-55.808383233532936
0
VERTEX
8
C2
10
44.19201641260962
20
-55.808383233532936
0
VERTEX
8
C2
10
44.17133393126055
20
-55.76924847638517
0
VERTEX
8
C2
10
44.159080751026224
20
-55.72671432744678
0
VERTEX
8
C2
10
44.15577349810626
20
-55.68257413793775
0
VERTEX
8
C2
10
44.16155161495358
20
-55.63868897395871
0
VERTEX
8
C2
10
44.17617148101489
20
-55.59690914906536
0
VERTEX
8
C2
10
44.199016684411944
20
-55.55899621019857
0
VERTEX
8
C2
10
44.22912401148214
20
-55.5265486662475
0
VERTEX
8
C2
10
44.26522405839164
20
-55.50093459072444
0
VERTEX
8
C2
10
44.30579475252857
20
-55.48323394019923
0
VERTEX
8
C2
10
44.34912552707446
20
-55.47419302049923
0
VERTEX
8
C2
10
44.393389442985395
20
-55.47419302049923
0
VERTEX
8
C2
10
44.43672021753129
20
-55.483233940199234
0
VERTEX
8
C2
10
44.47729091166825
20
-55.50093459072444
0
VERTEX
8
C2
10
44.513390958577745
20
-55.5265486662475
0
VERTEX
8
C2
10
44.54349828564794
20
-55.55899621019858
0
VERTEX
8
C2
10
44.56634348904497
20
-55.59690914906536
0
VERTEX
8
C2
10
44.580963355106306
20
-55.63868897395871
0
VERTEX
8
C2
10
44.5867414719536
20
-55.682574137937756
0
VERTEX
8
C2
10
44.58343421903366
20
-55.72671432744678
0
VERTEX
8
C2
10
44.57118103879931
20
-55.76924847638517
0
VERTEX
8
C2
10
44.55049855745024
20
-55.808383233532936
0
SEQEND
0
POLYLINE
8
C2
66
1
70
1
0
VERTEX
8
C2
10
52.81397161134247
20
-55.808383233532936
0
VERTEX
8
C2
10
52.9940119760479
20
-55.808383233532936
0
VERTEX
8
C2
10
52.9940119760479
20
-55.32934131736527
0
VERTEX
8
C2
10
53.1137724550898
20
-55.32934131736527
0
VERTEX
8
C2
10
53.1137724550898
20
-55.631500646621745
0
VERTEX
8
C2
10
53.09445790895485
20
-55.641761814191554
0
VERTEX
8
C2
10
53.08011652243111
20
-55.65827447251394
0
VERTEX
8
C2
10
53.07266151033373
20
-55.67883574793457
0
VERTEX
8
C2
10
53.07308740966708
20
-55.70070266042932
0
VERTEX
8
C2
10
53.08133740326683
20
-55.72095805126482
0
VERTEX
8
C2
10
53.0963108995024
20
-55.7368997469958
0
VERTEX
8
C2
10
53.1160103568679
20
-55.74640104331787
0
VERTEX
8
C2
10
53.13780776630584
20
-55.74819441837347
0
VERTEX
8
C2
10
53.158795241148525
20
-55.74204062669498
0
VERTEX
8
C2
10
53.17617294417418
20
-55.72876061578206
0
VERTEX
8
C2
10
53.187622600310405
20
-55.710126007477676
0
VERTEX
8
C2
10
53.19161676646705
20
-55.68862275449102
0
VERTEX
8
C2
10
53.23353293413173
20
-55.68862275449102
0
VERTEX
8
C2
10
53.23353293413173
20
-55.38922155688623
0
VERTEX
8
C2
10
53.97221556886227
20
-55.38922155688623
0
VERTEX
8
C2
10
53.97221556886227
20
-54.79041916167665
0
VERTEX
8
C2
10
53.652694610778425
20
-54.79041916167665
0
VERTEX
8
C2
10
53.652694610778425
20
-55.26946107784431
0
VERTEX
8
C2
10
53.23353293413173
20
-55.26946107784431
0
VERTEX
8
C2
10
53.23353293413173
20
-55.209580838323355
0
VERTEX
8
C2
10
52.27544910179641
20
-55.209580838323355
0
VERTEX
8
C2
10
52.27544910179641
20
-55.808383233532936
0
VERTEX
8
C2
10
52.455489466501845
20
-55.808383233532936
0
VERTEX
8
C2
10
52.434806985152775
20
-55.76924847638517
0
VERTEX
8
C2
10
52.42255380491842
20
-55.72671432744678
0
VERTEX
8
C2
10
52.419246551998484
20
-55.68257413793775
0
VERTEX
8
C2
10
52.42502466884578
20
-55.63868897395871
0
VERTEX
8
C2
10
52.43964453490712
20
-55.59690914906536
0
VERTEX
8
C2
10
52.46248973830414
20
-55.55899621019857
0
VERTEX
8
C2
10
52.49259706537434
20
-55.5265486662475
0
VERTEX
8
C2
10
52.52869711228384
20
-55.50093459072444
0
VERTEX
8
C2
10
52.5692678064208
20
-55.48323394019923
0
VERTEX
8
C2
10
52.61259858096669
20
-55.47419302049923
0
VERTEX
8
C2
10
52.65686249687762
20
-55.47419302049923
0
VERTEX
8
C2
10
52.700193271423515
20
-55.48323394019923
0
VERTEX
8
C2
10
52.74076396556045
20
-55.50093459072444
0
VERTEX
8
C2
10
52.77686401246994
20
-55.5265486662475
0
VERTEX
8
C2
10
52.80697133954014
20
-55.55899621019857
0
VERTEX
8
C2
10
52.829816542937195
20
-55.59690914906536
0
VERTEX
8
C2
10
52.844436408998504
20
-55.63868897395871
0
VERTEX
8
C2
10
52.85021452584583
20
-55.68257413793775
0
VERTEX
8
C2
10
52.84690727292589
20
-55.72671432744678
0
VERTEX
8
C2
10
52.83465409269154
20
-55.76924847638517
0
VERTEX
8
C2
10
52.81397161134247
20
-55.808383233532936
0
SEQEND
0
POLYLINE
8
C2
66
1
70
1
0
VERTEX
8
C2
10
51.91616766467065
20
-57.565029940119764
0
VERTEX
8
C2
10
51.91616766467065
20
-55.209580838323355
0
VERTEX
8
C2
10
51.556886227544894
20
-55.209580838323355
0
VERTEX
8
C2
10
51.556886227544894
20
-55.808383233532936
0
VERTEX
8
C2
10
51.79640718562872
20
-55.808383233532936
0
VERTEX
8
C2
10
51.79640718562872
20
-56.047904191616766
0
VERTEX
8
C2
10
51.556886227544894
20
-56.047904191616766
0
VERTEX
8
C2
10
51.556886227544894
20
-57.0059880239521
0
VERTEX
8
C2
10
51.79640718562872
20
-57.0059880239521
0
VERTEX
8
C2
10
51.79640718562872
20
-57.24550898203593
0
VERTEX
8
C2
10
51.556886227544894
20
-57.24550898203593
0
VERTEX
8
C2
10
51.556886227544894
20
-57.565029940119764
0
VERTEX
8
C2
10
51.91616766467065
20
-57.565029940119764
0
SEQEND
0
POLYLINE
8
C2
66
1
70
1
0
VERTEX
8
C2
10
49.93972011433648
20
-55.808383233532936
0
VERTEX
8
C2
10
50.119760479041915
20
-55.808383233532936
0
VERTEX
8
C2
10
50.119760479041915
20
-55.209580838323355
0
VERTEX
8
C2
10
49.16167664670657
20
-55.209580838323355
0
VERTEX
8
C2
10
49.16167664670657
20
-55.629952341490224
0
VERTEX
8
C2
10
49.14097339117585
20
-55.638446004774686
0
VERTEX
8
C2
10
49.12483409245969
20
-55.65394729964032
0
VERTEX
8
C2
10
49.115512747878014
20
-55.67429133170749
0
VERTEX
8
C2
10
49.11431116651646
20
-55.69663687506163
0
VERTEX
8
C2
10
49.121397159952
20
-55.717863174847324
0
VERTEX
8
C2
10
49.13578110586623
20
-55.73500578857734
0
VERTEX
8
C2
10
49.155454157647554
20
-55.74567059702241
0
VERTEX
8
C2
10
49.17766879777558
20
-55.74836816436037
0
VERTEX
8
C2
10
49.19932255320042
20
-55.742721751201444
0
VERTEX
8
C2
10
49.21739128343425
20
-55.7295199296113
0
VERTEX
8
C2
10
49.22935152880031
20
-55.71060645197381
0
VERTEX
8
C2
10
49.23353293413173
20
-55.68862275449102
0
VERTEX
8
C2
10
49.281437125748496
20
-55.68862275449102
0
VERTEX
8
C2
10
49.281437125748496
20
-55.32934131736527
0
VERTEX
8
C2
10
49.401197604790426
20
-55.32934131736527
0
VERTEX
8
C2
10
49.401197604790426
20
-55.808383233532936
0
VERTEX
8
C2
10
49.58123796949586
20
-55.808383233532936
0
VERTEX
8
C2
10
49.56055548814679
20
-55.76924847638517
0
VERTEX
8
C2
10
49.54830230791244
20
-55.72671432744678
0
VERTEX
8
C2
10
49.5449950549925
20
-55.68257413793775
0
VERTEX
8
C2
10
49.55077317183979
20
-55.63868897395871
0
VERTEX
8
C2
10
49.5653930379011
20
-55.59690914906536
0
VERTEX
8
C2
10
49.58823824129816
20
-55.55899621019857
0
VERTEX
8
C2
10
49.618345568368355
20
-55.5265486662475
0
VERTEX
8
C2
10
49.65444561527785
20
-55.50093459072444
0
VERTEX
8
C2
10
49.69501630941481
20
-55.48323394019923
0
VERTEX
8
C2
10
49.738347083960704
20
-55.47419302049923
0
VERTEX
8
C2
10
49.782610999871636
20
-55.47419302049923
0
VERTEX
8
C2
10
49.82594177441753
20
-55.48323394019923
0
VERTEX
8
C2
10
49.86651246855446
20
-55.50093459072444
0
VERTEX
8
C2
10
49.90261251546396
20
-55.5265486662475
0
VERTEX
8
C2
10
49.932719842534155
20
-55.55899621019857
0
VERTEX
8
C2
10
49.95556504593121
20
-55.59690914906536
0
VERTEX
8
C2
10
49.97018491199252
20
-55.63868897395871
0
VERTEX
8
C2
10
49.97596302883984
20
-55.68257413793775
0
VERTEX
8
C2
10
49.972655775919876
20
-55.72671432744678
0
VERTEX
8
C2
10
49.96040259568555
20
-55.76924847638517
0
VERTEX
8
C2
10
49.93972011433648
20
-55.808383233532936
0
SEQEND
0
POLYLINE
8
C2
66
1
70
1
0
VERTEX
8
C2
10
49.71507046148754
20
-53.59281437125749
0
VERTEX
8
C2
10
49.16167664670657
20
-53.59281437125749
0
VERTEX
8
C2
10
49.16167664670657
20
-54.550898203592816
0
VERTEX
8
C2
10
51.1377245508982
20
-54.550898203592816
0
VERTEX
8
C2
10
51.1377245508982
20
-54.49101796407186
0
VERTEX
8
C2
10
51.25748502994013
20
-54.49101796407186
0
VERTEX
8
C2
10
51.25748502994013
20
-54.550898203592816
0
VERTEX
8
C2
10
53.23353293413173
20
-54.550898203592816
0
VERTEX
8
C2
10
53.23353293413173
20
-53.59281437125749
0
VERTEX
8
C2
10
52.919660077434614
20
-53.59281437125749
0
VERTEX
8
C2
10
52.927526813043656
20
-53.63639773699489
0
VERTEX
8
C2
10
52.92632089179075
20
-53.68066895848329
0
VERTEX
8
C2
10
52.91609321300045
20
-53.72375944333442
0
VERTEX
8
C2
10
52.8972754648462
20
-53.76385043549657
0
VERTEX
8
C2
10
52.87066190372708
20
-53.79924978100892
0
VERTEX
8
C2
10
52.837375830425444
20
-53.828463350155815
0
VERTEX
8
C2
10
52.79882217801325
20
-53.85025810144651
0
VERTEX
8
C2
10
52.75662821266967
20
-53.86371412562626
0
VERTEX
8
C2
10
52.71257485029939
20
-53.868263473053894
0
VERTEX
8
C2
10
52.66852148792914
20
-53.86371412562626
0
VERTEX
8
C2
10
52.62632752258553
20
-53.85025810144651
0
VERTEX
8
C2
10
52.587773870173336
20
-53.828463350155815
0
VERTEX
8
C2
10
52.5544877968717
20
-53.79924978100892
0
VERTEX
8
C2
10
52.527874235752606
20
-53.76385043549657
0
VERTEX
8
C2
10
52.50905648759833
20
-53.72375944333442
0
VERTEX
8
C2
10
52.49882880880806
20
-53.68066895848329
0
VERTEX
8
C2
10
52.497622887555124
20
-53.63639773699489
0
VERTEX
8
C2
10
52.505489623164166
20
-53.59281437125749
0
VERTEX
8
C2
10
51.25748502994013
20
-53.59281437125749
0
VERTEX
8
C2
10
51.25748502994013
20
-54.37125748502994
0
VERTEX
8
C2
10
51.1377245508982
20
-54.37125748502994
0
VERTEX
8
C2
10
51.1377245508982
20
-53.59281437125749
0
VERTEX
8
C2
10
50.12924091575796
20
-53.59281437125749
0
VERTEX
8
C2
10
50.13710765136703
20
-53.63639773699489
0
VERTEX
8
C2
10
50.1359017301141
20
-53.68066895848329
0
VERTEX
8
C2
10
50.12567405132383
20
-53.72375944333442
0
VERTEX
8
C2
10
50.10685630316955
20
-53.76385043549657
0
VERTEX
8
C2
10
50.08024274205043
20
-53.79924978100892
0
VERTEX
8
C2
10
50.04695666874879
20
-53.828463350155815
0
VERTEX
8
C2
10
50.0084030163366
20
-53.85025810144651
0
VERTEX
8
C2
10
49.966209050993015
20
-53.86371412562626
0
VERTEX
8
C2
10
49.92215568862274
20
-53.868263473053894
0
VERTEX
8
C2
10
49.87810232625249
20
-53.86371412562626
0
VERTEX
8
C2
10
49.835908360908874
20
-53.85025810144651
0
VERTEX
8
C2
10
49.79735470849671
20
-53.828463350155815
0
VERTEX
8
C2
10
49.764068635195045
20
-53.79924978100892
0
VERTEX
8
C2
10
49.73745507407595
20
-53.76385043549657
0
VERTEX
8
C2
10
49.71863732592168
20
-53.72375944333442
0
VERTEX
8
C2
10
49.708409647131404
20
-53.68066895848329
0
VERTEX
8
C2
10
49.70720372587847
20
-53.63639773699489
0
VERTEX
8
C2
10
49.71507046148754
20
-53.59281437125749
0
SEQEND
0
POLYLINE
8
C2
66
1
70
1
0
VERTEX
8
C2
10
50.838323353293404
20
-57.565029940119764
0
VERTEX
8
C2
10
50.838323353293404
20
-57.24550898203593
0
VERTEX
8
C2
10
50.598802395209574
20
-57.24550898203593
0
VERTEX
8
C2
10
50.598802395209574
20
-57.0059880239521
0
VERTEX
8
C2
10
50.838323353293404
20
-57.0059880239521
0
VERTEX
8
C2
10
50.838323353293404
20
-56.047904191616766
0
VERTEX
8
C2
10
50.598802395209574
20
-56.047904191616766
0
VERTEX
8
C2
10
50.598802395209574
20
-55.808383233532936
0
VERTEX
8
C2
10
50.838323353293404
20
-55.808383233532936
0
VERTEX
8
C2
10
50.838323353293404
20
-55.209580838323355
0
VERTEX
8
C2
10
50.479041916167645
20
-55.209580838323355
0
VERTEX
8
C2
10
50.479041916167645
20
-57.565029940119764
0
VERTEX
8
C2
10
50.838323353293404
20
-57.565029940119764
0
SEQEND
0
POLYLINE
8
C2
66
1
70
1
0
VERTEX
8
C2
10
45.44910179640719
20
-57.565029940119764
0
VERTEX
8
C2
10
45.44910179640719
20
-57.24550898203593
0
VERTEX
8
C2
10
45.20958083832336
20
-57.24550898203593
0
VERTEX
8
C2
10
45.20958083832336
20
-57.0059880239521
0
VERTEX
8
C2
10
45.44910179640719
20
-57.0059880239521
0
VERTEX
8
C2
10
45.44910179640719
20
-56.047904191616766
0
VERTEX
8
C2
10
45.20958083832336
20
-56.047904191616766
0
VERTEX
8
C2
10
45.20958083832336
20
-55.808383233532936
0
VERTEX
8
C2
10
45.44910179640719
20
-55.808383233532936
0
VERTEX
8
C2
10
45.44910179640719
20
-55.209580838323355
0
VERTEX
8
C2
10
45.08982035928143
20
-55.209580838323355
0
VERTEX
8
C2
10
45.08982035928143
20
-57.565029940119764
0
VERTEX
8
C2
10
45.44910179640719
20
-57.565029940119764
0
SEQEND
0
POLYLINE
8
C2
66
1
70
1
0
VERTEX
8
C2
10
44.37125748502994
20
-55.61362275449102
0
VERTEX
8
C2
10
44.36146802061343
20
-55.614264389887985
0
VERTEX
8
C2
10
44.35184605664723
20
-55.61617831751934
0
VERTEX
8
C2
10
44.34255622760254
20
-55.619331789552675
0
VERTEX
8
C2
10
44.33375748502992
20
-55.62367084920719
0
VERTEX
8
C2
10
44.325600377854286
20
-55.62912125396918
0
VERTEX
8
C2
10
44.31822447644093
20
-55.63558974590203
0
VERTEX
8
C2
10
44.31175598450808
20
-55.642965647315364
0
VERTEX
8
C2
10
44.30630557974611
20
-55.65112275449102
0
VERTEX
8
C2
10
44.3019665200916
20
-55.659921497063635
0
VERTEX
8
C2
10
44.29881304805825
20
-55.66921132610833
0
VERTEX
8
C2
10
44.296899120426886
20
-55.678833290074515
0
VERTEX
8
C2
10
44.296257485029926
20
-55.68862275449102
0
VERTEX
8
C2
10
44.296899120426886
20
-55.69841221890752
0
VERTEX
8
C2
10
44.29881304805825
20
-55.70803418287371
0
VERTEX
8
C2
10
44.3019665200916
20
-55.7173240119184
0
VERTEX
8
C2
10
44.30630557974611
20
-55.72612275449102
0
VERTEX
8
C2
10
44.31175598450808
20
-55.73427986166667
0
VERTEX
8
C2
10
44.31822447644093
20
-55.74165576308001
0
VERTEX
8
C2
10
44.325600377854286
20
-55.74812425501286
0
VERTEX
8
C2
10
44.33375748502992
20
-55.753574659774856
0
VERTEX
8
C2
10
44.34255622760254
20
-55.75791371942937
0
VERTEX
8
C2
10
44.35184605664723
20
-55.7610671914627
0
VERTEX
8
C2
10
44.36146802061343
20
-55.76298111909406
0
VERTEX
8
C2
10
44.37125748502994
20
-55.763622754491024
0
VERTEX
8
C2
10
44.38104694944643
20
-55.76298111909406
0
VERTEX
8
C2
10
44.390668913412625
20
-55.7610671914627
0
VERTEX
8
C2
10
44.399958742457315
20
-55.75791371942937
0
VERTEX
8
C2
10
44.40875748502994
20
-55.753574659774856
0
VERTEX
8
C2
10
44.4169145922056
20
-55.74812425501286
0
VERTEX
8
C2
10
44.424290493618926
20
-55.74165576308001
0
VERTEX
8
C2
10
44.430758985551776
20
-55.73427986166667
0
VERTEX
8
C2
10
44.43620939031378
20
-55.72612275449102
0
VERTEX
8
C2
10
44.44054844996829
20
-55.7173240119184
0
VERTEX
8
C2
10
44.44370192200161
20
-55.70803418287371
0
VERTEX
8
C2
10
44.44561584963297
20
-55.69841221890752
0
VERTEX
8
C2
10
44.44625748502993
20
-55.68862275449102
0
VERTEX
8
C2
10
44.44561584963297
20
-55.678833290074515
0
VERTEX
8
C2
10
44.44370192200161
20
-55.66921132610833
0
VERTEX
8
C2
10
44.44054844996829
20
-55.659921497063635
0
VERTEX
8
C2
10
44.43620939031378
20
-55.65112275449102
0
VERTEX
8
C2
10
44.430758985551776
20
-55.642965647315364
0
VERTEX
8
C2
10
44.424290493618926
20
-55.63558974590203
0
VERTEX
8
C2
10
44.4169145922056
20
-55.62912125396918
0
VERTEX
8
C2
10
44.40875748502994
20
-55.62367084920719
0
VERTEX
8
C2
10
44.399958742457315
20
-55.619331789552675
0
VERTEX
8
C2
10
44.390668913412625
20
-55.61617831751934
0
VERTEX
8
C2
10
44.38104694944643
20
-55.614264389887985
0
VERTEX
8
C2
10
44.37125748502994
20
-55.61362275449102
0
SEQEND
0
POLYLINE
8
C2
66
1
70
1
0
VERTEX
8
C2
10
47.08383233532935
20
-53.577694610778444
0
VERTEX
8
C2
10
47.074042870912834
20
-53.57833624617541
0
VERTEX
8
C2
10
47.06442090694664
20
-53.58025017380677
0
VERTEX
8
C2
10
47.05513107790195
20
-53.5834036458401
0
VERTEX
8
C2
10
47.046332335329325
20
-53.58774270549461
0
VERTEX
8
C2
10
47.03817522815369
20
-53.5931931102566
0
VERTEX
8
C2
10
47.030799326740336
20
-53.59966160218946
0
VERTEX
8
C2
10
47.024330834807486
20
-53.60703750360279
0
VERTEX
8
C2
10
47.01888043004551
20
-53.615194610778445
0
VERTEX
8
C2
10
47.014541370391
20
-53.62399335335106
0
VERTEX
8
C2
10
47.011387898357654
20
-53.63328318239576
0
VERTEX
8
C2
10
47.00947397072629
20
-53.64290514636194
0
VERTEX
8
C2
10
47.00883233532933
20
-53.65269461077845
0
VERTEX
8
C2
10
47.00947397072629
20
-53.662484075194946
0
VERTEX
8
C2
10
47.011387898357654
20
-53.672106039161136
0
VERTEX
8
C2
10
47.014541370391
20
-53.681395868205826
0
VERTEX
8
C2
10
47.01888043004551
20
-53.69019461077845
0
VERTEX
8
C2
10
47.024330834807486
20
-53.6983517179541
0
VERTEX
8
C2
10
47.030799326740336
20
-53.70572761936744
0
VERTEX
8
C2
10
47.03817522815369
20
-53.71219611130029
0
VERTEX
8
C2
10
47.046332335329325
20
-53.71764651606228
0
VERTEX
8
C2
10
47.05513107790195
20
-53.72198557571679
0
VERTEX
8
C2
10
47.06442090694664
20
-53.725139047750126
0
VERTEX
8
C2
10
47.074042870912834
20
-53.72705297538148
0
VERTEX
8
C2
10
47.08383233532935
20
-53.72769461077844
0
VERTEX
8
C2
10
47.09362179974583
20
-53.72705297538148
0
VERTEX
8
C2
10
47.10324376371203
20
-53.725139047750126
0
VERTEX
8
C2
10
47.11253359275672
20
-53.72198557571679
0
VERTEX
8
C2
10
47.12133233532934
20
-53.71764651606228
0
VERTEX
8
C2
10
47.129489442505005
20
-53.71219611130029
0
VERTEX
8
C2
10
47.13686534391833
20
-53.70572761936744
0
VERTEX
8
C2
10
47.14333383585118
20
-53.6983517179541
0
VERTEX
8
C2
10
47.14878424061318
20
-53.69019461077845
0
VERTEX
8
C2
10
47.153123300267694
20
-53.681395868205826
0
VERTEX
8
C2
10
47.15627677230101
20
-53.672106039161136
0
VERTEX
8
C2
10
47.158190699932376
20
-53.662484075194946
0
VERTEX
8
C2
10
47.158832335329336
20
-53.65269461077845
0
VERTEX
8
C2
10
47.158190699932376
20
-53.64290514636194
0
VERTEX
8
C2
10
47.15627677230101
20
-53.63328318239576
0
VERTEX
8
C2
10
47.153123300267694
20
-53.62399335335106
0
VERTEX
8
C2
10
47.14878424061318
20
-53.615194610778445
0
VERTEX
8
C2
10
47.14333383585118
20
-53.60703750360279
0
VERTEX
8
C2
10
47.13686534391833
20
-53.59966160218946
0
VERTEX
8
C2
10
47.129489442505005
20
-53.5931931102566
0
VERTEX
8
C2
10
47.12133233532934
20
-53.58774270549461
0
VERTEX
8
C2
10
47.11253359275672
20
-53.5834036458401
0
VERTEX
8
C2
10
47.10324376371203
20
-53.58025017380677
0
VERTEX
8
C2
10
47.09362179974583
20
-53.57833624617541
0
VERTEX
8
C2
10
47.08383233532935
20
-53.577694610778444
0
SEQEND
0
POLYLINE
8
C2
66
1
70
1
0
VERTEX
8
C2
10
44.293413173652695
20
-53.577694610778444
0
VERTEX
8
C2
10
44.28362370923618
20
-53.57833624617541
0
VERTEX
8
C2
10
44.27400174527001
20
-53.58025017380677
0
VERTEX
8
C2
10
44.264711916225295
20
-53.5834036458401
0
VERTEX
8
C2
10
44.2559131736527
20
-53.58774270549461
0
VERTEX
8
C2
10
44.24775606647704
20
-53.5931931102566
0
VERTEX
8
C2
10
44.240380165063684
20
-53.59966160218946
0
VERTEX
8
C2
10
44.233911673130834
20
-53.60703750360279
0
VERTEX
8
C2
10
44.22846126836886
20
-53.615194610778445
0
VERTEX
8
C2
10
44.22412220871435
20
-53.62399335335106
0
VERTEX
8
C2
10
44.220968736681
20
-53.63328318239576
0
VERTEX
8
C2
10
44.219054809049666
20
-53.64290514636194
0
VERTEX
8
C2
10
44.21841317365268
20
-53.65269461077845
0
VERTEX
8
C2
10
44.219054809049666
20
-53.662484075194946
0
VERTEX
8
C2
10
44.220968736681
20
-53.672106039161136
0
VERTEX
8
C2
10
44.22412220871435
20
-53.681395868205826
0
VERTEX
8
C2
10
44.22846126836886
20
-53.69019461077845
0
VERTEX
8
C2
10
44.233911673130834
20
-53.6983517179541
0
VERTEX
8
C2
10
44.240380165063684
20
-53.70572761936744
0
VERTEX
8
C2
10
44.24775606647704
20
-53.71219611130029
0
VERTEX
8
C2
10
44.2559131736527
20
-53.71764651606228
0
VERTEX
8
C2
10
44.264711916225295
20
-53.72198557571679
0
VERTEX
8
C2
10
44.27400174527001
20
-53.725139047750126
0
VERTEX
8
C2
10
44.28362370923618
20
-53.72705297538148
0
VERTEX
8
C2
10
44.293413173652695
20
-53.72769461077844
0
VERTEX
8
C2
10
44.30320263806918
20
-53.72705297538148
0
VERTEX
8
C2
10
44.31282460203538
20
-53.725139047750126
0
VERTEX
8
C2
10
44.32211443108007
20
-53.72198557571679
0
VERTEX
8
C2
10
44.33091317365269
20
-53.71764651606228
0
VERTEX
8
C2
10
44.33907028082835
20
-53.71219611130029
0
VERTEX
8
C2
10
44.34644618224168
20
-53.70572761936744
0
VERTEX
8
C2
10
44.35291467417453
20
-53.6983517179541
0
VERTEX
8
C2
10
44.35836507893653
20
-53.69019461077845
0
VERTEX
8
C2
10
44.36270413859104
20
-53.681395868205826
0
VERTEX
8
C2
10
44.36585761062436
20
-53.672106039161136
0
VERTEX
8
C2
10
44.367771538255724
20
-53.662484075194946
0
VERTEX
8
C2
10
44.368413173652684
20
-53.65269461077845
0
VERTEX
8
C2
10
44.367771538255724
20
-53.64290514636194
0
VERTEX
8
C2
10
44.36585761062436
20
-53.63328318239576
0
VERTEX
8
C2
10
44.36270413859104
20
-53.62399335335106
0
VERTEX
8
C2
10
44.35836507893653
20
-53.615194610778445
0
VERTEX
8
C2
10
44.35291467417453
20
-53.60703750360279
0
VERTEX
8
C2
10
44.34644618224168
20
-53.59966160218946
0
VERTEX
8
C2
10
44.33907028082835
20
-53.5931931102566
0
VERTEX
8
C2
10
44.33091317365269
20
-53.58774270549461
0
VERTEX
8
C2
10
44.32211443108007
20
-53.5834036458401
0
VERTEX
8
C2
10
44.31282460203538
20
-53.58025017380677
0
VERTEX
8
C2
10
44.30320263806918
20
-53.57833624617541
0
VERTEX
8
C2
10
44.293413173652695
20
-53.577694610778444
0
SEQEND
0
POLYLINE
8
C2
66
1
70
1
0
VERTEX
8
C2
10
47.24550898203593
20
-55.61362275449102
0
VERTEX
8
C2
10
47.235719517619415
20
-55.614264389887985
0
VERTEX
8
C2
10
47.22609755365325
20
-55.61617831751934
0
VERTEX
8
C2
10
47.21680772460853
20
-55.619331789552675
0
VERTEX
8
C2
10
47.208008982035935
20
-55.62367084920719
0
VERTEX
8
C2
10
47.19985187486027
20
-55.62912125396918
0
VERTEX
8
C2
10
47.192475973446946
20
-55.63558974590203
0
VERTEX
8
C2
10
47.18600748151407
20
-55.642965647315364
0
VERTEX
8
C2
10
47.180557076752095
20
-55.65112275449102
0
VERTEX
8
C2
10
47.17621801709758
20
-55.659921497063635
0
VERTEX
8
C2
10
47.173064545064236
20
-55.66921132610833
0
VERTEX
8
C2
10
47.1711506174329
20
-55.678833290074515
0
VERTEX
8
C2
10
47.17050898203591
20
-55.68862275449102
0
VERTEX
8
C2
10
47.1711506174329
20
-55.69841221890752
0
VERTEX
8
C2
10
47.173064545064236
20
-55.70803418287371
0
VERTEX
8
C2
10
47.17621801709758
20
-55.7173240119184
0
VERTEX
8
C2
10
47.180557076752095
20
-55.72612275449102
0
VERTEX
8
C2
10
47.18600748151407
20
-55.73427986166667
0
VERTEX
8
C2
10
47.192475973446946
20
-55.74165576308001
0
VERTEX
8
C2
10
47.19985187486027
20
-55.74812425501286
0
VERTEX
8
C2
10
47.208008982035935
20
-55.753574659774856
0
VERTEX
8
C2
10
47.21680772460853
20
-55.75791371942937
0
VERTEX
8
C2
10
47.22609755365325
20
-55.7610671914627
0
VERTEX
8
C2
10
47.235719517619415
20
-55.76298111909406
0
VERTEX
8
C2
10
47.24550898203593
20
-55.763622754491024
0
VERTEX
8
C2
10
47.255298446452414
20
-55.76298111909406
0
VERTEX
8
C2
10
47.26492041041861
20
-55.7610671914627
0
VERTEX
8
C2
10
47.2742102394633
20
-55.75791371942937
0
VERTEX
8
C2
10
47.28300898203592
20
-55.753574659774856
0
VERTEX
8
C2
10
47.291166089211586
20
-55.74812425501286
0
VERTEX
8
C2
10
47.29854199062491
20
-55.74165576308001
0
VERTEX
8
C2
10
47.30501048255776
20
-55.73427986166667
0
VERTEX
8
C2
10
47.31046088731976
20
-55.72612275449102
0
VERTEX
8
C2
10
47.314799946974276
20
-55.7173240119184
0
VERTEX
8
C2
10
47.317953419007594
20
-55.70803418287371
0
VERTEX
8
C2
10
47.31986734663896
20
-55.69841221890752
0
VERTEX
8
C2
10
47.32050898203592
20
-55.68862275449102
0
VERTEX
8
C2
10
47.31986734663896
20
-55.678833290074515
0
VERTEX
8
C2
10
47.317953419007594
20
-55.66921132610833
0
VERTEX
8
C2
10
47.314799946974276
20
-55.659921497063635
0
VERTEX
8
C2
10
47.31046088731976
20
-55.65112275449102
0
VERTEX
8
C2
10
47.30501048255776
20
-55.642965647315364
0
VERTEX
8
C2
10
47.29854199062491
20
-55.63558974590203
0
VERTEX
8
C2
10
47.291166089211586
20
-55.62912125396918
0
VERTEX
8
C2
10
47.28300898203592
20
-55.62367084920719
0
VERTEX
8
C2
10
47.2742102394633
20
-55.619331789552675
0
VERTEX
8
C2
10
47.26492041041861
20
-55.61617831751934
0
VERTEX
8
C2
10
47.255298446452414
20
-55.614264389887985
0
VERTEX
8
C2
10
47.24550898203593
20
-55.61362275449102
0
SEQEND
0
POLYLINE
8
C2
66
1
70
1
0
VERTEX
8
C2
10
52.71257485029939
20
-53.577694610778444
0
VERTEX
8
C2
10
52.702785385882905
20
-53.57833624617541
0
VERTEX
8
C2
10
52.69316342191671
20
-53.58025017380677
0
VERTEX
8
C2
10
52.68387359287202
20
-53.5834036458401
0
VERTEX
8
C2
10
52.675074850299396
20
-53.58774270549461
0
VERTEX
8
C2
10
52.66691774312373
20
-53.5931931102566
0
VERTEX
8
C2
10
52.65954184171041
20
-53.59966160218946
0
VERTEX
8
C2
10
52.65307334977756
20
-53.60703750360279
0
VERTEX
8
C2
10
52.647622945015556
20
-53.615194610778445
0
VERTEX
8
C2
10
52.64328388536104
20
-53.62399335335106
0
VERTEX
8
C2
10
52.640130413327725
20
-53.63328318239576
0
VERTEX
8
C2
10
52.63821648569636
20
-53.64290514636194
0
VERTEX
8
C2
10
52.6375748502994
20
-53.65269461077845
0
VERTEX
8
C2
10
52.63821648569636
20
-53.662484075194946
0
VERTEX
8
C2
10
52.640130413327725
20
-53.672106039161136
0
VERTEX
8
C2
10
52.64328388536104
20
-53.681395868205826
0
VERTEX
8
C2
10
52.647622945015556
20
-53.69019461077845
0
VERTEX
8
C2
10
52.65307334977756
20
-53.6983517179541
0
VERTEX
8
C2
10
52.65954184171041
20
-53.70572761936744
0
VERTEX
8
C2
10
52.66691774312373
20
-53.71219611130029
0
VERTEX
8
C2
10
52.675074850299396
20
-53.71764651606228
0
VERTEX
8
C2
10
52.68387359287202
20
-53.72198557571679
0
VERTEX
8
C2
10
52.69316342191671
20
-53.725139047750126
0
VERTEX
8
C2
10
52.702785385882905
20
-53.72705297538148
0
VERTEX
8
C2
10
52.71257485029939
20
-53.72769461077844
0
VERTEX
8
C2
10
52.722364314715904
20
-53.72705297538148
0
VERTEX
8
C2
10
52.73198627868207
20
-53.725139047750126
0
VERTEX
8
C2
10
52.74127610772679
20
-53.72198557571679
0
VERTEX
8
C2
10
52.750074850299384
20
-53.71764651606228
0
VERTEX
8
C2
10
52.75823195747505
20
-53.71219611130029
0
VERTEX
8
C2
10
52.7656078588884
20
-53.70572761936744
0
VERTEX
8
C2
10
52.77207635082125
20
-53.6983517179541
0
VERTEX
8
C2
10
52.777526755583224
20
-53.69019461077845
0
VERTEX
8
C2
10
52.78186581523774
20
-53.681395868205826
0
VERTEX
8
C2
10
52.78501928727108
20
-53.672106039161136
0
VERTEX
8
C2
10
52.78693321490242
20
-53.662484075194946
0
VERTEX
8
C2
10
52.78757485029941
20
-53.65269461077845
0
VERTEX
8
C2
10
52.78693321490242
20
-53.64290514636194
0
VERTEX
8
C2
10
52.78501928727108
20
-53.63328318239576
0
VERTEX
8
C2
10
52.78186581523774
20
-53.62399335335106
0
VERTEX
8
C2
10
52.777526755583224
20
-53.615194610778445
0
VERTEX
8
C2
10
52.77207635082125
20
-53.60703750360279
0
VERTEX
8
C2
10
52.7656078588884
20
-53.59966160218946
0
VERTEX
8
C2
10
52.75823195747505
20
-53.5931931102566
0
VERTEX
8
C2
10
52.750074850299384
20
-53.58774270549461
0
VERTEX
8
C2
10
52.74127610772679
20
-53.5834036458401
0
VERTEX
8
C2
10
52.73198627868207
20
-53.58025017380677
0
VERTEX
8
C2
10
52.722364314715904
20
-53.57833624617541
0
VERTEX
8
C2
10
52.71257485029939
20
-53.577694610778444
0
SEQEND
0
POLYLINE
8
C2
66
1
70
1
0
VERTEX
8
C2
10
48.50299401197604
20
-56.69146706586827
0
VERTEX
8
C2
10
48.49320454755953
20
-56.692108701265234
0
VERTEX
8
C2
10
48.48358258359336
20
-56.69402262889658
0
VERTEX
8
C2
10
48.47429275454867
20
-56.69717610092992
0
VERTEX
8
C2
10
48.46549401197605
20
-56.701515160584435
0
VERTEX
8
C2
10
48.457336904800385
20
-56.70696556534642
0
VERTEX
8
C2
10
48.44996100338706
20
-56.71343405727927
0
VERTEX
8
C2
10
48.44349251145421
20
-56.72080995869261
0
VERTEX
8
C2
10
48.43804210669221
20
-56.72896706586827
0
VERTEX
8
C2
10
48.433703047037696
20
-56.737765808440884
0
VERTEX
8
C2
10
48.43054957500435
20
-56.74705563748558
0
VERTEX
8
C2
10
48.428635647373014
20
-56.75667760145176
0
VERTEX
8
C2
10
48.427994011976054
20
-56.76646706586827
0
VERTEX
8
C2
10
48.428635647373014
20
-56.77625653028477
0
VERTEX
8
C2
10
48.43054957500435
20
-56.78587849425095
0
VERTEX
8
C2
10
48.433703047037696
20
-56.79516832329565
0
VERTEX
8
C2
10
48.43804210669221
20
-56.803967065868264
0
VERTEX
8
C2
10
48.44349251145421
20
-56.81212417304392
0
VERTEX
8
C2
10
48.44996100338706
20
-56.81950007445726
0
VERTEX
8
C2
10
48.457336904800385
20
-56.82596856639011
0
VERTEX
8
C2
10
48.46549401197605
20
-56.8314189711521
0
VERTEX
8
C2
10
48.47429275454867
20
-56.83575803080661
0
VERTEX
8
C2
10
48.48358258359336
20
-56.83891150283995
0
VERTEX
8
C2
10
48.49320454755953
20
-56.8408254304713
0
VERTEX
8
C2
10
48.50299401197604
20
-56.841467065868265
0
VERTEX
8
C2
10
48.512783476392556
20
-56.8408254304713
0
VERTEX
8
C2
10
48.522405440358725
20
-56.83891150283995
0
VERTEX
8
C2
10
48.531695269403414
20
-56.83575803080661
0
VERTEX
8
C2
10
48.54049401197604
20
-56.8314189711521
0
VERTEX
8
C2
10
48.5486511191517
20
-56.82596856639011
0
VERTEX
8
C2
10
48.556027020565026
20
-56.81950007445726
0
VERTEX
8
C2
10
48.562495512497875
20
-56.81212417304392
0
VERTEX
8
C2
10
48.56794591725988
20
-56.803967065868264
0
VERTEX
8
C2
10
48.57228497691439
20
-56.79516832329565
0
VERTEX
8
C2
10
48.575438448947736
20
-56.78587849425095
0
VERTEX
8
C2
10
48.57735237657907
20
-56.77625653028477
0
VERTEX
8
C2
10
48.57799401197603
20
-56.76646706586827
0
VERTEX
8
C2
10
48.57735237657907
20
-56.75667760145176
0
VERTEX
8
C2
10
48.575438448947736
20
-56.74705563748558
0
VERTEX
8
C2
10
48.57228497691439
20
-56.737765808440884
0
VERTEX
8
C2
10
48.56794591725988
20
-56.72896706586827
0
VERTEX
8
C2
10
48.562495512497875
20
-56.72080995869261
0
VERTEX
8
C2
10
48.556027020565026
20
-56.71343405727927
0
VERTEX
8
C2
10
48.5486511191517
20
-56.70696556534642
0
VERTEX
8
C2
10
48.54049401197604
20
-56.701515160584435
0
VERTEX
8
C2
10
48.531695269403414
20
-56.69717610092992
0
VERTEX
8
C2
10
48.522405440358725
20
-56.69402262889658
0
VERTEX
8
C2
10
48.512783476392556
20
-56.692108701265234
0
VERTEX
8
C2
10
48.50299401197604
20
-56.69146706586827
0
SEQEND
0
POLYLINE
8
C2
66
1
70
1
0
VERTEX
8
C2
10
52.63473053892214
20
-55.61362275449102
0
VERTEX
8
C2
10
52.62494107450566
20
-55.614264389887985
0
VERTEX
8
C2
10
52.61531911053946
20
-55.61617831751934
0
VERTEX
8
C2
10
52.60602928149477
20
-55.619331789552675
0
VERTEX
8
C2
10
52.59723053892215
20
-55.62367084920719
0
VERTEX
8
C2
10
52.589073431746485
20
-55.62912125396918
0
VERTEX
8
C2
10
52.58169753033316
20
-55.63558974590203
0
VERTEX
8
C2
10
52.57522903840031
20
-55.642965647315364
0
VERTEX
8
C2
10
52.56977863363831
20
-55.65112275449102
0
VERTEX
8
C2
10
52.565439573983795
20
-55.659921497063635
0
VERTEX
8
C2
10
52.56228610195048
20
-55.66921132610833
0
VERTEX
8
C2
10
52.56037217431911
20
-55.678833290074515
0
VERTEX
8
C2
10
52.55973053892215
20
-55.68862275449102
0
VERTEX
8
C2
10
52.56037217431911
20
-55.69841221890752
0
VERTEX
8
C2
10
52.56228610195048
20
-55.70803418287371
0
VERTEX
8
C2
10
52.565439573983795
20
-55.7173240119184
0
VERTEX
8
C2
10
52.56977863363831
20
-55.72612275449102
0
VERTEX
8
C2
10
52.57522903840031
20
-55.73427986166667
0
VERTEX
8
C2
10
52.58169753033316
20
-55.74165576308001
0
VERTEX
8
C2
10
52.589073431746485
20
-55.74812425501286
0
VERTEX
8
C2
10
52.59723053892215
20
-55.753574659774856
0
VERTEX
8
C2
10
52.60602928149477
20
-55.75791371942937
0
VERTEX
8
C2
10
52.61531911053946
20
-55.7610671914627
0
VERTEX
8
C2
10
52.62494107450566
20
-55.76298111909406
0
VERTEX
8
C2
10
52.63473053892214
20
-55.763622754491024
0
VERTEX
8
C2
10
52.644520003338656
20
-55.76298111909406
0
VERTEX
8
C2
10
52.65414196730485
20
-55.7610671914627
0
VERTEX
8
C2
10
52.66343179634954
20
-55.75791371942937
0
VERTEX
8
C2
10
52.672230538922165
20
-55.753574659774856
0
VERTEX
8
C2
10
52.6803876460978
20
-55.74812425501286
0
VERTEX
8
C2
10
52.68776354751115
20
-55.74165576308001
0
VERTEX
8
C2
10
52.694232039444
20
-55.73427986166667
0
VERTEX
8
C2
10
52.699682444205976
20
-55.72612275449102
0
VERTEX
8
C2
10
52.70402150386049
20
-55.7173240119184
0
VERTEX
8
C2
10
52.707174975893835
20
-55.70803418287371
0
VERTEX
8
C2
10
52.7090889035252
20
-55.69841221890752
0
VERTEX
8
C2
10
52.70973053892216
20
-55.68862275449102
0
VERTEX
8
C2
10
52.7090889035252
20
-55.678833290074515
0
VERTEX
8
C2
10
52.707174975893835
20
-55.66921132610833
0
VERTEX
8
C2
10
52.70402150386049
20
-55.659921497063635
0
VERTEX
8
C2
10
52.699682444205976
20
-55.65112275449102
0
VERTEX
8
C2
10
52.694232039444
20
-55.642965647315364
0
VERTEX
8
C2
10
52.68776354751115
20
-55.63558974590203
0
VERTEX
8
C2
10
52.6803876460978
20
-55.62912125396918
0
VERTEX
8
C2
10
52.672230538922165
20
-55.62367084920719
0
VERTEX
8
C2
10
52.66343179634954
20
-55.619331789552675
0
VERTEX
8
C2
10
52.65414196730485
20
-55.61617831751934
0
VERTEX
8
C2
10
52.644520003338656
20
-55.614264389887985
0
VERTEX
8
C2
10
52.63473053892214
20
-55.61362275449102
0
SEQEND
0
POLYLINE
8
C2
66
1
70
1
0
VERTEX
8
C2
10
48.50299401197604
20
-55.73338323353293
0
VERTEX
8
C2
10
48.49320454755953
20
-55.7340248689299
0
VERTEX
8
C2
10
48.48358258359336
20
-55.73593879656126
0
VERTEX
8
C2
10
48.47429275454867
20
-55.73909226859459
0
VERTEX
8
C2
10
48.46549401197605
20
-55.7434313282491
0
VERTEX
8
C2
10
48.457336904800385
20
-55.748881733011096
0
VERTEX
8
C2
10
48.44996100338706
20
-55.755350224943946
0
VERTEX
8
C2
10
48.44349251145421
20
-55.762726126357286
0
VERTEX
8
C2
10
48.43804210669221
20
-55.770883233532935
0
VERTEX
8
C2
10
48.433703047037696
20
-55.77968197610556
0
VERTEX
8
C2
10
48.43054957500435
20
-55.78897180515025
0
VERTEX
8
C2
10
48.428635647373014
20
-55.79859376911644
0
VERTEX
8
C2
10
48.427994011976054
20
-55.808383233532936
0
VERTEX
8
C2
10
48.428635647373014
20
-55.81817269794944
0
VERTEX
8
C2
10
48.43054957500435
20
-55.827794661915625
0
VERTEX
8
C2
10
48.433703047037696
20
-55.83708449096032
0
VERTEX
8
C2
10
48.43804210669221
20
-55.84588323353294
0
VERTEX
8
C2
10
48.44349251145421
20
-55.85404034070859
0
VERTEX
8
C2
10
48.44996100338706
20
-55.861416242121926
0
VERTEX
8
C2
10
48.457336904800385
20
-55.867884734054776
0
VERTEX
8
C2
10
48.46549401197605
20
-55.87333513881677
0
VERTEX
8
C2
10
48.47429275454867
20
-55.87767419847128
0
VERTEX
8
C2
10
48.48358258359336
20
-55.880827670504615
0
VERTEX
8
C2
10
48.49320454755953
20
-55.88274159813597
0
VERTEX
8
C2
10
48.50299401197604
20
-55.88338323353294
0
VERTEX
8
C2
10
48.512783476392556
20
-55.88274159813597
0
VERTEX
8
C2
10
48.522405440358725
20
-55.880827670504615
0
VERTEX
8
C2
10
48.531695269403414
20
-55.87767419847128
0
VERTEX
8
C2
10
48.54049401197604
20
-55.87333513881677
0
VERTEX
8
C2
10
48.5486511191517
20
-55.867884734054776
0
VERTEX
8
C2
10
48.556027020565026
20
-55.861416242121926
0
VERTEX
8
C2
10
48.562495512497875
20
-55.85404034070859
0
VERTEX
8
C2
10
48.56794591725988
20
-55.84588323353294
0
VERTEX
8
C2
10
48.57228497691439
20
-55.83708449096032
0
VERTEX
8
C2
10
48.575438448947736
20
-55.827794661915625
0
VERTEX
8
C2
10
48.57735237657907
20
-55.81817269794944
0
VERTEX
8
C2
10
48.57799401197603
20
-55.808383233532936
0
VERTEX
8
C2
10
48.57735237657907
20
-55.79859376911644
0
VERTEX
8
C2
10
48.575438448947736
20
-55.78897180515025
0
VERTEX
8
C2
10
48.57228497691439
20
-55.77968197610556
0
VERTEX
8
C2
10
48.56794591725988
20
-55.770883233532935
0
VERTEX
8
C2
10
48.562495512497875
20
-55.762726126357286
0
VERTEX
8
C2
10
48.556027020565026
20
-55.755350224943946
0
VERTEX
8
C2
10
48.5486511191517
20
-55.748881733011096
0
VERTEX
8
C2
10
48.54049401197604
20
-55.7434313282491
0
VERTEX
8
C2
10
48.531695269403414
20
-55.73909226859459
0
VERTEX
8
C2
10
48.522405440358725
20
-55.73593879656126
0
VERTEX
8
C2
10
48.512783476392556
20
-55.7340248689299
0
VERTEX
8
C2
10
48.50299401197604
20
-55.73338323353293
0
SEQEND
0
POLYLINE
8
C2
66
1
70
1
0
VERTEX
8
C2
10
48.50299401197604
20
-54.77529940119761
0
VERTEX
8
C2
10
48.49320454755953
20
-54.775941036594574
0
VERTEX
8
C2
10
48.48358258359336
20
-54.77785496422593
0
VERTEX
8
C2
10
48.47429275454867
20
-54.78100843625926
0
VERTEX
8
C2
10
48.46549401197605
20
-54.785347495913776
0
VERTEX
8
C2
10
48.457336904800385
20
-54.79079790067576
0
VERTEX
8
C2
10
48.44996100338706
20
-54.79726639260862
0
VERTEX
8
C2
10
48.44349251145421
20
-54.80464229402195
0
VERTEX
8
C2
10
48.43804210669221
20
-54.81279940119761
0
VERTEX
8
C2
10
48.433703047037696
20
-54.821598143770224
0
VERTEX
8
C2
10
48.43054957500435
20
-54.83088797281492
0
VERTEX
8
C2
10
48.428635647373014
20
-54.8405099367811
0
VERTEX
8
C2
10
48.427994011976054
20
-54.85029940119761
0
VERTEX
8
C2
10
48.428635647373014
20
-54.86008886561411
0
VERTEX
8
C2
10
48.43054957500435
20
-54.8697108295803
0
VERTEX
8
C2
10
48.433703047037696
20
-54.87900065862499
0
VERTEX
8
C2
10
48.43804210669221
20
-54.887799401197604
0
VERTEX
8
C2
10
48.44349251145421
20
-54.89595650837326
0
VERTEX
8
C2
10
48.44996100338706
20
-54.9033324097866
0
VERTEX
8
C2
10
48.457336904800385
20
-54.90980090171945
0
VERTEX
8
C2
10
48.46549401197605
20
-54.91525130648144
0
VERTEX
8
C2
10
48.47429275454867
20
-54.91959036613596
0
VERTEX
8
C2
10
48.48358258359336
20
-54.92274383816929
0
VERTEX
8
C2
10
48.49320454755953
20
-54.924657765800646
0
VERTEX
8
C2
10
48.50299401197604
20
-54.925299401197606
0
VERTEX
8
C2
10
48.512783476392556
20
-54.924657765800646
0
VERTEX
8
C2
10
48.522405440358725
20
-54.92274383816929
0
VERTEX
8
C2
10
48.531695269403414
20
-54.91959036613596
0
VERTEX
8
C2
10
48.54049401197604
20
-54.91525130648144
0
VERTEX
8
C2
10
48.5486511191517
20
-54.90980090171945
0
VERTEX
8
C2
10
48.556027020565026
20
-54.9033324097866
0
VERTEX
8
C2
10
48.562495512497875
20
-54.89595650837326
0
VERTEX
8
C2
10
48.56794591725988
20
-54.887799401197604
0
VERTEX
8
C2
10
48.57228497691439
20
-54.87900065862499
0
VERTEX
8
C2
10
48.575438448947736
20
-54.8697108295803
0
VERTEX
8
C2
10
48.57735237657907
20
-54.86008886561411
0
VERTEX
8
C2
10
48.57799401197603
20
-54.85029940119761
0
VERTEX
8
C2
10
48.57735237657907
20
-54.8405099367811
0
VERTEX
8
C2
10
48.575438448947736
20
-54.83088797281492
0
VERTEX
8
C2
10
48.57228497691439
20
-54.821598143770224
0
VERTEX
8
C2
10
48.56794591725988
20
-54.81279940119761
0
VERTEX
8
C2
10
48.562495512497875
20
-54.80464229402195
0
VERTEX
8
C2
10
48.556027020565026
20
-54.79726639260862
0
VERTEX
8
C2
10
48.5486511191517
20
-54.79079790067576
0
VERTEX
8
C2
10
48.54049401197604
20
-54.785347495913776
0
VERTEX
8
C2
10
48.531695269403414
20
-54.78100843625926
0
VERTEX
8
C2
10
48.522405440358725
20
-54.77785496422593
0
VERTEX
8
C2
10
48.512783476392556
20
-54.775941036594574
0
VERTEX
8
C2
10
48.50299401197604
20
-54.77529940119761
0
SEQEND
0
POLYLINE
8
C2
66
1
70
1
0
VERTEX
8
C2
10
48.50299401197604
20
-53.81721556886228
0
VERTEX
8
C2
10
48.49320454755953
20
-53.81785720425924
0
VERTEX
8
C2
10
48.48358258359336
20
-53.8197711318906
0
VERTEX
8
C2
10
48.47429275454867
20
-53.82292460392393
0
VERTEX
8
C2
10
48.46549401197605
20
-53.82726366357844
0
VERTEX
8
C2
10
48.457336904800385
20
-53.83271406834044
0
VERTEX
8
C2
10
48.44996100338706
20
-53.83918256027329
0
VERTEX
8
C2
10
48.44349251145421
20
-53.84655846168663
0
VERTEX
8
C2
10
48.43804210669221
20
-53.854715568862275
0
VERTEX
8
C2
10
48.433703047037696
20
-53.8635143114349
0
VERTEX
8
C2
10
48.43054957500435
20
-53.87280414047959
0
VERTEX
8
C2
10
48.428635647373014
20
-53.88242610444578
0
VERTEX
8
C2
10
48.427994011976054
20
-53.89221556886228
0
VERTEX
8
C2
10
48.428635647373014
20
-53.90200503327878
0
VERTEX
8
C2
10
48.43054957500435
20
-53.911626997244966
0
VERTEX
8
C2
10
48.433703047037696
20
-53.92091682628966
0
VERTEX
8
C2
10
48.43804210669221
20
-53.92971556886228
0
VERTEX
8
C2
10
48.44349251145421
20
-53.937872676037934
0
VERTEX
8
C2
10
48.44996100338706
20
-53.94524857745127
0
VERTEX
8
C2
10
48.457336904800385
20
-53.951717069384124
0
VERTEX
8
C2
10
48.46549401197605
20
-53.95716747414611
0
VERTEX
8
C2
10
48.47429275454867
20
-53.96150653380062
0
VERTEX
8
C2
10
48.48358258359336
20
-53.964660005833956
0
VERTEX
8
C2
10
48.49320454755953
20
-53.96657393346531
0
VERTEX
8
C2
10
48.50299401197604
20
-53.96721556886228
0
VERTEX
8
C2
10
48.512783476392556
20
-53.96657393346531
0
VERTEX
8
C2
10
48.522405440358725
20
-53.964660005833956
0
VERTEX
8
C2
10
48.531695269403414
20
-53.96150653380062
0
VERTEX
8
C2
10
48.54049401197604
20
-53.95716747414611
0
VERTEX
8
C2
10
48.5486511191517
20
-53.951717069384124
0
VERTEX
8
C2
10
48.556027020565026
20
-53.94524857745127
0
VERTEX
8
C2
10
48.562495512497875
20
-53.937872676037934
0
VERTEX
8
C2
10
48.56794591725988
20
-53.92971556886228
0
VERTEX
8
C2
10
48.57228497691439
20
-53.92091682628966
0
VERTEX
8
C2
10
48.575438448947736
20
-53.911626997244966
0
VERTEX
8
C2
10
48.57735237657907
20
-53.90200503327878
0
VERTEX
8
C2
10
48.57799401197603
20
-53.89221556886228
0
VERTEX
8
C2
10
48.57735237657907
20
-53.88242610444578
0
VERTEX
8
C2
10
48.575438448947736
20
-53.87280414047959
0
VERTEX
8
C2
10
48.57228497691439
20
-53.8635143114349
0
VERTEX
8
C2
10
48.56794591725988
20
-53.854715568862275
0
VERTEX
8
C2
10
48.562495512497875
20
-53.84655846168663
0
VERTEX
8
C2
10
48.556027020565026
20
-53.83918256027329
0
VERTEX
8
C2
10
48.5486511191517
20
-53.83271406834044
0
VERTEX
8
C2
10
48.54049401197604
20
-53.82726366357844
0
VERTEX
8
C2
10
48.531695269403414
20
-53.82292460392393
0
VERTEX
8
C2
10
48.522405440358725
20
-53.8197711318906
0
VERTEX
8
C2
10
48.512783476392556
20
-53.81785720425924
0
VERTEX
8
C2
10
48.50299401197604
20
-53.81721556886228
0
SEQEND
0
POLYLINE
8
C2
66
1
70
1
0
VERTEX
8
C2
10
49.92215568862274
20
-53.577694610778444
0
VERTEX
8
C2
10
49.91236622420625
20
-53.57833624617541
0
VERTEX
8
C2
10
49.902744260240055
20
-53.58025017380677
0
VERTEX
8
C2
10
49.893454431195366
20
-53.5834036458401
0
VERTEX
8
C2
10
49.88465568862274
20
-53.58774270549461
0
VERTEX
8
C2
10
49.87649858144711
20
-53.5931931102566
0
VERTEX
8
C2
10
49.869122680033755
20
-53.59966160218946
0
VERTEX
8
C2
10
49.862654188100905
20
-53.60703750360279
0
VERTEX
8
C2
10
49.8572037833389
20
-53.615194610778445
0
VERTEX
8
C2
10
49.85286472368439
20
-53.62399335335106
0
VERTEX
8
C2
10
49.84971125165107
20
-53.63328318239576
0
VERTEX
8
C2
10
49.84779732401971
20
-53.64290514636194
0
VERTEX
8
C2
10
49.84715568862275
20
-53.65269461077845
0
VERTEX
8
C2
10
49.84779732401971
20
-53.662484075194946
0
VERTEX
8
C2
10
49.84971125165107
20
-53.672106039161136
0
VERTEX
8
C2
10
49.85286472368439
20
-53.681395868205826
0
VERTEX
8
C2
10
49.8572037833389
20
-53.69019461077845
0
VERTEX
8
C2
10
49.862654188100905
20
-53.6983517179541
0
VERTEX
8
C2
10
49.869122680033755
20
-53.70572761936744
0
VERTEX
8
C2
10
49.87649858144711
20
-53.71219611130029
0
VERTEX
8
C2
10
49.88465568862274
20
-53.71764651606228
0
VERTEX
8
C2
10
49.893454431195366
20
-53.72198557571679
0
VERTEX
8
C2
10
49.902744260240055
20
-53.725139047750126
0
VERTEX
8
C2
10
49.91236622420625
20
-53.72705297538148
0
VERTEX
8
C2
10
49.92215568862274
20
-53.72769461077844
0
VERTEX
8
C2
10
49.93194515303925
20
-53.72705297538148
0
VERTEX
8
C2
10
49.94156711700545
20
-53.725139047750126
0
VERTEX
8
C2
10
49.95085694605014
20
-53.72198557571679
0
VERTEX
8
C2
10
49.95965568862276
20
-53.71764651606228
0
VERTEX
8
C2
10
49.967812795798395
20
-53.71219611130029
0
VERTEX
8
C2
10
49.97518869721175
20
-53.70572761936744
0
VERTEX
8
C2
10
49.9816571891446
20
-53.6983517179541
0
VERTEX
8
C2
10
49.98710759390657
20
-53.69019461077845
0
VERTEX
8
C2
10
49.991446653561084
20
-53.681395868205826
0
VERTEX
8
C2
10
49.99460012559443
20
-53.672106039161136
0
VERTEX
8
C2
10
49.996514053225795
20
-53.662484075194946
0
VERTEX
8
C2
10
49.997155688622755
20
-53.65269461077845
0
VERTEX
8
C2
10
49.996514053225795
20
-53.64290514636194
0
VERTEX
8
C2
10
49.99460012559443
20
-53.63328318239576
0
VERTEX
8
C2
10
49.991446653561084
20
-53.62399335335106
0
VERTEX
8
C2
10
49.98710759390657
20
-53.615194610778445
0
VERTEX
8
C2
10
49.9816571891446
20
-53.60703750360279
0
VERTEX
8
C2
10
49.97518869721175
20
-53.59966160218946
0
VERTEX
8
C2
10
49.967812795798395
20
-53.5931931102566
0
VERTEX
8
C2
10
49.95965568862276
20
-53.58774270549461
0
VERTEX
8
C2
10
49.95085694605014
20
-53.5834036458401
0
VERTEX
8
C2
10
49.94156711700545
20
-53.58025017380677
0
VERTEX
8
C2
10
49.93194515303925
20
-53.57833624617541
0
VERTEX
8
C2
10
49.92215568862274
20
-53.577694610778444
0
SEQEND
0
POLYLINE
8
C2
66
1
70
1
0
VERTEX
8
C2
10
48.50299401197604
20
-53.338173652694614
0
VERTEX
8
C2
10
48.49320454755953
20
-53.33881528809158
0
VERTEX
8
C2
10
48.48358258359336
20
-53.34072921572293
0
VERTEX
8
C2
10
48.47429275454867
20
-53.34388268775627
0
VERTEX
8
C2
10
48.46549401197605
20
-53.34822174741078
0
VERTEX
8
C2
10
48.457336904800385
20
-53.35367215217277
0
VERTEX
8
C2
10
48.44996100338706
20
-53.36014064410562
0
VERTEX
8
C2
10
48.44349251145421
20
-53.36751654551896
0
VERTEX
8
C2
10
48.43804210669221
20
-53.375673652694616
0
VERTEX
8
C2
10
48.433703047037696
20
-53.38447239526723
0
VERTEX
8
C2
10
48.43054957500435
20
-53.39376222431193
0
VERTEX
8
C2
10
48.428635647373014
20
-53.40338418827811
0
VERTEX
8
C2
10
48.427994011976054
20
-53.41317365269461
0
VERTEX
8
C2
10
48.428635647373014
20
-53.42296311711112
0
VERTEX
8
C2
10
48.43054957500435
20
-53.4325850810773
0
VERTEX
8
C2
10
48.433703047037696
20
-53.441874910121996
0
VERTEX
8
C2
10
48.43804210669221
20
-53.45067365269461
0
VERTEX
8
C2
10
48.44349251145421
20
-53.45883075987027
0
VERTEX
8
C2
10
48.44996100338706
20
-53.46620666128361
0
VERTEX
8
C2
10
48.457336904800385
20
-53.47267515321646
0
VERTEX
8
C2
10
48.46549401197605
20
-53.478125557978444
0
VERTEX
8
C2
10
48.47429275454867
20
-53.48246461763296
0
VERTEX
8
C2
10
48.48358258359336
20
-53.485618089666296
0
VERTEX
8
C2
10
48.49320454755953
20
-53.487532017297646
0
VERTEX
8
C2
10
48.50299401197604
20
-53.48817365269461
0
VERTEX
8
C2
10
48.512783476392556
20
-53.487532017297646
0
VERTEX
8
C2
10
48.522405440358725
20
-53.485618089666296
0
VERTEX
8
C2
10
48.531695269403414
20
-53.48246461763296
0
VERTEX
8
C2
10
48.54049401197604
20
-53.478125557978444
0
VERTEX
8
C2
10
48.5486511191517
20
-53.47267515321646
0
VERTEX
8
C2
10
48.556027020565026
20
-53.46620666128361
0
VERTEX
8
C2
10
48.562495512497875
20
-53.45883075987027
0
VERTEX
8
C2
10
48.56794591725988
20
-53.45067365269461
0
VERTEX
8
C2
10
48.57228497691439
20
-53.441874910121996
0
VERTEX
8
C2
10
48.575438448947736
20
-53.4325850810773
0
VERTEX
8
C2
10
48.57735237657907
20
-53.42296311711112
0
VERTEX
8
C2
10
48.57799401197603
20
-53.41317365269461
0
VERTEX
8
C2
10
48.57735237657907
20
-53.40338418827811
0
VERTEX
8
C2
10
48.575438448947736
20
-53.39376222431193
0
VERTEX
8
C2
10
48.57228497691439
20
-53.38447239526723
0
VERTEX
8
C2
10
48.56794591725988
20
-53.375673652694616
0
VERTEX
8
C2
10
48.562495512497875
20
-53.36751654551896
0
VERTEX
8
C2
10
48.556027020565026
20
-53.36014064410562
0
VERTEX
8
C2
10
48.5486511191517
20
-53.35367215217277
0
VERTEX
8
C2
10
48.54049401197604
20
-53.34822174741078
0
VERTEX
8
C2
10
48.531695269403414
20
-53.34388268775627
0
VERTEX
8
C2
10
48.522405440358725
20
-53.34072921572293
0
VERTEX
8
C2
10
48.512783476392556
20
-53.33881528809158
0
VERTEX
8
C2
10
48.50299401197604
20
-53.338173652694614
0
SEQEND
0
POLYLINE
8
C2
66
1
70
1
0
VERTEX
8
C2
10
49.760479041916156
20
-55.61362275449102
0
VERTEX
8
C2
10
49.75068957749967
20
-55.614264389887985
0
VERTEX
8
C2
10
49.741067613533474
20
-55.61617831751934
0
VERTEX
8
C2
10
49.731777784488784
20
-55.619331789552675
0
VERTEX
8
C2
10
49.72297904191616
20
-55.62367084920719
0
VERTEX
8
C2
10
49.7148219347405
20
-55.62912125396918
0
VERTEX
8
C2
10
49.70744603332717
20
-55.63558974590203
0
VERTEX
8
C2
10
49.70097754139432
20
-55.642965647315364
0
VERTEX
8
C2
10
49.69552713663232
20
-55.65112275449102
0
VERTEX
8
C2
10
49.69118807697781
20
-55.659921497063635
0
VERTEX
8
C2
10
49.68803460494449
20
-55.66921132610833
0
VERTEX
8
C2
10
49.68612067731313
20
-55.678833290074515
0
VERTEX
8
C2
10
49.68547904191617
20
-55.68862275449102
0
VERTEX
8
C2
10
49.68612067731313
20
-55.69841221890752
0
VERTEX
8
C2
10
49.68803460494449
20
-55.70803418287371
0
VERTEX
8
C2
10
49.69118807697781
20
-55.7173240119184
0
VERTEX
8
C2
10
49.69552713663232
20
-55.72612275449102
0
VERTEX
8
C2
10
49.70097754139432
20
-55.73427986166667
0
VERTEX
8
C2
10
49.70744603332717
20
-55.74165576308001
0
VERTEX
8
C2
10
49.7148219347405
20
-55.74812425501286
0
VERTEX
8
C2
10
49.72297904191616
20
-55.753574659774856
0
VERTEX
8
C2
10
49.731777784488784
20
-55.75791371942937
0
VERTEX
8
C2
10
49.741067613533474
20
-55.7610671914627
0
VERTEX
8
C2
10
49.75068957749967
20
-55.76298111909406
0
VERTEX
8
C2
10
49.760479041916156
20
-55.763622754491024
0
VERTEX
8
C2
10
49.77026850633267
20
-55.76298111909406
0
VERTEX
8
C2
10
49.77989047029884
20
-55.7610671914627
0
VERTEX
8
C2
10
49.789180299343556
20
-55.75791371942937
0
VERTEX
8
C2
10
49.79797904191615
20
-55.753574659774856
0
VERTEX
8
C2
10
49.80613614909181
20
-55.74812425501286
0
VERTEX
8
C2
10
49.81351205050514
20
-55.74165576308001
0
VERTEX
8
C2
10
49.81998054243802
20
-55.73427986166667
0
VERTEX
8
C2
10
49.82543094719999
20
-55.72612275449102
0
VERTEX
8
C2
10
49.8297700068545
20
-55.7173240119184
0
VERTEX
8
C2
10
49.83292347888785
20
-55.70803418287371
0
VERTEX
8
C2
10
49.834837406519185
20
-55.69841221890752
0
VERTEX
8
C2
10
49.83547904191617
20
-55.68862275449102
0
VERTEX
8
C2
10
49.834837406519185
20
-55.678833290074515
0
VERTEX
8
C2
10
49.83292347888785
20
-55.66921132610833
0
VERTEX
8
C2
10
49.8297700068545
20
-55.659921497063635
0
VERTEX
8
C2
10
49.82543094719999
20
-55.65112275449102
0
VERTEX
8
C2
10
49.81998054243802
20
-55.642965647315364
0
VERTEX
8
C2
10
49.81351205050514
20
-55.63558974590203
0
VERTEX
8
C2
10
49.80613614909181
20
-55.62912125396918
0
VERTEX
8
C2
10
49.79797904191615
20
-55.62367084920719
0
VERTEX
8
C2
10
49.789180299343556
20
-55.619331789552675
0
VERTEX
8
C2
10
49.77989047029884
20
-55.61617831751934
0
VERTEX
8
C2
10
49.77026850633267
20
-55.614264389887985
0
VERTEX
8
C2
10
49.760479041916156
20
-55.61362275449102
0
SEQEND
0
POLYLINE
8
C2
66
1
70
1
0
VERTEX
8
C2
10
48.50299401197604
20
-54.29625748502994
0
VERTEX
8
C2
10
48.49320454755953
20
-54.29689912042691
0
VERTEX
8
C2
10
48.48358258359336
20
-54.298813048058264
0
VERTEX
8
C2
10
48.47429275454867
20
-54.3019665200916
0
VERTEX
8
C2
10
48.46549401197605
20
-54.30630557974611
0
VERTEX
8
C2
10
48.457336904800385
20
-54.3117559845081
0
VERTEX
8
C2
10
48.44996100338706
20
-54.31822447644095
0
VERTEX
8
C2
10
48.44349251145421
20
-54.325600377854286
0
VERTEX
8
C2
10
48.43804210669221
20
-54.33375748502994
0
VERTEX
8
C2
10
48.433703047037696
20
-54.342556227602564
0
VERTEX
8
C2
10
48.43054957500435
20
-54.351846056647254
0
VERTEX
8
C2
10
48.428635647373014
20
-54.36146802061344
0
VERTEX
8
C2
10
48.427994011976054
20
-54.37125748502994
0
VERTEX
8
C2
10
48.428635647373014
20
-54.38104694944645
0
VERTEX
8
C2
10
48.43054957500435
20
-54.39066891341263
0
VERTEX
8
C2
10
48.433703047037696
20
-54.39995874245732
0
VERTEX
8
C2
10
48.43804210669221
20
-54.408757485029945
0
VERTEX
8
C2
10
48.44349251145421
20
-54.4169145922056
0
VERTEX
8
C2
10
48.44996100338706
20
-54.42429049361893
0
VERTEX
8
C2
10
48.457336904800385
20
-54.43075898555178
0
VERTEX
8
C2
10
48.46549401197605
20
-54.43620939031378
0
VERTEX
8
C2
10
48.47429275454867
20
-54.44054844996829
0
VERTEX
8
C2
10
48.48358258359336
20
-54.44370192200162
0
VERTEX
8
C2
10
48.49320454755953
20
-54.44561584963298
0
VERTEX
8
C2
10
48.50299401197604
20
-54.446257485029946
0
VERTEX
8
C2
10
48.512783476392556
20
-54.44561584963298
0
VERTEX
8
C2
10
48.522405440358725
20
-54.44370192200162
0
VERTEX
8
C2
10
48.531695269403414
20
-54.44054844996829
0
VERTEX
8
C2
10
48.54049401197604
20
-54.43620939031378
0
VERTEX
8
C2
10
48.5486511191517
20
-54.43075898555178
0
VERTEX
8
C2
10
48.556027020565026
20
-54.42429049361893
0
VERTEX
8
C2
10
48.562495512497875
20
-54.4169145922056
0
VERTEX
8
C2
10
48.56794591725988
20
-54.408757485029945
0
VERTEX
8
C2
10
48.57228497691439
20
-54.39995874245732
0
VERTEX
8
C2
10
48.575438448947736
20
-54.39066891341263
0
VERTEX
8
C2
10
48.57735237657907
20
-54.38104694944645
0
VERTEX
8
C2
10
48.57799401197603
20
-54.37125748502994
0
VERTEX
8
C2
10
48.57735237657907
20
-54.36146802061344
0
VERTEX
8
C2
10
48.575438448947736
20
-54.351846056647254
0
VERTEX
8
C2
10
48.57228497691439
20
-54.342556227602564
0
VERTEX
8
C2
10
48.56794591725988
20
-54.33375748502994
0
VERTEX
8
C2
10
48.562495512497875
20
-54.325600377854286
0
VERTEX
8
C2
10
48.556027020565026
20
-54.31822447644095
0
VERTEX
8
C2
10
48.5486511191517
20
-54.3117559845081
0
VERTEX
8
C2
10
48.54049401197604
20
-54.30630557974611
0
VERTEX
8
C2
10
48.531695269403414
20
-54.3019665200916
0
VERTEX
8
C2
10
48.522405440358725
20
-54.298813048058264
0
VERTEX
8
C2
10
48.512783476392556
20
-54.29689912042691
0
VERTEX
8
C2
10
48.50299401197604
20
-54.29625748502994
0
SEQEND
0
POLYLINE
8
C2
66
1
70
1
0
VERTEX
8
C2
10
48.50299401197604
20
-55.254341317365274
0
VERTEX
8
C2
10
48.49320454755953
20
-55.254982952762234
0
VERTEX
8
C2
10
48.48358258359336
20
-55.25689688039359
0
VERTEX
8
C2
10
48.47429275454867
20
-55.26005035242692
0
VERTEX
8
C2
10
48.46549401197605
20
-55.26438941208144
0
VERTEX
8
C2
10
48.457336904800385
20
-55.26983981684343
0
VERTEX
8
C2
10
48.44996100338706
20
-55.27630830877628
0
VERTEX
8
C2
10
48.44349251145421
20
-55.28368421018962
0
VERTEX
8
C2
10
48.43804210669221
20
-55.291841317365275
0
VERTEX
8
C2
10
48.433703047037696
20
-55.30064005993789
0
VERTEX
8
C2
10
48.43054957500435
20
-55.30992988898258
0
VERTEX
8
C2
10
48.428635647373014
20
-55.31955185294877
0
VERTEX
8
C2
10
48.427994011976054
20
-55.32934131736527
0
VERTEX
8
C2
10
48.428635647373014
20
-55.339130781781776
0
VERTEX
8
C2
10
48.43054957500435
20
-55.34875274574796
0
VERTEX
8
C2
10
48.433703047037696
20
-55.358042574792655
0
VERTEX
8
C2
10
48.43804210669221
20
-55.36684131736527
0
VERTEX
8
C2
10
48.44349251145421
20
-55.37499842454093
0
VERTEX
8
C2
10
48.44996100338706
20
-55.38237432595427
0
VERTEX
8
C2
10
48.457336904800385
20
-55.38884281788712
0
VERTEX
8
C2
10
48.46549401197605
20
-55.394293222649104
0
VERTEX
8
C2
10
48.47429275454867
20
-55.398632282303616
0
VERTEX
8
C2
10
48.48358258359336
20
-55.401785754336956
0
VERTEX
8
C2
10
48.49320454755953
20
-55.403699681968305
0
VERTEX
8
C2
10
48.50299401197604
20
-55.40434131736527
0
VERTEX
8
C2
10
48.512783476392556
20
-55.403699681968305
0
VERTEX
8
C2
10
48.522405440358725
20
-55.401785754336956
0
VERTEX
8
C2
10
48.531695269403414
20
-55.398632282303616
0
VERTEX
8
C2
10
48.54049401197604
20
-55.394293222649104
0
VERTEX
8
C2
10
48.5486511191517
20
-55.38884281788712
0
VERTEX
8
C2
10
48.556027020565026
20
-55.38237432595427
0
VERTEX
8
C2
10
48.562495512497875
20
-55.37499842454093
0
VERTEX
8
C2
10
48.56794591725988
20
-55.36684131736527
0
VERTEX
8
C2
10
48.57228497691439
20
-55.358042574792655
0
VERTEX
8
C2
10
48.575438448947736
20
-55.34875274574796
0
VERTEX
8
C2
10
48.57735237657907
20
-55.339130781781776
0
VERTEX
8
C2
10
48.57799401197603
20
-55.32934131736527
0
VERTEX
8
C2
10
48.57735237657907
20
-55.31955185294877
0
VERTEX
8
C2
10
48.575438448947736
20
-55.30992988898258
0
VERTEX
8
C2
10
48.57228497691439
20
-55.30064005993789
0
VERTEX
8
C2
10
48.56794591725988
20
-55.291841317365275
0
VERTEX
8
C2
10
48.562495512497875
20
-55.28368421018962
0
VERTEX
8
C2
10
48.556027020565026
20
-55.27630830877628
0
VERTEX
8
C2
10
48.5486511191517
20
-55.26983981684343
0
VERTEX
8
C2
10
48.54049401197604
20
-55.26438941208144
0
VERTEX
8
C2
10
48.531695269403414
20
-55.26005035242692
0
VERTEX
8
C2
10
48.522405440358725
20
-55.25689688039359
0
VERTEX
8
C2
10
48.512783476392556
20
-55.254982952762234
0
VERTEX
8
C2
10
48.50299401197604
20
-55.254341317365274
0
SEQEND
0
POLYLINE
8
C2
66
1
70
1
0
VERTEX
8
C2
10
48.50299401197604
20
-56.2124251497006
0
VERTEX
8
C2
10
48.49320454755953
20
-56.21306678509757
0
VERTEX
8
C2
10
48.48358258359336
20
-56.214980712728924
0
VERTEX
8
C2
10
48.47429275454867
20
-56.218134184762256
0
VERTEX
8
C2
10
48.46549401197605
20
-56.22247324441677
0
VERTEX
8
C2
10
48.457336904800385
20
-56.227923649178756
0
VERTEX
8
C2
10
48.44996100338706
20
-56.23439214111161
0
VERTEX
8
C2
10
48.44349251145421
20
-56.241768042524946
0
VERTEX
8
C2
10
48.43804210669221
20
-56.2499251497006
0
VERTEX
8
C2
10
48.433703047037696
20
-56.25872389227322
0
VERTEX
8
C2
10
48.43054957500435
20
-56.268013721317914
0
VERTEX
8
C2
10
48.428635647373014
20
-56.277635685284096
0
VERTEX
8
C2
10
48.427994011976054
20
-56.2874251497006
0
VERTEX
8
C2
10
48.428635647373014
20
-56.2972146141171
0
VERTEX
8
C2
10
48.43054957500435
20
-56.30683657808329
0
VERTEX
8
C2
10
48.433703047037696
20
-56.31612640712798
0
VERTEX
8
C2
10
48.43804210669221
20
-56.324925149700604
0
VERTEX
8
C2
10
48.44349251145421
20
-56.33308225687625
0
VERTEX
8
C2
10
48.44996100338706
20
-56.34045815828959
0
VERTEX
8
C2
10
48.457336904800385
20
-56.34692665022244
0
VERTEX
8
C2
10
48.46549401197605
20
-56.35237705498444
0
VERTEX
8
C2
10
48.47429275454867
20
-56.35671611463895
0
VERTEX
8
C2
10
48.48358258359336
20
-56.35986958667228
0
VERTEX
8
C2
10
48.49320454755953
20
-56.36178351430364
0
VERTEX
8
C2
10
48.50299401197604
20
-56.3624251497006
0
VERTEX
8
C2
10
48.512783476392556
20
-56.36178351430364
0
VERTEX
8
C2
10
48.522405440358725
20
-56.35986958667228
0
VERTEX
8
C2
10
48.531695269403414
20
-56.35671611463895
0
VERTEX
8
C2
10
48.54049401197604
20
-56.35237705498444
0
VERTEX
8
C2
10
48.5486511191517
20
-56.34692665022244
0
VERTEX
8
C2
10
48.556027020565026
20
-56.34045815828959
0
VERTEX
8
C2
10
48.562495512497875
20
-56.33308225687625
0
VERTEX
8
C2
10
48.56794591725988
20
-56.324925149700604
0
VERTEX
8
C2
10
48.57228497691439
20
-56.31612640712798
0
VERTEX
8
C2
10
48.575438448947736
20
-56.30683657808329
0
VERTEX
8
C2
10
48.57735237657907
20
-56.2972146141171
0
VERTEX
8
C2
10
48.57799401197603
20
-56.2874251497006
0
VERTEX
8
C2
10
48.57735237657907
20
-56.277635685284096
0
VERTEX
8
C2
10
48.575438448947736
20
-56.268013721317914
0
VERTEX
8
C2
10
48.57228497691439
20
-56.25872389227322
0
VERTEX
8
C2
10
48.56794591725988
20
-56.2499251497006
0
VERTEX
8
C2
10
48.562495512497875
20
-56.241768042524946
0
VERTEX
8
C2
10
48.556027020565026
20
-56.23439214111161
0
VERTEX
8
C2
10
48.5486511191517
20
-56.227923649178756
0
VERTEX
8
C2
10
48.54049401197604
20
-56.22247324441677
0
VERTEX
8
C2
10
48.531695269403414
20
-56.218134184762256
0
VERTEX
8
C2
10
48.522405440358725
20
-56.214980712728924
0
VERTEX
8
C2
10
48.512783476392556
20
-56.21306678509757
0
VERTEX
8
C2
10
48.50299401197604
20
-56.2124251497006
0
SEQEND
0
ENDBLK
0
ENDSEC
0
SECTION
2
ENTITIES
0
INSERT
2
LDI_XFL94-0512-011_C2_B1
8
C2
10
0
20
0.0
30
0
0
INSERT
2
LDI_XFL94-0512-011_C2_B1
8
C2
10
0
20
4.790419161676647
30
0
0
INSERT
2
LDI_XFL94-0512-011_C2_B1
8
C2
10
0
20
9.580838323353294
30
0
0
INSERT
2
LDI_XFL94-0512-011_C2_B1
8
C2
10
0
20
14.371257485029941
30
0
0
INSERT
2
LDI_XFL94-0512-011_C2_B1
8
C2
10
0
20
19.16167664670659
30
0
0
INSERT
2
LDI_XFL94-0512-011_C2_B1
8
C2
10
0
20
23.952095808383234
30
0
0
INSERT
2
LDI_XFL94-0512-011_C2_B1
8
C2
10
0
20
28.742514970059883
30
0
0
INSERT
2
LDI_XFL94-0512-011_C2_B1
8
C2
10
0
20
33.53293413173653
30
0
0
INSERT
2
LDI_XFL94-0512-011_C2_B1
8
C2
10
0
20
38.32335329341318
30
0
0
INSERT
2
LDI_XFL94-0512-011_C2_B1
8
C2
10
0
20
43.11377245508982
30
0
0
INSERT
2
LDI_XFL94-0512-011_C2_B1
8
C2
10
0
20
47.90419161676647
30
0
0
INSERT
2
LDI_XFL94-0512-011_C2_B1
8
C2
10
0
20
52.69461077844312
30
0
0
INSERT
2
LDI_XFL94-0512-011_C2_B1
8
C2
10
0
20
57.485029940119766
30
0
0
INSERT
2
LDI_XFL94-0512-011_C2_B1
8
C2
10
0
20
62.27544910179641
30
0
0
INSERT
2
LDI_XFL94-0512-011_C2_B1
8
C2
10
0
20
67.06586826347306
30
0
0
INSERT
2
LDI_XFL94-0512-011_C2_B1
8
C2
10
0
20
71.8562874251497
30
0
0
INSERT
2
LDI_XFL94-0512-011_C2_B1
8
C2
10
0
20
76.64670658682635
30
0
0
INSERT
2
LDI_XFL94-0512-011_C2_B1
8
C2
10
0
20
81.43712574850301
30
0
0
INSERT
2
LDI_XFL94-0512-011_C2_B1
8
C2
10
0
20
86.22754491017965
30
0
0
INSERT
2
LDI_XFL94-0512-011_C2_B1
8
C2
10
0
20
91.0179640718563
30
0
0
INSERT
2
LDI_XFL94-0512-011_C2_B1
8
C2
10
0
20
95.80838323353294
30
0
0
INSERT
2
LDI_XFL94-0512-011_C2_B1
8
C2
10
0
20
100.59880239520959
30
0
0
INSERT
2
LDI_XFL94-0512-011_C2_B1
8
C2
10
0
20
105.38922155688624
30
0
0
INSERT
2
LDI_XFL94-0512-011_C2_B1
8
C2
10
0
20
110.17964071856288
30
0
0
POLYLINE
8
C2
66
1
70
1
40
0.1
41
0.1
0
VERTEX
8
C2
10
-61.5
20
-61.2
42
1.0
0
VERTEX
8
C2
10
-60.900000000000006
20
-61.2
42
1.0
0
SEQEND
0
POLYLINE
8
C2
66
1
70
1
40
0.1
41
0.1
0
VERTEX
8
C2
10
-61.5
20
61.2
42
1.0
0
VERTEX
8
C2
10
-60.900000000000006
20
61.2
42
1.0
0
SEQEND
0
POLYLINE
8
C2
66
1
70
1
40
0.1
41
0.1
0
VERTEX
8
C2
10
60.90000000000002
20
-61.2
42
1.0
0
VERTEX
8
C2
10
61.499999999999986
20
-61.2
42
1.0
0
SEQEND
0
POLYLINE
8
C2
66
1
70
1
40
0.1
41
0.1
0
VERTEX
8
C2
10
60.90000000000002
20
61.2
42
1.0
0
VERTEX
8
C2
10
61.499999999999986
20
61.2
42
1.0
0
SEQEND
0
POLYLINE
8
C2
66
1
70
1
0
VERTEX
8
C2
10
-64.46966991411009
20
-64.46966991411009
40
0.08
41
0.08
0
VERTEX
8
C2
10
-65.53033008588991
20
-65.53033008588991
40
0.08
41
0.08
0
SEQEND
0
POLYLINE
8
C2
66
1
70
1
0
VERTEX
8
C2
10
-64.46966991411009
20
-65.53033008588991
40
0.08
41
0.08
0
VERTEX
8
C2
10
-65.53033008588991
20
-64.46966991411009
40
0.08
41
0.08
0
SEQEND
0
POLYLINE
8
C2
66
1
70
1
0
VERTEX
8
C2
10
-64.46966991411009
20
65.53033008588993
40
0.08
41
0.08
0
VERTEX
8
C2
10
-65.53033008588991
20
64.4696699141101
40
0.08
41
0.08
0
SEQEND
0
POLYLINE
8
C2
66
1
70
1
0
VERTEX
8
C2
10
-64.46966991411009
20
64.4696699141101
40
0.08
41
0.08
0
VERTEX
8
C2
10
-65.53033008588991
20
65.53033008588993
40
0.08
41
0.08
0
SEQEND
0
POLYLINE
8
C2
66
1
70
1
0
VERTEX
8
C2
10
65.53033008588993
20
65.53033008588993
40
0.08
41
0.08
0
VERTEX
8
C2
10
64.4696699141101
20
64.4696699141101
40
0.08
41
0.08
0
SEQEND
0
POLYLINE
8
C2
66
1
70
1
0
VERTEX
8
C2
10
65.53033008588993
20
64.4696699141101
40
0.08
41
0.08
0
VERTEX
8
C2
10
64.4696699141101
20
65.53033008588993
40
0.08
41
0.08
0
SEQEND
0
POLYLINE
8
C2
66
1
70
1
0
VERTEX
8
C2
10
65.74999999999999
20
-65.0
40
0.08
41
0.08
0
VERTEX
8
C2
10
64.24999999999999
20
-65.0
40
0.08
41
0.08
0
SEQEND
0
POLYLINE
8
C2
66
1
70
1
0
VERTEX
8
C2
10
64.99999999999999
20
-64.25
40
0.08
41
0.08
0
VERTEX
8
C2
10
64.99999999999999
20
-65.75
40
0.08
41
0.08
0
SEQEND
0
POLYLINE
8
C2
66
1
70
1
0
VERTEX
8
C2
10
-53.89221556886228
20
-61.2
40
0.08
41
0.08
0
VERTEX
8
C2
10
-53.89221556886228
20
-64.2
40
0.08
41
0.08
0
SEQEND
0
POLYLINE
8
C2
66
1
70
1
0
VERTEX
8
C2
10
-53.89221556886228
20
61.2
40
0.08
41
0.08
0
VERTEX
8
C2
10
-53.89221556886228
20
64.2
40
0.08
41
0.08
0
SEQEND
0
POLYLINE
8
C2
66
1
70
1
0
VERTEX
8
C2
10
-43.11377245508983
20
-61.2
40
0.08
41
0.08
0
VERTEX
8
C2
10
-43.11377245508983
20
-64.2
40
0.08
41
0.08
0
SEQEND
0
POLYLINE
8
C2
66
1
70
1
0
VERTEX
8
C2
10
-43.11377245508983
20
61.2
40
0.08
41
0.08
0
VERTEX
8
C2
10
-43.11377245508983
20
64.2
40
0.08
41
0.08
0
SEQEND
0
POLYLINE
8
C2
66
1
70
1
0
VERTEX
8
C2
10
-32.33532934131736
20
-61.2
40
0.08
41
0.08
0
VERTEX
8
C2
10
-32.33532934131736
20
-64.2
40
0.08
41
0.08
0
SEQEND
0
POLYLINE
8
C2
66
1
70
1
0
VERTEX
8
C2
10
-32.33532934131736
20
61.2
40
0.08
41
0.08
0
VERTEX
8
C2
10
-32.33532934131736
20
64.2
40
0.08
41
0.08
0
SEQEND
0
POLYLINE
8
C2
66
1
70
1
0
VERTEX
8
C2
10
-21.556886227544908
20
-61.2
40
0.08
41
0.08
0
VERTEX
8
C2
10
-21.556886227544908
20
-64.2
40
0.08
41
0.08
0
SEQEND
0
POLYLINE
8
C2
66
1
70
1
0
VERTEX
8
C2
10
-21.556886227544908
20
61.2
40
0.08
41
0.08
0
VERTEX
8
C2
10
-21.556886227544908
20
64.2
40
0.08
41
0.08
0
SEQEND
0
POLYLINE
8
C2
66
1
70
1
0
VERTEX
8
C2
10
-10.778443113772454
20
-61.2
40
0.08
41
0.08
0
VERTEX
8
C2
10
-10.778443113772454
20
-64.2
40
0.08
41
0.08
0
SEQEND
0
POLYLINE
8
C2
66
1
70
1
0
VERTEX
8
C2
10
-10.778443113772454
20
61.2
40
0.08
41
0.08
0
VERTEX
8
C2
10
-10.778443113772454
20
64.2
40
0.08
41
0.08
0
SEQEND
0
POLYLINE
8
C2
66
1
70
1
0
VERTEX
8
C2
10
0.0
20
-61.2
40
0.08
41
0.08
0
VERTEX
8
C2
10
0.0
20
-64.2
40
0.08
41
0.08
0
SEQEND
0
POLYLINE
8
C2
66
1
70
1
0
VERTEX
8
C2
10
0.0
20
61.2
40
0.08
41
0.08
0
VERTEX
8
C2
10
0.0
20
64.2
40
0.08
41
0.08
0
SEQEND
0
POLYLINE
8
C2
66
1
70
1
0
VERTEX
8
C2
10
10.778443113772468
20
-61.2
40
0.08
41
0.08
0
VERTEX
8
C2
10
10.778443113772468
20
-64.2
40
0.08
41
0.08
0
SEQEND
0
POLYLINE
8
C2
66
1
70
1
0
VERTEX
8
C2
10
10.778443113772468
20
61.2
40
0.08
41
0.08
0
VERTEX
8
C2
10
10.778443113772468
20
64.2
40
0.08
41
0.08
0
SEQEND
0
POLYLINE
8
C2
66
1
70
1
0
VERTEX
8
C2
10
21.556886227544922
20
-61.2
40
0.08
41
0.08
0
VERTEX
8
C2
10
21.556886227544922
20
-64.2
40
0.08
41
0.08
0
SEQEND
0
POLYLINE
8
C2
66
1
70
1
0
VERTEX
8
C2
10
21.556886227544922
20
61.2
40
0.08
41
0.08
0
VERTEX
8
C2
10
21.556886227544922
20
64.2
40
0.08
41
0.08
0
SEQEND
0
POLYLINE
8
C2
66
1
70
1
0
VERTEX
8
C2
10
32.335329341317376
20
-61.2
40
0.08
41
0.08
0
VERTEX
8
C2
10
32.335329341317376
20
-64.2
40
0.08
41
0.08
0
SEQEND
0
POLYLINE
8
C2
66
1
70
1
0
VERTEX
8
C2
10
32.335329341317376
20
61.2
40
0.08
41
0.08
0
VERTEX
8
C2
10
32.335329341317376
20
64.2
40
0.08
41
0.08
0
SEQEND
0
POLYLINE
8
C2
66
1
70
1
0
VERTEX
8
C2
10
43.11377245508983
20
-61.2
40
0.08
41
0.08
0
VERTEX
8
C2
10
43.11377245508983
20
-64.2
40
0.08
41
0.08
0
SEQEND
0
POLYLINE
8
C2
66
1
70
1
0
VERTEX
8
C2
10
43.11377245508983
20
61.2
40
0.08
41
0.08
0
VERTEX
8
C2
10
43.11377245508983
20
64.2
40
0.08
41
0.08
0
SEQEND
0
POLYLINE
8
C2
66
1
70
1
0
VERTEX
8
C2
10
53.892215568862284
20
-61.2
40
0.08
41
0.08
0
VERTEX
8
C2
10
53.892215568862284
20
-64.2
40
0.08
41
0.08
0
SEQEND
0
POLYLINE
8
C2
66
1
70
1
0
VERTEX
8
C2
10
53.892215568862284
20
61.2
40
0.08
41
0.08
0
VERTEX
8
C2
10
53.892215568862284
20
64.2
40
0.08
41
0.08
0
SEQEND
0
POLYLINE
8
C2
66
1
70
1
0
VERTEX
8
C2
10
-61.2
20
-57.485029940119766
40
0.08
41
0.08
0
VERTEX
8
C2
10
-64.2
20
-57.485029940119766
40
0.08
41
0.08
0
SEQEND
0
POLYLINE
8
C2
66
1
70
1
0
VERTEX
8
C2
10
61.2
20
-57.485029940119766
40
0.08
41
0.08
0
VERTEX
8
C2
10
64.2
20
-57.485029940119766
40
0.08
41
0.08
0
SEQEND
0
POLYLINE
8
C2
66
1
70
1
0
VERTEX
8
C2
10
-61.2
20
-52.69461077844312
40
0.08
41
0.08
0
VERTEX
8
C2
10
-64.2
20
-52.69461077844312
40
0.08
41
0.08
0
SEQEND
0
POLYLINE
8
C2
66
1
70
1
0
VERTEX
8
C2
10
61.2
20
-52.69461077844312
40
0.08
41
0.08
0
VERTEX
8
C2
10
64.2
20
-52.69461077844312
40
0.08
41
0.08
0
SEQEND
0
POLYLINE
8
C2
66
1
70
1
0
VERTEX
8
C2
10
-61.2
20
-47.90419161676647
40
0.08
41
0.08
0
VERTEX
8
C2
10
-64.2
20
-47.90419161676647
40
0.08
41
0.08
0
SEQEND
0
POLYLINE
8
C2
66
1
70
1
0
VERTEX
8
C2
10
61.2
20
-47.90419161676647
40
0.08
41
0.08
0
VERTEX
8
C2
10
64.2
20
-47.90419161676647
40
0.08
41
0.08
0
SEQEND
0
POLYLINE
8
C2
66
1
70
1
0
VERTEX
8
C2
10
-61.2
20
-43.11377245508983
40
0.08
41
0.08
0
VERTEX
8
C2
10
-64.2
20
-43.11377245508983
40
0.08
41
0.08
0
SEQEND
0
POLYLINE
8
C2
66
1
70
1
0
VERTEX
8
C2
10
61.2
20
-43.11377245508983
40
0.08
41
0.08
0
VERTEX
8
C2
10
64.2
20
-43.11377245508983
40
0.08
41
0.08
0
SEQEND
0
POLYLINE
8
C2
66
1
70
1
0
VERTEX
8
C2
10
-61.2
20
-38.32335329341318
40
0.08
41
0.08
0
VERTEX
8
C2
10
-64.2
20
-38.32335329341318
40
0.08
41
0.08
0
SEQEND
0
POLYLINE
8
C2
66
1
70
1
0
VERTEX
8
C2
10
61.2
20
-38.32335329341318
40
0.08
41
0.08
0
VERTEX
8
C2
10
64.2
20
-38.32335329341318
40
0.08
41
0.08
0
SEQEND
0
POLYLINE
8
C2
66
1
70
1
0
VERTEX
8
C2
10
-61.2
20
-33.532934131736525
40
0.08
41
0.08
0
VERTEX
8
C2
10
-64.2
20
-33.532934131736525
40
0.08
41
0.08
0
SEQEND
0
POLYLINE
8
C2
66
1
70
1
0
VERTEX
8
C2
10
61.2
20
-33.532934131736525
40
0.08
41
0.08
0
VERTEX
8
C2
10
64.2
20
-33.532934131736525
40
0.08
41
0.08
0
SEQEND
0
POLYLINE
8
C2
66
1
70
1
0
VERTEX
8
C2
10
-61.2
20
-28.742514970059887
40
0.08
41
0.08
0
VERTEX
8
C2
10
-64.2
20
-28.742514970059887
40
0.08
41
0.08
0
SEQEND
0
POLYLINE
8
C2
66
1
70
1
0
VERTEX
8
C2
10
61.2
20
-28.742514970059887
40
0.08
41
0.08
0
VERTEX
8
C2
10
64.2
20
-28.742514970059887
40
0.08
41
0.08
0
SEQEND
0
POLYLINE
8
C2
66
1
70
1
0
VERTEX
8
C2
10
-61.2
20
-23.952095808383234
40
0.08
41
0.08
0
VERTEX
8
C2
10
-64.2
20
-23.952095808383234
40
0.08
41
0.08
0
SEQEND
0
POLYLINE
8
C2
66
1
70
1
0
VERTEX
8
C2
10
61.2
20
-23.952095808383234
40
0.08
41
0.08
0
VERTEX
8
C2
10
64.2
20
-23.952095808383234
40
0.08
41
0.08
0
SEQEND
0
POLYLINE
8
C2
66
1
70
1
0
VERTEX
8
C2
10
-61.2
20
-19.161676646706596
40
0.08
41
0.08
0
VERTEX
8
C2
10
-64.2
20
-19.161676646706596
40
0.08
41
0.08
0
SEQEND
0
POLYLINE
8
C2
66
1
70
1
0
VERTEX
8
C2
10
61.2
20
-19.161676646706596
40
0.08
41
0.08
0
VERTEX
8
C2
10
64.2
20
-19.161676646706596
40
0.08
41
0.08
0
SEQEND
0
POLYLINE
8
C2
66
1
70
1
0
VERTEX
8
C2
10
-61.2
20
-14.371257485029943
40
0.08
41
0.08
0
VERTEX
8
C2
10
-64.2
20
-14.371257485029943
40
0.08
41
0.08
0
SEQEND
0
POLYLINE
8
C2
66
1
70
1
0
VERTEX
8
C2
10
61.2
20
-14.371257485029943
40
0.08
41
0.08
0
VERTEX
8
C2
10
64.2
20
-14.371257485029943
40
0.08
41
0.08
0
SEQEND
0
POLYLINE
8
C2
66
1
70
1
0
VERTEX
8
C2
10
-61.2
20
-9.58083832335329
40
0.08
41
0.08
0
VERTEX
8
C2
10
-64.2
20
-9.58083832335329
40
0.08
41
0.08
0
SEQEND
0
POLYLINE
8
C2
66
1
70
1
0
VERTEX
8
C2
10
61.2
20
-9.58083832335329
40
0.08
41
0.08
0
VERTEX
8
C2
10
64.2
20
-9.58083832335329
40
0.08
41
0.08
0
SEQEND
0
POLYLINE
8
C2
66
1
70
1
0
VERTEX
8
C2
10
-61.2
20
-4.790419161676638
40
0.08
41
0.08
0
VERTEX
8
C2
10
-64.2
20
-4.790419161676638
40
0.08
41
0.08
0
SEQEND
0
POLYLINE
8
C2
66
1
70
1
0
VERTEX
8
C2
10
61.2
20
-4.790419161676638
40
0.08
41
0.08
0
VERTEX
8
C2
10
64.2
20
-4.790419161676638
40
0.08
41
0.08
0
SEQEND
0
POLYLINE
8
C2
66
1
70
1
0
VERTEX
8
C2
10
-61.2
20
0.0
40
0.08
41
0.08
0
VERTEX
8
C2
10
-64.2
20
0.0
40
0.08
41
0.08
0
SEQEND
0
POLYLINE
8
C2
66
1
70
1
0
VERTEX
8
C2
10
61.2
20
0.0
40
0.08
41
0.08
0
VERTEX
8
C2
10
64.2
20
0.0
40
0.08
41
0.08
0
SEQEND
0
POLYLINE
8
C2
66
1
70
1
0
VERTEX
8
C2
10
-61.2
20
4.790419161676638
40
0.08
41
0.08
0
VERTEX
8
C2
10
-64.2
20
4.790419161676638
40
0.08
41
0.08
0
SEQEND
0
POLYLINE
8
C2
66
1
70
1
0
VERTEX
8
C2
10
61.2
20
4.790419161676638
40
0.08
41
0.08
0
VERTEX
8
C2
10
64.2
20
4.790419161676638
40
0.08
41
0.08
0
SEQEND
0
POLYLINE
8
C2
66
1
70
1
0
VERTEX
8
C2
10
-61.2
20
9.58083832335329
40
0.08
41
0.08
0
VERTEX
8
C2
10
-64.2
20
9.58083832335329
40
0.08
41
0.08
0
SEQEND
0
POLYLINE
8
C2
66
1
70
1
0
VERTEX
8
C2
10
61.2
20
9.58083832335329
40
0.08
41
0.08
0
VERTEX
8
C2
10
64.2
20
9.58083832335329
40
0.08
41
0.08
0
SEQEND
0
POLYLINE
8
C2
66
1
70
1
0
VERTEX
8
C2
10
-61.2
20
14.371257485029943
40
0.08
41
0.08
0
VERTEX
8
C2
10
-64.2
20
14.371257485029943
40
0.08
41
0.08
0
SEQEND
0
POLYLINE
8
C2
66
1
70
1
0
VERTEX
8
C2
10
61.2
20
14.371257485029943
40
0.08
41
0.08
0
VERTEX
8
C2
10
64.2
20
14.371257485029943
40
0.08
41
0.08
0
SEQEND
0
POLYLINE
8
C2
66
1
70
1
0
VERTEX
8
C2
10
-61.2
20
19.161676646706596
40
0.08
41
0.08
0
VERTEX
8
C2
10
-64.2
20
19.161676646706596
40
0.08
41
0.08
0
SEQEND
0
POLYLINE
8
C2
66
1
70
1
0
VERTEX
8
C2
10
61.2
20
19.161676646706596
40
0.08
41
0.08
0
VERTEX
8
C2
10
64.2
20
19.161676646706596
40
0.08
41
0.08
0
SEQEND
0
POLYLINE
8
C2
66
1
70
1
0
VERTEX
8
C2
10
-61.2
20
23.95209580838325
40
0.08
41
0.08
0
VERTEX
8
C2
10
-64.2
20
23.95209580838325
40
0.08
41
0.08
0
SEQEND
0
POLYLINE
8
C2
66
1
70
1
0
VERTEX
8
C2
10
61.2
20
23.95209580838325
40
0.08
41
0.08
0
VERTEX
8
C2
10
64.2
20
23.95209580838325
40
0.08
41
0.08
0
SEQEND
0
POLYLINE
8
C2
66
1
70
1
0
VERTEX
8
C2
10
-61.2
20
28.742514970059872
40
0.08
41
0.08
0
VERTEX
8
C2
10
-64.2
20
28.742514970059872
40
0.08
41
0.08
0
SEQEND
0
POLYLINE
8
C2
66
1
70
1
0
VERTEX
8
C2
10
61.2
20
28.742514970059872
40
0.08
41
0.08
0
VERTEX
8
C2
10
64.2
20
28.742514970059872
40
0.08
41
0.08
0
SEQEND
0
POLYLINE
8
C2
66
1
70
1
0
VERTEX
8
C2
10
-61.2
20
33.532934131736525
40
0.08
41
0.08
0
VERTEX
8
C2
10
-64.2
20
33.532934131736525
40
0.08
41
0.08
0
SEQEND
0
POLYLINE
8
C2
66
1
70
1
0
VERTEX
8
C2
10
61.2
20
33.532934131736525
40
0.08
41
0.08
0
VERTEX
8
C2
10
64.2
20
33.532934131736525
40
0.08
41
0.08
0
SEQEND
0
POLYLINE
8
C2
66
1
70
1
0
VERTEX
8
C2
10
-61.2
20
38.32335329341318
40
0.08
41
0.08
0
VERTEX
8
C2
10
-64.2
20
38.32335329341318
40
0.08
41
0.08
0
SEQEND
0
POLYLINE
8
C2
66
1
70
1
0
VERTEX
8
C2
10
61.2
20
38.32335329341318
40
0.08
41
0.08
0
VERTEX
8
C2
10
64.2
20
38.32335329341318
40
0.08
41
0.08
0
SEQEND
0
POLYLINE
8
C2
66
1
70
1
0
VERTEX
8
C2
10
-61.2
20
43.11377245508983
40
0.08
41
0.08
0
VERTEX
8
C2
10
-64.2
20
43.11377245508983
40
0.08
41
0.08
0
SEQEND
0
POLYLINE
8
C2
66
1
70
1
0
VERTEX
8
C2
10
61.2
20
43.11377245508983
40
0.08
41
0.08
0
VERTEX
8
C2
10
64.2
20
43.11377245508983
40
0.08
41
0.08
0
SEQEND
0
POLYLINE
8
C2
66
1
70
1
0
VERTEX
8
C2
10
-61.2
20
47.90419161676648
40
0.08
41
0.08
0
VERTEX
8
C2
10
-64.2
20
47.90419161676648
40
0.08
41
0.08
0
SEQEND
0
POLYLINE
8
C2
66
1
70
1
0
VERTEX
8
C2
10
61.2
20
47.90419161676648
40
0.08
41
0.08
0
VERTEX
8
C2
10
64.2
20
47.90419161676648
40
0.08
41
0.08
0
SEQEND
0
POLYLINE
8
C2
66
1
70
1
0
VERTEX
8
C2
10
-61.2
20
52.694610778443106
40
0.08
41
0.08
0
VERTEX
8
C2
10
-64.2
20
52.694610778443106
40
0.08
41
0.08
0
SEQEND
0
POLYLINE
8
C2
66
1
70
1
0
VERTEX
8
C2
10
61.2
20
52.694610778443106
40
0.08
41
0.08
0
VERTEX
8
C2
10
64.2
20
52.694610778443106
40
0.08
41
0.08
0
SEQEND
0
POLYLINE
8
C2
66
1
70
1
0
VERTEX
8
C2
10
-61.2
20
57.48502994011976
40
0.08
41
0.08
0
VERTEX
8
C2
10
-64.2
20
57.48502994011976
40
0.08
41
0.08
0
SEQEND
0
POLYLINE
8
C2
66
1
70
1
0
VERTEX
8
C2
10
61.2
20
57.48502994011976
40
0.08
41
0.08
0
VERTEX
8
C2
10
64.2
20
57.48502994011976
40
0.08
41
0.08
0
SEQEND
0
INSERT
2
cutlineendpoint
8
C2
10
-64.46966991411009
20
-64.46966991411009
0
INSERT
2
cutlineendpoint
8
C2
10
-65.53033008588991
20
-65.53033008588991
0
INSERT
2
cutlineendpoint
8
C2
10
-64.46966991411009
20
-65.53033008588991
0
INSERT
2
cutlineendpoint
8
C2
10
-65.53033008588991
20
-64.46966991411009
0
INSERT
2
cutlineendpoint
8
C2
10
-64.46966991411009
20
65.53033008588993
0
INSERT
2
cutlineendpoint
8
C2
10
-65.53033008588991
20
64.4696699141101
0
INSERT
2
cutlineendpoint
8
C2
10
-64.46966991411009
20
64.4696699141101
0
INSERT
2
cutlineendpoint
8
C2
10
-65.53033008588991
20
65.53033008588993
0
INSERT
2
cutlineendpoint
8
C2
10
65.53033008588993
20
65.53033008588993
0
INSERT
2
cutlineendpoint
8
C2
10
64.4696699141101
20
64.4696699141101
0
INSERT
2
cutlineendpoint
8
C2
10
65.53033008588993
20
64.4696699141101
0
INSERT
2
cutlineendpoint
8
C2
10
64.4696699141101
20
65.53033008588993
0
INSERT
2
cutlineendpoint
8
C2
10
65.74999999999999
20
-65.0
0
INSERT
2
cutlineendpoint
8
C2
10
64.24999999999999
20
-65.0
0
INSERT
2
cutlineendpoint
8
C2
10
64.99999999999999
20
-64.25
0
INSERT
2
cutlineendpoint
8
C2
10
64.99999999999999
20
-65.75
0
INSERT
2
cutlineendpoint
8
C2
10
-53.89221556886228
20
-61.2
0
INSERT
2
cutlineendpoint
8
C2
10
-53.89221556886228
20
61.2
0
INSERT
2
cutlineendpoint
8
C2
10
-53.89221556886228
20
-64.2
0
INSERT
2
cutlineendpoint
8
C2
10
-53.89221556886228
20
64.2
0
INSERT
2
cutlineendpoint
8
C2
10
-43.11377245508983
20
-61.2
0
INSERT
2
cutlineendpoint
8
C2
10
-43.11377245508983
20
61.2
0
INSERT
2
cutlineendpoint
8
C2
10
-43.11377245508983
20
-64.2
0
INSERT
2
cutlineendpoint
8
C2
10
-43.11377245508983
20
64.2
0
INSERT
2
cutlineendpoint
8
C2
10
-32.33532934131736
20
-61.2
0
INSERT
2
cutlineendpoint
8
C2
10
-32.33532934131736
20
61.2
0
INSERT
2
cutlineendpoint
8
C2
10
-32.33532934131736
20
-64.2
0
INSERT
2
cutlineendpoint
8
C2
10
-32.33532934131736
20
64.2
0
INSERT
2
cutlineendpoint
8
C2
10
-21.556886227544908
20
-61.2
0
INSERT
2
cutlineendpoint
8
C2
10
-21.556886227544908
20
61.2
0
INSERT
2
cutlineendpoint
8
C2
10
-21.556886227544908
20
-64.2
0
INSERT
2
cutlineendpoint
8
C2
10
-21.556886227544908
20
64.2
0
INSERT
2
cutlineendpoint
8
C2
10
-10.778443113772454
20
-61.2
0
INSERT
2
cutlineendpoint
8
C2
10
-10.778443113772454
20
61.2
0
INSERT
2
cutlineendpoint
8
C2
10
-10.778443113772454
20
-64.2
0
INSERT
2
cutlineendpoint
8
C2
10
-10.778443113772454
20
64.2
0
INSERT
2
cutlineendpoint
8
C2
10
0.0
20
-61.2
0
INSERT
2
cutlineendpoint
8
C2
10
0.0
20
61.2
0
INSERT
2
cutlineendpoint
8
C2
10
0.0
20
-64.2
0
INSERT
2
cutlineendpoint
8
C2
10
0.0
20
64.2
0
INSERT
2
cutlineendpoint
8
C2
10
10.778443113772468
20
-61.2
0
INSERT
2
cutlineendpoint
8
C2
10
10.778443113772468
20
61.2
0
INSERT
2
cutlineendpoint
8
C2
10
10.778443113772468
20
-64.2
0
INSERT
2
cutlineendpoint
8
C2
10
10.778443113772468
20
64.2
0
INSERT
2
cutlineendpoint
8
C2
10
21.556886227544922
20
-61.2
0
INSERT
2
cutlineendpoint
8
C2
10
21.556886227544922
20
61.2
0
INSERT
2
cutlineendpoint
8
C2
10
21.556886227544922
20
-64.2
0
INSERT
2
cutlineendpoint
8
C2
10
21.556886227544922
20
64.2
0
INSERT
2
cutlineendpoint
8
C2
10
32.335329341317376
20
-61.2
0
INSERT
2
cutlineendpoint
8
C2
10
32.335329341317376
20
61.2
0
INSERT
2
cutlineendpoint
8
C2
10
32.335329341317376
20
-64.2
0
INSERT
2
cutlineendpoint
8
C2
10
32.335329341317376
20
64.2
0
INSERT
2
cutlineendpoint
8
C2
10
43.11377245508983
20
-61.2
0
INSERT
2
cutlineendpoint
8
C2
10
43.11377245508983
20
61.2
0
INSERT
2
cutlineendpoint
8
C2
10
43.11377245508983
20
-64.2
0
INSERT
2
cutlineendpoint
8
C2
10
43.11377245508983
20
64.2
0
INSERT
2
cutlineendpoint
8
C2
10
53.892215568862284
20
-61.2
0
INSERT
2
cutlineendpoint
8
C2
10
53.892215568862284
20
61.2
0
INSERT
2
cutlineendpoint
8
C2
10
53.892215568862284
20
-64.2
0
INSERT
2
cutlineendpoint
8
C2
10
53.892215568862284
20
64.2
0
INSERT
2
cutlineendpoint
8
C2
10
-61.2
20
-57.485029940119766
0
INSERT
2
cutlineendpoint
8
C2
10
61.2
20
-57.485029940119766
0
INSERT
2
cutlineendpoint
8
C2
10
-64.2
20
-57.485029940119766
0
INSERT
2
cutlineendpoint
8
C2
10
64.2
20
-57.485029940119766
0
INSERT
2
cutlineendpoint
8
C2
10
-61.2
20
-52.69461077844312
0
INSERT
2
cutlineendpoint
8
C2
10
61.2
20
-52.69461077844312
0
INSERT
2
cutlineendpoint
8
C2
10
-64.2
20
-52.69461077844312
0
INSERT
2
cutlineendpoint
8
C2
10
64.2
20
-52.69461077844312
0
INSERT
2
cutlineendpoint
8
C2
10
-61.2
20
-47.90419161676647
0
INSERT
2
cutlineendpoint
8
C2
10
61.2
20
-47.90419161676647
0
INSERT
2
cutlineendpoint
8
C2
10
-64.2
20
-47.90419161676647
0
INSERT
2
cutlineendpoint
8
C2
10
64.2
20
-47.90419161676647
0
INSERT
2
cutlineendpoint
8
C2
10
-61.2
20
-43.11377245508983
0
INSERT
2
cutlineendpoint
8
C2
10
61.2
20
-43.11377245508983
0
INSERT
2
cutlineendpoint
8
C2
10
-64.2
20
-43.11377245508983
0
INSERT
2
cutlineendpoint
8
C2
10
64.2
20
-43.11377245508983
0
INSERT
2
cutlineendpoint
8
C2
10
-61.2
20
-38.32335329341318
0
INSERT
2
cutlineendpoint
8
C2
10
61.2
20
-38.32335329341318
0
INSERT
2
cutlineendpoint
8
C2
10
-64.2
20
-38.32335329341318
0
INSERT
2
cutlineendpoint
8
C2
10
64.2
20
-38.32335329341318
0
INSERT
2
cutlineendpoint
8
C2
10
-61.2
20
-33.532934131736525
0
INSERT
2
cutlineendpoint
8
C2
10
61.2
20
-33.532934131736525
0
INSERT
2
cutlineendpoint
8
C2
10
-64.2
20
-33.532934131736525
0
INSERT
2
cutlineendpoint
8
C2
10
64.2
20
-33.532934131736525
0
INSERT
2
cutlineendpoint
8
C2
10
-61.2
20
-28.742514970059887
0
INSERT
2
cutlineendpoint
8
C2
10
61.2
20
-28.742514970059887
0
INSERT
2
cutlineendpoint
8
C2
10
-64.2
20
-28.742514970059887
0
INSERT
2
cutlineendpoint
8
C2
10
64.2
20
-28.742514970059887
0
INSERT
2
cutlineendpoint
8
C2
10
-61.2
20
-23.952095808383234
0
INSERT
2
cutlineendpoint
8
C2
10
61.2
20
-23.952095808383234
0
INSERT
2
cutlineendpoint
8
C2
10
-64.2
20
-23.952095808383234
0
INSERT
2
cutlineendpoint
8
C2
10
64.2
20
-23.952095808383234
0
INSERT
2
cutlineendpoint
8
C2
10
-61.2
20
-19.161676646706596
0
INSERT
2
cutlineendpoint
8
C2
10
61.2
20
-19.161676646706596
0
INSERT
2
cutlineendpoint
8
C2
10
-64.2
20
-19.161676646706596
0
INSERT
2
cutlineendpoint
8
C2
10
64.2
20
-19.161676646706596
0
INSERT
2
cutlineendpoint
8
C2
10
-61.2
20
-14.371257485029943
0
INSERT
2
cutlineendpoint
8
C2
10
61.2
20
-14.371257485029943
0
INSERT
2
cutlineendpoint
8
C2
10
-64.2
20
-14.371257485029943
0
INSERT
2
cutlineendpoint
8
C2
10
64.2
20
-14.371257485029943
0
INSERT
2
cutlineendpoint
8
C2
10
-61.2
20
-9.58083832335329
0
INSERT
2
cutlineendpoint
8
C2
10
61.2
20
-9.58083832335329
0
INSERT
2
cutlineendpoint
8
C2
10
-64.2
20
-9.58083832335329
0
INSERT
2
cutlineendpoint
8
C2
10
64.2
20
-9.58083832335329
0
INSERT
2
cutlineendpoint
8
C2
10
-61.2
20
-4.790419161676638
0
INSERT
2
cutlineendpoint
8
C2
10
61.2
20
-4.790419161676638
0
INSERT
2
cutlineendpoint
8
C2
10
-64.2
20
-4.790419161676638
0
INSERT
2
cutlineendpoint
8
C2
10
64.2
20
-4.790419161676638
0
INSERT
2
cutlineendpoint
8
C2
10
-61.2
20
0.0
0
INSERT
2
cutlineendpoint
8
C2
10
61.2
20
0.0
0
INSERT
2
cutlineendpoint
8
C2
10
-64.2
20
0.0
0
INSERT
2
cutlineendpoint
8
C2
10
64.2
20
0.0
0
INSERT
2
cutlineendpoint
8
C2
10
-61.2
20
4.790419161676638
0
INSERT
2
cutlineendpoint
8
C2
10
61.2
20
4.790419161676638
0
INSERT
2
cutlineendpoint
8
C2
10
-64.2
20
4.790419161676638
0
INSERT
2
cutlineendpoint
8
C2
10
64.2
20
4.790419161676638
0
INSERT
2
cutlineendpoint
8
C2
10
-61.2
20
9.58083832335329
0
INSERT
2
cutlineendpoint
8
C2
10
61.2
20
9.58083832335329
0
INSERT
2
cutlineendpoint
8
C2
10
-64.2
20
9.58083832335329
0
INSERT
2
cutlineendpoint
8
C2
10
64.2
20
9.58083832335329
0
INSERT
2
cutlineendpoint
8
C2
10
-61.2
20
14.371257485029943
0
INSERT
2
cutlineendpoint
8
C2
10
61.2
20
14.371257485029943
0
INSERT
2
cutlineendpoint
8
C2
10
-64.2
20
14.371257485029943
0
INSERT
2
cutlineendpoint
8
C2
10
64.2
20
14.371257485029943
0
INSERT
2
cutlineendpoint
8
C2
10
-61.2
20
19.161676646706596
0
INSERT
2
cutlineendpoint
8
C2
10
61.2
20
19.161676646706596
0
INSERT
2
cutlineendpoint
8
C2
10
-64.2
20
19.161676646706596
0
INSERT
2
cutlineendpoint
8
C2
10
64.2
20
19.161676646706596
0
INSERT
2
cutlineendpoint
8
C2
10
-61.2
20
23.95209580838325
0
INSERT
2
cutlineendpoint
8
C2
10
61.2
20
23.95209580838325
0
INSERT
2
cutlineendpoint
8
C2
10
-64.2
20
23.95209580838325
0
INSERT
2
cutlineendpoint
8
C2
10
64.2
20
23.95209580838325
0
INSERT
2
cutlineendpoint
8
C2
10
-61.2
20
28.742514970059872
0
INSERT
2
cutlineendpoint
8
C2
10
61.2
20
28.742514970059872
0
INSERT
2
cutlineendpoint
8
C2
10
-64.2
20
28.742514970059872
0
INSERT
2
cutlineendpoint
8
C2
10
64.2
20
28.742514970059872
0
INSERT
2
cutlineendpoint
8
C2
10
-61.2
20
33.532934131736525
0
INSERT
2
cutlineendpoint
8
C2
10
61.2
20
33.532934131736525
0
INSERT
2
cutlineendpoint
8
C2
10
-64.2
20
33.532934131736525
0
INSERT
2
cutlineendpoint
8
C2
10
64.2
20
33.532934131736525
0
INSERT
2
cutlineendpoint
8
C2
10
-61.2
20
38.32335329341318
0
INSERT
2
cutlineendpoint
8
C2
10
61.2
20
38.32335329341318
0
INSERT
2
cutlineendpoint
8
C2
10
-64.2
20
38.32335329341318
0
INSERT
2
cutlineendpoint
8
C2
10
64.2
20
38.32335329341318
0
INSERT
2
cutlineendpoint
8
C2
10
-61.2
20
43.11377245508983
0
INSERT
2
cutlineendpoint
8
C2
10
61.2
20
43.11377245508983
0
INSERT
2
cutlineendpoint
8
C2
10
-64.2
20
43.11377245508983
0
INSERT
2
cutlineendpoint
8
C2
10
64.2
20
43.11377245508983
0
INSERT
2
cutlineendpoint
8
C2
10
-61.2
20
47.90419161676648
0
INSERT
2
cutlineendpoint
8
C2
10
61.2
20
47.90419161676648
0
INSERT
2
cutlineendpoint
8
C2
10
-64.2
20
47.90419161676648
0
INSERT
2
cutlineendpoint
8
C2
10
64.2
20
47.90419161676648
0
INSERT
2
cutlineendpoint
8
C2
10
-61.2
20
52.694610778443106
0
INSERT
2
cutlineendpoint
8
C2
10
61.2
20
52.694610778443106
0
INSERT
2
cutlineendpoint
8
C2
10
-64.2
20
52.694610778443106
0
INSERT
2
cutlineendpoint
8
C2
10
64.2
20
52.694610778443106
0
INSERT
2
cutlineendpoint
8
C2
10
-61.2
20
57.48502994011976
0
INSERT
2
cutlineendpoint
8
C2
10
61.2
20
57.48502994011976
0
INSERT
2
cutlineendpoint
8
C2
10
-64.2
20
57.48502994011976
0
INSERT
2
cutlineendpoint
8
C2
10
64.2
20
57.48502994011976
0
TEXT
8
C2
10
-10.5
20
69.7
40
1.5
1
XFL94-0512-011-C2
0
POLYLINE
8
C2
66
1
70
1
0
VERTEX
8
C2
10
-100.0
20
100.0
30
0
40
1
41
1
0
VERTEX
8
C2
10
100.0
20
100.0
30
0
40
1
41
1
0
VERTEX
8
C2
10
100.0
20
-100.0
30
0
40
1
41
1
0
VERTEX
8
C2
10
-100.0
20
-100.0
30
0
40
1
41
1
0
SEQEND
0
ENDSEC
0
EOF
