0
SECTION
2
HEADER
9
$ACADVER
1
AC1006
9
$INSBASE
10
0.0
20
0.0
30
0.0
9
$EXTMIN
10
-104.20359281437126
20
-104.20359281437126
9
$EXTMAX
10
104.20359281437126
20
114.38323353293414
0
ENDSEC
0
SECTION
2
TABLES
0
TABLE
2
LTYPE
70
1
0
LTYPE
2
CONTINUOUS
70
64
3
Solid line
72
65
73
0
40
0.0
0
ENDTAB
0
TABLE
2
LAYER
70
3
0
LAYER
2
0
70
0
62
255
6
continuous
0
LAYER
2
0
70
0
62
7
6
continuous
0
LAYER
2
L4
70
0
62
7
6
continuous
0
ENDTAB
0
TABLE
2
STYLE
70
2
0
STYLE
2
STANDARD
70
0
40
0
41
1
50
0
71
0
42
1
3
ARIAL.TTF
4

0
STYLE
2
STANDARD
70
0
40
0
41
1
50
0
71
0
42
1
3
ARIAL.TTF
4

0
ENDTAB
0
TABLE
2
VIEW
70
1
0
VIEW
2
Normal
70
0
40
1
10
0.5
20
0.5
41
1
11
0
21
0
31
1
12
0
22
0
32
0
42
50
43
0
44
0
50
0
71
0
0
ENDTAB
0
ENDSEC
0
SECTION
2
BLOCKS
0
BLOCK
8
0
2
cutlineendpoint
70
0
10
0
20
0
30
0
3
cutlineendpoint
0
POLYLINE
8
0
66
1
70
1
40
0.04
41
0.04
0
VERTEX
8
0
10
-0.02
20
0
30
0
42
1.0
0
VERTEX
8
0
10
0.02
20
0
30
0
42
1.0
0
SEQEND
0
ENDBLK
0
BLOCK
8
L4
2
LDI_XFL94-0512-011_L4_B1
70
0
10
0
20
0
30
0
3
LDI_XFL94-0512-011_L4_B1
0
POLYLINE
8
L4
66
1
70
1
0
VERTEX
8
L4
10
-52.99688162097728
20
-55.39367001410194
0
VERTEX
8
L4
10
-52.968339615026245
20
-55.40265331500438
0
VERTEX
8
L4
10
-52.9384184111824
20
-55.4023937782106
0
VERTEX
8
L4
10
-52.91003653056259
20
-55.39291671899927
0
VERTEX
8
L4
10
-52.885962348341735
20
-55.37514653190939
0
VERTEX
8
L4
10
-52.86854406580041
20
-55.350816525084014
0
VERTEX
8
L4
10
-52.85948066623091
20
-55.32229985299459
0
VERTEX
8
L4
10
-52.85965619571548
20
-55.29237803840703
0
VERTEX
8
L4
10
-52.86905353306775
20
-55.26396966201027
0
VERTEX
8
L4
10
-52.88675605983721
20
-55.23984568338342
0
VERTEX
8
L4
10
-52.91103706748406
20
-55.22235916095997
0
VERTEX
8
L4
10
-52.939528180928015
20
-55.21321573416604
0
VERTEX
8
L4
10
-52.96945037039933
20
-55.21330725495778
0
VERTEX
8
L4
10
-52.997885018642805
20
-55.22262479637608
0
VERTEX
8
L4
10
-53.02205860351737
20
-55.240259523284216
0
VERTEX
8
L4
10
-53.0396132279847
20
-55.26449134035648
0
VERTEX
8
L4
10
-53.048836609929616
20
-55.29295667057256
0
VERTEX
8
L4
10
-53.04882909855212
20
-55.3228789990647
0
VERTEX
8
L4
10
-53.039591426513695
20
-55.351339695017586
0
VERTEX
8
L4
10
-53.080745180515315
20
-55.40801067350787
0
VERTEX
8
L4
10
-53.114019841962964
20
-55.469638817865906
0
VERTEX
8
L4
10
-53.138827595765385
20
-55.535135433219295
0
VERTEX
8
L4
10
-53.15473019938514
20
-55.60334348603995
0
VERTEX
8
L4
10
-53.161446724632704
20
-55.673058043774105
0
VERTEX
8
L4
10
-53.15885852041654
20
-55.7430475606349
0
VERTEX
8
L4
10
-53.14701130877951
20
-55.81207563353208
0
VERTEX
8
L4
10
-53.126114377194035
20
-55.87892284380882
0
VERTEX
8
L4
10
-53.096536881384395
20
-55.94240829893913
0
VERTEX
8
L4
10
-53.05880132398898
20
-56.00141049364008
0
VERTEX
8
L4
10
-53.01357432426548
20
-56.05488712187599
0
VERTEX
8
L4
10
-52.961654841897115
20
-56.10189348976453
0
VERTEX
8
L4
10
-52.903960062932924
20
-56.14159920411076
0
VERTEX
8
L4
10
-52.84150919719462
20
-56.17330284175705
0
VERTEX
8
L4
10
-52.77540547337772
20
-56.196444340606746
0
VERTEX
8
L4
10
-52.70681664991333
20
-56.210614893427355
0
VERTEX
8
L4
10
-52.636954385876834
20
-56.21556416965392
0
VERTEX
8
L4
10
-52.56705283636774
20
-56.21120473761531
0
VERTEX
8
L4
10
-52.49834685048491
20
-56.19761360906251
0
VERTEX
8
L4
10
-52.432050157041914
20
-56.17503087871392
0
VERTEX
8
L4
10
-52.36933392338384
20
-56.14385548285088
0
VERTEX
8
L4
10
-52.31130606607562
20
-56.104638151890086
0
VERTEX
8
L4
10
-52.25899167895008
20
-56.05807168142957
0
VERTEX
8
L4
10
-52.21331492426474
20
-56.004978693635636
0
VERTEX
8
L4
10
-52.175082706870185
20
-55.94629710517241
0
VERTEX
8
L4
10
-52.14497041979458
20
-55.88306355839108
0
VERTEX
8
L4
10
-52.12351001305651
20
-55.81639510847578
0
VERTEX
8
L4
10
-52.11108059647697
20
-55.747469490053
0
VERTEX
8
L4
10
-52.10790174249705
20
-55.677504311865235
0
VERTEX
8
L4
10
-52.11402960731072
20
-55.60773554704675
0
VERTEX
8
L4
10
-52.12935593883493
20
-55.53939569898223
0
VERTEX
8
L4
10
-52.15360998904184
20
-55.473692028460476
0
VERTEX
8
L4
10
-52.18636329687085
20
-55.41178522675235
0
VERTEX
8
L4
10
-52.22703725722749
20
-55.354768911364744
0
VERTEX
8
L4
10
-52.274913342358836
20
-55.30365030668928
0
VERTEX
8
L4
10
-52.32914579503925
20
-55.25933245083255
0
VERTEX
8
L4
10
-52.38877656933427
20
-55.22259824295422
0
VERTEX
8
L4
10
-52.4527522550059
20
-55.19409661292512
0
VERTEX
8
L4
10
-52.458982544325245
20
-55.164830091201324
0
VERTEX
8
L4
10
-52.47393720352758
20
-55.138912838898
0
VERTEX
8
L4
10
-52.49615755170873
20
-55.11887283077622
0
VERTEX
8
L4
10
-52.52347621098746
20
-55.106664773845445
0
VERTEX
8
L4
10
-52.553228513043436
20
-55.10347944479149
0
VERTEX
8
L4
10
-52.58251241147912
20
-55.10962754134416
0
VERTEX
8
L4
10
-52.608471548093995
20
-55.124509376749195
0
VERTEX
8
L4
10
-52.6285738627216
20
-55.14667337335236
0
VERTEX
8
L4
10
-52.640858570961534
20
-55.17395764981834
0
VERTEX
8
L4
10
-52.64412741954163
20
-55.203700891534275
0
VERTEX
8
L4
10
-52.638061564218255
20
-55.233001935850275
0
VERTEX
8
L4
10
-52.62325266991723
20
-55.25900275215272
0
VERTEX
8
L4
10
-52.60114519960068
20
-55.2791672148288
0
VERTEX
8
L4
10
-52.57389552101691
20
-55.29152847754316
0
VERTEX
8
L4
10
-52.544161574093366
20
-55.29488081988257
0
VERTEX
8
L4
10
-52.514843614863764
20
-55.28889725360285
0
VERTEX
8
L4
10
-52.488801323826294
20
-55.274161417137556
0
VERTEX
8
L4
10
-52.468574872048954
20
-55.25211064737069
0
VERTEX
8
L4
10
-52.40937728443173
20
-55.279518322851274
0
VERTEX
8
L4
10
-52.3545757379101
20
-55.31490653492515
0
VERTEX
8
L4
10
-52.30523926452959
20
-55.35758495393666
0
VERTEX
8
L4
10
-52.26233028733122
20
-55.40672103773195
0
VERTEX
8
L4
10
-52.22668584604428
20
-55.46135627233647
0
VERTEX
8
L4
10
-52.19900126867317
20
-55.52042487000673
0
VERTEX
8
L4
10
-52.179816607502076
20
-55.58277455990731
0
VERTEX
8
L4
10
-52.169506104114966
20
-55.647189065842326
0
VERTEX
8
L4
10
-52.1682708889402
20
-55.71241183256086
0
VERTEX
8
L4
10
-52.176135057732154
20
-55.7771705377993
0
VERTEX
8
L4
10
-52.19294520152733
20
-55.84020191189612
0
VERTEX
8
L4
10
-52.218373399244165
20
-55.900276380814475
0
VERTEX
8
L4
10
-52.25192361454894
20
-55.956222051853004
0
VERTEX
8
L4
10
-52.29294137220197
20
-56.00694757414765
0
VERTEX
8
L4
10
-52.3406265251244
20
-56.05146342801696
0
VERTEX
8
L4
10
-52.39404886313412
20
-56.08890122785247
0
VERTEX
8
L4
10
-52.45216625886605
20
-56.11853066200646
0
VERTEX
8
L4
10
-52.51384499689823
20
-56.139773739224836
0
VERTEX
8
L4
10
-52.577881889516654
20
-56.15221606371526
0
VERTEX
8
L4
10
-52.6430277476993
20
-56.15561491890411
0
VERTEX
8
L4
10
-52.708011749463026
20
-56.14990400218962
0
VERTEX
8
L4
10
-52.771566230211846
20
-56.13519471832886
0
VERTEX
8
L4
10
-52.83245141149297
20
-56.111774006227975
0
VERTEX
8
L4
10
-52.889479585768605
20
-56.08009874152923
0
VERTEX
8
L4
10
-52.941538285423015
20
-56.0407868241855
0
VERTEX
8
L4
10
-52.98761198403932
20
-55.994605124879804
0
VERTEX
8
L4
10
-53.02680190661202
20
-55.942454525423095
0
VERTEX
8
L4
10
-53.0583435622508
20
-55.88535234495235
0
VERTEX
8
L4
10
-53.081621657359264
20
-55.82441249474685
0
VERTEX
8
L4
10
-53.096182098372395
20
-55.76082374878932
0
VERTEX
8
L4
10
-53.10174084991111
20
-55.6958265539554
0
VERTEX
8
L4
10
-53.09818947555517
20
-55.6306888322027
0
VERTEX
8
L4
10
-53.08559725314863
20
-55.56668124679431
0
VERTEX
8
L4
10
-53.064209823373716
20
-55.50505241504673
0
VERTEX
8
L4
10
-53.03444439795626
20
-55.44700455113542
0
VERTEX
8
L4
10
-52.99688162097728
20
-55.39367001410194
0
SEQEND
0
POLYLINE
8
L4
66
1
70
1
0
VERTEX
8
L4
10
-52.60651406789061
20
-53.43685531636834
0
VERTEX
8
L4
10
-52.57644117895921
20
-53.43906518431069
0
VERTEX
8
L4
10
-52.547170894069566
20
-53.43181862737088
0
VERTEX
8
L4
10
-52.52160261931074
20
-53.41583346265917
0
VERTEX
8
L4
10
-52.50226905334975
20
-53.392693121429296
0
VERTEX
8
L4
10
-52.49108530767533
20
-53.36468980023889
0
VERTEX
8
L4
10
-52.48915920274188
20
-53.33459740444214
0
VERTEX
8
L4
10
-52.49668153137542
20
-53.30539677539186
0
VERTEX
8
L4
10
-52.51290715954236
20
-53.27998041932749
0
VERTEX
8
L4
10
-52.536228836569066
20
-53.260865986412405
0
VERTEX
8
L4
10
-52.564336403445
20
-53.24994688162686
0
VERTEX
8
L4
10
-52.594445628624214
20
-53.248304711078276
0
VERTEX
8
L4
10
-52.623574003697534
20
-53.256102142103366
0
VERTEX
8
L4
10
-52.64883617963707
20
-53.272566790043804
0
VERTEX
8
L4
10
-52.667729778791966
20
-53.29606772781184
0
VERTEX
8
L4
10
-52.67838327115693
20
-53.32427703949136
0
VERTEX
8
L4
10
-52.679741361207874
20
-53.35440041507274
0
VERTEX
8
L4
10
-52.67166952157078
20
-53.383453944460335
0
VERTEX
8
L4
10
-52.705024298668945
20
-53.44068916821266
0
VERTEX
8
L4
10
-52.730164227249965
20
-53.5019786125256
0
VERTEX
8
L4
10
-52.7466085516591
20
-53.56615022765234
0
VERTEX
8
L4
10
-52.75404280394064
20
-53.631976847543235
0
VERTEX
8
L4
10
-52.75232481746864
20
-53.698199657176545
0
VERTEX
8
L4
10
-52.74148744562644
20
-53.76355226511839
0
VERTEX
8
L4
10
-52.721737933545185
20
-53.82678492096804
0
VERTEX
8
L4
10
-52.69345395491557
20
-53.88668841457339
0
VERTEX
8
L4
10
-52.65717638966174
20
-53.94211719998766
0
VERTEX
8
L4
10
-52.61359898059127
20
-53.99201130196327
0
VERTEX
8
L4
10
-52.5635550668189
20
-54.03541658606083
0
VERTEX
8
L4
10
-52.50800164766358
20
-54.071503004744336
0
VERTEX
8
L4
10
-52.44800108176775
20
-54.099580470538584
0
VERTEX
8
L4
10
-52.38470077141014
20
-54.11911205270381
0
VERTEX
8
L4
10
-52.3193112205129
20
-54.129724245064715
0
VERTEX
8
L4
10
-52.253082885943975
20
-54.13121410864037
0
VERTEX
8
L4
10
-52.18728226479163
20
-54.123553152485144
0
VERTEX
8
L4
10
-52.123167674898774
20
-54.10688787852644
0
VERTEX
8
L4
10
-52.061965191810614
20
-54.08153697998042
0
VERTEX
8
L4
10
-52.00484520229786
20
-54.04798524692072
0
VERTEX
8
L4
10
-51.95290002282701
20
-54.00687429554534
0
VERTEX
8
L4
10
-51.90712301098403
20
-53.95899029842757
0
VERTEX
8
L4
10
-51.868389569307496
20
-53.905248950387744
0
VERTEX
8
L4
10
-51.83744040479875
20
-53.84667795748633
0
VERTEX
8
L4
10
-51.81486736424042
20
-53.784397384004706
0
VERTEX
8
L4
10
-51.80110211619744
20
-53.719598233242046
0
VERTEX
8
L4
10
-51.7964078961366
20
-53.653519671731765
0
VERTEX
8
L4
10
-51.800874472524484
20
-53.58742533242334
0
VERTEX
8
L4
10
-51.81441643016794
20
-53.52257914998805
0
VERTEX
8
L4
10
-51.83677480362511
20
-53.460221190355
0
VERTEX
8
L4
10
-51.867522029451045
20
-53.4015439366935
0
VERTEX
8
L4
10
-51.906070122575095
20
-53.34766948532973
0
VERTEX
8
L4
10
-51.95168192045169
20
-53.299628087684454
0
VERTEX
8
L4
10
-52.003485179960464
20
-53.258338448578336
0
VERTEX
8
L4
10
-52.06048925747801
20
-53.22459015766426
0
VERTEX
8
L4
10
-52.12160405314502
20
-53.19902858995361
0
VERTEX
8
L4
10
-52.1856608570541
20
-53.1821425641867
0
VERTEX
8
L4
10
-52.20049715215743
20
-53.15589096399528
0
VERTEX
8
L4
10
-52.222757909987735
20
-53.13555083553395
0
VERTEX
8
L4
10
-52.25023806226352
20
-53.12313699664733
0
VERTEX
8
L4
10
-52.280215526806984
20
-53.11987911627076
0
VERTEX
8
L4
10
-52.3097208469299
20
-53.1260999079766
0
VERTEX
8
L4
10
-52.335831334822856
20
-53.14118316316222
0
VERTEX
8
L4
10
-52.35596058219258
20
-53.16363479039348
0
VERTEX
8
L4
10
-52.36811466029487
20
-53.19123081457246
0
VERTEX
8
L4
10
-52.37108963113631
20
-53.22123767567947
0
VERTEX
8
L4
10
-52.36459080511599
20
-53.25068300511149
0
VERTEX
8
L4
10
-52.34926193188671
20
-53.27665005751495
0
VERTEX
8
L4
10
-52.32662143289696
20
-53.296566632785265
0
VERTEX
8
L4
10
-52.298911992182035
20
-53.30845986868929
0
VERTEX
8
L4
10
-52.268878404383884
20
-53.31115166529638
0
VERTEX
8
L4
10
-52.23949568555265
20
-53.304375383197204
0
VERTEX
8
L4
10
-52.21367437906752
20
-53.28880225581687
0
VERTEX
8
L4
10
-52.193972247981826
20
-53.26597489951604
0
VERTEX
8
L4
10
-52.13561132585945
20
-53.283051527240545
0
VERTEX
8
L4
10
-52.08056088016116
20
-53.308878971439206
0
VERTEX
8
L4
10
-52.03012415817759
20
-53.34284580115539
0
VERTEX
8
L4
10
-51.98549518332565
20
-53.38414789612744
0
VERTEX
8
L4
10
-51.94773048820596
20
-53.43180748328399
0
VERTEX
8
L4
10
-51.91772410257565
20
-53.48469628424242
0
VERTEX
8
L4
10
-51.896186388363276
20
-53.54156222582367
0
VERTEX
8
L4
10
-51.88362722277943
20
-53.6010590812469
0
VERTEX
8
L4
10
-51.880343927640716
20
-53.66177834028757
0
VERTEX
8
L4
10
-51.88641423066467
20
-53.722282553914496
0
VERTEX
8
L4
10
-51.901694425367744
20
-53.78113936401538
0
VERTEX
8
L4
10
-51.925822773128296
20
-53.83695541260144
0
VERTEX
8
L4
10
-51.9582280668753
20
-53.88840932773515
0
VERTEX
8
L4
10
-51.998143153668515
20
-53.93428300528235
0
VERTEX
8
L4
10
-52.04462309604089
20
-53.97349044593431
0
VERTEX
8
L4
10
-52.09656754215696
20
-54.00510346482068
0
VERTEX
8
L4
10
-52.15274677520326
20
-54.02837366507217
0
VERTEX
8
L4
10
-52.21183082532525
20
-54.042750155137504
0
VERTEX
8
L4
10
-52.27242095492388
20
-54.0478925904202
0
VERTEX
8
L4
10
-52.333082771938614
20
-54.04367923049173
0
VERTEX
8
L4
10
-52.392380187203095
20
-54.03020982113694
0
VERTEX
8
L4
10
-52.44890941197765
20
-54.00780323300302
0
VERTEX
8
L4
10
-52.50133219081139
20
-53.976989912754064
0
VERTEX
8
L4
10
-52.54840748298945
20
-53.9384993254402
0
VERTEX
8
L4
10
-52.5890208425485
20
-53.893242685366694
0
VERTEX
8
L4
10
-52.62221080132716
20
-53.842291384287265
0
VERTEX
8
L4
10
-52.64719163046699
20
-53.786851627605785
0
VERTEX
8
L4
10
-52.663371941515436
20
-53.72823587904116
0
VERTEX
8
L4
10
-52.670368686773806
20
-53.66783178976564
0
VERTEX
8
L4
10
-52.668016227450536
20
-53.60706934757848
0
VERTEX
8
L4
10
-52.656370254942864
20
-53.54738702381536
0
VERTEX
8
L4
10
-52.63570647241585
20
-53.49019771942116
0
VERTEX
8
L4
10
-52.60651406789061
20
-53.43685531636834
0
SEQEND
0
POLYLINE
8
L4
66
1
70
1
0
VERTEX
8
L4
10
-44.812015775970266
20
-53.26597489951604
0
VERTEX
8
L4
10
-44.79231364488457
20
-53.28880225581687
0
VERTEX
8
L4
10
-44.76649233839946
20
-53.304375383197204
0
VERTEX
8
L4
10
-44.737109619568216
20
-53.31115166529637
0
VERTEX
8
L4
10
-44.70707603177007
20
-53.30845986868929
0
VERTEX
8
L4
10
-44.67936659105514
20
-53.296566632785265
0
VERTEX
8
L4
10
-44.6567260920654
20
-53.27665005751495
0
VERTEX
8
L4
10
-44.64139721883612
20
-53.25068300511149
0
VERTEX
8
L4
10
-44.6348983928158
20
-53.22123767567947
0
VERTEX
8
L4
10
-44.637873363657235
20
-53.19123081457246
0
VERTEX
8
L4
10
-44.65002744175952
20
-53.16363479039348
0
VERTEX
8
L4
10
-44.67015668912924
20
-53.14118316316222
0
VERTEX
8
L4
10
-44.69626717702221
20
-53.1260999079766
0
VERTEX
8
L4
10
-44.725772497145115
20
-53.11987911627076
0
VERTEX
8
L4
10
-44.75574996168858
20
-53.12313699664733
0
VERTEX
8
L4
10
-44.783230113964365
20
-53.13555083553395
0
VERTEX
8
L4
10
-44.805490871794674
20
-53.15589096399528
0
VERTEX
8
L4
10
-44.820327166898
20
-53.1821425641867
0
VERTEX
8
L4
10
-44.88438397080708
20
-53.19902858995361
0
VERTEX
8
L4
10
-44.94549876647409
20
-53.22459015766426
0
VERTEX
8
L4
10
-45.002502843991635
20
-53.258338448578336
0
VERTEX
8
L4
10
-45.05430610350041
20
-53.299628087684454
0
VERTEX
8
L4
10
-45.09991790137701
20
-53.34766948532973
0
VERTEX
8
L4
10
-45.13846599450106
20
-53.4015439366935
0
VERTEX
8
L4
10
-45.169213220326995
20
-53.460221190355
0
VERTEX
8
L4
10
-45.19157159378416
20
-53.52257914998805
0
VERTEX
8
L4
10
-45.205113551427615
20
-53.58742533242334
0
VERTEX
8
L4
10
-45.2095801278155
20
-53.653519671731765
0
VERTEX
8
L4
10
-45.20488590775466
20
-53.719598233242046
0
VERTEX
8
L4
10
-45.19112065971167
20
-53.784397384004706
0
VERTEX
8
L4
10
-45.16854761915336
20
-53.84667795748633
0
VERTEX
8
L4
10
-45.1375984546446
20
-53.905248950387744
0
VERTEX
8
L4
10
-45.098865012968076
20
-53.95899029842757
0
VERTEX
8
L4
10
-45.05308800112509
20
-54.00687429554534
0
VERTEX
8
L4
10
-45.00114282165424
20
-54.04798524692072
0
VERTEX
8
L4
10
-44.944022832141485
20
-54.08153697998042
0
VERTEX
8
L4
10
-44.88282034905332
20
-54.10688787852644
0
VERTEX
8
L4
10
-44.818705759160466
20
-54.123553152485144
0
VERTEX
8
L4
10
-44.75290513800812
20
-54.13121410864037
0
VERTEX
8
L4
10
-44.6866768034392
20
-54.129724245064715
0
VERTEX
8
L4
10
-44.62128725254196
20
-54.11911205270381
0
VERTEX
8
L4
10
-44.55798694218434
20
-54.099580470538584
0
VERTEX
8
L4
10
-44.49798637628852
20
-54.071503004744336
0
VERTEX
8
L4
10
-44.44243295713321
20
-54.03541658606083
0
VERTEX
8
L4
10
-44.392389043360836
20
-53.99201130196327
0
VERTEX
8
L4
10
-44.34881163429036
20
-53.94211719998766
0
VERTEX
8
L4
10
-44.31253406903653
20
-53.88668841457339
0
VERTEX
8
L4
10
-44.284250090406914
20
-53.82678492096804
0
VERTEX
8
L4
10
-44.26450057832565
20
-53.76355226511839
0
VERTEX
8
L4
10
-44.253663206483466
20
-53.698199657176545
0
VERTEX
8
L4
10
-44.25194522001145
20
-53.631976847543235
0
VERTEX
8
L4
10
-44.25937947229299
20
-53.56615022765234
0
VERTEX
8
L4
10
-44.27582379670214
20
-53.5019786125256
0
VERTEX
8
L4
10
-44.300963725283154
20
-53.44068916821266
0
VERTEX
8
L4
10
-44.33431850238132
20
-53.383453944460335
0
VERTEX
8
L4
10
-44.326246662744225
20
-53.35440041507274
0
VERTEX
8
L4
10
-44.32760475279517
20
-53.32427703949137
0
VERTEX
8
L4
10
-44.338258245160134
20
-53.296067727811845
0
VERTEX
8
L4
10
-44.35715184431503
20
-53.272566790043804
0
VERTEX
8
L4
10
-44.38241402025457
20
-53.256102142103366
0
VERTEX
8
L4
10
-44.411542395327885
20
-53.24830471107828
0
VERTEX
8
L4
10
-44.4416516205071
20
-53.24994688162687
0
VERTEX
8
L4
10
-44.46975918738303
20
-53.260865986412405
0
VERTEX
8
L4
10
-44.493080864409734
20
-53.27998041932749
0
VERTEX
8
L4
10
-44.50930649257667
20
-53.30539677539186
0
VERTEX
8
L4
10
-44.51682882121021
20
-53.33459740444214
0
VERTEX
8
L4
10
-44.514902716276765
20
-53.36468980023889
0
VERTEX
8
L4
10
-44.50371897060235
20
-53.392693121429296
0
VERTEX
8
L4
10
-44.48438540464136
20
-53.41583346265917
0
VERTEX
8
L4
10
-44.45881712988253
20
-53.43181862737088
0
VERTEX
8
L4
10
-44.429546844992885
20
-53.43906518431069
0
VERTEX
8
L4
10
-44.399473956061485
20
-53.43685531636834
0
VERTEX
8
L4
10
-44.37028155153625
20
-53.49019771942116
0
VERTEX
8
L4
10
-44.34961776900924
20
-53.54738702381536
0
VERTEX
8
L4
10
-44.33797179650156
20
-53.60706934757848
0
VERTEX
8
L4
10
-44.3356193371783
20
-53.66783178976564
0
VERTEX
8
L4
10
-44.34261608243666
20
-53.72823587904116
0
VERTEX
8
L4
10
-44.35879639348511
20
-53.786851627605785
0
VERTEX
8
L4
10
-44.38377722262494
20
-53.84229138428727
0
VERTEX
8
L4
10
-44.416967181403606
20
-53.893242685366694
0
VERTEX
8
L4
10
-44.45758054096265
20
-53.9384993254402
0
VERTEX
8
L4
10
-44.50465583314072
20
-53.976989912754064
0
VERTEX
8
L4
10
-44.55707861197445
20
-54.00780323300302
0
VERTEX
8
L4
10
-44.61360783674901
20
-54.03020982113694
0
VERTEX
8
L4
10
-44.67290525201349
20
-54.04367923049173
0
VERTEX
8
L4
10
-44.733567069028226
20
-54.0478925904202
0
VERTEX
8
L4
10
-44.79415719862685
20
-54.042750155137504
0
VERTEX
8
L4
10
-44.85324124874883
20
-54.02837366507217
0
VERTEX
8
L4
10
-44.90942048179514
20
-54.00510346482068
0
VERTEX
8
L4
10
-44.96136492791122
20
-53.97349044593431
0
VERTEX
8
L4
10
-45.00784487028359
20
-53.93428300528235
0
VERTEX
8
L4
10
-45.047759957076806
20
-53.88840932773515
0
VERTEX
8
L4
10
-45.08016525082381
20
-53.83695541260144
0
VERTEX
8
L4
10
-45.10429359858436
20
-53.78113936401538
0
VERTEX
8
L4
10
-45.11957379328743
20
-53.722282553914496
0
VERTEX
8
L4
10
-45.12564409631139
20
-53.66177834028757
0
VERTEX
8
L4
10
-45.12236080117266
20
-53.6010590812469
0
VERTEX
8
L4
10
-45.10980163558882
20
-53.54156222582367
0
VERTEX
8
L4
10
-45.08826392137645
20
-53.48469628424242
0
VERTEX
8
L4
10
-45.05825753574614
20
-53.43180748328399
0
VERTEX
8
L4
10
-45.02049284062646
20
-53.38414789612744
0
VERTEX
8
L4
10
-44.975863865774514
20
-53.34284580115539
0
VERTEX
8
L4
10
-44.92542714379094
20
-53.308878971439206
0
VERTEX
8
L4
10
-44.870376698092656
20
-53.283051527240545
0
VERTEX
8
L4
10
-44.812015775970266
20
-53.26597489951604
0
SEQEND
0
POLYLINE
8
L4
66
1
70
1
0
VERTEX
8
L4
10
-44.53741315190314
20
-55.25211064737069
0
VERTEX
8
L4
10
-44.517186700125805
20
-55.274161417137556
0
VERTEX
8
L4
10
-44.491144409088335
20
-55.28889725360285
0
VERTEX
8
L4
10
-44.461826449858734
20
-55.294880819882565
0
VERTEX
8
L4
10
-44.43209250293519
20
-55.29152847754316
0
VERTEX
8
L4
10
-44.40484282435142
20
-55.2791672148288
0
VERTEX
8
L4
10
-44.38273535403488
20
-55.25900275215272
0
VERTEX
8
L4
10
-44.36792645973385
20
-55.233001935850275
0
VERTEX
8
L4
10
-44.36186060441047
20
-55.203700891534275
0
VERTEX
8
L4
10
-44.36512945299057
20
-55.17395764981834
0
VERTEX
8
L4
10
-44.377414161230504
20
-55.14667337335236
0
VERTEX
8
L4
10
-44.39751647585811
20
-55.124509376749195
0
VERTEX
8
L4
10
-44.423475612472984
20
-55.10962754134416
0
VERTEX
8
L4
10
-44.45275951090866
20
-55.10347944479149
0
VERTEX
8
L4
10
-44.482511812964646
20
-55.106664773845445
0
VERTEX
8
L4
10
-44.50983047224338
20
-55.11887283077622
0
VERTEX
8
L4
10
-44.532050820424516
20
-55.138912838898
0
VERTEX
8
L4
10
-44.54700547962685
20
-55.164830091201324
0
VERTEX
8
L4
10
-44.553235768946195
20
-55.19409661292512
0
VERTEX
8
L4
10
-44.61721145461783
20
-55.22259824295422
0
VERTEX
8
L4
10
-44.67684222891285
20
-55.25933245083255
0
VERTEX
8
L4
10
-44.73107468159327
20
-55.30365030668928
0
VERTEX
8
L4
10
-44.77895076672462
20
-55.354768911364744
0
VERTEX
8
L4
10
-44.81962472708125
20
-55.41178522675235
0
VERTEX
8
L4
10
-44.85237803491026
20
-55.473692028460476
0
VERTEX
8
L4
10
-44.87663208511718
20
-55.53939569898223
0
VERTEX
8
L4
10
-44.89195841664139
20
-55.60773554704675
0
VERTEX
8
L4
10
-44.89808628145505
20
-55.677504311865235
0
VERTEX
8
L4
10
-44.89490742747513
20
-55.747469490053
0
VERTEX
8
L4
10
-44.88247801089558
20
-55.81639510847578
0
VERTEX
8
L4
10
-44.86101760415751
20
-55.88306355839107
0
VERTEX
8
L4
10
-44.830905317081914
20
-55.94629710517241
0
VERTEX
8
L4
10
-44.79267309968735
20
-56.004978693635636
0
VERTEX
8
L4
10
-44.74699634500202
20
-56.05807168142957
0
VERTEX
8
L4
10
-44.69468195787647
20
-56.104638151890086
0
VERTEX
8
L4
10
-44.636654100568265
20
-56.14385548285088
0
VERTEX
8
L4
10
-44.573937866910185
20
-56.17503087871392
0
VERTEX
8
L4
10
-44.50764117346719
20
-56.19761360906251
0
VERTEX
8
L4
10
-44.43893518758436
20
-56.21120473761531
0
VERTEX
8
L4
10
-44.369033638075265
20
-56.21556416965392
0
VERTEX
8
L4
10
-44.29917137403878
20
-56.210614893427355
0
VERTEX
8
L4
10
-44.23058255057438
20
-56.19644434060674
0
VERTEX
8
L4
10
-44.164478826757474
20
-56.17330284175705
0
VERTEX
8
L4
10
-44.102027961019175
20
-56.141599204110754
0
VERTEX
8
L4
10
-44.044333182054984
20
-56.10189348976453
0
VERTEX
8
L4
10
-43.99241369968662
20
-56.054887121875986
0
VERTEX
8
L4
10
-43.947186699963126
20
-56.00141049364008
0
VERTEX
8
L4
10
-43.909451142567704
20
-55.94240829893913
0
VERTEX
8
L4
10
-43.87987364675806
20
-55.87892284380882
0
VERTEX
8
L4
10
-43.85897671517259
20
-55.81207563353208
0
VERTEX
8
L4
10
-43.84712950353557
20
-55.7430475606349
0
VERTEX
8
L4
10
-43.84454129931939
20
-55.673058043774105
0
VERTEX
8
L4
10
-43.85125782456696
20
-55.60334348603995
0
VERTEX
8
L4
10
-43.86716042818672
20
-55.535135433219295
0
VERTEX
8
L4
10
-43.89196818198914
20
-55.469638817865906
0
VERTEX
8
L4
10
-43.92524284343679
20
-55.40801067350787
0
VERTEX
8
L4
10
-43.966396597438404
20
-55.351339695017586
0
VERTEX
8
L4
10
-43.95715892539998
20
-55.3228789990647
0
VERTEX
8
L4
10
-43.95715141402249
20
-55.29295667057256
0
VERTEX
8
L4
10
-43.9663747959674
20
-55.26449134035648
0
VERTEX
8
L4
10
-43.983929420434734
20
-55.240259523284216
0
VERTEX
8
L4
10
-44.008103005309295
20
-55.22262479637608
0
VERTEX
8
L4
10
-44.03653765355277
20
-55.21330725495778
0
VERTEX
8
L4
10
-44.06645984302408
20
-55.21321573416604
0
VERTEX
8
L4
10
-44.09495095646804
20
-55.22235916095997
0
VERTEX
8
L4
10
-44.11923196411489
20
-55.23984568338342
0
VERTEX
8
L4
10
-44.13693449088436
20
-55.26396966201027
0
VERTEX
8
L4
10
-44.146331828236626
20
-55.29237803840703
0
VERTEX
8
L4
10
-44.14650735772119
20
-55.32229985299459
0
VERTEX
8
L4
10
-44.13744395815169
20
-55.350816525084014
0
VERTEX
8
L4
10
-44.120025675610364
20
-55.375146531909394
0
VERTEX
8
L4
10
-44.09595149338951
20
-55.39291671899927
0
VERTEX
8
L4
10
-44.0675696127697
20
-55.4023937782106
0
VERTEX
8
L4
10
-44.03764840892585
20
-55.40265331500438
0
VERTEX
8
L4
10
-44.00910640297482
20
-55.39367001410194
0
VERTEX
8
L4
10
-43.97154362599585
20
-55.44700455113542
0
VERTEX
8
L4
10
-43.94177820057838
20
-55.50505241504673
0
VERTEX
8
L4
10
-43.92039077080348
20
-55.56668124679431
0
VERTEX
8
L4
10
-43.907798548396926
20
-55.630688832202694
0
VERTEX
8
L4
10
-43.90424717404099
20
-55.6958265539554
0
VERTEX
8
L4
10
-43.909805925579704
20
-55.76082374878932
0
VERTEX
8
L4
10
-43.924366366592835
20
-55.82441249474685
0
VERTEX
8
L4
10
-43.9476444617013
20
-55.88535234495236
0
VERTEX
8
L4
10
-43.97918611734008
20
-55.942454525423095
0
VERTEX
8
L4
10
-44.01837603991278
20
-55.994605124879804
0
VERTEX
8
L4
10
-44.06444973852908
20
-56.0407868241855
0
VERTEX
8
L4
10
-44.11650843818349
20
-56.080098741529234
0
VERTEX
8
L4
10
-44.17353661245913
20
-56.111774006227975
0
VERTEX
8
L4
10
-44.23442179374025
20
-56.13519471832886
0
VERTEX
8
L4
10
-44.29797627448907
20
-56.14990400218962
0
VERTEX
8
L4
10
-44.36296027625281
20
-56.15561491890411
0
VERTEX
8
L4
10
-44.42810613443545
20
-56.15221606371526
0
VERTEX
8
L4
10
-44.49214302705387
20
-56.139773739224836
0
VERTEX
8
L4
10
-44.55382176508604
20
-56.118530662006464
0
VERTEX
8
L4
10
-44.61193916081798
20
-56.08890122785247
0
VERTEX
8
L4
10
-44.66536149882769
20
-56.05146342801696
0
VERTEX
8
L4
10
-44.71304665175012
20
-56.00694757414766
0
VERTEX
8
L4
10
-44.754064409403156
20
-55.956222051853004
0
VERTEX
8
L4
10
-44.78761462470793
20
-55.900276380814475
0
VERTEX
8
L4
10
-44.81304282242478
20
-55.84020191189613
0
VERTEX
8
L4
10
-44.829852966219946
20
-55.77717053779931
0
VERTEX
8
L4
10
-44.8377171350119
20
-55.71241183256086
0
VERTEX
8
L4
10
-44.83648191983713
20
-55.647189065842326
0
VERTEX
8
L4
10
-44.82617141645002
20
-55.58277455990731
0
VERTEX
8
L4
10
-44.80698675527893
20
-55.52042487000673
0
VERTEX
8
L4
10
-44.77930217790782
20
-55.46135627233647
0
VERTEX
8
L4
10
-44.74365773662089
20
-55.40672103773195
0
VERTEX
8
L4
10
-44.70074875942251
20
-55.35758495393666
0
VERTEX
8
L4
10
-44.651412286042
20
-55.31490653492515
0
VERTEX
8
L4
10
-44.59661073952037
20
-55.279518322851274
0
VERTEX
8
L4
10
-44.53741315190314
20
-55.25211064737069
0
SEQEND
0
POLYLINE
8
L4
66
1
70
1
0
VERTEX
8
L4
10
-47.1436076562194
20
-55.03571161799284
0
VERTEX
8
L4
10
-47.153397120635915
20
-55.036353253389805
0
VERTEX
8
L4
10
-47.1630190846021
20
-55.03826718102116
0
VERTEX
8
L4
10
-47.17230891364679
20
-55.041420653054494
0
VERTEX
8
L4
10
-47.18110765621941
20
-55.04575971270901
0
VERTEX
8
L4
10
-47.18926476339506
20
-55.051210117470994
0
VERTEX
8
L4
10
-47.1966406648084
20
-55.057678609403844
0
VERTEX
8
L4
10
-47.20310915674125
20
-55.065054510817184
0
VERTEX
8
L4
10
-47.208559561503236
20
-55.07321161799284
0
VERTEX
8
L4
10
-47.212898621157755
20
-55.082010360565455
0
VERTEX
8
L4
10
-47.21605209319109
20
-55.09130018961015
0
VERTEX
8
L4
10
-47.217966020822445
20
-55.100922153576334
0
VERTEX
8
L4
10
-47.218607656219405
20
-55.11071161799284
0
VERTEX
8
L4
10
-47.217966020822445
20
-55.12050108240934
0
VERTEX
8
L4
10
-47.21605209319109
20
-55.13012304637553
0
VERTEX
8
L4
10
-47.212898621157755
20
-55.13941287542022
0
VERTEX
8
L4
10
-47.208559561503236
20
-55.148211617992835
0
VERTEX
8
L4
10
-47.20310915674125
20
-55.15636872516849
0
VERTEX
8
L4
10
-47.1966406648084
20
-55.16374462658183
0
VERTEX
8
L4
10
-47.18926476339506
20
-55.17021311851468
0
VERTEX
8
L4
10
-47.18110765621941
20
-55.17566352327667
0
VERTEX
8
L4
10
-47.17230891364679
20
-55.18000258293119
0
VERTEX
8
L4
10
-47.1630190846021
20
-55.18315605496452
0
VERTEX
8
L4
10
-47.153397120635915
20
-55.18506998259588
0
VERTEX
8
L4
10
-47.1436076562194
20
-55.18571161799284
0
VERTEX
8
L4
10
-47.1338181918029
20
-55.18506998259588
0
VERTEX
8
L4
10
-47.12419622783672
20
-55.18315605496452
0
VERTEX
8
L4
10
-47.11490639879203
20
-55.18000258293119
0
VERTEX
8
L4
10
-47.10610765621941
20
-55.17566352327667
0
VERTEX
8
L4
10
-47.097950549043745
20
-55.17021311851468
0
VERTEX
8
L4
10
-47.09057464763042
20
-55.16374462658183
0
VERTEX
8
L4
10
-47.08410615569757
20
-55.15636872516849
0
VERTEX
8
L4
10
-47.07865575093557
20
-55.148211617992835
0
VERTEX
8
L4
10
-47.074316691281055
20
-55.13941287542022
0
VERTEX
8
L4
10
-47.07116321924772
20
-55.13012304637553
0
VERTEX
8
L4
10
-47.06924929161637
20
-55.12050108240934
0
VERTEX
8
L4
10
-47.0686076562194
20
-55.11071161799284
0
VERTEX
8
L4
10
-47.06924929161637
20
-55.100922153576334
0
VERTEX
8
L4
10
-47.07116321924772
20
-55.09130018961015
0
VERTEX
8
L4
10
-47.074316691281055
20
-55.082010360565455
0
VERTEX
8
L4
10
-47.07865575093557
20
-55.07321161799284
0
VERTEX
8
L4
10
-47.08410615569757
20
-55.065054510817184
0
VERTEX
8
L4
10
-47.09057464763042
20
-55.05767860940385
0
VERTEX
8
L4
10
-47.097950549043745
20
-55.051210117470994
0
VERTEX
8
L4
10
-47.10610765621941
20
-55.04575971270901
0
VERTEX
8
L4
10
-47.11490639879203
20
-55.041420653054494
0
VERTEX
8
L4
10
-47.12419622783672
20
-55.03826718102116
0
VERTEX
8
L4
10
-47.1338181918029
20
-55.036353253389805
0
VERTEX
8
L4
10
-47.1436076562194
20
-55.03571161799284
0
SEQEND
0
POLYLINE
8
L4
66
1
70
1
0
VERTEX
8
L4
10
-50.35928143712575
20
-53.577694610778444
0
VERTEX
8
L4
10
-50.36907090154226
20
-53.57833624617541
0
VERTEX
8
L4
10
-50.37869286550844
20
-53.58025017380676
0
VERTEX
8
L4
10
-50.38798269455314
20
-53.5834036458401
0
VERTEX
8
L4
10
-50.39678143712575
20
-53.58774270549461
0
VERTEX
8
L4
10
-50.40493854430141
20
-53.5931931102566
0
VERTEX
8
L4
10
-50.41231444571474
20
-53.59966160218946
0
VERTEX
8
L4
10
-50.4187829376476
20
-53.60703750360279
0
VERTEX
8
L4
10
-50.424233342409586
20
-53.615194610778445
0
VERTEX
8
L4
10
-50.4285724020641
20
-53.62399335335106
0
VERTEX
8
L4
10
-50.43172587409743
20
-53.63328318239576
0
VERTEX
8
L4
10
-50.43363980172879
20
-53.64290514636194
0
VERTEX
8
L4
10
-50.434281437125755
20
-53.65269461077845
0
VERTEX
8
L4
10
-50.43363980172879
20
-53.662484075194946
0
VERTEX
8
L4
10
-50.43172587409743
20
-53.672106039161136
0
VERTEX
8
L4
10
-50.4285724020641
20
-53.681395868205826
0
VERTEX
8
L4
10
-50.424233342409586
20
-53.69019461077844
0
VERTEX
8
L4
10
-50.4187829376476
20
-53.6983517179541
0
VERTEX
8
L4
10
-50.41231444571474
20
-53.70572761936744
0
VERTEX
8
L4
10
-50.40493854430141
20
-53.71219611130029
0
VERTEX
8
L4
10
-50.39678143712575
20
-53.717646516062274
0
VERTEX
8
L4
10
-50.38798269455314
20
-53.72198557571679
0
VERTEX
8
L4
10
-50.37869286550844
20
-53.725139047750126
0
VERTEX
8
L4
10
-50.36907090154226
20
-53.72705297538148
0
VERTEX
8
L4
10
-50.35928143712575
20
-53.72769461077844
0
VERTEX
8
L4
10
-50.34949197270925
20
-53.72705297538148
0
VERTEX
8
L4
10
-50.33987000874306
20
-53.725139047750126
0
VERTEX
8
L4
10
-50.33058017969837
20
-53.72198557571679
0
VERTEX
8
L4
10
-50.32178143712575
20
-53.717646516062274
0
VERTEX
8
L4
10
-50.3136243299501
20
-53.71219611130029
0
VERTEX
8
L4
10
-50.30624842853676
20
-53.70572761936744
0
VERTEX
8
L4
10
-50.29977993660391
20
-53.6983517179541
0
VERTEX
8
L4
10
-50.29432953184192
20
-53.69019461077844
0
VERTEX
8
L4
10
-50.289990472187405
20
-53.681395868205826
0
VERTEX
8
L4
10
-50.28683700015407
20
-53.672106039161136
0
VERTEX
8
L4
10
-50.284923072522716
20
-53.662484075194946
0
VERTEX
8
L4
10
-50.284281437125756
20
-53.65269461077845
0
VERTEX
8
L4
10
-50.284923072522716
20
-53.64290514636194
0
VERTEX
8
L4
10
-50.28683700015407
20
-53.63328318239576
0
VERTEX
8
L4
10
-50.289990472187405
20
-53.62399335335106
0
VERTEX
8
L4
10
-50.29432953184192
20
-53.615194610778445
0
VERTEX
8
L4
10
-50.29977993660391
20
-53.60703750360279
0
VERTEX
8
L4
10
-50.30624842853676
20
-53.59966160218946
0
VERTEX
8
L4
10
-50.3136243299501
20
-53.5931931102566
0
VERTEX
8
L4
10
-50.32178143712575
20
-53.58774270549461
0
VERTEX
8
L4
10
-50.33058017969837
20
-53.5834036458401
0
VERTEX
8
L4
10
-50.33987000874306
20
-53.58025017380677
0
VERTEX
8
L4
10
-50.34949197270925
20
-53.57833624617541
0
VERTEX
8
L4
10
-50.35928143712575
20
-53.577694610778444
0
SEQEND
0
POLYLINE
8
L4
66
1
70
1
0
VERTEX
8
L4
10
-52.63473053892216
20
-55.61362275449102
0
VERTEX
8
L4
10
-52.64452000333867
20
-55.614264389887985
0
VERTEX
8
L4
10
-52.65414196730485
20
-55.61617831751934
0
VERTEX
8
L4
10
-52.66343179634955
20
-55.619331789552675
0
VERTEX
8
L4
10
-52.672230538922165
20
-55.62367084920719
0
VERTEX
8
L4
10
-52.68038764609782
20
-55.62912125396918
0
VERTEX
8
L4
10
-52.68776354751115
20
-55.63558974590203
0
VERTEX
8
L4
10
-52.69423203944401
20
-55.642965647315364
0
VERTEX
8
L4
10
-52.699682444206
20
-55.65112275449102
0
VERTEX
8
L4
10
-52.70402150386051
20
-55.65992149706364
0
VERTEX
8
L4
10
-52.70717497589384
20
-55.66921132610833
0
VERTEX
8
L4
10
-52.7090889035252
20
-55.678833290074515
0
VERTEX
8
L4
10
-52.709730538922166
20
-55.68862275449102
0
VERTEX
8
L4
10
-52.7090889035252
20
-55.69841221890753
0
VERTEX
8
L4
10
-52.70717497589384
20
-55.70803418287371
0
VERTEX
8
L4
10
-52.70402150386051
20
-55.7173240119184
0
VERTEX
8
L4
10
-52.699682444206
20
-55.72612275449102
0
VERTEX
8
L4
10
-52.69423203944401
20
-55.73427986166668
0
VERTEX
8
L4
10
-52.68776354751115
20
-55.74165576308001
0
VERTEX
8
L4
10
-52.68038764609782
20
-55.74812425501286
0
VERTEX
8
L4
10
-52.672230538922165
20
-55.753574659774856
0
VERTEX
8
L4
10
-52.66343179634955
20
-55.75791371942937
0
VERTEX
8
L4
10
-52.65414196730485
20
-55.7610671914627
0
VERTEX
8
L4
10
-52.64452000333867
20
-55.76298111909406
0
VERTEX
8
L4
10
-52.63473053892216
20
-55.763622754491024
0
VERTEX
8
L4
10
-52.624941074505664
20
-55.76298111909406
0
VERTEX
8
L4
10
-52.615319110539474
20
-55.7610671914627
0
VERTEX
8
L4
10
-52.606029281494784
20
-55.75791371942937
0
VERTEX
8
L4
10
-52.59723053892216
20
-55.753574659774856
0
VERTEX
8
L4
10
-52.58907343174651
20
-55.74812425501286
0
VERTEX
8
L4
10
-52.58169753033317
20
-55.74165576308001
0
VERTEX
8
L4
10
-52.57522903840032
20
-55.73427986166668
0
VERTEX
8
L4
10
-52.569778633638336
20
-55.72612275449102
0
VERTEX
8
L4
10
-52.56543957398382
20
-55.7173240119184
0
VERTEX
8
L4
10
-52.562286101950484
20
-55.70803418287371
0
VERTEX
8
L4
10
-52.56037217431913
20
-55.69841221890753
0
VERTEX
8
L4
10
-52.55973053892217
20
-55.68862275449102
0
VERTEX
8
L4
10
-52.56037217431913
20
-55.678833290074515
0
VERTEX
8
L4
10
-52.562286101950484
20
-55.66921132610833
0
VERTEX
8
L4
10
-52.56543957398382
20
-55.65992149706364
0
VERTEX
8
L4
10
-52.569778633638336
20
-55.65112275449102
0
VERTEX
8
L4
10
-52.57522903840032
20
-55.642965647315364
0
VERTEX
8
L4
10
-52.58169753033317
20
-55.63558974590203
0
VERTEX
8
L4
10
-52.58907343174651
20
-55.62912125396918
0
VERTEX
8
L4
10
-52.59723053892216
20
-55.62367084920719
0
VERTEX
8
L4
10
-52.606029281494784
20
-55.619331789552675
0
VERTEX
8
L4
10
-52.615319110539474
20
-55.61617831751934
0
VERTEX
8
L4
10
-52.624941074505664
20
-55.614264389887985
0
VERTEX
8
L4
10
-52.63473053892216
20
-55.61362275449102
0
SEQEND
0
POLYLINE
8
L4
66
1
70
1
0
VERTEX
8
L4
10
-50.35928143712575
20
-53.14056886227545
0
VERTEX
8
L4
10
-50.36907090154226
20
-53.14121049767241
0
VERTEX
8
L4
10
-50.37869286550844
20
-53.14312442530377
0
VERTEX
8
L4
10
-50.38798269455314
20
-53.1462778973371
0
VERTEX
8
L4
10
-50.39678143712575
20
-53.15061695699162
0
VERTEX
8
L4
10
-50.40493854430141
20
-53.15606736175361
0
VERTEX
8
L4
10
-50.41231444571474
20
-53.16253585368646
0
VERTEX
8
L4
10
-50.4187829376476
20
-53.1699117550998
0
VERTEX
8
L4
10
-50.424233342409586
20
-53.17806886227545
0
VERTEX
8
L4
10
-50.4285724020641
20
-53.18686760484807
0
VERTEX
8
L4
10
-50.43172587409743
20
-53.196157433892765
0
VERTEX
8
L4
10
-50.43363980172879
20
-53.20577939785895
0
VERTEX
8
L4
10
-50.434281437125755
20
-53.21556886227545
0
VERTEX
8
L4
10
-50.43363980172879
20
-53.22535832669195
0
VERTEX
8
L4
10
-50.43172587409743
20
-53.234980290658136
0
VERTEX
8
L4
10
-50.4285724020641
20
-53.24427011970283
0
VERTEX
8
L4
10
-50.424233342409586
20
-53.25306886227545
0
VERTEX
8
L4
10
-50.4187829376476
20
-53.261225969451104
0
VERTEX
8
L4
10
-50.41231444571474
20
-53.268601870864444
0
VERTEX
8
L4
10
-50.40493854430141
20
-53.275070362797294
0
VERTEX
8
L4
10
-50.39678143712575
20
-53.28052076755928
0
VERTEX
8
L4
10
-50.38798269455314
20
-53.28485982721379
0
VERTEX
8
L4
10
-50.37869286550844
20
-53.28801329924713
0
VERTEX
8
L4
10
-50.36907090154226
20
-53.28992722687848
0
VERTEX
8
L4
10
-50.35928143712575
20
-53.29056886227545
0
VERTEX
8
L4
10
-50.34949197270925
20
-53.28992722687848
0
VERTEX
8
L4
10
-50.33987000874306
20
-53.28801329924713
0
VERTEX
8
L4
10
-50.33058017969837
20
-53.28485982721379
0
VERTEX
8
L4
10
-50.32178143712575
20
-53.28052076755928
0
VERTEX
8
L4
10
-50.3136243299501
20
-53.275070362797294
0
VERTEX
8
L4
10
-50.30624842853676
20
-53.268601870864444
0
VERTEX
8
L4
10
-50.29977993660391
20
-53.261225969451104
0
VERTEX
8
L4
10
-50.29432953184192
20
-53.25306886227545
0
VERTEX
8
L4
10
-50.289990472187405
20
-53.24427011970283
0
VERTEX
8
L4
10
-50.28683700015407
20
-53.234980290658136
0
VERTEX
8
L4
10
-50.284923072522716
20
-53.22535832669195
0
VERTEX
8
L4
10
-50.284281437125756
20
-53.21556886227545
0
VERTEX
8
L4
10
-50.284923072522716
20
-53.20577939785895
0
VERTEX
8
L4
10
-50.28683700015407
20
-53.196157433892765
0
VERTEX
8
L4
10
-50.289990472187405
20
-53.18686760484807
0
VERTEX
8
L4
10
-50.29432953184192
20
-53.17806886227545
0
VERTEX
8
L4
10
-50.29977993660391
20
-53.1699117550998
0
VERTEX
8
L4
10
-50.30624842853676
20
-53.16253585368646
0
VERTEX
8
L4
10
-50.3136243299501
20
-53.15606736175361
0
VERTEX
8
L4
10
-50.32178143712575
20
-53.15061695699162
0
VERTEX
8
L4
10
-50.33058017969837
20
-53.1462778973371
0
VERTEX
8
L4
10
-50.33987000874306
20
-53.14312442530377
0
VERTEX
8
L4
10
-50.34949197270925
20
-53.14121049767241
0
VERTEX
8
L4
10
-50.35928143712575
20
-53.14056886227545
0
SEQEND
0
POLYLINE
8
L4
66
1
70
1
0
VERTEX
8
L4
10
-49.76047904191617
20
-55.61362275449102
0
VERTEX
8
L4
10
-49.77026850633268
20
-55.614264389887985
0
VERTEX
8
L4
10
-49.77989047029886
20
-55.61617831751934
0
VERTEX
8
L4
10
-49.78918029934355
20
-55.619331789552675
0
VERTEX
8
L4
10
-49.79797904191617
20
-55.62367084920719
0
VERTEX
8
L4
10
-49.80613614909183
20
-55.62912125396918
0
VERTEX
8
L4
10
-49.81351205050516
20
-55.63558974590203
0
VERTEX
8
L4
10
-49.81998054243801
20
-55.642965647315364
0
VERTEX
8
L4
10
-49.825430947200005
20
-55.65112275449102
0
VERTEX
8
L4
10
-49.82977000685452
20
-55.65992149706364
0
VERTEX
8
L4
10
-49.83292347888785
20
-55.66921132610833
0
VERTEX
8
L4
10
-49.834837406519206
20
-55.678833290074515
0
VERTEX
8
L4
10
-49.83547904191617
20
-55.68862275449102
0
VERTEX
8
L4
10
-49.834837406519206
20
-55.69841221890753
0
VERTEX
8
L4
10
-49.83292347888785
20
-55.70803418287371
0
VERTEX
8
L4
10
-49.82977000685452
20
-55.7173240119184
0
VERTEX
8
L4
10
-49.825430947200005
20
-55.72612275449102
0
VERTEX
8
L4
10
-49.81998054243801
20
-55.73427986166668
0
VERTEX
8
L4
10
-49.81351205050516
20
-55.74165576308001
0
VERTEX
8
L4
10
-49.80613614909183
20
-55.74812425501286
0
VERTEX
8
L4
10
-49.79797904191617
20
-55.753574659774856
0
VERTEX
8
L4
10
-49.78918029934355
20
-55.75791371942937
0
VERTEX
8
L4
10
-49.77989047029886
20
-55.7610671914627
0
VERTEX
8
L4
10
-49.77026850633268
20
-55.76298111909406
0
VERTEX
8
L4
10
-49.76047904191617
20
-55.763622754491024
0
VERTEX
8
L4
10
-49.750689577499664
20
-55.76298111909406
0
VERTEX
8
L4
10
-49.74106761353348
20
-55.7610671914627
0
VERTEX
8
L4
10
-49.73177778448879
20
-55.75791371942937
0
VERTEX
8
L4
10
-49.72297904191617
20
-55.753574659774856
0
VERTEX
8
L4
10
-49.71482193474051
20
-55.74812425501286
0
VERTEX
8
L4
10
-49.70744603332718
20
-55.74165576308001
0
VERTEX
8
L4
10
-49.70097754139433
20
-55.73427986166668
0
VERTEX
8
L4
10
-49.695527136632336
20
-55.72612275449102
0
VERTEX
8
L4
10
-49.691188076977824
20
-55.7173240119184
0
VERTEX
8
L4
10
-49.68803460494449
20
-55.70803418287371
0
VERTEX
8
L4
10
-49.686120677313134
20
-55.69841221890753
0
VERTEX
8
L4
10
-49.68547904191617
20
-55.68862275449102
0
VERTEX
8
L4
10
-49.686120677313134
20
-55.678833290074515
0
VERTEX
8
L4
10
-49.68803460494449
20
-55.66921132610833
0
VERTEX
8
L4
10
-49.691188076977824
20
-55.65992149706364
0
VERTEX
8
L4
10
-49.695527136632336
20
-55.65112275449102
0
VERTEX
8
L4
10
-49.70097754139433
20
-55.642965647315364
0
VERTEX
8
L4
10
-49.70744603332718
20
-55.63558974590203
0
VERTEX
8
L4
10
-49.71482193474051
20
-55.62912125396918
0
VERTEX
8
L4
10
-49.72297904191617
20
-55.62367084920719
0
VERTEX
8
L4
10
-49.73177778448879
20
-55.619331789552675
0
VERTEX
8
L4
10
-49.74106761353348
20
-55.61617831751934
0
VERTEX
8
L4
10
-49.750689577499664
20
-55.614264389887985
0
VERTEX
8
L4
10
-49.76047904191617
20
-55.61362275449102
0
SEQEND
0
POLYLINE
8
L4
66
1
70
1
0
VERTEX
8
L4
10
-52.27544910179642
20
-53.577694610778444
0
VERTEX
8
L4
10
-52.28523856621292
20
-53.57833624617541
0
VERTEX
8
L4
10
-52.29486053017911
20
-53.58025017380676
0
VERTEX
8
L4
10
-52.3041503592238
20
-53.5834036458401
0
VERTEX
8
L4
10
-52.31294910179641
20
-53.58774270549461
0
VERTEX
8
L4
10
-52.32110620897207
20
-53.5931931102566
0
VERTEX
8
L4
10
-52.32848211038541
20
-53.59966160218946
0
VERTEX
8
L4
10
-52.33495060231826
20
-53.60703750360279
0
VERTEX
8
L4
10
-52.340401007080246
20
-53.615194610778445
0
VERTEX
8
L4
10
-52.344740066734765
20
-53.62399335335106
0
VERTEX
8
L4
10
-52.3478935387681
20
-53.63328318239576
0
VERTEX
8
L4
10
-52.349807466399454
20
-53.64290514636194
0
VERTEX
8
L4
10
-52.350449101796414
20
-53.65269461077845
0
VERTEX
8
L4
10
-52.349807466399454
20
-53.662484075194946
0
VERTEX
8
L4
10
-52.3478935387681
20
-53.672106039161136
0
VERTEX
8
L4
10
-52.344740066734765
20
-53.681395868205826
0
VERTEX
8
L4
10
-52.340401007080246
20
-53.69019461077844
0
VERTEX
8
L4
10
-52.33495060231826
20
-53.6983517179541
0
VERTEX
8
L4
10
-52.32848211038541
20
-53.70572761936744
0
VERTEX
8
L4
10
-52.32110620897207
20
-53.71219611130029
0
VERTEX
8
L4
10
-52.31294910179641
20
-53.717646516062274
0
VERTEX
8
L4
10
-52.3041503592238
20
-53.72198557571679
0
VERTEX
8
L4
10
-52.29486053017911
20
-53.725139047750126
0
VERTEX
8
L4
10
-52.28523856621292
20
-53.72705297538148
0
VERTEX
8
L4
10
-52.27544910179642
20
-53.72769461077844
0
VERTEX
8
L4
10
-52.26565963737991
20
-53.72705297538148
0
VERTEX
8
L4
10
-52.25603767341373
20
-53.725139047750126
0
VERTEX
8
L4
10
-52.24674784436903
20
-53.72198557571679
0
VERTEX
8
L4
10
-52.23794910179642
20
-53.717646516062274
0
VERTEX
8
L4
10
-52.22979199462076
20
-53.71219611130029
0
VERTEX
8
L4
10
-52.22241609320743
20
-53.70572761936744
0
VERTEX
8
L4
10
-52.21594760127457
20
-53.6983517179541
0
VERTEX
8
L4
10
-52.210497196512584
20
-53.69019461077844
0
VERTEX
8
L4
10
-52.20615813685807
20
-53.681395868205826
0
VERTEX
8
L4
10
-52.20300466482474
20
-53.672106039161136
0
VERTEX
8
L4
10
-52.20109073719338
20
-53.662484075194946
0
VERTEX
8
L4
10
-52.200449101796416
20
-53.65269461077845
0
VERTEX
8
L4
10
-52.20109073719338
20
-53.64290514636194
0
VERTEX
8
L4
10
-52.20300466482474
20
-53.63328318239576
0
VERTEX
8
L4
10
-52.20615813685807
20
-53.62399335335106
0
VERTEX
8
L4
10
-52.210497196512584
20
-53.615194610778445
0
VERTEX
8
L4
10
-52.21594760127457
20
-53.60703750360279
0
VERTEX
8
L4
10
-52.22241609320743
20
-53.59966160218946
0
VERTEX
8
L4
10
-52.22979199462076
20
-53.5931931102566
0
VERTEX
8
L4
10
-52.23794910179642
20
-53.58774270549461
0
VERTEX
8
L4
10
-52.24674784436903
20
-53.5834036458401
0
VERTEX
8
L4
10
-52.25603767341373
20
-53.58025017380677
0
VERTEX
8
L4
10
-52.26565963737991
20
-53.57833624617541
0
VERTEX
8
L4
10
-52.27544910179642
20
-53.577694610778444
0
SEQEND
0
POLYLINE
8
L4
66
1
70
1
0
VERTEX
8
L4
10
-49.8623803677327
20
-55.03571161799284
0
VERTEX
8
L4
10
-49.8721698321492
20
-55.036353253389805
0
VERTEX
8
L4
10
-49.88179179611538
20
-55.03826718102116
0
VERTEX
8
L4
10
-49.891081625160076
20
-55.041420653054494
0
VERTEX
8
L4
10
-49.89988036773269
20
-55.04575971270901
0
VERTEX
8
L4
10
-49.90803747490835
20
-55.051210117470994
0
VERTEX
8
L4
10
-49.91541337632169
20
-55.057678609403844
0
VERTEX
8
L4
10
-49.92188186825454
20
-55.065054510817184
0
VERTEX
8
L4
10
-49.927332273016525
20
-55.07321161799284
0
VERTEX
8
L4
10
-49.931671332671044
20
-55.082010360565455
0
VERTEX
8
L4
10
-49.93482480470438
20
-55.09130018961015
0
VERTEX
8
L4
10
-49.936738732335726
20
-55.100922153576334
0
VERTEX
8
L4
10
-49.93738036773269
20
-55.11071161799284
0
VERTEX
8
L4
10
-49.936738732335726
20
-55.12050108240934
0
VERTEX
8
L4
10
-49.93482480470438
20
-55.13012304637553
0
VERTEX
8
L4
10
-49.931671332671044
20
-55.13941287542022
0
VERTEX
8
L4
10
-49.927332273016525
20
-55.148211617992835
0
VERTEX
8
L4
10
-49.92188186825454
20
-55.15636872516849
0
VERTEX
8
L4
10
-49.91541337632169
20
-55.16374462658183
0
VERTEX
8
L4
10
-49.90803747490835
20
-55.17021311851468
0
VERTEX
8
L4
10
-49.89988036773269
20
-55.17566352327667
0
VERTEX
8
L4
10
-49.891081625160076
20
-55.18000258293119
0
VERTEX
8
L4
10
-49.88179179611538
20
-55.18315605496452
0
VERTEX
8
L4
10
-49.8721698321492
20
-55.18506998259588
0
VERTEX
8
L4
10
-49.8623803677327
20
-55.18571161799284
0
VERTEX
8
L4
10
-49.85259090331619
20
-55.18506998259588
0
VERTEX
8
L4
10
-49.84296893935001
20
-55.18315605496452
0
VERTEX
8
L4
10
-49.83367911030531
20
-55.18000258293119
0
VERTEX
8
L4
10
-49.824880367732696
20
-55.17566352327667
0
VERTEX
8
L4
10
-49.81672326055704
20
-55.17021311851468
0
VERTEX
8
L4
10
-49.8093473591437
20
-55.16374462658183
0
VERTEX
8
L4
10
-49.80287886721085
20
-55.15636872516849
0
VERTEX
8
L4
10
-49.79742846244886
20
-55.148211617992835
0
VERTEX
8
L4
10
-49.79308940279435
20
-55.13941287542022
0
VERTEX
8
L4
10
-49.78993593076101
20
-55.13012304637553
0
VERTEX
8
L4
10
-49.78802200312966
20
-55.12050108240934
0
VERTEX
8
L4
10
-49.787380367732695
20
-55.11071161799284
0
VERTEX
8
L4
10
-49.78802200312966
20
-55.100922153576334
0
VERTEX
8
L4
10
-49.78993593076101
20
-55.09130018961015
0
VERTEX
8
L4
10
-49.79308940279435
20
-55.082010360565455
0
VERTEX
8
L4
10
-49.79742846244886
20
-55.07321161799284
0
VERTEX
8
L4
10
-49.80287886721085
20
-55.065054510817184
0
VERTEX
8
L4
10
-49.8093473591437
20
-55.05767860940385
0
VERTEX
8
L4
10
-49.81672326055704
20
-55.051210117470994
0
VERTEX
8
L4
10
-49.824880367732696
20
-55.04575971270901
0
VERTEX
8
L4
10
-49.83367911030531
20
-55.041420653054494
0
VERTEX
8
L4
10
-49.84296893935
20
-55.03826718102116
0
VERTEX
8
L4
10
-49.85259090331619
20
-55.036353253389805
0
VERTEX
8
L4
10
-49.8623803677327
20
-55.03571161799284
0
SEQEND
0
POLYLINE
8
L4
66
1
70
1
0
VERTEX
8
L4
10
-48.50299401197605
20
-56.69146706586827
0
VERTEX
8
L4
10
-48.512783476392556
20
-56.692108701265234
0
VERTEX
8
L4
10
-48.52240544035874
20
-56.69402262889659
0
VERTEX
8
L4
10
-48.53169526940343
20
-56.69717610092992
0
VERTEX
8
L4
10
-48.54049401197605
20
-56.701515160584435
0
VERTEX
8
L4
10
-48.54865111915171
20
-56.70696556534643
0
VERTEX
8
L4
10
-48.55602702056504
20
-56.71343405727928
0
VERTEX
8
L4
10
-48.56249551249789
20
-56.72080995869261
0
VERTEX
8
L4
10
-48.567945917259884
20
-56.72896706586827
0
VERTEX
8
L4
10
-48.572284976914396
20
-56.737765808440884
0
VERTEX
8
L4
10
-48.57543844894773
20
-56.74705563748558
0
VERTEX
8
L4
10
-48.577352376579086
20
-56.75667760145176
0
VERTEX
8
L4
10
-48.57799401197605
20
-56.76646706586827
0
VERTEX
8
L4
10
-48.577352376579086
20
-56.77625653028477
0
VERTEX
8
L4
10
-48.57543844894773
20
-56.78587849425096
0
VERTEX
8
L4
10
-48.572284976914396
20
-56.79516832329565
0
VERTEX
8
L4
10
-48.567945917259884
20
-56.80396706586827
0
VERTEX
8
L4
10
-48.56249551249789
20
-56.81212417304392
0
VERTEX
8
L4
10
-48.55602702056504
20
-56.81950007445726
0
VERTEX
8
L4
10
-48.54865111915171
20
-56.82596856639011
0
VERTEX
8
L4
10
-48.54049401197605
20
-56.831418971152104
0
VERTEX
8
L4
10
-48.53169526940343
20
-56.835758030806616
0
VERTEX
8
L4
10
-48.52240544035874
20
-56.83891150283995
0
VERTEX
8
L4
10
-48.512783476392556
20
-56.840825430471305
0
VERTEX
8
L4
10
-48.50299401197605
20
-56.841467065868265
0
VERTEX
8
L4
10
-48.49320454755954
20
-56.840825430471305
0
VERTEX
8
L4
10
-48.48358258359336
20
-56.83891150283995
0
VERTEX
8
L4
10
-48.47429275454867
20
-56.835758030806616
0
VERTEX
8
L4
10
-48.46549401197605
20
-56.831418971152104
0
VERTEX
8
L4
10
-48.45733690480039
20
-56.82596856639011
0
VERTEX
8
L4
10
-48.44996100338706
20
-56.81950007445726
0
VERTEX
8
L4
10
-48.44349251145421
20
-56.81212417304392
0
VERTEX
8
L4
10
-48.438042106692215
20
-56.80396706586827
0
VERTEX
8
L4
10
-48.4337030470377
20
-56.79516832329565
0
VERTEX
8
L4
10
-48.43054957500437
20
-56.78587849425096
0
VERTEX
8
L4
10
-48.428635647373014
20
-56.77625653028477
0
VERTEX
8
L4
10
-48.42799401197605
20
-56.76646706586827
0
VERTEX
8
L4
10
-48.428635647373014
20
-56.75667760145176
0
VERTEX
8
L4
10
-48.43054957500437
20
-56.74705563748558
0
VERTEX
8
L4
10
-48.4337030470377
20
-56.737765808440884
0
VERTEX
8
L4
10
-48.438042106692215
20
-56.72896706586827
0
VERTEX
8
L4
10
-48.44349251145421
20
-56.72080995869261
0
VERTEX
8
L4
10
-48.44996100338706
20
-56.71343405727928
0
VERTEX
8
L4
10
-48.45733690480039
20
-56.70696556534643
0
VERTEX
8
L4
10
-48.46549401197605
20
-56.701515160584435
0
VERTEX
8
L4
10
-48.47429275454867
20
-56.69717610092992
0
VERTEX
8
L4
10
-48.48358258359336
20
-56.69402262889659
0
VERTEX
8
L4
10
-48.49320454755954
20
-56.692108701265234
0
VERTEX
8
L4
10
-48.50299401197605
20
-56.69146706586827
0
SEQEND
0
POLYLINE
8
L4
66
1
70
1
0
VERTEX
8
L4
10
-44.73053892215569
20
-53.577694610778444
0
VERTEX
8
L4
10
-44.74032838657219
20
-53.57833624617541
0
VERTEX
8
L4
10
-44.74995035053837
20
-53.58025017380676
0
VERTEX
8
L4
10
-44.75924017958306
20
-53.5834036458401
0
VERTEX
8
L4
10
-44.76803892215568
20
-53.58774270549461
0
VERTEX
8
L4
10
-44.77619602933133
20
-53.5931931102566
0
VERTEX
8
L4
10
-44.78357193074467
20
-53.59966160218946
0
VERTEX
8
L4
10
-44.79004042267752
20
-53.60703750360279
0
VERTEX
8
L4
10
-44.79549082743952
20
-53.615194610778445
0
VERTEX
8
L4
10
-44.799829887094035
20
-53.62399335335106
0
VERTEX
8
L4
10
-44.80298335912737
20
-53.63328318239576
0
VERTEX
8
L4
10
-44.80489728675872
20
-53.64290514636194
0
VERTEX
8
L4
10
-44.80553892215569
20
-53.65269461077845
0
VERTEX
8
L4
10
-44.80489728675872
20
-53.662484075194946
0
VERTEX
8
L4
10
-44.80298335912737
20
-53.672106039161136
0
VERTEX
8
L4
10
-44.799829887094035
20
-53.681395868205826
0
VERTEX
8
L4
10
-44.79549082743952
20
-53.69019461077844
0
VERTEX
8
L4
10
-44.79004042267752
20
-53.6983517179541
0
VERTEX
8
L4
10
-44.78357193074467
20
-53.70572761936744
0
VERTEX
8
L4
10
-44.77619602933133
20
-53.71219611130029
0
VERTEX
8
L4
10
-44.76803892215568
20
-53.717646516062274
0
VERTEX
8
L4
10
-44.75924017958306
20
-53.72198557571679
0
VERTEX
8
L4
10
-44.74995035053837
20
-53.725139047750126
0
VERTEX
8
L4
10
-44.74032838657219
20
-53.72705297538148
0
VERTEX
8
L4
10
-44.73053892215569
20
-53.72769461077844
0
VERTEX
8
L4
10
-44.720749457739174
20
-53.72705297538148
0
VERTEX
8
L4
10
-44.71112749377299
20
-53.725139047750126
0
VERTEX
8
L4
10
-44.7018376647283
20
-53.72198557571679
0
VERTEX
8
L4
10
-44.69303892215568
20
-53.717646516062274
0
VERTEX
8
L4
10
-44.68488181498003
20
-53.71219611130029
0
VERTEX
8
L4
10
-44.67750591356669
20
-53.70572761936744
0
VERTEX
8
L4
10
-44.67103742163384
20
-53.6983517179541
0
VERTEX
8
L4
10
-44.665587016871854
20
-53.69019461077844
0
VERTEX
8
L4
10
-44.66124795721734
20
-53.681395868205826
0
VERTEX
8
L4
10
-44.65809448518401
20
-53.672106039161136
0
VERTEX
8
L4
10
-44.656180557552645
20
-53.662484075194946
0
VERTEX
8
L4
10
-44.655538922155685
20
-53.65269461077845
0
VERTEX
8
L4
10
-44.656180557552645
20
-53.64290514636194
0
VERTEX
8
L4
10
-44.65809448518401
20
-53.63328318239576
0
VERTEX
8
L4
10
-44.66124795721734
20
-53.62399335335106
0
VERTEX
8
L4
10
-44.665587016871854
20
-53.615194610778445
0
VERTEX
8
L4
10
-44.67103742163384
20
-53.60703750360279
0
VERTEX
8
L4
10
-44.67750591356669
20
-53.59966160218946
0
VERTEX
8
L4
10
-44.68488181498003
20
-53.5931931102566
0
VERTEX
8
L4
10
-44.69303892215568
20
-53.58774270549461
0
VERTEX
8
L4
10
-44.7018376647283
20
-53.5834036458401
0
VERTEX
8
L4
10
-44.71112749377299
20
-53.58025017380677
0
VERTEX
8
L4
10
-44.720749457739174
20
-53.57833624617541
0
VERTEX
8
L4
10
-44.73053892215569
20
-53.577694610778444
0
SEQEND
0
POLYLINE
8
L4
66
1
70
1
0
VERTEX
8
L4
10
-48.50299401197605
20
-55.73338323353294
0
VERTEX
8
L4
10
-48.512783476392556
20
-55.7340248689299
0
VERTEX
8
L4
10
-48.52240544035874
20
-55.73593879656126
0
VERTEX
8
L4
10
-48.53169526940343
20
-55.73909226859459
0
VERTEX
8
L4
10
-48.54049401197605
20
-55.7434313282491
0
VERTEX
8
L4
10
-48.54865111915171
20
-55.748881733011096
0
VERTEX
8
L4
10
-48.55602702056504
20
-55.755350224943946
0
VERTEX
8
L4
10
-48.56249551249789
20
-55.762726126357286
0
VERTEX
8
L4
10
-48.567945917259884
20
-55.770883233532935
0
VERTEX
8
L4
10
-48.572284976914396
20
-55.77968197610556
0
VERTEX
8
L4
10
-48.57543844894773
20
-55.78897180515025
0
VERTEX
8
L4
10
-48.577352376579086
20
-55.79859376911644
0
VERTEX
8
L4
10
-48.57799401197605
20
-55.808383233532936
0
VERTEX
8
L4
10
-48.577352376579086
20
-55.81817269794944
0
VERTEX
8
L4
10
-48.57543844894773
20
-55.827794661915625
0
VERTEX
8
L4
10
-48.572284976914396
20
-55.83708449096032
0
VERTEX
8
L4
10
-48.567945917259884
20
-55.84588323353294
0
VERTEX
8
L4
10
-48.56249551249789
20
-55.85404034070859
0
VERTEX
8
L4
10
-48.55602702056504
20
-55.861416242121926
0
VERTEX
8
L4
10
-48.54865111915171
20
-55.86788473405478
0
VERTEX
8
L4
10
-48.54049401197605
20
-55.87333513881677
0
VERTEX
8
L4
10
-48.53169526940343
20
-55.87767419847128
0
VERTEX
8
L4
10
-48.52240544035874
20
-55.880827670504615
0
VERTEX
8
L4
10
-48.512783476392556
20
-55.88274159813597
0
VERTEX
8
L4
10
-48.50299401197605
20
-55.88338323353294
0
VERTEX
8
L4
10
-48.49320454755954
20
-55.88274159813597
0
VERTEX
8
L4
10
-48.48358258359336
20
-55.880827670504615
0
VERTEX
8
L4
10
-48.47429275454867
20
-55.87767419847128
0
VERTEX
8
L4
10
-48.46549401197605
20
-55.87333513881677
0
VERTEX
8
L4
10
-48.45733690480039
20
-55.86788473405478
0
VERTEX
8
L4
10
-48.44996100338706
20
-55.861416242121926
0
VERTEX
8
L4
10
-48.44349251145421
20
-55.85404034070859
0
VERTEX
8
L4
10
-48.438042106692215
20
-55.84588323353294
0
VERTEX
8
L4
10
-48.4337030470377
20
-55.83708449096032
0
VERTEX
8
L4
10
-48.43054957500437
20
-55.827794661915625
0
VERTEX
8
L4
10
-48.428635647373014
20
-55.81817269794944
0
VERTEX
8
L4
10
-48.42799401197605
20
-55.808383233532936
0
VERTEX
8
L4
10
-48.428635647373014
20
-55.79859376911644
0
VERTEX
8
L4
10
-48.43054957500437
20
-55.78897180515025
0
VERTEX
8
L4
10
-48.4337030470377
20
-55.77968197610556
0
VERTEX
8
L4
10
-48.438042106692215
20
-55.770883233532935
0
VERTEX
8
L4
10
-48.44349251145421
20
-55.762726126357286
0
VERTEX
8
L4
10
-48.44996100338706
20
-55.755350224943946
0
VERTEX
8
L4
10
-48.45733690480039
20
-55.748881733011096
0
VERTEX
8
L4
10
-48.46549401197605
20
-55.7434313282491
0
VERTEX
8
L4
10
-48.47429275454867
20
-55.73909226859459
0
VERTEX
8
L4
10
-48.48358258359336
20
-55.73593879656126
0
VERTEX
8
L4
10
-48.49320454755954
20
-55.7340248689299
0
VERTEX
8
L4
10
-48.50299401197605
20
-55.73338323353294
0
SEQEND
0
POLYLINE
8
L4
66
1
70
1
0
VERTEX
8
L4
10
-48.50299401197605
20
-54.77529940119761
0
VERTEX
8
L4
10
-48.512783476392556
20
-54.775941036594574
0
VERTEX
8
L4
10
-48.52240544035874
20
-54.77785496422593
0
VERTEX
8
L4
10
-48.53169526940343
20
-54.78100843625926
0
VERTEX
8
L4
10
-48.54049401197605
20
-54.785347495913776
0
VERTEX
8
L4
10
-48.54865111915171
20
-54.79079790067576
0
VERTEX
8
L4
10
-48.55602702056504
20
-54.79726639260862
0
VERTEX
8
L4
10
-48.56249551249789
20
-54.80464229402195
0
VERTEX
8
L4
10
-48.567945917259884
20
-54.81279940119761
0
VERTEX
8
L4
10
-48.572284976914396
20
-54.821598143770224
0
VERTEX
8
L4
10
-48.57543844894773
20
-54.83088797281492
0
VERTEX
8
L4
10
-48.577352376579086
20
-54.8405099367811
0
VERTEX
8
L4
10
-48.57799401197605
20
-54.85029940119761
0
VERTEX
8
L4
10
-48.577352376579086
20
-54.86008886561411
0
VERTEX
8
L4
10
-48.57543844894773
20
-54.8697108295803
0
VERTEX
8
L4
10
-48.572284976914396
20
-54.87900065862499
0
VERTEX
8
L4
10
-48.567945917259884
20
-54.887799401197604
0
VERTEX
8
L4
10
-48.56249551249789
20
-54.89595650837326
0
VERTEX
8
L4
10
-48.55602702056504
20
-54.9033324097866
0
VERTEX
8
L4
10
-48.54865111915171
20
-54.90980090171945
0
VERTEX
8
L4
10
-48.54049401197605
20
-54.91525130648144
0
VERTEX
8
L4
10
-48.53169526940343
20
-54.91959036613596
0
VERTEX
8
L4
10
-48.52240544035874
20
-54.92274383816929
0
VERTEX
8
L4
10
-48.512783476392556
20
-54.924657765800646
0
VERTEX
8
L4
10
-48.50299401197605
20
-54.925299401197606
0
VERTEX
8
L4
10
-48.49320454755954
20
-54.924657765800646
0
VERTEX
8
L4
10
-48.48358258359336
20
-54.92274383816929
0
VERTEX
8
L4
10
-48.47429275454867
20
-54.91959036613596
0
VERTEX
8
L4
10
-48.46549401197605
20
-54.91525130648144
0
VERTEX
8
L4
10
-48.45733690480039
20
-54.90980090171945
0
VERTEX
8
L4
10
-48.44996100338706
20
-54.9033324097866
0
VERTEX
8
L4
10
-48.44349251145421
20
-54.89595650837326
0
VERTEX
8
L4
10
-48.438042106692215
20
-54.887799401197604
0
VERTEX
8
L4
10
-48.4337030470377
20
-54.87900065862499
0
VERTEX
8
L4
10
-48.43054957500437
20
-54.8697108295803
0
VERTEX
8
L4
10
-48.428635647373014
20
-54.86008886561411
0
VERTEX
8
L4
10
-48.42799401197605
20
-54.85029940119761
0
VERTEX
8
L4
10
-48.428635647373014
20
-54.8405099367811
0
VERTEX
8
L4
10
-48.43054957500437
20
-54.83088797281492
0
VERTEX
8
L4
10
-48.4337030470377
20
-54.821598143770224
0
VERTEX
8
L4
10
-48.438042106692215
20
-54.81279940119761
0
VERTEX
8
L4
10
-48.44349251145421
20
-54.80464229402195
0
VERTEX
8
L4
10
-48.44996100338706
20
-54.79726639260862
0
VERTEX
8
L4
10
-48.45733690480039
20
-54.79079790067576
0
VERTEX
8
L4
10
-48.46549401197605
20
-54.785347495913776
0
VERTEX
8
L4
10
-48.47429275454867
20
-54.78100843625926
0
VERTEX
8
L4
10
-48.48358258359336
20
-54.77785496422593
0
VERTEX
8
L4
10
-48.49320454755954
20
-54.775941036594574
0
VERTEX
8
L4
10
-48.50299401197605
20
-54.77529940119761
0
SEQEND
0
POLYLINE
8
L4
66
1
70
1
0
VERTEX
8
L4
10
-44.37125748502993
20
-55.61362275449102
0
VERTEX
8
L4
10
-44.38104694944644
20
-55.614264389887985
0
VERTEX
8
L4
10
-44.390668913412625
20
-55.61617831751934
0
VERTEX
8
L4
10
-44.399958742457315
20
-55.619331789552675
0
VERTEX
8
L4
10
-44.40875748502994
20
-55.62367084920719
0
VERTEX
8
L4
10
-44.416914592205586
20
-55.62912125396918
0
VERTEX
8
L4
10
-44.424290493618926
20
-55.63558974590203
0
VERTEX
8
L4
10
-44.430758985551776
20
-55.642965647315364
0
VERTEX
8
L4
10
-44.43620939031376
20
-55.65112275449102
0
VERTEX
8
L4
10
-44.440548449968276
20
-55.65992149706364
0
VERTEX
8
L4
10
-44.44370192200161
20
-55.66921132610833
0
VERTEX
8
L4
10
-44.44561584963297
20
-55.678833290074515
0
VERTEX
8
L4
10
-44.44625748502993
20
-55.68862275449102
0
VERTEX
8
L4
10
-44.44561584963297
20
-55.69841221890753
0
VERTEX
8
L4
10
-44.44370192200161
20
-55.70803418287371
0
VERTEX
8
L4
10
-44.440548449968276
20
-55.7173240119184
0
VERTEX
8
L4
10
-44.43620939031376
20
-55.72612275449102
0
VERTEX
8
L4
10
-44.430758985551776
20
-55.73427986166668
0
VERTEX
8
L4
10
-44.424290493618926
20
-55.74165576308001
0
VERTEX
8
L4
10
-44.416914592205586
20
-55.74812425501286
0
VERTEX
8
L4
10
-44.40875748502994
20
-55.753574659774856
0
VERTEX
8
L4
10
-44.399958742457315
20
-55.75791371942937
0
VERTEX
8
L4
10
-44.390668913412625
20
-55.7610671914627
0
VERTEX
8
L4
10
-44.38104694944644
20
-55.76298111909406
0
VERTEX
8
L4
10
-44.37125748502993
20
-55.763622754491024
0
VERTEX
8
L4
10
-44.36146802061343
20
-55.76298111909406
0
VERTEX
8
L4
10
-44.35184605664725
20
-55.7610671914627
0
VERTEX
8
L4
10
-44.34255622760256
20
-55.75791371942937
0
VERTEX
8
L4
10
-44.333757485029935
20
-55.753574659774856
0
VERTEX
8
L4
10
-44.325600377854286
20
-55.74812425501286
0
VERTEX
8
L4
10
-44.318224476440946
20
-55.74165576308001
0
VERTEX
8
L4
10
-44.311755984508096
20
-55.73427986166668
0
VERTEX
8
L4
10
-44.306305579746095
20
-55.72612275449102
0
VERTEX
8
L4
10
-44.30196652009158
20
-55.7173240119184
0
VERTEX
8
L4
10
-44.29881304805825
20
-55.70803418287371
0
VERTEX
8
L4
10
-44.2968991204269
20
-55.69841221890753
0
VERTEX
8
L4
10
-44.29625748502994
20
-55.68862275449102
0
VERTEX
8
L4
10
-44.2968991204269
20
-55.678833290074515
0
VERTEX
8
L4
10
-44.29881304805825
20
-55.66921132610833
0
VERTEX
8
L4
10
-44.30196652009158
20
-55.65992149706364
0
VERTEX
8
L4
10
-44.306305579746095
20
-55.65112275449102
0
VERTEX
8
L4
10
-44.311755984508096
20
-55.642965647315364
0
VERTEX
8
L4
10
-44.318224476440946
20
-55.63558974590203
0
VERTEX
8
L4
10
-44.325600377854286
20
-55.62912125396918
0
VERTEX
8
L4
10
-44.333757485029935
20
-55.62367084920719
0
VERTEX
8
L4
10
-44.34255622760256
20
-55.619331789552675
0
VERTEX
8
L4
10
-44.35184605664725
20
-55.61617831751934
0
VERTEX
8
L4
10
-44.36146802061343
20
-55.614264389887985
0
VERTEX
8
L4
10
-44.37125748502993
20
-55.61362275449102
0
SEQEND
0
POLYLINE
8
L4
66
1
70
1
0
VERTEX
8
L4
10
-48.50299401197605
20
-53.81721556886228
0
VERTEX
8
L4
10
-48.512783476392556
20
-53.81785720425924
0
VERTEX
8
L4
10
-48.52240544035874
20
-53.8197711318906
0
VERTEX
8
L4
10
-48.53169526940343
20
-53.82292460392393
0
VERTEX
8
L4
10
-48.54049401197605
20
-53.82726366357844
0
VERTEX
8
L4
10
-48.54865111915171
20
-53.83271406834044
0
VERTEX
8
L4
10
-48.55602702056504
20
-53.83918256027329
0
VERTEX
8
L4
10
-48.56249551249789
20
-53.84655846168663
0
VERTEX
8
L4
10
-48.567945917259884
20
-53.854715568862275
0
VERTEX
8
L4
10
-48.572284976914396
20
-53.8635143114349
0
VERTEX
8
L4
10
-48.57543844894773
20
-53.87280414047959
0
VERTEX
8
L4
10
-48.577352376579086
20
-53.88242610444578
0
VERTEX
8
L4
10
-48.57799401197605
20
-53.89221556886228
0
VERTEX
8
L4
10
-48.577352376579086
20
-53.90200503327878
0
VERTEX
8
L4
10
-48.57543844894773
20
-53.911626997244966
0
VERTEX
8
L4
10
-48.572284976914396
20
-53.92091682628966
0
VERTEX
8
L4
10
-48.567945917259884
20
-53.92971556886228
0
VERTEX
8
L4
10
-48.56249551249789
20
-53.937872676037934
0
VERTEX
8
L4
10
-48.55602702056504
20
-53.94524857745127
0
VERTEX
8
L4
10
-48.54865111915171
20
-53.951717069384124
0
VERTEX
8
L4
10
-48.54049401197605
20
-53.95716747414611
0
VERTEX
8
L4
10
-48.53169526940343
20
-53.96150653380062
0
VERTEX
8
L4
10
-48.52240544035874
20
-53.964660005833956
0
VERTEX
8
L4
10
-48.512783476392556
20
-53.96657393346531
0
VERTEX
8
L4
10
-48.50299401197605
20
-53.96721556886228
0
VERTEX
8
L4
10
-48.49320454755954
20
-53.96657393346531
0
VERTEX
8
L4
10
-48.48358258359336
20
-53.964660005833956
0
VERTEX
8
L4
10
-48.47429275454867
20
-53.96150653380062
0
VERTEX
8
L4
10
-48.46549401197605
20
-53.95716747414611
0
VERTEX
8
L4
10
-48.45733690480039
20
-53.951717069384124
0
VERTEX
8
L4
10
-48.44996100338706
20
-53.94524857745127
0
VERTEX
8
L4
10
-48.44349251145421
20
-53.937872676037934
0
VERTEX
8
L4
10
-48.438042106692215
20
-53.92971556886228
0
VERTEX
8
L4
10
-48.4337030470377
20
-53.92091682628966
0
VERTEX
8
L4
10
-48.43054957500437
20
-53.911626997244966
0
VERTEX
8
L4
10
-48.428635647373014
20
-53.90200503327878
0
VERTEX
8
L4
10
-48.42799401197605
20
-53.89221556886228
0
VERTEX
8
L4
10
-48.428635647373014
20
-53.88242610444578
0
VERTEX
8
L4
10
-48.43054957500437
20
-53.87280414047959
0
VERTEX
8
L4
10
-48.4337030470377
20
-53.8635143114349
0
VERTEX
8
L4
10
-48.438042106692215
20
-53.854715568862275
0
VERTEX
8
L4
10
-48.44349251145421
20
-53.84655846168663
0
VERTEX
8
L4
10
-48.44996100338706
20
-53.83918256027329
0
VERTEX
8
L4
10
-48.45733690480039
20
-53.83271406834044
0
VERTEX
8
L4
10
-48.46549401197605
20
-53.82726366357844
0
VERTEX
8
L4
10
-48.47429275454867
20
-53.82292460392393
0
VERTEX
8
L4
10
-48.48358258359336
20
-53.8197711318906
0
VERTEX
8
L4
10
-48.49320454755954
20
-53.81785720425924
0
VERTEX
8
L4
10
-48.50299401197605
20
-53.81721556886228
0
SEQEND
0
POLYLINE
8
L4
66
1
70
1
0
VERTEX
8
L4
10
-48.50299401197605
20
-53.338173652694614
0
VERTEX
8
L4
10
-48.512783476392556
20
-53.338815288091574
0
VERTEX
8
L4
10
-48.52240544035874
20
-53.34072921572293
0
VERTEX
8
L4
10
-48.53169526940343
20
-53.34388268775626
0
VERTEX
8
L4
10
-48.54049401197605
20
-53.348221747410776
0
VERTEX
8
L4
10
-48.54865111915171
20
-53.35367215217277
0
VERTEX
8
L4
10
-48.55602702056504
20
-53.36014064410562
0
VERTEX
8
L4
10
-48.56249551249789
20
-53.36751654551896
0
VERTEX
8
L4
10
-48.567945917259884
20
-53.37567365269461
0
VERTEX
8
L4
10
-48.572284976914396
20
-53.38447239526723
0
VERTEX
8
L4
10
-48.57543844894773
20
-53.39376222431192
0
VERTEX
8
L4
10
-48.577352376579086
20
-53.40338418827811
0
VERTEX
8
L4
10
-48.57799401197605
20
-53.41317365269461
0
VERTEX
8
L4
10
-48.577352376579086
20
-53.42296311711112
0
VERTEX
8
L4
10
-48.57543844894773
20
-53.4325850810773
0
VERTEX
8
L4
10
-48.572284976914396
20
-53.441874910121996
0
VERTEX
8
L4
10
-48.567945917259884
20
-53.45067365269461
0
VERTEX
8
L4
10
-48.56249551249789
20
-53.45883075987027
0
VERTEX
8
L4
10
-48.55602702056504
20
-53.4662066612836
0
VERTEX
8
L4
10
-48.54865111915171
20
-53.47267515321646
0
VERTEX
8
L4
10
-48.54049401197605
20
-53.478125557978444
0
VERTEX
8
L4
10
-48.53169526940343
20
-53.48246461763296
0
VERTEX
8
L4
10
-48.52240544035874
20
-53.48561808966629
0
VERTEX
8
L4
10
-48.512783476392556
20
-53.487532017297646
0
VERTEX
8
L4
10
-48.50299401197605
20
-53.48817365269461
0
VERTEX
8
L4
10
-48.49320454755954
20
-53.487532017297646
0
VERTEX
8
L4
10
-48.48358258359336
20
-53.48561808966629
0
VERTEX
8
L4
10
-48.47429275454867
20
-53.48246461763296
0
VERTEX
8
L4
10
-48.46549401197605
20
-53.478125557978444
0
VERTEX
8
L4
10
-48.45733690480039
20
-53.47267515321646
0
VERTEX
8
L4
10
-48.44996100338706
20
-53.4662066612836
0
VERTEX
8
L4
10
-48.44349251145421
20
-53.45883075987027
0
VERTEX
8
L4
10
-48.438042106692215
20
-53.45067365269461
0
VERTEX
8
L4
10
-48.4337030470377
20
-53.441874910121996
0
VERTEX
8
L4
10
-48.43054957500437
20
-53.4325850810773
0
VERTEX
8
L4
10
-48.428635647373014
20
-53.42296311711112
0
VERTEX
8
L4
10
-48.42799401197605
20
-53.41317365269461
0
VERTEX
8
L4
10
-48.428635647373014
20
-53.40338418827811
0
VERTEX
8
L4
10
-48.43054957500437
20
-53.39376222431192
0
VERTEX
8
L4
10
-48.4337030470377
20
-53.38447239526723
0
VERTEX
8
L4
10
-48.438042106692215
20
-53.37567365269461
0
VERTEX
8
L4
10
-48.44349251145421
20
-53.36751654551896
0
VERTEX
8
L4
10
-48.44996100338706
20
-53.36014064410562
0
VERTEX
8
L4
10
-48.45733690480039
20
-53.35367215217277
0
VERTEX
8
L4
10
-48.46549401197605
20
-53.348221747410776
0
VERTEX
8
L4
10
-48.47429275454867
20
-53.34388268775626
0
VERTEX
8
L4
10
-48.48358258359336
20
-53.34072921572293
0
VERTEX
8
L4
10
-48.49320454755954
20
-53.338815288091574
0
VERTEX
8
L4
10
-48.50299401197605
20
-53.338173652694614
0
SEQEND
0
POLYLINE
8
L4
66
1
70
1
0
VERTEX
8
L4
10
-46.64670658682634
20
-53.577694610778444
0
VERTEX
8
L4
10
-46.656496051242854
20
-53.57833624617541
0
VERTEX
8
L4
10
-46.66611801520904
20
-53.58025017380676
0
VERTEX
8
L4
10
-46.675407844253726
20
-53.5834036458401
0
VERTEX
8
L4
10
-46.68420658682635
20
-53.58774270549461
0
VERTEX
8
L4
10
-46.692363694002
20
-53.5931931102566
0
VERTEX
8
L4
10
-46.69973959541534
20
-53.59966160218946
0
VERTEX
8
L4
10
-46.70620808734819
20
-53.60703750360279
0
VERTEX
8
L4
10
-46.711658492110175
20
-53.615194610778445
0
VERTEX
8
L4
10
-46.71599755176469
20
-53.62399335335106
0
VERTEX
8
L4
10
-46.71915102379802
20
-53.63328318239576
0
VERTEX
8
L4
10
-46.72106495142938
20
-53.64290514636194
0
VERTEX
8
L4
10
-46.72170658682634
20
-53.65269461077845
0
VERTEX
8
L4
10
-46.72106495142938
20
-53.662484075194946
0
VERTEX
8
L4
10
-46.71915102379802
20
-53.672106039161136
0
VERTEX
8
L4
10
-46.71599755176469
20
-53.681395868205826
0
VERTEX
8
L4
10
-46.711658492110175
20
-53.69019461077844
0
VERTEX
8
L4
10
-46.70620808734819
20
-53.6983517179541
0
VERTEX
8
L4
10
-46.69973959541534
20
-53.70572761936744
0
VERTEX
8
L4
10
-46.692363694002
20
-53.71219611130029
0
VERTEX
8
L4
10
-46.68420658682635
20
-53.717646516062274
0
VERTEX
8
L4
10
-46.675407844253726
20
-53.72198557571679
0
VERTEX
8
L4
10
-46.66611801520904
20
-53.725139047750126
0
VERTEX
8
L4
10
-46.656496051242854
20
-53.72705297538148
0
VERTEX
8
L4
10
-46.64670658682634
20
-53.72769461077844
0
VERTEX
8
L4
10
-46.63691712240984
20
-53.72705297538148
0
VERTEX
8
L4
10
-46.62729515844366
20
-53.725139047750126
0
VERTEX
8
L4
10
-46.61800532939897
20
-53.72198557571679
0
VERTEX
8
L4
10
-46.609206586826346
20
-53.717646516062274
0
VERTEX
8
L4
10
-46.6010494796507
20
-53.71219611130029
0
VERTEX
8
L4
10
-46.59367357823736
20
-53.70572761936744
0
VERTEX
8
L4
10
-46.58720508630451
20
-53.6983517179541
0
VERTEX
8
L4
10
-46.581754681542506
20
-53.69019461077844
0
VERTEX
8
L4
10
-46.577415621887994
20
-53.681395868205826
0
VERTEX
8
L4
10
-46.57426214985466
20
-53.672106039161136
0
VERTEX
8
L4
10
-46.57234822222331
20
-53.662484075194946
0
VERTEX
8
L4
10
-46.57170658682635
20
-53.65269461077845
0
VERTEX
8
L4
10
-46.57234822222331
20
-53.64290514636194
0
VERTEX
8
L4
10
-46.57426214985466
20
-53.63328318239576
0
VERTEX
8
L4
10
-46.577415621887994
20
-53.62399335335106
0
VERTEX
8
L4
10
-46.581754681542506
20
-53.615194610778445
0
VERTEX
8
L4
10
-46.58720508630451
20
-53.60703750360279
0
VERTEX
8
L4
10
-46.59367357823736
20
-53.59966160218946
0
VERTEX
8
L4
10
-46.6010494796507
20
-53.5931931102566
0
VERTEX
8
L4
10
-46.609206586826346
20
-53.58774270549461
0
VERTEX
8
L4
10
-46.61800532939897
20
-53.5834036458401
0
VERTEX
8
L4
10
-46.62729515844366
20
-53.58025017380677
0
VERTEX
8
L4
10
-46.63691712240984
20
-53.57833624617541
0
VERTEX
8
L4
10
-46.64670658682634
20
-53.577694610778444
0
SEQEND
0
POLYLINE
8
L4
66
1
70
1
0
VERTEX
8
L4
10
-48.50299401197605
20
-54.29625748502994
0
VERTEX
8
L4
10
-48.512783476392556
20
-54.29689912042691
0
VERTEX
8
L4
10
-48.52240544035874
20
-54.298813048058264
0
VERTEX
8
L4
10
-48.53169526940343
20
-54.3019665200916
0
VERTEX
8
L4
10
-48.54049401197605
20
-54.30630557974611
0
VERTEX
8
L4
10
-48.54865111915171
20
-54.311755984508096
0
VERTEX
8
L4
10
-48.55602702056504
20
-54.31822447644095
0
VERTEX
8
L4
10
-48.56249551249789
20
-54.325600377854286
0
VERTEX
8
L4
10
-48.567945917259884
20
-54.33375748502994
0
VERTEX
8
L4
10
-48.572284976914396
20
-54.34255622760256
0
VERTEX
8
L4
10
-48.57543844894773
20
-54.351846056647254
0
VERTEX
8
L4
10
-48.577352376579086
20
-54.36146802061344
0
VERTEX
8
L4
10
-48.57799401197605
20
-54.37125748502994
0
VERTEX
8
L4
10
-48.577352376579086
20
-54.38104694944644
0
VERTEX
8
L4
10
-48.57543844894773
20
-54.39066891341263
0
VERTEX
8
L4
10
-48.572284976914396
20
-54.39995874245732
0
VERTEX
8
L4
10
-48.567945917259884
20
-54.408757485029945
0
VERTEX
8
L4
10
-48.56249551249789
20
-54.41691459220559
0
VERTEX
8
L4
10
-48.55602702056504
20
-54.42429049361893
0
VERTEX
8
L4
10
-48.54865111915171
20
-54.43075898555178
0
VERTEX
8
L4
10
-48.54049401197605
20
-54.43620939031378
0
VERTEX
8
L4
10
-48.53169526940343
20
-54.44054844996829
0
VERTEX
8
L4
10
-48.52240544035874
20
-54.44370192200162
0
VERTEX
8
L4
10
-48.512783476392556
20
-54.44561584963298
0
VERTEX
8
L4
10
-48.50299401197605
20
-54.44625748502994
0
VERTEX
8
L4
10
-48.49320454755954
20
-54.44561584963298
0
VERTEX
8
L4
10
-48.48358258359336
20
-54.44370192200162
0
VERTEX
8
L4
10
-48.47429275454867
20
-54.44054844996829
0
VERTEX
8
L4
10
-48.46549401197605
20
-54.43620939031378
0
VERTEX
8
L4
10
-48.45733690480039
20
-54.43075898555178
0
VERTEX
8
L4
10
-48.44996100338706
20
-54.42429049361893
0
VERTEX
8
L4
10
-48.44349251145421
20
-54.41691459220559
0
VERTEX
8
L4
10
-48.438042106692215
20
-54.408757485029945
0
VERTEX
8
L4
10
-48.4337030470377
20
-54.39995874245732
0
VERTEX
8
L4
10
-48.43054957500437
20
-54.39066891341263
0
VERTEX
8
L4
10
-48.428635647373014
20
-54.38104694944644
0
VERTEX
8
L4
10
-48.42799401197605
20
-54.37125748502994
0
VERTEX
8
L4
10
-48.428635647373014
20
-54.36146802061344
0
VERTEX
8
L4
10
-48.43054957500437
20
-54.351846056647254
0
VERTEX
8
L4
10
-48.4337030470377
20
-54.34255622760256
0
VERTEX
8
L4
10
-48.438042106692215
20
-54.33375748502994
0
VERTEX
8
L4
10
-48.44349251145421
20
-54.325600377854286
0
VERTEX
8
L4
10
-48.44996100338706
20
-54.31822447644095
0
VERTEX
8
L4
10
-48.45733690480039
20
-54.311755984508096
0
VERTEX
8
L4
10
-48.46549401197605
20
-54.30630557974611
0
VERTEX
8
L4
10
-48.47429275454867
20
-54.3019665200916
0
VERTEX
8
L4
10
-48.48358258359336
20
-54.298813048058264
0
VERTEX
8
L4
10
-48.49320454755954
20
-54.29689912042691
0
VERTEX
8
L4
10
-48.50299401197605
20
-54.29625748502994
0
SEQEND
0
POLYLINE
8
L4
66
1
70
1
0
VERTEX
8
L4
10
-46.64670658682634
20
-53.14056886227545
0
VERTEX
8
L4
10
-46.656496051242854
20
-53.14121049767241
0
VERTEX
8
L4
10
-46.66611801520904
20
-53.14312442530377
0
VERTEX
8
L4
10
-46.675407844253726
20
-53.1462778973371
0
VERTEX
8
L4
10
-46.68420658682635
20
-53.15061695699162
0
VERTEX
8
L4
10
-46.692363694002
20
-53.15606736175361
0
VERTEX
8
L4
10
-46.69973959541534
20
-53.16253585368646
0
VERTEX
8
L4
10
-46.70620808734819
20
-53.1699117550998
0
VERTEX
8
L4
10
-46.711658492110175
20
-53.17806886227545
0
VERTEX
8
L4
10
-46.71599755176469
20
-53.18686760484807
0
VERTEX
8
L4
10
-46.71915102379802
20
-53.196157433892765
0
VERTEX
8
L4
10
-46.72106495142938
20
-53.20577939785895
0
VERTEX
8
L4
10
-46.72170658682634
20
-53.21556886227545
0
VERTEX
8
L4
10
-46.72106495142938
20
-53.22535832669195
0
VERTEX
8
L4
10
-46.71915102379802
20
-53.234980290658136
0
VERTEX
8
L4
10
-46.71599755176469
20
-53.24427011970283
0
VERTEX
8
L4
10
-46.711658492110175
20
-53.25306886227545
0
VERTEX
8
L4
10
-46.70620808734819
20
-53.261225969451104
0
VERTEX
8
L4
10
-46.69973959541534
20
-53.268601870864444
0
VERTEX
8
L4
10
-46.692363694002
20
-53.275070362797294
0
VERTEX
8
L4
10
-46.68420658682635
20
-53.28052076755928
0
VERTEX
8
L4
10
-46.675407844253726
20
-53.28485982721379
0
VERTEX
8
L4
10
-46.66611801520904
20
-53.28801329924713
0
VERTEX
8
L4
10
-46.656496051242854
20
-53.28992722687848
0
VERTEX
8
L4
10
-46.64670658682634
20
-53.29056886227545
0
VERTEX
8
L4
10
-46.63691712240984
20
-53.28992722687848
0
VERTEX
8
L4
10
-46.62729515844366
20
-53.28801329924713
0
VERTEX
8
L4
10
-46.61800532939897
20
-53.28485982721379
0
VERTEX
8
L4
10
-46.609206586826346
20
-53.28052076755928
0
VERTEX
8
L4
10
-46.6010494796507
20
-53.275070362797294
0
VERTEX
8
L4
10
-46.59367357823736
20
-53.268601870864444
0
VERTEX
8
L4
10
-46.58720508630451
20
-53.261225969451104
0
VERTEX
8
L4
10
-46.581754681542506
20
-53.25306886227545
0
VERTEX
8
L4
10
-46.577415621887994
20
-53.24427011970283
0
VERTEX
8
L4
10
-46.57426214985466
20
-53.234980290658136
0
VERTEX
8
L4
10
-46.57234822222331
20
-53.22535832669195
0
VERTEX
8
L4
10
-46.57170658682635
20
-53.21556886227545
0
VERTEX
8
L4
10
-46.57234822222331
20
-53.20577939785895
0
VERTEX
8
L4
10
-46.57426214985466
20
-53.196157433892765
0
VERTEX
8
L4
10
-46.577415621887994
20
-53.18686760484807
0
VERTEX
8
L4
10
-46.581754681542506
20
-53.17806886227545
0
VERTEX
8
L4
10
-46.58720508630451
20
-53.1699117550998
0
VERTEX
8
L4
10
-46.59367357823736
20
-53.16253585368646
0
VERTEX
8
L4
10
-46.6010494796507
20
-53.15606736175361
0
VERTEX
8
L4
10
-46.609206586826346
20
-53.15061695699162
0
VERTEX
8
L4
10
-46.61800532939897
20
-53.1462778973371
0
VERTEX
8
L4
10
-46.62729515844366
20
-53.14312442530377
0
VERTEX
8
L4
10
-46.63691712240984
20
-53.14121049767241
0
VERTEX
8
L4
10
-46.64670658682634
20
-53.14056886227545
0
SEQEND
0
POLYLINE
8
L4
66
1
70
1
0
VERTEX
8
L4
10
-48.50299401197605
20
-55.254341317365274
0
VERTEX
8
L4
10
-48.512783476392556
20
-55.254982952762234
0
VERTEX
8
L4
10
-48.52240544035874
20
-55.25689688039359
0
VERTEX
8
L4
10
-48.53169526940343
20
-55.26005035242692
0
VERTEX
8
L4
10
-48.54049401197605
20
-55.26438941208144
0
VERTEX
8
L4
10
-48.54865111915171
20
-55.26983981684343
0
VERTEX
8
L4
10
-48.55602702056504
20
-55.27630830877628
0
VERTEX
8
L4
10
-48.56249551249789
20
-55.28368421018962
0
VERTEX
8
L4
10
-48.567945917259884
20
-55.291841317365275
0
VERTEX
8
L4
10
-48.572284976914396
20
-55.30064005993789
0
VERTEX
8
L4
10
-48.57543844894773
20
-55.30992988898258
0
VERTEX
8
L4
10
-48.577352376579086
20
-55.31955185294877
0
VERTEX
8
L4
10
-48.57799401197605
20
-55.32934131736527
0
VERTEX
8
L4
10
-48.577352376579086
20
-55.339130781781776
0
VERTEX
8
L4
10
-48.57543844894773
20
-55.34875274574796
0
VERTEX
8
L4
10
-48.572284976914396
20
-55.358042574792655
0
VERTEX
8
L4
10
-48.567945917259884
20
-55.36684131736527
0
VERTEX
8
L4
10
-48.56249551249789
20
-55.37499842454093
0
VERTEX
8
L4
10
-48.55602702056504
20
-55.38237432595427
0
VERTEX
8
L4
10
-48.54865111915171
20
-55.38884281788712
0
VERTEX
8
L4
10
-48.54049401197605
20
-55.394293222649104
0
VERTEX
8
L4
10
-48.53169526940343
20
-55.398632282303616
0
VERTEX
8
L4
10
-48.52240544035874
20
-55.401785754336956
0
VERTEX
8
L4
10
-48.512783476392556
20
-55.403699681968305
0
VERTEX
8
L4
10
-48.50299401197605
20
-55.40434131736527
0
VERTEX
8
L4
10
-48.49320454755954
20
-55.403699681968305
0
VERTEX
8
L4
10
-48.48358258359336
20
-55.401785754336956
0
VERTEX
8
L4
10
-48.47429275454867
20
-55.398632282303616
0
VERTEX
8
L4
10
-48.46549401197605
20
-55.394293222649104
0
VERTEX
8
L4
10
-48.45733690480039
20
-55.38884281788712
0
VERTEX
8
L4
10
-48.44996100338706
20
-55.38237432595427
0
VERTEX
8
L4
10
-48.44349251145421
20
-55.37499842454093
0
VERTEX
8
L4
10
-48.438042106692215
20
-55.36684131736527
0
VERTEX
8
L4
10
-48.4337030470377
20
-55.358042574792655
0
VERTEX
8
L4
10
-48.43054957500437
20
-55.34875274574796
0
VERTEX
8
L4
10
-48.428635647373014
20
-55.339130781781776
0
VERTEX
8
L4
10
-48.42799401197605
20
-55.32934131736527
0
VERTEX
8
L4
10
-48.428635647373014
20
-55.31955185294877
0
VERTEX
8
L4
10
-48.43054957500437
20
-55.30992988898258
0
VERTEX
8
L4
10
-48.4337030470377
20
-55.30064005993789
0
VERTEX
8
L4
10
-48.438042106692215
20
-55.291841317365275
0
VERTEX
8
L4
10
-48.44349251145421
20
-55.28368421018962
0
VERTEX
8
L4
10
-48.44996100338706
20
-55.27630830877628
0
VERTEX
8
L4
10
-48.45733690480039
20
-55.26983981684343
0
VERTEX
8
L4
10
-48.46549401197605
20
-55.26438941208144
0
VERTEX
8
L4
10
-48.47429275454867
20
-55.26005035242692
0
VERTEX
8
L4
10
-48.48358258359336
20
-55.25689688039359
0
VERTEX
8
L4
10
-48.49320454755954
20
-55.254982952762234
0
VERTEX
8
L4
10
-48.50299401197605
20
-55.254341317365274
0
SEQEND
0
POLYLINE
8
L4
66
1
70
1
0
VERTEX
8
L4
10
-47.24550898203593
20
-55.61362275449102
0
VERTEX
8
L4
10
-47.25529844645243
20
-55.614264389887985
0
VERTEX
8
L4
10
-47.26492041041862
20
-55.61617831751934
0
VERTEX
8
L4
10
-47.27421023946331
20
-55.619331789552675
0
VERTEX
8
L4
10
-47.28300898203593
20
-55.62367084920719
0
VERTEX
8
L4
10
-47.29116608921158
20
-55.62912125396918
0
VERTEX
8
L4
10
-47.29854199062492
20
-55.63558974590203
0
VERTEX
8
L4
10
-47.30501048255777
20
-55.642965647315364
0
VERTEX
8
L4
10
-47.31046088731976
20
-55.65112275449102
0
VERTEX
8
L4
10
-47.314799946974276
20
-55.65992149706364
0
VERTEX
8
L4
10
-47.31795341900761
20
-55.66921132610833
0
VERTEX
8
L4
10
-47.319867346638965
20
-55.678833290074515
0
VERTEX
8
L4
10
-47.320508982035925
20
-55.68862275449102
0
VERTEX
8
L4
10
-47.319867346638965
20
-55.69841221890753
0
VERTEX
8
L4
10
-47.31795341900761
20
-55.70803418287371
0
VERTEX
8
L4
10
-47.314799946974276
20
-55.7173240119184
0
VERTEX
8
L4
10
-47.31046088731976
20
-55.72612275449102
0
VERTEX
8
L4
10
-47.30501048255777
20
-55.73427986166668
0
VERTEX
8
L4
10
-47.29854199062492
20
-55.74165576308001
0
VERTEX
8
L4
10
-47.29116608921158
20
-55.74812425501286
0
VERTEX
8
L4
10
-47.28300898203593
20
-55.753574659774856
0
VERTEX
8
L4
10
-47.27421023946331
20
-55.75791371942937
0
VERTEX
8
L4
10
-47.26492041041862
20
-55.7610671914627
0
VERTEX
8
L4
10
-47.25529844645243
20
-55.76298111909406
0
VERTEX
8
L4
10
-47.24550898203593
20
-55.763622754491024
0
VERTEX
8
L4
10
-47.23571951761942
20
-55.76298111909406
0
VERTEX
8
L4
10
-47.22609755365324
20
-55.7610671914627
0
VERTEX
8
L4
10
-47.21680772460854
20
-55.75791371942937
0
VERTEX
8
L4
10
-47.20800898203593
20
-55.753574659774856
0
VERTEX
8
L4
10
-47.19985187486027
20
-55.74812425501286
0
VERTEX
8
L4
10
-47.19247597344693
20
-55.74165576308001
0
VERTEX
8
L4
10
-47.18600748151408
20
-55.73427986166668
0
VERTEX
8
L4
10
-47.180557076752095
20
-55.72612275449102
0
VERTEX
8
L4
10
-47.17621801709758
20
-55.7173240119184
0
VERTEX
8
L4
10
-47.17306454506425
20
-55.70803418287371
0
VERTEX
8
L4
10
-47.171150617432886
20
-55.69841221890753
0
VERTEX
8
L4
10
-47.170508982035926
20
-55.68862275449102
0
VERTEX
8
L4
10
-47.171150617432886
20
-55.678833290074515
0
VERTEX
8
L4
10
-47.17306454506425
20
-55.66921132610833
0
VERTEX
8
L4
10
-47.17621801709758
20
-55.65992149706364
0
VERTEX
8
L4
10
-47.180557076752095
20
-55.65112275449102
0
VERTEX
8
L4
10
-47.18600748151408
20
-55.642965647315364
0
VERTEX
8
L4
10
-47.19247597344693
20
-55.63558974590203
0
VERTEX
8
L4
10
-47.19985187486027
20
-55.62912125396918
0
VERTEX
8
L4
10
-47.20800898203593
20
-55.62367084920719
0
VERTEX
8
L4
10
-47.21680772460854
20
-55.619331789552675
0
VERTEX
8
L4
10
-47.22609755365324
20
-55.61617831751934
0
VERTEX
8
L4
10
-47.23571951761942
20
-55.614264389887985
0
VERTEX
8
L4
10
-47.24550898203593
20
-55.61362275449102
0
SEQEND
0
POLYLINE
8
L4
66
1
70
1
0
VERTEX
8
L4
10
-48.50299401197605
20
-56.2124251497006
0
VERTEX
8
L4
10
-48.512783476392556
20
-56.21306678509757
0
VERTEX
8
L4
10
-48.52240544035874
20
-56.214980712728924
0
VERTEX
8
L4
10
-48.53169526940343
20
-56.218134184762256
0
VERTEX
8
L4
10
-48.54049401197605
20
-56.22247324441677
0
VERTEX
8
L4
10
-48.54865111915171
20
-56.22792364917876
0
VERTEX
8
L4
10
-48.55602702056504
20
-56.23439214111161
0
VERTEX
8
L4
10
-48.56249551249789
20
-56.241768042524946
0
VERTEX
8
L4
10
-48.567945917259884
20
-56.2499251497006
0
VERTEX
8
L4
10
-48.572284976914396
20
-56.258723892273224
0
VERTEX
8
L4
10
-48.57543844894773
20
-56.268013721317914
0
VERTEX
8
L4
10
-48.577352376579086
20
-56.277635685284096
0
VERTEX
8
L4
10
-48.57799401197605
20
-56.2874251497006
0
VERTEX
8
L4
10
-48.577352376579086
20
-56.29721461411711
0
VERTEX
8
L4
10
-48.57543844894773
20
-56.30683657808329
0
VERTEX
8
L4
10
-48.572284976914396
20
-56.31612640712798
0
VERTEX
8
L4
10
-48.567945917259884
20
-56.324925149700604
0
VERTEX
8
L4
10
-48.56249551249789
20
-56.33308225687626
0
VERTEX
8
L4
10
-48.55602702056504
20
-56.34045815828959
0
VERTEX
8
L4
10
-48.54865111915171
20
-56.34692665022244
0
VERTEX
8
L4
10
-48.54049401197605
20
-56.35237705498444
0
VERTEX
8
L4
10
-48.53169526940343
20
-56.35671611463895
0
VERTEX
8
L4
10
-48.52240544035874
20
-56.35986958667228
0
VERTEX
8
L4
10
-48.512783476392556
20
-56.36178351430364
0
VERTEX
8
L4
10
-48.50299401197605
20
-56.362425149700606
0
VERTEX
8
L4
10
-48.49320454755954
20
-56.36178351430364
0
VERTEX
8
L4
10
-48.48358258359336
20
-56.35986958667228
0
VERTEX
8
L4
10
-48.47429275454867
20
-56.35671611463895
0
VERTEX
8
L4
10
-48.46549401197605
20
-56.35237705498444
0
VERTEX
8
L4
10
-48.45733690480039
20
-56.34692665022244
0
VERTEX
8
L4
10
-48.44996100338706
20
-56.34045815828959
0
VERTEX
8
L4
10
-48.44349251145421
20
-56.33308225687626
0
VERTEX
8
L4
10
-48.438042106692215
20
-56.324925149700604
0
VERTEX
8
L4
10
-48.4337030470377
20
-56.31612640712798
0
VERTEX
8
L4
10
-48.43054957500437
20
-56.30683657808329
0
VERTEX
8
L4
10
-48.428635647373014
20
-56.29721461411711
0
VERTEX
8
L4
10
-48.42799401197605
20
-56.2874251497006
0
VERTEX
8
L4
10
-48.428635647373014
20
-56.277635685284096
0
VERTEX
8
L4
10
-48.43054957500437
20
-56.268013721317914
0
VERTEX
8
L4
10
-48.4337030470377
20
-56.258723892273224
0
VERTEX
8
L4
10
-48.438042106692215
20
-56.2499251497006
0
VERTEX
8
L4
10
-48.44349251145421
20
-56.241768042524946
0
VERTEX
8
L4
10
-48.44996100338706
20
-56.23439214111161
0
VERTEX
8
L4
10
-48.45733690480039
20
-56.22792364917876
0
VERTEX
8
L4
10
-48.46549401197605
20
-56.22247324441677
0
VERTEX
8
L4
10
-48.47429275454867
20
-56.218134184762256
0
VERTEX
8
L4
10
-48.48358258359336
20
-56.214980712728924
0
VERTEX
8
L4
10
-48.49320454755954
20
-56.21306678509757
0
VERTEX
8
L4
10
-48.50299401197605
20
-56.2124251497006
0
SEQEND
0
POLYLINE
8
L4
66
1
70
1
0
VERTEX
8
L4
10
-42.21843850720481
20
-55.39367001410194
0
VERTEX
8
L4
10
-42.189896501253784
20
-55.40265331500438
0
VERTEX
8
L4
10
-42.15997529740994
20
-55.4023937782106
0
VERTEX
8
L4
10
-42.131593416790125
20
-55.39291671899927
0
VERTEX
8
L4
10
-42.10751923456927
20
-55.37514653190939
0
VERTEX
8
L4
10
-42.09010095202794
20
-55.350816525084014
0
VERTEX
8
L4
10
-42.08103755245844
20
-55.32229985299459
0
VERTEX
8
L4
10
-42.08121308194302
20
-55.29237803840703
0
VERTEX
8
L4
10
-42.09061041929529
20
-55.26396966201027
0
VERTEX
8
L4
10
-42.10831294606476
20
-55.23984568338342
0
VERTEX
8
L4
10
-42.132593953711606
20
-55.22235916095997
0
VERTEX
8
L4
10
-42.161085067155554
20
-55.21321573416604
0
VERTEX
8
L4
10
-42.19100725662686
20
-55.21330725495778
0
VERTEX
8
L4
10
-42.21944190487035
20
-55.22262479637608
0
VERTEX
8
L4
10
-42.24361548974491
20
-55.240259523284216
0
VERTEX
8
L4
10
-42.261170114212234
20
-55.26449134035648
0
VERTEX
8
L4
10
-42.270393496157155
20
-55.29295667057256
0
VERTEX
8
L4
10
-42.27038598477965
20
-55.3228789990647
0
VERTEX
8
L4
10
-42.26114831274124
20
-55.351339695017586
0
VERTEX
8
L4
10
-42.302302066742854
20
-55.40801067350787
0
VERTEX
8
L4
10
-42.3355767281905
20
-55.469638817865906
0
VERTEX
8
L4
10
-42.360384481992924
20
-55.535135433219295
0
VERTEX
8
L4
10
-42.37628708561269
20
-55.60334348603995
0
VERTEX
8
L4
10
-42.38300361086024
20
-55.673058043774105
0
VERTEX
8
L4
10
-42.380415406644076
20
-55.7430475606349
0
VERTEX
8
L4
10
-42.36856819500706
20
-55.81207563353208
0
VERTEX
8
L4
10
-42.347671263421574
20
-55.87892284380882
0
VERTEX
8
L4
10
-42.31809376761193
20
-55.94240829893913
0
VERTEX
8
L4
10
-42.28035821021652
20
-56.00141049364008
0
VERTEX
8
L4
10
-42.23513121049302
20
-56.05488712187599
0
VERTEX
8
L4
10
-42.18321172812466
20
-56.10189348976453
0
VERTEX
8
L4
10
-42.125516949160456
20
-56.14159920411076
0
VERTEX
8
L4
10
-42.06306608342216
20
-56.17330284175705
0
VERTEX
8
L4
10
-41.99696235960526
20
-56.196444340606746
0
VERTEX
8
L4
10
-41.92837353614087
20
-56.210614893427355
0
VERTEX
8
L4
10
-41.85851127210438
20
-56.21556416965392
0
VERTEX
8
L4
10
-41.78860972259528
20
-56.21120473761531
0
VERTEX
8
L4
10
-41.71990373671245
20
-56.19761360906251
0
VERTEX
8
L4
10
-41.65360704326946
20
-56.17503087871392
0
VERTEX
8
L4
10
-41.59089080961138
20
-56.14385548285088
0
VERTEX
8
L4
10
-41.53286295230316
20
-56.104638151890086
0
VERTEX
8
L4
10
-41.48054856517763
20
-56.05807168142957
0
VERTEX
8
L4
10
-41.43487181049228
20
-56.004978693635636
0
VERTEX
8
L4
10
-41.39663959309773
20
-55.94629710517241
0
VERTEX
8
L4
10
-41.36652730602212
20
-55.88306355839108
0
VERTEX
8
L4
10
-41.34506689928405
20
-55.81639510847578
0
VERTEX
8
L4
10
-41.3326374827045
20
-55.747469490053
0
VERTEX
8
L4
10
-41.32945862872458
20
-55.677504311865235
0
VERTEX
8
L4
10
-41.33558649353826
20
-55.60773554704675
0
VERTEX
8
L4
10
-41.350912825062466
20
-55.53939569898223
0
VERTEX
8
L4
10
-41.375166875269386
20
-55.473692028460476
0
VERTEX
8
L4
10
-41.40792018309838
20
-55.41178522675235
0
VERTEX
8
L4
10
-41.448594143455026
20
-55.354768911364744
0
VERTEX
8
L4
10
-41.496470228586375
20
-55.30365030668928
0
VERTEX
8
L4
10
-41.5507026812668
20
-55.25933245083255
0
VERTEX
8
L4
10
-41.6103334555618
20
-55.22259824295422
0
VERTEX
8
L4
10
-41.67430914123344
20
-55.19409661292512
0
VERTEX
8
L4
10
-41.680539430552784
20
-55.164830091201324
0
VERTEX
8
L4
10
-41.69549408975513
20
-55.138912838898
0
VERTEX
8
L4
10
-41.717714437936266
20
-55.11887283077622
0
VERTEX
8
L4
10
-41.745033097215
20
-55.106664773845445
0
VERTEX
8
L4
10
-41.77478539927098
20
-55.10347944479149
0
VERTEX
8
L4
10
-41.80406929770666
20
-55.10962754134416
0
VERTEX
8
L4
10
-41.830028434321534
20
-55.124509376749195
0
VERTEX
8
L4
10
-41.85013074894914
20
-55.14667337335236
0
VERTEX
8
L4
10
-41.86241545718907
20
-55.17395764981834
0
VERTEX
8
L4
10
-41.86568430576918
20
-55.203700891534275
0
VERTEX
8
L4
10
-41.859618450445794
20
-55.233001935850275
0
VERTEX
8
L4
10
-41.84480955614477
20
-55.25900275215272
0
VERTEX
8
L4
10
-41.82270208582821
20
-55.2791672148288
0
VERTEX
8
L4
10
-41.79545240724444
20
-55.29152847754316
0
VERTEX
8
L4
10
-41.76571846032091
20
-55.29488081988257
0
VERTEX
8
L4
10
-41.73640050109131
20
-55.28889725360285
0
VERTEX
8
L4
10
-41.710358210053826
20
-55.274161417137556
0
VERTEX
8
L4
10
-41.69013175827649
20
-55.25211064737069
0
VERTEX
8
L4
10
-41.63093417065927
20
-55.279518322851274
0
VERTEX
8
L4
10
-41.57613262413764
20
-55.31490653492515
0
VERTEX
8
L4
10
-41.52679615075712
20
-55.35758495393666
0
VERTEX
8
L4
10
-41.483887173558756
20
-55.40672103773195
0
VERTEX
8
L4
10
-41.44824273227182
20
-55.46135627233647
0
VERTEX
8
L4
10
-41.420558154900704
20
-55.52042487000673
0
VERTEX
8
L4
10
-41.40137349372962
20
-55.58277455990731
0
VERTEX
8
L4
10
-41.391062990342505
20
-55.647189065842326
0
VERTEX
8
L4
10
-41.38982777516773
20
-55.71241183256086
0
VERTEX
8
L4
10
-41.397691943959686
20
-55.7771705377993
0
VERTEX
8
L4
10
-41.41450208775487
20
-55.84020191189612
0
VERTEX
8
L4
10
-41.4399302854717
20
-55.900276380814475
0
VERTEX
8
L4
10
-41.47348050077649
20
-55.956222051853004
0
VERTEX
8
L4
10
-41.51449825842951
20
-56.00694757414765
0
VERTEX
8
L4
10
-41.56218341135194
20
-56.05146342801696
0
VERTEX
8
L4
10
-41.61560574936166
20
-56.08890122785247
0
VERTEX
8
L4
10
-41.67372314509359
20
-56.11853066200646
0
VERTEX
8
L4
10
-41.735401883125775
20
-56.139773739224836
0
VERTEX
8
L4
10
-41.79943877574419
20
-56.15221606371526
0
VERTEX
8
L4
10
-41.86458463392684
20
-56.15561491890411
0
VERTEX
8
L4
10
-41.92956863569057
20
-56.14990400218962
0
VERTEX
8
L4
10
-41.99312311643938
20
-56.13519471832886
0
VERTEX
8
L4
10
-42.054008297720515
20
-56.111774006227975
0
VERTEX
8
L4
10
-42.111036471996144
20
-56.08009874152923
0
VERTEX
8
L4
10
-42.16309517165055
20
-56.0407868241855
0
VERTEX
8
L4
10
-42.209168870266865
20
-55.994605124879804
0
VERTEX
8
L4
10
-42.24835879283957
20
-55.942454525423095
0
VERTEX
8
L4
10
-42.279900448478344
20
-55.88535234495235
0
VERTEX
8
L4
10
-42.30317854358681
20
-55.82441249474685
0
VERTEX
8
L4
10
-42.31773898459993
20
-55.76082374878932
0
VERTEX
8
L4
10
-42.32329773613864
20
-55.6958265539554
0
VERTEX
8
L4
10
-42.31974636178272
20
-55.6306888322027
0
VERTEX
8
L4
10
-42.307154139376166
20
-55.56668124679431
0
VERTEX
8
L4
10
-42.28576670960126
20
-55.50505241504673
0
VERTEX
8
L4
10
-42.256001284183796
20
-55.44700455113542
0
VERTEX
8
L4
10
-42.21843850720481
20
-55.39367001410194
0
SEQEND
0
POLYLINE
8
L4
66
1
70
1
0
VERTEX
8
L4
10
-41.82807095411815
20
-53.43685531636834
0
VERTEX
8
L4
10
-41.797998065186746
20
-53.43906518431069
0
VERTEX
8
L4
10
-41.7687277802971
20
-53.43181862737088
0
VERTEX
8
L4
10
-41.74315950553829
20
-53.41583346265917
0
VERTEX
8
L4
10
-41.723825939577296
20
-53.392693121429296
0
VERTEX
8
L4
10
-41.712642193902866
20
-53.36468980023889
0
VERTEX
8
L4
10
-41.71071608896942
20
-53.33459740444214
0
VERTEX
8
L4
10
-41.71823841760296
20
-53.30539677539186
0
VERTEX
8
L4
10
-41.7344640457699
20
-53.27998041932749
0
VERTEX
8
L4
10
-41.7577857227966
20
-53.260865986412405
0
VERTEX
8
L4
10
-41.78589328967254
20
-53.24994688162686
0
VERTEX
8
L4
10
-41.816002514851746
20
-53.248304711078276
0
VERTEX
8
L4
10
-41.84513088992507
20
-53.256102142103366
0
VERTEX
8
L4
10
-41.87039306586462
20
-53.272566790043804
0
VERTEX
8
L4
10
-41.88928666501951
20
-53.29606772781184
0
VERTEX
8
L4
10
-41.89994015738448
20
-53.32427703949136
0
VERTEX
8
L4
10
-41.90129824743542
20
-53.35440041507274
0
VERTEX
8
L4
10
-41.89322640779831
20
-53.383453944460335
0
VERTEX
8
L4
10
-41.92658118489649
20
-53.44068916821266
0
VERTEX
8
L4
10
-41.951721113477504
20
-53.5019786125256
0
VERTEX
8
L4
10
-41.96816543788664
20
-53.56615022765234
0
VERTEX
8
L4
10
-41.97559969016818
20
-53.631976847543235
0
VERTEX
8
L4
10
-41.97388170369618
20
-53.698199657176545
0
VERTEX
8
L4
10
-41.96304433185398
20
-53.76355226511839
0
VERTEX
8
L4
10
-41.94329481977272
20
-53.82678492096804
0
VERTEX
8
L4
10
-41.9150108411431
20
-53.88668841457339
0
VERTEX
8
L4
10
-41.87873327588929
20
-53.94211719998766
0
VERTEX
8
L4
10
-41.83515586681881
20
-53.99201130196327
0
VERTEX
8
L4
10
-41.78511195304644
20
-54.03541658606083
0
VERTEX
8
L4
10
-41.72955853389112
20
-54.071503004744336
0
VERTEX
8
L4
10
-41.66955796799529
20
-54.099580470538584
0
VERTEX
8
L4
10
-41.60625765763767
20
-54.11911205270381
0
VERTEX
8
L4
10
-41.54086810674043
20
-54.129724245064715
0
VERTEX
8
L4
10
-41.474639772171514
20
-54.13121410864037
0
VERTEX
8
L4
10
-41.408839151019166
20
-54.123553152485144
0
VERTEX
8
L4
10
-41.34472456112631
20
-54.10688787852644
0
VERTEX
8
L4
10
-41.28352207803816
20
-54.08153697998042
0
VERTEX
8
L4
10
-41.226402088525404
20
-54.04798524692072
0
VERTEX
8
L4
10
-41.174456909054555
20
-54.00687429554534
0
VERTEX
8
L4
10
-41.12867989721157
20
-53.95899029842757
0
VERTEX
8
L4
10
-41.08994645553503
20
-53.905248950387744
0
VERTEX
8
L4
10
-41.05899729102629
20
-53.84667795748633
0
VERTEX
8
L4
10
-41.03642425046796
20
-53.784397384004706
0
VERTEX
8
L4
10
-41.02265900242497
20
-53.719598233242046
0
VERTEX
8
L4
10
-41.01796478236413
20
-53.653519671731765
0
VERTEX
8
L4
10
-41.02243135875203
20
-53.58742533242334
0
VERTEX
8
L4
10
-41.035973316395484
20
-53.52257914998805
0
VERTEX
8
L4
10
-41.05833168985265
20
-53.460221190355
0
VERTEX
8
L4
10
-41.089078915678584
20
-53.4015439366935
0
VERTEX
8
L4
10
-41.127627008802634
20
-53.34766948532973
0
VERTEX
8
L4
10
-41.17323880667922
20
-53.299628087684454
0
VERTEX
8
L4
10
-41.22504206618801
20
-53.258338448578336
0
VERTEX
8
L4
10
-41.28204614370554
20
-53.22459015766426
0
VERTEX
8
L4
10
-41.34316093937257
20
-53.19902858995361
0
VERTEX
8
L4
10
-41.40721774328165
20
-53.1821425641867
0
VERTEX
8
L4
10
-41.42205403838497
20
-53.15589096399528
0
VERTEX
8
L4
10
-41.44431479621527
20
-53.13555083553395
0
VERTEX
8
L4
10
-41.47179494849105
20
-53.12313699664733
0
VERTEX
8
L4
10
-41.50177241303453
20
-53.11987911627076
0
VERTEX
8
L4
10
-41.53127773315744
20
-53.1260999079766
0
VERTEX
8
L4
10
-41.5573882210504
20
-53.14118316316222
0
VERTEX
8
L4
10
-41.577517468420126
20
-53.16363479039348
0
VERTEX
8
L4
10
-41.58967154652241
20
-53.19123081457246
0
VERTEX
8
L4
10
-41.592646517363846
20
-53.22123767567947
0
VERTEX
8
L4
10
-41.58614769134353
20
-53.25068300511149
0
VERTEX
8
L4
10
-41.57081881811425
20
-53.27665005751495
0
VERTEX
8
L4
10
-41.5481783191245
20
-53.296566632785265
0
VERTEX
8
L4
10
-41.520468878409574
20
-53.30845986868929
0
VERTEX
8
L4
10
-41.490435290611416
20
-53.31115166529638
0
VERTEX
8
L4
10
-41.461052571780186
20
-53.304375383197204
0
VERTEX
8
L4
10
-41.43523126529506
20
-53.28880225581687
0
VERTEX
8
L4
10
-41.415529134209365
20
-53.26597489951604
0
VERTEX
8
L4
10
-41.35716821208699
20
-53.283051527240545
0
VERTEX
8
L4
10
-41.30211776638869
20
-53.308878971439206
0
VERTEX
8
L4
10
-41.25168104440513
20
-53.34284580115539
0
VERTEX
8
L4
10
-41.207052069553185
20
-53.38414789612744
0
VERTEX
8
L4
10
-41.169287374433495
20
-53.43180748328399
0
VERTEX
8
L4
10
-41.13928098880319
20
-53.48469628424242
0
VERTEX
8
L4
10
-41.11774327459082
20
-53.54156222582367
0
VERTEX
8
L4
10
-41.10518410900697
20
-53.6010590812469
0
VERTEX
8
L4
10
-41.101900813868255
20
-53.66177834028757
0
VERTEX
8
L4
10
-41.1079711168922
20
-53.722282553914496
0
VERTEX
8
L4
10
-41.12325131159528
20
-53.78113936401538
0
VERTEX
8
L4
10
-41.147379659355835
20
-53.83695541260144
0
VERTEX
8
L4
10
-41.17978495310284
20
-53.88840932773515
0
VERTEX
8
L4
10
-41.219700039896054
20
-53.93428300528235
0
VERTEX
8
L4
10
-41.266179982268426
20
-53.97349044593431
0
VERTEX
8
L4
10
-41.31812442838451
20
-54.00510346482068
0
VERTEX
8
L4
10
-41.3743036614308
20
-54.02837366507217
0
VERTEX
8
L4
10
-41.43338771155278
20
-54.042750155137504
0
VERTEX
8
L4
10
-41.49397784115142
20
-54.0478925904202
0
VERTEX
8
L4
10
-41.55463965816615
20
-54.04367923049173
0
VERTEX
8
L4
10
-41.613937073430634
20
-54.03020982113694
0
VERTEX
8
L4
10
-41.670466298205184
20
-54.00780323300302
0
VERTEX
8
L4
10
-41.72288907703893
20
-53.976989912754064
0
VERTEX
8
L4
10
-41.76996436921698
20
-53.9384993254402
0
VERTEX
8
L4
10
-41.81057772877604
20
-53.893242685366694
0
VERTEX
8
L4
10
-41.8437676875547
20
-53.842291384287265
0
VERTEX
8
L4
10
-41.86874851669454
20
-53.786851627605785
0
VERTEX
8
L4
10
-41.88492882774297
20
-53.72823587904116
0
VERTEX
8
L4
10
-41.891925573001345
20
-53.66783178976564
0
VERTEX
8
L4
10
-41.88957311367808
20
-53.60706934757848
0
VERTEX
8
L4
10
-41.8779271411704
20
-53.54738702381536
0
VERTEX
8
L4
10
-41.85726335864338
20
-53.49019771942116
0
VERTEX
8
L4
10
-41.82807095411815
20
-53.43685531636834
0
SEQEND
0
POLYLINE
8
L4
66
1
70
1
0
VERTEX
8
L4
10
-34.03357266219781
20
-53.26597489951604
0
VERTEX
8
L4
10
-34.01387053111212
20
-53.28880225581687
0
VERTEX
8
L4
10
-33.98804922462699
20
-53.304375383197204
0
VERTEX
8
L4
10
-33.95866650579576
20
-53.31115166529637
0
VERTEX
8
L4
10
-33.928632917997604
20
-53.30845986868929
0
VERTEX
8
L4
10
-33.900923477282674
20
-53.296566632785265
0
VERTEX
8
L4
10
-33.87828297829293
20
-53.27665005751495
0
VERTEX
8
L4
10
-33.86295410506365
20
-53.25068300511149
0
VERTEX
8
L4
10
-33.85645527904333
20
-53.22123767567947
0
VERTEX
8
L4
10
-33.85943024988477
20
-53.19123081457246
0
VERTEX
8
L4
10
-33.871584327987065
20
-53.16363479039348
0
VERTEX
8
L4
10
-33.891713575356775
20
-53.14118316316222
0
VERTEX
8
L4
10
-33.91782406324974
20
-53.1260999079766
0
VERTEX
8
L4
10
-33.94732938337265
20
-53.11987911627076
0
VERTEX
8
L4
10
-33.977306847916125
20
-53.12313699664733
0
VERTEX
8
L4
10
-34.00478700019191
20
-53.13555083553395
0
VERTEX
8
L4
10
-34.027047758022206
20
-53.15589096399528
0
VERTEX
8
L4
10
-34.04188405312553
20
-53.1821425641867
0
VERTEX
8
L4
10
-34.10594085703461
20
-53.19902858995361
0
VERTEX
8
L4
10
-34.167055652701634
20
-53.22459015766426
0
VERTEX
8
L4
10
-34.22405973021917
20
-53.258338448578336
0
VERTEX
8
L4
10
-34.275862989727955
20
-53.299628087684454
0
VERTEX
8
L4
10
-34.321474787604544
20
-53.34766948532973
0
VERTEX
8
L4
10
-34.36002288072859
20
-53.4015439366935
0
VERTEX
8
L4
10
-34.39077010655453
20
-53.460221190355
0
VERTEX
8
L4
10
-34.41312848001169
20
-53.52257914998805
0
VERTEX
8
L4
10
-34.42667043765515
20
-53.58742533242334
0
VERTEX
8
L4
10
-34.431137014043045
20
-53.653519671731765
0
VERTEX
8
L4
10
-34.426442793982204
20
-53.719598233242046
0
VERTEX
8
L4
10
-34.41267754593922
20
-53.784397384004706
0
VERTEX
8
L4
10
-34.39010450538089
20
-53.84667795748633
0
VERTEX
8
L4
10
-34.359155340872135
20
-53.905248950387744
0
VERTEX
8
L4
10
-34.32042189919561
20
-53.95899029842757
0
VERTEX
8
L4
10
-34.27464488735262
20
-54.00687429554534
0
VERTEX
8
L4
10
-34.22269970788177
20
-54.04798524692072
0
VERTEX
8
L4
10
-34.16557971836902
20
-54.08153697998042
0
VERTEX
8
L4
10
-34.104377235280865
20
-54.10688787852644
0
VERTEX
8
L4
10
-34.04026264538801
20
-54.123553152485144
0
VERTEX
8
L4
10
-33.97446202423566
20
-54.13121410864037
0
VERTEX
8
L4
10
-33.908233689666744
20
-54.129724245064715
0
VERTEX
8
L4
10
-33.84284413876951
20
-54.11911205270381
0
VERTEX
8
L4
10
-33.77954382841189
20
-54.099580470538584
0
VERTEX
8
L4
10
-33.719543262516055
20
-54.071503004744336
0
VERTEX
8
L4
10
-33.66398984336074
20
-54.03541658606083
0
VERTEX
8
L4
10
-33.61394592958837
20
-53.99201130196327
0
VERTEX
8
L4
10
-33.57036852051789
20
-53.94211719998766
0
VERTEX
8
L4
10
-33.53409095526408
20
-53.88668841457339
0
VERTEX
8
L4
10
-33.50580697663446
20
-53.82678492096804
0
VERTEX
8
L4
10
-33.4860574645532
20
-53.76355226511839
0
VERTEX
8
L4
10
-33.475220092711
20
-53.698199657176545
0
VERTEX
8
L4
10
-33.473502106238996
20
-53.631976847543235
0
VERTEX
8
L4
10
-33.48093635852054
20
-53.56615022765234
0
VERTEX
8
L4
10
-33.49738068292967
20
-53.5019786125256
0
VERTEX
8
L4
10
-33.522520611510686
20
-53.44068916821266
0
VERTEX
8
L4
10
-33.55587538860887
20
-53.383453944460335
0
VERTEX
8
L4
10
-33.54780354897176
20
-53.35440041507274
0
VERTEX
8
L4
10
-33.5491616390227
20
-53.32427703949137
0
VERTEX
8
L4
10
-33.559815131387666
20
-53.296067727811845
0
VERTEX
8
L4
10
-33.57870873054256
20
-53.272566790043804
0
VERTEX
8
L4
10
-33.603970906482104
20
-53.256102142103366
0
VERTEX
8
L4
10
-33.63309928155543
20
-53.24830471107828
0
VERTEX
8
L4
10
-33.663208506734634
20
-53.24994688162687
0
VERTEX
8
L4
10
-33.69131607361058
20
-53.260865986412405
0
VERTEX
8
L4
10
-33.71463775063728
20
-53.27998041932749
0
VERTEX
8
L4
10
-33.730863378804216
20
-53.30539677539186
0
VERTEX
8
L4
10
-33.73838570743776
20
-53.33459740444214
0
VERTEX
8
L4
10
-33.73645960250431
20
-53.36468980023889
0
VERTEX
8
L4
10
-33.72527585682988
20
-53.392693121429296
0
VERTEX
8
L4
10
-33.70594229086889
20
-53.41583346265917
0
VERTEX
8
L4
10
-33.68037401611008
20
-53.43181862737088
0
VERTEX
8
L4
10
-33.65110373122043
20
-53.43906518431069
0
VERTEX
8
L4
10
-33.62103084228903
20
-53.43685531636834
0
VERTEX
8
L4
10
-33.5918384377638
20
-53.49019771942116
0
VERTEX
8
L4
10
-33.571174655236774
20
-53.54738702381536
0
VERTEX
8
L4
10
-33.559528682729095
20
-53.60706934757848
0
VERTEX
8
L4
10
-33.55717622340583
20
-53.66783178976564
0
VERTEX
8
L4
10
-33.56417296866421
20
-53.72823587904116
0
VERTEX
8
L4
10
-33.580353279712654
20
-53.786851627605785
0
VERTEX
8
L4
10
-33.605334108852475
20
-53.84229138428727
0
VERTEX
8
L4
10
-33.63852406763114
20
-53.893242685366694
0
VERTEX
8
L4
10
-33.6791374271902
20
-53.9384993254402
0
VERTEX
8
L4
10
-33.72621271936825
20
-53.976989912754064
0
VERTEX
8
L4
10
-33.77863549820199
20
-54.00780323300302
0
VERTEX
8
L4
10
-33.83516472297654
20
-54.03020982113694
0
VERTEX
8
L4
10
-33.894462138241025
20
-54.04367923049173
0
VERTEX
8
L4
10
-33.95512395525576
20
-54.0478925904202
0
VERTEX
8
L4
10
-34.015714084854395
20
-54.042750155137504
0
VERTEX
8
L4
10
-34.074798134976376
20
-54.02837366507217
0
VERTEX
8
L4
10
-34.130977368022684
20
-54.00510346482068
0
VERTEX
8
L4
10
-34.18292181413875
20
-53.97349044593431
0
VERTEX
8
L4
10
-34.22940175651112
20
-53.93428300528235
0
VERTEX
8
L4
10
-34.26931684330434
20
-53.88840932773515
0
VERTEX
8
L4
10
-34.30172213705134
20
-53.83695541260144
0
VERTEX
8
L4
10
-34.325850484811895
20
-53.78113936401538
0
VERTEX
8
L4
10
-34.341130679514976
20
-53.722282553914496
0
VERTEX
8
L4
10
-34.34720098253892
20
-53.66177834028757
0
VERTEX
8
L4
10
-34.34391768740021
20
-53.6010590812469
0
VERTEX
8
L4
10
-34.331358521816355
20
-53.54156222582367
0
VERTEX
8
L4
10
-34.309820807603984
20
-53.48469628424242
0
VERTEX
8
L4
10
-34.27981442197368
20
-53.43180748328399
0
VERTEX
8
L4
10
-34.24204972685399
20
-53.38414789612744
0
VERTEX
8
L4
10
-34.197420752002046
20
-53.34284580115539
0
VERTEX
8
L4
10
-34.14698403001849
20
-53.308878971439206
0
VERTEX
8
L4
10
-34.09193358432019
20
-53.283051527240545
0
VERTEX
8
L4
10
-34.03357266219781
20
-53.26597489951604
0
SEQEND
0
POLYLINE
8
L4
66
1
70
1
0
VERTEX
8
L4
10
-33.758970038130684
20
-55.25211064737069
0
VERTEX
8
L4
10
-33.73874358635334
20
-55.274161417137556
0
VERTEX
8
L4
10
-33.71270129531587
20
-55.28889725360285
0
VERTEX
8
L4
10
-33.683383336086266
20
-55.294880819882565
0
VERTEX
8
L4
10
-33.65364938916274
20
-55.29152847754316
0
VERTEX
8
L4
10
-33.626399710578966
20
-55.2791672148288
0
VERTEX
8
L4
10
-33.60429224026241
20
-55.25900275215272
0
VERTEX
8
L4
10
-33.58948334596138
20
-55.233001935850275
0
VERTEX
8
L4
10
-33.58341749063801
20
-55.203700891534275
0
VERTEX
8
L4
10
-33.586686339218105
20
-55.17395764981834
0
VERTEX
8
L4
10
-33.598971047458036
20
-55.14667337335236
0
VERTEX
8
L4
10
-33.61907336208564
20
-55.124509376749195
0
VERTEX
8
L4
10
-33.645032498700516
20
-55.10962754134416
0
VERTEX
8
L4
10
-33.674316397136195
20
-55.10347944479149
0
VERTEX
8
L4
10
-33.70406869919218
20
-55.106664773845445
0
VERTEX
8
L4
10
-33.73138735847091
20
-55.11887283077622
0
VERTEX
8
L4
10
-33.75360770665205
20
-55.138912838898
0
VERTEX
8
L4
10
-33.76856236585439
20
-55.164830091201324
0
VERTEX
8
L4
10
-33.77479265517374
20
-55.19409661292512
0
VERTEX
8
L4
10
-33.83876834084538
20
-55.22259824295422
0
VERTEX
8
L4
10
-33.89839911514038
20
-55.25933245083255
0
VERTEX
8
L4
10
-33.9526315678208
20
-55.30365030668928
0
VERTEX
8
L4
10
-34.00050765295215
20
-55.354768911364744
0
VERTEX
8
L4
10
-34.041181613308794
20
-55.41178522675235
0
VERTEX
8
L4
10
-34.07393492113779
20
-55.473692028460476
0
VERTEX
8
L4
10
-34.09818897134471
20
-55.53939569898223
0
VERTEX
8
L4
10
-34.11351530286892
20
-55.60773554704675
0
VERTEX
8
L4
10
-34.1196431676826
20
-55.677504311865235
0
VERTEX
8
L4
10
-34.11646431370268
20
-55.747469490053
0
VERTEX
8
L4
10
-34.10403489712313
20
-55.81639510847578
0
VERTEX
8
L4
10
-34.082574490385056
20
-55.88306355839107
0
VERTEX
8
L4
10
-34.052462203309446
20
-55.94629710517241
0
VERTEX
8
L4
10
-34.014229985914895
20
-56.004978693635636
0
VERTEX
8
L4
10
-33.96855323122955
20
-56.05807168142957
0
VERTEX
8
L4
10
-33.916238844104015
20
-56.104638151890086
0
VERTEX
8
L4
10
-33.8582109867958
20
-56.14385548285088
0
VERTEX
8
L4
10
-33.79549475313772
20
-56.17503087871392
0
VERTEX
8
L4
10
-33.729198059694724
20
-56.19761360906251
0
VERTEX
8
L4
10
-33.660492073811895
20
-56.21120473761531
0
VERTEX
8
L4
10
-33.5905905243028
20
-56.21556416965392
0
VERTEX
8
L4
10
-33.52072826026631
20
-56.210614893427355
0
VERTEX
8
L4
10
-33.452139436801914
20
-56.19644434060674
0
VERTEX
8
L4
10
-33.38603571298502
20
-56.17330284175705
0
VERTEX
8
L4
10
-33.32358484724672
20
-56.141599204110754
0
VERTEX
8
L4
10
-33.26589006828253
20
-56.10189348976453
0
VERTEX
8
L4
10
-33.213970585914154
20
-56.054887121875986
0
VERTEX
8
L4
10
-33.16874358619066
20
-56.00141049364008
0
VERTEX
8
L4
10
-33.13100802879525
20
-55.94240829893913
0
VERTEX
8
L4
10
-33.1014305329856
20
-55.87892284380882
0
VERTEX
8
L4
10
-33.080533601400134
20
-55.81207563353208
0
VERTEX
8
L4
10
-33.0686863897631
20
-55.7430475606349
0
VERTEX
8
L4
10
-33.066098185546934
20
-55.673058043774105
0
VERTEX
8
L4
10
-33.0728147107945
20
-55.60334348603995
0
VERTEX
8
L4
10
-33.088717314414254
20
-55.535135433219295
0
VERTEX
8
L4
10
-33.113525068216674
20
-55.469638817865906
0
VERTEX
8
L4
10
-33.14679972966432
20
-55.40801067350787
0
VERTEX
8
L4
10
-33.187953483665936
20
-55.351339695017586
0
VERTEX
8
L4
10
-33.17871581162753
20
-55.3228789990647
0
VERTEX
8
L4
10
-33.17870830025002
20
-55.29295667057256
0
VERTEX
8
L4
10
-33.18793168219494
20
-55.26449134035648
0
VERTEX
8
L4
10
-33.205486306662266
20
-55.240259523284216
0
VERTEX
8
L4
10
-33.229659891536826
20
-55.22262479637608
0
VERTEX
8
L4
10
-33.258094539780316
20
-55.21330725495778
0
VERTEX
8
L4
10
-33.28801672925162
20
-55.21321573416604
0
VERTEX
8
L4
10
-33.31650784269557
20
-55.22235916095997
0
VERTEX
8
L4
10
-33.340788850342435
20
-55.23984568338342
0
VERTEX
8
L4
10
-33.35849137711189
20
-55.26396966201027
0
VERTEX
8
L4
10
-33.36788871446416
20
-55.29237803840703
0
VERTEX
8
L4
10
-33.36806424394874
20
-55.32229985299459
0
VERTEX
8
L4
10
-33.35900084437924
20
-55.350816525084014
0
VERTEX
8
L4
10
-33.34158256183791
20
-55.375146531909394
0
VERTEX
8
L4
10
-33.31750837961705
20
-55.39291671899927
0
VERTEX
8
L4
10
-33.289126498997234
20
-55.4023937782106
0
VERTEX
8
L4
10
-33.25920529515339
20
-55.40265331500438
0
VERTEX
8
L4
10
-33.23066328920237
20
-55.39367001410194
0
VERTEX
8
L4
10
-33.19310051222338
20
-55.44700455113542
0
VERTEX
8
L4
10
-33.163335086805915
20
-55.50505241504673
0
VERTEX
8
L4
10
-33.14194765703101
20
-55.56668124679431
0
VERTEX
8
L4
10
-33.12935543462446
20
-55.630688832202694
0
VERTEX
8
L4
10
-33.125804060268536
20
-55.6958265539554
0
VERTEX
8
L4
10
-33.13136281180725
20
-55.76082374878932
0
VERTEX
8
L4
10
-33.14592325282037
20
-55.82441249474685
0
VERTEX
8
L4
10
-33.16920134792883
20
-55.88535234495236
0
VERTEX
8
L4
10
-33.20074300356761
20
-55.942454525423095
0
VERTEX
8
L4
10
-33.23993292614031
20
-55.994605124879804
0
VERTEX
8
L4
10
-33.286006624756624
20
-56.0407868241855
0
VERTEX
8
L4
10
-33.33806532441103
20
-56.080098741529234
0
VERTEX
8
L4
10
-33.39509349868666
20
-56.111774006227975
0
VERTEX
8
L4
10
-33.4559786799678
20
-56.13519471832886
0
VERTEX
8
L4
10
-33.519533160716605
20
-56.14990400218962
0
VERTEX
8
L4
10
-33.58451716248034
20
-56.15561491890411
0
VERTEX
8
L4
10
-33.649663020662985
20
-56.15221606371526
0
VERTEX
8
L4
10
-33.7136999132814
20
-56.139773739224836
0
VERTEX
8
L4
10
-33.77537865131359
20
-56.118530662006464
0
VERTEX
8
L4
10
-33.833496047045514
20
-56.08890122785247
0
VERTEX
8
L4
10
-33.88691838505524
20
-56.05146342801696
0
VERTEX
8
L4
10
-33.934603537977665
20
-56.00694757414766
0
VERTEX
8
L4
10
-33.97562129563069
20
-55.956222051853004
0
VERTEX
8
L4
10
-34.009171510935474
20
-55.900276380814475
0
VERTEX
8
L4
10
-34.03459970865231
20
-55.84020191189613
0
VERTEX
8
L4
10
-34.05140985244749
20
-55.77717053779931
0
VERTEX
8
L4
10
-34.059274021239446
20
-55.71241183256086
0
VERTEX
8
L4
10
-34.05803880606467
20
-55.647189065842326
0
VERTEX
8
L4
10
-34.047728302677555
20
-55.58277455990731
0
VERTEX
8
L4
10
-34.028543641506474
20
-55.52042487000673
0
VERTEX
8
L4
10
-34.000859064135355
20
-55.46135627233647
0
VERTEX
8
L4
10
-33.96521462284842
20
-55.40672103773195
0
VERTEX
8
L4
10
-33.922305645650056
20
-55.35758495393666
0
VERTEX
8
L4
10
-33.872969172269535
20
-55.31490653492515
0
VERTEX
8
L4
10
-33.818167625747904
20
-55.279518322851274
0
VERTEX
8
L4
10
-33.758970038130684
20
-55.25211064737069
0
SEQEND
0
POLYLINE
8
L4
66
1
70
1
0
VERTEX
8
L4
10
-36.36516454244695
20
-55.03571161799284
0
VERTEX
8
L4
10
-36.37495400686345
20
-55.036353253389805
0
VERTEX
8
L4
10
-36.38457597082963
20
-55.03826718102116
0
VERTEX
8
L4
10
-36.39386579987432
20
-55.041420653054494
0
VERTEX
8
L4
10
-36.40266454244694
20
-55.04575971270901
0
VERTEX
8
L4
10
-36.410821649622605
20
-55.051210117470994
0
VERTEX
8
L4
10
-36.41819755103593
20
-55.057678609403844
0
VERTEX
8
L4
10
-36.42466604296878
20
-55.065054510817184
0
VERTEX
8
L4
10
-36.43011644773078
20
-55.07321161799284
0
VERTEX
8
L4
10
-36.434455507385294
20
-55.082010360565455
0
VERTEX
8
L4
10
-36.43760897941863
20
-55.09130018961015
0
VERTEX
8
L4
10
-36.43952290704998
20
-55.100922153576334
0
VERTEX
8
L4
10
-36.44016454244695
20
-55.11071161799284
0
VERTEX
8
L4
10
-36.43952290704998
20
-55.12050108240934
0
VERTEX
8
L4
10
-36.43760897941863
20
-55.13012304637553
0
VERTEX
8
L4
10
-36.434455507385294
20
-55.13941287542022
0
VERTEX
8
L4
10
-36.43011644773078
20
-55.148211617992835
0
VERTEX
8
L4
10
-36.42466604296878
20
-55.15636872516849
0
VERTEX
8
L4
10
-36.41819755103593
20
-55.16374462658183
0
VERTEX
8
L4
10
-36.410821649622605
20
-55.17021311851468
0
VERTEX
8
L4
10
-36.40266454244694
20
-55.17566352327667
0
VERTEX
8
L4
10
-36.39386579987432
20
-55.18000258293119
0
VERTEX
8
L4
10
-36.38457597082963
20
-55.18315605496452
0
VERTEX
8
L4
10
-36.37495400686345
20
-55.18506998259588
0
VERTEX
8
L4
10
-36.36516454244695
20
-55.18571161799284
0
VERTEX
8
L4
10
-36.355375078030434
20
-55.18506998259588
0
VERTEX
8
L4
10
-36.34575311406425
20
-55.18315605496452
0
VERTEX
8
L4
10
-36.33646328501956
20
-55.18000258293119
0
VERTEX
8
L4
10
-36.32766454244694
20
-55.17566352327667
0
VERTEX
8
L4
10
-36.31950743527129
20
-55.17021311851468
0
VERTEX
8
L4
10
-36.31213153385795
20
-55.16374462658183
0
VERTEX
8
L4
10
-36.3056630419251
20
-55.15636872516849
0
VERTEX
8
L4
10
-36.30021263716311
20
-55.148211617992835
0
VERTEX
8
L4
10
-36.2958735775086
20
-55.13941287542022
0
VERTEX
8
L4
10
-36.29272010547527
20
-55.13012304637553
0
VERTEX
8
L4
10
-36.290806177843905
20
-55.12050108240934
0
VERTEX
8
L4
10
-36.290164542446945
20
-55.11071161799284
0
VERTEX
8
L4
10
-36.290806177843905
20
-55.100922153576334
0
VERTEX
8
L4
10
-36.29272010547527
20
-55.09130018961015
0
VERTEX
8
L4
10
-36.2958735775086
20
-55.082010360565455
0
VERTEX
8
L4
10
-36.30021263716311
20
-55.07321161799284
0
VERTEX
8
L4
10
-36.3056630419251
20
-55.065054510817184
0
VERTEX
8
L4
10
-36.31213153385795
20
-55.05767860940385
0
VERTEX
8
L4
10
-36.31950743527129
20
-55.051210117470994
0
VERTEX
8
L4
10
-36.32766454244694
20
-55.04575971270901
0
VERTEX
8
L4
10
-36.33646328501956
20
-55.041420653054494
0
VERTEX
8
L4
10
-36.34575311406425
20
-55.03826718102116
0
VERTEX
8
L4
10
-36.355375078030434
20
-55.036353253389805
0
VERTEX
8
L4
10
-36.36516454244695
20
-55.03571161799284
0
SEQEND
0
POLYLINE
8
L4
66
1
70
1
0
VERTEX
8
L4
10
-39.58083832335329
20
-53.577694610778444
0
VERTEX
8
L4
10
-39.59062778776979
20
-53.57833624617541
0
VERTEX
8
L4
10
-39.60024975173599
20
-53.58025017380676
0
VERTEX
8
L4
10
-39.60953958078068
20
-53.5834036458401
0
VERTEX
8
L4
10
-39.6183383233533
20
-53.58774270549461
0
VERTEX
8
L4
10
-39.62649543052895
20
-53.5931931102566
0
VERTEX
8
L4
10
-39.63387133194229
20
-53.59966160218946
0
VERTEX
8
L4
10
-39.64033982387514
20
-53.60703750360279
0
VERTEX
8
L4
10
-39.645790228637125
20
-53.615194610778445
0
VERTEX
8
L4
10
-39.65012928829164
20
-53.62399335335106
0
VERTEX
8
L4
10
-39.65328276032497
20
-53.63328318239576
0
VERTEX
8
L4
10
-39.655196687956334
20
-53.64290514636194
0
VERTEX
8
L4
10
-39.655838323353294
20
-53.65269461077845
0
VERTEX
8
L4
10
-39.655196687956334
20
-53.662484075194946
0
VERTEX
8
L4
10
-39.65328276032497
20
-53.672106039161136
0
VERTEX
8
L4
10
-39.65012928829164
20
-53.681395868205826
0
VERTEX
8
L4
10
-39.645790228637125
20
-53.69019461077844
0
VERTEX
8
L4
10
-39.64033982387514
20
-53.6983517179541
0
VERTEX
8
L4
10
-39.63387133194229
20
-53.70572761936744
0
VERTEX
8
L4
10
-39.62649543052895
20
-53.71219611130029
0
VERTEX
8
L4
10
-39.6183383233533
20
-53.717646516062274
0
VERTEX
8
L4
10
-39.60953958078068
20
-53.72198557571679
0
VERTEX
8
L4
10
-39.60024975173599
20
-53.725139047750126
0
VERTEX
8
L4
10
-39.59062778776979
20
-53.72705297538148
0
VERTEX
8
L4
10
-39.58083832335329
20
-53.72769461077844
0
VERTEX
8
L4
10
-39.57104885893679
20
-53.72705297538148
0
VERTEX
8
L4
10
-39.56142689497061
20
-53.725139047750126
0
VERTEX
8
L4
10
-39.552137065925905
20
-53.72198557571679
0
VERTEX
8
L4
10
-39.5433383233533
20
-53.717646516062274
0
VERTEX
8
L4
10
-39.535181216177634
20
-53.71219611130029
0
VERTEX
8
L4
10
-39.52780531476431
20
-53.70572761936744
0
VERTEX
8
L4
10
-39.521336822831444
20
-53.6983517179541
0
VERTEX
8
L4
10
-39.51588641806946
20
-53.69019461077844
0
VERTEX
8
L4
10
-39.511547358414944
20
-53.681395868205826
0
VERTEX
8
L4
10
-39.50839388638161
20
-53.672106039161136
0
VERTEX
8
L4
10
-39.50647995875026
20
-53.662484075194946
0
VERTEX
8
L4
10
-39.50583832335329
20
-53.65269461077845
0
VERTEX
8
L4
10
-39.50647995875026
20
-53.64290514636194
0
VERTEX
8
L4
10
-39.50839388638161
20
-53.63328318239576
0
VERTEX
8
L4
10
-39.511547358414944
20
-53.62399335335106
0
VERTEX
8
L4
10
-39.51588641806946
20
-53.615194610778445
0
VERTEX
8
L4
10
-39.521336822831444
20
-53.60703750360279
0
VERTEX
8
L4
10
-39.52780531476431
20
-53.59966160218946
0
VERTEX
8
L4
10
-39.535181216177634
20
-53.5931931102566
0
VERTEX
8
L4
10
-39.5433383233533
20
-53.58774270549461
0
VERTEX
8
L4
10
-39.552137065925905
20
-53.5834036458401
0
VERTEX
8
L4
10
-39.56142689497061
20
-53.58025017380677
0
VERTEX
8
L4
10
-39.57104885893679
20
-53.57833624617541
0
VERTEX
8
L4
10
-39.58083832335329
20
-53.577694610778444
0
SEQEND
0
POLYLINE
8
L4
66
1
70
1
0
VERTEX
8
L4
10
-41.8562874251497
20
-55.61362275449102
0
VERTEX
8
L4
10
-41.8660768895662
20
-55.614264389887985
0
VERTEX
8
L4
10
-41.8756988535324
20
-55.61617831751934
0
VERTEX
8
L4
10
-41.88498868257709
20
-55.619331789552675
0
VERTEX
8
L4
10
-41.89378742514971
20
-55.62367084920719
0
VERTEX
8
L4
10
-41.90194453232536
20
-55.62912125396918
0
VERTEX
8
L4
10
-41.9093204337387
20
-55.63558974590203
0
VERTEX
8
L4
10
-41.91578892567155
20
-55.642965647315364
0
VERTEX
8
L4
10
-41.92123933043354
20
-55.65112275449102
0
VERTEX
8
L4
10
-41.92557839008805
20
-55.65992149706364
0
VERTEX
8
L4
10
-41.92873186212138
20
-55.66921132610833
0
VERTEX
8
L4
10
-41.930645789752745
20
-55.678833290074515
0
VERTEX
8
L4
10
-41.931287425149705
20
-55.68862275449102
0
VERTEX
8
L4
10
-41.930645789752745
20
-55.69841221890753
0
VERTEX
8
L4
10
-41.92873186212138
20
-55.70803418287371
0
VERTEX
8
L4
10
-41.92557839008805
20
-55.7173240119184
0
VERTEX
8
L4
10
-41.92123933043354
20
-55.72612275449102
0
VERTEX
8
L4
10
-41.91578892567155
20
-55.73427986166668
0
VERTEX
8
L4
10
-41.9093204337387
20
-55.74165576308001
0
VERTEX
8
L4
10
-41.90194453232536
20
-55.74812425501286
0
VERTEX
8
L4
10
-41.89378742514971
20
-55.753574659774856
0
VERTEX
8
L4
10
-41.88498868257709
20
-55.75791371942937
0
VERTEX
8
L4
10
-41.8756988535324
20
-55.7610671914627
0
VERTEX
8
L4
10
-41.8660768895662
20
-55.76298111909406
0
VERTEX
8
L4
10
-41.8562874251497
20
-55.763622754491024
0
VERTEX
8
L4
10
-41.8464979607332
20
-55.76298111909406
0
VERTEX
8
L4
10
-41.83687599676702
20
-55.7610671914627
0
VERTEX
8
L4
10
-41.827586167722316
20
-55.75791371942937
0
VERTEX
8
L4
10
-41.81878742514971
20
-55.753574659774856
0
VERTEX
8
L4
10
-41.810630317974045
20
-55.74812425501286
0
VERTEX
8
L4
10
-41.80325441656072
20
-55.74165576308001
0
VERTEX
8
L4
10
-41.796785924627855
20
-55.73427986166668
0
VERTEX
8
L4
10
-41.79133551986587
20
-55.72612275449102
0
VERTEX
8
L4
10
-41.786996460211355
20
-55.7173240119184
0
VERTEX
8
L4
10
-41.78384298817802
20
-55.70803418287371
0
VERTEX
8
L4
10
-41.78192906054667
20
-55.69841221890753
0
VERTEX
8
L4
10
-41.7812874251497
20
-55.68862275449102
0
VERTEX
8
L4
10
-41.78192906054667
20
-55.678833290074515
0
VERTEX
8
L4
10
-41.78384298817802
20
-55.66921132610833
0
VERTEX
8
L4
10
-41.786996460211355
20
-55.65992149706364
0
VERTEX
8
L4
10
-41.79133551986587
20
-55.65112275449102
0
VERTEX
8
L4
10
-41.796785924627855
20
-55.642965647315364
0
VERTEX
8
L4
10
-41.80325441656072
20
-55.63558974590203
0
VERTEX
8
L4
10
-41.810630317974045
20
-55.62912125396918
0
VERTEX
8
L4
10
-41.81878742514971
20
-55.62367084920719
0
VERTEX
8
L4
10
-41.827586167722316
20
-55.619331789552675
0
VERTEX
8
L4
10
-41.83687599676702
20
-55.61617831751934
0
VERTEX
8
L4
10
-41.8464979607332
20
-55.614264389887985
0
VERTEX
8
L4
10
-41.8562874251497
20
-55.61362275449102
0
SEQEND
0
POLYLINE
8
L4
66
1
70
1
0
VERTEX
8
L4
10
-39.58083832335329
20
-53.14056886227545
0
VERTEX
8
L4
10
-39.59062778776979
20
-53.14121049767241
0
VERTEX
8
L4
10
-39.60024975173599
20
-53.14312442530377
0
VERTEX
8
L4
10
-39.60953958078068
20
-53.1462778973371
0
VERTEX
8
L4
10
-39.6183383233533
20
-53.15061695699162
0
VERTEX
8
L4
10
-39.62649543052895
20
-53.15606736175361
0
VERTEX
8
L4
10
-39.63387133194229
20
-53.16253585368646
0
VERTEX
8
L4
10
-39.64033982387514
20
-53.1699117550998
0
VERTEX
8
L4
10
-39.645790228637125
20
-53.17806886227545
0
VERTEX
8
L4
10
-39.65012928829164
20
-53.18686760484807
0
VERTEX
8
L4
10
-39.65328276032497
20
-53.196157433892765
0
VERTEX
8
L4
10
-39.655196687956334
20
-53.20577939785895
0
VERTEX
8
L4
10
-39.655838323353294
20
-53.21556886227545
0
VERTEX
8
L4
10
-39.655196687956334
20
-53.22535832669195
0
VERTEX
8
L4
10
-39.65328276032497
20
-53.234980290658136
0
VERTEX
8
L4
10
-39.65012928829164
20
-53.24427011970283
0
VERTEX
8
L4
10
-39.645790228637125
20
-53.25306886227545
0
VERTEX
8
L4
10
-39.64033982387514
20
-53.261225969451104
0
VERTEX
8
L4
10
-39.63387133194229
20
-53.268601870864444
0
VERTEX
8
L4
10
-39.62649543052895
20
-53.275070362797294
0
VERTEX
8
L4
10
-39.6183383233533
20
-53.28052076755928
0
VERTEX
8
L4
10
-39.60953958078068
20
-53.28485982721379
0
VERTEX
8
L4
10
-39.60024975173599
20
-53.28801329924713
0
VERTEX
8
L4
10
-39.59062778776979
20
-53.28992722687848
0
VERTEX
8
L4
10
-39.58083832335329
20
-53.29056886227545
0
VERTEX
8
L4
10
-39.57104885893679
20
-53.28992722687848
0
VERTEX
8
L4
10
-39.56142689497061
20
-53.28801329924713
0
VERTEX
8
L4
10
-39.552137065925905
20
-53.28485982721379
0
VERTEX
8
L4
10
-39.5433383233533
20
-53.28052076755928
0
VERTEX
8
L4
10
-39.535181216177634
20
-53.275070362797294
0
VERTEX
8
L4
10
-39.52780531476431
20
-53.268601870864444
0
VERTEX
8
L4
10
-39.521336822831444
20
-53.261225969451104
0
VERTEX
8
L4
10
-39.51588641806946
20
-53.25306886227545
0
VERTEX
8
L4
10
-39.511547358414944
20
-53.24427011970283
0
VERTEX
8
L4
10
-39.50839388638161
20
-53.234980290658136
0
VERTEX
8
L4
10
-39.50647995875026
20
-53.22535832669195
0
VERTEX
8
L4
10
-39.50583832335329
20
-53.21556886227545
0
VERTEX
8
L4
10
-39.50647995875026
20
-53.20577939785895
0
VERTEX
8
L4
10
-39.50839388638161
20
-53.196157433892765
0
VERTEX
8
L4
10
-39.511547358414944
20
-53.18686760484807
0
VERTEX
8
L4
10
-39.51588641806946
20
-53.17806886227545
0
VERTEX
8
L4
10
-39.521336822831444
20
-53.1699117550998
0
VERTEX
8
L4
10
-39.52780531476431
20
-53.16253585368646
0
VERTEX
8
L4
10
-39.535181216177634
20
-53.15606736175361
0
VERTEX
8
L4
10
-39.5433383233533
20
-53.15061695699162
0
VERTEX
8
L4
10
-39.552137065925905
20
-53.1462778973371
0
VERTEX
8
L4
10
-39.56142689497061
20
-53.14312442530377
0
VERTEX
8
L4
10
-39.57104885893679
20
-53.14121049767241
0
VERTEX
8
L4
10
-39.58083832335329
20
-53.14056886227545
0
SEQEND
0
POLYLINE
8
L4
66
1
70
1
0
VERTEX
8
L4
10
-38.9820359281437
20
-55.61362275449102
0
VERTEX
8
L4
10
-38.991825392560216
20
-55.614264389887985
0
VERTEX
8
L4
10
-39.0014473565264
20
-55.61617831751934
0
VERTEX
8
L4
10
-39.01073718557109
20
-55.619331789552675
0
VERTEX
8
L4
10
-39.01953592814371
20
-55.62367084920719
0
VERTEX
8
L4
10
-39.02769303531936
20
-55.62912125396918
0
VERTEX
8
L4
10
-39.0350689367327
20
-55.63558974590203
0
VERTEX
8
L4
10
-39.04153742866555
20
-55.642965647315364
0
VERTEX
8
L4
10
-39.046987833427536
20
-55.65112275449102
0
VERTEX
8
L4
10
-39.05132689308205
20
-55.65992149706364
0
VERTEX
8
L4
10
-39.054480365115396
20
-55.66921132610833
0
VERTEX
8
L4
10
-39.056394292746745
20
-55.678833290074515
0
VERTEX
8
L4
10
-39.057035928143705
20
-55.68862275449102
0
VERTEX
8
L4
10
-39.056394292746745
20
-55.69841221890753
0
VERTEX
8
L4
10
-39.054480365115396
20
-55.70803418287371
0
VERTEX
8
L4
10
-39.05132689308205
20
-55.7173240119184
0
VERTEX
8
L4
10
-39.046987833427536
20
-55.72612275449102
0
VERTEX
8
L4
10
-39.04153742866555
20
-55.73427986166668
0
VERTEX
8
L4
10
-39.0350689367327
20
-55.74165576308001
0
VERTEX
8
L4
10
-39.02769303531936
20
-55.74812425501286
0
VERTEX
8
L4
10
-39.01953592814371
20
-55.753574659774856
0
VERTEX
8
L4
10
-39.01073718557109
20
-55.75791371942937
0
VERTEX
8
L4
10
-39.0014473565264
20
-55.7610671914627
0
VERTEX
8
L4
10
-38.991825392560216
20
-55.76298111909406
0
VERTEX
8
L4
10
-38.9820359281437
20
-55.763622754491024
0
VERTEX
8
L4
10
-38.9722464637272
20
-55.76298111909406
0
VERTEX
8
L4
10
-38.96262449976102
20
-55.7610671914627
0
VERTEX
8
L4
10
-38.95333467071633
20
-55.75791371942937
0
VERTEX
8
L4
10
-38.94453592814371
20
-55.753574659774856
0
VERTEX
8
L4
10
-38.93637882096806
20
-55.74812425501286
0
VERTEX
8
L4
10
-38.92900291955472
20
-55.74165576308001
0
VERTEX
8
L4
10
-38.92253442762187
20
-55.73427986166668
0
VERTEX
8
L4
10
-38.91708402285988
20
-55.72612275449102
0
VERTEX
8
L4
10
-38.91274496320537
20
-55.7173240119184
0
VERTEX
8
L4
10
-38.90959149117202
20
-55.70803418287371
0
VERTEX
8
L4
10
-38.90767756354067
20
-55.69841221890753
0
VERTEX
8
L4
10
-38.90703592814371
20
-55.68862275449102
0
VERTEX
8
L4
10
-38.90767756354067
20
-55.678833290074515
0
VERTEX
8
L4
10
-38.90959149117202
20
-55.66921132610833
0
VERTEX
8
L4
10
-38.91274496320537
20
-55.65992149706364
0
VERTEX
8
L4
10
-38.91708402285988
20
-55.65112275449102
0
VERTEX
8
L4
10
-38.92253442762187
20
-55.642965647315364
0
VERTEX
8
L4
10
-38.92900291955472
20
-55.63558974590203
0
VERTEX
8
L4
10
-38.93637882096806
20
-55.62912125396918
0
VERTEX
8
L4
10
-38.94453592814371
20
-55.62367084920719
0
VERTEX
8
L4
10
-38.95333467071633
20
-55.619331789552675
0
VERTEX
8
L4
10
-38.96262449976102
20
-55.61617831751934
0
VERTEX
8
L4
10
-38.9722464637272
20
-55.614264389887985
0
VERTEX
8
L4
10
-38.9820359281437
20
-55.61362275449102
0
SEQEND
0
POLYLINE
8
L4
66
1
70
1
0
VERTEX
8
L4
10
-41.49700598802396
20
-53.577694610778444
0
VERTEX
8
L4
10
-41.50679545244046
20
-53.57833624617541
0
VERTEX
8
L4
10
-41.51641741640664
20
-53.58025017380676
0
VERTEX
8
L4
10
-41.52570724545133
20
-53.5834036458401
0
VERTEX
8
L4
10
-41.53450598802395
20
-53.58774270549461
0
VERTEX
8
L4
10
-41.542663095199615
20
-53.5931931102566
0
VERTEX
8
L4
10
-41.55003899661294
20
-53.59966160218946
0
VERTEX
8
L4
10
-41.55650748854579
20
-53.60703750360279
0
VERTEX
8
L4
10
-41.56195789330779
20
-53.615194610778445
0
VERTEX
8
L4
10
-41.566296952962304
20
-53.62399335335106
0
VERTEX
8
L4
10
-41.56945042499564
20
-53.63328318239576
0
VERTEX
8
L4
10
-41.571364352626986
20
-53.64290514636194
0
VERTEX
8
L4
10
-41.57200598802396
20
-53.65269461077845
0
VERTEX
8
L4
10
-41.571364352626986
20
-53.662484075194946
0
VERTEX
8
L4
10
-41.56945042499564
20
-53.672106039161136
0
VERTEX
8
L4
10
-41.566296952962304
20
-53.681395868205826
0
VERTEX
8
L4
10
-41.56195789330779
20
-53.69019461077844
0
VERTEX
8
L4
10
-41.55650748854579
20
-53.6983517179541
0
VERTEX
8
L4
10
-41.55003899661294
20
-53.70572761936744
0
VERTEX
8
L4
10
-41.542663095199615
20
-53.71219611130029
0
VERTEX
8
L4
10
-41.53450598802395
20
-53.717646516062274
0
VERTEX
8
L4
10
-41.52570724545133
20
-53.72198557571679
0
VERTEX
8
L4
10
-41.51641741640664
20
-53.725139047750126
0
VERTEX
8
L4
10
-41.50679545244046
20
-53.72705297538148
0
VERTEX
8
L4
10
-41.49700598802396
20
-53.72769461077844
0
VERTEX
8
L4
10
-41.48721652360746
20
-53.72705297538148
0
VERTEX
8
L4
10
-41.47759455964126
20
-53.725139047750126
0
VERTEX
8
L4
10
-41.46830473059657
20
-53.72198557571679
0
VERTEX
8
L4
10
-41.45950598802395
20
-53.717646516062274
0
VERTEX
8
L4
10
-41.4513488808483
20
-53.71219611130029
0
VERTEX
8
L4
10
-41.44397297943496
20
-53.70572761936744
0
VERTEX
8
L4
10
-41.43750448750211
20
-53.6983517179541
0
VERTEX
8
L4
10
-41.43205408274012
20
-53.69019461077844
0
VERTEX
8
L4
10
-41.42771502308561
20
-53.681395868205826
0
VERTEX
8
L4
10
-41.42456155105228
20
-53.672106039161136
0
VERTEX
8
L4
10
-41.422647623420914
20
-53.662484075194946
0
VERTEX
8
L4
10
-41.422005988023955
20
-53.65269461077845
0
VERTEX
8
L4
10
-41.422647623420914
20
-53.64290514636194
0
VERTEX
8
L4
10
-41.42456155105228
20
-53.63328318239576
0
VERTEX
8
L4
10
-41.42771502308561
20
-53.62399335335106
0
VERTEX
8
L4
10
-41.43205408274012
20
-53.615194610778445
0
VERTEX
8
L4
10
-41.43750448750211
20
-53.60703750360279
0
VERTEX
8
L4
10
-41.44397297943496
20
-53.59966160218946
0
VERTEX
8
L4
10
-41.4513488808483
20
-53.5931931102566
0
VERTEX
8
L4
10
-41.45950598802395
20
-53.58774270549461
0
VERTEX
8
L4
10
-41.46830473059657
20
-53.5834036458401
0
VERTEX
8
L4
10
-41.47759455964126
20
-53.58025017380677
0
VERTEX
8
L4
10
-41.48721652360746
20
-53.57833624617541
0
VERTEX
8
L4
10
-41.49700598802396
20
-53.577694610778444
0
SEQEND
0
POLYLINE
8
L4
66
1
70
1
0
VERTEX
8
L4
10
-39.08393725396023
20
-55.03571161799284
0
VERTEX
8
L4
10
-39.09372671837674
20
-55.036353253389805
0
VERTEX
8
L4
10
-39.103348682342926
20
-55.03826718102116
0
VERTEX
8
L4
10
-39.112638511387615
20
-55.041420653054494
0
VERTEX
8
L4
10
-39.12143725396024
20
-55.04575971270901
0
VERTEX
8
L4
10
-39.12959436113589
20
-55.051210117470994
0
VERTEX
8
L4
10
-39.13697026254923
20
-55.057678609403844
0
VERTEX
8
L4
10
-39.14343875448208
20
-55.065054510817184
0
VERTEX
8
L4
10
-39.148889159244064
20
-55.07321161799284
0
VERTEX
8
L4
10
-39.153228218898576
20
-55.082010360565455
0
VERTEX
8
L4
10
-39.15638169093191
20
-55.09130018961015
0
VERTEX
8
L4
10
-39.15829561856327
20
-55.100922153576334
0
VERTEX
8
L4
10
-39.15893725396023
20
-55.11071161799284
0
VERTEX
8
L4
10
-39.15829561856327
20
-55.12050108240934
0
VERTEX
8
L4
10
-39.15638169093191
20
-55.13012304637553
0
VERTEX
8
L4
10
-39.153228218898576
20
-55.13941287542022
0
VERTEX
8
L4
10
-39.148889159244064
20
-55.148211617992835
0
VERTEX
8
L4
10
-39.14343875448208
20
-55.15636872516849
0
VERTEX
8
L4
10
-39.13697026254923
20
-55.16374462658183
0
VERTEX
8
L4
10
-39.12959436113589
20
-55.17021311851468
0
VERTEX
8
L4
10
-39.12143725396024
20
-55.17566352327667
0
VERTEX
8
L4
10
-39.112638511387615
20
-55.18000258293119
0
VERTEX
8
L4
10
-39.103348682342926
20
-55.18315605496452
0
VERTEX
8
L4
10
-39.09372671837674
20
-55.18506998259588
0
VERTEX
8
L4
10
-39.08393725396023
20
-55.18571161799284
0
VERTEX
8
L4
10
-39.07414778954373
20
-55.18506998259588
0
VERTEX
8
L4
10
-39.06452582557755
20
-55.18315605496452
0
VERTEX
8
L4
10
-39.05523599653286
20
-55.18000258293119
0
VERTEX
8
L4
10
-39.046437253960235
20
-55.17566352327667
0
VERTEX
8
L4
10
-39.03828014678457
20
-55.17021311851468
0
VERTEX
8
L4
10
-39.03090424537125
20
-55.16374462658183
0
VERTEX
8
L4
10
-39.0244357534384
20
-55.15636872516849
0
VERTEX
8
L4
10
-39.018985348676395
20
-55.148211617992835
0
VERTEX
8
L4
10
-39.01464628902188
20
-55.13941287542022
0
VERTEX
8
L4
10
-39.01149281698855
20
-55.13012304637553
0
VERTEX
8
L4
10
-39.0095788893572
20
-55.12050108240934
0
VERTEX
8
L4
10
-39.00893725396023
20
-55.11071161799284
0
VERTEX
8
L4
10
-39.0095788893572
20
-55.100922153576334
0
VERTEX
8
L4
10
-39.01149281698855
20
-55.09130018961015
0
VERTEX
8
L4
10
-39.01464628902188
20
-55.082010360565455
0
VERTEX
8
L4
10
-39.018985348676395
20
-55.07321161799284
0
VERTEX
8
L4
10
-39.0244357534384
20
-55.065054510817184
0
VERTEX
8
L4
10
-39.03090424537125
20
-55.05767860940385
0
VERTEX
8
L4
10
-39.03828014678457
20
-55.051210117470994
0
VERTEX
8
L4
10
-39.046437253960235
20
-55.04575971270901
0
VERTEX
8
L4
10
-39.05523599653286
20
-55.041420653054494
0
VERTEX
8
L4
10
-39.06452582557755
20
-55.03826718102116
0
VERTEX
8
L4
10
-39.07414778954373
20
-55.036353253389805
0
VERTEX
8
L4
10
-39.08393725396023
20
-55.03571161799284
0
SEQEND
0
POLYLINE
8
L4
66
1
70
1
0
VERTEX
8
L4
10
-37.72455089820359
20
-56.69146706586827
0
VERTEX
8
L4
10
-37.73434036262009
20
-56.692108701265234
0
VERTEX
8
L4
10
-37.74396232658627
20
-56.69402262889659
0
VERTEX
8
L4
10
-37.753252155630975
20
-56.69717610092992
0
VERTEX
8
L4
10
-37.76205089820358
20
-56.701515160584435
0
VERTEX
8
L4
10
-37.770208005379246
20
-56.70696556534643
0
VERTEX
8
L4
10
-37.777583906792586
20
-56.71343405727928
0
VERTEX
8
L4
10
-37.784052398725436
20
-56.72080995869261
0
VERTEX
8
L4
10
-37.78950280348742
20
-56.72896706586827
0
VERTEX
8
L4
10
-37.793841863141935
20
-56.737765808440884
0
VERTEX
8
L4
10
-37.79699533517527
20
-56.74705563748558
0
VERTEX
8
L4
10
-37.79890926280662
20
-56.75667760145176
0
VERTEX
8
L4
10
-37.79955089820359
20
-56.76646706586827
0
VERTEX
8
L4
10
-37.79890926280662
20
-56.77625653028477
0
VERTEX
8
L4
10
-37.79699533517527
20
-56.78587849425096
0
VERTEX
8
L4
10
-37.793841863141935
20
-56.79516832329565
0
VERTEX
8
L4
10
-37.78950280348742
20
-56.80396706586827
0
VERTEX
8
L4
10
-37.784052398725436
20
-56.81212417304392
0
VERTEX
8
L4
10
-37.777583906792586
20
-56.81950007445726
0
VERTEX
8
L4
10
-37.770208005379246
20
-56.82596856639011
0
VERTEX
8
L4
10
-37.76205089820358
20
-56.831418971152104
0
VERTEX
8
L4
10
-37.753252155630975
20
-56.835758030806616
0
VERTEX
8
L4
10
-37.74396232658627
20
-56.83891150283995
0
VERTEX
8
L4
10
-37.73434036262009
20
-56.840825430471305
0
VERTEX
8
L4
10
-37.72455089820359
20
-56.841467065868265
0
VERTEX
8
L4
10
-37.71476143378709
20
-56.840825430471305
0
VERTEX
8
L4
10
-37.70513946982091
20
-56.83891150283995
0
VERTEX
8
L4
10
-37.6958496407762
20
-56.835758030806616
0
VERTEX
8
L4
10
-37.687050898203594
20
-56.831418971152104
0
VERTEX
8
L4
10
-37.67889379102793
20
-56.82596856639011
0
VERTEX
8
L4
10
-37.67151788961459
20
-56.81950007445726
0
VERTEX
8
L4
10
-37.66504939768174
20
-56.81212417304392
0
VERTEX
8
L4
10
-37.659598992919754
20
-56.80396706586827
0
VERTEX
8
L4
10
-37.65525993326524
20
-56.79516832329565
0
VERTEX
8
L4
10
-37.65210646123191
20
-56.78587849425096
0
VERTEX
8
L4
10
-37.65019253360056
20
-56.77625653028477
0
VERTEX
8
L4
10
-37.649550898203586
20
-56.76646706586827
0
VERTEX
8
L4
10
-37.65019253360056
20
-56.75667760145176
0
VERTEX
8
L4
10
-37.65210646123191
20
-56.74705563748558
0
VERTEX
8
L4
10
-37.65525993326524
20
-56.737765808440884
0
VERTEX
8
L4
10
-37.659598992919754
20
-56.72896706586827
0
VERTEX
8
L4
10
-37.66504939768174
20
-56.72080995869261
0
VERTEX
8
L4
10
-37.67151788961459
20
-56.71343405727928
0
VERTEX
8
L4
10
-37.67889379102793
20
-56.70696556534643
0
VERTEX
8
L4
10
-37.687050898203594
20
-56.701515160584435
0
VERTEX
8
L4
10
-37.6958496407762
20
-56.69717610092992
0
VERTEX
8
L4
10
-37.70513946982091
20
-56.69402262889659
0
VERTEX
8
L4
10
-37.71476143378709
20
-56.692108701265234
0
VERTEX
8
L4
10
-37.72455089820359
20
-56.69146706586827
0
SEQEND
0
POLYLINE
8
L4
66
1
70
1
0
VERTEX
8
L4
10
-33.95209580838322
20
-53.577694610778444
0
VERTEX
8
L4
10
-33.96188527279972
20
-53.57833624617541
0
VERTEX
8
L4
10
-33.971507236765916
20
-53.58025017380676
0
VERTEX
8
L4
10
-33.980797065810606
20
-53.5834036458401
0
VERTEX
8
L4
10
-33.98959580838323
20
-53.58774270549461
0
VERTEX
8
L4
10
-33.99775291555888
20
-53.5931931102566
0
VERTEX
8
L4
10
-34.00512881697222
20
-53.59966160218946
0
VERTEX
8
L4
10
-34.01159730890507
20
-53.60703750360279
0
VERTEX
8
L4
10
-34.017047713667054
20
-53.615194610778445
0
VERTEX
8
L4
10
-34.02138677332157
20
-53.62399335335106
0
VERTEX
8
L4
10
-34.0245402453549
20
-53.63328318239576
0
VERTEX
8
L4
10
-34.02645417298626
20
-53.64290514636194
0
VERTEX
8
L4
10
-34.02709580838322
20
-53.65269461077845
0
VERTEX
8
L4
10
-34.02645417298626
20
-53.662484075194946
0
VERTEX
8
L4
10
-34.0245402453549
20
-53.672106039161136
0
VERTEX
8
L4
10
-34.02138677332157
20
-53.681395868205826
0
VERTEX
8
L4
10
-34.017047713667054
20
-53.69019461077844
0
VERTEX
8
L4
10
-34.01159730890507
20
-53.6983517179541
0
VERTEX
8
L4
10
-34.00512881697222
20
-53.70572761936744
0
VERTEX
8
L4
10
-33.99775291555888
20
-53.71219611130029
0
VERTEX
8
L4
10
-33.98959580838323
20
-53.717646516062274
0
VERTEX
8
L4
10
-33.980797065810606
20
-53.72198557571679
0
VERTEX
8
L4
10
-33.971507236765916
20
-53.725139047750126
0
VERTEX
8
L4
10
-33.96188527279972
20
-53.72705297538148
0
VERTEX
8
L4
10
-33.95209580838322
20
-53.72769461077844
0
VERTEX
8
L4
10
-33.94230634396672
20
-53.72705297538148
0
VERTEX
8
L4
10
-33.93268438000054
20
-53.725139047750126
0
VERTEX
8
L4
10
-33.92339455095585
20
-53.72198557571679
0
VERTEX
8
L4
10
-33.914595808383226
20
-53.717646516062274
0
VERTEX
8
L4
10
-33.90643870120756
20
-53.71219611130029
0
VERTEX
8
L4
10
-33.89906279979424
20
-53.70572761936744
0
VERTEX
8
L4
10
-33.89259430786139
20
-53.6983517179541
0
VERTEX
8
L4
10
-33.887143903099386
20
-53.69019461077844
0
VERTEX
8
L4
10
-33.88280484344487
20
-53.681395868205826
0
VERTEX
8
L4
10
-33.87965137141154
20
-53.672106039161136
0
VERTEX
8
L4
10
-33.87773744378019
20
-53.662484075194946
0
VERTEX
8
L4
10
-33.87709580838322
20
-53.65269461077845
0
VERTEX
8
L4
10
-33.87773744378019
20
-53.64290514636194
0
VERTEX
8
L4
10
-33.87965137141154
20
-53.63328318239576
0
VERTEX
8
L4
10
-33.88280484344487
20
-53.62399335335106
0
VERTEX
8
L4
10
-33.887143903099386
20
-53.615194610778445
0
VERTEX
8
L4
10
-33.89259430786139
20
-53.60703750360279
0
VERTEX
8
L4
10
-33.89906279979424
20
-53.59966160218946
0
VERTEX
8
L4
10
-33.90643870120756
20
-53.5931931102566
0
VERTEX
8
L4
10
-33.914595808383226
20
-53.58774270549461
0
VERTEX
8
L4
10
-33.92339455095585
20
-53.5834036458401
0
VERTEX
8
L4
10
-33.93268438000054
20
-53.58025017380677
0
VERTEX
8
L4
10
-33.94230634396672
20
-53.57833624617541
0
VERTEX
8
L4
10
-33.95209580838322
20
-53.577694610778444
0
SEQEND
0
POLYLINE
8
L4
66
1
70
1
0
VERTEX
8
L4
10
-37.72455089820359
20
-55.73338323353294
0
VERTEX
8
L4
10
-37.73434036262009
20
-55.7340248689299
0
VERTEX
8
L4
10
-37.74396232658627
20
-55.73593879656126
0
VERTEX
8
L4
10
-37.753252155630975
20
-55.73909226859459
0
VERTEX
8
L4
10
-37.76205089820358
20
-55.7434313282491
0
VERTEX
8
L4
10
-37.770208005379246
20
-55.748881733011096
0
VERTEX
8
L4
10
-37.777583906792586
20
-55.755350224943946
0
VERTEX
8
L4
10
-37.784052398725436
20
-55.762726126357286
0
VERTEX
8
L4
10
-37.78950280348742
20
-55.770883233532935
0
VERTEX
8
L4
10
-37.793841863141935
20
-55.77968197610556
0
VERTEX
8
L4
10
-37.79699533517527
20
-55.78897180515025
0
VERTEX
8
L4
10
-37.79890926280662
20
-55.79859376911644
0
VERTEX
8
L4
10
-37.79955089820359
20
-55.808383233532936
0
VERTEX
8
L4
10
-37.79890926280662
20
-55.81817269794944
0
VERTEX
8
L4
10
-37.79699533517527
20
-55.827794661915625
0
VERTEX
8
L4
10
-37.793841863141935
20
-55.83708449096032
0
VERTEX
8
L4
10
-37.78950280348742
20
-55.84588323353294
0
VERTEX
8
L4
10
-37.784052398725436
20
-55.85404034070859
0
VERTEX
8
L4
10
-37.777583906792586
20
-55.861416242121926
0
VERTEX
8
L4
10
-37.770208005379246
20
-55.86788473405478
0
VERTEX
8
L4
10
-37.76205089820358
20
-55.87333513881677
0
VERTEX
8
L4
10
-37.753252155630975
20
-55.87767419847128
0
VERTEX
8
L4
10
-37.74396232658627
20
-55.880827670504615
0
VERTEX
8
L4
10
-37.73434036262009
20
-55.88274159813597
0
VERTEX
8
L4
10
-37.72455089820359
20
-55.88338323353294
0
VERTEX
8
L4
10
-37.71476143378709
20
-55.88274159813597
0
VERTEX
8
L4
10
-37.70513946982091
20
-55.880827670504615
0
VERTEX
8
L4
10
-37.6958496407762
20
-55.87767419847128
0
VERTEX
8
L4
10
-37.687050898203594
20
-55.87333513881677
0
VERTEX
8
L4
10
-37.67889379102793
20
-55.86788473405478
0
VERTEX
8
L4
10
-37.67151788961459
20
-55.861416242121926
0
VERTEX
8
L4
10
-37.66504939768174
20
-55.85404034070859
0
VERTEX
8
L4
10
-37.659598992919754
20
-55.84588323353294
0
VERTEX
8
L4
10
-37.65525993326524
20
-55.83708449096032
0
VERTEX
8
L4
10
-37.65210646123191
20
-55.827794661915625
0
VERTEX
8
L4
10
-37.65019253360056
20
-55.81817269794944
0
VERTEX
8
L4
10
-37.649550898203586
20
-55.808383233532936
0
VERTEX
8
L4
10
-37.65019253360056
20
-55.79859376911644
0
VERTEX
8
L4
10
-37.65210646123191
20
-55.78897180515025
0
VERTEX
8
L4
10
-37.65525993326524
20
-55.77968197610556
0
VERTEX
8
L4
10
-37.659598992919754
20
-55.770883233532935
0
VERTEX
8
L4
10
-37.66504939768174
20
-55.762726126357286
0
VERTEX
8
L4
10
-37.67151788961459
20
-55.755350224943946
0
VERTEX
8
L4
10
-37.67889379102793
20
-55.748881733011096
0
VERTEX
8
L4
10
-37.687050898203594
20
-55.7434313282491
0
VERTEX
8
L4
10
-37.6958496407762
20
-55.73909226859459
0
VERTEX
8
L4
10
-37.70513946982091
20
-55.73593879656126
0
VERTEX
8
L4
10
-37.71476143378709
20
-55.7340248689299
0
VERTEX
8
L4
10
-37.72455089820359
20
-55.73338323353294
0
SEQEND
0
POLYLINE
8
L4
66
1
70
1
0
VERTEX
8
L4
10
-37.72455089820359
20
-54.77529940119761
0
VERTEX
8
L4
10
-37.73434036262009
20
-54.775941036594574
0
VERTEX
8
L4
10
-37.74396232658627
20
-54.77785496422593
0
VERTEX
8
L4
10
-37.753252155630975
20
-54.78100843625926
0
VERTEX
8
L4
10
-37.76205089820358
20
-54.785347495913776
0
VERTEX
8
L4
10
-37.770208005379246
20
-54.79079790067576
0
VERTEX
8
L4
10
-37.777583906792586
20
-54.79726639260862
0
VERTEX
8
L4
10
-37.784052398725436
20
-54.80464229402195
0
VERTEX
8
L4
10
-37.78950280348742
20
-54.81279940119761
0
VERTEX
8
L4
10
-37.793841863141935
20
-54.821598143770224
0
VERTEX
8
L4
10
-37.79699533517527
20
-54.83088797281492
0
VERTEX
8
L4
10
-37.79890926280662
20
-54.8405099367811
0
VERTEX
8
L4
10
-37.79955089820359
20
-54.85029940119761
0
VERTEX
8
L4
10
-37.79890926280662
20
-54.86008886561411
0
VERTEX
8
L4
10
-37.79699533517527
20
-54.8697108295803
0
VERTEX
8
L4
10
-37.793841863141935
20
-54.87900065862499
0
VERTEX
8
L4
10
-37.78950280348742
20
-54.887799401197604
0
VERTEX
8
L4
10
-37.784052398725436
20
-54.89595650837326
0
VERTEX
8
L4
10
-37.777583906792586
20
-54.9033324097866
0
VERTEX
8
L4
10
-37.770208005379246
20
-54.90980090171945
0
VERTEX
8
L4
10
-37.76205089820358
20
-54.91525130648144
0
VERTEX
8
L4
10
-37.753252155630975
20
-54.91959036613596
0
VERTEX
8
L4
10
-37.74396232658627
20
-54.92274383816929
0
VERTEX
8
L4
10
-37.73434036262009
20
-54.924657765800646
0
VERTEX
8
L4
10
-37.72455089820359
20
-54.925299401197606
0
VERTEX
8
L4
10
-37.71476143378709
20
-54.924657765800646
0
VERTEX
8
L4
10
-37.70513946982091
20
-54.92274383816929
0
VERTEX
8
L4
10
-37.6958496407762
20
-54.91959036613596
0
VERTEX
8
L4
10
-37.687050898203594
20
-54.91525130648144
0
VERTEX
8
L4
10
-37.67889379102793
20
-54.90980090171945
0
VERTEX
8
L4
10
-37.67151788961459
20
-54.9033324097866
0
VERTEX
8
L4
10
-37.66504939768174
20
-54.89595650837326
0
VERTEX
8
L4
10
-37.659598992919754
20
-54.887799401197604
0
VERTEX
8
L4
10
-37.65525993326524
20
-54.87900065862499
0
VERTEX
8
L4
10
-37.65210646123191
20
-54.8697108295803
0
VERTEX
8
L4
10
-37.65019253360056
20
-54.86008886561411
0
VERTEX
8
L4
10
-37.649550898203586
20
-54.85029940119761
0
VERTEX
8
L4
10
-37.65019253360056
20
-54.8405099367811
0
VERTEX
8
L4
10
-37.65210646123191
20
-54.83088797281492
0
VERTEX
8
L4
10
-37.65525993326524
20
-54.821598143770224
0
VERTEX
8
L4
10
-37.659598992919754
20
-54.81279940119761
0
VERTEX
8
L4
10
-37.66504939768174
20
-54.80464229402195
0
VERTEX
8
L4
10
-37.67151788961459
20
-54.79726639260862
0
VERTEX
8
L4
10
-37.67889379102793
20
-54.79079790067576
0
VERTEX
8
L4
10
-37.687050898203594
20
-54.785347495913776
0
VERTEX
8
L4
10
-37.6958496407762
20
-54.78100843625926
0
VERTEX
8
L4
10
-37.70513946982091
20
-54.77785496422593
0
VERTEX
8
L4
10
-37.71476143378709
20
-54.775941036594574
0
VERTEX
8
L4
10
-37.72455089820359
20
-54.77529940119761
0
SEQEND
0
POLYLINE
8
L4
66
1
70
1
0
VERTEX
8
L4
10
-33.592814371257475
20
-55.61362275449102
0
VERTEX
8
L4
10
-33.602603835673975
20
-55.614264389887985
0
VERTEX
8
L4
10
-33.61222579964016
20
-55.61617831751934
0
VERTEX
8
L4
10
-33.62151562868486
20
-55.619331789552675
0
VERTEX
8
L4
10
-33.63031437125747
20
-55.62367084920719
0
VERTEX
8
L4
10
-33.63847147843313
20
-55.62912125396918
0
VERTEX
8
L4
10
-33.64584737984646
20
-55.63558974590203
0
VERTEX
8
L4
10
-33.65231587177932
20
-55.642965647315364
0
VERTEX
8
L4
10
-33.65776627654131
20
-55.65112275449102
0
VERTEX
8
L4
10
-33.66210533619582
20
-55.65992149706364
0
VERTEX
8
L4
10
-33.665258808229154
20
-55.66921132610833
0
VERTEX
8
L4
10
-33.667172735860504
20
-55.678833290074515
0
VERTEX
8
L4
10
-33.66781437125748
20
-55.68862275449102
0
VERTEX
8
L4
10
-33.667172735860504
20
-55.69841221890753
0
VERTEX
8
L4
10
-33.665258808229154
20
-55.70803418287371
0
VERTEX
8
L4
10
-33.66210533619582
20
-55.7173240119184
0
VERTEX
8
L4
10
-33.65776627654131
20
-55.72612275449102
0
VERTEX
8
L4
10
-33.65231587177932
20
-55.73427986166668
0
VERTEX
8
L4
10
-33.64584737984646
20
-55.74165576308001
0
VERTEX
8
L4
10
-33.63847147843313
20
-55.74812425501286
0
VERTEX
8
L4
10
-33.63031437125747
20
-55.753574659774856
0
VERTEX
8
L4
10
-33.62151562868486
20
-55.75791371942937
0
VERTEX
8
L4
10
-33.61222579964016
20
-55.7610671914627
0
VERTEX
8
L4
10
-33.602603835673975
20
-55.76298111909406
0
VERTEX
8
L4
10
-33.592814371257475
20
-55.763622754491024
0
VERTEX
8
L4
10
-33.583024906840976
20
-55.76298111909406
0
VERTEX
8
L4
10
-33.57340294287478
20
-55.7610671914627
0
VERTEX
8
L4
10
-33.56411311383009
20
-55.75791371942937
0
VERTEX
8
L4
10
-33.55531437125747
20
-55.753574659774856
0
VERTEX
8
L4
10
-33.54715726408182
20
-55.74812425501286
0
VERTEX
8
L4
10
-33.53978136266848
20
-55.74165576308001
0
VERTEX
8
L4
10
-33.53331287073563
20
-55.73427986166668
0
VERTEX
8
L4
10
-33.52786246597364
20
-55.72612275449102
0
VERTEX
8
L4
10
-33.52352340631913
20
-55.7173240119184
0
VERTEX
8
L4
10
-33.520369934285796
20
-55.70803418287371
0
VERTEX
8
L4
10
-33.51845600665443
20
-55.69841221890753
0
VERTEX
8
L4
10
-33.51781437125747
20
-55.68862275449102
0
VERTEX
8
L4
10
-33.51845600665443
20
-55.678833290074515
0
VERTEX
8
L4
10
-33.520369934285796
20
-55.66921132610833
0
VERTEX
8
L4
10
-33.52352340631913
20
-55.65992149706364
0
VERTEX
8
L4
10
-33.52786246597364
20
-55.65112275449102
0
VERTEX
8
L4
10
-33.53331287073563
20
-55.642965647315364
0
VERTEX
8
L4
10
-33.53978136266848
20
-55.63558974590203
0
VERTEX
8
L4
10
-33.54715726408182
20
-55.62912125396918
0
VERTEX
8
L4
10
-33.55531437125747
20
-55.62367084920719
0
VERTEX
8
L4
10
-33.56411311383009
20
-55.619331789552675
0
VERTEX
8
L4
10
-33.57340294287478
20
-55.61617831751934
0
VERTEX
8
L4
10
-33.583024906840976
20
-55.614264389887985
0
VERTEX
8
L4
10
-33.592814371257475
20
-55.61362275449102
0
SEQEND
0
POLYLINE
8
L4
66
1
70
1
0
VERTEX
8
L4
10
-37.72455089820359
20
-53.81721556886228
0
VERTEX
8
L4
10
-37.73434036262009
20
-53.81785720425924
0
VERTEX
8
L4
10
-37.74396232658627
20
-53.8197711318906
0
VERTEX
8
L4
10
-37.753252155630975
20
-53.82292460392393
0
VERTEX
8
L4
10
-37.76205089820358
20
-53.82726366357844
0
VERTEX
8
L4
10
-37.770208005379246
20
-53.83271406834044
0
VERTEX
8
L4
10
-37.777583906792586
20
-53.83918256027329
0
VERTEX
8
L4
10
-37.784052398725436
20
-53.84655846168663
0
VERTEX
8
L4
10
-37.78950280348742
20
-53.854715568862275
0
VERTEX
8
L4
10
-37.793841863141935
20
-53.8635143114349
0
VERTEX
8
L4
10
-37.79699533517527
20
-53.87280414047959
0
VERTEX
8
L4
10
-37.79890926280662
20
-53.88242610444578
0
VERTEX
8
L4
10
-37.79955089820359
20
-53.89221556886228
0
VERTEX
8
L4
10
-37.79890926280662
20
-53.90200503327878
0
VERTEX
8
L4
10
-37.79699533517527
20
-53.911626997244966
0
VERTEX
8
L4
10
-37.793841863141935
20
-53.92091682628966
0
VERTEX
8
L4
10
-37.78950280348742
20
-53.92971556886228
0
VERTEX
8
L4
10
-37.784052398725436
20
-53.937872676037934
0
VERTEX
8
L4
10
-37.777583906792586
20
-53.94524857745127
0
VERTEX
8
L4
10
-37.770208005379246
20
-53.951717069384124
0
VERTEX
8
L4
10
-37.76205089820358
20
-53.95716747414611
0
VERTEX
8
L4
10
-37.753252155630975
20
-53.96150653380062
0
VERTEX
8
L4
10
-37.74396232658627
20
-53.964660005833956
0
VERTEX
8
L4
10
-37.73434036262009
20
-53.96657393346531
0
VERTEX
8
L4
10
-37.72455089820359
20
-53.96721556886228
0
VERTEX
8
L4
10
-37.71476143378709
20
-53.96657393346531
0
VERTEX
8
L4
10
-37.70513946982091
20
-53.964660005833956
0
VERTEX
8
L4
10
-37.6958496407762
20
-53.96150653380062
0
VERTEX
8
L4
10
-37.687050898203594
20
-53.95716747414611
0
VERTEX
8
L4
10
-37.67889379102793
20
-53.951717069384124
0
VERTEX
8
L4
10
-37.67151788961459
20
-53.94524857745127
0
VERTEX
8
L4
10
-37.66504939768174
20
-53.937872676037934
0
VERTEX
8
L4
10
-37.659598992919754
20
-53.92971556886228
0
VERTEX
8
L4
10
-37.65525993326524
20
-53.92091682628966
0
VERTEX
8
L4
10
-37.65210646123191
20
-53.911626997244966
0
VERTEX
8
L4
10
-37.65019253360056
20
-53.90200503327878
0
VERTEX
8
L4
10
-37.649550898203586
20
-53.89221556886228
0
VERTEX
8
L4
10
-37.65019253360056
20
-53.88242610444578
0
VERTEX
8
L4
10
-37.65210646123191
20
-53.87280414047959
0
VERTEX
8
L4
10
-37.65525993326524
20
-53.8635143114349
0
VERTEX
8
L4
10
-37.659598992919754
20
-53.854715568862275
0
VERTEX
8
L4
10
-37.66504939768174
20
-53.84655846168663
0
VERTEX
8
L4
10
-37.67151788961459
20
-53.83918256027329
0
VERTEX
8
L4
10
-37.67889379102793
20
-53.83271406834044
0
VERTEX
8
L4
10
-37.687050898203594
20
-53.82726366357844
0
VERTEX
8
L4
10
-37.6958496407762
20
-53.82292460392393
0
VERTEX
8
L4
10
-37.70513946982091
20
-53.8197711318906
0
VERTEX
8
L4
10
-37.71476143378709
20
-53.81785720425924
0
VERTEX
8
L4
10
-37.72455089820359
20
-53.81721556886228
0
SEQEND
0
POLYLINE
8
L4
66
1
70
1
0
VERTEX
8
L4
10
-37.72455089820359
20
-53.338173652694614
0
VERTEX
8
L4
10
-37.73434036262009
20
-53.338815288091574
0
VERTEX
8
L4
10
-37.74396232658627
20
-53.34072921572293
0
VERTEX
8
L4
10
-37.753252155630975
20
-53.34388268775626
0
VERTEX
8
L4
10
-37.76205089820358
20
-53.348221747410776
0
VERTEX
8
L4
10
-37.770208005379246
20
-53.35367215217277
0
VERTEX
8
L4
10
-37.777583906792586
20
-53.36014064410562
0
VERTEX
8
L4
10
-37.784052398725436
20
-53.36751654551896
0
VERTEX
8
L4
10
-37.78950280348742
20
-53.37567365269461
0
VERTEX
8
L4
10
-37.793841863141935
20
-53.38447239526723
0
VERTEX
8
L4
10
-37.79699533517527
20
-53.39376222431192
0
VERTEX
8
L4
10
-37.79890926280662
20
-53.40338418827811
0
VERTEX
8
L4
10
-37.79955089820359
20
-53.41317365269461
0
VERTEX
8
L4
10
-37.79890926280662
20
-53.42296311711112
0
VERTEX
8
L4
10
-37.79699533517527
20
-53.4325850810773
0
VERTEX
8
L4
10
-37.793841863141935
20
-53.441874910121996
0
VERTEX
8
L4
10
-37.78950280348742
20
-53.45067365269461
0
VERTEX
8
L4
10
-37.784052398725436
20
-53.45883075987027
0
VERTEX
8
L4
10
-37.777583906792586
20
-53.4662066612836
0
VERTEX
8
L4
10
-37.770208005379246
20
-53.47267515321646
0
VERTEX
8
L4
10
-37.76205089820358
20
-53.478125557978444
0
VERTEX
8
L4
10
-37.753252155630975
20
-53.48246461763296
0
VERTEX
8
L4
10
-37.74396232658627
20
-53.48561808966629
0
VERTEX
8
L4
10
-37.73434036262009
20
-53.487532017297646
0
VERTEX
8
L4
10
-37.72455089820359
20
-53.48817365269461
0
VERTEX
8
L4
10
-37.71476143378709
20
-53.487532017297646
0
VERTEX
8
L4
10
-37.70513946982091
20
-53.48561808966629
0
VERTEX
8
L4
10
-37.6958496407762
20
-53.48246461763296
0
VERTEX
8
L4
10
-37.687050898203594
20
-53.478125557978444
0
VERTEX
8
L4
10
-37.67889379102793
20
-53.47267515321646
0
VERTEX
8
L4
10
-37.67151788961459
20
-53.4662066612836
0
VERTEX
8
L4
10
-37.66504939768174
20
-53.45883075987027
0
VERTEX
8
L4
10
-37.659598992919754
20
-53.45067365269461
0
VERTEX
8
L4
10
-37.65525993326524
20
-53.441874910121996
0
VERTEX
8
L4
10
-37.65210646123191
20
-53.4325850810773
0
VERTEX
8
L4
10
-37.65019253360056
20
-53.42296311711112
0
VERTEX
8
L4
10
-37.649550898203586
20
-53.41317365269461
0
VERTEX
8
L4
10
-37.65019253360056
20
-53.40338418827811
0
VERTEX
8
L4
10
-37.65210646123191
20
-53.39376222431192
0
VERTEX
8
L4
10
-37.65525993326524
20
-53.38447239526723
0
VERTEX
8
L4
10
-37.659598992919754
20
-53.37567365269461
0
VERTEX
8
L4
10
-37.66504939768174
20
-53.36751654551896
0
VERTEX
8
L4
10
-37.67151788961459
20
-53.36014064410562
0
VERTEX
8
L4
10
-37.67889379102793
20
-53.35367215217277
0
VERTEX
8
L4
10
-37.687050898203594
20
-53.348221747410776
0
VERTEX
8
L4
10
-37.6958496407762
20
-53.34388268775626
0
VERTEX
8
L4
10
-37.70513946982091
20
-53.34072921572293
0
VERTEX
8
L4
10
-37.71476143378709
20
-53.338815288091574
0
VERTEX
8
L4
10
-37.72455089820359
20
-53.338173652694614
0
SEQEND
0
POLYLINE
8
L4
66
1
70
1
0
VERTEX
8
L4
10
-35.86826347305389
20
-53.577694610778444
0
VERTEX
8
L4
10
-35.878052937470386
20
-53.57833624617541
0
VERTEX
8
L4
10
-35.88767490143657
20
-53.58025017380676
0
VERTEX
8
L4
10
-35.89696473048127
20
-53.5834036458401
0
VERTEX
8
L4
10
-35.90576347305388
20
-53.58774270549461
0
VERTEX
8
L4
10
-35.913920580229544
20
-53.5931931102566
0
VERTEX
8
L4
10
-35.92129648164287
20
-53.59966160218946
0
VERTEX
8
L4
10
-35.927764973575734
20
-53.60703750360279
0
VERTEX
8
L4
10
-35.93321537833772
20
-53.615194610778445
0
VERTEX
8
L4
10
-35.93755443799223
20
-53.62399335335106
0
VERTEX
8
L4
10
-35.940707910025566
20
-53.63328318239576
0
VERTEX
8
L4
10
-35.942621837656915
20
-53.64290514636194
0
VERTEX
8
L4
10
-35.94326347305389
20
-53.65269461077845
0
VERTEX
8
L4
10
-35.942621837656915
20
-53.662484075194946
0
VERTEX
8
L4
10
-35.940707910025566
20
-53.672106039161136
0
VERTEX
8
L4
10
-35.93755443799223
20
-53.681395868205826
0
VERTEX
8
L4
10
-35.93321537833772
20
-53.69019461077844
0
VERTEX
8
L4
10
-35.927764973575734
20
-53.6983517179541
0
VERTEX
8
L4
10
-35.92129648164287
20
-53.70572761936744
0
VERTEX
8
L4
10
-35.913920580229544
20
-53.71219611130029
0
VERTEX
8
L4
10
-35.90576347305388
20
-53.717646516062274
0
VERTEX
8
L4
10
-35.89696473048127
20
-53.72198557571679
0
VERTEX
8
L4
10
-35.88767490143657
20
-53.725139047750126
0
VERTEX
8
L4
10
-35.878052937470386
20
-53.72705297538148
0
VERTEX
8
L4
10
-35.86826347305389
20
-53.72769461077844
0
VERTEX
8
L4
10
-35.85847400863739
20
-53.72705297538148
0
VERTEX
8
L4
10
-35.84885204467119
20
-53.725139047750126
0
VERTEX
8
L4
10
-35.8395622156265
20
-53.72198557571679
0
VERTEX
8
L4
10
-35.83076347305388
20
-53.717646516062274
0
VERTEX
8
L4
10
-35.82260636587823
20
-53.71219611130029
0
VERTEX
8
L4
10
-35.81523046446489
20
-53.70572761936744
0
VERTEX
8
L4
10
-35.80876197253204
20
-53.6983517179541
0
VERTEX
8
L4
10
-35.80331156777005
20
-53.69019461077844
0
VERTEX
8
L4
10
-35.79897250811554
20
-53.681395868205826
0
VERTEX
8
L4
10
-35.79581903608221
20
-53.672106039161136
0
VERTEX
8
L4
10
-35.79390510845084
20
-53.662484075194946
0
VERTEX
8
L4
10
-35.793263473053884
20
-53.65269461077845
0
VERTEX
8
L4
10
-35.79390510845084
20
-53.64290514636194
0
VERTEX
8
L4
10
-35.79581903608221
20
-53.63328318239576
0
VERTEX
8
L4
10
-35.79897250811554
20
-53.62399335335106
0
VERTEX
8
L4
10
-35.80331156777005
20
-53.615194610778445
0
VERTEX
8
L4
10
-35.80876197253204
20
-53.60703750360279
0
VERTEX
8
L4
10
-35.81523046446489
20
-53.59966160218946
0
VERTEX
8
L4
10
-35.82260636587823
20
-53.5931931102566
0
VERTEX
8
L4
10
-35.83076347305388
20
-53.58774270549461
0
VERTEX
8
L4
10
-35.8395622156265
20
-53.5834036458401
0
VERTEX
8
L4
10
-35.84885204467119
20
-53.58025017380677
0
VERTEX
8
L4
10
-35.85847400863739
20
-53.57833624617541
0
VERTEX
8
L4
10
-35.86826347305389
20
-53.577694610778444
0
SEQEND
0
POLYLINE
8
L4
66
1
70
1
0
VERTEX
8
L4
10
-37.72455089820359
20
-54.29625748502994
0
VERTEX
8
L4
10
-37.73434036262009
20
-54.29689912042691
0
VERTEX
8
L4
10
-37.74396232658627
20
-54.298813048058264
0
VERTEX
8
L4
10
-37.753252155630975
20
-54.3019665200916
0
VERTEX
8
L4
10
-37.76205089820358
20
-54.30630557974611
0
VERTEX
8
L4
10
-37.770208005379246
20
-54.311755984508096
0
VERTEX
8
L4
10
-37.777583906792586
20
-54.31822447644095
0
VERTEX
8
L4
10
-37.784052398725436
20
-54.325600377854286
0
VERTEX
8
L4
10
-37.78950280348742
20
-54.33375748502994
0
VERTEX
8
L4
10
-37.793841863141935
20
-54.34255622760256
0
VERTEX
8
L4
10
-37.79699533517527
20
-54.351846056647254
0
VERTEX
8
L4
10
-37.79890926280662
20
-54.36146802061344
0
VERTEX
8
L4
10
-37.79955089820359
20
-54.37125748502994
0
VERTEX
8
L4
10
-37.79890926280662
20
-54.38104694944644
0
VERTEX
8
L4
10
-37.79699533517527
20
-54.39066891341263
0
VERTEX
8
L4
10
-37.793841863141935
20
-54.39995874245732
0
VERTEX
8
L4
10
-37.78950280348742
20
-54.408757485029945
0
VERTEX
8
L4
10
-37.784052398725436
20
-54.41691459220559
0
VERTEX
8
L4
10
-37.777583906792586
20
-54.42429049361893
0
VERTEX
8
L4
10
-37.770208005379246
20
-54.43075898555178
0
VERTEX
8
L4
10
-37.76205089820358
20
-54.43620939031378
0
VERTEX
8
L4
10
-37.753252155630975
20
-54.44054844996829
0
VERTEX
8
L4
10
-37.74396232658627
20
-54.44370192200162
0
VERTEX
8
L4
10
-37.73434036262009
20
-54.44561584963298
0
VERTEX
8
L4
10
-37.72455089820359
20
-54.44625748502994
0
VERTEX
8
L4
10
-37.71476143378709
20
-54.44561584963298
0
VERTEX
8
L4
10
-37.70513946982091
20
-54.44370192200162
0
VERTEX
8
L4
10
-37.6958496407762
20
-54.44054844996829
0
VERTEX
8
L4
10
-37.687050898203594
20
-54.43620939031378
0
VERTEX
8
L4
10
-37.67889379102793
20
-54.43075898555178
0
VERTEX
8
L4
10
-37.67151788961459
20
-54.42429049361893
0
VERTEX
8
L4
10
-37.66504939768174
20
-54.41691459220559
0
VERTEX
8
L4
10
-37.659598992919754
20
-54.408757485029945
0
VERTEX
8
L4
10
-37.65525993326524
20
-54.39995874245732
0
VERTEX
8
L4
10
-37.65210646123191
20
-54.39066891341263
0
VERTEX
8
L4
10
-37.65019253360056
20
-54.38104694944644
0
VERTEX
8
L4
10
-37.649550898203586
20
-54.37125748502994
0
VERTEX
8
L4
10
-37.65019253360056
20
-54.36146802061344
0
VERTEX
8
L4
10
-37.65210646123191
20
-54.351846056647254
0
VERTEX
8
L4
10
-37.65525993326524
20
-54.34255622760256
0
VERTEX
8
L4
10
-37.659598992919754
20
-54.33375748502994
0
VERTEX
8
L4
10
-37.66504939768174
20
-54.325600377854286
0
VERTEX
8
L4
10
-37.67151788961459
20
-54.31822447644095
0
VERTEX
8
L4
10
-37.67889379102793
20
-54.311755984508096
0
VERTEX
8
L4
10
-37.687050898203594
20
-54.30630557974611
0
VERTEX
8
L4
10
-37.6958496407762
20
-54.3019665200916
0
VERTEX
8
L4
10
-37.70513946982091
20
-54.298813048058264
0
VERTEX
8
L4
10
-37.71476143378709
20
-54.29689912042691
0
VERTEX
8
L4
10
-37.72455089820359
20
-54.29625748502994
0
SEQEND
0
POLYLINE
8
L4
66
1
70
1
0
VERTEX
8
L4
10
-35.86826347305389
20
-53.14056886227545
0
VERTEX
8
L4
10
-35.878052937470386
20
-53.14121049767241
0
VERTEX
8
L4
10
-35.88767490143657
20
-53.14312442530377
0
VERTEX
8
L4
10
-35.89696473048127
20
-53.1462778973371
0
VERTEX
8
L4
10
-35.90576347305388
20
-53.15061695699162
0
VERTEX
8
L4
10
-35.913920580229544
20
-53.15606736175361
0
VERTEX
8
L4
10
-35.92129648164287
20
-53.16253585368646
0
VERTEX
8
L4
10
-35.927764973575734
20
-53.1699117550998
0
VERTEX
8
L4
10
-35.93321537833772
20
-53.17806886227545
0
VERTEX
8
L4
10
-35.93755443799223
20
-53.18686760484807
0
VERTEX
8
L4
10
-35.940707910025566
20
-53.196157433892765
0
VERTEX
8
L4
10
-35.942621837656915
20
-53.20577939785895
0
VERTEX
8
L4
10
-35.94326347305389
20
-53.21556886227545
0
VERTEX
8
L4
10
-35.942621837656915
20
-53.22535832669195
0
VERTEX
8
L4
10
-35.940707910025566
20
-53.234980290658136
0
VERTEX
8
L4
10
-35.93755443799223
20
-53.24427011970283
0
VERTEX
8
L4
10
-35.93321537833772
20
-53.25306886227545
0
VERTEX
8
L4
10
-35.927764973575734
20
-53.261225969451104
0
VERTEX
8
L4
10
-35.92129648164287
20
-53.268601870864444
0
VERTEX
8
L4
10
-35.913920580229544
20
-53.275070362797294
0
VERTEX
8
L4
10
-35.90576347305388
20
-53.28052076755928
0
VERTEX
8
L4
10
-35.89696473048127
20
-53.28485982721379
0
VERTEX
8
L4
10
-35.88767490143657
20
-53.28801329924713
0
VERTEX
8
L4
10
-35.878052937470386
20
-53.28992722687848
0
VERTEX
8
L4
10
-35.86826347305389
20
-53.29056886227545
0
VERTEX
8
L4
10
-35.85847400863739
20
-53.28992722687848
0
VERTEX
8
L4
10
-35.84885204467119
20
-53.28801329924713
0
VERTEX
8
L4
10
-35.8395622156265
20
-53.28485982721379
0
VERTEX
8
L4
10
-35.83076347305388
20
-53.28052076755928
0
VERTEX
8
L4
10
-35.82260636587823
20
-53.275070362797294
0
VERTEX
8
L4
10
-35.81523046446489
20
-53.268601870864444
0
VERTEX
8
L4
10
-35.80876197253204
20
-53.261225969451104
0
VERTEX
8
L4
10
-35.80331156777005
20
-53.25306886227545
0
VERTEX
8
L4
10
-35.79897250811554
20
-53.24427011970283
0
VERTEX
8
L4
10
-35.79581903608221
20
-53.234980290658136
0
VERTEX
8
L4
10
-35.79390510845084
20
-53.22535832669195
0
VERTEX
8
L4
10
-35.793263473053884
20
-53.21556886227545
0
VERTEX
8
L4
10
-35.79390510845084
20
-53.20577939785895
0
VERTEX
8
L4
10
-35.79581903608221
20
-53.196157433892765
0
VERTEX
8
L4
10
-35.79897250811554
20
-53.18686760484807
0
VERTEX
8
L4
10
-35.80331156777005
20
-53.17806886227545
0
VERTEX
8
L4
10
-35.80876197253204
20
-53.1699117550998
0
VERTEX
8
L4
10
-35.81523046446489
20
-53.16253585368646
0
VERTEX
8
L4
10
-35.82260636587823
20
-53.15606736175361
0
VERTEX
8
L4
10
-35.83076347305388
20
-53.15061695699162
0
VERTEX
8
L4
10
-35.8395622156265
20
-53.1462778973371
0
VERTEX
8
L4
10
-35.84885204467119
20
-53.14312442530377
0
VERTEX
8
L4
10
-35.85847400863739
20
-53.14121049767241
0
VERTEX
8
L4
10
-35.86826347305389
20
-53.14056886227545
0
SEQEND
0
POLYLINE
8
L4
66
1
70
1
0
VERTEX
8
L4
10
-37.72455089820359
20
-55.254341317365274
0
VERTEX
8
L4
10
-37.73434036262009
20
-55.254982952762234
0
VERTEX
8
L4
10
-37.74396232658627
20
-55.25689688039359
0
VERTEX
8
L4
10
-37.753252155630975
20
-55.26005035242692
0
VERTEX
8
L4
10
-37.76205089820358
20
-55.26438941208144
0
VERTEX
8
L4
10
-37.770208005379246
20
-55.26983981684343
0
VERTEX
8
L4
10
-37.777583906792586
20
-55.27630830877628
0
VERTEX
8
L4
10
-37.784052398725436
20
-55.28368421018962
0
VERTEX
8
L4
10
-37.78950280348742
20
-55.291841317365275
0
VERTEX
8
L4
10
-37.793841863141935
20
-55.30064005993789
0
VERTEX
8
L4
10
-37.79699533517527
20
-55.30992988898258
0
VERTEX
8
L4
10
-37.79890926280662
20
-55.31955185294877
0
VERTEX
8
L4
10
-37.79955089820359
20
-55.32934131736527
0
VERTEX
8
L4
10
-37.79890926280662
20
-55.339130781781776
0
VERTEX
8
L4
10
-37.79699533517527
20
-55.34875274574796
0
VERTEX
8
L4
10
-37.793841863141935
20
-55.358042574792655
0
VERTEX
8
L4
10
-37.78950280348742
20
-55.36684131736527
0
VERTEX
8
L4
10
-37.784052398725436
20
-55.37499842454093
0
VERTEX
8
L4
10
-37.777583906792586
20
-55.38237432595427
0
VERTEX
8
L4
10
-37.770208005379246
20
-55.38884281788712
0
VERTEX
8
L4
10
-37.76205089820358
20
-55.394293222649104
0
VERTEX
8
L4
10
-37.753252155630975
20
-55.398632282303616
0
VERTEX
8
L4
10
-37.74396232658627
20
-55.401785754336956
0
VERTEX
8
L4
10
-37.73434036262009
20
-55.403699681968305
0
VERTEX
8
L4
10
-37.72455089820359
20
-55.40434131736527
0
VERTEX
8
L4
10
-37.71476143378709
20
-55.403699681968305
0
VERTEX
8
L4
10
-37.70513946982091
20
-55.401785754336956
0
VERTEX
8
L4
10
-37.6958496407762
20
-55.398632282303616
0
VERTEX
8
L4
10
-37.687050898203594
20
-55.394293222649104
0
VERTEX
8
L4
10
-37.67889379102793
20
-55.38884281788712
0
VERTEX
8
L4
10
-37.67151788961459
20
-55.38237432595427
0
VERTEX
8
L4
10
-37.66504939768174
20
-55.37499842454093
0
VERTEX
8
L4
10
-37.659598992919754
20
-55.36684131736527
0
VERTEX
8
L4
10
-37.65525993326524
20
-55.358042574792655
0
VERTEX
8
L4
10
-37.65210646123191
20
-55.34875274574796
0
VERTEX
8
L4
10
-37.65019253360056
20
-55.339130781781776
0
VERTEX
8
L4
10
-37.649550898203586
20
-55.32934131736527
0
VERTEX
8
L4
10
-37.65019253360056
20
-55.31955185294877
0
VERTEX
8
L4
10
-37.65210646123191
20
-55.30992988898258
0
VERTEX
8
L4
10
-37.65525993326524
20
-55.30064005993789
0
VERTEX
8
L4
10
-37.659598992919754
20
-55.291841317365275
0
VERTEX
8
L4
10
-37.66504939768174
20
-55.28368421018962
0
VERTEX
8
L4
10
-37.67151788961459
20
-55.27630830877628
0
VERTEX
8
L4
10
-37.67889379102793
20
-55.26983981684343
0
VERTEX
8
L4
10
-37.687050898203594
20
-55.26438941208144
0
VERTEX
8
L4
10
-37.6958496407762
20
-55.26005035242692
0
VERTEX
8
L4
10
-37.70513946982091
20
-55.25689688039359
0
VERTEX
8
L4
10
-37.71476143378709
20
-55.254982952762234
0
VERTEX
8
L4
10
-37.72455089820359
20
-55.254341317365274
0
SEQEND
0
POLYLINE
8
L4
66
1
70
1
0
VERTEX
8
L4
10
-36.46706586826346
20
-55.61362275449102
0
VERTEX
8
L4
10
-36.476855332679975
20
-55.614264389887985
0
VERTEX
8
L4
10
-36.48647729664616
20
-55.61617831751934
0
VERTEX
8
L4
10
-36.49576712569085
20
-55.619331789552675
0
VERTEX
8
L4
10
-36.50456586826347
20
-55.62367084920719
0
VERTEX
8
L4
10
-36.51272297543912
20
-55.62912125396918
0
VERTEX
8
L4
10
-36.52009887685246
20
-55.63558974590203
0
VERTEX
8
L4
10
-36.52656736878531
20
-55.642965647315364
0
VERTEX
8
L4
10
-36.532017773547295
20
-55.65112275449102
0
VERTEX
8
L4
10
-36.53635683320181
20
-55.65992149706364
0
VERTEX
8
L4
10
-36.53951030523514
20
-55.66921132610833
0
VERTEX
8
L4
10
-36.541424232866504
20
-55.678833290074515
0
VERTEX
8
L4
10
-36.542065868263464
20
-55.68862275449102
0
VERTEX
8
L4
10
-36.541424232866504
20
-55.69841221890753
0
VERTEX
8
L4
10
-36.53951030523514
20
-55.70803418287371
0
VERTEX
8
L4
10
-36.53635683320181
20
-55.7173240119184
0
VERTEX
8
L4
10
-36.532017773547295
20
-55.72612275449102
0
VERTEX
8
L4
10
-36.52656736878531
20
-55.73427986166668
0
VERTEX
8
L4
10
-36.52009887685246
20
-55.74165576308001
0
VERTEX
8
L4
10
-36.51272297543912
20
-55.74812425501286
0
VERTEX
8
L4
10
-36.50456586826347
20
-55.753574659774856
0
VERTEX
8
L4
10
-36.49576712569085
20
-55.75791371942937
0
VERTEX
8
L4
10
-36.48647729664616
20
-55.7610671914627
0
VERTEX
8
L4
10
-36.476855332679975
20
-55.76298111909406
0
VERTEX
8
L4
10
-36.46706586826346
20
-55.763622754491024
0
VERTEX
8
L4
10
-36.45727640384696
20
-55.76298111909406
0
VERTEX
8
L4
10
-36.44765443988078
20
-55.7610671914627
0
VERTEX
8
L4
10
-36.43836461083609
20
-55.75791371942937
0
VERTEX
8
L4
10
-36.42956586826347
20
-55.753574659774856
0
VERTEX
8
L4
10
-36.42140876108782
20
-55.74812425501286
0
VERTEX
8
L4
10
-36.41403285967448
20
-55.74165576308001
0
VERTEX
8
L4
10
-36.40756436774163
20
-55.73427986166668
0
VERTEX
8
L4
10
-36.40211396297963
20
-55.72612275449102
0
VERTEX
8
L4
10
-36.397774903325114
20
-55.7173240119184
0
VERTEX
8
L4
10
-36.39462143129178
20
-55.70803418287371
0
VERTEX
8
L4
10
-36.39270750366043
20
-55.69841221890753
0
VERTEX
8
L4
10
-36.39206586826347
20
-55.68862275449102
0
VERTEX
8
L4
10
-36.39270750366043
20
-55.678833290074515
0
VERTEX
8
L4
10
-36.39462143129178
20
-55.66921132610833
0
VERTEX
8
L4
10
-36.397774903325114
20
-55.65992149706364
0
VERTEX
8
L4
10
-36.40211396297963
20
-55.65112275449102
0
VERTEX
8
L4
10
-36.40756436774163
20
-55.642965647315364
0
VERTEX
8
L4
10
-36.41403285967448
20
-55.63558974590203
0
VERTEX
8
L4
10
-36.42140876108782
20
-55.62912125396918
0
VERTEX
8
L4
10
-36.42956586826347
20
-55.62367084920719
0
VERTEX
8
L4
10
-36.43836461083609
20
-55.619331789552675
0
VERTEX
8
L4
10
-36.44765443988078
20
-55.61617831751934
0
VERTEX
8
L4
10
-36.45727640384696
20
-55.614264389887985
0
VERTEX
8
L4
10
-36.46706586826346
20
-55.61362275449102
0
SEQEND
0
POLYLINE
8
L4
66
1
70
1
0
VERTEX
8
L4
10
-37.72455089820359
20
-56.2124251497006
0
VERTEX
8
L4
10
-37.73434036262009
20
-56.21306678509757
0
VERTEX
8
L4
10
-37.74396232658627
20
-56.214980712728924
0
VERTEX
8
L4
10
-37.753252155630975
20
-56.218134184762256
0
VERTEX
8
L4
10
-37.76205089820358
20
-56.22247324441677
0
VERTEX
8
L4
10
-37.770208005379246
20
-56.22792364917876
0
VERTEX
8
L4
10
-37.777583906792586
20
-56.23439214111161
0
VERTEX
8
L4
10
-37.784052398725436
20
-56.241768042524946
0
VERTEX
8
L4
10
-37.78950280348742
20
-56.2499251497006
0
VERTEX
8
L4
10
-37.793841863141935
20
-56.258723892273224
0
VERTEX
8
L4
10
-37.79699533517527
20
-56.268013721317914
0
VERTEX
8
L4
10
-37.79890926280662
20
-56.277635685284096
0
VERTEX
8
L4
10
-37.79955089820359
20
-56.2874251497006
0
VERTEX
8
L4
10
-37.79890926280662
20
-56.29721461411711
0
VERTEX
8
L4
10
-37.79699533517527
20
-56.30683657808329
0
VERTEX
8
L4
10
-37.793841863141935
20
-56.31612640712798
0
VERTEX
8
L4
10
-37.78950280348742
20
-56.324925149700604
0
VERTEX
8
L4
10
-37.784052398725436
20
-56.33308225687626
0
VERTEX
8
L4
10
-37.777583906792586
20
-56.34045815828959
0
VERTEX
8
L4
10
-37.770208005379246
20
-56.34692665022244
0
VERTEX
8
L4
10
-37.76205089820358
20
-56.35237705498444
0
VERTEX
8
L4
10
-37.753252155630975
20
-56.35671611463895
0
VERTEX
8
L4
10
-37.74396232658627
20
-56.35986958667228
0
VERTEX
8
L4
10
-37.73434036262009
20
-56.36178351430364
0
VERTEX
8
L4
10
-37.72455089820359
20
-56.362425149700606
0
VERTEX
8
L4
10
-37.71476143378709
20
-56.36178351430364
0
VERTEX
8
L4
10
-37.70513946982091
20
-56.35986958667228
0
VERTEX
8
L4
10
-37.6958496407762
20
-56.35671611463895
0
VERTEX
8
L4
10
-37.687050898203594
20
-56.35237705498444
0
VERTEX
8
L4
10
-37.67889379102793
20
-56.34692665022244
0
VERTEX
8
L4
10
-37.67151788961459
20
-56.34045815828959
0
VERTEX
8
L4
10
-37.66504939768174
20
-56.33308225687626
0
VERTEX
8
L4
10
-37.659598992919754
20
-56.324925149700604
0
VERTEX
8
L4
10
-37.65525993326524
20
-56.31612640712798
0
VERTEX
8
L4
10
-37.65210646123191
20
-56.30683657808329
0
VERTEX
8
L4
10
-37.65019253360056
20
-56.29721461411711
0
VERTEX
8
L4
10
-37.649550898203586
20
-56.2874251497006
0
VERTEX
8
L4
10
-37.65019253360056
20
-56.277635685284096
0
VERTEX
8
L4
10
-37.65210646123191
20
-56.268013721317914
0
VERTEX
8
L4
10
-37.65525993326524
20
-56.258723892273224
0
VERTEX
8
L4
10
-37.659598992919754
20
-56.2499251497006
0
VERTEX
8
L4
10
-37.66504939768174
20
-56.241768042524946
0
VERTEX
8
L4
10
-37.67151788961459
20
-56.23439214111161
0
VERTEX
8
L4
10
-37.67889379102793
20
-56.22792364917876
0
VERTEX
8
L4
10
-37.687050898203594
20
-56.22247324441677
0
VERTEX
8
L4
10
-37.6958496407762
20
-56.218134184762256
0
VERTEX
8
L4
10
-37.70513946982091
20
-56.214980712728924
0
VERTEX
8
L4
10
-37.71476143378709
20
-56.21306678509757
0
VERTEX
8
L4
10
-37.72455089820359
20
-56.2124251497006
0
SEQEND
0
POLYLINE
8
L4
66
1
70
1
0
VERTEX
8
L4
10
-31.439995393432355
20
-55.39367001410194
0
VERTEX
8
L4
10
-31.41145338748133
20
-55.40265331500438
0
VERTEX
8
L4
10
-31.38153218363749
20
-55.4023937782106
0
VERTEX
8
L4
10
-31.35315030301767
20
-55.39291671899927
0
VERTEX
8
L4
10
-31.329076120796813
20
-55.37514653190939
0
VERTEX
8
L4
10
-31.311657838255485
20
-55.350816525084014
0
VERTEX
8
L4
10
-31.302594438685986
20
-55.32229985299459
0
VERTEX
8
L4
10
-31.302769968170566
20
-55.29237803840703
0
VERTEX
8
L4
10
-31.312167305522834
20
-55.26396966201027
0
VERTEX
8
L4
10
-31.329869832292303
20
-55.23984568338342
0
VERTEX
8
L4
10
-31.35415083993915
20
-55.22235916095997
0
VERTEX
8
L4
10
-31.3826419533831
20
-55.21321573416604
0
VERTEX
8
L4
10
-31.412564142854407
20
-55.21330725495778
0
VERTEX
8
L4
10
-31.440998791097897
20
-55.22262479637608
0
VERTEX
8
L4
10
-31.465172375972458
20
-55.240259523284216
0
VERTEX
8
L4
10
-31.48272700043978
20
-55.26449134035648
0
VERTEX
8
L4
10
-31.4919503823847
20
-55.29295667057256
0
VERTEX
8
L4
10
-31.491942871007197
20
-55.3228789990647
0
VERTEX
8
L4
10
-31.482705198968787
20
-55.351339695017586
0
VERTEX
8
L4
10
-31.5238589529704
20
-55.40801067350787
0
VERTEX
8
L4
10
-31.55713361441805
20
-55.469638817865906
0
VERTEX
8
L4
10
-31.58194136822047
20
-55.535135433219295
0
VERTEX
8
L4
10
-31.597843971840234
20
-55.60334348603995
0
VERTEX
8
L4
10
-31.60456049708779
20
-55.673058043774105
0
VERTEX
8
L4
10
-31.601972292871622
20
-55.7430475606349
0
VERTEX
8
L4
10
-31.590125081234603
20
-55.81207563353208
0
VERTEX
8
L4
10
-31.56922814964912
20
-55.87892284380882
0
VERTEX
8
L4
10
-31.539650653839473
20
-55.94240829893913
0
VERTEX
8
L4
10
-31.501915096444066
20
-56.00141049364008
0
VERTEX
8
L4
10
-31.45668809672057
20
-56.05488712187599
0
VERTEX
8
L4
10
-31.404768614352207
20
-56.10189348976453
0
VERTEX
8
L4
10
-31.347073835388002
20
-56.14159920411076
0
VERTEX
8
L4
10
-31.284622969649703
20
-56.17330284175705
0
VERTEX
8
L4
10
-31.21851924583281
20
-56.196444340606746
0
VERTEX
8
L4
10
-31.149930422368413
20
-56.210614893427355
0
VERTEX
8
L4
10
-31.080068158331926
20
-56.21556416965392
0
VERTEX
8
L4
10
-31.01016660882283
20
-56.21120473761531
0
VERTEX
8
L4
10
-30.94146062294
20
-56.19761360906251
0
VERTEX
8
L4
10
-30.875163929497006
20
-56.17503087871392
0
VERTEX
8
L4
10
-30.812447695838927
20
-56.14385548285088
0
VERTEX
8
L4
10
-30.75441983853071
20
-56.104638151890086
0
VERTEX
8
L4
10
-30.702105451405174
20
-56.05807168142957
0
VERTEX
8
L4
10
-30.65642869671983
20
-56.004978693635636
0
VERTEX
8
L4
10
-30.618196479325277
20
-55.94629710517241
0
VERTEX
8
L4
10
-30.588084192249667
20
-55.88306355839108
0
VERTEX
8
L4
10
-30.566623785511595
20
-55.81639510847578
0
VERTEX
8
L4
10
-30.554194368932045
20
-55.747469490053
0
VERTEX
8
L4
10
-30.551015514952127
20
-55.677504311865235
0
VERTEX
8
L4
10
-30.557143379765805
20
-55.60773554704675
0
VERTEX
8
L4
10
-30.57246971129001
20
-55.53939569898223
0
VERTEX
8
L4
10
-30.596723761496932
20
-55.473692028460476
0
VERTEX
8
L4
10
-30.62947706932593
20
-55.41178522675235
0
VERTEX
8
L4
10
-30.67015102968257
20
-55.354768911364744
0
VERTEX
8
L4
10
-30.71802711481392
20
-55.30365030668928
0
VERTEX
8
L4
10
-30.772259567494345
20
-55.25933245083255
0
VERTEX
8
L4
10
-30.831890341789347
20
-55.22259824295422
0
VERTEX
8
L4
10
-30.895866027460983
20
-55.19409661292512
0
VERTEX
8
L4
10
-30.90209631678033
20
-55.164830091201324
0
VERTEX
8
L4
10
-30.917050975982676
20
-55.138912838898
0
VERTEX
8
L4
10
-30.939271324163812
20
-55.11887283077622
0
VERTEX
8
L4
10
-30.966589983442546
20
-55.106664773845445
0
VERTEX
8
L4
10
-30.996342285498528
20
-55.10347944479149
0
VERTEX
8
L4
10
-31.025626183934207
20
-55.10962754134416
0
VERTEX
8
L4
10
-31.05158532054908
20
-55.124509376749195
0
VERTEX
8
L4
10
-31.071687635176687
20
-55.14667337335236
0
VERTEX
8
L4
10
-31.08397234341662
20
-55.17395764981834
0
VERTEX
8
L4
10
-31.087241191996725
20
-55.203700891534275
0
VERTEX
8
L4
10
-31.08117533667334
20
-55.233001935850275
0
VERTEX
8
L4
10
-31.066366442372313
20
-55.25900275215272
0
VERTEX
8
L4
10
-31.044258972055758
20
-55.2791672148288
0
VERTEX
8
L4
10
-31.017009293471986
20
-55.29152847754316
0
VERTEX
8
L4
10
-30.987275346548458
20
-55.29488081988257
0
VERTEX
8
L4
10
-30.957957387318856
20
-55.28889725360285
0
VERTEX
8
L4
10
-30.931915096281372
20
-55.274161417137556
0
VERTEX
8
L4
10
-30.91168864450404
20
-55.25211064737069
0
VERTEX
8
L4
10
-30.85249105688682
20
-55.279518322851274
0
VERTEX
8
L4
10
-30.79768951036519
20
-55.31490653492515
0
VERTEX
8
L4
10
-30.748353036984668
20
-55.35758495393666
0
VERTEX
8
L4
10
-30.705444059786302
20
-55.40672103773195
0
VERTEX
8
L4
10
-30.66979961849937
20
-55.46135627233647
0
VERTEX
8
L4
10
-30.64211504112825
20
-55.52042487000673
0
VERTEX
8
L4
10
-30.622930379957168
20
-55.58277455990731
0
VERTEX
8
L4
10
-30.61261987657005
20
-55.647189065842326
0
VERTEX
8
L4
10
-30.611384661395277
20
-55.71241183256086
0
VERTEX
8
L4
10
-30.61924883018723
20
-55.7771705377993
0
VERTEX
8
L4
10
-30.636058973982415
20
-55.84020191189612
0
VERTEX
8
L4
10
-30.66148717169925
20
-55.900276380814475
0
VERTEX
8
L4
10
-30.695037387004035
20
-55.956222051853004
0
VERTEX
8
L4
10
-30.73605514465706
20
-56.00694757414765
0
VERTEX
8
L4
10
-30.783740297579484
20
-56.05146342801696
0
VERTEX
8
L4
10
-30.83716263558921
20
-56.08890122785247
0
VERTEX
8
L4
10
-30.895280031321136
20
-56.11853066200646
0
VERTEX
8
L4
10
-30.95695876935332
20
-56.139773739224836
0
VERTEX
8
L4
10
-31.02099566197174
20
-56.15221606371526
0
VERTEX
8
L4
10
-31.086141520154385
20
-56.15561491890411
0
VERTEX
8
L4
10
-31.151125521918118
20
-56.14990400218962
0
VERTEX
8
L4
10
-31.214680002666924
20
-56.13519471832886
0
VERTEX
8
L4
10
-31.27556518394806
20
-56.111774006227975
0
VERTEX
8
L4
10
-31.33259335822369
20
-56.08009874152923
0
VERTEX
8
L4
10
-31.3846520578781
20
-56.0407868241855
0
VERTEX
8
L4
10
-31.43072575649441
20
-55.994605124879804
0
VERTEX
8
L4
10
-31.469915679067114
20
-55.942454525423095
0
VERTEX
8
L4
10
-31.50145733470589
20
-55.88535234495235
0
VERTEX
8
L4
10
-31.524735429814356
20
-55.82441249474685
0
VERTEX
8
L4
10
-31.539295870827473
20
-55.76082374878932
0
VERTEX
8
L4
10
-31.544854622366188
20
-55.6958265539554
0
VERTEX
8
L4
10
-31.541303248010266
20
-55.6306888322027
0
VERTEX
8
L4
10
-31.528711025603712
20
-55.56668124679431
0
VERTEX
8
L4
10
-31.507323595828808
20
-55.50505241504673
0
VERTEX
8
L4
10
-31.477558170411342
20
-55.44700455113542
0
VERTEX
8
L4
10
-31.439995393432355
20
-55.39367001410194
0
SEQEND
0
POLYLINE
8
L4
66
1
70
1
0
VERTEX
8
L4
10
-31.049627840345693
20
-53.43685531636834
0
VERTEX
8
L4
10
-31.019554951414293
20
-53.43906518431069
0
VERTEX
8
L4
10
-30.990284666524644
20
-53.43181862737088
0
VERTEX
8
L4
10
-30.964716391765833
20
-53.41583346265917
0
VERTEX
8
L4
10
-30.945382825804842
20
-53.392693121429296
0
VERTEX
8
L4
10
-30.934199080130412
20
-53.36468980023889
0
VERTEX
8
L4
10
-30.932272975196966
20
-53.33459740444214
0
VERTEX
8
L4
10
-30.939795303830508
20
-53.30539677539186
0
VERTEX
8
L4
10
-30.956020931997443
20
-53.27998041932749
0
VERTEX
8
L4
10
-30.979342609024144
20
-53.260865986412405
0
VERTEX
8
L4
10
-31.00745017590009
20
-53.24994688162686
0
VERTEX
8
L4
10
-31.037559401079292
20
-53.248304711078276
0
VERTEX
8
L4
10
-31.06668777615262
20
-53.256102142103366
0
VERTEX
8
L4
10
-31.091949952092165
20
-53.272566790043804
0
VERTEX
8
L4
10
-31.110843551247058
20
-53.29606772781184
0
VERTEX
8
L4
10
-31.121497043612024
20
-53.32427703949136
0
VERTEX
8
L4
10
-31.122855133662966
20
-53.35440041507274
0
VERTEX
8
L4
10
-31.114783294025855
20
-53.383453944460335
0
VERTEX
8
L4
10
-31.148138071124038
20
-53.44068916821266
0
VERTEX
8
L4
10
-31.17327799970505
20
-53.5019786125256
0
VERTEX
8
L4
10
-31.189722324114186
20
-53.56615022765234
0
VERTEX
8
L4
10
-31.197156576395727
20
-53.631976847543235
0
VERTEX
8
L4
10
-31.195438589923725
20
-53.698199657176545
0
VERTEX
8
L4
10
-31.184601218081525
20
-53.76355226511839
0
VERTEX
8
L4
10
-31.164851706000263
20
-53.82678492096804
0
VERTEX
8
L4
10
-31.136567727370647
20
-53.88668841457339
0
VERTEX
8
L4
10
-31.100290162116835
20
-53.94211719998766
0
VERTEX
8
L4
10
-31.056712753046355
20
-53.99201130196327
0
VERTEX
8
L4
10
-31.006668839273985
20
-54.03541658606083
0
VERTEX
8
L4
10
-30.95111542011867
20
-54.071503004744336
0
VERTEX
8
L4
10
-30.891114854222835
20
-54.099580470538584
0
VERTEX
8
L4
10
-30.827814543865216
20
-54.11911205270381
0
VERTEX
8
L4
10
-30.76242499296798
20
-54.129724245064715
0
VERTEX
8
L4
10
-30.69619665839906
20
-54.13121410864037
0
VERTEX
8
L4
10
-30.63039603724671
20
-54.123553152485144
0
VERTEX
8
L4
10
-30.56628144735386
20
-54.10688787852644
0
VERTEX
8
L4
10
-30.505078964265707
20
-54.08153697998042
0
VERTEX
8
L4
10
-30.44795897475295
20
-54.04798524692072
0
VERTEX
8
L4
10
-30.3960137952821
20
-54.00687429554534
0
VERTEX
8
L4
10
-30.350236783439115
20
-53.95899029842757
0
VERTEX
8
L4
10
-30.311503341762574
20
-53.905248950387744
0
VERTEX
8
L4
10
-30.280554177253833
20
-53.84667795748633
0
VERTEX
8
L4
10
-30.257981136695506
20
-53.784397384004706
0
VERTEX
8
L4
10
-30.24421588865252
20
-53.719598233242046
0
VERTEX
8
L4
10
-30.239521668591678
20
-53.653519671731765
0
VERTEX
8
L4
10
-30.243988244979576
20
-53.58742533242334
0
VERTEX
8
L4
10
-30.25753020262303
20
-53.52257914998805
0
VERTEX
8
L4
10
-30.279888576080197
20
-53.460221190355
0
VERTEX
8
L4
10
-30.31063580190613
20
-53.4015439366935
0
VERTEX
8
L4
10
-30.34918389503018
20
-53.34766948532973
0
VERTEX
8
L4
10
-30.39479569290677
20
-53.299628087684454
0
VERTEX
8
L4
10
-30.446598952415556
20
-53.258338448578336
0
VERTEX
8
L4
10
-30.50360302993309
20
-53.22459015766426
0
VERTEX
8
L4
10
-30.564717825600113
20
-53.19902858995361
0
VERTEX
8
L4
10
-30.628774629509195
20
-53.1821425641867
0
VERTEX
8
L4
10
-30.643610924612517
20
-53.15589096399528
0
VERTEX
8
L4
10
-30.665871682442813
20
-53.13555083553395
0
VERTEX
8
L4
10
-30.693351834718598
20
-53.12313699664733
0
VERTEX
8
L4
10
-30.723329299262076
20
-53.11987911627076
0
VERTEX
8
L4
10
-30.752834619384984
20
-53.1260999079766
0
VERTEX
8
L4
10
-30.77894510727795
20
-53.14118316316222
0
VERTEX
8
L4
10
-30.799074354647672
20
-53.16363479039348
0
VERTEX
8
L4
10
-30.811228432749957
20
-53.19123081457246
0
VERTEX
8
L4
10
-30.814203403591392
20
-53.22123767567947
0
VERTEX
8
L4
10
-30.807704577571073
20
-53.25068300511149
0
VERTEX
8
L4
10
-30.792375704341794
20
-53.27665005751495
0
VERTEX
8
L4
10
-30.76973520535205
20
-53.296566632785265
0
VERTEX
8
L4
10
-30.74202576463712
20
-53.30845986868929
0
VERTEX
8
L4
10
-30.71199217683896
20
-53.31115166529638
0
VERTEX
8
L4
10
-30.682609458007732
20
-53.304375383197204
0
VERTEX
8
L4
10
-30.656788151522605
20
-53.28880225581687
0
VERTEX
8
L4
10
-30.63708602043691
20
-53.26597489951604
0
VERTEX
8
L4
10
-30.578725098314536
20
-53.283051527240545
0
VERTEX
8
L4
10
-30.523674652616236
20
-53.308878971439206
0
VERTEX
8
L4
10
-30.473237930632678
20
-53.34284580115539
0
VERTEX
8
L4
10
-30.42860895578073
20
-53.38414789612744
0
VERTEX
8
L4
10
-30.39084426066104
20
-53.43180748328399
0
VERTEX
8
L4
10
-30.36083787503074
20
-53.48469628424242
0
VERTEX
8
L4
10
-30.339300160818368
20
-53.54156222582367
0
VERTEX
8
L4
10
-30.326740995234516
20
-53.6010590812469
0
VERTEX
8
L4
10
-30.3234577000958
20
-53.66177834028757
0
VERTEX
8
L4
10
-30.329528003119748
20
-53.722282553914496
0
VERTEX
8
L4
10
-30.34480819782283
20
-53.78113936401538
0
VERTEX
8
L4
10
-30.36893654558338
20
-53.83695541260144
0
VERTEX
8
L4
10
-30.401341839330385
20
-53.88840932773515
0
VERTEX
8
L4
10
-30.4412569261236
20
-53.93428300528235
0
VERTEX
8
L4
10
-30.487736868495972
20
-53.97349044593431
0
VERTEX
8
L4
10
-30.539681314612054
20
-54.00510346482068
0
VERTEX
8
L4
10
-30.595860547658347
20
-54.02837366507217
0
VERTEX
8
L4
10
-30.65494459778033
20
-54.042750155137504
0
VERTEX
8
L4
10
-30.715534727378966
20
-54.0478925904202
0
VERTEX
8
L4
10
-30.7761965443937
20
-54.04367923049173
0
VERTEX
8
L4
10
-30.83549395965818
20
-54.03020982113694
0
VERTEX
8
L4
10
-30.89202318443273
20
-54.00780323300302
0
VERTEX
8
L4
10
-30.944445963266475
20
-53.976989912754064
0
VERTEX
8
L4
10
-30.991521255444525
20
-53.9384993254402
0
VERTEX
8
L4
10
-31.032134615003585
20
-53.893242685366694
0
VERTEX
8
L4
10
-31.06532457378225
20
-53.842291384287265
0
VERTEX
8
L4
10
-31.090305402922084
20
-53.786851627605785
0
VERTEX
8
L4
10
-31.106485713970514
20
-53.72823587904116
0
VERTEX
8
L4
10
-31.11348245922889
20
-53.66783178976564
0
VERTEX
8
L4
10
-31.11112999990563
20
-53.60706934757848
0
VERTEX
8
L4
10
-31.09948402739795
20
-53.54738702381536
0
VERTEX
8
L4
10
-31.078820244870926
20
-53.49019771942116
0
VERTEX
8
L4
10
-31.049627840345693
20
-53.43685531636834
0
SEQEND
0
POLYLINE
8
L4
66
1
70
1
0
VERTEX
8
L4
10
-23.25512954842536
20
-53.26597489951604
0
VERTEX
8
L4
10
-23.235427417339665
20
-53.28880225581687
0
VERTEX
8
L4
10
-23.209606110854537
20
-53.304375383197204
0
VERTEX
8
L4
10
-23.180223392023308
20
-53.31115166529637
0
VERTEX
8
L4
10
-23.15018980422515
20
-53.30845986868929
0
VERTEX
8
L4
10
-23.12248036351022
20
-53.296566632785265
0
VERTEX
8
L4
10
-23.099839864520476
20
-53.27665005751495
0
VERTEX
8
L4
10
-23.084510991291197
20
-53.25068300511149
0
VERTEX
8
L4
10
-23.078012165270877
20
-53.22123767567947
0
VERTEX
8
L4
10
-23.080987136112313
20
-53.19123081457246
0
VERTEX
8
L4
10
-23.09314121421461
20
-53.16363479039348
0
VERTEX
8
L4
10
-23.11327046158432
20
-53.14118316316222
0
VERTEX
8
L4
10
-23.139380949477285
20
-53.1260999079766
0
VERTEX
8
L4
10
-23.168886269600193
20
-53.11987911627076
0
VERTEX
8
L4
10
-23.19886373414367
20
-53.12313699664733
0
VERTEX
8
L4
10
-23.226343886419457
20
-53.13555083553395
0
VERTEX
8
L4
10
-23.248604644249752
20
-53.15589096399528
0
VERTEX
8
L4
10
-23.263440939353075
20
-53.1821425641867
0
VERTEX
8
L4
10
-23.327497743262157
20
-53.19902858995361
0
VERTEX
8
L4
10
-23.38861253892918
20
-53.22459015766426
0
VERTEX
8
L4
10
-23.445616616446713
20
-53.258338448578336
0
VERTEX
8
L4
10
-23.4974198759555
20
-53.299628087684454
0
VERTEX
8
L4
10
-23.54303167383209
20
-53.34766948532973
0
VERTEX
8
L4
10
-23.58157976695614
20
-53.4015439366935
0
VERTEX
8
L4
10
-23.612326992782073
20
-53.460221190355
0
VERTEX
8
L4
10
-23.63468536623924
20
-53.52257914998805
0
VERTEX
8
L4
10
-23.648227323882693
20
-53.58742533242334
0
VERTEX
8
L4
10
-23.65269390027059
20
-53.653519671731765
0
VERTEX
8
L4
10
-23.64799968020975
20
-53.719598233242046
0
VERTEX
8
L4
10
-23.634234432166764
20
-53.784397384004706
0
VERTEX
8
L4
10
-23.611661391608436
20
-53.84667795748633
0
VERTEX
8
L4
10
-23.58071222709968
20
-53.905248950387744
0
VERTEX
8
L4
10
-23.541978785423154
20
-53.95899029842757
0
VERTEX
8
L4
10
-23.496201773580168
20
-54.00687429554534
0
VERTEX
8
L4
10
-23.44425659410932
20
-54.04798524692072
0
VERTEX
8
L4
10
-23.387136604596563
20
-54.08153697998042
0
VERTEX
8
L4
10
-23.32593412150841
20
-54.10688787852644
0
VERTEX
8
L4
10
-23.261819531615558
20
-54.123553152485144
0
VERTEX
8
L4
10
-23.19601891046321
20
-54.13121410864037
0
VERTEX
8
L4
10
-23.12979057589429
20
-54.129724245064715
0
VERTEX
8
L4
10
-23.064401024997053
20
-54.11911205270381
0
VERTEX
8
L4
10
-23.001100714639435
20
-54.099580470538584
0
VERTEX
8
L4
10
-22.9411001487436
20
-54.071503004744336
0
VERTEX
8
L4
10
-22.885546729588285
20
-54.03541658606083
0
VERTEX
8
L4
10
-22.835502815815914
20
-53.99201130196327
0
VERTEX
8
L4
10
-22.791925406745435
20
-53.94211719998766
0
VERTEX
8
L4
10
-22.755647841491623
20
-53.88668841457339
0
VERTEX
8
L4
10
-22.727363862862006
20
-53.82678492096804
0
VERTEX
8
L4
10
-22.707614350780744
20
-53.76355226511839
0
VERTEX
8
L4
10
-22.696776978938544
20
-53.698199657176545
0
VERTEX
8
L4
10
-22.695058992466542
20
-53.631976847543235
0
VERTEX
8
L4
10
-22.702493244748084
20
-53.56615022765234
0
VERTEX
8
L4
10
-22.71893756915722
20
-53.5019786125256
0
VERTEX
8
L4
10
-22.744077497738232
20
-53.44068916821266
0
VERTEX
8
L4
10
-22.777432274836414
20
-53.383453944460335
0
VERTEX
8
L4
10
-22.769360435199303
20
-53.35440041507274
0
VERTEX
8
L4
10
-22.770718525250246
20
-53.32427703949137
0
VERTEX
8
L4
10
-22.78137201761521
20
-53.296067727811845
0
VERTEX
8
L4
10
-22.800265616770105
20
-53.272566790043804
0
VERTEX
8
L4
10
-22.82552779270965
20
-53.256102142103366
0
VERTEX
8
L4
10
-22.854656167782977
20
-53.24830471107828
0
VERTEX
8
L4
10
-22.88476539296218
20
-53.24994688162687
0
VERTEX
8
L4
10
-22.912872959838126
20
-53.260865986412405
0
VERTEX
8
L4
10
-22.936194636864826
20
-53.27998041932749
0
VERTEX
8
L4
10
-22.952420265031762
20
-53.30539677539186
0
VERTEX
8
L4
10
-22.959942593665303
20
-53.33459740444214
0
VERTEX
8
L4
10
-22.958016488731857
20
-53.36468980023889
0
VERTEX
8
L4
10
-22.946832743057428
20
-53.392693121429296
0
VERTEX
8
L4
10
-22.927499177096436
20
-53.41583346265917
0
VERTEX
8
L4
10
-22.901930902337625
20
-53.43181862737088
0
VERTEX
8
L4
10
-22.872660617447977
20
-53.43906518431069
0
VERTEX
8
L4
10
-22.842587728516577
20
-53.43685531636834
0
VERTEX
8
L4
10
-22.813395323991344
20
-53.49019771942116
0
VERTEX
8
L4
10
-22.79273154146432
20
-53.54738702381536
0
VERTEX
8
L4
10
-22.78108556895664
20
-53.60706934757848
0
VERTEX
8
L4
10
-22.77873310963338
20
-53.66783178976564
0
VERTEX
8
L4
10
-22.785729854891756
20
-53.72823587904116
0
VERTEX
8
L4
10
-22.8019101659402
20
-53.786851627605785
0
VERTEX
8
L4
10
-22.82689099508002
20
-53.84229138428727
0
VERTEX
8
L4
10
-22.860080953858684
20
-53.893242685366694
0
VERTEX
8
L4
10
-22.900694313417745
20
-53.9384993254402
0
VERTEX
8
L4
10
-22.947769605595795
20
-53.976989912754064
0
VERTEX
8
L4
10
-23.00019238442954
20
-54.00780323300302
0
VERTEX
8
L4
10
-23.05672160920409
20
-54.03020982113694
0
VERTEX
8
L4
10
-23.11601902446857
20
-54.04367923049173
0
VERTEX
8
L4
10
-23.176680841483304
20
-54.0478925904202
0
VERTEX
8
L4
10
-23.23727097108194
20
-54.042750155137504
0
VERTEX
8
L4
10
-23.296355021203922
20
-54.02837366507217
0
VERTEX
8
L4
10
-23.35253425425023
20
-54.00510346482068
0
VERTEX
8
L4
10
-23.404478700366298
20
-53.97349044593431
0
VERTEX
8
L4
10
-23.45095864273867
20
-53.93428300528235
0
VERTEX
8
L4
10
-23.490873729531884
20
-53.88840932773515
0
VERTEX
8
L4
10
-23.52327902327889
20
-53.83695541260144
0
VERTEX
8
L4
10
-23.54740737103944
20
-53.78113936401538
0
VERTEX
8
L4
10
-23.56268756574252
20
-53.722282553914496
0
VERTEX
8
L4
10
-23.56875786876647
20
-53.66177834028757
0
VERTEX
8
L4
10
-23.565474573627753
20
-53.6010590812469
0
VERTEX
8
L4
10
-23.5529154080439
20
-53.54156222582367
0
VERTEX
8
L4
10
-23.53137769383153
20
-53.48469628424242
0
VERTEX
8
L4
10
-23.50137130820123
20
-53.43180748328399
0
VERTEX
8
L4
10
-23.463606613081538
20
-53.38414789612744
0
VERTEX
8
L4
10
-23.41897763822959
20
-53.34284580115539
0
VERTEX
8
L4
10
-23.368540916246033
20
-53.308878971439206
0
VERTEX
8
L4
10
-23.313490470547734
20
-53.283051527240545
0
VERTEX
8
L4
10
-23.25512954842536
20
-53.26597489951604
0
SEQEND
0
POLYLINE
8
L4
66
1
70
1
0
VERTEX
8
L4
10
-22.98052692435823
20
-55.25211064737069
0
VERTEX
8
L4
10
-22.960300472580883
20
-55.274161417137556
0
VERTEX
8
L4
10
-22.934258181543413
20
-55.28889725360285
0
VERTEX
8
L4
10
-22.90494022231381
20
-55.294880819882565
0
VERTEX
8
L4
10
-22.875206275390283
20
-55.29152847754316
0
VERTEX
8
L4
10
-22.84795659680651
20
-55.2791672148288
0
VERTEX
8
L4
10
-22.825849126489956
20
-55.25900275215272
0
VERTEX
8
L4
10
-22.81104023218893
20
-55.233001935850275
0
VERTEX
8
L4
10
-22.80497437686556
20
-55.203700891534275
0
VERTEX
8
L4
10
-22.80824322544565
20
-55.17395764981834
0
VERTEX
8
L4
10
-22.820527933685582
20
-55.14667337335236
0
VERTEX
8
L4
10
-22.84063024831319
20
-55.124509376749195
0
VERTEX
8
L4
10
-22.866589384928062
20
-55.10962754134416
0
VERTEX
8
L4
10
-22.89587328336374
20
-55.10347944479149
0
VERTEX
8
L4
10
-22.925625585419724
20
-55.106664773845445
0
VERTEX
8
L4
10
-22.952944244698458
20
-55.11887283077622
0
VERTEX
8
L4
10
-22.975164592879594
20
-55.138912838898
0
VERTEX
8
L4
10
-22.99011925208194
20
-55.164830091201324
0
VERTEX
8
L4
10
-22.996349541401287
20
-55.19409661292512
0
VERTEX
8
L4
10
-23.060325227072923
20
-55.22259824295422
0
VERTEX
8
L4
10
-23.119956001367925
20
-55.25933245083255
0
VERTEX
8
L4
10
-23.17418845404835
20
-55.30365030668928
0
VERTEX
8
L4
10
-23.222064539179698
20
-55.354768911364744
0
VERTEX
8
L4
10
-23.26273849953634
20
-55.41178522675235
0
VERTEX
8
L4
10
-23.295491807365337
20
-55.473692028460476
0
VERTEX
8
L4
10
-23.319745857572258
20
-55.53939569898223
0
VERTEX
8
L4
10
-23.335072189096465
20
-55.60773554704675
0
VERTEX
8
L4
10
-23.341200053910143
20
-55.677504311865235
0
VERTEX
8
L4
10
-23.338021199930225
20
-55.747469490053
0
VERTEX
8
L4
10
-23.325591783350674
20
-55.81639510847578
0
VERTEX
8
L4
10
-23.304131376612602
20
-55.88306355839107
0
VERTEX
8
L4
10
-23.274019089536992
20
-55.94629710517241
0
VERTEX
8
L4
10
-23.23578687214244
20
-56.004978693635636
0
VERTEX
8
L4
10
-23.190110117457095
20
-56.05807168142957
0
VERTEX
8
L4
10
-23.13779573033156
20
-56.104638151890086
0
VERTEX
8
L4
10
-23.079767873023343
20
-56.14385548285088
0
VERTEX
8
L4
10
-23.017051639365263
20
-56.17503087871392
0
VERTEX
8
L4
10
-22.95075494592227
20
-56.19761360906251
0
VERTEX
8
L4
10
-22.88204896003944
20
-56.21120473761531
0
VERTEX
8
L4
10
-22.812147410530343
20
-56.21556416965392
0
VERTEX
8
L4
10
-22.742285146493856
20
-56.210614893427355
0
VERTEX
8
L4
10
-22.67369632302946
20
-56.19644434060674
0
VERTEX
8
L4
10
-22.607592599212566
20
-56.17330284175705
0
VERTEX
8
L4
10
-22.545141733474267
20
-56.141599204110754
0
VERTEX
8
L4
10
-22.487446954510077
20
-56.10189348976453
0
VERTEX
8
L4
10
-22.4355274721417
20
-56.054887121875986
0
VERTEX
8
L4
10
-22.390300472418204
20
-56.00141049364008
0
VERTEX
8
L4
10
-22.352564915022796
20
-55.94240829893913
0
VERTEX
8
L4
10
-22.32298741921315
20
-55.87892284380882
0
VERTEX
8
L4
10
-22.30209048762768
20
-55.81207563353208
0
VERTEX
8
L4
10
-22.290243275990647
20
-55.7430475606349
0
VERTEX
8
L4
10
-22.28765507177448
20
-55.673058043774105
0
VERTEX
8
L4
10
-22.29437159702205
20
-55.60334348603995
0
VERTEX
8
L4
10
-22.3102742006418
20
-55.535135433219295
0
VERTEX
8
L4
10
-22.33508195444422
20
-55.469638817865906
0
VERTEX
8
L4
10
-22.36835661589187
20
-55.40801067350787
0
VERTEX
8
L4
10
-22.409510369893482
20
-55.351339695017586
0
VERTEX
8
L4
10
-22.400272697855073
20
-55.3228789990647
0
VERTEX
8
L4
10
-22.40026518647757
20
-55.29295667057256
0
VERTEX
8
L4
10
-22.40948856842249
20
-55.26449134035648
0
VERTEX
8
L4
10
-22.427043192889812
20
-55.240259523284216
0
VERTEX
8
L4
10
-22.451216777764373
20
-55.22262479637608
0
VERTEX
8
L4
10
-22.479651426007862
20
-55.21330725495778
0
VERTEX
8
L4
10
-22.50957361547917
20
-55.21321573416604
0
VERTEX
8
L4
10
-22.538064728923118
20
-55.22235916095997
0
VERTEX
8
L4
10
-22.56234573656998
20
-55.23984568338342
0
VERTEX
8
L4
10
-22.580048263339435
20
-55.26396966201027
0
VERTEX
8
L4
10
-22.589445600691704
20
-55.29237803840703
0
VERTEX
8
L4
10
-22.589621130176283
20
-55.32229985299459
0
VERTEX
8
L4
10
-22.580557730606785
20
-55.350816525084014
0
VERTEX
8
L4
10
-22.563139448065456
20
-55.375146531909394
0
VERTEX
8
L4
10
-22.5390652658446
20
-55.39291671899927
0
VERTEX
8
L4
10
-22.51068338522478
20
-55.4023937782106
0
VERTEX
8
L4
10
-22.48076218138094
20
-55.40265331500438
0
VERTEX
8
L4
10
-22.452220175429915
20
-55.39367001410194
0
VERTEX
8
L4
10
-22.414657398450927
20
-55.44700455113542
0
VERTEX
8
L4
10
-22.38489197303346
20
-55.50505241504673
0
VERTEX
8
L4
10
-22.363504543258557
20
-55.56668124679431
0
VERTEX
8
L4
10
-22.350912320852004
20
-55.630688832202694
0
VERTEX
8
L4
10
-22.34736094649608
20
-55.6958265539554
0
VERTEX
8
L4
10
-22.352919698034796
20
-55.76082374878932
0
VERTEX
8
L4
10
-22.367480139047913
20
-55.82441249474685
0
VERTEX
8
L4
10
-22.39075823415638
20
-55.88535234495236
0
VERTEX
8
L4
10
-22.422299889795156
20
-55.942454525423095
0
VERTEX
8
L4
10
-22.46148981236786
20
-55.994605124879804
0
VERTEX
8
L4
10
-22.50756351098417
20
-56.0407868241855
0
VERTEX
8
L4
10
-22.55962221063858
20
-56.080098741529234
0
VERTEX
8
L4
10
-22.61665038491421
20
-56.111774006227975
0
VERTEX
8
L4
10
-22.677535566195345
20
-56.13519471832886
0
VERTEX
8
L4
10
-22.74109004694415
20
-56.14990400218962
0
VERTEX
8
L4
10
-22.806074048707885
20
-56.15561491890411
0
VERTEX
8
L4
10
-22.87121990689053
20
-56.15221606371526
0
VERTEX
8
L4
10
-22.93525679950895
20
-56.139773739224836
0
VERTEX
8
L4
10
-22.996935537541134
20
-56.118530662006464
0
VERTEX
8
L4
10
-23.05505293327306
20
-56.08890122785247
0
VERTEX
8
L4
10
-23.108475271282785
20
-56.05146342801696
0
VERTEX
8
L4
10
-23.15616042420521
20
-56.00694757414766
0
VERTEX
8
L4
10
-23.197178181858234
20
-55.956222051853004
0
VERTEX
8
L4
10
-23.23072839716302
20
-55.900276380814475
0
VERTEX
8
L4
10
-23.256156594879855
20
-55.84020191189613
0
VERTEX
8
L4
10
-23.272966738675038
20
-55.77717053779931
0
VERTEX
8
L4
10
-23.280830907466992
20
-55.71241183256086
0
VERTEX
8
L4
10
-23.27959569229222
20
-55.647189065842326
0
VERTEX
8
L4
10
-23.2692851889051
20
-55.58277455990731
0
VERTEX
8
L4
10
-23.25010052773402
20
-55.52042487000673
0
VERTEX
8
L4
10
-23.2224159503629
20
-55.46135627233647
0
VERTEX
8
L4
10
-23.186771509075967
20
-55.40672103773195
0
VERTEX
8
L4
10
-23.143862531877602
20
-55.35758495393666
0
VERTEX
8
L4
10
-23.09452605849708
20
-55.31490653492515
0
VERTEX
8
L4
10
-23.03972451197545
20
-55.279518322851274
0
VERTEX
8
L4
10
-22.98052692435823
20
-55.25211064737069
0
SEQEND
0
POLYLINE
8
L4
66
1
70
1
0
VERTEX
8
L4
10
-25.586721428674494
20
-55.03571161799284
0
VERTEX
8
L4
10
-25.596510893090993
20
-55.036353253389805
0
VERTEX
8
L4
10
-25.606132857057176
20
-55.03826718102116
0
VERTEX
8
L4
10
-25.615422686101866
20
-55.041420653054494
0
VERTEX
8
L4
10
-25.62422142867449
20
-55.04575971270901
0
VERTEX
8
L4
10
-25.63237853585015
20
-55.051210117470994
0
VERTEX
8
L4
10
-25.639754437263477
20
-55.057678609403844
0
VERTEX
8
L4
10
-25.646222929196327
20
-55.065054510817184
0
VERTEX
8
L4
10
-25.65167333395833
20
-55.07321161799284
0
VERTEX
8
L4
10
-25.65601239361284
20
-55.082010360565455
0
VERTEX
8
L4
10
-25.659165865646173
20
-55.09130018961015
0
VERTEX
8
L4
10
-25.661079793277523
20
-55.100922153576334
0
VERTEX
8
L4
10
-25.661721428674497
20
-55.11071161799284
0
VERTEX
8
L4
10
-25.661079793277523
20
-55.12050108240934
0
VERTEX
8
L4
10
-25.659165865646173
20
-55.13012304637553
0
VERTEX
8
L4
10
-25.65601239361284
20
-55.13941287542022
0
VERTEX
8
L4
10
-25.65167333395833
20
-55.148211617992835
0
VERTEX
8
L4
10
-25.646222929196327
20
-55.15636872516849
0
VERTEX
8
L4
10
-25.639754437263477
20
-55.16374462658183
0
VERTEX
8
L4
10
-25.63237853585015
20
-55.17021311851468
0
VERTEX
8
L4
10
-25.62422142867449
20
-55.17566352327667
0
VERTEX
8
L4
10
-25.615422686101866
20
-55.18000258293119
0
VERTEX
8
L4
10
-25.606132857057176
20
-55.18315605496452
0
VERTEX
8
L4
10
-25.596510893090993
20
-55.18506998259588
0
VERTEX
8
L4
10
-25.586721428674494
20
-55.18571161799284
0
VERTEX
8
L4
10
-25.57693196425798
20
-55.18506998259588
0
VERTEX
8
L4
10
-25.567310000291798
20
-55.18315605496452
0
VERTEX
8
L4
10
-25.558020171247108
20
-55.18000258293119
0
VERTEX
8
L4
10
-25.549221428674485
20
-55.17566352327667
0
VERTEX
8
L4
10
-25.541064321498837
20
-55.17021311851468
0
VERTEX
8
L4
10
-25.533688420085497
20
-55.16374462658183
0
VERTEX
8
L4
10
-25.527219928152647
20
-55.15636872516849
0
VERTEX
8
L4
10
-25.52176952339066
20
-55.148211617992835
0
VERTEX
8
L4
10
-25.517430463736147
20
-55.13941287542022
0
VERTEX
8
L4
10
-25.514276991702815
20
-55.13012304637553
0
VERTEX
8
L4
10
-25.51236306407145
20
-55.12050108240934
0
VERTEX
8
L4
10
-25.51172142867449
20
-55.11071161799284
0
VERTEX
8
L4
10
-25.51236306407145
20
-55.100922153576334
0
VERTEX
8
L4
10
-25.514276991702815
20
-55.09130018961015
0
VERTEX
8
L4
10
-25.517430463736147
20
-55.082010360565455
0
VERTEX
8
L4
10
-25.52176952339066
20
-55.07321161799284
0
VERTEX
8
L4
10
-25.527219928152647
20
-55.065054510817184
0
VERTEX
8
L4
10
-25.533688420085497
20
-55.05767860940385
0
VERTEX
8
L4
10
-25.541064321498837
20
-55.051210117470994
0
VERTEX
8
L4
10
-25.549221428674485
20
-55.04575971270901
0
VERTEX
8
L4
10
-25.558020171247108
20
-55.041420653054494
0
VERTEX
8
L4
10
-25.567310000291798
20
-55.03826718102116
0
VERTEX
8
L4
10
-25.57693196425798
20
-55.036353253389805
0
VERTEX
8
L4
10
-25.586721428674494
20
-55.03571161799284
0
SEQEND
0
POLYLINE
8
L4
66
1
70
1
0
VERTEX
8
L4
10
-28.802395209580837
20
-53.577694610778444
0
VERTEX
8
L4
10
-28.812184673997336
20
-53.57833624617541
0
VERTEX
8
L4
10
-28.821806637963533
20
-53.58025017380676
0
VERTEX
8
L4
10
-28.831096467008223
20
-53.5834036458401
0
VERTEX
8
L4
10
-28.839895209580845
20
-53.58774270549461
0
VERTEX
8
L4
10
-28.848052316756494
20
-53.5931931102566
0
VERTEX
8
L4
10
-28.855428218169834
20
-53.59966160218946
0
VERTEX
8
L4
10
-28.861896710102684
20
-53.60703750360279
0
VERTEX
8
L4
10
-28.86734711486467
20
-53.615194610778445
0
VERTEX
8
L4
10
-28.871686174519184
20
-53.62399335335106
0
VERTEX
8
L4
10
-28.874839646552516
20
-53.63328318239576
0
VERTEX
8
L4
10
-28.87675357418388
20
-53.64290514636194
0
VERTEX
8
L4
10
-28.87739520958084
20
-53.65269461077845
0
VERTEX
8
L4
10
-28.87675357418388
20
-53.662484075194946
0
VERTEX
8
L4
10
-28.874839646552516
20
-53.672106039161136
0
VERTEX
8
L4
10
-28.871686174519184
20
-53.681395868205826
0
VERTEX
8
L4
10
-28.86734711486467
20
-53.69019461077844
0
VERTEX
8
L4
10
-28.861896710102684
20
-53.6983517179541
0
VERTEX
8
L4
10
-28.855428218169834
20
-53.70572761936744
0
VERTEX
8
L4
10
-28.848052316756494
20
-53.71219611130029
0
VERTEX
8
L4
10
-28.839895209580845
20
-53.717646516062274
0
VERTEX
8
L4
10
-28.831096467008223
20
-53.72198557571679
0
VERTEX
8
L4
10
-28.821806637963533
20
-53.725139047750126
0
VERTEX
8
L4
10
-28.812184673997336
20
-53.72705297538148
0
VERTEX
8
L4
10
-28.802395209580837
20
-53.72769461077844
0
VERTEX
8
L4
10
-28.792605745164337
20
-53.72705297538148
0
VERTEX
8
L4
10
-28.782983781198155
20
-53.725139047750126
0
VERTEX
8
L4
10
-28.77369395215345
20
-53.72198557571679
0
VERTEX
8
L4
10
-28.764895209580843
20
-53.717646516062274
0
VERTEX
8
L4
10
-28.75673810240518
20
-53.71219611130029
0
VERTEX
8
L4
10
-28.749362200991854
20
-53.70572761936744
0
VERTEX
8
L4
10
-28.74289370905899
20
-53.6983517179541
0
VERTEX
8
L4
10
-28.737443304297003
20
-53.69019461077844
0
VERTEX
8
L4
10
-28.73310424464249
20
-53.681395868205826
0
VERTEX
8
L4
10
-28.729950772609158
20
-53.672106039161136
0
VERTEX
8
L4
10
-28.728036844977808
20
-53.662484075194946
0
VERTEX
8
L4
10
-28.727395209580834
20
-53.65269461077845
0
VERTEX
8
L4
10
-28.728036844977808
20
-53.64290514636194
0
VERTEX
8
L4
10
-28.729950772609158
20
-53.63328318239576
0
VERTEX
8
L4
10
-28.73310424464249
20
-53.62399335335106
0
VERTEX
8
L4
10
-28.737443304297003
20
-53.615194610778445
0
VERTEX
8
L4
10
-28.74289370905899
20
-53.60703750360279
0
VERTEX
8
L4
10
-28.749362200991854
20
-53.59966160218946
0
VERTEX
8
L4
10
-28.75673810240518
20
-53.5931931102566
0
VERTEX
8
L4
10
-28.764895209580843
20
-53.58774270549461
0
VERTEX
8
L4
10
-28.77369395215345
20
-53.5834036458401
0
VERTEX
8
L4
10
-28.782983781198155
20
-53.58025017380677
0
VERTEX
8
L4
10
-28.792605745164337
20
-53.57833624617541
0
VERTEX
8
L4
10
-28.802395209580837
20
-53.577694610778444
0
SEQEND
0
POLYLINE
8
L4
66
1
70
1
0
VERTEX
8
L4
10
-31.07784431137725
20
-55.61362275449102
0
VERTEX
8
L4
10
-31.087633775793748
20
-55.614264389887985
0
VERTEX
8
L4
10
-31.097255739759945
20
-55.61617831751934
0
VERTEX
8
L4
10
-31.106545568804634
20
-55.619331789552675
0
VERTEX
8
L4
10
-31.115344311377257
20
-55.62367084920719
0
VERTEX
8
L4
10
-31.123501418552905
20
-55.62912125396918
0
VERTEX
8
L4
10
-31.130877319966245
20
-55.63558974590203
0
VERTEX
8
L4
10
-31.137345811899095
20
-55.642965647315364
0
VERTEX
8
L4
10
-31.142796216661083
20
-55.65112275449102
0
VERTEX
8
L4
10
-31.147135276315595
20
-55.65992149706364
0
VERTEX
8
L4
10
-31.150288748348927
20
-55.66921132610833
0
VERTEX
8
L4
10
-31.15220267598029
20
-55.678833290074515
0
VERTEX
8
L4
10
-31.15284431137725
20
-55.68862275449102
0
VERTEX
8
L4
10
-31.15220267598029
20
-55.69841221890753
0
VERTEX
8
L4
10
-31.150288748348927
20
-55.70803418287371
0
VERTEX
8
L4
10
-31.147135276315595
20
-55.7173240119184
0
VERTEX
8
L4
10
-31.142796216661083
20
-55.72612275449102
0
VERTEX
8
L4
10
-31.137345811899095
20
-55.73427986166668
0
VERTEX
8
L4
10
-31.130877319966245
20
-55.74165576308001
0
VERTEX
8
L4
10
-31.123501418552905
20
-55.74812425501286
0
VERTEX
8
L4
10
-31.115344311377257
20
-55.753574659774856
0
VERTEX
8
L4
10
-31.106545568804634
20
-55.75791371942937
0
VERTEX
8
L4
10
-31.097255739759945
20
-55.7610671914627
0
VERTEX
8
L4
10
-31.087633775793748
20
-55.76298111909406
0
VERTEX
8
L4
10
-31.07784431137725
20
-55.763622754491024
0
VERTEX
8
L4
10
-31.06805484696075
20
-55.76298111909406
0
VERTEX
8
L4
10
-31.058432882994566
20
-55.7610671914627
0
VERTEX
8
L4
10
-31.049143053949862
20
-55.75791371942937
0
VERTEX
8
L4
10
-31.040344311377254
20
-55.753574659774856
0
VERTEX
8
L4
10
-31.03218720420159
20
-55.74812425501286
0
VERTEX
8
L4
10
-31.024811302788265
20
-55.74165576308001
0
VERTEX
8
L4
10
-31.0183428108554
20
-55.73427986166668
0
VERTEX
8
L4
10
-31.012892406093414
20
-55.72612275449102
0
VERTEX
8
L4
10
-31.0085533464389
20
-55.7173240119184
0
VERTEX
8
L4
10
-31.00539987440557
20
-55.70803418287371
0
VERTEX
8
L4
10
-31.00348594677422
20
-55.69841221890753
0
VERTEX
8
L4
10
-31.002844311377245
20
-55.68862275449102
0
VERTEX
8
L4
10
-31.00348594677422
20
-55.678833290074515
0
VERTEX
8
L4
10
-31.00539987440557
20
-55.66921132610833
0
VERTEX
8
L4
10
-31.0085533464389
20
-55.65992149706364
0
VERTEX
8
L4
10
-31.012892406093414
20
-55.65112275449102
0
VERTEX
8
L4
10
-31.0183428108554
20
-55.642965647315364
0
VERTEX
8
L4
10
-31.024811302788265
20
-55.63558974590203
0
VERTEX
8
L4
10
-31.03218720420159
20
-55.62912125396918
0
VERTEX
8
L4
10
-31.040344311377254
20
-55.62367084920719
0
VERTEX
8
L4
10
-31.049143053949862
20
-55.619331789552675
0
VERTEX
8
L4
10
-31.058432882994566
20
-55.61617831751934
0
VERTEX
8
L4
10
-31.06805484696075
20
-55.614264389887985
0
VERTEX
8
L4
10
-31.07784431137725
20
-55.61362275449102
0
SEQEND
0
POLYLINE
8
L4
66
1
70
1
0
VERTEX
8
L4
10
-28.802395209580837
20
-53.14056886227545
0
VERTEX
8
L4
10
-28.812184673997336
20
-53.14121049767241
0
VERTEX
8
L4
10
-28.821806637963533
20
-53.14312442530377
0
VERTEX
8
L4
10
-28.831096467008223
20
-53.1462778973371
0
VERTEX
8
L4
10
-28.839895209580845
20
-53.15061695699162
0
VERTEX
8
L4
10
-28.848052316756494
20
-53.15606736175361
0
VERTEX
8
L4
10
-28.855428218169834
20
-53.16253585368646
0
VERTEX
8
L4
10
-28.861896710102684
20
-53.1699117550998
0
VERTEX
8
L4
10
-28.86734711486467
20
-53.17806886227545
0
VERTEX
8
L4
10
-28.871686174519184
20
-53.18686760484807
0
VERTEX
8
L4
10
-28.874839646552516
20
-53.196157433892765
0
VERTEX
8
L4
10
-28.87675357418388
20
-53.20577939785895
0
VERTEX
8
L4
10
-28.87739520958084
20
-53.21556886227545
0
VERTEX
8
L4
10
-28.87675357418388
20
-53.22535832669195
0
VERTEX
8
L4
10
-28.874839646552516
20
-53.234980290658136
0
VERTEX
8
L4
10
-28.871686174519184
20
-53.24427011970283
0
VERTEX
8
L4
10
-28.86734711486467
20
-53.25306886227545
0
VERTEX
8
L4
10
-28.861896710102684
20
-53.261225969451104
0
VERTEX
8
L4
10
-28.855428218169834
20
-53.268601870864444
0
VERTEX
8
L4
10
-28.848052316756494
20
-53.275070362797294
0
VERTEX
8
L4
10
-28.839895209580845
20
-53.28052076755928
0
VERTEX
8
L4
10
-28.831096467008223
20
-53.28485982721379
0
VERTEX
8
L4
10
-28.821806637963533
20
-53.28801329924713
0
VERTEX
8
L4
10
-28.812184673997336
20
-53.28992722687848
0
VERTEX
8
L4
10
-28.802395209580837
20
-53.29056886227545
0
VERTEX
8
L4
10
-28.792605745164337
20
-53.28992722687848
0
VERTEX
8
L4
10
-28.782983781198155
20
-53.28801329924713
0
VERTEX
8
L4
10
-28.77369395215345
20
-53.28485982721379
0
VERTEX
8
L4
10
-28.764895209580843
20
-53.28052076755928
0
VERTEX
8
L4
10
-28.75673810240518
20
-53.275070362797294
0
VERTEX
8
L4
10
-28.749362200991854
20
-53.268601870864444
0
VERTEX
8
L4
10
-28.74289370905899
20
-53.261225969451104
0
VERTEX
8
L4
10
-28.737443304297003
20
-53.25306886227545
0
VERTEX
8
L4
10
-28.73310424464249
20
-53.24427011970283
0
VERTEX
8
L4
10
-28.729950772609158
20
-53.234980290658136
0
VERTEX
8
L4
10
-28.728036844977808
20
-53.22535832669195
0
VERTEX
8
L4
10
-28.727395209580834
20
-53.21556886227545
0
VERTEX
8
L4
10
-28.728036844977808
20
-53.20577939785895
0
VERTEX
8
L4
10
-28.729950772609158
20
-53.196157433892765
0
VERTEX
8
L4
10
-28.73310424464249
20
-53.18686760484807
0
VERTEX
8
L4
10
-28.737443304297003
20
-53.17806886227545
0
VERTEX
8
L4
10
-28.74289370905899
20
-53.1699117550998
0
VERTEX
8
L4
10
-28.749362200991854
20
-53.16253585368646
0
VERTEX
8
L4
10
-28.75673810240518
20
-53.15606736175361
0
VERTEX
8
L4
10
-28.764895209580843
20
-53.15061695699162
0
VERTEX
8
L4
10
-28.77369395215345
20
-53.1462778973371
0
VERTEX
8
L4
10
-28.782983781198155
20
-53.14312442530377
0
VERTEX
8
L4
10
-28.792605745164337
20
-53.14121049767241
0
VERTEX
8
L4
10
-28.802395209580837
20
-53.14056886227545
0
SEQEND
0
POLYLINE
8
L4
66
1
70
1
0
VERTEX
8
L4
10
-28.203592814371248
20
-55.61362275449102
0
VERTEX
8
L4
10
-28.213382278787762
20
-55.614264389887985
0
VERTEX
8
L4
10
-28.223004242753944
20
-55.61617831751934
0
VERTEX
8
L4
10
-28.232294071798634
20
-55.619331789552675
0
VERTEX
8
L4
10
-28.241092814371257
20
-55.62367084920719
0
VERTEX
8
L4
10
-28.249249921546905
20
-55.62912125396918
0
VERTEX
8
L4
10
-28.256625822960245
20
-55.63558974590203
0
VERTEX
8
L4
10
-28.263094314893095
20
-55.642965647315364
0
VERTEX
8
L4
10
-28.268544719655083
20
-55.65112275449102
0
VERTEX
8
L4
10
-28.272883779309595
20
-55.65992149706364
0
VERTEX
8
L4
10
-28.27603725134294
20
-55.66921132610833
0
VERTEX
8
L4
10
-28.27795117897429
20
-55.678833290074515
0
VERTEX
8
L4
10
-28.27859281437125
20
-55.68862275449102
0
VERTEX
8
L4
10
-28.27795117897429
20
-55.69841221890753
0
VERTEX
8
L4
10
-28.27603725134294
20
-55.70803418287371
0
VERTEX
8
L4
10
-28.272883779309595
20
-55.7173240119184
0
VERTEX
8
L4
10
-28.268544719655083
20
-55.72612275449102
0
VERTEX
8
L4
10
-28.263094314893095
20
-55.73427986166668
0
VERTEX
8
L4
10
-28.256625822960245
20
-55.74165576308001
0
VERTEX
8
L4
10
-28.249249921546905
20
-55.74812425501286
0
VERTEX
8
L4
10
-28.241092814371257
20
-55.753574659774856
0
VERTEX
8
L4
10
-28.232294071798634
20
-55.75791371942937
0
VERTEX
8
L4
10
-28.223004242753944
20
-55.7610671914627
0
VERTEX
8
L4
10
-28.213382278787762
20
-55.76298111909406
0
VERTEX
8
L4
10
-28.203592814371248
20
-55.763622754491024
0
VERTEX
8
L4
10
-28.19380334995475
20
-55.76298111909406
0
VERTEX
8
L4
10
-28.184181385988566
20
-55.7610671914627
0
VERTEX
8
L4
10
-28.174891556943876
20
-55.75791371942937
0
VERTEX
8
L4
10
-28.166092814371254
20
-55.753574659774856
0
VERTEX
8
L4
10
-28.157935707195605
20
-55.74812425501286
0
VERTEX
8
L4
10
-28.150559805782265
20
-55.74165576308001
0
VERTEX
8
L4
10
-28.144091313849415
20
-55.73427986166668
0
VERTEX
8
L4
10
-28.138640909087428
20
-55.72612275449102
0
VERTEX
8
L4
10
-28.134301849432916
20
-55.7173240119184
0
VERTEX
8
L4
10
-28.13114837739957
20
-55.70803418287371
0
VERTEX
8
L4
10
-28.12923444976822
20
-55.69841221890753
0
VERTEX
8
L4
10
-28.12859281437126
20
-55.68862275449102
0
VERTEX
8
L4
10
-28.12923444976822
20
-55.678833290074515
0
VERTEX
8
L4
10
-28.13114837739957
20
-55.66921132610833
0
VERTEX
8
L4
10
-28.134301849432916
20
-55.65992149706364
0
VERTEX
8
L4
10
-28.138640909087428
20
-55.65112275449102
0
VERTEX
8
L4
10
-28.144091313849415
20
-55.642965647315364
0
VERTEX
8
L4
10
-28.150559805782265
20
-55.63558974590203
0
VERTEX
8
L4
10
-28.157935707195605
20
-55.62912125396918
0
VERTEX
8
L4
10
-28.166092814371254
20
-55.62367084920719
0
VERTEX
8
L4
10
-28.174891556943876
20
-55.619331789552675
0
VERTEX
8
L4
10
-28.184181385988566
20
-55.61617831751934
0
VERTEX
8
L4
10
-28.19380334995475
20
-55.614264389887985
0
VERTEX
8
L4
10
-28.203592814371248
20
-55.61362275449102
0
SEQEND
0
POLYLINE
8
L4
66
1
70
1
0
VERTEX
8
L4
10
-30.718562874251504
20
-53.577694610778444
0
VERTEX
8
L4
10
-30.728352338668003
20
-53.57833624617541
0
VERTEX
8
L4
10
-30.737974302634186
20
-53.58025017380676
0
VERTEX
8
L4
10
-30.747264131678875
20
-53.5834036458401
0
VERTEX
8
L4
10
-30.756062874251498
20
-53.58774270549461
0
VERTEX
8
L4
10
-30.76421998142716
20
-53.5931931102566
0
VERTEX
8
L4
10
-30.771595882840487
20
-53.59966160218946
0
VERTEX
8
L4
10
-30.778064374773336
20
-53.60703750360279
0
VERTEX
8
L4
10
-30.783514779535338
20
-53.615194610778445
0
VERTEX
8
L4
10
-30.78785383918985
20
-53.62399335335106
0
VERTEX
8
L4
10
-30.791007311223183
20
-53.63328318239576
0
VERTEX
8
L4
10
-30.792921238854532
20
-53.64290514636194
0
VERTEX
8
L4
10
-30.793562874251506
20
-53.65269461077845
0
VERTEX
8
L4
10
-30.792921238854532
20
-53.662484075194946
0
VERTEX
8
L4
10
-30.791007311223183
20
-53.672106039161136
0
VERTEX
8
L4
10
-30.78785383918985
20
-53.681395868205826
0
VERTEX
8
L4
10
-30.783514779535338
20
-53.69019461077844
0
VERTEX
8
L4
10
-30.778064374773336
20
-53.6983517179541
0
VERTEX
8
L4
10
-30.771595882840487
20
-53.70572761936744
0
VERTEX
8
L4
10
-30.76421998142716
20
-53.71219611130029
0
VERTEX
8
L4
10
-30.756062874251498
20
-53.717646516062274
0
VERTEX
8
L4
10
-30.747264131678875
20
-53.72198557571679
0
VERTEX
8
L4
10
-30.737974302634186
20
-53.725139047750126
0
VERTEX
8
L4
10
-30.728352338668003
20
-53.72705297538148
0
VERTEX
8
L4
10
-30.718562874251504
20
-53.72769461077844
0
VERTEX
8
L4
10
-30.708773409835004
20
-53.72705297538148
0
VERTEX
8
L4
10
-30.699151445868807
20
-53.725139047750126
0
VERTEX
8
L4
10
-30.689861616824118
20
-53.72198557571679
0
VERTEX
8
L4
10
-30.681062874251495
20
-53.717646516062274
0
VERTEX
8
L4
10
-30.672905767075846
20
-53.71219611130029
0
VERTEX
8
L4
10
-30.665529865662506
20
-53.70572761936744
0
VERTEX
8
L4
10
-30.659061373729656
20
-53.6983517179541
0
VERTEX
8
L4
10
-30.65361096896767
20
-53.69019461077844
0
VERTEX
8
L4
10
-30.649271909313157
20
-53.681395868205826
0
VERTEX
8
L4
10
-30.646118437279824
20
-53.672106039161136
0
VERTEX
8
L4
10
-30.64420450964846
20
-53.662484075194946
0
VERTEX
8
L4
10
-30.6435628742515
20
-53.65269461077845
0
VERTEX
8
L4
10
-30.64420450964846
20
-53.64290514636194
0
VERTEX
8
L4
10
-30.646118437279824
20
-53.63328318239576
0
VERTEX
8
L4
10
-30.649271909313157
20
-53.62399335335106
0
VERTEX
8
L4
10
-30.65361096896767
20
-53.615194610778445
0
VERTEX
8
L4
10
-30.659061373729656
20
-53.60703750360279
0
VERTEX
8
L4
10
-30.665529865662506
20
-53.59966160218946
0
VERTEX
8
L4
10
-30.672905767075846
20
-53.5931931102566
0
VERTEX
8
L4
10
-30.681062874251495
20
-53.58774270549461
0
VERTEX
8
L4
10
-30.689861616824118
20
-53.5834036458401
0
VERTEX
8
L4
10
-30.699151445868807
20
-53.58025017380677
0
VERTEX
8
L4
10
-30.708773409835004
20
-53.57833624617541
0
VERTEX
8
L4
10
-30.718562874251504
20
-53.577694610778444
0
SEQEND
0
POLYLINE
8
L4
66
1
70
1
0
VERTEX
8
L4
10
-28.305494140187776
20
-55.03571161799284
0
VERTEX
8
L4
10
-28.31528360460429
20
-55.036353253389805
0
VERTEX
8
L4
10
-28.324905568570472
20
-55.03826718102116
0
VERTEX
8
L4
10
-28.33419539761516
20
-55.041420653054494
0
VERTEX
8
L4
10
-28.342994140187784
20
-55.04575971270901
0
VERTEX
8
L4
10
-28.351151247363433
20
-55.051210117470994
0
VERTEX
8
L4
10
-28.358527148776773
20
-55.057678609403844
0
VERTEX
8
L4
10
-28.364995640709623
20
-55.065054510817184
0
VERTEX
8
L4
10
-28.37044604547161
20
-55.07321161799284
0
VERTEX
8
L4
10
-28.374785105126122
20
-55.082010360565455
0
VERTEX
8
L4
10
-28.377938577159455
20
-55.09130018961015
0
VERTEX
8
L4
10
-28.37985250479082
20
-55.100922153576334
0
VERTEX
8
L4
10
-28.38049414018778
20
-55.11071161799284
0
VERTEX
8
L4
10
-28.37985250479082
20
-55.12050108240934
0
VERTEX
8
L4
10
-28.377938577159455
20
-55.13012304637553
0
VERTEX
8
L4
10
-28.374785105126122
20
-55.13941287542022
0
VERTEX
8
L4
10
-28.37044604547161
20
-55.148211617992835
0
VERTEX
8
L4
10
-28.364995640709623
20
-55.15636872516849
0
VERTEX
8
L4
10
-28.358527148776773
20
-55.16374462658183
0
VERTEX
8
L4
10
-28.351151247363433
20
-55.17021311851468
0
VERTEX
8
L4
10
-28.342994140187784
20
-55.17566352327667
0
VERTEX
8
L4
10
-28.33419539761516
20
-55.18000258293119
0
VERTEX
8
L4
10
-28.324905568570472
20
-55.18315605496452
0
VERTEX
8
L4
10
-28.31528360460429
20
-55.18506998259588
0
VERTEX
8
L4
10
-28.305494140187776
20
-55.18571161799284
0
VERTEX
8
L4
10
-28.295704675771276
20
-55.18506998259588
0
VERTEX
8
L4
10
-28.286082711805093
20
-55.18315605496452
0
VERTEX
8
L4
10
-28.276792882760404
20
-55.18000258293119
0
VERTEX
8
L4
10
-28.26799414018778
20
-55.17566352327667
0
VERTEX
8
L4
10
-28.25983703301212
20
-55.17021311851468
0
VERTEX
8
L4
10
-28.252461131598793
20
-55.16374462658183
0
VERTEX
8
L4
10
-28.245992639665943
20
-55.15636872516849
0
VERTEX
8
L4
10
-28.24054223490394
20
-55.148211617992835
0
VERTEX
8
L4
10
-28.23620317524943
20
-55.13941287542022
0
VERTEX
8
L4
10
-28.233049703216096
20
-55.13012304637553
0
VERTEX
8
L4
10
-28.231135775584747
20
-55.12050108240934
0
VERTEX
8
L4
10
-28.230494140187773
20
-55.11071161799284
0
VERTEX
8
L4
10
-28.231135775584747
20
-55.100922153576334
0
VERTEX
8
L4
10
-28.233049703216096
20
-55.09130018961015
0
VERTEX
8
L4
10
-28.23620317524943
20
-55.082010360565455
0
VERTEX
8
L4
10
-28.24054223490394
20
-55.07321161799284
0
VERTEX
8
L4
10
-28.245992639665943
20
-55.065054510817184
0
VERTEX
8
L4
10
-28.252461131598793
20
-55.05767860940385
0
VERTEX
8
L4
10
-28.25983703301212
20
-55.051210117470994
0
VERTEX
8
L4
10
-28.26799414018778
20
-55.04575971270901
0
VERTEX
8
L4
10
-28.276792882760404
20
-55.041420653054494
0
VERTEX
8
L4
10
-28.286082711805093
20
-55.03826718102116
0
VERTEX
8
L4
10
-28.295704675771276
20
-55.036353253389805
0
VERTEX
8
L4
10
-28.305494140187776
20
-55.03571161799284
0
SEQEND
0
POLYLINE
8
L4
66
1
70
1
0
VERTEX
8
L4
10
-26.946107784431135
20
-56.69146706586827
0
VERTEX
8
L4
10
-26.955897248847634
20
-56.692108701265234
0
VERTEX
8
L4
10
-26.965519212813817
20
-56.69402262889659
0
VERTEX
8
L4
10
-26.97480904185852
20
-56.69717610092992
0
VERTEX
8
L4
10
-26.98360778443113
20
-56.701515160584435
0
VERTEX
8
L4
10
-26.991764891606792
20
-56.70696556534643
0
VERTEX
8
L4
10
-26.999140793020132
20
-56.71343405727928
0
VERTEX
8
L4
10
-27.005609284952982
20
-56.72080995869261
0
VERTEX
8
L4
10
-27.01105968971497
20
-56.72896706586827
0
VERTEX
8
L4
10
-27.01539874936948
20
-56.737765808440884
0
VERTEX
8
L4
10
-27.018552221402814
20
-56.74705563748558
0
VERTEX
8
L4
10
-27.020466149034164
20
-56.75667760145176
0
VERTEX
8
L4
10
-27.021107784431138
20
-56.76646706586827
0
VERTEX
8
L4
10
-27.020466149034164
20
-56.77625653028477
0
VERTEX
8
L4
10
-27.018552221402814
20
-56.78587849425096
0
VERTEX
8
L4
10
-27.01539874936948
20
-56.79516832329565
0
VERTEX
8
L4
10
-27.01105968971497
20
-56.80396706586827
0
VERTEX
8
L4
10
-27.005609284952982
20
-56.81212417304392
0
VERTEX
8
L4
10
-26.999140793020132
20
-56.81950007445726
0
VERTEX
8
L4
10
-26.991764891606792
20
-56.82596856639011
0
VERTEX
8
L4
10
-26.98360778443113
20
-56.831418971152104
0
VERTEX
8
L4
10
-26.97480904185852
20
-56.835758030806616
0
VERTEX
8
L4
10
-26.965519212813817
20
-56.83891150283995
0
VERTEX
8
L4
10
-26.955897248847634
20
-56.840825430471305
0
VERTEX
8
L4
10
-26.946107784431135
20
-56.841467065868265
0
VERTEX
8
L4
10
-26.936318320014635
20
-56.840825430471305
0
VERTEX
8
L4
10
-26.926696356048453
20
-56.83891150283995
0
VERTEX
8
L4
10
-26.91740652700375
20
-56.835758030806616
0
VERTEX
8
L4
10
-26.90860778443114
20
-56.831418971152104
0
VERTEX
8
L4
10
-26.900450677255478
20
-56.82596856639011
0
VERTEX
8
L4
10
-26.893074775842138
20
-56.81950007445726
0
VERTEX
8
L4
10
-26.886606283909288
20
-56.81212417304392
0
VERTEX
8
L4
10
-26.8811558791473
20
-56.80396706586827
0
VERTEX
8
L4
10
-26.876816819492788
20
-56.79516832329565
0
VERTEX
8
L4
10
-26.873663347459456
20
-56.78587849425096
0
VERTEX
8
L4
10
-26.871749419828106
20
-56.77625653028477
0
VERTEX
8
L4
10
-26.871107784431132
20
-56.76646706586827
0
VERTEX
8
L4
10
-26.871749419828106
20
-56.75667760145176
0
VERTEX
8
L4
10
-26.873663347459456
20
-56.74705563748558
0
VERTEX
8
L4
10
-26.876816819492788
20
-56.737765808440884
0
VERTEX
8
L4
10
-26.8811558791473
20
-56.72896706586827
0
VERTEX
8
L4
10
-26.886606283909288
20
-56.72080995869261
0
VERTEX
8
L4
10
-26.893074775842138
20
-56.71343405727928
0
VERTEX
8
L4
10
-26.900450677255478
20
-56.70696556534643
0
VERTEX
8
L4
10
-26.90860778443114
20
-56.701515160584435
0
VERTEX
8
L4
10
-26.91740652700375
20
-56.69717610092992
0
VERTEX
8
L4
10
-26.926696356048453
20
-56.69402262889659
0
VERTEX
8
L4
10
-26.936318320014635
20
-56.692108701265234
0
VERTEX
8
L4
10
-26.946107784431135
20
-56.69146706586827
0
SEQEND
0
POLYLINE
8
L4
66
1
70
1
0
VERTEX
8
L4
10
-23.173652694610766
20
-53.577694610778444
0
VERTEX
8
L4
10
-23.183442159027265
20
-53.57833624617541
0
VERTEX
8
L4
10
-23.193064122993462
20
-53.58025017380676
0
VERTEX
8
L4
10
-23.202353952038152
20
-53.5834036458401
0
VERTEX
8
L4
10
-23.211152694610774
20
-53.58774270549461
0
VERTEX
8
L4
10
-23.219309801786423
20
-53.5931931102566
0
VERTEX
8
L4
10
-23.226685703199763
20
-53.59966160218946
0
VERTEX
8
L4
10
-23.233154195132613
20
-53.60703750360279
0
VERTEX
8
L4
10
-23.2386045998946
20
-53.615194610778445
0
VERTEX
8
L4
10
-23.242943659549113
20
-53.62399335335106
0
VERTEX
8
L4
10
-23.246097131582445
20
-53.63328318239576
0
VERTEX
8
L4
10
-23.24801105921381
20
-53.64290514636194
0
VERTEX
8
L4
10
-23.24865269461077
20
-53.65269461077845
0
VERTEX
8
L4
10
-23.24801105921381
20
-53.662484075194946
0
VERTEX
8
L4
10
-23.246097131582445
20
-53.672106039161136
0
VERTEX
8
L4
10
-23.242943659549113
20
-53.681395868205826
0
VERTEX
8
L4
10
-23.2386045998946
20
-53.69019461077844
0
VERTEX
8
L4
10
-23.233154195132613
20
-53.6983517179541
0
VERTEX
8
L4
10
-23.226685703199763
20
-53.70572761936744
0
VERTEX
8
L4
10
-23.219309801786423
20
-53.71219611130029
0
VERTEX
8
L4
10
-23.211152694610774
20
-53.717646516062274
0
VERTEX
8
L4
10
-23.202353952038152
20
-53.72198557571679
0
VERTEX
8
L4
10
-23.193064122993462
20
-53.725139047750126
0
VERTEX
8
L4
10
-23.183442159027265
20
-53.72705297538148
0
VERTEX
8
L4
10
-23.173652694610766
20
-53.72769461077844
0
VERTEX
8
L4
10
-23.163863230194266
20
-53.72705297538148
0
VERTEX
8
L4
10
-23.154241266228084
20
-53.725139047750126
0
VERTEX
8
L4
10
-23.144951437183394
20
-53.72198557571679
0
VERTEX
8
L4
10
-23.13615269461077
20
-53.717646516062274
0
VERTEX
8
L4
10
-23.12799558743511
20
-53.71219611130029
0
VERTEX
8
L4
10
-23.120619686021783
20
-53.70572761936744
0
VERTEX
8
L4
10
-23.114151194088933
20
-53.6983517179541
0
VERTEX
8
L4
10
-23.10870078932693
20
-53.69019461077844
0
VERTEX
8
L4
10
-23.10436172967242
20
-53.681395868205826
0
VERTEX
8
L4
10
-23.101208257639087
20
-53.672106039161136
0
VERTEX
8
L4
10
-23.099294330007737
20
-53.662484075194946
0
VERTEX
8
L4
10
-23.098652694610763
20
-53.65269461077845
0
VERTEX
8
L4
10
-23.099294330007737
20
-53.64290514636194
0
VERTEX
8
L4
10
-23.101208257639087
20
-53.63328318239576
0
VERTEX
8
L4
10
-23.10436172967242
20
-53.62399335335106
0
VERTEX
8
L4
10
-23.10870078932693
20
-53.615194610778445
0
VERTEX
8
L4
10
-23.114151194088933
20
-53.60703750360279
0
VERTEX
8
L4
10
-23.120619686021783
20
-53.59966160218946
0
VERTEX
8
L4
10
-23.12799558743511
20
-53.5931931102566
0
VERTEX
8
L4
10
-23.13615269461077
20
-53.58774270549461
0
VERTEX
8
L4
10
-23.144951437183394
20
-53.5834036458401
0
VERTEX
8
L4
10
-23.154241266228084
20
-53.58025017380677
0
VERTEX
8
L4
10
-23.163863230194266
20
-53.57833624617541
0
VERTEX
8
L4
10
-23.173652694610766
20
-53.577694610778444
0
SEQEND
0
POLYLINE
8
L4
66
1
70
1
0
VERTEX
8
L4
10
-26.946107784431135
20
-55.73338323353294
0
VERTEX
8
L4
10
-26.955897248847634
20
-55.7340248689299
0
VERTEX
8
L4
10
-26.965519212813817
20
-55.73593879656126
0
VERTEX
8
L4
10
-26.97480904185852
20
-55.73909226859459
0
VERTEX
8
L4
10
-26.98360778443113
20
-55.7434313282491
0
VERTEX
8
L4
10
-26.991764891606792
20
-55.748881733011096
0
VERTEX
8
L4
10
-26.999140793020132
20
-55.755350224943946
0
VERTEX
8
L4
10
-27.005609284952982
20
-55.762726126357286
0
VERTEX
8
L4
10
-27.01105968971497
20
-55.770883233532935
0
VERTEX
8
L4
10
-27.01539874936948
20
-55.77968197610556
0
VERTEX
8
L4
10
-27.018552221402814
20
-55.78897180515025
0
VERTEX
8
L4
10
-27.020466149034164
20
-55.79859376911644
0
VERTEX
8
L4
10
-27.021107784431138
20
-55.808383233532936
0
VERTEX
8
L4
10
-27.020466149034164
20
-55.81817269794944
0
VERTEX
8
L4
10
-27.018552221402814
20
-55.827794661915625
0
VERTEX
8
L4
10
-27.01539874936948
20
-55.83708449096032
0
VERTEX
8
L4
10
-27.01105968971497
20
-55.84588323353294
0
VERTEX
8
L4
10
-27.005609284952982
20
-55.85404034070859
0
VERTEX
8
L4
10
-26.999140793020132
20
-55.861416242121926
0
VERTEX
8
L4
10
-26.991764891606792
20
-55.86788473405478
0
VERTEX
8
L4
10
-26.98360778443113
20
-55.87333513881677
0
VERTEX
8
L4
10
-26.97480904185852
20
-55.87767419847128
0
VERTEX
8
L4
10
-26.965519212813817
20
-55.880827670504615
0
VERTEX
8
L4
10
-26.955897248847634
20
-55.88274159813597
0
VERTEX
8
L4
10
-26.946107784431135
20
-55.88338323353294
0
VERTEX
8
L4
10
-26.936318320014635
20
-55.88274159813597
0
VERTEX
8
L4
10
-26.926696356048453
20
-55.880827670504615
0
VERTEX
8
L4
10
-26.91740652700375
20
-55.87767419847128
0
VERTEX
8
L4
10
-26.90860778443114
20
-55.87333513881677
0
VERTEX
8
L4
10
-26.900450677255478
20
-55.86788473405478
0
VERTEX
8
L4
10
-26.893074775842138
20
-55.861416242121926
0
VERTEX
8
L4
10
-26.886606283909288
20
-55.85404034070859
0
VERTEX
8
L4
10
-26.8811558791473
20
-55.84588323353294
0
VERTEX
8
L4
10
-26.876816819492788
20
-55.83708449096032
0
VERTEX
8
L4
10
-26.873663347459456
20
-55.827794661915625
0
VERTEX
8
L4
10
-26.871749419828106
20
-55.81817269794944
0
VERTEX
8
L4
10
-26.871107784431132
20
-55.808383233532936
0
VERTEX
8
L4
10
-26.871749419828106
20
-55.79859376911644
0
VERTEX
8
L4
10
-26.873663347459456
20
-55.78897180515025
0
VERTEX
8
L4
10
-26.876816819492788
20
-55.77968197610556
0
VERTEX
8
L4
10
-26.8811558791473
20
-55.770883233532935
0
VERTEX
8
L4
10
-26.886606283909288
20
-55.762726126357286
0
VERTEX
8
L4
10
-26.893074775842138
20
-55.755350224943946
0
VERTEX
8
L4
10
-26.900450677255478
20
-55.748881733011096
0
VERTEX
8
L4
10
-26.90860778443114
20
-55.7434313282491
0
VERTEX
8
L4
10
-26.91740652700375
20
-55.73909226859459
0
VERTEX
8
L4
10
-26.926696356048453
20
-55.73593879656126
0
VERTEX
8
L4
10
-26.936318320014635
20
-55.7340248689299
0
VERTEX
8
L4
10
-26.946107784431135
20
-55.73338323353294
0
SEQEND
0
POLYLINE
8
L4
66
1
70
1
0
VERTEX
8
L4
10
-26.946107784431135
20
-54.77529940119761
0
VERTEX
8
L4
10
-26.955897248847634
20
-54.775941036594574
0
VERTEX
8
L4
10
-26.965519212813817
20
-54.77785496422593
0
VERTEX
8
L4
10
-26.97480904185852
20
-54.78100843625926
0
VERTEX
8
L4
10
-26.98360778443113
20
-54.785347495913776
0
VERTEX
8
L4
10
-26.991764891606792
20
-54.79079790067576
0
VERTEX
8
L4
10
-26.999140793020132
20
-54.79726639260862
0
VERTEX
8
L4
10
-27.005609284952982
20
-54.80464229402195
0
VERTEX
8
L4
10
-27.01105968971497
20
-54.81279940119761
0
VERTEX
8
L4
10
-27.01539874936948
20
-54.821598143770224
0
VERTEX
8
L4
10
-27.018552221402814
20
-54.83088797281492
0
VERTEX
8
L4
10
-27.020466149034164
20
-54.8405099367811
0
VERTEX
8
L4
10
-27.021107784431138
20
-54.85029940119761
0
VERTEX
8
L4
10
-27.020466149034164
20
-54.86008886561411
0
VERTEX
8
L4
10
-27.018552221402814
20
-54.8697108295803
0
VERTEX
8
L4
10
-27.01539874936948
20
-54.87900065862499
0
VERTEX
8
L4
10
-27.01105968971497
20
-54.887799401197604
0
VERTEX
8
L4
10
-27.005609284952982
20
-54.89595650837326
0
VERTEX
8
L4
10
-26.999140793020132
20
-54.9033324097866
0
VERTEX
8
L4
10
-26.991764891606792
20
-54.90980090171945
0
VERTEX
8
L4
10
-26.98360778443113
20
-54.91525130648144
0
VERTEX
8
L4
10
-26.97480904185852
20
-54.91959036613596
0
VERTEX
8
L4
10
-26.965519212813817
20
-54.92274383816929
0
VERTEX
8
L4
10
-26.955897248847634
20
-54.924657765800646
0
VERTEX
8
L4
10
-26.946107784431135
20
-54.925299401197606
0
VERTEX
8
L4
10
-26.936318320014635
20
-54.924657765800646
0
VERTEX
8
L4
10
-26.926696356048453
20
-54.92274383816929
0
VERTEX
8
L4
10
-26.91740652700375
20
-54.91959036613596
0
VERTEX
8
L4
10
-26.90860778443114
20
-54.91525130648144
0
VERTEX
8
L4
10
-26.900450677255478
20
-54.90980090171945
0
VERTEX
8
L4
10
-26.893074775842138
20
-54.9033324097866
0
VERTEX
8
L4
10
-26.886606283909288
20
-54.89595650837326
0
VERTEX
8
L4
10
-26.8811558791473
20
-54.887799401197604
0
VERTEX
8
L4
10
-26.876816819492788
20
-54.87900065862499
0
VERTEX
8
L4
10
-26.873663347459456
20
-54.8697108295803
0
VERTEX
8
L4
10
-26.871749419828106
20
-54.86008886561411
0
VERTEX
8
L4
10
-26.871107784431132
20
-54.85029940119761
0
VERTEX
8
L4
10
-26.871749419828106
20
-54.8405099367811
0
VERTEX
8
L4
10
-26.873663347459456
20
-54.83088797281492
0
VERTEX
8
L4
10
-26.876816819492788
20
-54.821598143770224
0
VERTEX
8
L4
10
-26.8811558791473
20
-54.81279940119761
0
VERTEX
8
L4
10
-26.886606283909288
20
-54.80464229402195
0
VERTEX
8
L4
10
-26.893074775842138
20
-54.79726639260862
0
VERTEX
8
L4
10
-26.900450677255478
20
-54.79079790067576
0
VERTEX
8
L4
10
-26.90860778443114
20
-54.785347495913776
0
VERTEX
8
L4
10
-26.91740652700375
20
-54.78100843625926
0
VERTEX
8
L4
10
-26.926696356048453
20
-54.77785496422593
0
VERTEX
8
L4
10
-26.936318320014635
20
-54.775941036594574
0
VERTEX
8
L4
10
-26.946107784431135
20
-54.77529940119761
0
SEQEND
0
POLYLINE
8
L4
66
1
70
1
0
VERTEX
8
L4
10
-22.81437125748502
20
-55.61362275449102
0
VERTEX
8
L4
10
-22.82416072190152
20
-55.614264389887985
0
VERTEX
8
L4
10
-22.833782685867703
20
-55.61617831751934
0
VERTEX
8
L4
10
-22.843072514912407
20
-55.619331789552675
0
VERTEX
8
L4
10
-22.851871257485016
20
-55.62367084920719
0
VERTEX
8
L4
10
-22.86002836466068
20
-55.62912125396918
0
VERTEX
8
L4
10
-22.867404266074004
20
-55.63558974590203
0
VERTEX
8
L4
10
-22.87387275800687
20
-55.642965647315364
0
VERTEX
8
L4
10
-22.879323162768856
20
-55.65112275449102
0
VERTEX
8
L4
10
-22.883662222423368
20
-55.65992149706364
0
VERTEX
8
L4
10
-22.8868156944567
20
-55.66921132610833
0
VERTEX
8
L4
10
-22.88872962208805
20
-55.678833290074515
0
VERTEX
8
L4
10
-22.889371257485024
20
-55.68862275449102
0
VERTEX
8
L4
10
-22.88872962208805
20
-55.69841221890753
0
VERTEX
8
L4
10
-22.8868156944567
20
-55.70803418287371
0
VERTEX
8
L4
10
-22.883662222423368
20
-55.7173240119184
0
VERTEX
8
L4
10
-22.879323162768856
20
-55.72612275449102
0
VERTEX
8
L4
10
-22.87387275800687
20
-55.73427986166668
0
VERTEX
8
L4
10
-22.867404266074004
20
-55.74165576308001
0
VERTEX
8
L4
10
-22.86002836466068
20
-55.74812425501286
0
VERTEX
8
L4
10
-22.851871257485016
20
-55.753574659774856
0
VERTEX
8
L4
10
-22.843072514912407
20
-55.75791371942937
0
VERTEX
8
L4
10
-22.833782685867703
20
-55.7610671914627
0
VERTEX
8
L4
10
-22.82416072190152
20
-55.76298111909406
0
VERTEX
8
L4
10
-22.81437125748502
20
-55.763622754491024
0
VERTEX
8
L4
10
-22.80458179306852
20
-55.76298111909406
0
VERTEX
8
L4
10
-22.794959829102325
20
-55.7610671914627
0
VERTEX
8
L4
10
-22.785670000057635
20
-55.75791371942937
0
VERTEX
8
L4
10
-22.776871257485013
20
-55.753574659774856
0
VERTEX
8
L4
10
-22.768714150309364
20
-55.74812425501286
0
VERTEX
8
L4
10
-22.761338248896024
20
-55.74165576308001
0
VERTEX
8
L4
10
-22.754869756963174
20
-55.73427986166668
0
VERTEX
8
L4
10
-22.749419352201187
20
-55.72612275449102
0
VERTEX
8
L4
10
-22.745080292546675
20
-55.7173240119184
0
VERTEX
8
L4
10
-22.741926820513342
20
-55.70803418287371
0
VERTEX
8
L4
10
-22.74001289288198
20
-55.69841221890753
0
VERTEX
8
L4
10
-22.73937125748502
20
-55.68862275449102
0
VERTEX
8
L4
10
-22.74001289288198
20
-55.678833290074515
0
VERTEX
8
L4
10
-22.741926820513342
20
-55.66921132610833
0
VERTEX
8
L4
10
-22.745080292546675
20
-55.65992149706364
0
VERTEX
8
L4
10
-22.749419352201187
20
-55.65112275449102
0
VERTEX
8
L4
10
-22.754869756963174
20
-55.642965647315364
0
VERTEX
8
L4
10
-22.761338248896024
20
-55.63558974590203
0
VERTEX
8
L4
10
-22.768714150309364
20
-55.62912125396918
0
VERTEX
8
L4
10
-22.776871257485013
20
-55.62367084920719
0
VERTEX
8
L4
10
-22.785670000057635
20
-55.619331789552675
0
VERTEX
8
L4
10
-22.794959829102325
20
-55.61617831751934
0
VERTEX
8
L4
10
-22.80458179306852
20
-55.614264389887985
0
VERTEX
8
L4
10
-22.81437125748502
20
-55.61362275449102
0
SEQEND
0
POLYLINE
8
L4
66
1
70
1
0
VERTEX
8
L4
10
-26.946107784431135
20
-53.81721556886228
0
VERTEX
8
L4
10
-26.955897248847634
20
-53.81785720425924
0
VERTEX
8
L4
10
-26.965519212813817
20
-53.8197711318906
0
VERTEX
8
L4
10
-26.97480904185852
20
-53.82292460392393
0
VERTEX
8
L4
10
-26.98360778443113
20
-53.82726366357844
0
VERTEX
8
L4
10
-26.991764891606792
20
-53.83271406834044
0
VERTEX
8
L4
10
-26.999140793020132
20
-53.83918256027329
0
VERTEX
8
L4
10
-27.005609284952982
20
-53.84655846168663
0
VERTEX
8
L4
10
-27.01105968971497
20
-53.854715568862275
0
VERTEX
8
L4
10
-27.01539874936948
20
-53.8635143114349
0
VERTEX
8
L4
10
-27.018552221402814
20
-53.87280414047959
0
VERTEX
8
L4
10
-27.020466149034164
20
-53.88242610444578
0
VERTEX
8
L4
10
-27.021107784431138
20
-53.89221556886228
0
VERTEX
8
L4
10
-27.020466149034164
20
-53.90200503327878
0
VERTEX
8
L4
10
-27.018552221402814
20
-53.911626997244966
0
VERTEX
8
L4
10
-27.01539874936948
20
-53.92091682628966
0
VERTEX
8
L4
10
-27.01105968971497
20
-53.92971556886228
0
VERTEX
8
L4
10
-27.005609284952982
20
-53.937872676037934
0
VERTEX
8
L4
10
-26.999140793020132
20
-53.94524857745127
0
VERTEX
8
L4
10
-26.991764891606792
20
-53.951717069384124
0
VERTEX
8
L4
10
-26.98360778443113
20
-53.95716747414611
0
VERTEX
8
L4
10
-26.97480904185852
20
-53.96150653380062
0
VERTEX
8
L4
10
-26.965519212813817
20
-53.964660005833956
0
VERTEX
8
L4
10
-26.955897248847634
20
-53.96657393346531
0
VERTEX
8
L4
10
-26.946107784431135
20
-53.96721556886228
0
VERTEX
8
L4
10
-26.936318320014635
20
-53.96657393346531
0
VERTEX
8
L4
10
-26.926696356048453
20
-53.964660005833956
0
VERTEX
8
L4
10
-26.91740652700375
20
-53.96150653380062
0
VERTEX
8
L4
10
-26.90860778443114
20
-53.95716747414611
0
VERTEX
8
L4
10
-26.900450677255478
20
-53.951717069384124
0
VERTEX
8
L4
10
-26.893074775842138
20
-53.94524857745127
0
VERTEX
8
L4
10
-26.886606283909288
20
-53.937872676037934
0
VERTEX
8
L4
10
-26.8811558791473
20
-53.92971556886228
0
VERTEX
8
L4
10
-26.876816819492788
20
-53.92091682628966
0
VERTEX
8
L4
10
-26.873663347459456
20
-53.911626997244966
0
VERTEX
8
L4
10
-26.871749419828106
20
-53.90200503327878
0
VERTEX
8
L4
10
-26.871107784431132
20
-53.89221556886228
0
VERTEX
8
L4
10
-26.871749419828106
20
-53.88242610444578
0
VERTEX
8
L4
10
-26.873663347459456
20
-53.87280414047959
0
VERTEX
8
L4
10
-26.876816819492788
20
-53.8635143114349
0
VERTEX
8
L4
10
-26.8811558791473
20
-53.854715568862275
0
VERTEX
8
L4
10
-26.886606283909288
20
-53.84655846168663
0
VERTEX
8
L4
10
-26.893074775842138
20
-53.83918256027329
0
VERTEX
8
L4
10
-26.900450677255478
20
-53.83271406834044
0
VERTEX
8
L4
10
-26.90860778443114
20
-53.82726366357844
0
VERTEX
8
L4
10
-26.91740652700375
20
-53.82292460392393
0
VERTEX
8
L4
10
-26.926696356048453
20
-53.8197711318906
0
VERTEX
8
L4
10
-26.936318320014635
20
-53.81785720425924
0
VERTEX
8
L4
10
-26.946107784431135
20
-53.81721556886228
0
SEQEND
0
POLYLINE
8
L4
66
1
70
1
0
VERTEX
8
L4
10
-26.946107784431135
20
-53.338173652694614
0
VERTEX
8
L4
10
-26.955897248847634
20
-53.338815288091574
0
VERTEX
8
L4
10
-26.965519212813817
20
-53.34072921572293
0
VERTEX
8
L4
10
-26.97480904185852
20
-53.34388268775626
0
VERTEX
8
L4
10
-26.98360778443113
20
-53.348221747410776
0
VERTEX
8
L4
10
-26.991764891606792
20
-53.35367215217277
0
VERTEX
8
L4
10
-26.999140793020132
20
-53.36014064410562
0
VERTEX
8
L4
10
-27.005609284952982
20
-53.36751654551896
0
VERTEX
8
L4
10
-27.01105968971497
20
-53.37567365269461
0
VERTEX
8
L4
10
-27.01539874936948
20
-53.38447239526723
0
VERTEX
8
L4
10
-27.018552221402814
20
-53.39376222431192
0
VERTEX
8
L4
10
-27.020466149034164
20
-53.40338418827811
0
VERTEX
8
L4
10
-27.021107784431138
20
-53.41317365269461
0
VERTEX
8
L4
10
-27.020466149034164
20
-53.42296311711112
0
VERTEX
8
L4
10
-27.018552221402814
20
-53.4325850810773
0
VERTEX
8
L4
10
-27.01539874936948
20
-53.441874910121996
0
VERTEX
8
L4
10
-27.01105968971497
20
-53.45067365269461
0
VERTEX
8
L4
10
-27.005609284952982
20
-53.45883075987027
0
VERTEX
8
L4
10
-26.999140793020132
20
-53.4662066612836
0
VERTEX
8
L4
10
-26.991764891606792
20
-53.47267515321646
0
VERTEX
8
L4
10
-26.98360778443113
20
-53.478125557978444
0
VERTEX
8
L4
10
-26.97480904185852
20
-53.48246461763296
0
VERTEX
8
L4
10
-26.965519212813817
20
-53.48561808966629
0
VERTEX
8
L4
10
-26.955897248847634
20
-53.487532017297646
0
VERTEX
8
L4
10
-26.946107784431135
20
-53.48817365269461
0
VERTEX
8
L4
10
-26.936318320014635
20
-53.487532017297646
0
VERTEX
8
L4
10
-26.926696356048453
20
-53.48561808966629
0
VERTEX
8
L4
10
-26.91740652700375
20
-53.48246461763296
0
VERTEX
8
L4
10
-26.90860778443114
20
-53.478125557978444
0
VERTEX
8
L4
10
-26.900450677255478
20
-53.47267515321646
0
VERTEX
8
L4
10
-26.893074775842138
20
-53.4662066612836
0
VERTEX
8
L4
10
-26.886606283909288
20
-53.45883075987027
0
VERTEX
8
L4
10
-26.8811558791473
20
-53.45067365269461
0
VERTEX
8
L4
10
-26.876816819492788
20
-53.441874910121996
0
VERTEX
8
L4
10
-26.873663347459456
20
-53.4325850810773
0
VERTEX
8
L4
10
-26.871749419828106
20
-53.42296311711112
0
VERTEX
8
L4
10
-26.871107784431132
20
-53.41317365269461
0
VERTEX
8
L4
10
-26.871749419828106
20
-53.40338418827811
0
VERTEX
8
L4
10
-26.873663347459456
20
-53.39376222431192
0
VERTEX
8
L4
10
-26.876816819492788
20
-53.38447239526723
0
VERTEX
8
L4
10
-26.8811558791473
20
-53.37567365269461
0
VERTEX
8
L4
10
-26.886606283909288
20
-53.36751654551896
0
VERTEX
8
L4
10
-26.893074775842138
20
-53.36014064410562
0
VERTEX
8
L4
10
-26.900450677255478
20
-53.35367215217277
0
VERTEX
8
L4
10
-26.90860778443114
20
-53.348221747410776
0
VERTEX
8
L4
10
-26.91740652700375
20
-53.34388268775626
0
VERTEX
8
L4
10
-26.926696356048453
20
-53.34072921572293
0
VERTEX
8
L4
10
-26.936318320014635
20
-53.338815288091574
0
VERTEX
8
L4
10
-26.946107784431135
20
-53.338173652694614
0
SEQEND
0
POLYLINE
8
L4
66
1
70
1
0
VERTEX
8
L4
10
-25.089820359281433
20
-53.577694610778444
0
VERTEX
8
L4
10
-25.099609823697932
20
-53.57833624617541
0
VERTEX
8
L4
10
-25.109231787664115
20
-53.58025017380676
0
VERTEX
8
L4
10
-25.11852161670882
20
-53.5834036458401
0
VERTEX
8
L4
10
-25.127320359281427
20
-53.58774270549461
0
VERTEX
8
L4
10
-25.13547746645709
20
-53.5931931102566
0
VERTEX
8
L4
10
-25.142853367870416
20
-53.59966160218946
0
VERTEX
8
L4
10
-25.14932185980328
20
-53.60703750360279
0
VERTEX
8
L4
10
-25.154772264565267
20
-53.615194610778445
0
VERTEX
8
L4
10
-25.15911132421978
20
-53.62399335335106
0
VERTEX
8
L4
10
-25.162264796253112
20
-53.63328318239576
0
VERTEX
8
L4
10
-25.16417872388446
20
-53.64290514636194
0
VERTEX
8
L4
10
-25.164820359281435
20
-53.65269461077845
0
VERTEX
8
L4
10
-25.16417872388446
20
-53.662484075194946
0
VERTEX
8
L4
10
-25.162264796253112
20
-53.672106039161136
0
VERTEX
8
L4
10
-25.15911132421978
20
-53.681395868205826
0
VERTEX
8
L4
10
-25.154772264565267
20
-53.69019461077844
0
VERTEX
8
L4
10
-25.14932185980328
20
-53.6983517179541
0
VERTEX
8
L4
10
-25.142853367870416
20
-53.70572761936744
0
VERTEX
8
L4
10
-25.13547746645709
20
-53.71219611130029
0
VERTEX
8
L4
10
-25.127320359281427
20
-53.717646516062274
0
VERTEX
8
L4
10
-25.11852161670882
20
-53.72198557571679
0
VERTEX
8
L4
10
-25.109231787664115
20
-53.725139047750126
0
VERTEX
8
L4
10
-25.099609823697932
20
-53.72705297538148
0
VERTEX
8
L4
10
-25.089820359281433
20
-53.72769461077844
0
VERTEX
8
L4
10
-25.080030894864933
20
-53.72705297538148
0
VERTEX
8
L4
10
-25.070408930898736
20
-53.725139047750126
0
VERTEX
8
L4
10
-25.061119101854047
20
-53.72198557571679
0
VERTEX
8
L4
10
-25.052320359281424
20
-53.717646516062274
0
VERTEX
8
L4
10
-25.044163252105776
20
-53.71219611130029
0
VERTEX
8
L4
10
-25.036787350692435
20
-53.70572761936744
0
VERTEX
8
L4
10
-25.030318858759586
20
-53.6983517179541
0
VERTEX
8
L4
10
-25.0248684539976
20
-53.69019461077844
0
VERTEX
8
L4
10
-25.020529394343086
20
-53.681395868205826
0
VERTEX
8
L4
10
-25.017375922309753
20
-53.672106039161136
0
VERTEX
8
L4
10
-25.01546199467839
20
-53.662484075194946
0
VERTEX
8
L4
10
-25.01482035928143
20
-53.65269461077845
0
VERTEX
8
L4
10
-25.01546199467839
20
-53.64290514636194
0
VERTEX
8
L4
10
-25.017375922309753
20
-53.63328318239576
0
VERTEX
8
L4
10
-25.020529394343086
20
-53.62399335335106
0
VERTEX
8
L4
10
-25.0248684539976
20
-53.615194610778445
0
VERTEX
8
L4
10
-25.030318858759586
20
-53.60703750360279
0
VERTEX
8
L4
10
-25.036787350692435
20
-53.59966160218946
0
VERTEX
8
L4
10
-25.044163252105776
20
-53.5931931102566
0
VERTEX
8
L4
10
-25.052320359281424
20
-53.58774270549461
0
VERTEX
8
L4
10
-25.061119101854047
20
-53.5834036458401
0
VERTEX
8
L4
10
-25.070408930898736
20
-53.58025017380677
0
VERTEX
8
L4
10
-25.080030894864933
20
-53.57833624617541
0
VERTEX
8
L4
10
-25.089820359281433
20
-53.577694610778444
0
SEQEND
0
POLYLINE
8
L4
66
1
70
1
0
VERTEX
8
L4
10
-26.946107784431135
20
-54.29625748502994
0
VERTEX
8
L4
10
-26.955897248847634
20
-54.29689912042691
0
VERTEX
8
L4
10
-26.965519212813817
20
-54.298813048058264
0
VERTEX
8
L4
10
-26.97480904185852
20
-54.3019665200916
0
VERTEX
8
L4
10
-26.98360778443113
20
-54.30630557974611
0
VERTEX
8
L4
10
-26.991764891606792
20
-54.311755984508096
0
VERTEX
8
L4
10
-26.999140793020132
20
-54.31822447644095
0
VERTEX
8
L4
10
-27.005609284952982
20
-54.325600377854286
0
VERTEX
8
L4
10
-27.01105968971497
20
-54.33375748502994
0
VERTEX
8
L4
10
-27.01539874936948
20
-54.34255622760256
0
VERTEX
8
L4
10
-27.018552221402814
20
-54.351846056647254
0
VERTEX
8
L4
10
-27.020466149034164
20
-54.36146802061344
0
VERTEX
8
L4
10
-27.021107784431138
20
-54.37125748502994
0
VERTEX
8
L4
10
-27.020466149034164
20
-54.38104694944644
0
VERTEX
8
L4
10
-27.018552221402814
20
-54.39066891341263
0
VERTEX
8
L4
10
-27.01539874936948
20
-54.39995874245732
0
VERTEX
8
L4
10
-27.01105968971497
20
-54.408757485029945
0
VERTEX
8
L4
10
-27.005609284952982
20
-54.41691459220559
0
VERTEX
8
L4
10
-26.999140793020132
20
-54.42429049361893
0
VERTEX
8
L4
10
-26.991764891606792
20
-54.43075898555178
0
VERTEX
8
L4
10
-26.98360778443113
20
-54.43620939031378
0
VERTEX
8
L4
10
-26.97480904185852
20
-54.44054844996829
0
VERTEX
8
L4
10
-26.965519212813817
20
-54.44370192200162
0
VERTEX
8
L4
10
-26.955897248847634
20
-54.44561584963298
0
VERTEX
8
L4
10
-26.946107784431135
20
-54.44625748502994
0
VERTEX
8
L4
10
-26.936318320014635
20
-54.44561584963298
0
VERTEX
8
L4
10
-26.926696356048453
20
-54.44370192200162
0
VERTEX
8
L4
10
-26.91740652700375
20
-54.44054844996829
0
VERTEX
8
L4
10
-26.90860778443114
20
-54.43620939031378
0
VERTEX
8
L4
10
-26.900450677255478
20
-54.43075898555178
0
VERTEX
8
L4
10
-26.893074775842138
20
-54.42429049361893
0
VERTEX
8
L4
10
-26.886606283909288
20
-54.41691459220559
0
VERTEX
8
L4
10
-26.8811558791473
20
-54.408757485029945
0
VERTEX
8
L4
10
-26.876816819492788
20
-54.39995874245732
0
VERTEX
8
L4
10
-26.873663347459456
20
-54.39066891341263
0
VERTEX
8
L4
10
-26.871749419828106
20
-54.38104694944644
0
VERTEX
8
L4
10
-26.871107784431132
20
-54.37125748502994
0
VERTEX
8
L4
10
-26.871749419828106
20
-54.36146802061344
0
VERTEX
8
L4
10
-26.873663347459456
20
-54.351846056647254
0
VERTEX
8
L4
10
-26.876816819492788
20
-54.34255622760256
0
VERTEX
8
L4
10
-26.8811558791473
20
-54.33375748502994
0
VERTEX
8
L4
10
-26.886606283909288
20
-54.325600377854286
0
VERTEX
8
L4
10
-26.893074775842138
20
-54.31822447644095
0
VERTEX
8
L4
10
-26.900450677255478
20
-54.311755984508096
0
VERTEX
8
L4
10
-26.90860778443114
20
-54.30630557974611
0
VERTEX
8
L4
10
-26.91740652700375
20
-54.3019665200916
0
VERTEX
8
L4
10
-26.926696356048453
20
-54.298813048058264
0
VERTEX
8
L4
10
-26.936318320014635
20
-54.29689912042691
0
VERTEX
8
L4
10
-26.946107784431135
20
-54.29625748502994
0
SEQEND
0
POLYLINE
8
L4
66
1
70
1
0
VERTEX
8
L4
10
-25.089820359281433
20
-53.14056886227545
0
VERTEX
8
L4
10
-25.099609823697932
20
-53.14121049767241
0
VERTEX
8
L4
10
-25.109231787664115
20
-53.14312442530377
0
VERTEX
8
L4
10
-25.11852161670882
20
-53.1462778973371
0
VERTEX
8
L4
10
-25.127320359281427
20
-53.15061695699162
0
VERTEX
8
L4
10
-25.13547746645709
20
-53.15606736175361
0
VERTEX
8
L4
10
-25.142853367870416
20
-53.16253585368646
0
VERTEX
8
L4
10
-25.14932185980328
20
-53.1699117550998
0
VERTEX
8
L4
10
-25.154772264565267
20
-53.17806886227545
0
VERTEX
8
L4
10
-25.15911132421978
20
-53.18686760484807
0
VERTEX
8
L4
10
-25.162264796253112
20
-53.196157433892765
0
VERTEX
8
L4
10
-25.16417872388446
20
-53.20577939785895
0
VERTEX
8
L4
10
-25.164820359281435
20
-53.21556886227545
0
VERTEX
8
L4
10
-25.16417872388446
20
-53.22535832669195
0
VERTEX
8
L4
10
-25.162264796253112
20
-53.234980290658136
0
VERTEX
8
L4
10
-25.15911132421978
20
-53.24427011970283
0
VERTEX
8
L4
10
-25.154772264565267
20
-53.25306886227545
0
VERTEX
8
L4
10
-25.14932185980328
20
-53.261225969451104
0
VERTEX
8
L4
10
-25.142853367870416
20
-53.268601870864444
0
VERTEX
8
L4
10
-25.13547746645709
20
-53.275070362797294
0
VERTEX
8
L4
10
-25.127320359281427
20
-53.28052076755928
0
VERTEX
8
L4
10
-25.11852161670882
20
-53.28485982721379
0
VERTEX
8
L4
10
-25.109231787664115
20
-53.28801329924713
0
VERTEX
8
L4
10
-25.099609823697932
20
-53.28992722687848
0
VERTEX
8
L4
10
-25.089820359281433
20
-53.29056886227545
0
VERTEX
8
L4
10
-25.080030894864933
20
-53.28992722687848
0
VERTEX
8
L4
10
-25.070408930898736
20
-53.28801329924713
0
VERTEX
8
L4
10
-25.061119101854047
20
-53.28485982721379
0
VERTEX
8
L4
10
-25.052320359281424
20
-53.28052076755928
0
VERTEX
8
L4
10
-25.044163252105776
20
-53.275070362797294
0
VERTEX
8
L4
10
-25.036787350692435
20
-53.268601870864444
0
VERTEX
8
L4
10
-25.030318858759586
20
-53.261225969451104
0
VERTEX
8
L4
10
-25.0248684539976
20
-53.25306886227545
0
VERTEX
8
L4
10
-25.020529394343086
20
-53.24427011970283
0
VERTEX
8
L4
10
-25.017375922309753
20
-53.234980290658136
0
VERTEX
8
L4
10
-25.01546199467839
20
-53.22535832669195
0
VERTEX
8
L4
10
-25.01482035928143
20
-53.21556886227545
0
VERTEX
8
L4
10
-25.01546199467839
20
-53.20577939785895
0
VERTEX
8
L4
10
-25.017375922309753
20
-53.196157433892765
0
VERTEX
8
L4
10
-25.020529394343086
20
-53.18686760484807
0
VERTEX
8
L4
10
-25.0248684539976
20
-53.17806886227545
0
VERTEX
8
L4
10
-25.030318858759586
20
-53.1699117550998
0
VERTEX
8
L4
10
-25.036787350692435
20
-53.16253585368646
0
VERTEX
8
L4
10
-25.044163252105776
20
-53.15606736175361
0
VERTEX
8
L4
10
-25.052320359281424
20
-53.15061695699162
0
VERTEX
8
L4
10
-25.061119101854047
20
-53.1462778973371
0
VERTEX
8
L4
10
-25.070408930898736
20
-53.14312442530377
0
VERTEX
8
L4
10
-25.080030894864933
20
-53.14121049767241
0
VERTEX
8
L4
10
-25.089820359281433
20
-53.14056886227545
0
SEQEND
0
POLYLINE
8
L4
66
1
70
1
0
VERTEX
8
L4
10
-26.946107784431135
20
-55.254341317365274
0
VERTEX
8
L4
10
-26.955897248847634
20
-55.254982952762234
0
VERTEX
8
L4
10
-26.965519212813817
20
-55.25689688039359
0
VERTEX
8
L4
10
-26.97480904185852
20
-55.26005035242692
0
VERTEX
8
L4
10
-26.98360778443113
20
-55.26438941208144
0
VERTEX
8
L4
10
-26.991764891606792
20
-55.26983981684343
0
VERTEX
8
L4
10
-26.999140793020132
20
-55.27630830877628
0
VERTEX
8
L4
10
-27.005609284952982
20
-55.28368421018962
0
VERTEX
8
L4
10
-27.01105968971497
20
-55.291841317365275
0
VERTEX
8
L4
10
-27.01539874936948
20
-55.30064005993789
0
VERTEX
8
L4
10
-27.018552221402814
20
-55.30992988898258
0
VERTEX
8
L4
10
-27.020466149034164
20
-55.31955185294877
0
VERTEX
8
L4
10
-27.021107784431138
20
-55.32934131736527
0
VERTEX
8
L4
10
-27.020466149034164
20
-55.339130781781776
0
VERTEX
8
L4
10
-27.018552221402814
20
-55.34875274574796
0
VERTEX
8
L4
10
-27.01539874936948
20
-55.358042574792655
0
VERTEX
8
L4
10
-27.01105968971497
20
-55.36684131736527
0
VERTEX
8
L4
10
-27.005609284952982
20
-55.37499842454093
0
VERTEX
8
L4
10
-26.999140793020132
20
-55.38237432595427
0
VERTEX
8
L4
10
-26.991764891606792
20
-55.38884281788712
0
VERTEX
8
L4
10
-26.98360778443113
20
-55.394293222649104
0
VERTEX
8
L4
10
-26.97480904185852
20
-55.398632282303616
0
VERTEX
8
L4
10
-26.965519212813817
20
-55.401785754336956
0
VERTEX
8
L4
10
-26.955897248847634
20
-55.403699681968305
0
VERTEX
8
L4
10
-26.946107784431135
20
-55.40434131736527
0
VERTEX
8
L4
10
-26.936318320014635
20
-55.403699681968305
0
VERTEX
8
L4
10
-26.926696356048453
20
-55.401785754336956
0
VERTEX
8
L4
10
-26.91740652700375
20
-55.398632282303616
0
VERTEX
8
L4
10
-26.90860778443114
20
-55.394293222649104
0
VERTEX
8
L4
10
-26.900450677255478
20
-55.38884281788712
0
VERTEX
8
L4
10
-26.893074775842138
20
-55.38237432595427
0
VERTEX
8
L4
10
-26.886606283909288
20
-55.37499842454093
0
VERTEX
8
L4
10
-26.8811558791473
20
-55.36684131736527
0
VERTEX
8
L4
10
-26.876816819492788
20
-55.358042574792655
0
VERTEX
8
L4
10
-26.873663347459456
20
-55.34875274574796
0
VERTEX
8
L4
10
-26.871749419828106
20
-55.339130781781776
0
VERTEX
8
L4
10
-26.871107784431132
20
-55.32934131736527
0
VERTEX
8
L4
10
-26.871749419828106
20
-55.31955185294877
0
VERTEX
8
L4
10
-26.873663347459456
20
-55.30992988898258
0
VERTEX
8
L4
10
-26.876816819492788
20
-55.30064005993789
0
VERTEX
8
L4
10
-26.8811558791473
20
-55.291841317365275
0
VERTEX
8
L4
10
-26.886606283909288
20
-55.28368421018962
0
VERTEX
8
L4
10
-26.893074775842138
20
-55.27630830877628
0
VERTEX
8
L4
10
-26.900450677255478
20
-55.26983981684343
0
VERTEX
8
L4
10
-26.90860778443114
20
-55.26438941208144
0
VERTEX
8
L4
10
-26.91740652700375
20
-55.26005035242692
0
VERTEX
8
L4
10
-26.926696356048453
20
-55.25689688039359
0
VERTEX
8
L4
10
-26.936318320014635
20
-55.254982952762234
0
VERTEX
8
L4
10
-26.946107784431135
20
-55.254341317365274
0
SEQEND
0
POLYLINE
8
L4
66
1
70
1
0
VERTEX
8
L4
10
-25.688622754491007
20
-55.61362275449102
0
VERTEX
8
L4
10
-25.69841221890752
20
-55.614264389887985
0
VERTEX
8
L4
10
-25.708034182873703
20
-55.61617831751934
0
VERTEX
8
L4
10
-25.717324011918393
20
-55.619331789552675
0
VERTEX
8
L4
10
-25.726122754491016
20
-55.62367084920719
0
VERTEX
8
L4
10
-25.734279861666664
20
-55.62912125396918
0
VERTEX
8
L4
10
-25.741655763080004
20
-55.63558974590203
0
VERTEX
8
L4
10
-25.748124255012854
20
-55.642965647315364
0
VERTEX
8
L4
10
-25.75357465977484
20
-55.65112275449102
0
VERTEX
8
L4
10
-25.757913719429354
20
-55.65992149706364
0
VERTEX
8
L4
10
-25.761067191462686
20
-55.66921132610833
0
VERTEX
8
L4
10
-25.76298111909405
20
-55.678833290074515
0
VERTEX
8
L4
10
-25.76362275449101
20
-55.68862275449102
0
VERTEX
8
L4
10
-25.76298111909405
20
-55.69841221890753
0
VERTEX
8
L4
10
-25.761067191462686
20
-55.70803418287371
0
VERTEX
8
L4
10
-25.757913719429354
20
-55.7173240119184
0
VERTEX
8
L4
10
-25.75357465977484
20
-55.72612275449102
0
VERTEX
8
L4
10
-25.748124255012854
20
-55.73427986166668
0
VERTEX
8
L4
10
-25.741655763080004
20
-55.74165576308001
0
VERTEX
8
L4
10
-25.734279861666664
20
-55.74812425501286
0
VERTEX
8
L4
10
-25.726122754491016
20
-55.753574659774856
0
VERTEX
8
L4
10
-25.717324011918393
20
-55.75791371942937
0
VERTEX
8
L4
10
-25.708034182873703
20
-55.7610671914627
0
VERTEX
8
L4
10
-25.69841221890752
20
-55.76298111909406
0
VERTEX
8
L4
10
-25.688622754491007
20
-55.763622754491024
0
VERTEX
8
L4
10
-25.678833290074508
20
-55.76298111909406
0
VERTEX
8
L4
10
-25.669211326108325
20
-55.7610671914627
0
VERTEX
8
L4
10
-25.659921497063635
20
-55.75791371942937
0
VERTEX
8
L4
10
-25.651122754491013
20
-55.753574659774856
0
VERTEX
8
L4
10
-25.642965647315364
20
-55.74812425501286
0
VERTEX
8
L4
10
-25.635589745902024
20
-55.74165576308001
0
VERTEX
8
L4
10
-25.629121253969174
20
-55.73427986166668
0
VERTEX
8
L4
10
-25.623670849207173
20
-55.72612275449102
0
VERTEX
8
L4
10
-25.61933178955266
20
-55.7173240119184
0
VERTEX
8
L4
10
-25.616178317519328
20
-55.70803418287371
0
VERTEX
8
L4
10
-25.61426438988798
20
-55.69841221890753
0
VERTEX
8
L4
10
-25.61362275449102
20
-55.68862275449102
0
VERTEX
8
L4
10
-25.61426438988798
20
-55.678833290074515
0
VERTEX
8
L4
10
-25.616178317519328
20
-55.66921132610833
0
VERTEX
8
L4
10
-25.61933178955266
20
-55.65992149706364
0
VERTEX
8
L4
10
-25.623670849207173
20
-55.65112275449102
0
VERTEX
8
L4
10
-25.629121253969174
20
-55.642965647315364
0
VERTEX
8
L4
10
-25.635589745902024
20
-55.63558974590203
0
VERTEX
8
L4
10
-25.642965647315364
20
-55.62912125396918
0
VERTEX
8
L4
10
-25.651122754491013
20
-55.62367084920719
0
VERTEX
8
L4
10
-25.659921497063635
20
-55.619331789552675
0
VERTEX
8
L4
10
-25.669211326108325
20
-55.61617831751934
0
VERTEX
8
L4
10
-25.678833290074508
20
-55.614264389887985
0
VERTEX
8
L4
10
-25.688622754491007
20
-55.61362275449102
0
SEQEND
0
POLYLINE
8
L4
66
1
70
1
0
VERTEX
8
L4
10
-26.946107784431135
20
-56.2124251497006
0
VERTEX
8
L4
10
-26.955897248847634
20
-56.21306678509757
0
VERTEX
8
L4
10
-26.965519212813817
20
-56.214980712728924
0
VERTEX
8
L4
10
-26.97480904185852
20
-56.218134184762256
0
VERTEX
8
L4
10
-26.98360778443113
20
-56.22247324441677
0
VERTEX
8
L4
10
-26.991764891606792
20
-56.22792364917876
0
VERTEX
8
L4
10
-26.999140793020132
20
-56.23439214111161
0
VERTEX
8
L4
10
-27.005609284952982
20
-56.241768042524946
0
VERTEX
8
L4
10
-27.01105968971497
20
-56.2499251497006
0
VERTEX
8
L4
10
-27.01539874936948
20
-56.258723892273224
0
VERTEX
8
L4
10
-27.018552221402814
20
-56.268013721317914
0
VERTEX
8
L4
10
-27.020466149034164
20
-56.277635685284096
0
VERTEX
8
L4
10
-27.021107784431138
20
-56.2874251497006
0
VERTEX
8
L4
10
-27.020466149034164
20
-56.29721461411711
0
VERTEX
8
L4
10
-27.018552221402814
20
-56.30683657808329
0
VERTEX
8
L4
10
-27.01539874936948
20
-56.31612640712798
0
VERTEX
8
L4
10
-27.01105968971497
20
-56.324925149700604
0
VERTEX
8
L4
10
-27.005609284952982
20
-56.33308225687626
0
VERTEX
8
L4
10
-26.999140793020132
20
-56.34045815828959
0
VERTEX
8
L4
10
-26.991764891606792
20
-56.34692665022244
0
VERTEX
8
L4
10
-26.98360778443113
20
-56.35237705498444
0
VERTEX
8
L4
10
-26.97480904185852
20
-56.35671611463895
0
VERTEX
8
L4
10
-26.965519212813817
20
-56.35986958667228
0
VERTEX
8
L4
10
-26.955897248847634
20
-56.36178351430364
0
VERTEX
8
L4
10
-26.946107784431135
20
-56.362425149700606
0
VERTEX
8
L4
10
-26.936318320014635
20
-56.36178351430364
0
VERTEX
8
L4
10
-26.926696356048453
20
-56.35986958667228
0
VERTEX
8
L4
10
-26.91740652700375
20
-56.35671611463895
0
VERTEX
8
L4
10
-26.90860778443114
20
-56.35237705498444
0
VERTEX
8
L4
10
-26.900450677255478
20
-56.34692665022244
0
VERTEX
8
L4
10
-26.893074775842138
20
-56.34045815828959
0
VERTEX
8
L4
10
-26.886606283909288
20
-56.33308225687626
0
VERTEX
8
L4
10
-26.8811558791473
20
-56.324925149700604
0
VERTEX
8
L4
10
-26.876816819492788
20
-56.31612640712798
0
VERTEX
8
L4
10
-26.873663347459456
20
-56.30683657808329
0
VERTEX
8
L4
10
-26.871749419828106
20
-56.29721461411711
0
VERTEX
8
L4
10
-26.871107784431132
20
-56.2874251497006
0
VERTEX
8
L4
10
-26.871749419828106
20
-56.277635685284096
0
VERTEX
8
L4
10
-26.873663347459456
20
-56.268013721317914
0
VERTEX
8
L4
10
-26.876816819492788
20
-56.258723892273224
0
VERTEX
8
L4
10
-26.8811558791473
20
-56.2499251497006
0
VERTEX
8
L4
10
-26.886606283909288
20
-56.241768042524946
0
VERTEX
8
L4
10
-26.893074775842138
20
-56.23439214111161
0
VERTEX
8
L4
10
-26.900450677255478
20
-56.22792364917876
0
VERTEX
8
L4
10
-26.90860778443114
20
-56.22247324441677
0
VERTEX
8
L4
10
-26.91740652700375
20
-56.218134184762256
0
VERTEX
8
L4
10
-26.926696356048453
20
-56.214980712728924
0
VERTEX
8
L4
10
-26.936318320014635
20
-56.21306678509757
0
VERTEX
8
L4
10
-26.946107784431135
20
-56.2124251497006
0
SEQEND
0
POLYLINE
8
L4
66
1
70
1
0
VERTEX
8
L4
10
-20.6615522796599
20
-55.39367001410194
0
VERTEX
8
L4
10
-20.633010273708877
20
-55.40265331500438
0
VERTEX
8
L4
10
-20.603089069865035
20
-55.4023937782106
0
VERTEX
8
L4
10
-20.574707189245217
20
-55.39291671899927
0
VERTEX
8
L4
10
-20.55063300702436
20
-55.37514653190939
0
VERTEX
8
L4
10
-20.53321472448303
20
-55.350816525084014
0
VERTEX
8
L4
10
-20.524151324913532
20
-55.32229985299459
0
VERTEX
8
L4
10
-20.52432685439811
20
-55.29237803840703
0
VERTEX
8
L4
10
-20.53372419175038
20
-55.26396966201027
0
VERTEX
8
L4
10
-20.55142671851985
20
-55.23984568338342
0
VERTEX
8
L4
10
-20.575707726166698
20
-55.22235916095997
0
VERTEX
8
L4
10
-20.604198839610646
20
-55.21321573416604
0
VERTEX
8
L4
10
-20.634121029081953
20
-55.21330725495778
0
VERTEX
8
L4
10
-20.662555677325443
20
-55.22262479637608
0
VERTEX
8
L4
10
-20.686729262200004
20
-55.240259523284216
0
VERTEX
8
L4
10
-20.704283886667326
20
-55.26449134035648
0
VERTEX
8
L4
10
-20.713507268612247
20
-55.29295667057256
0
VERTEX
8
L4
10
-20.713499757234743
20
-55.3228789990647
0
VERTEX
8
L4
10
-20.704262085196333
20
-55.351339695017586
0
VERTEX
8
L4
10
-20.745415839197946
20
-55.40801067350787
0
VERTEX
8
L4
10
-20.778690500645595
20
-55.469638817865906
0
VERTEX
8
L4
10
-20.803498254448016
20
-55.535135433219295
0
VERTEX
8
L4
10
-20.81940085806778
20
-55.60334348603995
0
VERTEX
8
L4
10
-20.826117383315335
20
-55.673058043774105
0
VERTEX
8
L4
10
-20.823529179099168
20
-55.7430475606349
0
VERTEX
8
L4
10
-20.81168196746215
20
-55.81207563353208
0
VERTEX
8
L4
10
-20.790785035876667
20
-55.87892284380882
0
VERTEX
8
L4
10
-20.76120754006702
20
-55.94240829893913
0
VERTEX
8
L4
10
-20.72347198267161
20
-56.00141049364008
0
VERTEX
8
L4
10
-20.678244982948115
20
-56.05488712187599
0
VERTEX
8
L4
10
-20.626325500579753
20
-56.10189348976453
0
VERTEX
8
L4
10
-20.56863072161555
20
-56.14159920411076
0
VERTEX
8
L4
10
-20.50617985587725
20
-56.17330284175705
0
VERTEX
8
L4
10
-20.440076132060355
20
-56.196444340606746
0
VERTEX
8
L4
10
-20.37148730859596
20
-56.210614893427355
0
VERTEX
8
L4
10
-20.301625044559472
20
-56.21556416965392
0
VERTEX
8
L4
10
-20.231723495050375
20
-56.21120473761531
0
VERTEX
8
L4
10
-20.163017509167545
20
-56.19761360906251
0
VERTEX
8
L4
10
-20.096720815724552
20
-56.17503087871392
0
VERTEX
8
L4
10
-20.034004582066473
20
-56.14385548285088
0
VERTEX
8
L4
10
-19.975976724758254
20
-56.104638151890086
0
VERTEX
8
L4
10
-19.92366233763272
20
-56.05807168142957
0
VERTEX
8
L4
10
-19.877985582947375
20
-56.004978693635636
0
VERTEX
8
L4
10
-19.839753365552824
20
-55.94629710517241
0
VERTEX
8
L4
10
-19.809641078477213
20
-55.88306355839108
0
VERTEX
8
L4
10
-19.78818067173914
20
-55.81639510847578
0
VERTEX
8
L4
10
-19.77575125515959
20
-55.747469490053
0
VERTEX
8
L4
10
-19.772572401179673
20
-55.677504311865235
0
VERTEX
8
L4
10
-19.77870026599335
20
-55.60773554704675
0
VERTEX
8
L4
10
-19.794026597517558
20
-55.53939569898223
0
VERTEX
8
L4
10
-19.818280647724478
20
-55.473692028460476
0
VERTEX
8
L4
10
-19.851033955553476
20
-55.41178522675235
0
VERTEX
8
L4
10
-19.891707915910118
20
-55.354768911364744
0
VERTEX
8
L4
10
-19.939584001041467
20
-55.30365030668928
0
VERTEX
8
L4
10
-19.99381645372189
20
-55.25933245083255
0
VERTEX
8
L4
10
-20.053447228016893
20
-55.22259824295422
0
VERTEX
8
L4
10
-20.11742291368853
20
-55.19409661292512
0
VERTEX
8
L4
10
-20.123653203007876
20
-55.164830091201324
0
VERTEX
8
L4
10
-20.138607862210222
20
-55.138912838898
0
VERTEX
8
L4
10
-20.160828210391358
20
-55.11887283077622
0
VERTEX
8
L4
10
-20.188146869670092
20
-55.106664773845445
0
VERTEX
8
L4
10
-20.217899171726074
20
-55.10347944479149
0
VERTEX
8
L4
10
-20.247183070161753
20
-55.10962754134416
0
VERTEX
8
L4
10
-20.273142206776626
20
-55.124509376749195
0
VERTEX
8
L4
10
-20.293244521404233
20
-55.14667337335236
0
VERTEX
8
L4
10
-20.305529229644165
20
-55.17395764981834
0
VERTEX
8
L4
10
-20.30879807822427
20
-55.203700891534275
0
VERTEX
8
L4
10
-20.302732222900886
20
-55.233001935850275
0
VERTEX
8
L4
10
-20.28792332859986
20
-55.25900275215272
0
VERTEX
8
L4
10
-20.265815858283304
20
-55.2791672148288
0
VERTEX
8
L4
10
-20.238566179699532
20
-55.29152847754316
0
VERTEX
8
L4
10
-20.208832232776004
20
-55.29488081988257
0
VERTEX
8
L4
10
-20.179514273546403
20
-55.28889725360285
0
VERTEX
8
L4
10
-20.15347198250892
20
-55.274161417137556
0
VERTEX
8
L4
10
-20.133245530731585
20
-55.25211064737069
0
VERTEX
8
L4
10
-20.074047943114365
20
-55.279518322851274
0
VERTEX
8
L4
10
-20.019246396592735
20
-55.31490653492515
0
VERTEX
8
L4
10
-19.969909923212214
20
-55.35758495393666
0
VERTEX
8
L4
10
-19.927000946013848
20
-55.40672103773195
0
VERTEX
8
L4
10
-19.891356504726915
20
-55.46135627233647
0
VERTEX
8
L4
10
-19.863671927355796
20
-55.52042487000673
0
VERTEX
8
L4
10
-19.844487266184714
20
-55.58277455990731
0
VERTEX
8
L4
10
-19.834176762797597
20
-55.647189065842326
0
VERTEX
8
L4
10
-19.832941547622823
20
-55.71241183256086
0
VERTEX
8
L4
10
-19.840805716414778
20
-55.7771705377993
0
VERTEX
8
L4
10
-19.85761586020996
20
-55.84020191189612
0
VERTEX
8
L4
10
-19.883044057926796
20
-55.900276380814475
0
VERTEX
8
L4
10
-19.91659427323158
20
-55.956222051853004
0
VERTEX
8
L4
10
-19.957612030884604
20
-56.00694757414765
0
VERTEX
8
L4
10
-20.00529718380703
20
-56.05146342801696
0
VERTEX
8
L4
10
-20.058719521816755
20
-56.08890122785247
0
VERTEX
8
L4
10
-20.11683691754868
20
-56.11853066200646
0
VERTEX
8
L4
10
-20.178515655580867
20
-56.139773739224836
0
VERTEX
8
L4
10
-20.242552548199285
20
-56.15221606371526
0
VERTEX
8
L4
10
-20.30769840638193
20
-56.15561491890411
0
VERTEX
8
L4
10
-20.372682408145664
20
-56.14990400218962
0
VERTEX
8
L4
10
-20.43623688889447
20
-56.13519471832886
0
VERTEX
8
L4
10
-20.497122070175607
20
-56.111774006227975
0
VERTEX
8
L4
10
-20.554150244451236
20
-56.08009874152923
0
VERTEX
8
L4
10
-20.606208944105646
20
-56.0407868241855
0
VERTEX
8
L4
10
-20.652282642721957
20
-55.994605124879804
0
VERTEX
8
L4
10
-20.69147256529466
20
-55.942454525423095
0
VERTEX
8
L4
10
-20.723014220933436
20
-55.88535234495235
0
VERTEX
8
L4
10
-20.746292316041902
20
-55.82441249474685
0
VERTEX
8
L4
10
-20.76085275705502
20
-55.76082374878932
0
VERTEX
8
L4
10
-20.766411508593734
20
-55.6958265539554
0
VERTEX
8
L4
10
-20.762860134237812
20
-55.6306888322027
0
VERTEX
8
L4
10
-20.75026791183126
20
-55.56668124679431
0
VERTEX
8
L4
10
-20.728880482056354
20
-55.50505241504673
0
VERTEX
8
L4
10
-20.699115056638888
20
-55.44700455113542
0
VERTEX
8
L4
10
-20.6615522796599
20
-55.39367001410194
0
SEQEND
0
POLYLINE
8
L4
66
1
70
1
0
VERTEX
8
L4
10
-20.27118472657324
20
-53.43685531636834
0
VERTEX
8
L4
10
-20.24111183764184
20
-53.43906518431069
0
VERTEX
8
L4
10
-20.21184155275219
20
-53.43181862737088
0
VERTEX
8
L4
10
-20.18627327799338
20
-53.41583346265917
0
VERTEX
8
L4
10
-20.166939712032388
20
-53.392693121429296
0
VERTEX
8
L4
10
-20.155755966357958
20
-53.36468980023889
0
VERTEX
8
L4
10
-20.153829861424512
20
-53.33459740444214
0
VERTEX
8
L4
10
-20.161352190058054
20
-53.30539677539186
0
VERTEX
8
L4
10
-20.17757781822499
20
-53.27998041932749
0
VERTEX
8
L4
10
-20.20089949525169
20
-53.260865986412405
0
VERTEX
8
L4
10
-20.229007062127636
20
-53.24994688162686
0
VERTEX
8
L4
10
-20.25911628730684
20
-53.248304711078276
0
VERTEX
8
L4
10
-20.288244662380166
20
-53.256102142103366
0
VERTEX
8
L4
10
-20.31350683831971
20
-53.272566790043804
0
VERTEX
8
L4
10
-20.332400437474604
20
-53.29606772781184
0
VERTEX
8
L4
10
-20.34305392983957
20
-53.32427703949136
0
VERTEX
8
L4
10
-20.344412019890513
20
-53.35440041507274
0
VERTEX
8
L4
10
-20.3363401802534
20
-53.383453944460335
0
VERTEX
8
L4
10
-20.369694957351584
20
-53.44068916821266
0
VERTEX
8
L4
10
-20.394834885932596
20
-53.5019786125256
0
VERTEX
8
L4
10
-20.411279210341732
20
-53.56615022765234
0
VERTEX
8
L4
10
-20.418713462623273
20
-53.631976847543235
0
VERTEX
8
L4
10
-20.41699547615127
20
-53.698199657176545
0
VERTEX
8
L4
10
-20.40615810430907
20
-53.76355226511839
0
VERTEX
8
L4
10
-20.38640859222781
20
-53.82678492096804
0
VERTEX
8
L4
10
-20.358124613598193
20
-53.88668841457339
0
VERTEX
8
L4
10
-20.32184704834438
20
-53.94211719998766
0
VERTEX
8
L4
10
-20.2782696392739
20
-53.99201130196327
0
VERTEX
8
L4
10
-20.22822572550153
20
-54.03541658606083
0
VERTEX
8
L4
10
-20.172672306346215
20
-54.071503004744336
0
VERTEX
8
L4
10
-20.11267174045038
20
-54.099580470538584
0
VERTEX
8
L4
10
-20.049371430092762
20
-54.11911205270381
0
VERTEX
8
L4
10
-19.983981879195525
20
-54.129724245064715
0
VERTEX
8
L4
10
-19.917753544626606
20
-54.13121410864037
0
VERTEX
8
L4
10
-19.851952923474258
20
-54.123553152485144
0
VERTEX
8
L4
10
-19.787838333581405
20
-54.10688787852644
0
VERTEX
8
L4
10
-19.726635850493253
20
-54.08153697998042
0
VERTEX
8
L4
10
-19.669515860980496
20
-54.04798524692072
0
VERTEX
8
L4
10
-19.617570681509648
20
-54.00687429554534
0
VERTEX
8
L4
10
-19.57179366966666
20
-53.95899029842757
0
VERTEX
8
L4
10
-19.53306022799012
20
-53.905248950387744
0
VERTEX
8
L4
10
-19.50211106348138
20
-53.84667795748633
0
VERTEX
8
L4
10
-19.47953802292305
20
-53.784397384004706
0
VERTEX
8
L4
10
-19.465772774880065
20
-53.719598233242046
0
VERTEX
8
L4
10
-19.461078554819224
20
-53.653519671731765
0
VERTEX
8
L4
10
-19.465545131207122
20
-53.58742533242334
0
VERTEX
8
L4
10
-19.479087088850576
20
-53.52257914998805
0
VERTEX
8
L4
10
-19.501445462307743
20
-53.460221190355
0
VERTEX
8
L4
10
-19.532192688133676
20
-53.4015439366935
0
VERTEX
8
L4
10
-19.570740781257726
20
-53.34766948532973
0
VERTEX
8
L4
10
-19.616352579134315
20
-53.299628087684454
0
VERTEX
8
L4
10
-19.668155838643102
20
-53.258338448578336
0
VERTEX
8
L4
10
-19.725159916160635
20
-53.22459015766426
0
VERTEX
8
L4
10
-19.78627471182766
20
-53.19902858995361
0
VERTEX
8
L4
10
-19.85033151573674
20
-53.1821425641867
0
VERTEX
8
L4
10
-19.865167810840063
20
-53.15589096399528
0
VERTEX
8
L4
10
-19.88742856867036
20
-53.13555083553395
0
VERTEX
8
L4
10
-19.914908720946144
20
-53.12313699664733
0
VERTEX
8
L4
10
-19.944886185489622
20
-53.11987911627076
0
VERTEX
8
L4
10
-19.97439150561253
20
-53.1260999079766
0
VERTEX
8
L4
10
-20.000501993505495
20
-53.14118316316222
0
VERTEX
8
L4
10
-20.02063124087522
20
-53.16363479039348
0
VERTEX
8
L4
10
-20.032785318977503
20
-53.19123081457246
0
VERTEX
8
L4
10
-20.03576028981894
20
-53.22123767567947
0
VERTEX
8
L4
10
-20.02926146379862
20
-53.25068300511149
0
VERTEX
8
L4
10
-20.01393259056934
20
-53.27665005751495
0
VERTEX
8
L4
10
-19.991292091579595
20
-53.296566632785265
0
VERTEX
8
L4
10
-19.963582650864666
20
-53.30845986868929
0
VERTEX
8
L4
10
-19.933549063066508
20
-53.31115166529638
0
VERTEX
8
L4
10
-19.90416634423528
20
-53.304375383197204
0
VERTEX
8
L4
10
-19.87834503775015
20
-53.28880225581687
0
VERTEX
8
L4
10
-19.858642906664457
20
-53.26597489951604
0
VERTEX
8
L4
10
-19.80028198454208
20
-53.283051527240545
0
VERTEX
8
L4
10
-19.745231538843782
20
-53.308878971439206
0
VERTEX
8
L4
10
-19.694794816860224
20
-53.34284580115539
0
VERTEX
8
L4
10
-19.650165842008278
20
-53.38414789612744
0
VERTEX
8
L4
10
-19.612401146888587
20
-53.43180748328399
0
VERTEX
8
L4
10
-19.582394761258286
20
-53.48469628424242
0
VERTEX
8
L4
10
-19.560857047045914
20
-53.54156222582367
0
VERTEX
8
L4
10
-19.548297881462062
20
-53.6010590812469
0
VERTEX
8
L4
10
-19.545014586323347
20
-53.66177834028757
0
VERTEX
8
L4
10
-19.551084889347294
20
-53.722282553914496
0
VERTEX
8
L4
10
-19.566365084050375
20
-53.78113936401538
0
VERTEX
8
L4
10
-19.590493431810927
20
-53.83695541260144
0
VERTEX
8
L4
10
-19.62289872555793
20
-53.88840932773515
0
VERTEX
8
L4
10
-19.662813812351146
20
-53.93428300528235
0
VERTEX
8
L4
10
-19.709293754723518
20
-53.97349044593431
0
VERTEX
8
L4
10
-19.7612382008396
20
-54.00510346482068
0
VERTEX
8
L4
10
-19.817417433885893
20
-54.02837366507217
0
VERTEX
8
L4
10
-19.876501484007875
20
-54.042750155137504
0
VERTEX
8
L4
10
-19.937091613606512
20
-54.0478925904202
0
VERTEX
8
L4
10
-19.997753430621245
20
-54.04367923049173
0
VERTEX
8
L4
10
-20.057050845885726
20
-54.03020982113694
0
VERTEX
8
L4
10
-20.113580070660277
20
-54.00780323300302
0
VERTEX
8
L4
10
-20.16600284949402
20
-53.976989912754064
0
VERTEX
8
L4
10
-20.21307814167207
20
-53.9384993254402
0
VERTEX
8
L4
10
-20.25369150123113
20
-53.893242685366694
0
VERTEX
8
L4
10
-20.286881460009795
20
-53.842291384287265
0
VERTEX
8
L4
10
-20.31186228914963
20
-53.786851627605785
0
VERTEX
8
L4
10
-20.32804260019806
20
-53.72823587904116
0
VERTEX
8
L4
10
-20.335039345456437
20
-53.66783178976564
0
VERTEX
8
L4
10
-20.332686886133175
20
-53.60706934757848
0
VERTEX
8
L4
10
-20.321040913625495
20
-53.54738702381536
0
VERTEX
8
L4
10
-20.30037713109847
20
-53.49019771942116
0
VERTEX
8
L4
10
-20.27118472657324
20
-53.43685531636834
0
SEQEND
0
POLYLINE
8
L4
66
1
70
1
0
VERTEX
8
L4
10
-12.476686434652905
20
-53.26597489951604
0
VERTEX
8
L4
10
-12.45698430356721
20
-53.28880225581687
0
VERTEX
8
L4
10
-12.431162997082083
20
-53.304375383197204
0
VERTEX
8
L4
10
-12.401780278250854
20
-53.31115166529637
0
VERTEX
8
L4
10
-12.371746690452696
20
-53.30845986868929
0
VERTEX
8
L4
10
-12.344037249737767
20
-53.296566632785265
0
VERTEX
8
L4
10
-12.321396750748022
20
-53.27665005751495
0
VERTEX
8
L4
10
-12.306067877518743
20
-53.25068300511149
0
VERTEX
8
L4
10
-12.299569051498423
20
-53.22123767567947
0
VERTEX
8
L4
10
-12.302544022339859
20
-53.19123081457246
0
VERTEX
8
L4
10
-12.314698100442158
20
-53.16363479039348
0
VERTEX
8
L4
10
-12.334827347811867
20
-53.14118316316222
0
VERTEX
8
L4
10
-12.360937835704831
20
-53.1260999079766
0
VERTEX
8
L4
10
-12.39044315582774
20
-53.11987911627076
0
VERTEX
8
L4
10
-12.420420620371218
20
-53.12313699664733
0
VERTEX
8
L4
10
-12.447900772647003
20
-53.13555083553395
0
VERTEX
8
L4
10
-12.470161530477299
20
-53.15589096399528
0
VERTEX
8
L4
10
-12.48499782558062
20
-53.1821425641867
0
VERTEX
8
L4
10
-12.549054629489703
20
-53.19902858995361
0
VERTEX
8
L4
10
-12.610169425156727
20
-53.22459015766426
0
VERTEX
8
L4
10
-12.66717350267426
20
-53.258338448578336
0
VERTEX
8
L4
10
-12.718976762183047
20
-53.299628087684454
0
VERTEX
8
L4
10
-12.764588560059636
20
-53.34766948532973
0
VERTEX
8
L4
10
-12.803136653183685
20
-53.4015439366935
0
VERTEX
8
L4
10
-12.833883879009619
20
-53.460221190355
0
VERTEX
8
L4
10
-12.856242252466785
20
-53.52257914998805
0
VERTEX
8
L4
10
-12.86978421011024
20
-53.58742533242334
0
VERTEX
8
L4
10
-12.874250786498138
20
-53.653519671731765
0
VERTEX
8
L4
10
-12.869556566437296
20
-53.719598233242046
0
VERTEX
8
L4
10
-12.85579131839431
20
-53.784397384004706
0
VERTEX
8
L4
10
-12.833218277835982
20
-53.84667795748633
0
VERTEX
8
L4
10
-12.802269113327228
20
-53.905248950387744
0
VERTEX
8
L4
10
-12.7635356716507
20
-53.95899029842757
0
VERTEX
8
L4
10
-12.717758659807714
20
-54.00687429554534
0
VERTEX
8
L4
10
-12.665813480336865
20
-54.04798524692072
0
VERTEX
8
L4
10
-12.608693490824109
20
-54.08153697998042
0
VERTEX
8
L4
10
-12.547491007735957
20
-54.10688787852644
0
VERTEX
8
L4
10
-12.483376417843104
20
-54.123553152485144
0
VERTEX
8
L4
10
-12.417575796690755
20
-54.13121410864037
0
VERTEX
8
L4
10
-12.351347462121836
20
-54.129724245064715
0
VERTEX
8
L4
10
-12.2859579112246
20
-54.11911205270381
0
VERTEX
8
L4
10
-12.222657600866981
20
-54.099580470538584
0
VERTEX
8
L4
10
-12.162657034971147
20
-54.071503004744336
0
VERTEX
8
L4
10
-12.10710361581583
20
-54.03541658606083
0
VERTEX
8
L4
10
-12.05705970204346
20
-53.99201130196327
0
VERTEX
8
L4
10
-12.01348229297298
20
-53.94211719998766
0
VERTEX
8
L4
10
-11.977204727719169
20
-53.88668841457339
0
VERTEX
8
L4
10
-11.948920749089552
20
-53.82678492096804
0
VERTEX
8
L4
10
-11.92917123700829
20
-53.76355226511839
0
VERTEX
8
L4
10
-11.91833386516609
20
-53.698199657176545
0
VERTEX
8
L4
10
-11.916615878694088
20
-53.631976847543235
0
VERTEX
8
L4
10
-11.92405013097563
20
-53.56615022765234
0
VERTEX
8
L4
10
-11.940494455384766
20
-53.5019786125256
0
VERTEX
8
L4
10
-11.965634383965778
20
-53.44068916821266
0
VERTEX
8
L4
10
-11.99898916106396
20
-53.383453944460335
0
VERTEX
8
L4
10
-11.99091732142685
20
-53.35440041507274
0
VERTEX
8
L4
10
-11.992275411477792
20
-53.32427703949137
0
VERTEX
8
L4
10
-12.002928903842758
20
-53.296067727811845
0
VERTEX
8
L4
10
-12.02182250299765
20
-53.272566790043804
0
VERTEX
8
L4
10
-12.047084678937196
20
-53.256102142103366
0
VERTEX
8
L4
10
-12.076213054010523
20
-53.24830471107828
0
VERTEX
8
L4
10
-12.106322279189726
20
-53.24994688162687
0
VERTEX
8
L4
10
-12.134429846065672
20
-53.260865986412405
0
VERTEX
8
L4
10
-12.157751523092372
20
-53.27998041932749
0
VERTEX
8
L4
10
-12.173977151259308
20
-53.30539677539186
0
VERTEX
8
L4
10
-12.18149947989285
20
-53.33459740444214
0
VERTEX
8
L4
10
-12.179573374959404
20
-53.36468980023889
0
VERTEX
8
L4
10
-12.168389629284974
20
-53.392693121429296
0
VERTEX
8
L4
10
-12.149056063323982
20
-53.41583346265917
0
VERTEX
8
L4
10
-12.123487788565171
20
-53.43181862737088
0
VERTEX
8
L4
10
-12.094217503675523
20
-53.43906518431069
0
VERTEX
8
L4
10
-12.064144614744123
20
-53.43685531636834
0
VERTEX
8
L4
10
-12.03495221021889
20
-53.49019771942116
0
VERTEX
8
L4
10
-12.014288427691866
20
-53.54738702381536
0
VERTEX
8
L4
10
-12.002642455184187
20
-53.60706934757848
0
VERTEX
8
L4
10
-12.000289995860925
20
-53.66783178976564
0
VERTEX
8
L4
10
-12.007286741119302
20
-53.72823587904116
0
VERTEX
8
L4
10
-12.023467052167746
20
-53.786851627605785
0
VERTEX
8
L4
10
-12.048447881307567
20
-53.84229138428727
0
VERTEX
8
L4
10
-12.08163784008623
20
-53.893242685366694
0
VERTEX
8
L4
10
-12.12225119964529
20
-53.9384993254402
0
VERTEX
8
L4
10
-12.169326491823341
20
-53.976989912754064
0
VERTEX
8
L4
10
-12.221749270657085
20
-54.00780323300302
0
VERTEX
8
L4
10
-12.278278495431636
20
-54.03020982113694
0
VERTEX
8
L4
10
-12.337575910696117
20
-54.04367923049173
0
VERTEX
8
L4
10
-12.39823772771085
20
-54.0478925904202
0
VERTEX
8
L4
10
-12.458827857309487
20
-54.042750155137504
0
VERTEX
8
L4
10
-12.517911907431468
20
-54.02837366507217
0
VERTEX
8
L4
10
-12.574091140477776
20
-54.00510346482068
0
VERTEX
8
L4
10
-12.626035586593844
20
-53.97349044593431
0
VERTEX
8
L4
10
-12.672515528966215
20
-53.93428300528235
0
VERTEX
8
L4
10
-12.71243061575943
20
-53.88840932773515
0
VERTEX
8
L4
10
-12.744835909506435
20
-53.83695541260144
0
VERTEX
8
L4
10
-12.768964257266987
20
-53.78113936401538
0
VERTEX
8
L4
10
-12.784244451970068
20
-53.722282553914496
0
VERTEX
8
L4
10
-12.790314754994014
20
-53.66177834028757
0
VERTEX
8
L4
10
-12.7870314598553
20
-53.6010590812469
0
VERTEX
8
L4
10
-12.774472294271447
20
-53.54156222582367
0
VERTEX
8
L4
10
-12.752934580059076
20
-53.48469628424242
0
VERTEX
8
L4
10
-12.722928194428775
20
-53.43180748328399
0
VERTEX
8
L4
10
-12.685163499309084
20
-53.38414789612744
0
VERTEX
8
L4
10
-12.640534524457138
20
-53.34284580115539
0
VERTEX
8
L4
10
-12.59009780247358
20
-53.308878971439206
0
VERTEX
8
L4
10
-12.53504735677528
20
-53.283051527240545
0
VERTEX
8
L4
10
-12.476686434652905
20
-53.26597489951604
0
SEQEND
0
POLYLINE
8
L4
66
1
70
1
0
VERTEX
8
L4
10
-12.202083810585776
20
-55.25211064737069
0
VERTEX
8
L4
10
-12.18185735880843
20
-55.274161417137556
0
VERTEX
8
L4
10
-12.155815067770959
20
-55.28889725360285
0
VERTEX
8
L4
10
-12.126497108541358
20
-55.294880819882565
0
VERTEX
8
L4
10
-12.09676316161783
20
-55.29152847754316
0
VERTEX
8
L4
10
-12.069513483034058
20
-55.2791672148288
0
VERTEX
8
L4
10
-12.047406012717502
20
-55.25900275215272
0
VERTEX
8
L4
10
-12.032597118416476
20
-55.233001935850275
0
VERTEX
8
L4
10
-12.026531263093105
20
-55.203700891534275
0
VERTEX
8
L4
10
-12.029800111673197
20
-55.17395764981834
0
VERTEX
8
L4
10
-12.042084819913129
20
-55.14667337335236
0
VERTEX
8
L4
10
-12.062187134540736
20
-55.124509376749195
0
VERTEX
8
L4
10
-12.088146271155608
20
-55.10962754134416
0
VERTEX
8
L4
10
-12.117430169591287
20
-55.10347944479149
0
VERTEX
8
L4
10
-12.14718247164727
20
-55.106664773845445
0
VERTEX
8
L4
10
-12.174501130926004
20
-55.11887283077622
0
VERTEX
8
L4
10
-12.19672147910714
20
-55.138912838898
0
VERTEX
8
L4
10
-12.211676138309485
20
-55.164830091201324
0
VERTEX
8
L4
10
-12.217906427628833
20
-55.19409661292512
0
VERTEX
8
L4
10
-12.281882113300469
20
-55.22259824295422
0
VERTEX
8
L4
10
-12.34151288759547
20
-55.25933245083255
0
VERTEX
8
L4
10
-12.395745340275894
20
-55.30365030668928
0
VERTEX
8
L4
10
-12.443621425407244
20
-55.354768911364744
0
VERTEX
8
L4
10
-12.484295385763886
20
-55.41178522675235
0
VERTEX
8
L4
10
-12.517048693592884
20
-55.473692028460476
0
VERTEX
8
L4
10
-12.541302743799804
20
-55.53939569898223
0
VERTEX
8
L4
10
-12.556629075324011
20
-55.60773554704675
0
VERTEX
8
L4
10
-12.562756940137689
20
-55.677504311865235
0
VERTEX
8
L4
10
-12.55957808615777
20
-55.747469490053
0
VERTEX
8
L4
10
-12.54714866957822
20
-55.81639510847578
0
VERTEX
8
L4
10
-12.525688262840148
20
-55.88306355839107
0
VERTEX
8
L4
10
-12.495575975764538
20
-55.94629710517241
0
VERTEX
8
L4
10
-12.457343758369987
20
-56.004978693635636
0
VERTEX
8
L4
10
-12.411667003684641
20
-56.05807168142957
0
VERTEX
8
L4
10
-12.359352616559107
20
-56.104638151890086
0
VERTEX
8
L4
10
-12.301324759250889
20
-56.14385548285088
0
VERTEX
8
L4
10
-12.23860852559281
20
-56.17503087871392
0
VERTEX
8
L4
10
-12.172311832149816
20
-56.19761360906251
0
VERTEX
8
L4
10
-12.103605846266987
20
-56.21120473761531
0
VERTEX
8
L4
10
-12.03370429675789
20
-56.21556416965392
0
VERTEX
8
L4
10
-11.963842032721402
20
-56.210614893427355
0
VERTEX
8
L4
10
-11.895253209257007
20
-56.19644434060674
0
VERTEX
8
L4
10
-11.829149485440112
20
-56.17330284175705
0
VERTEX
8
L4
10
-11.766698619701813
20
-56.141599204110754
0
VERTEX
8
L4
10
-11.709003840737623
20
-56.10189348976453
0
VERTEX
8
L4
10
-11.657084358369247
20
-56.054887121875986
0
VERTEX
8
L4
10
-11.61185735864575
20
-56.00141049364008
0
VERTEX
8
L4
10
-11.574121801250342
20
-55.94240829893913
0
VERTEX
8
L4
10
-11.544544305440695
20
-55.87892284380882
0
VERTEX
8
L4
10
-11.523647373855226
20
-55.81207563353208
0
VERTEX
8
L4
10
-11.511800162218194
20
-55.7430475606349
0
VERTEX
8
L4
10
-11.509211958002027
20
-55.673058043774105
0
VERTEX
8
L4
10
-11.515928483249596
20
-55.60334348603995
0
VERTEX
8
L4
10
-11.531831086869346
20
-55.535135433219295
0
VERTEX
8
L4
10
-11.556638840671766
20
-55.469638817865906
0
VERTEX
8
L4
10
-11.589913502119416
20
-55.40801067350787
0
VERTEX
8
L4
10
-11.631067256121028
20
-55.351339695017586
0
VERTEX
8
L4
10
-11.621829584082619
20
-55.3228789990647
0
VERTEX
8
L4
10
-11.621822072705115
20
-55.29295667057256
0
VERTEX
8
L4
10
-11.631045454650035
20
-55.26449134035648
0
VERTEX
8
L4
10
-11.648600079117358
20
-55.240259523284216
0
VERTEX
8
L4
10
-11.672773663991919
20
-55.22262479637608
0
VERTEX
8
L4
10
-11.701208312235408
20
-55.21330725495778
0
VERTEX
8
L4
10
-11.731130501706716
20
-55.21321573416604
0
VERTEX
8
L4
10
-11.759621615150664
20
-55.22235916095997
0
VERTEX
8
L4
10
-11.783902622797527
20
-55.23984568338342
0
VERTEX
8
L4
10
-11.801605149566981
20
-55.26396966201027
0
VERTEX
8
L4
10
-11.81100248691925
20
-55.29237803840703
0
VERTEX
8
L4
10
-11.81117801640383
20
-55.32229985299459
0
VERTEX
8
L4
10
-11.80211461683433
20
-55.350816525084014
0
VERTEX
8
L4
10
-11.784696334293002
20
-55.375146531909394
0
VERTEX
8
L4
10
-11.760622152072145
20
-55.39291671899927
0
VERTEX
8
L4
10
-11.732240271452326
20
-55.4023937782106
0
VERTEX
8
L4
10
-11.702319067608485
20
-55.40265331500438
0
VERTEX
8
L4
10
-11.67377706165746
20
-55.39367001410194
0
VERTEX
8
L4
10
-11.636214284678474
20
-55.44700455113542
0
VERTEX
8
L4
10
-11.606448859261008
20
-55.50505241504673
0
VERTEX
8
L4
10
-11.585061429486103
20
-55.56668124679431
0
VERTEX
8
L4
10
-11.57246920707955
20
-55.630688832202694
0
VERTEX
8
L4
10
-11.568917832723628
20
-55.6958265539554
0
VERTEX
8
L4
10
-11.574476584262342
20
-55.76082374878932
0
VERTEX
8
L4
10
-11.58903702527546
20
-55.82441249474685
0
VERTEX
8
L4
10
-11.612315120383926
20
-55.88535234495236
0
VERTEX
8
L4
10
-11.643856776022702
20
-55.942454525423095
0
VERTEX
8
L4
10
-11.683046698595405
20
-55.994605124879804
0
VERTEX
8
L4
10
-11.729120397211716
20
-56.0407868241855
0
VERTEX
8
L4
10
-11.781179096866126
20
-56.080098741529234
0
VERTEX
8
L4
10
-11.838207271141755
20
-56.111774006227975
0
VERTEX
8
L4
10
-11.899092452422892
20
-56.13519471832886
0
VERTEX
8
L4
10
-11.962646933171698
20
-56.14990400218962
0
VERTEX
8
L4
10
-12.02763093493543
20
-56.15561491890411
0
VERTEX
8
L4
10
-12.092776793118077
20
-56.15221606371526
0
VERTEX
8
L4
10
-12.156813685736495
20
-56.139773739224836
0
VERTEX
8
L4
10
-12.21849242376868
20
-56.118530662006464
0
VERTEX
8
L4
10
-12.276609819500607
20
-56.08890122785247
0
VERTEX
8
L4
10
-12.330032157510331
20
-56.05146342801696
0
VERTEX
8
L4
10
-12.377717310432757
20
-56.00694757414766
0
VERTEX
8
L4
10
-12.41873506808578
20
-55.956222051853004
0
VERTEX
8
L4
10
-12.452285283390566
20
-55.900276380814475
0
VERTEX
8
L4
10
-12.4777134811074
20
-55.84020191189613
0
VERTEX
8
L4
10
-12.494523624902584
20
-55.77717053779931
0
VERTEX
8
L4
10
-12.502387793694538
20
-55.71241183256086
0
VERTEX
8
L4
10
-12.501152578519765
20
-55.647189065842326
0
VERTEX
8
L4
10
-12.490842075132647
20
-55.58277455990731
0
VERTEX
8
L4
10
-12.471657413961566
20
-55.52042487000673
0
VERTEX
8
L4
10
-12.443972836590447
20
-55.46135627233647
0
VERTEX
8
L4
10
-12.408328395303514
20
-55.40672103773195
0
VERTEX
8
L4
10
-12.365419418105148
20
-55.35758495393666
0
VERTEX
8
L4
10
-12.316082944724627
20
-55.31490653492515
0
VERTEX
8
L4
10
-12.261281398202996
20
-55.279518322851274
0
VERTEX
8
L4
10
-12.202083810585776
20
-55.25211064737069
0
SEQEND
0
POLYLINE
8
L4
66
1
70
1
0
VERTEX
8
L4
10
-14.80827831490204
20
-55.03571161799284
0
VERTEX
8
L4
10
-14.81806777931854
20
-55.036353253389805
0
VERTEX
8
L4
10
-14.827689743284722
20
-55.03826718102116
0
VERTEX
8
L4
10
-14.836979572329412
20
-55.041420653054494
0
VERTEX
8
L4
10
-14.845778314902034
20
-55.04575971270901
0
VERTEX
8
L4
10
-14.853935422077697
20
-55.051210117470994
0
VERTEX
8
L4
10
-14.861311323491023
20
-55.057678609403844
0
VERTEX
8
L4
10
-14.867779815423873
20
-55.065054510817184
0
VERTEX
8
L4
10
-14.873230220185874
20
-55.07321161799284
0
VERTEX
8
L4
10
-14.877569279840387
20
-55.082010360565455
0
VERTEX
8
L4
10
-14.88072275187372
20
-55.09130018961015
0
VERTEX
8
L4
10
-14.882636679505069
20
-55.100922153576334
0
VERTEX
8
L4
10
-14.883278314902043
20
-55.11071161799284
0
VERTEX
8
L4
10
-14.882636679505069
20
-55.12050108240934
0
VERTEX
8
L4
10
-14.88072275187372
20
-55.13012304637553
0
VERTEX
8
L4
10
-14.877569279840387
20
-55.13941287542022
0
VERTEX
8
L4
10
-14.873230220185874
20
-55.148211617992835
0
VERTEX
8
L4
10
-14.867779815423873
20
-55.15636872516849
0
VERTEX
8
L4
10
-14.861311323491023
20
-55.16374462658183
0
VERTEX
8
L4
10
-14.853935422077697
20
-55.17021311851468
0
VERTEX
8
L4
10
-14.845778314902034
20
-55.17566352327667
0
VERTEX
8
L4
10
-14.836979572329412
20
-55.18000258293119
0
VERTEX
8
L4
10
-14.827689743284722
20
-55.18315605496452
0
VERTEX
8
L4
10
-14.81806777931854
20
-55.18506998259588
0
VERTEX
8
L4
10
-14.80827831490204
20
-55.18571161799284
0
VERTEX
8
L4
10
-14.798488850485526
20
-55.18506998259588
0
VERTEX
8
L4
10
-14.788866886519344
20
-55.18315605496452
0
VERTEX
8
L4
10
-14.779577057474654
20
-55.18000258293119
0
VERTEX
8
L4
10
-14.770778314902032
20
-55.17566352327667
0
VERTEX
8
L4
10
-14.762621207726383
20
-55.17021311851468
0
VERTEX
8
L4
10
-14.755245306313043
20
-55.16374462658183
0
VERTEX
8
L4
10
-14.748776814380193
20
-55.15636872516849
0
VERTEX
8
L4
10
-14.743326409618206
20
-55.148211617992835
0
VERTEX
8
L4
10
-14.738987349963693
20
-55.13941287542022
0
VERTEX
8
L4
10
-14.73583387793036
20
-55.13012304637553
0
VERTEX
8
L4
10
-14.733919950298997
20
-55.12050108240934
0
VERTEX
8
L4
10
-14.733278314902037
20
-55.11071161799284
0
VERTEX
8
L4
10
-14.733919950298997
20
-55.100922153576334
0
VERTEX
8
L4
10
-14.73583387793036
20
-55.09130018961015
0
VERTEX
8
L4
10
-14.738987349963693
20
-55.082010360565455
0
VERTEX
8
L4
10
-14.743326409618206
20
-55.07321161799284
0
VERTEX
8
L4
10
-14.748776814380193
20
-55.065054510817184
0
VERTEX
8
L4
10
-14.755245306313043
20
-55.05767860940385
0
VERTEX
8
L4
10
-14.762621207726383
20
-55.051210117470994
0
VERTEX
8
L4
10
-14.770778314902032
20
-55.04575971270901
0
VERTEX
8
L4
10
-14.779577057474654
20
-55.041420653054494
0
VERTEX
8
L4
10
-14.788866886519344
20
-55.03826718102116
0
VERTEX
8
L4
10
-14.798488850485526
20
-55.036353253389805
0
VERTEX
8
L4
10
-14.80827831490204
20
-55.03571161799284
0
SEQEND
0
POLYLINE
8
L4
66
1
70
1
0
VERTEX
8
L4
10
-18.023952095808383
20
-53.577694610778444
0
VERTEX
8
L4
10
-18.033741560224883
20
-53.57833624617541
0
VERTEX
8
L4
10
-18.04336352419108
20
-53.58025017380676
0
VERTEX
8
L4
10
-18.05265335323577
20
-53.5834036458401
0
VERTEX
8
L4
10
-18.06145209580839
20
-53.58774270549461
0
VERTEX
8
L4
10
-18.06960920298404
20
-53.5931931102566
0
VERTEX
8
L4
10
-18.07698510439738
20
-53.59966160218946
0
VERTEX
8
L4
10
-18.08345359633023
20
-53.60703750360279
0
VERTEX
8
L4
10
-18.088904001092217
20
-53.615194610778445
0
VERTEX
8
L4
10
-18.09324306074673
20
-53.62399335335106
0
VERTEX
8
L4
10
-18.096396532780062
20
-53.63328318239576
0
VERTEX
8
L4
10
-18.098310460411426
20
-53.64290514636194
0
VERTEX
8
L4
10
-18.098952095808386
20
-53.65269461077845
0
VERTEX
8
L4
10
-18.098310460411426
20
-53.662484075194946
0
VERTEX
8
L4
10
-18.096396532780062
20
-53.672106039161136
0
VERTEX
8
L4
10
-18.09324306074673
20
-53.681395868205826
0
VERTEX
8
L4
10
-18.088904001092217
20
-53.69019461077844
0
VERTEX
8
L4
10
-18.08345359633023
20
-53.6983517179541
0
VERTEX
8
L4
10
-18.07698510439738
20
-53.70572761936744
0
VERTEX
8
L4
10
-18.06960920298404
20
-53.71219611130029
0
VERTEX
8
L4
10
-18.06145209580839
20
-53.717646516062274
0
VERTEX
8
L4
10
-18.05265335323577
20
-53.72198557571679
0
VERTEX
8
L4
10
-18.04336352419108
20
-53.725139047750126
0
VERTEX
8
L4
10
-18.033741560224883
20
-53.72705297538148
0
VERTEX
8
L4
10
-18.023952095808383
20
-53.72769461077844
0
VERTEX
8
L4
10
-18.014162631391883
20
-53.72705297538148
0
VERTEX
8
L4
10
-18.0045406674257
20
-53.725139047750126
0
VERTEX
8
L4
10
-17.995250838380997
20
-53.72198557571679
0
VERTEX
8
L4
10
-17.98645209580839
20
-53.717646516062274
0
VERTEX
8
L4
10
-17.978294988632726
20
-53.71219611130029
0
VERTEX
8
L4
10
-17.9709190872194
20
-53.70572761936744
0
VERTEX
8
L4
10
-17.964450595286536
20
-53.6983517179541
0
VERTEX
8
L4
10
-17.95900019052455
20
-53.69019461077844
0
VERTEX
8
L4
10
-17.954661130870036
20
-53.681395868205826
0
VERTEX
8
L4
10
-17.951507658836704
20
-53.672106039161136
0
VERTEX
8
L4
10
-17.949593731205354
20
-53.662484075194946
0
VERTEX
8
L4
10
-17.94895209580838
20
-53.65269461077845
0
VERTEX
8
L4
10
-17.949593731205354
20
-53.64290514636194
0
VERTEX
8
L4
10
-17.951507658836704
20
-53.63328318239576
0
VERTEX
8
L4
10
-17.954661130870036
20
-53.62399335335106
0
VERTEX
8
L4
10
-17.95900019052455
20
-53.615194610778445
0
VERTEX
8
L4
10
-17.964450595286536
20
-53.60703750360279
0
VERTEX
8
L4
10
-17.9709190872194
20
-53.59966160218946
0
VERTEX
8
L4
10
-17.978294988632726
20
-53.5931931102566
0
VERTEX
8
L4
10
-17.98645209580839
20
-53.58774270549461
0
VERTEX
8
L4
10
-17.995250838380997
20
-53.5834036458401
0
VERTEX
8
L4
10
-18.0045406674257
20
-53.58025017380677
0
VERTEX
8
L4
10
-18.014162631391883
20
-53.57833624617541
0
VERTEX
8
L4
10
-18.023952095808383
20
-53.577694610778444
0
SEQEND
0
POLYLINE
8
L4
66
1
70
1
0
VERTEX
8
L4
10
-20.299401197604794
20
-55.61362275449102
0
VERTEX
8
L4
10
-20.309190662021294
20
-55.614264389887985
0
VERTEX
8
L4
10
-20.31881262598749
20
-55.61617831751934
0
VERTEX
8
L4
10
-20.32810245503218
20
-55.619331789552675
0
VERTEX
8
L4
10
-20.336901197604803
20
-55.62367084920719
0
VERTEX
8
L4
10
-20.34505830478045
20
-55.62912125396918
0
VERTEX
8
L4
10
-20.35243420619379
20
-55.63558974590203
0
VERTEX
8
L4
10
-20.35890269812664
20
-55.642965647315364
0
VERTEX
8
L4
10
-20.36435310288863
20
-55.65112275449102
0
VERTEX
8
L4
10
-20.36869216254314
20
-55.65992149706364
0
VERTEX
8
L4
10
-20.371845634576474
20
-55.66921132610833
0
VERTEX
8
L4
10
-20.373759562207837
20
-55.678833290074515
0
VERTEX
8
L4
10
-20.374401197604797
20
-55.68862275449102
0
VERTEX
8
L4
10
-20.373759562207837
20
-55.69841221890753
0
VERTEX
8
L4
10
-20.371845634576474
20
-55.70803418287371
0
VERTEX
8
L4
10
-20.36869216254314
20
-55.7173240119184
0
VERTEX
8
L4
10
-20.36435310288863
20
-55.72612275449102
0
VERTEX
8
L4
10
-20.35890269812664
20
-55.73427986166668
0
VERTEX
8
L4
10
-20.35243420619379
20
-55.74165576308001
0
VERTEX
8
L4
10
-20.34505830478045
20
-55.74812425501286
0
VERTEX
8
L4
10
-20.336901197604803
20
-55.753574659774856
0
VERTEX
8
L4
10
-20.32810245503218
20
-55.75791371942937
0
VERTEX
8
L4
10
-20.31881262598749
20
-55.7610671914627
0
VERTEX
8
L4
10
-20.309190662021294
20
-55.76298111909406
0
VERTEX
8
L4
10
-20.299401197604794
20
-55.763622754491024
0
VERTEX
8
L4
10
-20.289611733188295
20
-55.76298111909406
0
VERTEX
8
L4
10
-20.279989769222112
20
-55.7610671914627
0
VERTEX
8
L4
10
-20.27069994017741
20
-55.75791371942937
0
VERTEX
8
L4
10
-20.2619011976048
20
-55.753574659774856
0
VERTEX
8
L4
10
-20.253744090429137
20
-55.74812425501286
0
VERTEX
8
L4
10
-20.24636818901581
20
-55.74165576308001
0
VERTEX
8
L4
10
-20.239899697082947
20
-55.73427986166668
0
VERTEX
8
L4
10
-20.23444929232096
20
-55.72612275449102
0
VERTEX
8
L4
10
-20.230110232666448
20
-55.7173240119184
0
VERTEX
8
L4
10
-20.226956760633115
20
-55.70803418287371
0
VERTEX
8
L4
10
-20.225042833001766
20
-55.69841221890753
0
VERTEX
8
L4
10
-20.22440119760479
20
-55.68862275449102
0
VERTEX
8
L4
10
-20.225042833001766
20
-55.678833290074515
0
VERTEX
8
L4
10
-20.226956760633115
20
-55.66921132610833
0
VERTEX
8
L4
10
-20.230110232666448
20
-55.65992149706364
0
VERTEX
8
L4
10
-20.23444929232096
20
-55.65112275449102
0
VERTEX
8
L4
10
-20.239899697082947
20
-55.642965647315364
0
VERTEX
8
L4
10
-20.24636818901581
20
-55.63558974590203
0
VERTEX
8
L4
10
-20.253744090429137
20
-55.62912125396918
0
VERTEX
8
L4
10
-20.2619011976048
20
-55.62367084920719
0
VERTEX
8
L4
10
-20.27069994017741
20
-55.619331789552675
0
VERTEX
8
L4
10
-20.279989769222112
20
-55.61617831751934
0
VERTEX
8
L4
10
-20.289611733188295
20
-55.614264389887985
0
VERTEX
8
L4
10
-20.299401197604794
20
-55.61362275449102
0
SEQEND
0
POLYLINE
8
L4
66
1
70
1
0
VERTEX
8
L4
10
-18.023952095808383
20
-53.14056886227545
0
VERTEX
8
L4
10
-18.033741560224883
20
-53.14121049767241
0
VERTEX
8
L4
10
-18.04336352419108
20
-53.14312442530377
0
VERTEX
8
L4
10
-18.05265335323577
20
-53.1462778973371
0
VERTEX
8
L4
10
-18.06145209580839
20
-53.15061695699162
0
VERTEX
8
L4
10
-18.06960920298404
20
-53.15606736175361
0
VERTEX
8
L4
10
-18.07698510439738
20
-53.16253585368646
0
VERTEX
8
L4
10
-18.08345359633023
20
-53.1699117550998
0
VERTEX
8
L4
10
-18.088904001092217
20
-53.17806886227545
0
VERTEX
8
L4
10
-18.09324306074673
20
-53.18686760484807
0
VERTEX
8
L4
10
-18.096396532780062
20
-53.196157433892765
0
VERTEX
8
L4
10
-18.098310460411426
20
-53.20577939785895
0
VERTEX
8
L4
10
-18.098952095808386
20
-53.21556886227545
0
VERTEX
8
L4
10
-18.098310460411426
20
-53.22535832669195
0
VERTEX
8
L4
10
-18.096396532780062
20
-53.234980290658136
0
VERTEX
8
L4
10
-18.09324306074673
20
-53.24427011970283
0
VERTEX
8
L4
10
-18.088904001092217
20
-53.25306886227545
0
VERTEX
8
L4
10
-18.08345359633023
20
-53.261225969451104
0
VERTEX
8
L4
10
-18.07698510439738
20
-53.268601870864444
0
VERTEX
8
L4
10
-18.06960920298404
20
-53.275070362797294
0
VERTEX
8
L4
10
-18.06145209580839
20
-53.28052076755928
0
VERTEX
8
L4
10
-18.05265335323577
20
-53.28485982721379
0
VERTEX
8
L4
10
-18.04336352419108
20
-53.28801329924713
0
VERTEX
8
L4
10
-18.033741560224883
20
-53.28992722687848
0
VERTEX
8
L4
10
-18.023952095808383
20
-53.29056886227545
0
VERTEX
8
L4
10
-18.014162631391883
20
-53.28992722687848
0
VERTEX
8
L4
10
-18.0045406674257
20
-53.28801329924713
0
VERTEX
8
L4
10
-17.995250838380997
20
-53.28485982721379
0
VERTEX
8
L4
10
-17.98645209580839
20
-53.28052076755928
0
VERTEX
8
L4
10
-17.978294988632726
20
-53.275070362797294
0
VERTEX
8
L4
10
-17.9709190872194
20
-53.268601870864444
0
VERTEX
8
L4
10
-17.964450595286536
20
-53.261225969451104
0
VERTEX
8
L4
10
-17.95900019052455
20
-53.25306886227545
0
VERTEX
8
L4
10
-17.954661130870036
20
-53.24427011970283
0
VERTEX
8
L4
10
-17.951507658836704
20
-53.234980290658136
0
VERTEX
8
L4
10
-17.949593731205354
20
-53.22535832669195
0
VERTEX
8
L4
10
-17.94895209580838
20
-53.21556886227545
0
VERTEX
8
L4
10
-17.949593731205354
20
-53.20577939785895
0
VERTEX
8
L4
10
-17.951507658836704
20
-53.196157433892765
0
VERTEX
8
L4
10
-17.954661130870036
20
-53.18686760484807
0
VERTEX
8
L4
10
-17.95900019052455
20
-53.17806886227545
0
VERTEX
8
L4
10
-17.964450595286536
20
-53.1699117550998
0
VERTEX
8
L4
10
-17.9709190872194
20
-53.16253585368646
0
VERTEX
8
L4
10
-17.978294988632726
20
-53.15606736175361
0
VERTEX
8
L4
10
-17.98645209580839
20
-53.15061695699162
0
VERTEX
8
L4
10
-17.995250838380997
20
-53.1462778973371
0
VERTEX
8
L4
10
-18.0045406674257
20
-53.14312442530377
0
VERTEX
8
L4
10
-18.014162631391883
20
-53.14121049767241
0
VERTEX
8
L4
10
-18.023952095808383
20
-53.14056886227545
0
SEQEND
0
POLYLINE
8
L4
66
1
70
1
0
VERTEX
8
L4
10
-17.425149700598794
20
-55.61362275449102
0
VERTEX
8
L4
10
-17.434939165015308
20
-55.614264389887985
0
VERTEX
8
L4
10
-17.44456112898149
20
-55.61617831751934
0
VERTEX
8
L4
10
-17.45385095802618
20
-55.619331789552675
0
VERTEX
8
L4
10
-17.462649700598803
20
-55.62367084920719
0
VERTEX
8
L4
10
-17.47080680777445
20
-55.62912125396918
0
VERTEX
8
L4
10
-17.47818270918779
20
-55.63558974590203
0
VERTEX
8
L4
10
-17.48465120112064
20
-55.642965647315364
0
VERTEX
8
L4
10
-17.49010160588263
20
-55.65112275449102
0
VERTEX
8
L4
10
-17.49444066553714
20
-55.65992149706364
0
VERTEX
8
L4
10
-17.497594137570488
20
-55.66921132610833
0
VERTEX
8
L4
10
-17.499508065201837
20
-55.678833290074515
0
VERTEX
8
L4
10
-17.500149700598797
20
-55.68862275449102
0
VERTEX
8
L4
10
-17.499508065201837
20
-55.69841221890753
0
VERTEX
8
L4
10
-17.497594137570488
20
-55.70803418287371
0
VERTEX
8
L4
10
-17.49444066553714
20
-55.7173240119184
0
VERTEX
8
L4
10
-17.49010160588263
20
-55.72612275449102
0
VERTEX
8
L4
10
-17.48465120112064
20
-55.73427986166668
0
VERTEX
8
L4
10
-17.47818270918779
20
-55.74165576308001
0
VERTEX
8
L4
10
-17.47080680777445
20
-55.74812425501286
0
VERTEX
8
L4
10
-17.462649700598803
20
-55.753574659774856
0
VERTEX
8
L4
10
-17.45385095802618
20
-55.75791371942937
0
VERTEX
8
L4
10
-17.44456112898149
20
-55.7610671914627
0
VERTEX
8
L4
10
-17.434939165015308
20
-55.76298111909406
0
VERTEX
8
L4
10
-17.425149700598794
20
-55.763622754491024
0
VERTEX
8
L4
10
-17.415360236182295
20
-55.76298111909406
0
VERTEX
8
L4
10
-17.405738272216112
20
-55.7610671914627
0
VERTEX
8
L4
10
-17.396448443171423
20
-55.75791371942937
0
VERTEX
8
L4
10
-17.3876497005988
20
-55.753574659774856
0
VERTEX
8
L4
10
-17.37949259342315
20
-55.74812425501286
0
VERTEX
8
L4
10
-17.37211669200981
20
-55.74165576308001
0
VERTEX
8
L4
10
-17.36564820007696
20
-55.73427986166668
0
VERTEX
8
L4
10
-17.360197795314974
20
-55.72612275449102
0
VERTEX
8
L4
10
-17.355858735660462
20
-55.7173240119184
0
VERTEX
8
L4
10
-17.352705263627115
20
-55.70803418287371
0
VERTEX
8
L4
10
-17.350791335995766
20
-55.69841221890753
0
VERTEX
8
L4
10
-17.350149700598806
20
-55.68862275449102
0
VERTEX
8
L4
10
-17.350791335995766
20
-55.678833290074515
0
VERTEX
8
L4
10
-17.352705263627115
20
-55.66921132610833
0
VERTEX
8
L4
10
-17.355858735660462
20
-55.65992149706364
0
VERTEX
8
L4
10
-17.360197795314974
20
-55.65112275449102
0
VERTEX
8
L4
10
-17.36564820007696
20
-55.642965647315364
0
VERTEX
8
L4
10
-17.37211669200981
20
-55.63558974590203
0
VERTEX
8
L4
10
-17.37949259342315
20
-55.62912125396918
0
VERTEX
8
L4
10
-17.3876497005988
20
-55.62367084920719
0
VERTEX
8
L4
10
-17.396448443171423
20
-55.619331789552675
0
VERTEX
8
L4
10
-17.405738272216112
20
-55.61617831751934
0
VERTEX
8
L4
10
-17.415360236182295
20
-55.614264389887985
0
VERTEX
8
L4
10
-17.425149700598794
20
-55.61362275449102
0
SEQEND
0
POLYLINE
8
L4
66
1
70
1
0
VERTEX
8
L4
10
-19.94011976047905
20
-53.577694610778444
0
VERTEX
8
L4
10
-19.94990922489555
20
-53.57833624617541
0
VERTEX
8
L4
10
-19.95953118886173
20
-53.58025017380676
0
VERTEX
8
L4
10
-19.96882101790642
20
-53.5834036458401
0
VERTEX
8
L4
10
-19.977619760479044
20
-53.58774270549461
0
VERTEX
8
L4
10
-19.985776867654707
20
-53.5931931102566
0
VERTEX
8
L4
10
-19.993152769068033
20
-53.59966160218946
0
VERTEX
8
L4
10
-19.999621261000883
20
-53.60703750360279
0
VERTEX
8
L4
10
-20.005071665762884
20
-53.615194610778445
0
VERTEX
8
L4
10
-20.009410725417396
20
-53.62399335335106
0
VERTEX
8
L4
10
-20.01256419745073
20
-53.63328318239576
0
VERTEX
8
L4
10
-20.01447812508208
20
-53.64290514636194
0
VERTEX
8
L4
10
-20.015119760479053
20
-53.65269461077845
0
VERTEX
8
L4
10
-20.01447812508208
20
-53.662484075194946
0
VERTEX
8
L4
10
-20.01256419745073
20
-53.672106039161136
0
VERTEX
8
L4
10
-20.009410725417396
20
-53.681395868205826
0
VERTEX
8
L4
10
-20.005071665762884
20
-53.69019461077844
0
VERTEX
8
L4
10
-19.999621261000883
20
-53.6983517179541
0
VERTEX
8
L4
10
-19.993152769068033
20
-53.70572761936744
0
VERTEX
8
L4
10
-19.985776867654707
20
-53.71219611130029
0
VERTEX
8
L4
10
-19.977619760479044
20
-53.717646516062274
0
VERTEX
8
L4
10
-19.96882101790642
20
-53.72198557571679
0
VERTEX
8
L4
10
-19.95953118886173
20
-53.725139047750126
0
VERTEX
8
L4
10
-19.94990922489555
20
-53.72705297538148
0
VERTEX
8
L4
10
-19.94011976047905
20
-53.72769461077844
0
VERTEX
8
L4
10
-19.93033029606255
20
-53.72705297538148
0
VERTEX
8
L4
10
-19.920708332096353
20
-53.725139047750126
0
VERTEX
8
L4
10
-19.911418503051664
20
-53.72198557571679
0
VERTEX
8
L4
10
-19.90261976047904
20
-53.717646516062274
0
VERTEX
8
L4
10
-19.894462653303393
20
-53.71219611130029
0
VERTEX
8
L4
10
-19.887086751890052
20
-53.70572761936744
0
VERTEX
8
L4
10
-19.880618259957203
20
-53.6983517179541
0
VERTEX
8
L4
10
-19.875167855195215
20
-53.69019461077844
0
VERTEX
8
L4
10
-19.870828795540703
20
-53.681395868205826
0
VERTEX
8
L4
10
-19.86767532350737
20
-53.672106039161136
0
VERTEX
8
L4
10
-19.865761395876007
20
-53.662484075194946
0
VERTEX
8
L4
10
-19.865119760479047
20
-53.65269461077845
0
VERTEX
8
L4
10
-19.865761395876007
20
-53.64290514636194
0
VERTEX
8
L4
10
-19.86767532350737
20
-53.63328318239576
0
VERTEX
8
L4
10
-19.870828795540703
20
-53.62399335335106
0
VERTEX
8
L4
10
-19.875167855195215
20
-53.615194610778445
0
VERTEX
8
L4
10
-19.880618259957203
20
-53.60703750360279
0
VERTEX
8
L4
10
-19.887086751890052
20
-53.59966160218946
0
VERTEX
8
L4
10
-19.894462653303393
20
-53.5931931102566
0
VERTEX
8
L4
10
-19.90261976047904
20
-53.58774270549461
0
VERTEX
8
L4
10
-19.911418503051664
20
-53.5834036458401
0
VERTEX
8
L4
10
-19.920708332096353
20
-53.58025017380677
0
VERTEX
8
L4
10
-19.93033029606255
20
-53.57833624617541
0
VERTEX
8
L4
10
-19.94011976047905
20
-53.577694610778444
0
SEQEND
0
POLYLINE
8
L4
66
1
70
1
0
VERTEX
8
L4
10
-17.52705102641532
20
-55.03571161799284
0
VERTEX
8
L4
10
-17.536840490831835
20
-55.036353253389805
0
VERTEX
8
L4
10
-17.546462454798018
20
-55.03826718102116
0
VERTEX
8
L4
10
-17.555752283842708
20
-55.041420653054494
0
VERTEX
8
L4
10
-17.56455102641533
20
-55.04575971270901
0
VERTEX
8
L4
10
-17.57270813359098
20
-55.051210117470994
0
VERTEX
8
L4
10
-17.58008403500432
20
-55.057678609403844
0
VERTEX
8
L4
10
-17.58655252693717
20
-55.065054510817184
0
VERTEX
8
L4
10
-17.592002931699156
20
-55.07321161799284
0
VERTEX
8
L4
10
-17.59634199135367
20
-55.082010360565455
0
VERTEX
8
L4
10
-17.599495463387
20
-55.09130018961015
0
VERTEX
8
L4
10
-17.601409391018365
20
-55.100922153576334
0
VERTEX
8
L4
10
-17.602051026415324
20
-55.11071161799284
0
VERTEX
8
L4
10
-17.601409391018365
20
-55.12050108240934
0
VERTEX
8
L4
10
-17.599495463387
20
-55.13012304637553
0
VERTEX
8
L4
10
-17.59634199135367
20
-55.13941287542022
0
VERTEX
8
L4
10
-17.592002931699156
20
-55.148211617992835
0
VERTEX
8
L4
10
-17.58655252693717
20
-55.15636872516849
0
VERTEX
8
L4
10
-17.58008403500432
20
-55.16374462658183
0
VERTEX
8
L4
10
-17.57270813359098
20
-55.17021311851468
0
VERTEX
8
L4
10
-17.56455102641533
20
-55.17566352327667
0
VERTEX
8
L4
10
-17.555752283842708
20
-55.18000258293119
0
VERTEX
8
L4
10
-17.546462454798018
20
-55.18315605496452
0
VERTEX
8
L4
10
-17.536840490831835
20
-55.18506998259588
0
VERTEX
8
L4
10
-17.52705102641532
20
-55.18571161799284
0
VERTEX
8
L4
10
-17.517261561998822
20
-55.18506998259588
0
VERTEX
8
L4
10
-17.50763959803264
20
-55.18315605496452
0
VERTEX
8
L4
10
-17.49834976898795
20
-55.18000258293119
0
VERTEX
8
L4
10
-17.489551026415327
20
-55.17566352327667
0
VERTEX
8
L4
10
-17.481393919239665
20
-55.17021311851468
0
VERTEX
8
L4
10
-17.47401801782634
20
-55.16374462658183
0
VERTEX
8
L4
10
-17.46754952589349
20
-55.15636872516849
0
VERTEX
8
L4
10
-17.462099121131487
20
-55.148211617992835
0
VERTEX
8
L4
10
-17.457760061476975
20
-55.13941287542022
0
VERTEX
8
L4
10
-17.454606589443642
20
-55.13012304637553
0
VERTEX
8
L4
10
-17.452692661812293
20
-55.12050108240934
0
VERTEX
8
L4
10
-17.45205102641532
20
-55.11071161799284
0
VERTEX
8
L4
10
-17.452692661812293
20
-55.100922153576334
0
VERTEX
8
L4
10
-17.454606589443642
20
-55.09130018961015
0
VERTEX
8
L4
10
-17.457760061476975
20
-55.082010360565455
0
VERTEX
8
L4
10
-17.462099121131487
20
-55.07321161799284
0
VERTEX
8
L4
10
-17.46754952589349
20
-55.065054510817184
0
VERTEX
8
L4
10
-17.47401801782634
20
-55.05767860940385
0
VERTEX
8
L4
10
-17.481393919239665
20
-55.051210117470994
0
VERTEX
8
L4
10
-17.489551026415327
20
-55.04575971270901
0
VERTEX
8
L4
10
-17.49834976898795
20
-55.041420653054494
0
VERTEX
8
L4
10
-17.50763959803264
20
-55.03826718102116
0
VERTEX
8
L4
10
-17.517261561998822
20
-55.036353253389805
0
VERTEX
8
L4
10
-17.52705102641532
20
-55.03571161799284
0
SEQEND
0
POLYLINE
8
L4
66
1
70
1
0
VERTEX
8
L4
10
-16.16766467065868
20
-56.69146706586827
0
VERTEX
8
L4
10
-16.17745413507518
20
-56.692108701265234
0
VERTEX
8
L4
10
-16.187076099041363
20
-56.69402262889659
0
VERTEX
8
L4
10
-16.196365928086067
20
-56.69717610092992
0
VERTEX
8
L4
10
-16.205164670658675
20
-56.701515160584435
0
VERTEX
8
L4
10
-16.213321777834338
20
-56.70696556534643
0
VERTEX
8
L4
10
-16.220697679247678
20
-56.71343405727928
0
VERTEX
8
L4
10
-16.227166171180528
20
-56.72080995869261
0
VERTEX
8
L4
10
-16.232616575942515
20
-56.72896706586827
0
VERTEX
8
L4
10
-16.236955635597027
20
-56.737765808440884
0
VERTEX
8
L4
10
-16.24010910763036
20
-56.74705563748558
0
VERTEX
8
L4
10
-16.24202303526171
20
-56.75667760145176
0
VERTEX
8
L4
10
-16.242664670658684
20
-56.76646706586827
0
VERTEX
8
L4
10
-16.24202303526171
20
-56.77625653028477
0
VERTEX
8
L4
10
-16.24010910763036
20
-56.78587849425096
0
VERTEX
8
L4
10
-16.236955635597027
20
-56.79516832329565
0
VERTEX
8
L4
10
-16.232616575942515
20
-56.80396706586827
0
VERTEX
8
L4
10
-16.227166171180528
20
-56.81212417304392
0
VERTEX
8
L4
10
-16.220697679247678
20
-56.81950007445726
0
VERTEX
8
L4
10
-16.213321777834338
20
-56.82596856639011
0
VERTEX
8
L4
10
-16.205164670658675
20
-56.831418971152104
0
VERTEX
8
L4
10
-16.196365928086067
20
-56.835758030806616
0
VERTEX
8
L4
10
-16.187076099041363
20
-56.83891150283995
0
VERTEX
8
L4
10
-16.17745413507518
20
-56.840825430471305
0
VERTEX
8
L4
10
-16.16766467065868
20
-56.841467065868265
0
VERTEX
8
L4
10
-16.15787520624218
20
-56.840825430471305
0
VERTEX
8
L4
10
-16.148253242276
20
-56.83891150283995
0
VERTEX
8
L4
10
-16.138963413231295
20
-56.835758030806616
0
VERTEX
8
L4
10
-16.130164670658687
20
-56.831418971152104
0
VERTEX
8
L4
10
-16.122007563483024
20
-56.82596856639011
0
VERTEX
8
L4
10
-16.114631662069684
20
-56.81950007445726
0
VERTEX
8
L4
10
-16.108163170136834
20
-56.81212417304392
0
VERTEX
8
L4
10
-16.102712765374847
20
-56.80396706586827
0
VERTEX
8
L4
10
-16.098373705720334
20
-56.79516832329565
0
VERTEX
8
L4
10
-16.095220233687
20
-56.78587849425096
0
VERTEX
8
L4
10
-16.093306306055652
20
-56.77625653028477
0
VERTEX
8
L4
10
-16.092664670658678
20
-56.76646706586827
0
VERTEX
8
L4
10
-16.093306306055652
20
-56.75667760145176
0
VERTEX
8
L4
10
-16.095220233687
20
-56.74705563748558
0
VERTEX
8
L4
10
-16.098373705720334
20
-56.737765808440884
0
VERTEX
8
L4
10
-16.102712765374847
20
-56.72896706586827
0
VERTEX
8
L4
10
-16.108163170136834
20
-56.72080995869261
0
VERTEX
8
L4
10
-16.114631662069684
20
-56.71343405727928
0
VERTEX
8
L4
10
-16.122007563483024
20
-56.70696556534643
0
VERTEX
8
L4
10
-16.130164670658687
20
-56.701515160584435
0
VERTEX
8
L4
10
-16.138963413231295
20
-56.69717610092992
0
VERTEX
8
L4
10
-16.148253242276
20
-56.69402262889659
0
VERTEX
8
L4
10
-16.15787520624218
20
-56.692108701265234
0
VERTEX
8
L4
10
-16.16766467065868
20
-56.69146706586827
0
SEQEND
0
POLYLINE
8
L4
66
1
70
1
0
VERTEX
8
L4
10
-12.395209580838312
20
-53.577694610778444
0
VERTEX
8
L4
10
-12.404999045254812
20
-53.57833624617541
0
VERTEX
8
L4
10
-12.414621009221008
20
-53.58025017380676
0
VERTEX
8
L4
10
-12.423910838265698
20
-53.5834036458401
0
VERTEX
8
L4
10
-12.43270958083832
20
-53.58774270549461
0
VERTEX
8
L4
10
-12.440866688013969
20
-53.5931931102566
0
VERTEX
8
L4
10
-12.44824258942731
20
-53.59966160218946
0
VERTEX
8
L4
10
-12.45471108136016
20
-53.60703750360279
0
VERTEX
8
L4
10
-12.460161486122146
20
-53.615194610778445
0
VERTEX
8
L4
10
-12.464500545776659
20
-53.62399335335106
0
VERTEX
8
L4
10
-12.467654017809991
20
-53.63328318239576
0
VERTEX
8
L4
10
-12.469567945441355
20
-53.64290514636194
0
VERTEX
8
L4
10
-12.470209580838315
20
-53.65269461077845
0
VERTEX
8
L4
10
-12.469567945441355
20
-53.662484075194946
0
VERTEX
8
L4
10
-12.467654017809991
20
-53.672106039161136
0
VERTEX
8
L4
10
-12.464500545776659
20
-53.681395868205826
0
VERTEX
8
L4
10
-12.460161486122146
20
-53.69019461077844
0
VERTEX
8
L4
10
-12.45471108136016
20
-53.6983517179541
0
VERTEX
8
L4
10
-12.44824258942731
20
-53.70572761936744
0
VERTEX
8
L4
10
-12.440866688013969
20
-53.71219611130029
0
VERTEX
8
L4
10
-12.43270958083832
20
-53.717646516062274
0
VERTEX
8
L4
10
-12.423910838265698
20
-53.72198557571679
0
VERTEX
8
L4
10
-12.414621009221008
20
-53.725139047750126
0
VERTEX
8
L4
10
-12.404999045254812
20
-53.72705297538148
0
VERTEX
8
L4
10
-12.395209580838312
20
-53.72769461077844
0
VERTEX
8
L4
10
-12.385420116421813
20
-53.72705297538148
0
VERTEX
8
L4
10
-12.37579815245563
20
-53.725139047750126
0
VERTEX
8
L4
10
-12.36650832341094
20
-53.72198557571679
0
VERTEX
8
L4
10
-12.357709580838318
20
-53.717646516062274
0
VERTEX
8
L4
10
-12.349552473662655
20
-53.71219611130029
0
VERTEX
8
L4
10
-12.342176572249329
20
-53.70572761936744
0
VERTEX
8
L4
10
-12.33570808031648
20
-53.6983517179541
0
VERTEX
8
L4
10
-12.330257675554478
20
-53.69019461077844
0
VERTEX
8
L4
10
-12.325918615899965
20
-53.681395868205826
0
VERTEX
8
L4
10
-12.322765143866633
20
-53.672106039161136
0
VERTEX
8
L4
10
-12.320851216235283
20
-53.662484075194946
0
VERTEX
8
L4
10
-12.32020958083831
20
-53.65269461077845
0
VERTEX
8
L4
10
-12.320851216235283
20
-53.64290514636194
0
VERTEX
8
L4
10
-12.322765143866633
20
-53.63328318239576
0
VERTEX
8
L4
10
-12.325918615899965
20
-53.62399335335106
0
VERTEX
8
L4
10
-12.330257675554478
20
-53.615194610778445
0
VERTEX
8
L4
10
-12.33570808031648
20
-53.60703750360279
0
VERTEX
8
L4
10
-12.342176572249329
20
-53.59966160218946
0
VERTEX
8
L4
10
-12.349552473662655
20
-53.5931931102566
0
VERTEX
8
L4
10
-12.357709580838318
20
-53.58774270549461
0
VERTEX
8
L4
10
-12.36650832341094
20
-53.5834036458401
0
VERTEX
8
L4
10
-12.37579815245563
20
-53.58025017380677
0
VERTEX
8
L4
10
-12.385420116421813
20
-53.57833624617541
0
VERTEX
8
L4
10
-12.395209580838312
20
-53.577694610778444
0
SEQEND
0
POLYLINE
8
L4
66
1
70
1
0
VERTEX
8
L4
10
-16.16766467065868
20
-55.73338323353294
0
VERTEX
8
L4
10
-16.17745413507518
20
-55.7340248689299
0
VERTEX
8
L4
10
-16.187076099041363
20
-55.73593879656126
0
VERTEX
8
L4
10
-16.196365928086067
20
-55.73909226859459
0
VERTEX
8
L4
10
-16.205164670658675
20
-55.7434313282491
0
VERTEX
8
L4
10
-16.213321777834338
20
-55.748881733011096
0
VERTEX
8
L4
10
-16.220697679247678
20
-55.755350224943946
0
VERTEX
8
L4
10
-16.227166171180528
20
-55.762726126357286
0
VERTEX
8
L4
10
-16.232616575942515
20
-55.770883233532935
0
VERTEX
8
L4
10
-16.236955635597027
20
-55.77968197610556
0
VERTEX
8
L4
10
-16.24010910763036
20
-55.78897180515025
0
VERTEX
8
L4
10
-16.24202303526171
20
-55.79859376911644
0
VERTEX
8
L4
10
-16.242664670658684
20
-55.808383233532936
0
VERTEX
8
L4
10
-16.24202303526171
20
-55.81817269794944
0
VERTEX
8
L4
10
-16.24010910763036
20
-55.827794661915625
0
VERTEX
8
L4
10
-16.236955635597027
20
-55.83708449096032
0
VERTEX
8
L4
10
-16.232616575942515
20
-55.84588323353294
0
VERTEX
8
L4
10
-16.227166171180528
20
-55.85404034070859
0
VERTEX
8
L4
10
-16.220697679247678
20
-55.861416242121926
0
VERTEX
8
L4
10
-16.213321777834338
20
-55.86788473405478
0
VERTEX
8
L4
10
-16.205164670658675
20
-55.87333513881677
0
VERTEX
8
L4
10
-16.196365928086067
20
-55.87767419847128
0
VERTEX
8
L4
10
-16.187076099041363
20
-55.880827670504615
0
VERTEX
8
L4
10
-16.17745413507518
20
-55.88274159813597
0
VERTEX
8
L4
10
-16.16766467065868
20
-55.88338323353294
0
VERTEX
8
L4
10
-16.15787520624218
20
-55.88274159813597
0
VERTEX
8
L4
10
-16.148253242276
20
-55.880827670504615
0
VERTEX
8
L4
10
-16.138963413231295
20
-55.87767419847128
0
VERTEX
8
L4
10
-16.130164670658687
20
-55.87333513881677
0
VERTEX
8
L4
10
-16.122007563483024
20
-55.86788473405478
0
VERTEX
8
L4
10
-16.114631662069684
20
-55.861416242121926
0
VERTEX
8
L4
10
-16.108163170136834
20
-55.85404034070859
0
VERTEX
8
L4
10
-16.102712765374847
20
-55.84588323353294
0
VERTEX
8
L4
10
-16.098373705720334
20
-55.83708449096032
0
VERTEX
8
L4
10
-16.095220233687
20
-55.827794661915625
0
VERTEX
8
L4
10
-16.093306306055652
20
-55.81817269794944
0
VERTEX
8
L4
10
-16.092664670658678
20
-55.808383233532936
0
VERTEX
8
L4
10
-16.093306306055652
20
-55.79859376911644
0
VERTEX
8
L4
10
-16.095220233687
20
-55.78897180515025
0
VERTEX
8
L4
10
-16.098373705720334
20
-55.77968197610556
0
VERTEX
8
L4
10
-16.102712765374847
20
-55.770883233532935
0
VERTEX
8
L4
10
-16.108163170136834
20
-55.762726126357286
0
VERTEX
8
L4
10
-16.114631662069684
20
-55.755350224943946
0
VERTEX
8
L4
10
-16.122007563483024
20
-55.748881733011096
0
VERTEX
8
L4
10
-16.130164670658687
20
-55.7434313282491
0
VERTEX
8
L4
10
-16.138963413231295
20
-55.73909226859459
0
VERTEX
8
L4
10
-16.148253242276
20
-55.73593879656126
0
VERTEX
8
L4
10
-16.15787520624218
20
-55.7340248689299
0
VERTEX
8
L4
10
-16.16766467065868
20
-55.73338323353294
0
SEQEND
0
POLYLINE
8
L4
66
1
70
1
0
VERTEX
8
L4
10
-16.16766467065868
20
-54.77529940119761
0
VERTEX
8
L4
10
-16.17745413507518
20
-54.775941036594574
0
VERTEX
8
L4
10
-16.187076099041363
20
-54.77785496422593
0
VERTEX
8
L4
10
-16.196365928086067
20
-54.78100843625926
0
VERTEX
8
L4
10
-16.205164670658675
20
-54.785347495913776
0
VERTEX
8
L4
10
-16.213321777834338
20
-54.79079790067576
0
VERTEX
8
L4
10
-16.220697679247678
20
-54.79726639260862
0
VERTEX
8
L4
10
-16.227166171180528
20
-54.80464229402195
0
VERTEX
8
L4
10
-16.232616575942515
20
-54.81279940119761
0
VERTEX
8
L4
10
-16.236955635597027
20
-54.821598143770224
0
VERTEX
8
L4
10
-16.24010910763036
20
-54.83088797281492
0
VERTEX
8
L4
10
-16.24202303526171
20
-54.8405099367811
0
VERTEX
8
L4
10
-16.242664670658684
20
-54.85029940119761
0
VERTEX
8
L4
10
-16.24202303526171
20
-54.86008886561411
0
VERTEX
8
L4
10
-16.24010910763036
20
-54.8697108295803
0
VERTEX
8
L4
10
-16.236955635597027
20
-54.87900065862499
0
VERTEX
8
L4
10
-16.232616575942515
20
-54.887799401197604
0
VERTEX
8
L4
10
-16.227166171180528
20
-54.89595650837326
0
VERTEX
8
L4
10
-16.220697679247678
20
-54.9033324097866
0
VERTEX
8
L4
10
-16.213321777834338
20
-54.90980090171945
0
VERTEX
8
L4
10
-16.205164670658675
20
-54.91525130648144
0
VERTEX
8
L4
10
-16.196365928086067
20
-54.91959036613596
0
VERTEX
8
L4
10
-16.187076099041363
20
-54.92274383816929
0
VERTEX
8
L4
10
-16.17745413507518
20
-54.924657765800646
0
VERTEX
8
L4
10
-16.16766467065868
20
-54.925299401197606
0
VERTEX
8
L4
10
-16.15787520624218
20
-54.924657765800646
0
VERTEX
8
L4
10
-16.148253242276
20
-54.92274383816929
0
VERTEX
8
L4
10
-16.138963413231295
20
-54.91959036613596
0
VERTEX
8
L4
10
-16.130164670658687
20
-54.91525130648144
0
VERTEX
8
L4
10
-16.122007563483024
20
-54.90980090171945
0
VERTEX
8
L4
10
-16.114631662069684
20
-54.9033324097866
0
VERTEX
8
L4
10
-16.108163170136834
20
-54.89595650837326
0
VERTEX
8
L4
10
-16.102712765374847
20
-54.887799401197604
0
VERTEX
8
L4
10
-16.098373705720334
20
-54.87900065862499
0
VERTEX
8
L4
10
-16.095220233687
20
-54.8697108295803
0
VERTEX
8
L4
10
-16.093306306055652
20
-54.86008886561411
0
VERTEX
8
L4
10
-16.092664670658678
20
-54.85029940119761
0
VERTEX
8
L4
10
-16.093306306055652
20
-54.8405099367811
0
VERTEX
8
L4
10
-16.095220233687
20
-54.83088797281492
0
VERTEX
8
L4
10
-16.098373705720334
20
-54.821598143770224
0
VERTEX
8
L4
10
-16.102712765374847
20
-54.81279940119761
0
VERTEX
8
L4
10
-16.108163170136834
20
-54.80464229402195
0
VERTEX
8
L4
10
-16.114631662069684
20
-54.79726639260862
0
VERTEX
8
L4
10
-16.122007563483024
20
-54.79079790067576
0
VERTEX
8
L4
10
-16.130164670658687
20
-54.785347495913776
0
VERTEX
8
L4
10
-16.138963413231295
20
-54.78100843625926
0
VERTEX
8
L4
10
-16.148253242276
20
-54.77785496422593
0
VERTEX
8
L4
10
-16.15787520624218
20
-54.775941036594574
0
VERTEX
8
L4
10
-16.16766467065868
20
-54.77529940119761
0
SEQEND
0
POLYLINE
8
L4
66
1
70
1
0
VERTEX
8
L4
10
-12.035928143712567
20
-55.61362275449102
0
VERTEX
8
L4
10
-12.045717608129067
20
-55.614264389887985
0
VERTEX
8
L4
10
-12.05533957209525
20
-55.61617831751934
0
VERTEX
8
L4
10
-12.064629401139953
20
-55.619331789552675
0
VERTEX
8
L4
10
-12.073428143712562
20
-55.62367084920719
0
VERTEX
8
L4
10
-12.081585250888224
20
-55.62912125396918
0
VERTEX
8
L4
10
-12.08896115230155
20
-55.63558974590203
0
VERTEX
8
L4
10
-12.095429644234414
20
-55.642965647315364
0
VERTEX
8
L4
10
-12.100880048996402
20
-55.65112275449102
0
VERTEX
8
L4
10
-12.105219108650914
20
-55.65992149706364
0
VERTEX
8
L4
10
-12.108372580684247
20
-55.66921132610833
0
VERTEX
8
L4
10
-12.110286508315596
20
-55.678833290074515
0
VERTEX
8
L4
10
-12.11092814371257
20
-55.68862275449102
0
VERTEX
8
L4
10
-12.110286508315596
20
-55.69841221890753
0
VERTEX
8
L4
10
-12.108372580684247
20
-55.70803418287371
0
VERTEX
8
L4
10
-12.105219108650914
20
-55.7173240119184
0
VERTEX
8
L4
10
-12.100880048996402
20
-55.72612275449102
0
VERTEX
8
L4
10
-12.095429644234414
20
-55.73427986166668
0
VERTEX
8
L4
10
-12.08896115230155
20
-55.74165576308001
0
VERTEX
8
L4
10
-12.081585250888224
20
-55.74812425501286
0
VERTEX
8
L4
10
-12.073428143712562
20
-55.753574659774856
0
VERTEX
8
L4
10
-12.064629401139953
20
-55.75791371942937
0
VERTEX
8
L4
10
-12.05533957209525
20
-55.7610671914627
0
VERTEX
8
L4
10
-12.045717608129067
20
-55.76298111909406
0
VERTEX
8
L4
10
-12.035928143712567
20
-55.763622754491024
0
VERTEX
8
L4
10
-12.026138679296068
20
-55.76298111909406
0
VERTEX
8
L4
10
-12.016516715329871
20
-55.7610671914627
0
VERTEX
8
L4
10
-12.007226886285181
20
-55.75791371942937
0
VERTEX
8
L4
10
-11.998428143712559
20
-55.753574659774856
0
VERTEX
8
L4
10
-11.99027103653691
20
-55.74812425501286
0
VERTEX
8
L4
10
-11.98289513512357
20
-55.74165576308001
0
VERTEX
8
L4
10
-11.97642664319072
20
-55.73427986166668
0
VERTEX
8
L4
10
-11.970976238428733
20
-55.72612275449102
0
VERTEX
8
L4
10
-11.96663717877422
20
-55.7173240119184
0
VERTEX
8
L4
10
-11.963483706740888
20
-55.70803418287371
0
VERTEX
8
L4
10
-11.961569779109524
20
-55.69841221890753
0
VERTEX
8
L4
10
-11.960928143712565
20
-55.68862275449102
0
VERTEX
8
L4
10
-11.961569779109524
20
-55.678833290074515
0
VERTEX
8
L4
10
-11.963483706740888
20
-55.66921132610833
0
VERTEX
8
L4
10
-11.96663717877422
20
-55.65992149706364
0
VERTEX
8
L4
10
-11.970976238428733
20
-55.65112275449102
0
VERTEX
8
L4
10
-11.97642664319072
20
-55.642965647315364
0
VERTEX
8
L4
10
-11.98289513512357
20
-55.63558974590203
0
VERTEX
8
L4
10
-11.99027103653691
20
-55.62912125396918
0
VERTEX
8
L4
10
-11.998428143712559
20
-55.62367084920719
0
VERTEX
8
L4
10
-12.007226886285181
20
-55.619331789552675
0
VERTEX
8
L4
10
-12.016516715329871
20
-55.61617831751934
0
VERTEX
8
L4
10
-12.026138679296068
20
-55.614264389887985
0
VERTEX
8
L4
10
-12.035928143712567
20
-55.61362275449102
0
SEQEND
0
POLYLINE
8
L4
66
1
70
1
0
VERTEX
8
L4
10
-16.16766467065868
20
-53.81721556886228
0
VERTEX
8
L4
10
-16.17745413507518
20
-53.81785720425924
0
VERTEX
8
L4
10
-16.187076099041363
20
-53.8197711318906
0
VERTEX
8
L4
10
-16.196365928086067
20
-53.82292460392393
0
VERTEX
8
L4
10
-16.205164670658675
20
-53.82726366357844
0
VERTEX
8
L4
10
-16.213321777834338
20
-53.83271406834044
0
VERTEX
8
L4
10
-16.220697679247678
20
-53.83918256027329
0
VERTEX
8
L4
10
-16.227166171180528
20
-53.84655846168663
0
VERTEX
8
L4
10
-16.232616575942515
20
-53.854715568862275
0
VERTEX
8
L4
10
-16.236955635597027
20
-53.8635143114349
0
VERTEX
8
L4
10
-16.24010910763036
20
-53.87280414047959
0
VERTEX
8
L4
10
-16.24202303526171
20
-53.88242610444578
0
VERTEX
8
L4
10
-16.242664670658684
20
-53.89221556886228
0
VERTEX
8
L4
10
-16.24202303526171
20
-53.90200503327878
0
VERTEX
8
L4
10
-16.24010910763036
20
-53.911626997244966
0
VERTEX
8
L4
10
-16.236955635597027
20
-53.92091682628966
0
VERTEX
8
L4
10
-16.232616575942515
20
-53.92971556886228
0
VERTEX
8
L4
10
-16.227166171180528
20
-53.937872676037934
0
VERTEX
8
L4
10
-16.220697679247678
20
-53.94524857745127
0
VERTEX
8
L4
10
-16.213321777834338
20
-53.951717069384124
0
VERTEX
8
L4
10
-16.205164670658675
20
-53.95716747414611
0
VERTEX
8
L4
10
-16.196365928086067
20
-53.96150653380062
0
VERTEX
8
L4
10
-16.187076099041363
20
-53.964660005833956
0
VERTEX
8
L4
10
-16.17745413507518
20
-53.96657393346531
0
VERTEX
8
L4
10
-16.16766467065868
20
-53.96721556886228
0
VERTEX
8
L4
10
-16.15787520624218
20
-53.96657393346531
0
VERTEX
8
L4
10
-16.148253242276
20
-53.964660005833956
0
VERTEX
8
L4
10
-16.138963413231295
20
-53.96150653380062
0
VERTEX
8
L4
10
-16.130164670658687
20
-53.95716747414611
0
VERTEX
8
L4
10
-16.122007563483024
20
-53.951717069384124
0
VERTEX
8
L4
10
-16.114631662069684
20
-53.94524857745127
0
VERTEX
8
L4
10
-16.108163170136834
20
-53.937872676037934
0
VERTEX
8
L4
10
-16.102712765374847
20
-53.92971556886228
0
VERTEX
8
L4
10
-16.098373705720334
20
-53.92091682628966
0
VERTEX
8
L4
10
-16.095220233687
20
-53.911626997244966
0
VERTEX
8
L4
10
-16.093306306055652
20
-53.90200503327878
0
VERTEX
8
L4
10
-16.092664670658678
20
-53.89221556886228
0
VERTEX
8
L4
10
-16.093306306055652
20
-53.88242610444578
0
VERTEX
8
L4
10
-16.095220233687
20
-53.87280414047959
0
VERTEX
8
L4
10
-16.098373705720334
20
-53.8635143114349
0
VERTEX
8
L4
10
-16.102712765374847
20
-53.854715568862275
0
VERTEX
8
L4
10
-16.108163170136834
20
-53.84655846168663
0
VERTEX
8
L4
10
-16.114631662069684
20
-53.83918256027329
0
VERTEX
8
L4
10
-16.122007563483024
20
-53.83271406834044
0
VERTEX
8
L4
10
-16.130164670658687
20
-53.82726366357844
0
VERTEX
8
L4
10
-16.138963413231295
20
-53.82292460392393
0
VERTEX
8
L4
10
-16.148253242276
20
-53.8197711318906
0
VERTEX
8
L4
10
-16.15787520624218
20
-53.81785720425924
0
VERTEX
8
L4
10
-16.16766467065868
20
-53.81721556886228
0
SEQEND
0
POLYLINE
8
L4
66
1
70
1
0
VERTEX
8
L4
10
-16.16766467065868
20
-53.338173652694614
0
VERTEX
8
L4
10
-16.17745413507518
20
-53.338815288091574
0
VERTEX
8
L4
10
-16.187076099041363
20
-53.34072921572293
0
VERTEX
8
L4
10
-16.196365928086067
20
-53.34388268775626
0
VERTEX
8
L4
10
-16.205164670658675
20
-53.348221747410776
0
VERTEX
8
L4
10
-16.213321777834338
20
-53.35367215217277
0
VERTEX
8
L4
10
-16.220697679247678
20
-53.36014064410562
0
VERTEX
8
L4
10
-16.227166171180528
20
-53.36751654551896
0
VERTEX
8
L4
10
-16.232616575942515
20
-53.37567365269461
0
VERTEX
8
L4
10
-16.236955635597027
20
-53.38447239526723
0
VERTEX
8
L4
10
-16.24010910763036
20
-53.39376222431192
0
VERTEX
8
L4
10
-16.24202303526171
20
-53.40338418827811
0
VERTEX
8
L4
10
-16.242664670658684
20
-53.41317365269461
0
VERTEX
8
L4
10
-16.24202303526171
20
-53.42296311711112
0
VERTEX
8
L4
10
-16.24010910763036
20
-53.4325850810773
0
VERTEX
8
L4
10
-16.236955635597027
20
-53.441874910121996
0
VERTEX
8
L4
10
-16.232616575942515
20
-53.45067365269461
0
VERTEX
8
L4
10
-16.227166171180528
20
-53.45883075987027
0
VERTEX
8
L4
10
-16.220697679247678
20
-53.4662066612836
0
VERTEX
8
L4
10
-16.213321777834338
20
-53.47267515321646
0
VERTEX
8
L4
10
-16.205164670658675
20
-53.478125557978444
0
VERTEX
8
L4
10
-16.196365928086067
20
-53.48246461763296
0
VERTEX
8
L4
10
-16.187076099041363
20
-53.48561808966629
0
VERTEX
8
L4
10
-16.17745413507518
20
-53.487532017297646
0
VERTEX
8
L4
10
-16.16766467065868
20
-53.48817365269461
0
VERTEX
8
L4
10
-16.15787520624218
20
-53.487532017297646
0
VERTEX
8
L4
10
-16.148253242276
20
-53.48561808966629
0
VERTEX
8
L4
10
-16.138963413231295
20
-53.48246461763296
0
VERTEX
8
L4
10
-16.130164670658687
20
-53.478125557978444
0
VERTEX
8
L4
10
-16.122007563483024
20
-53.47267515321646
0
VERTEX
8
L4
10
-16.114631662069684
20
-53.4662066612836
0
VERTEX
8
L4
10
-16.108163170136834
20
-53.45883075987027
0
VERTEX
8
L4
10
-16.102712765374847
20
-53.45067365269461
0
VERTEX
8
L4
10
-16.098373705720334
20
-53.441874910121996
0
VERTEX
8
L4
10
-16.095220233687
20
-53.4325850810773
0
VERTEX
8
L4
10
-16.093306306055652
20
-53.42296311711112
0
VERTEX
8
L4
10
-16.092664670658678
20
-53.41317365269461
0
VERTEX
8
L4
10
-16.093306306055652
20
-53.40338418827811
0
VERTEX
8
L4
10
-16.095220233687
20
-53.39376222431192
0
VERTEX
8
L4
10
-16.098373705720334
20
-53.38447239526723
0
VERTEX
8
L4
10
-16.102712765374847
20
-53.37567365269461
0
VERTEX
8
L4
10
-16.108163170136834
20
-53.36751654551896
0
VERTEX
8
L4
10
-16.114631662069684
20
-53.36014064410562
0
VERTEX
8
L4
10
-16.122007563483024
20
-53.35367215217277
0
VERTEX
8
L4
10
-16.130164670658687
20
-53.348221747410776
0
VERTEX
8
L4
10
-16.138963413231295
20
-53.34388268775626
0
VERTEX
8
L4
10
-16.148253242276
20
-53.34072921572293
0
VERTEX
8
L4
10
-16.15787520624218
20
-53.338815288091574
0
VERTEX
8
L4
10
-16.16766467065868
20
-53.338173652694614
0
SEQEND
0
POLYLINE
8
L4
66
1
70
1
0
VERTEX
8
L4
10
-14.311377245508979
20
-53.577694610778444
0
VERTEX
8
L4
10
-14.321166709925478
20
-53.57833624617541
0
VERTEX
8
L4
10
-14.33078867389166
20
-53.58025017380676
0
VERTEX
8
L4
10
-14.340078502936365
20
-53.5834036458401
0
VERTEX
8
L4
10
-14.348877245508973
20
-53.58774270549461
0
VERTEX
8
L4
10
-14.357034352684636
20
-53.5931931102566
0
VERTEX
8
L4
10
-14.364410254097962
20
-53.59966160218946
0
VERTEX
8
L4
10
-14.370878746030826
20
-53.60703750360279
0
VERTEX
8
L4
10
-14.376329150792813
20
-53.615194610778445
0
VERTEX
8
L4
10
-14.380668210447325
20
-53.62399335335106
0
VERTEX
8
L4
10
-14.383821682480658
20
-53.63328318239576
0
VERTEX
8
L4
10
-14.385735610112008
20
-53.64290514636194
0
VERTEX
8
L4
10
-14.386377245508982
20
-53.65269461077845
0
VERTEX
8
L4
10
-14.385735610112008
20
-53.662484075194946
0
VERTEX
8
L4
10
-14.383821682480658
20
-53.672106039161136
0
VERTEX
8
L4
10
-14.380668210447325
20
-53.681395868205826
0
VERTEX
8
L4
10
-14.376329150792813
20
-53.69019461077844
0
VERTEX
8
L4
10
-14.370878746030826
20
-53.6983517179541
0
VERTEX
8
L4
10
-14.364410254097962
20
-53.70572761936744
0
VERTEX
8
L4
10
-14.357034352684636
20
-53.71219611130029
0
VERTEX
8
L4
10
-14.348877245508973
20
-53.717646516062274
0
VERTEX
8
L4
10
-14.340078502936365
20
-53.72198557571679
0
VERTEX
8
L4
10
-14.33078867389166
20
-53.725139047750126
0
VERTEX
8
L4
10
-14.321166709925478
20
-53.72705297538148
0
VERTEX
8
L4
10
-14.311377245508979
20
-53.72769461077844
0
VERTEX
8
L4
10
-14.30158778109248
20
-53.72705297538148
0
VERTEX
8
L4
10
-14.291965817126282
20
-53.725139047750126
0
VERTEX
8
L4
10
-14.282675988081593
20
-53.72198557571679
0
VERTEX
8
L4
10
-14.27387724550897
20
-53.717646516062274
0
VERTEX
8
L4
10
-14.265720138333322
20
-53.71219611130029
0
VERTEX
8
L4
10
-14.258344236919982
20
-53.70572761936744
0
VERTEX
8
L4
10
-14.251875744987132
20
-53.6983517179541
0
VERTEX
8
L4
10
-14.246425340225144
20
-53.69019461077844
0
VERTEX
8
L4
10
-14.242086280570632
20
-53.681395868205826
0
VERTEX
8
L4
10
-14.2389328085373
20
-53.672106039161136
0
VERTEX
8
L4
10
-14.237018880905936
20
-53.662484075194946
0
VERTEX
8
L4
10
-14.236377245508976
20
-53.65269461077845
0
VERTEX
8
L4
10
-14.237018880905936
20
-53.64290514636194
0
VERTEX
8
L4
10
-14.2389328085373
20
-53.63328318239576
0
VERTEX
8
L4
10
-14.242086280570632
20
-53.62399335335106
0
VERTEX
8
L4
10
-14.246425340225144
20
-53.615194610778445
0
VERTEX
8
L4
10
-14.251875744987132
20
-53.60703750360279
0
VERTEX
8
L4
10
-14.258344236919982
20
-53.59966160218946
0
VERTEX
8
L4
10
-14.265720138333322
20
-53.5931931102566
0
VERTEX
8
L4
10
-14.27387724550897
20
-53.58774270549461
0
VERTEX
8
L4
10
-14.282675988081593
20
-53.5834036458401
0
VERTEX
8
L4
10
-14.291965817126282
20
-53.58025017380677
0
VERTEX
8
L4
10
-14.30158778109248
20
-53.57833624617541
0
VERTEX
8
L4
10
-14.311377245508979
20
-53.577694610778444
0
SEQEND
0
POLYLINE
8
L4
66
1
70
1
0
VERTEX
8
L4
10
-16.16766467065868
20
-54.29625748502994
0
VERTEX
8
L4
10
-16.17745413507518
20
-54.29689912042691
0
VERTEX
8
L4
10
-16.187076099041363
20
-54.298813048058264
0
VERTEX
8
L4
10
-16.196365928086067
20
-54.3019665200916
0
VERTEX
8
L4
10
-16.205164670658675
20
-54.30630557974611
0
VERTEX
8
L4
10
-16.213321777834338
20
-54.311755984508096
0
VERTEX
8
L4
10
-16.220697679247678
20
-54.31822447644095
0
VERTEX
8
L4
10
-16.227166171180528
20
-54.325600377854286
0
VERTEX
8
L4
10
-16.232616575942515
20
-54.33375748502994
0
VERTEX
8
L4
10
-16.236955635597027
20
-54.34255622760256
0
VERTEX
8
L4
10
-16.24010910763036
20
-54.351846056647254
0
VERTEX
8
L4
10
-16.24202303526171
20
-54.36146802061344
0
VERTEX
8
L4
10
-16.242664670658684
20
-54.37125748502994
0
VERTEX
8
L4
10
-16.24202303526171
20
-54.38104694944644
0
VERTEX
8
L4
10
-16.24010910763036
20
-54.39066891341263
0
VERTEX
8
L4
10
-16.236955635597027
20
-54.39995874245732
0
VERTEX
8
L4
10
-16.232616575942515
20
-54.408757485029945
0
VERTEX
8
L4
10
-16.227166171180528
20
-54.41691459220559
0
VERTEX
8
L4
10
-16.220697679247678
20
-54.42429049361893
0
VERTEX
8
L4
10
-16.213321777834338
20
-54.43075898555178
0
VERTEX
8
L4
10
-16.205164670658675
20
-54.43620939031378
0
VERTEX
8
L4
10
-16.196365928086067
20
-54.44054844996829
0
VERTEX
8
L4
10
-16.187076099041363
20
-54.44370192200162
0
VERTEX
8
L4
10
-16.17745413507518
20
-54.44561584963298
0
VERTEX
8
L4
10
-16.16766467065868
20
-54.44625748502994
0
VERTEX
8
L4
10
-16.15787520624218
20
-54.44561584963298
0
VERTEX
8
L4
10
-16.148253242276
20
-54.44370192200162
0
VERTEX
8
L4
10
-16.138963413231295
20
-54.44054844996829
0
VERTEX
8
L4
10
-16.130164670658687
20
-54.43620939031378
0
VERTEX
8
L4
10
-16.122007563483024
20
-54.43075898555178
0
VERTEX
8
L4
10
-16.114631662069684
20
-54.42429049361893
0
VERTEX
8
L4
10
-16.108163170136834
20
-54.41691459220559
0
VERTEX
8
L4
10
-16.102712765374847
20
-54.408757485029945
0
VERTEX
8
L4
10
-16.098373705720334
20
-54.39995874245732
0
VERTEX
8
L4
10
-16.095220233687
20
-54.39066891341263
0
VERTEX
8
L4
10
-16.093306306055652
20
-54.38104694944644
0
VERTEX
8
L4
10
-16.092664670658678
20
-54.37125748502994
0
VERTEX
8
L4
10
-16.093306306055652
20
-54.36146802061344
0
VERTEX
8
L4
10
-16.095220233687
20
-54.351846056647254
0
VERTEX
8
L4
10
-16.098373705720334
20
-54.34255622760256
0
VERTEX
8
L4
10
-16.102712765374847
20
-54.33375748502994
0
VERTEX
8
L4
10
-16.108163170136834
20
-54.325600377854286
0
VERTEX
8
L4
10
-16.114631662069684
20
-54.31822447644095
0
VERTEX
8
L4
10
-16.122007563483024
20
-54.311755984508096
0
VERTEX
8
L4
10
-16.130164670658687
20
-54.30630557974611
0
VERTEX
8
L4
10
-16.138963413231295
20
-54.3019665200916
0
VERTEX
8
L4
10
-16.148253242276
20
-54.298813048058264
0
VERTEX
8
L4
10
-16.15787520624218
20
-54.29689912042691
0
VERTEX
8
L4
10
-16.16766467065868
20
-54.29625748502994
0
SEQEND
0
POLYLINE
8
L4
66
1
70
1
0
VERTEX
8
L4
10
-14.311377245508979
20
-53.14056886227545
0
VERTEX
8
L4
10
-14.321166709925478
20
-53.14121049767241
0
VERTEX
8
L4
10
-14.33078867389166
20
-53.14312442530377
0
VERTEX
8
L4
10
-14.340078502936365
20
-53.1462778973371
0
VERTEX
8
L4
10
-14.348877245508973
20
-53.15061695699162
0
VERTEX
8
L4
10
-14.357034352684636
20
-53.15606736175361
0
VERTEX
8
L4
10
-14.364410254097962
20
-53.16253585368646
0
VERTEX
8
L4
10
-14.370878746030826
20
-53.1699117550998
0
VERTEX
8
L4
10
-14.376329150792813
20
-53.17806886227545
0
VERTEX
8
L4
10
-14.380668210447325
20
-53.18686760484807
0
VERTEX
8
L4
10
-14.383821682480658
20
-53.196157433892765
0
VERTEX
8
L4
10
-14.385735610112008
20
-53.20577939785895
0
VERTEX
8
L4
10
-14.386377245508982
20
-53.21556886227545
0
VERTEX
8
L4
10
-14.385735610112008
20
-53.22535832669195
0
VERTEX
8
L4
10
-14.383821682480658
20
-53.234980290658136
0
VERTEX
8
L4
10
-14.380668210447325
20
-53.24427011970283
0
VERTEX
8
L4
10
-14.376329150792813
20
-53.25306886227545
0
VERTEX
8
L4
10
-14.370878746030826
20
-53.261225969451104
0
VERTEX
8
L4
10
-14.364410254097962
20
-53.268601870864444
0
VERTEX
8
L4
10
-14.357034352684636
20
-53.275070362797294
0
VERTEX
8
L4
10
-14.348877245508973
20
-53.28052076755928
0
VERTEX
8
L4
10
-14.340078502936365
20
-53.28485982721379
0
VERTEX
8
L4
10
-14.33078867389166
20
-53.28801329924713
0
VERTEX
8
L4
10
-14.321166709925478
20
-53.28992722687848
0
VERTEX
8
L4
10
-14.311377245508979
20
-53.29056886227545
0
VERTEX
8
L4
10
-14.30158778109248
20
-53.28992722687848
0
VERTEX
8
L4
10
-14.291965817126282
20
-53.28801329924713
0
VERTEX
8
L4
10
-14.282675988081593
20
-53.28485982721379
0
VERTEX
8
L4
10
-14.27387724550897
20
-53.28052076755928
0
VERTEX
8
L4
10
-14.265720138333322
20
-53.275070362797294
0
VERTEX
8
L4
10
-14.258344236919982
20
-53.268601870864444
0
VERTEX
8
L4
10
-14.251875744987132
20
-53.261225969451104
0
VERTEX
8
L4
10
-14.246425340225144
20
-53.25306886227545
0
VERTEX
8
L4
10
-14.242086280570632
20
-53.24427011970283
0
VERTEX
8
L4
10
-14.2389328085373
20
-53.234980290658136
0
VERTEX
8
L4
10
-14.237018880905936
20
-53.22535832669195
0
VERTEX
8
L4
10
-14.236377245508976
20
-53.21556886227545
0
VERTEX
8
L4
10
-14.237018880905936
20
-53.20577939785895
0
VERTEX
8
L4
10
-14.2389328085373
20
-53.196157433892765
0
VERTEX
8
L4
10
-14.242086280570632
20
-53.18686760484807
0
VERTEX
8
L4
10
-14.246425340225144
20
-53.17806886227545
0
VERTEX
8
L4
10
-14.251875744987132
20
-53.1699117550998
0
VERTEX
8
L4
10
-14.258344236919982
20
-53.16253585368646
0
VERTEX
8
L4
10
-14.265720138333322
20
-53.15606736175361
0
VERTEX
8
L4
10
-14.27387724550897
20
-53.15061695699162
0
VERTEX
8
L4
10
-14.282675988081593
20
-53.1462778973371
0
VERTEX
8
L4
10
-14.291965817126282
20
-53.14312442530377
0
VERTEX
8
L4
10
-14.30158778109248
20
-53.14121049767241
0
VERTEX
8
L4
10
-14.311377245508979
20
-53.14056886227545
0
SEQEND
0
POLYLINE
8
L4
66
1
70
1
0
VERTEX
8
L4
10
-16.16766467065868
20
-55.254341317365274
0
VERTEX
8
L4
10
-16.17745413507518
20
-55.254982952762234
0
VERTEX
8
L4
10
-16.187076099041363
20
-55.25689688039359
0
VERTEX
8
L4
10
-16.196365928086067
20
-55.26005035242692
0
VERTEX
8
L4
10
-16.205164670658675
20
-55.26438941208144
0
VERTEX
8
L4
10
-16.213321777834338
20
-55.26983981684343
0
VERTEX
8
L4
10
-16.220697679247678
20
-55.27630830877628
0
VERTEX
8
L4
10
-16.227166171180528
20
-55.28368421018962
0
VERTEX
8
L4
10
-16.232616575942515
20
-55.291841317365275
0
VERTEX
8
L4
10
-16.236955635597027
20
-55.30064005993789
0
VERTEX
8
L4
10
-16.24010910763036
20
-55.30992988898258
0
VERTEX
8
L4
10
-16.24202303526171
20
-55.31955185294877
0
VERTEX
8
L4
10
-16.242664670658684
20
-55.32934131736527
0
VERTEX
8
L4
10
-16.24202303526171
20
-55.339130781781776
0
VERTEX
8
L4
10
-16.24010910763036
20
-55.34875274574796
0
VERTEX
8
L4
10
-16.236955635597027
20
-55.358042574792655
0
VERTEX
8
L4
10
-16.232616575942515
20
-55.36684131736527
0
VERTEX
8
L4
10
-16.227166171180528
20
-55.37499842454093
0
VERTEX
8
L4
10
-16.220697679247678
20
-55.38237432595427
0
VERTEX
8
L4
10
-16.213321777834338
20
-55.38884281788712
0
VERTEX
8
L4
10
-16.205164670658675
20
-55.394293222649104
0
VERTEX
8
L4
10
-16.196365928086067
20
-55.398632282303616
0
VERTEX
8
L4
10
-16.187076099041363
20
-55.401785754336956
0
VERTEX
8
L4
10
-16.17745413507518
20
-55.403699681968305
0
VERTEX
8
L4
10
-16.16766467065868
20
-55.40434131736527
0
VERTEX
8
L4
10
-16.15787520624218
20
-55.403699681968305
0
VERTEX
8
L4
10
-16.148253242276
20
-55.401785754336956
0
VERTEX
8
L4
10
-16.138963413231295
20
-55.398632282303616
0
VERTEX
8
L4
10
-16.130164670658687
20
-55.394293222649104
0
VERTEX
8
L4
10
-16.122007563483024
20
-55.38884281788712
0
VERTEX
8
L4
10
-16.114631662069684
20
-55.38237432595427
0
VERTEX
8
L4
10
-16.108163170136834
20
-55.37499842454093
0
VERTEX
8
L4
10
-16.102712765374847
20
-55.36684131736527
0
VERTEX
8
L4
10
-16.098373705720334
20
-55.358042574792655
0
VERTEX
8
L4
10
-16.095220233687
20
-55.34875274574796
0
VERTEX
8
L4
10
-16.093306306055652
20
-55.339130781781776
0
VERTEX
8
L4
10
-16.092664670658678
20
-55.32934131736527
0
VERTEX
8
L4
10
-16.093306306055652
20
-55.31955185294877
0
VERTEX
8
L4
10
-16.095220233687
20
-55.30992988898258
0
VERTEX
8
L4
10
-16.098373705720334
20
-55.30064005993789
0
VERTEX
8
L4
10
-16.102712765374847
20
-55.291841317365275
0
VERTEX
8
L4
10
-16.108163170136834
20
-55.28368421018962
0
VERTEX
8
L4
10
-16.114631662069684
20
-55.27630830877628
0
VERTEX
8
L4
10
-16.122007563483024
20
-55.26983981684343
0
VERTEX
8
L4
10
-16.130164670658687
20
-55.26438941208144
0
VERTEX
8
L4
10
-16.138963413231295
20
-55.26005035242692
0
VERTEX
8
L4
10
-16.148253242276
20
-55.25689688039359
0
VERTEX
8
L4
10
-16.15787520624218
20
-55.254982952762234
0
VERTEX
8
L4
10
-16.16766467065868
20
-55.254341317365274
0
SEQEND
0
POLYLINE
8
L4
66
1
70
1
0
VERTEX
8
L4
10
-14.910179640718553
20
-55.61362275449102
0
VERTEX
8
L4
10
-14.919969105135067
20
-55.614264389887985
0
VERTEX
8
L4
10
-14.92959106910125
20
-55.61617831751934
0
VERTEX
8
L4
10
-14.93888089814594
20
-55.619331789552675
0
VERTEX
8
L4
10
-14.947679640718562
20
-55.62367084920719
0
VERTEX
8
L4
10
-14.95583674789421
20
-55.62912125396918
0
VERTEX
8
L4
10
-14.96321264930755
20
-55.63558974590203
0
VERTEX
8
L4
10
-14.9696811412404
20
-55.642965647315364
0
VERTEX
8
L4
10
-14.975131546002387
20
-55.65112275449102
0
VERTEX
8
L4
10
-14.9794706056569
20
-55.65992149706364
0
VERTEX
8
L4
10
-14.982624077690232
20
-55.66921132610833
0
VERTEX
8
L4
10
-14.984538005321596
20
-55.678833290074515
0
VERTEX
8
L4
10
-14.985179640718556
20
-55.68862275449102
0
VERTEX
8
L4
10
-14.984538005321596
20
-55.69841221890753
0
VERTEX
8
L4
10
-14.982624077690232
20
-55.70803418287371
0
VERTEX
8
L4
10
-14.9794706056569
20
-55.7173240119184
0
VERTEX
8
L4
10
-14.975131546002387
20
-55.72612275449102
0
VERTEX
8
L4
10
-14.9696811412404
20
-55.73427986166668
0
VERTEX
8
L4
10
-14.96321264930755
20
-55.74165576308001
0
VERTEX
8
L4
10
-14.95583674789421
20
-55.74812425501286
0
VERTEX
8
L4
10
-14.947679640718562
20
-55.753574659774856
0
VERTEX
8
L4
10
-14.93888089814594
20
-55.75791371942937
0
VERTEX
8
L4
10
-14.92959106910125
20
-55.7610671914627
0
VERTEX
8
L4
10
-14.919969105135067
20
-55.76298111909406
0
VERTEX
8
L4
10
-14.910179640718553
20
-55.763622754491024
0
VERTEX
8
L4
10
-14.900390176302054
20
-55.76298111909406
0
VERTEX
8
L4
10
-14.890768212335871
20
-55.7610671914627
0
VERTEX
8
L4
10
-14.881478383291181
20
-55.75791371942937
0
VERTEX
8
L4
10
-14.872679640718559
20
-55.753574659774856
0
VERTEX
8
L4
10
-14.86452253354291
20
-55.74812425501286
0
VERTEX
8
L4
10
-14.85714663212957
20
-55.74165576308001
0
VERTEX
8
L4
10
-14.85067814019672
20
-55.73427986166668
0
VERTEX
8
L4
10
-14.845227735434719
20
-55.72612275449102
0
VERTEX
8
L4
10
-14.840888675780207
20
-55.7173240119184
0
VERTEX
8
L4
10
-14.837735203746874
20
-55.70803418287371
0
VERTEX
8
L4
10
-14.835821276115524
20
-55.69841221890753
0
VERTEX
8
L4
10
-14.835179640718565
20
-55.68862275449102
0
VERTEX
8
L4
10
-14.835821276115524
20
-55.678833290074515
0
VERTEX
8
L4
10
-14.837735203746874
20
-55.66921132610833
0
VERTEX
8
L4
10
-14.840888675780207
20
-55.65992149706364
0
VERTEX
8
L4
10
-14.845227735434719
20
-55.65112275449102
0
VERTEX
8
L4
10
-14.85067814019672
20
-55.642965647315364
0
VERTEX
8
L4
10
-14.85714663212957
20
-55.63558974590203
0
VERTEX
8
L4
10
-14.86452253354291
20
-55.62912125396918
0
VERTEX
8
L4
10
-14.872679640718559
20
-55.62367084920719
0
VERTEX
8
L4
10
-14.881478383291181
20
-55.619331789552675
0
VERTEX
8
L4
10
-14.890768212335871
20
-55.61617831751934
0
VERTEX
8
L4
10
-14.900390176302054
20
-55.614264389887985
0
VERTEX
8
L4
10
-14.910179640718553
20
-55.61362275449102
0
SEQEND
0
POLYLINE
8
L4
66
1
70
1
0
VERTEX
8
L4
10
-16.16766467065868
20
-56.2124251497006
0
VERTEX
8
L4
10
-16.17745413507518
20
-56.21306678509757
0
VERTEX
8
L4
10
-16.187076099041363
20
-56.214980712728924
0
VERTEX
8
L4
10
-16.196365928086067
20
-56.218134184762256
0
VERTEX
8
L4
10
-16.205164670658675
20
-56.22247324441677
0
VERTEX
8
L4
10
-16.213321777834338
20
-56.22792364917876
0
VERTEX
8
L4
10
-16.220697679247678
20
-56.23439214111161
0
VERTEX
8
L4
10
-16.227166171180528
20
-56.241768042524946
0
VERTEX
8
L4
10
-16.232616575942515
20
-56.2499251497006
0
VERTEX
8
L4
10
-16.236955635597027
20
-56.258723892273224
0
VERTEX
8
L4
10
-16.24010910763036
20
-56.268013721317914
0
VERTEX
8
L4
10
-16.24202303526171
20
-56.277635685284096
0
VERTEX
8
L4
10
-16.242664670658684
20
-56.2874251497006
0
VERTEX
8
L4
10
-16.24202303526171
20
-56.29721461411711
0
VERTEX
8
L4
10
-16.24010910763036
20
-56.30683657808329
0
VERTEX
8
L4
10
-16.236955635597027
20
-56.31612640712798
0
VERTEX
8
L4
10
-16.232616575942515
20
-56.324925149700604
0
VERTEX
8
L4
10
-16.227166171180528
20
-56.33308225687626
0
VERTEX
8
L4
10
-16.220697679247678
20
-56.34045815828959
0
VERTEX
8
L4
10
-16.213321777834338
20
-56.34692665022244
0
VERTEX
8
L4
10
-16.205164670658675
20
-56.35237705498444
0
VERTEX
8
L4
10
-16.196365928086067
20
-56.35671611463895
0
VERTEX
8
L4
10
-16.187076099041363
20
-56.35986958667228
0
VERTEX
8
L4
10
-16.17745413507518
20
-56.36178351430364
0
VERTEX
8
L4
10
-16.16766467065868
20
-56.362425149700606
0
VERTEX
8
L4
10
-16.15787520624218
20
-56.36178351430364
0
VERTEX
8
L4
10
-16.148253242276
20
-56.35986958667228
0
VERTEX
8
L4
10
-16.138963413231295
20
-56.35671611463895
0
VERTEX
8
L4
10
-16.130164670658687
20
-56.35237705498444
0
VERTEX
8
L4
10
-16.122007563483024
20
-56.34692665022244
0
VERTEX
8
L4
10
-16.114631662069684
20
-56.34045815828959
0
VERTEX
8
L4
10
-16.108163170136834
20
-56.33308225687626
0
VERTEX
8
L4
10
-16.102712765374847
20
-56.324925149700604
0
VERTEX
8
L4
10
-16.098373705720334
20
-56.31612640712798
0
VERTEX
8
L4
10
-16.095220233687
20
-56.30683657808329
0
VERTEX
8
L4
10
-16.093306306055652
20
-56.29721461411711
0
VERTEX
8
L4
10
-16.092664670658678
20
-56.2874251497006
0
VERTEX
8
L4
10
-16.093306306055652
20
-56.277635685284096
0
VERTEX
8
L4
10
-16.095220233687
20
-56.268013721317914
0
VERTEX
8
L4
10
-16.098373705720334
20
-56.258723892273224
0
VERTEX
8
L4
10
-16.102712765374847
20
-56.2499251497006
0
VERTEX
8
L4
10
-16.108163170136834
20
-56.241768042524946
0
VERTEX
8
L4
10
-16.114631662069684
20
-56.23439214111161
0
VERTEX
8
L4
10
-16.122007563483024
20
-56.22792364917876
0
VERTEX
8
L4
10
-16.130164670658687
20
-56.22247324441677
0
VERTEX
8
L4
10
-16.138963413231295
20
-56.218134184762256
0
VERTEX
8
L4
10
-16.148253242276
20
-56.214980712728924
0
VERTEX
8
L4
10
-16.15787520624218
20
-56.21306678509757
0
VERTEX
8
L4
10
-16.16766467065868
20
-56.2124251497006
0
SEQEND
0
POLYLINE
8
L4
66
1
70
1
0
VERTEX
8
L4
10
-9.883109165887447
20
-55.39367001410194
0
VERTEX
8
L4
10
-9.854567159936423
20
-55.40265331500438
0
VERTEX
8
L4
10
-9.824645956092581
20
-55.4023937782106
0
VERTEX
8
L4
10
-9.796264075472763
20
-55.39291671899927
0
VERTEX
8
L4
10
-9.772189893251905
20
-55.37514653190939
0
VERTEX
8
L4
10
-9.754771610710577
20
-55.350816525084014
0
VERTEX
8
L4
10
-9.745708211141078
20
-55.32229985299459
0
VERTEX
8
L4
10
-9.745883740625658
20
-55.29237803840703
0
VERTEX
8
L4
10
-9.755281077977926
20
-55.26396966201027
0
VERTEX
8
L4
10
-9.772983604747395
20
-55.23984568338342
0
VERTEX
8
L4
10
-9.797264612394244
20
-55.22235916095997
0
VERTEX
8
L4
10
-9.825755725838192
20
-55.21321573416604
0
VERTEX
8
L4
10
-9.8556779153095
20
-55.21330725495778
0
VERTEX
8
L4
10
-9.88411256355299
20
-55.22262479637608
0
VERTEX
8
L4
10
-9.90828614842755
20
-55.240259523284216
0
VERTEX
8
L4
10
-9.925840772894873
20
-55.26449134035648
0
VERTEX
8
L4
10
-9.935064154839793
20
-55.29295667057256
0
VERTEX
8
L4
10
-9.93505664346229
20
-55.3228789990647
0
VERTEX
8
L4
10
-9.92581897142388
20
-55.351339695017586
0
VERTEX
8
L4
10
-9.966972725425492
20
-55.40801067350787
0
VERTEX
8
L4
10
-10.000247386873141
20
-55.469638817865906
0
VERTEX
8
L4
10
-10.025055140675562
20
-55.535135433219295
0
VERTEX
8
L4
10
-10.040957744295326
20
-55.60334348603995
0
VERTEX
8
L4
10
-10.047674269542881
20
-55.673058043774105
0
VERTEX
8
L4
10
-10.045086065326714
20
-55.7430475606349
0
VERTEX
8
L4
10
-10.033238853689696
20
-55.81207563353208
0
VERTEX
8
L4
10
-10.012341922104213
20
-55.87892284380882
0
VERTEX
8
L4
10
-9.982764426294565
20
-55.94240829893913
0
VERTEX
8
L4
10
-9.945028868899158
20
-56.00141049364008
0
VERTEX
8
L4
10
-9.899801869175661
20
-56.05488712187599
0
VERTEX
8
L4
10
-9.8478823868073
20
-56.10189348976453
0
VERTEX
8
L4
10
-9.790187607843094
20
-56.14159920411076
0
VERTEX
8
L4
10
-9.727736742104796
20
-56.17330284175705
0
VERTEX
8
L4
10
-9.661633018287901
20
-56.196444340606746
0
VERTEX
8
L4
10
-9.593044194823506
20
-56.210614893427355
0
VERTEX
8
L4
10
-9.523181930787018
20
-56.21556416965392
0
VERTEX
8
L4
10
-9.45328038127792
20
-56.21120473761531
0
VERTEX
8
L4
10
-9.384574395395092
20
-56.19761360906251
0
VERTEX
8
L4
10
-9.318277701952098
20
-56.17503087871392
0
VERTEX
8
L4
10
-9.255561468294019
20
-56.14385548285088
0
VERTEX
8
L4
10
-9.1975336109858
20
-56.104638151890086
0
VERTEX
8
L4
10
-9.145219223860266
20
-56.05807168142957
0
VERTEX
8
L4
10
-9.09954246917492
20
-56.004978693635636
0
VERTEX
8
L4
10
-9.06131025178037
20
-55.94629710517241
0
VERTEX
8
L4
10
-9.03119796470476
20
-55.88306355839108
0
VERTEX
8
L4
10
-9.009737557966687
20
-55.81639510847578
0
VERTEX
8
L4
10
-8.997308141387137
20
-55.747469490053
0
VERTEX
8
L4
10
-8.994129287407219
20
-55.677504311865235
0
VERTEX
8
L4
10
-9.000257152220897
20
-55.60773554704675
0
VERTEX
8
L4
10
-9.015583483745104
20
-55.53939569898223
0
VERTEX
8
L4
10
-9.039837533952024
20
-55.473692028460476
0
VERTEX
8
L4
10
-9.072590841781022
20
-55.41178522675235
0
VERTEX
8
L4
10
-9.113264802137664
20
-55.354768911364744
0
VERTEX
8
L4
10
-9.161140887269013
20
-55.30365030668928
0
VERTEX
8
L4
10
-9.215373339949437
20
-55.25933245083255
0
VERTEX
8
L4
10
-9.275004114244439
20
-55.22259824295422
0
VERTEX
8
L4
10
-9.338979799916075
20
-55.19409661292512
0
VERTEX
8
L4
10
-9.345210089235422
20
-55.164830091201324
0
VERTEX
8
L4
10
-9.360164748437768
20
-55.138912838898
0
VERTEX
8
L4
10
-9.382385096618904
20
-55.11887283077622
0
VERTEX
8
L4
10
-9.409703755897638
20
-55.106664773845445
0
VERTEX
8
L4
10
-9.43945605795362
20
-55.10347944479149
0
VERTEX
8
L4
10
-9.4687399563893
20
-55.10962754134416
0
VERTEX
8
L4
10
-9.494699093004172
20
-55.124509376749195
0
VERTEX
8
L4
10
-9.51480140763178
20
-55.14667337335236
0
VERTEX
8
L4
10
-9.527086115871711
20
-55.17395764981834
0
VERTEX
8
L4
10
-9.530354964451817
20
-55.203700891534275
0
VERTEX
8
L4
10
-9.524289109128432
20
-55.233001935850275
0
VERTEX
8
L4
10
-9.509480214827406
20
-55.25900275215272
0
VERTEX
8
L4
10
-9.48737274451085
20
-55.2791672148288
0
VERTEX
8
L4
10
-9.460123065927078
20
-55.29152847754316
0
VERTEX
8
L4
10
-9.43038911900355
20
-55.29488081988257
0
VERTEX
8
L4
10
-9.401071159773949
20
-55.28889725360285
0
VERTEX
8
L4
10
-9.375028868736464
20
-55.274161417137556
0
VERTEX
8
L4
10
-9.354802416959132
20
-55.25211064737069
0
VERTEX
8
L4
10
-9.295604829341912
20
-55.279518322851274
0
VERTEX
8
L4
10
-9.24080328282028
20
-55.31490653492515
0
VERTEX
8
L4
10
-9.19146680943976
20
-55.35758495393666
0
VERTEX
8
L4
10
-9.148557832241394
20
-55.40672103773195
0
VERTEX
8
L4
10
-9.11291339095446
20
-55.46135627233647
0
VERTEX
8
L4
10
-9.085228813583342
20
-55.52042487000673
0
VERTEX
8
L4
10
-9.06604415241226
20
-55.58277455990731
0
VERTEX
8
L4
10
-9.055733649025143
20
-55.647189065842326
0
VERTEX
8
L4
10
-9.05449843385037
20
-55.71241183256086
0
VERTEX
8
L4
10
-9.062362602642324
20
-55.7771705377993
0
VERTEX
8
L4
10
-9.079172746437507
20
-55.84020191189612
0
VERTEX
8
L4
10
-9.104600944154342
20
-55.900276380814475
0
VERTEX
8
L4
10
-9.138151159459127
20
-55.956222051853004
0
VERTEX
8
L4
10
-9.17916891711215
20
-56.00694757414765
0
VERTEX
8
L4
10
-9.226854070034577
20
-56.05146342801696
0
VERTEX
8
L4
10
-9.280276408044301
20
-56.08890122785247
0
VERTEX
8
L4
10
-9.338393803776228
20
-56.11853066200646
0
VERTEX
8
L4
10
-9.400072541808413
20
-56.139773739224836
0
VERTEX
8
L4
10
-9.464109434426831
20
-56.15221606371526
0
VERTEX
8
L4
10
-9.529255292609477
20
-56.15561491890411
0
VERTEX
8
L4
10
-9.59423929437321
20
-56.14990400218962
0
VERTEX
8
L4
10
-9.657793775122016
20
-56.13519471832886
0
VERTEX
8
L4
10
-9.718678956403153
20
-56.111774006227975
0
VERTEX
8
L4
10
-9.775707130678782
20
-56.08009874152923
0
VERTEX
8
L4
10
-9.827765830333192
20
-56.0407868241855
0
VERTEX
8
L4
10
-9.873839528949503
20
-55.994605124879804
0
VERTEX
8
L4
10
-9.913029451522206
20
-55.942454525423095
0
VERTEX
8
L4
10
-9.944571107160982
20
-55.88535234495235
0
VERTEX
8
L4
10
-9.967849202269448
20
-55.82441249474685
0
VERTEX
8
L4
10
-9.982409643282566
20
-55.76082374878932
0
VERTEX
8
L4
10
-9.98796839482128
20
-55.6958265539554
0
VERTEX
8
L4
10
-9.984417020465358
20
-55.6306888322027
0
VERTEX
8
L4
10
-9.971824798058805
20
-55.56668124679431
0
VERTEX
8
L4
10
-9.9504373682839
20
-55.50505241504673
0
VERTEX
8
L4
10
-9.920671942866434
20
-55.44700455113542
0
VERTEX
8
L4
10
-9.883109165887447
20
-55.39367001410194
0
SEQEND
0
POLYLINE
8
L4
66
1
70
1
0
VERTEX
8
L4
10
-9.492741612800785
20
-53.43685531636834
0
VERTEX
8
L4
10
-9.462668723869385
20
-53.43906518431069
0
VERTEX
8
L4
10
-9.433398438979737
20
-53.43181862737088
0
VERTEX
8
L4
10
-9.407830164220925
20
-53.41583346265917
0
VERTEX
8
L4
10
-9.388496598259934
20
-53.392693121429296
0
VERTEX
8
L4
10
-9.377312852585504
20
-53.36468980023889
0
VERTEX
8
L4
10
-9.375386747652058
20
-53.33459740444214
0
VERTEX
8
L4
10
-9.3829090762856
20
-53.30539677539186
0
VERTEX
8
L4
10
-9.399134704452536
20
-53.27998041932749
0
VERTEX
8
L4
10
-9.422456381479236
20
-53.260865986412405
0
VERTEX
8
L4
10
-9.450563948355182
20
-53.24994688162686
0
VERTEX
8
L4
10
-9.480673173534385
20
-53.248304711078276
0
VERTEX
8
L4
10
-9.509801548607712
20
-53.256102142103366
0
VERTEX
8
L4
10
-9.535063724547257
20
-53.272566790043804
0
VERTEX
8
L4
10
-9.55395732370215
20
-53.29606772781184
0
VERTEX
8
L4
10
-9.564610816067116
20
-53.32427703949136
0
VERTEX
8
L4
10
-9.565968906118059
20
-53.35440041507274
0
VERTEX
8
L4
10
-9.557897066480948
20
-53.383453944460335
0
VERTEX
8
L4
10
-9.59125184357913
20
-53.44068916821266
0
VERTEX
8
L4
10
-9.616391772160142
20
-53.5019786125256
0
VERTEX
8
L4
10
-9.632836096569278
20
-53.56615022765234
0
VERTEX
8
L4
10
-9.64027034885082
20
-53.631976847543235
0
VERTEX
8
L4
10
-9.638552362378817
20
-53.698199657176545
0
VERTEX
8
L4
10
-9.627714990536617
20
-53.76355226511839
0
VERTEX
8
L4
10
-9.607965478455355
20
-53.82678492096804
0
VERTEX
8
L4
10
-9.579681499825739
20
-53.88668841457339
0
VERTEX
8
L4
10
-9.543403934571927
20
-53.94211719998766
0
VERTEX
8
L4
10
-9.499826525501447
20
-53.99201130196327
0
VERTEX
8
L4
10
-9.449782611729077
20
-54.03541658606083
0
VERTEX
8
L4
10
-9.39422919257376
20
-54.071503004744336
0
VERTEX
8
L4
10
-9.334228626677927
20
-54.099580470538584
0
VERTEX
8
L4
10
-9.270928316320308
20
-54.11911205270381
0
VERTEX
8
L4
10
-9.205538765423071
20
-54.129724245064715
0
VERTEX
8
L4
10
-9.139310430854152
20
-54.13121410864037
0
VERTEX
8
L4
10
-9.073509809701804
20
-54.123553152485144
0
VERTEX
8
L4
10
-9.009395219808951
20
-54.10688787852644
0
VERTEX
8
L4
10
-8.948192736720799
20
-54.08153697998042
0
VERTEX
8
L4
10
-8.891072747208042
20
-54.04798524692072
0
VERTEX
8
L4
10
-8.839127567737194
20
-54.00687429554534
0
VERTEX
8
L4
10
-8.793350555894207
20
-53.95899029842757
0
VERTEX
8
L4
10
-8.754617114217666
20
-53.905248950387744
0
VERTEX
8
L4
10
-8.723667949708926
20
-53.84667795748633
0
VERTEX
8
L4
10
-8.701094909150598
20
-53.784397384004706
0
VERTEX
8
L4
10
-8.687329661107611
20
-53.719598233242046
0
VERTEX
8
L4
10
-8.68263544104677
20
-53.653519671731765
0
VERTEX
8
L4
10
-8.687102017434668
20
-53.58742533242334
0
VERTEX
8
L4
10
-8.700643975078123
20
-53.52257914998805
0
VERTEX
8
L4
10
-8.723002348535289
20
-53.460221190355
0
VERTEX
8
L4
10
-8.753749574361223
20
-53.4015439366935
0
VERTEX
8
L4
10
-8.792297667485272
20
-53.34766948532973
0
VERTEX
8
L4
10
-8.83790946536186
20
-53.299628087684454
0
VERTEX
8
L4
10
-8.889712724870648
20
-53.258338448578336
0
VERTEX
8
L4
10
-8.946716802388181
20
-53.22459015766426
0
VERTEX
8
L4
10
-9.007831598055205
20
-53.19902858995361
0
VERTEX
8
L4
10
-9.071888401964287
20
-53.1821425641867
0
VERTEX
8
L4
10
-9.08672469706761
20
-53.15589096399528
0
VERTEX
8
L4
10
-9.108985454897905
20
-53.13555083553395
0
VERTEX
8
L4
10
-9.13646560717369
20
-53.12313699664733
0
VERTEX
8
L4
10
-9.166443071717168
20
-53.11987911627076
0
VERTEX
8
L4
10
-9.195948391840076
20
-53.1260999079766
0
VERTEX
8
L4
10
-9.22205887973304
20
-53.14118316316222
0
VERTEX
8
L4
10
-9.242188127102764
20
-53.16363479039348
0
VERTEX
8
L4
10
-9.254342205205049
20
-53.19123081457246
0
VERTEX
8
L4
10
-9.257317176046485
20
-53.22123767567947
0
VERTEX
8
L4
10
-9.250818350026165
20
-53.25068300511149
0
VERTEX
8
L4
10
-9.235489476796886
20
-53.27665005751495
0
VERTEX
8
L4
10
-9.212848977807141
20
-53.296566632785265
0
VERTEX
8
L4
10
-9.185139537092212
20
-53.30845986868929
0
VERTEX
8
L4
10
-9.155105949294054
20
-53.31115166529638
0
VERTEX
8
L4
10
-9.125723230462825
20
-53.304375383197204
0
VERTEX
8
L4
10
-9.099901923977697
20
-53.28880225581687
0
VERTEX
8
L4
10
-9.080199792892003
20
-53.26597489951604
0
VERTEX
8
L4
10
-9.021838870769628
20
-53.283051527240545
0
VERTEX
8
L4
10
-8.966788425071329
20
-53.308878971439206
0
VERTEX
8
L4
10
-8.91635170308777
20
-53.34284580115539
0
VERTEX
8
L4
10
-8.871722728235824
20
-53.38414789612744
0
VERTEX
8
L4
10
-8.833958033116133
20
-53.43180748328399
0
VERTEX
8
L4
10
-8.803951647485832
20
-53.48469628424242
0
VERTEX
8
L4
10
-8.78241393327346
20
-53.54156222582367
0
VERTEX
8
L4
10
-8.769854767689608
20
-53.6010590812469
0
VERTEX
8
L4
10
-8.766571472550893
20
-53.66177834028757
0
VERTEX
8
L4
10
-8.77264177557484
20
-53.722282553914496
0
VERTEX
8
L4
10
-8.787921970277921
20
-53.78113936401538
0
VERTEX
8
L4
10
-8.812050318038473
20
-53.83695541260144
0
VERTEX
8
L4
10
-8.844455611785477
20
-53.88840932773515
0
VERTEX
8
L4
10
-8.884370698578692
20
-53.93428300528235
0
VERTEX
8
L4
10
-8.930850640951064
20
-53.97349044593431
0
VERTEX
8
L4
10
-8.982795087067146
20
-54.00510346482068
0
VERTEX
8
L4
10
-9.03897432011344
20
-54.02837366507217
0
VERTEX
8
L4
10
-9.098058370235421
20
-54.042750155137504
0
VERTEX
8
L4
10
-9.158648499834058
20
-54.0478925904202
0
VERTEX
8
L4
10
-9.21931031684879
20
-54.04367923049173
0
VERTEX
8
L4
10
-9.278607732113272
20
-54.03020982113694
0
VERTEX
8
L4
10
-9.335136956887823
20
-54.00780323300302
0
VERTEX
8
L4
10
-9.387559735721567
20
-53.976989912754064
0
VERTEX
8
L4
10
-9.434635027899617
20
-53.9384993254402
0
VERTEX
8
L4
10
-9.475248387458677
20
-53.893242685366694
0
VERTEX
8
L4
10
-9.508438346237341
20
-53.842291384287265
0
VERTEX
8
L4
10
-9.533419175377176
20
-53.786851627605785
0
VERTEX
8
L4
10
-9.549599486425606
20
-53.72823587904116
0
VERTEX
8
L4
10
-9.556596231683983
20
-53.66783178976564
0
VERTEX
8
L4
10
-9.55424377236072
20
-53.60706934757848
0
VERTEX
8
L4
10
-9.542597799853041
20
-53.54738702381536
0
VERTEX
8
L4
10
-9.521934017326018
20
-53.49019771942116
0
VERTEX
8
L4
10
-9.492741612800785
20
-53.43685531636834
0
SEQEND
0
POLYLINE
8
L4
66
1
70
1
0
VERTEX
8
L4
10
-1.6982433208804508
20
-53.26597489951604
0
VERTEX
8
L4
10
-1.6785411897947569
20
-53.28880225581687
0
VERTEX
8
L4
10
-1.6527198833096293
20
-53.304375383197204
0
VERTEX
8
L4
10
-1.6233371644784
20
-53.31115166529637
0
VERTEX
8
L4
10
-1.593303576680242
20
-53.30845986868929
0
VERTEX
8
L4
10
-1.5655941359653127
20
-53.296566632785265
0
VERTEX
8
L4
10
-1.542953636975568
20
-53.27665005751495
0
VERTEX
8
L4
10
-1.5276247637462887
20
-53.25068300511149
0
VERTEX
8
L4
10
-1.5211259377259694
20
-53.22123767567947
0
VERTEX
8
L4
10
-1.524100908567405
20
-53.19123081457246
0
VERTEX
8
L4
10
-1.5362549866697037
20
-53.16363479039348
0
VERTEX
8
L4
10
-1.5563842340394132
20
-53.14118316316222
0
VERTEX
8
L4
10
-1.5824947219323775
20
-53.1260999079766
0
VERTEX
8
L4
10
-1.6120000420552856
20
-53.11987911627076
0
VERTEX
8
L4
10
-1.6419775065987636
20
-53.12313699664733
0
VERTEX
8
L4
10
-1.669457658874549
20
-53.13555083553395
0
VERTEX
8
L4
10
-1.6917184167048447
20
-53.15589096399528
0
VERTEX
8
L4
10
-1.7065547118081668
20
-53.1821425641867
0
VERTEX
8
L4
10
-1.770611515717249
20
-53.19902858995361
0
VERTEX
8
L4
10
-1.8317263113842728
20
-53.22459015766426
0
VERTEX
8
L4
10
-1.8887303889018057
20
-53.258338448578336
0
VERTEX
8
L4
10
-1.940533648410593
20
-53.299628087684454
0
VERTEX
8
L4
10
-1.986145446287182
20
-53.34766948532973
0
VERTEX
8
L4
10
-2.0246935394112313
20
-53.4015439366935
0
VERTEX
8
L4
10
-2.055440765237165
20
-53.460221190355
0
VERTEX
8
L4
10
-2.0777991386943313
20
-53.52257914998805
0
VERTEX
8
L4
10
-2.0913410963377856
20
-53.58742533242334
0
VERTEX
8
L4
10
-2.095807672725684
20
-53.653519671731765
0
VERTEX
8
L4
10
-2.0911134526648425
20
-53.719598233242046
0
VERTEX
8
L4
10
-2.077348204621856
20
-53.784397384004706
0
VERTEX
8
L4
10
-2.0547751640635283
20
-53.84667795748633
0
VERTEX
8
L4
10
-2.0238259995547736
20
-53.905248950387744
0
VERTEX
8
L4
10
-1.9850925578782466
20
-53.95899029842757
0
VERTEX
8
L4
10
-1.9393155460352602
20
-54.00687429554534
0
VERTEX
8
L4
10
-1.8873703665644115
20
-54.04798524692072
0
VERTEX
8
L4
10
-1.8302503770516552
20
-54.08153697998042
0
VERTEX
8
L4
10
-1.7690478939635028
20
-54.10688787852644
0
VERTEX
8
L4
10
-1.70493330407065
20
-54.123553152485144
0
VERTEX
8
L4
10
-1.6391326829183015
20
-54.13121410864037
0
VERTEX
8
L4
10
-1.5729043483493825
20
-54.129724245064715
0
VERTEX
8
L4
10
-1.5075147974521457
20
-54.11911205270381
0
VERTEX
8
L4
10
-1.444214487094527
20
-54.099580470538584
0
VERTEX
8
L4
10
-1.3842139211986932
20
-54.071503004744336
0
VERTEX
8
L4
10
-1.3286605020433768
20
-54.03541658606083
0
VERTEX
8
L4
10
-1.2786165882710065
20
-53.99201130196327
0
VERTEX
8
L4
10
-1.2350391792005269
20
-53.94211719998766
0
VERTEX
8
L4
10
-1.198761613946715
20
-53.88668841457339
0
VERTEX
8
L4
10
-1.1704776353170985
20
-53.82678492096804
0
VERTEX
8
L4
10
-1.1507281232358366
20
-53.76355226511839
0
VERTEX
8
L4
10
-1.1398907513936365
20
-53.698199657176545
0
VERTEX
8
L4
10
-1.1381727649216344
20
-53.631976847543235
0
VERTEX
8
L4
10
-1.1456070172031758
20
-53.56615022765234
0
VERTEX
8
L4
10
-1.1620513416123117
20
-53.5019786125256
0
VERTEX
8
L4
10
-1.187191270193324
20
-53.44068916821266
0
VERTEX
8
L4
10
-1.2205460472915064
20
-53.383453944460335
0
VERTEX
8
L4
10
-1.2124742076543953
20
-53.35440041507274
0
VERTEX
8
L4
10
-1.2138322977053377
20
-53.32427703949137
0
VERTEX
8
L4
10
-1.224485790070304
20
-53.296067727811845
0
VERTEX
8
L4
10
-1.243379389225197
20
-53.272566790043804
0
VERTEX
8
L4
10
-1.2686415651647422
20
-53.256102142103366
0
VERTEX
8
L4
10
-1.2977699402380694
20
-53.24830471107828
0
VERTEX
8
L4
10
-1.3278791654172721
20
-53.24994688162687
0
VERTEX
8
L4
10
-1.3559867322932178
20
-53.260865986412405
0
VERTEX
8
L4
10
-1.3793084093199184
20
-53.27998041932749
0
VERTEX
8
L4
10
-1.3955340374868541
20
-53.30539677539186
0
VERTEX
8
L4
10
-1.4030563661203956
20
-53.33459740444214
0
VERTEX
8
L4
10
-1.4011302611869496
20
-53.36468980023889
0
VERTEX
8
L4
10
-1.38994651551252
20
-53.392693121429296
0
VERTEX
8
L4
10
-1.3706129495515285
20
-53.41583346265917
0
VERTEX
8
L4
10
-1.3450446747927174
20
-53.43181862737088
0
VERTEX
8
L4
10
-1.3157743899030692
20
-53.43906518431069
0
VERTEX
8
L4
10
-1.285701500971669
20
-53.43685531636834
0
VERTEX
8
L4
10
-1.256509096446436
20
-53.49019771942116
0
VERTEX
8
L4
10
-1.2358453139194125
20
-53.54738702381536
0
VERTEX
8
L4
10
-1.2241993414117331
20
-53.60706934757848
0
VERTEX
8
L4
10
-1.221846882088471
20
-53.66783178976564
0
VERTEX
8
L4
10
-1.2288436273468477
20
-53.72823587904116
0
VERTEX
8
L4
10
-1.245023938395292
20
-53.786851627605785
0
VERTEX
8
L4
10
-1.270004767535113
20
-53.84229138428727
0
VERTEX
8
L4
10
-1.3031947263137766
20
-53.893242685366694
0
VERTEX
8
L4
10
-1.343808085872837
20
-53.9384993254402
0
VERTEX
8
L4
10
-1.3908833780508871
20
-53.976989912754064
0
VERTEX
8
L4
10
-1.4433061568846313
20
-54.00780323300302
0
VERTEX
8
L4
10
-1.4998353816591816
20
-54.03020982113694
0
VERTEX
8
L4
10
-1.559132796923663
20
-54.04367923049173
0
VERTEX
8
L4
10
-1.6197946139383959
20
-54.0478925904202
0
VERTEX
8
L4
10
-1.680384743537033
20
-54.042750155137504
0
VERTEX
8
L4
10
-1.7394687936590145
20
-54.02837366507217
0
VERTEX
8
L4
10
-1.7956480267053223
20
-54.00510346482068
0
VERTEX
8
L4
10
-1.8475924728213897
20
-53.97349044593431
0
VERTEX
8
L4
10
-1.8940724151937616
20
-53.93428300528235
0
VERTEX
8
L4
10
-1.9339875019869766
20
-53.88840932773515
0
VERTEX
8
L4
10
-1.9663927957339808
20
-53.83695541260144
0
VERTEX
8
L4
10
-1.990521143494533
20
-53.78113936401538
0
VERTEX
8
L4
10
-2.005801338197614
20
-53.722282553914496
0
VERTEX
8
L4
10
-2.0118716412215605
20
-53.66177834028757
0
VERTEX
8
L4
10
-2.0085883460828455
20
-53.6010590812469
0
VERTEX
8
L4
10
-1.9960291804989936
20
-53.54156222582367
0
VERTEX
8
L4
10
-1.9744914662866222
20
-53.48469628424242
0
VERTEX
8
L4
10
-1.944485080656321
20
-53.43180748328399
0
VERTEX
8
L4
10
-1.9067203855366301
20
-53.38414789612744
0
VERTEX
8
L4
10
-1.862091410684684
20
-53.34284580115539
0
VERTEX
8
L4
10
-1.8116546887011253
20
-53.308878971439206
0
VERTEX
8
L4
10
-1.7566042430028261
20
-53.283051527240545
0
VERTEX
8
L4
10
-1.6982433208804508
20
-53.26597489951604
0
SEQEND
0
POLYLINE
8
L4
66
1
70
1
0
VERTEX
8
L4
10
-1.4236406968133224
20
-55.25211064737069
0
VERTEX
8
L4
10
-1.4034142450359752
20
-55.274161417137556
0
VERTEX
8
L4
10
-1.3773719539985052
20
-55.28889725360285
0
VERTEX
8
L4
10
-1.3480539947689039
20
-55.294880819882565
0
VERTEX
8
L4
10
-1.3183200478453756
20
-55.29152847754316
0
VERTEX
8
L4
10
-1.291070369261604
20
-55.2791672148288
0
VERTEX
8
L4
10
-1.2689628989450483
20
-55.25900275215272
0
VERTEX
8
L4
10
-1.2541540046440218
20
-55.233001935850275
0
VERTEX
8
L4
10
-1.248088149320651
20
-55.203700891534275
0
VERTEX
8
L4
10
-1.2513569979007428
20
-55.17395764981834
0
VERTEX
8
L4
10
-1.2636417061406746
20
-55.14667337335236
0
VERTEX
8
L4
10
-1.2837440207682818
20
-55.124509376749195
0
VERTEX
8
L4
10
-1.3097031573831543
20
-55.10962754134416
0
VERTEX
8
L4
10
-1.3389870558188335
20
-55.10347944479149
0
VERTEX
8
L4
10
-1.3687393578748157
20
-55.106664773845445
0
VERTEX
8
L4
10
-1.3960580171535497
20
-55.11887283077622
0
VERTEX
8
L4
10
-1.418278365334686
20
-55.138912838898
0
VERTEX
8
L4
10
-1.4332330245370315
20
-55.164830091201324
0
VERTEX
8
L4
10
-1.439463313856379
20
-55.19409661292512
0
VERTEX
8
L4
10
-1.503438999528015
20
-55.22259824295422
0
VERTEX
8
L4
10
-1.5630697738230168
20
-55.25933245083255
0
VERTEX
8
L4
10
-1.6173022265034405
20
-55.30365030668928
0
VERTEX
8
L4
10
-1.66517831163479
20
-55.354768911364744
0
VERTEX
8
L4
10
-1.7058522719914322
20
-55.41178522675235
0
VERTEX
8
L4
10
-1.7386055798204296
20
-55.473692028460476
0
VERTEX
8
L4
10
-1.76285963002735
20
-55.53939569898223
0
VERTEX
8
L4
10
-1.7781859615515572
20
-55.60773554704675
0
VERTEX
8
L4
10
-1.784313826365235
20
-55.677504311865235
0
VERTEX
8
L4
10
-1.781134972385317
20
-55.747469490053
0
VERTEX
8
L4
10
-1.7687055558057665
20
-55.81639510847578
0
VERTEX
8
L4
10
-1.7472451490676946
20
-55.88306355839107
0
VERTEX
8
L4
10
-1.7171328619920843
20
-55.94629710517241
0
VERTEX
8
L4
10
-1.6789006445975332
20
-56.004978693635636
0
VERTEX
8
L4
10
-1.6332238899121876
20
-56.05807168142957
0
VERTEX
8
L4
10
-1.5809095027866533
20
-56.104638151890086
0
VERTEX
8
L4
10
-1.522881645478435
20
-56.14385548285088
0
VERTEX
8
L4
10
-1.4601654118203555
20
-56.17503087871392
0
VERTEX
8
L4
10
-1.3938687183773624
20
-56.19761360906251
0
VERTEX
8
L4
10
-1.3251627324945332
20
-56.21120473761531
0
VERTEX
8
L4
10
-1.2552611829854357
20
-56.21556416965392
0
VERTEX
8
L4
10
-1.1853989189489482
20
-56.210614893427355
0
VERTEX
8
L4
10
-1.1168100954845528
20
-56.19644434060674
0
VERTEX
8
L4
10
-1.0507063716676583
20
-56.17330284175705
0
VERTEX
8
L4
10
-0.9882555059293594
20
-56.141599204110754
0
VERTEX
8
L4
10
-0.9305607269651688
20
-56.10189348976453
0
VERTEX
8
L4
10
-0.8786412445967926
20
-56.054887121875986
0
VERTEX
8
L4
10
-0.8334142448732962
20
-56.00141049364008
0
VERTEX
8
L4
10
-0.7956786874778885
20
-55.94240829893913
0
VERTEX
8
L4
10
-0.7661011916682412
20
-55.87892284380882
0
VERTEX
8
L4
10
-0.7452042600827724
20
-55.81207563353208
0
VERTEX
8
L4
10
-0.7333570484457397
20
-55.7430475606349
0
VERTEX
8
L4
10
-0.7307688442295728
20
-55.673058043774105
0
VERTEX
8
L4
10
-0.7374853694771417
20
-55.60334348603995
0
VERTEX
8
L4
10
-0.753387973096892
20
-55.535135433219295
0
VERTEX
8
L4
10
-0.7781957268993125
20
-55.469638817865906
0
VERTEX
8
L4
10
-0.8114703883469616
20
-55.40801067350787
0
VERTEX
8
L4
10
-0.8526241423485743
20
-55.351339695017586
0
VERTEX
8
L4
10
-0.8433864703101648
20
-55.3228789990647
0
VERTEX
8
L4
10
-0.8433789589326608
20
-55.29295667057256
0
VERTEX
8
L4
10
-0.8526023408775814
20
-55.26449134035648
0
VERTEX
8
L4
10
-0.8701569653449042
20
-55.240259523284216
0
VERTEX
8
L4
10
-0.8943305502194647
20
-55.22262479637608
0
VERTEX
8
L4
10
-0.9227651984629546
20
-55.21330725495778
0
VERTEX
8
L4
10
-0.9526873879342617
20
-55.21321573416604
0
VERTEX
8
L4
10
-0.9811785013782099
20
-55.22235916095997
0
VERTEX
8
L4
10
-1.0054595090250729
20
-55.23984568338342
0
VERTEX
8
L4
10
-1.0231620357945275
20
-55.26396966201027
0
VERTEX
8
L4
10
-1.0325593731467961
20
-55.29237803840703
0
VERTEX
8
L4
10
-1.0327349026313755
20
-55.32229985299459
0
VERTEX
8
L4
10
-1.0236715030618768
20
-55.350816525084014
0
VERTEX
8
L4
10
-1.0062532205205486
20
-55.375146531909394
0
VERTEX
8
L4
10
-0.9821790382996909
20
-55.39291671899927
0
VERTEX
8
L4
10
-0.9537971576798725
20
-55.4023937782106
0
VERTEX
8
L4
10
-0.9238759538360313
20
-55.40265331500438
0
VERTEX
8
L4
10
-0.8953339478850069
20
-55.39367001410194
0
VERTEX
8
L4
10
-0.8577711709060196
20
-55.44700455113542
0
VERTEX
8
L4
10
-0.8280057454885537
20
-55.50505241504673
0
VERTEX
8
L4
10
-0.8066183157136493
20
-55.56668124679431
0
VERTEX
8
L4
10
-0.794026093307096
20
-55.630688832202694
0
VERTEX
8
L4
10
-0.7904747189511738
20
-55.6958265539554
0
VERTEX
8
L4
10
-0.7960334704898884
20
-55.76082374878932
0
VERTEX
8
L4
10
-0.8105939115030054
20
-55.82441249474685
0
VERTEX
8
L4
10
-0.8338720066114718
20
-55.88535234495236
0
VERTEX
8
L4
10
-0.8654136622502477
20
-55.942454525423095
0
VERTEX
8
L4
10
-0.9046035848229508
20
-55.994605124879804
0
VERTEX
8
L4
10
-0.950677283439262
20
-56.0407868241855
0
VERTEX
8
L4
10
-1.0027359830936717
20
-56.080098741529234
0
VERTEX
8
L4
10
-1.059764157369301
20
-56.111774006227975
0
VERTEX
8
L4
10
-1.1206493386504377
20
-56.13519471832886
0
VERTEX
8
L4
10
-1.1842038193992437
20
-56.14990400218962
0
VERTEX
8
L4
10
-1.2491878211629768
20
-56.15561491890411
0
VERTEX
8
L4
10
-1.3143336793456228
20
-56.15221606371526
0
VERTEX
8
L4
10
-1.378370571964041
20
-56.139773739224836
0
VERTEX
8
L4
10
-1.4400493099962262
20
-56.118530662006464
0
VERTEX
8
L4
10
-1.4981667057281527
20
-56.08890122785247
0
VERTEX
8
L4
10
-1.5515890437378772
20
-56.05146342801696
0
VERTEX
8
L4
10
-1.5992741966603035
20
-56.00694757414766
0
VERTEX
8
L4
10
-1.6402919543133265
20
-55.956222051853004
0
VERTEX
8
L4
10
-1.673842169618112
20
-55.900276380814475
0
VERTEX
8
L4
10
-1.6992703673349467
20
-55.84020191189613
0
VERTEX
8
L4
10
-1.71608051113013
20
-55.77717053779931
0
VERTEX
8
L4
10
-1.7239446799220843
20
-55.71241183256086
0
VERTEX
8
L4
10
-1.722709464747311
20
-55.647189065842326
0
VERTEX
8
L4
10
-1.7123989613601935
20
-55.58277455990731
0
VERTEX
8
L4
10
-1.693214300189112
20
-55.52042487000673
0
VERTEX
8
L4
10
-1.6655297228179933
20
-55.46135627233647
0
VERTEX
8
L4
10
-1.6298852815310596
20
-55.40672103773195
0
VERTEX
8
L4
10
-1.586976304332694
20
-55.35758495393666
0
VERTEX
8
L4
10
-1.5376398309521733
20
-55.31490653492515
0
VERTEX
8
L4
10
-1.4828382844305423
20
-55.279518322851274
0
VERTEX
8
L4
10
-1.4236406968133224
20
-55.25211064737069
0
SEQEND
0
POLYLINE
8
L4
66
1
70
1
0
VERTEX
8
L4
10
-4.029835201129586
20
-55.03571161799284
0
VERTEX
8
L4
10
-4.039624665546086
20
-55.036353253389805
0
VERTEX
8
L4
10
-4.049246629512268
20
-55.03826718102116
0
VERTEX
8
L4
10
-4.058536458556958
20
-55.041420653054494
0
VERTEX
8
L4
10
-4.0673352011295805
20
-55.04575971270901
0
VERTEX
8
L4
10
-4.075492308305243
20
-55.051210117470994
0
VERTEX
8
L4
10
-4.082868209718569
20
-55.057678609403844
0
VERTEX
8
L4
10
-4.089336701651419
20
-55.065054510817184
0
VERTEX
8
L4
10
-4.0947871064134205
20
-55.07321161799284
0
VERTEX
8
L4
10
-4.099126166067933
20
-55.082010360565455
0
VERTEX
8
L4
10
-4.102279638101265
20
-55.09130018961015
0
VERTEX
8
L4
10
-4.104193565732615
20
-55.100922153576334
0
VERTEX
8
L4
10
-4.104835201129589
20
-55.11071161799284
0
VERTEX
8
L4
10
-4.104193565732615
20
-55.12050108240934
0
VERTEX
8
L4
10
-4.102279638101265
20
-55.13012304637553
0
VERTEX
8
L4
10
-4.099126166067933
20
-55.13941287542022
0
VERTEX
8
L4
10
-4.0947871064134205
20
-55.148211617992835
0
VERTEX
8
L4
10
-4.089336701651419
20
-55.15636872516849
0
VERTEX
8
L4
10
-4.082868209718569
20
-55.16374462658183
0
VERTEX
8
L4
10
-4.075492308305243
20
-55.17021311851468
0
VERTEX
8
L4
10
-4.0673352011295805
20
-55.17566352327667
0
VERTEX
8
L4
10
-4.058536458556958
20
-55.18000258293119
0
VERTEX
8
L4
10
-4.049246629512268
20
-55.18315605496452
0
VERTEX
8
L4
10
-4.039624665546086
20
-55.18506998259588
0
VERTEX
8
L4
10
-4.029835201129586
20
-55.18571161799284
0
VERTEX
8
L4
10
-4.020045736713072
20
-55.18506998259588
0
VERTEX
8
L4
10
-4.01042377274689
20
-55.18315605496452
0
VERTEX
8
L4
10
-4.0011339437022
20
-55.18000258293119
0
VERTEX
8
L4
10
-3.9923352011295776
20
-55.17566352327667
0
VERTEX
8
L4
10
-3.984178093953929
20
-55.17021311851468
0
VERTEX
8
L4
10
-3.976802192540589
20
-55.16374462658183
0
VERTEX
8
L4
10
-3.970333700607739
20
-55.15636872516849
0
VERTEX
8
L4
10
-3.964883295845752
20
-55.148211617992835
0
VERTEX
8
L4
10
-3.9605442361912395
20
-55.13941287542022
0
VERTEX
8
L4
10
-3.957390764157907
20
-55.13012304637553
0
VERTEX
8
L4
10
-3.955476836526543
20
-55.12050108240934
0
VERTEX
8
L4
10
-3.9548352011295833
20
-55.11071161799284
0
VERTEX
8
L4
10
-3.955476836526543
20
-55.100922153576334
0
VERTEX
8
L4
10
-3.957390764157907
20
-55.09130018961015
0
VERTEX
8
L4
10
-3.9605442361912395
20
-55.082010360565455
0
VERTEX
8
L4
10
-3.964883295845752
20
-55.07321161799284
0
VERTEX
8
L4
10
-3.970333700607739
20
-55.065054510817184
0
VERTEX
8
L4
10
-3.976802192540589
20
-55.05767860940385
0
VERTEX
8
L4
10
-3.984178093953929
20
-55.051210117470994
0
VERTEX
8
L4
10
-3.9923352011295776
20
-55.04575971270901
0
VERTEX
8
L4
10
-4.0011339437022
20
-55.041420653054494
0
VERTEX
8
L4
10
-4.01042377274689
20
-55.03826718102116
0
VERTEX
8
L4
10
-4.020045736713072
20
-55.036353253389805
0
VERTEX
8
L4
10
-4.029835201129586
20
-55.03571161799284
0
SEQEND
0
POLYLINE
8
L4
66
1
70
1
0
VERTEX
8
L4
10
-7.245508982035929
20
-53.577694610778444
0
VERTEX
8
L4
10
-7.255298446452429
20
-53.57833624617541
0
VERTEX
8
L4
10
-7.264920410418625
20
-53.58025017380676
0
VERTEX
8
L4
10
-7.274210239463315
20
-53.5834036458401
0
VERTEX
8
L4
10
-7.283008982035938
20
-53.58774270549461
0
VERTEX
8
L4
10
-7.291166089211586
20
-53.5931931102566
0
VERTEX
8
L4
10
-7.298541990624926
20
-53.59966160218946
0
VERTEX
8
L4
10
-7.305010482557776
20
-53.60703750360279
0
VERTEX
8
L4
10
-7.310460887319763
20
-53.615194610778445
0
VERTEX
8
L4
10
-7.314799946974276
20
-53.62399335335106
0
VERTEX
8
L4
10
-7.317953419007608
20
-53.63328318239576
0
VERTEX
8
L4
10
-7.319867346638972
20
-53.64290514636194
0
VERTEX
8
L4
10
-7.320508982035932
20
-53.65269461077845
0
VERTEX
8
L4
10
-7.319867346638972
20
-53.662484075194946
0
VERTEX
8
L4
10
-7.317953419007608
20
-53.672106039161136
0
VERTEX
8
L4
10
-7.314799946974276
20
-53.681395868205826
0
VERTEX
8
L4
10
-7.310460887319763
20
-53.69019461077844
0
VERTEX
8
L4
10
-7.305010482557776
20
-53.6983517179541
0
VERTEX
8
L4
10
-7.298541990624926
20
-53.70572761936744
0
VERTEX
8
L4
10
-7.291166089211586
20
-53.71219611130029
0
VERTEX
8
L4
10
-7.283008982035938
20
-53.717646516062274
0
VERTEX
8
L4
10
-7.274210239463315
20
-53.72198557571679
0
VERTEX
8
L4
10
-7.264920410418625
20
-53.725139047750126
0
VERTEX
8
L4
10
-7.255298446452429
20
-53.72705297538148
0
VERTEX
8
L4
10
-7.245508982035929
20
-53.72769461077844
0
VERTEX
8
L4
10
-7.2357195176194296
20
-53.72705297538148
0
VERTEX
8
L4
10
-7.226097553653247
20
-53.725139047750126
0
VERTEX
8
L4
10
-7.216807724608543
20
-53.72198557571679
0
VERTEX
8
L4
10
-7.208008982035935
20
-53.717646516062274
0
VERTEX
8
L4
10
-7.199851874860272
20
-53.71219611130029
0
VERTEX
8
L4
10
-7.192475973446946
20
-53.70572761936744
0
VERTEX
8
L4
10
-7.186007481514082
20
-53.6983517179541
0
VERTEX
8
L4
10
-7.180557076752095
20
-53.69019461077844
0
VERTEX
8
L4
10
-7.1762180170975824
20
-53.681395868205826
0
VERTEX
8
L4
10
-7.17306454506425
20
-53.672106039161136
0
VERTEX
8
L4
10
-7.1711506174329
20
-53.662484075194946
0
VERTEX
8
L4
10
-7.170508982035926
20
-53.65269461077845
0
VERTEX
8
L4
10
-7.1711506174329
20
-53.64290514636194
0
VERTEX
8
L4
10
-7.17306454506425
20
-53.63328318239576
0
VERTEX
8
L4
10
-7.1762180170975824
20
-53.62399335335106
0
VERTEX
8
L4
10
-7.180557076752095
20
-53.615194610778445
0
VERTEX
8
L4
10
-7.186007481514082
20
-53.60703750360279
0
VERTEX
8
L4
10
-7.192475973446946
20
-53.59966160218946
0
VERTEX
8
L4
10
-7.199851874860272
20
-53.5931931102566
0
VERTEX
8
L4
10
-7.208008982035935
20
-53.58774270549461
0
VERTEX
8
L4
10
-7.216807724608543
20
-53.5834036458401
0
VERTEX
8
L4
10
-7.226097553653247
20
-53.58025017380677
0
VERTEX
8
L4
10
-7.2357195176194296
20
-53.57833624617541
0
VERTEX
8
L4
10
-7.245508982035929
20
-53.577694610778444
0
SEQEND
0
POLYLINE
8
L4
66
1
70
1
0
VERTEX
8
L4
10
-9.52095808383234
20
-55.61362275449102
0
VERTEX
8
L4
10
-9.53074754824884
20
-55.614264389887985
0
VERTEX
8
L4
10
-9.540369512215037
20
-55.61617831751934
0
VERTEX
8
L4
10
-9.549659341259726
20
-55.619331789552675
0
VERTEX
8
L4
10
-9.558458083832349
20
-55.62367084920719
0
VERTEX
8
L4
10
-9.566615191007998
20
-55.62912125396918
0
VERTEX
8
L4
10
-9.573991092421338
20
-55.63558974590203
0
VERTEX
8
L4
10
-9.580459584354188
20
-55.642965647315364
0
VERTEX
8
L4
10
-9.585909989116175
20
-55.65112275449102
0
VERTEX
8
L4
10
-9.590249048770687
20
-55.65992149706364
0
VERTEX
8
L4
10
-9.59340252080402
20
-55.66921132610833
0
VERTEX
8
L4
10
-9.595316448435383
20
-55.678833290074515
0
VERTEX
8
L4
10
-9.595958083832343
20
-55.68862275449102
0
VERTEX
8
L4
10
-9.595316448435383
20
-55.69841221890753
0
VERTEX
8
L4
10
-9.59340252080402
20
-55.70803418287371
0
VERTEX
8
L4
10
-9.590249048770687
20
-55.7173240119184
0
VERTEX
8
L4
10
-9.585909989116175
20
-55.72612275449102
0
VERTEX
8
L4
10
-9.580459584354188
20
-55.73427986166668
0
VERTEX
8
L4
10
-9.573991092421338
20
-55.74165576308001
0
VERTEX
8
L4
10
-9.566615191007998
20
-55.74812425501286
0
VERTEX
8
L4
10
-9.558458083832349
20
-55.753574659774856
0
VERTEX
8
L4
10
-9.549659341259726
20
-55.75791371942937
0
VERTEX
8
L4
10
-9.540369512215037
20
-55.7610671914627
0
VERTEX
8
L4
10
-9.53074754824884
20
-55.76298111909406
0
VERTEX
8
L4
10
-9.52095808383234
20
-55.763622754491024
0
VERTEX
8
L4
10
-9.511168619415841
20
-55.76298111909406
0
VERTEX
8
L4
10
-9.501546655449658
20
-55.7610671914627
0
VERTEX
8
L4
10
-9.492256826404954
20
-55.75791371942937
0
VERTEX
8
L4
10
-9.483458083832346
20
-55.753574659774856
0
VERTEX
8
L4
10
-9.475300976656683
20
-55.74812425501286
0
VERTEX
8
L4
10
-9.467925075243357
20
-55.74165576308001
0
VERTEX
8
L4
10
-9.461456583310493
20
-55.73427986166668
0
VERTEX
8
L4
10
-9.456006178548506
20
-55.72612275449102
0
VERTEX
8
L4
10
-9.451667118893994
20
-55.7173240119184
0
VERTEX
8
L4
10
-9.448513646860661
20
-55.70803418287371
0
VERTEX
8
L4
10
-9.446599719229312
20
-55.69841221890753
0
VERTEX
8
L4
10
-9.445958083832338
20
-55.68862275449102
0
VERTEX
8
L4
10
-9.446599719229312
20
-55.678833290074515
0
VERTEX
8
L4
10
-9.448513646860661
20
-55.66921132610833
0
VERTEX
8
L4
10
-9.451667118893994
20
-55.65992149706364
0
VERTEX
8
L4
10
-9.456006178548506
20
-55.65112275449102
0
VERTEX
8
L4
10
-9.461456583310493
20
-55.642965647315364
0
VERTEX
8
L4
10
-9.467925075243357
20
-55.63558974590203
0
VERTEX
8
L4
10
-9.475300976656683
20
-55.62912125396918
0
VERTEX
8
L4
10
-9.483458083832346
20
-55.62367084920719
0
VERTEX
8
L4
10
-9.492256826404954
20
-55.619331789552675
0
VERTEX
8
L4
10
-9.501546655449658
20
-55.61617831751934
0
VERTEX
8
L4
10
-9.511168619415841
20
-55.614264389887985
0
VERTEX
8
L4
10
-9.52095808383234
20
-55.61362275449102
0
SEQEND
0
POLYLINE
8
L4
66
1
70
1
0
VERTEX
8
L4
10
-7.245508982035929
20
-53.14056886227545
0
VERTEX
8
L4
10
-7.255298446452429
20
-53.14121049767241
0
VERTEX
8
L4
10
-7.264920410418625
20
-53.14312442530377
0
VERTEX
8
L4
10
-7.274210239463315
20
-53.1462778973371
0
VERTEX
8
L4
10
-7.283008982035938
20
-53.15061695699162
0
VERTEX
8
L4
10
-7.291166089211586
20
-53.15606736175361
0
VERTEX
8
L4
10
-7.298541990624926
20
-53.16253585368646
0
VERTEX
8
L4
10
-7.305010482557776
20
-53.1699117550998
0
VERTEX
8
L4
10
-7.310460887319763
20
-53.17806886227545
0
VERTEX
8
L4
10
-7.314799946974276
20
-53.18686760484807
0
VERTEX
8
L4
10
-7.317953419007608
20
-53.196157433892765
0
VERTEX
8
L4
10
-7.319867346638972
20
-53.20577939785895
0
VERTEX
8
L4
10
-7.320508982035932
20
-53.21556886227545
0
VERTEX
8
L4
10
-7.319867346638972
20
-53.22535832669195
0
VERTEX
8
L4
10
-7.317953419007608
20
-53.234980290658136
0
VERTEX
8
L4
10
-7.314799946974276
20
-53.24427011970283
0
VERTEX
8
L4
10
-7.310460887319763
20
-53.25306886227545
0
VERTEX
8
L4
10
-7.305010482557776
20
-53.261225969451104
0
VERTEX
8
L4
10
-7.298541990624926
20
-53.268601870864444
0
VERTEX
8
L4
10
-7.291166089211586
20
-53.275070362797294
0
VERTEX
8
L4
10
-7.283008982035938
20
-53.28052076755928
0
VERTEX
8
L4
10
-7.274210239463315
20
-53.28485982721379
0
VERTEX
8
L4
10
-7.264920410418625
20
-53.28801329924713
0
VERTEX
8
L4
10
-7.255298446452429
20
-53.28992722687848
0
VERTEX
8
L4
10
-7.245508982035929
20
-53.29056886227545
0
VERTEX
8
L4
10
-7.2357195176194296
20
-53.28992722687848
0
VERTEX
8
L4
10
-7.226097553653247
20
-53.28801329924713
0
VERTEX
8
L4
10
-7.216807724608543
20
-53.28485982721379
0
VERTEX
8
L4
10
-7.208008982035935
20
-53.28052076755928
0
VERTEX
8
L4
10
-7.199851874860272
20
-53.275070362797294
0
VERTEX
8
L4
10
-7.192475973446946
20
-53.268601870864444
0
VERTEX
8
L4
10
-7.186007481514082
20
-53.261225969451104
0
VERTEX
8
L4
10
-7.180557076752095
20
-53.25306886227545
0
VERTEX
8
L4
10
-7.1762180170975824
20
-53.24427011970283
0
VERTEX
8
L4
10
-7.17306454506425
20
-53.234980290658136
0
VERTEX
8
L4
10
-7.1711506174329
20
-53.22535832669195
0
VERTEX
8
L4
10
-7.170508982035926
20
-53.21556886227545
0
VERTEX
8
L4
10
-7.1711506174329
20
-53.20577939785895
0
VERTEX
8
L4
10
-7.17306454506425
20
-53.196157433892765
0
VERTEX
8
L4
10
-7.1762180170975824
20
-53.18686760484807
0
VERTEX
8
L4
10
-7.180557076752095
20
-53.17806886227545
0
VERTEX
8
L4
10
-7.186007481514082
20
-53.1699117550998
0
VERTEX
8
L4
10
-7.192475973446946
20
-53.16253585368646
0
VERTEX
8
L4
10
-7.199851874860272
20
-53.15606736175361
0
VERTEX
8
L4
10
-7.208008982035935
20
-53.15061695699162
0
VERTEX
8
L4
10
-7.216807724608543
20
-53.1462778973371
0
VERTEX
8
L4
10
-7.226097553653247
20
-53.14312442530377
0
VERTEX
8
L4
10
-7.2357195176194296
20
-53.14121049767241
0
VERTEX
8
L4
10
-7.245508982035929
20
-53.14056886227545
0
SEQEND
0
POLYLINE
8
L4
66
1
70
1
0
VERTEX
8
L4
10
-6.64670658682634
20
-55.61362275449102
0
VERTEX
8
L4
10
-6.656496051242854
20
-55.614264389887985
0
VERTEX
8
L4
10
-6.666118015209037
20
-55.61617831751934
0
VERTEX
8
L4
10
-6.675407844253726
20
-55.619331789552675
0
VERTEX
8
L4
10
-6.684206586826349
20
-55.62367084920719
0
VERTEX
8
L4
10
-6.6923636940019975
20
-55.62912125396918
0
VERTEX
8
L4
10
-6.699739595415338
20
-55.63558974590203
0
VERTEX
8
L4
10
-6.7062080873481875
20
-55.642965647315364
0
VERTEX
8
L4
10
-6.711658492110175
20
-55.65112275449102
0
VERTEX
8
L4
10
-6.715997551764687
20
-55.65992149706364
0
VERTEX
8
L4
10
-6.719151023798034
20
-55.66921132610833
0
VERTEX
8
L4
10
-6.721064951429383
20
-55.678833290074515
0
VERTEX
8
L4
10
-6.721706586826343
20
-55.68862275449102
0
VERTEX
8
L4
10
-6.721064951429383
20
-55.69841221890753
0
VERTEX
8
L4
10
-6.719151023798034
20
-55.70803418287371
0
VERTEX
8
L4
10
-6.715997551764687
20
-55.7173240119184
0
VERTEX
8
L4
10
-6.711658492110175
20
-55.72612275449102
0
VERTEX
8
L4
10
-6.7062080873481875
20
-55.73427986166668
0
VERTEX
8
L4
10
-6.699739595415338
20
-55.74165576308001
0
VERTEX
8
L4
10
-6.6923636940019975
20
-55.74812425501286
0
VERTEX
8
L4
10
-6.684206586826349
20
-55.753574659774856
0
VERTEX
8
L4
10
-6.675407844253726
20
-55.75791371942937
0
VERTEX
8
L4
10
-6.666118015209037
20
-55.7610671914627
0
VERTEX
8
L4
10
-6.656496051242854
20
-55.76298111909406
0
VERTEX
8
L4
10
-6.64670658682634
20
-55.763622754491024
0
VERTEX
8
L4
10
-6.636917122409841
20
-55.76298111909406
0
VERTEX
8
L4
10
-6.627295158443658
20
-55.7610671914627
0
VERTEX
8
L4
10
-6.618005329398969
20
-55.75791371942937
0
VERTEX
8
L4
10
-6.609206586826346
20
-55.753574659774856
0
VERTEX
8
L4
10
-6.6010494796506975
20
-55.74812425501286
0
VERTEX
8
L4
10
-6.5936735782373574
20
-55.74165576308001
0
VERTEX
8
L4
10
-6.5872050863045075
20
-55.73427986166668
0
VERTEX
8
L4
10
-6.58175468154252
20
-55.72612275449102
0
VERTEX
8
L4
10
-6.577415621888008
20
-55.7173240119184
0
VERTEX
8
L4
10
-6.574262149854661
20
-55.70803418287371
0
VERTEX
8
L4
10
-6.572348222223312
20
-55.69841221890753
0
VERTEX
8
L4
10
-6.571706586826352
20
-55.68862275449102
0
VERTEX
8
L4
10
-6.572348222223312
20
-55.678833290074515
0
VERTEX
8
L4
10
-6.574262149854661
20
-55.66921132610833
0
VERTEX
8
L4
10
-6.577415621888008
20
-55.65992149706364
0
VERTEX
8
L4
10
-6.58175468154252
20
-55.65112275449102
0
VERTEX
8
L4
10
-6.5872050863045075
20
-55.642965647315364
0
VERTEX
8
L4
10
-6.5936735782373574
20
-55.63558974590203
0
VERTEX
8
L4
10
-6.6010494796506975
20
-55.62912125396918
0
VERTEX
8
L4
10
-6.609206586826346
20
-55.62367084920719
0
VERTEX
8
L4
10
-6.618005329398969
20
-55.619331789552675
0
VERTEX
8
L4
10
-6.627295158443658
20
-55.61617831751934
0
VERTEX
8
L4
10
-6.636917122409841
20
-55.614264389887985
0
VERTEX
8
L4
10
-6.64670658682634
20
-55.61362275449102
0
SEQEND
0
POLYLINE
8
L4
66
1
70
1
0
VERTEX
8
L4
10
-9.161676646706596
20
-53.577694610778444
0
VERTEX
8
L4
10
-9.171466111123095
20
-53.57833624617541
0
VERTEX
8
L4
10
-9.181088075089278
20
-53.58025017380676
0
VERTEX
8
L4
10
-9.190377904133967
20
-53.5834036458401
0
VERTEX
8
L4
10
-9.19917664670659
20
-53.58774270549461
0
VERTEX
8
L4
10
-9.207333753882253
20
-53.5931931102566
0
VERTEX
8
L4
10
-9.214709655295579
20
-53.59966160218946
0
VERTEX
8
L4
10
-9.221178147228429
20
-53.60703750360279
0
VERTEX
8
L4
10
-9.22662855199043
20
-53.615194610778445
0
VERTEX
8
L4
10
-9.230967611644942
20
-53.62399335335106
0
VERTEX
8
L4
10
-9.234121083678275
20
-53.63328318239576
0
VERTEX
8
L4
10
-9.236035011309625
20
-53.64290514636194
0
VERTEX
8
L4
10
-9.236676646706599
20
-53.65269461077845
0
VERTEX
8
L4
10
-9.236035011309625
20
-53.662484075194946
0
VERTEX
8
L4
10
-9.234121083678275
20
-53.672106039161136
0
VERTEX
8
L4
10
-9.230967611644942
20
-53.681395868205826
0
VERTEX
8
L4
10
-9.22662855199043
20
-53.69019461077844
0
VERTEX
8
L4
10
-9.221178147228429
20
-53.6983517179541
0
VERTEX
8
L4
10
-9.214709655295579
20
-53.70572761936744
0
VERTEX
8
L4
10
-9.207333753882253
20
-53.71219611130029
0
VERTEX
8
L4
10
-9.19917664670659
20
-53.717646516062274
0
VERTEX
8
L4
10
-9.190377904133967
20
-53.72198557571679
0
VERTEX
8
L4
10
-9.181088075089278
20
-53.725139047750126
0
VERTEX
8
L4
10
-9.171466111123095
20
-53.72705297538148
0
VERTEX
8
L4
10
-9.161676646706596
20
-53.72769461077844
0
VERTEX
8
L4
10
-9.151887182290096
20
-53.72705297538148
0
VERTEX
8
L4
10
-9.1422652183239
20
-53.725139047750126
0
VERTEX
8
L4
10
-9.13297538927921
20
-53.72198557571679
0
VERTEX
8
L4
10
-9.124176646706587
20
-53.717646516062274
0
VERTEX
8
L4
10
-9.116019539530939
20
-53.71219611130029
0
VERTEX
8
L4
10
-9.108643638117599
20
-53.70572761936744
0
VERTEX
8
L4
10
-9.102175146184749
20
-53.6983517179541
0
VERTEX
8
L4
10
-9.096724741422761
20
-53.69019461077844
0
VERTEX
8
L4
10
-9.09238568176825
20
-53.681395868205826
0
VERTEX
8
L4
10
-9.089232209734917
20
-53.672106039161136
0
VERTEX
8
L4
10
-9.087318282103553
20
-53.662484075194946
0
VERTEX
8
L4
10
-9.086676646706593
20
-53.65269461077845
0
VERTEX
8
L4
10
-9.087318282103553
20
-53.64290514636194
0
VERTEX
8
L4
10
-9.089232209734917
20
-53.63328318239576
0
VERTEX
8
L4
10
-9.09238568176825
20
-53.62399335335106
0
VERTEX
8
L4
10
-9.096724741422761
20
-53.615194610778445
0
VERTEX
8
L4
10
-9.102175146184749
20
-53.60703750360279
0
VERTEX
8
L4
10
-9.108643638117599
20
-53.59966160218946
0
VERTEX
8
L4
10
-9.116019539530939
20
-53.5931931102566
0
VERTEX
8
L4
10
-9.124176646706587
20
-53.58774270549461
0
VERTEX
8
L4
10
-9.13297538927921
20
-53.5834036458401
0
VERTEX
8
L4
10
-9.1422652183239
20
-53.58025017380677
0
VERTEX
8
L4
10
-9.151887182290096
20
-53.57833624617541
0
VERTEX
8
L4
10
-9.161676646706596
20
-53.577694610778444
0
SEQEND
0
POLYLINE
8
L4
66
1
70
1
0
VERTEX
8
L4
10
-6.748607912642868
20
-55.03571161799284
0
VERTEX
8
L4
10
-6.7583973770593815
20
-55.036353253389805
0
VERTEX
8
L4
10
-6.768019341025564
20
-55.03826718102116
0
VERTEX
8
L4
10
-6.777309170070254
20
-55.041420653054494
0
VERTEX
8
L4
10
-6.786107912642876
20
-55.04575971270901
0
VERTEX
8
L4
10
-6.794265019818525
20
-55.051210117470994
0
VERTEX
8
L4
10
-6.801640921231865
20
-55.057678609403844
0
VERTEX
8
L4
10
-6.808109413164715
20
-55.065054510817184
0
VERTEX
8
L4
10
-6.813559817926702
20
-55.07321161799284
0
VERTEX
8
L4
10
-6.817898877581214
20
-55.082010360565455
0
VERTEX
8
L4
10
-6.821052349614547
20
-55.09130018961015
0
VERTEX
8
L4
10
-6.822966277245911
20
-55.100922153576334
0
VERTEX
8
L4
10
-6.823607912642871
20
-55.11071161799284
0
VERTEX
8
L4
10
-6.822966277245911
20
-55.12050108240934
0
VERTEX
8
L4
10
-6.821052349614547
20
-55.13012304637553
0
VERTEX
8
L4
10
-6.817898877581214
20
-55.13941287542022
0
VERTEX
8
L4
10
-6.813559817926702
20
-55.148211617992835
0
VERTEX
8
L4
10
-6.808109413164715
20
-55.15636872516849
0
VERTEX
8
L4
10
-6.801640921231865
20
-55.16374462658183
0
VERTEX
8
L4
10
-6.794265019818525
20
-55.17021311851468
0
VERTEX
8
L4
10
-6.786107912642876
20
-55.17566352327667
0
VERTEX
8
L4
10
-6.777309170070254
20
-55.18000258293119
0
VERTEX
8
L4
10
-6.768019341025564
20
-55.18315605496452
0
VERTEX
8
L4
10
-6.7583973770593815
20
-55.18506998259588
0
VERTEX
8
L4
10
-6.748607912642868
20
-55.18571161799284
0
VERTEX
8
L4
10
-6.738818448226368
20
-55.18506998259588
0
VERTEX
8
L4
10
-6.729196484260186
20
-55.18315605496452
0
VERTEX
8
L4
10
-6.719906655215496
20
-55.18000258293119
0
VERTEX
8
L4
10
-6.711107912642873
20
-55.17566352327667
0
VERTEX
8
L4
10
-6.702950805467211
20
-55.17021311851468
0
VERTEX
8
L4
10
-6.695574904053885
20
-55.16374462658183
0
VERTEX
8
L4
10
-6.689106412121035
20
-55.15636872516849
0
VERTEX
8
L4
10
-6.683656007359033
20
-55.148211617992835
0
VERTEX
8
L4
10
-6.679316947704521
20
-55.13941287542022
0
VERTEX
8
L4
10
-6.6761634756711885
20
-55.13012304637553
0
VERTEX
8
L4
10
-6.674249548039839
20
-55.12050108240934
0
VERTEX
8
L4
10
-6.673607912642865
20
-55.11071161799284
0
VERTEX
8
L4
10
-6.674249548039839
20
-55.100922153576334
0
VERTEX
8
L4
10
-6.6761634756711885
20
-55.09130018961015
0
VERTEX
8
L4
10
-6.679316947704521
20
-55.082010360565455
0
VERTEX
8
L4
10
-6.683656007359033
20
-55.07321161799284
0
VERTEX
8
L4
10
-6.689106412121035
20
-55.065054510817184
0
VERTEX
8
L4
10
-6.695574904053885
20
-55.05767860940385
0
VERTEX
8
L4
10
-6.702950805467211
20
-55.051210117470994
0
VERTEX
8
L4
10
-6.711107912642873
20
-55.04575971270901
0
VERTEX
8
L4
10
-6.719906655215496
20
-55.041420653054494
0
VERTEX
8
L4
10
-6.729196484260186
20
-55.03826718102116
0
VERTEX
8
L4
10
-6.738818448226368
20
-55.036353253389805
0
VERTEX
8
L4
10
-6.748607912642868
20
-55.03571161799284
0
SEQEND
0
POLYLINE
8
L4
66
1
70
1
0
VERTEX
8
L4
10
-5.389221556886227
20
-56.69146706586827
0
VERTEX
8
L4
10
-5.3990110213027265
20
-56.692108701265234
0
VERTEX
8
L4
10
-5.408632985268909
20
-56.69402262889659
0
VERTEX
8
L4
10
-5.417922814313613
20
-56.69717610092992
0
VERTEX
8
L4
10
-5.426721556886221
20
-56.701515160584435
0
VERTEX
8
L4
10
-5.434878664061884
20
-56.70696556534643
0
VERTEX
8
L4
10
-5.442254565475224
20
-56.71343405727928
0
VERTEX
8
L4
10
-5.448723057408074
20
-56.72080995869261
0
VERTEX
8
L4
10
-5.454173462170061
20
-56.72896706586827
0
VERTEX
8
L4
10
-5.458512521824574
20
-56.737765808440884
0
VERTEX
8
L4
10
-5.461665993857906
20
-56.74705563748558
0
VERTEX
8
L4
10
-5.463579921489256
20
-56.75667760145176
0
VERTEX
8
L4
10
-5.46422155688623
20
-56.76646706586827
0
VERTEX
8
L4
10
-5.463579921489256
20
-56.77625653028477
0
VERTEX
8
L4
10
-5.461665993857906
20
-56.78587849425096
0
VERTEX
8
L4
10
-5.458512521824574
20
-56.79516832329565
0
VERTEX
8
L4
10
-5.454173462170061
20
-56.80396706586827
0
VERTEX
8
L4
10
-5.448723057408074
20
-56.81212417304392
0
VERTEX
8
L4
10
-5.442254565475224
20
-56.81950007445726
0
VERTEX
8
L4
10
-5.434878664061884
20
-56.82596856639011
0
VERTEX
8
L4
10
-5.426721556886221
20
-56.831418971152104
0
VERTEX
8
L4
10
-5.417922814313613
20
-56.835758030806616
0
VERTEX
8
L4
10
-5.408632985268909
20
-56.83891150283995
0
VERTEX
8
L4
10
-5.3990110213027265
20
-56.840825430471305
0
VERTEX
8
L4
10
-5.389221556886227
20
-56.841467065868265
0
VERTEX
8
L4
10
-5.379432092469727
20
-56.840825430471305
0
VERTEX
8
L4
10
-5.369810128503545
20
-56.83891150283995
0
VERTEX
8
L4
10
-5.360520299458841
20
-56.835758030806616
0
VERTEX
8
L4
10
-5.351721556886233
20
-56.831418971152104
0
VERTEX
8
L4
10
-5.34356444971057
20
-56.82596856639011
0
VERTEX
8
L4
10
-5.33618854829723
20
-56.81950007445726
0
VERTEX
8
L4
10
-5.32972005636438
20
-56.81212417304392
0
VERTEX
8
L4
10
-5.324269651602393
20
-56.80396706586827
0
VERTEX
8
L4
10
-5.31993059194788
20
-56.79516832329565
0
VERTEX
8
L4
10
-5.316777119914548
20
-56.78587849425096
0
VERTEX
8
L4
10
-5.314863192283198
20
-56.77625653028477
0
VERTEX
8
L4
10
-5.314221556886224
20
-56.76646706586827
0
VERTEX
8
L4
10
-5.314863192283198
20
-56.75667760145176
0
VERTEX
8
L4
10
-5.316777119914548
20
-56.74705563748558
0
VERTEX
8
L4
10
-5.31993059194788
20
-56.737765808440884
0
VERTEX
8
L4
10
-5.324269651602393
20
-56.72896706586827
0
VERTEX
8
L4
10
-5.32972005636438
20
-56.72080995869261
0
VERTEX
8
L4
10
-5.33618854829723
20
-56.71343405727928
0
VERTEX
8
L4
10
-5.34356444971057
20
-56.70696556534643
0
VERTEX
8
L4
10
-5.351721556886233
20
-56.701515160584435
0
VERTEX
8
L4
10
-5.360520299458841
20
-56.69717610092992
0
VERTEX
8
L4
10
-5.369810128503545
20
-56.69402262889659
0
VERTEX
8
L4
10
-5.379432092469727
20
-56.692108701265234
0
VERTEX
8
L4
10
-5.389221556886227
20
-56.69146706586827
0
SEQEND
0
POLYLINE
8
L4
66
1
70
1
0
VERTEX
8
L4
10
-1.6167664670658581
20
-53.577694610778444
0
VERTEX
8
L4
10
-1.6265559314823577
20
-53.57833624617541
0
VERTEX
8
L4
10
-1.6361778954485544
20
-53.58025017380676
0
VERTEX
8
L4
10
-1.645467724493244
20
-53.5834036458401
0
VERTEX
8
L4
10
-1.6542664670658667
20
-53.58774270549461
0
VERTEX
8
L4
10
-1.6624235742415152
20
-53.5931931102566
0
VERTEX
8
L4
10
-1.6697994756548553
20
-53.59966160218946
0
VERTEX
8
L4
10
-1.6762679675877052
20
-53.60703750360279
0
VERTEX
8
L4
10
-1.6817183723496925
20
-53.615194610778445
0
VERTEX
8
L4
10
-1.6860574320042048
20
-53.62399335335106
0
VERTEX
8
L4
10
-1.6892109040375374
20
-53.63328318239576
0
VERTEX
8
L4
10
-1.6911248316689012
20
-53.64290514636194
0
VERTEX
8
L4
10
-1.691766467065861
20
-53.65269461077845
0
VERTEX
8
L4
10
-1.6911248316689012
20
-53.662484075194946
0
VERTEX
8
L4
10
-1.6892109040375374
20
-53.672106039161136
0
VERTEX
8
L4
10
-1.6860574320042048
20
-53.681395868205826
0
VERTEX
8
L4
10
-1.6817183723496925
20
-53.69019461077844
0
VERTEX
8
L4
10
-1.6762679675877052
20
-53.6983517179541
0
VERTEX
8
L4
10
-1.6697994756548553
20
-53.70572761936744
0
VERTEX
8
L4
10
-1.6624235742415152
20
-53.71219611130029
0
VERTEX
8
L4
10
-1.6542664670658667
20
-53.717646516062274
0
VERTEX
8
L4
10
-1.645467724493244
20
-53.72198557571679
0
VERTEX
8
L4
10
-1.6361778954485544
20
-53.725139047750126
0
VERTEX
8
L4
10
-1.6265559314823577
20
-53.72705297538148
0
VERTEX
8
L4
10
-1.6167664670658581
20
-53.72769461077844
0
VERTEX
8
L4
10
-1.6069770026493586
20
-53.72705297538148
0
VERTEX
8
L4
10
-1.597355038683176
20
-53.725139047750126
0
VERTEX
8
L4
10
-1.5880652096384864
20
-53.72198557571679
0
VERTEX
8
L4
10
-1.5792664670658638
20
-53.717646516062274
0
VERTEX
8
L4
10
-1.571109359890201
20
-53.71219611130029
0
VERTEX
8
L4
10
-1.5637334584768752
20
-53.70572761936744
0
VERTEX
8
L4
10
-1.5572649665440252
20
-53.6983517179541
0
VERTEX
8
L4
10
-1.5518145617820238
20
-53.69019461077844
0
VERTEX
8
L4
10
-1.5474755021275115
20
-53.681395868205826
0
VERTEX
8
L4
10
-1.544322030094179
20
-53.672106039161136
0
VERTEX
8
L4
10
-1.5424081024628293
20
-53.662484075194946
0
VERTEX
8
L4
10
-1.5417664670658553
20
-53.65269461077845
0
VERTEX
8
L4
10
-1.5424081024628293
20
-53.64290514636194
0
VERTEX
8
L4
10
-1.544322030094179
20
-53.63328318239576
0
VERTEX
8
L4
10
-1.5474755021275115
20
-53.62399335335106
0
VERTEX
8
L4
10
-1.5518145617820238
20
-53.615194610778445
0
VERTEX
8
L4
10
-1.5572649665440252
20
-53.60703750360279
0
VERTEX
8
L4
10
-1.5637334584768752
20
-53.59966160218946
0
VERTEX
8
L4
10
-1.571109359890201
20
-53.5931931102566
0
VERTEX
8
L4
10
-1.5792664670658638
20
-53.58774270549461
0
VERTEX
8
L4
10
-1.5880652096384864
20
-53.5834036458401
0
VERTEX
8
L4
10
-1.597355038683176
20
-53.58025017380677
0
VERTEX
8
L4
10
-1.6069770026493586
20
-53.57833624617541
0
VERTEX
8
L4
10
-1.6167664670658581
20
-53.577694610778444
0
SEQEND
0
POLYLINE
8
L4
66
1
70
1
0
VERTEX
8
L4
10
-5.389221556886227
20
-55.73338323353294
0
VERTEX
8
L4
10
-5.3990110213027265
20
-55.7340248689299
0
VERTEX
8
L4
10
-5.408632985268909
20
-55.73593879656126
0
VERTEX
8
L4
10
-5.417922814313613
20
-55.73909226859459
0
VERTEX
8
L4
10
-5.426721556886221
20
-55.7434313282491
0
VERTEX
8
L4
10
-5.434878664061884
20
-55.748881733011096
0
VERTEX
8
L4
10
-5.442254565475224
20
-55.755350224943946
0
VERTEX
8
L4
10
-5.448723057408074
20
-55.762726126357286
0
VERTEX
8
L4
10
-5.454173462170061
20
-55.770883233532935
0
VERTEX
8
L4
10
-5.458512521824574
20
-55.77968197610556
0
VERTEX
8
L4
10
-5.461665993857906
20
-55.78897180515025
0
VERTEX
8
L4
10
-5.463579921489256
20
-55.79859376911644
0
VERTEX
8
L4
10
-5.46422155688623
20
-55.808383233532936
0
VERTEX
8
L4
10
-5.463579921489256
20
-55.81817269794944
0
VERTEX
8
L4
10
-5.461665993857906
20
-55.827794661915625
0
VERTEX
8
L4
10
-5.458512521824574
20
-55.83708449096032
0
VERTEX
8
L4
10
-5.454173462170061
20
-55.84588323353294
0
VERTEX
8
L4
10
-5.448723057408074
20
-55.85404034070859
0
VERTEX
8
L4
10
-5.442254565475224
20
-55.861416242121926
0
VERTEX
8
L4
10
-5.434878664061884
20
-55.86788473405478
0
VERTEX
8
L4
10
-5.426721556886221
20
-55.87333513881677
0
VERTEX
8
L4
10
-5.417922814313613
20
-55.87767419847128
0
VERTEX
8
L4
10
-5.408632985268909
20
-55.880827670504615
0
VERTEX
8
L4
10
-5.3990110213027265
20
-55.88274159813597
0
VERTEX
8
L4
10
-5.389221556886227
20
-55.88338323353294
0
VERTEX
8
L4
10
-5.379432092469727
20
-55.88274159813597
0
VERTEX
8
L4
10
-5.369810128503545
20
-55.880827670504615
0
VERTEX
8
L4
10
-5.360520299458841
20
-55.87767419847128
0
VERTEX
8
L4
10
-5.351721556886233
20
-55.87333513881677
0
VERTEX
8
L4
10
-5.34356444971057
20
-55.86788473405478
0
VERTEX
8
L4
10
-5.33618854829723
20
-55.861416242121926
0
VERTEX
8
L4
10
-5.32972005636438
20
-55.85404034070859
0
VERTEX
8
L4
10
-5.324269651602393
20
-55.84588323353294
0
VERTEX
8
L4
10
-5.31993059194788
20
-55.83708449096032
0
VERTEX
8
L4
10
-5.316777119914548
20
-55.827794661915625
0
VERTEX
8
L4
10
-5.314863192283198
20
-55.81817269794944
0
VERTEX
8
L4
10
-5.314221556886224
20
-55.808383233532936
0
VERTEX
8
L4
10
-5.314863192283198
20
-55.79859376911644
0
VERTEX
8
L4
10
-5.316777119914548
20
-55.78897180515025
0
VERTEX
8
L4
10
-5.31993059194788
20
-55.77968197610556
0
VERTEX
8
L4
10
-5.324269651602393
20
-55.770883233532935
0
VERTEX
8
L4
10
-5.32972005636438
20
-55.762726126357286
0
VERTEX
8
L4
10
-5.33618854829723
20
-55.755350224943946
0
VERTEX
8
L4
10
-5.34356444971057
20
-55.748881733011096
0
VERTEX
8
L4
10
-5.351721556886233
20
-55.7434313282491
0
VERTEX
8
L4
10
-5.360520299458841
20
-55.73909226859459
0
VERTEX
8
L4
10
-5.369810128503545
20
-55.73593879656126
0
VERTEX
8
L4
10
-5.379432092469727
20
-55.7340248689299
0
VERTEX
8
L4
10
-5.389221556886227
20
-55.73338323353294
0
SEQEND
0
POLYLINE
8
L4
66
1
70
1
0
VERTEX
8
L4
10
-5.389221556886227
20
-54.77529940119761
0
VERTEX
8
L4
10
-5.3990110213027265
20
-54.775941036594574
0
VERTEX
8
L4
10
-5.408632985268909
20
-54.77785496422593
0
VERTEX
8
L4
10
-5.417922814313613
20
-54.78100843625926
0
VERTEX
8
L4
10
-5.426721556886221
20
-54.785347495913776
0
VERTEX
8
L4
10
-5.434878664061884
20
-54.79079790067576
0
VERTEX
8
L4
10
-5.442254565475224
20
-54.79726639260862
0
VERTEX
8
L4
10
-5.448723057408074
20
-54.80464229402195
0
VERTEX
8
L4
10
-5.454173462170061
20
-54.81279940119761
0
VERTEX
8
L4
10
-5.458512521824574
20
-54.821598143770224
0
VERTEX
8
L4
10
-5.461665993857906
20
-54.83088797281492
0
VERTEX
8
L4
10
-5.463579921489256
20
-54.8405099367811
0
VERTEX
8
L4
10
-5.46422155688623
20
-54.85029940119761
0
VERTEX
8
L4
10
-5.463579921489256
20
-54.86008886561411
0
VERTEX
8
L4
10
-5.461665993857906
20
-54.8697108295803
0
VERTEX
8
L4
10
-5.458512521824574
20
-54.87900065862499
0
VERTEX
8
L4
10
-5.454173462170061
20
-54.887799401197604
0
VERTEX
8
L4
10
-5.448723057408074
20
-54.89595650837326
0
VERTEX
8
L4
10
-5.442254565475224
20
-54.9033324097866
0
VERTEX
8
L4
10
-5.434878664061884
20
-54.90980090171945
0
VERTEX
8
L4
10
-5.426721556886221
20
-54.91525130648144
0
VERTEX
8
L4
10
-5.417922814313613
20
-54.91959036613596
0
VERTEX
8
L4
10
-5.408632985268909
20
-54.92274383816929
0
VERTEX
8
L4
10
-5.3990110213027265
20
-54.924657765800646
0
VERTEX
8
L4
10
-5.389221556886227
20
-54.925299401197606
0
VERTEX
8
L4
10
-5.379432092469727
20
-54.924657765800646
0
VERTEX
8
L4
10
-5.369810128503545
20
-54.92274383816929
0
VERTEX
8
L4
10
-5.360520299458841
20
-54.91959036613596
0
VERTEX
8
L4
10
-5.351721556886233
20
-54.91525130648144
0
VERTEX
8
L4
10
-5.34356444971057
20
-54.90980090171945
0
VERTEX
8
L4
10
-5.33618854829723
20
-54.9033324097866
0
VERTEX
8
L4
10
-5.32972005636438
20
-54.89595650837326
0
VERTEX
8
L4
10
-5.324269651602393
20
-54.887799401197604
0
VERTEX
8
L4
10
-5.31993059194788
20
-54.87900065862499
0
VERTEX
8
L4
10
-5.316777119914548
20
-54.8697108295803
0
VERTEX
8
L4
10
-5.314863192283198
20
-54.86008886561411
0
VERTEX
8
L4
10
-5.314221556886224
20
-54.85029940119761
0
VERTEX
8
L4
10
-5.314863192283198
20
-54.8405099367811
0
VERTEX
8
L4
10
-5.316777119914548
20
-54.83088797281492
0
VERTEX
8
L4
10
-5.31993059194788
20
-54.821598143770224
0
VERTEX
8
L4
10
-5.324269651602393
20
-54.81279940119761
0
VERTEX
8
L4
10
-5.32972005636438
20
-54.80464229402195
0
VERTEX
8
L4
10
-5.33618854829723
20
-54.79726639260862
0
VERTEX
8
L4
10
-5.34356444971057
20
-54.79079790067576
0
VERTEX
8
L4
10
-5.351721556886233
20
-54.785347495913776
0
VERTEX
8
L4
10
-5.360520299458841
20
-54.78100843625926
0
VERTEX
8
L4
10
-5.369810128503545
20
-54.77785496422593
0
VERTEX
8
L4
10
-5.379432092469727
20
-54.775941036594574
0
VERTEX
8
L4
10
-5.389221556886227
20
-54.77529940119761
0
SEQEND
0
POLYLINE
8
L4
66
1
70
1
0
VERTEX
8
L4
10
-1.2574850299401135
20
-55.61362275449102
0
VERTEX
8
L4
10
-1.267274494356613
20
-55.614264389887985
0
VERTEX
8
L4
10
-1.2768964583227955
20
-55.61617831751934
0
VERTEX
8
L4
10
-1.2861862873674994
20
-55.619331789552675
0
VERTEX
8
L4
10
-1.2949850299401078
20
-55.62367084920719
0
VERTEX
8
L4
10
-1.3031421371157705
20
-55.62912125396918
0
VERTEX
8
L4
10
-1.3105180385290964
20
-55.63558974590203
0
VERTEX
8
L4
10
-1.3169865304619606
20
-55.642965647315364
0
VERTEX
8
L4
10
-1.3224369352239478
20
-55.65112275449102
0
VERTEX
8
L4
10
-1.32677599487846
20
-55.65992149706364
0
VERTEX
8
L4
10
-1.3299294669117927
20
-55.66921132610833
0
VERTEX
8
L4
10
-1.3318433945431423
20
-55.678833290074515
0
VERTEX
8
L4
10
-1.3324850299401163
20
-55.68862275449102
0
VERTEX
8
L4
10
-1.3318433945431423
20
-55.69841221890753
0
VERTEX
8
L4
10
-1.3299294669117927
20
-55.70803418287371
0
VERTEX
8
L4
10
-1.32677599487846
20
-55.7173240119184
0
VERTEX
8
L4
10
-1.3224369352239478
20
-55.72612275449102
0
VERTEX
8
L4
10
-1.3169865304619606
20
-55.73427986166668
0
VERTEX
8
L4
10
-1.3105180385290964
20
-55.74165576308001
0
VERTEX
8
L4
10
-1.3031421371157705
20
-55.74812425501286
0
VERTEX
8
L4
10
-1.2949850299401078
20
-55.753574659774856
0
VERTEX
8
L4
10
-1.2861862873674994
20
-55.75791371942937
0
VERTEX
8
L4
10
-1.2768964583227955
20
-55.7610671914627
0
VERTEX
8
L4
10
-1.267274494356613
20
-55.76298111909406
0
VERTEX
8
L4
10
-1.2574850299401135
20
-55.763622754491024
0
VERTEX
8
L4
10
-1.247695565523614
20
-55.76298111909406
0
VERTEX
8
L4
10
-1.2380736015574172
20
-55.7610671914627
0
VERTEX
8
L4
10
-1.2287837725127275
20
-55.75791371942937
0
VERTEX
8
L4
10
-1.219985029940105
20
-55.753574659774856
0
VERTEX
8
L4
10
-1.2118279227644564
20
-55.74812425501286
0
VERTEX
8
L4
10
-1.2044520213511163
20
-55.74165576308001
0
VERTEX
8
L4
10
-1.1979835294182664
20
-55.73427986166668
0
VERTEX
8
L4
10
-1.1925331246562791
20
-55.72612275449102
0
VERTEX
8
L4
10
-1.1881940650017668
20
-55.7173240119184
0
VERTEX
8
L4
10
-1.1850405929684342
20
-55.70803418287371
0
VERTEX
8
L4
10
-1.1831266653370704
20
-55.69841221890753
0
VERTEX
8
L4
10
-1.1824850299401106
20
-55.68862275449102
0
VERTEX
8
L4
10
-1.1831266653370704
20
-55.678833290074515
0
VERTEX
8
L4
10
-1.1850405929684342
20
-55.66921132610833
0
VERTEX
8
L4
10
-1.1881940650017668
20
-55.65992149706364
0
VERTEX
8
L4
10
-1.1925331246562791
20
-55.65112275449102
0
VERTEX
8
L4
10
-1.1979835294182664
20
-55.642965647315364
0
VERTEX
8
L4
10
-1.2044520213511163
20
-55.63558974590203
0
VERTEX
8
L4
10
-1.2118279227644564
20
-55.62912125396918
0
VERTEX
8
L4
10
-1.219985029940105
20
-55.62367084920719
0
VERTEX
8
L4
10
-1.2287837725127275
20
-55.619331789552675
0
VERTEX
8
L4
10
-1.2380736015574172
20
-55.61617831751934
0
VERTEX
8
L4
10
-1.247695565523614
20
-55.614264389887985
0
VERTEX
8
L4
10
-1.2574850299401135
20
-55.61362275449102
0
SEQEND
0
POLYLINE
8
L4
66
1
70
1
0
VERTEX
8
L4
10
-5.389221556886227
20
-53.81721556886228
0
VERTEX
8
L4
10
-5.3990110213027265
20
-53.81785720425924
0
VERTEX
8
L4
10
-5.408632985268909
20
-53.8197711318906
0
VERTEX
8
L4
10
-5.417922814313613
20
-53.82292460392393
0
VERTEX
8
L4
10
-5.426721556886221
20
-53.82726366357844
0
VERTEX
8
L4
10
-5.434878664061884
20
-53.83271406834044
0
VERTEX
8
L4
10
-5.442254565475224
20
-53.83918256027329
0
VERTEX
8
L4
10
-5.448723057408074
20
-53.84655846168663
0
VERTEX
8
L4
10
-5.454173462170061
20
-53.854715568862275
0
VERTEX
8
L4
10
-5.458512521824574
20
-53.8635143114349
0
VERTEX
8
L4
10
-5.461665993857906
20
-53.87280414047959
0
VERTEX
8
L4
10
-5.463579921489256
20
-53.88242610444578
0
VERTEX
8
L4
10
-5.46422155688623
20
-53.89221556886228
0
VERTEX
8
L4
10
-5.463579921489256
20
-53.90200503327878
0
VERTEX
8
L4
10
-5.461665993857906
20
-53.911626997244966
0
VERTEX
8
L4
10
-5.458512521824574
20
-53.92091682628966
0
VERTEX
8
L4
10
-5.454173462170061
20
-53.92971556886228
0
VERTEX
8
L4
10
-5.448723057408074
20
-53.937872676037934
0
VERTEX
8
L4
10
-5.442254565475224
20
-53.94524857745127
0
VERTEX
8
L4
10
-5.434878664061884
20
-53.951717069384124
0
VERTEX
8
L4
10
-5.426721556886221
20
-53.95716747414611
0
VERTEX
8
L4
10
-5.417922814313613
20
-53.96150653380062
0
VERTEX
8
L4
10
-5.408632985268909
20
-53.964660005833956
0
VERTEX
8
L4
10
-5.3990110213027265
20
-53.96657393346531
0
VERTEX
8
L4
10
-5.389221556886227
20
-53.96721556886228
0
VERTEX
8
L4
10
-5.379432092469727
20
-53.96657393346531
0
VERTEX
8
L4
10
-5.369810128503545
20
-53.964660005833956
0
VERTEX
8
L4
10
-5.360520299458841
20
-53.96150653380062
0
VERTEX
8
L4
10
-5.351721556886233
20
-53.95716747414611
0
VERTEX
8
L4
10
-5.34356444971057
20
-53.951717069384124
0
VERTEX
8
L4
10
-5.33618854829723
20
-53.94524857745127
0
VERTEX
8
L4
10
-5.32972005636438
20
-53.937872676037934
0
VERTEX
8
L4
10
-5.324269651602393
20
-53.92971556886228
0
VERTEX
8
L4
10
-5.31993059194788
20
-53.92091682628966
0
VERTEX
8
L4
10
-5.316777119914548
20
-53.911626997244966
0
VERTEX
8
L4
10
-5.314863192283198
20
-53.90200503327878
0
VERTEX
8
L4
10
-5.314221556886224
20
-53.89221556886228
0
VERTEX
8
L4
10
-5.314863192283198
20
-53.88242610444578
0
VERTEX
8
L4
10
-5.316777119914548
20
-53.87280414047959
0
VERTEX
8
L4
10
-5.31993059194788
20
-53.8635143114349
0
VERTEX
8
L4
10
-5.324269651602393
20
-53.854715568862275
0
VERTEX
8
L4
10
-5.32972005636438
20
-53.84655846168663
0
VERTEX
8
L4
10
-5.33618854829723
20
-53.83918256027329
0
VERTEX
8
L4
10
-5.34356444971057
20
-53.83271406834044
0
VERTEX
8
L4
10
-5.351721556886233
20
-53.82726366357844
0
VERTEX
8
L4
10
-5.360520299458841
20
-53.82292460392393
0
VERTEX
8
L4
10
-5.369810128503545
20
-53.8197711318906
0
VERTEX
8
L4
10
-5.379432092469727
20
-53.81785720425924
0
VERTEX
8
L4
10
-5.389221556886227
20
-53.81721556886228
0
SEQEND
0
POLYLINE
8
L4
66
1
70
1
0
VERTEX
8
L4
10
-5.389221556886227
20
-53.338173652694614
0
VERTEX
8
L4
10
-5.3990110213027265
20
-53.338815288091574
0
VERTEX
8
L4
10
-5.408632985268909
20
-53.34072921572293
0
VERTEX
8
L4
10
-5.417922814313613
20
-53.34388268775626
0
VERTEX
8
L4
10
-5.426721556886221
20
-53.348221747410776
0
VERTEX
8
L4
10
-5.434878664061884
20
-53.35367215217277
0
VERTEX
8
L4
10
-5.442254565475224
20
-53.36014064410562
0
VERTEX
8
L4
10
-5.448723057408074
20
-53.36751654551896
0
VERTEX
8
L4
10
-5.454173462170061
20
-53.37567365269461
0
VERTEX
8
L4
10
-5.458512521824574
20
-53.38447239526723
0
VERTEX
8
L4
10
-5.461665993857906
20
-53.39376222431192
0
VERTEX
8
L4
10
-5.463579921489256
20
-53.40338418827811
0
VERTEX
8
L4
10
-5.46422155688623
20
-53.41317365269461
0
VERTEX
8
L4
10
-5.463579921489256
20
-53.42296311711112
0
VERTEX
8
L4
10
-5.461665993857906
20
-53.4325850810773
0
VERTEX
8
L4
10
-5.458512521824574
20
-53.441874910121996
0
VERTEX
8
L4
10
-5.454173462170061
20
-53.45067365269461
0
VERTEX
8
L4
10
-5.448723057408074
20
-53.45883075987027
0
VERTEX
8
L4
10
-5.442254565475224
20
-53.4662066612836
0
VERTEX
8
L4
10
-5.434878664061884
20
-53.47267515321646
0
VERTEX
8
L4
10
-5.426721556886221
20
-53.478125557978444
0
VERTEX
8
L4
10
-5.417922814313613
20
-53.48246461763296
0
VERTEX
8
L4
10
-5.408632985268909
20
-53.48561808966629
0
VERTEX
8
L4
10
-5.3990110213027265
20
-53.487532017297646
0
VERTEX
8
L4
10
-5.389221556886227
20
-53.48817365269461
0
VERTEX
8
L4
10
-5.379432092469727
20
-53.487532017297646
0
VERTEX
8
L4
10
-5.369810128503545
20
-53.48561808966629
0
VERTEX
8
L4
10
-5.360520299458841
20
-53.48246461763296
0
VERTEX
8
L4
10
-5.351721556886233
20
-53.478125557978444
0
VERTEX
8
L4
10
-5.34356444971057
20
-53.47267515321646
0
VERTEX
8
L4
10
-5.33618854829723
20
-53.4662066612836
0
VERTEX
8
L4
10
-5.32972005636438
20
-53.45883075987027
0
VERTEX
8
L4
10
-5.324269651602393
20
-53.45067365269461
0
VERTEX
8
L4
10
-5.31993059194788
20
-53.441874910121996
0
VERTEX
8
L4
10
-5.316777119914548
20
-53.4325850810773
0
VERTEX
8
L4
10
-5.314863192283198
20
-53.42296311711112
0
VERTEX
8
L4
10
-5.314221556886224
20
-53.41317365269461
0
VERTEX
8
L4
10
-5.314863192283198
20
-53.40338418827811
0
VERTEX
8
L4
10
-5.316777119914548
20
-53.39376222431192
0
VERTEX
8
L4
10
-5.31993059194788
20
-53.38447239526723
0
VERTEX
8
L4
10
-5.324269651602393
20
-53.37567365269461
0
VERTEX
8
L4
10
-5.32972005636438
20
-53.36751654551896
0
VERTEX
8
L4
10
-5.33618854829723
20
-53.36014064410562
0
VERTEX
8
L4
10
-5.34356444971057
20
-53.35367215217277
0
VERTEX
8
L4
10
-5.351721556886233
20
-53.348221747410776
0
VERTEX
8
L4
10
-5.360520299458841
20
-53.34388268775626
0
VERTEX
8
L4
10
-5.369810128503545
20
-53.34072921572293
0
VERTEX
8
L4
10
-5.379432092469727
20
-53.338815288091574
0
VERTEX
8
L4
10
-5.389221556886227
20
-53.338173652694614
0
SEQEND
0
POLYLINE
8
L4
66
1
70
1
0
VERTEX
8
L4
10
-3.532934131736525
20
-53.577694610778444
0
VERTEX
8
L4
10
-3.5427235961530243
20
-53.57833624617541
0
VERTEX
8
L4
10
-3.552345560119207
20
-53.58025017380676
0
VERTEX
8
L4
10
-3.5616353891639108
20
-53.5834036458401
0
VERTEX
8
L4
10
-3.570434131736519
20
-53.58774270549461
0
VERTEX
8
L4
10
-3.578591238912182
20
-53.5931931102566
0
VERTEX
8
L4
10
-3.585967140325508
20
-53.59966160218946
0
VERTEX
8
L4
10
-3.592435632258372
20
-53.60703750360279
0
VERTEX
8
L4
10
-3.597886037020359
20
-53.615194610778445
0
VERTEX
8
L4
10
-3.6022250966748715
20
-53.62399335335106
0
VERTEX
8
L4
10
-3.605378568708204
20
-53.63328318239576
0
VERTEX
8
L4
10
-3.6072924963395536
20
-53.64290514636194
0
VERTEX
8
L4
10
-3.6079341317365277
20
-53.65269461077845
0
VERTEX
8
L4
10
-3.6072924963395536
20
-53.662484075194946
0
VERTEX
8
L4
10
-3.605378568708204
20
-53.672106039161136
0
VERTEX
8
L4
10
-3.6022250966748715
20
-53.681395868205826
0
VERTEX
8
L4
10
-3.597886037020359
20
-53.69019461077844
0
VERTEX
8
L4
10
-3.592435632258372
20
-53.6983517179541
0
VERTEX
8
L4
10
-3.585967140325508
20
-53.70572761936744
0
VERTEX
8
L4
10
-3.578591238912182
20
-53.71219611130029
0
VERTEX
8
L4
10
-3.570434131736519
20
-53.717646516062274
0
VERTEX
8
L4
10
-3.5616353891639108
20
-53.72198557571679
0
VERTEX
8
L4
10
-3.552345560119207
20
-53.725139047750126
0
VERTEX
8
L4
10
-3.5427235961530243
20
-53.72705297538148
0
VERTEX
8
L4
10
-3.532934131736525
20
-53.72769461077844
0
VERTEX
8
L4
10
-3.5231446673200253
20
-53.72705297538148
0
VERTEX
8
L4
10
-3.5135227033538285
20
-53.725139047750126
0
VERTEX
8
L4
10
-3.504232874309139
20
-53.72198557571679
0
VERTEX
8
L4
10
-3.4954341317365163
20
-53.717646516062274
0
VERTEX
8
L4
10
-3.4872770245608677
20
-53.71219611130029
0
VERTEX
8
L4
10
-3.4799011231475276
20
-53.70572761936744
0
VERTEX
8
L4
10
-3.4734326312146777
20
-53.6983517179541
0
VERTEX
8
L4
10
-3.4679822264526905
20
-53.69019461077844
0
VERTEX
8
L4
10
-3.463643166798178
20
-53.681395868205826
0
VERTEX
8
L4
10
-3.4604896947648456
20
-53.672106039161136
0
VERTEX
8
L4
10
-3.458575767133482
20
-53.662484075194946
0
VERTEX
8
L4
10
-3.457934131736522
20
-53.65269461077845
0
VERTEX
8
L4
10
-3.458575767133482
20
-53.64290514636194
0
VERTEX
8
L4
10
-3.4604896947648456
20
-53.63328318239576
0
VERTEX
8
L4
10
-3.463643166798178
20
-53.62399335335106
0
VERTEX
8
L4
10
-3.4679822264526905
20
-53.615194610778445
0
VERTEX
8
L4
10
-3.4734326312146777
20
-53.60703750360279
0
VERTEX
8
L4
10
-3.4799011231475276
20
-53.59966160218946
0
VERTEX
8
L4
10
-3.4872770245608677
20
-53.5931931102566
0
VERTEX
8
L4
10
-3.4954341317365163
20
-53.58774270549461
0
VERTEX
8
L4
10
-3.504232874309139
20
-53.5834036458401
0
VERTEX
8
L4
10
-3.5135227033538285
20
-53.58025017380677
0
VERTEX
8
L4
10
-3.5231446673200253
20
-53.57833624617541
0
VERTEX
8
L4
10
-3.532934131736525
20
-53.577694610778444
0
SEQEND
0
POLYLINE
8
L4
66
1
70
1
0
VERTEX
8
L4
10
-5.389221556886227
20
-54.29625748502994
0
VERTEX
8
L4
10
-5.3990110213027265
20
-54.29689912042691
0
VERTEX
8
L4
10
-5.408632985268909
20
-54.298813048058264
0
VERTEX
8
L4
10
-5.417922814313613
20
-54.3019665200916
0
VERTEX
8
L4
10
-5.426721556886221
20
-54.30630557974611
0
VERTEX
8
L4
10
-5.434878664061884
20
-54.311755984508096
0
VERTEX
8
L4
10
-5.442254565475224
20
-54.31822447644095
0
VERTEX
8
L4
10
-5.448723057408074
20
-54.325600377854286
0
VERTEX
8
L4
10
-5.454173462170061
20
-54.33375748502994
0
VERTEX
8
L4
10
-5.458512521824574
20
-54.34255622760256
0
VERTEX
8
L4
10
-5.461665993857906
20
-54.351846056647254
0
VERTEX
8
L4
10
-5.463579921489256
20
-54.36146802061344
0
VERTEX
8
L4
10
-5.46422155688623
20
-54.37125748502994
0
VERTEX
8
L4
10
-5.463579921489256
20
-54.38104694944644
0
VERTEX
8
L4
10
-5.461665993857906
20
-54.39066891341263
0
VERTEX
8
L4
10
-5.458512521824574
20
-54.39995874245732
0
VERTEX
8
L4
10
-5.454173462170061
20
-54.408757485029945
0
VERTEX
8
L4
10
-5.448723057408074
20
-54.41691459220559
0
VERTEX
8
L4
10
-5.442254565475224
20
-54.42429049361893
0
VERTEX
8
L4
10
-5.434878664061884
20
-54.43075898555178
0
VERTEX
8
L4
10
-5.426721556886221
20
-54.43620939031378
0
VERTEX
8
L4
10
-5.417922814313613
20
-54.44054844996829
0
VERTEX
8
L4
10
-5.408632985268909
20
-54.44370192200162
0
VERTEX
8
L4
10
-5.3990110213027265
20
-54.44561584963298
0
VERTEX
8
L4
10
-5.389221556886227
20
-54.44625748502994
0
VERTEX
8
L4
10
-5.379432092469727
20
-54.44561584963298
0
VERTEX
8
L4
10
-5.369810128503545
20
-54.44370192200162
0
VERTEX
8
L4
10
-5.360520299458841
20
-54.44054844996829
0
VERTEX
8
L4
10
-5.351721556886233
20
-54.43620939031378
0
VERTEX
8
L4
10
-5.34356444971057
20
-54.43075898555178
0
VERTEX
8
L4
10
-5.33618854829723
20
-54.42429049361893
0
VERTEX
8
L4
10
-5.32972005636438
20
-54.41691459220559
0
VERTEX
8
L4
10
-5.324269651602393
20
-54.408757485029945
0
VERTEX
8
L4
10
-5.31993059194788
20
-54.39995874245732
0
VERTEX
8
L4
10
-5.316777119914548
20
-54.39066891341263
0
VERTEX
8
L4
10
-5.314863192283198
20
-54.38104694944644
0
VERTEX
8
L4
10
-5.314221556886224
20
-54.37125748502994
0
VERTEX
8
L4
10
-5.314863192283198
20
-54.36146802061344
0
VERTEX
8
L4
10
-5.316777119914548
20
-54.351846056647254
0
VERTEX
8
L4
10
-5.31993059194788
20
-54.34255622760256
0
VERTEX
8
L4
10
-5.324269651602393
20
-54.33375748502994
0
VERTEX
8
L4
10
-5.32972005636438
20
-54.325600377854286
0
VERTEX
8
L4
10
-5.33618854829723
20
-54.31822447644095
0
VERTEX
8
L4
10
-5.34356444971057
20
-54.311755984508096
0
VERTEX
8
L4
10
-5.351721556886233
20
-54.30630557974611
0
VERTEX
8
L4
10
-5.360520299458841
20
-54.3019665200916
0
VERTEX
8
L4
10
-5.369810128503545
20
-54.298813048058264
0
VERTEX
8
L4
10
-5.379432092469727
20
-54.29689912042691
0
VERTEX
8
L4
10
-5.389221556886227
20
-54.29625748502994
0
SEQEND
0
POLYLINE
8
L4
66
1
70
1
0
VERTEX
8
L4
10
-3.532934131736525
20
-53.14056886227545
0
VERTEX
8
L4
10
-3.5427235961530243
20
-53.14121049767241
0
VERTEX
8
L4
10
-3.552345560119207
20
-53.14312442530377
0
VERTEX
8
L4
10
-3.5616353891639108
20
-53.1462778973371
0
VERTEX
8
L4
10
-3.570434131736519
20
-53.15061695699162
0
VERTEX
8
L4
10
-3.578591238912182
20
-53.15606736175361
0
VERTEX
8
L4
10
-3.585967140325508
20
-53.16253585368646
0
VERTEX
8
L4
10
-3.592435632258372
20
-53.1699117550998
0
VERTEX
8
L4
10
-3.597886037020359
20
-53.17806886227545
0
VERTEX
8
L4
10
-3.6022250966748715
20
-53.18686760484807
0
VERTEX
8
L4
10
-3.605378568708204
20
-53.196157433892765
0
VERTEX
8
L4
10
-3.6072924963395536
20
-53.20577939785895
0
VERTEX
8
L4
10
-3.6079341317365277
20
-53.21556886227545
0
VERTEX
8
L4
10
-3.6072924963395536
20
-53.22535832669195
0
VERTEX
8
L4
10
-3.605378568708204
20
-53.234980290658136
0
VERTEX
8
L4
10
-3.6022250966748715
20
-53.24427011970283
0
VERTEX
8
L4
10
-3.597886037020359
20
-53.25306886227545
0
VERTEX
8
L4
10
-3.592435632258372
20
-53.261225969451104
0
VERTEX
8
L4
10
-3.585967140325508
20
-53.268601870864444
0
VERTEX
8
L4
10
-3.578591238912182
20
-53.275070362797294
0
VERTEX
8
L4
10
-3.570434131736519
20
-53.28052076755928
0
VERTEX
8
L4
10
-3.5616353891639108
20
-53.28485982721379
0
VERTEX
8
L4
10
-3.552345560119207
20
-53.28801329924713
0
VERTEX
8
L4
10
-3.5427235961530243
20
-53.28992722687848
0
VERTEX
8
L4
10
-3.532934131736525
20
-53.29056886227545
0
VERTEX
8
L4
10
-3.5231446673200253
20
-53.28992722687848
0
VERTEX
8
L4
10
-3.5135227033538285
20
-53.28801329924713
0
VERTEX
8
L4
10
-3.504232874309139
20
-53.28485982721379
0
VERTEX
8
L4
10
-3.4954341317365163
20
-53.28052076755928
0
VERTEX
8
L4
10
-3.4872770245608677
20
-53.275070362797294
0
VERTEX
8
L4
10
-3.4799011231475276
20
-53.268601870864444
0
VERTEX
8
L4
10
-3.4734326312146777
20
-53.261225969451104
0
VERTEX
8
L4
10
-3.4679822264526905
20
-53.25306886227545
0
VERTEX
8
L4
10
-3.463643166798178
20
-53.24427011970283
0
VERTEX
8
L4
10
-3.4604896947648456
20
-53.234980290658136
0
VERTEX
8
L4
10
-3.458575767133482
20
-53.22535832669195
0
VERTEX
8
L4
10
-3.457934131736522
20
-53.21556886227545
0
VERTEX
8
L4
10
-3.458575767133482
20
-53.20577939785895
0
VERTEX
8
L4
10
-3.4604896947648456
20
-53.196157433892765
0
VERTEX
8
L4
10
-3.463643166798178
20
-53.18686760484807
0
VERTEX
8
L4
10
-3.4679822264526905
20
-53.17806886227545
0
VERTEX
8
L4
10
-3.4734326312146777
20
-53.1699117550998
0
VERTEX
8
L4
10
-3.4799011231475276
20
-53.16253585368646
0
VERTEX
8
L4
10
-3.4872770245608677
20
-53.15606736175361
0
VERTEX
8
L4
10
-3.4954341317365163
20
-53.15061695699162
0
VERTEX
8
L4
10
-3.504232874309139
20
-53.1462778973371
0
VERTEX
8
L4
10
-3.5135227033538285
20
-53.14312442530377
0
VERTEX
8
L4
10
-3.5231446673200253
20
-53.14121049767241
0
VERTEX
8
L4
10
-3.532934131736525
20
-53.14056886227545
0
SEQEND
0
POLYLINE
8
L4
66
1
70
1
0
VERTEX
8
L4
10
-5.389221556886227
20
-55.254341317365274
0
VERTEX
8
L4
10
-5.3990110213027265
20
-55.254982952762234
0
VERTEX
8
L4
10
-5.408632985268909
20
-55.25689688039359
0
VERTEX
8
L4
10
-5.417922814313613
20
-55.26005035242692
0
VERTEX
8
L4
10
-5.426721556886221
20
-55.26438941208144
0
VERTEX
8
L4
10
-5.434878664061884
20
-55.26983981684343
0
VERTEX
8
L4
10
-5.442254565475224
20
-55.27630830877628
0
VERTEX
8
L4
10
-5.448723057408074
20
-55.28368421018962
0
VERTEX
8
L4
10
-5.454173462170061
20
-55.291841317365275
0
VERTEX
8
L4
10
-5.458512521824574
20
-55.30064005993789
0
VERTEX
8
L4
10
-5.461665993857906
20
-55.30992988898258
0
VERTEX
8
L4
10
-5.463579921489256
20
-55.31955185294877
0
VERTEX
8
L4
10
-5.46422155688623
20
-55.32934131736527
0
VERTEX
8
L4
10
-5.463579921489256
20
-55.339130781781776
0
VERTEX
8
L4
10
-5.461665993857906
20
-55.34875274574796
0
VERTEX
8
L4
10
-5.458512521824574
20
-55.358042574792655
0
VERTEX
8
L4
10
-5.454173462170061
20
-55.36684131736527
0
VERTEX
8
L4
10
-5.448723057408074
20
-55.37499842454093
0
VERTEX
8
L4
10
-5.442254565475224
20
-55.38237432595427
0
VERTEX
8
L4
10
-5.434878664061884
20
-55.38884281788712
0
VERTEX
8
L4
10
-5.426721556886221
20
-55.394293222649104
0
VERTEX
8
L4
10
-5.417922814313613
20
-55.398632282303616
0
VERTEX
8
L4
10
-5.408632985268909
20
-55.401785754336956
0
VERTEX
8
L4
10
-5.3990110213027265
20
-55.403699681968305
0
VERTEX
8
L4
10
-5.389221556886227
20
-55.40434131736527
0
VERTEX
8
L4
10
-5.379432092469727
20
-55.403699681968305
0
VERTEX
8
L4
10
-5.369810128503545
20
-55.401785754336956
0
VERTEX
8
L4
10
-5.360520299458841
20
-55.398632282303616
0
VERTEX
8
L4
10
-5.351721556886233
20
-55.394293222649104
0
VERTEX
8
L4
10
-5.34356444971057
20
-55.38884281788712
0
VERTEX
8
L4
10
-5.33618854829723
20
-55.38237432595427
0
VERTEX
8
L4
10
-5.32972005636438
20
-55.37499842454093
0
VERTEX
8
L4
10
-5.324269651602393
20
-55.36684131736527
0
VERTEX
8
L4
10
-5.31993059194788
20
-55.358042574792655
0
VERTEX
8
L4
10
-5.316777119914548
20
-55.34875274574796
0
VERTEX
8
L4
10
-5.314863192283198
20
-55.339130781781776
0
VERTEX
8
L4
10
-5.314221556886224
20
-55.32934131736527
0
VERTEX
8
L4
10
-5.314863192283198
20
-55.31955185294877
0
VERTEX
8
L4
10
-5.316777119914548
20
-55.30992988898258
0
VERTEX
8
L4
10
-5.31993059194788
20
-55.30064005993789
0
VERTEX
8
L4
10
-5.324269651602393
20
-55.291841317365275
0
VERTEX
8
L4
10
-5.32972005636438
20
-55.28368421018962
0
VERTEX
8
L4
10
-5.33618854829723
20
-55.27630830877628
0
VERTEX
8
L4
10
-5.34356444971057
20
-55.26983981684343
0
VERTEX
8
L4
10
-5.351721556886233
20
-55.26438941208144
0
VERTEX
8
L4
10
-5.360520299458841
20
-55.26005035242692
0
VERTEX
8
L4
10
-5.369810128503545
20
-55.25689688039359
0
VERTEX
8
L4
10
-5.379432092469727
20
-55.254982952762234
0
VERTEX
8
L4
10
-5.389221556886227
20
-55.254341317365274
0
SEQEND
0
POLYLINE
8
L4
66
1
70
1
0
VERTEX
8
L4
10
-4.131736526946099
20
-55.61362275449102
0
VERTEX
8
L4
10
-4.141525991362613
20
-55.614264389887985
0
VERTEX
8
L4
10
-4.1511479553287955
20
-55.61617831751934
0
VERTEX
8
L4
10
-4.160437784373485
20
-55.619331789552675
0
VERTEX
8
L4
10
-4.169236526946108
20
-55.62367084920719
0
VERTEX
8
L4
10
-4.177393634121756
20
-55.62912125396918
0
VERTEX
8
L4
10
-4.1847695355350965
20
-55.63558974590203
0
VERTEX
8
L4
10
-4.191238027467946
20
-55.642965647315364
0
VERTEX
8
L4
10
-4.196688432229934
20
-55.65112275449102
0
VERTEX
8
L4
10
-4.201027491884446
20
-55.65992149706364
0
VERTEX
8
L4
10
-4.2041809639177785
20
-55.66921132610833
0
VERTEX
8
L4
10
-4.206094891549142
20
-55.678833290074515
0
VERTEX
8
L4
10
-4.206736526946102
20
-55.68862275449102
0
VERTEX
8
L4
10
-4.206094891549142
20
-55.69841221890753
0
VERTEX
8
L4
10
-4.2041809639177785
20
-55.70803418287371
0
VERTEX
8
L4
10
-4.201027491884446
20
-55.7173240119184
0
VERTEX
8
L4
10
-4.196688432229934
20
-55.72612275449102
0
VERTEX
8
L4
10
-4.191238027467946
20
-55.73427986166668
0
VERTEX
8
L4
10
-4.1847695355350965
20
-55.74165576308001
0
VERTEX
8
L4
10
-4.177393634121756
20
-55.74812425501286
0
VERTEX
8
L4
10
-4.169236526946108
20
-55.753574659774856
0
VERTEX
8
L4
10
-4.160437784373485
20
-55.75791371942937
0
VERTEX
8
L4
10
-4.1511479553287955
20
-55.7610671914627
0
VERTEX
8
L4
10
-4.141525991362613
20
-55.76298111909406
0
VERTEX
8
L4
10
-4.131736526946099
20
-55.763622754491024
0
VERTEX
8
L4
10
-4.1219470625296
20
-55.76298111909406
0
VERTEX
8
L4
10
-4.112325098563417
20
-55.7610671914627
0
VERTEX
8
L4
10
-4.1030352695187275
20
-55.75791371942937
0
VERTEX
8
L4
10
-4.094236526946105
20
-55.753574659774856
0
VERTEX
8
L4
10
-4.086079419770456
20
-55.74812425501286
0
VERTEX
8
L4
10
-4.078703518357116
20
-55.74165576308001
0
VERTEX
8
L4
10
-4.072235026424266
20
-55.73427986166668
0
VERTEX
8
L4
10
-4.066784621662265
20
-55.72612275449102
0
VERTEX
8
L4
10
-4.062445562007753
20
-55.7173240119184
0
VERTEX
8
L4
10
-4.05929208997442
20
-55.70803418287371
0
VERTEX
8
L4
10
-4.0573781623430705
20
-55.69841221890753
0
VERTEX
8
L4
10
-4.056736526946111
20
-55.68862275449102
0
VERTEX
8
L4
10
-4.0573781623430705
20
-55.678833290074515
0
VERTEX
8
L4
10
-4.05929208997442
20
-55.66921132610833
0
VERTEX
8
L4
10
-4.062445562007753
20
-55.65992149706364
0
VERTEX
8
L4
10
-4.066784621662265
20
-55.65112275449102
0
VERTEX
8
L4
10
-4.072235026424266
20
-55.642965647315364
0
VERTEX
8
L4
10
-4.078703518357116
20
-55.63558974590203
0
VERTEX
8
L4
10
-4.086079419770456
20
-55.62912125396918
0
VERTEX
8
L4
10
-4.094236526946105
20
-55.62367084920719
0
VERTEX
8
L4
10
-4.1030352695187275
20
-55.619331789552675
0
VERTEX
8
L4
10
-4.112325098563417
20
-55.61617831751934
0
VERTEX
8
L4
10
-4.1219470625296
20
-55.614264389887985
0
VERTEX
8
L4
10
-4.131736526946099
20
-55.61362275449102
0
SEQEND
0
POLYLINE
8
L4
66
1
70
1
0
VERTEX
8
L4
10
-5.389221556886227
20
-56.2124251497006
0
VERTEX
8
L4
10
-5.3990110213027265
20
-56.21306678509757
0
VERTEX
8
L4
10
-5.408632985268909
20
-56.214980712728924
0
VERTEX
8
L4
10
-5.417922814313613
20
-56.218134184762256
0
VERTEX
8
L4
10
-5.426721556886221
20
-56.22247324441677
0
VERTEX
8
L4
10
-5.434878664061884
20
-56.22792364917876
0
VERTEX
8
L4
10
-5.442254565475224
20
-56.23439214111161
0
VERTEX
8
L4
10
-5.448723057408074
20
-56.241768042524946
0
VERTEX
8
L4
10
-5.454173462170061
20
-56.2499251497006
0
VERTEX
8
L4
10
-5.458512521824574
20
-56.258723892273224
0
VERTEX
8
L4
10
-5.461665993857906
20
-56.268013721317914
0
VERTEX
8
L4
10
-5.463579921489256
20
-56.277635685284096
0
VERTEX
8
L4
10
-5.46422155688623
20
-56.2874251497006
0
VERTEX
8
L4
10
-5.463579921489256
20
-56.29721461411711
0
VERTEX
8
L4
10
-5.461665993857906
20
-56.30683657808329
0
VERTEX
8
L4
10
-5.458512521824574
20
-56.31612640712798
0
VERTEX
8
L4
10
-5.454173462170061
20
-56.324925149700604
0
VERTEX
8
L4
10
-5.448723057408074
20
-56.33308225687626
0
VERTEX
8
L4
10
-5.442254565475224
20
-56.34045815828959
0
VERTEX
8
L4
10
-5.434878664061884
20
-56.34692665022244
0
VERTEX
8
L4
10
-5.426721556886221
20
-56.35237705498444
0
VERTEX
8
L4
10
-5.417922814313613
20
-56.35671611463895
0
VERTEX
8
L4
10
-5.408632985268909
20
-56.35986958667228
0
VERTEX
8
L4
10
-5.3990110213027265
20
-56.36178351430364
0
VERTEX
8
L4
10
-5.389221556886227
20
-56.362425149700606
0
VERTEX
8
L4
10
-5.379432092469727
20
-56.36178351430364
0
VERTEX
8
L4
10
-5.369810128503545
20
-56.35986958667228
0
VERTEX
8
L4
10
-5.360520299458841
20
-56.35671611463895
0
VERTEX
8
L4
10
-5.351721556886233
20
-56.35237705498444
0
VERTEX
8
L4
10
-5.34356444971057
20
-56.34692665022244
0
VERTEX
8
L4
10
-5.33618854829723
20
-56.34045815828959
0
VERTEX
8
L4
10
-5.32972005636438
20
-56.33308225687626
0
VERTEX
8
L4
10
-5.324269651602393
20
-56.324925149700604
0
VERTEX
8
L4
10
-5.31993059194788
20
-56.31612640712798
0
VERTEX
8
L4
10
-5.316777119914548
20
-56.30683657808329
0
VERTEX
8
L4
10
-5.314863192283198
20
-56.29721461411711
0
VERTEX
8
L4
10
-5.314221556886224
20
-56.2874251497006
0
VERTEX
8
L4
10
-5.314863192283198
20
-56.277635685284096
0
VERTEX
8
L4
10
-5.316777119914548
20
-56.268013721317914
0
VERTEX
8
L4
10
-5.31993059194788
20
-56.258723892273224
0
VERTEX
8
L4
10
-5.324269651602393
20
-56.2499251497006
0
VERTEX
8
L4
10
-5.32972005636438
20
-56.241768042524946
0
VERTEX
8
L4
10
-5.33618854829723
20
-56.23439214111161
0
VERTEX
8
L4
10
-5.34356444971057
20
-56.22792364917876
0
VERTEX
8
L4
10
-5.351721556886233
20
-56.22247324441677
0
VERTEX
8
L4
10
-5.360520299458841
20
-56.218134184762256
0
VERTEX
8
L4
10
-5.369810128503545
20
-56.214980712728924
0
VERTEX
8
L4
10
-5.379432092469727
20
-56.21306678509757
0
VERTEX
8
L4
10
-5.389221556886227
20
-56.2124251497006
0
SEQEND
0
POLYLINE
8
L4
66
1
70
1
0
VERTEX
8
L4
10
0.8953339478850069
20
-55.39367001410194
0
VERTEX
8
L4
10
0.9238759538360313
20
-55.40265331500438
0
VERTEX
8
L4
10
0.9537971576798725
20
-55.4023937782106
0
VERTEX
8
L4
10
0.9821790382996909
20
-55.39291671899927
0
VERTEX
8
L4
10
1.0062532205205486
20
-55.37514653190939
0
VERTEX
8
L4
10
1.0236715030618768
20
-55.350816525084014
0
VERTEX
8
L4
10
1.0327349026313755
20
-55.32229985299459
0
VERTEX
8
L4
10
1.0325593731467961
20
-55.29237803840703
0
VERTEX
8
L4
10
1.0231620357945275
20
-55.26396966201027
0
VERTEX
8
L4
10
1.0054595090250587
20
-55.23984568338342
0
VERTEX
8
L4
10
0.9811785013782099
20
-55.22235916095997
0
VERTEX
8
L4
10
0.9526873879342617
20
-55.21321573416604
0
VERTEX
8
L4
10
0.9227651984629546
20
-55.21330725495778
0
VERTEX
8
L4
10
0.8943305502194647
20
-55.22262479637608
0
VERTEX
8
L4
10
0.8701569653449042
20
-55.240259523284216
0
VERTEX
8
L4
10
0.8526023408775814
20
-55.26449134035648
0
VERTEX
8
L4
10
0.8433789589326608
20
-55.29295667057256
0
VERTEX
8
L4
10
0.8433864703101648
20
-55.3228789990647
0
VERTEX
8
L4
10
0.8526241423485743
20
-55.351339695017586
0
VERTEX
8
L4
10
0.8114703883469616
20
-55.40801067350787
0
VERTEX
8
L4
10
0.7781957268993125
20
-55.469638817865906
0
VERTEX
8
L4
10
0.753387973096892
20
-55.535135433219295
0
VERTEX
8
L4
10
0.7374853694771275
20
-55.60334348603995
0
VERTEX
8
L4
10
0.7307688442295728
20
-55.673058043774105
0
VERTEX
8
L4
10
0.7333570484457397
20
-55.7430475606349
0
VERTEX
8
L4
10
0.7452042600827582
20
-55.81207563353208
0
VERTEX
8
L4
10
0.7661011916682412
20
-55.87892284380882
0
VERTEX
8
L4
10
0.7956786874778885
20
-55.94240829893913
0
VERTEX
8
L4
10
0.8334142448732962
20
-56.00141049364008
0
VERTEX
8
L4
10
0.8786412445967926
20
-56.05488712187599
0
VERTEX
8
L4
10
0.9305607269651546
20
-56.10189348976453
0
VERTEX
8
L4
10
0.9882555059293594
20
-56.14159920411076
0
VERTEX
8
L4
10
1.0507063716676583
20
-56.17330284175705
0
VERTEX
8
L4
10
1.1168100954845528
20
-56.196444340606746
0
VERTEX
8
L4
10
1.1853989189489482
20
-56.210614893427355
0
VERTEX
8
L4
10
1.2552611829854357
20
-56.21556416965392
0
VERTEX
8
L4
10
1.3251627324945332
20
-56.21120473761531
0
VERTEX
8
L4
10
1.3938687183773624
20
-56.19761360906251
0
VERTEX
8
L4
10
1.4601654118203555
20
-56.17503087871392
0
VERTEX
8
L4
10
1.522881645478435
20
-56.14385548285088
0
VERTEX
8
L4
10
1.5809095027866533
20
-56.104638151890086
0
VERTEX
8
L4
10
1.6332238899121876
20
-56.05807168142957
0
VERTEX
8
L4
10
1.6789006445975332
20
-56.004978693635636
0
VERTEX
8
L4
10
1.7171328619920843
20
-55.94629710517241
0
VERTEX
8
L4
10
1.7472451490676946
20
-55.88306355839108
0
VERTEX
8
L4
10
1.7687055558057665
20
-55.81639510847578
0
VERTEX
8
L4
10
1.781134972385317
20
-55.747469490053
0
VERTEX
8
L4
10
1.784313826365235
20
-55.677504311865235
0
VERTEX
8
L4
10
1.7781859615515572
20
-55.60773554704675
0
VERTEX
8
L4
10
1.76285963002735
20
-55.53939569898223
0
VERTEX
8
L4
10
1.7386055798204296
20
-55.473692028460476
0
VERTEX
8
L4
10
1.7058522719914322
20
-55.41178522675235
0
VERTEX
8
L4
10
1.66517831163479
20
-55.354768911364744
0
VERTEX
8
L4
10
1.6173022265034405
20
-55.30365030668928
0
VERTEX
8
L4
10
1.5630697738230168
20
-55.25933245083255
0
VERTEX
8
L4
10
1.503438999528015
20
-55.22259824295422
0
VERTEX
8
L4
10
1.439463313856379
20
-55.19409661292512
0
VERTEX
8
L4
10
1.4332330245370315
20
-55.164830091201324
0
VERTEX
8
L4
10
1.418278365334686
20
-55.138912838898
0
VERTEX
8
L4
10
1.3960580171535497
20
-55.11887283077622
0
VERTEX
8
L4
10
1.3687393578748157
20
-55.106664773845445
0
VERTEX
8
L4
10
1.3389870558188335
20
-55.10347944479149
0
VERTEX
8
L4
10
1.3097031573831543
20
-55.10962754134416
0
VERTEX
8
L4
10
1.2837440207682818
20
-55.124509376749195
0
VERTEX
8
L4
10
1.2636417061406746
20
-55.14667337335236
0
VERTEX
8
L4
10
1.2513569979007428
20
-55.17395764981834
0
VERTEX
8
L4
10
1.2480881493206368
20
-55.203700891534275
0
VERTEX
8
L4
10
1.2541540046440218
20
-55.233001935850275
0
VERTEX
8
L4
10
1.2689628989450483
20
-55.25900275215272
0
VERTEX
8
L4
10
1.291070369261604
20
-55.2791672148288
0
VERTEX
8
L4
10
1.3183200478453756
20
-55.29152847754316
0
VERTEX
8
L4
10
1.3480539947689039
20
-55.29488081988257
0
VERTEX
8
L4
10
1.3773719539985052
20
-55.28889725360285
0
VERTEX
8
L4
10
1.4034142450359894
20
-55.274161417137556
0
VERTEX
8
L4
10
1.4236406968133224
20
-55.25211064737069
0
VERTEX
8
L4
10
1.4828382844305423
20
-55.279518322851274
0
VERTEX
8
L4
10
1.5376398309521733
20
-55.31490653492515
0
VERTEX
8
L4
10
1.586976304332694
20
-55.35758495393666
0
VERTEX
8
L4
10
1.6298852815310596
20
-55.40672103773195
0
VERTEX
8
L4
10
1.6655297228179933
20
-55.46135627233647
0
VERTEX
8
L4
10
1.693214300189112
20
-55.52042487000673
0
VERTEX
8
L4
10
1.7123989613601935
20
-55.58277455990731
0
VERTEX
8
L4
10
1.722709464747311
20
-55.647189065842326
0
VERTEX
8
L4
10
1.7239446799220843
20
-55.71241183256086
0
VERTEX
8
L4
10
1.71608051113013
20
-55.7771705377993
0
VERTEX
8
L4
10
1.6992703673349467
20
-55.84020191189612
0
VERTEX
8
L4
10
1.673842169618112
20
-55.900276380814475
0
VERTEX
8
L4
10
1.6402919543133265
20
-55.956222051853004
0
VERTEX
8
L4
10
1.5992741966603035
20
-56.00694757414765
0
VERTEX
8
L4
10
1.5515890437378772
20
-56.05146342801696
0
VERTEX
8
L4
10
1.4981667057281527
20
-56.08890122785247
0
VERTEX
8
L4
10
1.4400493099962262
20
-56.11853066200646
0
VERTEX
8
L4
10
1.378370571964041
20
-56.139773739224836
0
VERTEX
8
L4
10
1.3143336793456228
20
-56.15221606371526
0
VERTEX
8
L4
10
1.2491878211629768
20
-56.15561491890411
0
VERTEX
8
L4
10
1.1842038193992437
20
-56.14990400218962
0
VERTEX
8
L4
10
1.1206493386504377
20
-56.13519471832886
0
VERTEX
8
L4
10
1.059764157369301
20
-56.111774006227975
0
VERTEX
8
L4
10
1.0027359830936717
20
-56.08009874152923
0
VERTEX
8
L4
10
0.950677283439262
20
-56.0407868241855
0
VERTEX
8
L4
10
0.9046035848229508
20
-55.994605124879804
0
VERTEX
8
L4
10
0.8654136622502477
20
-55.942454525423095
0
VERTEX
8
L4
10
0.8338720066114718
20
-55.88535234495235
0
VERTEX
8
L4
10
0.8105939115030054
20
-55.82441249474685
0
VERTEX
8
L4
10
0.7960334704898884
20
-55.76082374878932
0
VERTEX
8
L4
10
0.7904747189511738
20
-55.6958265539554
0
VERTEX
8
L4
10
0.794026093307096
20
-55.6306888322027
0
VERTEX
8
L4
10
0.8066183157136493
20
-55.56668124679431
0
VERTEX
8
L4
10
0.8280057454885537
20
-55.50505241504673
0
VERTEX
8
L4
10
0.8577711709060196
20
-55.44700455113542
0
VERTEX
8
L4
10
0.8953339478850069
20
-55.39367001410194
0
SEQEND
0
POLYLINE
8
L4
66
1
70
1
0
VERTEX
8
L4
10
1.285701500971669
20
-53.43685531636834
0
VERTEX
8
L4
10
1.3157743899030692
20
-53.43906518431069
0
VERTEX
8
L4
10
1.3450446747927174
20
-53.43181862737088
0
VERTEX
8
L4
10
1.3706129495515285
20
-53.41583346265917
0
VERTEX
8
L4
10
1.38994651551252
20
-53.392693121429296
0
VERTEX
8
L4
10
1.4011302611869496
20
-53.36468980023889
0
VERTEX
8
L4
10
1.4030563661203956
20
-53.33459740444214
0
VERTEX
8
L4
10
1.3955340374868541
20
-53.30539677539186
0
VERTEX
8
L4
10
1.3793084093199184
20
-53.27998041932749
0
VERTEX
8
L4
10
1.3559867322932178
20
-53.260865986412405
0
VERTEX
8
L4
10
1.3278791654172721
20
-53.24994688162686
0
VERTEX
8
L4
10
1.2977699402380694
20
-53.248304711078276
0
VERTEX
8
L4
10
1.2686415651647422
20
-53.256102142103366
0
VERTEX
8
L4
10
1.243379389225197
20
-53.272566790043804
0
VERTEX
8
L4
10
1.224485790070304
20
-53.29606772781184
0
VERTEX
8
L4
10
1.2138322977053377
20
-53.32427703949136
0
VERTEX
8
L4
10
1.2124742076543953
20
-53.35440041507274
0
VERTEX
8
L4
10
1.2205460472915064
20
-53.383453944460335
0
VERTEX
8
L4
10
1.187191270193324
20
-53.44068916821266
0
VERTEX
8
L4
10
1.1620513416123117
20
-53.5019786125256
0
VERTEX
8
L4
10
1.1456070172031758
20
-53.56615022765234
0
VERTEX
8
L4
10
1.1381727649216344
20
-53.631976847543235
0
VERTEX
8
L4
10
1.1398907513936365
20
-53.698199657176545
0
VERTEX
8
L4
10
1.1507281232358366
20
-53.76355226511839
0
VERTEX
8
L4
10
1.1704776353170985
20
-53.82678492096804
0
VERTEX
8
L4
10
1.198761613946715
20
-53.88668841457339
0
VERTEX
8
L4
10
1.2350391792005269
20
-53.94211719998766
0
VERTEX
8
L4
10
1.2786165882710065
20
-53.99201130196327
0
VERTEX
8
L4
10
1.3286605020433768
20
-54.03541658606083
0
VERTEX
8
L4
10
1.3842139211986932
20
-54.071503004744336
0
VERTEX
8
L4
10
1.444214487094527
20
-54.099580470538584
0
VERTEX
8
L4
10
1.5075147974521457
20
-54.11911205270381
0
VERTEX
8
L4
10
1.5729043483493825
20
-54.129724245064715
0
VERTEX
8
L4
10
1.6391326829183015
20
-54.13121410864037
0
VERTEX
8
L4
10
1.70493330407065
20
-54.123553152485144
0
VERTEX
8
L4
10
1.7690478939635028
20
-54.10688787852644
0
VERTEX
8
L4
10
1.8302503770516552
20
-54.08153697998042
0
VERTEX
8
L4
10
1.8873703665644115
20
-54.04798524692072
0
VERTEX
8
L4
10
1.9393155460352602
20
-54.00687429554534
0
VERTEX
8
L4
10
1.9850925578782466
20
-53.95899029842757
0
VERTEX
8
L4
10
2.023825999554788
20
-53.905248950387744
0
VERTEX
8
L4
10
2.0547751640635283
20
-53.84667795748633
0
VERTEX
8
L4
10
2.077348204621856
20
-53.784397384004706
0
VERTEX
8
L4
10
2.0911134526648425
20
-53.719598233242046
0
VERTEX
8
L4
10
2.095807672725684
20
-53.653519671731765
0
VERTEX
8
L4
10
2.0913410963377856
20
-53.58742533242334
0
VERTEX
8
L4
10
2.0777991386943313
20
-53.52257914998805
0
VERTEX
8
L4
10
2.055440765237165
20
-53.460221190355
0
VERTEX
8
L4
10
2.0246935394112313
20
-53.4015439366935
0
VERTEX
8
L4
10
1.986145446287182
20
-53.34766948532973
0
VERTEX
8
L4
10
1.940533648410593
20
-53.299628087684454
0
VERTEX
8
L4
10
1.8887303889018057
20
-53.258338448578336
0
VERTEX
8
L4
10
1.8317263113842728
20
-53.22459015766426
0
VERTEX
8
L4
10
1.770611515717249
20
-53.19902858995361
0
VERTEX
8
L4
10
1.7065547118081668
20
-53.1821425641867
0
VERTEX
8
L4
10
1.6917184167048447
20
-53.15589096399528
0
VERTEX
8
L4
10
1.669457658874549
20
-53.13555083553395
0
VERTEX
8
L4
10
1.6419775065987636
20
-53.12313699664733
0
VERTEX
8
L4
10
1.6120000420552856
20
-53.11987911627076
0
VERTEX
8
L4
10
1.5824947219323775
20
-53.1260999079766
0
VERTEX
8
L4
10
1.5563842340394132
20
-53.14118316316222
0
VERTEX
8
L4
10
1.5362549866696895
20
-53.16363479039348
0
VERTEX
8
L4
10
1.524100908567405
20
-53.19123081457246
0
VERTEX
8
L4
10
1.5211259377259694
20
-53.22123767567947
0
VERTEX
8
L4
10
1.5276247637462887
20
-53.25068300511149
0
VERTEX
8
L4
10
1.542953636975568
20
-53.27665005751495
0
VERTEX
8
L4
10
1.5655941359653127
20
-53.296566632785265
0
VERTEX
8
L4
10
1.593303576680242
20
-53.30845986868929
0
VERTEX
8
L4
10
1.6233371644784
20
-53.31115166529638
0
VERTEX
8
L4
10
1.6527198833096293
20
-53.304375383197204
0
VERTEX
8
L4
10
1.6785411897947569
20
-53.28880225581687
0
VERTEX
8
L4
10
1.6982433208804508
20
-53.26597489951604
0
VERTEX
8
L4
10
1.7566042430028261
20
-53.283051527240545
0
VERTEX
8
L4
10
1.8116546887011253
20
-53.308878971439206
0
VERTEX
8
L4
10
1.862091410684684
20
-53.34284580115539
0
VERTEX
8
L4
10
1.9067203855366301
20
-53.38414789612744
0
VERTEX
8
L4
10
1.944485080656321
20
-53.43180748328399
0
VERTEX
8
L4
10
1.9744914662866222
20
-53.48469628424242
0
VERTEX
8
L4
10
1.9960291804989936
20
-53.54156222582367
0
VERTEX
8
L4
10
2.0085883460828455
20
-53.6010590812469
0
VERTEX
8
L4
10
2.0118716412215605
20
-53.66177834028757
0
VERTEX
8
L4
10
2.005801338197614
20
-53.722282553914496
0
VERTEX
8
L4
10
1.990521143494533
20
-53.78113936401538
0
VERTEX
8
L4
10
1.9663927957339808
20
-53.83695541260144
0
VERTEX
8
L4
10
1.9339875019869766
20
-53.88840932773515
0
VERTEX
8
L4
10
1.8940724151937616
20
-53.93428300528235
0
VERTEX
8
L4
10
1.8475924728213897
20
-53.97349044593431
0
VERTEX
8
L4
10
1.795648026705308
20
-54.00510346482068
0
VERTEX
8
L4
10
1.7394687936590145
20
-54.02837366507217
0
VERTEX
8
L4
10
1.680384743537033
20
-54.042750155137504
0
VERTEX
8
L4
10
1.6197946139383959
20
-54.0478925904202
0
VERTEX
8
L4
10
1.559132796923663
20
-54.04367923049173
0
VERTEX
8
L4
10
1.4998353816591816
20
-54.03020982113694
0
VERTEX
8
L4
10
1.4433061568846313
20
-54.00780323300302
0
VERTEX
8
L4
10
1.3908833780508871
20
-53.976989912754064
0
VERTEX
8
L4
10
1.343808085872837
20
-53.9384993254402
0
VERTEX
8
L4
10
1.3031947263137766
20
-53.893242685366694
0
VERTEX
8
L4
10
1.270004767535113
20
-53.842291384287265
0
VERTEX
8
L4
10
1.2450239383952777
20
-53.786851627605785
0
VERTEX
8
L4
10
1.2288436273468477
20
-53.72823587904116
0
VERTEX
8
L4
10
1.221846882088471
20
-53.66783178976564
0
VERTEX
8
L4
10
1.2241993414117331
20
-53.60706934757848
0
VERTEX
8
L4
10
1.2358453139194125
20
-53.54738702381536
0
VERTEX
8
L4
10
1.256509096446436
20
-53.49019771942116
0
VERTEX
8
L4
10
1.285701500971669
20
-53.43685531636834
0
SEQEND
0
POLYLINE
8
L4
66
1
70
1
0
VERTEX
8
L4
10
9.080199792892003
20
-53.26597489951604
0
VERTEX
8
L4
10
9.099901923977697
20
-53.28880225581687
0
VERTEX
8
L4
10
9.125723230462825
20
-53.304375383197204
0
VERTEX
8
L4
10
9.155105949294054
20
-53.31115166529637
0
VERTEX
8
L4
10
9.185139537092212
20
-53.30845986868929
0
VERTEX
8
L4
10
9.212848977807141
20
-53.296566632785265
0
VERTEX
8
L4
10
9.235489476796886
20
-53.27665005751495
0
VERTEX
8
L4
10
9.250818350026165
20
-53.25068300511149
0
VERTEX
8
L4
10
9.257317176046485
20
-53.22123767567947
0
VERTEX
8
L4
10
9.254342205205049
20
-53.19123081457246
0
VERTEX
8
L4
10
9.24218812710275
20
-53.16363479039348
0
VERTEX
8
L4
10
9.22205887973304
20
-53.14118316316222
0
VERTEX
8
L4
10
9.195948391840076
20
-53.1260999079766
0
VERTEX
8
L4
10
9.166443071717168
20
-53.11987911627076
0
VERTEX
8
L4
10
9.13646560717369
20
-53.12313699664733
0
VERTEX
8
L4
10
9.108985454897905
20
-53.13555083553395
0
VERTEX
8
L4
10
9.08672469706761
20
-53.15589096399528
0
VERTEX
8
L4
10
9.071888401964287
20
-53.1821425641867
0
VERTEX
8
L4
10
9.007831598055205
20
-53.19902858995361
0
VERTEX
8
L4
10
8.946716802388181
20
-53.22459015766426
0
VERTEX
8
L4
10
8.889712724870648
20
-53.258338448578336
0
VERTEX
8
L4
10
8.83790946536186
20
-53.299628087684454
0
VERTEX
8
L4
10
8.792297667485272
20
-53.34766948532973
0
VERTEX
8
L4
10
8.753749574361223
20
-53.4015439366935
0
VERTEX
8
L4
10
8.723002348535289
20
-53.460221190355
0
VERTEX
8
L4
10
8.700643975078123
20
-53.52257914998805
0
VERTEX
8
L4
10
8.687102017434668
20
-53.58742533242334
0
VERTEX
8
L4
10
8.68263544104677
20
-53.653519671731765
0
VERTEX
8
L4
10
8.687329661107611
20
-53.719598233242046
0
VERTEX
8
L4
10
8.701094909150598
20
-53.784397384004706
0
VERTEX
8
L4
10
8.723667949708926
20
-53.84667795748633
0
VERTEX
8
L4
10
8.75461711421768
20
-53.905248950387744
0
VERTEX
8
L4
10
8.793350555894207
20
-53.95899029842757
0
VERTEX
8
L4
10
8.839127567737194
20
-54.00687429554534
0
VERTEX
8
L4
10
8.891072747208042
20
-54.04798524692072
0
VERTEX
8
L4
10
8.948192736720799
20
-54.08153697998042
0
VERTEX
8
L4
10
9.009395219808951
20
-54.10688787852644
0
VERTEX
8
L4
10
9.073509809701804
20
-54.123553152485144
0
VERTEX
8
L4
10
9.139310430854152
20
-54.13121410864037
0
VERTEX
8
L4
10
9.205538765423071
20
-54.129724245064715
0
VERTEX
8
L4
10
9.270928316320308
20
-54.11911205270381
0
VERTEX
8
L4
10
9.334228626677927
20
-54.099580470538584
0
VERTEX
8
L4
10
9.39422919257376
20
-54.071503004744336
0
VERTEX
8
L4
10
9.449782611729077
20
-54.03541658606083
0
VERTEX
8
L4
10
9.499826525501447
20
-53.99201130196327
0
VERTEX
8
L4
10
9.543403934571927
20
-53.94211719998766
0
VERTEX
8
L4
10
9.579681499825739
20
-53.88668841457339
0
VERTEX
8
L4
10
9.607965478455355
20
-53.82678492096804
0
VERTEX
8
L4
10
9.627714990536617
20
-53.76355226511839
0
VERTEX
8
L4
10
9.638552362378817
20
-53.698199657176545
0
VERTEX
8
L4
10
9.64027034885082
20
-53.631976847543235
0
VERTEX
8
L4
10
9.632836096569278
20
-53.56615022765234
0
VERTEX
8
L4
10
9.616391772160142
20
-53.5019786125256
0
VERTEX
8
L4
10
9.59125184357913
20
-53.44068916821266
0
VERTEX
8
L4
10
9.557897066480948
20
-53.383453944460335
0
VERTEX
8
L4
10
9.565968906118059
20
-53.35440041507274
0
VERTEX
8
L4
10
9.564610816067116
20
-53.32427703949137
0
VERTEX
8
L4
10
9.55395732370215
20
-53.296067727811845
0
VERTEX
8
L4
10
9.535063724547257
20
-53.272566790043804
0
VERTEX
8
L4
10
9.509801548607712
20
-53.256102142103366
0
VERTEX
8
L4
10
9.480673173534385
20
-53.24830471107828
0
VERTEX
8
L4
10
9.450563948355182
20
-53.24994688162687
0
VERTEX
8
L4
10
9.422456381479236
20
-53.260865986412405
0
VERTEX
8
L4
10
9.399134704452536
20
-53.27998041932749
0
VERTEX
8
L4
10
9.3829090762856
20
-53.30539677539186
0
VERTEX
8
L4
10
9.375386747652058
20
-53.33459740444214
0
VERTEX
8
L4
10
9.377312852585504
20
-53.36468980023889
0
VERTEX
8
L4
10
9.388496598259934
20
-53.392693121429296
0
VERTEX
8
L4
10
9.407830164220925
20
-53.41583346265917
0
VERTEX
8
L4
10
9.433398438979737
20
-53.43181862737088
0
VERTEX
8
L4
10
9.462668723869385
20
-53.43906518431069
0
VERTEX
8
L4
10
9.492741612800785
20
-53.43685531636834
0
VERTEX
8
L4
10
9.521934017326018
20
-53.49019771942116
0
VERTEX
8
L4
10
9.542597799853041
20
-53.54738702381536
0
VERTEX
8
L4
10
9.55424377236072
20
-53.60706934757848
0
VERTEX
8
L4
10
9.556596231683983
20
-53.66783178976564
0
VERTEX
8
L4
10
9.549599486425606
20
-53.72823587904116
0
VERTEX
8
L4
10
9.533419175377162
20
-53.786851627605785
0
VERTEX
8
L4
10
9.508438346237341
20
-53.84229138428727
0
VERTEX
8
L4
10
9.475248387458677
20
-53.893242685366694
0
VERTEX
8
L4
10
9.434635027899617
20
-53.9384993254402
0
VERTEX
8
L4
10
9.387559735721567
20
-53.976989912754064
0
VERTEX
8
L4
10
9.335136956887823
20
-54.00780323300302
0
VERTEX
8
L4
10
9.278607732113272
20
-54.03020982113694
0
VERTEX
8
L4
10
9.21931031684879
20
-54.04367923049173
0
VERTEX
8
L4
10
9.158648499834058
20
-54.0478925904202
0
VERTEX
8
L4
10
9.098058370235421
20
-54.042750155137504
0
VERTEX
8
L4
10
9.03897432011344
20
-54.02837366507217
0
VERTEX
8
L4
10
8.982795087067132
20
-54.00510346482068
0
VERTEX
8
L4
10
8.930850640951064
20
-53.97349044593431
0
VERTEX
8
L4
10
8.884370698578692
20
-53.93428300528235
0
VERTEX
8
L4
10
8.844455611785477
20
-53.88840932773515
0
VERTEX
8
L4
10
8.812050318038473
20
-53.83695541260144
0
VERTEX
8
L4
10
8.787921970277921
20
-53.78113936401538
0
VERTEX
8
L4
10
8.77264177557484
20
-53.722282553914496
0
VERTEX
8
L4
10
8.766571472550893
20
-53.66177834028757
0
VERTEX
8
L4
10
8.769854767689608
20
-53.6010590812469
0
VERTEX
8
L4
10
8.78241393327346
20
-53.54156222582367
0
VERTEX
8
L4
10
8.803951647485832
20
-53.48469628424242
0
VERTEX
8
L4
10
8.833958033116133
20
-53.43180748328399
0
VERTEX
8
L4
10
8.871722728235824
20
-53.38414789612744
0
VERTEX
8
L4
10
8.91635170308777
20
-53.34284580115539
0
VERTEX
8
L4
10
8.966788425071329
20
-53.308878971439206
0
VERTEX
8
L4
10
9.021838870769628
20
-53.283051527240545
0
VERTEX
8
L4
10
9.080199792892003
20
-53.26597489951604
0
SEQEND
0
POLYLINE
8
L4
66
1
70
1
0
VERTEX
8
L4
10
9.354802416959132
20
-55.25211064737069
0
VERTEX
8
L4
10
9.375028868736479
20
-55.274161417137556
0
VERTEX
8
L4
10
9.401071159773949
20
-55.28889725360285
0
VERTEX
8
L4
10
9.43038911900355
20
-55.294880819882565
0
VERTEX
8
L4
10
9.460123065927078
20
-55.29152847754316
0
VERTEX
8
L4
10
9.48737274451085
20
-55.2791672148288
0
VERTEX
8
L4
10
9.509480214827406
20
-55.25900275215272
0
VERTEX
8
L4
10
9.524289109128432
20
-55.233001935850275
0
VERTEX
8
L4
10
9.530354964451803
20
-55.203700891534275
0
VERTEX
8
L4
10
9.527086115871711
20
-55.17395764981834
0
VERTEX
8
L4
10
9.51480140763178
20
-55.14667337335236
0
VERTEX
8
L4
10
9.494699093004172
20
-55.124509376749195
0
VERTEX
8
L4
10
9.4687399563893
20
-55.10962754134416
0
VERTEX
8
L4
10
9.43945605795362
20
-55.10347944479149
0
VERTEX
8
L4
10
9.409703755897638
20
-55.106664773845445
0
VERTEX
8
L4
10
9.382385096618904
20
-55.11887283077622
0
VERTEX
8
L4
10
9.360164748437768
20
-55.138912838898
0
VERTEX
8
L4
10
9.345210089235422
20
-55.164830091201324
0
VERTEX
8
L4
10
9.338979799916075
20
-55.19409661292512
0
VERTEX
8
L4
10
9.275004114244439
20
-55.22259824295422
0
VERTEX
8
L4
10
9.215373339949437
20
-55.25933245083255
0
VERTEX
8
L4
10
9.161140887269013
20
-55.30365030668928
0
VERTEX
8
L4
10
9.113264802137664
20
-55.354768911364744
0
VERTEX
8
L4
10
9.072590841781022
20
-55.41178522675235
0
VERTEX
8
L4
10
9.039837533952024
20
-55.473692028460476
0
VERTEX
8
L4
10
9.015583483745104
20
-55.53939569898223
0
VERTEX
8
L4
10
9.000257152220897
20
-55.60773554704675
0
VERTEX
8
L4
10
8.994129287407219
20
-55.677504311865235
0
VERTEX
8
L4
10
8.997308141387137
20
-55.747469490053
0
VERTEX
8
L4
10
9.009737557966687
20
-55.81639510847578
0
VERTEX
8
L4
10
9.03119796470476
20
-55.88306355839107
0
VERTEX
8
L4
10
9.06131025178037
20
-55.94629710517241
0
VERTEX
8
L4
10
9.09954246917492
20
-56.004978693635636
0
VERTEX
8
L4
10
9.145219223860266
20
-56.05807168142957
0
VERTEX
8
L4
10
9.1975336109858
20
-56.104638151890086
0
VERTEX
8
L4
10
9.255561468294019
20
-56.14385548285088
0
VERTEX
8
L4
10
9.318277701952098
20
-56.17503087871392
0
VERTEX
8
L4
10
9.384574395395092
20
-56.19761360906251
0
VERTEX
8
L4
10
9.45328038127792
20
-56.21120473761531
0
VERTEX
8
L4
10
9.523181930787018
20
-56.21556416965392
0
VERTEX
8
L4
10
9.593044194823506
20
-56.210614893427355
0
VERTEX
8
L4
10
9.661633018287901
20
-56.19644434060674
0
VERTEX
8
L4
10
9.727736742104796
20
-56.17330284175705
0
VERTEX
8
L4
10
9.790187607843094
20
-56.141599204110754
0
VERTEX
8
L4
10
9.847882386807285
20
-56.10189348976453
0
VERTEX
8
L4
10
9.899801869175661
20
-56.054887121875986
0
VERTEX
8
L4
10
9.945028868899158
20
-56.00141049364008
0
VERTEX
8
L4
10
9.982764426294565
20
-55.94240829893913
0
VERTEX
8
L4
10
10.012341922104213
20
-55.87892284380882
0
VERTEX
8
L4
10
10.033238853689681
20
-55.81207563353208
0
VERTEX
8
L4
10
10.045086065326714
20
-55.7430475606349
0
VERTEX
8
L4
10
10.047674269542881
20
-55.673058043774105
0
VERTEX
8
L4
10
10.040957744295312
20
-55.60334348603995
0
VERTEX
8
L4
10
10.025055140675562
20
-55.535135433219295
0
VERTEX
8
L4
10
10.000247386873141
20
-55.469638817865906
0
VERTEX
8
L4
10
9.966972725425492
20
-55.40801067350787
0
VERTEX
8
L4
10
9.92581897142388
20
-55.351339695017586
0
VERTEX
8
L4
10
9.93505664346229
20
-55.3228789990647
0
VERTEX
8
L4
10
9.935064154839793
20
-55.29295667057256
0
VERTEX
8
L4
10
9.925840772894873
20
-55.26449134035648
0
VERTEX
8
L4
10
9.90828614842755
20
-55.240259523284216
0
VERTEX
8
L4
10
9.88411256355299
20
-55.22262479637608
0
VERTEX
8
L4
10
9.8556779153095
20
-55.21330725495778
0
VERTEX
8
L4
10
9.825755725838192
20
-55.21321573416604
0
VERTEX
8
L4
10
9.797264612394244
20
-55.22235916095997
0
VERTEX
8
L4
10
9.772983604747381
20
-55.23984568338342
0
VERTEX
8
L4
10
9.755281077977926
20
-55.26396966201027
0
VERTEX
8
L4
10
9.745883740625658
20
-55.29237803840703
0
VERTEX
8
L4
10
9.745708211141078
20
-55.32229985299459
0
VERTEX
8
L4
10
9.754771610710577
20
-55.350816525084014
0
VERTEX
8
L4
10
9.772189893251905
20
-55.375146531909394
0
VERTEX
8
L4
10
9.796264075472763
20
-55.39291671899927
0
VERTEX
8
L4
10
9.824645956092581
20
-55.4023937782106
0
VERTEX
8
L4
10
9.854567159936423
20
-55.40265331500438
0
VERTEX
8
L4
10
9.883109165887447
20
-55.39367001410194
0
VERTEX
8
L4
10
9.920671942866434
20
-55.44700455113542
0
VERTEX
8
L4
10
9.9504373682839
20
-55.50505241504673
0
VERTEX
8
L4
10
9.971824798058805
20
-55.56668124679431
0
VERTEX
8
L4
10
9.984417020465358
20
-55.630688832202694
0
VERTEX
8
L4
10
9.98796839482128
20
-55.6958265539554
0
VERTEX
8
L4
10
9.982409643282566
20
-55.76082374878932
0
VERTEX
8
L4
10
9.967849202269448
20
-55.82441249474685
0
VERTEX
8
L4
10
9.944571107160982
20
-55.88535234495236
0
VERTEX
8
L4
10
9.913029451522206
20
-55.942454525423095
0
VERTEX
8
L4
10
9.873839528949503
20
-55.994605124879804
0
VERTEX
8
L4
10
9.827765830333192
20
-56.0407868241855
0
VERTEX
8
L4
10
9.775707130678782
20
-56.080098741529234
0
VERTEX
8
L4
10
9.718678956403153
20
-56.111774006227975
0
VERTEX
8
L4
10
9.657793775122016
20
-56.13519471832886
0
VERTEX
8
L4
10
9.59423929437321
20
-56.14990400218962
0
VERTEX
8
L4
10
9.529255292609477
20
-56.15561491890411
0
VERTEX
8
L4
10
9.464109434426831
20
-56.15221606371526
0
VERTEX
8
L4
10
9.400072541808413
20
-56.139773739224836
0
VERTEX
8
L4
10
9.338393803776228
20
-56.118530662006464
0
VERTEX
8
L4
10
9.280276408044301
20
-56.08890122785247
0
VERTEX
8
L4
10
9.226854070034577
20
-56.05146342801696
0
VERTEX
8
L4
10
9.17916891711215
20
-56.00694757414766
0
VERTEX
8
L4
10
9.138151159459127
20
-55.956222051853004
0
VERTEX
8
L4
10
9.104600944154342
20
-55.900276380814475
0
VERTEX
8
L4
10
9.079172746437507
20
-55.84020191189613
0
VERTEX
8
L4
10
9.062362602642324
20
-55.77717053779931
0
VERTEX
8
L4
10
9.05449843385037
20
-55.71241183256086
0
VERTEX
8
L4
10
9.055733649025143
20
-55.647189065842326
0
VERTEX
8
L4
10
9.06604415241226
20
-55.58277455990731
0
VERTEX
8
L4
10
9.085228813583342
20
-55.52042487000673
0
VERTEX
8
L4
10
9.11291339095446
20
-55.46135627233647
0
VERTEX
8
L4
10
9.148557832241394
20
-55.40672103773195
0
VERTEX
8
L4
10
9.19146680943976
20
-55.35758495393666
0
VERTEX
8
L4
10
9.24080328282028
20
-55.31490653492515
0
VERTEX
8
L4
10
9.295604829341912
20
-55.279518322851274
0
VERTEX
8
L4
10
9.354802416959132
20
-55.25211064737069
0
SEQEND
0
POLYLINE
8
L4
66
1
70
1
0
VERTEX
8
L4
10
6.748607912642868
20
-55.03571161799284
0
VERTEX
8
L4
10
6.738818448226368
20
-55.036353253389805
0
VERTEX
8
L4
10
6.729196484260186
20
-55.03826718102116
0
VERTEX
8
L4
10
6.719906655215496
20
-55.041420653054494
0
VERTEX
8
L4
10
6.711107912642873
20
-55.04575971270901
0
VERTEX
8
L4
10
6.702950805467211
20
-55.051210117470994
0
VERTEX
8
L4
10
6.695574904053885
20
-55.057678609403844
0
VERTEX
8
L4
10
6.689106412121035
20
-55.065054510817184
0
VERTEX
8
L4
10
6.683656007359033
20
-55.07321161799284
0
VERTEX
8
L4
10
6.679316947704521
20
-55.082010360565455
0
VERTEX
8
L4
10
6.6761634756711885
20
-55.09130018961015
0
VERTEX
8
L4
10
6.674249548039839
20
-55.100922153576334
0
VERTEX
8
L4
10
6.673607912642865
20
-55.11071161799284
0
VERTEX
8
L4
10
6.674249548039839
20
-55.12050108240934
0
VERTEX
8
L4
10
6.6761634756711885
20
-55.13012304637553
0
VERTEX
8
L4
10
6.679316947704521
20
-55.13941287542022
0
VERTEX
8
L4
10
6.683656007359033
20
-55.148211617992835
0
VERTEX
8
L4
10
6.689106412121035
20
-55.15636872516849
0
VERTEX
8
L4
10
6.695574904053885
20
-55.16374462658183
0
VERTEX
8
L4
10
6.702950805467211
20
-55.17021311851468
0
VERTEX
8
L4
10
6.711107912642873
20
-55.17566352327667
0
VERTEX
8
L4
10
6.719906655215496
20
-55.18000258293119
0
VERTEX
8
L4
10
6.729196484260186
20
-55.18315605496452
0
VERTEX
8
L4
10
6.738818448226368
20
-55.18506998259588
0
VERTEX
8
L4
10
6.748607912642868
20
-55.18571161799284
0
VERTEX
8
L4
10
6.7583973770593815
20
-55.18506998259588
0
VERTEX
8
L4
10
6.768019341025564
20
-55.18315605496452
0
VERTEX
8
L4
10
6.777309170070254
20
-55.18000258293119
0
VERTEX
8
L4
10
6.786107912642876
20
-55.17566352327667
0
VERTEX
8
L4
10
6.794265019818525
20
-55.17021311851468
0
VERTEX
8
L4
10
6.801640921231865
20
-55.16374462658183
0
VERTEX
8
L4
10
6.808109413164715
20
-55.15636872516849
0
VERTEX
8
L4
10
6.813559817926702
20
-55.148211617992835
0
VERTEX
8
L4
10
6.817898877581214
20
-55.13941287542022
0
VERTEX
8
L4
10
6.821052349614547
20
-55.13012304637553
0
VERTEX
8
L4
10
6.822966277245911
20
-55.12050108240934
0
VERTEX
8
L4
10
6.823607912642871
20
-55.11071161799284
0
VERTEX
8
L4
10
6.822966277245911
20
-55.100922153576334
0
VERTEX
8
L4
10
6.821052349614547
20
-55.09130018961015
0
VERTEX
8
L4
10
6.817898877581214
20
-55.082010360565455
0
VERTEX
8
L4
10
6.813559817926702
20
-55.07321161799284
0
VERTEX
8
L4
10
6.808109413164715
20
-55.065054510817184
0
VERTEX
8
L4
10
6.801640921231865
20
-55.05767860940385
0
VERTEX
8
L4
10
6.794265019818525
20
-55.051210117470994
0
VERTEX
8
L4
10
6.786107912642876
20
-55.04575971270901
0
VERTEX
8
L4
10
6.777309170070254
20
-55.041420653054494
0
VERTEX
8
L4
10
6.768019341025564
20
-55.03826718102116
0
VERTEX
8
L4
10
6.7583973770593815
20
-55.036353253389805
0
VERTEX
8
L4
10
6.748607912642868
20
-55.03571161799284
0
SEQEND
0
POLYLINE
8
L4
66
1
70
1
0
VERTEX
8
L4
10
3.532934131736525
20
-53.577694610778444
0
VERTEX
8
L4
10
3.5231446673200253
20
-53.57833624617541
0
VERTEX
8
L4
10
3.5135227033538285
20
-53.58025017380676
0
VERTEX
8
L4
10
3.504232874309139
20
-53.5834036458401
0
VERTEX
8
L4
10
3.4954341317365163
20
-53.58774270549461
0
VERTEX
8
L4
10
3.4872770245608677
20
-53.5931931102566
0
VERTEX
8
L4
10
3.4799011231475276
20
-53.59966160218946
0
VERTEX
8
L4
10
3.4734326312146777
20
-53.60703750360279
0
VERTEX
8
L4
10
3.4679822264526905
20
-53.615194610778445
0
VERTEX
8
L4
10
3.463643166798178
20
-53.62399335335106
0
VERTEX
8
L4
10
3.4604896947648456
20
-53.63328318239576
0
VERTEX
8
L4
10
3.458575767133482
20
-53.64290514636194
0
VERTEX
8
L4
10
3.457934131736522
20
-53.65269461077845
0
VERTEX
8
L4
10
3.458575767133482
20
-53.662484075194946
0
VERTEX
8
L4
10
3.4604896947648456
20
-53.672106039161136
0
VERTEX
8
L4
10
3.463643166798178
20
-53.681395868205826
0
VERTEX
8
L4
10
3.4679822264526905
20
-53.69019461077844
0
VERTEX
8
L4
10
3.4734326312146777
20
-53.6983517179541
0
VERTEX
8
L4
10
3.4799011231475276
20
-53.70572761936744
0
VERTEX
8
L4
10
3.4872770245608677
20
-53.71219611130029
0
VERTEX
8
L4
10
3.4954341317365163
20
-53.717646516062274
0
VERTEX
8
L4
10
3.504232874309139
20
-53.72198557571679
0
VERTEX
8
L4
10
3.5135227033538285
20
-53.725139047750126
0
VERTEX
8
L4
10
3.5231446673200253
20
-53.72705297538148
0
VERTEX
8
L4
10
3.532934131736525
20
-53.72769461077844
0
VERTEX
8
L4
10
3.5427235961530243
20
-53.72705297538148
0
VERTEX
8
L4
10
3.552345560119207
20
-53.725139047750126
0
VERTEX
8
L4
10
3.5616353891639108
20
-53.72198557571679
0
VERTEX
8
L4
10
3.570434131736519
20
-53.717646516062274
0
VERTEX
8
L4
10
3.578591238912182
20
-53.71219611130029
0
VERTEX
8
L4
10
3.585967140325508
20
-53.70572761936744
0
VERTEX
8
L4
10
3.592435632258372
20
-53.6983517179541
0
VERTEX
8
L4
10
3.597886037020359
20
-53.69019461077844
0
VERTEX
8
L4
10
3.6022250966748715
20
-53.681395868205826
0
VERTEX
8
L4
10
3.605378568708204
20
-53.672106039161136
0
VERTEX
8
L4
10
3.6072924963395536
20
-53.662484075194946
0
VERTEX
8
L4
10
3.6079341317365277
20
-53.65269461077845
0
VERTEX
8
L4
10
3.6072924963395536
20
-53.64290514636194
0
VERTEX
8
L4
10
3.605378568708204
20
-53.63328318239576
0
VERTEX
8
L4
10
3.6022250966748715
20
-53.62399335335106
0
VERTEX
8
L4
10
3.597886037020359
20
-53.615194610778445
0
VERTEX
8
L4
10
3.592435632258372
20
-53.60703750360279
0
VERTEX
8
L4
10
3.585967140325508
20
-53.59966160218946
0
VERTEX
8
L4
10
3.578591238912182
20
-53.5931931102566
0
VERTEX
8
L4
10
3.570434131736519
20
-53.58774270549461
0
VERTEX
8
L4
10
3.5616353891639108
20
-53.5834036458401
0
VERTEX
8
L4
10
3.552345560119207
20
-53.58025017380677
0
VERTEX
8
L4
10
3.5427235961530243
20
-53.57833624617541
0
VERTEX
8
L4
10
3.532934131736525
20
-53.577694610778444
0
SEQEND
0
POLYLINE
8
L4
66
1
70
1
0
VERTEX
8
L4
10
1.2574850299401135
20
-55.61362275449102
0
VERTEX
8
L4
10
1.247695565523614
20
-55.614264389887985
0
VERTEX
8
L4
10
1.2380736015574172
20
-55.61617831751934
0
VERTEX
8
L4
10
1.2287837725127275
20
-55.619331789552675
0
VERTEX
8
L4
10
1.219985029940105
20
-55.62367084920719
0
VERTEX
8
L4
10
1.2118279227644564
20
-55.62912125396918
0
VERTEX
8
L4
10
1.2044520213511163
20
-55.63558974590203
0
VERTEX
8
L4
10
1.1979835294182664
20
-55.642965647315364
0
VERTEX
8
L4
10
1.1925331246562791
20
-55.65112275449102
0
VERTEX
8
L4
10
1.1881940650017668
20
-55.65992149706364
0
VERTEX
8
L4
10
1.1850405929684342
20
-55.66921132610833
0
VERTEX
8
L4
10
1.1831266653370704
20
-55.678833290074515
0
VERTEX
8
L4
10
1.1824850299401106
20
-55.68862275449102
0
VERTEX
8
L4
10
1.1831266653370704
20
-55.69841221890753
0
VERTEX
8
L4
10
1.1850405929684342
20
-55.70803418287371
0
VERTEX
8
L4
10
1.1881940650017668
20
-55.7173240119184
0
VERTEX
8
L4
10
1.1925331246562791
20
-55.72612275449102
0
VERTEX
8
L4
10
1.1979835294182664
20
-55.73427986166668
0
VERTEX
8
L4
10
1.2044520213511163
20
-55.74165576308001
0
VERTEX
8
L4
10
1.2118279227644564
20
-55.74812425501286
0
VERTEX
8
L4
10
1.219985029940105
20
-55.753574659774856
0
VERTEX
8
L4
10
1.2287837725127275
20
-55.75791371942937
0
VERTEX
8
L4
10
1.2380736015574172
20
-55.7610671914627
0
VERTEX
8
L4
10
1.247695565523614
20
-55.76298111909406
0
VERTEX
8
L4
10
1.2574850299401135
20
-55.763622754491024
0
VERTEX
8
L4
10
1.267274494356613
20
-55.76298111909406
0
VERTEX
8
L4
10
1.2768964583227955
20
-55.7610671914627
0
VERTEX
8
L4
10
1.2861862873674994
20
-55.75791371942937
0
VERTEX
8
L4
10
1.2949850299401078
20
-55.753574659774856
0
VERTEX
8
L4
10
1.3031421371157705
20
-55.74812425501286
0
VERTEX
8
L4
10
1.3105180385290964
20
-55.74165576308001
0
VERTEX
8
L4
10
1.3169865304619606
20
-55.73427986166668
0
VERTEX
8
L4
10
1.3224369352239478
20
-55.72612275449102
0
VERTEX
8
L4
10
1.32677599487846
20
-55.7173240119184
0
VERTEX
8
L4
10
1.3299294669117927
20
-55.70803418287371
0
VERTEX
8
L4
10
1.3318433945431423
20
-55.69841221890753
0
VERTEX
8
L4
10
1.3324850299401163
20
-55.68862275449102
0
VERTEX
8
L4
10
1.3318433945431423
20
-55.678833290074515
0
VERTEX
8
L4
10
1.3299294669117927
20
-55.66921132610833
0
VERTEX
8
L4
10
1.32677599487846
20
-55.65992149706364
0
VERTEX
8
L4
10
1.3224369352239478
20
-55.65112275449102
0
VERTEX
8
L4
10
1.3169865304619606
20
-55.642965647315364
0
VERTEX
8
L4
10
1.3105180385290964
20
-55.63558974590203
0
VERTEX
8
L4
10
1.3031421371157705
20
-55.62912125396918
0
VERTEX
8
L4
10
1.2949850299401078
20
-55.62367084920719
0
VERTEX
8
L4
10
1.2861862873674994
20
-55.619331789552675
0
VERTEX
8
L4
10
1.2768964583227955
20
-55.61617831751934
0
VERTEX
8
L4
10
1.267274494356613
20
-55.614264389887985
0
VERTEX
8
L4
10
1.2574850299401135
20
-55.61362275449102
0
SEQEND
0
POLYLINE
8
L4
66
1
70
1
0
VERTEX
8
L4
10
3.532934131736525
20
-53.14056886227545
0
VERTEX
8
L4
10
3.5231446673200253
20
-53.14121049767241
0
VERTEX
8
L4
10
3.5135227033538285
20
-53.14312442530377
0
VERTEX
8
L4
10
3.504232874309139
20
-53.1462778973371
0
VERTEX
8
L4
10
3.4954341317365163
20
-53.15061695699162
0
VERTEX
8
L4
10
3.4872770245608677
20
-53.15606736175361
0
VERTEX
8
L4
10
3.4799011231475276
20
-53.16253585368646
0
VERTEX
8
L4
10
3.4734326312146777
20
-53.1699117550998
0
VERTEX
8
L4
10
3.4679822264526905
20
-53.17806886227545
0
VERTEX
8
L4
10
3.463643166798178
20
-53.18686760484807
0
VERTEX
8
L4
10
3.4604896947648456
20
-53.196157433892765
0
VERTEX
8
L4
10
3.458575767133482
20
-53.20577939785895
0
VERTEX
8
L4
10
3.457934131736522
20
-53.21556886227545
0
VERTEX
8
L4
10
3.458575767133482
20
-53.22535832669195
0
VERTEX
8
L4
10
3.4604896947648456
20
-53.234980290658136
0
VERTEX
8
L4
10
3.463643166798178
20
-53.24427011970283
0
VERTEX
8
L4
10
3.4679822264526905
20
-53.25306886227545
0
VERTEX
8
L4
10
3.4734326312146777
20
-53.261225969451104
0
VERTEX
8
L4
10
3.4799011231475276
20
-53.268601870864444
0
VERTEX
8
L4
10
3.4872770245608677
20
-53.275070362797294
0
VERTEX
8
L4
10
3.4954341317365163
20
-53.28052076755928
0
VERTEX
8
L4
10
3.504232874309139
20
-53.28485982721379
0
VERTEX
8
L4
10
3.5135227033538285
20
-53.28801329924713
0
VERTEX
8
L4
10
3.5231446673200253
20
-53.28992722687848
0
VERTEX
8
L4
10
3.532934131736525
20
-53.29056886227545
0
VERTEX
8
L4
10
3.5427235961530243
20
-53.28992722687848
0
VERTEX
8
L4
10
3.552345560119207
20
-53.28801329924713
0
VERTEX
8
L4
10
3.5616353891639108
20
-53.28485982721379
0
VERTEX
8
L4
10
3.570434131736519
20
-53.28052076755928
0
VERTEX
8
L4
10
3.578591238912182
20
-53.275070362797294
0
VERTEX
8
L4
10
3.585967140325508
20
-53.268601870864444
0
VERTEX
8
L4
10
3.592435632258372
20
-53.261225969451104
0
VERTEX
8
L4
10
3.597886037020359
20
-53.25306886227545
0
VERTEX
8
L4
10
3.6022250966748715
20
-53.24427011970283
0
VERTEX
8
L4
10
3.605378568708204
20
-53.234980290658136
0
VERTEX
8
L4
10
3.6072924963395536
20
-53.22535832669195
0
VERTEX
8
L4
10
3.6079341317365277
20
-53.21556886227545
0
VERTEX
8
L4
10
3.6072924963395536
20
-53.20577939785895
0
VERTEX
8
L4
10
3.605378568708204
20
-53.196157433892765
0
VERTEX
8
L4
10
3.6022250966748715
20
-53.18686760484807
0
VERTEX
8
L4
10
3.597886037020359
20
-53.17806886227545
0
VERTEX
8
L4
10
3.592435632258372
20
-53.1699117550998
0
VERTEX
8
L4
10
3.585967140325508
20
-53.16253585368646
0
VERTEX
8
L4
10
3.578591238912182
20
-53.15606736175361
0
VERTEX
8
L4
10
3.570434131736519
20
-53.15061695699162
0
VERTEX
8
L4
10
3.5616353891639108
20
-53.1462778973371
0
VERTEX
8
L4
10
3.552345560119207
20
-53.14312442530377
0
VERTEX
8
L4
10
3.5427235961530243
20
-53.14121049767241
0
VERTEX
8
L4
10
3.532934131736525
20
-53.14056886227545
0
SEQEND
0
POLYLINE
8
L4
66
1
70
1
0
VERTEX
8
L4
10
4.1317365269461135
20
-55.61362275449102
0
VERTEX
8
L4
10
4.1219470625296
20
-55.614264389887985
0
VERTEX
8
L4
10
4.112325098563417
20
-55.61617831751934
0
VERTEX
8
L4
10
4.1030352695187275
20
-55.619331789552675
0
VERTEX
8
L4
10
4.094236526946105
20
-55.62367084920719
0
VERTEX
8
L4
10
4.086079419770456
20
-55.62912125396918
0
VERTEX
8
L4
10
4.078703518357116
20
-55.63558974590203
0
VERTEX
8
L4
10
4.072235026424266
20
-55.642965647315364
0
VERTEX
8
L4
10
4.066784621662279
20
-55.65112275449102
0
VERTEX
8
L4
10
4.062445562007767
20
-55.65992149706364
0
VERTEX
8
L4
10
4.05929208997442
20
-55.66921132610833
0
VERTEX
8
L4
10
4.0573781623430705
20
-55.678833290074515
0
VERTEX
8
L4
10
4.056736526946111
20
-55.68862275449102
0
VERTEX
8
L4
10
4.0573781623430705
20
-55.69841221890753
0
VERTEX
8
L4
10
4.05929208997442
20
-55.70803418287371
0
VERTEX
8
L4
10
4.062445562007767
20
-55.7173240119184
0
VERTEX
8
L4
10
4.066784621662279
20
-55.72612275449102
0
VERTEX
8
L4
10
4.072235026424266
20
-55.73427986166668
0
VERTEX
8
L4
10
4.078703518357116
20
-55.74165576308001
0
VERTEX
8
L4
10
4.086079419770456
20
-55.74812425501286
0
VERTEX
8
L4
10
4.094236526946105
20
-55.753574659774856
0
VERTEX
8
L4
10
4.1030352695187275
20
-55.75791371942937
0
VERTEX
8
L4
10
4.112325098563417
20
-55.7610671914627
0
VERTEX
8
L4
10
4.1219470625296
20
-55.76298111909406
0
VERTEX
8
L4
10
4.1317365269461135
20
-55.763622754491024
0
VERTEX
8
L4
10
4.141525991362613
20
-55.76298111909406
0
VERTEX
8
L4
10
4.1511479553287955
20
-55.7610671914627
0
VERTEX
8
L4
10
4.160437784373485
20
-55.75791371942937
0
VERTEX
8
L4
10
4.169236526946108
20
-55.753574659774856
0
VERTEX
8
L4
10
4.177393634121756
20
-55.74812425501286
0
VERTEX
8
L4
10
4.1847695355350965
20
-55.74165576308001
0
VERTEX
8
L4
10
4.191238027467946
20
-55.73427986166668
0
VERTEX
8
L4
10
4.196688432229934
20
-55.72612275449102
0
VERTEX
8
L4
10
4.201027491884446
20
-55.7173240119184
0
VERTEX
8
L4
10
4.204180963917793
20
-55.70803418287371
0
VERTEX
8
L4
10
4.206094891549142
20
-55.69841221890753
0
VERTEX
8
L4
10
4.206736526946102
20
-55.68862275449102
0
VERTEX
8
L4
10
4.206094891549142
20
-55.678833290074515
0
VERTEX
8
L4
10
4.204180963917793
20
-55.66921132610833
0
VERTEX
8
L4
10
4.201027491884446
20
-55.65992149706364
0
VERTEX
8
L4
10
4.196688432229934
20
-55.65112275449102
0
VERTEX
8
L4
10
4.191238027467946
20
-55.642965647315364
0
VERTEX
8
L4
10
4.1847695355350965
20
-55.63558974590203
0
VERTEX
8
L4
10
4.177393634121756
20
-55.62912125396918
0
VERTEX
8
L4
10
4.169236526946108
20
-55.62367084920719
0
VERTEX
8
L4
10
4.160437784373485
20
-55.619331789552675
0
VERTEX
8
L4
10
4.1511479553287955
20
-55.61617831751934
0
VERTEX
8
L4
10
4.141525991362613
20
-55.614264389887985
0
VERTEX
8
L4
10
4.1317365269461135
20
-55.61362275449102
0
SEQEND
0
POLYLINE
8
L4
66
1
70
1
0
VERTEX
8
L4
10
1.6167664670658581
20
-53.577694610778444
0
VERTEX
8
L4
10
1.6069770026493586
20
-53.57833624617541
0
VERTEX
8
L4
10
1.597355038683176
20
-53.58025017380676
0
VERTEX
8
L4
10
1.5880652096384864
20
-53.5834036458401
0
VERTEX
8
L4
10
1.5792664670658638
20
-53.58774270549461
0
VERTEX
8
L4
10
1.571109359890201
20
-53.5931931102566
0
VERTEX
8
L4
10
1.5637334584768752
20
-53.59966160218946
0
VERTEX
8
L4
10
1.5572649665440252
20
-53.60703750360279
0
VERTEX
8
L4
10
1.5518145617820238
20
-53.615194610778445
0
VERTEX
8
L4
10
1.5474755021275115
20
-53.62399335335106
0
VERTEX
8
L4
10
1.544322030094179
20
-53.63328318239576
0
VERTEX
8
L4
10
1.5424081024628293
20
-53.64290514636194
0
VERTEX
8
L4
10
1.5417664670658553
20
-53.65269461077845
0
VERTEX
8
L4
10
1.5424081024628293
20
-53.662484075194946
0
VERTEX
8
L4
10
1.544322030094179
20
-53.672106039161136
0
VERTEX
8
L4
10
1.5474755021275115
20
-53.681395868205826
0
VERTEX
8
L4
10
1.5518145617820238
20
-53.69019461077844
0
VERTEX
8
L4
10
1.5572649665440252
20
-53.6983517179541
0
VERTEX
8
L4
10
1.5637334584768752
20
-53.70572761936744
0
VERTEX
8
L4
10
1.571109359890201
20
-53.71219611130029
0
VERTEX
8
L4
10
1.5792664670658638
20
-53.717646516062274
0
VERTEX
8
L4
10
1.5880652096384864
20
-53.72198557571679
0
VERTEX
8
L4
10
1.597355038683176
20
-53.725139047750126
0
VERTEX
8
L4
10
1.6069770026493586
20
-53.72705297538148
0
VERTEX
8
L4
10
1.6167664670658581
20
-53.72769461077844
0
VERTEX
8
L4
10
1.6265559314823577
20
-53.72705297538148
0
VERTEX
8
L4
10
1.6361778954485544
20
-53.725139047750126
0
VERTEX
8
L4
10
1.645467724493244
20
-53.72198557571679
0
VERTEX
8
L4
10
1.6542664670658667
20
-53.717646516062274
0
VERTEX
8
L4
10
1.6624235742415152
20
-53.71219611130029
0
VERTEX
8
L4
10
1.6697994756548553
20
-53.70572761936744
0
VERTEX
8
L4
10
1.6762679675877052
20
-53.6983517179541
0
VERTEX
8
L4
10
1.6817183723496925
20
-53.69019461077844
0
VERTEX
8
L4
10
1.6860574320042048
20
-53.681395868205826
0
VERTEX
8
L4
10
1.6892109040375374
20
-53.672106039161136
0
VERTEX
8
L4
10
1.6911248316689012
20
-53.662484075194946
0
VERTEX
8
L4
10
1.691766467065861
20
-53.65269461077845
0
VERTEX
8
L4
10
1.6911248316689012
20
-53.64290514636194
0
VERTEX
8
L4
10
1.6892109040375374
20
-53.63328318239576
0
VERTEX
8
L4
10
1.6860574320042048
20
-53.62399335335106
0
VERTEX
8
L4
10
1.6817183723496925
20
-53.615194610778445
0
VERTEX
8
L4
10
1.6762679675877052
20
-53.60703750360279
0
VERTEX
8
L4
10
1.6697994756548553
20
-53.59966160218946
0
VERTEX
8
L4
10
1.6624235742415152
20
-53.5931931102566
0
VERTEX
8
L4
10
1.6542664670658667
20
-53.58774270549461
0
VERTEX
8
L4
10
1.645467724493244
20
-53.5834036458401
0
VERTEX
8
L4
10
1.6361778954485544
20
-53.58025017380677
0
VERTEX
8
L4
10
1.6265559314823577
20
-53.57833624617541
0
VERTEX
8
L4
10
1.6167664670658581
20
-53.577694610778444
0
SEQEND
0
POLYLINE
8
L4
66
1
70
1
0
VERTEX
8
L4
10
4.029835201129586
20
-55.03571161799284
0
VERTEX
8
L4
10
4.020045736713072
20
-55.036353253389805
0
VERTEX
8
L4
10
4.01042377274689
20
-55.03826718102116
0
VERTEX
8
L4
10
4.0011339437022
20
-55.041420653054494
0
VERTEX
8
L4
10
3.9923352011295776
20
-55.04575971270901
0
VERTEX
8
L4
10
3.984178093953929
20
-55.051210117470994
0
VERTEX
8
L4
10
3.976802192540589
20
-55.057678609403844
0
VERTEX
8
L4
10
3.970333700607739
20
-55.065054510817184
0
VERTEX
8
L4
10
3.964883295845752
20
-55.07321161799284
0
VERTEX
8
L4
10
3.9605442361912395
20
-55.082010360565455
0
VERTEX
8
L4
10
3.957390764157907
20
-55.09130018961015
0
VERTEX
8
L4
10
3.955476836526543
20
-55.100922153576334
0
VERTEX
8
L4
10
3.9548352011295833
20
-55.11071161799284
0
VERTEX
8
L4
10
3.955476836526543
20
-55.12050108240934
0
VERTEX
8
L4
10
3.957390764157907
20
-55.13012304637553
0
VERTEX
8
L4
10
3.9605442361912395
20
-55.13941287542022
0
VERTEX
8
L4
10
3.964883295845752
20
-55.148211617992835
0
VERTEX
8
L4
10
3.970333700607739
20
-55.15636872516849
0
VERTEX
8
L4
10
3.976802192540589
20
-55.16374462658183
0
VERTEX
8
L4
10
3.984178093953929
20
-55.17021311851468
0
VERTEX
8
L4
10
3.9923352011295776
20
-55.17566352327667
0
VERTEX
8
L4
10
4.0011339437022
20
-55.18000258293119
0
VERTEX
8
L4
10
4.01042377274689
20
-55.18315605496452
0
VERTEX
8
L4
10
4.020045736713072
20
-55.18506998259588
0
VERTEX
8
L4
10
4.029835201129586
20
-55.18571161799284
0
VERTEX
8
L4
10
4.039624665546086
20
-55.18506998259588
0
VERTEX
8
L4
10
4.049246629512268
20
-55.18315605496452
0
VERTEX
8
L4
10
4.058536458556958
20
-55.18000258293119
0
VERTEX
8
L4
10
4.0673352011295805
20
-55.17566352327667
0
VERTEX
8
L4
10
4.075492308305243
20
-55.17021311851468
0
VERTEX
8
L4
10
4.082868209718569
20
-55.16374462658183
0
VERTEX
8
L4
10
4.089336701651419
20
-55.15636872516849
0
VERTEX
8
L4
10
4.0947871064134205
20
-55.148211617992835
0
VERTEX
8
L4
10
4.099126166067933
20
-55.13941287542022
0
VERTEX
8
L4
10
4.102279638101265
20
-55.13012304637553
0
VERTEX
8
L4
10
4.104193565732615
20
-55.12050108240934
0
VERTEX
8
L4
10
4.104835201129589
20
-55.11071161799284
0
VERTEX
8
L4
10
4.104193565732615
20
-55.100922153576334
0
VERTEX
8
L4
10
4.102279638101265
20
-55.09130018961015
0
VERTEX
8
L4
10
4.099126166067933
20
-55.082010360565455
0
VERTEX
8
L4
10
4.0947871064134205
20
-55.07321161799284
0
VERTEX
8
L4
10
4.089336701651419
20
-55.065054510817184
0
VERTEX
8
L4
10
4.082868209718569
20
-55.05767860940385
0
VERTEX
8
L4
10
4.075492308305243
20
-55.051210117470994
0
VERTEX
8
L4
10
4.0673352011295805
20
-55.04575971270901
0
VERTEX
8
L4
10
4.058536458556958
20
-55.041420653054494
0
VERTEX
8
L4
10
4.049246629512268
20
-55.03826718102116
0
VERTEX
8
L4
10
4.039624665546086
20
-55.036353253389805
0
VERTEX
8
L4
10
4.029835201129586
20
-55.03571161799284
0
SEQEND
0
POLYLINE
8
L4
66
1
70
1
0
VERTEX
8
L4
10
5.389221556886227
20
-56.69146706586827
0
VERTEX
8
L4
10
5.379432092469727
20
-56.692108701265234
0
VERTEX
8
L4
10
5.369810128503545
20
-56.69402262889659
0
VERTEX
8
L4
10
5.360520299458841
20
-56.69717610092992
0
VERTEX
8
L4
10
5.351721556886233
20
-56.701515160584435
0
VERTEX
8
L4
10
5.34356444971057
20
-56.70696556534643
0
VERTEX
8
L4
10
5.33618854829723
20
-56.71343405727928
0
VERTEX
8
L4
10
5.32972005636438
20
-56.72080995869261
0
VERTEX
8
L4
10
5.324269651602393
20
-56.72896706586827
0
VERTEX
8
L4
10
5.31993059194788
20
-56.737765808440884
0
VERTEX
8
L4
10
5.316777119914548
20
-56.74705563748558
0
VERTEX
8
L4
10
5.314863192283198
20
-56.75667760145176
0
VERTEX
8
L4
10
5.314221556886224
20
-56.76646706586827
0
VERTEX
8
L4
10
5.314863192283198
20
-56.77625653028477
0
VERTEX
8
L4
10
5.316777119914548
20
-56.78587849425096
0
VERTEX
8
L4
10
5.31993059194788
20
-56.79516832329565
0
VERTEX
8
L4
10
5.324269651602393
20
-56.80396706586827
0
VERTEX
8
L4
10
5.32972005636438
20
-56.81212417304392
0
VERTEX
8
L4
10
5.33618854829723
20
-56.81950007445726
0
VERTEX
8
L4
10
5.34356444971057
20
-56.82596856639011
0
VERTEX
8
L4
10
5.351721556886233
20
-56.831418971152104
0
VERTEX
8
L4
10
5.360520299458841
20
-56.835758030806616
0
VERTEX
8
L4
10
5.369810128503545
20
-56.83891150283995
0
VERTEX
8
L4
10
5.379432092469727
20
-56.840825430471305
0
VERTEX
8
L4
10
5.389221556886227
20
-56.841467065868265
0
VERTEX
8
L4
10
5.3990110213027265
20
-56.840825430471305
0
VERTEX
8
L4
10
5.408632985268909
20
-56.83891150283995
0
VERTEX
8
L4
10
5.417922814313613
20
-56.835758030806616
0
VERTEX
8
L4
10
5.426721556886221
20
-56.831418971152104
0
VERTEX
8
L4
10
5.434878664061884
20
-56.82596856639011
0
VERTEX
8
L4
10
5.442254565475224
20
-56.81950007445726
0
VERTEX
8
L4
10
5.448723057408074
20
-56.81212417304392
0
VERTEX
8
L4
10
5.454173462170061
20
-56.80396706586827
0
VERTEX
8
L4
10
5.458512521824574
20
-56.79516832329565
0
VERTEX
8
L4
10
5.461665993857906
20
-56.78587849425096
0
VERTEX
8
L4
10
5.463579921489256
20
-56.77625653028477
0
VERTEX
8
L4
10
5.46422155688623
20
-56.76646706586827
0
VERTEX
8
L4
10
5.463579921489256
20
-56.75667760145176
0
VERTEX
8
L4
10
5.461665993857906
20
-56.74705563748558
0
VERTEX
8
L4
10
5.458512521824574
20
-56.737765808440884
0
VERTEX
8
L4
10
5.454173462170061
20
-56.72896706586827
0
VERTEX
8
L4
10
5.448723057408074
20
-56.72080995869261
0
VERTEX
8
L4
10
5.442254565475224
20
-56.71343405727928
0
VERTEX
8
L4
10
5.434878664061884
20
-56.70696556534643
0
VERTEX
8
L4
10
5.426721556886221
20
-56.701515160584435
0
VERTEX
8
L4
10
5.417922814313613
20
-56.69717610092992
0
VERTEX
8
L4
10
5.408632985268909
20
-56.69402262889659
0
VERTEX
8
L4
10
5.3990110213027265
20
-56.692108701265234
0
VERTEX
8
L4
10
5.389221556886227
20
-56.69146706586827
0
SEQEND
0
POLYLINE
8
L4
66
1
70
1
0
VERTEX
8
L4
10
9.161676646706596
20
-53.577694610778444
0
VERTEX
8
L4
10
9.151887182290096
20
-53.57833624617541
0
VERTEX
8
L4
10
9.1422652183239
20
-53.58025017380676
0
VERTEX
8
L4
10
9.13297538927921
20
-53.5834036458401
0
VERTEX
8
L4
10
9.124176646706587
20
-53.58774270549461
0
VERTEX
8
L4
10
9.116019539530939
20
-53.5931931102566
0
VERTEX
8
L4
10
9.108643638117599
20
-53.59966160218946
0
VERTEX
8
L4
10
9.102175146184749
20
-53.60703750360279
0
VERTEX
8
L4
10
9.096724741422761
20
-53.615194610778445
0
VERTEX
8
L4
10
9.09238568176825
20
-53.62399335335106
0
VERTEX
8
L4
10
9.089232209734917
20
-53.63328318239576
0
VERTEX
8
L4
10
9.087318282103553
20
-53.64290514636194
0
VERTEX
8
L4
10
9.086676646706593
20
-53.65269461077845
0
VERTEX
8
L4
10
9.087318282103553
20
-53.662484075194946
0
VERTEX
8
L4
10
9.089232209734917
20
-53.672106039161136
0
VERTEX
8
L4
10
9.09238568176825
20
-53.681395868205826
0
VERTEX
8
L4
10
9.096724741422761
20
-53.69019461077844
0
VERTEX
8
L4
10
9.102175146184749
20
-53.6983517179541
0
VERTEX
8
L4
10
9.108643638117599
20
-53.70572761936744
0
VERTEX
8
L4
10
9.116019539530939
20
-53.71219611130029
0
VERTEX
8
L4
10
9.124176646706587
20
-53.717646516062274
0
VERTEX
8
L4
10
9.13297538927921
20
-53.72198557571679
0
VERTEX
8
L4
10
9.1422652183239
20
-53.725139047750126
0
VERTEX
8
L4
10
9.151887182290096
20
-53.72705297538148
0
VERTEX
8
L4
10
9.161676646706596
20
-53.72769461077844
0
VERTEX
8
L4
10
9.171466111123095
20
-53.72705297538148
0
VERTEX
8
L4
10
9.181088075089278
20
-53.725139047750126
0
VERTEX
8
L4
10
9.190377904133967
20
-53.72198557571679
0
VERTEX
8
L4
10
9.19917664670659
20
-53.717646516062274
0
VERTEX
8
L4
10
9.207333753882253
20
-53.71219611130029
0
VERTEX
8
L4
10
9.214709655295579
20
-53.70572761936744
0
VERTEX
8
L4
10
9.221178147228429
20
-53.6983517179541
0
VERTEX
8
L4
10
9.22662855199043
20
-53.69019461077844
0
VERTEX
8
L4
10
9.230967611644942
20
-53.681395868205826
0
VERTEX
8
L4
10
9.234121083678275
20
-53.672106039161136
0
VERTEX
8
L4
10
9.236035011309625
20
-53.662484075194946
0
VERTEX
8
L4
10
9.236676646706599
20
-53.65269461077845
0
VERTEX
8
L4
10
9.236035011309625
20
-53.64290514636194
0
VERTEX
8
L4
10
9.234121083678275
20
-53.63328318239576
0
VERTEX
8
L4
10
9.230967611644942
20
-53.62399335335106
0
VERTEX
8
L4
10
9.22662855199043
20
-53.615194610778445
0
VERTEX
8
L4
10
9.221178147228429
20
-53.60703750360279
0
VERTEX
8
L4
10
9.214709655295579
20
-53.59966160218946
0
VERTEX
8
L4
10
9.207333753882253
20
-53.5931931102566
0
VERTEX
8
L4
10
9.19917664670659
20
-53.58774270549461
0
VERTEX
8
L4
10
9.190377904133967
20
-53.5834036458401
0
VERTEX
8
L4
10
9.181088075089278
20
-53.58025017380677
0
VERTEX
8
L4
10
9.171466111123095
20
-53.57833624617541
0
VERTEX
8
L4
10
9.161676646706596
20
-53.577694610778444
0
SEQEND
0
POLYLINE
8
L4
66
1
70
1
0
VERTEX
8
L4
10
5.389221556886227
20
-55.73338323353294
0
VERTEX
8
L4
10
5.379432092469727
20
-55.7340248689299
0
VERTEX
8
L4
10
5.369810128503545
20
-55.73593879656126
0
VERTEX
8
L4
10
5.360520299458841
20
-55.73909226859459
0
VERTEX
8
L4
10
5.351721556886233
20
-55.7434313282491
0
VERTEX
8
L4
10
5.34356444971057
20
-55.748881733011096
0
VERTEX
8
L4
10
5.33618854829723
20
-55.755350224943946
0
VERTEX
8
L4
10
5.32972005636438
20
-55.762726126357286
0
VERTEX
8
L4
10
5.324269651602393
20
-55.770883233532935
0
VERTEX
8
L4
10
5.31993059194788
20
-55.77968197610556
0
VERTEX
8
L4
10
5.316777119914548
20
-55.78897180515025
0
VERTEX
8
L4
10
5.314863192283198
20
-55.79859376911644
0
VERTEX
8
L4
10
5.314221556886224
20
-55.808383233532936
0
VERTEX
8
L4
10
5.314863192283198
20
-55.81817269794944
0
VERTEX
8
L4
10
5.316777119914548
20
-55.827794661915625
0
VERTEX
8
L4
10
5.31993059194788
20
-55.83708449096032
0
VERTEX
8
L4
10
5.324269651602393
20
-55.84588323353294
0
VERTEX
8
L4
10
5.32972005636438
20
-55.85404034070859
0
VERTEX
8
L4
10
5.33618854829723
20
-55.861416242121926
0
VERTEX
8
L4
10
5.34356444971057
20
-55.86788473405478
0
VERTEX
8
L4
10
5.351721556886233
20
-55.87333513881677
0
VERTEX
8
L4
10
5.360520299458841
20
-55.87767419847128
0
VERTEX
8
L4
10
5.369810128503545
20
-55.880827670504615
0
VERTEX
8
L4
10
5.379432092469727
20
-55.88274159813597
0
VERTEX
8
L4
10
5.389221556886227
20
-55.88338323353294
0
VERTEX
8
L4
10
5.3990110213027265
20
-55.88274159813597
0
VERTEX
8
L4
10
5.408632985268909
20
-55.880827670504615
0
VERTEX
8
L4
10
5.417922814313613
20
-55.87767419847128
0
VERTEX
8
L4
10
5.426721556886221
20
-55.87333513881677
0
VERTEX
8
L4
10
5.434878664061884
20
-55.86788473405478
0
VERTEX
8
L4
10
5.442254565475224
20
-55.861416242121926
0
VERTEX
8
L4
10
5.448723057408074
20
-55.85404034070859
0
VERTEX
8
L4
10
5.454173462170061
20
-55.84588323353294
0
VERTEX
8
L4
10
5.458512521824574
20
-55.83708449096032
0
VERTEX
8
L4
10
5.461665993857906
20
-55.827794661915625
0
VERTEX
8
L4
10
5.463579921489256
20
-55.81817269794944
0
VERTEX
8
L4
10
5.46422155688623
20
-55.808383233532936
0
VERTEX
8
L4
10
5.463579921489256
20
-55.79859376911644
0
VERTEX
8
L4
10
5.461665993857906
20
-55.78897180515025
0
VERTEX
8
L4
10
5.458512521824574
20
-55.77968197610556
0
VERTEX
8
L4
10
5.454173462170061
20
-55.770883233532935
0
VERTEX
8
L4
10
5.448723057408074
20
-55.762726126357286
0
VERTEX
8
L4
10
5.442254565475224
20
-55.755350224943946
0
VERTEX
8
L4
10
5.434878664061884
20
-55.748881733011096
0
VERTEX
8
L4
10
5.426721556886221
20
-55.7434313282491
0
VERTEX
8
L4
10
5.417922814313613
20
-55.73909226859459
0
VERTEX
8
L4
10
5.408632985268909
20
-55.73593879656126
0
VERTEX
8
L4
10
5.3990110213027265
20
-55.7340248689299
0
VERTEX
8
L4
10
5.389221556886227
20
-55.73338323353294
0
SEQEND
0
POLYLINE
8
L4
66
1
70
1
0
VERTEX
8
L4
10
5.389221556886227
20
-54.77529940119761
0
VERTEX
8
L4
10
5.379432092469727
20
-54.775941036594574
0
VERTEX
8
L4
10
5.369810128503545
20
-54.77785496422593
0
VERTEX
8
L4
10
5.360520299458841
20
-54.78100843625926
0
VERTEX
8
L4
10
5.351721556886233
20
-54.785347495913776
0
VERTEX
8
L4
10
5.34356444971057
20
-54.79079790067576
0
VERTEX
8
L4
10
5.33618854829723
20
-54.79726639260862
0
VERTEX
8
L4
10
5.32972005636438
20
-54.80464229402195
0
VERTEX
8
L4
10
5.324269651602393
20
-54.81279940119761
0
VERTEX
8
L4
10
5.31993059194788
20
-54.821598143770224
0
VERTEX
8
L4
10
5.316777119914548
20
-54.83088797281492
0
VERTEX
8
L4
10
5.314863192283198
20
-54.8405099367811
0
VERTEX
8
L4
10
5.314221556886224
20
-54.85029940119761
0
VERTEX
8
L4
10
5.314863192283198
20
-54.86008886561411
0
VERTEX
8
L4
10
5.316777119914548
20
-54.8697108295803
0
VERTEX
8
L4
10
5.31993059194788
20
-54.87900065862499
0
VERTEX
8
L4
10
5.324269651602393
20
-54.887799401197604
0
VERTEX
8
L4
10
5.32972005636438
20
-54.89595650837326
0
VERTEX
8
L4
10
5.33618854829723
20
-54.9033324097866
0
VERTEX
8
L4
10
5.34356444971057
20
-54.90980090171945
0
VERTEX
8
L4
10
5.351721556886233
20
-54.91525130648144
0
VERTEX
8
L4
10
5.360520299458841
20
-54.91959036613596
0
VERTEX
8
L4
10
5.369810128503545
20
-54.92274383816929
0
VERTEX
8
L4
10
5.379432092469727
20
-54.924657765800646
0
VERTEX
8
L4
10
5.389221556886227
20
-54.925299401197606
0
VERTEX
8
L4
10
5.3990110213027265
20
-54.924657765800646
0
VERTEX
8
L4
10
5.408632985268909
20
-54.92274383816929
0
VERTEX
8
L4
10
5.417922814313613
20
-54.91959036613596
0
VERTEX
8
L4
10
5.426721556886221
20
-54.91525130648144
0
VERTEX
8
L4
10
5.434878664061884
20
-54.90980090171945
0
VERTEX
8
L4
10
5.442254565475224
20
-54.9033324097866
0
VERTEX
8
L4
10
5.448723057408074
20
-54.89595650837326
0
VERTEX
8
L4
10
5.454173462170061
20
-54.887799401197604
0
VERTEX
8
L4
10
5.458512521824574
20
-54.87900065862499
0
VERTEX
8
L4
10
5.461665993857906
20
-54.8697108295803
0
VERTEX
8
L4
10
5.463579921489256
20
-54.86008886561411
0
VERTEX
8
L4
10
5.46422155688623
20
-54.85029940119761
0
VERTEX
8
L4
10
5.463579921489256
20
-54.8405099367811
0
VERTEX
8
L4
10
5.461665993857906
20
-54.83088797281492
0
VERTEX
8
L4
10
5.458512521824574
20
-54.821598143770224
0
VERTEX
8
L4
10
5.454173462170061
20
-54.81279940119761
0
VERTEX
8
L4
10
5.448723057408074
20
-54.80464229402195
0
VERTEX
8
L4
10
5.442254565475224
20
-54.79726639260862
0
VERTEX
8
L4
10
5.434878664061884
20
-54.79079790067576
0
VERTEX
8
L4
10
5.426721556886221
20
-54.785347495913776
0
VERTEX
8
L4
10
5.417922814313613
20
-54.78100843625926
0
VERTEX
8
L4
10
5.408632985268909
20
-54.77785496422593
0
VERTEX
8
L4
10
5.3990110213027265
20
-54.775941036594574
0
VERTEX
8
L4
10
5.389221556886227
20
-54.77529940119761
0
SEQEND
0
POLYLINE
8
L4
66
1
70
1
0
VERTEX
8
L4
10
9.52095808383234
20
-55.61362275449102
0
VERTEX
8
L4
10
9.511168619415841
20
-55.614264389887985
0
VERTEX
8
L4
10
9.501546655449658
20
-55.61617831751934
0
VERTEX
8
L4
10
9.492256826404954
20
-55.619331789552675
0
VERTEX
8
L4
10
9.483458083832346
20
-55.62367084920719
0
VERTEX
8
L4
10
9.475300976656683
20
-55.62912125396918
0
VERTEX
8
L4
10
9.467925075243357
20
-55.63558974590203
0
VERTEX
8
L4
10
9.461456583310493
20
-55.642965647315364
0
VERTEX
8
L4
10
9.456006178548506
20
-55.65112275449102
0
VERTEX
8
L4
10
9.451667118893994
20
-55.65992149706364
0
VERTEX
8
L4
10
9.448513646860661
20
-55.66921132610833
0
VERTEX
8
L4
10
9.446599719229312
20
-55.678833290074515
0
VERTEX
8
L4
10
9.445958083832338
20
-55.68862275449102
0
VERTEX
8
L4
10
9.446599719229312
20
-55.69841221890753
0
VERTEX
8
L4
10
9.448513646860661
20
-55.70803418287371
0
VERTEX
8
L4
10
9.451667118893994
20
-55.7173240119184
0
VERTEX
8
L4
10
9.456006178548506
20
-55.72612275449102
0
VERTEX
8
L4
10
9.461456583310493
20
-55.73427986166668
0
VERTEX
8
L4
10
9.467925075243357
20
-55.74165576308001
0
VERTEX
8
L4
10
9.475300976656683
20
-55.74812425501286
0
VERTEX
8
L4
10
9.483458083832346
20
-55.753574659774856
0
VERTEX
8
L4
10
9.492256826404954
20
-55.75791371942937
0
VERTEX
8
L4
10
9.501546655449658
20
-55.7610671914627
0
VERTEX
8
L4
10
9.511168619415841
20
-55.76298111909406
0
VERTEX
8
L4
10
9.52095808383234
20
-55.763622754491024
0
VERTEX
8
L4
10
9.53074754824884
20
-55.76298111909406
0
VERTEX
8
L4
10
9.540369512215037
20
-55.7610671914627
0
VERTEX
8
L4
10
9.549659341259726
20
-55.75791371942937
0
VERTEX
8
L4
10
9.558458083832349
20
-55.753574659774856
0
VERTEX
8
L4
10
9.566615191007998
20
-55.74812425501286
0
VERTEX
8
L4
10
9.573991092421338
20
-55.74165576308001
0
VERTEX
8
L4
10
9.580459584354188
20
-55.73427986166668
0
VERTEX
8
L4
10
9.585909989116175
20
-55.72612275449102
0
VERTEX
8
L4
10
9.590249048770687
20
-55.7173240119184
0
VERTEX
8
L4
10
9.59340252080402
20
-55.70803418287371
0
VERTEX
8
L4
10
9.595316448435383
20
-55.69841221890753
0
VERTEX
8
L4
10
9.595958083832343
20
-55.68862275449102
0
VERTEX
8
L4
10
9.595316448435383
20
-55.678833290074515
0
VERTEX
8
L4
10
9.59340252080402
20
-55.66921132610833
0
VERTEX
8
L4
10
9.590249048770687
20
-55.65992149706364
0
VERTEX
8
L4
10
9.585909989116175
20
-55.65112275449102
0
VERTEX
8
L4
10
9.580459584354188
20
-55.642965647315364
0
VERTEX
8
L4
10
9.573991092421338
20
-55.63558974590203
0
VERTEX
8
L4
10
9.566615191007998
20
-55.62912125396918
0
VERTEX
8
L4
10
9.558458083832349
20
-55.62367084920719
0
VERTEX
8
L4
10
9.549659341259726
20
-55.619331789552675
0
VERTEX
8
L4
10
9.540369512215037
20
-55.61617831751934
0
VERTEX
8
L4
10
9.53074754824884
20
-55.614264389887985
0
VERTEX
8
L4
10
9.52095808383234
20
-55.61362275449102
0
SEQEND
0
POLYLINE
8
L4
66
1
70
1
0
VERTEX
8
L4
10
5.389221556886227
20
-53.81721556886228
0
VERTEX
8
L4
10
5.379432092469727
20
-53.81785720425924
0
VERTEX
8
L4
10
5.369810128503545
20
-53.8197711318906
0
VERTEX
8
L4
10
5.360520299458841
20
-53.82292460392393
0
VERTEX
8
L4
10
5.351721556886233
20
-53.82726366357844
0
VERTEX
8
L4
10
5.34356444971057
20
-53.83271406834044
0
VERTEX
8
L4
10
5.33618854829723
20
-53.83918256027329
0
VERTEX
8
L4
10
5.32972005636438
20
-53.84655846168663
0
VERTEX
8
L4
10
5.324269651602393
20
-53.854715568862275
0
VERTEX
8
L4
10
5.31993059194788
20
-53.8635143114349
0
VERTEX
8
L4
10
5.316777119914548
20
-53.87280414047959
0
VERTEX
8
L4
10
5.314863192283198
20
-53.88242610444578
0
VERTEX
8
L4
10
5.314221556886224
20
-53.89221556886228
0
VERTEX
8
L4
10
5.314863192283198
20
-53.90200503327878
0
VERTEX
8
L4
10
5.316777119914548
20
-53.911626997244966
0
VERTEX
8
L4
10
5.31993059194788
20
-53.92091682628966
0
VERTEX
8
L4
10
5.324269651602393
20
-53.92971556886228
0
VERTEX
8
L4
10
5.32972005636438
20
-53.937872676037934
0
VERTEX
8
L4
10
5.33618854829723
20
-53.94524857745127
0
VERTEX
8
L4
10
5.34356444971057
20
-53.951717069384124
0
VERTEX
8
L4
10
5.351721556886233
20
-53.95716747414611
0
VERTEX
8
L4
10
5.360520299458841
20
-53.96150653380062
0
VERTEX
8
L4
10
5.369810128503545
20
-53.964660005833956
0
VERTEX
8
L4
10
5.379432092469727
20
-53.96657393346531
0
VERTEX
8
L4
10
5.389221556886227
20
-53.96721556886228
0
VERTEX
8
L4
10
5.3990110213027265
20
-53.96657393346531
0
VERTEX
8
L4
10
5.408632985268909
20
-53.964660005833956
0
VERTEX
8
L4
10
5.417922814313613
20
-53.96150653380062
0
VERTEX
8
L4
10
5.426721556886221
20
-53.95716747414611
0
VERTEX
8
L4
10
5.434878664061884
20
-53.951717069384124
0
VERTEX
8
L4
10
5.442254565475224
20
-53.94524857745127
0
VERTEX
8
L4
10
5.448723057408074
20
-53.937872676037934
0
VERTEX
8
L4
10
5.454173462170061
20
-53.92971556886228
0
VERTEX
8
L4
10
5.458512521824574
20
-53.92091682628966
0
VERTEX
8
L4
10
5.461665993857906
20
-53.911626997244966
0
VERTEX
8
L4
10
5.463579921489256
20
-53.90200503327878
0
VERTEX
8
L4
10
5.46422155688623
20
-53.89221556886228
0
VERTEX
8
L4
10
5.463579921489256
20
-53.88242610444578
0
VERTEX
8
L4
10
5.461665993857906
20
-53.87280414047959
0
VERTEX
8
L4
10
5.458512521824574
20
-53.8635143114349
0
VERTEX
8
L4
10
5.454173462170061
20
-53.854715568862275
0
VERTEX
8
L4
10
5.448723057408074
20
-53.84655846168663
0
VERTEX
8
L4
10
5.442254565475224
20
-53.83918256027329
0
VERTEX
8
L4
10
5.434878664061884
20
-53.83271406834044
0
VERTEX
8
L4
10
5.426721556886221
20
-53.82726366357844
0
VERTEX
8
L4
10
5.417922814313613
20
-53.82292460392393
0
VERTEX
8
L4
10
5.408632985268909
20
-53.8197711318906
0
VERTEX
8
L4
10
5.3990110213027265
20
-53.81785720425924
0
VERTEX
8
L4
10
5.389221556886227
20
-53.81721556886228
0
SEQEND
0
POLYLINE
8
L4
66
1
70
1
0
VERTEX
8
L4
10
5.389221556886227
20
-53.338173652694614
0
VERTEX
8
L4
10
5.379432092469727
20
-53.338815288091574
0
VERTEX
8
L4
10
5.369810128503545
20
-53.34072921572293
0
VERTEX
8
L4
10
5.360520299458841
20
-53.34388268775626
0
VERTEX
8
L4
10
5.351721556886233
20
-53.348221747410776
0
VERTEX
8
L4
10
5.34356444971057
20
-53.35367215217277
0
VERTEX
8
L4
10
5.33618854829723
20
-53.36014064410562
0
VERTEX
8
L4
10
5.32972005636438
20
-53.36751654551896
0
VERTEX
8
L4
10
5.324269651602393
20
-53.37567365269461
0
VERTEX
8
L4
10
5.31993059194788
20
-53.38447239526723
0
VERTEX
8
L4
10
5.316777119914548
20
-53.39376222431192
0
VERTEX
8
L4
10
5.314863192283198
20
-53.40338418827811
0
VERTEX
8
L4
10
5.314221556886224
20
-53.41317365269461
0
VERTEX
8
L4
10
5.314863192283198
20
-53.42296311711112
0
VERTEX
8
L4
10
5.316777119914548
20
-53.4325850810773
0
VERTEX
8
L4
10
5.31993059194788
20
-53.441874910121996
0
VERTEX
8
L4
10
5.324269651602393
20
-53.45067365269461
0
VERTEX
8
L4
10
5.32972005636438
20
-53.45883075987027
0
VERTEX
8
L4
10
5.33618854829723
20
-53.4662066612836
0
VERTEX
8
L4
10
5.34356444971057
20
-53.47267515321646
0
VERTEX
8
L4
10
5.351721556886233
20
-53.478125557978444
0
VERTEX
8
L4
10
5.360520299458841
20
-53.48246461763296
0
VERTEX
8
L4
10
5.369810128503545
20
-53.48561808966629
0
VERTEX
8
L4
10
5.379432092469727
20
-53.487532017297646
0
VERTEX
8
L4
10
5.389221556886227
20
-53.48817365269461
0
VERTEX
8
L4
10
5.3990110213027265
20
-53.487532017297646
0
VERTEX
8
L4
10
5.408632985268909
20
-53.48561808966629
0
VERTEX
8
L4
10
5.417922814313613
20
-53.48246461763296
0
VERTEX
8
L4
10
5.426721556886221
20
-53.478125557978444
0
VERTEX
8
L4
10
5.434878664061884
20
-53.47267515321646
0
VERTEX
8
L4
10
5.442254565475224
20
-53.4662066612836
0
VERTEX
8
L4
10
5.448723057408074
20
-53.45883075987027
0
VERTEX
8
L4
10
5.454173462170061
20
-53.45067365269461
0
VERTEX
8
L4
10
5.458512521824574
20
-53.441874910121996
0
VERTEX
8
L4
10
5.461665993857906
20
-53.4325850810773
0
VERTEX
8
L4
10
5.463579921489256
20
-53.42296311711112
0
VERTEX
8
L4
10
5.46422155688623
20
-53.41317365269461
0
VERTEX
8
L4
10
5.463579921489256
20
-53.40338418827811
0
VERTEX
8
L4
10
5.461665993857906
20
-53.39376222431192
0
VERTEX
8
L4
10
5.458512521824574
20
-53.38447239526723
0
VERTEX
8
L4
10
5.454173462170061
20
-53.37567365269461
0
VERTEX
8
L4
10
5.448723057408074
20
-53.36751654551896
0
VERTEX
8
L4
10
5.442254565475224
20
-53.36014064410562
0
VERTEX
8
L4
10
5.434878664061884
20
-53.35367215217277
0
VERTEX
8
L4
10
5.426721556886221
20
-53.348221747410776
0
VERTEX
8
L4
10
5.417922814313613
20
-53.34388268775626
0
VERTEX
8
L4
10
5.408632985268909
20
-53.34072921572293
0
VERTEX
8
L4
10
5.3990110213027265
20
-53.338815288091574
0
VERTEX
8
L4
10
5.389221556886227
20
-53.338173652694614
0
SEQEND
0
POLYLINE
8
L4
66
1
70
1
0
VERTEX
8
L4
10
7.245508982035929
20
-53.577694610778444
0
VERTEX
8
L4
10
7.2357195176194296
20
-53.57833624617541
0
VERTEX
8
L4
10
7.226097553653247
20
-53.58025017380676
0
VERTEX
8
L4
10
7.216807724608543
20
-53.5834036458401
0
VERTEX
8
L4
10
7.208008982035935
20
-53.58774270549461
0
VERTEX
8
L4
10
7.199851874860272
20
-53.5931931102566
0
VERTEX
8
L4
10
7.192475973446946
20
-53.59966160218946
0
VERTEX
8
L4
10
7.186007481514082
20
-53.60703750360279
0
VERTEX
8
L4
10
7.180557076752095
20
-53.615194610778445
0
VERTEX
8
L4
10
7.1762180170975824
20
-53.62399335335106
0
VERTEX
8
L4
10
7.17306454506425
20
-53.63328318239576
0
VERTEX
8
L4
10
7.1711506174329
20
-53.64290514636194
0
VERTEX
8
L4
10
7.170508982035926
20
-53.65269461077845
0
VERTEX
8
L4
10
7.1711506174329
20
-53.662484075194946
0
VERTEX
8
L4
10
7.17306454506425
20
-53.672106039161136
0
VERTEX
8
L4
10
7.1762180170975824
20
-53.681395868205826
0
VERTEX
8
L4
10
7.180557076752095
20
-53.69019461077844
0
VERTEX
8
L4
10
7.186007481514082
20
-53.6983517179541
0
VERTEX
8
L4
10
7.192475973446946
20
-53.70572761936744
0
VERTEX
8
L4
10
7.199851874860272
20
-53.71219611130029
0
VERTEX
8
L4
10
7.208008982035935
20
-53.717646516062274
0
VERTEX
8
L4
10
7.216807724608543
20
-53.72198557571679
0
VERTEX
8
L4
10
7.226097553653247
20
-53.725139047750126
0
VERTEX
8
L4
10
7.2357195176194296
20
-53.72705297538148
0
VERTEX
8
L4
10
7.245508982035929
20
-53.72769461077844
0
VERTEX
8
L4
10
7.255298446452429
20
-53.72705297538148
0
VERTEX
8
L4
10
7.264920410418625
20
-53.725139047750126
0
VERTEX
8
L4
10
7.274210239463315
20
-53.72198557571679
0
VERTEX
8
L4
10
7.283008982035938
20
-53.717646516062274
0
VERTEX
8
L4
10
7.291166089211586
20
-53.71219611130029
0
VERTEX
8
L4
10
7.298541990624926
20
-53.70572761936744
0
VERTEX
8
L4
10
7.305010482557776
20
-53.6983517179541
0
VERTEX
8
L4
10
7.310460887319763
20
-53.69019461077844
0
VERTEX
8
L4
10
7.314799946974276
20
-53.681395868205826
0
VERTEX
8
L4
10
7.317953419007608
20
-53.672106039161136
0
VERTEX
8
L4
10
7.319867346638972
20
-53.662484075194946
0
VERTEX
8
L4
10
7.320508982035932
20
-53.65269461077845
0
VERTEX
8
L4
10
7.319867346638972
20
-53.64290514636194
0
VERTEX
8
L4
10
7.317953419007608
20
-53.63328318239576
0
VERTEX
8
L4
10
7.314799946974276
20
-53.62399335335106
0
VERTEX
8
L4
10
7.310460887319763
20
-53.615194610778445
0
VERTEX
8
L4
10
7.305010482557776
20
-53.60703750360279
0
VERTEX
8
L4
10
7.298541990624926
20
-53.59966160218946
0
VERTEX
8
L4
10
7.291166089211586
20
-53.5931931102566
0
VERTEX
8
L4
10
7.283008982035938
20
-53.58774270549461
0
VERTEX
8
L4
10
7.274210239463315
20
-53.5834036458401
0
VERTEX
8
L4
10
7.264920410418625
20
-53.58025017380677
0
VERTEX
8
L4
10
7.255298446452429
20
-53.57833624617541
0
VERTEX
8
L4
10
7.245508982035929
20
-53.577694610778444
0
SEQEND
0
POLYLINE
8
L4
66
1
70
1
0
VERTEX
8
L4
10
5.389221556886227
20
-54.29625748502994
0
VERTEX
8
L4
10
5.379432092469727
20
-54.29689912042691
0
VERTEX
8
L4
10
5.369810128503545
20
-54.298813048058264
0
VERTEX
8
L4
10
5.360520299458841
20
-54.3019665200916
0
VERTEX
8
L4
10
5.351721556886233
20
-54.30630557974611
0
VERTEX
8
L4
10
5.34356444971057
20
-54.311755984508096
0
VERTEX
8
L4
10
5.33618854829723
20
-54.31822447644095
0
VERTEX
8
L4
10
5.32972005636438
20
-54.325600377854286
0
VERTEX
8
L4
10
5.324269651602393
20
-54.33375748502994
0
VERTEX
8
L4
10
5.31993059194788
20
-54.34255622760256
0
VERTEX
8
L4
10
5.316777119914548
20
-54.351846056647254
0
VERTEX
8
L4
10
5.314863192283198
20
-54.36146802061344
0
VERTEX
8
L4
10
5.314221556886224
20
-54.37125748502994
0
VERTEX
8
L4
10
5.314863192283198
20
-54.38104694944644
0
VERTEX
8
L4
10
5.316777119914548
20
-54.39066891341263
0
VERTEX
8
L4
10
5.31993059194788
20
-54.39995874245732
0
VERTEX
8
L4
10
5.324269651602393
20
-54.408757485029945
0
VERTEX
8
L4
10
5.32972005636438
20
-54.41691459220559
0
VERTEX
8
L4
10
5.33618854829723
20
-54.42429049361893
0
VERTEX
8
L4
10
5.34356444971057
20
-54.43075898555178
0
VERTEX
8
L4
10
5.351721556886233
20
-54.43620939031378
0
VERTEX
8
L4
10
5.360520299458841
20
-54.44054844996829
0
VERTEX
8
L4
10
5.369810128503545
20
-54.44370192200162
0
VERTEX
8
L4
10
5.379432092469727
20
-54.44561584963298
0
VERTEX
8
L4
10
5.389221556886227
20
-54.44625748502994
0
VERTEX
8
L4
10
5.3990110213027265
20
-54.44561584963298
0
VERTEX
8
L4
10
5.408632985268909
20
-54.44370192200162
0
VERTEX
8
L4
10
5.417922814313613
20
-54.44054844996829
0
VERTEX
8
L4
10
5.426721556886221
20
-54.43620939031378
0
VERTEX
8
L4
10
5.434878664061884
20
-54.43075898555178
0
VERTEX
8
L4
10
5.442254565475224
20
-54.42429049361893
0
VERTEX
8
L4
10
5.448723057408074
20
-54.41691459220559
0
VERTEX
8
L4
10
5.454173462170061
20
-54.408757485029945
0
VERTEX
8
L4
10
5.458512521824574
20
-54.39995874245732
0
VERTEX
8
L4
10
5.461665993857906
20
-54.39066891341263
0
VERTEX
8
L4
10
5.463579921489256
20
-54.38104694944644
0
VERTEX
8
L4
10
5.46422155688623
20
-54.37125748502994
0
VERTEX
8
L4
10
5.463579921489256
20
-54.36146802061344
0
VERTEX
8
L4
10
5.461665993857906
20
-54.351846056647254
0
VERTEX
8
L4
10
5.458512521824574
20
-54.34255622760256
0
VERTEX
8
L4
10
5.454173462170061
20
-54.33375748502994
0
VERTEX
8
L4
10
5.448723057408074
20
-54.325600377854286
0
VERTEX
8
L4
10
5.442254565475224
20
-54.31822447644095
0
VERTEX
8
L4
10
5.434878664061884
20
-54.311755984508096
0
VERTEX
8
L4
10
5.426721556886221
20
-54.30630557974611
0
VERTEX
8
L4
10
5.417922814313613
20
-54.3019665200916
0
VERTEX
8
L4
10
5.408632985268909
20
-54.298813048058264
0
VERTEX
8
L4
10
5.3990110213027265
20
-54.29689912042691
0
VERTEX
8
L4
10
5.389221556886227
20
-54.29625748502994
0
SEQEND
0
POLYLINE
8
L4
66
1
70
1
0
VERTEX
8
L4
10
7.245508982035929
20
-53.14056886227545
0
VERTEX
8
L4
10
7.2357195176194296
20
-53.14121049767241
0
VERTEX
8
L4
10
7.226097553653247
20
-53.14312442530377
0
VERTEX
8
L4
10
7.216807724608543
20
-53.1462778973371
0
VERTEX
8
L4
10
7.208008982035935
20
-53.15061695699162
0
VERTEX
8
L4
10
7.199851874860272
20
-53.15606736175361
0
VERTEX
8
L4
10
7.192475973446946
20
-53.16253585368646
0
VERTEX
8
L4
10
7.186007481514082
20
-53.1699117550998
0
VERTEX
8
L4
10
7.180557076752095
20
-53.17806886227545
0
VERTEX
8
L4
10
7.1762180170975824
20
-53.18686760484807
0
VERTEX
8
L4
10
7.17306454506425
20
-53.196157433892765
0
VERTEX
8
L4
10
7.1711506174329
20
-53.20577939785895
0
VERTEX
8
L4
10
7.170508982035926
20
-53.21556886227545
0
VERTEX
8
L4
10
7.1711506174329
20
-53.22535832669195
0
VERTEX
8
L4
10
7.17306454506425
20
-53.234980290658136
0
VERTEX
8
L4
10
7.1762180170975824
20
-53.24427011970283
0
VERTEX
8
L4
10
7.180557076752095
20
-53.25306886227545
0
VERTEX
8
L4
10
7.186007481514082
20
-53.261225969451104
0
VERTEX
8
L4
10
7.192475973446946
20
-53.268601870864444
0
VERTEX
8
L4
10
7.199851874860272
20
-53.275070362797294
0
VERTEX
8
L4
10
7.208008982035935
20
-53.28052076755928
0
VERTEX
8
L4
10
7.216807724608543
20
-53.28485982721379
0
VERTEX
8
L4
10
7.226097553653247
20
-53.28801329924713
0
VERTEX
8
L4
10
7.2357195176194296
20
-53.28992722687848
0
VERTEX
8
L4
10
7.245508982035929
20
-53.29056886227545
0
VERTEX
8
L4
10
7.255298446452429
20
-53.28992722687848
0
VERTEX
8
L4
10
7.264920410418625
20
-53.28801329924713
0
VERTEX
8
L4
10
7.274210239463315
20
-53.28485982721379
0
VERTEX
8
L4
10
7.283008982035938
20
-53.28052076755928
0
VERTEX
8
L4
10
7.291166089211586
20
-53.275070362797294
0
VERTEX
8
L4
10
7.298541990624926
20
-53.268601870864444
0
VERTEX
8
L4
10
7.305010482557776
20
-53.261225969451104
0
VERTEX
8
L4
10
7.310460887319763
20
-53.25306886227545
0
VERTEX
8
L4
10
7.314799946974276
20
-53.24427011970283
0
VERTEX
8
L4
10
7.317953419007608
20
-53.234980290658136
0
VERTEX
8
L4
10
7.319867346638972
20
-53.22535832669195
0
VERTEX
8
L4
10
7.320508982035932
20
-53.21556886227545
0
VERTEX
8
L4
10
7.319867346638972
20
-53.20577939785895
0
VERTEX
8
L4
10
7.317953419007608
20
-53.196157433892765
0
VERTEX
8
L4
10
7.314799946974276
20
-53.18686760484807
0
VERTEX
8
L4
10
7.310460887319763
20
-53.17806886227545
0
VERTEX
8
L4
10
7.305010482557776
20
-53.1699117550998
0
VERTEX
8
L4
10
7.298541990624926
20
-53.16253585368646
0
VERTEX
8
L4
10
7.291166089211586
20
-53.15606736175361
0
VERTEX
8
L4
10
7.283008982035938
20
-53.15061695699162
0
VERTEX
8
L4
10
7.274210239463315
20
-53.1462778973371
0
VERTEX
8
L4
10
7.264920410418625
20
-53.14312442530377
0
VERTEX
8
L4
10
7.255298446452429
20
-53.14121049767241
0
VERTEX
8
L4
10
7.245508982035929
20
-53.14056886227545
0
SEQEND
0
POLYLINE
8
L4
66
1
70
1
0
VERTEX
8
L4
10
5.389221556886227
20
-55.254341317365274
0
VERTEX
8
L4
10
5.379432092469727
20
-55.254982952762234
0
VERTEX
8
L4
10
5.369810128503545
20
-55.25689688039359
0
VERTEX
8
L4
10
5.360520299458841
20
-55.26005035242692
0
VERTEX
8
L4
10
5.351721556886233
20
-55.26438941208144
0
VERTEX
8
L4
10
5.34356444971057
20
-55.26983981684343
0
VERTEX
8
L4
10
5.33618854829723
20
-55.27630830877628
0
VERTEX
8
L4
10
5.32972005636438
20
-55.28368421018962
0
VERTEX
8
L4
10
5.324269651602393
20
-55.291841317365275
0
VERTEX
8
L4
10
5.31993059194788
20
-55.30064005993789
0
VERTEX
8
L4
10
5.316777119914548
20
-55.30992988898258
0
VERTEX
8
L4
10
5.314863192283198
20
-55.31955185294877
0
VERTEX
8
L4
10
5.314221556886224
20
-55.32934131736527
0
VERTEX
8
L4
10
5.314863192283198
20
-55.339130781781776
0
VERTEX
8
L4
10
5.316777119914548
20
-55.34875274574796
0
VERTEX
8
L4
10
5.31993059194788
20
-55.358042574792655
0
VERTEX
8
L4
10
5.324269651602393
20
-55.36684131736527
0
VERTEX
8
L4
10
5.32972005636438
20
-55.37499842454093
0
VERTEX
8
L4
10
5.33618854829723
20
-55.38237432595427
0
VERTEX
8
L4
10
5.34356444971057
20
-55.38884281788712
0
VERTEX
8
L4
10
5.351721556886233
20
-55.394293222649104
0
VERTEX
8
L4
10
5.360520299458841
20
-55.398632282303616
0
VERTEX
8
L4
10
5.369810128503545
20
-55.401785754336956
0
VERTEX
8
L4
10
5.379432092469727
20
-55.403699681968305
0
VERTEX
8
L4
10
5.389221556886227
20
-55.40434131736527
0
VERTEX
8
L4
10
5.3990110213027265
20
-55.403699681968305
0
VERTEX
8
L4
10
5.408632985268909
20
-55.401785754336956
0
VERTEX
8
L4
10
5.417922814313613
20
-55.398632282303616
0
VERTEX
8
L4
10
5.426721556886221
20
-55.394293222649104
0
VERTEX
8
L4
10
5.434878664061884
20
-55.38884281788712
0
VERTEX
8
L4
10
5.442254565475224
20
-55.38237432595427
0
VERTEX
8
L4
10
5.448723057408074
20
-55.37499842454093
0
VERTEX
8
L4
10
5.454173462170061
20
-55.36684131736527
0
VERTEX
8
L4
10
5.458512521824574
20
-55.358042574792655
0
VERTEX
8
L4
10
5.461665993857906
20
-55.34875274574796
0
VERTEX
8
L4
10
5.463579921489256
20
-55.339130781781776
0
VERTEX
8
L4
10
5.46422155688623
20
-55.32934131736527
0
VERTEX
8
L4
10
5.463579921489256
20
-55.31955185294877
0
VERTEX
8
L4
10
5.461665993857906
20
-55.30992988898258
0
VERTEX
8
L4
10
5.458512521824574
20
-55.30064005993789
0
VERTEX
8
L4
10
5.454173462170061
20
-55.291841317365275
0
VERTEX
8
L4
10
5.448723057408074
20
-55.28368421018962
0
VERTEX
8
L4
10
5.442254565475224
20
-55.27630830877628
0
VERTEX
8
L4
10
5.434878664061884
20
-55.26983981684343
0
VERTEX
8
L4
10
5.426721556886221
20
-55.26438941208144
0
VERTEX
8
L4
10
5.417922814313613
20
-55.26005035242692
0
VERTEX
8
L4
10
5.408632985268909
20
-55.25689688039359
0
VERTEX
8
L4
10
5.3990110213027265
20
-55.254982952762234
0
VERTEX
8
L4
10
5.389221556886227
20
-55.254341317365274
0
SEQEND
0
POLYLINE
8
L4
66
1
70
1
0
VERTEX
8
L4
10
6.646706586826355
20
-55.61362275449102
0
VERTEX
8
L4
10
6.636917122409841
20
-55.614264389887985
0
VERTEX
8
L4
10
6.627295158443658
20
-55.61617831751934
0
VERTEX
8
L4
10
6.618005329398969
20
-55.619331789552675
0
VERTEX
8
L4
10
6.609206586826346
20
-55.62367084920719
0
VERTEX
8
L4
10
6.6010494796506975
20
-55.62912125396918
0
VERTEX
8
L4
10
6.5936735782373574
20
-55.63558974590203
0
VERTEX
8
L4
10
6.5872050863045075
20
-55.642965647315364
0
VERTEX
8
L4
10
6.58175468154252
20
-55.65112275449102
0
VERTEX
8
L4
10
6.577415621888008
20
-55.65992149706364
0
VERTEX
8
L4
10
6.574262149854675
20
-55.66921132610833
0
VERTEX
8
L4
10
6.572348222223312
20
-55.678833290074515
0
VERTEX
8
L4
10
6.571706586826352
20
-55.68862275449102
0
VERTEX
8
L4
10
6.572348222223312
20
-55.69841221890753
0
VERTEX
8
L4
10
6.574262149854675
20
-55.70803418287371
0
VERTEX
8
L4
10
6.577415621888008
20
-55.7173240119184
0
VERTEX
8
L4
10
6.58175468154252
20
-55.72612275449102
0
VERTEX
8
L4
10
6.5872050863045075
20
-55.73427986166668
0
VERTEX
8
L4
10
6.5936735782373574
20
-55.74165576308001
0
VERTEX
8
L4
10
6.6010494796506975
20
-55.74812425501286
0
VERTEX
8
L4
10
6.609206586826346
20
-55.753574659774856
0
VERTEX
8
L4
10
6.618005329398969
20
-55.75791371942937
0
VERTEX
8
L4
10
6.627295158443658
20
-55.7610671914627
0
VERTEX
8
L4
10
6.636917122409841
20
-55.76298111909406
0
VERTEX
8
L4
10
6.646706586826355
20
-55.763622754491024
0
VERTEX
8
L4
10
6.656496051242854
20
-55.76298111909406
0
VERTEX
8
L4
10
6.666118015209037
20
-55.7610671914627
0
VERTEX
8
L4
10
6.675407844253726
20
-55.75791371942937
0
VERTEX
8
L4
10
6.684206586826349
20
-55.753574659774856
0
VERTEX
8
L4
10
6.6923636940019975
20
-55.74812425501286
0
VERTEX
8
L4
10
6.699739595415338
20
-55.74165576308001
0
VERTEX
8
L4
10
6.7062080873481875
20
-55.73427986166668
0
VERTEX
8
L4
10
6.711658492110189
20
-55.72612275449102
0
VERTEX
8
L4
10
6.715997551764701
20
-55.7173240119184
0
VERTEX
8
L4
10
6.719151023798034
20
-55.70803418287371
0
VERTEX
8
L4
10
6.721064951429383
20
-55.69841221890753
0
VERTEX
8
L4
10
6.721706586826343
20
-55.68862275449102
0
VERTEX
8
L4
10
6.721064951429383
20
-55.678833290074515
0
VERTEX
8
L4
10
6.719151023798034
20
-55.66921132610833
0
VERTEX
8
L4
10
6.715997551764701
20
-55.65992149706364
0
VERTEX
8
L4
10
6.711658492110189
20
-55.65112275449102
0
VERTEX
8
L4
10
6.7062080873481875
20
-55.642965647315364
0
VERTEX
8
L4
10
6.699739595415338
20
-55.63558974590203
0
VERTEX
8
L4
10
6.6923636940019975
20
-55.62912125396918
0
VERTEX
8
L4
10
6.684206586826349
20
-55.62367084920719
0
VERTEX
8
L4
10
6.675407844253726
20
-55.619331789552675
0
VERTEX
8
L4
10
6.666118015209037
20
-55.61617831751934
0
VERTEX
8
L4
10
6.656496051242854
20
-55.614264389887985
0
VERTEX
8
L4
10
6.646706586826355
20
-55.61362275449102
0
SEQEND
0
POLYLINE
8
L4
66
1
70
1
0
VERTEX
8
L4
10
5.389221556886227
20
-56.2124251497006
0
VERTEX
8
L4
10
5.379432092469727
20
-56.21306678509757
0
VERTEX
8
L4
10
5.369810128503545
20
-56.214980712728924
0
VERTEX
8
L4
10
5.360520299458841
20
-56.218134184762256
0
VERTEX
8
L4
10
5.351721556886233
20
-56.22247324441677
0
VERTEX
8
L4
10
5.34356444971057
20
-56.22792364917876
0
VERTEX
8
L4
10
5.33618854829723
20
-56.23439214111161
0
VERTEX
8
L4
10
5.32972005636438
20
-56.241768042524946
0
VERTEX
8
L4
10
5.324269651602393
20
-56.2499251497006
0
VERTEX
8
L4
10
5.31993059194788
20
-56.258723892273224
0
VERTEX
8
L4
10
5.316777119914548
20
-56.268013721317914
0
VERTEX
8
L4
10
5.314863192283198
20
-56.277635685284096
0
VERTEX
8
L4
10
5.314221556886224
20
-56.2874251497006
0
VERTEX
8
L4
10
5.314863192283198
20
-56.29721461411711
0
VERTEX
8
L4
10
5.316777119914548
20
-56.30683657808329
0
VERTEX
8
L4
10
5.31993059194788
20
-56.31612640712798
0
VERTEX
8
L4
10
5.324269651602393
20
-56.324925149700604
0
VERTEX
8
L4
10
5.32972005636438
20
-56.33308225687626
0
VERTEX
8
L4
10
5.33618854829723
20
-56.34045815828959
0
VERTEX
8
L4
10
5.34356444971057
20
-56.34692665022244
0
VERTEX
8
L4
10
5.351721556886233
20
-56.35237705498444
0
VERTEX
8
L4
10
5.360520299458841
20
-56.35671611463895
0
VERTEX
8
L4
10
5.369810128503545
20
-56.35986958667228
0
VERTEX
8
L4
10
5.379432092469727
20
-56.36178351430364
0
VERTEX
8
L4
10
5.389221556886227
20
-56.362425149700606
0
VERTEX
8
L4
10
5.3990110213027265
20
-56.36178351430364
0
VERTEX
8
L4
10
5.408632985268909
20
-56.35986958667228
0
VERTEX
8
L4
10
5.417922814313613
20
-56.35671611463895
0
VERTEX
8
L4
10
5.426721556886221
20
-56.35237705498444
0
VERTEX
8
L4
10
5.434878664061884
20
-56.34692665022244
0
VERTEX
8
L4
10
5.442254565475224
20
-56.34045815828959
0
VERTEX
8
L4
10
5.448723057408074
20
-56.33308225687626
0
VERTEX
8
L4
10
5.454173462170061
20
-56.324925149700604
0
VERTEX
8
L4
10
5.458512521824574
20
-56.31612640712798
0
VERTEX
8
L4
10
5.461665993857906
20
-56.30683657808329
0
VERTEX
8
L4
10
5.463579921489256
20
-56.29721461411711
0
VERTEX
8
L4
10
5.46422155688623
20
-56.2874251497006
0
VERTEX
8
L4
10
5.463579921489256
20
-56.277635685284096
0
VERTEX
8
L4
10
5.461665993857906
20
-56.268013721317914
0
VERTEX
8
L4
10
5.458512521824574
20
-56.258723892273224
0
VERTEX
8
L4
10
5.454173462170061
20
-56.2499251497006
0
VERTEX
8
L4
10
5.448723057408074
20
-56.241768042524946
0
VERTEX
8
L4
10
5.442254565475224
20
-56.23439214111161
0
VERTEX
8
L4
10
5.434878664061884
20
-56.22792364917876
0
VERTEX
8
L4
10
5.426721556886221
20
-56.22247324441677
0
VERTEX
8
L4
10
5.417922814313613
20
-56.218134184762256
0
VERTEX
8
L4
10
5.408632985268909
20
-56.214980712728924
0
VERTEX
8
L4
10
5.3990110213027265
20
-56.21306678509757
0
VERTEX
8
L4
10
5.389221556886227
20
-56.2124251497006
0
SEQEND
0
POLYLINE
8
L4
66
1
70
1
0
VERTEX
8
L4
10
11.67377706165746
20
-55.39367001410194
0
VERTEX
8
L4
10
11.702319067608485
20
-55.40265331500438
0
VERTEX
8
L4
10
11.732240271452326
20
-55.4023937782106
0
VERTEX
8
L4
10
11.760622152072145
20
-55.39291671899927
0
VERTEX
8
L4
10
11.784696334293002
20
-55.37514653190939
0
VERTEX
8
L4
10
11.80211461683433
20
-55.350816525084014
0
VERTEX
8
L4
10
11.81117801640383
20
-55.32229985299459
0
VERTEX
8
L4
10
11.81100248691925
20
-55.29237803840703
0
VERTEX
8
L4
10
11.801605149566981
20
-55.26396966201027
0
VERTEX
8
L4
10
11.783902622797513
20
-55.23984568338342
0
VERTEX
8
L4
10
11.759621615150664
20
-55.22235916095997
0
VERTEX
8
L4
10
11.731130501706716
20
-55.21321573416604
0
VERTEX
8
L4
10
11.701208312235408
20
-55.21330725495778
0
VERTEX
8
L4
10
11.672773663991919
20
-55.22262479637608
0
VERTEX
8
L4
10
11.648600079117358
20
-55.240259523284216
0
VERTEX
8
L4
10
11.631045454650035
20
-55.26449134035648
0
VERTEX
8
L4
10
11.621822072705115
20
-55.29295667057256
0
VERTEX
8
L4
10
11.621829584082619
20
-55.3228789990647
0
VERTEX
8
L4
10
11.631067256121028
20
-55.351339695017586
0
VERTEX
8
L4
10
11.589913502119416
20
-55.40801067350787
0
VERTEX
8
L4
10
11.556638840671766
20
-55.469638817865906
0
VERTEX
8
L4
10
11.531831086869346
20
-55.535135433219295
0
VERTEX
8
L4
10
11.515928483249581
20
-55.60334348603995
0
VERTEX
8
L4
10
11.509211958002027
20
-55.673058043774105
0
VERTEX
8
L4
10
11.511800162218194
20
-55.7430475606349
0
VERTEX
8
L4
10
11.523647373855212
20
-55.81207563353208
0
VERTEX
8
L4
10
11.544544305440695
20
-55.87892284380882
0
VERTEX
8
L4
10
11.574121801250342
20
-55.94240829893913
0
VERTEX
8
L4
10
11.61185735864575
20
-56.00141049364008
0
VERTEX
8
L4
10
11.657084358369247
20
-56.05488712187599
0
VERTEX
8
L4
10
11.709003840737608
20
-56.10189348976453
0
VERTEX
8
L4
10
11.766698619701813
20
-56.14159920411076
0
VERTEX
8
L4
10
11.829149485440112
20
-56.17330284175705
0
VERTEX
8
L4
10
11.895253209257007
20
-56.196444340606746
0
VERTEX
8
L4
10
11.963842032721402
20
-56.210614893427355
0
VERTEX
8
L4
10
12.03370429675789
20
-56.21556416965392
0
VERTEX
8
L4
10
12.103605846266987
20
-56.21120473761531
0
VERTEX
8
L4
10
12.172311832149816
20
-56.19761360906251
0
VERTEX
8
L4
10
12.23860852559281
20
-56.17503087871392
0
VERTEX
8
L4
10
12.301324759250889
20
-56.14385548285088
0
VERTEX
8
L4
10
12.359352616559107
20
-56.104638151890086
0
VERTEX
8
L4
10
12.411667003684641
20
-56.05807168142957
0
VERTEX
8
L4
10
12.457343758369987
20
-56.004978693635636
0
VERTEX
8
L4
10
12.495575975764538
20
-55.94629710517241
0
VERTEX
8
L4
10
12.525688262840148
20
-55.88306355839108
0
VERTEX
8
L4
10
12.54714866957822
20
-55.81639510847578
0
VERTEX
8
L4
10
12.55957808615777
20
-55.747469490053
0
VERTEX
8
L4
10
12.562756940137689
20
-55.677504311865235
0
VERTEX
8
L4
10
12.556629075324011
20
-55.60773554704675
0
VERTEX
8
L4
10
12.541302743799804
20
-55.53939569898223
0
VERTEX
8
L4
10
12.517048693592884
20
-55.473692028460476
0
VERTEX
8
L4
10
12.484295385763886
20
-55.41178522675235
0
VERTEX
8
L4
10
12.443621425407244
20
-55.354768911364744
0
VERTEX
8
L4
10
12.395745340275894
20
-55.30365030668928
0
VERTEX
8
L4
10
12.34151288759547
20
-55.25933245083255
0
VERTEX
8
L4
10
12.281882113300469
20
-55.22259824295422
0
VERTEX
8
L4
10
12.217906427628833
20
-55.19409661292512
0
VERTEX
8
L4
10
12.211676138309485
20
-55.164830091201324
0
VERTEX
8
L4
10
12.19672147910714
20
-55.138912838898
0
VERTEX
8
L4
10
12.174501130926004
20
-55.11887283077622
0
VERTEX
8
L4
10
12.14718247164727
20
-55.106664773845445
0
VERTEX
8
L4
10
12.117430169591287
20
-55.10347944479149
0
VERTEX
8
L4
10
12.088146271155608
20
-55.10962754134416
0
VERTEX
8
L4
10
12.062187134540736
20
-55.124509376749195
0
VERTEX
8
L4
10
12.042084819913129
20
-55.14667337335236
0
VERTEX
8
L4
10
12.029800111673197
20
-55.17395764981834
0
VERTEX
8
L4
10
12.02653126309309
20
-55.203700891534275
0
VERTEX
8
L4
10
12.032597118416476
20
-55.233001935850275
0
VERTEX
8
L4
10
12.047406012717502
20
-55.25900275215272
0
VERTEX
8
L4
10
12.069513483034058
20
-55.2791672148288
0
VERTEX
8
L4
10
12.09676316161783
20
-55.29152847754316
0
VERTEX
8
L4
10
12.126497108541358
20
-55.29488081988257
0
VERTEX
8
L4
10
12.155815067770959
20
-55.28889725360285
0
VERTEX
8
L4
10
12.181857358808443
20
-55.274161417137556
0
VERTEX
8
L4
10
12.202083810585776
20
-55.25211064737069
0
VERTEX
8
L4
10
12.261281398202996
20
-55.279518322851274
0
VERTEX
8
L4
10
12.316082944724627
20
-55.31490653492515
0
VERTEX
8
L4
10
12.365419418105148
20
-55.35758495393666
0
VERTEX
8
L4
10
12.408328395303514
20
-55.40672103773195
0
VERTEX
8
L4
10
12.443972836590447
20
-55.46135627233647
0
VERTEX
8
L4
10
12.471657413961566
20
-55.52042487000673
0
VERTEX
8
L4
10
12.490842075132647
20
-55.58277455990731
0
VERTEX
8
L4
10
12.501152578519765
20
-55.647189065842326
0
VERTEX
8
L4
10
12.502387793694538
20
-55.71241183256086
0
VERTEX
8
L4
10
12.494523624902584
20
-55.7771705377993
0
VERTEX
8
L4
10
12.4777134811074
20
-55.84020191189612
0
VERTEX
8
L4
10
12.452285283390566
20
-55.900276380814475
0
VERTEX
8
L4
10
12.41873506808578
20
-55.956222051853004
0
VERTEX
8
L4
10
12.377717310432757
20
-56.00694757414765
0
VERTEX
8
L4
10
12.330032157510331
20
-56.05146342801696
0
VERTEX
8
L4
10
12.276609819500607
20
-56.08890122785247
0
VERTEX
8
L4
10
12.21849242376868
20
-56.11853066200646
0
VERTEX
8
L4
10
12.156813685736495
20
-56.139773739224836
0
VERTEX
8
L4
10
12.092776793118077
20
-56.15221606371526
0
VERTEX
8
L4
10
12.02763093493543
20
-56.15561491890411
0
VERTEX
8
L4
10
11.962646933171698
20
-56.14990400218962
0
VERTEX
8
L4
10
11.899092452422892
20
-56.13519471832886
0
VERTEX
8
L4
10
11.838207271141755
20
-56.111774006227975
0
VERTEX
8
L4
10
11.781179096866126
20
-56.08009874152923
0
VERTEX
8
L4
10
11.729120397211716
20
-56.0407868241855
0
VERTEX
8
L4
10
11.683046698595405
20
-55.994605124879804
0
VERTEX
8
L4
10
11.643856776022702
20
-55.942454525423095
0
VERTEX
8
L4
10
11.612315120383926
20
-55.88535234495235
0
VERTEX
8
L4
10
11.58903702527546
20
-55.82441249474685
0
VERTEX
8
L4
10
11.574476584262342
20
-55.76082374878932
0
VERTEX
8
L4
10
11.568917832723628
20
-55.6958265539554
0
VERTEX
8
L4
10
11.57246920707955
20
-55.6306888322027
0
VERTEX
8
L4
10
11.585061429486103
20
-55.56668124679431
0
VERTEX
8
L4
10
11.606448859261008
20
-55.50505241504673
0
VERTEX
8
L4
10
11.636214284678474
20
-55.44700455113542
0
VERTEX
8
L4
10
11.67377706165746
20
-55.39367001410194
0
SEQEND
0
POLYLINE
8
L4
66
1
70
1
0
VERTEX
8
L4
10
12.064144614744123
20
-53.43685531636834
0
VERTEX
8
L4
10
12.094217503675523
20
-53.43906518431069
0
VERTEX
8
L4
10
12.123487788565171
20
-53.43181862737088
0
VERTEX
8
L4
10
12.149056063323982
20
-53.41583346265917
0
VERTEX
8
L4
10
12.168389629284974
20
-53.392693121429296
0
VERTEX
8
L4
10
12.179573374959404
20
-53.36468980023889
0
VERTEX
8
L4
10
12.18149947989285
20
-53.33459740444214
0
VERTEX
8
L4
10
12.173977151259308
20
-53.30539677539186
0
VERTEX
8
L4
10
12.157751523092372
20
-53.27998041932749
0
VERTEX
8
L4
10
12.134429846065672
20
-53.260865986412405
0
VERTEX
8
L4
10
12.106322279189726
20
-53.24994688162686
0
VERTEX
8
L4
10
12.076213054010523
20
-53.248304711078276
0
VERTEX
8
L4
10
12.047084678937196
20
-53.256102142103366
0
VERTEX
8
L4
10
12.02182250299765
20
-53.272566790043804
0
VERTEX
8
L4
10
12.002928903842758
20
-53.29606772781184
0
VERTEX
8
L4
10
11.992275411477792
20
-53.32427703949136
0
VERTEX
8
L4
10
11.99091732142685
20
-53.35440041507274
0
VERTEX
8
L4
10
11.99898916106396
20
-53.383453944460335
0
VERTEX
8
L4
10
11.965634383965778
20
-53.44068916821266
0
VERTEX
8
L4
10
11.940494455384766
20
-53.5019786125256
0
VERTEX
8
L4
10
11.92405013097563
20
-53.56615022765234
0
VERTEX
8
L4
10
11.916615878694088
20
-53.631976847543235
0
VERTEX
8
L4
10
11.91833386516609
20
-53.698199657176545
0
VERTEX
8
L4
10
11.92917123700829
20
-53.76355226511839
0
VERTEX
8
L4
10
11.948920749089552
20
-53.82678492096804
0
VERTEX
8
L4
10
11.977204727719169
20
-53.88668841457339
0
VERTEX
8
L4
10
12.01348229297298
20
-53.94211719998766
0
VERTEX
8
L4
10
12.05705970204346
20
-53.99201130196327
0
VERTEX
8
L4
10
12.10710361581583
20
-54.03541658606083
0
VERTEX
8
L4
10
12.162657034971147
20
-54.071503004744336
0
VERTEX
8
L4
10
12.222657600866981
20
-54.099580470538584
0
VERTEX
8
L4
10
12.2859579112246
20
-54.11911205270381
0
VERTEX
8
L4
10
12.351347462121836
20
-54.129724245064715
0
VERTEX
8
L4
10
12.417575796690755
20
-54.13121410864037
0
VERTEX
8
L4
10
12.483376417843104
20
-54.123553152485144
0
VERTEX
8
L4
10
12.547491007735957
20
-54.10688787852644
0
VERTEX
8
L4
10
12.608693490824109
20
-54.08153697998042
0
VERTEX
8
L4
10
12.665813480336865
20
-54.04798524692072
0
VERTEX
8
L4
10
12.717758659807714
20
-54.00687429554534
0
VERTEX
8
L4
10
12.7635356716507
20
-53.95899029842757
0
VERTEX
8
L4
10
12.802269113327242
20
-53.905248950387744
0
VERTEX
8
L4
10
12.833218277835982
20
-53.84667795748633
0
VERTEX
8
L4
10
12.85579131839431
20
-53.784397384004706
0
VERTEX
8
L4
10
12.869556566437296
20
-53.719598233242046
0
VERTEX
8
L4
10
12.874250786498138
20
-53.653519671731765
0
VERTEX
8
L4
10
12.86978421011024
20
-53.58742533242334
0
VERTEX
8
L4
10
12.856242252466785
20
-53.52257914998805
0
VERTEX
8
L4
10
12.833883879009619
20
-53.460221190355
0
VERTEX
8
L4
10
12.803136653183685
20
-53.4015439366935
0
VERTEX
8
L4
10
12.764588560059636
20
-53.34766948532973
0
VERTEX
8
L4
10
12.718976762183047
20
-53.299628087684454
0
VERTEX
8
L4
10
12.66717350267426
20
-53.258338448578336
0
VERTEX
8
L4
10
12.610169425156727
20
-53.22459015766426
0
VERTEX
8
L4
10
12.549054629489703
20
-53.19902858995361
0
VERTEX
8
L4
10
12.48499782558062
20
-53.1821425641867
0
VERTEX
8
L4
10
12.470161530477299
20
-53.15589096399528
0
VERTEX
8
L4
10
12.447900772647003
20
-53.13555083553395
0
VERTEX
8
L4
10
12.420420620371218
20
-53.12313699664733
0
VERTEX
8
L4
10
12.39044315582774
20
-53.11987911627076
0
VERTEX
8
L4
10
12.360937835704831
20
-53.1260999079766
0
VERTEX
8
L4
10
12.334827347811867
20
-53.14118316316222
0
VERTEX
8
L4
10
12.314698100442143
20
-53.16363479039348
0
VERTEX
8
L4
10
12.302544022339859
20
-53.19123081457246
0
VERTEX
8
L4
10
12.299569051498423
20
-53.22123767567947
0
VERTEX
8
L4
10
12.306067877518743
20
-53.25068300511149
0
VERTEX
8
L4
10
12.321396750748022
20
-53.27665005751495
0
VERTEX
8
L4
10
12.344037249737767
20
-53.296566632785265
0
VERTEX
8
L4
10
12.371746690452696
20
-53.30845986868929
0
VERTEX
8
L4
10
12.401780278250854
20
-53.31115166529638
0
VERTEX
8
L4
10
12.431162997082083
20
-53.304375383197204
0
VERTEX
8
L4
10
12.45698430356721
20
-53.28880225581687
0
VERTEX
8
L4
10
12.476686434652905
20
-53.26597489951604
0
VERTEX
8
L4
10
12.53504735677528
20
-53.283051527240545
0
VERTEX
8
L4
10
12.59009780247358
20
-53.308878971439206
0
VERTEX
8
L4
10
12.640534524457138
20
-53.34284580115539
0
VERTEX
8
L4
10
12.685163499309084
20
-53.38414789612744
0
VERTEX
8
L4
10
12.722928194428775
20
-53.43180748328399
0
VERTEX
8
L4
10
12.752934580059076
20
-53.48469628424242
0
VERTEX
8
L4
10
12.774472294271447
20
-53.54156222582367
0
VERTEX
8
L4
10
12.7870314598553
20
-53.6010590812469
0
VERTEX
8
L4
10
12.790314754994014
20
-53.66177834028757
0
VERTEX
8
L4
10
12.784244451970068
20
-53.722282553914496
0
VERTEX
8
L4
10
12.768964257266987
20
-53.78113936401538
0
VERTEX
8
L4
10
12.744835909506435
20
-53.83695541260144
0
VERTEX
8
L4
10
12.71243061575943
20
-53.88840932773515
0
VERTEX
8
L4
10
12.672515528966215
20
-53.93428300528235
0
VERTEX
8
L4
10
12.626035586593844
20
-53.97349044593431
0
VERTEX
8
L4
10
12.574091140477762
20
-54.00510346482068
0
VERTEX
8
L4
10
12.517911907431468
20
-54.02837366507217
0
VERTEX
8
L4
10
12.458827857309487
20
-54.042750155137504
0
VERTEX
8
L4
10
12.39823772771085
20
-54.0478925904202
0
VERTEX
8
L4
10
12.337575910696117
20
-54.04367923049173
0
VERTEX
8
L4
10
12.278278495431636
20
-54.03020982113694
0
VERTEX
8
L4
10
12.221749270657085
20
-54.00780323300302
0
VERTEX
8
L4
10
12.169326491823341
20
-53.976989912754064
0
VERTEX
8
L4
10
12.12225119964529
20
-53.9384993254402
0
VERTEX
8
L4
10
12.08163784008623
20
-53.893242685366694
0
VERTEX
8
L4
10
12.048447881307567
20
-53.842291384287265
0
VERTEX
8
L4
10
12.023467052167732
20
-53.786851627605785
0
VERTEX
8
L4
10
12.007286741119302
20
-53.72823587904116
0
VERTEX
8
L4
10
12.000289995860925
20
-53.66783178976564
0
VERTEX
8
L4
10
12.002642455184187
20
-53.60706934757848
0
VERTEX
8
L4
10
12.014288427691866
20
-53.54738702381536
0
VERTEX
8
L4
10
12.03495221021889
20
-53.49019771942116
0
VERTEX
8
L4
10
12.064144614744123
20
-53.43685531636834
0
SEQEND
0
POLYLINE
8
L4
66
1
70
1
0
VERTEX
8
L4
10
19.858642906664457
20
-53.26597489951604
0
VERTEX
8
L4
10
19.87834503775015
20
-53.28880225581687
0
VERTEX
8
L4
10
19.904166344235264
20
-53.304375383197204
0
VERTEX
8
L4
10
19.933549063066508
20
-53.31115166529637
0
VERTEX
8
L4
10
19.963582650864666
20
-53.30845986868929
0
VERTEX
8
L4
10
19.99129209157958
20
-53.296566632785265
0
VERTEX
8
L4
10
20.013932590569325
20
-53.27665005751495
0
VERTEX
8
L4
10
20.02926146379862
20
-53.25068300511149
0
VERTEX
8
L4
10
20.035760289818924
20
-53.22123767567947
0
VERTEX
8
L4
10
20.032785318977503
20
-53.19123081457246
0
VERTEX
8
L4
10
20.020631240875204
20
-53.16363479039348
0
VERTEX
8
L4
10
20.000501993505495
20
-53.14118316316222
0
VERTEX
8
L4
10
19.97439150561253
20
-53.1260999079766
0
VERTEX
8
L4
10
19.944886185489608
20
-53.11987911627076
0
VERTEX
8
L4
10
19.914908720946144
20
-53.12313699664733
0
VERTEX
8
L4
10
19.88742856867036
20
-53.13555083553395
0
VERTEX
8
L4
10
19.86516781084005
20
-53.15589096399528
0
VERTEX
8
L4
10
19.850331515736727
20
-53.1821425641867
0
VERTEX
8
L4
10
19.78627471182766
20
-53.19902858995361
0
VERTEX
8
L4
10
19.72515991616065
20
-53.22459015766426
0
VERTEX
8
L4
10
19.668155838643102
20
-53.258338448578336
0
VERTEX
8
L4
10
19.61635257913433
20
-53.299628087684454
0
VERTEX
8
L4
10
19.570740781257726
20
-53.34766948532973
0
VERTEX
8
L4
10
19.53219268813369
20
-53.4015439366935
0
VERTEX
8
L4
10
19.50144546230773
20
-53.460221190355
0
VERTEX
8
L4
10
19.479087088850562
20
-53.52257914998805
0
VERTEX
8
L4
10
19.465545131207122
20
-53.58742533242334
0
VERTEX
8
L4
10
19.461078554819224
20
-53.653519671731765
0
VERTEX
8
L4
10
19.46577277488008
20
-53.719598233242046
0
VERTEX
8
L4
10
19.47953802292305
20
-53.784397384004706
0
VERTEX
8
L4
10
19.502111063481365
20
-53.84667795748633
0
VERTEX
8
L4
10
19.533060227990134
20
-53.905248950387744
0
VERTEX
8
L4
10
19.57179366966666
20
-53.95899029842757
0
VERTEX
8
L4
10
19.617570681509633
20
-54.00687429554534
0
VERTEX
8
L4
10
19.669515860980496
20
-54.04798524692072
0
VERTEX
8
L4
10
19.726635850493253
20
-54.08153697998042
0
VERTEX
8
L4
10
19.787838333581405
20
-54.10688787852644
0
VERTEX
8
L4
10
19.851952923474258
20
-54.123553152485144
0
VERTEX
8
L4
10
19.91775354462662
20
-54.13121410864037
0
VERTEX
8
L4
10
19.983981879195525
20
-54.129724245064715
0
VERTEX
8
L4
10
20.049371430092762
20
-54.11911205270381
0
VERTEX
8
L4
10
20.11267174045038
20
-54.099580470538584
0
VERTEX
8
L4
10
20.1726723063462
20
-54.071503004744336
0
VERTEX
8
L4
10
20.22822572550153
20
-54.03541658606083
0
VERTEX
8
L4
10
20.278269639273887
20
-53.99201130196327
0
VERTEX
8
L4
10
20.321847048344367
20
-53.94211719998766
0
VERTEX
8
L4
10
20.358124613598207
20
-53.88668841457339
0
VERTEX
8
L4
10
20.386408592227824
20
-53.82678492096804
0
VERTEX
8
L4
10
20.406158104309085
20
-53.76355226511839
0
VERTEX
8
L4
10
20.416995476151257
20
-53.698199657176545
0
VERTEX
8
L4
10
20.418713462623273
20
-53.631976847543235
0
VERTEX
8
L4
10
20.411279210341732
20
-53.56615022765234
0
VERTEX
8
L4
10
20.394834885932582
20
-53.5019786125256
0
VERTEX
8
L4
10
20.36969495735157
20
-53.44068916821266
0
VERTEX
8
L4
10
20.3363401802534
20
-53.383453944460335
0
VERTEX
8
L4
10
20.3444120198905
20
-53.35440041507274
0
VERTEX
8
L4
10
20.34305392983957
20
-53.32427703949137
0
VERTEX
8
L4
10
20.33240043747459
20
-53.296067727811845
0
VERTEX
8
L4
10
20.313506838319697
20
-53.272566790043804
0
VERTEX
8
L4
10
20.288244662380166
20
-53.256102142103366
0
VERTEX
8
L4
10
20.25911628730684
20
-53.24830471107828
0
VERTEX
8
L4
10
20.22900706212762
20
-53.24994688162687
0
VERTEX
8
L4
10
20.200899495251704
20
-53.260865986412405
0
VERTEX
8
L4
10
20.177577818225004
20
-53.27998041932749
0
VERTEX
8
L4
10
20.161352190058054
20
-53.30539677539186
0
VERTEX
8
L4
10
20.153829861424512
20
-53.33459740444214
0
VERTEX
8
L4
10
20.155755966357972
20
-53.36468980023889
0
VERTEX
8
L4
10
20.166939712032374
20
-53.392693121429296
0
VERTEX
8
L4
10
20.18627327799338
20
-53.41583346265917
0
VERTEX
8
L4
10
20.211841552752205
20
-53.43181862737088
0
VERTEX
8
L4
10
20.24111183764184
20
-53.43906518431069
0
VERTEX
8
L4
10
20.271184726573253
20
-53.43685531636834
0
VERTEX
8
L4
10
20.30037713109847
20
-53.49019771942116
0
VERTEX
8
L4
10
20.32104091362548
20
-53.54738702381536
0
VERTEX
8
L4
10
20.332686886133175
20
-53.60706934757848
0
VERTEX
8
L4
10
20.335039345456423
20
-53.66783178976564
0
VERTEX
8
L4
10
20.32804260019806
20
-53.72823587904116
0
VERTEX
8
L4
10
20.31186228914963
20
-53.786851627605785
0
VERTEX
8
L4
10
20.28688146000978
20
-53.84229138428727
0
VERTEX
8
L4
10
20.25369150123113
20
-53.893242685366694
0
VERTEX
8
L4
10
20.213078141672085
20
-53.9384993254402
0
VERTEX
8
L4
10
20.166002849494006
20
-53.976989912754064
0
VERTEX
8
L4
10
20.11358007066029
20
-54.00780323300302
0
VERTEX
8
L4
10
20.057050845885712
20
-54.03020982113694
0
VERTEX
8
L4
10
19.997753430621245
20
-54.04367923049173
0
VERTEX
8
L4
10
19.937091613606512
20
-54.0478925904202
0
VERTEX
8
L4
10
19.876501484007875
20
-54.042750155137504
0
VERTEX
8
L4
10
19.817417433885893
20
-54.02837366507217
0
VERTEX
8
L4
10
19.7612382008396
20
-54.00510346482068
0
VERTEX
8
L4
10
19.709293754723504
20
-53.97349044593431
0
VERTEX
8
L4
10
19.662813812351132
20
-53.93428300528235
0
VERTEX
8
L4
10
19.62289872555793
20
-53.88840932773515
0
VERTEX
8
L4
10
19.590493431810913
20
-53.83695541260144
0
VERTEX
8
L4
10
19.56636508405036
20
-53.78113936401538
0
VERTEX
8
L4
10
19.551084889347308
20
-53.722282553914496
0
VERTEX
8
L4
10
19.545014586323347
20
-53.66177834028757
0
VERTEX
8
L4
10
19.548297881462062
20
-53.6010590812469
0
VERTEX
8
L4
10
19.5608570470459
20
-53.54156222582367
0
VERTEX
8
L4
10
19.58239476125827
20
-53.48469628424242
0
VERTEX
8
L4
10
19.612401146888587
20
-53.43180748328399
0
VERTEX
8
L4
10
19.650165842008263
20
-53.38414789612744
0
VERTEX
8
L4
10
19.69479481686021
20
-53.34284580115539
0
VERTEX
8
L4
10
19.745231538843782
20
-53.308878971439206
0
VERTEX
8
L4
10
19.80028198454208
20
-53.283051527240545
0
VERTEX
8
L4
10
19.858642906664457
20
-53.26597489951604
0
SEQEND
0
POLYLINE
8
L4
66
1
70
1
0
VERTEX
8
L4
10
20.1332455307316
20
-55.25211064737069
0
VERTEX
8
L4
10
20.15347198250892
20
-55.274161417137556
0
VERTEX
8
L4
10
20.17951427354639
20
-55.28889725360285
0
VERTEX
8
L4
10
20.208832232776004
20
-55.294880819882565
0
VERTEX
8
L4
10
20.238566179699532
20
-55.29152847754316
0
VERTEX
8
L4
10
20.265815858283318
20
-55.2791672148288
0
VERTEX
8
L4
10
20.28792332859986
20
-55.25900275215272
0
VERTEX
8
L4
10
20.30273222290087
20
-55.233001935850275
0
VERTEX
8
L4
10
20.308798078224257
20
-55.203700891534275
0
VERTEX
8
L4
10
20.305529229644165
20
-55.17395764981834
0
VERTEX
8
L4
10
20.29324452140422
20
-55.14667337335236
0
VERTEX
8
L4
10
20.273142206776626
20
-55.124509376749195
0
VERTEX
8
L4
10
20.24718307016174
20
-55.10962754134416
0
VERTEX
8
L4
10
20.217899171726074
20
-55.10347944479149
0
VERTEX
8
L4
10
20.188146869670092
20
-55.106664773845445
0
VERTEX
8
L4
10
20.160828210391358
20
-55.11887283077622
0
VERTEX
8
L4
10
20.138607862210208
20
-55.138912838898
0
VERTEX
8
L4
10
20.12365320300789
20
-55.164830091201324
0
VERTEX
8
L4
10
20.117422913688543
20
-55.19409661292512
0
VERTEX
8
L4
10
20.053447228016907
20
-55.22259824295422
0
VERTEX
8
L4
10
19.99381645372189
20
-55.25933245083255
0
VERTEX
8
L4
10
19.939584001041467
20
-55.30365030668928
0
VERTEX
8
L4
10
19.891707915910118
20
-55.354768911364744
0
VERTEX
8
L4
10
19.85103395555349
20
-55.41178522675235
0
VERTEX
8
L4
10
19.818280647724478
20
-55.473692028460476
0
VERTEX
8
L4
10
19.794026597517544
20
-55.53939569898223
0
VERTEX
8
L4
10
19.77870026599335
20
-55.60773554704675
0
VERTEX
8
L4
10
19.772572401179687
20
-55.677504311865235
0
VERTEX
8
L4
10
19.77575125515959
20
-55.747469490053
0
VERTEX
8
L4
10
19.78818067173914
20
-55.81639510847578
0
VERTEX
8
L4
10
19.809641078477213
20
-55.88306355839107
0
VERTEX
8
L4
10
19.839753365552824
20
-55.94629710517241
0
VERTEX
8
L4
10
19.877985582947375
20
-56.004978693635636
0
VERTEX
8
L4
10
19.923662337632706
20
-56.05807168142957
0
VERTEX
8
L4
10
19.97597672475827
20
-56.104638151890086
0
VERTEX
8
L4
10
20.03400458206646
20
-56.14385548285088
0
VERTEX
8
L4
10
20.096720815724538
20
-56.17503087871392
0
VERTEX
8
L4
10
20.163017509167545
20
-56.19761360906251
0
VERTEX
8
L4
10
20.23172349505039
20
-56.21120473761531
0
VERTEX
8
L4
10
20.301625044559458
20
-56.21556416965392
0
VERTEX
8
L4
10
20.371487308595945
20
-56.210614893427355
0
VERTEX
8
L4
10
20.440076132060355
20
-56.19644434060674
0
VERTEX
8
L4
10
20.50617985587725
20
-56.17330284175705
0
VERTEX
8
L4
10
20.56863072161555
20
-56.141599204110754
0
VERTEX
8
L4
10
20.62632550057974
20
-56.10189348976453
0
VERTEX
8
L4
10
20.6782449829481
20
-56.054887121875986
0
VERTEX
8
L4
10
20.723471982671597
20
-56.00141049364008
0
VERTEX
8
L4
10
20.76120754006702
20
-55.94240829893913
0
VERTEX
8
L4
10
20.79078503587668
20
-55.87892284380882
0
VERTEX
8
L4
10
20.81168196746215
20
-55.81207563353208
0
VERTEX
8
L4
10
20.823529179099168
20
-55.7430475606349
0
VERTEX
8
L4
10
20.82611738331535
20
-55.673058043774105
0
VERTEX
8
L4
10
20.819400858067766
20
-55.60334348603995
0
VERTEX
8
L4
10
20.803498254448
20
-55.535135433219295
0
VERTEX
8
L4
10
20.778690500645595
20
-55.469638817865906
0
VERTEX
8
L4
10
20.745415839197946
20
-55.40801067350787
0
VERTEX
8
L4
10
20.704262085196333
20
-55.351339695017586
0
VERTEX
8
L4
10
20.713499757234743
20
-55.3228789990647
0
VERTEX
8
L4
10
20.713507268612247
20
-55.29295667057256
0
VERTEX
8
L4
10
20.70428388666734
20
-55.26449134035648
0
VERTEX
8
L4
10
20.68672926219999
20
-55.240259523284216
0
VERTEX
8
L4
10
20.662555677325443
20
-55.22262479637608
0
VERTEX
8
L4
10
20.634121029081953
20
-55.21330725495778
0
VERTEX
8
L4
10
20.604198839610646
20
-55.21321573416604
0
VERTEX
8
L4
10
20.575707726166698
20
-55.22235916095997
0
VERTEX
8
L4
10
20.551426718519835
20
-55.23984568338342
0
VERTEX
8
L4
10
20.53372419175038
20
-55.26396966201027
0
VERTEX
8
L4
10
20.524326854398097
20
-55.29237803840703
0
VERTEX
8
L4
10
20.524151324913547
20
-55.32229985299459
0
VERTEX
8
L4
10
20.533214724483045
20
-55.350816525084014
0
VERTEX
8
L4
10
20.55063300702436
20
-55.375146531909394
0
VERTEX
8
L4
10
20.574707189245217
20
-55.39291671899927
0
VERTEX
8
L4
10
20.60308906986502
20
-55.4023937782106
0
VERTEX
8
L4
10
20.633010273708877
20
-55.40265331500438
0
VERTEX
8
L4
10
20.661552279659915
20
-55.39367001410194
0
VERTEX
8
L4
10
20.699115056638888
20
-55.44700455113542
0
VERTEX
8
L4
10
20.72888048205634
20
-55.50505241504673
0
VERTEX
8
L4
10
20.750267911831244
20
-55.56668124679431
0
VERTEX
8
L4
10
20.762860134237812
20
-55.630688832202694
0
VERTEX
8
L4
10
20.766411508593748
20
-55.6958265539554
0
VERTEX
8
L4
10
20.76085275705502
20
-55.76082374878932
0
VERTEX
8
L4
10
20.746292316041902
20
-55.82441249474685
0
VERTEX
8
L4
10
20.723014220933422
20
-55.88535234495236
0
VERTEX
8
L4
10
20.69147256529466
20
-55.942454525423095
0
VERTEX
8
L4
10
20.652282642721943
20
-55.994605124879804
0
VERTEX
8
L4
10
20.60620894410566
20
-56.0407868241855
0
VERTEX
8
L4
10
20.554150244451236
20
-56.080098741529234
0
VERTEX
8
L4
10
20.497122070175593
20
-56.111774006227975
0
VERTEX
8
L4
10
20.43623688889447
20
-56.13519471832886
0
VERTEX
8
L4
10
20.37268240814565
20
-56.14990400218962
0
VERTEX
8
L4
10
20.30769840638193
20
-56.15561491890411
0
VERTEX
8
L4
10
20.24255254819927
20
-56.15221606371526
0
VERTEX
8
L4
10
20.178515655580853
20
-56.139773739224836
0
VERTEX
8
L4
10
20.116836917548696
20
-56.118530662006464
0
VERTEX
8
L4
10
20.05871952181674
20
-56.08890122785247
0
VERTEX
8
L4
10
20.00529718380703
20
-56.05146342801696
0
VERTEX
8
L4
10
19.95761203088462
20
-56.00694757414766
0
VERTEX
8
L4
10
19.91659427323158
20
-55.956222051853004
0
VERTEX
8
L4
10
19.883044057926796
20
-55.900276380814475
0
VERTEX
8
L4
10
19.857615860209947
20
-55.84020191189613
0
VERTEX
8
L4
10
19.840805716414778
20
-55.77717053779931
0
VERTEX
8
L4
10
19.832941547622838
20
-55.71241183256086
0
VERTEX
8
L4
10
19.83417676279761
20
-55.647189065842326
0
VERTEX
8
L4
10
19.844487266184714
20
-55.58277455990731
0
VERTEX
8
L4
10
19.86367192735581
20
-55.52042487000673
0
VERTEX
8
L4
10
19.891356504726915
20
-55.46135627233647
0
VERTEX
8
L4
10
19.927000946013848
20
-55.40672103773195
0
VERTEX
8
L4
10
19.969909923212228
20
-55.35758495393666
0
VERTEX
8
L4
10
20.01924639659272
20
-55.31490653492515
0
VERTEX
8
L4
10
20.074047943114365
20
-55.279518322851274
0
VERTEX
8
L4
10
20.1332455307316
20
-55.25211064737069
0
SEQEND
0
POLYLINE
8
L4
66
1
70
1
0
VERTEX
8
L4
10
17.52705102641532
20
-55.03571161799284
0
VERTEX
8
L4
10
17.517261561998808
20
-55.036353253389805
0
VERTEX
8
L4
10
17.50763959803264
20
-55.03826718102116
0
VERTEX
8
L4
10
17.49834976898795
20
-55.041420653054494
0
VERTEX
8
L4
10
17.489551026415327
20
-55.04575971270901
0
VERTEX
8
L4
10
17.481393919239665
20
-55.051210117470994
0
VERTEX
8
L4
10
17.47401801782634
20
-55.057678609403844
0
VERTEX
8
L4
10
17.46754952589349
20
-55.065054510817184
0
VERTEX
8
L4
10
17.462099121131487
20
-55.07321161799284
0
VERTEX
8
L4
10
17.457760061476975
20
-55.082010360565455
0
VERTEX
8
L4
10
17.454606589443657
20
-55.09130018961015
0
VERTEX
8
L4
10
17.452692661812293
20
-55.100922153576334
0
VERTEX
8
L4
10
17.452051026415333
20
-55.11071161799284
0
VERTEX
8
L4
10
17.452692661812293
20
-55.12050108240934
0
VERTEX
8
L4
10
17.454606589443657
20
-55.13012304637553
0
VERTEX
8
L4
10
17.457760061476975
20
-55.13941287542022
0
VERTEX
8
L4
10
17.462099121131487
20
-55.148211617992835
0
VERTEX
8
L4
10
17.46754952589349
20
-55.15636872516849
0
VERTEX
8
L4
10
17.47401801782634
20
-55.16374462658183
0
VERTEX
8
L4
10
17.481393919239665
20
-55.17021311851468
0
VERTEX
8
L4
10
17.489551026415327
20
-55.17566352327667
0
VERTEX
8
L4
10
17.49834976898795
20
-55.18000258293119
0
VERTEX
8
L4
10
17.50763959803264
20
-55.18315605496452
0
VERTEX
8
L4
10
17.517261561998808
20
-55.18506998259588
0
VERTEX
8
L4
10
17.52705102641532
20
-55.18571161799284
0
VERTEX
8
L4
10
17.536840490831835
20
-55.18506998259588
0
VERTEX
8
L4
10
17.546462454798004
20
-55.18315605496452
0
VERTEX
8
L4
10
17.555752283842693
20
-55.18000258293119
0
VERTEX
8
L4
10
17.564551026415316
20
-55.17566352327667
0
VERTEX
8
L4
10
17.57270813359098
20
-55.17021311851468
0
VERTEX
8
L4
10
17.580084035004305
20
-55.16374462658183
0
VERTEX
8
L4
10
17.586552526937155
20
-55.15636872516849
0
VERTEX
8
L4
10
17.592002931699156
20
-55.148211617992835
0
VERTEX
8
L4
10
17.59634199135367
20
-55.13941287542022
0
VERTEX
8
L4
10
17.599495463387015
20
-55.13012304637553
0
VERTEX
8
L4
10
17.60140939101835
20
-55.12050108240934
0
VERTEX
8
L4
10
17.60205102641534
20
-55.11071161799284
0
VERTEX
8
L4
10
17.60140939101835
20
-55.100922153576334
0
VERTEX
8
L4
10
17.599495463387015
20
-55.09130018961015
0
VERTEX
8
L4
10
17.59634199135367
20
-55.082010360565455
0
VERTEX
8
L4
10
17.592002931699156
20
-55.07321161799284
0
VERTEX
8
L4
10
17.586552526937155
20
-55.065054510817184
0
VERTEX
8
L4
10
17.580084035004305
20
-55.05767860940385
0
VERTEX
8
L4
10
17.57270813359098
20
-55.051210117470994
0
VERTEX
8
L4
10
17.564551026415316
20
-55.04575971270901
0
VERTEX
8
L4
10
17.555752283842693
20
-55.041420653054494
0
VERTEX
8
L4
10
17.546462454798004
20
-55.03826718102116
0
VERTEX
8
L4
10
17.536840490831835
20
-55.036353253389805
0
VERTEX
8
L4
10
17.52705102641532
20
-55.03571161799284
0
SEQEND
0
POLYLINE
8
L4
66
1
70
1
0
VERTEX
8
L4
10
14.311377245508979
20
-53.577694610778444
0
VERTEX
8
L4
10
14.30158778109248
20
-53.57833624617541
0
VERTEX
8
L4
10
14.291965817126282
20
-53.58025017380676
0
VERTEX
8
L4
10
14.282675988081593
20
-53.5834036458401
0
VERTEX
8
L4
10
14.27387724550897
20
-53.58774270549461
0
VERTEX
8
L4
10
14.265720138333322
20
-53.5931931102566
0
VERTEX
8
L4
10
14.258344236919982
20
-53.59966160218946
0
VERTEX
8
L4
10
14.251875744987132
20
-53.60703750360279
0
VERTEX
8
L4
10
14.246425340225144
20
-53.615194610778445
0
VERTEX
8
L4
10
14.242086280570632
20
-53.62399335335106
0
VERTEX
8
L4
10
14.2389328085373
20
-53.63328318239576
0
VERTEX
8
L4
10
14.237018880905936
20
-53.64290514636194
0
VERTEX
8
L4
10
14.236377245508976
20
-53.65269461077845
0
VERTEX
8
L4
10
14.237018880905936
20
-53.662484075194946
0
VERTEX
8
L4
10
14.2389328085373
20
-53.672106039161136
0
VERTEX
8
L4
10
14.242086280570632
20
-53.681395868205826
0
VERTEX
8
L4
10
14.246425340225144
20
-53.69019461077844
0
VERTEX
8
L4
10
14.251875744987132
20
-53.6983517179541
0
VERTEX
8
L4
10
14.258344236919982
20
-53.70572761936744
0
VERTEX
8
L4
10
14.265720138333322
20
-53.71219611130029
0
VERTEX
8
L4
10
14.27387724550897
20
-53.717646516062274
0
VERTEX
8
L4
10
14.282675988081593
20
-53.72198557571679
0
VERTEX
8
L4
10
14.291965817126282
20
-53.725139047750126
0
VERTEX
8
L4
10
14.30158778109248
20
-53.72705297538148
0
VERTEX
8
L4
10
14.311377245508979
20
-53.72769461077844
0
VERTEX
8
L4
10
14.321166709925478
20
-53.72705297538148
0
VERTEX
8
L4
10
14.33078867389166
20
-53.725139047750126
0
VERTEX
8
L4
10
14.340078502936365
20
-53.72198557571679
0
VERTEX
8
L4
10
14.348877245508973
20
-53.717646516062274
0
VERTEX
8
L4
10
14.357034352684636
20
-53.71219611130029
0
VERTEX
8
L4
10
14.364410254097962
20
-53.70572761936744
0
VERTEX
8
L4
10
14.370878746030826
20
-53.6983517179541
0
VERTEX
8
L4
10
14.376329150792813
20
-53.69019461077844
0
VERTEX
8
L4
10
14.380668210447325
20
-53.681395868205826
0
VERTEX
8
L4
10
14.383821682480658
20
-53.672106039161136
0
VERTEX
8
L4
10
14.385735610112008
20
-53.662484075194946
0
VERTEX
8
L4
10
14.386377245508982
20
-53.65269461077845
0
VERTEX
8
L4
10
14.385735610112008
20
-53.64290514636194
0
VERTEX
8
L4
10
14.383821682480658
20
-53.63328318239576
0
VERTEX
8
L4
10
14.380668210447325
20
-53.62399335335106
0
VERTEX
8
L4
10
14.376329150792813
20
-53.615194610778445
0
VERTEX
8
L4
10
14.370878746030826
20
-53.60703750360279
0
VERTEX
8
L4
10
14.364410254097962
20
-53.59966160218946
0
VERTEX
8
L4
10
14.357034352684636
20
-53.5931931102566
0
VERTEX
8
L4
10
14.348877245508973
20
-53.58774270549461
0
VERTEX
8
L4
10
14.340078502936365
20
-53.5834036458401
0
VERTEX
8
L4
10
14.33078867389166
20
-53.58025017380677
0
VERTEX
8
L4
10
14.321166709925478
20
-53.57833624617541
0
VERTEX
8
L4
10
14.311377245508979
20
-53.577694610778444
0
SEQEND
0
POLYLINE
8
L4
66
1
70
1
0
VERTEX
8
L4
10
12.035928143712567
20
-55.61362275449102
0
VERTEX
8
L4
10
12.026138679296068
20
-55.614264389887985
0
VERTEX
8
L4
10
12.016516715329871
20
-55.61617831751934
0
VERTEX
8
L4
10
12.007226886285181
20
-55.619331789552675
0
VERTEX
8
L4
10
11.998428143712559
20
-55.62367084920719
0
VERTEX
8
L4
10
11.99027103653691
20
-55.62912125396918
0
VERTEX
8
L4
10
11.98289513512357
20
-55.63558974590203
0
VERTEX
8
L4
10
11.97642664319072
20
-55.642965647315364
0
VERTEX
8
L4
10
11.970976238428733
20
-55.65112275449102
0
VERTEX
8
L4
10
11.96663717877422
20
-55.65992149706364
0
VERTEX
8
L4
10
11.963483706740888
20
-55.66921132610833
0
VERTEX
8
L4
10
11.961569779109524
20
-55.678833290074515
0
VERTEX
8
L4
10
11.960928143712565
20
-55.68862275449102
0
VERTEX
8
L4
10
11.961569779109524
20
-55.69841221890753
0
VERTEX
8
L4
10
11.963483706740888
20
-55.70803418287371
0
VERTEX
8
L4
10
11.96663717877422
20
-55.7173240119184
0
VERTEX
8
L4
10
11.970976238428733
20
-55.72612275449102
0
VERTEX
8
L4
10
11.97642664319072
20
-55.73427986166668
0
VERTEX
8
L4
10
11.98289513512357
20
-55.74165576308001
0
VERTEX
8
L4
10
11.99027103653691
20
-55.74812425501286
0
VERTEX
8
L4
10
11.998428143712559
20
-55.753574659774856
0
VERTEX
8
L4
10
12.007226886285181
20
-55.75791371942937
0
VERTEX
8
L4
10
12.016516715329871
20
-55.7610671914627
0
VERTEX
8
L4
10
12.026138679296068
20
-55.76298111909406
0
VERTEX
8
L4
10
12.035928143712567
20
-55.763622754491024
0
VERTEX
8
L4
10
12.045717608129067
20
-55.76298111909406
0
VERTEX
8
L4
10
12.05533957209525
20
-55.7610671914627
0
VERTEX
8
L4
10
12.064629401139953
20
-55.75791371942937
0
VERTEX
8
L4
10
12.073428143712562
20
-55.753574659774856
0
VERTEX
8
L4
10
12.081585250888224
20
-55.74812425501286
0
VERTEX
8
L4
10
12.08896115230155
20
-55.74165576308001
0
VERTEX
8
L4
10
12.095429644234414
20
-55.73427986166668
0
VERTEX
8
L4
10
12.100880048996402
20
-55.72612275449102
0
VERTEX
8
L4
10
12.105219108650914
20
-55.7173240119184
0
VERTEX
8
L4
10
12.108372580684247
20
-55.70803418287371
0
VERTEX
8
L4
10
12.110286508315596
20
-55.69841221890753
0
VERTEX
8
L4
10
12.11092814371257
20
-55.68862275449102
0
VERTEX
8
L4
10
12.110286508315596
20
-55.678833290074515
0
VERTEX
8
L4
10
12.108372580684247
20
-55.66921132610833
0
VERTEX
8
L4
10
12.105219108650914
20
-55.65992149706364
0
VERTEX
8
L4
10
12.100880048996402
20
-55.65112275449102
0
VERTEX
8
L4
10
12.095429644234414
20
-55.642965647315364
0
VERTEX
8
L4
10
12.08896115230155
20
-55.63558974590203
0
VERTEX
8
L4
10
12.081585250888224
20
-55.62912125396918
0
VERTEX
8
L4
10
12.073428143712562
20
-55.62367084920719
0
VERTEX
8
L4
10
12.064629401139953
20
-55.619331789552675
0
VERTEX
8
L4
10
12.05533957209525
20
-55.61617831751934
0
VERTEX
8
L4
10
12.045717608129067
20
-55.614264389887985
0
VERTEX
8
L4
10
12.035928143712567
20
-55.61362275449102
0
SEQEND
0
POLYLINE
8
L4
66
1
70
1
0
VERTEX
8
L4
10
14.311377245508979
20
-53.14056886227545
0
VERTEX
8
L4
10
14.30158778109248
20
-53.14121049767241
0
VERTEX
8
L4
10
14.291965817126282
20
-53.14312442530377
0
VERTEX
8
L4
10
14.282675988081593
20
-53.1462778973371
0
VERTEX
8
L4
10
14.27387724550897
20
-53.15061695699162
0
VERTEX
8
L4
10
14.265720138333322
20
-53.15606736175361
0
VERTEX
8
L4
10
14.258344236919982
20
-53.16253585368646
0
VERTEX
8
L4
10
14.251875744987132
20
-53.1699117550998
0
VERTEX
8
L4
10
14.246425340225144
20
-53.17806886227545
0
VERTEX
8
L4
10
14.242086280570632
20
-53.18686760484807
0
VERTEX
8
L4
10
14.2389328085373
20
-53.196157433892765
0
VERTEX
8
L4
10
14.237018880905936
20
-53.20577939785895
0
VERTEX
8
L4
10
14.236377245508976
20
-53.21556886227545
0
VERTEX
8
L4
10
14.237018880905936
20
-53.22535832669195
0
VERTEX
8
L4
10
14.2389328085373
20
-53.234980290658136
0
VERTEX
8
L4
10
14.242086280570632
20
-53.24427011970283
0
VERTEX
8
L4
10
14.246425340225144
20
-53.25306886227545
0
VERTEX
8
L4
10
14.251875744987132
20
-53.261225969451104
0
VERTEX
8
L4
10
14.258344236919982
20
-53.268601870864444
0
VERTEX
8
L4
10
14.265720138333322
20
-53.275070362797294
0
VERTEX
8
L4
10
14.27387724550897
20
-53.28052076755928
0
VERTEX
8
L4
10
14.282675988081593
20
-53.28485982721379
0
VERTEX
8
L4
10
14.291965817126282
20
-53.28801329924713
0
VERTEX
8
L4
10
14.30158778109248
20
-53.28992722687848
0
VERTEX
8
L4
10
14.311377245508979
20
-53.29056886227545
0
VERTEX
8
L4
10
14.321166709925478
20
-53.28992722687848
0
VERTEX
8
L4
10
14.33078867389166
20
-53.28801329924713
0
VERTEX
8
L4
10
14.340078502936365
20
-53.28485982721379
0
VERTEX
8
L4
10
14.348877245508973
20
-53.28052076755928
0
VERTEX
8
L4
10
14.357034352684636
20
-53.275070362797294
0
VERTEX
8
L4
10
14.364410254097962
20
-53.268601870864444
0
VERTEX
8
L4
10
14.370878746030826
20
-53.261225969451104
0
VERTEX
8
L4
10
14.376329150792813
20
-53.25306886227545
0
VERTEX
8
L4
10
14.380668210447325
20
-53.24427011970283
0
VERTEX
8
L4
10
14.383821682480658
20
-53.234980290658136
0
VERTEX
8
L4
10
14.385735610112008
20
-53.22535832669195
0
VERTEX
8
L4
10
14.386377245508982
20
-53.21556886227545
0
VERTEX
8
L4
10
14.385735610112008
20
-53.20577939785895
0
VERTEX
8
L4
10
14.383821682480658
20
-53.196157433892765
0
VERTEX
8
L4
10
14.380668210447325
20
-53.18686760484807
0
VERTEX
8
L4
10
14.376329150792813
20
-53.17806886227545
0
VERTEX
8
L4
10
14.370878746030826
20
-53.1699117550998
0
VERTEX
8
L4
10
14.364410254097962
20
-53.16253585368646
0
VERTEX
8
L4
10
14.357034352684636
20
-53.15606736175361
0
VERTEX
8
L4
10
14.348877245508973
20
-53.15061695699162
0
VERTEX
8
L4
10
14.340078502936365
20
-53.1462778973371
0
VERTEX
8
L4
10
14.33078867389166
20
-53.14312442530377
0
VERTEX
8
L4
10
14.321166709925478
20
-53.14121049767241
0
VERTEX
8
L4
10
14.311377245508979
20
-53.14056886227545
0
SEQEND
0
POLYLINE
8
L4
66
1
70
1
0
VERTEX
8
L4
10
14.910179640718567
20
-55.61362275449102
0
VERTEX
8
L4
10
14.900390176302054
20
-55.614264389887985
0
VERTEX
8
L4
10
14.890768212335871
20
-55.61617831751934
0
VERTEX
8
L4
10
14.881478383291181
20
-55.619331789552675
0
VERTEX
8
L4
10
14.872679640718559
20
-55.62367084920719
0
VERTEX
8
L4
10
14.86452253354291
20
-55.62912125396918
0
VERTEX
8
L4
10
14.85714663212957
20
-55.63558974590203
0
VERTEX
8
L4
10
14.85067814019672
20
-55.642965647315364
0
VERTEX
8
L4
10
14.845227735434733
20
-55.65112275449102
0
VERTEX
8
L4
10
14.84088867578022
20
-55.65992149706364
0
VERTEX
8
L4
10
14.837735203746874
20
-55.66921132610833
0
VERTEX
8
L4
10
14.835821276115524
20
-55.678833290074515
0
VERTEX
8
L4
10
14.835179640718565
20
-55.68862275449102
0
VERTEX
8
L4
10
14.835821276115524
20
-55.69841221890753
0
VERTEX
8
L4
10
14.837735203746874
20
-55.70803418287371
0
VERTEX
8
L4
10
14.84088867578022
20
-55.7173240119184
0
VERTEX
8
L4
10
14.845227735434733
20
-55.72612275449102
0
VERTEX
8
L4
10
14.85067814019672
20
-55.73427986166668
0
VERTEX
8
L4
10
14.85714663212957
20
-55.74165576308001
0
VERTEX
8
L4
10
14.86452253354291
20
-55.74812425501286
0
VERTEX
8
L4
10
14.872679640718559
20
-55.753574659774856
0
VERTEX
8
L4
10
14.881478383291181
20
-55.75791371942937
0
VERTEX
8
L4
10
14.890768212335871
20
-55.7610671914627
0
VERTEX
8
L4
10
14.900390176302054
20
-55.76298111909406
0
VERTEX
8
L4
10
14.910179640718567
20
-55.763622754491024
0
VERTEX
8
L4
10
14.919969105135067
20
-55.76298111909406
0
VERTEX
8
L4
10
14.92959106910125
20
-55.7610671914627
0
VERTEX
8
L4
10
14.93888089814594
20
-55.75791371942937
0
VERTEX
8
L4
10
14.947679640718562
20
-55.753574659774856
0
VERTEX
8
L4
10
14.95583674789421
20
-55.74812425501286
0
VERTEX
8
L4
10
14.96321264930755
20
-55.74165576308001
0
VERTEX
8
L4
10
14.9696811412404
20
-55.73427986166668
0
VERTEX
8
L4
10
14.975131546002387
20
-55.72612275449102
0
VERTEX
8
L4
10
14.9794706056569
20
-55.7173240119184
0
VERTEX
8
L4
10
14.982624077690247
20
-55.70803418287371
0
VERTEX
8
L4
10
14.984538005321596
20
-55.69841221890753
0
VERTEX
8
L4
10
14.985179640718556
20
-55.68862275449102
0
VERTEX
8
L4
10
14.984538005321596
20
-55.678833290074515
0
VERTEX
8
L4
10
14.982624077690247
20
-55.66921132610833
0
VERTEX
8
L4
10
14.9794706056569
20
-55.65992149706364
0
VERTEX
8
L4
10
14.975131546002387
20
-55.65112275449102
0
VERTEX
8
L4
10
14.9696811412404
20
-55.642965647315364
0
VERTEX
8
L4
10
14.96321264930755
20
-55.63558974590203
0
VERTEX
8
L4
10
14.95583674789421
20
-55.62912125396918
0
VERTEX
8
L4
10
14.947679640718562
20
-55.62367084920719
0
VERTEX
8
L4
10
14.93888089814594
20
-55.619331789552675
0
VERTEX
8
L4
10
14.92959106910125
20
-55.61617831751934
0
VERTEX
8
L4
10
14.919969105135067
20
-55.614264389887985
0
VERTEX
8
L4
10
14.910179640718567
20
-55.61362275449102
0
SEQEND
0
POLYLINE
8
L4
66
1
70
1
0
VERTEX
8
L4
10
12.395209580838312
20
-53.577694610778444
0
VERTEX
8
L4
10
12.385420116421813
20
-53.57833624617541
0
VERTEX
8
L4
10
12.37579815245563
20
-53.58025017380676
0
VERTEX
8
L4
10
12.36650832341094
20
-53.5834036458401
0
VERTEX
8
L4
10
12.357709580838318
20
-53.58774270549461
0
VERTEX
8
L4
10
12.349552473662655
20
-53.5931931102566
0
VERTEX
8
L4
10
12.342176572249329
20
-53.59966160218946
0
VERTEX
8
L4
10
12.33570808031648
20
-53.60703750360279
0
VERTEX
8
L4
10
12.330257675554478
20
-53.615194610778445
0
VERTEX
8
L4
10
12.325918615899965
20
-53.62399335335106
0
VERTEX
8
L4
10
12.322765143866633
20
-53.63328318239576
0
VERTEX
8
L4
10
12.320851216235283
20
-53.64290514636194
0
VERTEX
8
L4
10
12.32020958083831
20
-53.65269461077845
0
VERTEX
8
L4
10
12.320851216235283
20
-53.662484075194946
0
VERTEX
8
L4
10
12.322765143866633
20
-53.672106039161136
0
VERTEX
8
L4
10
12.325918615899965
20
-53.681395868205826
0
VERTEX
8
L4
10
12.330257675554478
20
-53.69019461077844
0
VERTEX
8
L4
10
12.33570808031648
20
-53.6983517179541
0
VERTEX
8
L4
10
12.342176572249329
20
-53.70572761936744
0
VERTEX
8
L4
10
12.349552473662655
20
-53.71219611130029
0
VERTEX
8
L4
10
12.357709580838318
20
-53.717646516062274
0
VERTEX
8
L4
10
12.36650832341094
20
-53.72198557571679
0
VERTEX
8
L4
10
12.37579815245563
20
-53.725139047750126
0
VERTEX
8
L4
10
12.385420116421813
20
-53.72705297538148
0
VERTEX
8
L4
10
12.395209580838312
20
-53.72769461077844
0
VERTEX
8
L4
10
12.404999045254812
20
-53.72705297538148
0
VERTEX
8
L4
10
12.414621009221008
20
-53.725139047750126
0
VERTEX
8
L4
10
12.423910838265698
20
-53.72198557571679
0
VERTEX
8
L4
10
12.43270958083832
20
-53.717646516062274
0
VERTEX
8
L4
10
12.440866688013969
20
-53.71219611130029
0
VERTEX
8
L4
10
12.44824258942731
20
-53.70572761936744
0
VERTEX
8
L4
10
12.45471108136016
20
-53.6983517179541
0
VERTEX
8
L4
10
12.460161486122146
20
-53.69019461077844
0
VERTEX
8
L4
10
12.464500545776659
20
-53.681395868205826
0
VERTEX
8
L4
10
12.467654017809991
20
-53.672106039161136
0
VERTEX
8
L4
10
12.469567945441355
20
-53.662484075194946
0
VERTEX
8
L4
10
12.470209580838315
20
-53.65269461077845
0
VERTEX
8
L4
10
12.469567945441355
20
-53.64290514636194
0
VERTEX
8
L4
10
12.467654017809991
20
-53.63328318239576
0
VERTEX
8
L4
10
12.464500545776659
20
-53.62399335335106
0
VERTEX
8
L4
10
12.460161486122146
20
-53.615194610778445
0
VERTEX
8
L4
10
12.45471108136016
20
-53.60703750360279
0
VERTEX
8
L4
10
12.44824258942731
20
-53.59966160218946
0
VERTEX
8
L4
10
12.440866688013969
20
-53.5931931102566
0
VERTEX
8
L4
10
12.43270958083832
20
-53.58774270549461
0
VERTEX
8
L4
10
12.423910838265698
20
-53.5834036458401
0
VERTEX
8
L4
10
12.414621009221008
20
-53.58025017380677
0
VERTEX
8
L4
10
12.404999045254812
20
-53.57833624617541
0
VERTEX
8
L4
10
12.395209580838312
20
-53.577694610778444
0
SEQEND
0
POLYLINE
8
L4
66
1
70
1
0
VERTEX
8
L4
10
14.80827831490204
20
-55.03571161799284
0
VERTEX
8
L4
10
14.798488850485526
20
-55.036353253389805
0
VERTEX
8
L4
10
14.788866886519344
20
-55.03826718102116
0
VERTEX
8
L4
10
14.779577057474654
20
-55.041420653054494
0
VERTEX
8
L4
10
14.770778314902032
20
-55.04575971270901
0
VERTEX
8
L4
10
14.762621207726383
20
-55.051210117470994
0
VERTEX
8
L4
10
14.755245306313043
20
-55.057678609403844
0
VERTEX
8
L4
10
14.748776814380193
20
-55.065054510817184
0
VERTEX
8
L4
10
14.743326409618206
20
-55.07321161799284
0
VERTEX
8
L4
10
14.738987349963693
20
-55.082010360565455
0
VERTEX
8
L4
10
14.73583387793036
20
-55.09130018961015
0
VERTEX
8
L4
10
14.733919950298997
20
-55.100922153576334
0
VERTEX
8
L4
10
14.733278314902037
20
-55.11071161799284
0
VERTEX
8
L4
10
14.733919950298997
20
-55.12050108240934
0
VERTEX
8
L4
10
14.73583387793036
20
-55.13012304637553
0
VERTEX
8
L4
10
14.738987349963693
20
-55.13941287542022
0
VERTEX
8
L4
10
14.743326409618206
20
-55.148211617992835
0
VERTEX
8
L4
10
14.748776814380193
20
-55.15636872516849
0
VERTEX
8
L4
10
14.755245306313043
20
-55.16374462658183
0
VERTEX
8
L4
10
14.762621207726383
20
-55.17021311851468
0
VERTEX
8
L4
10
14.770778314902032
20
-55.17566352327667
0
VERTEX
8
L4
10
14.779577057474654
20
-55.18000258293119
0
VERTEX
8
L4
10
14.788866886519344
20
-55.18315605496452
0
VERTEX
8
L4
10
14.798488850485526
20
-55.18506998259588
0
VERTEX
8
L4
10
14.80827831490204
20
-55.18571161799284
0
VERTEX
8
L4
10
14.81806777931854
20
-55.18506998259588
0
VERTEX
8
L4
10
14.827689743284722
20
-55.18315605496452
0
VERTEX
8
L4
10
14.836979572329412
20
-55.18000258293119
0
VERTEX
8
L4
10
14.845778314902034
20
-55.17566352327667
0
VERTEX
8
L4
10
14.853935422077697
20
-55.17021311851468
0
VERTEX
8
L4
10
14.861311323491023
20
-55.16374462658183
0
VERTEX
8
L4
10
14.867779815423873
20
-55.15636872516849
0
VERTEX
8
L4
10
14.873230220185874
20
-55.148211617992835
0
VERTEX
8
L4
10
14.877569279840387
20
-55.13941287542022
0
VERTEX
8
L4
10
14.88072275187372
20
-55.13012304637553
0
VERTEX
8
L4
10
14.882636679505069
20
-55.12050108240934
0
VERTEX
8
L4
10
14.883278314902043
20
-55.11071161799284
0
VERTEX
8
L4
10
14.882636679505069
20
-55.100922153576334
0
VERTEX
8
L4
10
14.88072275187372
20
-55.09130018961015
0
VERTEX
8
L4
10
14.877569279840387
20
-55.082010360565455
0
VERTEX
8
L4
10
14.873230220185874
20
-55.07321161799284
0
VERTEX
8
L4
10
14.867779815423873
20
-55.065054510817184
0
VERTEX
8
L4
10
14.861311323491023
20
-55.05767860940385
0
VERTEX
8
L4
10
14.853935422077697
20
-55.051210117470994
0
VERTEX
8
L4
10
14.845778314902034
20
-55.04575971270901
0
VERTEX
8
L4
10
14.836979572329412
20
-55.041420653054494
0
VERTEX
8
L4
10
14.827689743284722
20
-55.03826718102116
0
VERTEX
8
L4
10
14.81806777931854
20
-55.036353253389805
0
VERTEX
8
L4
10
14.80827831490204
20
-55.03571161799284
0
SEQEND
0
POLYLINE
8
L4
66
1
70
1
0
VERTEX
8
L4
10
16.16766467065868
20
-56.69146706586827
0
VERTEX
8
L4
10
16.15787520624218
20
-56.692108701265234
0
VERTEX
8
L4
10
16.148253242276
20
-56.69402262889659
0
VERTEX
8
L4
10
16.138963413231295
20
-56.69717610092992
0
VERTEX
8
L4
10
16.130164670658687
20
-56.701515160584435
0
VERTEX
8
L4
10
16.122007563483024
20
-56.70696556534643
0
VERTEX
8
L4
10
16.114631662069684
20
-56.71343405727928
0
VERTEX
8
L4
10
16.108163170136834
20
-56.72080995869261
0
VERTEX
8
L4
10
16.102712765374847
20
-56.72896706586827
0
VERTEX
8
L4
10
16.098373705720334
20
-56.737765808440884
0
VERTEX
8
L4
10
16.095220233687
20
-56.74705563748558
0
VERTEX
8
L4
10
16.093306306055652
20
-56.75667760145176
0
VERTEX
8
L4
10
16.092664670658678
20
-56.76646706586827
0
VERTEX
8
L4
10
16.093306306055652
20
-56.77625653028477
0
VERTEX
8
L4
10
16.095220233687
20
-56.78587849425096
0
VERTEX
8
L4
10
16.098373705720334
20
-56.79516832329565
0
VERTEX
8
L4
10
16.102712765374847
20
-56.80396706586827
0
VERTEX
8
L4
10
16.108163170136834
20
-56.81212417304392
0
VERTEX
8
L4
10
16.114631662069684
20
-56.81950007445726
0
VERTEX
8
L4
10
16.122007563483024
20
-56.82596856639011
0
VERTEX
8
L4
10
16.130164670658687
20
-56.831418971152104
0
VERTEX
8
L4
10
16.138963413231295
20
-56.835758030806616
0
VERTEX
8
L4
10
16.148253242276
20
-56.83891150283995
0
VERTEX
8
L4
10
16.15787520624218
20
-56.840825430471305
0
VERTEX
8
L4
10
16.16766467065868
20
-56.841467065868265
0
VERTEX
8
L4
10
16.17745413507518
20
-56.840825430471305
0
VERTEX
8
L4
10
16.187076099041363
20
-56.83891150283995
0
VERTEX
8
L4
10
16.196365928086067
20
-56.835758030806616
0
VERTEX
8
L4
10
16.205164670658675
20
-56.831418971152104
0
VERTEX
8
L4
10
16.213321777834338
20
-56.82596856639011
0
VERTEX
8
L4
10
16.220697679247678
20
-56.81950007445726
0
VERTEX
8
L4
10
16.227166171180528
20
-56.81212417304392
0
VERTEX
8
L4
10
16.232616575942515
20
-56.80396706586827
0
VERTEX
8
L4
10
16.236955635597027
20
-56.79516832329565
0
VERTEX
8
L4
10
16.24010910763036
20
-56.78587849425096
0
VERTEX
8
L4
10
16.24202303526171
20
-56.77625653028477
0
VERTEX
8
L4
10
16.242664670658684
20
-56.76646706586827
0
VERTEX
8
L4
10
16.24202303526171
20
-56.75667760145176
0
VERTEX
8
L4
10
16.24010910763036
20
-56.74705563748558
0
VERTEX
8
L4
10
16.236955635597027
20
-56.737765808440884
0
VERTEX
8
L4
10
16.232616575942515
20
-56.72896706586827
0
VERTEX
8
L4
10
16.227166171180528
20
-56.72080995869261
0
VERTEX
8
L4
10
16.220697679247678
20
-56.71343405727928
0
VERTEX
8
L4
10
16.213321777834338
20
-56.70696556534643
0
VERTEX
8
L4
10
16.205164670658675
20
-56.701515160584435
0
VERTEX
8
L4
10
16.196365928086067
20
-56.69717610092992
0
VERTEX
8
L4
10
16.187076099041363
20
-56.69402262889659
0
VERTEX
8
L4
10
16.17745413507518
20
-56.692108701265234
0
VERTEX
8
L4
10
16.16766467065868
20
-56.69146706586827
0
SEQEND
0
POLYLINE
8
L4
66
1
70
1
0
VERTEX
8
L4
10
19.94011976047905
20
-53.577694610778444
0
VERTEX
8
L4
10
19.930330296062536
20
-53.57833624617541
0
VERTEX
8
L4
10
19.920708332096368
20
-53.58025017380676
0
VERTEX
8
L4
10
19.911418503051678
20
-53.5834036458401
0
VERTEX
8
L4
10
19.902619760479055
20
-53.58774270549461
0
VERTEX
8
L4
10
19.894462653303393
20
-53.5931931102566
0
VERTEX
8
L4
10
19.887086751890067
20
-53.59966160218946
0
VERTEX
8
L4
10
19.880618259957217
20
-53.60703750360279
0
VERTEX
8
L4
10
19.875167855195215
20
-53.615194610778445
0
VERTEX
8
L4
10
19.870828795540703
20
-53.62399335335106
0
VERTEX
8
L4
10
19.867675323507356
20
-53.63328318239576
0
VERTEX
8
L4
10
19.86576139587602
20
-53.64290514636194
0
VERTEX
8
L4
10
19.865119760479033
20
-53.65269461077845
0
VERTEX
8
L4
10
19.86576139587602
20
-53.662484075194946
0
VERTEX
8
L4
10
19.867675323507356
20
-53.672106039161136
0
VERTEX
8
L4
10
19.870828795540703
20
-53.681395868205826
0
VERTEX
8
L4
10
19.875167855195215
20
-53.69019461077844
0
VERTEX
8
L4
10
19.880618259957217
20
-53.6983517179541
0
VERTEX
8
L4
10
19.887086751890067
20
-53.70572761936744
0
VERTEX
8
L4
10
19.894462653303393
20
-53.71219611130029
0
VERTEX
8
L4
10
19.902619760479055
20
-53.717646516062274
0
VERTEX
8
L4
10
19.911418503051678
20
-53.72198557571679
0
VERTEX
8
L4
10
19.920708332096368
20
-53.725139047750126
0
VERTEX
8
L4
10
19.930330296062536
20
-53.72705297538148
0
VERTEX
8
L4
10
19.94011976047905
20
-53.72769461077844
0
VERTEX
8
L4
10
19.949909224895563
20
-53.72705297538148
0
VERTEX
8
L4
10
19.95953118886173
20
-53.725139047750126
0
VERTEX
8
L4
10
19.96882101790642
20
-53.72198557571679
0
VERTEX
8
L4
10
19.977619760479044
20
-53.717646516062274
0
VERTEX
8
L4
10
19.985776867654707
20
-53.71219611130029
0
VERTEX
8
L4
10
19.993152769068033
20
-53.70572761936744
0
VERTEX
8
L4
10
19.999621261000883
20
-53.6983517179541
0
VERTEX
8
L4
10
20.005071665762884
20
-53.69019461077844
0
VERTEX
8
L4
10
20.009410725417396
20
-53.681395868205826
0
VERTEX
8
L4
10
20.012564197450715
20
-53.672106039161136
0
VERTEX
8
L4
10
20.01447812508208
20
-53.662484075194946
0
VERTEX
8
L4
10
20.01511976047904
20
-53.65269461077845
0
VERTEX
8
L4
10
20.01447812508208
20
-53.64290514636194
0
VERTEX
8
L4
10
20.012564197450715
20
-53.63328318239576
0
VERTEX
8
L4
10
20.009410725417396
20
-53.62399335335106
0
VERTEX
8
L4
10
20.005071665762884
20
-53.615194610778445
0
VERTEX
8
L4
10
19.999621261000883
20
-53.60703750360279
0
VERTEX
8
L4
10
19.993152769068033
20
-53.59966160218946
0
VERTEX
8
L4
10
19.985776867654707
20
-53.5931931102566
0
VERTEX
8
L4
10
19.977619760479044
20
-53.58774270549461
0
VERTEX
8
L4
10
19.96882101790642
20
-53.5834036458401
0
VERTEX
8
L4
10
19.95953118886173
20
-53.58025017380677
0
VERTEX
8
L4
10
19.949909224895563
20
-53.57833624617541
0
VERTEX
8
L4
10
19.94011976047905
20
-53.577694610778444
0
SEQEND
0
POLYLINE
8
L4
66
1
70
1
0
VERTEX
8
L4
10
16.16766467065868
20
-55.73338323353294
0
VERTEX
8
L4
10
16.15787520624218
20
-55.7340248689299
0
VERTEX
8
L4
10
16.148253242276
20
-55.73593879656126
0
VERTEX
8
L4
10
16.138963413231295
20
-55.73909226859459
0
VERTEX
8
L4
10
16.130164670658687
20
-55.7434313282491
0
VERTEX
8
L4
10
16.122007563483024
20
-55.748881733011096
0
VERTEX
8
L4
10
16.114631662069684
20
-55.755350224943946
0
VERTEX
8
L4
10
16.108163170136834
20
-55.762726126357286
0
VERTEX
8
L4
10
16.102712765374847
20
-55.770883233532935
0
VERTEX
8
L4
10
16.098373705720334
20
-55.77968197610556
0
VERTEX
8
L4
10
16.095220233687
20
-55.78897180515025
0
VERTEX
8
L4
10
16.093306306055652
20
-55.79859376911644
0
VERTEX
8
L4
10
16.092664670658678
20
-55.808383233532936
0
VERTEX
8
L4
10
16.093306306055652
20
-55.81817269794944
0
VERTEX
8
L4
10
16.095220233687
20
-55.827794661915625
0
VERTEX
8
L4
10
16.098373705720334
20
-55.83708449096032
0
VERTEX
8
L4
10
16.102712765374847
20
-55.84588323353294
0
VERTEX
8
L4
10
16.108163170136834
20
-55.85404034070859
0
VERTEX
8
L4
10
16.114631662069684
20
-55.861416242121926
0
VERTEX
8
L4
10
16.122007563483024
20
-55.86788473405478
0
VERTEX
8
L4
10
16.130164670658687
20
-55.87333513881677
0
VERTEX
8
L4
10
16.138963413231295
20
-55.87767419847128
0
VERTEX
8
L4
10
16.148253242276
20
-55.880827670504615
0
VERTEX
8
L4
10
16.15787520624218
20
-55.88274159813597
0
VERTEX
8
L4
10
16.16766467065868
20
-55.88338323353294
0
VERTEX
8
L4
10
16.17745413507518
20
-55.88274159813597
0
VERTEX
8
L4
10
16.187076099041363
20
-55.880827670504615
0
VERTEX
8
L4
10
16.196365928086067
20
-55.87767419847128
0
VERTEX
8
L4
10
16.205164670658675
20
-55.87333513881677
0
VERTEX
8
L4
10
16.213321777834338
20
-55.86788473405478
0
VERTEX
8
L4
10
16.220697679247678
20
-55.861416242121926
0
VERTEX
8
L4
10
16.227166171180528
20
-55.85404034070859
0
VERTEX
8
L4
10
16.232616575942515
20
-55.84588323353294
0
VERTEX
8
L4
10
16.236955635597027
20
-55.83708449096032
0
VERTEX
8
L4
10
16.24010910763036
20
-55.827794661915625
0
VERTEX
8
L4
10
16.24202303526171
20
-55.81817269794944
0
VERTEX
8
L4
10
16.242664670658684
20
-55.808383233532936
0
VERTEX
8
L4
10
16.24202303526171
20
-55.79859376911644
0
VERTEX
8
L4
10
16.24010910763036
20
-55.78897180515025
0
VERTEX
8
L4
10
16.236955635597027
20
-55.77968197610556
0
VERTEX
8
L4
10
16.232616575942515
20
-55.770883233532935
0
VERTEX
8
L4
10
16.227166171180528
20
-55.762726126357286
0
VERTEX
8
L4
10
16.220697679247678
20
-55.755350224943946
0
VERTEX
8
L4
10
16.213321777834338
20
-55.748881733011096
0
VERTEX
8
L4
10
16.205164670658675
20
-55.7434313282491
0
VERTEX
8
L4
10
16.196365928086067
20
-55.73909226859459
0
VERTEX
8
L4
10
16.187076099041363
20
-55.73593879656126
0
VERTEX
8
L4
10
16.17745413507518
20
-55.7340248689299
0
VERTEX
8
L4
10
16.16766467065868
20
-55.73338323353294
0
SEQEND
0
POLYLINE
8
L4
66
1
70
1
0
VERTEX
8
L4
10
16.16766467065868
20
-54.77529940119761
0
VERTEX
8
L4
10
16.15787520624218
20
-54.775941036594574
0
VERTEX
8
L4
10
16.148253242276
20
-54.77785496422593
0
VERTEX
8
L4
10
16.138963413231295
20
-54.78100843625926
0
VERTEX
8
L4
10
16.130164670658687
20
-54.785347495913776
0
VERTEX
8
L4
10
16.122007563483024
20
-54.79079790067576
0
VERTEX
8
L4
10
16.114631662069684
20
-54.79726639260862
0
VERTEX
8
L4
10
16.108163170136834
20
-54.80464229402195
0
VERTEX
8
L4
10
16.102712765374847
20
-54.81279940119761
0
VERTEX
8
L4
10
16.098373705720334
20
-54.821598143770224
0
VERTEX
8
L4
10
16.095220233687
20
-54.83088797281492
0
VERTEX
8
L4
10
16.093306306055652
20
-54.8405099367811
0
VERTEX
8
L4
10
16.092664670658678
20
-54.85029940119761
0
VERTEX
8
L4
10
16.093306306055652
20
-54.86008886561411
0
VERTEX
8
L4
10
16.095220233687
20
-54.8697108295803
0
VERTEX
8
L4
10
16.098373705720334
20
-54.87900065862499
0
VERTEX
8
L4
10
16.102712765374847
20
-54.887799401197604
0
VERTEX
8
L4
10
16.108163170136834
20
-54.89595650837326
0
VERTEX
8
L4
10
16.114631662069684
20
-54.9033324097866
0
VERTEX
8
L4
10
16.122007563483024
20
-54.90980090171945
0
VERTEX
8
L4
10
16.130164670658687
20
-54.91525130648144
0
VERTEX
8
L4
10
16.138963413231295
20
-54.91959036613596
0
VERTEX
8
L4
10
16.148253242276
20
-54.92274383816929
0
VERTEX
8
L4
10
16.15787520624218
20
-54.924657765800646
0
VERTEX
8
L4
10
16.16766467065868
20
-54.925299401197606
0
VERTEX
8
L4
10
16.17745413507518
20
-54.924657765800646
0
VERTEX
8
L4
10
16.187076099041363
20
-54.92274383816929
0
VERTEX
8
L4
10
16.196365928086067
20
-54.91959036613596
0
VERTEX
8
L4
10
16.205164670658675
20
-54.91525130648144
0
VERTEX
8
L4
10
16.213321777834338
20
-54.90980090171945
0
VERTEX
8
L4
10
16.220697679247678
20
-54.9033324097866
0
VERTEX
8
L4
10
16.227166171180528
20
-54.89595650837326
0
VERTEX
8
L4
10
16.232616575942515
20
-54.887799401197604
0
VERTEX
8
L4
10
16.236955635597027
20
-54.87900065862499
0
VERTEX
8
L4
10
16.24010910763036
20
-54.8697108295803
0
VERTEX
8
L4
10
16.24202303526171
20
-54.86008886561411
0
VERTEX
8
L4
10
16.242664670658684
20
-54.85029940119761
0
VERTEX
8
L4
10
16.24202303526171
20
-54.8405099367811
0
VERTEX
8
L4
10
16.24010910763036
20
-54.83088797281492
0
VERTEX
8
L4
10
16.236955635597027
20
-54.821598143770224
0
VERTEX
8
L4
10
16.232616575942515
20
-54.81279940119761
0
VERTEX
8
L4
10
16.227166171180528
20
-54.80464229402195
0
VERTEX
8
L4
10
16.220697679247678
20
-54.79726639260862
0
VERTEX
8
L4
10
16.213321777834338
20
-54.79079790067576
0
VERTEX
8
L4
10
16.205164670658675
20
-54.785347495913776
0
VERTEX
8
L4
10
16.196365928086067
20
-54.78100843625926
0
VERTEX
8
L4
10
16.187076099041363
20
-54.77785496422593
0
VERTEX
8
L4
10
16.17745413507518
20
-54.775941036594574
0
VERTEX
8
L4
10
16.16766467065868
20
-54.77529940119761
0
SEQEND
0
POLYLINE
8
L4
66
1
70
1
0
VERTEX
8
L4
10
20.29940119760481
20
-55.61362275449102
0
VERTEX
8
L4
10
20.289611733188295
20
-55.614264389887985
0
VERTEX
8
L4
10
20.279989769222098
20
-55.61617831751934
0
VERTEX
8
L4
10
20.27069994017741
20
-55.619331789552675
0
VERTEX
8
L4
10
20.261901197604786
20
-55.62367084920719
0
VERTEX
8
L4
10
20.25374409042915
20
-55.62912125396918
0
VERTEX
8
L4
10
20.246368189015797
20
-55.63558974590203
0
VERTEX
8
L4
10
20.239899697082947
20
-55.642965647315364
0
VERTEX
8
L4
10
20.234449292320974
20
-55.65112275449102
0
VERTEX
8
L4
10
20.230110232666462
20
-55.65992149706364
0
VERTEX
8
L4
10
20.226956760633115
20
-55.66921132610833
0
VERTEX
8
L4
10
20.22504283300175
20
-55.678833290074515
0
VERTEX
8
L4
10
20.22440119760479
20
-55.68862275449102
0
VERTEX
8
L4
10
20.22504283300175
20
-55.69841221890753
0
VERTEX
8
L4
10
20.226956760633115
20
-55.70803418287371
0
VERTEX
8
L4
10
20.230110232666462
20
-55.7173240119184
0
VERTEX
8
L4
10
20.234449292320974
20
-55.72612275449102
0
VERTEX
8
L4
10
20.239899697082947
20
-55.73427986166668
0
VERTEX
8
L4
10
20.246368189015797
20
-55.74165576308001
0
VERTEX
8
L4
10
20.25374409042915
20
-55.74812425501286
0
VERTEX
8
L4
10
20.261901197604786
20
-55.753574659774856
0
VERTEX
8
L4
10
20.27069994017741
20
-55.75791371942937
0
VERTEX
8
L4
10
20.279989769222098
20
-55.7610671914627
0
VERTEX
8
L4
10
20.289611733188295
20
-55.76298111909406
0
VERTEX
8
L4
10
20.29940119760481
20
-55.763622754491024
0
VERTEX
8
L4
10
20.309190662021294
20
-55.76298111909406
0
VERTEX
8
L4
10
20.31881262598749
20
-55.7610671914627
0
VERTEX
8
L4
10
20.32810245503218
20
-55.75791371942937
0
VERTEX
8
L4
10
20.336901197604803
20
-55.753574659774856
0
VERTEX
8
L4
10
20.345058304780437
20
-55.74812425501286
0
VERTEX
8
L4
10
20.35243420619379
20
-55.74165576308001
0
VERTEX
8
L4
10
20.35890269812664
20
-55.73427986166668
0
VERTEX
8
L4
10
20.364353102888643
20
-55.72612275449102
0
VERTEX
8
L4
10
20.368692162543155
20
-55.7173240119184
0
VERTEX
8
L4
10
20.371845634576474
20
-55.70803418287371
0
VERTEX
8
L4
10
20.373759562207837
20
-55.69841221890753
0
VERTEX
8
L4
10
20.374401197604797
20
-55.68862275449102
0
VERTEX
8
L4
10
20.373759562207837
20
-55.678833290074515
0
VERTEX
8
L4
10
20.371845634576474
20
-55.66921132610833
0
VERTEX
8
L4
10
20.368692162543155
20
-55.65992149706364
0
VERTEX
8
L4
10
20.364353102888643
20
-55.65112275449102
0
VERTEX
8
L4
10
20.35890269812664
20
-55.642965647315364
0
VERTEX
8
L4
10
20.35243420619379
20
-55.63558974590203
0
VERTEX
8
L4
10
20.345058304780437
20
-55.62912125396918
0
VERTEX
8
L4
10
20.336901197604803
20
-55.62367084920719
0
VERTEX
8
L4
10
20.32810245503218
20
-55.619331789552675
0
VERTEX
8
L4
10
20.31881262598749
20
-55.61617831751934
0
VERTEX
8
L4
10
20.309190662021294
20
-55.614264389887985
0
VERTEX
8
L4
10
20.29940119760481
20
-55.61362275449102
0
SEQEND
0
POLYLINE
8
L4
66
1
70
1
0
VERTEX
8
L4
10
16.16766467065868
20
-53.81721556886228
0
VERTEX
8
L4
10
16.15787520624218
20
-53.81785720425924
0
VERTEX
8
L4
10
16.148253242276
20
-53.8197711318906
0
VERTEX
8
L4
10
16.138963413231295
20
-53.82292460392393
0
VERTEX
8
L4
10
16.130164670658687
20
-53.82726366357844
0
VERTEX
8
L4
10
16.122007563483024
20
-53.83271406834044
0
VERTEX
8
L4
10
16.114631662069684
20
-53.83918256027329
0
VERTEX
8
L4
10
16.108163170136834
20
-53.84655846168663
0
VERTEX
8
L4
10
16.102712765374847
20
-53.854715568862275
0
VERTEX
8
L4
10
16.098373705720334
20
-53.8635143114349
0
VERTEX
8
L4
10
16.095220233687
20
-53.87280414047959
0
VERTEX
8
L4
10
16.093306306055652
20
-53.88242610444578
0
VERTEX
8
L4
10
16.092664670658678
20
-53.89221556886228
0
VERTEX
8
L4
10
16.093306306055652
20
-53.90200503327878
0
VERTEX
8
L4
10
16.095220233687
20
-53.911626997244966
0
VERTEX
8
L4
10
16.098373705720334
20
-53.92091682628966
0
VERTEX
8
L4
10
16.102712765374847
20
-53.92971556886228
0
VERTEX
8
L4
10
16.108163170136834
20
-53.937872676037934
0
VERTEX
8
L4
10
16.114631662069684
20
-53.94524857745127
0
VERTEX
8
L4
10
16.122007563483024
20
-53.951717069384124
0
VERTEX
8
L4
10
16.130164670658687
20
-53.95716747414611
0
VERTEX
8
L4
10
16.138963413231295
20
-53.96150653380062
0
VERTEX
8
L4
10
16.148253242276
20
-53.964660005833956
0
VERTEX
8
L4
10
16.15787520624218
20
-53.96657393346531
0
VERTEX
8
L4
10
16.16766467065868
20
-53.96721556886228
0
VERTEX
8
L4
10
16.17745413507518
20
-53.96657393346531
0
VERTEX
8
L4
10
16.187076099041363
20
-53.964660005833956
0
VERTEX
8
L4
10
16.196365928086067
20
-53.96150653380062
0
VERTEX
8
L4
10
16.205164670658675
20
-53.95716747414611
0
VERTEX
8
L4
10
16.213321777834338
20
-53.951717069384124
0
VERTEX
8
L4
10
16.220697679247678
20
-53.94524857745127
0
VERTEX
8
L4
10
16.227166171180528
20
-53.937872676037934
0
VERTEX
8
L4
10
16.232616575942515
20
-53.92971556886228
0
VERTEX
8
L4
10
16.236955635597027
20
-53.92091682628966
0
VERTEX
8
L4
10
16.24010910763036
20
-53.911626997244966
0
VERTEX
8
L4
10
16.24202303526171
20
-53.90200503327878
0
VERTEX
8
L4
10
16.242664670658684
20
-53.89221556886228
0
VERTEX
8
L4
10
16.24202303526171
20
-53.88242610444578
0
VERTEX
8
L4
10
16.24010910763036
20
-53.87280414047959
0
VERTEX
8
L4
10
16.236955635597027
20
-53.8635143114349
0
VERTEX
8
L4
10
16.232616575942515
20
-53.854715568862275
0
VERTEX
8
L4
10
16.227166171180528
20
-53.84655846168663
0
VERTEX
8
L4
10
16.220697679247678
20
-53.83918256027329
0
VERTEX
8
L4
10
16.213321777834338
20
-53.83271406834044
0
VERTEX
8
L4
10
16.205164670658675
20
-53.82726366357844
0
VERTEX
8
L4
10
16.196365928086067
20
-53.82292460392393
0
VERTEX
8
L4
10
16.187076099041363
20
-53.8197711318906
0
VERTEX
8
L4
10
16.17745413507518
20
-53.81785720425924
0
VERTEX
8
L4
10
16.16766467065868
20
-53.81721556886228
0
SEQEND
0
POLYLINE
8
L4
66
1
70
1
0
VERTEX
8
L4
10
16.16766467065868
20
-53.338173652694614
0
VERTEX
8
L4
10
16.15787520624218
20
-53.338815288091574
0
VERTEX
8
L4
10
16.148253242276
20
-53.34072921572293
0
VERTEX
8
L4
10
16.138963413231295
20
-53.34388268775626
0
VERTEX
8
L4
10
16.130164670658687
20
-53.348221747410776
0
VERTEX
8
L4
10
16.122007563483024
20
-53.35367215217277
0
VERTEX
8
L4
10
16.114631662069684
20
-53.36014064410562
0
VERTEX
8
L4
10
16.108163170136834
20
-53.36751654551896
0
VERTEX
8
L4
10
16.102712765374847
20
-53.37567365269461
0
VERTEX
8
L4
10
16.098373705720334
20
-53.38447239526723
0
VERTEX
8
L4
10
16.095220233687
20
-53.39376222431192
0
VERTEX
8
L4
10
16.093306306055652
20
-53.40338418827811
0
VERTEX
8
L4
10
16.092664670658678
20
-53.41317365269461
0
VERTEX
8
L4
10
16.093306306055652
20
-53.42296311711112
0
VERTEX
8
L4
10
16.095220233687
20
-53.4325850810773
0
VERTEX
8
L4
10
16.098373705720334
20
-53.441874910121996
0
VERTEX
8
L4
10
16.102712765374847
20
-53.45067365269461
0
VERTEX
8
L4
10
16.108163170136834
20
-53.45883075987027
0
VERTEX
8
L4
10
16.114631662069684
20
-53.4662066612836
0
VERTEX
8
L4
10
16.122007563483024
20
-53.47267515321646
0
VERTEX
8
L4
10
16.130164670658687
20
-53.478125557978444
0
VERTEX
8
L4
10
16.138963413231295
20
-53.48246461763296
0
VERTEX
8
L4
10
16.148253242276
20
-53.48561808966629
0
VERTEX
8
L4
10
16.15787520624218
20
-53.487532017297646
0
VERTEX
8
L4
10
16.16766467065868
20
-53.48817365269461
0
VERTEX
8
L4
10
16.17745413507518
20
-53.487532017297646
0
VERTEX
8
L4
10
16.187076099041363
20
-53.48561808966629
0
VERTEX
8
L4
10
16.196365928086067
20
-53.48246461763296
0
VERTEX
8
L4
10
16.205164670658675
20
-53.478125557978444
0
VERTEX
8
L4
10
16.213321777834338
20
-53.47267515321646
0
VERTEX
8
L4
10
16.220697679247678
20
-53.4662066612836
0
VERTEX
8
L4
10
16.227166171180528
20
-53.45883075987027
0
VERTEX
8
L4
10
16.232616575942515
20
-53.45067365269461
0
VERTEX
8
L4
10
16.236955635597027
20
-53.441874910121996
0
VERTEX
8
L4
10
16.24010910763036
20
-53.4325850810773
0
VERTEX
8
L4
10
16.24202303526171
20
-53.42296311711112
0
VERTEX
8
L4
10
16.242664670658684
20
-53.41317365269461
0
VERTEX
8
L4
10
16.24202303526171
20
-53.40338418827811
0
VERTEX
8
L4
10
16.24010910763036
20
-53.39376222431192
0
VERTEX
8
L4
10
16.236955635597027
20
-53.38447239526723
0
VERTEX
8
L4
10
16.232616575942515
20
-53.37567365269461
0
VERTEX
8
L4
10
16.227166171180528
20
-53.36751654551896
0
VERTEX
8
L4
10
16.220697679247678
20
-53.36014064410562
0
VERTEX
8
L4
10
16.213321777834338
20
-53.35367215217277
0
VERTEX
8
L4
10
16.205164670658675
20
-53.348221747410776
0
VERTEX
8
L4
10
16.196365928086067
20
-53.34388268775626
0
VERTEX
8
L4
10
16.187076099041363
20
-53.34072921572293
0
VERTEX
8
L4
10
16.17745413507518
20
-53.338815288091574
0
VERTEX
8
L4
10
16.16766467065868
20
-53.338173652694614
0
SEQEND
0
POLYLINE
8
L4
66
1
70
1
0
VERTEX
8
L4
10
18.023952095808383
20
-53.577694610778444
0
VERTEX
8
L4
10
18.01416263139187
20
-53.57833624617541
0
VERTEX
8
L4
10
18.0045406674257
20
-53.58025017380676
0
VERTEX
8
L4
10
17.99525083838101
20
-53.5834036458401
0
VERTEX
8
L4
10
17.98645209580839
20
-53.58774270549461
0
VERTEX
8
L4
10
17.978294988632726
20
-53.5931931102566
0
VERTEX
8
L4
10
17.9709190872194
20
-53.59966160218946
0
VERTEX
8
L4
10
17.96445059528655
20
-53.60703750360279
0
VERTEX
8
L4
10
17.95900019052455
20
-53.615194610778445
0
VERTEX
8
L4
10
17.954661130870036
20
-53.62399335335106
0
VERTEX
8
L4
10
17.951507658836718
20
-53.63328318239576
0
VERTEX
8
L4
10
17.949593731205354
20
-53.64290514636194
0
VERTEX
8
L4
10
17.948952095808394
20
-53.65269461077845
0
VERTEX
8
L4
10
17.949593731205354
20
-53.662484075194946
0
VERTEX
8
L4
10
17.951507658836718
20
-53.672106039161136
0
VERTEX
8
L4
10
17.954661130870036
20
-53.681395868205826
0
VERTEX
8
L4
10
17.95900019052455
20
-53.69019461077844
0
VERTEX
8
L4
10
17.96445059528655
20
-53.6983517179541
0
VERTEX
8
L4
10
17.9709190872194
20
-53.70572761936744
0
VERTEX
8
L4
10
17.978294988632726
20
-53.71219611130029
0
VERTEX
8
L4
10
17.98645209580839
20
-53.717646516062274
0
VERTEX
8
L4
10
17.99525083838101
20
-53.72198557571679
0
VERTEX
8
L4
10
18.0045406674257
20
-53.725139047750126
0
VERTEX
8
L4
10
18.01416263139187
20
-53.72705297538148
0
VERTEX
8
L4
10
18.023952095808383
20
-53.72769461077844
0
VERTEX
8
L4
10
18.033741560224897
20
-53.72705297538148
0
VERTEX
8
L4
10
18.043363524191065
20
-53.725139047750126
0
VERTEX
8
L4
10
18.052653353235755
20
-53.72198557571679
0
VERTEX
8
L4
10
18.061452095808377
20
-53.717646516062274
0
VERTEX
8
L4
10
18.06960920298404
20
-53.71219611130029
0
VERTEX
8
L4
10
18.076985104397366
20
-53.70572761936744
0
VERTEX
8
L4
10
18.083453596330216
20
-53.6983517179541
0
VERTEX
8
L4
10
18.088904001092217
20
-53.69019461077844
0
VERTEX
8
L4
10
18.09324306074673
20
-53.681395868205826
0
VERTEX
8
L4
10
18.096396532780076
20
-53.672106039161136
0
VERTEX
8
L4
10
18.098310460411412
20
-53.662484075194946
0
VERTEX
8
L4
10
18.09895209580837
20
-53.65269461077845
0
VERTEX
8
L4
10
18.098310460411412
20
-53.64290514636194
0
VERTEX
8
L4
10
18.096396532780076
20
-53.63328318239576
0
VERTEX
8
L4
10
18.09324306074673
20
-53.62399335335106
0
VERTEX
8
L4
10
18.088904001092217
20
-53.615194610778445
0
VERTEX
8
L4
10
18.083453596330216
20
-53.60703750360279
0
VERTEX
8
L4
10
18.076985104397366
20
-53.59966160218946
0
VERTEX
8
L4
10
18.06960920298404
20
-53.5931931102566
0
VERTEX
8
L4
10
18.061452095808377
20
-53.58774270549461
0
VERTEX
8
L4
10
18.052653353235755
20
-53.5834036458401
0
VERTEX
8
L4
10
18.043363524191065
20
-53.58025017380677
0
VERTEX
8
L4
10
18.033741560224897
20
-53.57833624617541
0
VERTEX
8
L4
10
18.023952095808383
20
-53.577694610778444
0
SEQEND
0
POLYLINE
8
L4
66
1
70
1
0
VERTEX
8
L4
10
16.16766467065868
20
-54.29625748502994
0
VERTEX
8
L4
10
16.15787520624218
20
-54.29689912042691
0
VERTEX
8
L4
10
16.148253242276
20
-54.298813048058264
0
VERTEX
8
L4
10
16.138963413231295
20
-54.3019665200916
0
VERTEX
8
L4
10
16.130164670658687
20
-54.30630557974611
0
VERTEX
8
L4
10
16.122007563483024
20
-54.311755984508096
0
VERTEX
8
L4
10
16.114631662069684
20
-54.31822447644095
0
VERTEX
8
L4
10
16.108163170136834
20
-54.325600377854286
0
VERTEX
8
L4
10
16.102712765374847
20
-54.33375748502994
0
VERTEX
8
L4
10
16.098373705720334
20
-54.34255622760256
0
VERTEX
8
L4
10
16.095220233687
20
-54.351846056647254
0
VERTEX
8
L4
10
16.093306306055652
20
-54.36146802061344
0
VERTEX
8
L4
10
16.092664670658678
20
-54.37125748502994
0
VERTEX
8
L4
10
16.093306306055652
20
-54.38104694944644
0
VERTEX
8
L4
10
16.095220233687
20
-54.39066891341263
0
VERTEX
8
L4
10
16.098373705720334
20
-54.39995874245732
0
VERTEX
8
L4
10
16.102712765374847
20
-54.408757485029945
0
VERTEX
8
L4
10
16.108163170136834
20
-54.41691459220559
0
VERTEX
8
L4
10
16.114631662069684
20
-54.42429049361893
0
VERTEX
8
L4
10
16.122007563483024
20
-54.43075898555178
0
VERTEX
8
L4
10
16.130164670658687
20
-54.43620939031378
0
VERTEX
8
L4
10
16.138963413231295
20
-54.44054844996829
0
VERTEX
8
L4
10
16.148253242276
20
-54.44370192200162
0
VERTEX
8
L4
10
16.15787520624218
20
-54.44561584963298
0
VERTEX
8
L4
10
16.16766467065868
20
-54.44625748502994
0
VERTEX
8
L4
10
16.17745413507518
20
-54.44561584963298
0
VERTEX
8
L4
10
16.187076099041363
20
-54.44370192200162
0
VERTEX
8
L4
10
16.196365928086067
20
-54.44054844996829
0
VERTEX
8
L4
10
16.205164670658675
20
-54.43620939031378
0
VERTEX
8
L4
10
16.213321777834338
20
-54.43075898555178
0
VERTEX
8
L4
10
16.220697679247678
20
-54.42429049361893
0
VERTEX
8
L4
10
16.227166171180528
20
-54.41691459220559
0
VERTEX
8
L4
10
16.232616575942515
20
-54.408757485029945
0
VERTEX
8
L4
10
16.236955635597027
20
-54.39995874245732
0
VERTEX
8
L4
10
16.24010910763036
20
-54.39066891341263
0
VERTEX
8
L4
10
16.24202303526171
20
-54.38104694944644
0
VERTEX
8
L4
10
16.242664670658684
20
-54.37125748502994
0
VERTEX
8
L4
10
16.24202303526171
20
-54.36146802061344
0
VERTEX
8
L4
10
16.24010910763036
20
-54.351846056647254
0
VERTEX
8
L4
10
16.236955635597027
20
-54.34255622760256
0
VERTEX
8
L4
10
16.232616575942515
20
-54.33375748502994
0
VERTEX
8
L4
10
16.227166171180528
20
-54.325600377854286
0
VERTEX
8
L4
10
16.220697679247678
20
-54.31822447644095
0
VERTEX
8
L4
10
16.213321777834338
20
-54.311755984508096
0
VERTEX
8
L4
10
16.205164670658675
20
-54.30630557974611
0
VERTEX
8
L4
10
16.196365928086067
20
-54.3019665200916
0
VERTEX
8
L4
10
16.187076099041363
20
-54.298813048058264
0
VERTEX
8
L4
10
16.17745413507518
20
-54.29689912042691
0
VERTEX
8
L4
10
16.16766467065868
20
-54.29625748502994
0
SEQEND
0
POLYLINE
8
L4
66
1
70
1
0
VERTEX
8
L4
10
18.023952095808383
20
-53.14056886227545
0
VERTEX
8
L4
10
18.01416263139187
20
-53.14121049767241
0
VERTEX
8
L4
10
18.0045406674257
20
-53.14312442530377
0
VERTEX
8
L4
10
17.99525083838101
20
-53.1462778973371
0
VERTEX
8
L4
10
17.98645209580839
20
-53.15061695699162
0
VERTEX
8
L4
10
17.978294988632726
20
-53.15606736175361
0
VERTEX
8
L4
10
17.9709190872194
20
-53.16253585368646
0
VERTEX
8
L4
10
17.96445059528655
20
-53.1699117550998
0
VERTEX
8
L4
10
17.95900019052455
20
-53.17806886227545
0
VERTEX
8
L4
10
17.954661130870036
20
-53.18686760484807
0
VERTEX
8
L4
10
17.951507658836718
20
-53.196157433892765
0
VERTEX
8
L4
10
17.949593731205354
20
-53.20577939785895
0
VERTEX
8
L4
10
17.948952095808394
20
-53.21556886227545
0
VERTEX
8
L4
10
17.949593731205354
20
-53.22535832669195
0
VERTEX
8
L4
10
17.951507658836718
20
-53.234980290658136
0
VERTEX
8
L4
10
17.954661130870036
20
-53.24427011970283
0
VERTEX
8
L4
10
17.95900019052455
20
-53.25306886227545
0
VERTEX
8
L4
10
17.96445059528655
20
-53.261225969451104
0
VERTEX
8
L4
10
17.9709190872194
20
-53.268601870864444
0
VERTEX
8
L4
10
17.978294988632726
20
-53.275070362797294
0
VERTEX
8
L4
10
17.98645209580839
20
-53.28052076755928
0
VERTEX
8
L4
10
17.99525083838101
20
-53.28485982721379
0
VERTEX
8
L4
10
18.0045406674257
20
-53.28801329924713
0
VERTEX
8
L4
10
18.01416263139187
20
-53.28992722687848
0
VERTEX
8
L4
10
18.023952095808383
20
-53.29056886227545
0
VERTEX
8
L4
10
18.033741560224897
20
-53.28992722687848
0
VERTEX
8
L4
10
18.043363524191065
20
-53.28801329924713
0
VERTEX
8
L4
10
18.052653353235755
20
-53.28485982721379
0
VERTEX
8
L4
10
18.061452095808377
20
-53.28052076755928
0
VERTEX
8
L4
10
18.06960920298404
20
-53.275070362797294
0
VERTEX
8
L4
10
18.076985104397366
20
-53.268601870864444
0
VERTEX
8
L4
10
18.083453596330216
20
-53.261225969451104
0
VERTEX
8
L4
10
18.088904001092217
20
-53.25306886227545
0
VERTEX
8
L4
10
18.09324306074673
20
-53.24427011970283
0
VERTEX
8
L4
10
18.096396532780076
20
-53.234980290658136
0
VERTEX
8
L4
10
18.098310460411412
20
-53.22535832669195
0
VERTEX
8
L4
10
18.09895209580837
20
-53.21556886227545
0
VERTEX
8
L4
10
18.098310460411412
20
-53.20577939785895
0
VERTEX
8
L4
10
18.096396532780076
20
-53.196157433892765
0
VERTEX
8
L4
10
18.09324306074673
20
-53.18686760484807
0
VERTEX
8
L4
10
18.088904001092217
20
-53.17806886227545
0
VERTEX
8
L4
10
18.083453596330216
20
-53.1699117550998
0
VERTEX
8
L4
10
18.076985104397366
20
-53.16253585368646
0
VERTEX
8
L4
10
18.06960920298404
20
-53.15606736175361
0
VERTEX
8
L4
10
18.061452095808377
20
-53.15061695699162
0
VERTEX
8
L4
10
18.052653353235755
20
-53.1462778973371
0
VERTEX
8
L4
10
18.043363524191065
20
-53.14312442530377
0
VERTEX
8
L4
10
18.033741560224897
20
-53.14121049767241
0
VERTEX
8
L4
10
18.023952095808383
20
-53.14056886227545
0
SEQEND
0
POLYLINE
8
L4
66
1
70
1
0
VERTEX
8
L4
10
16.16766467065868
20
-55.254341317365274
0
VERTEX
8
L4
10
16.15787520624218
20
-55.254982952762234
0
VERTEX
8
L4
10
16.148253242276
20
-55.25689688039359
0
VERTEX
8
L4
10
16.138963413231295
20
-55.26005035242692
0
VERTEX
8
L4
10
16.130164670658687
20
-55.26438941208144
0
VERTEX
8
L4
10
16.122007563483024
20
-55.26983981684343
0
VERTEX
8
L4
10
16.114631662069684
20
-55.27630830877628
0
VERTEX
8
L4
10
16.108163170136834
20
-55.28368421018962
0
VERTEX
8
L4
10
16.102712765374847
20
-55.291841317365275
0
VERTEX
8
L4
10
16.098373705720334
20
-55.30064005993789
0
VERTEX
8
L4
10
16.095220233687
20
-55.30992988898258
0
VERTEX
8
L4
10
16.093306306055652
20
-55.31955185294877
0
VERTEX
8
L4
10
16.092664670658678
20
-55.32934131736527
0
VERTEX
8
L4
10
16.093306306055652
20
-55.339130781781776
0
VERTEX
8
L4
10
16.095220233687
20
-55.34875274574796
0
VERTEX
8
L4
10
16.098373705720334
20
-55.358042574792655
0
VERTEX
8
L4
10
16.102712765374847
20
-55.36684131736527
0
VERTEX
8
L4
10
16.108163170136834
20
-55.37499842454093
0
VERTEX
8
L4
10
16.114631662069684
20
-55.38237432595427
0
VERTEX
8
L4
10
16.122007563483024
20
-55.38884281788712
0
VERTEX
8
L4
10
16.130164670658687
20
-55.394293222649104
0
VERTEX
8
L4
10
16.138963413231295
20
-55.398632282303616
0
VERTEX
8
L4
10
16.148253242276
20
-55.401785754336956
0
VERTEX
8
L4
10
16.15787520624218
20
-55.403699681968305
0
VERTEX
8
L4
10
16.16766467065868
20
-55.40434131736527
0
VERTEX
8
L4
10
16.17745413507518
20
-55.403699681968305
0
VERTEX
8
L4
10
16.187076099041363
20
-55.401785754336956
0
VERTEX
8
L4
10
16.196365928086067
20
-55.398632282303616
0
VERTEX
8
L4
10
16.205164670658675
20
-55.394293222649104
0
VERTEX
8
L4
10
16.213321777834338
20
-55.38884281788712
0
VERTEX
8
L4
10
16.220697679247678
20
-55.38237432595427
0
VERTEX
8
L4
10
16.227166171180528
20
-55.37499842454093
0
VERTEX
8
L4
10
16.232616575942515
20
-55.36684131736527
0
VERTEX
8
L4
10
16.236955635597027
20
-55.358042574792655
0
VERTEX
8
L4
10
16.24010910763036
20
-55.34875274574796
0
VERTEX
8
L4
10
16.24202303526171
20
-55.339130781781776
0
VERTEX
8
L4
10
16.242664670658684
20
-55.32934131736527
0
VERTEX
8
L4
10
16.24202303526171
20
-55.31955185294877
0
VERTEX
8
L4
10
16.24010910763036
20
-55.30992988898258
0
VERTEX
8
L4
10
16.236955635597027
20
-55.30064005993789
0
VERTEX
8
L4
10
16.232616575942515
20
-55.291841317365275
0
VERTEX
8
L4
10
16.227166171180528
20
-55.28368421018962
0
VERTEX
8
L4
10
16.220697679247678
20
-55.27630830877628
0
VERTEX
8
L4
10
16.213321777834338
20
-55.26983981684343
0
VERTEX
8
L4
10
16.205164670658675
20
-55.26438941208144
0
VERTEX
8
L4
10
16.196365928086067
20
-55.26005035242692
0
VERTEX
8
L4
10
16.187076099041363
20
-55.25689688039359
0
VERTEX
8
L4
10
16.17745413507518
20
-55.254982952762234
0
VERTEX
8
L4
10
16.16766467065868
20
-55.254341317365274
0
SEQEND
0
POLYLINE
8
L4
66
1
70
1
0
VERTEX
8
L4
10
17.425149700598794
20
-55.61362275449102
0
VERTEX
8
L4
10
17.41536023618231
20
-55.614264389887985
0
VERTEX
8
L4
10
17.405738272216112
20
-55.61617831751934
0
VERTEX
8
L4
10
17.396448443171423
20
-55.619331789552675
0
VERTEX
8
L4
10
17.3876497005988
20
-55.62367084920719
0
VERTEX
8
L4
10
17.379492593423137
20
-55.62912125396918
0
VERTEX
8
L4
10
17.37211669200981
20
-55.63558974590203
0
VERTEX
8
L4
10
17.36564820007696
20
-55.642965647315364
0
VERTEX
8
L4
10
17.36019779531496
20
-55.65112275449102
0
VERTEX
8
L4
10
17.355858735660448
20
-55.65992149706364
0
VERTEX
8
L4
10
17.35270526362713
20
-55.66921132610833
0
VERTEX
8
L4
10
17.350791335995766
20
-55.678833290074515
0
VERTEX
8
L4
10
17.350149700598806
20
-55.68862275449102
0
VERTEX
8
L4
10
17.350791335995766
20
-55.69841221890753
0
VERTEX
8
L4
10
17.35270526362713
20
-55.70803418287371
0
VERTEX
8
L4
10
17.355858735660448
20
-55.7173240119184
0
VERTEX
8
L4
10
17.36019779531496
20
-55.72612275449102
0
VERTEX
8
L4
10
17.36564820007696
20
-55.73427986166668
0
VERTEX
8
L4
10
17.37211669200981
20
-55.74165576308001
0
VERTEX
8
L4
10
17.379492593423137
20
-55.74812425501286
0
VERTEX
8
L4
10
17.3876497005988
20
-55.753574659774856
0
VERTEX
8
L4
10
17.396448443171423
20
-55.75791371942937
0
VERTEX
8
L4
10
17.405738272216112
20
-55.7610671914627
0
VERTEX
8
L4
10
17.41536023618231
20
-55.76298111909406
0
VERTEX
8
L4
10
17.425149700598794
20
-55.763622754491024
0
VERTEX
8
L4
10
17.434939165015308
20
-55.76298111909406
0
VERTEX
8
L4
10
17.444561128981505
20
-55.7610671914627
0
VERTEX
8
L4
10
17.453850958026194
20
-55.75791371942937
0
VERTEX
8
L4
10
17.462649700598817
20
-55.753574659774856
0
VERTEX
8
L4
10
17.47080680777445
20
-55.74812425501286
0
VERTEX
8
L4
10
17.478182709187806
20
-55.74165576308001
0
VERTEX
8
L4
10
17.484651201120656
20
-55.73427986166668
0
VERTEX
8
L4
10
17.49010160588263
20
-55.72612275449102
0
VERTEX
8
L4
10
17.49444066553714
20
-55.7173240119184
0
VERTEX
8
L4
10
17.497594137570488
20
-55.70803418287371
0
VERTEX
8
L4
10
17.49950806520185
20
-55.69841221890753
0
VERTEX
8
L4
10
17.50014970059881
20
-55.68862275449102
0
VERTEX
8
L4
10
17.49950806520185
20
-55.678833290074515
0
VERTEX
8
L4
10
17.497594137570488
20
-55.66921132610833
0
VERTEX
8
L4
10
17.49444066553714
20
-55.65992149706364
0
VERTEX
8
L4
10
17.49010160588263
20
-55.65112275449102
0
VERTEX
8
L4
10
17.484651201120656
20
-55.642965647315364
0
VERTEX
8
L4
10
17.478182709187806
20
-55.63558974590203
0
VERTEX
8
L4
10
17.47080680777445
20
-55.62912125396918
0
VERTEX
8
L4
10
17.462649700598817
20
-55.62367084920719
0
VERTEX
8
L4
10
17.453850958026194
20
-55.619331789552675
0
VERTEX
8
L4
10
17.444561128981505
20
-55.61617831751934
0
VERTEX
8
L4
10
17.434939165015308
20
-55.614264389887985
0
VERTEX
8
L4
10
17.425149700598794
20
-55.61362275449102
0
SEQEND
0
POLYLINE
8
L4
66
1
70
1
0
VERTEX
8
L4
10
16.16766467065868
20
-56.2124251497006
0
VERTEX
8
L4
10
16.15787520624218
20
-56.21306678509757
0
VERTEX
8
L4
10
16.148253242276
20
-56.214980712728924
0
VERTEX
8
L4
10
16.138963413231295
20
-56.218134184762256
0
VERTEX
8
L4
10
16.130164670658687
20
-56.22247324441677
0
VERTEX
8
L4
10
16.122007563483024
20
-56.22792364917876
0
VERTEX
8
L4
10
16.114631662069684
20
-56.23439214111161
0
VERTEX
8
L4
10
16.108163170136834
20
-56.241768042524946
0
VERTEX
8
L4
10
16.102712765374847
20
-56.2499251497006
0
VERTEX
8
L4
10
16.098373705720334
20
-56.258723892273224
0
VERTEX
8
L4
10
16.095220233687
20
-56.268013721317914
0
VERTEX
8
L4
10
16.093306306055652
20
-56.277635685284096
0
VERTEX
8
L4
10
16.092664670658678
20
-56.2874251497006
0
VERTEX
8
L4
10
16.093306306055652
20
-56.29721461411711
0
VERTEX
8
L4
10
16.095220233687
20
-56.30683657808329
0
VERTEX
8
L4
10
16.098373705720334
20
-56.31612640712798
0
VERTEX
8
L4
10
16.102712765374847
20
-56.324925149700604
0
VERTEX
8
L4
10
16.108163170136834
20
-56.33308225687626
0
VERTEX
8
L4
10
16.114631662069684
20
-56.34045815828959
0
VERTEX
8
L4
10
16.122007563483024
20
-56.34692665022244
0
VERTEX
8
L4
10
16.130164670658687
20
-56.35237705498444
0
VERTEX
8
L4
10
16.138963413231295
20
-56.35671611463895
0
VERTEX
8
L4
10
16.148253242276
20
-56.35986958667228
0
VERTEX
8
L4
10
16.15787520624218
20
-56.36178351430364
0
VERTEX
8
L4
10
16.16766467065868
20
-56.362425149700606
0
VERTEX
8
L4
10
16.17745413507518
20
-56.36178351430364
0
VERTEX
8
L4
10
16.187076099041363
20
-56.35986958667228
0
VERTEX
8
L4
10
16.196365928086067
20
-56.35671611463895
0
VERTEX
8
L4
10
16.205164670658675
20
-56.35237705498444
0
VERTEX
8
L4
10
16.213321777834338
20
-56.34692665022244
0
VERTEX
8
L4
10
16.220697679247678
20
-56.34045815828959
0
VERTEX
8
L4
10
16.227166171180528
20
-56.33308225687626
0
VERTEX
8
L4
10
16.232616575942515
20
-56.324925149700604
0
VERTEX
8
L4
10
16.236955635597027
20
-56.31612640712798
0
VERTEX
8
L4
10
16.24010910763036
20
-56.30683657808329
0
VERTEX
8
L4
10
16.24202303526171
20
-56.29721461411711
0
VERTEX
8
L4
10
16.242664670658684
20
-56.2874251497006
0
VERTEX
8
L4
10
16.24202303526171
20
-56.277635685284096
0
VERTEX
8
L4
10
16.24010910763036
20
-56.268013721317914
0
VERTEX
8
L4
10
16.236955635597027
20
-56.258723892273224
0
VERTEX
8
L4
10
16.232616575942515
20
-56.2499251497006
0
VERTEX
8
L4
10
16.227166171180528
20
-56.241768042524946
0
VERTEX
8
L4
10
16.220697679247678
20
-56.23439214111161
0
VERTEX
8
L4
10
16.213321777834338
20
-56.22792364917876
0
VERTEX
8
L4
10
16.205164670658675
20
-56.22247324441677
0
VERTEX
8
L4
10
16.196365928086067
20
-56.218134184762256
0
VERTEX
8
L4
10
16.187076099041363
20
-56.214980712728924
0
VERTEX
8
L4
10
16.17745413507518
20
-56.21306678509757
0
VERTEX
8
L4
10
16.16766467065868
20
-56.2124251497006
0
SEQEND
0
POLYLINE
8
L4
66
1
70
1
0
VERTEX
8
L4
10
22.4522201754299
20
-55.39367001410194
0
VERTEX
8
L4
10
22.48076218138094
20
-55.40265331500438
0
VERTEX
8
L4
10
22.510683385224795
20
-55.4023937782106
0
VERTEX
8
L4
10
22.5390652658446
20
-55.39291671899927
0
VERTEX
8
L4
10
22.563139448065456
20
-55.37514653190939
0
VERTEX
8
L4
10
22.58055773060677
20
-55.350816525084014
0
VERTEX
8
L4
10
22.58962113017627
20
-55.32229985299459
0
VERTEX
8
L4
10
22.589445600691718
20
-55.29237803840703
0
VERTEX
8
L4
10
22.580048263339435
20
-55.26396966201027
0
VERTEX
8
L4
10
22.56234573656998
20
-55.23984568338342
0
VERTEX
8
L4
10
22.538064728923118
20
-55.22235916095997
0
VERTEX
8
L4
10
22.50957361547917
20
-55.21321573416604
0
VERTEX
8
L4
10
22.479651426007862
20
-55.21330725495778
0
VERTEX
8
L4
10
22.451216777764373
20
-55.22262479637608
0
VERTEX
8
L4
10
22.427043192889798
20
-55.240259523284216
0
VERTEX
8
L4
10
22.409488568422475
20
-55.26449134035648
0
VERTEX
8
L4
10
22.40026518647757
20
-55.29295667057256
0
VERTEX
8
L4
10
22.400272697855073
20
-55.3228789990647
0
VERTEX
8
L4
10
22.409510369893482
20
-55.351339695017586
0
VERTEX
8
L4
10
22.36835661589187
20
-55.40801067350787
0
VERTEX
8
L4
10
22.33508195444422
20
-55.469638817865906
0
VERTEX
8
L4
10
22.310274200641814
20
-55.535135433219295
0
VERTEX
8
L4
10
22.29437159702205
20
-55.60334348603995
0
VERTEX
8
L4
10
22.287655071774466
20
-55.673058043774105
0
VERTEX
8
L4
10
22.290243275990647
20
-55.7430475606349
0
VERTEX
8
L4
10
22.302090487627666
20
-55.81207563353208
0
VERTEX
8
L4
10
22.322987419213135
20
-55.87892284380882
0
VERTEX
8
L4
10
22.352564915022796
20
-55.94240829893913
0
VERTEX
8
L4
10
22.390300472418218
20
-56.00141049364008
0
VERTEX
8
L4
10
22.435527472141715
20
-56.05488712187599
0
VERTEX
8
L4
10
22.487446954510077
20
-56.10189348976453
0
VERTEX
8
L4
10
22.545141733474267
20
-56.14159920411076
0
VERTEX
8
L4
10
22.607592599212566
20
-56.17330284175705
0
VERTEX
8
L4
10
22.67369632302946
20
-56.196444340606746
0
VERTEX
8
L4
10
22.74228514649387
20
-56.210614893427355
0
VERTEX
8
L4
10
22.812147410530358
20
-56.21556416965392
0
VERTEX
8
L4
10
22.882048960039455
20
-56.21120473761531
0
VERTEX
8
L4
10
22.95075494592227
20
-56.19761360906251
0
VERTEX
8
L4
10
23.017051639365278
20
-56.17503087871392
0
VERTEX
8
L4
10
23.079767873023357
20
-56.14385548285088
0
VERTEX
8
L4
10
23.137795730331547
20
-56.104638151890086
0
VERTEX
8
L4
10
23.19011011745711
20
-56.05807168142957
0
VERTEX
8
L4
10
23.23578687214244
20
-56.004978693635636
0
VERTEX
8
L4
10
23.274019089536992
20
-55.94629710517241
0
VERTEX
8
L4
10
23.304131376612602
20
-55.88306355839108
0
VERTEX
8
L4
10
23.325591783350674
20
-55.81639510847578
0
VERTEX
8
L4
10
23.338021199930225
20
-55.747469490053
0
VERTEX
8
L4
10
23.34120005391013
20
-55.677504311865235
0
VERTEX
8
L4
10
23.335072189096465
20
-55.60773554704675
0
VERTEX
8
L4
10
23.319745857572272
20
-55.53939569898223
0
VERTEX
8
L4
10
23.295491807365337
20
-55.473692028460476
0
VERTEX
8
L4
10
23.262738499536326
20
-55.41178522675235
0
VERTEX
8
L4
10
23.222064539179698
20
-55.354768911364744
0
VERTEX
8
L4
10
23.17418845404835
20
-55.30365030668928
0
VERTEX
8
L4
10
23.119956001367925
20
-55.25933245083255
0
VERTEX
8
L4
10
23.06032522707291
20
-55.22259824295422
0
VERTEX
8
L4
10
22.996349541401273
20
-55.19409661292512
0
VERTEX
8
L4
10
22.990119252081925
20
-55.164830091201324
0
VERTEX
8
L4
10
22.975164592879608
20
-55.138912838898
0
VERTEX
8
L4
10
22.952944244698458
20
-55.11887283077622
0
VERTEX
8
L4
10
22.925625585419724
20
-55.106664773845445
0
VERTEX
8
L4
10
22.89587328336374
20
-55.10347944479149
0
VERTEX
8
L4
10
22.866589384928076
20
-55.10962754134416
0
VERTEX
8
L4
10
22.84063024831319
20
-55.124509376749195
0
VERTEX
8
L4
10
22.820527933685568
20
-55.14667337335236
0
VERTEX
8
L4
10
22.80824322544565
20
-55.17395764981834
0
VERTEX
8
L4
10
22.80497437686556
20
-55.203700891534275
0
VERTEX
8
L4
10
22.811040232188915
20
-55.233001935850275
0
VERTEX
8
L4
10
22.825849126489956
20
-55.25900275215272
0
VERTEX
8
L4
10
22.847956596806497
20
-55.2791672148288
0
VERTEX
8
L4
10
22.875206275390283
20
-55.29152847754316
0
VERTEX
8
L4
10
22.90494022231381
20
-55.29488081988257
0
VERTEX
8
L4
10
22.934258181543427
20
-55.28889725360285
0
VERTEX
8
L4
10
22.960300472580897
20
-55.274161417137556
0
VERTEX
8
L4
10
22.980526924358216
20
-55.25211064737069
0
VERTEX
8
L4
10
23.03972451197545
20
-55.279518322851274
0
VERTEX
8
L4
10
23.094526058497095
20
-55.31490653492515
0
VERTEX
8
L4
10
23.143862531877588
20
-55.35758495393666
0
VERTEX
8
L4
10
23.186771509075967
20
-55.40672103773195
0
VERTEX
8
L4
10
23.2224159503629
20
-55.46135627233647
0
VERTEX
8
L4
10
23.250100527734006
20
-55.52042487000673
0
VERTEX
8
L4
10
23.2692851889051
20
-55.58277455990731
0
VERTEX
8
L4
10
23.279595692292204
20
-55.647189065842326
0
VERTEX
8
L4
10
23.280830907466978
20
-55.71241183256086
0
VERTEX
8
L4
10
23.272966738675038
20
-55.7771705377993
0
VERTEX
8
L4
10
23.25615659487987
20
-55.84020191189612
0
VERTEX
8
L4
10
23.23072839716302
20
-55.900276380814475
0
VERTEX
8
L4
10
23.197178181858234
20
-55.956222051853004
0
VERTEX
8
L4
10
23.156160424205197
20
-56.00694757414765
0
VERTEX
8
L4
10
23.108475271282785
20
-56.05146342801696
0
VERTEX
8
L4
10
23.055052933273075
20
-56.08890122785247
0
VERTEX
8
L4
10
22.99693553754112
20
-56.11853066200646
0
VERTEX
8
L4
10
22.935256799508963
20
-56.139773739224836
0
VERTEX
8
L4
10
22.871219906890545
20
-56.15221606371526
0
VERTEX
8
L4
10
22.806074048707885
20
-56.15561491890411
0
VERTEX
8
L4
10
22.741090046944166
20
-56.14990400218962
0
VERTEX
8
L4
10
22.677535566195345
20
-56.13519471832886
0
VERTEX
8
L4
10
22.616650384914223
20
-56.111774006227975
0
VERTEX
8
L4
10
22.55962221063858
20
-56.08009874152923
0
VERTEX
8
L4
10
22.507563510984156
20
-56.0407868241855
0
VERTEX
8
L4
10
22.461489812367873
20
-55.994605124879804
0
VERTEX
8
L4
10
22.422299889795156
20
-55.942454525423095
0
VERTEX
8
L4
10
22.390758234156394
20
-55.88535234495235
0
VERTEX
8
L4
10
22.367480139047913
20
-55.82441249474685
0
VERTEX
8
L4
10
22.352919698034796
20
-55.76082374878932
0
VERTEX
8
L4
10
22.347360946496067
20
-55.6958265539554
0
VERTEX
8
L4
10
22.350912320852004
20
-55.6306888322027
0
VERTEX
8
L4
10
22.36350454325857
20
-55.56668124679431
0
VERTEX
8
L4
10
22.384891973033476
20
-55.50505241504673
0
VERTEX
8
L4
10
22.414657398450927
20
-55.44700455113542
0
VERTEX
8
L4
10
22.4522201754299
20
-55.39367001410194
0
SEQEND
0
POLYLINE
8
L4
66
1
70
1
0
VERTEX
8
L4
10
22.842587728516563
20
-53.43685531636834
0
VERTEX
8
L4
10
22.872660617447977
20
-53.43906518431069
0
VERTEX
8
L4
10
22.90193090233761
20
-53.43181862737088
0
VERTEX
8
L4
10
22.927499177096436
20
-53.41583346265917
0
VERTEX
8
L4
10
22.946832743057442
20
-53.392693121429296
0
VERTEX
8
L4
10
22.958016488731843
20
-53.36468980023889
0
VERTEX
8
L4
10
22.959942593665303
20
-53.33459740444214
0
VERTEX
8
L4
10
22.952420265031762
20
-53.30539677539186
0
VERTEX
8
L4
10
22.93619463686484
20
-53.27998041932749
0
VERTEX
8
L4
10
22.91287295983811
20
-53.260865986412405
0
VERTEX
8
L4
10
22.884765392962194
20
-53.24994688162686
0
VERTEX
8
L4
10
22.854656167782977
20
-53.248304711078276
0
VERTEX
8
L4
10
22.82552779270965
20
-53.256102142103366
0
VERTEX
8
L4
10
22.80026561677012
20
-53.272566790043804
0
VERTEX
8
L4
10
22.781372017615226
20
-53.29606772781184
0
VERTEX
8
L4
10
22.770718525250246
20
-53.32427703949136
0
VERTEX
8
L4
10
22.769360435199317
20
-53.35440041507274
0
VERTEX
8
L4
10
22.777432274836414
20
-53.383453944460335
0
VERTEX
8
L4
10
22.744077497738246
20
-53.44068916821266
0
VERTEX
8
L4
10
22.718937569157205
20
-53.5019786125256
0
VERTEX
8
L4
10
22.702493244748084
20
-53.56615022765234
0
VERTEX
8
L4
10
22.695058992466542
20
-53.631976847543235
0
VERTEX
8
L4
10
22.69677697893853
20
-53.698199657176545
0
VERTEX
8
L4
10
22.70761435078073
20
-53.76355226511839
0
VERTEX
8
L4
10
22.727363862861992
20
-53.82678492096804
0
VERTEX
8
L4
10
22.75564784149161
20
-53.88668841457339
0
VERTEX
8
L4
10
22.79192540674545
20
-53.94211719998766
0
VERTEX
8
L4
10
22.83550281581593
20
-53.99201130196327
0
VERTEX
8
L4
10
22.885546729588285
20
-54.03541658606083
0
VERTEX
8
L4
10
22.941100148743615
20
-54.071503004744336
0
VERTEX
8
L4
10
23.001100714639435
20
-54.099580470538584
0
VERTEX
8
L4
10
23.064401024997053
20
-54.11911205270381
0
VERTEX
8
L4
10
23.12979057589429
20
-54.129724245064715
0
VERTEX
8
L4
10
23.196018910463195
20
-54.13121410864037
0
VERTEX
8
L4
10
23.261819531615558
20
-54.123553152485144
0
VERTEX
8
L4
10
23.32593412150841
20
-54.10688787852644
0
VERTEX
8
L4
10
23.387136604596563
20
-54.08153697998042
0
VERTEX
8
L4
10
23.44425659410932
20
-54.04798524692072
0
VERTEX
8
L4
10
23.496201773580182
20
-54.00687429554534
0
VERTEX
8
L4
10
23.541978785423154
20
-53.95899029842757
0
VERTEX
8
L4
10
23.58071222709968
20
-53.905248950387744
0
VERTEX
8
L4
10
23.61166139160845
20
-53.84667795748633
0
VERTEX
8
L4
10
23.634234432166764
20
-53.784397384004706
0
VERTEX
8
L4
10
23.647999680209736
20
-53.719598233242046
0
VERTEX
8
L4
10
23.65269390027059
20
-53.653519671731765
0
VERTEX
8
L4
10
23.648227323882693
20
-53.58742533242334
0
VERTEX
8
L4
10
23.634685366239253
20
-53.52257914998805
0
VERTEX
8
L4
10
23.612326992782087
20
-53.460221190355
0
VERTEX
8
L4
10
23.581579766956153
20
-53.4015439366935
0
VERTEX
8
L4
10
23.54303167383209
20
-53.34766948532973
0
VERTEX
8
L4
10
23.497419875955487
20
-53.299628087684454
0
VERTEX
8
L4
10
23.445616616446713
20
-53.258338448578336
0
VERTEX
8
L4
10
23.388612538929166
20
-53.22459015766426
0
VERTEX
8
L4
10
23.327497743262157
20
-53.19902858995361
0
VERTEX
8
L4
10
23.26344093935309
20
-53.1821425641867
0
VERTEX
8
L4
10
23.248604644249767
20
-53.15589096399528
0
VERTEX
8
L4
10
23.226343886419457
20
-53.13555083553395
0
VERTEX
8
L4
10
23.19886373414367
20
-53.12313699664733
0
VERTEX
8
L4
10
23.168886269600208
20
-53.11987911627076
0
VERTEX
8
L4
10
23.139380949477285
20
-53.1260999079766
0
VERTEX
8
L4
10
23.11327046158432
20
-53.14118316316222
0
VERTEX
8
L4
10
23.09314121421461
20
-53.16363479039348
0
VERTEX
8
L4
10
23.080987136112313
20
-53.19123081457246
0
VERTEX
8
L4
10
23.078012165270863
20
-53.22123767567947
0
VERTEX
8
L4
10
23.084510991291197
20
-53.25068300511149
0
VERTEX
8
L4
10
23.09983986452046
20
-53.27665005751495
0
VERTEX
8
L4
10
23.122480363510235
20
-53.296566632785265
0
VERTEX
8
L4
10
23.15018980422515
20
-53.30845986868929
0
VERTEX
8
L4
10
23.180223392023308
20
-53.31115166529638
0
VERTEX
8
L4
10
23.209606110854523
20
-53.304375383197204
0
VERTEX
8
L4
10
23.235427417339665
20
-53.28880225581687
0
VERTEX
8
L4
10
23.25512954842536
20
-53.26597489951604
0
VERTEX
8
L4
10
23.313490470547734
20
-53.283051527240545
0
VERTEX
8
L4
10
23.368540916246033
20
-53.308878971439206
0
VERTEX
8
L4
10
23.418977638229606
20
-53.34284580115539
0
VERTEX
8
L4
10
23.463606613081552
20
-53.38414789612744
0
VERTEX
8
L4
10
23.50137130820123
20
-53.43180748328399
0
VERTEX
8
L4
10
23.531377693831544
20
-53.48469628424242
0
VERTEX
8
L4
10
23.552915408043916
20
-53.54156222582367
0
VERTEX
8
L4
10
23.565474573627753
20
-53.6010590812469
0
VERTEX
8
L4
10
23.56875786876647
20
-53.66177834028757
0
VERTEX
8
L4
10
23.562687565742507
20
-53.722282553914496
0
VERTEX
8
L4
10
23.547407371039455
20
-53.78113936401538
0
VERTEX
8
L4
10
23.523279023278903
20
-53.83695541260144
0
VERTEX
8
L4
10
23.490873729531884
20
-53.88840932773515
0
VERTEX
8
L4
10
23.450958642738655
20
-53.93428300528235
0
VERTEX
8
L4
10
23.40447870036631
20
-53.97349044593431
0
VERTEX
8
L4
10
23.352534254250216
20
-54.00510346482068
0
VERTEX
8
L4
10
23.296355021203922
20
-54.02837366507217
0
VERTEX
8
L4
10
23.23727097108194
20
-54.042750155137504
0
VERTEX
8
L4
10
23.176680841483304
20
-54.0478925904202
0
VERTEX
8
L4
10
23.11601902446857
20
-54.04367923049173
0
VERTEX
8
L4
10
23.056721609204075
20
-54.03020982113694
0
VERTEX
8
L4
10
23.000192384429525
20
-54.00780323300302
0
VERTEX
8
L4
10
22.94776960559578
20
-53.976989912754064
0
VERTEX
8
L4
10
22.90069431341773
20
-53.9384993254402
0
VERTEX
8
L4
10
22.860080953858684
20
-53.893242685366694
0
VERTEX
8
L4
10
22.826890995080035
20
-53.842291384287265
0
VERTEX
8
L4
10
22.801910165940185
20
-53.786851627605785
0
VERTEX
8
L4
10
22.785729854891756
20
-53.72823587904116
0
VERTEX
8
L4
10
22.778733109633365
20
-53.66783178976564
0
VERTEX
8
L4
10
22.78108556895664
20
-53.60706934757848
0
VERTEX
8
L4
10
22.792731541464335
20
-53.54738702381536
0
VERTEX
8
L4
10
22.813395323991344
20
-53.49019771942116
0
VERTEX
8
L4
10
22.842587728516563
20
-53.43685531636834
0
SEQEND
0
POLYLINE
8
L4
66
1
70
1
0
VERTEX
8
L4
10
30.63708602043691
20
-53.26597489951604
0
VERTEX
8
L4
10
30.656788151522605
20
-53.28880225581687
0
VERTEX
8
L4
10
30.682609458007718
20
-53.304375383197204
0
VERTEX
8
L4
10
30.71199217683896
20
-53.31115166529637
0
VERTEX
8
L4
10
30.74202576463712
20
-53.30845986868929
0
VERTEX
8
L4
10
30.769735205352035
20
-53.296566632785265
0
VERTEX
8
L4
10
30.79237570434178
20
-53.27665005751495
0
VERTEX
8
L4
10
30.807704577571073
20
-53.25068300511149
0
VERTEX
8
L4
10
30.814203403591378
20
-53.22123767567947
0
VERTEX
8
L4
10
30.811228432749957
20
-53.19123081457246
0
VERTEX
8
L4
10
30.799074354647658
20
-53.16363479039348
0
VERTEX
8
L4
10
30.77894510727795
20
-53.14118316316222
0
VERTEX
8
L4
10
30.752834619384984
20
-53.1260999079766
0
VERTEX
8
L4
10
30.723329299262062
20
-53.11987911627076
0
VERTEX
8
L4
10
30.693351834718598
20
-53.12313699664733
0
VERTEX
8
L4
10
30.665871682442813
20
-53.13555083553395
0
VERTEX
8
L4
10
30.643610924612503
20
-53.15589096399528
0
VERTEX
8
L4
10
30.62877462950918
20
-53.1821425641867
0
VERTEX
8
L4
10
30.564717825600113
20
-53.19902858995361
0
VERTEX
8
L4
10
30.503603029933103
20
-53.22459015766426
0
VERTEX
8
L4
10
30.446598952415556
20
-53.258338448578336
0
VERTEX
8
L4
10
30.394795692906783
20
-53.299628087684454
0
VERTEX
8
L4
10
30.34918389503018
20
-53.34766948532973
0
VERTEX
8
L4
10
30.310635801906116
20
-53.4015439366935
0
VERTEX
8
L4
10
30.279888576080182
20
-53.460221190355
0
VERTEX
8
L4
10
30.257530202623016
20
-53.52257914998805
0
VERTEX
8
L4
10
30.243988244979576
20
-53.58742533242334
0
VERTEX
8
L4
10
30.239521668591678
20
-53.653519671731765
0
VERTEX
8
L4
10
30.244215888652533
20
-53.719598233242046
0
VERTEX
8
L4
10
30.257981136695506
20
-53.784397384004706
0
VERTEX
8
L4
10
30.28055417725382
20
-53.84667795748633
0
VERTEX
8
L4
10
30.311503341762588
20
-53.905248950387744
0
VERTEX
8
L4
10
30.350236783439115
20
-53.95899029842757
0
VERTEX
8
L4
10
30.396013795282087
20
-54.00687429554534
0
VERTEX
8
L4
10
30.44795897475295
20
-54.04798524692072
0
VERTEX
8
L4
10
30.505078964265707
20
-54.08153697998042
0
VERTEX
8
L4
10
30.56628144735386
20
-54.10688787852644
0
VERTEX
8
L4
10
30.63039603724671
20
-54.123553152485144
0
VERTEX
8
L4
10
30.696196658399074
20
-54.13121410864037
0
VERTEX
8
L4
10
30.76242499296798
20
-54.129724245064715
0
VERTEX
8
L4
10
30.827814543865216
20
-54.11911205270381
0
VERTEX
8
L4
10
30.891114854222835
20
-54.099580470538584
0
VERTEX
8
L4
10
30.951115420118654
20
-54.071503004744336
0
VERTEX
8
L4
10
31.006668839273985
20
-54.03541658606083
0
VERTEX
8
L4
10
31.05671275304634
20
-53.99201130196327
0
VERTEX
8
L4
10
31.10029016211682
20
-53.94211719998766
0
VERTEX
8
L4
10
31.13656772737066
20
-53.88668841457339
0
VERTEX
8
L4
10
31.164851706000277
20
-53.82678492096804
0
VERTEX
8
L4
10
31.18460121808154
20
-53.76355226511839
0
VERTEX
8
L4
10
31.19543858992374
20
-53.698199657176545
0
VERTEX
8
L4
10
31.197156576395727
20
-53.631976847543235
0
VERTEX
8
L4
10
31.189722324114186
20
-53.56615022765234
0
VERTEX
8
L4
10
31.173277999705036
20
-53.5019786125256
0
VERTEX
8
L4
10
31.148138071124023
20
-53.44068916821266
0
VERTEX
8
L4
10
31.114783294025855
20
-53.383453944460335
0
VERTEX
8
L4
10
31.122855133662952
20
-53.35440041507274
0
VERTEX
8
L4
10
31.121497043612024
20
-53.32427703949137
0
VERTEX
8
L4
10
31.110843551247044
20
-53.296067727811845
0
VERTEX
8
L4
10
31.09194995209215
20
-53.272566790043804
0
VERTEX
8
L4
10
31.06668777615262
20
-53.256102142103366
0
VERTEX
8
L4
10
31.037559401079292
20
-53.24830471107828
0
VERTEX
8
L4
10
31.007450175900075
20
-53.24994688162687
0
VERTEX
8
L4
10
30.979342609024158
20
-53.260865986412405
0
VERTEX
8
L4
10
30.956020931997458
20
-53.27998041932749
0
VERTEX
8
L4
10
30.939795303830508
20
-53.30539677539186
0
VERTEX
8
L4
10
30.932272975196966
20
-53.33459740444214
0
VERTEX
8
L4
10
30.934199080130426
20
-53.36468980023889
0
VERTEX
8
L4
10
30.945382825804828
20
-53.392693121429296
0
VERTEX
8
L4
10
30.964716391765833
20
-53.41583346265917
0
VERTEX
8
L4
10
30.99028466652466
20
-53.43181862737088
0
VERTEX
8
L4
10
31.019554951414293
20
-53.43906518431069
0
VERTEX
8
L4
10
31.049627840345707
20
-53.43685531636834
0
VERTEX
8
L4
10
31.078820244870926
20
-53.49019771942116
0
VERTEX
8
L4
10
31.099484027397935
20
-53.54738702381536
0
VERTEX
8
L4
10
31.11112999990563
20
-53.60706934757848
0
VERTEX
8
L4
10
31.113482459228905
20
-53.66783178976564
0
VERTEX
8
L4
10
31.106485713970514
20
-53.72823587904116
0
VERTEX
8
L4
10
31.090305402922084
20
-53.786851627605785
0
VERTEX
8
L4
10
31.065324573782235
20
-53.84229138428727
0
VERTEX
8
L4
10
31.032134615003585
20
-53.893242685366694
0
VERTEX
8
L4
10
30.99152125544454
20
-53.9384993254402
0
VERTEX
8
L4
10
30.94444596326646
20
-53.976989912754064
0
VERTEX
8
L4
10
30.892023184432745
20
-54.00780323300302
0
VERTEX
8
L4
10
30.835493959658166
20
-54.03020982113694
0
VERTEX
8
L4
10
30.7761965443937
20
-54.04367923049173
0
VERTEX
8
L4
10
30.715534727378966
20
-54.0478925904202
0
VERTEX
8
L4
10
30.65494459778033
20
-54.042750155137504
0
VERTEX
8
L4
10
30.595860547658347
20
-54.02837366507217
0
VERTEX
8
L4
10
30.539681314612054
20
-54.00510346482068
0
VERTEX
8
L4
10
30.487736868495958
20
-53.97349044593431
0
VERTEX
8
L4
10
30.441256926123614
20
-53.93428300528235
0
VERTEX
8
L4
10
30.401341839330385
20
-53.88840932773515
0
VERTEX
8
L4
10
30.368936545583367
20
-53.83695541260144
0
VERTEX
8
L4
10
30.344808197822815
20
-53.78113936401538
0
VERTEX
8
L4
10
30.329528003119762
20
-53.722282553914496
0
VERTEX
8
L4
10
30.3234577000958
20
-53.66177834028757
0
VERTEX
8
L4
10
30.326740995234516
20
-53.6010590812469
0
VERTEX
8
L4
10
30.339300160818354
20
-53.54156222582367
0
VERTEX
8
L4
10
30.360837875030725
20
-53.48469628424242
0
VERTEX
8
L4
10
30.39084426066104
20
-53.43180748328399
0
VERTEX
8
L4
10
30.428608955780717
20
-53.38414789612744
0
VERTEX
8
L4
10
30.473237930632664
20
-53.34284580115539
0
VERTEX
8
L4
10
30.523674652616236
20
-53.308878971439206
0
VERTEX
8
L4
10
30.578725098314536
20
-53.283051527240545
0
VERTEX
8
L4
10
30.63708602043691
20
-53.26597489951604
0
SEQEND
0
POLYLINE
8
L4
66
1
70
1
0
VERTEX
8
L4
10
30.911688644504054
20
-55.25211064737069
0
VERTEX
8
L4
10
30.931915096281372
20
-55.274161417137556
0
VERTEX
8
L4
10
30.957957387318842
20
-55.28889725360285
0
VERTEX
8
L4
10
30.987275346548458
20
-55.294880819882565
0
VERTEX
8
L4
10
31.017009293471986
20
-55.29152847754316
0
VERTEX
8
L4
10
31.044258972055772
20
-55.2791672148288
0
VERTEX
8
L4
10
31.066366442372313
20
-55.25900275215272
0
VERTEX
8
L4
10
31.081175336673326
20
-55.233001935850275
0
VERTEX
8
L4
10
31.08724119199671
20
-55.203700891534275
0
VERTEX
8
L4
10
31.08397234341662
20
-55.17395764981834
0
VERTEX
8
L4
10
31.071687635176673
20
-55.14667337335236
0
VERTEX
8
L4
10
31.05158532054908
20
-55.124509376749195
0
VERTEX
8
L4
10
31.025626183934193
20
-55.10962754134416
0
VERTEX
8
L4
10
30.996342285498528
20
-55.10347944479149
0
VERTEX
8
L4
10
30.966589983442546
20
-55.106664773845445
0
VERTEX
8
L4
10
30.939271324163812
20
-55.11887283077622
0
VERTEX
8
L4
10
30.91705097598266
20
-55.138912838898
0
VERTEX
8
L4
10
30.902096316780344
20
-55.164830091201324
0
VERTEX
8
L4
10
30.895866027460997
20
-55.19409661292512
0
VERTEX
8
L4
10
30.83189034178936
20
-55.22259824295422
0
VERTEX
8
L4
10
30.772259567494345
20
-55.25933245083255
0
VERTEX
8
L4
10
30.71802711481392
20
-55.30365030668928
0
VERTEX
8
L4
10
30.67015102968257
20
-55.354768911364744
0
VERTEX
8
L4
10
30.629477069325944
20
-55.41178522675235
0
VERTEX
8
L4
10
30.596723761496932
20
-55.473692028460476
0
VERTEX
8
L4
10
30.572469711289997
20
-55.53939569898223
0
VERTEX
8
L4
10
30.557143379765805
20
-55.60773554704675
0
VERTEX
8
L4
10
30.55101551495214
20
-55.677504311865235
0
VERTEX
8
L4
10
30.554194368932045
20
-55.747469490053
0
VERTEX
8
L4
10
30.566623785511595
20
-55.81639510847578
0
VERTEX
8
L4
10
30.588084192249667
20
-55.88306355839107
0
VERTEX
8
L4
10
30.618196479325277
20
-55.94629710517241
0
VERTEX
8
L4
10
30.65642869671983
20
-56.004978693635636
0
VERTEX
8
L4
10
30.70210545140516
20
-56.05807168142957
0
VERTEX
8
L4
10
30.754419838530723
20
-56.104638151890086
0
VERTEX
8
L4
10
30.812447695838912
20
-56.14385548285088
0
VERTEX
8
L4
10
30.875163929496992
20
-56.17503087871392
0
VERTEX
8
L4
10
30.94146062294
20
-56.19761360906251
0
VERTEX
8
L4
10
31.010166608822814
20
-56.21120473761531
0
VERTEX
8
L4
10
31.080068158331912
20
-56.21556416965392
0
VERTEX
8
L4
10
31.1499304223684
20
-56.210614893427355
0
VERTEX
8
L4
10
31.21851924583281
20
-56.19644434060674
0
VERTEX
8
L4
10
31.284622969649703
20
-56.17330284175705
0
VERTEX
8
L4
10
31.347073835388002
20
-56.141599204110754
0
VERTEX
8
L4
10
31.404768614352193
20
-56.10189348976453
0
VERTEX
8
L4
10
31.456688096720555
20
-56.054887121875986
0
VERTEX
8
L4
10
31.50191509644405
20
-56.00141049364008
0
VERTEX
8
L4
10
31.539650653839473
20
-55.94240829893913
0
VERTEX
8
L4
10
31.569228149649135
20
-55.87892284380882
0
VERTEX
8
L4
10
31.590125081234603
20
-55.81207563353208
0
VERTEX
8
L4
10
31.601972292871622
20
-55.7430475606349
0
VERTEX
8
L4
10
31.604560497087803
20
-55.673058043774105
0
VERTEX
8
L4
10
31.59784397184022
20
-55.60334348603995
0
VERTEX
8
L4
10
31.581941368220456
20
-55.535135433219295
0
VERTEX
8
L4
10
31.55713361441805
20
-55.469638817865906
0
VERTEX
8
L4
10
31.5238589529704
20
-55.40801067350787
0
VERTEX
8
L4
10
31.482705198968787
20
-55.351339695017586
0
VERTEX
8
L4
10
31.491942871007197
20
-55.3228789990647
0
VERTEX
8
L4
10
31.4919503823847
20
-55.29295667057256
0
VERTEX
8
L4
10
31.482727000439795
20
-55.26449134035648
0
VERTEX
8
L4
10
31.46517237597247
20
-55.240259523284216
0
VERTEX
8
L4
10
31.440998791097897
20
-55.22262479637608
0
VERTEX
8
L4
10
31.412564142854407
20
-55.21330725495778
0
VERTEX
8
L4
10
31.3826419533831
20
-55.21321573416604
0
VERTEX
8
L4
10
31.35415083993915
20
-55.22235916095997
0
VERTEX
8
L4
10
31.32986983229229
20
-55.23984568338342
0
VERTEX
8
L4
10
31.312167305522834
20
-55.26396966201027
0
VERTEX
8
L4
10
31.30276996817055
20
-55.29237803840703
0
VERTEX
8
L4
10
31.302594438686
20
-55.32229985299459
0
VERTEX
8
L4
10
31.3116578382555
20
-55.350816525084014
0
VERTEX
8
L4
10
31.329076120796813
20
-55.375146531909394
0
VERTEX
8
L4
10
31.35315030301767
20
-55.39291671899927
0
VERTEX
8
L4
10
31.381532183637475
20
-55.4023937782106
0
VERTEX
8
L4
10
31.41145338748133
20
-55.40265331500438
0
VERTEX
8
L4
10
31.43999539343237
20
-55.39367001410194
0
VERTEX
8
L4
10
31.477558170411342
20
-55.44700455113542
0
VERTEX
8
L4
10
31.507323595828794
20
-55.50505241504673
0
VERTEX
8
L4
10
31.528711025603698
20
-55.56668124679431
0
VERTEX
8
L4
10
31.541303248010266
20
-55.630688832202694
0
VERTEX
8
L4
10
31.544854622366202
20
-55.6958265539554
0
VERTEX
8
L4
10
31.539295870827473
20
-55.76082374878932
0
VERTEX
8
L4
10
31.524735429814356
20
-55.82441249474685
0
VERTEX
8
L4
10
31.501457334705876
20
-55.88535234495236
0
VERTEX
8
L4
10
31.469915679067114
20
-55.942454525423095
0
VERTEX
8
L4
10
31.430725756494397
20
-55.994605124879804
0
VERTEX
8
L4
10
31.384652057878114
20
-56.0407868241855
0
VERTEX
8
L4
10
31.33259335822369
20
-56.080098741529234
0
VERTEX
8
L4
10
31.275565183948046
20
-56.111774006227975
0
VERTEX
8
L4
10
31.214680002666924
20
-56.13519471832886
0
VERTEX
8
L4
10
31.151125521918104
20
-56.14990400218962
0
VERTEX
8
L4
10
31.086141520154385
20
-56.15561491890411
0
VERTEX
8
L4
10
31.020995661971753
20
-56.15221606371526
0
VERTEX
8
L4
10
30.956958769353307
20
-56.139773739224836
0
VERTEX
8
L4
10
30.89528003132115
20
-56.118530662006464
0
VERTEX
8
L4
10
30.837162635589195
20
-56.08890122785247
0
VERTEX
8
L4
10
30.783740297579484
20
-56.05146342801696
0
VERTEX
8
L4
10
30.736055144657072
20
-56.00694757414766
0
VERTEX
8
L4
10
30.695037387004035
20
-55.956222051853004
0
VERTEX
8
L4
10
30.66148717169925
20
-55.900276380814475
0
VERTEX
8
L4
10
30.6360589739824
20
-55.84020191189613
0
VERTEX
8
L4
10
30.61924883018723
20
-55.77717053779931
0
VERTEX
8
L4
10
30.61138466139529
20
-55.71241183256086
0
VERTEX
8
L4
10
30.612619876570065
20
-55.647189065842326
0
VERTEX
8
L4
10
30.622930379957168
20
-55.58277455990731
0
VERTEX
8
L4
10
30.642115041128264
20
-55.52042487000673
0
VERTEX
8
L4
10
30.66979961849937
20
-55.46135627233647
0
VERTEX
8
L4
10
30.705444059786302
20
-55.40672103773195
0
VERTEX
8
L4
10
30.748353036984682
20
-55.35758495393666
0
VERTEX
8
L4
10
30.797689510365174
20
-55.31490653492515
0
VERTEX
8
L4
10
30.85249105688682
20
-55.279518322851274
0
VERTEX
8
L4
10
30.911688644504054
20
-55.25211064737069
0
SEQEND
0
POLYLINE
8
L4
66
1
70
1
0
VERTEX
8
L4
10
28.305494140187776
20
-55.03571161799284
0
VERTEX
8
L4
10
28.295704675771262
20
-55.036353253389805
0
VERTEX
8
L4
10
28.286082711805093
20
-55.03826718102116
0
VERTEX
8
L4
10
28.276792882760404
20
-55.041420653054494
0
VERTEX
8
L4
10
28.26799414018778
20
-55.04575971270901
0
VERTEX
8
L4
10
28.25983703301212
20
-55.051210117470994
0
VERTEX
8
L4
10
28.252461131598793
20
-55.057678609403844
0
VERTEX
8
L4
10
28.245992639665943
20
-55.065054510817184
0
VERTEX
8
L4
10
28.24054223490394
20
-55.07321161799284
0
VERTEX
8
L4
10
28.23620317524943
20
-55.082010360565455
0
VERTEX
8
L4
10
28.23304970321611
20
-55.09130018961015
0
VERTEX
8
L4
10
28.231135775584747
20
-55.100922153576334
0
VERTEX
8
L4
10
28.230494140187787
20
-55.11071161799284
0
VERTEX
8
L4
10
28.231135775584747
20
-55.12050108240934
0
VERTEX
8
L4
10
28.23304970321611
20
-55.13012304637553
0
VERTEX
8
L4
10
28.23620317524943
20
-55.13941287542022
0
VERTEX
8
L4
10
28.24054223490394
20
-55.148211617992835
0
VERTEX
8
L4
10
28.245992639665943
20
-55.15636872516849
0
VERTEX
8
L4
10
28.252461131598793
20
-55.16374462658183
0
VERTEX
8
L4
10
28.25983703301212
20
-55.17021311851468
0
VERTEX
8
L4
10
28.26799414018778
20
-55.17566352327667
0
VERTEX
8
L4
10
28.276792882760404
20
-55.18000258293119
0
VERTEX
8
L4
10
28.286082711805093
20
-55.18315605496452
0
VERTEX
8
L4
10
28.295704675771262
20
-55.18506998259588
0
VERTEX
8
L4
10
28.305494140187776
20
-55.18571161799284
0
VERTEX
8
L4
10
28.31528360460429
20
-55.18506998259588
0
VERTEX
8
L4
10
28.324905568570458
20
-55.18315605496452
0
VERTEX
8
L4
10
28.334195397615147
20
-55.18000258293119
0
VERTEX
8
L4
10
28.34299414018777
20
-55.17566352327667
0
VERTEX
8
L4
10
28.351151247363433
20
-55.17021311851468
0
VERTEX
8
L4
10
28.35852714877676
20
-55.16374462658183
0
VERTEX
8
L4
10
28.36499564070961
20
-55.15636872516849
0
VERTEX
8
L4
10
28.37044604547161
20
-55.148211617992835
0
VERTEX
8
L4
10
28.374785105126122
20
-55.13941287542022
0
VERTEX
8
L4
10
28.37793857715947
20
-55.13012304637553
0
VERTEX
8
L4
10
28.379852504790804
20
-55.12050108240934
0
VERTEX
8
L4
10
28.380494140187793
20
-55.11071161799284
0
VERTEX
8
L4
10
28.379852504790804
20
-55.100922153576334
0
VERTEX
8
L4
10
28.37793857715947
20
-55.09130018961015
0
VERTEX
8
L4
10
28.374785105126122
20
-55.082010360565455
0
VERTEX
8
L4
10
28.37044604547161
20
-55.07321161799284
0
VERTEX
8
L4
10
28.36499564070961
20
-55.065054510817184
0
VERTEX
8
L4
10
28.35852714877676
20
-55.05767860940385
0
VERTEX
8
L4
10
28.351151247363433
20
-55.051210117470994
0
VERTEX
8
L4
10
28.34299414018777
20
-55.04575971270901
0
VERTEX
8
L4
10
28.334195397615147
20
-55.041420653054494
0
VERTEX
8
L4
10
28.324905568570458
20
-55.03826718102116
0
VERTEX
8
L4
10
28.31528360460429
20
-55.036353253389805
0
VERTEX
8
L4
10
28.305494140187776
20
-55.03571161799284
0
SEQEND
0
POLYLINE
8
L4
66
1
70
1
0
VERTEX
8
L4
10
25.089820359281433
20
-53.577694610778444
0
VERTEX
8
L4
10
25.08003089486492
20
-53.57833624617541
0
VERTEX
8
L4
10
25.07040893089875
20
-53.58025017380676
0
VERTEX
8
L4
10
25.06111910185406
20
-53.5834036458401
0
VERTEX
8
L4
10
25.05232035928144
20
-53.58774270549461
0
VERTEX
8
L4
10
25.044163252105776
20
-53.5931931102566
0
VERTEX
8
L4
10
25.03678735069245
20
-53.59966160218946
0
VERTEX
8
L4
10
25.0303188587596
20
-53.60703750360279
0
VERTEX
8
L4
10
25.0248684539976
20
-53.615194610778445
0
VERTEX
8
L4
10
25.020529394343086
20
-53.62399335335106
0
VERTEX
8
L4
10
25.01737592230974
20
-53.63328318239576
0
VERTEX
8
L4
10
25.015461994678404
20
-53.64290514636194
0
VERTEX
8
L4
10
25.014820359281444
20
-53.65269461077845
0
VERTEX
8
L4
10
25.015461994678404
20
-53.662484075194946
0
VERTEX
8
L4
10
25.01737592230974
20
-53.672106039161136
0
VERTEX
8
L4
10
25.020529394343086
20
-53.681395868205826
0
VERTEX
8
L4
10
25.0248684539976
20
-53.69019461077844
0
VERTEX
8
L4
10
25.0303188587596
20
-53.6983517179541
0
VERTEX
8
L4
10
25.03678735069245
20
-53.70572761936744
0
VERTEX
8
L4
10
25.044163252105776
20
-53.71219611130029
0
VERTEX
8
L4
10
25.05232035928144
20
-53.717646516062274
0
VERTEX
8
L4
10
25.06111910185406
20
-53.72198557571679
0
VERTEX
8
L4
10
25.07040893089875
20
-53.725139047750126
0
VERTEX
8
L4
10
25.08003089486492
20
-53.72705297538148
0
VERTEX
8
L4
10
25.089820359281433
20
-53.72769461077844
0
VERTEX
8
L4
10
25.099609823697946
20
-53.72705297538148
0
VERTEX
8
L4
10
25.109231787664115
20
-53.725139047750126
0
VERTEX
8
L4
10
25.118521616708804
20
-53.72198557571679
0
VERTEX
8
L4
10
25.127320359281427
20
-53.717646516062274
0
VERTEX
8
L4
10
25.13547746645709
20
-53.71219611130029
0
VERTEX
8
L4
10
25.142853367870416
20
-53.70572761936744
0
VERTEX
8
L4
10
25.149321859803266
20
-53.6983517179541
0
VERTEX
8
L4
10
25.154772264565267
20
-53.69019461077844
0
VERTEX
8
L4
10
25.15911132421978
20
-53.681395868205826
0
VERTEX
8
L4
10
25.162264796253098
20
-53.672106039161136
0
VERTEX
8
L4
10
25.16417872388446
20
-53.662484075194946
0
VERTEX
8
L4
10
25.16482035928142
20
-53.65269461077845
0
VERTEX
8
L4
10
25.16417872388446
20
-53.64290514636194
0
VERTEX
8
L4
10
25.162264796253098
20
-53.63328318239576
0
VERTEX
8
L4
10
25.15911132421978
20
-53.62399335335106
0
VERTEX
8
L4
10
25.154772264565267
20
-53.615194610778445
0
VERTEX
8
L4
10
25.149321859803266
20
-53.60703750360279
0
VERTEX
8
L4
10
25.142853367870416
20
-53.59966160218946
0
VERTEX
8
L4
10
25.13547746645709
20
-53.5931931102566
0
VERTEX
8
L4
10
25.127320359281427
20
-53.58774270549461
0
VERTEX
8
L4
10
25.118521616708804
20
-53.5834036458401
0
VERTEX
8
L4
10
25.109231787664115
20
-53.58025017380677
0
VERTEX
8
L4
10
25.099609823697946
20
-53.57833624617541
0
VERTEX
8
L4
10
25.089820359281433
20
-53.577694610778444
0
SEQEND
0
POLYLINE
8
L4
66
1
70
1
0
VERTEX
8
L4
10
22.814371257485007
20
-55.61362275449102
0
VERTEX
8
L4
10
22.80458179306852
20
-55.614264389887985
0
VERTEX
8
L4
10
22.794959829102325
20
-55.61617831751934
0
VERTEX
8
L4
10
22.785670000057635
20
-55.619331789552675
0
VERTEX
8
L4
10
22.776871257485013
20
-55.62367084920719
0
VERTEX
8
L4
10
22.76871415030938
20
-55.62912125396918
0
VERTEX
8
L4
10
22.761338248896024
20
-55.63558974590203
0
VERTEX
8
L4
10
22.754869756963174
20
-55.642965647315364
0
VERTEX
8
L4
10
22.749419352201173
20
-55.65112275449102
0
VERTEX
8
L4
10
22.74508029254666
20
-55.65992149706364
0
VERTEX
8
L4
10
22.741926820513342
20
-55.66921132610833
0
VERTEX
8
L4
10
22.74001289288198
20
-55.678833290074515
0
VERTEX
8
L4
10
22.73937125748502
20
-55.68862275449102
0
VERTEX
8
L4
10
22.74001289288198
20
-55.69841221890753
0
VERTEX
8
L4
10
22.741926820513342
20
-55.70803418287371
0
VERTEX
8
L4
10
22.74508029254666
20
-55.7173240119184
0
VERTEX
8
L4
10
22.749419352201173
20
-55.72612275449102
0
VERTEX
8
L4
10
22.754869756963174
20
-55.73427986166668
0
VERTEX
8
L4
10
22.761338248896024
20
-55.74165576308001
0
VERTEX
8
L4
10
22.76871415030938
20
-55.74812425501286
0
VERTEX
8
L4
10
22.776871257485013
20
-55.753574659774856
0
VERTEX
8
L4
10
22.785670000057635
20
-55.75791371942937
0
VERTEX
8
L4
10
22.794959829102325
20
-55.7610671914627
0
VERTEX
8
L4
10
22.80458179306852
20
-55.76298111909406
0
VERTEX
8
L4
10
22.814371257485007
20
-55.763622754491024
0
VERTEX
8
L4
10
22.82416072190152
20
-55.76298111909406
0
VERTEX
8
L4
10
22.833782685867718
20
-55.7610671914627
0
VERTEX
8
L4
10
22.843072514912407
20
-55.75791371942937
0
VERTEX
8
L4
10
22.85187125748503
20
-55.753574659774856
0
VERTEX
8
L4
10
22.860028364660664
20
-55.74812425501286
0
VERTEX
8
L4
10
22.86740426607402
20
-55.74165576308001
0
VERTEX
8
L4
10
22.87387275800687
20
-55.73427986166668
0
VERTEX
8
L4
10
22.87932316276884
20
-55.72612275449102
0
VERTEX
8
L4
10
22.883662222423354
20
-55.7173240119184
0
VERTEX
8
L4
10
22.8868156944567
20
-55.70803418287371
0
VERTEX
8
L4
10
22.888729622088064
20
-55.69841221890753
0
VERTEX
8
L4
10
22.889371257485024
20
-55.68862275449102
0
VERTEX
8
L4
10
22.888729622088064
20
-55.678833290074515
0
VERTEX
8
L4
10
22.8868156944567
20
-55.66921132610833
0
VERTEX
8
L4
10
22.883662222423354
20
-55.65992149706364
0
VERTEX
8
L4
10
22.87932316276884
20
-55.65112275449102
0
VERTEX
8
L4
10
22.87387275800687
20
-55.642965647315364
0
VERTEX
8
L4
10
22.86740426607402
20
-55.63558974590203
0
VERTEX
8
L4
10
22.860028364660664
20
-55.62912125396918
0
VERTEX
8
L4
10
22.85187125748503
20
-55.62367084920719
0
VERTEX
8
L4
10
22.843072514912407
20
-55.619331789552675
0
VERTEX
8
L4
10
22.833782685867718
20
-55.61617831751934
0
VERTEX
8
L4
10
22.82416072190152
20
-55.614264389887985
0
VERTEX
8
L4
10
22.814371257485007
20
-55.61362275449102
0
SEQEND
0
POLYLINE
8
L4
66
1
70
1
0
VERTEX
8
L4
10
25.089820359281433
20
-53.14056886227545
0
VERTEX
8
L4
10
25.08003089486492
20
-53.14121049767241
0
VERTEX
8
L4
10
25.07040893089875
20
-53.14312442530377
0
VERTEX
8
L4
10
25.06111910185406
20
-53.1462778973371
0
VERTEX
8
L4
10
25.05232035928144
20
-53.15061695699162
0
VERTEX
8
L4
10
25.044163252105776
20
-53.15606736175361
0
VERTEX
8
L4
10
25.03678735069245
20
-53.16253585368646
0
VERTEX
8
L4
10
25.0303188587596
20
-53.1699117550998
0
VERTEX
8
L4
10
25.0248684539976
20
-53.17806886227545
0
VERTEX
8
L4
10
25.020529394343086
20
-53.18686760484807
0
VERTEX
8
L4
10
25.01737592230974
20
-53.196157433892765
0
VERTEX
8
L4
10
25.015461994678404
20
-53.20577939785895
0
VERTEX
8
L4
10
25.014820359281444
20
-53.21556886227545
0
VERTEX
8
L4
10
25.015461994678404
20
-53.22535832669195
0
VERTEX
8
L4
10
25.01737592230974
20
-53.234980290658136
0
VERTEX
8
L4
10
25.020529394343086
20
-53.24427011970283
0
VERTEX
8
L4
10
25.0248684539976
20
-53.25306886227545
0
VERTEX
8
L4
10
25.0303188587596
20
-53.261225969451104
0
VERTEX
8
L4
10
25.03678735069245
20
-53.268601870864444
0
VERTEX
8
L4
10
25.044163252105776
20
-53.275070362797294
0
VERTEX
8
L4
10
25.05232035928144
20
-53.28052076755928
0
VERTEX
8
L4
10
25.06111910185406
20
-53.28485982721379
0
VERTEX
8
L4
10
25.07040893089875
20
-53.28801329924713
0
VERTEX
8
L4
10
25.08003089486492
20
-53.28992722687848
0
VERTEX
8
L4
10
25.089820359281433
20
-53.29056886227545
0
VERTEX
8
L4
10
25.099609823697946
20
-53.28992722687848
0
VERTEX
8
L4
10
25.109231787664115
20
-53.28801329924713
0
VERTEX
8
L4
10
25.118521616708804
20
-53.28485982721379
0
VERTEX
8
L4
10
25.127320359281427
20
-53.28052076755928
0
VERTEX
8
L4
10
25.13547746645709
20
-53.275070362797294
0
VERTEX
8
L4
10
25.142853367870416
20
-53.268601870864444
0
VERTEX
8
L4
10
25.149321859803266
20
-53.261225969451104
0
VERTEX
8
L4
10
25.154772264565267
20
-53.25306886227545
0
VERTEX
8
L4
10
25.15911132421978
20
-53.24427011970283
0
VERTEX
8
L4
10
25.162264796253098
20
-53.234980290658136
0
VERTEX
8
L4
10
25.16417872388446
20
-53.22535832669195
0
VERTEX
8
L4
10
25.16482035928142
20
-53.21556886227545
0
VERTEX
8
L4
10
25.16417872388446
20
-53.20577939785895
0
VERTEX
8
L4
10
25.162264796253098
20
-53.196157433892765
0
VERTEX
8
L4
10
25.15911132421978
20
-53.18686760484807
0
VERTEX
8
L4
10
25.154772264565267
20
-53.17806886227545
0
VERTEX
8
L4
10
25.149321859803266
20
-53.1699117550998
0
VERTEX
8
L4
10
25.142853367870416
20
-53.16253585368646
0
VERTEX
8
L4
10
25.13547746645709
20
-53.15606736175361
0
VERTEX
8
L4
10
25.127320359281427
20
-53.15061695699162
0
VERTEX
8
L4
10
25.118521616708804
20
-53.1462778973371
0
VERTEX
8
L4
10
25.109231787664115
20
-53.14312442530377
0
VERTEX
8
L4
10
25.099609823697946
20
-53.14121049767241
0
VERTEX
8
L4
10
25.089820359281433
20
-53.14056886227545
0
SEQEND
0
POLYLINE
8
L4
66
1
70
1
0
VERTEX
8
L4
10
25.68862275449102
20
-55.61362275449102
0
VERTEX
8
L4
10
25.678833290074508
20
-55.614264389887985
0
VERTEX
8
L4
10
25.66921132610831
20
-55.61617831751934
0
VERTEX
8
L4
10
25.65992149706362
20
-55.619331789552675
0
VERTEX
8
L4
10
25.651122754491027
20
-55.62367084920719
0
VERTEX
8
L4
10
25.642965647315364
20
-55.62912125396918
0
VERTEX
8
L4
10
25.63558974590201
20
-55.63558974590203
0
VERTEX
8
L4
10
25.62912125396916
20
-55.642965647315364
0
VERTEX
8
L4
10
25.623670849207187
20
-55.65112275449102
0
VERTEX
8
L4
10
25.619331789552675
20
-55.65992149706364
0
VERTEX
8
L4
10
25.616178317519328
20
-55.66921132610833
0
VERTEX
8
L4
10
25.614264389887964
20
-55.678833290074515
0
VERTEX
8
L4
10
25.613622754491004
20
-55.68862275449102
0
VERTEX
8
L4
10
25.614264389887964
20
-55.69841221890753
0
VERTEX
8
L4
10
25.616178317519328
20
-55.70803418287371
0
VERTEX
8
L4
10
25.619331789552675
20
-55.7173240119184
0
VERTEX
8
L4
10
25.623670849207187
20
-55.72612275449102
0
VERTEX
8
L4
10
25.62912125396916
20
-55.73427986166668
0
VERTEX
8
L4
10
25.63558974590201
20
-55.74165576308001
0
VERTEX
8
L4
10
25.642965647315364
20
-55.74812425501286
0
VERTEX
8
L4
10
25.651122754491027
20
-55.753574659774856
0
VERTEX
8
L4
10
25.65992149706362
20
-55.75791371942937
0
VERTEX
8
L4
10
25.66921132610831
20
-55.7610671914627
0
VERTEX
8
L4
10
25.678833290074508
20
-55.76298111909406
0
VERTEX
8
L4
10
25.68862275449102
20
-55.763622754491024
0
VERTEX
8
L4
10
25.698412218907507
20
-55.76298111909406
0
VERTEX
8
L4
10
25.708034182873703
20
-55.7610671914627
0
VERTEX
8
L4
10
25.717324011918393
20
-55.75791371942937
0
VERTEX
8
L4
10
25.726122754491016
20
-55.753574659774856
0
VERTEX
8
L4
10
25.73427986166668
20
-55.74812425501286
0
VERTEX
8
L4
10
25.741655763080004
20
-55.74165576308001
0
VERTEX
8
L4
10
25.748124255012854
20
-55.73427986166668
0
VERTEX
8
L4
10
25.753574659774856
20
-55.72612275449102
0
VERTEX
8
L4
10
25.757913719429368
20
-55.7173240119184
0
VERTEX
8
L4
10
25.761067191462686
20
-55.70803418287371
0
VERTEX
8
L4
10
25.76298111909405
20
-55.69841221890753
0
VERTEX
8
L4
10
25.76362275449101
20
-55.68862275449102
0
VERTEX
8
L4
10
25.76298111909405
20
-55.678833290074515
0
VERTEX
8
L4
10
25.761067191462686
20
-55.66921132610833
0
VERTEX
8
L4
10
25.757913719429368
20
-55.65992149706364
0
VERTEX
8
L4
10
25.753574659774856
20
-55.65112275449102
0
VERTEX
8
L4
10
25.748124255012854
20
-55.642965647315364
0
VERTEX
8
L4
10
25.741655763080004
20
-55.63558974590203
0
VERTEX
8
L4
10
25.73427986166668
20
-55.62912125396918
0
VERTEX
8
L4
10
25.726122754491016
20
-55.62367084920719
0
VERTEX
8
L4
10
25.717324011918393
20
-55.619331789552675
0
VERTEX
8
L4
10
25.708034182873703
20
-55.61617831751934
0
VERTEX
8
L4
10
25.698412218907507
20
-55.614264389887985
0
VERTEX
8
L4
10
25.68862275449102
20
-55.61362275449102
0
SEQEND
0
POLYLINE
8
L4
66
1
70
1
0
VERTEX
8
L4
10
23.173652694610766
20
-53.577694610778444
0
VERTEX
8
L4
10
23.163863230194252
20
-53.57833624617541
0
VERTEX
8
L4
10
23.154241266228084
20
-53.58025017380676
0
VERTEX
8
L4
10
23.144951437183394
20
-53.5834036458401
0
VERTEX
8
L4
10
23.13615269461077
20
-53.58774270549461
0
VERTEX
8
L4
10
23.12799558743511
20
-53.5931931102566
0
VERTEX
8
L4
10
23.120619686021783
20
-53.59966160218946
0
VERTEX
8
L4
10
23.114151194088933
20
-53.60703750360279
0
VERTEX
8
L4
10
23.10870078932693
20
-53.615194610778445
0
VERTEX
8
L4
10
23.10436172967242
20
-53.62399335335106
0
VERTEX
8
L4
10
23.1012082576391
20
-53.63328318239576
0
VERTEX
8
L4
10
23.099294330007737
20
-53.64290514636194
0
VERTEX
8
L4
10
23.098652694610777
20
-53.65269461077845
0
VERTEX
8
L4
10
23.099294330007737
20
-53.662484075194946
0
VERTEX
8
L4
10
23.1012082576391
20
-53.672106039161136
0
VERTEX
8
L4
10
23.10436172967242
20
-53.681395868205826
0
VERTEX
8
L4
10
23.10870078932693
20
-53.69019461077844
0
VERTEX
8
L4
10
23.114151194088933
20
-53.6983517179541
0
VERTEX
8
L4
10
23.120619686021783
20
-53.70572761936744
0
VERTEX
8
L4
10
23.12799558743511
20
-53.71219611130029
0
VERTEX
8
L4
10
23.13615269461077
20
-53.717646516062274
0
VERTEX
8
L4
10
23.144951437183394
20
-53.72198557571679
0
VERTEX
8
L4
10
23.154241266228084
20
-53.725139047750126
0
VERTEX
8
L4
10
23.163863230194252
20
-53.72705297538148
0
VERTEX
8
L4
10
23.173652694610766
20
-53.72769461077844
0
VERTEX
8
L4
10
23.18344215902728
20
-53.72705297538148
0
VERTEX
8
L4
10
23.193064122993448
20
-53.725139047750126
0
VERTEX
8
L4
10
23.202353952038138
20
-53.72198557571679
0
VERTEX
8
L4
10
23.21115269461076
20
-53.717646516062274
0
VERTEX
8
L4
10
23.219309801786423
20
-53.71219611130029
0
VERTEX
8
L4
10
23.22668570319975
20
-53.70572761936744
0
VERTEX
8
L4
10
23.2331541951326
20
-53.6983517179541
0
VERTEX
8
L4
10
23.2386045998946
20
-53.69019461077844
0
VERTEX
8
L4
10
23.242943659549113
20
-53.681395868205826
0
VERTEX
8
L4
10
23.24609713158246
20
-53.672106039161136
0
VERTEX
8
L4
10
23.248011059213795
20
-53.662484075194946
0
VERTEX
8
L4
10
23.248652694610755
20
-53.65269461077845
0
VERTEX
8
L4
10
23.248011059213795
20
-53.64290514636194
0
VERTEX
8
L4
10
23.24609713158246
20
-53.63328318239576
0
VERTEX
8
L4
10
23.242943659549113
20
-53.62399335335106
0
VERTEX
8
L4
10
23.2386045998946
20
-53.615194610778445
0
VERTEX
8
L4
10
23.2331541951326
20
-53.60703750360279
0
VERTEX
8
L4
10
23.22668570319975
20
-53.59966160218946
0
VERTEX
8
L4
10
23.219309801786423
20
-53.5931931102566
0
VERTEX
8
L4
10
23.21115269461076
20
-53.58774270549461
0
VERTEX
8
L4
10
23.202353952038138
20
-53.5834036458401
0
VERTEX
8
L4
10
23.193064122993448
20
-53.58025017380677
0
VERTEX
8
L4
10
23.18344215902728
20
-53.57833624617541
0
VERTEX
8
L4
10
23.173652694610766
20
-53.577694610778444
0
SEQEND
0
POLYLINE
8
L4
66
1
70
1
0
VERTEX
8
L4
10
25.586721428674494
20
-55.03571161799284
0
VERTEX
8
L4
10
25.57693196425798
20
-55.036353253389805
0
VERTEX
8
L4
10
25.567310000291812
20
-55.03826718102116
0
VERTEX
8
L4
10
25.558020171247122
20
-55.041420653054494
0
VERTEX
8
L4
10
25.5492214286745
20
-55.04575971270901
0
VERTEX
8
L4
10
25.541064321498837
20
-55.051210117470994
0
VERTEX
8
L4
10
25.53368842008551
20
-55.057678609403844
0
VERTEX
8
L4
10
25.52721992815266
20
-55.065054510817184
0
VERTEX
8
L4
10
25.52176952339066
20
-55.07321161799284
0
VERTEX
8
L4
10
25.517430463736147
20
-55.082010360565455
0
VERTEX
8
L4
10
25.5142769917028
20
-55.09130018961015
0
VERTEX
8
L4
10
25.512363064071465
20
-55.100922153576334
0
VERTEX
8
L4
10
25.511721428674477
20
-55.11071161799284
0
VERTEX
8
L4
10
25.512363064071465
20
-55.12050108240934
0
VERTEX
8
L4
10
25.5142769917028
20
-55.13012304637553
0
VERTEX
8
L4
10
25.517430463736147
20
-55.13941287542022
0
VERTEX
8
L4
10
25.52176952339066
20
-55.148211617992835
0
VERTEX
8
L4
10
25.52721992815266
20
-55.15636872516849
0
VERTEX
8
L4
10
25.53368842008551
20
-55.16374462658183
0
VERTEX
8
L4
10
25.541064321498837
20
-55.17021311851468
0
VERTEX
8
L4
10
25.5492214286745
20
-55.17566352327667
0
VERTEX
8
L4
10
25.558020171247122
20
-55.18000258293119
0
VERTEX
8
L4
10
25.567310000291812
20
-55.18315605496452
0
VERTEX
8
L4
10
25.57693196425798
20
-55.18506998259588
0
VERTEX
8
L4
10
25.586721428674494
20
-55.18571161799284
0
VERTEX
8
L4
10
25.596510893091008
20
-55.18506998259588
0
VERTEX
8
L4
10
25.606132857057176
20
-55.18315605496452
0
VERTEX
8
L4
10
25.615422686101866
20
-55.18000258293119
0
VERTEX
8
L4
10
25.62422142867449
20
-55.17566352327667
0
VERTEX
8
L4
10
25.63237853585015
20
-55.17021311851468
0
VERTEX
8
L4
10
25.639754437263477
20
-55.16374462658183
0
VERTEX
8
L4
10
25.646222929196327
20
-55.15636872516849
0
VERTEX
8
L4
10
25.65167333395833
20
-55.148211617992835
0
VERTEX
8
L4
10
25.65601239361284
20
-55.13941287542022
0
VERTEX
8
L4
10
25.65916586564616
20
-55.13012304637553
0
VERTEX
8
L4
10
25.661079793277523
20
-55.12050108240934
0
VERTEX
8
L4
10
25.661721428674483
20
-55.11071161799284
0
VERTEX
8
L4
10
25.661079793277523
20
-55.100922153576334
0
VERTEX
8
L4
10
25.65916586564616
20
-55.09130018961015
0
VERTEX
8
L4
10
25.65601239361284
20
-55.082010360565455
0
VERTEX
8
L4
10
25.65167333395833
20
-55.07321161799284
0
VERTEX
8
L4
10
25.646222929196327
20
-55.065054510817184
0
VERTEX
8
L4
10
25.639754437263477
20
-55.05767860940385
0
VERTEX
8
L4
10
25.63237853585015
20
-55.051210117470994
0
VERTEX
8
L4
10
25.62422142867449
20
-55.04575971270901
0
VERTEX
8
L4
10
25.615422686101866
20
-55.041420653054494
0
VERTEX
8
L4
10
25.606132857057176
20
-55.03826718102116
0
VERTEX
8
L4
10
25.596510893091008
20
-55.036353253389805
0
VERTEX
8
L4
10
25.586721428674494
20
-55.03571161799284
0
SEQEND
0
POLYLINE
8
L4
66
1
70
1
0
VERTEX
8
L4
10
26.946107784431135
20
-56.69146706586827
0
VERTEX
8
L4
10
26.93631832001462
20
-56.692108701265234
0
VERTEX
8
L4
10
26.926696356048453
20
-56.69402262889659
0
VERTEX
8
L4
10
26.917406527003763
20
-56.69717610092992
0
VERTEX
8
L4
10
26.90860778443114
20
-56.701515160584435
0
VERTEX
8
L4
10
26.900450677255478
20
-56.70696556534643
0
VERTEX
8
L4
10
26.893074775842152
20
-56.71343405727928
0
VERTEX
8
L4
10
26.886606283909302
20
-56.72080995869261
0
VERTEX
8
L4
10
26.8811558791473
20
-56.72896706586827
0
VERTEX
8
L4
10
26.876816819492788
20
-56.737765808440884
0
VERTEX
8
L4
10
26.87366334745944
20
-56.74705563748558
0
VERTEX
8
L4
10
26.871749419828106
20
-56.75667760145176
0
VERTEX
8
L4
10
26.871107784431146
20
-56.76646706586827
0
VERTEX
8
L4
10
26.871749419828106
20
-56.77625653028477
0
VERTEX
8
L4
10
26.87366334745944
20
-56.78587849425096
0
VERTEX
8
L4
10
26.876816819492788
20
-56.79516832329565
0
VERTEX
8
L4
10
26.8811558791473
20
-56.80396706586827
0
VERTEX
8
L4
10
26.886606283909302
20
-56.81212417304392
0
VERTEX
8
L4
10
26.893074775842152
20
-56.81950007445726
0
VERTEX
8
L4
10
26.900450677255478
20
-56.82596856639011
0
VERTEX
8
L4
10
26.90860778443114
20
-56.831418971152104
0
VERTEX
8
L4
10
26.917406527003763
20
-56.835758030806616
0
VERTEX
8
L4
10
26.926696356048453
20
-56.83891150283995
0
VERTEX
8
L4
10
26.93631832001462
20
-56.840825430471305
0
VERTEX
8
L4
10
26.946107784431135
20
-56.841467065868265
0
VERTEX
8
L4
10
26.95589724884765
20
-56.840825430471305
0
VERTEX
8
L4
10
26.965519212813817
20
-56.83891150283995
0
VERTEX
8
L4
10
26.974809041858506
20
-56.835758030806616
0
VERTEX
8
L4
10
26.98360778443113
20
-56.831418971152104
0
VERTEX
8
L4
10
26.991764891606792
20
-56.82596856639011
0
VERTEX
8
L4
10
26.999140793020118
20
-56.81950007445726
0
VERTEX
8
L4
10
27.005609284952968
20
-56.81212417304392
0
VERTEX
8
L4
10
27.01105968971497
20
-56.80396706586827
0
VERTEX
8
L4
10
27.01539874936948
20
-56.79516832329565
0
VERTEX
8
L4
10
27.018552221402828
20
-56.78587849425096
0
VERTEX
8
L4
10
27.020466149034164
20
-56.77625653028477
0
VERTEX
8
L4
10
27.021107784431123
20
-56.76646706586827
0
VERTEX
8
L4
10
27.020466149034164
20
-56.75667760145176
0
VERTEX
8
L4
10
27.018552221402828
20
-56.74705563748558
0
VERTEX
8
L4
10
27.01539874936948
20
-56.737765808440884
0
VERTEX
8
L4
10
27.01105968971497
20
-56.72896706586827
0
VERTEX
8
L4
10
27.005609284952968
20
-56.72080995869261
0
VERTEX
8
L4
10
26.999140793020118
20
-56.71343405727928
0
VERTEX
8
L4
10
26.991764891606792
20
-56.70696556534643
0
VERTEX
8
L4
10
26.98360778443113
20
-56.701515160584435
0
VERTEX
8
L4
10
26.974809041858506
20
-56.69717610092992
0
VERTEX
8
L4
10
26.965519212813817
20
-56.69402262889659
0
VERTEX
8
L4
10
26.95589724884765
20
-56.692108701265234
0
VERTEX
8
L4
10
26.946107784431135
20
-56.69146706586827
0
SEQEND
0
POLYLINE
8
L4
66
1
70
1
0
VERTEX
8
L4
10
30.718562874251504
20
-53.577694610778444
0
VERTEX
8
L4
10
30.70877340983499
20
-53.57833624617541
0
VERTEX
8
L4
10
30.69915144586882
20
-53.58025017380676
0
VERTEX
8
L4
10
30.689861616824132
20
-53.5834036458401
0
VERTEX
8
L4
10
30.68106287425151
20
-53.58774270549461
0
VERTEX
8
L4
10
30.672905767075846
20
-53.5931931102566
0
VERTEX
8
L4
10
30.66552986566252
20
-53.59966160218946
0
VERTEX
8
L4
10
30.65906137372967
20
-53.60703750360279
0
VERTEX
8
L4
10
30.65361096896767
20
-53.615194610778445
0
VERTEX
8
L4
10
30.649271909313157
20
-53.62399335335106
0
VERTEX
8
L4
10
30.64611843727981
20
-53.63328318239576
0
VERTEX
8
L4
10
30.644204509648475
20
-53.64290514636194
0
VERTEX
8
L4
10
30.643562874251515
20
-53.65269461077845
0
VERTEX
8
L4
10
30.644204509648475
20
-53.662484075194946
0
VERTEX
8
L4
10
30.64611843727981
20
-53.672106039161136
0
VERTEX
8
L4
10
30.649271909313157
20
-53.681395868205826
0
VERTEX
8
L4
10
30.65361096896767
20
-53.69019461077844
0
VERTEX
8
L4
10
30.65906137372967
20
-53.6983517179541
0
VERTEX
8
L4
10
30.66552986566252
20
-53.70572761936744
0
VERTEX
8
L4
10
30.672905767075846
20
-53.71219611130029
0
VERTEX
8
L4
10
30.68106287425151
20
-53.717646516062274
0
VERTEX
8
L4
10
30.689861616824132
20
-53.72198557571679
0
VERTEX
8
L4
10
30.69915144586882
20
-53.725139047750126
0
VERTEX
8
L4
10
30.70877340983499
20
-53.72705297538148
0
VERTEX
8
L4
10
30.718562874251504
20
-53.72769461077844
0
VERTEX
8
L4
10
30.728352338668017
20
-53.72705297538148
0
VERTEX
8
L4
10
30.737974302634186
20
-53.725139047750126
0
VERTEX
8
L4
10
30.747264131678875
20
-53.72198557571679
0
VERTEX
8
L4
10
30.756062874251498
20
-53.717646516062274
0
VERTEX
8
L4
10
30.76421998142716
20
-53.71219611130029
0
VERTEX
8
L4
10
30.771595882840487
20
-53.70572761936744
0
VERTEX
8
L4
10
30.778064374773336
20
-53.6983517179541
0
VERTEX
8
L4
10
30.783514779535338
20
-53.69019461077844
0
VERTEX
8
L4
10
30.78785383918985
20
-53.681395868205826
0
VERTEX
8
L4
10
30.79100731122317
20
-53.672106039161136
0
VERTEX
8
L4
10
30.792921238854532
20
-53.662484075194946
0
VERTEX
8
L4
10
30.793562874251492
20
-53.65269461077845
0
VERTEX
8
L4
10
30.792921238854532
20
-53.64290514636194
0
VERTEX
8
L4
10
30.79100731122317
20
-53.63328318239576
0
VERTEX
8
L4
10
30.78785383918985
20
-53.62399335335106
0
VERTEX
8
L4
10
30.783514779535338
20
-53.615194610778445
0
VERTEX
8
L4
10
30.778064374773336
20
-53.60703750360279
0
VERTEX
8
L4
10
30.771595882840487
20
-53.59966160218946
0
VERTEX
8
L4
10
30.76421998142716
20
-53.5931931102566
0
VERTEX
8
L4
10
30.756062874251498
20
-53.58774270549461
0
VERTEX
8
L4
10
30.747264131678875
20
-53.5834036458401
0
VERTEX
8
L4
10
30.737974302634186
20
-53.58025017380677
0
VERTEX
8
L4
10
30.728352338668017
20
-53.57833624617541
0
VERTEX
8
L4
10
30.718562874251504
20
-53.577694610778444
0
SEQEND
0
POLYLINE
8
L4
66
1
70
1
0
VERTEX
8
L4
10
26.946107784431135
20
-55.73338323353294
0
VERTEX
8
L4
10
26.93631832001462
20
-55.7340248689299
0
VERTEX
8
L4
10
26.926696356048453
20
-55.73593879656126
0
VERTEX
8
L4
10
26.917406527003763
20
-55.73909226859459
0
VERTEX
8
L4
10
26.90860778443114
20
-55.7434313282491
0
VERTEX
8
L4
10
26.900450677255478
20
-55.748881733011096
0
VERTEX
8
L4
10
26.893074775842152
20
-55.755350224943946
0
VERTEX
8
L4
10
26.886606283909302
20
-55.762726126357286
0
VERTEX
8
L4
10
26.8811558791473
20
-55.770883233532935
0
VERTEX
8
L4
10
26.876816819492788
20
-55.77968197610556
0
VERTEX
8
L4
10
26.87366334745944
20
-55.78897180515025
0
VERTEX
8
L4
10
26.871749419828106
20
-55.79859376911644
0
VERTEX
8
L4
10
26.871107784431146
20
-55.808383233532936
0
VERTEX
8
L4
10
26.871749419828106
20
-55.81817269794944
0
VERTEX
8
L4
10
26.87366334745944
20
-55.827794661915625
0
VERTEX
8
L4
10
26.876816819492788
20
-55.83708449096032
0
VERTEX
8
L4
10
26.8811558791473
20
-55.84588323353294
0
VERTEX
8
L4
10
26.886606283909302
20
-55.85404034070859
0
VERTEX
8
L4
10
26.893074775842152
20
-55.861416242121926
0
VERTEX
8
L4
10
26.900450677255478
20
-55.86788473405478
0
VERTEX
8
L4
10
26.90860778443114
20
-55.87333513881677
0
VERTEX
8
L4
10
26.917406527003763
20
-55.87767419847128
0
VERTEX
8
L4
10
26.926696356048453
20
-55.880827670504615
0
VERTEX
8
L4
10
26.93631832001462
20
-55.88274159813597
0
VERTEX
8
L4
10
26.946107784431135
20
-55.88338323353294
0
VERTEX
8
L4
10
26.95589724884765
20
-55.88274159813597
0
VERTEX
8
L4
10
26.965519212813817
20
-55.880827670504615
0
VERTEX
8
L4
10
26.974809041858506
20
-55.87767419847128
0
VERTEX
8
L4
10
26.98360778443113
20
-55.87333513881677
0
VERTEX
8
L4
10
26.991764891606792
20
-55.86788473405478
0
VERTEX
8
L4
10
26.999140793020118
20
-55.861416242121926
0
VERTEX
8
L4
10
27.005609284952968
20
-55.85404034070859
0
VERTEX
8
L4
10
27.01105968971497
20
-55.84588323353294
0
VERTEX
8
L4
10
27.01539874936948
20
-55.83708449096032
0
VERTEX
8
L4
10
27.018552221402828
20
-55.827794661915625
0
VERTEX
8
L4
10
27.020466149034164
20
-55.81817269794944
0
VERTEX
8
L4
10
27.021107784431123
20
-55.808383233532936
0
VERTEX
8
L4
10
27.020466149034164
20
-55.79859376911644
0
VERTEX
8
L4
10
27.018552221402828
20
-55.78897180515025
0
VERTEX
8
L4
10
27.01539874936948
20
-55.77968197610556
0
VERTEX
8
L4
10
27.01105968971497
20
-55.770883233532935
0
VERTEX
8
L4
10
27.005609284952968
20
-55.762726126357286
0
VERTEX
8
L4
10
26.999140793020118
20
-55.755350224943946
0
VERTEX
8
L4
10
26.991764891606792
20
-55.748881733011096
0
VERTEX
8
L4
10
26.98360778443113
20
-55.7434313282491
0
VERTEX
8
L4
10
26.974809041858506
20
-55.73909226859459
0
VERTEX
8
L4
10
26.965519212813817
20
-55.73593879656126
0
VERTEX
8
L4
10
26.95589724884765
20
-55.7340248689299
0
VERTEX
8
L4
10
26.946107784431135
20
-55.73338323353294
0
SEQEND
0
POLYLINE
8
L4
66
1
70
1
0
VERTEX
8
L4
10
26.946107784431135
20
-54.77529940119761
0
VERTEX
8
L4
10
26.93631832001462
20
-54.775941036594574
0
VERTEX
8
L4
10
26.926696356048453
20
-54.77785496422593
0
VERTEX
8
L4
10
26.917406527003763
20
-54.78100843625926
0
VERTEX
8
L4
10
26.90860778443114
20
-54.785347495913776
0
VERTEX
8
L4
10
26.900450677255478
20
-54.79079790067576
0
VERTEX
8
L4
10
26.893074775842152
20
-54.79726639260862
0
VERTEX
8
L4
10
26.886606283909302
20
-54.80464229402195
0
VERTEX
8
L4
10
26.8811558791473
20
-54.81279940119761
0
VERTEX
8
L4
10
26.876816819492788
20
-54.821598143770224
0
VERTEX
8
L4
10
26.87366334745944
20
-54.83088797281492
0
VERTEX
8
L4
10
26.871749419828106
20
-54.8405099367811
0
VERTEX
8
L4
10
26.871107784431146
20
-54.85029940119761
0
VERTEX
8
L4
10
26.871749419828106
20
-54.86008886561411
0
VERTEX
8
L4
10
26.87366334745944
20
-54.8697108295803
0
VERTEX
8
L4
10
26.876816819492788
20
-54.87900065862499
0
VERTEX
8
L4
10
26.8811558791473
20
-54.887799401197604
0
VERTEX
8
L4
10
26.886606283909302
20
-54.89595650837326
0
VERTEX
8
L4
10
26.893074775842152
20
-54.9033324097866
0
VERTEX
8
L4
10
26.900450677255478
20
-54.90980090171945
0
VERTEX
8
L4
10
26.90860778443114
20
-54.91525130648144
0
VERTEX
8
L4
10
26.917406527003763
20
-54.91959036613596
0
VERTEX
8
L4
10
26.926696356048453
20
-54.92274383816929
0
VERTEX
8
L4
10
26.93631832001462
20
-54.924657765800646
0
VERTEX
8
L4
10
26.946107784431135
20
-54.925299401197606
0
VERTEX
8
L4
10
26.95589724884765
20
-54.924657765800646
0
VERTEX
8
L4
10
26.965519212813817
20
-54.92274383816929
0
VERTEX
8
L4
10
26.974809041858506
20
-54.91959036613596
0
VERTEX
8
L4
10
26.98360778443113
20
-54.91525130648144
0
VERTEX
8
L4
10
26.991764891606792
20
-54.90980090171945
0
VERTEX
8
L4
10
26.999140793020118
20
-54.9033324097866
0
VERTEX
8
L4
10
27.005609284952968
20
-54.89595650837326
0
VERTEX
8
L4
10
27.01105968971497
20
-54.887799401197604
0
VERTEX
8
L4
10
27.01539874936948
20
-54.87900065862499
0
VERTEX
8
L4
10
27.018552221402828
20
-54.8697108295803
0
VERTEX
8
L4
10
27.020466149034164
20
-54.86008886561411
0
VERTEX
8
L4
10
27.021107784431123
20
-54.85029940119761
0
VERTEX
8
L4
10
27.020466149034164
20
-54.8405099367811
0
VERTEX
8
L4
10
27.018552221402828
20
-54.83088797281492
0
VERTEX
8
L4
10
27.01539874936948
20
-54.821598143770224
0
VERTEX
8
L4
10
27.01105968971497
20
-54.81279940119761
0
VERTEX
8
L4
10
27.005609284952968
20
-54.80464229402195
0
VERTEX
8
L4
10
26.999140793020118
20
-54.79726639260862
0
VERTEX
8
L4
10
26.991764891606792
20
-54.79079790067576
0
VERTEX
8
L4
10
26.98360778443113
20
-54.785347495913776
0
VERTEX
8
L4
10
26.974809041858506
20
-54.78100843625926
0
VERTEX
8
L4
10
26.965519212813817
20
-54.77785496422593
0
VERTEX
8
L4
10
26.95589724884765
20
-54.775941036594574
0
VERTEX
8
L4
10
26.946107784431135
20
-54.77529940119761
0
SEQEND
0
POLYLINE
8
L4
66
1
70
1
0
VERTEX
8
L4
10
31.077844311377262
20
-55.61362275449102
0
VERTEX
8
L4
10
31.06805484696075
20
-55.614264389887985
0
VERTEX
8
L4
10
31.058432882994552
20
-55.61617831751934
0
VERTEX
8
L4
10
31.049143053949862
20
-55.619331789552675
0
VERTEX
8
L4
10
31.04034431137724
20
-55.62367084920719
0
VERTEX
8
L4
10
31.032187204201605
20
-55.62912125396918
0
VERTEX
8
L4
10
31.02481130278825
20
-55.63558974590203
0
VERTEX
8
L4
10
31.0183428108554
20
-55.642965647315364
0
VERTEX
8
L4
10
31.012892406093428
20
-55.65112275449102
0
VERTEX
8
L4
10
31.008553346438916
20
-55.65992149706364
0
VERTEX
8
L4
10
31.00539987440557
20
-55.66921132610833
0
VERTEX
8
L4
10
31.003485946774205
20
-55.678833290074515
0
VERTEX
8
L4
10
31.002844311377245
20
-55.68862275449102
0
VERTEX
8
L4
10
31.003485946774205
20
-55.69841221890753
0
VERTEX
8
L4
10
31.00539987440557
20
-55.70803418287371
0
VERTEX
8
L4
10
31.008553346438916
20
-55.7173240119184
0
VERTEX
8
L4
10
31.012892406093428
20
-55.72612275449102
0
VERTEX
8
L4
10
31.0183428108554
20
-55.73427986166668
0
VERTEX
8
L4
10
31.02481130278825
20
-55.74165576308001
0
VERTEX
8
L4
10
31.032187204201605
20
-55.74812425501286
0
VERTEX
8
L4
10
31.04034431137724
20
-55.753574659774856
0
VERTEX
8
L4
10
31.049143053949862
20
-55.75791371942937
0
VERTEX
8
L4
10
31.058432882994552
20
-55.7610671914627
0
VERTEX
8
L4
10
31.06805484696075
20
-55.76298111909406
0
VERTEX
8
L4
10
31.077844311377262
20
-55.763622754491024
0
VERTEX
8
L4
10
31.087633775793748
20
-55.76298111909406
0
VERTEX
8
L4
10
31.097255739759945
20
-55.7610671914627
0
VERTEX
8
L4
10
31.106545568804634
20
-55.75791371942937
0
VERTEX
8
L4
10
31.115344311377257
20
-55.753574659774856
0
VERTEX
8
L4
10
31.12350141855289
20
-55.74812425501286
0
VERTEX
8
L4
10
31.130877319966245
20
-55.74165576308001
0
VERTEX
8
L4
10
31.137345811899095
20
-55.73427986166668
0
VERTEX
8
L4
10
31.142796216661097
20
-55.72612275449102
0
VERTEX
8
L4
10
31.14713527631561
20
-55.7173240119184
0
VERTEX
8
L4
10
31.150288748348927
20
-55.70803418287371
0
VERTEX
8
L4
10
31.15220267598029
20
-55.69841221890753
0
VERTEX
8
L4
10
31.15284431137725
20
-55.68862275449102
0
VERTEX
8
L4
10
31.15220267598029
20
-55.678833290074515
0
VERTEX
8
L4
10
31.150288748348927
20
-55.66921132610833
0
VERTEX
8
L4
10
31.14713527631561
20
-55.65992149706364
0
VERTEX
8
L4
10
31.142796216661097
20
-55.65112275449102
0
VERTEX
8
L4
10
31.137345811899095
20
-55.642965647315364
0
VERTEX
8
L4
10
31.130877319966245
20
-55.63558974590203
0
VERTEX
8
L4
10
31.12350141855289
20
-55.62912125396918
0
VERTEX
8
L4
10
31.115344311377257
20
-55.62367084920719
0
VERTEX
8
L4
10
31.106545568804634
20
-55.619331789552675
0
VERTEX
8
L4
10
31.097255739759945
20
-55.61617831751934
0
VERTEX
8
L4
10
31.087633775793748
20
-55.614264389887985
0
VERTEX
8
L4
10
31.077844311377262
20
-55.61362275449102
0
SEQEND
0
POLYLINE
8
L4
66
1
70
1
0
VERTEX
8
L4
10
26.946107784431135
20
-53.81721556886228
0
VERTEX
8
L4
10
26.93631832001462
20
-53.81785720425924
0
VERTEX
8
L4
10
26.926696356048453
20
-53.8197711318906
0
VERTEX
8
L4
10
26.917406527003763
20
-53.82292460392393
0
VERTEX
8
L4
10
26.90860778443114
20
-53.82726366357844
0
VERTEX
8
L4
10
26.900450677255478
20
-53.83271406834044
0
VERTEX
8
L4
10
26.893074775842152
20
-53.83918256027329
0
VERTEX
8
L4
10
26.886606283909302
20
-53.84655846168663
0
VERTEX
8
L4
10
26.8811558791473
20
-53.854715568862275
0
VERTEX
8
L4
10
26.876816819492788
20
-53.8635143114349
0
VERTEX
8
L4
10
26.87366334745944
20
-53.87280414047959
0
VERTEX
8
L4
10
26.871749419828106
20
-53.88242610444578
0
VERTEX
8
L4
10
26.871107784431146
20
-53.89221556886228
0
VERTEX
8
L4
10
26.871749419828106
20
-53.90200503327878
0
VERTEX
8
L4
10
26.87366334745944
20
-53.911626997244966
0
VERTEX
8
L4
10
26.876816819492788
20
-53.92091682628966
0
VERTEX
8
L4
10
26.8811558791473
20
-53.92971556886228
0
VERTEX
8
L4
10
26.886606283909302
20
-53.937872676037934
0
VERTEX
8
L4
10
26.893074775842152
20
-53.94524857745127
0
VERTEX
8
L4
10
26.900450677255478
20
-53.951717069384124
0
VERTEX
8
L4
10
26.90860778443114
20
-53.95716747414611
0
VERTEX
8
L4
10
26.917406527003763
20
-53.96150653380062
0
VERTEX
8
L4
10
26.926696356048453
20
-53.964660005833956
0
VERTEX
8
L4
10
26.93631832001462
20
-53.96657393346531
0
VERTEX
8
L4
10
26.946107784431135
20
-53.96721556886228
0
VERTEX
8
L4
10
26.95589724884765
20
-53.96657393346531
0
VERTEX
8
L4
10
26.965519212813817
20
-53.964660005833956
0
VERTEX
8
L4
10
26.974809041858506
20
-53.96150653380062
0
VERTEX
8
L4
10
26.98360778443113
20
-53.95716747414611
0
VERTEX
8
L4
10
26.991764891606792
20
-53.951717069384124
0
VERTEX
8
L4
10
26.999140793020118
20
-53.94524857745127
0
VERTEX
8
L4
10
27.005609284952968
20
-53.937872676037934
0
VERTEX
8
L4
10
27.01105968971497
20
-53.92971556886228
0
VERTEX
8
L4
10
27.01539874936948
20
-53.92091682628966
0
VERTEX
8
L4
10
27.018552221402828
20
-53.911626997244966
0
VERTEX
8
L4
10
27.020466149034164
20
-53.90200503327878
0
VERTEX
8
L4
10
27.021107784431123
20
-53.89221556886228
0
VERTEX
8
L4
10
27.020466149034164
20
-53.88242610444578
0
VERTEX
8
L4
10
27.018552221402828
20
-53.87280414047959
0
VERTEX
8
L4
10
27.01539874936948
20
-53.8635143114349
0
VERTEX
8
L4
10
27.01105968971497
20
-53.854715568862275
0
VERTEX
8
L4
10
27.005609284952968
20
-53.84655846168663
0
VERTEX
8
L4
10
26.999140793020118
20
-53.83918256027329
0
VERTEX
8
L4
10
26.991764891606792
20
-53.83271406834044
0
VERTEX
8
L4
10
26.98360778443113
20
-53.82726366357844
0
VERTEX
8
L4
10
26.974809041858506
20
-53.82292460392393
0
VERTEX
8
L4
10
26.965519212813817
20
-53.8197711318906
0
VERTEX
8
L4
10
26.95589724884765
20
-53.81785720425924
0
VERTEX
8
L4
10
26.946107784431135
20
-53.81721556886228
0
SEQEND
0
POLYLINE
8
L4
66
1
70
1
0
VERTEX
8
L4
10
26.946107784431135
20
-53.338173652694614
0
VERTEX
8
L4
10
26.93631832001462
20
-53.338815288091574
0
VERTEX
8
L4
10
26.926696356048453
20
-53.34072921572293
0
VERTEX
8
L4
10
26.917406527003763
20
-53.34388268775626
0
VERTEX
8
L4
10
26.90860778443114
20
-53.348221747410776
0
VERTEX
8
L4
10
26.900450677255478
20
-53.35367215217277
0
VERTEX
8
L4
10
26.893074775842152
20
-53.36014064410562
0
VERTEX
8
L4
10
26.886606283909302
20
-53.36751654551896
0
VERTEX
8
L4
10
26.8811558791473
20
-53.37567365269461
0
VERTEX
8
L4
10
26.876816819492788
20
-53.38447239526723
0
VERTEX
8
L4
10
26.87366334745944
20
-53.39376222431192
0
VERTEX
8
L4
10
26.871749419828106
20
-53.40338418827811
0
VERTEX
8
L4
10
26.871107784431146
20
-53.41317365269461
0
VERTEX
8
L4
10
26.871749419828106
20
-53.42296311711112
0
VERTEX
8
L4
10
26.87366334745944
20
-53.4325850810773
0
VERTEX
8
L4
10
26.876816819492788
20
-53.441874910121996
0
VERTEX
8
L4
10
26.8811558791473
20
-53.45067365269461
0
VERTEX
8
L4
10
26.886606283909302
20
-53.45883075987027
0
VERTEX
8
L4
10
26.893074775842152
20
-53.4662066612836
0
VERTEX
8
L4
10
26.900450677255478
20
-53.47267515321646
0
VERTEX
8
L4
10
26.90860778443114
20
-53.478125557978444
0
VERTEX
8
L4
10
26.917406527003763
20
-53.48246461763296
0
VERTEX
8
L4
10
26.926696356048453
20
-53.48561808966629
0
VERTEX
8
L4
10
26.93631832001462
20
-53.487532017297646
0
VERTEX
8
L4
10
26.946107784431135
20
-53.48817365269461
0
VERTEX
8
L4
10
26.95589724884765
20
-53.487532017297646
0
VERTEX
8
L4
10
26.965519212813817
20
-53.48561808966629
0
VERTEX
8
L4
10
26.974809041858506
20
-53.48246461763296
0
VERTEX
8
L4
10
26.98360778443113
20
-53.478125557978444
0
VERTEX
8
L4
10
26.991764891606792
20
-53.47267515321646
0
VERTEX
8
L4
10
26.999140793020118
20
-53.4662066612836
0
VERTEX
8
L4
10
27.005609284952968
20
-53.45883075987027
0
VERTEX
8
L4
10
27.01105968971497
20
-53.45067365269461
0
VERTEX
8
L4
10
27.01539874936948
20
-53.441874910121996
0
VERTEX
8
L4
10
27.018552221402828
20
-53.4325850810773
0
VERTEX
8
L4
10
27.020466149034164
20
-53.42296311711112
0
VERTEX
8
L4
10
27.021107784431123
20
-53.41317365269461
0
VERTEX
8
L4
10
27.020466149034164
20
-53.40338418827811
0
VERTEX
8
L4
10
27.018552221402828
20
-53.39376222431192
0
VERTEX
8
L4
10
27.01539874936948
20
-53.38447239526723
0
VERTEX
8
L4
10
27.01105968971497
20
-53.37567365269461
0
VERTEX
8
L4
10
27.005609284952968
20
-53.36751654551896
0
VERTEX
8
L4
10
26.999140793020118
20
-53.36014064410562
0
VERTEX
8
L4
10
26.991764891606792
20
-53.35367215217277
0
VERTEX
8
L4
10
26.98360778443113
20
-53.348221747410776
0
VERTEX
8
L4
10
26.974809041858506
20
-53.34388268775626
0
VERTEX
8
L4
10
26.965519212813817
20
-53.34072921572293
0
VERTEX
8
L4
10
26.95589724884765
20
-53.338815288091574
0
VERTEX
8
L4
10
26.946107784431135
20
-53.338173652694614
0
SEQEND
0
POLYLINE
8
L4
66
1
70
1
0
VERTEX
8
L4
10
28.802395209580837
20
-53.577694610778444
0
VERTEX
8
L4
10
28.792605745164323
20
-53.57833624617541
0
VERTEX
8
L4
10
28.782983781198155
20
-53.58025017380676
0
VERTEX
8
L4
10
28.773693952153465
20
-53.5834036458401
0
VERTEX
8
L4
10
28.764895209580843
20
-53.58774270549461
0
VERTEX
8
L4
10
28.75673810240518
20
-53.5931931102566
0
VERTEX
8
L4
10
28.749362200991854
20
-53.59966160218946
0
VERTEX
8
L4
10
28.742893709059004
20
-53.60703750360279
0
VERTEX
8
L4
10
28.737443304297003
20
-53.615194610778445
0
VERTEX
8
L4
10
28.73310424464249
20
-53.62399335335106
0
VERTEX
8
L4
10
28.729950772609172
20
-53.63328318239576
0
VERTEX
8
L4
10
28.728036844977808
20
-53.64290514636194
0
VERTEX
8
L4
10
28.72739520958085
20
-53.65269461077845
0
VERTEX
8
L4
10
28.728036844977808
20
-53.662484075194946
0
VERTEX
8
L4
10
28.729950772609172
20
-53.672106039161136
0
VERTEX
8
L4
10
28.73310424464249
20
-53.681395868205826
0
VERTEX
8
L4
10
28.737443304297003
20
-53.69019461077844
0
VERTEX
8
L4
10
28.742893709059004
20
-53.6983517179541
0
VERTEX
8
L4
10
28.749362200991854
20
-53.70572761936744
0
VERTEX
8
L4
10
28.75673810240518
20
-53.71219611130029
0
VERTEX
8
L4
10
28.764895209580843
20
-53.717646516062274
0
VERTEX
8
L4
10
28.773693952153465
20
-53.72198557571679
0
VERTEX
8
L4
10
28.782983781198155
20
-53.725139047750126
0
VERTEX
8
L4
10
28.792605745164323
20
-53.72705297538148
0
VERTEX
8
L4
10
28.802395209580837
20
-53.72769461077844
0
VERTEX
8
L4
10
28.81218467399735
20
-53.72705297538148
0
VERTEX
8
L4
10
28.82180663796352
20
-53.725139047750126
0
VERTEX
8
L4
10
28.83109646700821
20
-53.72198557571679
0
VERTEX
8
L4
10
28.83989520958083
20
-53.717646516062274
0
VERTEX
8
L4
10
28.848052316756494
20
-53.71219611130029
0
VERTEX
8
L4
10
28.85542821816982
20
-53.70572761936744
0
VERTEX
8
L4
10
28.86189671010267
20
-53.6983517179541
0
VERTEX
8
L4
10
28.86734711486467
20
-53.69019461077844
0
VERTEX
8
L4
10
28.871686174519184
20
-53.681395868205826
0
VERTEX
8
L4
10
28.87483964655253
20
-53.672106039161136
0
VERTEX
8
L4
10
28.876753574183866
20
-53.662484075194946
0
VERTEX
8
L4
10
28.877395209580826
20
-53.65269461077845
0
VERTEX
8
L4
10
28.876753574183866
20
-53.64290514636194
0
VERTEX
8
L4
10
28.87483964655253
20
-53.63328318239576
0
VERTEX
8
L4
10
28.871686174519184
20
-53.62399335335106
0
VERTEX
8
L4
10
28.86734711486467
20
-53.615194610778445
0
VERTEX
8
L4
10
28.86189671010267
20
-53.60703750360279
0
VERTEX
8
L4
10
28.85542821816982
20
-53.59966160218946
0
VERTEX
8
L4
10
28.848052316756494
20
-53.5931931102566
0
VERTEX
8
L4
10
28.83989520958083
20
-53.58774270549461
0
VERTEX
8
L4
10
28.83109646700821
20
-53.5834036458401
0
VERTEX
8
L4
10
28.82180663796352
20
-53.58025017380677
0
VERTEX
8
L4
10
28.81218467399735
20
-53.57833624617541
0
VERTEX
8
L4
10
28.802395209580837
20
-53.577694610778444
0
SEQEND
0
POLYLINE
8
L4
66
1
70
1
0
VERTEX
8
L4
10
26.946107784431135
20
-54.29625748502994
0
VERTEX
8
L4
10
26.93631832001462
20
-54.29689912042691
0
VERTEX
8
L4
10
26.926696356048453
20
-54.298813048058264
0
VERTEX
8
L4
10
26.917406527003763
20
-54.3019665200916
0
VERTEX
8
L4
10
26.90860778443114
20
-54.30630557974611
0
VERTEX
8
L4
10
26.900450677255478
20
-54.311755984508096
0
VERTEX
8
L4
10
26.893074775842152
20
-54.31822447644095
0
VERTEX
8
L4
10
26.886606283909302
20
-54.325600377854286
0
VERTEX
8
L4
10
26.8811558791473
20
-54.33375748502994
0
VERTEX
8
L4
10
26.876816819492788
20
-54.34255622760256
0
VERTEX
8
L4
10
26.87366334745944
20
-54.351846056647254
0
VERTEX
8
L4
10
26.871749419828106
20
-54.36146802061344
0
VERTEX
8
L4
10
26.871107784431146
20
-54.37125748502994
0
VERTEX
8
L4
10
26.871749419828106
20
-54.38104694944644
0
VERTEX
8
L4
10
26.87366334745944
20
-54.39066891341263
0
VERTEX
8
L4
10
26.876816819492788
20
-54.39995874245732
0
VERTEX
8
L4
10
26.8811558791473
20
-54.408757485029945
0
VERTEX
8
L4
10
26.886606283909302
20
-54.41691459220559
0
VERTEX
8
L4
10
26.893074775842152
20
-54.42429049361893
0
VERTEX
8
L4
10
26.900450677255478
20
-54.43075898555178
0
VERTEX
8
L4
10
26.90860778443114
20
-54.43620939031378
0
VERTEX
8
L4
10
26.917406527003763
20
-54.44054844996829
0
VERTEX
8
L4
10
26.926696356048453
20
-54.44370192200162
0
VERTEX
8
L4
10
26.93631832001462
20
-54.44561584963298
0
VERTEX
8
L4
10
26.946107784431135
20
-54.44625748502994
0
VERTEX
8
L4
10
26.95589724884765
20
-54.44561584963298
0
VERTEX
8
L4
10
26.965519212813817
20
-54.44370192200162
0
VERTEX
8
L4
10
26.974809041858506
20
-54.44054844996829
0
VERTEX
8
L4
10
26.98360778443113
20
-54.43620939031378
0
VERTEX
8
L4
10
26.991764891606792
20
-54.43075898555178
0
VERTEX
8
L4
10
26.999140793020118
20
-54.42429049361893
0
VERTEX
8
L4
10
27.005609284952968
20
-54.41691459220559
0
VERTEX
8
L4
10
27.01105968971497
20
-54.408757485029945
0
VERTEX
8
L4
10
27.01539874936948
20
-54.39995874245732
0
VERTEX
8
L4
10
27.018552221402828
20
-54.39066891341263
0
VERTEX
8
L4
10
27.020466149034164
20
-54.38104694944644
0
VERTEX
8
L4
10
27.021107784431123
20
-54.37125748502994
0
VERTEX
8
L4
10
27.020466149034164
20
-54.36146802061344
0
VERTEX
8
L4
10
27.018552221402828
20
-54.351846056647254
0
VERTEX
8
L4
10
27.01539874936948
20
-54.34255622760256
0
VERTEX
8
L4
10
27.01105968971497
20
-54.33375748502994
0
VERTEX
8
L4
10
27.005609284952968
20
-54.325600377854286
0
VERTEX
8
L4
10
26.999140793020118
20
-54.31822447644095
0
VERTEX
8
L4
10
26.991764891606792
20
-54.311755984508096
0
VERTEX
8
L4
10
26.98360778443113
20
-54.30630557974611
0
VERTEX
8
L4
10
26.974809041858506
20
-54.3019665200916
0
VERTEX
8
L4
10
26.965519212813817
20
-54.298813048058264
0
VERTEX
8
L4
10
26.95589724884765
20
-54.29689912042691
0
VERTEX
8
L4
10
26.946107784431135
20
-54.29625748502994
0
SEQEND
0
POLYLINE
8
L4
66
1
70
1
0
VERTEX
8
L4
10
28.802395209580837
20
-53.14056886227545
0
VERTEX
8
L4
10
28.792605745164323
20
-53.14121049767241
0
VERTEX
8
L4
10
28.782983781198155
20
-53.14312442530377
0
VERTEX
8
L4
10
28.773693952153465
20
-53.1462778973371
0
VERTEX
8
L4
10
28.764895209580843
20
-53.15061695699162
0
VERTEX
8
L4
10
28.75673810240518
20
-53.15606736175361
0
VERTEX
8
L4
10
28.749362200991854
20
-53.16253585368646
0
VERTEX
8
L4
10
28.742893709059004
20
-53.1699117550998
0
VERTEX
8
L4
10
28.737443304297003
20
-53.17806886227545
0
VERTEX
8
L4
10
28.73310424464249
20
-53.18686760484807
0
VERTEX
8
L4
10
28.729950772609172
20
-53.196157433892765
0
VERTEX
8
L4
10
28.728036844977808
20
-53.20577939785895
0
VERTEX
8
L4
10
28.72739520958085
20
-53.21556886227545
0
VERTEX
8
L4
10
28.728036844977808
20
-53.22535832669195
0
VERTEX
8
L4
10
28.729950772609172
20
-53.234980290658136
0
VERTEX
8
L4
10
28.73310424464249
20
-53.24427011970283
0
VERTEX
8
L4
10
28.737443304297003
20
-53.25306886227545
0
VERTEX
8
L4
10
28.742893709059004
20
-53.261225969451104
0
VERTEX
8
L4
10
28.749362200991854
20
-53.268601870864444
0
VERTEX
8
L4
10
28.75673810240518
20
-53.275070362797294
0
VERTEX
8
L4
10
28.764895209580843
20
-53.28052076755928
0
VERTEX
8
L4
10
28.773693952153465
20
-53.28485982721379
0
VERTEX
8
L4
10
28.782983781198155
20
-53.28801329924713
0
VERTEX
8
L4
10
28.792605745164323
20
-53.28992722687848
0
VERTEX
8
L4
10
28.802395209580837
20
-53.29056886227545
0
VERTEX
8
L4
10
28.81218467399735
20
-53.28992722687848
0
VERTEX
8
L4
10
28.82180663796352
20
-53.28801329924713
0
VERTEX
8
L4
10
28.83109646700821
20
-53.28485982721379
0
VERTEX
8
L4
10
28.83989520958083
20
-53.28052076755928
0
VERTEX
8
L4
10
28.848052316756494
20
-53.275070362797294
0
VERTEX
8
L4
10
28.85542821816982
20
-53.268601870864444
0
VERTEX
8
L4
10
28.86189671010267
20
-53.261225969451104
0
VERTEX
8
L4
10
28.86734711486467
20
-53.25306886227545
0
VERTEX
8
L4
10
28.871686174519184
20
-53.24427011970283
0
VERTEX
8
L4
10
28.87483964655253
20
-53.234980290658136
0
VERTEX
8
L4
10
28.876753574183866
20
-53.22535832669195
0
VERTEX
8
L4
10
28.877395209580826
20
-53.21556886227545
0
VERTEX
8
L4
10
28.876753574183866
20
-53.20577939785895
0
VERTEX
8
L4
10
28.87483964655253
20
-53.196157433892765
0
VERTEX
8
L4
10
28.871686174519184
20
-53.18686760484807
0
VERTEX
8
L4
10
28.86734711486467
20
-53.17806886227545
0
VERTEX
8
L4
10
28.86189671010267
20
-53.1699117550998
0
VERTEX
8
L4
10
28.85542821816982
20
-53.16253585368646
0
VERTEX
8
L4
10
28.848052316756494
20
-53.15606736175361
0
VERTEX
8
L4
10
28.83989520958083
20
-53.15061695699162
0
VERTEX
8
L4
10
28.83109646700821
20
-53.1462778973371
0
VERTEX
8
L4
10
28.82180663796352
20
-53.14312442530377
0
VERTEX
8
L4
10
28.81218467399735
20
-53.14121049767241
0
VERTEX
8
L4
10
28.802395209580837
20
-53.14056886227545
0
SEQEND
0
POLYLINE
8
L4
66
1
70
1
0
VERTEX
8
L4
10
26.946107784431135
20
-55.254341317365274
0
VERTEX
8
L4
10
26.93631832001462
20
-55.254982952762234
0
VERTEX
8
L4
10
26.926696356048453
20
-55.25689688039359
0
VERTEX
8
L4
10
26.917406527003763
20
-55.26005035242692
0
VERTEX
8
L4
10
26.90860778443114
20
-55.26438941208144
0
VERTEX
8
L4
10
26.900450677255478
20
-55.26983981684343
0
VERTEX
8
L4
10
26.893074775842152
20
-55.27630830877628
0
VERTEX
8
L4
10
26.886606283909302
20
-55.28368421018962
0
VERTEX
8
L4
10
26.8811558791473
20
-55.291841317365275
0
VERTEX
8
L4
10
26.876816819492788
20
-55.30064005993789
0
VERTEX
8
L4
10
26.87366334745944
20
-55.30992988898258
0
VERTEX
8
L4
10
26.871749419828106
20
-55.31955185294877
0
VERTEX
8
L4
10
26.871107784431146
20
-55.32934131736527
0
VERTEX
8
L4
10
26.871749419828106
20
-55.339130781781776
0
VERTEX
8
L4
10
26.87366334745944
20
-55.34875274574796
0
VERTEX
8
L4
10
26.876816819492788
20
-55.358042574792655
0
VERTEX
8
L4
10
26.8811558791473
20
-55.36684131736527
0
VERTEX
8
L4
10
26.886606283909302
20
-55.37499842454093
0
VERTEX
8
L4
10
26.893074775842152
20
-55.38237432595427
0
VERTEX
8
L4
10
26.900450677255478
20
-55.38884281788712
0
VERTEX
8
L4
10
26.90860778443114
20
-55.394293222649104
0
VERTEX
8
L4
10
26.917406527003763
20
-55.398632282303616
0
VERTEX
8
L4
10
26.926696356048453
20
-55.401785754336956
0
VERTEX
8
L4
10
26.93631832001462
20
-55.403699681968305
0
VERTEX
8
L4
10
26.946107784431135
20
-55.40434131736527
0
VERTEX
8
L4
10
26.95589724884765
20
-55.403699681968305
0
VERTEX
8
L4
10
26.965519212813817
20
-55.401785754336956
0
VERTEX
8
L4
10
26.974809041858506
20
-55.398632282303616
0
VERTEX
8
L4
10
26.98360778443113
20
-55.394293222649104
0
VERTEX
8
L4
10
26.991764891606792
20
-55.38884281788712
0
VERTEX
8
L4
10
26.999140793020118
20
-55.38237432595427
0
VERTEX
8
L4
10
27.005609284952968
20
-55.37499842454093
0
VERTEX
8
L4
10
27.01105968971497
20
-55.36684131736527
0
VERTEX
8
L4
10
27.01539874936948
20
-55.358042574792655
0
VERTEX
8
L4
10
27.018552221402828
20
-55.34875274574796
0
VERTEX
8
L4
10
27.020466149034164
20
-55.339130781781776
0
VERTEX
8
L4
10
27.021107784431123
20
-55.32934131736527
0
VERTEX
8
L4
10
27.020466149034164
20
-55.31955185294877
0
VERTEX
8
L4
10
27.018552221402828
20
-55.30992988898258
0
VERTEX
8
L4
10
27.01539874936948
20
-55.30064005993789
0
VERTEX
8
L4
10
27.01105968971497
20
-55.291841317365275
0
VERTEX
8
L4
10
27.005609284952968
20
-55.28368421018962
0
VERTEX
8
L4
10
26.999140793020118
20
-55.27630830877628
0
VERTEX
8
L4
10
26.991764891606792
20
-55.26983981684343
0
VERTEX
8
L4
10
26.98360778443113
20
-55.26438941208144
0
VERTEX
8
L4
10
26.974809041858506
20
-55.26005035242692
0
VERTEX
8
L4
10
26.965519212813817
20
-55.25689688039359
0
VERTEX
8
L4
10
26.95589724884765
20
-55.254982952762234
0
VERTEX
8
L4
10
26.946107784431135
20
-55.254341317365274
0
SEQEND
0
POLYLINE
8
L4
66
1
70
1
0
VERTEX
8
L4
10
28.203592814371248
20
-55.61362275449102
0
VERTEX
8
L4
10
28.193803349954763
20
-55.614264389887985
0
VERTEX
8
L4
10
28.184181385988566
20
-55.61617831751934
0
VERTEX
8
L4
10
28.174891556943876
20
-55.619331789552675
0
VERTEX
8
L4
10
28.166092814371254
20
-55.62367084920719
0
VERTEX
8
L4
10
28.15793570719559
20
-55.62912125396918
0
VERTEX
8
L4
10
28.150559805782265
20
-55.63558974590203
0
VERTEX
8
L4
10
28.144091313849415
20
-55.642965647315364
0
VERTEX
8
L4
10
28.138640909087414
20
-55.65112275449102
0
VERTEX
8
L4
10
28.1343018494329
20
-55.65992149706364
0
VERTEX
8
L4
10
28.131148377399583
20
-55.66921132610833
0
VERTEX
8
L4
10
28.12923444976822
20
-55.678833290074515
0
VERTEX
8
L4
10
28.12859281437126
20
-55.68862275449102
0
VERTEX
8
L4
10
28.12923444976822
20
-55.69841221890753
0
VERTEX
8
L4
10
28.131148377399583
20
-55.70803418287371
0
VERTEX
8
L4
10
28.1343018494329
20
-55.7173240119184
0
VERTEX
8
L4
10
28.138640909087414
20
-55.72612275449102
0
VERTEX
8
L4
10
28.144091313849415
20
-55.73427986166668
0
VERTEX
8
L4
10
28.150559805782265
20
-55.74165576308001
0
VERTEX
8
L4
10
28.15793570719559
20
-55.74812425501286
0
VERTEX
8
L4
10
28.166092814371254
20
-55.753574659774856
0
VERTEX
8
L4
10
28.174891556943876
20
-55.75791371942937
0
VERTEX
8
L4
10
28.184181385988566
20
-55.7610671914627
0
VERTEX
8
L4
10
28.193803349954763
20
-55.76298111909406
0
VERTEX
8
L4
10
28.203592814371248
20
-55.763622754491024
0
VERTEX
8
L4
10
28.213382278787762
20
-55.76298111909406
0
VERTEX
8
L4
10
28.22300424275396
20
-55.7610671914627
0
VERTEX
8
L4
10
28.23229407179865
20
-55.75791371942937
0
VERTEX
8
L4
10
28.24109281437127
20
-55.753574659774856
0
VERTEX
8
L4
10
28.249249921546905
20
-55.74812425501286
0
VERTEX
8
L4
10
28.25662582296026
20
-55.74165576308001
0
VERTEX
8
L4
10
28.26309431489311
20
-55.73427986166668
0
VERTEX
8
L4
10
28.268544719655083
20
-55.72612275449102
0
VERTEX
8
L4
10
28.272883779309595
20
-55.7173240119184
0
VERTEX
8
L4
10
28.27603725134294
20
-55.70803418287371
0
VERTEX
8
L4
10
28.277951178974305
20
-55.69841221890753
0
VERTEX
8
L4
10
28.278592814371265
20
-55.68862275449102
0
VERTEX
8
L4
10
28.277951178974305
20
-55.678833290074515
0
VERTEX
8
L4
10
28.27603725134294
20
-55.66921132610833
0
VERTEX
8
L4
10
28.272883779309595
20
-55.65992149706364
0
VERTEX
8
L4
10
28.268544719655083
20
-55.65112275449102
0
VERTEX
8
L4
10
28.26309431489311
20
-55.642965647315364
0
VERTEX
8
L4
10
28.25662582296026
20
-55.63558974590203
0
VERTEX
8
L4
10
28.249249921546905
20
-55.62912125396918
0
VERTEX
8
L4
10
28.24109281437127
20
-55.62367084920719
0
VERTEX
8
L4
10
28.23229407179865
20
-55.619331789552675
0
VERTEX
8
L4
10
28.22300424275396
20
-55.61617831751934
0
VERTEX
8
L4
10
28.213382278787762
20
-55.614264389887985
0
VERTEX
8
L4
10
28.203592814371248
20
-55.61362275449102
0
SEQEND
0
POLYLINE
8
L4
66
1
70
1
0
VERTEX
8
L4
10
26.946107784431135
20
-56.2124251497006
0
VERTEX
8
L4
10
26.93631832001462
20
-56.21306678509757
0
VERTEX
8
L4
10
26.926696356048453
20
-56.214980712728924
0
VERTEX
8
L4
10
26.917406527003763
20
-56.218134184762256
0
VERTEX
8
L4
10
26.90860778443114
20
-56.22247324441677
0
VERTEX
8
L4
10
26.900450677255478
20
-56.22792364917876
0
VERTEX
8
L4
10
26.893074775842152
20
-56.23439214111161
0
VERTEX
8
L4
10
26.886606283909302
20
-56.241768042524946
0
VERTEX
8
L4
10
26.8811558791473
20
-56.2499251497006
0
VERTEX
8
L4
10
26.876816819492788
20
-56.258723892273224
0
VERTEX
8
L4
10
26.87366334745944
20
-56.268013721317914
0
VERTEX
8
L4
10
26.871749419828106
20
-56.277635685284096
0
VERTEX
8
L4
10
26.871107784431146
20
-56.2874251497006
0
VERTEX
8
L4
10
26.871749419828106
20
-56.29721461411711
0
VERTEX
8
L4
10
26.87366334745944
20
-56.30683657808329
0
VERTEX
8
L4
10
26.876816819492788
20
-56.31612640712798
0
VERTEX
8
L4
10
26.8811558791473
20
-56.324925149700604
0
VERTEX
8
L4
10
26.886606283909302
20
-56.33308225687626
0
VERTEX
8
L4
10
26.893074775842152
20
-56.34045815828959
0
VERTEX
8
L4
10
26.900450677255478
20
-56.34692665022244
0
VERTEX
8
L4
10
26.90860778443114
20
-56.35237705498444
0
VERTEX
8
L4
10
26.917406527003763
20
-56.35671611463895
0
VERTEX
8
L4
10
26.926696356048453
20
-56.35986958667228
0
VERTEX
8
L4
10
26.93631832001462
20
-56.36178351430364
0
VERTEX
8
L4
10
26.946107784431135
20
-56.362425149700606
0
VERTEX
8
L4
10
26.95589724884765
20
-56.36178351430364
0
VERTEX
8
L4
10
26.965519212813817
20
-56.35986958667228
0
VERTEX
8
L4
10
26.974809041858506
20
-56.35671611463895
0
VERTEX
8
L4
10
26.98360778443113
20
-56.35237705498444
0
VERTEX
8
L4
10
26.991764891606792
20
-56.34692665022244
0
VERTEX
8
L4
10
26.999140793020118
20
-56.34045815828959
0
VERTEX
8
L4
10
27.005609284952968
20
-56.33308225687626
0
VERTEX
8
L4
10
27.01105968971497
20
-56.324925149700604
0
VERTEX
8
L4
10
27.01539874936948
20
-56.31612640712798
0
VERTEX
8
L4
10
27.018552221402828
20
-56.30683657808329
0
VERTEX
8
L4
10
27.020466149034164
20
-56.29721461411711
0
VERTEX
8
L4
10
27.021107784431123
20
-56.2874251497006
0
VERTEX
8
L4
10
27.020466149034164
20
-56.277635685284096
0
VERTEX
8
L4
10
27.018552221402828
20
-56.268013721317914
0
VERTEX
8
L4
10
27.01539874936948
20
-56.258723892273224
0
VERTEX
8
L4
10
27.01105968971497
20
-56.2499251497006
0
VERTEX
8
L4
10
27.005609284952968
20
-56.241768042524946
0
VERTEX
8
L4
10
26.999140793020118
20
-56.23439214111161
0
VERTEX
8
L4
10
26.991764891606792
20
-56.22792364917876
0
VERTEX
8
L4
10
26.98360778443113
20
-56.22247324441677
0
VERTEX
8
L4
10
26.974809041858506
20
-56.218134184762256
0
VERTEX
8
L4
10
26.965519212813817
20
-56.214980712728924
0
VERTEX
8
L4
10
26.95589724884765
20
-56.21306678509757
0
VERTEX
8
L4
10
26.946107784431135
20
-56.2124251497006
0
SEQEND
0
POLYLINE
8
L4
66
1
70
1
0
VERTEX
8
L4
10
33.230663289202354
20
-55.39367001410194
0
VERTEX
8
L4
10
33.25920529515339
20
-55.40265331500438
0
VERTEX
8
L4
10
33.28912649899725
20
-55.4023937782106
0
VERTEX
8
L4
10
33.31750837961705
20
-55.39291671899927
0
VERTEX
8
L4
10
33.34158256183791
20
-55.37514653190939
0
VERTEX
8
L4
10
33.359000844379224
20
-55.350816525084014
0
VERTEX
8
L4
10
33.36806424394872
20
-55.32229985299459
0
VERTEX
8
L4
10
33.36788871446417
20
-55.29237803840703
0
VERTEX
8
L4
10
33.35849137711189
20
-55.26396966201027
0
VERTEX
8
L4
10
33.340788850342435
20
-55.23984568338342
0
VERTEX
8
L4
10
33.31650784269557
20
-55.22235916095997
0
VERTEX
8
L4
10
33.28801672925162
20
-55.21321573416604
0
VERTEX
8
L4
10
33.258094539780316
20
-55.21330725495778
0
VERTEX
8
L4
10
33.229659891536826
20
-55.22262479637608
0
VERTEX
8
L4
10
33.20548630666225
20
-55.240259523284216
0
VERTEX
8
L4
10
33.18793168219493
20
-55.26449134035648
0
VERTEX
8
L4
10
33.17870830025002
20
-55.29295667057256
0
VERTEX
8
L4
10
33.17871581162753
20
-55.3228789990647
0
VERTEX
8
L4
10
33.187953483665936
20
-55.351339695017586
0
VERTEX
8
L4
10
33.14679972966432
20
-55.40801067350787
0
VERTEX
8
L4
10
33.113525068216674
20
-55.469638817865906
0
VERTEX
8
L4
10
33.08871731441427
20
-55.535135433219295
0
VERTEX
8
L4
10
33.0728147107945
20
-55.60334348603995
0
VERTEX
8
L4
10
33.06609818554692
20
-55.673058043774105
0
VERTEX
8
L4
10
33.0686863897631
20
-55.7430475606349
0
VERTEX
8
L4
10
33.08053360140012
20
-55.81207563353208
0
VERTEX
8
L4
10
33.10143053298559
20
-55.87892284380882
0
VERTEX
8
L4
10
33.13100802879525
20
-55.94240829893913
0
VERTEX
8
L4
10
33.16874358619067
20
-56.00141049364008
0
VERTEX
8
L4
10
33.21397058591417
20
-56.05488712187599
0
VERTEX
8
L4
10
33.26589006828253
20
-56.10189348976453
0
VERTEX
8
L4
10
33.32358484724672
20
-56.14159920411076
0
VERTEX
8
L4
10
33.38603571298502
20
-56.17330284175705
0
VERTEX
8
L4
10
33.452139436801914
20
-56.196444340606746
0
VERTEX
8
L4
10
33.520728260266324
20
-56.210614893427355
0
VERTEX
8
L4
10
33.59059052430281
20
-56.21556416965392
0
VERTEX
8
L4
10
33.66049207381188
20
-56.21120473761531
0
VERTEX
8
L4
10
33.729198059694724
20
-56.19761360906251
0
VERTEX
8
L4
10
33.79549475313773
20
-56.17503087871392
0
VERTEX
8
L4
10
33.85821098679581
20
-56.14385548285088
0
VERTEX
8
L4
10
33.916238844104
20
-56.104638151890086
0
VERTEX
8
L4
10
33.96855323122956
20
-56.05807168142957
0
VERTEX
8
L4
10
34.014229985914895
20
-56.004978693635636
0
VERTEX
8
L4
10
34.052462203309446
20
-55.94629710517241
0
VERTEX
8
L4
10
34.082574490385056
20
-55.88306355839108
0
VERTEX
8
L4
10
34.10403489712313
20
-55.81639510847578
0
VERTEX
8
L4
10
34.11646431370268
20
-55.747469490053
0
VERTEX
8
L4
10
34.11964316768258
20
-55.677504311865235
0
VERTEX
8
L4
10
34.11351530286892
20
-55.60773554704675
0
VERTEX
8
L4
10
34.098188971344726
20
-55.53939569898223
0
VERTEX
8
L4
10
34.07393492113779
20
-55.473692028460476
0
VERTEX
8
L4
10
34.04118161330878
20
-55.41178522675235
0
VERTEX
8
L4
10
34.00050765295215
20
-55.354768911364744
0
VERTEX
8
L4
10
33.9526315678208
20
-55.30365030668928
0
VERTEX
8
L4
10
33.89839911514038
20
-55.25933245083255
0
VERTEX
8
L4
10
33.83876834084536
20
-55.22259824295422
0
VERTEX
8
L4
10
33.77479265517373
20
-55.19409661292512
0
VERTEX
8
L4
10
33.76856236585438
20
-55.164830091201324
0
VERTEX
8
L4
10
33.75360770665206
20
-55.138912838898
0
VERTEX
8
L4
10
33.73138735847091
20
-55.11887283077622
0
VERTEX
8
L4
10
33.70406869919218
20
-55.106664773845445
0
VERTEX
8
L4
10
33.674316397136195
20
-55.10347944479149
0
VERTEX
8
L4
10
33.64503249870053
20
-55.10962754134416
0
VERTEX
8
L4
10
33.61907336208564
20
-55.124509376749195
0
VERTEX
8
L4
10
33.59897104745802
20
-55.14667337335236
0
VERTEX
8
L4
10
33.586686339218105
20
-55.17395764981834
0
VERTEX
8
L4
10
33.58341749063801
20
-55.203700891534275
0
VERTEX
8
L4
10
33.58948334596137
20
-55.233001935850275
0
VERTEX
8
L4
10
33.60429224026241
20
-55.25900275215272
0
VERTEX
8
L4
10
33.62639971057895
20
-55.2791672148288
0
VERTEX
8
L4
10
33.65364938916274
20
-55.29152847754316
0
VERTEX
8
L4
10
33.683383336086266
20
-55.29488081988257
0
VERTEX
8
L4
10
33.71270129531588
20
-55.28889725360285
0
VERTEX
8
L4
10
33.73874358635335
20
-55.274161417137556
0
VERTEX
8
L4
10
33.75897003813067
20
-55.25211064737069
0
VERTEX
8
L4
10
33.818167625747904
20
-55.279518322851274
0
VERTEX
8
L4
10
33.87296917226955
20
-55.31490653492515
0
VERTEX
8
L4
10
33.92230564565004
20
-55.35758495393666
0
VERTEX
8
L4
10
33.96521462284842
20
-55.40672103773195
0
VERTEX
8
L4
10
34.000859064135355
20
-55.46135627233647
0
VERTEX
8
L4
10
34.02854364150646
20
-55.52042487000673
0
VERTEX
8
L4
10
34.047728302677555
20
-55.58277455990731
0
VERTEX
8
L4
10
34.05803880606466
20
-55.647189065842326
0
VERTEX
8
L4
10
34.05927402123943
20
-55.71241183256086
0
VERTEX
8
L4
10
34.05140985244749
20
-55.7771705377993
0
VERTEX
8
L4
10
34.03459970865232
20
-55.84020191189612
0
VERTEX
8
L4
10
34.009171510935474
20
-55.900276380814475
0
VERTEX
8
L4
10
33.97562129563069
20
-55.956222051853004
0
VERTEX
8
L4
10
33.93460353797765
20
-56.00694757414765
0
VERTEX
8
L4
10
33.88691838505524
20
-56.05146342801696
0
VERTEX
8
L4
10
33.83349604704553
20
-56.08890122785247
0
VERTEX
8
L4
10
33.775378651313574
20
-56.11853066200646
0
VERTEX
8
L4
10
33.71369991328142
20
-56.139773739224836
0
VERTEX
8
L4
10
33.649663020663
20
-56.15221606371526
0
VERTEX
8
L4
10
33.58451716248034
20
-56.15561491890411
0
VERTEX
8
L4
10
33.51953316071662
20
-56.14990400218962
0
VERTEX
8
L4
10
33.4559786799678
20
-56.13519471832886
0
VERTEX
8
L4
10
33.39509349868668
20
-56.111774006227975
0
VERTEX
8
L4
10
33.33806532441103
20
-56.08009874152923
0
VERTEX
8
L4
10
33.28600662475661
20
-56.0407868241855
0
VERTEX
8
L4
10
33.23993292614033
20
-55.994605124879804
0
VERTEX
8
L4
10
33.20074300356761
20
-55.942454525423095
0
VERTEX
8
L4
10
33.16920134792885
20
-55.88535234495235
0
VERTEX
8
L4
10
33.14592325282037
20
-55.82441249474685
0
VERTEX
8
L4
10
33.13136281180725
20
-55.76082374878932
0
VERTEX
8
L4
10
33.12580406026852
20
-55.6958265539554
0
VERTEX
8
L4
10
33.12935543462446
20
-55.6306888322027
0
VERTEX
8
L4
10
33.141947657031025
20
-55.56668124679431
0
VERTEX
8
L4
10
33.16333508680593
20
-55.50505241504673
0
VERTEX
8
L4
10
33.19310051222338
20
-55.44700455113542
0
VERTEX
8
L4
10
33.230663289202354
20
-55.39367001410194
0
SEQEND
0
POLYLINE
8
L4
66
1
70
1
0
VERTEX
8
L4
10
33.62103084228902
20
-53.43685531636834
0
VERTEX
8
L4
10
33.65110373122043
20
-53.43906518431069
0
VERTEX
8
L4
10
33.680374016110065
20
-53.43181862737088
0
VERTEX
8
L4
10
33.70594229086889
20
-53.41583346265917
0
VERTEX
8
L4
10
33.725275856829896
20
-53.392693121429296
0
VERTEX
8
L4
10
33.7364596025043
20
-53.36468980023889
0
VERTEX
8
L4
10
33.73838570743776
20
-53.33459740444214
0
VERTEX
8
L4
10
33.730863378804216
20
-53.30539677539186
0
VERTEX
8
L4
10
33.714637750637266
20
-53.27998041932749
0
VERTEX
8
L4
10
33.691316073610565
20
-53.260865986412405
0
VERTEX
8
L4
10
33.66320850673465
20
-53.24994688162686
0
VERTEX
8
L4
10
33.63309928155543
20
-53.248304711078276
0
VERTEX
8
L4
10
33.603970906482104
20
-53.256102142103366
0
VERTEX
8
L4
10
33.57870873054257
20
-53.272566790043804
0
VERTEX
8
L4
10
33.55981513138768
20
-53.29606772781184
0
VERTEX
8
L4
10
33.5491616390227
20
-53.32427703949136
0
VERTEX
8
L4
10
33.54780354897177
20
-53.35440041507274
0
VERTEX
8
L4
10
33.55587538860887
20
-53.383453944460335
0
VERTEX
8
L4
10
33.5225206115107
20
-53.44068916821266
0
VERTEX
8
L4
10
33.49738068292969
20
-53.5019786125256
0
VERTEX
8
L4
10
33.48093635852054
20
-53.56615022765234
0
VERTEX
8
L4
10
33.473502106238996
20
-53.631976847543235
0
VERTEX
8
L4
10
33.47522009271101
20
-53.698199657176545
0
VERTEX
8
L4
10
33.486057464553184
20
-53.76355226511839
0
VERTEX
8
L4
10
33.505806976634446
20
-53.82678492096804
0
VERTEX
8
L4
10
33.53409095526406
20
-53.88668841457339
0
VERTEX
8
L4
10
33.5703685205179
20
-53.94211719998766
0
VERTEX
8
L4
10
33.61394592958838
20
-53.99201130196327
0
VERTEX
8
L4
10
33.66398984336074
20
-54.03541658606083
0
VERTEX
8
L4
10
33.71954326251607
20
-54.071503004744336
0
VERTEX
8
L4
10
33.77954382841189
20
-54.099580470538584
0
VERTEX
8
L4
10
33.84284413876951
20
-54.11911205270381
0
VERTEX
8
L4
10
33.908233689666744
20
-54.129724245064715
0
VERTEX
8
L4
10
33.97446202423565
20
-54.13121410864037
0
VERTEX
8
L4
10
34.04026264538801
20
-54.123553152485144
0
VERTEX
8
L4
10
34.104377235280865
20
-54.10688787852644
0
VERTEX
8
L4
10
34.16557971836902
20
-54.08153697998042
0
VERTEX
8
L4
10
34.22269970788177
20
-54.04798524692072
0
VERTEX
8
L4
10
34.274644887352636
20
-54.00687429554534
0
VERTEX
8
L4
10
34.32042189919561
20
-53.95899029842757
0
VERTEX
8
L4
10
34.359155340872135
20
-53.905248950387744
0
VERTEX
8
L4
10
34.390104505380904
20
-53.84667795748633
0
VERTEX
8
L4
10
34.41267754593922
20
-53.784397384004706
0
VERTEX
8
L4
10
34.42644279398219
20
-53.719598233242046
0
VERTEX
8
L4
10
34.431137014043045
20
-53.653519671731765
0
VERTEX
8
L4
10
34.42667043765515
20
-53.58742533242334
0
VERTEX
8
L4
10
34.41312848001171
20
-53.52257914998805
0
VERTEX
8
L4
10
34.39077010655454
20
-53.460221190355
0
VERTEX
8
L4
10
34.36002288072858
20
-53.4015439366935
0
VERTEX
8
L4
10
34.321474787604544
20
-53.34766948532973
0
VERTEX
8
L4
10
34.27586298972794
20
-53.299628087684454
0
VERTEX
8
L4
10
34.22405973021917
20
-53.258338448578336
0
VERTEX
8
L4
10
34.16705565270162
20
-53.22459015766426
0
VERTEX
8
L4
10
34.10594085703461
20
-53.19902858995361
0
VERTEX
8
L4
10
34.04188405312554
20
-53.1821425641867
0
VERTEX
8
L4
10
34.02704775802222
20
-53.15589096399528
0
VERTEX
8
L4
10
34.00478700019191
20
-53.13555083553395
0
VERTEX
8
L4
10
33.977306847916125
20
-53.12313699664733
0
VERTEX
8
L4
10
33.94732938337266
20
-53.11987911627076
0
VERTEX
8
L4
10
33.91782406324974
20
-53.1260999079766
0
VERTEX
8
L4
10
33.891713575356775
20
-53.14118316316222
0
VERTEX
8
L4
10
33.871584327987065
20
-53.16363479039348
0
VERTEX
8
L4
10
33.85943024988477
20
-53.19123081457246
0
VERTEX
8
L4
10
33.856455279043345
20
-53.22123767567947
0
VERTEX
8
L4
10
33.86295410506365
20
-53.25068300511149
0
VERTEX
8
L4
10
33.878282978292916
20
-53.27665005751495
0
VERTEX
8
L4
10
33.90092347728269
20
-53.296566632785265
0
VERTEX
8
L4
10
33.928632917997604
20
-53.30845986868929
0
VERTEX
8
L4
10
33.95866650579576
20
-53.31115166529638
0
VERTEX
8
L4
10
33.98804922462698
20
-53.304375383197204
0
VERTEX
8
L4
10
34.01387053111212
20
-53.28880225581687
0
VERTEX
8
L4
10
34.03357266219781
20
-53.26597489951604
0
VERTEX
8
L4
10
34.09193358432019
20
-53.283051527240545
0
VERTEX
8
L4
10
34.14698403001849
20
-53.308878971439206
0
VERTEX
8
L4
10
34.19742075200206
20
-53.34284580115539
0
VERTEX
8
L4
10
34.242049726854006
20
-53.38414789612744
0
VERTEX
8
L4
10
34.27981442197368
20
-53.43180748328399
0
VERTEX
8
L4
10
34.309820807604
20
-53.48469628424242
0
VERTEX
8
L4
10
34.33135852181637
20
-53.54156222582367
0
VERTEX
8
L4
10
34.34391768740021
20
-53.6010590812469
0
VERTEX
8
L4
10
34.34720098253892
20
-53.66177834028757
0
VERTEX
8
L4
10
34.34113067951496
20
-53.722282553914496
0
VERTEX
8
L4
10
34.32585048481191
20
-53.78113936401538
0
VERTEX
8
L4
10
34.30172213705133
20
-53.83695541260144
0
VERTEX
8
L4
10
34.26931684330434
20
-53.88840932773515
0
VERTEX
8
L4
10
34.22940175651111
20
-53.93428300528235
0
VERTEX
8
L4
10
34.182921814138766
20
-53.97349044593431
0
VERTEX
8
L4
10
34.13097736802267
20
-54.00510346482068
0
VERTEX
8
L4
10
34.074798134976376
20
-54.02837366507217
0
VERTEX
8
L4
10
34.015714084854395
20
-54.042750155137504
0
VERTEX
8
L4
10
33.95512395525576
20
-54.0478925904202
0
VERTEX
8
L4
10
33.894462138241025
20
-54.04367923049173
0
VERTEX
8
L4
10
33.83516472297656
20
-54.03020982113694
0
VERTEX
8
L4
10
33.77863549820198
20
-54.00780323300302
0
VERTEX
8
L4
10
33.72621271936826
20
-53.976989912754064
0
VERTEX
8
L4
10
33.679137427190184
20
-53.9384993254402
0
VERTEX
8
L4
10
33.63852406763114
20
-53.893242685366694
0
VERTEX
8
L4
10
33.60533410885249
20
-53.842291384287265
0
VERTEX
8
L4
10
33.58035327971264
20
-53.786851627605785
0
VERTEX
8
L4
10
33.56417296866421
20
-53.72823587904116
0
VERTEX
8
L4
10
33.55717622340582
20
-53.66783178976564
0
VERTEX
8
L4
10
33.559528682729095
20
-53.60706934757848
0
VERTEX
8
L4
10
33.57117465523679
20
-53.54738702381536
0
VERTEX
8
L4
10
33.5918384377638
20
-53.49019771942116
0
VERTEX
8
L4
10
33.62103084228902
20
-53.43685531636834
0
SEQEND
0
POLYLINE
8
L4
66
1
70
1
0
VERTEX
8
L4
10
41.415529134209365
20
-53.26597489951604
0
VERTEX
8
L4
10
41.43523126529506
20
-53.28880225581687
0
VERTEX
8
L4
10
41.46105257178017
20
-53.304375383197204
0
VERTEX
8
L4
10
41.490435290611416
20
-53.31115166529637
0
VERTEX
8
L4
10
41.520468878409574
20
-53.30845986868929
0
VERTEX
8
L4
10
41.54817831912449
20
-53.296566632785265
0
VERTEX
8
L4
10
41.57081881811423
20
-53.27665005751495
0
VERTEX
8
L4
10
41.58614769134353
20
-53.25068300511149
0
VERTEX
8
L4
10
41.59264651736383
20
-53.22123767567947
0
VERTEX
8
L4
10
41.58967154652241
20
-53.19123081457246
0
VERTEX
8
L4
10
41.57751746842011
20
-53.16363479039348
0
VERTEX
8
L4
10
41.5573882210504
20
-53.14118316316222
0
VERTEX
8
L4
10
41.53127773315744
20
-53.1260999079766
0
VERTEX
8
L4
10
41.501772413034516
20
-53.11987911627076
0
VERTEX
8
L4
10
41.47179494849105
20
-53.12313699664733
0
VERTEX
8
L4
10
41.44431479621527
20
-53.13555083553395
0
VERTEX
8
L4
10
41.42205403838496
20
-53.15589096399528
0
VERTEX
8
L4
10
41.407217743281635
20
-53.1821425641867
0
VERTEX
8
L4
10
41.34316093937257
20
-53.19902858995361
0
VERTEX
8
L4
10
41.28204614370556
20
-53.22459015766426
0
VERTEX
8
L4
10
41.22504206618801
20
-53.258338448578336
0
VERTEX
8
L4
10
41.17323880667924
20
-53.299628087684454
0
VERTEX
8
L4
10
41.127627008802634
20
-53.34766948532973
0
VERTEX
8
L4
10
41.0890789156786
20
-53.4015439366935
0
VERTEX
8
L4
10
41.058331689852636
20
-53.460221190355
0
VERTEX
8
L4
10
41.03597331639547
20
-53.52257914998805
0
VERTEX
8
L4
10
41.02243135875203
20
-53.58742533242334
0
VERTEX
8
L4
10
41.01796478236413
20
-53.653519671731765
0
VERTEX
8
L4
10
41.02265900242499
20
-53.719598233242046
0
VERTEX
8
L4
10
41.03642425046796
20
-53.784397384004706
0
VERTEX
8
L4
10
41.05899729102627
20
-53.84667795748633
0
VERTEX
8
L4
10
41.08994645553504
20
-53.905248950387744
0
VERTEX
8
L4
10
41.12867989721157
20
-53.95899029842757
0
VERTEX
8
L4
10
41.17445690905454
20
-54.00687429554534
0
VERTEX
8
L4
10
41.226402088525404
20
-54.04798524692072
0
VERTEX
8
L4
10
41.28352207803816
20
-54.08153697998042
0
VERTEX
8
L4
10
41.34472456112631
20
-54.10688787852644
0
VERTEX
8
L4
10
41.408839151019166
20
-54.123553152485144
0
VERTEX
8
L4
10
41.47463977217153
20
-54.13121410864037
0
VERTEX
8
L4
10
41.54086810674043
20
-54.129724245064715
0
VERTEX
8
L4
10
41.60625765763767
20
-54.11911205270381
0
VERTEX
8
L4
10
41.66955796799529
20
-54.099580470538584
0
VERTEX
8
L4
10
41.72955853389111
20
-54.071503004744336
0
VERTEX
8
L4
10
41.78511195304644
20
-54.03541658606083
0
VERTEX
8
L4
10
41.835155866818795
20
-53.99201130196327
0
VERTEX
8
L4
10
41.878733275889275
20
-53.94211719998766
0
VERTEX
8
L4
10
41.915010841143115
20
-53.88668841457339
0
VERTEX
8
L4
10
41.94329481977273
20
-53.82678492096804
0
VERTEX
8
L4
10
41.96304433185399
20
-53.76355226511839
0
VERTEX
8
L4
10
41.973881703696165
20
-53.698199657176545
0
VERTEX
8
L4
10
41.97559969016818
20
-53.631976847543235
0
VERTEX
8
L4
10
41.96816543788664
20
-53.56615022765234
0
VERTEX
8
L4
10
41.95172111347749
20
-53.5019786125256
0
VERTEX
8
L4
10
41.92658118489648
20
-53.44068916821266
0
VERTEX
8
L4
10
41.89322640779831
20
-53.383453944460335
0
VERTEX
8
L4
10
41.901298247435406
20
-53.35440041507274
0
VERTEX
8
L4
10
41.89994015738448
20
-53.32427703949137
0
VERTEX
8
L4
10
41.8892866650195
20
-53.296067727811845
0
VERTEX
8
L4
10
41.870393065864604
20
-53.272566790043804
0
VERTEX
8
L4
10
41.84513088992507
20
-53.256102142103366
0
VERTEX
8
L4
10
41.816002514851746
20
-53.24830471107828
0
VERTEX
8
L4
10
41.78589328967253
20
-53.24994688162687
0
VERTEX
8
L4
10
41.75778572279661
20
-53.260865986412405
0
VERTEX
8
L4
10
41.73446404576991
20
-53.27998041932749
0
VERTEX
8
L4
10
41.71823841760296
20
-53.30539677539186
0
VERTEX
8
L4
10
41.71071608896942
20
-53.33459740444214
0
VERTEX
8
L4
10
41.71264219390288
20
-53.36468980023889
0
VERTEX
8
L4
10
41.72382593957728
20
-53.392693121429296
0
VERTEX
8
L4
10
41.74315950553829
20
-53.41583346265917
0
VERTEX
8
L4
10
41.76872778029711
20
-53.43181862737088
0
VERTEX
8
L4
10
41.797998065186746
20
-53.43906518431069
0
VERTEX
8
L4
10
41.82807095411816
20
-53.43685531636834
0
VERTEX
8
L4
10
41.85726335864338
20
-53.49019771942116
0
VERTEX
8
L4
10
41.87792714117039
20
-53.54738702381536
0
VERTEX
8
L4
10
41.88957311367808
20
-53.60706934757848
0
VERTEX
8
L4
10
41.89192557300133
20
-53.66783178976564
0
VERTEX
8
L4
10
41.88492882774297
20
-53.72823587904116
0
VERTEX
8
L4
10
41.86874851669454
20
-53.786851627605785
0
VERTEX
8
L4
10
41.84376768755469
20
-53.84229138428727
0
VERTEX
8
L4
10
41.81057772877604
20
-53.893242685366694
0
VERTEX
8
L4
10
41.76996436921699
20
-53.9384993254402
0
VERTEX
8
L4
10
41.722889077038914
20
-53.976989912754064
0
VERTEX
8
L4
10
41.6704662982052
20
-54.00780323300302
0
VERTEX
8
L4
10
41.61393707343062
20
-54.03020982113694
0
VERTEX
8
L4
10
41.55463965816615
20
-54.04367923049173
0
VERTEX
8
L4
10
41.49397784115142
20
-54.0478925904202
0
VERTEX
8
L4
10
41.43338771155278
20
-54.042750155137504
0
VERTEX
8
L4
10
41.3743036614308
20
-54.02837366507217
0
VERTEX
8
L4
10
41.31812442838451
20
-54.00510346482068
0
VERTEX
8
L4
10
41.26617998226841
20
-53.97349044593431
0
VERTEX
8
L4
10
41.21970003989604
20
-53.93428300528235
0
VERTEX
8
L4
10
41.17978495310284
20
-53.88840932773515
0
VERTEX
8
L4
10
41.14737965935582
20
-53.83695541260144
0
VERTEX
8
L4
10
41.12325131159527
20
-53.78113936401538
0
VERTEX
8
L4
10
41.107971116892216
20
-53.722282553914496
0
VERTEX
8
L4
10
41.101900813868255
20
-53.66177834028757
0
VERTEX
8
L4
10
41.10518410900697
20
-53.6010590812469
0
VERTEX
8
L4
10
41.11774327459081
20
-53.54156222582367
0
VERTEX
8
L4
10
41.13928098880318
20
-53.48469628424242
0
VERTEX
8
L4
10
41.169287374433495
20
-53.43180748328399
0
VERTEX
8
L4
10
41.20705206955317
20
-53.38414789612744
0
VERTEX
8
L4
10
41.25168104440512
20
-53.34284580115539
0
VERTEX
8
L4
10
41.30211776638869
20
-53.308878971439206
0
VERTEX
8
L4
10
41.35716821208699
20
-53.283051527240545
0
VERTEX
8
L4
10
41.415529134209365
20
-53.26597489951604
0
SEQEND
0
POLYLINE
8
L4
66
1
70
1
0
VERTEX
8
L4
10
41.69013175827651
20
-55.25211064737069
0
VERTEX
8
L4
10
41.710358210053826
20
-55.274161417137556
0
VERTEX
8
L4
10
41.736400501091296
20
-55.28889725360285
0
VERTEX
8
L4
10
41.76571846032091
20
-55.294880819882565
0
VERTEX
8
L4
10
41.79545240724444
20
-55.29152847754316
0
VERTEX
8
L4
10
41.822702085828226
20
-55.2791672148288
0
VERTEX
8
L4
10
41.84480955614477
20
-55.25900275215272
0
VERTEX
8
L4
10
41.85961845044578
20
-55.233001935850275
0
VERTEX
8
L4
10
41.865684305769165
20
-55.203700891534275
0
VERTEX
8
L4
10
41.86241545718907
20
-55.17395764981834
0
VERTEX
8
L4
10
41.85013074894913
20
-55.14667337335236
0
VERTEX
8
L4
10
41.830028434321534
20
-55.124509376749195
0
VERTEX
8
L4
10
41.80406929770665
20
-55.10962754134416
0
VERTEX
8
L4
10
41.77478539927098
20
-55.10347944479149
0
VERTEX
8
L4
10
41.745033097215
20
-55.106664773845445
0
VERTEX
8
L4
10
41.717714437936266
20
-55.11887283077622
0
VERTEX
8
L4
10
41.695494089755115
20
-55.138912838898
0
VERTEX
8
L4
10
41.6805394305528
20
-55.164830091201324
0
VERTEX
8
L4
10
41.67430914123345
20
-55.19409661292512
0
VERTEX
8
L4
10
41.610333455561815
20
-55.22259824295422
0
VERTEX
8
L4
10
41.5507026812668
20
-55.25933245083255
0
VERTEX
8
L4
10
41.496470228586375
20
-55.30365030668928
0
VERTEX
8
L4
10
41.448594143455026
20
-55.354768911364744
0
VERTEX
8
L4
10
41.4079201830984
20
-55.41178522675235
0
VERTEX
8
L4
10
41.375166875269386
20
-55.473692028460476
0
VERTEX
8
L4
10
41.35091282506245
20
-55.53939569898223
0
VERTEX
8
L4
10
41.33558649353826
20
-55.60773554704675
0
VERTEX
8
L4
10
41.329458628724595
20
-55.677504311865235
0
VERTEX
8
L4
10
41.3326374827045
20
-55.747469490053
0
VERTEX
8
L4
10
41.34506689928405
20
-55.81639510847578
0
VERTEX
8
L4
10
41.36652730602212
20
-55.88306355839107
0
VERTEX
8
L4
10
41.39663959309773
20
-55.94629710517241
0
VERTEX
8
L4
10
41.43487181049228
20
-56.004978693635636
0
VERTEX
8
L4
10
41.480548565177614
20
-56.05807168142957
0
VERTEX
8
L4
10
41.53286295230318
20
-56.104638151890086
0
VERTEX
8
L4
10
41.590890809611366
20
-56.14385548285088
0
VERTEX
8
L4
10
41.653607043269446
20
-56.17503087871392
0
VERTEX
8
L4
10
41.71990373671245
20
-56.19761360906251
0
VERTEX
8
L4
10
41.7886097225953
20
-56.21120473761531
0
VERTEX
8
L4
10
41.858511272104366
20
-56.21556416965392
0
VERTEX
8
L4
10
41.92837353614085
20
-56.210614893427355
0
VERTEX
8
L4
10
41.99696235960526
20
-56.19644434060674
0
VERTEX
8
L4
10
42.06306608342216
20
-56.17330284175705
0
VERTEX
8
L4
10
42.125516949160456
20
-56.141599204110754
0
VERTEX
8
L4
10
42.18321172812465
20
-56.10189348976453
0
VERTEX
8
L4
10
42.23513121049301
20
-56.054887121875986
0
VERTEX
8
L4
10
42.280358210216505
20
-56.00141049364008
0
VERTEX
8
L4
10
42.31809376761193
20
-55.94240829893913
0
VERTEX
8
L4
10
42.34767126342159
20
-55.87892284380882
0
VERTEX
8
L4
10
42.36856819500706
20
-55.81207563353208
0
VERTEX
8
L4
10
42.380415406644076
20
-55.7430475606349
0
VERTEX
8
L4
10
42.38300361086026
20
-55.673058043774105
0
VERTEX
8
L4
10
42.376287085612674
20
-55.60334348603995
0
VERTEX
8
L4
10
42.36038448199291
20
-55.535135433219295
0
VERTEX
8
L4
10
42.3355767281905
20
-55.469638817865906
0
VERTEX
8
L4
10
42.302302066742854
20
-55.40801067350787
0
VERTEX
8
L4
10
42.26114831274124
20
-55.351339695017586
0
VERTEX
8
L4
10
42.27038598477965
20
-55.3228789990647
0
VERTEX
8
L4
10
42.270393496157155
20
-55.29295667057256
0
VERTEX
8
L4
10
42.26117011421225
20
-55.26449134035648
0
VERTEX
8
L4
10
42.2436154897449
20
-55.240259523284216
0
VERTEX
8
L4
10
42.21944190487035
20
-55.22262479637608
0
VERTEX
8
L4
10
42.19100725662686
20
-55.21330725495778
0
VERTEX
8
L4
10
42.161085067155554
20
-55.21321573416604
0
VERTEX
8
L4
10
42.132593953711606
20
-55.22235916095997
0
VERTEX
8
L4
10
42.10831294606474
20
-55.23984568338342
0
VERTEX
8
L4
10
42.09061041929529
20
-55.26396966201027
0
VERTEX
8
L4
10
42.081213081943005
20
-55.29237803840703
0
VERTEX
8
L4
10
42.081037552458454
20
-55.32229985299459
0
VERTEX
8
L4
10
42.09010095202795
20
-55.350816525084014
0
VERTEX
8
L4
10
42.10751923456927
20
-55.375146531909394
0
VERTEX
8
L4
10
42.131593416790125
20
-55.39291671899927
0
VERTEX
8
L4
10
42.15997529740993
20
-55.4023937782106
0
VERTEX
8
L4
10
42.189896501253784
20
-55.40265331500438
0
VERTEX
8
L4
10
42.21843850720482
20
-55.39367001410194
0
VERTEX
8
L4
10
42.256001284183796
20
-55.44700455113542
0
VERTEX
8
L4
10
42.28576670960125
20
-55.50505241504673
0
VERTEX
8
L4
10
42.30715413937615
20
-55.56668124679431
0
VERTEX
8
L4
10
42.31974636178272
20
-55.630688832202694
0
VERTEX
8
L4
10
42.323297736138656
20
-55.6958265539554
0
VERTEX
8
L4
10
42.31773898459993
20
-55.76082374878932
0
VERTEX
8
L4
10
42.30317854358681
20
-55.82441249474685
0
VERTEX
8
L4
10
42.27990044847833
20
-55.88535234495236
0
VERTEX
8
L4
10
42.24835879283957
20
-55.942454525423095
0
VERTEX
8
L4
10
42.20916887026685
20
-55.994605124879804
0
VERTEX
8
L4
10
42.16309517165057
20
-56.0407868241855
0
VERTEX
8
L4
10
42.111036471996144
20
-56.080098741529234
0
VERTEX
8
L4
10
42.0540082977205
20
-56.111774006227975
0
VERTEX
8
L4
10
41.99312311643938
20
-56.13519471832886
0
VERTEX
8
L4
10
41.92956863569056
20
-56.14990400218962
0
VERTEX
8
L4
10
41.86458463392684
20
-56.15561491890411
0
VERTEX
8
L4
10
41.79943877574418
20
-56.15221606371526
0
VERTEX
8
L4
10
41.73540188312576
20
-56.139773739224836
0
VERTEX
8
L4
10
41.673723145093604
20
-56.118530662006464
0
VERTEX
8
L4
10
41.61560574936165
20
-56.08890122785247
0
VERTEX
8
L4
10
41.56218341135194
20
-56.05146342801696
0
VERTEX
8
L4
10
41.514498258429526
20
-56.00694757414766
0
VERTEX
8
L4
10
41.47348050077649
20
-55.956222051853004
0
VERTEX
8
L4
10
41.4399302854717
20
-55.900276380814475
0
VERTEX
8
L4
10
41.414502087754855
20
-55.84020191189613
0
VERTEX
8
L4
10
41.397691943959686
20
-55.77717053779931
0
VERTEX
8
L4
10
41.389827775167745
20
-55.71241183256086
0
VERTEX
8
L4
10
41.39106299034252
20
-55.647189065842326
0
VERTEX
8
L4
10
41.40137349372962
20
-55.58277455990731
0
VERTEX
8
L4
10
41.42055815490072
20
-55.52042487000673
0
VERTEX
8
L4
10
41.44824273227182
20
-55.46135627233647
0
VERTEX
8
L4
10
41.483887173558756
20
-55.40672103773195
0
VERTEX
8
L4
10
41.526796150757136
20
-55.35758495393666
0
VERTEX
8
L4
10
41.57613262413763
20
-55.31490653492515
0
VERTEX
8
L4
10
41.63093417065927
20
-55.279518322851274
0
VERTEX
8
L4
10
41.69013175827651
20
-55.25211064737069
0
SEQEND
0
POLYLINE
8
L4
66
1
70
1
0
VERTEX
8
L4
10
39.08393725396023
20
-55.03571161799284
0
VERTEX
8
L4
10
39.074147789543716
20
-55.036353253389805
0
VERTEX
8
L4
10
39.06452582557755
20
-55.03826718102116
0
VERTEX
8
L4
10
39.05523599653286
20
-55.041420653054494
0
VERTEX
8
L4
10
39.046437253960235
20
-55.04575971270901
0
VERTEX
8
L4
10
39.03828014678457
20
-55.051210117470994
0
VERTEX
8
L4
10
39.03090424537125
20
-55.057678609403844
0
VERTEX
8
L4
10
39.0244357534384
20
-55.065054510817184
0
VERTEX
8
L4
10
39.018985348676395
20
-55.07321161799284
0
VERTEX
8
L4
10
39.01464628902188
20
-55.082010360565455
0
VERTEX
8
L4
10
39.011492816988564
20
-55.09130018961015
0
VERTEX
8
L4
10
39.0095788893572
20
-55.100922153576334
0
VERTEX
8
L4
10
39.00893725396024
20
-55.11071161799284
0
VERTEX
8
L4
10
39.0095788893572
20
-55.12050108240934
0
VERTEX
8
L4
10
39.011492816988564
20
-55.13012304637553
0
VERTEX
8
L4
10
39.01464628902188
20
-55.13941287542022
0
VERTEX
8
L4
10
39.018985348676395
20
-55.148211617992835
0
VERTEX
8
L4
10
39.0244357534384
20
-55.15636872516849
0
VERTEX
8
L4
10
39.03090424537125
20
-55.16374462658183
0
VERTEX
8
L4
10
39.03828014678457
20
-55.17021311851468
0
VERTEX
8
L4
10
39.046437253960235
20
-55.17566352327667
0
VERTEX
8
L4
10
39.05523599653286
20
-55.18000258293119
0
VERTEX
8
L4
10
39.06452582557755
20
-55.18315605496452
0
VERTEX
8
L4
10
39.074147789543716
20
-55.18506998259588
0
VERTEX
8
L4
10
39.08393725396023
20
-55.18571161799284
0
VERTEX
8
L4
10
39.09372671837674
20
-55.18506998259588
0
VERTEX
8
L4
10
39.10334868234291
20
-55.18315605496452
0
VERTEX
8
L4
10
39.1126385113876
20
-55.18000258293119
0
VERTEX
8
L4
10
39.121437253960224
20
-55.17566352327667
0
VERTEX
8
L4
10
39.12959436113589
20
-55.17021311851468
0
VERTEX
8
L4
10
39.13697026254921
20
-55.16374462658183
0
VERTEX
8
L4
10
39.14343875448206
20
-55.15636872516849
0
VERTEX
8
L4
10
39.148889159244064
20
-55.148211617992835
0
VERTEX
8
L4
10
39.153228218898576
20
-55.13941287542022
0
VERTEX
8
L4
10
39.15638169093192
20
-55.13012304637553
0
VERTEX
8
L4
10
39.15829561856326
20
-55.12050108240934
0
VERTEX
8
L4
10
39.15893725396025
20
-55.11071161799284
0
VERTEX
8
L4
10
39.15829561856326
20
-55.100922153576334
0
VERTEX
8
L4
10
39.15638169093192
20
-55.09130018961015
0
VERTEX
8
L4
10
39.153228218898576
20
-55.082010360565455
0
VERTEX
8
L4
10
39.148889159244064
20
-55.07321161799284
0
VERTEX
8
L4
10
39.14343875448206
20
-55.065054510817184
0
VERTEX
8
L4
10
39.13697026254921
20
-55.05767860940385
0
VERTEX
8
L4
10
39.12959436113589
20
-55.051210117470994
0
VERTEX
8
L4
10
39.121437253960224
20
-55.04575971270901
0
VERTEX
8
L4
10
39.1126385113876
20
-55.041420653054494
0
VERTEX
8
L4
10
39.10334868234291
20
-55.03826718102116
0
VERTEX
8
L4
10
39.09372671837674
20
-55.036353253389805
0
VERTEX
8
L4
10
39.08393725396023
20
-55.03571161799284
0
SEQEND
0
POLYLINE
8
L4
66
1
70
1
0
VERTEX
8
L4
10
35.86826347305389
20
-53.577694610778444
0
VERTEX
8
L4
10
35.85847400863737
20
-53.57833624617541
0
VERTEX
8
L4
10
35.848852044671204
20
-53.58025017380676
0
VERTEX
8
L4
10
35.839562215626515
20
-53.5834036458401
0
VERTEX
8
L4
10
35.83076347305389
20
-53.58774270549461
0
VERTEX
8
L4
10
35.82260636587823
20
-53.5931931102566
0
VERTEX
8
L4
10
35.8152304644649
20
-53.59966160218946
0
VERTEX
8
L4
10
35.808761972532054
20
-53.60703750360279
0
VERTEX
8
L4
10
35.80331156777005
20
-53.615194610778445
0
VERTEX
8
L4
10
35.79897250811554
20
-53.62399335335106
0
VERTEX
8
L4
10
35.79581903608219
20
-53.63328318239576
0
VERTEX
8
L4
10
35.79390510845086
20
-53.64290514636194
0
VERTEX
8
L4
10
35.7932634730539
20
-53.65269461077845
0
VERTEX
8
L4
10
35.79390510845086
20
-53.662484075194946
0
VERTEX
8
L4
10
35.79581903608219
20
-53.672106039161136
0
VERTEX
8
L4
10
35.79897250811554
20
-53.681395868205826
0
VERTEX
8
L4
10
35.80331156777005
20
-53.69019461077844
0
VERTEX
8
L4
10
35.808761972532054
20
-53.6983517179541
0
VERTEX
8
L4
10
35.8152304644649
20
-53.70572761936744
0
VERTEX
8
L4
10
35.82260636587823
20
-53.71219611130029
0
VERTEX
8
L4
10
35.83076347305389
20
-53.717646516062274
0
VERTEX
8
L4
10
35.839562215626515
20
-53.72198557571679
0
VERTEX
8
L4
10
35.848852044671204
20
-53.725139047750126
0
VERTEX
8
L4
10
35.85847400863737
20
-53.72705297538148
0
VERTEX
8
L4
10
35.86826347305389
20
-53.72769461077844
0
VERTEX
8
L4
10
35.8780529374704
20
-53.72705297538148
0
VERTEX
8
L4
10
35.88767490143657
20
-53.725139047750126
0
VERTEX
8
L4
10
35.89696473048126
20
-53.72198557571679
0
VERTEX
8
L4
10
35.90576347305388
20
-53.717646516062274
0
VERTEX
8
L4
10
35.913920580229544
20
-53.71219611130029
0
VERTEX
8
L4
10
35.92129648164287
20
-53.70572761936744
0
VERTEX
8
L4
10
35.92776497357572
20
-53.6983517179541
0
VERTEX
8
L4
10
35.93321537833772
20
-53.69019461077844
0
VERTEX
8
L4
10
35.93755443799223
20
-53.681395868205826
0
VERTEX
8
L4
10
35.94070791002555
20
-53.672106039161136
0
VERTEX
8
L4
10
35.942621837656915
20
-53.662484075194946
0
VERTEX
8
L4
10
35.943263473053875
20
-53.65269461077845
0
VERTEX
8
L4
10
35.942621837656915
20
-53.64290514636194
0
VERTEX
8
L4
10
35.94070791002555
20
-53.63328318239576
0
VERTEX
8
L4
10
35.93755443799223
20
-53.62399335335106
0
VERTEX
8
L4
10
35.93321537833772
20
-53.615194610778445
0
VERTEX
8
L4
10
35.92776497357572
20
-53.60703750360279
0
VERTEX
8
L4
10
35.92129648164287
20
-53.59966160218946
0
VERTEX
8
L4
10
35.913920580229544
20
-53.5931931102566
0
VERTEX
8
L4
10
35.90576347305388
20
-53.58774270549461
0
VERTEX
8
L4
10
35.89696473048126
20
-53.5834036458401
0
VERTEX
8
L4
10
35.88767490143657
20
-53.58025017380677
0
VERTEX
8
L4
10
35.8780529374704
20
-53.57833624617541
0
VERTEX
8
L4
10
35.86826347305389
20
-53.577694610778444
0
SEQEND
0
POLYLINE
8
L4
66
1
70
1
0
VERTEX
8
L4
10
33.59281437125746
20
-55.61362275449102
0
VERTEX
8
L4
10
33.583024906840976
20
-55.614264389887985
0
VERTEX
8
L4
10
33.57340294287478
20
-55.61617831751934
0
VERTEX
8
L4
10
33.56411311383009
20
-55.619331789552675
0
VERTEX
8
L4
10
33.55531437125747
20
-55.62367084920719
0
VERTEX
8
L4
10
33.54715726408183
20
-55.62912125396918
0
VERTEX
8
L4
10
33.53978136266848
20
-55.63558974590203
0
VERTEX
8
L4
10
33.53331287073563
20
-55.642965647315364
0
VERTEX
8
L4
10
33.52786246597363
20
-55.65112275449102
0
VERTEX
8
L4
10
33.523523406319114
20
-55.65992149706364
0
VERTEX
8
L4
10
33.520369934285796
20
-55.66921132610833
0
VERTEX
8
L4
10
33.51845600665443
20
-55.678833290074515
0
VERTEX
8
L4
10
33.51781437125747
20
-55.68862275449102
0
VERTEX
8
L4
10
33.51845600665443
20
-55.69841221890753
0
VERTEX
8
L4
10
33.520369934285796
20
-55.70803418287371
0
VERTEX
8
L4
10
33.523523406319114
20
-55.7173240119184
0
VERTEX
8
L4
10
33.52786246597363
20
-55.72612275449102
0
VERTEX
8
L4
10
33.53331287073563
20
-55.73427986166668
0
VERTEX
8
L4
10
33.53978136266848
20
-55.74165576308001
0
VERTEX
8
L4
10
33.54715726408183
20
-55.74812425501286
0
VERTEX
8
L4
10
33.55531437125747
20
-55.753574659774856
0
VERTEX
8
L4
10
33.56411311383009
20
-55.75791371942937
0
VERTEX
8
L4
10
33.57340294287478
20
-55.7610671914627
0
VERTEX
8
L4
10
33.583024906840976
20
-55.76298111909406
0
VERTEX
8
L4
10
33.59281437125746
20
-55.763622754491024
0
VERTEX
8
L4
10
33.602603835673975
20
-55.76298111909406
0
VERTEX
8
L4
10
33.61222579964017
20
-55.7610671914627
0
VERTEX
8
L4
10
33.62151562868486
20
-55.75791371942937
0
VERTEX
8
L4
10
33.630314371257484
20
-55.753574659774856
0
VERTEX
8
L4
10
33.63847147843312
20
-55.74812425501286
0
VERTEX
8
L4
10
33.64584737984647
20
-55.74165576308001
0
VERTEX
8
L4
10
33.65231587177932
20
-55.73427986166668
0
VERTEX
8
L4
10
33.657766276541295
20
-55.72612275449102
0
VERTEX
8
L4
10
33.66210533619581
20
-55.7173240119184
0
VERTEX
8
L4
10
33.665258808229154
20
-55.70803418287371
0
VERTEX
8
L4
10
33.66717273586052
20
-55.69841221890753
0
VERTEX
8
L4
10
33.66781437125748
20
-55.68862275449102
0
VERTEX
8
L4
10
33.66717273586052
20
-55.678833290074515
0
VERTEX
8
L4
10
33.665258808229154
20
-55.66921132610833
0
VERTEX
8
L4
10
33.66210533619581
20
-55.65992149706364
0
VERTEX
8
L4
10
33.657766276541295
20
-55.65112275449102
0
VERTEX
8
L4
10
33.65231587177932
20
-55.642965647315364
0
VERTEX
8
L4
10
33.64584737984647
20
-55.63558974590203
0
VERTEX
8
L4
10
33.63847147843312
20
-55.62912125396918
0
VERTEX
8
L4
10
33.630314371257484
20
-55.62367084920719
0
VERTEX
8
L4
10
33.62151562868486
20
-55.619331789552675
0
VERTEX
8
L4
10
33.61222579964017
20
-55.61617831751934
0
VERTEX
8
L4
10
33.602603835673975
20
-55.614264389887985
0
VERTEX
8
L4
10
33.59281437125746
20
-55.61362275449102
0
SEQEND
0
POLYLINE
8
L4
66
1
70
1
0
VERTEX
8
L4
10
35.86826347305389
20
-53.14056886227545
0
VERTEX
8
L4
10
35.85847400863737
20
-53.14121049767241
0
VERTEX
8
L4
10
35.848852044671204
20
-53.14312442530377
0
VERTEX
8
L4
10
35.839562215626515
20
-53.1462778973371
0
VERTEX
8
L4
10
35.83076347305389
20
-53.15061695699162
0
VERTEX
8
L4
10
35.82260636587823
20
-53.15606736175361
0
VERTEX
8
L4
10
35.8152304644649
20
-53.16253585368646
0
VERTEX
8
L4
10
35.808761972532054
20
-53.1699117550998
0
VERTEX
8
L4
10
35.80331156777005
20
-53.17806886227545
0
VERTEX
8
L4
10
35.79897250811554
20
-53.18686760484807
0
VERTEX
8
L4
10
35.79581903608219
20
-53.196157433892765
0
VERTEX
8
L4
10
35.79390510845086
20
-53.20577939785895
0
VERTEX
8
L4
10
35.7932634730539
20
-53.21556886227545
0
VERTEX
8
L4
10
35.79390510845086
20
-53.22535832669195
0
VERTEX
8
L4
10
35.79581903608219
20
-53.234980290658136
0
VERTEX
8
L4
10
35.79897250811554
20
-53.24427011970283
0
VERTEX
8
L4
10
35.80331156777005
20
-53.25306886227545
0
VERTEX
8
L4
10
35.808761972532054
20
-53.261225969451104
0
VERTEX
8
L4
10
35.8152304644649
20
-53.268601870864444
0
VERTEX
8
L4
10
35.82260636587823
20
-53.275070362797294
0
VERTEX
8
L4
10
35.83076347305389
20
-53.28052076755928
0
VERTEX
8
L4
10
35.839562215626515
20
-53.28485982721379
0
VERTEX
8
L4
10
35.848852044671204
20
-53.28801329924713
0
VERTEX
8
L4
10
35.85847400863737
20
-53.28992722687848
0
VERTEX
8
L4
10
35.86826347305389
20
-53.29056886227545
0
VERTEX
8
L4
10
35.8780529374704
20
-53.28992722687848
0
VERTEX
8
L4
10
35.88767490143657
20
-53.28801329924713
0
VERTEX
8
L4
10
35.89696473048126
20
-53.28485982721379
0
VERTEX
8
L4
10
35.90576347305388
20
-53.28052076755928
0
VERTEX
8
L4
10
35.913920580229544
20
-53.275070362797294
0
VERTEX
8
L4
10
35.92129648164287
20
-53.268601870864444
0
VERTEX
8
L4
10
35.92776497357572
20
-53.261225969451104
0
VERTEX
8
L4
10
35.93321537833772
20
-53.25306886227545
0
VERTEX
8
L4
10
35.93755443799223
20
-53.24427011970283
0
VERTEX
8
L4
10
35.94070791002555
20
-53.234980290658136
0
VERTEX
8
L4
10
35.942621837656915
20
-53.22535832669195
0
VERTEX
8
L4
10
35.943263473053875
20
-53.21556886227545
0
VERTEX
8
L4
10
35.942621837656915
20
-53.20577939785895
0
VERTEX
8
L4
10
35.94070791002555
20
-53.196157433892765
0
VERTEX
8
L4
10
35.93755443799223
20
-53.18686760484807
0
VERTEX
8
L4
10
35.93321537833772
20
-53.17806886227545
0
VERTEX
8
L4
10
35.92776497357572
20
-53.1699117550998
0
VERTEX
8
L4
10
35.92129648164287
20
-53.16253585368646
0
VERTEX
8
L4
10
35.913920580229544
20
-53.15606736175361
0
VERTEX
8
L4
10
35.90576347305388
20
-53.15061695699162
0
VERTEX
8
L4
10
35.89696473048126
20
-53.1462778973371
0
VERTEX
8
L4
10
35.88767490143657
20
-53.14312442530377
0
VERTEX
8
L4
10
35.8780529374704
20
-53.14121049767241
0
VERTEX
8
L4
10
35.86826347305389
20
-53.14056886227545
0
SEQEND
0
POLYLINE
8
L4
66
1
70
1
0
VERTEX
8
L4
10
36.467065868263475
20
-55.61362275449102
0
VERTEX
8
L4
10
36.45727640384696
20
-55.614264389887985
0
VERTEX
8
L4
10
36.44765443988079
20
-55.61617831751934
0
VERTEX
8
L4
10
36.438364610836075
20
-55.619331789552675
0
VERTEX
8
L4
10
36.42956586826348
20
-55.62367084920719
0
VERTEX
8
L4
10
36.42140876108782
20
-55.62912125396918
0
VERTEX
8
L4
10
36.414032859674464
20
-55.63558974590203
0
VERTEX
8
L4
10
36.407564367741614
20
-55.642965647315364
0
VERTEX
8
L4
10
36.40211396297964
20
-55.65112275449102
0
VERTEX
8
L4
10
36.39777490332513
20
-55.65992149706364
0
VERTEX
8
L4
10
36.39462143129178
20
-55.66921132610833
0
VERTEX
8
L4
10
36.392707503660446
20
-55.678833290074515
0
VERTEX
8
L4
10
36.39206586826346
20
-55.68862275449102
0
VERTEX
8
L4
10
36.392707503660446
20
-55.69841221890753
0
VERTEX
8
L4
10
36.39462143129178
20
-55.70803418287371
0
VERTEX
8
L4
10
36.39777490332513
20
-55.7173240119184
0
VERTEX
8
L4
10
36.40211396297964
20
-55.72612275449102
0
VERTEX
8
L4
10
36.407564367741614
20
-55.73427986166668
0
VERTEX
8
L4
10
36.414032859674464
20
-55.74165576308001
0
VERTEX
8
L4
10
36.42140876108782
20
-55.74812425501286
0
VERTEX
8
L4
10
36.42956586826348
20
-55.753574659774856
0
VERTEX
8
L4
10
36.438364610836075
20
-55.75791371942937
0
VERTEX
8
L4
10
36.44765443988079
20
-55.7610671914627
0
VERTEX
8
L4
10
36.45727640384696
20
-55.76298111909406
0
VERTEX
8
L4
10
36.467065868263475
20
-55.763622754491024
0
VERTEX
8
L4
10
36.47685533267996
20
-55.76298111909406
0
VERTEX
8
L4
10
36.48647729664616
20
-55.7610671914627
0
VERTEX
8
L4
10
36.49576712569085
20
-55.75791371942937
0
VERTEX
8
L4
10
36.50456586826347
20
-55.753574659774856
0
VERTEX
8
L4
10
36.51272297543913
20
-55.74812425501286
0
VERTEX
8
L4
10
36.52009887685246
20
-55.74165576308001
0
VERTEX
8
L4
10
36.52656736878531
20
-55.73427986166668
0
VERTEX
8
L4
10
36.53201777354731
20
-55.72612275449102
0
VERTEX
8
L4
10
36.53635683320182
20
-55.7173240119184
0
VERTEX
8
L4
10
36.53951030523514
20
-55.70803418287371
0
VERTEX
8
L4
10
36.541424232866504
20
-55.69841221890753
0
VERTEX
8
L4
10
36.542065868263464
20
-55.68862275449102
0
VERTEX
8
L4
10
36.541424232866504
20
-55.678833290074515
0
VERTEX
8
L4
10
36.53951030523514
20
-55.66921132610833
0
VERTEX
8
L4
10
36.53635683320182
20
-55.65992149706364
0
VERTEX
8
L4
10
36.53201777354731
20
-55.65112275449102
0
VERTEX
8
L4
10
36.52656736878531
20
-55.642965647315364
0
VERTEX
8
L4
10
36.52009887685246
20
-55.63558974590203
0
VERTEX
8
L4
10
36.51272297543913
20
-55.62912125396918
0
VERTEX
8
L4
10
36.50456586826347
20
-55.62367084920719
0
VERTEX
8
L4
10
36.49576712569085
20
-55.619331789552675
0
VERTEX
8
L4
10
36.48647729664616
20
-55.61617831751934
0
VERTEX
8
L4
10
36.47685533267996
20
-55.614264389887985
0
VERTEX
8
L4
10
36.467065868263475
20
-55.61362275449102
0
SEQEND
0
POLYLINE
8
L4
66
1
70
1
0
VERTEX
8
L4
10
33.95209580838322
20
-53.577694610778444
0
VERTEX
8
L4
10
33.942306343966706
20
-53.57833624617541
0
VERTEX
8
L4
10
33.93268438000054
20
-53.58025017380676
0
VERTEX
8
L4
10
33.92339455095585
20
-53.5834036458401
0
VERTEX
8
L4
10
33.914595808383226
20
-53.58774270549461
0
VERTEX
8
L4
10
33.90643870120756
20
-53.5931931102566
0
VERTEX
8
L4
10
33.89906279979424
20
-53.59966160218946
0
VERTEX
8
L4
10
33.89259430786139
20
-53.60703750360279
0
VERTEX
8
L4
10
33.887143903099386
20
-53.615194610778445
0
VERTEX
8
L4
10
33.88280484344487
20
-53.62399335335106
0
VERTEX
8
L4
10
33.879651371411555
20
-53.63328318239576
0
VERTEX
8
L4
10
33.87773744378019
20
-53.64290514636194
0
VERTEX
8
L4
10
33.87709580838323
20
-53.65269461077845
0
VERTEX
8
L4
10
33.87773744378019
20
-53.662484075194946
0
VERTEX
8
L4
10
33.879651371411555
20
-53.672106039161136
0
VERTEX
8
L4
10
33.88280484344487
20
-53.681395868205826
0
VERTEX
8
L4
10
33.887143903099386
20
-53.69019461077844
0
VERTEX
8
L4
10
33.89259430786139
20
-53.6983517179541
0
VERTEX
8
L4
10
33.89906279979424
20
-53.70572761936744
0
VERTEX
8
L4
10
33.90643870120756
20
-53.71219611130029
0
VERTEX
8
L4
10
33.914595808383226
20
-53.717646516062274
0
VERTEX
8
L4
10
33.92339455095585
20
-53.72198557571679
0
VERTEX
8
L4
10
33.93268438000054
20
-53.725139047750126
0
VERTEX
8
L4
10
33.942306343966706
20
-53.72705297538148
0
VERTEX
8
L4
10
33.95209580838322
20
-53.72769461077844
0
VERTEX
8
L4
10
33.961885272799734
20
-53.72705297538148
0
VERTEX
8
L4
10
33.9715072367659
20
-53.725139047750126
0
VERTEX
8
L4
10
33.98079706581059
20
-53.72198557571679
0
VERTEX
8
L4
10
33.989595808383214
20
-53.717646516062274
0
VERTEX
8
L4
10
33.99775291555888
20
-53.71219611130029
0
VERTEX
8
L4
10
34.0051288169722
20
-53.70572761936744
0
VERTEX
8
L4
10
34.01159730890505
20
-53.6983517179541
0
VERTEX
8
L4
10
34.017047713667054
20
-53.69019461077844
0
VERTEX
8
L4
10
34.02138677332157
20
-53.681395868205826
0
VERTEX
8
L4
10
34.02454024535491
20
-53.672106039161136
0
VERTEX
8
L4
10
34.02645417298625
20
-53.662484075194946
0
VERTEX
8
L4
10
34.02709580838324
20
-53.65269461077845
0
VERTEX
8
L4
10
34.02645417298625
20
-53.64290514636194
0
VERTEX
8
L4
10
34.02454024535491
20
-53.63328318239576
0
VERTEX
8
L4
10
34.02138677332157
20
-53.62399335335106
0
VERTEX
8
L4
10
34.017047713667054
20
-53.615194610778445
0
VERTEX
8
L4
10
34.01159730890505
20
-53.60703750360279
0
VERTEX
8
L4
10
34.0051288169722
20
-53.59966160218946
0
VERTEX
8
L4
10
33.99775291555888
20
-53.5931931102566
0
VERTEX
8
L4
10
33.989595808383214
20
-53.58774270549461
0
VERTEX
8
L4
10
33.98079706581059
20
-53.5834036458401
0
VERTEX
8
L4
10
33.9715072367659
20
-53.58025017380677
0
VERTEX
8
L4
10
33.961885272799734
20
-53.57833624617541
0
VERTEX
8
L4
10
33.95209580838322
20
-53.577694610778444
0
SEQEND
0
POLYLINE
8
L4
66
1
70
1
0
VERTEX
8
L4
10
36.36516454244695
20
-55.03571161799284
0
VERTEX
8
L4
10
36.355375078030434
20
-55.036353253389805
0
VERTEX
8
L4
10
36.345753114064266
20
-55.03826718102116
0
VERTEX
8
L4
10
36.336463285019576
20
-55.041420653054494
0
VERTEX
8
L4
10
36.32766454244695
20
-55.04575971270901
0
VERTEX
8
L4
10
36.31950743527129
20
-55.051210117470994
0
VERTEX
8
L4
10
36.312131533857965
20
-55.057678609403844
0
VERTEX
8
L4
10
36.305663041925115
20
-55.065054510817184
0
VERTEX
8
L4
10
36.30021263716311
20
-55.07321161799284
0
VERTEX
8
L4
10
36.2958735775086
20
-55.082010360565455
0
VERTEX
8
L4
10
36.292720105475254
20
-55.09130018961015
0
VERTEX
8
L4
10
36.29080617784392
20
-55.100922153576334
0
VERTEX
8
L4
10
36.29016454244693
20
-55.11071161799284
0
VERTEX
8
L4
10
36.29080617784392
20
-55.12050108240934
0
VERTEX
8
L4
10
36.292720105475254
20
-55.13012304637553
0
VERTEX
8
L4
10
36.2958735775086
20
-55.13941287542022
0
VERTEX
8
L4
10
36.30021263716311
20
-55.148211617992835
0
VERTEX
8
L4
10
36.305663041925115
20
-55.15636872516849
0
VERTEX
8
L4
10
36.312131533857965
20
-55.16374462658183
0
VERTEX
8
L4
10
36.31950743527129
20
-55.17021311851468
0
VERTEX
8
L4
10
36.32766454244695
20
-55.17566352327667
0
VERTEX
8
L4
10
36.336463285019576
20
-55.18000258293119
0
VERTEX
8
L4
10
36.345753114064266
20
-55.18315605496452
0
VERTEX
8
L4
10
36.355375078030434
20
-55.18506998259588
0
VERTEX
8
L4
10
36.36516454244695
20
-55.18571161799284
0
VERTEX
8
L4
10
36.37495400686346
20
-55.18506998259588
0
VERTEX
8
L4
10
36.38457597082963
20
-55.18315605496452
0
VERTEX
8
L4
10
36.39386579987432
20
-55.18000258293119
0
VERTEX
8
L4
10
36.40266454244694
20
-55.17566352327667
0
VERTEX
8
L4
10
36.410821649622605
20
-55.17021311851468
0
VERTEX
8
L4
10
36.41819755103593
20
-55.16374462658183
0
VERTEX
8
L4
10
36.42466604296878
20
-55.15636872516849
0
VERTEX
8
L4
10
36.43011644773078
20
-55.148211617992835
0
VERTEX
8
L4
10
36.434455507385294
20
-55.13941287542022
0
VERTEX
8
L4
10
36.43760897941861
20
-55.13012304637553
0
VERTEX
8
L4
10
36.43952290704998
20
-55.12050108240934
0
VERTEX
8
L4
10
36.44016454244694
20
-55.11071161799284
0
VERTEX
8
L4
10
36.43952290704998
20
-55.100922153576334
0
VERTEX
8
L4
10
36.43760897941861
20
-55.09130018961015
0
VERTEX
8
L4
10
36.434455507385294
20
-55.082010360565455
0
VERTEX
8
L4
10
36.43011644773078
20
-55.07321161799284
0
VERTEX
8
L4
10
36.42466604296878
20
-55.065054510817184
0
VERTEX
8
L4
10
36.41819755103593
20
-55.05767860940385
0
VERTEX
8
L4
10
36.410821649622605
20
-55.051210117470994
0
VERTEX
8
L4
10
36.40266454244694
20
-55.04575971270901
0
VERTEX
8
L4
10
36.39386579987432
20
-55.041420653054494
0
VERTEX
8
L4
10
36.38457597082963
20
-55.03826718102116
0
VERTEX
8
L4
10
36.37495400686346
20
-55.036353253389805
0
VERTEX
8
L4
10
36.36516454244695
20
-55.03571161799284
0
SEQEND
0
POLYLINE
8
L4
66
1
70
1
0
VERTEX
8
L4
10
37.72455089820359
20
-56.69146706586827
0
VERTEX
8
L4
10
37.714761433787075
20
-56.692108701265234
0
VERTEX
8
L4
10
37.70513946982091
20
-56.69402262889659
0
VERTEX
8
L4
10
37.69584964077622
20
-56.69717610092992
0
VERTEX
8
L4
10
37.687050898203594
20
-56.701515160584435
0
VERTEX
8
L4
10
37.67889379102793
20
-56.70696556534643
0
VERTEX
8
L4
10
37.671517889614606
20
-56.71343405727928
0
VERTEX
8
L4
10
37.665049397681756
20
-56.72080995869261
0
VERTEX
8
L4
10
37.659598992919754
20
-56.72896706586827
0
VERTEX
8
L4
10
37.65525993326524
20
-56.737765808440884
0
VERTEX
8
L4
10
37.652106461231895
20
-56.74705563748558
0
VERTEX
8
L4
10
37.65019253360056
20
-56.75667760145176
0
VERTEX
8
L4
10
37.6495508982036
20
-56.76646706586827
0
VERTEX
8
L4
10
37.65019253360056
20
-56.77625653028477
0
VERTEX
8
L4
10
37.652106461231895
20
-56.78587849425096
0
VERTEX
8
L4
10
37.65525993326524
20
-56.79516832329565
0
VERTEX
8
L4
10
37.659598992919754
20
-56.80396706586827
0
VERTEX
8
L4
10
37.665049397681756
20
-56.81212417304392
0
VERTEX
8
L4
10
37.671517889614606
20
-56.81950007445726
0
VERTEX
8
L4
10
37.67889379102793
20
-56.82596856639011
0
VERTEX
8
L4
10
37.687050898203594
20
-56.831418971152104
0
VERTEX
8
L4
10
37.69584964077622
20
-56.835758030806616
0
VERTEX
8
L4
10
37.70513946982091
20
-56.83891150283995
0
VERTEX
8
L4
10
37.714761433787075
20
-56.840825430471305
0
VERTEX
8
L4
10
37.72455089820359
20
-56.841467065868265
0
VERTEX
8
L4
10
37.7343403626201
20
-56.840825430471305
0
VERTEX
8
L4
10
37.74396232658627
20
-56.83891150283995
0
VERTEX
8
L4
10
37.75325215563096
20
-56.835758030806616
0
VERTEX
8
L4
10
37.76205089820358
20
-56.831418971152104
0
VERTEX
8
L4
10
37.770208005379246
20
-56.82596856639011
0
VERTEX
8
L4
10
37.77758390679257
20
-56.81950007445726
0
VERTEX
8
L4
10
37.78405239872542
20
-56.81212417304392
0
VERTEX
8
L4
10
37.78950280348742
20
-56.80396706586827
0
VERTEX
8
L4
10
37.793841863141935
20
-56.79516832329565
0
VERTEX
8
L4
10
37.79699533517528
20
-56.78587849425096
0
VERTEX
8
L4
10
37.79890926280662
20
-56.77625653028477
0
VERTEX
8
L4
10
37.79955089820358
20
-56.76646706586827
0
VERTEX
8
L4
10
37.79890926280662
20
-56.75667760145176
0
VERTEX
8
L4
10
37.79699533517528
20
-56.74705563748558
0
VERTEX
8
L4
10
37.793841863141935
20
-56.737765808440884
0
VERTEX
8
L4
10
37.78950280348742
20
-56.72896706586827
0
VERTEX
8
L4
10
37.78405239872542
20
-56.72080995869261
0
VERTEX
8
L4
10
37.77758390679257
20
-56.71343405727928
0
VERTEX
8
L4
10
37.770208005379246
20
-56.70696556534643
0
VERTEX
8
L4
10
37.76205089820358
20
-56.701515160584435
0
VERTEX
8
L4
10
37.75325215563096
20
-56.69717610092992
0
VERTEX
8
L4
10
37.74396232658627
20
-56.69402262889659
0
VERTEX
8
L4
10
37.7343403626201
20
-56.692108701265234
0
VERTEX
8
L4
10
37.72455089820359
20
-56.69146706586827
0
SEQEND
0
POLYLINE
8
L4
66
1
70
1
0
VERTEX
8
L4
10
41.49700598802396
20
-53.577694610778444
0
VERTEX
8
L4
10
41.487216523607444
20
-53.57833624617541
0
VERTEX
8
L4
10
41.477594559641275
20
-53.58025017380676
0
VERTEX
8
L4
10
41.468304730596586
20
-53.5834036458401
0
VERTEX
8
L4
10
41.45950598802396
20
-53.58774270549461
0
VERTEX
8
L4
10
41.4513488808483
20
-53.5931931102566
0
VERTEX
8
L4
10
41.443972979434974
20
-53.59966160218946
0
VERTEX
8
L4
10
41.437504487502125
20
-53.60703750360279
0
VERTEX
8
L4
10
41.43205408274012
20
-53.615194610778445
0
VERTEX
8
L4
10
41.42771502308561
20
-53.62399335335106
0
VERTEX
8
L4
10
41.424561551052264
20
-53.63328318239576
0
VERTEX
8
L4
10
41.42264762342093
20
-53.64290514636194
0
VERTEX
8
L4
10
41.42200598802394
20
-53.65269461077845
0
VERTEX
8
L4
10
41.42264762342093
20
-53.662484075194946
0
VERTEX
8
L4
10
41.424561551052264
20
-53.672106039161136
0
VERTEX
8
L4
10
41.42771502308561
20
-53.681395868205826
0
VERTEX
8
L4
10
41.43205408274012
20
-53.69019461077844
0
VERTEX
8
L4
10
41.437504487502125
20
-53.6983517179541
0
VERTEX
8
L4
10
41.443972979434974
20
-53.70572761936744
0
VERTEX
8
L4
10
41.4513488808483
20
-53.71219611130029
0
VERTEX
8
L4
10
41.45950598802396
20
-53.717646516062274
0
VERTEX
8
L4
10
41.468304730596586
20
-53.72198557571679
0
VERTEX
8
L4
10
41.477594559641275
20
-53.725139047750126
0
VERTEX
8
L4
10
41.487216523607444
20
-53.72705297538148
0
VERTEX
8
L4
10
41.49700598802396
20
-53.72769461077844
0
VERTEX
8
L4
10
41.50679545244047
20
-53.72705297538148
0
VERTEX
8
L4
10
41.51641741640664
20
-53.725139047750126
0
VERTEX
8
L4
10
41.52570724545133
20
-53.72198557571679
0
VERTEX
8
L4
10
41.53450598802395
20
-53.717646516062274
0
VERTEX
8
L4
10
41.542663095199615
20
-53.71219611130029
0
VERTEX
8
L4
10
41.55003899661294
20
-53.70572761936744
0
VERTEX
8
L4
10
41.55650748854579
20
-53.6983517179541
0
VERTEX
8
L4
10
41.56195789330779
20
-53.69019461077844
0
VERTEX
8
L4
10
41.566296952962304
20
-53.681395868205826
0
VERTEX
8
L4
10
41.56945042499562
20
-53.672106039161136
0
VERTEX
8
L4
10
41.571364352626986
20
-53.662484075194946
0
VERTEX
8
L4
10
41.572005988023946
20
-53.65269461077845
0
VERTEX
8
L4
10
41.571364352626986
20
-53.64290514636194
0
VERTEX
8
L4
10
41.56945042499562
20
-53.63328318239576
0
VERTEX
8
L4
10
41.566296952962304
20
-53.62399335335106
0
VERTEX
8
L4
10
41.56195789330779
20
-53.615194610778445
0
VERTEX
8
L4
10
41.55650748854579
20
-53.60703750360279
0
VERTEX
8
L4
10
41.55003899661294
20
-53.59966160218946
0
VERTEX
8
L4
10
41.542663095199615
20
-53.5931931102566
0
VERTEX
8
L4
10
41.53450598802395
20
-53.58774270549461
0
VERTEX
8
L4
10
41.52570724545133
20
-53.5834036458401
0
VERTEX
8
L4
10
41.51641741640664
20
-53.58025017380677
0
VERTEX
8
L4
10
41.50679545244047
20
-53.57833624617541
0
VERTEX
8
L4
10
41.49700598802396
20
-53.577694610778444
0
SEQEND
0
POLYLINE
8
L4
66
1
70
1
0
VERTEX
8
L4
10
37.72455089820359
20
-55.73338323353294
0
VERTEX
8
L4
10
37.714761433787075
20
-55.7340248689299
0
VERTEX
8
L4
10
37.70513946982091
20
-55.73593879656126
0
VERTEX
8
L4
10
37.69584964077622
20
-55.73909226859459
0
VERTEX
8
L4
10
37.687050898203594
20
-55.7434313282491
0
VERTEX
8
L4
10
37.67889379102793
20
-55.748881733011096
0
VERTEX
8
L4
10
37.671517889614606
20
-55.755350224943946
0
VERTEX
8
L4
10
37.665049397681756
20
-55.762726126357286
0
VERTEX
8
L4
10
37.659598992919754
20
-55.770883233532935
0
VERTEX
8
L4
10
37.65525993326524
20
-55.77968197610556
0
VERTEX
8
L4
10
37.652106461231895
20
-55.78897180515025
0
VERTEX
8
L4
10
37.65019253360056
20
-55.79859376911644
0
VERTEX
8
L4
10
37.6495508982036
20
-55.808383233532936
0
VERTEX
8
L4
10
37.65019253360056
20
-55.81817269794944
0
VERTEX
8
L4
10
37.652106461231895
20
-55.827794661915625
0
VERTEX
8
L4
10
37.65525993326524
20
-55.83708449096032
0
VERTEX
8
L4
10
37.659598992919754
20
-55.84588323353294
0
VERTEX
8
L4
10
37.665049397681756
20
-55.85404034070859
0
VERTEX
8
L4
10
37.671517889614606
20
-55.861416242121926
0
VERTEX
8
L4
10
37.67889379102793
20
-55.86788473405478
0
VERTEX
8
L4
10
37.687050898203594
20
-55.87333513881677
0
VERTEX
8
L4
10
37.69584964077622
20
-55.87767419847128
0
VERTEX
8
L4
10
37.70513946982091
20
-55.880827670504615
0
VERTEX
8
L4
10
37.714761433787075
20
-55.88274159813597
0
VERTEX
8
L4
10
37.72455089820359
20
-55.88338323353294
0
VERTEX
8
L4
10
37.7343403626201
20
-55.88274159813597
0
VERTEX
8
L4
10
37.74396232658627
20
-55.880827670504615
0
VERTEX
8
L4
10
37.75325215563096
20
-55.87767419847128
0
VERTEX
8
L4
10
37.76205089820358
20
-55.87333513881677
0
VERTEX
8
L4
10
37.770208005379246
20
-55.86788473405478
0
VERTEX
8
L4
10
37.77758390679257
20
-55.861416242121926
0
VERTEX
8
L4
10
37.78405239872542
20
-55.85404034070859
0
VERTEX
8
L4
10
37.78950280348742
20
-55.84588323353294
0
VERTEX
8
L4
10
37.793841863141935
20
-55.83708449096032
0
VERTEX
8
L4
10
37.79699533517528
20
-55.827794661915625
0
VERTEX
8
L4
10
37.79890926280662
20
-55.81817269794944
0
VERTEX
8
L4
10
37.79955089820358
20
-55.808383233532936
0
VERTEX
8
L4
10
37.79890926280662
20
-55.79859376911644
0
VERTEX
8
L4
10
37.79699533517528
20
-55.78897180515025
0
VERTEX
8
L4
10
37.793841863141935
20
-55.77968197610556
0
VERTEX
8
L4
10
37.78950280348742
20
-55.770883233532935
0
VERTEX
8
L4
10
37.78405239872542
20
-55.762726126357286
0
VERTEX
8
L4
10
37.77758390679257
20
-55.755350224943946
0
VERTEX
8
L4
10
37.770208005379246
20
-55.748881733011096
0
VERTEX
8
L4
10
37.76205089820358
20
-55.7434313282491
0
VERTEX
8
L4
10
37.75325215563096
20
-55.73909226859459
0
VERTEX
8
L4
10
37.74396232658627
20
-55.73593879656126
0
VERTEX
8
L4
10
37.7343403626201
20
-55.7340248689299
0
VERTEX
8
L4
10
37.72455089820359
20
-55.73338323353294
0
SEQEND
0
POLYLINE
8
L4
66
1
70
1
0
VERTEX
8
L4
10
37.72455089820359
20
-54.77529940119761
0
VERTEX
8
L4
10
37.714761433787075
20
-54.775941036594574
0
VERTEX
8
L4
10
37.70513946982091
20
-54.77785496422593
0
VERTEX
8
L4
10
37.69584964077622
20
-54.78100843625926
0
VERTEX
8
L4
10
37.687050898203594
20
-54.785347495913776
0
VERTEX
8
L4
10
37.67889379102793
20
-54.79079790067576
0
VERTEX
8
L4
10
37.671517889614606
20
-54.79726639260862
0
VERTEX
8
L4
10
37.665049397681756
20
-54.80464229402195
0
VERTEX
8
L4
10
37.659598992919754
20
-54.81279940119761
0
VERTEX
8
L4
10
37.65525993326524
20
-54.821598143770224
0
VERTEX
8
L4
10
37.652106461231895
20
-54.83088797281492
0
VERTEX
8
L4
10
37.65019253360056
20
-54.8405099367811
0
VERTEX
8
L4
10
37.6495508982036
20
-54.85029940119761
0
VERTEX
8
L4
10
37.65019253360056
20
-54.86008886561411
0
VERTEX
8
L4
10
37.652106461231895
20
-54.8697108295803
0
VERTEX
8
L4
10
37.65525993326524
20
-54.87900065862499
0
VERTEX
8
L4
10
37.659598992919754
20
-54.887799401197604
0
VERTEX
8
L4
10
37.665049397681756
20
-54.89595650837326
0
VERTEX
8
L4
10
37.671517889614606
20
-54.9033324097866
0
VERTEX
8
L4
10
37.67889379102793
20
-54.90980090171945
0
VERTEX
8
L4
10
37.687050898203594
20
-54.91525130648144
0
VERTEX
8
L4
10
37.69584964077622
20
-54.91959036613596
0
VERTEX
8
L4
10
37.70513946982091
20
-54.92274383816929
0
VERTEX
8
L4
10
37.714761433787075
20
-54.924657765800646
0
VERTEX
8
L4
10
37.72455089820359
20
-54.925299401197606
0
VERTEX
8
L4
10
37.7343403626201
20
-54.924657765800646
0
VERTEX
8
L4
10
37.74396232658627
20
-54.92274383816929
0
VERTEX
8
L4
10
37.75325215563096
20
-54.91959036613596
0
VERTEX
8
L4
10
37.76205089820358
20
-54.91525130648144
0
VERTEX
8
L4
10
37.770208005379246
20
-54.90980090171945
0
VERTEX
8
L4
10
37.77758390679257
20
-54.9033324097866
0
VERTEX
8
L4
10
37.78405239872542
20
-54.89595650837326
0
VERTEX
8
L4
10
37.78950280348742
20
-54.887799401197604
0
VERTEX
8
L4
10
37.793841863141935
20
-54.87900065862499
0
VERTEX
8
L4
10
37.79699533517528
20
-54.8697108295803
0
VERTEX
8
L4
10
37.79890926280662
20
-54.86008886561411
0
VERTEX
8
L4
10
37.79955089820358
20
-54.85029940119761
0
VERTEX
8
L4
10
37.79890926280662
20
-54.8405099367811
0
VERTEX
8
L4
10
37.79699533517528
20
-54.83088797281492
0
VERTEX
8
L4
10
37.793841863141935
20
-54.821598143770224
0
VERTEX
8
L4
10
37.78950280348742
20
-54.81279940119761
0
VERTEX
8
L4
10
37.78405239872542
20
-54.80464229402195
0
VERTEX
8
L4
10
37.77758390679257
20
-54.79726639260862
0
VERTEX
8
L4
10
37.770208005379246
20
-54.79079790067576
0
VERTEX
8
L4
10
37.76205089820358
20
-54.785347495913776
0
VERTEX
8
L4
10
37.75325215563096
20
-54.78100843625926
0
VERTEX
8
L4
10
37.74396232658627
20
-54.77785496422593
0
VERTEX
8
L4
10
37.7343403626201
20
-54.775941036594574
0
VERTEX
8
L4
10
37.72455089820359
20
-54.77529940119761
0
SEQEND
0
POLYLINE
8
L4
66
1
70
1
0
VERTEX
8
L4
10
41.856287425149716
20
-55.61362275449102
0
VERTEX
8
L4
10
41.8464979607332
20
-55.614264389887985
0
VERTEX
8
L4
10
41.836875996767006
20
-55.61617831751934
0
VERTEX
8
L4
10
41.827586167722316
20
-55.619331789552675
0
VERTEX
8
L4
10
41.818787425149694
20
-55.62367084920719
0
VERTEX
8
L4
10
41.81063031797406
20
-55.62912125396918
0
VERTEX
8
L4
10
41.803254416560705
20
-55.63558974590203
0
VERTEX
8
L4
10
41.796785924627855
20
-55.642965647315364
0
VERTEX
8
L4
10
41.79133551986588
20
-55.65112275449102
0
VERTEX
8
L4
10
41.78699646021137
20
-55.65992149706364
0
VERTEX
8
L4
10
41.78384298817802
20
-55.66921132610833
0
VERTEX
8
L4
10
41.78192906054666
20
-55.678833290074515
0
VERTEX
8
L4
10
41.7812874251497
20
-55.68862275449102
0
VERTEX
8
L4
10
41.78192906054666
20
-55.69841221890753
0
VERTEX
8
L4
10
41.78384298817802
20
-55.70803418287371
0
VERTEX
8
L4
10
41.78699646021137
20
-55.7173240119184
0
VERTEX
8
L4
10
41.79133551986588
20
-55.72612275449102
0
VERTEX
8
L4
10
41.796785924627855
20
-55.73427986166668
0
VERTEX
8
L4
10
41.803254416560705
20
-55.74165576308001
0
VERTEX
8
L4
10
41.81063031797406
20
-55.74812425501286
0
VERTEX
8
L4
10
41.818787425149694
20
-55.753574659774856
0
VERTEX
8
L4
10
41.827586167722316
20
-55.75791371942937
0
VERTEX
8
L4
10
41.836875996767006
20
-55.7610671914627
0
VERTEX
8
L4
10
41.8464979607332
20
-55.76298111909406
0
VERTEX
8
L4
10
41.856287425149716
20
-55.763622754491024
0
VERTEX
8
L4
10
41.8660768895662
20
-55.76298111909406
0
VERTEX
8
L4
10
41.8756988535324
20
-55.7610671914627
0
VERTEX
8
L4
10
41.88498868257709
20
-55.75791371942937
0
VERTEX
8
L4
10
41.89378742514971
20
-55.753574659774856
0
VERTEX
8
L4
10
41.901944532325345
20
-55.74812425501286
0
VERTEX
8
L4
10
41.9093204337387
20
-55.74165576308001
0
VERTEX
8
L4
10
41.91578892567155
20
-55.73427986166668
0
VERTEX
8
L4
10
41.92123933043355
20
-55.72612275449102
0
VERTEX
8
L4
10
41.92557839008806
20
-55.7173240119184
0
VERTEX
8
L4
10
41.92873186212138
20
-55.70803418287371
0
VERTEX
8
L4
10
41.930645789752745
20
-55.69841221890753
0
VERTEX
8
L4
10
41.931287425149705
20
-55.68862275449102
0
VERTEX
8
L4
10
41.930645789752745
20
-55.678833290074515
0
VERTEX
8
L4
10
41.92873186212138
20
-55.66921132610833
0
VERTEX
8
L4
10
41.92557839008806
20
-55.65992149706364
0
VERTEX
8
L4
10
41.92123933043355
20
-55.65112275449102
0
VERTEX
8
L4
10
41.91578892567155
20
-55.642965647315364
0
VERTEX
8
L4
10
41.9093204337387
20
-55.63558974590203
0
VERTEX
8
L4
10
41.901944532325345
20
-55.62912125396918
0
VERTEX
8
L4
10
41.89378742514971
20
-55.62367084920719
0
VERTEX
8
L4
10
41.88498868257709
20
-55.619331789552675
0
VERTEX
8
L4
10
41.8756988535324
20
-55.61617831751934
0
VERTEX
8
L4
10
41.8660768895662
20
-55.614264389887985
0
VERTEX
8
L4
10
41.856287425149716
20
-55.61362275449102
0
SEQEND
0
POLYLINE
8
L4
66
1
70
1
0
VERTEX
8
L4
10
37.72455089820359
20
-53.81721556886228
0
VERTEX
8
L4
10
37.714761433787075
20
-53.81785720425924
0
VERTEX
8
L4
10
37.70513946982091
20
-53.8197711318906
0
VERTEX
8
L4
10
37.69584964077622
20
-53.82292460392393
0
VERTEX
8
L4
10
37.687050898203594
20
-53.82726366357844
0
VERTEX
8
L4
10
37.67889379102793
20
-53.83271406834044
0
VERTEX
8
L4
10
37.671517889614606
20
-53.83918256027329
0
VERTEX
8
L4
10
37.665049397681756
20
-53.84655846168663
0
VERTEX
8
L4
10
37.659598992919754
20
-53.854715568862275
0
VERTEX
8
L4
10
37.65525993326524
20
-53.8635143114349
0
VERTEX
8
L4
10
37.652106461231895
20
-53.87280414047959
0
VERTEX
8
L4
10
37.65019253360056
20
-53.88242610444578
0
VERTEX
8
L4
10
37.6495508982036
20
-53.89221556886228
0
VERTEX
8
L4
10
37.65019253360056
20
-53.90200503327878
0
VERTEX
8
L4
10
37.652106461231895
20
-53.911626997244966
0
VERTEX
8
L4
10
37.65525993326524
20
-53.92091682628966
0
VERTEX
8
L4
10
37.659598992919754
20
-53.92971556886228
0
VERTEX
8
L4
10
37.665049397681756
20
-53.937872676037934
0
VERTEX
8
L4
10
37.671517889614606
20
-53.94524857745127
0
VERTEX
8
L4
10
37.67889379102793
20
-53.951717069384124
0
VERTEX
8
L4
10
37.687050898203594
20
-53.95716747414611
0
VERTEX
8
L4
10
37.69584964077622
20
-53.96150653380062
0
VERTEX
8
L4
10
37.70513946982091
20
-53.964660005833956
0
VERTEX
8
L4
10
37.714761433787075
20
-53.96657393346531
0
VERTEX
8
L4
10
37.72455089820359
20
-53.96721556886228
0
VERTEX
8
L4
10
37.7343403626201
20
-53.96657393346531
0
VERTEX
8
L4
10
37.74396232658627
20
-53.964660005833956
0
VERTEX
8
L4
10
37.75325215563096
20
-53.96150653380062
0
VERTEX
8
L4
10
37.76205089820358
20
-53.95716747414611
0
VERTEX
8
L4
10
37.770208005379246
20
-53.951717069384124
0
VERTEX
8
L4
10
37.77758390679257
20
-53.94524857745127
0
VERTEX
8
L4
10
37.78405239872542
20
-53.937872676037934
0
VERTEX
8
L4
10
37.78950280348742
20
-53.92971556886228
0
VERTEX
8
L4
10
37.793841863141935
20
-53.92091682628966
0
VERTEX
8
L4
10
37.79699533517528
20
-53.911626997244966
0
VERTEX
8
L4
10
37.79890926280662
20
-53.90200503327878
0
VERTEX
8
L4
10
37.79955089820358
20
-53.89221556886228
0
VERTEX
8
L4
10
37.79890926280662
20
-53.88242610444578
0
VERTEX
8
L4
10
37.79699533517528
20
-53.87280414047959
0
VERTEX
8
L4
10
37.793841863141935
20
-53.8635143114349
0
VERTEX
8
L4
10
37.78950280348742
20
-53.854715568862275
0
VERTEX
8
L4
10
37.78405239872542
20
-53.84655846168663
0
VERTEX
8
L4
10
37.77758390679257
20
-53.83918256027329
0
VERTEX
8
L4
10
37.770208005379246
20
-53.83271406834044
0
VERTEX
8
L4
10
37.76205089820358
20
-53.82726366357844
0
VERTEX
8
L4
10
37.75325215563096
20
-53.82292460392393
0
VERTEX
8
L4
10
37.74396232658627
20
-53.8197711318906
0
VERTEX
8
L4
10
37.7343403626201
20
-53.81785720425924
0
VERTEX
8
L4
10
37.72455089820359
20
-53.81721556886228
0
SEQEND
0
POLYLINE
8
L4
66
1
70
1
0
VERTEX
8
L4
10
37.72455089820359
20
-53.338173652694614
0
VERTEX
8
L4
10
37.714761433787075
20
-53.338815288091574
0
VERTEX
8
L4
10
37.70513946982091
20
-53.34072921572293
0
VERTEX
8
L4
10
37.69584964077622
20
-53.34388268775626
0
VERTEX
8
L4
10
37.687050898203594
20
-53.348221747410776
0
VERTEX
8
L4
10
37.67889379102793
20
-53.35367215217277
0
VERTEX
8
L4
10
37.671517889614606
20
-53.36014064410562
0
VERTEX
8
L4
10
37.665049397681756
20
-53.36751654551896
0
VERTEX
8
L4
10
37.659598992919754
20
-53.37567365269461
0
VERTEX
8
L4
10
37.65525993326524
20
-53.38447239526723
0
VERTEX
8
L4
10
37.652106461231895
20
-53.39376222431192
0
VERTEX
8
L4
10
37.65019253360056
20
-53.40338418827811
0
VERTEX
8
L4
10
37.6495508982036
20
-53.41317365269461
0
VERTEX
8
L4
10
37.65019253360056
20
-53.42296311711112
0
VERTEX
8
L4
10
37.652106461231895
20
-53.4325850810773
0
VERTEX
8
L4
10
37.65525993326524
20
-53.441874910121996
0
VERTEX
8
L4
10
37.659598992919754
20
-53.45067365269461
0
VERTEX
8
L4
10
37.665049397681756
20
-53.45883075987027
0
VERTEX
8
L4
10
37.671517889614606
20
-53.4662066612836
0
VERTEX
8
L4
10
37.67889379102793
20
-53.47267515321646
0
VERTEX
8
L4
10
37.687050898203594
20
-53.478125557978444
0
VERTEX
8
L4
10
37.69584964077622
20
-53.48246461763296
0
VERTEX
8
L4
10
37.70513946982091
20
-53.48561808966629
0
VERTEX
8
L4
10
37.714761433787075
20
-53.487532017297646
0
VERTEX
8
L4
10
37.72455089820359
20
-53.48817365269461
0
VERTEX
8
L4
10
37.7343403626201
20
-53.487532017297646
0
VERTEX
8
L4
10
37.74396232658627
20
-53.48561808966629
0
VERTEX
8
L4
10
37.75325215563096
20
-53.48246461763296
0
VERTEX
8
L4
10
37.76205089820358
20
-53.478125557978444
0
VERTEX
8
L4
10
37.770208005379246
20
-53.47267515321646
0
VERTEX
8
L4
10
37.77758390679257
20
-53.4662066612836
0
VERTEX
8
L4
10
37.78405239872542
20
-53.45883075987027
0
VERTEX
8
L4
10
37.78950280348742
20
-53.45067365269461
0
VERTEX
8
L4
10
37.793841863141935
20
-53.441874910121996
0
VERTEX
8
L4
10
37.79699533517528
20
-53.4325850810773
0
VERTEX
8
L4
10
37.79890926280662
20
-53.42296311711112
0
VERTEX
8
L4
10
37.79955089820358
20
-53.41317365269461
0
VERTEX
8
L4
10
37.79890926280662
20
-53.40338418827811
0
VERTEX
8
L4
10
37.79699533517528
20
-53.39376222431192
0
VERTEX
8
L4
10
37.793841863141935
20
-53.38447239526723
0
VERTEX
8
L4
10
37.78950280348742
20
-53.37567365269461
0
VERTEX
8
L4
10
37.78405239872542
20
-53.36751654551896
0
VERTEX
8
L4
10
37.77758390679257
20
-53.36014064410562
0
VERTEX
8
L4
10
37.770208005379246
20
-53.35367215217277
0
VERTEX
8
L4
10
37.76205089820358
20
-53.348221747410776
0
VERTEX
8
L4
10
37.75325215563096
20
-53.34388268775626
0
VERTEX
8
L4
10
37.74396232658627
20
-53.34072921572293
0
VERTEX
8
L4
10
37.7343403626201
20
-53.338815288091574
0
VERTEX
8
L4
10
37.72455089820359
20
-53.338173652694614
0
SEQEND
0
POLYLINE
8
L4
66
1
70
1
0
VERTEX
8
L4
10
39.58083832335329
20
-53.577694610778444
0
VERTEX
8
L4
10
39.57104885893678
20
-53.57833624617541
0
VERTEX
8
L4
10
39.56142689497061
20
-53.58025017380676
0
VERTEX
8
L4
10
39.55213706592592
20
-53.5834036458401
0
VERTEX
8
L4
10
39.5433383233533
20
-53.58774270549461
0
VERTEX
8
L4
10
39.535181216177634
20
-53.5931931102566
0
VERTEX
8
L4
10
39.52780531476431
20
-53.59966160218946
0
VERTEX
8
L4
10
39.52133682283146
20
-53.60703750360279
0
VERTEX
8
L4
10
39.51588641806946
20
-53.615194610778445
0
VERTEX
8
L4
10
39.511547358414944
20
-53.62399335335106
0
VERTEX
8
L4
10
39.508393886381626
20
-53.63328318239576
0
VERTEX
8
L4
10
39.50647995875026
20
-53.64290514636194
0
VERTEX
8
L4
10
39.5058383233533
20
-53.65269461077845
0
VERTEX
8
L4
10
39.50647995875026
20
-53.662484075194946
0
VERTEX
8
L4
10
39.508393886381626
20
-53.672106039161136
0
VERTEX
8
L4
10
39.511547358414944
20
-53.681395868205826
0
VERTEX
8
L4
10
39.51588641806946
20
-53.69019461077844
0
VERTEX
8
L4
10
39.52133682283146
20
-53.6983517179541
0
VERTEX
8
L4
10
39.52780531476431
20
-53.70572761936744
0
VERTEX
8
L4
10
39.535181216177634
20
-53.71219611130029
0
VERTEX
8
L4
10
39.5433383233533
20
-53.717646516062274
0
VERTEX
8
L4
10
39.55213706592592
20
-53.72198557571679
0
VERTEX
8
L4
10
39.56142689497061
20
-53.725139047750126
0
VERTEX
8
L4
10
39.57104885893678
20
-53.72705297538148
0
VERTEX
8
L4
10
39.58083832335329
20
-53.72769461077844
0
VERTEX
8
L4
10
39.590627787769805
20
-53.72705297538148
0
VERTEX
8
L4
10
39.60024975173597
20
-53.725139047750126
0
VERTEX
8
L4
10
39.60953958078066
20
-53.72198557571679
0
VERTEX
8
L4
10
39.618338323353285
20
-53.717646516062274
0
VERTEX
8
L4
10
39.62649543052895
20
-53.71219611130029
0
VERTEX
8
L4
10
39.633871331942274
20
-53.70572761936744
0
VERTEX
8
L4
10
39.640339823875124
20
-53.6983517179541
0
VERTEX
8
L4
10
39.645790228637125
20
-53.69019461077844
0
VERTEX
8
L4
10
39.65012928829164
20
-53.681395868205826
0
VERTEX
8
L4
10
39.653282760324984
20
-53.672106039161136
0
VERTEX
8
L4
10
39.65519668795632
20
-53.662484075194946
0
VERTEX
8
L4
10
39.65583832335328
20
-53.65269461077845
0
VERTEX
8
L4
10
39.65519668795632
20
-53.64290514636194
0
VERTEX
8
L4
10
39.653282760324984
20
-53.63328318239576
0
VERTEX
8
L4
10
39.65012928829164
20
-53.62399335335106
0
VERTEX
8
L4
10
39.645790228637125
20
-53.615194610778445
0
VERTEX
8
L4
10
39.640339823875124
20
-53.60703750360279
0
VERTEX
8
L4
10
39.633871331942274
20
-53.59966160218946
0
VERTEX
8
L4
10
39.62649543052895
20
-53.5931931102566
0
VERTEX
8
L4
10
39.618338323353285
20
-53.58774270549461
0
VERTEX
8
L4
10
39.60953958078066
20
-53.5834036458401
0
VERTEX
8
L4
10
39.60024975173597
20
-53.58025017380677
0
VERTEX
8
L4
10
39.590627787769805
20
-53.57833624617541
0
VERTEX
8
L4
10
39.58083832335329
20
-53.577694610778444
0
SEQEND
0
POLYLINE
8
L4
66
1
70
1
0
VERTEX
8
L4
10
37.72455089820359
20
-54.29625748502994
0
VERTEX
8
L4
10
37.714761433787075
20
-54.29689912042691
0
VERTEX
8
L4
10
37.70513946982091
20
-54.298813048058264
0
VERTEX
8
L4
10
37.69584964077622
20
-54.3019665200916
0
VERTEX
8
L4
10
37.687050898203594
20
-54.30630557974611
0
VERTEX
8
L4
10
37.67889379102793
20
-54.311755984508096
0
VERTEX
8
L4
10
37.671517889614606
20
-54.31822447644095
0
VERTEX
8
L4
10
37.665049397681756
20
-54.325600377854286
0
VERTEX
8
L4
10
37.659598992919754
20
-54.33375748502994
0
VERTEX
8
L4
10
37.65525993326524
20
-54.34255622760256
0
VERTEX
8
L4
10
37.652106461231895
20
-54.351846056647254
0
VERTEX
8
L4
10
37.65019253360056
20
-54.36146802061344
0
VERTEX
8
L4
10
37.6495508982036
20
-54.37125748502994
0
VERTEX
8
L4
10
37.65019253360056
20
-54.38104694944644
0
VERTEX
8
L4
10
37.652106461231895
20
-54.39066891341263
0
VERTEX
8
L4
10
37.65525993326524
20
-54.39995874245732
0
VERTEX
8
L4
10
37.659598992919754
20
-54.408757485029945
0
VERTEX
8
L4
10
37.665049397681756
20
-54.41691459220559
0
VERTEX
8
L4
10
37.671517889614606
20
-54.42429049361893
0
VERTEX
8
L4
10
37.67889379102793
20
-54.43075898555178
0
VERTEX
8
L4
10
37.687050898203594
20
-54.43620939031378
0
VERTEX
8
L4
10
37.69584964077622
20
-54.44054844996829
0
VERTEX
8
L4
10
37.70513946982091
20
-54.44370192200162
0
VERTEX
8
L4
10
37.714761433787075
20
-54.44561584963298
0
VERTEX
8
L4
10
37.72455089820359
20
-54.44625748502994
0
VERTEX
8
L4
10
37.7343403626201
20
-54.44561584963298
0
VERTEX
8
L4
10
37.74396232658627
20
-54.44370192200162
0
VERTEX
8
L4
10
37.75325215563096
20
-54.44054844996829
0
VERTEX
8
L4
10
37.76205089820358
20
-54.43620939031378
0
VERTEX
8
L4
10
37.770208005379246
20
-54.43075898555178
0
VERTEX
8
L4
10
37.77758390679257
20
-54.42429049361893
0
VERTEX
8
L4
10
37.78405239872542
20
-54.41691459220559
0
VERTEX
8
L4
10
37.78950280348742
20
-54.408757485029945
0
VERTEX
8
L4
10
37.793841863141935
20
-54.39995874245732
0
VERTEX
8
L4
10
37.79699533517528
20
-54.39066891341263
0
VERTEX
8
L4
10
37.79890926280662
20
-54.38104694944644
0
VERTEX
8
L4
10
37.79955089820358
20
-54.37125748502994
0
VERTEX
8
L4
10
37.79890926280662
20
-54.36146802061344
0
VERTEX
8
L4
10
37.79699533517528
20
-54.351846056647254
0
VERTEX
8
L4
10
37.793841863141935
20
-54.34255622760256
0
VERTEX
8
L4
10
37.78950280348742
20
-54.33375748502994
0
VERTEX
8
L4
10
37.78405239872542
20
-54.325600377854286
0
VERTEX
8
L4
10
37.77758390679257
20
-54.31822447644095
0
VERTEX
8
L4
10
37.770208005379246
20
-54.311755984508096
0
VERTEX
8
L4
10
37.76205089820358
20
-54.30630557974611
0
VERTEX
8
L4
10
37.75325215563096
20
-54.3019665200916
0
VERTEX
8
L4
10
37.74396232658627
20
-54.298813048058264
0
VERTEX
8
L4
10
37.7343403626201
20
-54.29689912042691
0
VERTEX
8
L4
10
37.72455089820359
20
-54.29625748502994
0
SEQEND
0
POLYLINE
8
L4
66
1
70
1
0
VERTEX
8
L4
10
39.58083832335329
20
-53.14056886227545
0
VERTEX
8
L4
10
39.57104885893678
20
-53.14121049767241
0
VERTEX
8
L4
10
39.56142689497061
20
-53.14312442530377
0
VERTEX
8
L4
10
39.55213706592592
20
-53.1462778973371
0
VERTEX
8
L4
10
39.5433383233533
20
-53.15061695699162
0
VERTEX
8
L4
10
39.535181216177634
20
-53.15606736175361
0
VERTEX
8
L4
10
39.52780531476431
20
-53.16253585368646
0
VERTEX
8
L4
10
39.52133682283146
20
-53.1699117550998
0
VERTEX
8
L4
10
39.51588641806946
20
-53.17806886227545
0
VERTEX
8
L4
10
39.511547358414944
20
-53.18686760484807
0
VERTEX
8
L4
10
39.508393886381626
20
-53.196157433892765
0
VERTEX
8
L4
10
39.50647995875026
20
-53.20577939785895
0
VERTEX
8
L4
10
39.5058383233533
20
-53.21556886227545
0
VERTEX
8
L4
10
39.50647995875026
20
-53.22535832669195
0
VERTEX
8
L4
10
39.508393886381626
20
-53.234980290658136
0
VERTEX
8
L4
10
39.511547358414944
20
-53.24427011970283
0
VERTEX
8
L4
10
39.51588641806946
20
-53.25306886227545
0
VERTEX
8
L4
10
39.52133682283146
20
-53.261225969451104
0
VERTEX
8
L4
10
39.52780531476431
20
-53.268601870864444
0
VERTEX
8
L4
10
39.535181216177634
20
-53.275070362797294
0
VERTEX
8
L4
10
39.5433383233533
20
-53.28052076755928
0
VERTEX
8
L4
10
39.55213706592592
20
-53.28485982721379
0
VERTEX
8
L4
10
39.56142689497061
20
-53.28801329924713
0
VERTEX
8
L4
10
39.57104885893678
20
-53.28992722687848
0
VERTEX
8
L4
10
39.58083832335329
20
-53.29056886227545
0
VERTEX
8
L4
10
39.590627787769805
20
-53.28992722687848
0
VERTEX
8
L4
10
39.60024975173597
20
-53.28801329924713
0
VERTEX
8
L4
10
39.60953958078066
20
-53.28485982721379
0
VERTEX
8
L4
10
39.618338323353285
20
-53.28052076755928
0
VERTEX
8
L4
10
39.62649543052895
20
-53.275070362797294
0
VERTEX
8
L4
10
39.633871331942274
20
-53.268601870864444
0
VERTEX
8
L4
10
39.640339823875124
20
-53.261225969451104
0
VERTEX
8
L4
10
39.645790228637125
20
-53.25306886227545
0
VERTEX
8
L4
10
39.65012928829164
20
-53.24427011970283
0
VERTEX
8
L4
10
39.653282760324984
20
-53.234980290658136
0
VERTEX
8
L4
10
39.65519668795632
20
-53.22535832669195
0
VERTEX
8
L4
10
39.65583832335328
20
-53.21556886227545
0
VERTEX
8
L4
10
39.65519668795632
20
-53.20577939785895
0
VERTEX
8
L4
10
39.653282760324984
20
-53.196157433892765
0
VERTEX
8
L4
10
39.65012928829164
20
-53.18686760484807
0
VERTEX
8
L4
10
39.645790228637125
20
-53.17806886227545
0
VERTEX
8
L4
10
39.640339823875124
20
-53.1699117550998
0
VERTEX
8
L4
10
39.633871331942274
20
-53.16253585368646
0
VERTEX
8
L4
10
39.62649543052895
20
-53.15606736175361
0
VERTEX
8
L4
10
39.618338323353285
20
-53.15061695699162
0
VERTEX
8
L4
10
39.60953958078066
20
-53.1462778973371
0
VERTEX
8
L4
10
39.60024975173597
20
-53.14312442530377
0
VERTEX
8
L4
10
39.590627787769805
20
-53.14121049767241
0
VERTEX
8
L4
10
39.58083832335329
20
-53.14056886227545
0
SEQEND
0
POLYLINE
8
L4
66
1
70
1
0
VERTEX
8
L4
10
37.72455089820359
20
-55.254341317365274
0
VERTEX
8
L4
10
37.714761433787075
20
-55.254982952762234
0
VERTEX
8
L4
10
37.70513946982091
20
-55.25689688039359
0
VERTEX
8
L4
10
37.69584964077622
20
-55.26005035242692
0
VERTEX
8
L4
10
37.687050898203594
20
-55.26438941208144
0
VERTEX
8
L4
10
37.67889379102793
20
-55.26983981684343
0
VERTEX
8
L4
10
37.671517889614606
20
-55.27630830877628
0
VERTEX
8
L4
10
37.665049397681756
20
-55.28368421018962
0
VERTEX
8
L4
10
37.659598992919754
20
-55.291841317365275
0
VERTEX
8
L4
10
37.65525993326524
20
-55.30064005993789
0
VERTEX
8
L4
10
37.652106461231895
20
-55.30992988898258
0
VERTEX
8
L4
10
37.65019253360056
20
-55.31955185294877
0
VERTEX
8
L4
10
37.6495508982036
20
-55.32934131736527
0
VERTEX
8
L4
10
37.65019253360056
20
-55.339130781781776
0
VERTEX
8
L4
10
37.652106461231895
20
-55.34875274574796
0
VERTEX
8
L4
10
37.65525993326524
20
-55.358042574792655
0
VERTEX
8
L4
10
37.659598992919754
20
-55.36684131736527
0
VERTEX
8
L4
10
37.665049397681756
20
-55.37499842454093
0
VERTEX
8
L4
10
37.671517889614606
20
-55.38237432595427
0
VERTEX
8
L4
10
37.67889379102793
20
-55.38884281788712
0
VERTEX
8
L4
10
37.687050898203594
20
-55.394293222649104
0
VERTEX
8
L4
10
37.69584964077622
20
-55.398632282303616
0
VERTEX
8
L4
10
37.70513946982091
20
-55.401785754336956
0
VERTEX
8
L4
10
37.714761433787075
20
-55.403699681968305
0
VERTEX
8
L4
10
37.72455089820359
20
-55.40434131736527
0
VERTEX
8
L4
10
37.7343403626201
20
-55.403699681968305
0
VERTEX
8
L4
10
37.74396232658627
20
-55.401785754336956
0
VERTEX
8
L4
10
37.75325215563096
20
-55.398632282303616
0
VERTEX
8
L4
10
37.76205089820358
20
-55.394293222649104
0
VERTEX
8
L4
10
37.770208005379246
20
-55.38884281788712
0
VERTEX
8
L4
10
37.77758390679257
20
-55.38237432595427
0
VERTEX
8
L4
10
37.78405239872542
20
-55.37499842454093
0
VERTEX
8
L4
10
37.78950280348742
20
-55.36684131736527
0
VERTEX
8
L4
10
37.793841863141935
20
-55.358042574792655
0
VERTEX
8
L4
10
37.79699533517528
20
-55.34875274574796
0
VERTEX
8
L4
10
37.79890926280662
20
-55.339130781781776
0
VERTEX
8
L4
10
37.79955089820358
20
-55.32934131736527
0
VERTEX
8
L4
10
37.79890926280662
20
-55.31955185294877
0
VERTEX
8
L4
10
37.79699533517528
20
-55.30992988898258
0
VERTEX
8
L4
10
37.793841863141935
20
-55.30064005993789
0
VERTEX
8
L4
10
37.78950280348742
20
-55.291841317365275
0
VERTEX
8
L4
10
37.78405239872542
20
-55.28368421018962
0
VERTEX
8
L4
10
37.77758390679257
20
-55.27630830877628
0
VERTEX
8
L4
10
37.770208005379246
20
-55.26983981684343
0
VERTEX
8
L4
10
37.76205089820358
20
-55.26438941208144
0
VERTEX
8
L4
10
37.75325215563096
20
-55.26005035242692
0
VERTEX
8
L4
10
37.74396232658627
20
-55.25689688039359
0
VERTEX
8
L4
10
37.7343403626201
20
-55.254982952762234
0
VERTEX
8
L4
10
37.72455089820359
20
-55.254341317365274
0
SEQEND
0
POLYLINE
8
L4
66
1
70
1
0
VERTEX
8
L4
10
38.9820359281437
20
-55.61362275449102
0
VERTEX
8
L4
10
38.97224646372722
20
-55.614264389887985
0
VERTEX
8
L4
10
38.96262449976102
20
-55.61617831751934
0
VERTEX
8
L4
10
38.95333467071633
20
-55.619331789552675
0
VERTEX
8
L4
10
38.94453592814371
20
-55.62367084920719
0
VERTEX
8
L4
10
38.936378820968045
20
-55.62912125396918
0
VERTEX
8
L4
10
38.92900291955472
20
-55.63558974590203
0
VERTEX
8
L4
10
38.92253442762187
20
-55.642965647315364
0
VERTEX
8
L4
10
38.91708402285987
20
-55.65112275449102
0
VERTEX
8
L4
10
38.912744963205355
20
-55.65992149706364
0
VERTEX
8
L4
10
38.90959149117204
20
-55.66921132610833
0
VERTEX
8
L4
10
38.90767756354067
20
-55.678833290074515
0
VERTEX
8
L4
10
38.90703592814371
20
-55.68862275449102
0
VERTEX
8
L4
10
38.90767756354067
20
-55.69841221890753
0
VERTEX
8
L4
10
38.90959149117204
20
-55.70803418287371
0
VERTEX
8
L4
10
38.912744963205355
20
-55.7173240119184
0
VERTEX
8
L4
10
38.91708402285987
20
-55.72612275449102
0
VERTEX
8
L4
10
38.92253442762187
20
-55.73427986166668
0
VERTEX
8
L4
10
38.92900291955472
20
-55.74165576308001
0
VERTEX
8
L4
10
38.936378820968045
20
-55.74812425501286
0
VERTEX
8
L4
10
38.94453592814371
20
-55.753574659774856
0
VERTEX
8
L4
10
38.95333467071633
20
-55.75791371942937
0
VERTEX
8
L4
10
38.96262449976102
20
-55.7610671914627
0
VERTEX
8
L4
10
38.97224646372722
20
-55.76298111909406
0
VERTEX
8
L4
10
38.9820359281437
20
-55.763622754491024
0
VERTEX
8
L4
10
38.991825392560216
20
-55.76298111909406
0
VERTEX
8
L4
10
39.00144735652641
20
-55.7610671914627
0
VERTEX
8
L4
10
39.0107371855711
20
-55.75791371942937
0
VERTEX
8
L4
10
39.019535928143725
20
-55.753574659774856
0
VERTEX
8
L4
10
39.02769303531936
20
-55.74812425501286
0
VERTEX
8
L4
10
39.03506893673271
20
-55.74165576308001
0
VERTEX
8
L4
10
39.04153742866556
20
-55.73427986166668
0
VERTEX
8
L4
10
39.046987833427536
20
-55.72612275449102
0
VERTEX
8
L4
10
39.05132689308205
20
-55.7173240119184
0
VERTEX
8
L4
10
39.054480365115396
20
-55.70803418287371
0
VERTEX
8
L4
10
39.05639429274676
20
-55.69841221890753
0
VERTEX
8
L4
10
39.05703592814372
20
-55.68862275449102
0
VERTEX
8
L4
10
39.05639429274676
20
-55.678833290074515
0
VERTEX
8
L4
10
39.054480365115396
20
-55.66921132610833
0
VERTEX
8
L4
10
39.05132689308205
20
-55.65992149706364
0
VERTEX
8
L4
10
39.046987833427536
20
-55.65112275449102
0
VERTEX
8
L4
10
39.04153742866556
20
-55.642965647315364
0
VERTEX
8
L4
10
39.03506893673271
20
-55.63558974590203
0
VERTEX
8
L4
10
39.02769303531936
20
-55.62912125396918
0
VERTEX
8
L4
10
39.019535928143725
20
-55.62367084920719
0
VERTEX
8
L4
10
39.0107371855711
20
-55.619331789552675
0
VERTEX
8
L4
10
39.00144735652641
20
-55.61617831751934
0
VERTEX
8
L4
10
38.991825392560216
20
-55.614264389887985
0
VERTEX
8
L4
10
38.9820359281437
20
-55.61362275449102
0
SEQEND
0
POLYLINE
8
L4
66
1
70
1
0
VERTEX
8
L4
10
37.72455089820359
20
-56.2124251497006
0
VERTEX
8
L4
10
37.714761433787075
20
-56.21306678509757
0
VERTEX
8
L4
10
37.70513946982091
20
-56.214980712728924
0
VERTEX
8
L4
10
37.69584964077622
20
-56.218134184762256
0
VERTEX
8
L4
10
37.687050898203594
20
-56.22247324441677
0
VERTEX
8
L4
10
37.67889379102793
20
-56.22792364917876
0
VERTEX
8
L4
10
37.671517889614606
20
-56.23439214111161
0
VERTEX
8
L4
10
37.665049397681756
20
-56.241768042524946
0
VERTEX
8
L4
10
37.659598992919754
20
-56.2499251497006
0
VERTEX
8
L4
10
37.65525993326524
20
-56.258723892273224
0
VERTEX
8
L4
10
37.652106461231895
20
-56.268013721317914
0
VERTEX
8
L4
10
37.65019253360056
20
-56.277635685284096
0
VERTEX
8
L4
10
37.6495508982036
20
-56.2874251497006
0
VERTEX
8
L4
10
37.65019253360056
20
-56.29721461411711
0
VERTEX
8
L4
10
37.652106461231895
20
-56.30683657808329
0
VERTEX
8
L4
10
37.65525993326524
20
-56.31612640712798
0
VERTEX
8
L4
10
37.659598992919754
20
-56.324925149700604
0
VERTEX
8
L4
10
37.665049397681756
20
-56.33308225687626
0
VERTEX
8
L4
10
37.671517889614606
20
-56.34045815828959
0
VERTEX
8
L4
10
37.67889379102793
20
-56.34692665022244
0
VERTEX
8
L4
10
37.687050898203594
20
-56.35237705498444
0
VERTEX
8
L4
10
37.69584964077622
20
-56.35671611463895
0
VERTEX
8
L4
10
37.70513946982091
20
-56.35986958667228
0
VERTEX
8
L4
10
37.714761433787075
20
-56.36178351430364
0
VERTEX
8
L4
10
37.72455089820359
20
-56.362425149700606
0
VERTEX
8
L4
10
37.7343403626201
20
-56.36178351430364
0
VERTEX
8
L4
10
37.74396232658627
20
-56.35986958667228
0
VERTEX
8
L4
10
37.75325215563096
20
-56.35671611463895
0
VERTEX
8
L4
10
37.76205089820358
20
-56.35237705498444
0
VERTEX
8
L4
10
37.770208005379246
20
-56.34692665022244
0
VERTEX
8
L4
10
37.77758390679257
20
-56.34045815828959
0
VERTEX
8
L4
10
37.78405239872542
20
-56.33308225687626
0
VERTEX
8
L4
10
37.78950280348742
20
-56.324925149700604
0
VERTEX
8
L4
10
37.793841863141935
20
-56.31612640712798
0
VERTEX
8
L4
10
37.79699533517528
20
-56.30683657808329
0
VERTEX
8
L4
10
37.79890926280662
20
-56.29721461411711
0
VERTEX
8
L4
10
37.79955089820358
20
-56.2874251497006
0
VERTEX
8
L4
10
37.79890926280662
20
-56.277635685284096
0
VERTEX
8
L4
10
37.79699533517528
20
-56.268013721317914
0
VERTEX
8
L4
10
37.793841863141935
20
-56.258723892273224
0
VERTEX
8
L4
10
37.78950280348742
20
-56.2499251497006
0
VERTEX
8
L4
10
37.78405239872542
20
-56.241768042524946
0
VERTEX
8
L4
10
37.77758390679257
20
-56.23439214111161
0
VERTEX
8
L4
10
37.770208005379246
20
-56.22792364917876
0
VERTEX
8
L4
10
37.76205089820358
20
-56.22247324441677
0
VERTEX
8
L4
10
37.75325215563096
20
-56.218134184762256
0
VERTEX
8
L4
10
37.74396232658627
20
-56.214980712728924
0
VERTEX
8
L4
10
37.7343403626201
20
-56.21306678509757
0
VERTEX
8
L4
10
37.72455089820359
20
-56.2124251497006
0
SEQEND
0
POLYLINE
8
L4
66
1
70
1
0
VERTEX
8
L4
10
44.00910640297481
20
-55.39367001410194
0
VERTEX
8
L4
10
44.03764840892585
20
-55.40265331500438
0
VERTEX
8
L4
10
44.0675696127697
20
-55.4023937782106
0
VERTEX
8
L4
10
44.09595149338951
20
-55.39291671899927
0
VERTEX
8
L4
10
44.120025675610364
20
-55.37514653190939
0
VERTEX
8
L4
10
44.13744395815168
20
-55.350816525084014
0
VERTEX
8
L4
10
44.14650735772118
20
-55.32229985299459
0
VERTEX
8
L4
10
44.146331828236626
20
-55.29237803840703
0
VERTEX
8
L4
10
44.13693449088434
20
-55.26396966201027
0
VERTEX
8
L4
10
44.11923196411489
20
-55.23984568338342
0
VERTEX
8
L4
10
44.094950956468026
20
-55.22235916095997
0
VERTEX
8
L4
10
44.06645984302408
20
-55.21321573416604
0
VERTEX
8
L4
10
44.03653765355277
20
-55.21330725495778
0
VERTEX
8
L4
10
44.00810300530928
20
-55.22262479637608
0
VERTEX
8
L4
10
43.983929420434706
20
-55.240259523284216
0
VERTEX
8
L4
10
43.96637479596738
20
-55.26449134035648
0
VERTEX
8
L4
10
43.957151414022476
20
-55.29295667057256
0
VERTEX
8
L4
10
43.95715892539998
20
-55.3228789990647
0
VERTEX
8
L4
10
43.96639659743839
20
-55.351339695017586
0
VERTEX
8
L4
10
43.92524284343678
20
-55.40801067350787
0
VERTEX
8
L4
10
43.89196818198913
20
-55.469638817865906
0
VERTEX
8
L4
10
43.86716042818672
20
-55.535135433219295
0
VERTEX
8
L4
10
43.85125782456696
20
-55.60334348603995
0
VERTEX
8
L4
10
43.844541299319374
20
-55.673058043774105
0
VERTEX
8
L4
10
43.847129503535555
20
-55.7430475606349
0
VERTEX
8
L4
10
43.858976715172574
20
-55.81207563353208
0
VERTEX
8
L4
10
43.87987364675804
20
-55.87892284380882
0
VERTEX
8
L4
10
43.909451142567704
20
-55.94240829893913
0
VERTEX
8
L4
10
43.947186699963126
20
-56.00141049364008
0
VERTEX
8
L4
10
43.99241369968662
20
-56.05488712187599
0
VERTEX
8
L4
10
44.044333182054984
20
-56.10189348976453
0
VERTEX
8
L4
10
44.102027961019175
20
-56.14159920411076
0
VERTEX
8
L4
10
44.164478826757474
20
-56.17330284175705
0
VERTEX
8
L4
10
44.23058255057437
20
-56.196444340606746
0
VERTEX
8
L4
10
44.29917137403878
20
-56.210614893427355
0
VERTEX
8
L4
10
44.369033638075265
20
-56.21556416965392
0
VERTEX
8
L4
10
44.43893518758436
20
-56.21120473761531
0
VERTEX
8
L4
10
44.50764117346718
20
-56.19761360906251
0
VERTEX
8
L4
10
44.573937866910185
20
-56.17503087871392
0
VERTEX
8
L4
10
44.636654100568265
20
-56.14385548285088
0
VERTEX
8
L4
10
44.694681957876455
20
-56.104638151890086
0
VERTEX
8
L4
10
44.74699634500202
20
-56.05807168142957
0
VERTEX
8
L4
10
44.79267309968735
20
-56.004978693635636
0
VERTEX
8
L4
10
44.8309053170819
20
-55.94629710517241
0
VERTEX
8
L4
10
44.86101760415751
20
-55.88306355839108
0
VERTEX
8
L4
10
44.88247801089558
20
-55.81639510847578
0
VERTEX
8
L4
10
44.89490742747513
20
-55.747469490053
0
VERTEX
8
L4
10
44.898086281455036
20
-55.677504311865235
0
VERTEX
8
L4
10
44.89195841664137
20
-55.60773554704675
0
VERTEX
8
L4
10
44.87663208511718
20
-55.53939569898223
0
VERTEX
8
L4
10
44.852378034910245
20
-55.473692028460476
0
VERTEX
8
L4
10
44.819624727081234
20
-55.41178522675235
0
VERTEX
8
L4
10
44.778950766724606
20
-55.354768911364744
0
VERTEX
8
L4
10
44.731074681593256
20
-55.30365030668928
0
VERTEX
8
L4
10
44.67684222891283
20
-55.25933245083255
0
VERTEX
8
L4
10
44.61721145461782
20
-55.22259824295422
0
VERTEX
8
L4
10
44.55323576894618
20
-55.19409661292512
0
VERTEX
8
L4
10
44.54700547962683
20
-55.164830091201324
0
VERTEX
8
L4
10
44.532050820424516
20
-55.138912838898
0
VERTEX
8
L4
10
44.509830472243365
20
-55.11887283077622
0
VERTEX
8
L4
10
44.48251181296463
20
-55.106664773845445
0
VERTEX
8
L4
10
44.45275951090865
20
-55.10347944479149
0
VERTEX
8
L4
10
44.423475612472984
20
-55.10962754134416
0
VERTEX
8
L4
10
44.3975164758581
20
-55.124509376749195
0
VERTEX
8
L4
10
44.377414161230476
20
-55.14667337335236
0
VERTEX
8
L4
10
44.36512945299056
20
-55.17395764981834
0
VERTEX
8
L4
10
44.36186060441047
20
-55.203700891534275
0
VERTEX
8
L4
10
44.36792645973382
20
-55.233001935850275
0
VERTEX
8
L4
10
44.382735354034864
20
-55.25900275215272
0
VERTEX
8
L4
10
44.404842824351405
20
-55.2791672148288
0
VERTEX
8
L4
10
44.43209250293519
20
-55.29152847754316
0
VERTEX
8
L4
10
44.46182644985872
20
-55.29488081988257
0
VERTEX
8
L4
10
44.491144409088335
20
-55.28889725360285
0
VERTEX
8
L4
10
44.517186700125805
20
-55.274161417137556
0
VERTEX
8
L4
10
44.537413151903124
20
-55.25211064737069
0
VERTEX
8
L4
10
44.59661073952036
20
-55.279518322851274
0
VERTEX
8
L4
10
44.651412286042
20
-55.31490653492515
0
VERTEX
8
L4
10
44.700748759422495
20
-55.35758495393666
0
VERTEX
8
L4
10
44.743657736620875
20
-55.40672103773195
0
VERTEX
8
L4
10
44.77930217790781
20
-55.46135627233647
0
VERTEX
8
L4
10
44.80698675527891
20
-55.52042487000673
0
VERTEX
8
L4
10
44.82617141645001
20
-55.58277455990731
0
VERTEX
8
L4
10
44.83648191983711
20
-55.647189065842326
0
VERTEX
8
L4
10
44.837717135011886
20
-55.71241183256086
0
VERTEX
8
L4
10
44.829852966219946
20
-55.7771705377993
0
VERTEX
8
L4
10
44.81304282242478
20
-55.84020191189612
0
VERTEX
8
L4
10
44.78761462470793
20
-55.900276380814475
0
VERTEX
8
L4
10
44.75406440940314
20
-55.956222051853004
0
VERTEX
8
L4
10
44.713046651750105
20
-56.00694757414765
0
VERTEX
8
L4
10
44.66536149882769
20
-56.05146342801696
0
VERTEX
8
L4
10
44.61193916081798
20
-56.08890122785247
0
VERTEX
8
L4
10
44.55382176508603
20
-56.11853066200646
0
VERTEX
8
L4
10
44.49214302705387
20
-56.139773739224836
0
VERTEX
8
L4
10
44.42810613443545
20
-56.15221606371526
0
VERTEX
8
L4
10
44.36296027625279
20
-56.15561491890411
0
VERTEX
8
L4
10
44.29797627448907
20
-56.14990400218962
0
VERTEX
8
L4
10
44.23442179374025
20
-56.13519471832886
0
VERTEX
8
L4
10
44.17353661245913
20
-56.111774006227975
0
VERTEX
8
L4
10
44.11650843818349
20
-56.08009874152923
0
VERTEX
8
L4
10
44.06444973852906
20
-56.0407868241855
0
VERTEX
8
L4
10
44.01837603991278
20
-55.994605124879804
0
VERTEX
8
L4
10
43.97918611734006
20
-55.942454525423095
0
VERTEX
8
L4
10
43.9476444617013
20
-55.88535234495235
0
VERTEX
8
L4
10
43.92436636659282
20
-55.82441249474685
0
VERTEX
8
L4
10
43.909805925579704
20
-55.76082374878932
0
VERTEX
8
L4
10
43.904247174040975
20
-55.6958265539554
0
VERTEX
8
L4
10
43.90779854839691
20
-55.6306888322027
0
VERTEX
8
L4
10
43.92039077080348
20
-55.56668124679431
0
VERTEX
8
L4
10
43.94177820057838
20
-55.50505241504673
0
VERTEX
8
L4
10
43.971543625995835
20
-55.44700455113542
0
VERTEX
8
L4
10
44.00910640297481
20
-55.39367001410194
0
SEQEND
0
POLYLINE
8
L4
66
1
70
1
0
VERTEX
8
L4
10
44.39947395606147
20
-53.43685531636834
0
VERTEX
8
L4
10
44.429546844992885
20
-53.43906518431069
0
VERTEX
8
L4
10
44.45881712988252
20
-53.43181862737088
0
VERTEX
8
L4
10
44.484385404641344
20
-53.41583346265917
0
VERTEX
8
L4
10
44.50371897060235
20
-53.392693121429296
0
VERTEX
8
L4
10
44.51490271627675
20
-53.36468980023889
0
VERTEX
8
L4
10
44.51682882121021
20
-53.33459740444214
0
VERTEX
8
L4
10
44.50930649257667
20
-53.30539677539186
0
VERTEX
8
L4
10
44.49308086440975
20
-53.27998041932749
0
VERTEX
8
L4
10
44.46975918738302
20
-53.260865986412405
0
VERTEX
8
L4
10
44.4416516205071
20
-53.24994688162686
0
VERTEX
8
L4
10
44.411542395327885
20
-53.248304711078276
0
VERTEX
8
L4
10
44.38241402025456
20
-53.256102142103366
0
VERTEX
8
L4
10
44.35715184431503
20
-53.272566790043804
0
VERTEX
8
L4
10
44.338258245160134
20
-53.29606772781184
0
VERTEX
8
L4
10
44.32760475279515
20
-53.32427703949136
0
VERTEX
8
L4
10
44.326246662744225
20
-53.35440041507274
0
VERTEX
8
L4
10
44.33431850238132
20
-53.383453944460335
0
VERTEX
8
L4
10
44.300963725283154
20
-53.44068916821266
0
VERTEX
8
L4
10
44.27582379670211
20
-53.5019786125256
0
VERTEX
8
L4
10
44.25937947229299
20
-53.56615022765234
0
VERTEX
8
L4
10
44.25194522001145
20
-53.631976847543235
0
VERTEX
8
L4
10
44.25366320648344
20
-53.698199657176545
0
VERTEX
8
L4
10
44.26450057832564
20
-53.76355226511839
0
VERTEX
8
L4
10
44.2842500904069
20
-53.82678492096804
0
VERTEX
8
L4
10
44.312534069036516
20
-53.88668841457339
0
VERTEX
8
L4
10
44.34881163429036
20
-53.94211719998766
0
VERTEX
8
L4
10
44.392389043360836
20
-53.99201130196327
0
VERTEX
8
L4
10
44.44243295713319
20
-54.03541658606083
0
VERTEX
8
L4
10
44.49798637628852
20
-54.071503004744336
0
VERTEX
8
L4
10
44.55798694218434
20
-54.099580470538584
0
VERTEX
8
L4
10
44.62128725254196
20
-54.11911205270381
0
VERTEX
8
L4
10
44.6866768034392
20
-54.129724245064715
0
VERTEX
8
L4
10
44.7529051380081
20
-54.13121410864037
0
VERTEX
8
L4
10
44.818705759160466
20
-54.123553152485144
0
VERTEX
8
L4
10
44.88282034905332
20
-54.10688787852644
0
VERTEX
8
L4
10
44.94402283214147
20
-54.08153697998042
0
VERTEX
8
L4
10
45.00114282165423
20
-54.04798524692072
0
VERTEX
8
L4
10
45.05308800112509
20
-54.00687429554534
0
VERTEX
8
L4
10
45.09886501296806
20
-53.95899029842757
0
VERTEX
8
L4
10
45.13759845464459
20
-53.905248950387744
0
VERTEX
8
L4
10
45.16854761915336
20
-53.84667795748633
0
VERTEX
8
L4
10
45.19112065971167
20
-53.784397384004706
0
VERTEX
8
L4
10
45.204885907754644
20
-53.719598233242046
0
VERTEX
8
L4
10
45.2095801278155
20
-53.653519671731765
0
VERTEX
8
L4
10
45.2051135514276
20
-53.58742533242334
0
VERTEX
8
L4
10
45.19157159378416
20
-53.52257914998805
0
VERTEX
8
L4
10
45.169213220326995
20
-53.460221190355
0
VERTEX
8
L4
10
45.13846599450106
20
-53.4015439366935
0
VERTEX
8
L4
10
45.099917901377
20
-53.34766948532973
0
VERTEX
8
L4
10
45.054306103500394
20
-53.299628087684454
0
VERTEX
8
L4
10
45.00250284399162
20
-53.258338448578336
0
VERTEX
8
L4
10
44.945498766474074
20
-53.22459015766426
0
VERTEX
8
L4
10
44.884383970807065
20
-53.19902858995361
0
VERTEX
8
L4
10
44.820327166898
20
-53.1821425641867
0
VERTEX
8
L4
10
44.805490871794674
20
-53.15589096399528
0
VERTEX
8
L4
10
44.783230113964365
20
-53.13555083553395
0
VERTEX
8
L4
10
44.75574996168858
20
-53.12313699664733
0
VERTEX
8
L4
10
44.725772497145115
20
-53.11987911627076
0
VERTEX
8
L4
10
44.69626717702219
20
-53.1260999079766
0
VERTEX
8
L4
10
44.67015668912923
20
-53.14118316316222
0
VERTEX
8
L4
10
44.65002744175952
20
-53.16363479039348
0
VERTEX
8
L4
10
44.63787336365722
20
-53.19123081457246
0
VERTEX
8
L4
10
44.63489839281577
20
-53.22123767567947
0
VERTEX
8
L4
10
44.641397218836104
20
-53.25068300511149
0
VERTEX
8
L4
10
44.65672609206537
20
-53.27665005751495
0
VERTEX
8
L4
10
44.67936659105514
20
-53.296566632785265
0
VERTEX
8
L4
10
44.70707603177006
20
-53.30845986868929
0
VERTEX
8
L4
10
44.737109619568216
20
-53.31115166529638
0
VERTEX
8
L4
10
44.76649233839943
20
-53.304375383197204
0
VERTEX
8
L4
10
44.79231364488457
20
-53.28880225581687
0
VERTEX
8
L4
10
44.812015775970266
20
-53.26597489951604
0
VERTEX
8
L4
10
44.87037669809264
20
-53.283051527240545
0
VERTEX
8
L4
10
44.92542714379094
20
-53.308878971439206
0
VERTEX
8
L4
10
44.975863865774514
20
-53.34284580115539
0
VERTEX
8
L4
10
45.02049284062646
20
-53.38414789612744
0
VERTEX
8
L4
10
45.05825753574614
20
-53.43180748328399
0
VERTEX
8
L4
10
45.08826392137645
20
-53.48469628424242
0
VERTEX
8
L4
10
45.10980163558882
20
-53.54156222582367
0
VERTEX
8
L4
10
45.12236080117266
20
-53.6010590812469
0
VERTEX
8
L4
10
45.125644096311376
20
-53.66177834028757
0
VERTEX
8
L4
10
45.119573793287415
20
-53.722282553914496
0
VERTEX
8
L4
10
45.10429359858436
20
-53.78113936401538
0
VERTEX
8
L4
10
45.08016525082381
20
-53.83695541260144
0
VERTEX
8
L4
10
45.04775995707679
20
-53.88840932773515
0
VERTEX
8
L4
10
45.00784487028356
20
-53.93428300528235
0
VERTEX
8
L4
10
44.96136492791122
20
-53.97349044593431
0
VERTEX
8
L4
10
44.909420481795124
20
-54.00510346482068
0
VERTEX
8
L4
10
44.85324124874883
20
-54.02837366507217
0
VERTEX
8
L4
10
44.79415719862685
20
-54.042750155137504
0
VERTEX
8
L4
10
44.73356706902821
20
-54.0478925904202
0
VERTEX
8
L4
10
44.67290525201348
20
-54.04367923049173
0
VERTEX
8
L4
10
44.61360783674898
20
-54.03020982113694
0
VERTEX
8
L4
10
44.55707861197443
20
-54.00780323300302
0
VERTEX
8
L4
10
44.50465583314069
20
-53.976989912754064
0
VERTEX
8
L4
10
44.45758054096264
20
-53.9384993254402
0
VERTEX
8
L4
10
44.41696718140359
20
-53.893242685366694
0
VERTEX
8
L4
10
44.38377722262494
20
-53.842291384287265
0
VERTEX
8
L4
10
44.35879639348509
20
-53.786851627605785
0
VERTEX
8
L4
10
44.34261608243666
20
-53.72823587904116
0
VERTEX
8
L4
10
44.33561933717827
20
-53.66783178976564
0
VERTEX
8
L4
10
44.33797179650155
20
-53.60706934757848
0
VERTEX
8
L4
10
44.34961776900924
20
-53.54738702381536
0
VERTEX
8
L4
10
44.37028155153625
20
-53.49019771942116
0
VERTEX
8
L4
10
44.39947395606147
20
-53.43685531636834
0
SEQEND
0
POLYLINE
8
L4
66
1
70
1
0
VERTEX
8
L4
10
52.19397224798182
20
-53.26597489951604
0
VERTEX
8
L4
10
52.21367437906751
20
-53.28880225581687
0
VERTEX
8
L4
10
52.239495685552626
20
-53.304375383197204
0
VERTEX
8
L4
10
52.26887840438387
20
-53.31115166529637
0
VERTEX
8
L4
10
52.29891199218203
20
-53.30845986868929
0
VERTEX
8
L4
10
52.32662143289694
20
-53.296566632785265
0
VERTEX
8
L4
10
52.34926193188669
20
-53.27665005751495
0
VERTEX
8
L4
10
52.36459080511598
20
-53.25068300511149
0
VERTEX
8
L4
10
52.371089631136286
20
-53.22123767567947
0
VERTEX
8
L4
10
52.368114660294864
20
-53.19123081457246
0
VERTEX
8
L4
10
52.355960582192566
20
-53.16363479039348
0
VERTEX
8
L4
10
52.335831334822856
20
-53.14118316316222
0
VERTEX
8
L4
10
52.30972084692989
20
-53.1260999079766
0
VERTEX
8
L4
10
52.28021552680697
20
-53.11987911627076
0
VERTEX
8
L4
10
52.250238062263506
20
-53.12313699664733
0
VERTEX
8
L4
10
52.22275790998772
20
-53.13555083553395
0
VERTEX
8
L4
10
52.20049715215741
20
-53.15589096399528
0
VERTEX
8
L4
10
52.18566085705409
20
-53.1821425641867
0
VERTEX
8
L4
10
52.12160405314502
20
-53.19902858995361
0
VERTEX
8
L4
10
52.06048925747801
20
-53.22459015766426
0
VERTEX
8
L4
10
52.003485179960464
20
-53.258338448578336
0
VERTEX
8
L4
10
51.95168192045169
20
-53.299628087684454
0
VERTEX
8
L4
10
51.90607012257509
20
-53.34766948532973
0
VERTEX
8
L4
10
51.867522029451024
20
-53.4015439366935
0
VERTEX
8
L4
10
51.83677480362509
20
-53.460221190355
0
VERTEX
8
L4
10
51.814416430167924
20
-53.52257914998805
0
VERTEX
8
L4
10
51.800874472524484
20
-53.58742533242334
0
VERTEX
8
L4
10
51.796407896136586
20
-53.653519671731765
0
VERTEX
8
L4
10
51.80110211619744
20
-53.719598233242046
0
VERTEX
8
L4
10
51.81486736424041
20
-53.784397384004706
0
VERTEX
8
L4
10
51.83744040479873
20
-53.84667795748633
0
VERTEX
8
L4
10
51.868389569307496
20
-53.905248950387744
0
VERTEX
8
L4
10
51.90712301098402
20
-53.95899029842757
0
VERTEX
8
L4
10
51.952900022826995
20
-54.00687429554534
0
VERTEX
8
L4
10
52.00484520229786
20
-54.04798524692072
0
VERTEX
8
L4
10
52.061965191810614
20
-54.08153697998042
0
VERTEX
8
L4
10
52.12316767489877
20
-54.10688787852644
0
VERTEX
8
L4
10
52.18728226479162
20
-54.123553152485144
0
VERTEX
8
L4
10
52.25308288594398
20
-54.13121410864037
0
VERTEX
8
L4
10
52.31931122051289
20
-54.129724245064715
0
VERTEX
8
L4
10
52.384700771410124
20
-54.11911205270381
0
VERTEX
8
L4
10
52.44800108176774
20
-54.099580470538584
0
VERTEX
8
L4
10
52.50800164766356
20
-54.071503004744336
0
VERTEX
8
L4
10
52.56355506681889
20
-54.03541658606083
0
VERTEX
8
L4
10
52.61359898059125
20
-53.99201130196327
0
VERTEX
8
L4
10
52.65717638966173
20
-53.94211719998766
0
VERTEX
8
L4
10
52.69345395491557
20
-53.88668841457339
0
VERTEX
8
L4
10
52.721737933545185
20
-53.82678492096804
0
VERTEX
8
L4
10
52.74148744562645
20
-53.76355226511839
0
VERTEX
8
L4
10
52.75232481746865
20
-53.698199657176545
0
VERTEX
8
L4
10
52.754042803940635
20
-53.631976847543235
0
VERTEX
8
L4
10
52.746608551659094
20
-53.56615022765234
0
VERTEX
8
L4
10
52.730164227249944
20
-53.5019786125256
0
VERTEX
8
L4
10
52.70502429866893
20
-53.44068916821266
0
VERTEX
8
L4
10
52.67166952157076
20
-53.383453944460335
0
VERTEX
8
L4
10
52.67974136120786
20
-53.35440041507274
0
VERTEX
8
L4
10
52.67838327115693
20
-53.32427703949137
0
VERTEX
8
L4
10
52.66772977879195
20
-53.296067727811845
0
VERTEX
8
L4
10
52.64883617963706
20
-53.272566790043804
0
VERTEX
8
L4
10
52.62357400369753
20
-53.256102142103366
0
VERTEX
8
L4
10
52.5944456286242
20
-53.24830471107828
0
VERTEX
8
L4
10
52.56433640344498
20
-53.24994688162687
0
VERTEX
8
L4
10
52.536228836569066
20
-53.260865986412405
0
VERTEX
8
L4
10
52.512907159542365
20
-53.27998041932749
0
VERTEX
8
L4
10
52.496681531375415
20
-53.30539677539186
0
VERTEX
8
L4
10
52.489159202741874
20
-53.33459740444214
0
VERTEX
8
L4
10
52.491085307675334
20
-53.36468980023889
0
VERTEX
8
L4
10
52.502269053349735
20
-53.392693121429296
0
VERTEX
8
L4
10
52.52160261931074
20
-53.41583346265917
0
VERTEX
8
L4
10
52.547170894069566
20
-53.43181862737088
0
VERTEX
8
L4
10
52.5764411789592
20
-53.43906518431069
0
VERTEX
8
L4
10
52.606514067890615
20
-53.43685531636834
0
VERTEX
8
L4
10
52.63570647241583
20
-53.49019771942116
0
VERTEX
8
L4
10
52.65637025494284
20
-53.54738702381536
0
VERTEX
8
L4
10
52.668016227450536
20
-53.60706934757848
0
VERTEX
8
L4
10
52.67036868677381
20
-53.66783178976564
0
VERTEX
8
L4
10
52.66337194151542
20
-53.72823587904116
0
VERTEX
8
L4
10
52.64719163046699
20
-53.786851627605785
0
VERTEX
8
L4
10
52.62221080132714
20
-53.84229138428727
0
VERTEX
8
L4
10
52.58902084254849
20
-53.893242685366694
0
VERTEX
8
L4
10
52.54840748298945
20
-53.9384993254402
0
VERTEX
8
L4
10
52.50133219081137
20
-53.976989912754064
0
VERTEX
8
L4
10
52.44890941197765
20
-54.00780323300302
0
VERTEX
8
L4
10
52.392380187203074
20
-54.03020982113694
0
VERTEX
8
L4
10
52.33308277193861
20
-54.04367923049173
0
VERTEX
8
L4
10
52.272420954923874
20
-54.0478925904202
0
VERTEX
8
L4
10
52.21183082532524
20
-54.042750155137504
0
VERTEX
8
L4
10
52.152746775203255
20
-54.02837366507217
0
VERTEX
8
L4
10
52.09656754215696
20
-54.00510346482068
0
VERTEX
8
L4
10
52.044623096040866
20
-53.97349044593431
0
VERTEX
8
L4
10
51.99814315366852
20
-53.93428300528235
0
VERTEX
8
L4
10
51.95822806687529
20
-53.88840932773515
0
VERTEX
8
L4
10
51.925822773128274
20
-53.83695541260144
0
VERTEX
8
L4
10
51.90169442536772
20
-53.78113936401538
0
VERTEX
8
L4
10
51.88641423066467
20
-53.722282553914496
0
VERTEX
8
L4
10
51.88034392764071
20
-53.66177834028757
0
VERTEX
8
L4
10
51.883627222779424
20
-53.6010590812469
0
VERTEX
8
L4
10
51.89618638836326
20
-53.54156222582367
0
VERTEX
8
L4
10
51.91772410257563
20
-53.48469628424242
0
VERTEX
8
L4
10
51.94773048820595
20
-53.43180748328399
0
VERTEX
8
L4
10
51.985495183325625
20
-53.38414789612744
0
VERTEX
8
L4
10
52.03012415817757
20
-53.34284580115539
0
VERTEX
8
L4
10
52.080560880161144
20
-53.308878971439206
0
VERTEX
8
L4
10
52.13561132585944
20
-53.283051527240545
0
VERTEX
8
L4
10
52.19397224798182
20
-53.26597489951604
0
SEQEND
0
POLYLINE
8
L4
66
1
70
1
0
VERTEX
8
L4
10
52.46857487204896
20
-55.25211064737069
0
VERTEX
8
L4
10
52.48880132382628
20
-55.274161417137556
0
VERTEX
8
L4
10
52.51484361486375
20
-55.28889725360285
0
VERTEX
8
L4
10
52.544161574093366
20
-55.294880819882565
0
VERTEX
8
L4
10
52.573895521016894
20
-55.29152847754316
0
VERTEX
8
L4
10
52.60114519960068
20
-55.2791672148288
0
VERTEX
8
L4
10
52.62325266991722
20
-55.25900275215272
0
VERTEX
8
L4
10
52.63806156421823
20
-55.233001935850275
0
VERTEX
8
L4
10
52.64412741954162
20
-55.203700891534275
0
VERTEX
8
L4
10
52.64085857096153
20
-55.17395764981834
0
VERTEX
8
L4
10
52.62857386272158
20
-55.14667337335236
0
VERTEX
8
L4
10
52.60847154809399
20
-55.124509376749195
0
VERTEX
8
L4
10
52.5825124114791
20
-55.10962754134416
0
VERTEX
8
L4
10
52.553228513043436
20
-55.10347944479149
0
VERTEX
8
L4
10
52.523476210987454
20
-55.106664773845445
0
VERTEX
8
L4
10
52.49615755170872
20
-55.11887283077622
0
VERTEX
8
L4
10
52.47393720352757
20
-55.138912838898
0
VERTEX
8
L4
10
52.45898254432525
20
-55.164830091201324
0
VERTEX
8
L4
10
52.452752255005905
20
-55.19409661292512
0
VERTEX
8
L4
10
52.38877656933427
20
-55.22259824295422
0
VERTEX
8
L4
10
52.32914579503925
20
-55.25933245083255
0
VERTEX
8
L4
10
52.27491334235883
20
-55.30365030668928
0
VERTEX
8
L4
10
52.22703725722748
20
-55.354768911364744
0
VERTEX
8
L4
10
52.18636329687085
20
-55.41178522675235
0
VERTEX
8
L4
10
52.15360998904184
20
-55.473692028460476
0
VERTEX
8
L4
10
52.129355938834905
20
-55.53939569898223
0
VERTEX
8
L4
10
52.11402960731071
20
-55.60773554704675
0
VERTEX
8
L4
10
52.10790174249705
20
-55.677504311865235
0
VERTEX
8
L4
10
52.11108059647695
20
-55.747469490053
0
VERTEX
8
L4
10
52.1235100130565
20
-55.81639510847578
0
VERTEX
8
L4
10
52.144970419794575
20
-55.88306355839107
0
VERTEX
8
L4
10
52.175082706870185
20
-55.94629710517241
0
VERTEX
8
L4
10
52.213314924264736
20
-56.004978693635636
0
VERTEX
8
L4
10
52.25899167895007
20
-56.05807168142957
0
VERTEX
8
L4
10
52.31130606607563
20
-56.104638151890086
0
VERTEX
8
L4
10
52.36933392338382
20
-56.14385548285088
0
VERTEX
8
L4
10
52.4320501570419
20
-56.17503087871392
0
VERTEX
8
L4
10
52.49834685048491
20
-56.19761360906251
0
VERTEX
8
L4
10
52.56705283636772
20
-56.21120473761531
0
VERTEX
8
L4
10
52.63695438587682
20
-56.21556416965392
0
VERTEX
8
L4
10
52.70681664991331
20
-56.210614893427355
0
VERTEX
8
L4
10
52.77540547337772
20
-56.19644434060674
0
VERTEX
8
L4
10
52.84150919719461
20
-56.17330284175705
0
VERTEX
8
L4
10
52.90396006293291
20
-56.141599204110754
0
VERTEX
8
L4
10
52.9616548418971
20
-56.10189348976453
0
VERTEX
8
L4
10
53.01357432426546
20
-56.054887121875986
0
VERTEX
8
L4
10
53.05880132398896
20
-56.00141049364008
0
VERTEX
8
L4
10
53.09653688138438
20
-55.94240829893913
0
VERTEX
8
L4
10
53.12611437719404
20
-55.87892284380882
0
VERTEX
8
L4
10
53.14701130877951
20
-55.81207563353208
0
VERTEX
8
L4
10
53.15885852041653
20
-55.7430475606349
0
VERTEX
8
L4
10
53.16144672463271
20
-55.673058043774105
0
VERTEX
8
L4
10
53.15473019938513
20
-55.60334348603995
0
VERTEX
8
L4
10
53.13882759576536
20
-55.535135433219295
0
VERTEX
8
L4
10
53.11401984196296
20
-55.469638817865906
0
VERTEX
8
L4
10
53.08074518051531
20
-55.40801067350787
0
VERTEX
8
L4
10
53.039591426513695
20
-55.351339695017586
0
VERTEX
8
L4
10
53.048829098552105
20
-55.3228789990647
0
VERTEX
8
L4
10
53.04883660992961
20
-55.29295667057256
0
VERTEX
8
L4
10
53.0396132279847
20
-55.26449134035648
0
VERTEX
8
L4
10
53.02205860351738
20
-55.240259523284216
0
VERTEX
8
L4
10
52.997885018642805
20
-55.22262479637608
0
VERTEX
8
L4
10
52.969450370399315
20
-55.21330725495778
0
VERTEX
8
L4
10
52.93952818092801
20
-55.21321573416604
0
VERTEX
8
L4
10
52.91103706748406
20
-55.22235916095997
0
VERTEX
8
L4
10
52.8867560598372
20
-55.23984568338342
0
VERTEX
8
L4
10
52.86905353306774
20
-55.26396966201027
0
VERTEX
8
L4
10
52.85965619571546
20
-55.29237803840703
0
VERTEX
8
L4
10
52.85948066623091
20
-55.32229985299459
0
VERTEX
8
L4
10
52.86854406580041
20
-55.350816525084014
0
VERTEX
8
L4
10
52.88596234834172
20
-55.375146531909394
0
VERTEX
8
L4
10
52.91003653056258
20
-55.39291671899927
0
VERTEX
8
L4
10
52.93841841118238
20
-55.4023937782106
0
VERTEX
8
L4
10
52.96833961502624
20
-55.40265331500438
0
VERTEX
8
L4
10
52.99688162097728
20
-55.39367001410194
0
VERTEX
8
L4
10
53.03444439795625
20
-55.44700455113542
0
VERTEX
8
L4
10
53.0642098233737
20
-55.50505241504673
0
VERTEX
8
L4
10
53.085597253148606
20
-55.56668124679431
0
VERTEX
8
L4
10
53.09818947555517
20
-55.630688832202694
0
VERTEX
8
L4
10
53.10174084991111
20
-55.6958265539554
0
VERTEX
8
L4
10
53.09618209837238
20
-55.76082374878932
0
VERTEX
8
L4
10
53.081621657359264
20
-55.82441249474685
0
VERTEX
8
L4
10
53.05834356225078
20
-55.88535234495236
0
VERTEX
8
L4
10
53.02680190661202
20
-55.942454525423095
0
VERTEX
8
L4
10
52.987611984039305
20
-55.994605124879804
0
VERTEX
8
L4
10
52.94153828542302
20
-56.0407868241855
0
VERTEX
8
L4
10
52.8894795857686
20
-56.080098741529234
0
VERTEX
8
L4
10
52.832451411492954
20
-56.111774006227975
0
VERTEX
8
L4
10
52.77156623021183
20
-56.13519471832886
0
VERTEX
8
L4
10
52.70801174946301
20
-56.14990400218962
0
VERTEX
8
L4
10
52.64302774769929
20
-56.15561491890411
0
VERTEX
8
L4
10
52.57788188951666
20
-56.15221606371526
0
VERTEX
8
L4
10
52.513844996898214
20
-56.139773739224836
0
VERTEX
8
L4
10
52.45216625886606
20
-56.118530662006464
0
VERTEX
8
L4
10
52.3940488631341
20
-56.08890122785247
0
VERTEX
8
L4
10
52.34062652512439
20
-56.05146342801696
0
VERTEX
8
L4
10
52.29294137220198
20
-56.00694757414766
0
VERTEX
8
L4
10
52.25192361454894
20
-55.956222051853004
0
VERTEX
8
L4
10
52.21837339924416
20
-55.900276380814475
0
VERTEX
8
L4
10
52.19294520152731
20
-55.84020191189613
0
VERTEX
8
L4
10
52.17613505773214
20
-55.77717053779931
0
VERTEX
8
L4
10
52.1682708889402
20
-55.71241183256086
0
VERTEX
8
L4
10
52.16950610411497
20
-55.647189065842326
0
VERTEX
8
L4
10
52.179816607502076
20
-55.58277455990731
0
VERTEX
8
L4
10
52.19900126867317
20
-55.52042487000673
0
VERTEX
8
L4
10
52.226685846044276
20
-55.46135627233647
0
VERTEX
8
L4
10
52.26233028733121
20
-55.40672103773195
0
VERTEX
8
L4
10
52.30523926452959
20
-55.35758495393666
0
VERTEX
8
L4
10
52.35457573791008
20
-55.31490653492515
0
VERTEX
8
L4
10
52.40937728443173
20
-55.279518322851274
0
VERTEX
8
L4
10
52.46857487204896
20
-55.25211064737069
0
SEQEND
0
POLYLINE
8
L4
66
1
70
1
0
VERTEX
8
L4
10
49.86238036773268
20
-55.03571161799284
0
VERTEX
8
L4
10
49.85259090331617
20
-55.036353253389805
0
VERTEX
8
L4
10
49.84296893935
20
-55.03826718102116
0
VERTEX
8
L4
10
49.83367911030531
20
-55.041420653054494
0
VERTEX
8
L4
10
49.82488036773269
20
-55.04575971270901
0
VERTEX
8
L4
10
49.816723260557026
20
-55.051210117470994
0
VERTEX
8
L4
10
49.8093473591437
20
-55.057678609403844
0
VERTEX
8
L4
10
49.80287886721085
20
-55.065054510817184
0
VERTEX
8
L4
10
49.79742846244885
20
-55.07321161799284
0
VERTEX
8
L4
10
49.79308940279434
20
-55.082010360565455
0
VERTEX
8
L4
10
49.78993593076102
20
-55.09130018961015
0
VERTEX
8
L4
10
49.788022003129655
20
-55.100922153576334
0
VERTEX
8
L4
10
49.787380367732695
20
-55.11071161799284
0
VERTEX
8
L4
10
49.788022003129655
20
-55.12050108240934
0
VERTEX
8
L4
10
49.78993593076102
20
-55.13012304637553
0
VERTEX
8
L4
10
49.79308940279434
20
-55.13941287542022
0
VERTEX
8
L4
10
49.79742846244885
20
-55.148211617992835
0
VERTEX
8
L4
10
49.80287886721085
20
-55.15636872516849
0
VERTEX
8
L4
10
49.8093473591437
20
-55.16374462658183
0
VERTEX
8
L4
10
49.816723260557026
20
-55.17021311851468
0
VERTEX
8
L4
10
49.82488036773269
20
-55.17566352327667
0
VERTEX
8
L4
10
49.83367911030531
20
-55.18000258293119
0
VERTEX
8
L4
10
49.84296893935
20
-55.18315605496452
0
VERTEX
8
L4
10
49.85259090331617
20
-55.18506998259588
0
VERTEX
8
L4
10
49.86238036773268
20
-55.18571161799284
0
VERTEX
8
L4
10
49.8721698321492
20
-55.18506998259588
0
VERTEX
8
L4
10
49.881791796115365
20
-55.18315605496452
0
VERTEX
8
L4
10
49.891081625160055
20
-55.18000258293119
0
VERTEX
8
L4
10
49.89988036773268
20
-55.17566352327667
0
VERTEX
8
L4
10
49.90803747490834
20
-55.17021311851468
0
VERTEX
8
L4
10
49.915413376321666
20
-55.16374462658183
0
VERTEX
8
L4
10
49.921881868254516
20
-55.15636872516849
0
VERTEX
8
L4
10
49.92733227301652
20
-55.148211617992835
0
VERTEX
8
L4
10
49.93167133267103
20
-55.13941287542022
0
VERTEX
8
L4
10
49.93482480470438
20
-55.13012304637553
0
VERTEX
8
L4
10
49.93673873233571
20
-55.12050108240934
0
VERTEX
8
L4
10
49.9373803677327
20
-55.11071161799284
0
VERTEX
8
L4
10
49.93673873233571
20
-55.100922153576334
0
VERTEX
8
L4
10
49.93482480470438
20
-55.09130018961015
0
VERTEX
8
L4
10
49.93167133267103
20
-55.082010360565455
0
VERTEX
8
L4
10
49.92733227301652
20
-55.07321161799284
0
VERTEX
8
L4
10
49.921881868254516
20
-55.065054510817184
0
VERTEX
8
L4
10
49.915413376321666
20
-55.05767860940385
0
VERTEX
8
L4
10
49.90803747490834
20
-55.051210117470994
0
VERTEX
8
L4
10
49.89988036773268
20
-55.04575971270901
0
VERTEX
8
L4
10
49.891081625160055
20
-55.041420653054494
0
VERTEX
8
L4
10
49.881791796115365
20
-55.03826718102116
0
VERTEX
8
L4
10
49.8721698321492
20
-55.036353253389805
0
VERTEX
8
L4
10
49.86238036773268
20
-55.03571161799284
0
SEQEND
0
POLYLINE
8
L4
66
1
70
1
0
VERTEX
8
L4
10
46.64670658682634
20
-53.577694610778444
0
VERTEX
8
L4
10
46.63691712240983
20
-53.57833624617541
0
VERTEX
8
L4
10
46.62729515844366
20
-53.58025017380676
0
VERTEX
8
L4
10
46.61800532939897
20
-53.5834036458401
0
VERTEX
8
L4
10
46.609206586826346
20
-53.58774270549461
0
VERTEX
8
L4
10
46.60104947965068
20
-53.5931931102566
0
VERTEX
8
L4
10
46.59367357823736
20
-53.59966160218946
0
VERTEX
8
L4
10
46.58720508630451
20
-53.60703750360279
0
VERTEX
8
L4
10
46.581754681542506
20
-53.615194610778445
0
VERTEX
8
L4
10
46.577415621887994
20
-53.62399335335106
0
VERTEX
8
L4
10
46.57426214985465
20
-53.63328318239576
0
VERTEX
8
L4
10
46.57234822222331
20
-53.64290514636194
0
VERTEX
8
L4
10
46.57170658682635
20
-53.65269461077845
0
VERTEX
8
L4
10
46.57234822222331
20
-53.662484075194946
0
VERTEX
8
L4
10
46.57426214985465
20
-53.672106039161136
0
VERTEX
8
L4
10
46.577415621887994
20
-53.681395868205826
0
VERTEX
8
L4
10
46.581754681542506
20
-53.69019461077844
0
VERTEX
8
L4
10
46.58720508630451
20
-53.6983517179541
0
VERTEX
8
L4
10
46.59367357823736
20
-53.70572761936744
0
VERTEX
8
L4
10
46.60104947965068
20
-53.71219611130029
0
VERTEX
8
L4
10
46.609206586826346
20
-53.717646516062274
0
VERTEX
8
L4
10
46.61800532939897
20
-53.72198557571679
0
VERTEX
8
L4
10
46.62729515844366
20
-53.725139047750126
0
VERTEX
8
L4
10
46.63691712240983
20
-53.72705297538148
0
VERTEX
8
L4
10
46.64670658682634
20
-53.72769461077844
0
VERTEX
8
L4
10
46.656496051242854
20
-53.72705297538148
0
VERTEX
8
L4
10
46.66611801520902
20
-53.725139047750126
0
VERTEX
8
L4
10
46.67540784425371
20
-53.72198557571679
0
VERTEX
8
L4
10
46.684206586826335
20
-53.717646516062274
0
VERTEX
8
L4
10
46.692363694002
20
-53.71219611130029
0
VERTEX
8
L4
10
46.69973959541532
20
-53.70572761936744
0
VERTEX
8
L4
10
46.70620808734817
20
-53.6983517179541
0
VERTEX
8
L4
10
46.711658492110175
20
-53.69019461077844
0
VERTEX
8
L4
10
46.71599755176469
20
-53.681395868205826
0
VERTEX
8
L4
10
46.719151023798005
20
-53.672106039161136
0
VERTEX
8
L4
10
46.72106495142937
20
-53.662484075194946
0
VERTEX
8
L4
10
46.72170658682633
20
-53.65269461077845
0
VERTEX
8
L4
10
46.72106495142937
20
-53.64290514636194
0
VERTEX
8
L4
10
46.719151023798005
20
-53.63328318239576
0
VERTEX
8
L4
10
46.71599755176469
20
-53.62399335335106
0
VERTEX
8
L4
10
46.711658492110175
20
-53.615194610778445
0
VERTEX
8
L4
10
46.70620808734817
20
-53.60703750360279
0
VERTEX
8
L4
10
46.69973959541532
20
-53.59966160218946
0
VERTEX
8
L4
10
46.692363694002
20
-53.5931931102566
0
VERTEX
8
L4
10
46.684206586826335
20
-53.58774270549461
0
VERTEX
8
L4
10
46.67540784425371
20
-53.5834036458401
0
VERTEX
8
L4
10
46.66611801520902
20
-53.58025017380677
0
VERTEX
8
L4
10
46.656496051242854
20
-53.57833624617541
0
VERTEX
8
L4
10
46.64670658682634
20
-53.577694610778444
0
SEQEND
0
POLYLINE
8
L4
66
1
70
1
0
VERTEX
8
L4
10
44.371257485029915
20
-55.61362275449102
0
VERTEX
8
L4
10
44.36146802061343
20
-55.614264389887985
0
VERTEX
8
L4
10
44.35184605664723
20
-55.61617831751934
0
VERTEX
8
L4
10
44.34255622760254
20
-55.619331789552675
0
VERTEX
8
L4
10
44.33375748502992
20
-55.62367084920719
0
VERTEX
8
L4
10
44.325600377854286
20
-55.62912125396918
0
VERTEX
8
L4
10
44.31822447644093
20
-55.63558974590203
0
VERTEX
8
L4
10
44.31175598450808
20
-55.642965647315364
0
VERTEX
8
L4
10
44.30630557974608
20
-55.65112275449102
0
VERTEX
8
L4
10
44.30196652009157
20
-55.65992149706364
0
VERTEX
8
L4
10
44.29881304805825
20
-55.66921132610833
0
VERTEX
8
L4
10
44.296899120426886
20
-55.678833290074515
0
VERTEX
8
L4
10
44.296257485029926
20
-55.68862275449102
0
VERTEX
8
L4
10
44.296899120426886
20
-55.69841221890753
0
VERTEX
8
L4
10
44.29881304805825
20
-55.70803418287371
0
VERTEX
8
L4
10
44.30196652009157
20
-55.7173240119184
0
VERTEX
8
L4
10
44.30630557974608
20
-55.72612275449102
0
VERTEX
8
L4
10
44.31175598450808
20
-55.73427986166668
0
VERTEX
8
L4
10
44.31822447644093
20
-55.74165576308001
0
VERTEX
8
L4
10
44.325600377854286
20
-55.74812425501286
0
VERTEX
8
L4
10
44.33375748502992
20
-55.753574659774856
0
VERTEX
8
L4
10
44.34255622760254
20
-55.75791371942937
0
VERTEX
8
L4
10
44.35184605664723
20
-55.7610671914627
0
VERTEX
8
L4
10
44.36146802061343
20
-55.76298111909406
0
VERTEX
8
L4
10
44.371257485029915
20
-55.763622754491024
0
VERTEX
8
L4
10
44.38104694944643
20
-55.76298111909406
0
VERTEX
8
L4
10
44.390668913412625
20
-55.7610671914627
0
VERTEX
8
L4
10
44.399958742457315
20
-55.75791371942937
0
VERTEX
8
L4
10
44.40875748502994
20
-55.753574659774856
0
VERTEX
8
L4
10
44.41691459220557
20
-55.74812425501286
0
VERTEX
8
L4
10
44.424290493618926
20
-55.74165576308001
0
VERTEX
8
L4
10
44.430758985551776
20
-55.73427986166668
0
VERTEX
8
L4
10
44.43620939031375
20
-55.72612275449102
0
VERTEX
8
L4
10
44.44054844996826
20
-55.7173240119184
0
VERTEX
8
L4
10
44.44370192200161
20
-55.70803418287371
0
VERTEX
8
L4
10
44.44561584963297
20
-55.69841221890753
0
VERTEX
8
L4
10
44.44625748502993
20
-55.68862275449102
0
VERTEX
8
L4
10
44.44561584963297
20
-55.678833290074515
0
VERTEX
8
L4
10
44.44370192200161
20
-55.66921132610833
0
VERTEX
8
L4
10
44.44054844996826
20
-55.65992149706364
0
VERTEX
8
L4
10
44.43620939031375
20
-55.65112275449102
0
VERTEX
8
L4
10
44.430758985551776
20
-55.642965647315364
0
VERTEX
8
L4
10
44.424290493618926
20
-55.63558974590203
0
VERTEX
8
L4
10
44.41691459220557
20
-55.62912125396918
0
VERTEX
8
L4
10
44.40875748502994
20
-55.62367084920719
0
VERTEX
8
L4
10
44.399958742457315
20
-55.619331789552675
0
VERTEX
8
L4
10
44.390668913412625
20
-55.61617831751934
0
VERTEX
8
L4
10
44.38104694944643
20
-55.614264389887985
0
VERTEX
8
L4
10
44.371257485029915
20
-55.61362275449102
0
SEQEND
0
POLYLINE
8
L4
66
1
70
1
0
VERTEX
8
L4
10
46.64670658682634
20
-53.14056886227545
0
VERTEX
8
L4
10
46.63691712240983
20
-53.14121049767241
0
VERTEX
8
L4
10
46.62729515844366
20
-53.14312442530377
0
VERTEX
8
L4
10
46.61800532939897
20
-53.1462778973371
0
VERTEX
8
L4
10
46.609206586826346
20
-53.15061695699162
0
VERTEX
8
L4
10
46.60104947965068
20
-53.15606736175361
0
VERTEX
8
L4
10
46.59367357823736
20
-53.16253585368646
0
VERTEX
8
L4
10
46.58720508630451
20
-53.1699117550998
0
VERTEX
8
L4
10
46.581754681542506
20
-53.17806886227545
0
VERTEX
8
L4
10
46.577415621887994
20
-53.18686760484807
0
VERTEX
8
L4
10
46.57426214985465
20
-53.196157433892765
0
VERTEX
8
L4
10
46.57234822222331
20
-53.20577939785895
0
VERTEX
8
L4
10
46.57170658682635
20
-53.21556886227545
0
VERTEX
8
L4
10
46.57234822222331
20
-53.22535832669195
0
VERTEX
8
L4
10
46.57426214985465
20
-53.234980290658136
0
VERTEX
8
L4
10
46.577415621887994
20
-53.24427011970283
0
VERTEX
8
L4
10
46.581754681542506
20
-53.25306886227545
0
VERTEX
8
L4
10
46.58720508630451
20
-53.261225969451104
0
VERTEX
8
L4
10
46.59367357823736
20
-53.268601870864444
0
VERTEX
8
L4
10
46.60104947965068
20
-53.275070362797294
0
VERTEX
8
L4
10
46.609206586826346
20
-53.28052076755928
0
VERTEX
8
L4
10
46.61800532939897
20
-53.28485982721379
0
VERTEX
8
L4
10
46.62729515844366
20
-53.28801329924713
0
VERTEX
8
L4
10
46.63691712240983
20
-53.28992722687848
0
VERTEX
8
L4
10
46.64670658682634
20
-53.29056886227545
0
VERTEX
8
L4
10
46.656496051242854
20
-53.28992722687848
0
VERTEX
8
L4
10
46.66611801520902
20
-53.28801329924713
0
VERTEX
8
L4
10
46.67540784425371
20
-53.28485982721379
0
VERTEX
8
L4
10
46.684206586826335
20
-53.28052076755928
0
VERTEX
8
L4
10
46.692363694002
20
-53.275070362797294
0
VERTEX
8
L4
10
46.69973959541532
20
-53.268601870864444
0
VERTEX
8
L4
10
46.70620808734817
20
-53.261225969451104
0
VERTEX
8
L4
10
46.711658492110175
20
-53.25306886227545
0
VERTEX
8
L4
10
46.71599755176469
20
-53.24427011970283
0
VERTEX
8
L4
10
46.719151023798005
20
-53.234980290658136
0
VERTEX
8
L4
10
46.72106495142937
20
-53.22535832669195
0
VERTEX
8
L4
10
46.72170658682633
20
-53.21556886227545
0
VERTEX
8
L4
10
46.72106495142937
20
-53.20577939785895
0
VERTEX
8
L4
10
46.719151023798005
20
-53.196157433892765
0
VERTEX
8
L4
10
46.71599755176469
20
-53.18686760484807
0
VERTEX
8
L4
10
46.711658492110175
20
-53.17806886227545
0
VERTEX
8
L4
10
46.70620808734817
20
-53.1699117550998
0
VERTEX
8
L4
10
46.69973959541532
20
-53.16253585368646
0
VERTEX
8
L4
10
46.692363694002
20
-53.15606736175361
0
VERTEX
8
L4
10
46.684206586826335
20
-53.15061695699162
0
VERTEX
8
L4
10
46.67540784425371
20
-53.1462778973371
0
VERTEX
8
L4
10
46.66611801520902
20
-53.14312442530377
0
VERTEX
8
L4
10
46.656496051242854
20
-53.14121049767241
0
VERTEX
8
L4
10
46.64670658682634
20
-53.14056886227545
0
SEQEND
0
POLYLINE
8
L4
66
1
70
1
0
VERTEX
8
L4
10
47.24550898203593
20
-55.61362275449102
0
VERTEX
8
L4
10
47.235719517619415
20
-55.614264389887985
0
VERTEX
8
L4
10
47.22609755365322
20
-55.61617831751934
0
VERTEX
8
L4
10
47.21680772460853
20
-55.619331789552675
0
VERTEX
8
L4
10
47.208008982035935
20
-55.62367084920719
0
VERTEX
8
L4
10
47.19985187486027
20
-55.62912125396918
0
VERTEX
8
L4
10
47.19247597344692
20
-55.63558974590203
0
VERTEX
8
L4
10
47.18600748151407
20
-55.642965647315364
0
VERTEX
8
L4
10
47.180557076752095
20
-55.65112275449102
0
VERTEX
8
L4
10
47.17621801709758
20
-55.65992149706364
0
VERTEX
8
L4
10
47.173064545064236
20
-55.66921132610833
0
VERTEX
8
L4
10
47.17115061743287
20
-55.678833290074515
0
VERTEX
8
L4
10
47.17050898203591
20
-55.68862275449102
0
VERTEX
8
L4
10
47.17115061743287
20
-55.69841221890753
0
VERTEX
8
L4
10
47.173064545064236
20
-55.70803418287371
0
VERTEX
8
L4
10
47.17621801709758
20
-55.7173240119184
0
VERTEX
8
L4
10
47.180557076752095
20
-55.72612275449102
0
VERTEX
8
L4
10
47.18600748151407
20
-55.73427986166668
0
VERTEX
8
L4
10
47.19247597344692
20
-55.74165576308001
0
VERTEX
8
L4
10
47.19985187486027
20
-55.74812425501286
0
VERTEX
8
L4
10
47.208008982035935
20
-55.753574659774856
0
VERTEX
8
L4
10
47.21680772460853
20
-55.75791371942937
0
VERTEX
8
L4
10
47.22609755365322
20
-55.7610671914627
0
VERTEX
8
L4
10
47.235719517619415
20
-55.76298111909406
0
VERTEX
8
L4
10
47.24550898203593
20
-55.763622754491024
0
VERTEX
8
L4
10
47.255298446452414
20
-55.76298111909406
0
VERTEX
8
L4
10
47.26492041041861
20
-55.7610671914627
0
VERTEX
8
L4
10
47.2742102394633
20
-55.75791371942937
0
VERTEX
8
L4
10
47.28300898203592
20
-55.753574659774856
0
VERTEX
8
L4
10
47.291166089211586
20
-55.74812425501286
0
VERTEX
8
L4
10
47.29854199062491
20
-55.74165576308001
0
VERTEX
8
L4
10
47.30501048255776
20
-55.73427986166668
0
VERTEX
8
L4
10
47.31046088731976
20
-55.72612275449102
0
VERTEX
8
L4
10
47.314799946974276
20
-55.7173240119184
0
VERTEX
8
L4
10
47.317953419007594
20
-55.70803418287371
0
VERTEX
8
L4
10
47.31986734663896
20
-55.69841221890753
0
VERTEX
8
L4
10
47.32050898203592
20
-55.68862275449102
0
VERTEX
8
L4
10
47.31986734663896
20
-55.678833290074515
0
VERTEX
8
L4
10
47.317953419007594
20
-55.66921132610833
0
VERTEX
8
L4
10
47.314799946974276
20
-55.65992149706364
0
VERTEX
8
L4
10
47.31046088731976
20
-55.65112275449102
0
VERTEX
8
L4
10
47.30501048255776
20
-55.642965647315364
0
VERTEX
8
L4
10
47.29854199062491
20
-55.63558974590203
0
VERTEX
8
L4
10
47.291166089211586
20
-55.62912125396918
0
VERTEX
8
L4
10
47.28300898203592
20
-55.62367084920719
0
VERTEX
8
L4
10
47.2742102394633
20
-55.619331789552675
0
VERTEX
8
L4
10
47.26492041041861
20
-55.61617831751934
0
VERTEX
8
L4
10
47.255298446452414
20
-55.614264389887985
0
VERTEX
8
L4
10
47.24550898203593
20
-55.61362275449102
0
SEQEND
0
POLYLINE
8
L4
66
1
70
1
0
VERTEX
8
L4
10
44.730538922155674
20
-53.577694610778444
0
VERTEX
8
L4
10
44.72074945773916
20
-53.57833624617541
0
VERTEX
8
L4
10
44.71112749377299
20
-53.58025017380676
0
VERTEX
8
L4
10
44.7018376647283
20
-53.5834036458401
0
VERTEX
8
L4
10
44.69303892215568
20
-53.58774270549461
0
VERTEX
8
L4
10
44.68488181498002
20
-53.5931931102566
0
VERTEX
8
L4
10
44.67750591356669
20
-53.59966160218946
0
VERTEX
8
L4
10
44.67103742163384
20
-53.60703750360279
0
VERTEX
8
L4
10
44.66558701687184
20
-53.615194610778445
0
VERTEX
8
L4
10
44.66124795721733
20
-53.62399335335106
0
VERTEX
8
L4
10
44.65809448518401
20
-53.63328318239576
0
VERTEX
8
L4
10
44.656180557552645
20
-53.64290514636194
0
VERTEX
8
L4
10
44.655538922155685
20
-53.65269461077845
0
VERTEX
8
L4
10
44.656180557552645
20
-53.662484075194946
0
VERTEX
8
L4
10
44.65809448518401
20
-53.672106039161136
0
VERTEX
8
L4
10
44.66124795721733
20
-53.681395868205826
0
VERTEX
8
L4
10
44.66558701687184
20
-53.69019461077844
0
VERTEX
8
L4
10
44.67103742163384
20
-53.6983517179541
0
VERTEX
8
L4
10
44.67750591356669
20
-53.70572761936744
0
VERTEX
8
L4
10
44.68488181498002
20
-53.71219611130029
0
VERTEX
8
L4
10
44.69303892215568
20
-53.717646516062274
0
VERTEX
8
L4
10
44.7018376647283
20
-53.72198557571679
0
VERTEX
8
L4
10
44.71112749377299
20
-53.725139047750126
0
VERTEX
8
L4
10
44.72074945773916
20
-53.72705297538148
0
VERTEX
8
L4
10
44.730538922155674
20
-53.72769461077844
0
VERTEX
8
L4
10
44.74032838657219
20
-53.72705297538148
0
VERTEX
8
L4
10
44.749950350538356
20
-53.725139047750126
0
VERTEX
8
L4
10
44.759240179583045
20
-53.72198557571679
0
VERTEX
8
L4
10
44.76803892215567
20
-53.717646516062274
0
VERTEX
8
L4
10
44.77619602933133
20
-53.71219611130029
0
VERTEX
8
L4
10
44.78357193074466
20
-53.70572761936744
0
VERTEX
8
L4
10
44.79004042267751
20
-53.6983517179541
0
VERTEX
8
L4
10
44.79549082743951
20
-53.69019461077844
0
VERTEX
8
L4
10
44.79982988709402
20
-53.681395868205826
0
VERTEX
8
L4
10
44.80298335912737
20
-53.672106039161136
0
VERTEX
8
L4
10
44.8048972867587
20
-53.662484075194946
0
VERTEX
8
L4
10
44.80553892215566
20
-53.65269461077845
0
VERTEX
8
L4
10
44.8048972867587
20
-53.64290514636194
0
VERTEX
8
L4
10
44.80298335912737
20
-53.63328318239576
0
VERTEX
8
L4
10
44.79982988709402
20
-53.62399335335106
0
VERTEX
8
L4
10
44.79549082743951
20
-53.615194610778445
0
VERTEX
8
L4
10
44.79004042267751
20
-53.60703750360279
0
VERTEX
8
L4
10
44.78357193074466
20
-53.59966160218946
0
VERTEX
8
L4
10
44.77619602933133
20
-53.5931931102566
0
VERTEX
8
L4
10
44.76803892215567
20
-53.58774270549461
0
VERTEX
8
L4
10
44.759240179583045
20
-53.5834036458401
0
VERTEX
8
L4
10
44.749950350538356
20
-53.58025017380677
0
VERTEX
8
L4
10
44.74032838657219
20
-53.57833624617541
0
VERTEX
8
L4
10
44.730538922155674
20
-53.577694610778444
0
SEQEND
0
POLYLINE
8
L4
66
1
70
1
0
VERTEX
8
L4
10
47.1436076562194
20
-55.03571161799284
0
VERTEX
8
L4
10
47.13381819180289
20
-55.036353253389805
0
VERTEX
8
L4
10
47.12419622783672
20
-55.03826718102116
0
VERTEX
8
L4
10
47.11490639879203
20
-55.041420653054494
0
VERTEX
8
L4
10
47.10610765621941
20
-55.04575971270901
0
VERTEX
8
L4
10
47.097950549043745
20
-55.051210117470994
0
VERTEX
8
L4
10
47.09057464763042
20
-55.057678609403844
0
VERTEX
8
L4
10
47.08410615569757
20
-55.065054510817184
0
VERTEX
8
L4
10
47.07865575093557
20
-55.07321161799284
0
VERTEX
8
L4
10
47.074316691281055
20
-55.082010360565455
0
VERTEX
8
L4
10
47.07116321924771
20
-55.09130018961015
0
VERTEX
8
L4
10
47.06924929161637
20
-55.100922153576334
0
VERTEX
8
L4
10
47.068607656219385
20
-55.11071161799284
0
VERTEX
8
L4
10
47.06924929161637
20
-55.12050108240934
0
VERTEX
8
L4
10
47.07116321924771
20
-55.13012304637553
0
VERTEX
8
L4
10
47.074316691281055
20
-55.13941287542022
0
VERTEX
8
L4
10
47.07865575093557
20
-55.148211617992835
0
VERTEX
8
L4
10
47.08410615569757
20
-55.15636872516849
0
VERTEX
8
L4
10
47.09057464763042
20
-55.16374462658183
0
VERTEX
8
L4
10
47.097950549043745
20
-55.17021311851468
0
VERTEX
8
L4
10
47.10610765621941
20
-55.17566352327667
0
VERTEX
8
L4
10
47.11490639879203
20
-55.18000258293119
0
VERTEX
8
L4
10
47.12419622783672
20
-55.18315605496452
0
VERTEX
8
L4
10
47.13381819180289
20
-55.18506998259588
0
VERTEX
8
L4
10
47.1436076562194
20
-55.18571161799284
0
VERTEX
8
L4
10
47.153397120635915
20
-55.18506998259588
0
VERTEX
8
L4
10
47.163019084602084
20
-55.18315605496452
0
VERTEX
8
L4
10
47.17230891364677
20
-55.18000258293119
0
VERTEX
8
L4
10
47.181107656219396
20
-55.17566352327667
0
VERTEX
8
L4
10
47.18926476339506
20
-55.17021311851468
0
VERTEX
8
L4
10
47.196640664808385
20
-55.16374462658183
0
VERTEX
8
L4
10
47.203109156741235
20
-55.15636872516849
0
VERTEX
8
L4
10
47.208559561503236
20
-55.148211617992835
0
VERTEX
8
L4
10
47.21289862115775
20
-55.13941287542022
0
VERTEX
8
L4
10
47.21605209319107
20
-55.13012304637553
0
VERTEX
8
L4
10
47.21796602082243
20
-55.12050108240934
0
VERTEX
8
L4
10
47.21860765621939
20
-55.11071161799284
0
VERTEX
8
L4
10
47.21796602082243
20
-55.100922153576334
0
VERTEX
8
L4
10
47.21605209319107
20
-55.09130018961015
0
VERTEX
8
L4
10
47.21289862115775
20
-55.082010360565455
0
VERTEX
8
L4
10
47.208559561503236
20
-55.07321161799284
0
VERTEX
8
L4
10
47.203109156741235
20
-55.065054510817184
0
VERTEX
8
L4
10
47.196640664808385
20
-55.05767860940385
0
VERTEX
8
L4
10
47.18926476339506
20
-55.051210117470994
0
VERTEX
8
L4
10
47.181107656219396
20
-55.04575971270901
0
VERTEX
8
L4
10
47.17230891364677
20
-55.041420653054494
0
VERTEX
8
L4
10
47.163019084602084
20
-55.03826718102116
0
VERTEX
8
L4
10
47.153397120635915
20
-55.036353253389805
0
VERTEX
8
L4
10
47.1436076562194
20
-55.03571161799284
0
SEQEND
0
POLYLINE
8
L4
66
1
70
1
0
VERTEX
8
L4
10
48.50299401197604
20
-56.69146706586827
0
VERTEX
8
L4
10
48.49320454755953
20
-56.692108701265234
0
VERTEX
8
L4
10
48.48358258359336
20
-56.69402262889659
0
VERTEX
8
L4
10
48.47429275454867
20
-56.69717610092992
0
VERTEX
8
L4
10
48.46549401197605
20
-56.701515160584435
0
VERTEX
8
L4
10
48.457336904800385
20
-56.70696556534643
0
VERTEX
8
L4
10
48.44996100338706
20
-56.71343405727928
0
VERTEX
8
L4
10
48.44349251145421
20
-56.72080995869261
0
VERTEX
8
L4
10
48.43804210669221
20
-56.72896706586827
0
VERTEX
8
L4
10
48.433703047037696
20
-56.737765808440884
0
VERTEX
8
L4
10
48.43054957500435
20
-56.74705563748558
0
VERTEX
8
L4
10
48.428635647373014
20
-56.75667760145176
0
VERTEX
8
L4
10
48.427994011976054
20
-56.76646706586827
0
VERTEX
8
L4
10
48.428635647373014
20
-56.77625653028477
0
VERTEX
8
L4
10
48.43054957500435
20
-56.78587849425096
0
VERTEX
8
L4
10
48.433703047037696
20
-56.79516832329565
0
VERTEX
8
L4
10
48.43804210669221
20
-56.80396706586827
0
VERTEX
8
L4
10
48.44349251145421
20
-56.81212417304392
0
VERTEX
8
L4
10
48.44996100338706
20
-56.81950007445726
0
VERTEX
8
L4
10
48.457336904800385
20
-56.82596856639011
0
VERTEX
8
L4
10
48.46549401197605
20
-56.831418971152104
0
VERTEX
8
L4
10
48.47429275454867
20
-56.835758030806616
0
VERTEX
8
L4
10
48.48358258359336
20
-56.83891150283995
0
VERTEX
8
L4
10
48.49320454755953
20
-56.840825430471305
0
VERTEX
8
L4
10
48.50299401197604
20
-56.841467065868265
0
VERTEX
8
L4
10
48.512783476392556
20
-56.840825430471305
0
VERTEX
8
L4
10
48.522405440358725
20
-56.83891150283995
0
VERTEX
8
L4
10
48.531695269403414
20
-56.835758030806616
0
VERTEX
8
L4
10
48.54049401197604
20
-56.831418971152104
0
VERTEX
8
L4
10
48.5486511191517
20
-56.82596856639011
0
VERTEX
8
L4
10
48.556027020565026
20
-56.81950007445726
0
VERTEX
8
L4
10
48.562495512497875
20
-56.81212417304392
0
VERTEX
8
L4
10
48.56794591725988
20
-56.80396706586827
0
VERTEX
8
L4
10
48.57228497691439
20
-56.79516832329565
0
VERTEX
8
L4
10
48.575438448947736
20
-56.78587849425096
0
VERTEX
8
L4
10
48.57735237657907
20
-56.77625653028477
0
VERTEX
8
L4
10
48.57799401197603
20
-56.76646706586827
0
VERTEX
8
L4
10
48.57735237657907
20
-56.75667760145176
0
VERTEX
8
L4
10
48.575438448947736
20
-56.74705563748558
0
VERTEX
8
L4
10
48.57228497691439
20
-56.737765808440884
0
VERTEX
8
L4
10
48.56794591725988
20
-56.72896706586827
0
VERTEX
8
L4
10
48.562495512497875
20
-56.72080995869261
0
VERTEX
8
L4
10
48.556027020565026
20
-56.71343405727928
0
VERTEX
8
L4
10
48.5486511191517
20
-56.70696556534643
0
VERTEX
8
L4
10
48.54049401197604
20
-56.701515160584435
0
VERTEX
8
L4
10
48.531695269403414
20
-56.69717610092992
0
VERTEX
8
L4
10
48.522405440358725
20
-56.69402262889659
0
VERTEX
8
L4
10
48.512783476392556
20
-56.692108701265234
0
VERTEX
8
L4
10
48.50299401197604
20
-56.69146706586827
0
SEQEND
0
POLYLINE
8
L4
66
1
70
1
0
VERTEX
8
L4
10
52.27544910179641
20
-53.577694610778444
0
VERTEX
8
L4
10
52.2656596373799
20
-53.57833624617541
0
VERTEX
8
L4
10
52.25603767341373
20
-53.58025017380676
0
VERTEX
8
L4
10
52.24674784436904
20
-53.5834036458401
0
VERTEX
8
L4
10
52.23794910179642
20
-53.58774270549461
0
VERTEX
8
L4
10
52.229791994620754
20
-53.5931931102566
0
VERTEX
8
L4
10
52.22241609320743
20
-53.59966160218946
0
VERTEX
8
L4
10
52.21594760127458
20
-53.60703750360279
0
VERTEX
8
L4
10
52.21049719651258
20
-53.615194610778445
0
VERTEX
8
L4
10
52.206158136858065
20
-53.62399335335106
0
VERTEX
8
L4
10
52.20300466482472
20
-53.63328318239576
0
VERTEX
8
L4
10
52.20109073719338
20
-53.64290514636194
0
VERTEX
8
L4
10
52.20044910179642
20
-53.65269461077845
0
VERTEX
8
L4
10
52.20109073719338
20
-53.662484075194946
0
VERTEX
8
L4
10
52.20300466482472
20
-53.672106039161136
0
VERTEX
8
L4
10
52.206158136858065
20
-53.681395868205826
0
VERTEX
8
L4
10
52.21049719651258
20
-53.69019461077844
0
VERTEX
8
L4
10
52.21594760127458
20
-53.6983517179541
0
VERTEX
8
L4
10
52.22241609320743
20
-53.70572761936744
0
VERTEX
8
L4
10
52.229791994620754
20
-53.71219611130029
0
VERTEX
8
L4
10
52.23794910179642
20
-53.717646516062274
0
VERTEX
8
L4
10
52.24674784436904
20
-53.72198557571679
0
VERTEX
8
L4
10
52.25603767341373
20
-53.725139047750126
0
VERTEX
8
L4
10
52.2656596373799
20
-53.72705297538148
0
VERTEX
8
L4
10
52.27544910179641
20
-53.72769461077844
0
VERTEX
8
L4
10
52.285238566212925
20
-53.72705297538148
0
VERTEX
8
L4
10
52.29486053017909
20
-53.725139047750126
0
VERTEX
8
L4
10
52.30415035922378
20
-53.72198557571679
0
VERTEX
8
L4
10
52.312949101796406
20
-53.717646516062274
0
VERTEX
8
L4
10
52.32110620897207
20
-53.71219611130029
0
VERTEX
8
L4
10
52.328482110385394
20
-53.70572761936744
0
VERTEX
8
L4
10
52.334950602318244
20
-53.6983517179541
0
VERTEX
8
L4
10
52.340401007080246
20
-53.69019461077844
0
VERTEX
8
L4
10
52.34474006673476
20
-53.681395868205826
0
VERTEX
8
L4
10
52.347893538768076
20
-53.672106039161136
0
VERTEX
8
L4
10
52.34980746639944
20
-53.662484075194946
0
VERTEX
8
L4
10
52.3504491017964
20
-53.65269461077845
0
VERTEX
8
L4
10
52.34980746639944
20
-53.64290514636194
0
VERTEX
8
L4
10
52.347893538768076
20
-53.63328318239576
0
VERTEX
8
L4
10
52.34474006673476
20
-53.62399335335106
0
VERTEX
8
L4
10
52.340401007080246
20
-53.615194610778445
0
VERTEX
8
L4
10
52.334950602318244
20
-53.60703750360279
0
VERTEX
8
L4
10
52.328482110385394
20
-53.59966160218946
0
VERTEX
8
L4
10
52.32110620897207
20
-53.5931931102566
0
VERTEX
8
L4
10
52.312949101796406
20
-53.58774270549461
0
VERTEX
8
L4
10
52.30415035922378
20
-53.5834036458401
0
VERTEX
8
L4
10
52.29486053017909
20
-53.58025017380677
0
VERTEX
8
L4
10
52.285238566212925
20
-53.57833624617541
0
VERTEX
8
L4
10
52.27544910179641
20
-53.577694610778444
0
SEQEND
0
POLYLINE
8
L4
66
1
70
1
0
VERTEX
8
L4
10
48.50299401197604
20
-55.73338323353294
0
VERTEX
8
L4
10
48.49320454755953
20
-55.7340248689299
0
VERTEX
8
L4
10
48.48358258359336
20
-55.73593879656126
0
VERTEX
8
L4
10
48.47429275454867
20
-55.73909226859459
0
VERTEX
8
L4
10
48.46549401197605
20
-55.7434313282491
0
VERTEX
8
L4
10
48.457336904800385
20
-55.748881733011096
0
VERTEX
8
L4
10
48.44996100338706
20
-55.755350224943946
0
VERTEX
8
L4
10
48.44349251145421
20
-55.762726126357286
0
VERTEX
8
L4
10
48.43804210669221
20
-55.770883233532935
0
VERTEX
8
L4
10
48.433703047037696
20
-55.77968197610556
0
VERTEX
8
L4
10
48.43054957500435
20
-55.78897180515025
0
VERTEX
8
L4
10
48.428635647373014
20
-55.79859376911644
0
VERTEX
8
L4
10
48.427994011976054
20
-55.808383233532936
0
VERTEX
8
L4
10
48.428635647373014
20
-55.81817269794944
0
VERTEX
8
L4
10
48.43054957500435
20
-55.827794661915625
0
VERTEX
8
L4
10
48.433703047037696
20
-55.83708449096032
0
VERTEX
8
L4
10
48.43804210669221
20
-55.84588323353294
0
VERTEX
8
L4
10
48.44349251145421
20
-55.85404034070859
0
VERTEX
8
L4
10
48.44996100338706
20
-55.861416242121926
0
VERTEX
8
L4
10
48.457336904800385
20
-55.86788473405478
0
VERTEX
8
L4
10
48.46549401197605
20
-55.87333513881677
0
VERTEX
8
L4
10
48.47429275454867
20
-55.87767419847128
0
VERTEX
8
L4
10
48.48358258359336
20
-55.880827670504615
0
VERTEX
8
L4
10
48.49320454755953
20
-55.88274159813597
0
VERTEX
8
L4
10
48.50299401197604
20
-55.88338323353294
0
VERTEX
8
L4
10
48.512783476392556
20
-55.88274159813597
0
VERTEX
8
L4
10
48.522405440358725
20
-55.880827670504615
0
VERTEX
8
L4
10
48.531695269403414
20
-55.87767419847128
0
VERTEX
8
L4
10
48.54049401197604
20
-55.87333513881677
0
VERTEX
8
L4
10
48.5486511191517
20
-55.86788473405478
0
VERTEX
8
L4
10
48.556027020565026
20
-55.861416242121926
0
VERTEX
8
L4
10
48.562495512497875
20
-55.85404034070859
0
VERTEX
8
L4
10
48.56794591725988
20
-55.84588323353294
0
VERTEX
8
L4
10
48.57228497691439
20
-55.83708449096032
0
VERTEX
8
L4
10
48.575438448947736
20
-55.827794661915625
0
VERTEX
8
L4
10
48.57735237657907
20
-55.81817269794944
0
VERTEX
8
L4
10
48.57799401197603
20
-55.808383233532936
0
VERTEX
8
L4
10
48.57735237657907
20
-55.79859376911644
0
VERTEX
8
L4
10
48.575438448947736
20
-55.78897180515025
0
VERTEX
8
L4
10
48.57228497691439
20
-55.77968197610556
0
VERTEX
8
L4
10
48.56794591725988
20
-55.770883233532935
0
VERTEX
8
L4
10
48.562495512497875
20
-55.762726126357286
0
VERTEX
8
L4
10
48.556027020565026
20
-55.755350224943946
0
VERTEX
8
L4
10
48.5486511191517
20
-55.748881733011096
0
VERTEX
8
L4
10
48.54049401197604
20
-55.7434313282491
0
VERTEX
8
L4
10
48.531695269403414
20
-55.73909226859459
0
VERTEX
8
L4
10
48.522405440358725
20
-55.73593879656126
0
VERTEX
8
L4
10
48.512783476392556
20
-55.7340248689299
0
VERTEX
8
L4
10
48.50299401197604
20
-55.73338323353294
0
SEQEND
0
POLYLINE
8
L4
66
1
70
1
0
VERTEX
8
L4
10
48.50299401197604
20
-54.77529940119761
0
VERTEX
8
L4
10
48.49320454755953
20
-54.775941036594574
0
VERTEX
8
L4
10
48.48358258359336
20
-54.77785496422593
0
VERTEX
8
L4
10
48.47429275454867
20
-54.78100843625926
0
VERTEX
8
L4
10
48.46549401197605
20
-54.785347495913776
0
VERTEX
8
L4
10
48.457336904800385
20
-54.79079790067576
0
VERTEX
8
L4
10
48.44996100338706
20
-54.79726639260862
0
VERTEX
8
L4
10
48.44349251145421
20
-54.80464229402195
0
VERTEX
8
L4
10
48.43804210669221
20
-54.81279940119761
0
VERTEX
8
L4
10
48.433703047037696
20
-54.821598143770224
0
VERTEX
8
L4
10
48.43054957500435
20
-54.83088797281492
0
VERTEX
8
L4
10
48.428635647373014
20
-54.8405099367811
0
VERTEX
8
L4
10
48.427994011976054
20
-54.85029940119761
0
VERTEX
8
L4
10
48.428635647373014
20
-54.86008886561411
0
VERTEX
8
L4
10
48.43054957500435
20
-54.8697108295803
0
VERTEX
8
L4
10
48.433703047037696
20
-54.87900065862499
0
VERTEX
8
L4
10
48.43804210669221
20
-54.887799401197604
0
VERTEX
8
L4
10
48.44349251145421
20
-54.89595650837326
0
VERTEX
8
L4
10
48.44996100338706
20
-54.9033324097866
0
VERTEX
8
L4
10
48.457336904800385
20
-54.90980090171945
0
VERTEX
8
L4
10
48.46549401197605
20
-54.91525130648144
0
VERTEX
8
L4
10
48.47429275454867
20
-54.91959036613596
0
VERTEX
8
L4
10
48.48358258359336
20
-54.92274383816929
0
VERTEX
8
L4
10
48.49320454755953
20
-54.924657765800646
0
VERTEX
8
L4
10
48.50299401197604
20
-54.925299401197606
0
VERTEX
8
L4
10
48.512783476392556
20
-54.924657765800646
0
VERTEX
8
L4
10
48.522405440358725
20
-54.92274383816929
0
VERTEX
8
L4
10
48.531695269403414
20
-54.91959036613596
0
VERTEX
8
L4
10
48.54049401197604
20
-54.91525130648144
0
VERTEX
8
L4
10
48.5486511191517
20
-54.90980090171945
0
VERTEX
8
L4
10
48.556027020565026
20
-54.9033324097866
0
VERTEX
8
L4
10
48.562495512497875
20
-54.89595650837326
0
VERTEX
8
L4
10
48.56794591725988
20
-54.887799401197604
0
VERTEX
8
L4
10
48.57228497691439
20
-54.87900065862499
0
VERTEX
8
L4
10
48.575438448947736
20
-54.8697108295803
0
VERTEX
8
L4
10
48.57735237657907
20
-54.86008886561411
0
VERTEX
8
L4
10
48.57799401197603
20
-54.85029940119761
0
VERTEX
8
L4
10
48.57735237657907
20
-54.8405099367811
0
VERTEX
8
L4
10
48.575438448947736
20
-54.83088797281492
0
VERTEX
8
L4
10
48.57228497691439
20
-54.821598143770224
0
VERTEX
8
L4
10
48.56794591725988
20
-54.81279940119761
0
VERTEX
8
L4
10
48.562495512497875
20
-54.80464229402195
0
VERTEX
8
L4
10
48.556027020565026
20
-54.79726639260862
0
VERTEX
8
L4
10
48.5486511191517
20
-54.79079790067576
0
VERTEX
8
L4
10
48.54049401197604
20
-54.785347495913776
0
VERTEX
8
L4
10
48.531695269403414
20
-54.78100843625926
0
VERTEX
8
L4
10
48.522405440358725
20
-54.77785496422593
0
VERTEX
8
L4
10
48.512783476392556
20
-54.775941036594574
0
VERTEX
8
L4
10
48.50299401197604
20
-54.77529940119761
0
SEQEND
0
POLYLINE
8
L4
66
1
70
1
0
VERTEX
8
L4
10
52.63473053892217
20
-55.61362275449102
0
VERTEX
8
L4
10
52.62494107450566
20
-55.614264389887985
0
VERTEX
8
L4
10
52.61531911053946
20
-55.61617831751934
0
VERTEX
8
L4
10
52.60602928149477
20
-55.619331789552675
0
VERTEX
8
L4
10
52.59723053892215
20
-55.62367084920719
0
VERTEX
8
L4
10
52.58907343174651
20
-55.62912125396918
0
VERTEX
8
L4
10
52.58169753033316
20
-55.63558974590203
0
VERTEX
8
L4
10
52.57522903840031
20
-55.642965647315364
0
VERTEX
8
L4
10
52.569778633638336
20
-55.65112275449102
0
VERTEX
8
L4
10
52.565439573983824
20
-55.65992149706364
0
VERTEX
8
L4
10
52.56228610195048
20
-55.66921132610833
0
VERTEX
8
L4
10
52.56037217431911
20
-55.678833290074515
0
VERTEX
8
L4
10
52.55973053892215
20
-55.68862275449102
0
VERTEX
8
L4
10
52.56037217431911
20
-55.69841221890753
0
VERTEX
8
L4
10
52.56228610195048
20
-55.70803418287371
0
VERTEX
8
L4
10
52.565439573983824
20
-55.7173240119184
0
VERTEX
8
L4
10
52.569778633638336
20
-55.72612275449102
0
VERTEX
8
L4
10
52.57522903840031
20
-55.73427986166668
0
VERTEX
8
L4
10
52.58169753033316
20
-55.74165576308001
0
VERTEX
8
L4
10
52.58907343174651
20
-55.74812425501286
0
VERTEX
8
L4
10
52.59723053892215
20
-55.753574659774856
0
VERTEX
8
L4
10
52.60602928149477
20
-55.75791371942937
0
VERTEX
8
L4
10
52.61531911053946
20
-55.7610671914627
0
VERTEX
8
L4
10
52.62494107450566
20
-55.76298111909406
0
VERTEX
8
L4
10
52.63473053892217
20
-55.763622754491024
0
VERTEX
8
L4
10
52.644520003338656
20
-55.76298111909406
0
VERTEX
8
L4
10
52.65414196730485
20
-55.7610671914627
0
VERTEX
8
L4
10
52.66343179634954
20
-55.75791371942937
0
VERTEX
8
L4
10
52.672230538922165
20
-55.753574659774856
0
VERTEX
8
L4
10
52.6803876460978
20
-55.74812425501286
0
VERTEX
8
L4
10
52.68776354751115
20
-55.74165576308001
0
VERTEX
8
L4
10
52.694232039444
20
-55.73427986166668
0
VERTEX
8
L4
10
52.699682444206005
20
-55.72612275449102
0
VERTEX
8
L4
10
52.70402150386052
20
-55.7173240119184
0
VERTEX
8
L4
10
52.707174975893835
20
-55.70803418287371
0
VERTEX
8
L4
10
52.7090889035252
20
-55.69841221890753
0
VERTEX
8
L4
10
52.70973053892216
20
-55.68862275449102
0
VERTEX
8
L4
10
52.7090889035252
20
-55.678833290074515
0
VERTEX
8
L4
10
52.707174975893835
20
-55.66921132610833
0
VERTEX
8
L4
10
52.70402150386052
20
-55.65992149706364
0
VERTEX
8
L4
10
52.699682444206005
20
-55.65112275449102
0
VERTEX
8
L4
10
52.694232039444
20
-55.642965647315364
0
VERTEX
8
L4
10
52.68776354751115
20
-55.63558974590203
0
VERTEX
8
L4
10
52.6803876460978
20
-55.62912125396918
0
VERTEX
8
L4
10
52.672230538922165
20
-55.62367084920719
0
VERTEX
8
L4
10
52.66343179634954
20
-55.619331789552675
0
VERTEX
8
L4
10
52.65414196730485
20
-55.61617831751934
0
VERTEX
8
L4
10
52.644520003338656
20
-55.614264389887985
0
VERTEX
8
L4
10
52.63473053892217
20
-55.61362275449102
0
SEQEND
0
POLYLINE
8
L4
66
1
70
1
0
VERTEX
8
L4
10
48.50299401197604
20
-53.81721556886228
0
VERTEX
8
L4
10
48.49320454755953
20
-53.81785720425924
0
VERTEX
8
L4
10
48.48358258359336
20
-53.8197711318906
0
VERTEX
8
L4
10
48.47429275454867
20
-53.82292460392393
0
VERTEX
8
L4
10
48.46549401197605
20
-53.82726366357844
0
VERTEX
8
L4
10
48.457336904800385
20
-53.83271406834044
0
VERTEX
8
L4
10
48.44996100338706
20
-53.83918256027329
0
VERTEX
8
L4
10
48.44349251145421
20
-53.84655846168663
0
VERTEX
8
L4
10
48.43804210669221
20
-53.854715568862275
0
VERTEX
8
L4
10
48.433703047037696
20
-53.8635143114349
0
VERTEX
8
L4
10
48.43054957500435
20
-53.87280414047959
0
VERTEX
8
L4
10
48.428635647373014
20
-53.88242610444578
0
VERTEX
8
L4
10
48.427994011976054
20
-53.89221556886228
0
VERTEX
8
L4
10
48.428635647373014
20
-53.90200503327878
0
VERTEX
8
L4
10
48.43054957500435
20
-53.911626997244966
0
VERTEX
8
L4
10
48.433703047037696
20
-53.92091682628966
0
VERTEX
8
L4
10
48.43804210669221
20
-53.92971556886228
0
VERTEX
8
L4
10
48.44349251145421
20
-53.937872676037934
0
VERTEX
8
L4
10
48.44996100338706
20
-53.94524857745127
0
VERTEX
8
L4
10
48.457336904800385
20
-53.951717069384124
0
VERTEX
8
L4
10
48.46549401197605
20
-53.95716747414611
0
VERTEX
8
L4
10
48.47429275454867
20
-53.96150653380062
0
VERTEX
8
L4
10
48.48358258359336
20
-53.964660005833956
0
VERTEX
8
L4
10
48.49320454755953
20
-53.96657393346531
0
VERTEX
8
L4
10
48.50299401197604
20
-53.96721556886228
0
VERTEX
8
L4
10
48.512783476392556
20
-53.96657393346531
0
VERTEX
8
L4
10
48.522405440358725
20
-53.964660005833956
0
VERTEX
8
L4
10
48.531695269403414
20
-53.96150653380062
0
VERTEX
8
L4
10
48.54049401197604
20
-53.95716747414611
0
VERTEX
8
L4
10
48.5486511191517
20
-53.951717069384124
0
VERTEX
8
L4
10
48.556027020565026
20
-53.94524857745127
0
VERTEX
8
L4
10
48.562495512497875
20
-53.937872676037934
0
VERTEX
8
L4
10
48.56794591725988
20
-53.92971556886228
0
VERTEX
8
L4
10
48.57228497691439
20
-53.92091682628966
0
VERTEX
8
L4
10
48.575438448947736
20
-53.911626997244966
0
VERTEX
8
L4
10
48.57735237657907
20
-53.90200503327878
0
VERTEX
8
L4
10
48.57799401197603
20
-53.89221556886228
0
VERTEX
8
L4
10
48.57735237657907
20
-53.88242610444578
0
VERTEX
8
L4
10
48.575438448947736
20
-53.87280414047959
0
VERTEX
8
L4
10
48.57228497691439
20
-53.8635143114349
0
VERTEX
8
L4
10
48.56794591725988
20
-53.854715568862275
0
VERTEX
8
L4
10
48.562495512497875
20
-53.84655846168663
0
VERTEX
8
L4
10
48.556027020565026
20
-53.83918256027329
0
VERTEX
8
L4
10
48.5486511191517
20
-53.83271406834044
0
VERTEX
8
L4
10
48.54049401197604
20
-53.82726366357844
0
VERTEX
8
L4
10
48.531695269403414
20
-53.82292460392393
0
VERTEX
8
L4
10
48.522405440358725
20
-53.8197711318906
0
VERTEX
8
L4
10
48.512783476392556
20
-53.81785720425924
0
VERTEX
8
L4
10
48.50299401197604
20
-53.81721556886228
0
SEQEND
0
POLYLINE
8
L4
66
1
70
1
0
VERTEX
8
L4
10
48.50299401197604
20
-53.338173652694614
0
VERTEX
8
L4
10
48.49320454755953
20
-53.338815288091574
0
VERTEX
8
L4
10
48.48358258359336
20
-53.34072921572293
0
VERTEX
8
L4
10
48.47429275454867
20
-53.34388268775626
0
VERTEX
8
L4
10
48.46549401197605
20
-53.348221747410776
0
VERTEX
8
L4
10
48.457336904800385
20
-53.35367215217277
0
VERTEX
8
L4
10
48.44996100338706
20
-53.36014064410562
0
VERTEX
8
L4
10
48.44349251145421
20
-53.36751654551896
0
VERTEX
8
L4
10
48.43804210669221
20
-53.37567365269461
0
VERTEX
8
L4
10
48.433703047037696
20
-53.38447239526723
0
VERTEX
8
L4
10
48.43054957500435
20
-53.39376222431192
0
VERTEX
8
L4
10
48.428635647373014
20
-53.40338418827811
0
VERTEX
8
L4
10
48.427994011976054
20
-53.41317365269461
0
VERTEX
8
L4
10
48.428635647373014
20
-53.42296311711112
0
VERTEX
8
L4
10
48.43054957500435
20
-53.4325850810773
0
VERTEX
8
L4
10
48.433703047037696
20
-53.441874910121996
0
VERTEX
8
L4
10
48.43804210669221
20
-53.45067365269461
0
VERTEX
8
L4
10
48.44349251145421
20
-53.45883075987027
0
VERTEX
8
L4
10
48.44996100338706
20
-53.4662066612836
0
VERTEX
8
L4
10
48.457336904800385
20
-53.47267515321646
0
VERTEX
8
L4
10
48.46549401197605
20
-53.478125557978444
0
VERTEX
8
L4
10
48.47429275454867
20
-53.48246461763296
0
VERTEX
8
L4
10
48.48358258359336
20
-53.48561808966629
0
VERTEX
8
L4
10
48.49320454755953
20
-53.487532017297646
0
VERTEX
8
L4
10
48.50299401197604
20
-53.48817365269461
0
VERTEX
8
L4
10
48.512783476392556
20
-53.487532017297646
0
VERTEX
8
L4
10
48.522405440358725
20
-53.48561808966629
0
VERTEX
8
L4
10
48.531695269403414
20
-53.48246461763296
0
VERTEX
8
L4
10
48.54049401197604
20
-53.478125557978444
0
VERTEX
8
L4
10
48.5486511191517
20
-53.47267515321646
0
VERTEX
8
L4
10
48.556027020565026
20
-53.4662066612836
0
VERTEX
8
L4
10
48.562495512497875
20
-53.45883075987027
0
VERTEX
8
L4
10
48.56794591725988
20
-53.45067365269461
0
VERTEX
8
L4
10
48.57228497691439
20
-53.441874910121996
0
VERTEX
8
L4
10
48.575438448947736
20
-53.4325850810773
0
VERTEX
8
L4
10
48.57735237657907
20
-53.42296311711112
0
VERTEX
8
L4
10
48.57799401197603
20
-53.41317365269461
0
VERTEX
8
L4
10
48.57735237657907
20
-53.40338418827811
0
VERTEX
8
L4
10
48.575438448947736
20
-53.39376222431192
0
VERTEX
8
L4
10
48.57228497691439
20
-53.38447239526723
0
VERTEX
8
L4
10
48.56794591725988
20
-53.37567365269461
0
VERTEX
8
L4
10
48.562495512497875
20
-53.36751654551896
0
VERTEX
8
L4
10
48.556027020565026
20
-53.36014064410562
0
VERTEX
8
L4
10
48.5486511191517
20
-53.35367215217277
0
VERTEX
8
L4
10
48.54049401197604
20
-53.348221747410776
0
VERTEX
8
L4
10
48.531695269403414
20
-53.34388268775626
0
VERTEX
8
L4
10
48.522405440358725
20
-53.34072921572293
0
VERTEX
8
L4
10
48.512783476392556
20
-53.338815288091574
0
VERTEX
8
L4
10
48.50299401197604
20
-53.338173652694614
0
SEQEND
0
POLYLINE
8
L4
66
1
70
1
0
VERTEX
8
L4
10
50.359281437125745
20
-53.577694610778444
0
VERTEX
8
L4
10
50.34949197270923
20
-53.57833624617541
0
VERTEX
8
L4
10
50.33987000874306
20
-53.58025017380676
0
VERTEX
8
L4
10
50.33058017969837
20
-53.5834036458401
0
VERTEX
8
L4
10
50.32178143712575
20
-53.58774270549461
0
VERTEX
8
L4
10
50.31362432995009
20
-53.5931931102566
0
VERTEX
8
L4
10
50.30624842853676
20
-53.59966160218946
0
VERTEX
8
L4
10
50.29977993660391
20
-53.60703750360279
0
VERTEX
8
L4
10
50.29432953184191
20
-53.615194610778445
0
VERTEX
8
L4
10
50.2899904721874
20
-53.62399335335106
0
VERTEX
8
L4
10
50.28683700015408
20
-53.63328318239576
0
VERTEX
8
L4
10
50.284923072522716
20
-53.64290514636194
0
VERTEX
8
L4
10
50.284281437125756
20
-53.65269461077845
0
VERTEX
8
L4
10
50.284923072522716
20
-53.662484075194946
0
VERTEX
8
L4
10
50.28683700015408
20
-53.672106039161136
0
VERTEX
8
L4
10
50.2899904721874
20
-53.681395868205826
0
VERTEX
8
L4
10
50.29432953184191
20
-53.69019461077844
0
VERTEX
8
L4
10
50.29977993660391
20
-53.6983517179541
0
VERTEX
8
L4
10
50.30624842853676
20
-53.70572761936744
0
VERTEX
8
L4
10
50.31362432995009
20
-53.71219611130029
0
VERTEX
8
L4
10
50.32178143712575
20
-53.717646516062274
0
VERTEX
8
L4
10
50.33058017969837
20
-53.72198557571679
0
VERTEX
8
L4
10
50.33987000874306
20
-53.725139047750126
0
VERTEX
8
L4
10
50.34949197270923
20
-53.72705297538148
0
VERTEX
8
L4
10
50.359281437125745
20
-53.72769461077844
0
VERTEX
8
L4
10
50.36907090154226
20
-53.72705297538148
0
VERTEX
8
L4
10
50.37869286550843
20
-53.725139047750126
0
VERTEX
8
L4
10
50.387982694553116
20
-53.72198557571679
0
VERTEX
8
L4
10
50.39678143712574
20
-53.717646516062274
0
VERTEX
8
L4
10
50.4049385443014
20
-53.71219611130029
0
VERTEX
8
L4
10
50.41231444571473
20
-53.70572761936744
0
VERTEX
8
L4
10
50.41878293764758
20
-53.6983517179541
0
VERTEX
8
L4
10
50.42423334240958
20
-53.69019461077844
0
VERTEX
8
L4
10
50.42857240206409
20
-53.681395868205826
0
VERTEX
8
L4
10
50.43172587409744
20
-53.672106039161136
0
VERTEX
8
L4
10
50.43363980172877
20
-53.662484075194946
0
VERTEX
8
L4
10
50.43428143712573
20
-53.65269461077845
0
VERTEX
8
L4
10
50.43363980172877
20
-53.64290514636194
0
VERTEX
8
L4
10
50.43172587409744
20
-53.63328318239576
0
VERTEX
8
L4
10
50.42857240206409
20
-53.62399335335106
0
VERTEX
8
L4
10
50.42423334240958
20
-53.615194610778445
0
VERTEX
8
L4
10
50.41878293764758
20
-53.60703750360279
0
VERTEX
8
L4
10
50.41231444571473
20
-53.59966160218946
0
VERTEX
8
L4
10
50.4049385443014
20
-53.5931931102566
0
VERTEX
8
L4
10
50.39678143712574
20
-53.58774270549461
0
VERTEX
8
L4
10
50.387982694553116
20
-53.5834036458401
0
VERTEX
8
L4
10
50.37869286550843
20
-53.58025017380677
0
VERTEX
8
L4
10
50.36907090154226
20
-53.57833624617541
0
VERTEX
8
L4
10
50.359281437125745
20
-53.577694610778444
0
SEQEND
0
POLYLINE
8
L4
66
1
70
1
0
VERTEX
8
L4
10
48.50299401197604
20
-54.29625748502994
0
VERTEX
8
L4
10
48.49320454755953
20
-54.29689912042691
0
VERTEX
8
L4
10
48.48358258359336
20
-54.298813048058264
0
VERTEX
8
L4
10
48.47429275454867
20
-54.3019665200916
0
VERTEX
8
L4
10
48.46549401197605
20
-54.30630557974611
0
VERTEX
8
L4
10
48.457336904800385
20
-54.311755984508096
0
VERTEX
8
L4
10
48.44996100338706
20
-54.31822447644095
0
VERTEX
8
L4
10
48.44349251145421
20
-54.325600377854286
0
VERTEX
8
L4
10
48.43804210669221
20
-54.33375748502994
0
VERTEX
8
L4
10
48.433703047037696
20
-54.34255622760256
0
VERTEX
8
L4
10
48.43054957500435
20
-54.351846056647254
0
VERTEX
8
L4
10
48.428635647373014
20
-54.36146802061344
0
VERTEX
8
L4
10
48.427994011976054
20
-54.37125748502994
0
VERTEX
8
L4
10
48.428635647373014
20
-54.38104694944644
0
VERTEX
8
L4
10
48.43054957500435
20
-54.39066891341263
0
VERTEX
8
L4
10
48.433703047037696
20
-54.39995874245732
0
VERTEX
8
L4
10
48.43804210669221
20
-54.408757485029945
0
VERTEX
8
L4
10
48.44349251145421
20
-54.41691459220559
0
VERTEX
8
L4
10
48.44996100338706
20
-54.42429049361893
0
VERTEX
8
L4
10
48.457336904800385
20
-54.43075898555178
0
VERTEX
8
L4
10
48.46549401197605
20
-54.43620939031378
0
VERTEX
8
L4
10
48.47429275454867
20
-54.44054844996829
0
VERTEX
8
L4
10
48.48358258359336
20
-54.44370192200162
0
VERTEX
8
L4
10
48.49320454755953
20
-54.44561584963298
0
VERTEX
8
L4
10
48.50299401197604
20
-54.44625748502994
0
VERTEX
8
L4
10
48.512783476392556
20
-54.44561584963298
0
VERTEX
8
L4
10
48.522405440358725
20
-54.44370192200162
0
VERTEX
8
L4
10
48.531695269403414
20
-54.44054844996829
0
VERTEX
8
L4
10
48.54049401197604
20
-54.43620939031378
0
VERTEX
8
L4
10
48.5486511191517
20
-54.43075898555178
0
VERTEX
8
L4
10
48.556027020565026
20
-54.42429049361893
0
VERTEX
8
L4
10
48.562495512497875
20
-54.41691459220559
0
VERTEX
8
L4
10
48.56794591725988
20
-54.408757485029945
0
VERTEX
8
L4
10
48.57228497691439
20
-54.39995874245732
0
VERTEX
8
L4
10
48.575438448947736
20
-54.39066891341263
0
VERTEX
8
L4
10
48.57735237657907
20
-54.38104694944644
0
VERTEX
8
L4
10
48.57799401197603
20
-54.37125748502994
0
VERTEX
8
L4
10
48.57735237657907
20
-54.36146802061344
0
VERTEX
8
L4
10
48.575438448947736
20
-54.351846056647254
0
VERTEX
8
L4
10
48.57228497691439
20
-54.34255622760256
0
VERTEX
8
L4
10
48.56794591725988
20
-54.33375748502994
0
VERTEX
8
L4
10
48.562495512497875
20
-54.325600377854286
0
VERTEX
8
L4
10
48.556027020565026
20
-54.31822447644095
0
VERTEX
8
L4
10
48.5486511191517
20
-54.311755984508096
0
VERTEX
8
L4
10
48.54049401197604
20
-54.30630557974611
0
VERTEX
8
L4
10
48.531695269403414
20
-54.3019665200916
0
VERTEX
8
L4
10
48.522405440358725
20
-54.298813048058264
0
VERTEX
8
L4
10
48.512783476392556
20
-54.29689912042691
0
VERTEX
8
L4
10
48.50299401197604
20
-54.29625748502994
0
SEQEND
0
POLYLINE
8
L4
66
1
70
1
0
VERTEX
8
L4
10
50.359281437125745
20
-53.14056886227545
0
VERTEX
8
L4
10
50.34949197270923
20
-53.14121049767241
0
VERTEX
8
L4
10
50.33987000874306
20
-53.14312442530377
0
VERTEX
8
L4
10
50.33058017969837
20
-53.1462778973371
0
VERTEX
8
L4
10
50.32178143712575
20
-53.15061695699162
0
VERTEX
8
L4
10
50.31362432995009
20
-53.15606736175361
0
VERTEX
8
L4
10
50.30624842853676
20
-53.16253585368646
0
VERTEX
8
L4
10
50.29977993660391
20
-53.1699117550998
0
VERTEX
8
L4
10
50.29432953184191
20
-53.17806886227545
0
VERTEX
8
L4
10
50.2899904721874
20
-53.18686760484807
0
VERTEX
8
L4
10
50.28683700015408
20
-53.196157433892765
0
VERTEX
8
L4
10
50.284923072522716
20
-53.20577939785895
0
VERTEX
8
L4
10
50.284281437125756
20
-53.21556886227545
0
VERTEX
8
L4
10
50.284923072522716
20
-53.22535832669195
0
VERTEX
8
L4
10
50.28683700015408
20
-53.234980290658136
0
VERTEX
8
L4
10
50.2899904721874
20
-53.24427011970283
0
VERTEX
8
L4
10
50.29432953184191
20
-53.25306886227545
0
VERTEX
8
L4
10
50.29977993660391
20
-53.261225969451104
0
VERTEX
8
L4
10
50.30624842853676
20
-53.268601870864444
0
VERTEX
8
L4
10
50.31362432995009
20
-53.275070362797294
0
VERTEX
8
L4
10
50.32178143712575
20
-53.28052076755928
0
VERTEX
8
L4
10
50.33058017969837
20
-53.28485982721379
0
VERTEX
8
L4
10
50.33987000874306
20
-53.28801329924713
0
VERTEX
8
L4
10
50.34949197270923
20
-53.28992722687848
0
VERTEX
8
L4
10
50.359281437125745
20
-53.29056886227545
0
VERTEX
8
L4
10
50.36907090154226
20
-53.28992722687848
0
VERTEX
8
L4
10
50.37869286550843
20
-53.28801329924713
0
VERTEX
8
L4
10
50.387982694553116
20
-53.28485982721379
0
VERTEX
8
L4
10
50.39678143712574
20
-53.28052076755928
0
VERTEX
8
L4
10
50.4049385443014
20
-53.275070362797294
0
VERTEX
8
L4
10
50.41231444571473
20
-53.268601870864444
0
VERTEX
8
L4
10
50.41878293764758
20
-53.261225969451104
0
VERTEX
8
L4
10
50.42423334240958
20
-53.25306886227545
0
VERTEX
8
L4
10
50.42857240206409
20
-53.24427011970283
0
VERTEX
8
L4
10
50.43172587409744
20
-53.234980290658136
0
VERTEX
8
L4
10
50.43363980172877
20
-53.22535832669195
0
VERTEX
8
L4
10
50.43428143712573
20
-53.21556886227545
0
VERTEX
8
L4
10
50.43363980172877
20
-53.20577939785895
0
VERTEX
8
L4
10
50.43172587409744
20
-53.196157433892765
0
VERTEX
8
L4
10
50.42857240206409
20
-53.18686760484807
0
VERTEX
8
L4
10
50.42423334240958
20
-53.17806886227545
0
VERTEX
8
L4
10
50.41878293764758
20
-53.1699117550998
0
VERTEX
8
L4
10
50.41231444571473
20
-53.16253585368646
0
VERTEX
8
L4
10
50.4049385443014
20
-53.15606736175361
0
VERTEX
8
L4
10
50.39678143712574
20
-53.15061695699162
0
VERTEX
8
L4
10
50.387982694553116
20
-53.1462778973371
0
VERTEX
8
L4
10
50.37869286550843
20
-53.14312442530377
0
VERTEX
8
L4
10
50.36907090154226
20
-53.14121049767241
0
VERTEX
8
L4
10
50.359281437125745
20
-53.14056886227545
0
SEQEND
0
POLYLINE
8
L4
66
1
70
1
0
VERTEX
8
L4
10
48.50299401197604
20
-55.254341317365274
0
VERTEX
8
L4
10
48.49320454755953
20
-55.254982952762234
0
VERTEX
8
L4
10
48.48358258359336
20
-55.25689688039359
0
VERTEX
8
L4
10
48.47429275454867
20
-55.26005035242692
0
VERTEX
8
L4
10
48.46549401197605
20
-55.26438941208144
0
VERTEX
8
L4
10
48.457336904800385
20
-55.26983981684343
0
VERTEX
8
L4
10
48.44996100338706
20
-55.27630830877628
0
VERTEX
8
L4
10
48.44349251145421
20
-55.28368421018962
0
VERTEX
8
L4
10
48.43804210669221
20
-55.291841317365275
0
VERTEX
8
L4
10
48.433703047037696
20
-55.30064005993789
0
VERTEX
8
L4
10
48.43054957500435
20
-55.30992988898258
0
VERTEX
8
L4
10
48.428635647373014
20
-55.31955185294877
0
VERTEX
8
L4
10
48.427994011976054
20
-55.32934131736527
0
VERTEX
8
L4
10
48.428635647373014
20
-55.339130781781776
0
VERTEX
8
L4
10
48.43054957500435
20
-55.34875274574796
0
VERTEX
8
L4
10
48.433703047037696
20
-55.358042574792655
0
VERTEX
8
L4
10
48.43804210669221
20
-55.36684131736527
0
VERTEX
8
L4
10
48.44349251145421
20
-55.37499842454093
0
VERTEX
8
L4
10
48.44996100338706
20
-55.38237432595427
0
VERTEX
8
L4
10
48.457336904800385
20
-55.38884281788712
0
VERTEX
8
L4
10
48.46549401197605
20
-55.394293222649104
0
VERTEX
8
L4
10
48.47429275454867
20
-55.398632282303616
0
VERTEX
8
L4
10
48.48358258359336
20
-55.401785754336956
0
VERTEX
8
L4
10
48.49320454755953
20
-55.403699681968305
0
VERTEX
8
L4
10
48.50299401197604
20
-55.40434131736527
0
VERTEX
8
L4
10
48.512783476392556
20
-55.403699681968305
0
VERTEX
8
L4
10
48.522405440358725
20
-55.401785754336956
0
VERTEX
8
L4
10
48.531695269403414
20
-55.398632282303616
0
VERTEX
8
L4
10
48.54049401197604
20
-55.394293222649104
0
VERTEX
8
L4
10
48.5486511191517
20
-55.38884281788712
0
VERTEX
8
L4
10
48.556027020565026
20
-55.38237432595427
0
VERTEX
8
L4
10
48.562495512497875
20
-55.37499842454093
0
VERTEX
8
L4
10
48.56794591725988
20
-55.36684131736527
0
VERTEX
8
L4
10
48.57228497691439
20
-55.358042574792655
0
VERTEX
8
L4
10
48.575438448947736
20
-55.34875274574796
0
VERTEX
8
L4
10
48.57735237657907
20
-55.339130781781776
0
VERTEX
8
L4
10
48.57799401197603
20
-55.32934131736527
0
VERTEX
8
L4
10
48.57735237657907
20
-55.31955185294877
0
VERTEX
8
L4
10
48.575438448947736
20
-55.30992988898258
0
VERTEX
8
L4
10
48.57228497691439
20
-55.30064005993789
0
VERTEX
8
L4
10
48.56794591725988
20
-55.291841317365275
0
VERTEX
8
L4
10
48.562495512497875
20
-55.28368421018962
0
VERTEX
8
L4
10
48.556027020565026
20
-55.27630830877628
0
VERTEX
8
L4
10
48.5486511191517
20
-55.26983981684343
0
VERTEX
8
L4
10
48.54049401197604
20
-55.26438941208144
0
VERTEX
8
L4
10
48.531695269403414
20
-55.26005035242692
0
VERTEX
8
L4
10
48.522405440358725
20
-55.25689688039359
0
VERTEX
8
L4
10
48.512783476392556
20
-55.254982952762234
0
VERTEX
8
L4
10
48.50299401197604
20
-55.254341317365274
0
SEQEND
0
POLYLINE
8
L4
66
1
70
1
0
VERTEX
8
L4
10
49.760479041916156
20
-55.61362275449102
0
VERTEX
8
L4
10
49.75068957749967
20
-55.614264389887985
0
VERTEX
8
L4
10
49.741067613533474
20
-55.61617831751934
0
VERTEX
8
L4
10
49.731777784488784
20
-55.619331789552675
0
VERTEX
8
L4
10
49.72297904191616
20
-55.62367084920719
0
VERTEX
8
L4
10
49.7148219347405
20
-55.62912125396918
0
VERTEX
8
L4
10
49.70744603332717
20
-55.63558974590203
0
VERTEX
8
L4
10
49.70097754139432
20
-55.642965647315364
0
VERTEX
8
L4
10
49.69552713663232
20
-55.65112275449102
0
VERTEX
8
L4
10
49.69118807697781
20
-55.65992149706364
0
VERTEX
8
L4
10
49.68803460494449
20
-55.66921132610833
0
VERTEX
8
L4
10
49.68612067731313
20
-55.678833290074515
0
VERTEX
8
L4
10
49.68547904191617
20
-55.68862275449102
0
VERTEX
8
L4
10
49.68612067731313
20
-55.69841221890753
0
VERTEX
8
L4
10
49.68803460494449
20
-55.70803418287371
0
VERTEX
8
L4
10
49.69118807697781
20
-55.7173240119184
0
VERTEX
8
L4
10
49.69552713663232
20
-55.72612275449102
0
VERTEX
8
L4
10
49.70097754139432
20
-55.73427986166668
0
VERTEX
8
L4
10
49.70744603332717
20
-55.74165576308001
0
VERTEX
8
L4
10
49.7148219347405
20
-55.74812425501286
0
VERTEX
8
L4
10
49.72297904191616
20
-55.753574659774856
0
VERTEX
8
L4
10
49.731777784488784
20
-55.75791371942937
0
VERTEX
8
L4
10
49.741067613533474
20
-55.7610671914627
0
VERTEX
8
L4
10
49.75068957749967
20
-55.76298111909406
0
VERTEX
8
L4
10
49.760479041916156
20
-55.763622754491024
0
VERTEX
8
L4
10
49.77026850633267
20
-55.76298111909406
0
VERTEX
8
L4
10
49.77989047029887
20
-55.7610671914627
0
VERTEX
8
L4
10
49.789180299343556
20
-55.75791371942937
0
VERTEX
8
L4
10
49.79797904191618
20
-55.753574659774856
0
VERTEX
8
L4
10
49.80613614909181
20
-55.74812425501286
0
VERTEX
8
L4
10
49.81351205050517
20
-55.74165576308001
0
VERTEX
8
L4
10
49.81998054243802
20
-55.73427986166668
0
VERTEX
8
L4
10
49.82543094719999
20
-55.72612275449102
0
VERTEX
8
L4
10
49.8297700068545
20
-55.7173240119184
0
VERTEX
8
L4
10
49.83292347888785
20
-55.70803418287371
0
VERTEX
8
L4
10
49.83483740651921
20
-55.69841221890753
0
VERTEX
8
L4
10
49.83547904191617
20
-55.68862275449102
0
VERTEX
8
L4
10
49.83483740651921
20
-55.678833290074515
0
VERTEX
8
L4
10
49.83292347888785
20
-55.66921132610833
0
VERTEX
8
L4
10
49.8297700068545
20
-55.65992149706364
0
VERTEX
8
L4
10
49.82543094719999
20
-55.65112275449102
0
VERTEX
8
L4
10
49.81998054243802
20
-55.642965647315364
0
VERTEX
8
L4
10
49.81351205050517
20
-55.63558974590203
0
VERTEX
8
L4
10
49.80613614909181
20
-55.62912125396918
0
VERTEX
8
L4
10
49.79797904191618
20
-55.62367084920719
0
VERTEX
8
L4
10
49.789180299343556
20
-55.619331789552675
0
VERTEX
8
L4
10
49.77989047029887
20
-55.61617831751934
0
VERTEX
8
L4
10
49.77026850633267
20
-55.614264389887985
0
VERTEX
8
L4
10
49.760479041916156
20
-55.61362275449102
0
SEQEND
0
POLYLINE
8
L4
66
1
70
1
0
VERTEX
8
L4
10
48.50299401197604
20
-56.2124251497006
0
VERTEX
8
L4
10
48.49320454755953
20
-56.21306678509757
0
VERTEX
8
L4
10
48.48358258359336
20
-56.214980712728924
0
VERTEX
8
L4
10
48.47429275454867
20
-56.218134184762256
0
VERTEX
8
L4
10
48.46549401197605
20
-56.22247324441677
0
VERTEX
8
L4
10
48.457336904800385
20
-56.22792364917876
0
VERTEX
8
L4
10
48.44996100338706
20
-56.23439214111161
0
VERTEX
8
L4
10
48.44349251145421
20
-56.241768042524946
0
VERTEX
8
L4
10
48.43804210669221
20
-56.2499251497006
0
VERTEX
8
L4
10
48.433703047037696
20
-56.258723892273224
0
VERTEX
8
L4
10
48.43054957500435
20
-56.268013721317914
0
VERTEX
8
L4
10
48.428635647373014
20
-56.277635685284096
0
VERTEX
8
L4
10
48.427994011976054
20
-56.2874251497006
0
VERTEX
8
L4
10
48.428635647373014
20
-56.29721461411711
0
VERTEX
8
L4
10
48.43054957500435
20
-56.30683657808329
0
VERTEX
8
L4
10
48.433703047037696
20
-56.31612640712798
0
VERTEX
8
L4
10
48.43804210669221
20
-56.324925149700604
0
VERTEX
8
L4
10
48.44349251145421
20
-56.33308225687626
0
VERTEX
8
L4
10
48.44996100338706
20
-56.34045815828959
0
VERTEX
8
L4
10
48.457336904800385
20
-56.34692665022244
0
VERTEX
8
L4
10
48.46549401197605
20
-56.35237705498444
0
VERTEX
8
L4
10
48.47429275454867
20
-56.35671611463895
0
VERTEX
8
L4
10
48.48358258359336
20
-56.35986958667228
0
VERTEX
8
L4
10
48.49320454755953
20
-56.36178351430364
0
VERTEX
8
L4
10
48.50299401197604
20
-56.362425149700606
0
VERTEX
8
L4
10
48.512783476392556
20
-56.36178351430364
0
VERTEX
8
L4
10
48.522405440358725
20
-56.35986958667228
0
VERTEX
8
L4
10
48.531695269403414
20
-56.35671611463895
0
VERTEX
8
L4
10
48.54049401197604
20
-56.35237705498444
0
VERTEX
8
L4
10
48.5486511191517
20
-56.34692665022244
0
VERTEX
8
L4
10
48.556027020565026
20
-56.34045815828959
0
VERTEX
8
L4
10
48.562495512497875
20
-56.33308225687626
0
VERTEX
8
L4
10
48.56794591725988
20
-56.324925149700604
0
VERTEX
8
L4
10
48.57228497691439
20
-56.31612640712798
0
VERTEX
8
L4
10
48.575438448947736
20
-56.30683657808329
0
VERTEX
8
L4
10
48.57735237657907
20
-56.29721461411711
0
VERTEX
8
L4
10
48.57799401197603
20
-56.2874251497006
0
VERTEX
8
L4
10
48.57735237657907
20
-56.277635685284096
0
VERTEX
8
L4
10
48.575438448947736
20
-56.268013721317914
0
VERTEX
8
L4
10
48.57228497691439
20
-56.258723892273224
0
VERTEX
8
L4
10
48.56794591725988
20
-56.2499251497006
0
VERTEX
8
L4
10
48.562495512497875
20
-56.241768042524946
0
VERTEX
8
L4
10
48.556027020565026
20
-56.23439214111161
0
VERTEX
8
L4
10
48.5486511191517
20
-56.22792364917876
0
VERTEX
8
L4
10
48.54049401197604
20
-56.22247324441677
0
VERTEX
8
L4
10
48.531695269403414
20
-56.218134184762256
0
VERTEX
8
L4
10
48.522405440358725
20
-56.214980712728924
0
VERTEX
8
L4
10
48.512783476392556
20
-56.21306678509757
0
VERTEX
8
L4
10
48.50299401197604
20
-56.2124251497006
0
SEQEND
0
ENDBLK
0
ENDSEC
0
SECTION
2
ENTITIES
0
INSERT
2
LDI_XFL94-0512-011_L4_B1
8
L4
10
0
20
0.0
30
0
0
INSERT
2
LDI_XFL94-0512-011_L4_B1
8
L4
10
0
20
4.790419161676647
30
0
0
INSERT
2
LDI_XFL94-0512-011_L4_B1
8
L4
10
0
20
9.580838323353294
30
0
0
INSERT
2
LDI_XFL94-0512-011_L4_B1
8
L4
10
0
20
14.371257485029941
30
0
0
INSERT
2
LDI_XFL94-0512-011_L4_B1
8
L4
10
0
20
19.16167664670659
30
0
0
INSERT
2
LDI_XFL94-0512-011_L4_B1
8
L4
10
0
20
23.952095808383234
30
0
0
INSERT
2
LDI_XFL94-0512-011_L4_B1
8
L4
10
0
20
28.742514970059883
30
0
0
INSERT
2
LDI_XFL94-0512-011_L4_B1
8
L4
10
0
20
33.53293413173653
30
0
0
INSERT
2
LDI_XFL94-0512-011_L4_B1
8
L4
10
0
20
38.32335329341318
30
0
0
INSERT
2
LDI_XFL94-0512-011_L4_B1
8
L4
10
0
20
43.11377245508982
30
0
0
INSERT
2
LDI_XFL94-0512-011_L4_B1
8
L4
10
0
20
47.90419161676647
30
0
0
INSERT
2
LDI_XFL94-0512-011_L4_B1
8
L4
10
0
20
52.69461077844312
30
0
0
INSERT
2
LDI_XFL94-0512-011_L4_B1
8
L4
10
0
20
57.485029940119766
30
0
0
INSERT
2
LDI_XFL94-0512-011_L4_B1
8
L4
10
0
20
62.27544910179641
30
0
0
INSERT
2
LDI_XFL94-0512-011_L4_B1
8
L4
10
0
20
67.06586826347306
30
0
0
INSERT
2
LDI_XFL94-0512-011_L4_B1
8
L4
10
0
20
71.8562874251497
30
0
0
INSERT
2
LDI_XFL94-0512-011_L4_B1
8
L4
10
0
20
76.64670658682635
30
0
0
INSERT
2
LDI_XFL94-0512-011_L4_B1
8
L4
10
0
20
81.43712574850301
30
0
0
INSERT
2
LDI_XFL94-0512-011_L4_B1
8
L4
10
0
20
86.22754491017965
30
0
0
INSERT
2
LDI_XFL94-0512-011_L4_B1
8
L4
10
0
20
91.0179640718563
30
0
0
INSERT
2
LDI_XFL94-0512-011_L4_B1
8
L4
10
0
20
95.80838323353294
30
0
0
INSERT
2
LDI_XFL94-0512-011_L4_B1
8
L4
10
0
20
100.59880239520959
30
0
0
INSERT
2
LDI_XFL94-0512-011_L4_B1
8
L4
10
0
20
105.38922155688624
30
0
0
INSERT
2
LDI_XFL94-0512-011_L4_B1
8
L4
10
0
20
110.17964071856288
30
0
0
POLYLINE
8
L4
66
1
70
1
40
0.1
41
0.1
0
VERTEX
8
L4
10
-61.5
20
-61.2
42
1.0
0
VERTEX
8
L4
10
-60.900000000000006
20
-61.2
42
1.0
0
SEQEND
0
POLYLINE
8
L4
66
1
70
1
40
0.1
41
0.1
0
VERTEX
8
L4
10
-61.5
20
61.2
42
1.0
0
VERTEX
8
L4
10
-60.900000000000006
20
61.2
42
1.0
0
SEQEND
0
POLYLINE
8
L4
66
1
70
1
40
0.1
41
0.1
0
VERTEX
8
L4
10
60.90000000000002
20
-61.2
42
1.0
0
VERTEX
8
L4
10
61.499999999999986
20
-61.2
42
1.0
0
SEQEND
0
POLYLINE
8
L4
66
1
70
1
40
0.1
41
0.1
0
VERTEX
8
L4
10
60.90000000000002
20
61.2
42
1.0
0
VERTEX
8
L4
10
61.499999999999986
20
61.2
42
1.0
0
SEQEND
0
POLYLINE
8
L4
66
1
70
1
0
VERTEX
8
L4
10
-64.46966991411009
20
-64.46966991411009
40
0.08
41
0.08
0
VERTEX
8
L4
10
-65.53033008588991
20
-65.53033008588991
40
0.08
41
0.08
0
SEQEND
0
POLYLINE
8
L4
66
1
70
1
0
VERTEX
8
L4
10
-64.46966991411009
20
-65.53033008588991
40
0.08
41
0.08
0
VERTEX
8
L4
10
-65.53033008588991
20
-64.46966991411009
40
0.08
41
0.08
0
SEQEND
0
POLYLINE
8
L4
66
1
70
1
0
VERTEX
8
L4
10
-64.46966991411009
20
65.53033008588993
40
0.08
41
0.08
0
VERTEX
8
L4
10
-65.53033008588991
20
64.4696699141101
40
0.08
41
0.08
0
SEQEND
0
POLYLINE
8
L4
66
1
70
1
0
VERTEX
8
L4
10
-64.46966991411009
20
64.4696699141101
40
0.08
41
0.08
0
VERTEX
8
L4
10
-65.53033008588991
20
65.53033008588993
40
0.08
41
0.08
0
SEQEND
0
POLYLINE
8
L4
66
1
70
1
0
VERTEX
8
L4
10
65.53033008588993
20
65.53033008588993
40
0.08
41
0.08
0
VERTEX
8
L4
10
64.4696699141101
20
64.4696699141101
40
0.08
41
0.08
0
SEQEND
0
POLYLINE
8
L4
66
1
70
1
0
VERTEX
8
L4
10
65.53033008588993
20
64.4696699141101
40
0.08
41
0.08
0
VERTEX
8
L4
10
64.4696699141101
20
65.53033008588993
40
0.08
41
0.08
0
SEQEND
0
POLYLINE
8
L4
66
1
70
1
0
VERTEX
8
L4
10
65.74999999999999
20
-65.0
40
0.08
41
0.08
0
VERTEX
8
L4
10
64.24999999999999
20
-65.0
40
0.08
41
0.08
0
SEQEND
0
POLYLINE
8
L4
66
1
70
1
0
VERTEX
8
L4
10
64.99999999999999
20
-64.25
40
0.08
41
0.08
0
VERTEX
8
L4
10
64.99999999999999
20
-65.75
40
0.08
41
0.08
0
SEQEND
0
POLYLINE
8
L4
66
1
70
1
0
VERTEX
8
L4
10
-53.89221556886228
20
-61.2
40
0.08
41
0.08
0
VERTEX
8
L4
10
-53.89221556886228
20
-64.2
40
0.08
41
0.08
0
SEQEND
0
POLYLINE
8
L4
66
1
70
1
0
VERTEX
8
L4
10
-53.89221556886228
20
61.2
40
0.08
41
0.08
0
VERTEX
8
L4
10
-53.89221556886228
20
64.2
40
0.08
41
0.08
0
SEQEND
0
POLYLINE
8
L4
66
1
70
1
0
VERTEX
8
L4
10
-43.11377245508983
20
-61.2
40
0.08
41
0.08
0
VERTEX
8
L4
10
-43.11377245508983
20
-64.2
40
0.08
41
0.08
0
SEQEND
0
POLYLINE
8
L4
66
1
70
1
0
VERTEX
8
L4
10
-43.11377245508983
20
61.2
40
0.08
41
0.08
0
VERTEX
8
L4
10
-43.11377245508983
20
64.2
40
0.08
41
0.08
0
SEQEND
0
POLYLINE
8
L4
66
1
70
1
0
VERTEX
8
L4
10
-32.33532934131736
20
-61.2
40
0.08
41
0.08
0
VERTEX
8
L4
10
-32.33532934131736
20
-64.2
40
0.08
41
0.08
0
SEQEND
0
POLYLINE
8
L4
66
1
70
1
0
VERTEX
8
L4
10
-32.33532934131736
20
61.2
40
0.08
41
0.08
0
VERTEX
8
L4
10
-32.33532934131736
20
64.2
40
0.08
41
0.08
0
SEQEND
0
POLYLINE
8
L4
66
1
70
1
0
VERTEX
8
L4
10
-21.556886227544908
20
-61.2
40
0.08
41
0.08
0
VERTEX
8
L4
10
-21.556886227544908
20
-64.2
40
0.08
41
0.08
0
SEQEND
0
POLYLINE
8
L4
66
1
70
1
0
VERTEX
8
L4
10
-21.556886227544908
20
61.2
40
0.08
41
0.08
0
VERTEX
8
L4
10
-21.556886227544908
20
64.2
40
0.08
41
0.08
0
SEQEND
0
POLYLINE
8
L4
66
1
70
1
0
VERTEX
8
L4
10
-10.778443113772454
20
-61.2
40
0.08
41
0.08
0
VERTEX
8
L4
10
-10.778443113772454
20
-64.2
40
0.08
41
0.08
0
SEQEND
0
POLYLINE
8
L4
66
1
70
1
0
VERTEX
8
L4
10
-10.778443113772454
20
61.2
40
0.08
41
0.08
0
VERTEX
8
L4
10
-10.778443113772454
20
64.2
40
0.08
41
0.08
0
SEQEND
0
POLYLINE
8
L4
66
1
70
1
0
VERTEX
8
L4
10
0.0
20
-61.2
40
0.08
41
0.08
0
VERTEX
8
L4
10
0.0
20
-64.2
40
0.08
41
0.08
0
SEQEND
0
POLYLINE
8
L4
66
1
70
1
0
VERTEX
8
L4
10
0.0
20
61.2
40
0.08
41
0.08
0
VERTEX
8
L4
10
0.0
20
64.2
40
0.08
41
0.08
0
SEQEND
0
POLYLINE
8
L4
66
1
70
1
0
VERTEX
8
L4
10
10.778443113772468
20
-61.2
40
0.08
41
0.08
0
VERTEX
8
L4
10
10.778443113772468
20
-64.2
40
0.08
41
0.08
0
SEQEND
0
POLYLINE
8
L4
66
1
70
1
0
VERTEX
8
L4
10
10.778443113772468
20
61.2
40
0.08
41
0.08
0
VERTEX
8
L4
10
10.778443113772468
20
64.2
40
0.08
41
0.08
0
SEQEND
0
POLYLINE
8
L4
66
1
70
1
0
VERTEX
8
L4
10
21.556886227544922
20
-61.2
40
0.08
41
0.08
0
VERTEX
8
L4
10
21.556886227544922
20
-64.2
40
0.08
41
0.08
0
SEQEND
0
POLYLINE
8
L4
66
1
70
1
0
VERTEX
8
L4
10
21.556886227544922
20
61.2
40
0.08
41
0.08
0
VERTEX
8
L4
10
21.556886227544922
20
64.2
40
0.08
41
0.08
0
SEQEND
0
POLYLINE
8
L4
66
1
70
1
0
VERTEX
8
L4
10
32.335329341317376
20
-61.2
40
0.08
41
0.08
0
VERTEX
8
L4
10
32.335329341317376
20
-64.2
40
0.08
41
0.08
0
SEQEND
0
POLYLINE
8
L4
66
1
70
1
0
VERTEX
8
L4
10
32.335329341317376
20
61.2
40
0.08
41
0.08
0
VERTEX
8
L4
10
32.335329341317376
20
64.2
40
0.08
41
0.08
0
SEQEND
0
POLYLINE
8
L4
66
1
70
1
0
VERTEX
8
L4
10
43.11377245508983
20
-61.2
40
0.08
41
0.08
0
VERTEX
8
L4
10
43.11377245508983
20
-64.2
40
0.08
41
0.08
0
SEQEND
0
POLYLINE
8
L4
66
1
70
1
0
VERTEX
8
L4
10
43.11377245508983
20
61.2
40
0.08
41
0.08
0
VERTEX
8
L4
10
43.11377245508983
20
64.2
40
0.08
41
0.08
0
SEQEND
0
POLYLINE
8
L4
66
1
70
1
0
VERTEX
8
L4
10
53.892215568862284
20
-61.2
40
0.08
41
0.08
0
VERTEX
8
L4
10
53.892215568862284
20
-64.2
40
0.08
41
0.08
0
SEQEND
0
POLYLINE
8
L4
66
1
70
1
0
VERTEX
8
L4
10
53.892215568862284
20
61.2
40
0.08
41
0.08
0
VERTEX
8
L4
10
53.892215568862284
20
64.2
40
0.08
41
0.08
0
SEQEND
0
POLYLINE
8
L4
66
1
70
1
0
VERTEX
8
L4
10
-61.2
20
-57.485029940119766
40
0.08
41
0.08
0
VERTEX
8
L4
10
-64.2
20
-57.485029940119766
40
0.08
41
0.08
0
SEQEND
0
POLYLINE
8
L4
66
1
70
1
0
VERTEX
8
L4
10
61.2
20
-57.485029940119766
40
0.08
41
0.08
0
VERTEX
8
L4
10
64.2
20
-57.485029940119766
40
0.08
41
0.08
0
SEQEND
0
POLYLINE
8
L4
66
1
70
1
0
VERTEX
8
L4
10
-61.2
20
-52.69461077844312
40
0.08
41
0.08
0
VERTEX
8
L4
10
-64.2
20
-52.69461077844312
40
0.08
41
0.08
0
SEQEND
0
POLYLINE
8
L4
66
1
70
1
0
VERTEX
8
L4
10
61.2
20
-52.69461077844312
40
0.08
41
0.08
0
VERTEX
8
L4
10
64.2
20
-52.69461077844312
40
0.08
41
0.08
0
SEQEND
0
POLYLINE
8
L4
66
1
70
1
0
VERTEX
8
L4
10
-61.2
20
-47.90419161676647
40
0.08
41
0.08
0
VERTEX
8
L4
10
-64.2
20
-47.90419161676647
40
0.08
41
0.08
0
SEQEND
0
POLYLINE
8
L4
66
1
70
1
0
VERTEX
8
L4
10
61.2
20
-47.90419161676647
40
0.08
41
0.08
0
VERTEX
8
L4
10
64.2
20
-47.90419161676647
40
0.08
41
0.08
0
SEQEND
0
POLYLINE
8
L4
66
1
70
1
0
VERTEX
8
L4
10
-61.2
20
-43.11377245508983
40
0.08
41
0.08
0
VERTEX
8
L4
10
-64.2
20
-43.11377245508983
40
0.08
41
0.08
0
SEQEND
0
POLYLINE
8
L4
66
1
70
1
0
VERTEX
8
L4
10
61.2
20
-43.11377245508983
40
0.08
41
0.08
0
VERTEX
8
L4
10
64.2
20
-43.11377245508983
40
0.08
41
0.08
0
SEQEND
0
POLYLINE
8
L4
66
1
70
1
0
VERTEX
8
L4
10
-61.2
20
-38.32335329341318
40
0.08
41
0.08
0
VERTEX
8
L4
10
-64.2
20
-38.32335329341318
40
0.08
41
0.08
0
SEQEND
0
POLYLINE
8
L4
66
1
70
1
0
VERTEX
8
L4
10
61.2
20
-38.32335329341318
40
0.08
41
0.08
0
VERTEX
8
L4
10
64.2
20
-38.32335329341318
40
0.08
41
0.08
0
SEQEND
0
POLYLINE
8
L4
66
1
70
1
0
VERTEX
8
L4
10
-61.2
20
-33.532934131736525
40
0.08
41
0.08
0
VERTEX
8
L4
10
-64.2
20
-33.532934131736525
40
0.08
41
0.08
0
SEQEND
0
POLYLINE
8
L4
66
1
70
1
0
VERTEX
8
L4
10
61.2
20
-33.532934131736525
40
0.08
41
0.08
0
VERTEX
8
L4
10
64.2
20
-33.532934131736525
40
0.08
41
0.08
0
SEQEND
0
POLYLINE
8
L4
66
1
70
1
0
VERTEX
8
L4
10
-61.2
20
-28.742514970059887
40
0.08
41
0.08
0
VERTEX
8
L4
10
-64.2
20
-28.742514970059887
40
0.08
41
0.08
0
SEQEND
0
POLYLINE
8
L4
66
1
70
1
0
VERTEX
8
L4
10
61.2
20
-28.742514970059887
40
0.08
41
0.08
0
VERTEX
8
L4
10
64.2
20
-28.742514970059887
40
0.08
41
0.08
0
SEQEND
0
POLYLINE
8
L4
66
1
70
1
0
VERTEX
8
L4
10
-61.2
20
-23.952095808383234
40
0.08
41
0.08
0
VERTEX
8
L4
10
-64.2
20
-23.952095808383234
40
0.08
41
0.08
0
SEQEND
0
POLYLINE
8
L4
66
1
70
1
0
VERTEX
8
L4
10
61.2
20
-23.952095808383234
40
0.08
41
0.08
0
VERTEX
8
L4
10
64.2
20
-23.952095808383234
40
0.08
41
0.08
0
SEQEND
0
POLYLINE
8
L4
66
1
70
1
0
VERTEX
8
L4
10
-61.2
20
-19.161676646706596
40
0.08
41
0.08
0
VERTEX
8
L4
10
-64.2
20
-19.161676646706596
40
0.08
41
0.08
0
SEQEND
0
POLYLINE
8
L4
66
1
70
1
0
VERTEX
8
L4
10
61.2
20
-19.161676646706596
40
0.08
41
0.08
0
VERTEX
8
L4
10
64.2
20
-19.161676646706596
40
0.08
41
0.08
0
SEQEND
0
POLYLINE
8
L4
66
1
70
1
0
VERTEX
8
L4
10
-61.2
20
-14.371257485029943
40
0.08
41
0.08
0
VERTEX
8
L4
10
-64.2
20
-14.371257485029943
40
0.08
41
0.08
0
SEQEND
0
POLYLINE
8
L4
66
1
70
1
0
VERTEX
8
L4
10
61.2
20
-14.371257485029943
40
0.08
41
0.08
0
VERTEX
8
L4
10
64.2
20
-14.371257485029943
40
0.08
41
0.08
0
SEQEND
0
POLYLINE
8
L4
66
1
70
1
0
VERTEX
8
L4
10
-61.2
20
-9.58083832335329
40
0.08
41
0.08
0
VERTEX
8
L4
10
-64.2
20
-9.58083832335329
40
0.08
41
0.08
0
SEQEND
0
POLYLINE
8
L4
66
1
70
1
0
VERTEX
8
L4
10
61.2
20
-9.58083832335329
40
0.08
41
0.08
0
VERTEX
8
L4
10
64.2
20
-9.58083832335329
40
0.08
41
0.08
0
SEQEND
0
POLYLINE
8
L4
66
1
70
1
0
VERTEX
8
L4
10
-61.2
20
-4.790419161676638
40
0.08
41
0.08
0
VERTEX
8
L4
10
-64.2
20
-4.790419161676638
40
0.08
41
0.08
0
SEQEND
0
POLYLINE
8
L4
66
1
70
1
0
VERTEX
8
L4
10
61.2
20
-4.790419161676638
40
0.08
41
0.08
0
VERTEX
8
L4
10
64.2
20
-4.790419161676638
40
0.08
41
0.08
0
SEQEND
0
POLYLINE
8
L4
66
1
70
1
0
VERTEX
8
L4
10
-61.2
20
0.0
40
0.08
41
0.08
0
VERTEX
8
L4
10
-64.2
20
0.0
40
0.08
41
0.08
0
SEQEND
0
POLYLINE
8
L4
66
1
70
1
0
VERTEX
8
L4
10
61.2
20
0.0
40
0.08
41
0.08
0
VERTEX
8
L4
10
64.2
20
0.0
40
0.08
41
0.08
0
SEQEND
0
POLYLINE
8
L4
66
1
70
1
0
VERTEX
8
L4
10
-61.2
20
4.790419161676638
40
0.08
41
0.08
0
VERTEX
8
L4
10
-64.2
20
4.790419161676638
40
0.08
41
0.08
0
SEQEND
0
POLYLINE
8
L4
66
1
70
1
0
VERTEX
8
L4
10
61.2
20
4.790419161676638
40
0.08
41
0.08
0
VERTEX
8
L4
10
64.2
20
4.790419161676638
40
0.08
41
0.08
0
SEQEND
0
POLYLINE
8
L4
66
1
70
1
0
VERTEX
8
L4
10
-61.2
20
9.58083832335329
40
0.08
41
0.08
0
VERTEX
8
L4
10
-64.2
20
9.58083832335329
40
0.08
41
0.08
0
SEQEND
0
POLYLINE
8
L4
66
1
70
1
0
VERTEX
8
L4
10
61.2
20
9.58083832335329
40
0.08
41
0.08
0
VERTEX
8
L4
10
64.2
20
9.58083832335329
40
0.08
41
0.08
0
SEQEND
0
POLYLINE
8
L4
66
1
70
1
0
VERTEX
8
L4
10
-61.2
20
14.371257485029943
40
0.08
41
0.08
0
VERTEX
8
L4
10
-64.2
20
14.371257485029943
40
0.08
41
0.08
0
SEQEND
0
POLYLINE
8
L4
66
1
70
1
0
VERTEX
8
L4
10
61.2
20
14.371257485029943
40
0.08
41
0.08
0
VERTEX
8
L4
10
64.2
20
14.371257485029943
40
0.08
41
0.08
0
SEQEND
0
POLYLINE
8
L4
66
1
70
1
0
VERTEX
8
L4
10
-61.2
20
19.161676646706596
40
0.08
41
0.08
0
VERTEX
8
L4
10
-64.2
20
19.161676646706596
40
0.08
41
0.08
0
SEQEND
0
POLYLINE
8
L4
66
1
70
1
0
VERTEX
8
L4
10
61.2
20
19.161676646706596
40
0.08
41
0.08
0
VERTEX
8
L4
10
64.2
20
19.161676646706596
40
0.08
41
0.08
0
SEQEND
0
POLYLINE
8
L4
66
1
70
1
0
VERTEX
8
L4
10
-61.2
20
23.95209580838325
40
0.08
41
0.08
0
VERTEX
8
L4
10
-64.2
20
23.95209580838325
40
0.08
41
0.08
0
SEQEND
0
POLYLINE
8
L4
66
1
70
1
0
VERTEX
8
L4
10
61.2
20
23.95209580838325
40
0.08
41
0.08
0
VERTEX
8
L4
10
64.2
20
23.95209580838325
40
0.08
41
0.08
0
SEQEND
0
POLYLINE
8
L4
66
1
70
1
0
VERTEX
8
L4
10
-61.2
20
28.742514970059872
40
0.08
41
0.08
0
VERTEX
8
L4
10
-64.2
20
28.742514970059872
40
0.08
41
0.08
0
SEQEND
0
POLYLINE
8
L4
66
1
70
1
0
VERTEX
8
L4
10
61.2
20
28.742514970059872
40
0.08
41
0.08
0
VERTEX
8
L4
10
64.2
20
28.742514970059872
40
0.08
41
0.08
0
SEQEND
0
POLYLINE
8
L4
66
1
70
1
0
VERTEX
8
L4
10
-61.2
20
33.532934131736525
40
0.08
41
0.08
0
VERTEX
8
L4
10
-64.2
20
33.532934131736525
40
0.08
41
0.08
0
SEQEND
0
POLYLINE
8
L4
66
1
70
1
0
VERTEX
8
L4
10
61.2
20
33.532934131736525
40
0.08
41
0.08
0
VERTEX
8
L4
10
64.2
20
33.532934131736525
40
0.08
41
0.08
0
SEQEND
0
POLYLINE
8
L4
66
1
70
1
0
VERTEX
8
L4
10
-61.2
20
38.32335329341318
40
0.08
41
0.08
0
VERTEX
8
L4
10
-64.2
20
38.32335329341318
40
0.08
41
0.08
0
SEQEND
0
POLYLINE
8
L4
66
1
70
1
0
VERTEX
8
L4
10
61.2
20
38.32335329341318
40
0.08
41
0.08
0
VERTEX
8
L4
10
64.2
20
38.32335329341318
40
0.08
41
0.08
0
SEQEND
0
POLYLINE
8
L4
66
1
70
1
0
VERTEX
8
L4
10
-61.2
20
43.11377245508983
40
0.08
41
0.08
0
VERTEX
8
L4
10
-64.2
20
43.11377245508983
40
0.08
41
0.08
0
SEQEND
0
POLYLINE
8
L4
66
1
70
1
0
VERTEX
8
L4
10
61.2
20
43.11377245508983
40
0.08
41
0.08
0
VERTEX
8
L4
10
64.2
20
43.11377245508983
40
0.08
41
0.08
0
SEQEND
0
POLYLINE
8
L4
66
1
70
1
0
VERTEX
8
L4
10
-61.2
20
47.90419161676648
40
0.08
41
0.08
0
VERTEX
8
L4
10
-64.2
20
47.90419161676648
40
0.08
41
0.08
0
SEQEND
0
POLYLINE
8
L4
66
1
70
1
0
VERTEX
8
L4
10
61.2
20
47.90419161676648
40
0.08
41
0.08
0
VERTEX
8
L4
10
64.2
20
47.90419161676648
40
0.08
41
0.08
0
SEQEND
0
POLYLINE
8
L4
66
1
70
1
0
VERTEX
8
L4
10
-61.2
20
52.694610778443106
40
0.08
41
0.08
0
VERTEX
8
L4
10
-64.2
20
52.694610778443106
40
0.08
41
0.08
0
SEQEND
0
POLYLINE
8
L4
66
1
70
1
0
VERTEX
8
L4
10
61.2
20
52.694610778443106
40
0.08
41
0.08
0
VERTEX
8
L4
10
64.2
20
52.694610778443106
40
0.08
41
0.08
0
SEQEND
0
POLYLINE
8
L4
66
1
70
1
0
VERTEX
8
L4
10
-61.2
20
57.48502994011976
40
0.08
41
0.08
0
VERTEX
8
L4
10
-64.2
20
57.48502994011976
40
0.08
41
0.08
0
SEQEND
0
POLYLINE
8
L4
66
1
70
1
0
VERTEX
8
L4
10
61.2
20
57.48502994011976
40
0.08
41
0.08
0
VERTEX
8
L4
10
64.2
20
57.48502994011976
40
0.08
41
0.08
0
SEQEND
0
INSERT
2
cutlineendpoint
8
L4
10
-64.46966991411009
20
-64.46966991411009
0
INSERT
2
cutlineendpoint
8
L4
10
-65.53033008588991
20
-65.53033008588991
0
INSERT
2
cutlineendpoint
8
L4
10
-64.46966991411009
20
-65.53033008588991
0
INSERT
2
cutlineendpoint
8
L4
10
-65.53033008588991
20
-64.46966991411009
0
INSERT
2
cutlineendpoint
8
L4
10
-64.46966991411009
20
65.53033008588993
0
INSERT
2
cutlineendpoint
8
L4
10
-65.53033008588991
20
64.4696699141101
0
INSERT
2
cutlineendpoint
8
L4
10
-64.46966991411009
20
64.4696699141101
0
INSERT
2
cutlineendpoint
8
L4
10
-65.53033008588991
20
65.53033008588993
0
INSERT
2
cutlineendpoint
8
L4
10
65.53033008588993
20
65.53033008588993
0
INSERT
2
cutlineendpoint
8
L4
10
64.4696699141101
20
64.4696699141101
0
INSERT
2
cutlineendpoint
8
L4
10
65.53033008588993
20
64.4696699141101
0
INSERT
2
cutlineendpoint
8
L4
10
64.4696699141101
20
65.53033008588993
0
INSERT
2
cutlineendpoint
8
L4
10
65.74999999999999
20
-65.0
0
INSERT
2
cutlineendpoint
8
L4
10
64.24999999999999
20
-65.0
0
INSERT
2
cutlineendpoint
8
L4
10
64.99999999999999
20
-64.25
0
INSERT
2
cutlineendpoint
8
L4
10
64.99999999999999
20
-65.75
0
INSERT
2
cutlineendpoint
8
L4
10
-53.89221556886228
20
-61.2
0
INSERT
2
cutlineendpoint
8
L4
10
-53.89221556886228
20
61.2
0
INSERT
2
cutlineendpoint
8
L4
10
-53.89221556886228
20
-64.2
0
INSERT
2
cutlineendpoint
8
L4
10
-53.89221556886228
20
64.2
0
INSERT
2
cutlineendpoint
8
L4
10
-43.11377245508983
20
-61.2
0
INSERT
2
cutlineendpoint
8
L4
10
-43.11377245508983
20
61.2
0
INSERT
2
cutlineendpoint
8
L4
10
-43.11377245508983
20
-64.2
0
INSERT
2
cutlineendpoint
8
L4
10
-43.11377245508983
20
64.2
0
INSERT
2
cutlineendpoint
8
L4
10
-32.33532934131736
20
-61.2
0
INSERT
2
cutlineendpoint
8
L4
10
-32.33532934131736
20
61.2
0
INSERT
2
cutlineendpoint
8
L4
10
-32.33532934131736
20
-64.2
0
INSERT
2
cutlineendpoint
8
L4
10
-32.33532934131736
20
64.2
0
INSERT
2
cutlineendpoint
8
L4
10
-21.556886227544908
20
-61.2
0
INSERT
2
cutlineendpoint
8
L4
10
-21.556886227544908
20
61.2
0
INSERT
2
cutlineendpoint
8
L4
10
-21.556886227544908
20
-64.2
0
INSERT
2
cutlineendpoint
8
L4
10
-21.556886227544908
20
64.2
0
INSERT
2
cutlineendpoint
8
L4
10
-10.778443113772454
20
-61.2
0
INSERT
2
cutlineendpoint
8
L4
10
-10.778443113772454
20
61.2
0
INSERT
2
cutlineendpoint
8
L4
10
-10.778443113772454
20
-64.2
0
INSERT
2
cutlineendpoint
8
L4
10
-10.778443113772454
20
64.2
0
INSERT
2
cutlineendpoint
8
L4
10
0.0
20
-61.2
0
INSERT
2
cutlineendpoint
8
L4
10
0.0
20
61.2
0
INSERT
2
cutlineendpoint
8
L4
10
0.0
20
-64.2
0
INSERT
2
cutlineendpoint
8
L4
10
0.0
20
64.2
0
INSERT
2
cutlineendpoint
8
L4
10
10.778443113772468
20
-61.2
0
INSERT
2
cutlineendpoint
8
L4
10
10.778443113772468
20
61.2
0
INSERT
2
cutlineendpoint
8
L4
10
10.778443113772468
20
-64.2
0
INSERT
2
cutlineendpoint
8
L4
10
10.778443113772468
20
64.2
0
INSERT
2
cutlineendpoint
8
L4
10
21.556886227544922
20
-61.2
0
INSERT
2
cutlineendpoint
8
L4
10
21.556886227544922
20
61.2
0
INSERT
2
cutlineendpoint
8
L4
10
21.556886227544922
20
-64.2
0
INSERT
2
cutlineendpoint
8
L4
10
21.556886227544922
20
64.2
0
INSERT
2
cutlineendpoint
8
L4
10
32.335329341317376
20
-61.2
0
INSERT
2
cutlineendpoint
8
L4
10
32.335329341317376
20
61.2
0
INSERT
2
cutlineendpoint
8
L4
10
32.335329341317376
20
-64.2
0
INSERT
2
cutlineendpoint
8
L4
10
32.335329341317376
20
64.2
0
INSERT
2
cutlineendpoint
8
L4
10
43.11377245508983
20
-61.2
0
INSERT
2
cutlineendpoint
8
L4
10
43.11377245508983
20
61.2
0
INSERT
2
cutlineendpoint
8
L4
10
43.11377245508983
20
-64.2
0
INSERT
2
cutlineendpoint
8
L4
10
43.11377245508983
20
64.2
0
INSERT
2
cutlineendpoint
8
L4
10
53.892215568862284
20
-61.2
0
INSERT
2
cutlineendpoint
8
L4
10
53.892215568862284
20
61.2
0
INSERT
2
cutlineendpoint
8
L4
10
53.892215568862284
20
-64.2
0
INSERT
2
cutlineendpoint
8
L4
10
53.892215568862284
20
64.2
0
INSERT
2
cutlineendpoint
8
L4
10
-61.2
20
-57.485029940119766
0
INSERT
2
cutlineendpoint
8
L4
10
61.2
20
-57.485029940119766
0
INSERT
2
cutlineendpoint
8
L4
10
-64.2
20
-57.485029940119766
0
INSERT
2
cutlineendpoint
8
L4
10
64.2
20
-57.485029940119766
0
INSERT
2
cutlineendpoint
8
L4
10
-61.2
20
-52.69461077844312
0
INSERT
2
cutlineendpoint
8
L4
10
61.2
20
-52.69461077844312
0
INSERT
2
cutlineendpoint
8
L4
10
-64.2
20
-52.69461077844312
0
INSERT
2
cutlineendpoint
8
L4
10
64.2
20
-52.69461077844312
0
INSERT
2
cutlineendpoint
8
L4
10
-61.2
20
-47.90419161676647
0
INSERT
2
cutlineendpoint
8
L4
10
61.2
20
-47.90419161676647
0
INSERT
2
cutlineendpoint
8
L4
10
-64.2
20
-47.90419161676647
0
INSERT
2
cutlineendpoint
8
L4
10
64.2
20
-47.90419161676647
0
INSERT
2
cutlineendpoint
8
L4
10
-61.2
20
-43.11377245508983
0
INSERT
2
cutlineendpoint
8
L4
10
61.2
20
-43.11377245508983
0
INSERT
2
cutlineendpoint
8
L4
10
-64.2
20
-43.11377245508983
0
INSERT
2
cutlineendpoint
8
L4
10
64.2
20
-43.11377245508983
0
INSERT
2
cutlineendpoint
8
L4
10
-61.2
20
-38.32335329341318
0
INSERT
2
cutlineendpoint
8
L4
10
61.2
20
-38.32335329341318
0
INSERT
2
cutlineendpoint
8
L4
10
-64.2
20
-38.32335329341318
0
INSERT
2
cutlineendpoint
8
L4
10
64.2
20
-38.32335329341318
0
INSERT
2
cutlineendpoint
8
L4
10
-61.2
20
-33.532934131736525
0
INSERT
2
cutlineendpoint
8
L4
10
61.2
20
-33.532934131736525
0
INSERT
2
cutlineendpoint
8
L4
10
-64.2
20
-33.532934131736525
0
INSERT
2
cutlineendpoint
8
L4
10
64.2
20
-33.532934131736525
0
INSERT
2
cutlineendpoint
8
L4
10
-61.2
20
-28.742514970059887
0
INSERT
2
cutlineendpoint
8
L4
10
61.2
20
-28.742514970059887
0
INSERT
2
cutlineendpoint
8
L4
10
-64.2
20
-28.742514970059887
0
INSERT
2
cutlineendpoint
8
L4
10
64.2
20
-28.742514970059887
0
INSERT
2
cutlineendpoint
8
L4
10
-61.2
20
-23.952095808383234
0
INSERT
2
cutlineendpoint
8
L4
10
61.2
20
-23.952095808383234
0
INSERT
2
cutlineendpoint
8
L4
10
-64.2
20
-23.952095808383234
0
INSERT
2
cutlineendpoint
8
L4
10
64.2
20
-23.952095808383234
0
INSERT
2
cutlineendpoint
8
L4
10
-61.2
20
-19.161676646706596
0
INSERT
2
cutlineendpoint
8
L4
10
61.2
20
-19.161676646706596
0
INSERT
2
cutlineendpoint
8
L4
10
-64.2
20
-19.161676646706596
0
INSERT
2
cutlineendpoint
8
L4
10
64.2
20
-19.161676646706596
0
INSERT
2
cutlineendpoint
8
L4
10
-61.2
20
-14.371257485029943
0
INSERT
2
cutlineendpoint
8
L4
10
61.2
20
-14.371257485029943
0
INSERT
2
cutlineendpoint
8
L4
10
-64.2
20
-14.371257485029943
0
INSERT
2
cutlineendpoint
8
L4
10
64.2
20
-14.371257485029943
0
INSERT
2
cutlineendpoint
8
L4
10
-61.2
20
-9.58083832335329
0
INSERT
2
cutlineendpoint
8
L4
10
61.2
20
-9.58083832335329
0
INSERT
2
cutlineendpoint
8
L4
10
-64.2
20
-9.58083832335329
0
INSERT
2
cutlineendpoint
8
L4
10
64.2
20
-9.58083832335329
0
INSERT
2
cutlineendpoint
8
L4
10
-61.2
20
-4.790419161676638
0
INSERT
2
cutlineendpoint
8
L4
10
61.2
20
-4.790419161676638
0
INSERT
2
cutlineendpoint
8
L4
10
-64.2
20
-4.790419161676638
0
INSERT
2
cutlineendpoint
8
L4
10
64.2
20
-4.790419161676638
0
INSERT
2
cutlineendpoint
8
L4
10
-61.2
20
0.0
0
INSERT
2
cutlineendpoint
8
L4
10
61.2
20
0.0
0
INSERT
2
cutlineendpoint
8
L4
10
-64.2
20
0.0
0
INSERT
2
cutlineendpoint
8
L4
10
64.2
20
0.0
0
INSERT
2
cutlineendpoint
8
L4
10
-61.2
20
4.790419161676638
0
INSERT
2
cutlineendpoint
8
L4
10
61.2
20
4.790419161676638
0
INSERT
2
cutlineendpoint
8
L4
10
-64.2
20
4.790419161676638
0
INSERT
2
cutlineendpoint
8
L4
10
64.2
20
4.790419161676638
0
INSERT
2
cutlineendpoint
8
L4
10
-61.2
20
9.58083832335329
0
INSERT
2
cutlineendpoint
8
L4
10
61.2
20
9.58083832335329
0
INSERT
2
cutlineendpoint
8
L4
10
-64.2
20
9.58083832335329
0
INSERT
2
cutlineendpoint
8
L4
10
64.2
20
9.58083832335329
0
INSERT
2
cutlineendpoint
8
L4
10
-61.2
20
14.371257485029943
0
INSERT
2
cutlineendpoint
8
L4
10
61.2
20
14.371257485029943
0
INSERT
2
cutlineendpoint
8
L4
10
-64.2
20
14.371257485029943
0
INSERT
2
cutlineendpoint
8
L4
10
64.2
20
14.371257485029943
0
INSERT
2
cutlineendpoint
8
L4
10
-61.2
20
19.161676646706596
0
INSERT
2
cutlineendpoint
8
L4
10
61.2
20
19.161676646706596
0
INSERT
2
cutlineendpoint
8
L4
10
-64.2
20
19.161676646706596
0
INSERT
2
cutlineendpoint
8
L4
10
64.2
20
19.161676646706596
0
INSERT
2
cutlineendpoint
8
L4
10
-61.2
20
23.95209580838325
0
INSERT
2
cutlineendpoint
8
L4
10
61.2
20
23.95209580838325
0
INSERT
2
cutlineendpoint
8
L4
10
-64.2
20
23.95209580838325
0
INSERT
2
cutlineendpoint
8
L4
10
64.2
20
23.95209580838325
0
INSERT
2
cutlineendpoint
8
L4
10
-61.2
20
28.742514970059872
0
INSERT
2
cutlineendpoint
8
L4
10
61.2
20
28.742514970059872
0
INSERT
2
cutlineendpoint
8
L4
10
-64.2
20
28.742514970059872
0
INSERT
2
cutlineendpoint
8
L4
10
64.2
20
28.742514970059872
0
INSERT
2
cutlineendpoint
8
L4
10
-61.2
20
33.532934131736525
0
INSERT
2
cutlineendpoint
8
L4
10
61.2
20
33.532934131736525
0
INSERT
2
cutlineendpoint
8
L4
10
-64.2
20
33.532934131736525
0
INSERT
2
cutlineendpoint
8
L4
10
64.2
20
33.532934131736525
0
INSERT
2
cutlineendpoint
8
L4
10
-61.2
20
38.32335329341318
0
INSERT
2
cutlineendpoint
8
L4
10
61.2
20
38.32335329341318
0
INSERT
2
cutlineendpoint
8
L4
10
-64.2
20
38.32335329341318
0
INSERT
2
cutlineendpoint
8
L4
10
64.2
20
38.32335329341318
0
INSERT
2
cutlineendpoint
8
L4
10
-61.2
20
43.11377245508983
0
INSERT
2
cutlineendpoint
8
L4
10
61.2
20
43.11377245508983
0
INSERT
2
cutlineendpoint
8
L4
10
-64.2
20
43.11377245508983
0
INSERT
2
cutlineendpoint
8
L4
10
64.2
20
43.11377245508983
0
INSERT
2
cutlineendpoint
8
L4
10
-61.2
20
47.90419161676648
0
INSERT
2
cutlineendpoint
8
L4
10
61.2
20
47.90419161676648
0
INSERT
2
cutlineendpoint
8
L4
10
-64.2
20
47.90419161676648
0
INSERT
2
cutlineendpoint
8
L4
10
64.2
20
47.90419161676648
0
INSERT
2
cutlineendpoint
8
L4
10
-61.2
20
52.694610778443106
0
INSERT
2
cutlineendpoint
8
L4
10
61.2
20
52.694610778443106
0
INSERT
2
cutlineendpoint
8
L4
10
-64.2
20
52.694610778443106
0
INSERT
2
cutlineendpoint
8
L4
10
64.2
20
52.694610778443106
0
INSERT
2
cutlineendpoint
8
L4
10
-61.2
20
57.48502994011976
0
INSERT
2
cutlineendpoint
8
L4
10
61.2
20
57.48502994011976
0
INSERT
2
cutlineendpoint
8
L4
10
-64.2
20
57.48502994011976
0
INSERT
2
cutlineendpoint
8
L4
10
64.2
20
57.48502994011976
0
TEXT
8
L4
10
-10.5
20
69.7
40
1.5
1
XFL94-0512-011-L4
0
POLYLINE
8
L4
66
1
70
1
0
VERTEX
8
L4
10
-100.0
20
100.0
30
0
40
1
41
1
0
VERTEX
8
L4
10
100.0
20
100.0
30
0
40
1
41
1
0
VERTEX
8
L4
10
100.0
20
-100.0
30
0
40
1
41
1
0
VERTEX
8
L4
10
-100.0
20
-100.0
30
0
40
1
41
1
0
SEQEND
0
ENDSEC
0
EOF
